[
{
"kids":[],
"uid":"511235314",
"parent":"zt03ZiQIE",
"text":"赶快删了你个SB，你乱发个锤子啊。日你嘛这是512的照片。你还敢造谣！.",
"mid":"zBQgkm4r6",
"date":"2013-06-17 14:45:46"
},
{
"kids":[],
"uid":"2919781144",
"parent":"zsZzVk0Ca",
"text":"",
"mid":"zvQ5vD6BH",
"date":"2013-05-09 03:17:20"
},
{
"kids":[],
"uid":"2804402160",
"parent":"zsZzVk0Ca",
"text":"",
"mid":"zvGYtjy37",
"date":"2013-05-08 04:05:16"
},
{
"kids":[],
"uid":"2804471710",
"parent":"zsZzVk0Ca",
"text":"",
"mid":"zvGYtjy1D",
"date":"2013-05-08 04:05:16"
},
{
"kids":[],
"uid":"1574499587",
"parent":"",
"text":"",
"mid":"zv4MIz55I",
"date":"2013-05-04 02:51:56"
},
{
"kids":[],
"uid":"2789647394",
"parent":"",
"text":"",
"mid":"zv0Vtrd6u",
"date":"2013-05-03 17:02:30"
},
{
"kids":[],
"uid":"3044844110",
"parent":"",
"text":"",
"mid":"zv0Vt9BRa",
"date":"2013-05-03 17:02:30"
},
{
"kids":[],
"uid":"2919635750",
"parent":"zsZIDtabS",
"text":"",
"mid":"zuWt6rwzK",
"date":"2013-05-03 05:41:38"
},
{
"kids":[],
"uid":"1589619347",
"parent":"zsZzVk0Ca",
"text":"",
"mid":"zuW0Fy4xv",
"date":"2013-05-03 04:31:35"
},
{
"kids":[],
"uid":"3043722640",
"parent":"zsZzVk0Ca",
"text":"",
"mid":"zuOXzmwV1",
"date":"2013-05-02 10:34:43"
},
{
"kids":[],
"uid":"1582783200",
"parent":"zsZzVk0Ca",
"text":"",
"mid":"zuOXzmwSC",
"date":"2013-05-02 10:34:42"
},
{
"kids":[],
"uid":"2920156560",
"parent":"zsZCj7dgB",
"text":"",
"mid":"zuMOWpMsV",
"date":"2013-05-02 05:07:58"
},
{
"kids":[],
"uid":"3045182920",
"parent":"zsZFOwxcw",
"text":"",
"mid":"zuMkGkzlx",
"date":"2013-05-02 03:53:25"
},
{
"kids":[],
"uid":"3045158652",
"parent":"zsZIDtabS",
"text":"",
"mid":"zuLi17NoE",
"date":"2013-05-02 01:14:05"
},
{
"kids":[],
"uid":"2920240200",
"parent":"zsZIDtabS",
"text":"",
"mid":"zuLi17yKh",
"date":"2013-05-02 01:14:06"
},
{
"kids":[],
"uid":"3045215312",
"parent":"zsZCj7dgB",
"text":"",
"mid":"zuFsNcpnZ",
"date":"2013-05-01 10:24:10"
},
{
"kids":[],
"uid":"2919872002",
"parent":"zsZCj7dgB",
"text":"",
"mid":"zuFsMz9B7",
"date":"2013-05-01 10:24:08"
},
{
"kids":[],
"uid":"2789827022",
"parent":"zsZzdhgi4",
"text":"",
"mid":"zuEg9tB0D",
"date":"2013-05-01 07:20:15"
},
{
"kids":[],
"uid":"1778334887",
"parent":"zsZzdhgi4",
"text":"",
"mid":"zuCsZ8Bps",
"date":"2013-05-01 02:46:23"
},
{
"kids":[],
"uid":"2810307054",
"parent":"zsZzdhgi4",
"text":"",
"mid":"zuCsYwXGJ",
"date":"2013-05-01 02:46:23"
},
{
"kids":[],
"uid":"2920514644",
"parent":"",
"text":"",
"mid":"zuCifElt6",
"date":"2013-05-01 02:19:58"
},
{
"kids":[],
"uid":"2920225024",
"parent":"",
"text":"",
"mid":"zutUyBJRx",
"date":"2013-04-30 04:59:36"
},
{
"kids":[],
"uid":"1574592023",
"parent":"",
"text":"",
"mid":"zutUylkk8",
"date":"2013-04-30 04:59:36"
},
{
"kids":[],
"uid":"1582701507",
"parent":"zsZIDtabS",
"text":"",
"mid":"zu26V4D4i",
"date":"2013-04-27 06:13:09"
},
{
"kids":[],
"uid":"2920403142",
"parent":"zsZzVk0Ca",
"text":"",
"mid":"zu1fE2VOK",
"date":"2013-04-27 04:01:53"
},
{
"kids":[],
"uid":"3044663104",
"parent":"zsZIDtabS",
"text":"",
"mid":"ztTx3k6sQ",
"date":"2013-04-26 08:22:48"
},
{
"kids":[],
"uid":"3043509242",
"parent":"zsZIDtabS",
"text":"",
"mid":"ztTx3iStq",
"date":"2013-04-26 08:22:48"
},
{
"kids":[],
"uid":"2920271344",
"parent":"zsZRv748j",
"text":"",
"mid":"ztRWR1Pqr",
"date":"2013-04-26 04:20:52"
},
{
"kids":[],
"uid":"1778292177",
"parent":"zsZCj7dgB",
"text":"",
"mid":"ztR6wtAN7",
"date":"2013-04-26 02:11:58"
},
{
"kids":[],
"uid":"2803041514",
"parent":"zsZzVk0Ca",
"text":"",
"mid":"ztQjhtoT3",
"date":"2013-04-26 00:10:39"
},
{
"kids":[],
"uid":"2919421192",
"parent":"zsZzVk0Ca",
"text":"",
"mid":"ztQjhtoPS",
"date":"2013-04-26 00:10:38"
},
{
"kids":[],
"uid":"2920573202",
"parent":"zsZRv748j",
"text":"",
"mid":"ztL8HdvFx",
"date":"2013-04-25 11:00:48"
},
{
"kids":[],
"uid":"3045202442",
"parent":"zsZRv748j",
"text":"",
"mid":"ztL8HdvCV",
"date":"2013-04-25 11:00:48"
},
{
"kids":[],
"uid":"2919751350",
"parent":"zsZCj7dgB",
"text":"",
"mid":"ztKL3hi1P",
"date":"2013-04-25 10:02:35"
},
{
"kids":[],
"uid":"2789720100",
"parent":"zsZCj7dgB",
"text":"",
"mid":"ztKL3gqCQ",
"date":"2013-04-25 10:02:35"
},
{
"kids":[],
"uid":"3207285950",
"parent":"zsZBl6gf5",
"text":"",
"mid":"ztA2k6whU",
"date":"2013-04-24 06:44:55"
},
{
"kids":[],
"uid":"3044059064",
"parent":"",
"text":"",
"mid":"ztpMCcoSr",
"date":"2013-04-23 04:38:44"
},
{
"kids":[],
"uid":"3212316000",
"parent":"zt1QFusjc",
"text":"",
"mid":"ztkEvBij1",
"date":"2013-04-22 15:35:02"
},
{
"kids":[],
"uid":"1891412181",
"parent":"zsZwzl65i",
"text":"",
"mid":"ztiJUxh8U",
"date":"2013-04-22 10:42:51"
},
{
"kids":[],
"uid":"3044152390",
"parent":"zsZW3k9YX",
"text":"",
"mid":"zthct1iDd",
"date":"2013-04-22 06:47:43"
},
{
"kids":[],
"uid":"2920188590",
"parent":"zsZW3k9YX",
"text":"",
"mid":"zthct1iCc",
"date":"2013-04-22 06:47:43"
},
{
"kids":[],
"uid":"3044001462",
"parent":"",
"text":"",
"mid":"ztfPYwrnJ",
"date":"2013-04-22 03:19:34"
},
{
"kids":[],
"uid":"3044845770",
"parent":"",
"text":"",
"mid":"ztfPYwrlN",
"date":"2013-04-22 03:19:34"
},
{
"kids":[],
"uid":"2809340812",
"parent":"",
"text":"",
"mid":"zteZcgq4B",
"date":"2013-04-22 01:09:31"
},
{
"kids":[],
"uid":"1943129145",
"parent":"",
"text":"[给力]",
"mid":"ztbk4CtjL",
"date":"2013-04-21 15:49:58"
},
{
"kids":[],
"uid":"1737935774",
"parent":"zsZKkmV2v",
"text":"不实",
"mid":"zt9NT4Yw8",
"date":"2013-04-21 11:57:55"
},
{
"kids":[],
"uid":"2628531211",
"parent":"zsZww3tJU",
"text":"",
"mid":"zt8bR28PO",
"date":"2013-04-21 07:51:28"
},
{
"kids":[],
"uid":"1589756913",
"parent":"",
"text":"",
"mid":"zt72cguEI",
"date":"2013-04-21 04:54:57"
},
{
"kids":[],
"uid":"1582736460",
"parent":"",
"text":"",
"mid":"zt72cguDt",
"date":"2013-04-21 04:54:57"
},
{
"kids":[],
"uid":"2789978752",
"parent":"zt0ejBeoS",
"text":"",
"mid":"zt6vg7ghx",
"date":"2013-04-21 03:33:48"
},
{
"kids":[],
"uid":"1776551512",
"parent":"zsZzVk0Ca",
"text":"",
"mid":"zt6kuAHu0",
"date":"2013-04-21 03:07:16"
},
{
"kids":[],
"uid":"1588400754",
"parent":"zsZE9sfmQ",
"text":"",
"mid":"zt5GwB7qf",
"date":"2013-04-21 01:28:48"
},
{
"kids":[],
"uid":"3043682152",
"parent":"zsZE9sfmQ",
"text":"",
"mid":"zt5Gwk42O",
"date":"2013-04-21 01:28:48"
},
{
"kids":[],
"uid":"1282875314",
"parent":"",
"text":"时间就是生命",
"mid":"zt4ksqWFV",
"date":"2013-04-20 22:01:42"
},
{
"kids":[],
"uid":"1423602997",
"parent":"",
"text":"",
"mid":"zt2JyDT8o",
"date":"2013-04-20 17:58:03"
},
{
"kids":[],
"uid":"2591429952",
"parent":"",
"text":"是啊 在公车上一直看关于雅安的信息 看到都想哭的 为他们很担忧",
"mid":"zt2Ga1ium",
"date":"2013-04-20 17:49:41"
},
{
"kids":[],
"uid":"2966713787",
"parent":"zsZCNxq4u",
"text":"",
"mid":"zt2uPzu2n",
"date":"2013-04-20 17:21:46"
},
{
"kids":[],
"uid":"3180529180",
"parent":"zsZuaCHnA",
"text":"",
"mid":"zt2bMeaki",
"date":"2013-04-20 16:34:47"
},
{
"kids":[],
"uid":"2149649697",
"parent":"",
"text":"",
"mid":"zt24GymWx",
"date":"2013-04-20 16:17:20"
},
{
"kids":[
"ztkEvBij1"
],
"uid":"2892608171",
"parent":"",
"text":"",
"mid":"zt1QFusjc",
"date":"2013-04-20 15:42:47"
},
{
"kids":[],
"uid":"2516038144",
"parent":"",
"text":"",
"mid":"zt1Q8oDjT",
"date":"2013-04-20 15:41:29"
},
{
"kids":[],
"uid":"2130764853",
"parent":"",
"text":"保佑[祈祷][祈祷]",
"mid":"zt1pFeOXN",
"date":"2013-04-20 14:36:17"
},
{
"kids":[],
"uid":"3168093043",
"parent":"",
"text":"保佑啊。。。",
"mid":"zt1mVC9pE",
"date":"2013-04-20 14:29:32"
},
{
"kids":[],
"uid":"2833548447",
"parent":"zsZDdw7Zo",
"text":"",
"mid":"zt1lM6lLn",
"date":"2013-04-20 14:26:42"
},
{
"kids":[],
"uid":"2375778840",
"parent":"zsZW4tOZ8",
"text":"",
"mid":"zt1iCcSBO",
"date":"2013-04-20 14:18:56"
},
{
"kids":[],
"uid":"veini",
"parent":"",
"text":"",
"mid":"zt1fdcQTY",
"date":"2013-04-20 14:10:33"
},
{
"kids":[],
"uid":"2250528935",
"parent":"zsZOr5Xkc",
"text":"",
"mid":"zt1cbgVBy",
"date":"2013-04-20 14:03:04"
},
{
"kids":[],
"uid":"2530360562",
"parent":"",
"text":"",
"mid":"zt199DGYG",
"date":"2013-04-20 13:55:36"
},
{
"kids":[],
"uid":"2121409683",
"parent":"zsZAqFE2b",
"text":"",
"mid":"zt0XCzGsU",
"date":"2013-04-20 13:27:12"
},
{
"kids":[],
"uid":"2945201924",
"parent":"",
"text":"",
"mid":"zt0MH1evC",
"date":"2013-04-20 13:00:15"
},
{
"kids":[],
"uid":"537892952",
"parent":"zsZLeh8QT",
"text":"[绿丝带]",
"mid":"zt0LhvtPU",
"date":"2013-04-20 12:56:48"
},
{
"kids":[],
"uid":"3264036334",
"parent":"",
"text":"",
"mid":"zt0KwhVq4",
"date":"2013-04-20 12:54:54"
},
{
"kids":[],
"uid":"1688840294",
"parent":"",
"text":"#成雅高速拥堵# 转发微博 话题详情:http:",
"mid":"zt0Eo01P7",
"date":"2013-04-20 12:39:48"
},
{
"kids":[],
"uid":"1975601923",
"parent":"zsZIznGXH",
"text":"刚刚看新闻有这个画面呢",
"mid":"zt0zyBcQK",
"date":"2013-04-20 12:27:54"
},
{
"kids":[],
"uid":"1972891687",
"parent":"zsZyViv5V",
"text":"",
"mid":"zt0xUmldV",
"date":"2013-04-20 12:23:51"
},
{
"kids":[],
"uid":"1316762524",
"parent":"",
"text":"回复@美好茭:这是什么话！",
"mid":"zt0v0qdgw",
"date":"2013-04-20 12:16:42"
},
{
"kids":[],
"uid":"2219514493",
"parent":"",
"text":"#成雅高速拥堵# 转发微博 话题详情:http:",
"mid":"zt0uoCLN0",
"date":"2013-04-20 12:15:11"
},
{
"kids":[],
"uid":"2792616152",
"parent":"",
"text":"希望他们一切安好。。。。",
"mid":"zt0sNk8js",
"date":"2013-04-20 12:11:14"
},
{
"kids":[],
"uid":"2127145707",
"parent":"",
"text":"#成雅高速拥堵# 为了震中的人们转一个 详情:http:",
"mid":"zt0rp49Hn",
"date":"2013-04-20 12:07:49"
},
{
"kids":[],
"uid":"1742730595",
"parent":"",
"text":"[蜡烛]",
"mid":"zt0r3sda7",
"date":"2013-04-20 12:06:57"
},
{
"kids":[],
"uid":"3167379944",
"parent":"",
"text":"#成雅高速拥堵# 转发微博 话题详情:http:",
"mid":"zt0qve6H1",
"date":"2013-04-20 12:05:34"
},
{
"kids":[],
"uid":"2518415644",
"parent":"",
"text":"#成雅高速拥堵# 希望不要有太多的人死伤 详情:http:",
"mid":"zt0qdcaE3",
"date":"2013-04-20 12:04:52"
},
{
"kids":[],
"uid":"3271893884",
"parent":"",
"text":"【请大家守望相助，为生命通道让行！】四川在线消息，成雅高速开辟应急救援车道，请非紧急车辆尽量绕行。请大家尽量避开永丰路和成雅高速，把道路空出来，给生命通道让行。成雅高速现在车流量很大，这是一条救援通道。请大家支持，互相转告！ 来自话题#成雅高速拥堵# http:",
"mid":"zt0pOC7SX",
"date":"2013-04-20 12:03:56"
},
{
"kids":[],
"uid":"1380969701",
"parent":"zsZzVD6Bj",
"text":"",
"mid":"zt0pftcQ1",
"date":"2013-04-20 12:02:30"
},
{
"kids":[],
"uid":"3343520600",
"parent":"",
"text":"#成雅高速拥堵# 转发微博 话题详情:http:",
"mid":"zt0p7fbHF",
"date":"2013-04-20 12:02:10"
},
{
"kids":[],
"uid":"678691288",
"parent":"",
"text":"#成雅高速拥堵# 转发微博 话题详情:http:",
"mid":"zt0oOkiFV",
"date":"2013-04-20 12:01:26"
},
{
"kids":[],
"uid":"tulipearl",
"parent":"",
"text":"照片是08年的好不好！ 来自话题#成雅高速拥堵# http:",
"mid":"zt0oCrGzm",
"date":"2013-04-20 12:00:58"
},
{
"kids":[],
"uid":"208131236",
"parent":"",
"text":"#成雅高速拥堵# 我勒个去！大家快闪开！！！救人要紧！！！[bobuyaoa] 详情:http:",
"mid":"zt0nO05jU",
"date":"2013-04-20 11:58:57"
},
{
"kids":[],
"uid":"2287545523",
"parent":"",
"text":"#成雅高速拥堵# 转发微博 话题详情:http:",
"mid":"zt0nEwqbq",
"date":"2013-04-20 11:58:34"
},
{
"kids":[],
"uid":"1678651654",
"parent":"",
"text":"#成雅高速拥堵# 转发微博 话题详情:http:",
"mid":"zt0nuatsK",
"date":"2013-04-20 11:58:11"
},
{
"kids":[],
"uid":"lotus1101",
"parent":"",
"text":"#成雅高速拥堵# 转发微博 话题详情:http:",
"mid":"zt0nrauz4",
"date":"2013-04-20 11:58:03"
},
{
"kids":[],
"uid":"2610400623",
"parent":"",
"text":"",
"mid":"zt0mIgqy5",
"date":"2013-04-20 11:56:16"
},
{
"kids":[],
"uid":"minslovezhuogenie",
"parent":"",
"text":"#成雅高速拥堵# 转发微博 话题详情:http:",
"mid":"zt0mxnbwW",
"date":"2013-04-20 11:55:49"
},
{
"kids":[],
"uid":"ouounana",
"parent":"",
"text":"芦山加油！",
"mid":"zt0m4656l",
"date":"2013-04-20 11:54:40"
},
{
"kids":[],
"uid":"2404868217",
"parent":"",
"text":"",
"mid":"zt0iW08fP",
"date":"2013-04-20 11:46:56"
},
{
"kids":[],
"uid":"2398029540",
"parent":"zsZMUeq10",
"text":"",
"mid":"zt0hthlF2",
"date":"2013-04-20 11:43:21"
},
{
"kids":[],
"uid":"1937058582",
"parent":"zsZyj9emN",
"text":"",
"mid":"zt0hajsZR",
"date":"2013-04-20 11:42:34"
},
{
"kids":[],
"uid":"lovejimmylove",
"parent":"zsZN7eAAm",
"text":"",
"mid":"zt0eYFPa3",
"date":"2013-04-20 11:37:12"
},
{
"kids":[],
"uid":"comeplusplay",
"parent":"",
"text":"傻逼啊，我同意文字的说法，但是照片是汶川地震！配了这照片还有最后一句话，不是骗转发是什么！",
"mid":"zt0ey86fs",
"date":"2013-04-20 11:36:09"
},
{
"kids":[
"zt6vg7ghx"
],
"uid":"khuntorioa",
"parent":"",
"text":"[蜡烛][蜡烛][蜡烛][爱心传递]祈福，雅安加油！",
"mid":"zt0ejBeoS",
"date":"2013-04-20 11:35:33"
},
{
"kids":[],
"uid":"2013850360",
"parent":"",
"text":"",
"mid":"zt0dPa8Mp",
"date":"2013-04-20 11:34:22"
},
{
"kids":[],
"uid":"oscarzh",
"parent":"",
"text":"",
"mid":"zt0dIojtJ",
"date":"2013-04-20 11:34:05"
},
{
"kids":[],
"uid":"sinkyming",
"parent":"",
"text":"",
"mid":"zt0dB1HuE",
"date":"2013-04-20 11:33:46"
},
{
"kids":[],
"uid":"2278202302",
"parent":"zsZS6CHzw",
"text":"",
"mid":"zt0c54E20",
"date":"2013-04-20 11:30:04"
},
{
"kids":[],
"uid":"2338070297",
"parent":"",
"text":"[悲伤][悲伤][悲伤]",
"mid":"zt0bDzkO1",
"date":"2013-04-20 11:28:58"
},
{
"kids":[],
"uid":"1938436335",
"parent":"",
"text":"扩！",
"mid":"zt0bmqcJO",
"date":"2013-04-20 11:28:18"
},
{
"kids":[],
"uid":"3200983745",
"parent":"zsZuaCHnA",
"text":"",
"mid":"zt0bcDSxB",
"date":"2013-04-20 11:27:54"
},
{
"kids":[],
"uid":"1770831567",
"parent":"zt06YzMx2",
"text":"",
"mid":"zt0bc4G0p",
"date":"2013-04-20 11:27:53"
},
{
"kids":[],
"uid":"khuntoria062422",
"parent":"",
"text":"",
"mid":"zt0bajeL0",
"date":"2013-04-20 11:27:49"
},
{
"kids":[],
"uid":"cjr9",
"parent":"",
"text":"",
"mid":"zt0aYvIhG",
"date":"2013-04-20 11:27:20"
},
{
"kids":[],
"uid":"1829732682",
"parent":"zsZMjBkTK",
"text":"",
"mid":"zt0a70Qh6",
"date":"2013-04-20 11:25:12"
},
{
"kids":[],
"uid":"1673803797",
"parent":"zsZDhlBYr",
"text":"[祈祷]",
"mid":"zt0a4DvVY",
"date":"2013-04-20 11:25:08"
},
{
"kids":[],
"uid":"577114224",
"parent":"zt08B2kmB",
"text":"挺住！",
"mid":"zt0a16b9y",
"date":"2013-04-20 11:24:57"
},
{
"kids":[],
"uid":"1875137861",
"parent":"zt03fbnQ9",
"text":"",
"mid":"zt09R2nyu",
"date":"2013-04-20 11:24:34"
},
{
"kids":[],
"uid":"2883472187",
"parent":"zsZS6CHzw",
"text":"",
"mid":"zt09OFdka",
"date":"2013-04-20 11:24:30"
},
{
"kids":[],
"uid":"3172476180",
"parent":"",
"text":"拿别人的不幸开玩笑，真他妈恶心",
"mid":"zt09MiyVA",
"date":"2013-04-20 11:24:24"
},
{
"kids":[],
"uid":"220801212",
"parent":"",
"text":"雅安加油`~",
"mid":"zt08GEwFF",
"date":"2013-04-20 11:21:42"
},
{
"kids":[
"zt0a16b9y"
],
"uid":"207586664",
"parent":"",
"text":"",
"mid":"zt08B2kmB",
"date":"2013-04-20 11:21:28"
},
{
"kids":[],
"uid":"2644744871",
"parent":"",
"text":"",
"mid":"zt07Vnu5D",
"date":"2013-04-20 11:19:49"
},
{
"kids":[],
"uid":"1790273561",
"parent":"zt052yM35",
"text":"大家都齐心协力配合一下吧@维尼夫妇湖北后援会 @暌_漓 @Angeline_包包",
"mid":"zt07KaB1X",
"date":"2013-04-20 11:19:23"
},
{
"kids":[],
"uid":"1878186181",
"parent":"zt02oCdWT",
"text":"",
"mid":"zt07sopQU",
"date":"2013-04-20 11:18:41"
},
{
"kids":[],
"uid":"wysummer",
"parent":"zsZBYmrh7",
"text":"行动起来啊！在四川工作的朋友正在准备救灾物资 准备奔赴一线呢！",
"mid":"zt07n8CcQ",
"date":"2013-04-20 11:18:28"
},
{
"kids":[],
"uid":"1652954407",
"parent":"zsZOr5Xkc",
"text":"",
"mid":"zt074tgih",
"date":"2013-04-20 11:17:43"
},
{
"kids":[
"zt0bc4G0p"
],
"uid":"1891688900",
"parent":"",
"text":"",
"mid":"zt06YzMx2",
"date":"2013-04-20 11:17:30"
},
{
"kids":[],
"uid":"3294968404",
"parent":"zsZOr5Xkc",
"text":"",
"mid":"zt06ovpKx",
"date":"2013-04-20 11:16:04"
},
{
"kids":[],
"uid":"zoujingxuan",
"parent":"zsZXCe6bT",
"text":"回复@GiGi小镇:好啊谢谢关心了啊",
"mid":"zt062lEbS",
"date":"2013-04-20 11:15:12"
},
{
"kids":[],
"uid":"2133187825",
"parent":"zsZOr5Xkc",
"text":"",
"mid":"zt062367x",
"date":"2013-04-20 11:15:10"
},
{
"kids":[],
"uid":"twtxl0102jay",
"parent":"zsZzJw8DM",
"text":"",
"mid":"zt060za0c",
"date":"2013-04-20 11:15:06"
},
{
"kids":[],
"uid":"1773875847",
"parent":"zt03pfa3Y",
"text":"",
"mid":"zt05FAeLd",
"date":"2013-04-20 11:14:16"
},
{
"kids":[],
"uid":"1887328074",
"parent":"",
"text":"卧槽！",
"mid":"zt05p2Ai7",
"date":"2013-04-20 11:13:37"
},
{
"kids":[],
"uid":"2810797841",
"parent":"",
"text":"[蜡烛]",
"mid":"zt05kAmNJ",
"date":"2013-04-20 11:13:26"
},
{
"kids":[
"zt07KaB1X"
],
"uid":"2902386621",
"parent":"",
"text":"",
"mid":"zt052yM35",
"date":"2013-04-20 11:12:44"
},
{
"kids":[],
"uid":"1736438561",
"parent":"",
"text":"",
"mid":"zt04M30Du",
"date":"2013-04-20 11:12:05"
},
{
"kids":[],
"uid":"1854216482",
"parent":"",
"text":"",
"mid":"zt04E4g2q",
"date":"2013-04-20 11:11:43"
},
{
"kids":[],
"uid":"1857886372",
"parent":"zsZNhAZgA",
"text":"",
"mid":"zt04oF0HU",
"date":"2013-04-20 11:11:07"
},
{
"kids":[],
"uid":"1688577381",
"parent":"",
"text":"四川震带到底该不该住人呢。。。",
"mid":"zt04ndvup",
"date":"2013-04-20 11:11:05"
},
{
"kids":[],
"uid":"2703837507",
"parent":"",
"text":"",
"mid":"zt04kAohJ",
"date":"2013-04-20 11:10:57"
},
{
"kids":[],
"uid":"1869447991",
"parent":"",
"text":"",
"mid":"zt04eFI1U",
"date":"2013-04-20 11:10:44"
},
{
"kids":[],
"uid":"1768688371",
"parent":"zsZA0lqFV",
"text":"",
"mid":"zt049j9hH",
"date":"2013-04-20 11:10:30"
},
{
"kids":[],
"uid":"nianxiaobao",
"parent":"",
"text":"假图片！",
"mid":"zt048aluK",
"date":"2013-04-20 11:10:28"
},
{
"kids":[],
"uid":"2293033235",
"parent":"zt01sDHv2",
"text":"",
"mid":"zt0466MyD",
"date":"2013-04-20 11:10:24"
},
{
"kids":[
"zBQgkm4r6"
],
"uid":"pk88888z",
"parent":"",
"text":"赶快删了你个SB，你乱发个锤子啊。日你嘛这是512的照片。你还敢造谣！",
"mid":"zt03ZiQIE",
"date":"2013-04-20 11:10:08"
},
{
"kids":[],
"uid":"1789768104",
"parent":"",
"text":"",
"mid":"zt03FugCJ",
"date":"2013-04-20 11:09:21"
},
{
"kids":[
"zt05FAeLd"
],
"uid":"yann2",
"parent":"",
"text":"",
"mid":"zt03pfa3Y",
"date":"2013-04-20 11:08:42"
},
{
"kids":[],
"uid":"1859464444",
"parent":"",
"text":"",
"mid":"zt03olUW3",
"date":"2013-04-20 11:08:40"
},
{
"kids":[],
"uid":"1824909233",
"parent":"",
"text":"",
"mid":"zt03okYCC",
"date":"2013-04-20 11:08:39"
},
{
"kids":[
"zt09R2nyu"
],
"uid":"1733192042",
"parent":"zsZOr5Xkc",
"text":"[可怜][可怜]",
"mid":"zt03fbnQ9",
"date":"2013-04-20 11:08:18"
},
{
"kids":[],
"uid":"yangkelovevi",
"parent":"zt02oCdWT",
"text":"弱弱的说句不相干的话 ，我们重庆就是4月天穿短袖。。",
"mid":"zt038qNd7",
"date":"2013-04-20 11:08:01"
},
{
"kids":[],
"uid":"2787156744",
"parent":"",
"text":"[祈祷][祈祷][祈祷]",
"mid":"zt02Zhaxw",
"date":"2013-04-20 11:07:40"
},
{
"kids":[],
"uid":"2873293572",
"parent":"",
"text":"[奥特曼]",
"mid":"zt02YDaXB",
"date":"2013-04-20 11:07:38"
},
{
"kids":[],
"uid":"ld731",
"parent":"zt02oCdWT",
"text":"原博智商和良心全都被狗啃了",
"mid":"zt02HuPi4",
"date":"2013-04-20 11:06:57"
},
{
"kids":[],
"uid":"1919162895",
"parent":"zsZOr5Xkc",
"text":"",
"mid":"zt02A7It7",
"date":"2013-04-20 11:06:40"
},
{
"kids":[],
"uid":"kids179",
"parent":"",
"text":"",
"mid":"zt02ud3kI",
"date":"2013-04-20 11:06:27"
},
{
"kids":[
"zt07sopQU",
"zt038qNd7",
"zt02HuPi4"
],
"uid":"szzang",
"parent":"",
"text":"图片是汶川地震的受灾情况… 不要为了博转发乱造谣好吗？",
"mid":"zt02oCdWT",
"date":"2013-04-20 11:06:13"
},
{
"kids":[],
"uid":"2537102812",
"parent":"",
"text":"四川的朋友都要没事[生病]",
"mid":"zt028jWU6",
"date":"2013-04-20 11:05:34"
},
{
"kids":[],
"uid":"2085746991",
"parent":"zsZXHyh9b",
"text":"",
"mid":"zt0228CvI",
"date":"2013-04-20 11:05:19"
},
{
"kids":[],
"uid":"1761124991",
"parent":"zsZyRpUXD",
"text":"",
"mid":"zt020nhlo",
"date":"2013-04-20 11:05:16"
},
{
"kids":[],
"uid":"aotaot33",
"parent":"",
"text":"",
"mid":"zt01AmQbo",
"date":"2013-04-20 11:04:13"
},
{
"kids":[],
"uid":"2634053193",
"parent":"",
"text":"扩散",
"mid":"zt01wcG4Z",
"date":"2013-04-20 11:04:03"
},
{
"kids":[
"zt0466MyD"
],
"uid":"2647681963",
"parent":"",
"text":"",
"mid":"zt01sDHv2",
"date":"2013-04-20 11:03:55"
},
{
"kids":[],
"uid":"2108256213",
"parent":"",
"text":"",
"mid":"zt00yg5j1",
"date":"2013-04-20 11:01:39"
},
{
"kids":[],
"uid":"maimai85",
"parent":"zsZRgkplK",
"text":"",
"mid":"zsZZLcxBs",
"date":"2013-04-20 10:59:43"
},
{
"kids":[],
"uid":"1490946650",
"parent":"",
"text":"[蜡烛]",
"mid":"zsZZEnZHB",
"date":"2013-04-20 10:59:27"
},
{
"kids":[],
"uid":"2362632932",
"parent":"zsZHGp18O",
"text":"",
"mid":"zsZZwpf3h",
"date":"2013-04-20 10:59:07"
},
{
"kids":[],
"uid":"2490350770",
"parent":"zsZOVw4fv",
"text":"请让出救援通道吧！！",
"mid":"zsZZcjyN8",
"date":"2013-04-20 10:58:19"
},
{
"kids":[],
"uid":"2128390847",
"parent":"zsZOr5Xkc",
"text":"请绕行",
"mid":"zsZYIu8RY",
"date":"2013-04-20 10:57:08"
},
{
"kids":[],
"uid":"279510011",
"parent":"",
"text":"",
"mid":"zsZXUdvEs",
"date":"2013-04-20 10:55:09"
},
{
"kids":[
"zt0228CvI"
],
"uid":"2620773341",
"parent":"",
"text":"",
"mid":"zsZXHyh9b",
"date":"2013-04-20 10:54:39"
},
{
"kids":[
"zt062lEbS"
],
"uid":"zoujingxuan",
"parent":"",
"text":"",
"mid":"zsZXCe6bT",
"date":"2013-04-20 10:54:26"
},
{
"kids":[],
"uid":"1921532711",
"parent":"",
"text":"",
"mid":"zsZXzhTnP",
"date":"2013-04-20 10:54:18"
},
{
"kids":[],
"uid":"2570398527",
"parent":"zsZAL35xC",
"text":"",
"mid":"zsZW5DK4G",
"date":"2013-04-20 10:50:41"
},
{
"kids":[
"zt1iCcSBO"
],
"uid":"1959416261",
"parent":"",
"text":"",
"mid":"zsZW4tOZ8",
"date":"2013-04-20 10:50:38"
},
{
"kids":[
"zthct1iDd",
"zthct1iCc"
],
"uid":"1864212012",
"parent":"",
"text":"",
"mid":"zsZW3k9YX",
"date":"2013-04-20 10:50:35"
},
{
"kids":[],
"uid":"1694348832",
"parent":"",
"text":"图是512的...原po最好核实一下真伪再发吧..",
"mid":"zsZVAjsUl",
"date":"2013-04-20 10:49:25"
},
{
"kids":[],
"uid":"1876306903",
"parent":"zsZzKn6AS",
"text":"",
"mid":"zsZVrsnNZ",
"date":"2013-04-20 10:49:03"
},
{
"kids":[],
"uid":"1855720093",
"parent":"zsZOr5Xkc",
"text":"",
"mid":"zsZVqB1fo",
"date":"2013-04-20 10:49:03"
},
{
"kids":[],
"uid":"2185059491",
"parent":"",
"text":"",
"mid":"zsZVcra47",
"date":"2013-04-20 10:48:29"
},
{
"kids":[],
"uid":"xiaoheibang",
"parent":"zsZLjAbmt",
"text":"",
"mid":"zsZV6aWPp",
"date":"2013-04-20 10:48:13"
},
{
"kids":[],
"uid":"1923275112",
"parent":"zsZSuxQgu",
"text":"",
"mid":"zsZUXBsYn",
"date":"2013-04-20 10:47:53"
},
{
"kids":[],
"uid":"3177158602",
"parent":"",
"text":"",
"mid":"zsZUW91h3",
"date":"2013-04-20 10:47:50"
},
{
"kids":[],
"uid":"1935644767",
"parent":"zsZNc0ls9",
"text":"",
"mid":"zsZUr8mhK",
"date":"2013-04-20 10:46:35"
},
{
"kids":[],
"uid":"1796629441",
"parent":"zsZGWyNzu",
"text":"扩散",
"mid":"zsZUobznD",
"date":"2013-04-20 10:46:29"
},
{
"kids":[],
"uid":"whiteroad",
"parent":"",
"text":"永丰路正在铺沥青，估计很有点恼火",
"mid":"zsZU8v7Pm",
"date":"2013-04-20 10:45:52"
},
{
"kids":[],
"uid":"2057313930",
"parent":"",
"text":"",
"mid":"zsZTZCdTh",
"date":"2013-04-20 10:45:29"
},
{
"kids":[],
"uid":"yanghaorui",
"parent":"zsZOr5Xkc",
"text":"",
"mid":"zsZTVu34E",
"date":"2013-04-20 10:45:21"
},
{
"kids":[],
"uid":"2186527977",
"parent":"",
"text":"",
"mid":"zsZTTsxhX",
"date":"2013-04-20 10:45:16"
},
{
"kids":[],
"uid":"zhilan1988",
"parent":"",
"text":"",
"mid":"zsZTRDtlJ",
"date":"2013-04-20 10:45:12"
},
{
"kids":[],
"uid":"2910021327",
"parent":"",
"text":"",
"mid":"zsZTNdHbH",
"date":"2013-04-20 10:45:02"
},
{
"kids":[],
"uid":"2060112480",
"parent":"",
"text":"",
"mid":"zsZTJpvE2",
"date":"2013-04-20 10:44:52"
},
{
"kids":[],
"uid":"1469431221",
"parent":"zsZMntnHg",
"text":"",
"mid":"zsZTGaIA6",
"date":"2013-04-20 10:44:43"
},
{
"kids":[],
"uid":"1821335622",
"parent":"",
"text":"请绕行，。",
"mid":"zsZTEo4lG",
"date":"2013-04-20 10:44:40"
},
{
"kids":[],
"uid":"2786602791",
"parent":"zsZSDaKCj",
"text":"",
"mid":"zsZTzmDej",
"date":"2013-04-20 10:44:27"
},
{
"kids":[],
"uid":"2968018687",
"parent":"",
"text":"为了生命，请您绕行！",
"mid":"zsZTsyHn4",
"date":"2013-04-20 10:44:11"
},
{
"kids":[],
"uid":"bigc918542162",
"parent":"",
"text":"",
"mid":"zsZTr7vst",
"date":"2013-04-20 10:44:08"
},
{
"kids":[],
"uid":"2009230721",
"parent":"zsZzYiQrB",
"text":"[蜡烛]",
"mid":"zsZTnywsB",
"date":"2013-04-20 10:44:00"
},
{
"kids":[],
"uid":"2038245141",
"parent":"zsZRoALbX",
"text":"",
"mid":"zsZTm64y0",
"date":"2013-04-20 10:43:56"
},
{
"kids":[],
"uid":"1220755500",
"parent":"zsZSDaKCj",
"text":"",
"mid":"zsZTjFhC7",
"date":"2013-04-20 10:43:51"
},
{
"kids":[],
"uid":"2257487804",
"parent":"",
"text":"",
"mid":"zsZT7zHJs",
"date":"2013-04-20 10:43:21"
},
{
"kids":[],
"uid":"junmd",
"parent":"zsZzilznM",
"text":"支持",
"mid":"zsZT7ymhw",
"date":"2013-04-20 10:43:23"
},
{
"kids":[],
"uid":"1840980865",
"parent":"",
"text":"",
"mid":"zsZST720U",
"date":"2013-04-20 10:42:47"
},
{
"kids":[],
"uid":"2632937441",
"parent":"zsZOr5Xkc",
"text":"",
"mid":"zsZSLr8j0",
"date":"2013-04-20 10:42:29"
},
{
"kids":[],
"uid":"3019654675",
"parent":"",
"text":"请绕行！！！",
"mid":"zsZSJ1ZWL",
"date":"2013-04-20 10:42:23"
},
{
"kids":[],
"uid":"simiko2010jolin",
"parent":"",
"text":"[蜡烛]",
"mid":"zsZSEj59N",
"date":"2013-04-20 10:42:12"
},
{
"kids":[
"zsZTzmDej",
"zsZTjFhC7"
],
"uid":"1942658333",
"parent":"zsZRoALbX",
"text":"请为生命让出通道[心]",
"mid":"zsZSDaKCj",
"date":"2013-04-20 10:42:09"
},
{
"kids":[],
"uid":"2976247792",
"parent":"zsZIznGXH",
"text":"",
"mid":"zsZSAsvqc",
"date":"2013-04-20 10:42:03"
},
{
"kids":[
"zsZUXBsYn"
],
"uid":"1859902727",
"parent":"zsZQEd92I",
"text":"",
"mid":"zsZSuxQgu",
"date":"2013-04-20 10:41:48"
},
{
"kids":[],
"uid":"1958874537",
"parent":"",
"text":"",
"mid":"zsZSlEWKr",
"date":"2013-04-20 10:41:28"
},
{
"kids":[],
"uid":"273300259",
"parent":"",
"text":"[蜡烛][蜡烛][蜡烛]",
"mid":"zsZSblpqE",
"date":"2013-04-20 10:41:03"
},
{
"kids":[
"zt0c54E20",
"zt09OFdka"
],
"uid":"lilithy0202",
"parent":"",
"text":"晕 怎么了？！",
"mid":"zsZS6CHzw",
"date":"2013-04-20 10:40:51"
},
{
"kids":[],
"uid":"2110855641",
"parent":"",
"text":"",
"mid":"zsZS6moKF",
"date":"2013-04-20 10:40:51"
},
{
"kids":[],
"uid":"xiaotieba",
"parent":"zsZOr5Xkc",
"text":"",
"mid":"zsZS3Fmmc",
"date":"2013-04-20 10:40:45"
},
{
"kids":[],
"uid":"forbidgame",
"parent":"zsZMntnHg",
"text":"",
"mid":"zsZRQmuiu",
"date":"2013-04-20 10:40:13"
},
{
"kids":[],
"uid":"179469152",
"parent":"",
"text":"！！！！！！有需要去附近的朋友多留心！！！！",
"mid":"zsZRHf0cZ",
"date":"2013-04-20 10:39:51"
},
{
"kids":[],
"uid":"3211227210",
"parent":"zsZww3tJU",
"text":"",
"mid":"zsZRGDmcx",
"date":"2013-04-20 10:39:49"
},
{
"kids":[],
"uid":"1905481452",
"parent":"",
"text":"请帮忙转发！[蜡烛]",
"mid":"zsZRG19ka",
"date":"2013-04-20 10:39:48"
},
{
"kids":[],
"uid":"1987369274",
"parent":"",
"text":"",
"mid":"zsZRzfeVq",
"date":"2013-04-20 10:39:30"
},
{
"kids":[
"ztRWR1Pqr",
"ztL8HdvFx",
"ztL8HdvCV"
],
"uid":"1568569955",
"parent":"",
"text":"",
"mid":"zsZRv748j",
"date":"2013-04-20 10:39:21"
},
{
"kids":[
"zsZTm64y0",
"zsZSDaKCj"
],
"uid":"sunyue15803115905",
"parent":"",
"text":"让共产党员先上！！！",
"mid":"zsZRoALbX",
"date":"2013-04-20 10:39:07"
},
{
"kids":[
"zsZZLcxBs"
],
"uid":"xbabylovex",
"parent":"",
"text":"",
"mid":"zsZRgkplK",
"date":"2013-04-20 10:38:47"
},
{
"kids":[],
"uid":"2211353007",
"parent":"zsZOr5Xkc",
"text":"难过，祈祷保佑",
"mid":"zsZReekd3",
"date":"2013-04-20 10:38:42"
},
{
"kids":[],
"uid":"1656261671",
"parent":"zsZOr5Xkc",
"text":"",
"mid":"zsZRdCGnq",
"date":"2013-04-20 10:38:40"
},
{
"kids":[],
"uid":"1919740404",
"parent":"zsZOr5Xkc",
"text":"",
"mid":"zsZRcd88I",
"date":"2013-04-20 10:38:36"
},
{
"kids":[],
"uid":"1969166094",
"parent":"zsZOr5Xkc",
"text":"请绕行",
"mid":"zsZR9cUfS",
"date":"2013-04-20 10:38:31"
},
{
"kids":[],
"uid":"1715597264",
"parent":"zsZOr5Xkc",
"text":"",
"mid":"zsZR3jlkg",
"date":"2013-04-20 10:38:16"
},
{
"kids":[],
"uid":"2805609072",
"parent":"zsZNc0ls9",
"text":"[爱心传递]",
"mid":"zsZQSoYX2",
"date":"2013-04-20 10:37:50"
},
{
"kids":[],
"uid":"1881666941",
"parent":"zsZOr5Xkc",
"text":"",
"mid":"zsZQRvJCA",
"date":"2013-04-20 10:37:48"
},
{
"kids":[],
"uid":"juju8",
"parent":"zsZNncYan",
"text":"扩散~",
"mid":"zsZQLB3ce",
"date":"2013-04-20 10:37:34"
},
{
"kids":[],
"uid":"1852609604",
"parent":"",
"text":"请您绕行",
"mid":"zsZQJvgKr",
"date":"2013-04-20 10:37:28"
},
{
"kids":[],
"uid":"y694193890",
"parent":"",
"text":"",
"mid":"zsZQH9A2J",
"date":"2013-04-20 10:37:23"
},
{
"kids":[],
"uid":"2051886075",
"parent":"",
"text":"让出救援通道，quick",
"mid":"zsZQG1KoY",
"date":"2013-04-20 10:37:20"
},
{
"kids":[
"zsZSuxQgu"
],
"uid":"1630285430",
"parent":"",
"text":"",
"mid":"zsZQEd92I",
"date":"2013-04-20 10:37:16"
},
{
"kids":[],
"uid":"1767753852",
"parent":"",
"text":"",
"mid":"zsZQs6dx0",
"date":"2013-04-20 10:36:47"
},
{
"kids":[],
"uid":"haru9980",
"parent":"zsZOr5Xkc",
"text":"轉發微博",
"mid":"zsZQrwDZz",
"date":"2013-04-20 10:36:45"
},
{
"kids":[],
"uid":"xuyaxiaociwei",
"parent":"zsZOr5Xkc",
"text":"",
"mid":"zsZQpqukL",
"date":"2013-04-20 10:36:40"
},
{
"kids":[],
"uid":"lyb905",
"parent":"",
"text":"",
"mid":"zsZQjvPfy",
"date":"2013-04-20 10:36:27"
},
{
"kids":[],
"uid":"1801512915",
"parent":"",
"text":"",
"mid":"zsZQ8hfxS",
"date":"2013-04-20 10:36:00"
},
{
"kids":[],
"uid":"spancerp",
"parent":"",
"text":"",
"mid":"zsZQ55cER",
"date":"2013-04-20 10:35:51"
},
{
"kids":[],
"uid":"2192494893",
"parent":"",
"text":"",
"mid":"zsZQ3ykco",
"date":"2013-04-20 10:35:49"
},
{
"kids":[],
"uid":"1263295801",
"parent":"",
"text":"",
"mid":"zsZPVyGtd",
"date":"2013-04-20 10:35:28"
},
{
"kids":[],
"uid":"2536415622",
"parent":"zsZLeh8QT",
"text":"大家尽量不要往四川打电话，可以发短信，发微信！",
"mid":"zsZPKF9ZC",
"date":"2013-04-20 10:35:04"
},
{
"kids":[],
"uid":"1770867750",
"parent":"",
"text":"",
"mid":"zsZPI0cOb",
"date":"2013-04-20 10:34:56"
},
{
"kids":[],
"uid":"2720920284",
"parent":"zsZNncYan",
"text":"扩散。。。",
"mid":"zsZPHFh3O",
"date":"2013-04-20 10:34:56"
},
{
"kids":[],
"uid":"2074357177",
"parent":"",
"text":"",
"mid":"zsZPHnFJ3",
"date":"2013-04-20 10:34:56"
},
{
"kids":[],
"uid":"1907979717",
"parent":"zsZOr5Xkc",
"text":"",
"mid":"zsZPxDkkd",
"date":"2013-04-20 10:34:33"
},
{
"kids":[],
"uid":"1791135001",
"parent":"zsZOr5Xkc",
"text":"",
"mid":"zsZPpEzYW",
"date":"2013-04-20 10:34:15"
},
{
"kids":[],
"uid":"2598570280",
"parent":"",
"text":"转！",
"mid":"zsZPdzc0r",
"date":"2013-04-20 10:33:45"
},
{
"kids":[],
"uid":"1581404234",
"parent":"zsZtPqhPt",
"text":"",
"mid":"zsZPdg39U",
"date":"2013-04-20 10:33:42"
},
{
"kids":[],
"uid":"1915706512",
"parent":"zsZJTcBa6",
"text":"加油！！！",
"mid":"zsZP9aMfp",
"date":"2013-04-20 10:33:34"
},
{
"kids":[],
"uid":"aiko001lovejunjin",
"parent":"",
"text":"公民自觉出让，黄金抢救还是应该让专业人员做。",
"mid":"zsZP2j5pI",
"date":"2013-04-20 10:33:18"
},
{
"kids":[
"zsZZcjyN8"
],
"uid":"qiannie0611",
"parent":"",
"text":"扩",
"mid":"zsZOVw4fv",
"date":"2013-04-20 10:33:00"
},
{
"kids":[],
"uid":"2453848703",
"parent":"",
"text":"",
"mid":"zsZOU2JKd",
"date":"2013-04-20 10:32:57"
},
{
"kids":[],
"uid":"1864507825",
"parent":"zsZDp2L2l",
"text":"",
"mid":"zsZOTdebF",
"date":"2013-04-20 10:32:56"
},
{
"kids":[],
"uid":"2117847727",
"parent":"",
"text":"",
"mid":"zsZOQuErh",
"date":"2013-04-20 10:32:51"
},
{
"kids":[],
"uid":"1885999782",
"parent":"zsZOr5Xkc",
"text":"",
"mid":"zsZOQd3av",
"date":"2013-04-20 10:32:49"
},
{
"kids":[],
"uid":"1721046015",
"parent":"zsZLnEgse",
"text":"",
"mid":"zsZOP2cPB",
"date":"2013-04-20 10:32:46"
},
{
"kids":[],
"uid":"wanghl27",
"parent":"",
"text":"",
"mid":"zsZOM7Hl8",
"date":"2013-04-20 10:32:38"
},
{
"kids":[
"zt1cbgVBy",
"zt074tgih",
"zt06ovpKx",
"zt062367x",
"zt03fbnQ9",
"zt02A7It7",
"zsZYIu8RY",
"zsZVqB1fo",
"zsZTVu34E",
"zsZSLr8j0",
"zsZS3Fmmc",
"zsZReekd3",
"zsZRdCGnq",
"zsZRcd88I",
"zsZR9cUfS",
"zsZR3jlkg",
"zsZQRvJCA",
"zsZQrwDZz",
"zsZQpqukL",
"zsZPxDkkd",
"zsZPpEzYW",
"zsZOQd3av"
],
"uid":"1240792682",
"parent":"",
"text":"",
"mid":"zsZOr5Xkc",
"date":"2013-04-20 10:31:49"
},
{
"kids":[],
"uid":"1961847661",
"parent":"zsZMjBkTK",
"text":"",
"mid":"zsZOo7K0K",
"date":"2013-04-20 10:31:42"
},
{
"kids":[],
"uid":"kulayoyo",
"parent":"",
"text":"",
"mid":"zsZOj8wZ0",
"date":"2013-04-20 10:31:29"
},
{
"kids":[],
"uid":"1842427880",
"parent":"",
"text":"只要绕路就能拯救无数条生命",
"mid":"zsZOhBrfI",
"date":"2013-04-20 10:31:27"
},
{
"kids":[],
"uid":"1977037765",
"parent":"zsZKRrFrR",
"text":"",
"mid":"zsZOemvm8",
"date":"2013-04-20 10:31:19"
},
{
"kids":[],
"uid":"1956018517",
"parent":"zsZMjBkTK",
"text":"[蜡烛]",
"mid":"zsZOay6F0",
"date":"2013-04-20 10:31:09"
},
{
"kids":[],
"uid":"1195248791",
"parent":"zsZM0pVTl",
"text":"",
"mid":"zsZOay6zo",
"date":"2013-04-20 10:31:09"
},
{
"kids":[],
"uid":"1892513164",
"parent":"",
"text":"",
"mid":"zsZO973Lu",
"date":"2013-04-20 10:31:06"
},
{
"kids":[],
"uid":"yoyo0890",
"parent":"",
"text":"",
"mid":"zsZNVdBpv",
"date":"2013-04-20 10:30:33"
},
{
"kids":[],
"uid":"1919049285",
"parent":"",
"text":"",
"mid":"zsZNU1daq",
"date":"2013-04-20 10:30:29"
},
{
"kids":[],
"uid":"krystalxx",
"parent":"",
"text":"",
"mid":"zsZNQqfYr",
"date":"2013-04-20 10:30:22"
},
{
"kids":[],
"uid":"1350530505",
"parent":"",
"text":"你核实了没有，还狡辩",
"mid":"zsZNzACee",
"date":"2013-04-20 10:29:42"
},
{
"kids":[],
"uid":"1725068695",
"parent":"zsZJTcBa6",
"text":"",
"mid":"zsZNu0Srv",
"date":"2013-04-20 10:29:28"
},
{
"kids":[],
"uid":"3214325140",
"parent":"zsZBl6gf5",
"text":"@地产周红涛",
"mid":"zsZNrBROH",
"date":"2013-04-20 10:29:23"
},
{
"kids":[],
"uid":"1984726371",
"parent":"",
"text":"请绕道",
"mid":"zsZNrl9bP",
"date":"2013-04-20 10:29:22"
},
{
"kids":[],
"uid":"2310205760",
"parent":"zsZJHngGQ",
"text":"",
"mid":"zsZNqrU2m",
"date":"2013-04-20 10:29:19"
},
{
"kids":[],
"uid":"1764173220",
"parent":"",
"text":"",
"mid":"zsZNpzLBu",
"date":"2013-04-20 10:29:17"
},
{
"kids":[],
"uid":"mutualhunter",
"parent":"zsZKgeKdn",
"text":"图片已经被网友证实是假的！请博主慎重！",
"mid":"zsZNntGSW",
"date":"2013-04-20 10:29:13"
},
{
"kids":[
"zsZQLB3ce",
"zsZPHFh3O"
],
"uid":"2612739495",
"parent":"",
"text":"扩散~",
"mid":"zsZNncYan",
"date":"2013-04-20 10:29:11"
},
{
"kids":[],
"uid":"2740435753",
"parent":"",
"text":"",
"mid":"zsZNm3dIe",
"date":"2013-04-20 10:29:10"
},
{
"kids":[],
"uid":"2357164955",
"parent":"zsZMjBkTK",
"text":"",
"mid":"zsZNlqu2z",
"date":"2013-04-20 10:29:08"
},
{
"kids":[
"zt04oF0HU"
],
"uid":"1842397393",
"parent":"",
"text":"",
"mid":"zsZNhAZgA",
"date":"2013-04-20 10:28:59"
},
{
"kids":[
"zsZUr8mhK",
"zsZQSoYX2"
],
"uid":"1892674117",
"parent":"zsZGXsTzO",
"text":"",
"mid":"zsZNc0ls9",
"date":"2013-04-20 10:28:44"
},
{
"kids":[],
"uid":"2951929583",
"parent":"",
"text":"[爱你]",
"mid":"zsZN7ft5Z",
"date":"2013-04-20 10:28:32"
},
{
"kids":[
"zt0eYFPa3"
],
"uid":"09120326",
"parent":"",
"text":"",
"mid":"zsZN7eAAm",
"date":"2013-04-20 10:28:34"
},
{
"kids":[],
"uid":"2429636482",
"parent":"",
"text":"",
"mid":"zsZN64COX",
"date":"2013-04-20 10:28:30"
},
{
"kids":[],
"uid":"2653917023",
"parent":"",
"text":"祈福",
"mid":"zsZN4i8zw",
"date":"2013-04-20 10:28:27"
},
{
"kids":[],
"uid":"genghee69",
"parent":"",
"text":"",
"mid":"zsZN1CpfJ",
"date":"2013-04-20 10:28:20"
},
{
"kids":[],
"uid":"518656709",
"parent":"",
"text":"",
"mid":"zsZMWDqTx",
"date":"2013-04-20 10:28:09"
},
{
"kids":[],
"uid":"3042486075",
"parent":"",
"text":"",
"mid":"zsZMWjo0F",
"date":"2013-04-20 10:28:07"
},
{
"kids":[],
"uid":"715670990",
"parent":"",
"text":"",
"mid":"zsZMV7F3u",
"date":"2013-04-20 10:28:04"
},
{
"kids":[
"zt0hthlF2"
],
"uid":"weixiaopian",
"parent":"",
"text":"",
"mid":"zsZMUeq10",
"date":"2013-04-20 10:28:03"
},
{
"kids":[],
"uid":"deanprincess",
"parent":"",
"text":"",
"mid":"zsZMTm3r8",
"date":"2013-04-20 10:28:01"
},
{
"kids":[],
"uid":"1615071771",
"parent":"",
"text":"",
"mid":"zsZMRh5sr",
"date":"2013-04-20 10:27:56"
},
{
"kids":[],
"uid":"3264578550",
"parent":"zsZuaCHnA",
"text":"雅安平安[爱心传递]",
"mid":"zsZMQ6f6X",
"date":"2013-04-20 10:27:51"
},
{
"kids":[],
"uid":"1961677521",
"parent":"",
"text":"",
"mid":"zsZMOBmfA",
"date":"2013-04-20 10:27:50"
},
{
"kids":[],
"uid":"1634559983",
"parent":"",
"text":"",
"mid":"zsZMO5rOb",
"date":"2013-04-20 10:27:47"
},
{
"kids":[],
"uid":"2239779955",
"parent":"",
"text":"火速转!!",
"mid":"zsZMJ0JFn",
"date":"2013-04-20 10:27:36"
},
{
"kids":[],
"uid":"2238104297",
"parent":"",
"text":"",
"mid":"zsZMDFhaI",
"date":"2013-04-20 10:27:24"
},
{
"kids":[],
"uid":"1707428422",
"parent":"",
"text":"",
"mid":"zsZMxeErm",
"date":"2013-04-20 10:27:08"
},
{
"kids":[],
"uid":"zhangjiagaomei",
"parent":"",
"text":"祈福。",
"mid":"zsZMsstez",
"date":"2013-04-20 10:26:56"
},
{
"kids":[],
"uid":"2348179774",
"parent":"",
"text":"成都南门方向的请注意了啊！成都到雅安要从南门那边走啊",
"mid":"zsZMpxtzz",
"date":"2013-04-20 10:26:49"
},
{
"kids":[
"zsZTGaIA6",
"zsZRQmuiu"
],
"uid":"hcqnzs",
"parent":"",
"text":"[蜡烛]",
"mid":"zsZMntnHg",
"date":"2013-04-20 10:26:44"
},
{
"kids":[],
"uid":"3224093585",
"parent":"zsZDZoNaj",
"text":"",
"mid":"zsZMmA8pQ",
"date":"2013-04-20 10:26:42"
},
{
"kids":[],
"uid":"promisepark",
"parent":"zsZA0lqFV",
"text":"",
"mid":"zsZMkc7xd",
"date":"2013-04-20 10:26:36"
},
{
"kids":[
"zt0a70Qh6",
"zsZOo7K0K",
"zsZOay6F0",
"zsZNlqu2z"
],
"uid":"2753911685",
"parent":"",
"text":"先救人！！！",
"mid":"zsZMjBkTK",
"date":"2013-04-20 10:26:36"
},
{
"kids":[],
"uid":"qq2449698",
"parent":"zsZz7EclU",
"text":"社会车辆就不要去那边了",
"mid":"zsZMdFOBJ",
"date":"2013-04-20 10:26:22"
},
{
"kids":[],
"uid":"1731035237",
"parent":"zsZJ7BGBq",
"text":"[泪][蜡烛]",
"mid":"zsZMb3lXM",
"date":"2013-04-20 10:26:14"
},
{
"kids":[],
"uid":"2318277563",
"parent":"",
"text":"",
"mid":"zsZMabztV",
"date":"2013-04-20 10:26:13"
},
{
"kids":[],
"uid":"2406414257",
"parent":"",
"text":"转！",
"mid":"zsZM87tsV",
"date":"2013-04-20 10:26:08"
},
{
"kids":[],
"uid":"2785664701",
"parent":"",
"text":"",
"mid":"zsZM4x1sV",
"date":"2013-04-20 10:25:58"
},
{
"kids":[
"zsZOay6zo"
],
"uid":"2271421262",
"parent":"",
"text":"",
"mid":"zsZM0pVTl",
"date":"2013-04-20 10:25:49"
},
{
"kids":[],
"uid":"alanlou1129",
"parent":"",
"text":"",
"mid":"zsZLZdcA8",
"date":"2013-04-20 10:25:47"
},
{
"kids":[],
"uid":"2730896295",
"parent":"zsZww3tJU",
"text":"",
"mid":"zsZLWwB7F",
"date":"2013-04-20 10:25:40"
},
{
"kids":[],
"uid":"2820764560",
"parent":"",
"text":"老天保佑！愿尽量减少伤亡！",
"mid":"zsZLV7guI",
"date":"2013-04-20 10:25:36"
},
{
"kids":[],
"uid":"1793525253",
"parent":"",
"text":"[蜡烛][绿丝带]",
"mid":"zsZLT0Wle",
"date":"2013-04-20 10:25:32"
},
{
"kids":[],
"uid":"2152592870",
"parent":"",
"text":"",
"mid":"zsZLRvbdw",
"date":"2013-04-20 10:25:28"
},
{
"kids":[],
"uid":"carinatang",
"parent":"",
"text":"",
"mid":"zsZLIFSCO",
"date":"2013-04-20 10:25:08"
},
{
"kids":[],
"uid":"yangxue0201",
"parent":"",
"text":"[蜡烛]",
"mid":"zsZLztAKe",
"date":"2013-04-20 10:24:46"
},
{
"kids":[],
"uid":"2132767307",
"parent":"",
"text":"",
"mid":"zsZLylMHz",
"date":"2013-04-20 10:24:43"
},
{
"kids":[],
"uid":"1429011147",
"parent":"",
"text":"[蜡烛]为正在经历苦难的人们祈福。请社会车辆绕行，让出宝贵的生命通道。",
"mid":"zsZLyiKmf",
"date":"2013-04-20 10:24:43"
},
{
"kids":[],
"uid":"3195547423",
"parent":"",
"text":"[蜡烛]",
"mid":"zsZLv6Qjw",
"date":"2013-04-20 10:24:35"
},
{
"kids":[],
"uid":"2795524400",
"parent":"zsZJvi6Vx",
"text":"[话筒]",
"mid":"zsZLudB0L",
"date":"2013-04-20 10:24:32"
},
{
"kids":[],
"uid":"3037615807",
"parent":"",
"text":"",
"mid":"zsZLpbM5e",
"date":"2013-04-20 10:24:21"
},
{
"kids":[
"zsZOP2cPB"
],
"uid":"1769823222",
"parent":"",
"text":"",
"mid":"zsZLnEgse",
"date":"2013-04-20 10:24:17"
},
{
"kids":[],
"uid":"512465674",
"parent":"",
"text":"[蜡烛]",
"mid":"zsZLl0YqA",
"date":"2013-04-20 10:24:11"
},
{
"kids":[
"zsZV6aWPp"
],
"uid":"2326038313",
"parent":"",
"text":"[蜡烛][蜡烛]",
"mid":"zsZLjAbmt",
"date":"2013-04-20 10:24:08"
},
{
"kids":[
"zt0LhvtPU",
"zsZPKF9ZC"
],
"uid":"271800990",
"parent":"",
"text":"[绿丝带]",
"mid":"zsZLeh8QT",
"date":"2013-04-20 10:23:55"
},
{
"kids":[],
"uid":"1694425157",
"parent":"",
"text":"",
"mid":"zsZLcqAgn",
"date":"2013-04-20 10:23:50"
},
{
"kids":[],
"uid":"1732044930",
"parent":"zsZIk1MCg",
"text":"扩散。。需要血、需要医护人员。。",
"mid":"zsZL58gQp",
"date":"2013-04-20 10:23:31"
},
{
"kids":[],
"uid":"jingxiyan",
"parent":"zsZJTcBa6",
"text":"",
"mid":"zsZL4aeA4",
"date":"2013-04-20 10:23:31"
},
{
"kids":[],
"uid":"1948996315",
"parent":"",
"text":"",
"mid":"zsZL0nGtG",
"date":"2013-04-20 10:23:22"
},
{
"kids":[],
"uid":"1701677355",
"parent":"",
"text":"",
"mid":"zsZKTe9zI",
"date":"2013-04-20 10:23:03"
},
{
"kids":[],
"uid":"1678413235",
"parent":"",
"text":"",
"mid":"zsZKSkUyy",
"date":"2013-04-20 10:23:02"
},
{
"kids":[
"zsZOemvm8"
],
"uid":"1496911830",
"parent":"zsZGGEvgu",
"text":"",
"mid":"zsZKRrFrR",
"date":"2013-04-20 10:23:01"
},
{
"kids":[],
"uid":"vanmylovej",
"parent":"zsZKp81Zf",
"text":"求扩",
"mid":"zsZKLhnbV",
"date":"2013-04-20 10:22:46"
},
{
"kids":[],
"uid":"2325652240",
"parent":"",
"text":"",
"mid":"zsZKKq8ow",
"date":"2013-04-20 10:22:43"
},
{
"kids":[],
"uid":"1117380823",
"parent":"",
"text":"",
"mid":"zsZKK8wWv",
"date":"2013-04-20 10:22:42"
},
{
"kids":[],
"uid":"sheroyue",
"parent":"zsZJ7BGBq",
"text":"",
"mid":"zsZKIDDXQ",
"date":"2013-04-20 10:22:40"
},
{
"kids":[],
"uid":"1958465283",
"parent":"",
"text":"[害羞]",
"mid":"zsZKDyfUH",
"date":"2013-04-20 10:22:27"
},
{
"kids":[],
"uid":"1846338841",
"parent":"",
"text":"",
"mid":"zsZKCpnyx",
"date":"2013-04-20 10:22:24"
},
{
"kids":[],
"uid":"1774243192",
"parent":"zsZIO7E42",
"text":"",
"mid":"zsZKC5Og2",
"date":"2013-04-20 10:22:24"
},
{
"kids":[],
"uid":"ing12",
"parent":"",
"text":"[蜡烛][蜡烛][蜡烛]",
"mid":"zsZKAAVqZ",
"date":"2013-04-20 10:22:20"
},
{
"kids":[],
"uid":"1072733284",
"parent":"",
"text":"",
"mid":"zsZKv2gGW",
"date":"2013-04-20 10:22:07"
},
{
"kids":[],
"uid":"2492917034",
"parent":"zsZFzshfV",
"text":"",
"mid":"zsZKv1oU6",
"date":"2013-04-20 10:22:07"
},
{
"kids":[],
"uid":"1243240912",
"parent":"",
"text":"生命诚可贵",
"mid":"zsZKrdDM9",
"date":"2013-04-20 10:21:58"
},
{
"kids":[],
"uid":"1887760963",
"parent":"",
"text":"",
"mid":"zsZKrbH56",
"date":"2013-04-20 10:21:57"
},
{
"kids":[],
"uid":"2009069645",
"parent":"",
"text":"",
"mid":"zsZKqirZv",
"date":"2013-04-20 10:21:56"
},
{
"kids":[
"zsZKLhnbV"
],
"uid":"2408126925",
"parent":"",
"text":"扩 时间就是生命 请大家配合",
"mid":"zsZKp81Zf",
"date":"2013-04-20 10:21:53"
},
{
"kids":[],
"uid":"1577524707",
"parent":"",
"text":"",
"mid":"zsZKp7BDR",
"date":"2013-04-20 10:21:52"
},
{
"kids":[],
"uid":"1806153602",
"parent":"",
"text":"[蜡烛]",
"mid":"zsZKmah1K",
"date":"2013-04-20 10:21:46"
},
{
"kids":[
"zt9NT4Yw8"
],
"uid":"1737935774",
"parent":"",
"text":"[蜡烛][蜡烛][蜡烛][蜡烛]",
"mid":"zsZKkmV2v",
"date":"2013-04-20 10:21:40"
},
{
"kids":[],
"uid":"234527336",
"parent":"",
"text":"",
"mid":"zsZKh8QUZ",
"date":"2013-04-20 10:21:34"
},
{
"kids":[
"zsZNntGSW"
],
"uid":"kurtstj",
"parent":"zsZJHngGQ",
"text":"看内容",
"mid":"zsZKgeKdn",
"date":"2013-04-20 10:21:32"
},
{
"kids":[],
"uid":"1854074747",
"parent":"",
"text":"",
"mid":"zsZKfDY4i",
"date":"2013-04-20 10:21:31"
},
{
"kids":[],
"uid":"3030803914",
"parent":"",
"text":"",
"mid":"zsZKdz0Se",
"date":"2013-04-20 10:21:25"
},
{
"kids":[],
"uid":"3252476470",
"parent":"zsZJCncwF",
"text":"",
"mid":"zsZKaBGjc",
"date":"2013-04-20 10:21:19"
},
{
"kids":[],
"uid":"2730482695",
"parent":"",
"text":"",
"mid":"zsZKakWKj",
"date":"2013-04-20 10:21:18"
},
{
"kids":[],
"uid":"2831898604",
"parent":"",
"text":"",
"mid":"zsZK6vPHs",
"date":"2013-04-20 10:21:09"
},
{
"kids":[],
"uid":"2518105133",
"parent":"",
"text":"仿佛回到了2008",
"mid":"zsZK53nLE",
"date":"2013-04-20 10:21:06"
},
{
"kids":[],
"uid":"songlinyi",
"parent":"",
"text":"",
"mid":"zsZK23Jcr",
"date":"2013-04-20 10:20:58"
},
{
"kids":[
"zsZP9aMfp",
"zsZNu0Srv",
"zsZL4aeA4"
],
"uid":"1913913811",
"parent":"zsZIO7E42",
"text":"",
"mid":"zsZJTcBa6",
"date":"2013-04-20 10:20:37"
},
{
"kids":[],
"uid":"1792031195",
"parent":"zsZGWyNzu",
"text":"。。。",
"mid":"zsZJSlc2P",
"date":"2013-04-20 10:20:34"
},
{
"kids":[],
"uid":"chihaode",
"parent":"zsZAhtM44",
"text":"",
"mid":"zsZJJrmbK",
"date":"2013-04-20 10:20:14"
},
{
"kids":[
"zsZNqrU2m",
"zsZKgeKdn"
],
"uid":"1350530505",
"parent":"",
"text":"尼玛，这张照片是512的",
"mid":"zsZJHngGQ",
"date":"2013-04-20 10:20:08"
},
{
"kids":[],
"uid":"1622023944",
"parent":"",
"text":"",
"mid":"zsZJErixy",
"date":"2013-04-20 10:20:02"
},
{
"kids":[],
"uid":"3226250782",
"parent":"zsZuaCHnA",
"text":"为灾区让道！",
"mid":"zsZJE7th3",
"date":"2013-04-20 10:19:59"
},
{
"kids":[],
"uid":"jiuweiyaohusudaji",
"parent":"",
"text":"",
"mid":"zsZJDvPuj",
"date":"2013-04-20 10:20:00"
},
{
"kids":[
"zsZKaBGjc"
],
"uid":"2015085987",
"parent":"zsZIk1MCg",
"text":"@麦兜格格窝科大店 @庄生晓梦迷糊妞 @AngryMoney @冉HUIHUI @木子的辰宝贝 @妮妮_eddy @judy_S @fiona盖盖",
"mid":"zsZJCncwF",
"date":"2013-04-20 10:19:55"
},
{
"kids":[],
"uid":"2517429610",
"parent":"",
"text":"",
"mid":"zsZJyupwA",
"date":"2013-04-20 10:19:46"
},
{
"kids":[],
"uid":"137010736",
"parent":"zsZJ71Cuq",
"text":"",
"mid":"zsZJwbmfP",
"date":"2013-04-20 10:19:42"
},
{
"kids":[
"zsZLudB0L"
],
"uid":"222576521",
"parent":"",
"text":"",
"mid":"zsZJvi6Vx",
"date":"2013-04-20 10:19:39"
},
{
"kids":[],
"uid":"sj5ffei",
"parent":"",
"text":"",
"mid":"zsZJskkKL",
"date":"2013-04-20 10:19:32"
},
{
"kids":[],
"uid":"102501210",
"parent":"",
"text":"[爱心传递][爱心传递][爱心传递]",
"mid":"zsZJskkyN",
"date":"2013-04-20 10:19:33"
},
{
"kids":[],
"uid":"ly612",
"parent":"",
"text":"",
"mid":"zsZJqe3Hi",
"date":"2013-04-20 10:19:29"
},
{
"kids":[],
"uid":"2316732040",
"parent":"zsZIZ3JlY",
"text":"[心]",
"mid":"zsZJorzy5",
"date":"2013-04-20 10:19:24"
},
{
"kids":[],
"uid":"tianshuixiaoxiao",
"parent":"",
"text":"",
"mid":"zsZJorzvh",
"date":"2013-04-20 10:19:24"
},
{
"kids":[],
"uid":"1305555885",
"parent":"",
"text":"",
"mid":"zsZJlwQqc",
"date":"2013-04-20 10:19:16"
},
{
"kids":[],
"uid":"2641048335",
"parent":"",
"text":"救人要紧[蜡烛][蜡烛]",
"mid":"zsZJhpKYa",
"date":"2013-04-20 10:19:07"
},
{
"kids":[],
"uid":"2642959463",
"parent":"",
"text":"[拳头]",
"mid":"zsZJc6ICh",
"date":"2013-04-20 10:18:55"
},
{
"kids":[],
"uid":"1846104942",
"parent":"zsZGV7cNc",
"text":"",
"mid":"zsZJ9pqII",
"date":"2013-04-20 10:18:47"
},
{
"kids":[],
"uid":"1717840167",
"parent":"",
"text":"",
"mid":"zsZJ96zsZ",
"date":"2013-04-20 10:18:47"
},
{
"kids":[
"zsZMb3lXM",
"zsZKIDDXQ"
],
"uid":"khuntorians0116",
"parent":"",
"text":"[蜡烛]",
"mid":"zsZJ7BGBq",
"date":"2013-04-20 10:18:43"
},
{
"kids":[],
"uid":"qingchunxuanlv",
"parent":"",
"text":"",
"mid":"zsZJ7k5kY",
"date":"2013-04-20 10:18:43"
},
{
"kids":[],
"uid":"2951843343",
"parent":"",
"text":"",
"mid":"zsZJ73JAY",
"date":"2013-04-20 10:18:42"
},
{
"kids":[
"zsZJwbmfP"
],
"uid":"guoyunke",
"parent":"zsZuaCHnA",
"text":"",
"mid":"zsZJ71Cuq",
"date":"2013-04-20 10:18:42"
},
{
"kids":[],
"uid":"2140711213",
"parent":"",
"text":"",
"mid":"zsZJ0ezQm",
"date":"2013-04-20 10:18:26"
},
{
"kids":[],
"uid":"1778979745",
"parent":"",
"text":"[蜡烛]",
"mid":"zsZIZCW0n",
"date":"2013-04-20 10:18:25"
},
{
"kids":[
"zsZJorzy5"
],
"uid":"981697892dela",
"parent":"",
"text":"",
"mid":"zsZIZ3JlY",
"date":"2013-04-20 10:18:21"
},
{
"kids":[],
"uid":"lclove0210",
"parent":"",
"text":"[蠟燭]",
"mid":"zsZIXhfcJ",
"date":"2013-04-20 10:18:19"
},
{
"kids":[],
"uid":"2248598490",
"parent":"zsZIO7E42",
"text":"",
"mid":"zsZIUjUBF",
"date":"2013-04-20 10:18:12"
},
{
"kids":[],
"uid":"2134408124",
"parent":"",
"text":"",
"mid":"zsZITpNS8",
"date":"2013-04-20 10:18:10"
},
{
"kids":[
"zsZKC5Og2",
"zsZJTcBa6",
"zsZIUjUBF"
],
"uid":"1279550171",
"parent":"",
"text":"为了能营救出更多的同胞，请您绕行！~",
"mid":"zsZIO7E42",
"date":"2013-04-20 10:17:57"
},
{
"kids":[],
"uid":"2667630291",
"parent":"zsZuaCHnA",
"text":"",
"mid":"zsZILr3q6",
"date":"2013-04-20 10:17:50"
},
{
"kids":[],
"uid":"22244ever",
"parent":"",
"text":"扩",
"mid":"zsZIKh4oS",
"date":"2013-04-20 10:17:47"
},
{
"kids":[],
"uid":"2640529625",
"parent":"zsZDUFxM1",
"text":"[话筒][话筒][话筒]",
"mid":"zsZIHBl6i",
"date":"2013-04-20 10:17:41"
},
{
"kids":[],
"uid":"1346648503",
"parent":"",
"text":"",
"mid":"zsZIEp7Vo",
"date":"2013-04-20 10:17:33"
},
{
"kids":[],
"uid":"1854074747",
"parent":"",
"text":"",
"mid":"zsZIDtaes",
"date":"2013-04-20 10:17:32"
},
{
"kids":[
"zuWt6rwzK",
"zuLi17NoE",
"zuLi17yKh",
"zu26V4D4i",
"ztTx3k6sQ",
"ztTx3iStq"
],
"uid":"1954315245",
"parent":"",
"text":"祈祷",
"mid":"zsZIDtabS",
"date":"2013-04-20 10:17:32"
},
{
"kids":[],
"uid":"2440172305",
"parent":"",
"text":"",
"mid":"zsZICzV7G",
"date":"2013-04-20 10:17:30"
},
{
"kids":[
"zt0zyBcQK",
"zsZSAsvqc"
],
"uid":"cxm118",
"parent":"zsZGV7cNc",
"text":"已经辟谣，这张照片是512的！！！",
"mid":"zsZIznGXH",
"date":"2013-04-20 10:17:22"
},
{
"kids":[],
"uid":"1822231285",
"parent":"zsZHGp18O",
"text":"",
"mid":"zsZIxg2qn",
"date":"2013-04-20 10:17:16"
},
{
"kids":[],
"uid":"1901985283",
"parent":"zsZzVD6Bj",
"text":"",
"mid":"zsZIumfYi",
"date":"2013-04-20 10:17:10"
},
{
"kids":[],
"uid":"2899749075",
"parent":"",
"text":"",
"mid":"zsZIqcuVs",
"date":"2013-04-20 10:16:59"
},
{
"kids":[],
"uid":"207979620",
"parent":"zsZAl1VrQ",
"text":"天！！这让我想起了5年前512当天下午我从学校里出来后在都江堰中医院门口看到的具具尸体。。。[悲伤][悲伤][悲伤][悲伤][悲伤]",
"mid":"zsZIoFDXI",
"date":"2013-04-20 10:16:57"
},
{
"kids":[],
"uid":"1785007413",
"parent":"zsZH90Cnp",
"text":"",
"mid":"zsZIm3dd7",
"date":"2013-04-20 10:16:49"
},
{
"kids":[
"zsZL58gQp",
"zsZJCncwF"
],
"uid":"heyjude1024",
"parent":"zsZGWyNzu",
"text":"转！[蜡烛]",
"mid":"zsZIk1MCg",
"date":"2013-04-20 10:16:45"
},
{
"kids":[],
"uid":"joleneai",
"parent":"",
"text":"",
"mid":"zsZIh0VIS",
"date":"2013-04-20 10:16:38"
},
{
"kids":[],
"uid":"234579110",
"parent":"zsZAqFE2b",
"text":"",
"mid":"zsZI2eh55",
"date":"2013-04-20 10:16:03"
},
{
"kids":[],
"uid":"2120417981",
"parent":"",
"text":"",
"mid":"zsZI1o0OC",
"date":"2013-04-20 10:16:01"
},
{
"kids":[],
"uid":"1926162555",
"parent":"",
"text":"",
"mid":"zsZI0vfmc",
"date":"2013-04-20 10:15:59"
},
{
"kids":[],
"uid":"1866194643",
"parent":"zsZHonRvJ",
"text":"",
"mid":"zsZHWlzms",
"date":"2013-04-20 10:15:49"
},
{
"kids":[],
"uid":"3325594520",
"parent":"",
"text":"麻烦大家把成雅高速的路，留出来，雅安的同胞，需要救援。。。。。",
"mid":"zsZHUAzbx",
"date":"2013-04-20 10:15:45"
},
{
"kids":[],
"uid":"1602466153",
"parent":"zsZyw8Afs",
"text":"[蜡烛][蜡烛][蜡烛]痛心...5年前仍历历在目...",
"mid":"zsZHQ9j0J",
"date":"2013-04-20 10:15:34"
},
{
"kids":[],
"uid":"2284547254",
"parent":"",
"text":"",
"mid":"zsZHPg3WA",
"date":"2013-04-20 10:15:32"
},
{
"kids":[],
"uid":"1803348372",
"parent":"",
"text":"[泪][绿丝带][蜡烛]",
"mid":"zsZHJDXOn",
"date":"2013-04-20 10:15:19"
},
{
"kids":[],
"uid":"1770797771",
"parent":"",
"text":"",
"mid":"zsZHJ3Nzd",
"date":"2013-04-20 10:15:16"
},
{
"kids":[],
"uid":"1781532972",
"parent":"zsZEu5Kw0",
"text":"",
"mid":"zsZHGFFpM",
"date":"2013-04-20 10:15:11"
},
{
"kids":[
"zsZZwpf3h",
"zsZIxg2qn"
],
"uid":"2652468844",
"parent":"",
"text":"",
"mid":"zsZHGp18O",
"date":"2013-04-20 10:15:10"
},
{
"kids":[],
"uid":"1184024064",
"parent":"",
"text":"",
"mid":"zsZHuh8Of",
"date":"2013-04-20 10:14:42"
},
{
"kids":[
"zsZHWlzms"
],
"uid":"277775910",
"parent":"",
"text":"请绕道…",
"mid":"zsZHonRvJ",
"date":"2013-04-20 10:14:28"
},
{
"kids":[
"zsZIm3dd7"
],
"uid":"hadesang",
"parent":"zsZGWyNzu",
"text":"",
"mid":"zsZH90Cnp",
"date":"2013-04-20 10:13:52"
},
{
"kids":[],
"uid":"1879756030",
"parent":"",
"text":"",
"mid":"zsZH90ChT",
"date":"2013-04-20 10:13:51"
},
{
"kids":[],
"uid":"2139222540",
"parent":"zsZGGEvgu",
"text":"",
"mid":"zsZH8pOcs",
"date":"2013-04-20 10:13:49"
},
{
"kids":[],
"uid":"1688615571",
"parent":"",
"text":"",
"mid":"zsZH07LU0",
"date":"2013-04-20 10:13:30"
},
{
"kids":[
"zsZNc0ls9"
],
"uid":"marydaniel",
"parent":"",
"text":"",
"mid":"zsZGXsTzO",
"date":"2013-04-20 10:13:22"
},
{
"kids":[
"zsZUobznD",
"zsZJSlc2P",
"zsZIk1MCg",
"zsZH90Cnp"
],
"uid":"papapang",
"parent":"",
"text":"求扩散...谢谢",
"mid":"zsZGWyNzu",
"date":"2013-04-20 10:13:22"
},
{
"kids":[
"zsZJ9pqII",
"zsZIznGXH"
],
"uid":"whiffet",
"parent":"",
"text":"",
"mid":"zsZGV7cNc",
"date":"2013-04-20 10:13:18"
},
{
"kids":[],
"uid":"2158348512",
"parent":"zsZBEk5Ks",
"text":"",
"mid":"zsZGUwlKS",
"date":"2013-04-20 10:13:16"
},
{
"kids":[],
"uid":"qcl1992",
"parent":"zsZC9A7v9",
"text":"/@中国猎头精英群",
"mid":"zsZGTBt3e",
"date":"2013-04-20 10:13:15"
},
{
"kids":[],
"uid":"jianzhuwailian",
"parent":"",
"text":"为雅安祈福[蜡烛][蜡烛]",
"mid":"zsZGSsfKr",
"date":"2013-04-20 10:13:12"
},
{
"kids":[],
"uid":"1573030972",
"parent":"",
"text":"",
"mid":"zsZGQpLLy",
"date":"2013-04-20 10:13:07"
},
{
"kids":[
"zsZKRrFrR",
"zsZH8pOcs"
],
"uid":"1675096015",
"parent":"zsZwzl65i",
"text":"",
"mid":"zsZGGEvgu",
"date":"2013-04-20 10:12:43"
},
{
"kids":[],
"uid":"2298103475",
"parent":"zsZAl1VrQ",
"text":"",
"mid":"zsZGE1cJD",
"date":"2013-04-20 10:12:37"
},
{
"kids":[],
"uid":"1967966147",
"parent":"",
"text":"",
"mid":"zsZGCd5Xb",
"date":"2013-04-20 10:12:33"
},
{
"kids":[],
"uid":"1785846530",
"parent":"",
"text":"",
"mid":"zsZGwgRdw",
"date":"2013-04-20 10:12:19"
},
{
"kids":[],
"uid":"3251139304",
"parent":"zsZuaCHnA",
"text":"多难的四川人民",
"mid":"zsZGvosXk",
"date":"2013-04-20 10:12:17"
},
{
"kids":[],
"uid":"dave123",
"parent":"",
"text":"",
"mid":"zsZGpccuL",
"date":"2013-04-20 10:12:02"
},
{
"kids":[],
"uid":"2251957883",
"parent":"",
"text":"",
"mid":"zsZGjBqeC",
"date":"2013-04-20 10:11:48"
},
{
"kids":[],
"uid":"1780834877",
"parent":"",
"text":"",
"mid":"zsZGcsMMB",
"date":"2013-04-20 10:11:32"
},
{
"kids":[],
"uid":"2343815775",
"parent":"",
"text":"我们的新闻给力的",
"mid":"zsZG2pWPI",
"date":"2013-04-20 10:11:07"
},
{
"kids":[],
"uid":"1648638330",
"parent":"zsZzVAMRT",
"text":"",
"mid":"zsZG28lts",
"date":"2013-04-20 10:11:06"
},
{
"kids":[],
"uid":"2289904993",
"parent":"",
"text":"",
"mid":"zsZFZtsSx",
"date":"2013-04-20 10:11:01"
},
{
"kids":[
"zuMkGkzlx"
],
"uid":"2108481193",
"parent":"",
"text":"",
"mid":"zsZFOwxcw",
"date":"2013-04-20 10:10:35"
},
{
"kids":[],
"uid":"2234267835",
"parent":"zsZCndFTG",
"text":"转发微博。",
"mid":"zsZFKommp",
"date":"2013-04-20 10:10:25"
},
{
"kids":[],
"uid":"2512125274",
"parent":"",
"text":"大家让让吧。让救援快一点。",
"mid":"zsZFF7NVN",
"date":"2013-04-20 10:10:11"
},
{
"kids":[],
"uid":"1598506027",
"parent":"zsZzA4Uyp",
"text":"[爱心传递]",
"mid":"zsZFEuxQA",
"date":"2013-04-20 10:10:10"
},
{
"kids":[],
"uid":"1621205852",
"parent":"",
"text":"",
"mid":"zsZFC8R3P",
"date":"2013-04-20 10:10:04"
},
{
"kids":[
"zsZKv1oU6"
],
"uid":"415278173",
"parent":"",
"text":"",
"mid":"zsZFzshfV",
"date":"2013-04-20 10:09:59"
},
{
"kids":[],
"uid":"2573873614",
"parent":"",
"text":"",
"mid":"zsZFs88qr",
"date":"2013-04-20 10:09:41"
},
{
"kids":[],
"uid":"2809834385",
"parent":"",
"text":"",
"mid":"zsZFq1VC0",
"date":"2013-04-20 10:09:34"
},
{
"kids":[],
"uid":"1894288071",
"parent":"",
"text":"",
"mid":"zsZFnllXw",
"date":"2013-04-20 10:09:30"
},
{
"kids":[],
"uid":"2541049483",
"parent":"",
"text":"",
"mid":"zsZFiCnFQ",
"date":"2013-04-20 10:09:17"
},
{
"kids":[],
"uid":"1435168221",
"parent":"",
"text":"安好，芦山[蜡烛]",
"mid":"zsZFijVZY",
"date":"2013-04-20 10:09:17"
},
{
"kids":[],
"uid":"1829385395",
"parent":"zsZCybvYb",
"text":"",
"mid":"zsZF9vWGN",
"date":"2013-04-20 10:08:55"
},
{
"kids":[],
"uid":"1865743183",
"parent":"",
"text":"",
"mid":"zsZEVgVDW",
"date":"2013-04-20 10:08:22"
},
{
"kids":[],
"uid":"2268731100",
"parent":"zsZyViv5V",
"text":"",
"mid":"zsZESnyin",
"date":"2013-04-20 10:08:15"
},
{
"kids":[],
"uid":"1110904372",
"parent":"zsZB12XKa",
"text":"",
"mid":"zsZES1ZWs",
"date":"2013-04-20 10:08:14"
},
{
"kids":[],
"uid":"1979095507",
"parent":"zsZDp2L2l",
"text":"扩散",
"mid":"zsZERuiWV",
"date":"2013-04-20 10:08:14"
},
{
"kids":[],
"uid":"2124038233",
"parent":"zsZCK0S5b",
"text":"",
"mid":"zsZEOwXM5",
"date":"2013-04-20 10:08:06"
},
{
"kids":[],
"uid":"1686257200",
"parent":"",
"text":"救人要紧！",
"mid":"zsZEI1pCA",
"date":"2013-04-20 10:07:50"
},
{
"kids":[],
"uid":"euniceet",
"parent":"",
"text":"",
"mid":"zsZEFnlbU",
"date":"2013-04-20 10:07:44"
},
{
"kids":[],
"uid":"1580090713",
"parent":"",
"text":"",
"mid":"zsZEA0pzZ",
"date":"2013-04-20 10:07:33"
},
{
"kids":[],
"uid":"2685582593",
"parent":"",
"text":"",
"mid":"zsZEzoLEV",
"date":"2013-04-20 10:07:30"
},
{
"kids":[],
"uid":"2078318343",
"parent":"zsZDPjR7r",
"text":"",
"mid":"zsZEvixfT",
"date":"2013-04-20 10:07:21"
},
{
"kids":[
"zsZHGFFpM"
],
"uid":"1924177274",
"parent":"",
"text":"@喵嘻嘻西西茜茜 @黄小小Tiny @我爱你你真幽默 @盒子豆",
"mid":"zsZEu5Kw0",
"date":"2013-04-20 10:07:18"
},
{
"kids":[],
"uid":"luochengye",
"parent":"",
"text":"",
"mid":"zsZEsARBu",
"date":"2013-04-20 10:07:15"
},
{
"kids":[],
"uid":"2882954361",
"parent":"",
"text":"",
"mid":"zsZEd0Eie",
"date":"2013-04-20 10:06:36"
},
{
"kids":[
"zt5GwB7qf",
"zt5Gwk42O"
],
"uid":"3121288241",
"parent":"",
"text":"",
"mid":"zsZE9sfmQ",
"date":"2013-04-20 10:06:29"
},
{
"kids":[],
"uid":"1528754782",
"parent":"zsZB12XKa",
"text":"@简历义工 @李开复 @罗振宇 @任志强 @萧山君子 @薛蛮子 @",
"mid":"zsZE7nztM",
"date":"2013-04-20 10:06:24"
},
{
"kids":[],
"uid":"1352046885",
"parent":"zsZtPqhPt",
"text":"急转急转",
"mid":"zsZE0ynvE",
"date":"2013-04-20 10:06:07"
},
{
"kids":[
"zsZMmA8pQ"
],
"uid":"zhanyouqingshen",
"parent":"",
"text":"生命通道！",
"mid":"zsZDZoNaj",
"date":"2013-04-20 10:06:05"
},
{
"kids":[],
"uid":"1736462515",
"parent":"",
"text":"",
"mid":"zsZDZ7M6g",
"date":"2013-04-20 10:06:04"
},
{
"kids":[],
"uid":"1497484552",
"parent":"zsZwzl65i",
"text":"",
"mid":"zsZDX35T1",
"date":"2013-04-20 10:05:59"
},
{
"kids":[
"zsZIHBl6i"
],
"uid":"3035272013",
"parent":"zsZCNxq4u",
"text":"",
"mid":"zsZDUFxM1",
"date":"2013-04-20 10:05:54"
},
{
"kids":[
"zsZEvixfT"
],
"uid":"778916127",
"parent":"",
"text":"",
"mid":"zsZDPjR7r",
"date":"2013-04-20 10:05:41"
},
{
"kids":[],
"uid":"1734456961",
"parent":"",
"text":"[蜡烛][蜡烛][蜡烛][蜡烛]",
"mid":"zsZDLcwpu",
"date":"2013-04-20 10:05:30"
},
{
"kids":[],
"uid":"3204808517",
"parent":"",
"text":"",
"mid":"zsZDJpc6m",
"date":"2013-04-20 10:05:26"
},
{
"kids":[],
"uid":"1736557415",
"parent":"zsZCtoc16",
"text":"",
"mid":"zsZDIgYPk",
"date":"2013-04-20 10:05:24"
},
{
"kids":[],
"uid":"3172276680",
"parent":"zsZAL35xC",
"text":"",
"mid":"zsZDCDU5T",
"date":"2013-04-20 10:05:11"
},
{
"kids":[],
"uid":"2262953011",
"parent":"zsZCNxq4u",
"text":"",
"mid":"zsZDvebjV",
"date":"2013-04-20 10:04:52"
},
{
"kids":[],
"uid":"zhouying7",
"parent":"",
"text":"",
"mid":"zsZDu3kY3",
"date":"2013-04-20 10:04:50"
},
{
"kids":[],
"uid":"2071476193",
"parent":"",
"text":"",
"mid":"zsZDsjqRs",
"date":"2013-04-20 10:04:45"
},
{
"kids":[],
"uid":"1893057050",
"parent":"",
"text":"少打电话留出通信资源",
"mid":"zsZDpB7BQ",
"date":"2013-04-20 10:04:40"
},
{
"kids":[
"zsZOTdebF",
"zsZERuiWV"
],
"uid":"1958475485",
"parent":"",
"text":"[祈祷][祈祷][祈祷]",
"mid":"zsZDp2L2l",
"date":"2013-04-20 10:04:38"
},
{
"kids":[],
"uid":"acouslat",
"parent":"zsZtPqhPt",
"text":"祈祷，祝福平安！",
"mid":"zsZDp1V5g",
"date":"2013-04-20 10:04:39"
},
{
"kids":[],
"uid":"juyaheng",
"parent":"",
"text":"",
"mid":"zsZDie16f",
"date":"2013-04-20 10:04:22"
},
{
"kids":[
"zt0a4DvVY"
],
"uid":"1758894842",
"parent":"",
"text":"[祈祷]",
"mid":"zsZDhlBYr",
"date":"2013-04-20 10:04:19"
},
{
"kids":[
"zt1lM6lLn"
],
"uid":"2080718045",
"parent":"zsZzCom5b",
"text":"",
"mid":"zsZDdw7Zo",
"date":"2013-04-20 10:04:10"
},
{
"kids":[],
"uid":"bingo116",
"parent":"",
"text":"",
"mid":"zsZD9mRcL",
"date":"2013-04-20 10:04:00"
},
{
"kids":[],
"uid":"1835690511",
"parent":"",
"text":"",
"mid":"zsZD72eUS",
"date":"2013-04-20 10:03:54"
},
{
"kids":[],
"uid":"2159329100",
"parent":"zsZCmkqrY",
"text":"",
"mid":"zsZD6aHyQ",
"date":"2013-04-20 10:03:53"
},
{
"kids":[],
"uid":"3156185025",
"parent":"",
"text":"",
"mid":"zsZD5z3P2",
"date":"2013-04-20 10:03:52"
},
{
"kids":[],
"uid":"826104618",
"parent":"",
"text":"",
"mid":"zsZD46BTQ",
"date":"2013-04-20 10:03:47"
},
{
"kids":[],
"uid":"zhqzhl10151130",
"parent":"",
"text":"[话筒]",
"mid":"zsZCVtrSd",
"date":"2013-04-20 10:03:27"
},
{
"kids":[],
"uid":"3089540057",
"parent":"",
"text":"",
"mid":"zsZCRo0dY",
"date":"2013-04-20 10:03:18"
},
{
"kids":[],
"uid":"1790461655",
"parent":"zsZCcAg7J",
"text":"",
"mid":"zsZCQbruk",
"date":"2013-04-20 10:03:15"
},
{
"kids":[
"zt2uPzu2n",
"zsZDUFxM1",
"zsZDvebjV"
],
"uid":"577449821",
"parent":"",
"text":"",
"mid":"zsZCNxq4u",
"date":"2013-04-20 10:03:09"
},
{
"kids":[],
"uid":"2760866175",
"parent":"",
"text":"从网友们的现场图片来看，情况比较糟糕。灾区的同胞，请注意防好余震。雅安，加油！芦山，雄起！",
"mid":"zsZCKfLEZ",
"date":"2013-04-20 10:03:01"
},
{
"kids":[
"zsZEOwXM5"
],
"uid":"2642894583",
"parent":"",
"text":"扩~~",
"mid":"zsZCK0S5b",
"date":"2013-04-20 10:02:59"
},
{
"kids":[],
"uid":"1697535600",
"parent":"",
"text":"转！",
"mid":"zsZCDuy9Q",
"date":"2013-04-20 10:02:45"
},
{
"kids":[
"zsZF9vWGN"
],
"uid":"bloomstone",
"parent":"zsZC9A7v9",
"text":"",
"mid":"zsZCybvYb",
"date":"2013-04-20 10:02:31"
},
{
"kids":[],
"uid":"1823301172",
"parent":"zsZB2r6KX",
"text":"",
"mid":"zsZCvbvUM",
"date":"2013-04-20 10:02:24"
},
{
"kids":[],
"uid":"1935506722",
"parent":"zsZyRpUXD",
"text":"",
"mid":"zsZCuz2nF",
"date":"2013-04-20 10:02:25"
},
{
"kids":[],
"uid":"1872946325",
"parent":"",
"text":"",
"mid":"zsZCtFNcM",
"date":"2013-04-20 10:02:20"
},
{
"kids":[
"zsZDIgYPk"
],
"uid":"jourhuang",
"parent":"zsZzgeAIH",
"text":"",
"mid":"zsZCtoc16",
"date":"2013-04-20 10:02:21"
},
{
"kids":[],
"uid":"tomy521",
"parent":"zsZzVD6Bj",
"text":"",
"mid":"zsZCnumAI",
"date":"2013-04-20 10:02:07"
},
{
"kids":[
"zsZFKommp"
],
"uid":"2145761054",
"parent":"zsZzJw8DM",
"text":"",
"mid":"zsZCndFTG",
"date":"2013-04-20 10:02:06"
},
{
"kids":[
"zsZD6aHyQ"
],
"uid":"ailvs",
"parent":"zsZtPqhPt",
"text":"",
"mid":"zsZCmkqrY",
"date":"2013-04-20 10:02:03"
},
{
"kids":[
"zuMOWpMsV",
"zuFsNcpnZ",
"zuFsMz9B7",
"ztR6wtAN7",
"ztKL3hi1P",
"ztKL3gqCQ"
],
"uid":"2961500925",
"parent":"zsZzwvVtB",
"text":"",
"mid":"zsZCj7dgB",
"date":"2013-04-20 10:01:56"
},
{
"kids":[],
"uid":"3081902237",
"parent":"",
"text":"",
"mid":"zsZCgo1BT",
"date":"2013-04-20 10:01:50"
},
{
"kids":[],
"uid":"2240429271",
"parent":"zsZxTpGxd",
"text":"十一，成都怎么样？没事吧？",
"mid":"zsZCfeTz0",
"date":"2013-04-20 10:01:46"
},
{
"kids":[
"zsZCQbruk"
],
"uid":"polyxinyu",
"parent":"",
"text":"请大家关注！",
"mid":"zsZCcAg7J",
"date":"2013-04-20 10:01:41"
},
{
"kids":[
"zsZGTBt3e",
"zsZCybvYb"
],
"uid":"kurtstj",
"parent":"",
"text":"支持！生命无价",
"mid":"zsZC9A7v9",
"date":"2013-04-20 10:01:33"
},
{
"kids":[],
"uid":"2272550194",
"parent":"zsZB35Xtb",
"text":"天佑我四川",
"mid":"zsZC5vmEb",
"date":"2013-04-20 10:01:23"
},
{
"kids":[],
"uid":"2990157204",
"parent":"",
"text":"[话筒][话筒][话筒]",
"mid":"zsZC42Uy3",
"date":"2013-04-20 10:01:19"
},
{
"kids":[],
"uid":"luckyxiner",
"parent":"",
"text":"愿平安",
"mid":"zsZC2y1sv",
"date":"2013-04-20 10:01:17"
},
{
"kids":[],
"uid":"1825431941",
"parent":"",
"text":"希望四川受灾同胞平安渡过难关",
"mid":"zsZC2uC5E",
"date":"2013-04-20 10:01:16"
},
{
"kids":[],
"uid":"2642788292",
"parent":"",
"text":"",
"mid":"zsZC2fMCH",
"date":"2013-04-20 10:01:16"
},
{
"kids":[],
"uid":"1770500682",
"parent":"",
"text":"",
"mid":"zsZBZirCu",
"date":"2013-04-20 10:01:08"
},
{
"kids":[
"zt07n8CcQ"
],
"uid":"aladinggirl",
"parent":"",
"text":"[爱心传递]",
"mid":"zsZBYmrh7",
"date":"2013-04-20 10:01:07"
},
{
"kids":[],
"uid":"2065785755",
"parent":"zsZzY1VDS",
"text":"",
"mid":"zsZBR2HG6",
"date":"2013-04-20 10:00:49"
},
{
"kids":[],
"uid":"1863137192",
"parent":"zsZzYiQrB",
"text":"",
"mid":"zsZBOkqK6",
"date":"2013-04-20 10:00:43"
},
{
"kids":[],
"uid":"1738169604",
"parent":"",
"text":"拜托附近车辆让出生命通道，保证救援及时",
"mid":"zsZBMfvQX",
"date":"2013-04-20 10:00:37"
},
{
"kids":[
"zsZGUwlKS"
],
"uid":"1943129145",
"parent":"",
"text":"[good]",
"mid":"zsZBEk5Ks",
"date":"2013-04-20 10:00:18"
},
{
"kids":[],
"uid":"1975686173",
"parent":"",
"text":"雅安加油[悲伤]",
"mid":"zsZBCv6BS",
"date":"2013-04-20 10:00:15"
},
{
"kids":[],
"uid":"2278605597",
"parent":"",
"text":"",
"mid":"zsZBA9pQ2",
"date":"2013-04-20 10:00:09"
},
{
"kids":[],
"uid":"senalin",
"parent":"zsZtPqhPt",
"text":"",
"mid":"zsZBwjWno",
"date":"2013-04-20 09:59:59"
},
{
"kids":[],
"uid":"1677365554",
"parent":"",
"text":"",
"mid":"zsZBt50D8",
"date":"2013-04-20 09:59:52"
},
{
"kids":[],
"uid":"maozhuliu",
"parent":"zsZA8lIxu",
"text":"不知道以前工作的地方宝兴怎么样？和芦山接壤",
"mid":"zsZBomxza",
"date":"2013-04-20 09:59:41"
},
{
"kids":[],
"uid":"2008204945",
"parent":"",
"text":"@Ariel_晨晨 @pink_loli莎拉 @蕊蕊二宝 [蜡烛][蜡烛]",
"mid":"zsZBojgwe",
"date":"2013-04-20 09:59:41"
},
{
"kids":[
"ztA2k6whU",
"zsZNrBROH"
],
"uid":"2165246613",
"parent":"",
"text":"",
"mid":"zsZBl6gf5",
"date":"2013-04-20 09:59:32"
},
{
"kids":[],
"uid":"575711144",
"parent":"zsZB865Zf",
"text":"",
"mid":"zsZBjCI7c",
"date":"2013-04-20 09:59:29"
},
{
"kids":[],
"uid":"516588567",
"parent":"zsZAL35xC",
"text":"",
"mid":"zsZBirRtM",
"date":"2013-04-20 09:59:27"
},
{
"kids":[],
"uid":"1812103673",
"parent":"",
"text":"",
"mid":"zsZBgkweu",
"date":"2013-04-20 09:59:22"
},
{
"kids":[],
"uid":"2476959464",
"parent":"",
"text":"[蜡烛][蜡烛][蜡烛][蜡烛]",
"mid":"zsZBd7vWc",
"date":"2013-04-20 09:59:14"
},
{
"kids":[],
"uid":"vision127yundi",
"parent":"",
"text":"转！！！",
"mid":"zsZBat5wP",
"date":"2013-04-20 09:59:08"
},
{
"kids":[],
"uid":"3235502392",
"parent":"zsZuaCHnA",
"text":"平安！",
"mid":"zsZB9hA7y",
"date":"2013-04-20 09:59:05"
},
{
"kids":[],
"uid":"1828724272",
"parent":"",
"text":"",
"mid":"zsZB9f0Pu",
"date":"2013-04-20 09:59:05"
},
{
"kids":[
"zsZBjCI7c"
],
"uid":"kurtstj",
"parent":"zsZzFE6JO",
"text":"回复@伯恩Edwin:当地图片，呼吁大家尽量少打电话给四川朋友通过微博微信。高速公路救援车外尽量绕行",
"mid":"zsZB865Zf",
"date":"2013-04-20 09:59:02"
},
{
"kids":[],
"uid":"cdjfrettt",
"parent":"zsZy8efCO",
"text":"请大家为生命让行",
"mid":"zsZB620uE",
"date":"2013-04-20 09:58:56"
},
{
"kids":[
"zsZC5vmEb"
],
"uid":"1837632863",
"parent":"",
"text":"",
"mid":"zsZB35Xtb",
"date":"2013-04-20 09:58:49"
},
{
"kids":[],
"uid":"1872755922",
"parent":"",
"text":"",
"mid":"zsZB35iqY",
"date":"2013-04-20 09:58:50"
},
{
"kids":[
"zsZCvbvUM"
],
"uid":"talenthunter2012",
"parent":"zsZzFE6JO",
"text":"[蜡烛]",
"mid":"zsZB2r6KX",
"date":"2013-04-20 09:58:49"
},
{
"kids":[
"zsZES1ZWs",
"zsZE7nztM"
],
"uid":"ericqian",
"parent":"zsZzFE6JO",
"text":"@猎头顾问十一",
"mid":"zsZB12XKa",
"date":"2013-04-20 09:58:44"
},
{
"kids":[],
"uid":"duokeaiya",
"parent":"",
"text":"",
"mid":"zsZAZcaZo",
"date":"2013-04-20 09:58:41"
},
{
"kids":[],
"uid":"1725844692",
"parent":"",
"text":"",
"mid":"zsZAWj8mw",
"date":"2013-04-20 09:58:33"
},
{
"kids":[],
"uid":"1686733893",
"parent":"",
"text":"",
"mid":"zsZASogT9",
"date":"2013-04-20 09:58:25"
},
{
"kids":[],
"uid":"1836430017",
"parent":"zsZzGyNxc",
"text":"",
"mid":"zsZAPqWk1",
"date":"2013-04-20 09:58:17"
},
{
"kids":[],
"uid":"vicanny",
"parent":"",
"text":"",
"mid":"zsZAPbgqz",
"date":"2013-04-20 09:58:16"
},
{
"kids":[],
"uid":"1757050667",
"parent":"",
"text":"",
"mid":"zsZAOkmuG",
"date":"2013-04-20 09:58:16"
},
{
"kids":[],
"uid":"2705611025",
"parent":"zsZzwvVtB",
"text":"@我和派斯 @派斯团委 @派斯学院12级会本2班团支部 @合川新青年 @合川三江论坛",
"mid":"zsZAMxRQ7",
"date":"2013-04-20 09:58:09"
},
{
"kids":[
"zsZW5DK4G",
"zsZDCDU5T",
"zsZBirRtM"
],
"uid":"susieastone",
"parent":"",
"text":"",
"mid":"zsZAL35xC",
"date":"2013-04-20 09:58:07"
},
{
"kids":[],
"uid":"sukiewu122",
"parent":"",
"text":"[蜡烛][蜡烛][蜡烛]",
"mid":"zsZAI6j8x",
"date":"2013-04-20 09:58:00"
},
{
"kids":[],
"uid":"1817005953",
"parent":"",
"text":"",
"mid":"zsZABBKUS",
"date":"2013-04-20 09:57:45"
},
{
"kids":[],
"uid":"2016713185",
"parent":"",
"text":"[蠟燭][蠟燭][蠟燭]",
"mid":"zsZAB0fxk",
"date":"2013-04-20 09:57:43"
},
{
"kids":[],
"uid":"1803897441",
"parent":"",
"text":"",
"mid":"zsZAzxFgc",
"date":"2013-04-20 09:57:40"
},
{
"kids":[],
"uid":"1423675507",
"parent":"",
"text":"#雅安7级地震#",
"mid":"zsZAvDXPP",
"date":"2013-04-20 09:57:30"
},
{
"kids":[],
"uid":"1889489222",
"parent":"",
"text":"天佑雅安，天佑芦山！",
"mid":"zsZAtj6dk",
"date":"2013-04-20 09:57:23"
},
{
"kids":[],
"uid":"1740643642",
"parent":"",
"text":"",
"mid":"zsZAscA9S",
"date":"2013-04-20 09:57:21"
},
{
"kids":[
"zt0XCzGsU",
"zsZI2eh55"
],
"uid":"1734139600",
"parent":"",
"text":"",
"mid":"zsZAqFE2b",
"date":"2013-04-20 09:57:18"
},
{
"kids":[],
"uid":"2252584600",
"parent":"zsZzKn6AS",
"text":"[爱心传递]",
"mid":"zsZAlB7Yk",
"date":"2013-04-20 09:57:07"
},
{
"kids":[],
"uid":"2950221807",
"parent":"zsZtPqhPt",
"text":"",
"mid":"zsZAlklOe",
"date":"2013-04-20 09:57:06"
},
{
"kids":[
"zsZIoFDXI",
"zsZGE1cJD"
],
"uid":"2107322532",
"parent":"",
"text":"",
"mid":"zsZAl1VrQ",
"date":"2013-04-20 09:57:04"
},
{
"kids":[
"zsZJJrmbK"
],
"uid":"cbone",
"parent":"",
"text":"",
"mid":"zsZAhtM44",
"date":"2013-04-20 09:56:56"
},
{
"kids":[],
"uid":"2187261327",
"parent":"",
"text":"",
"mid":"zsZAhtM26",
"date":"2013-04-20 09:56:56"
},
{
"kids":[],
"uid":"1711506837",
"parent":"",
"text":"",
"mid":"zsZAgiVOa",
"date":"2013-04-20 09:56:54"
},
{
"kids":[],
"uid":"1190035623",
"parent":"",
"text":"",
"mid":"zsZAcsm3r",
"date":"2013-04-20 09:56:43"
},
{
"kids":[
"zsZBomxza"
],
"uid":"1992021391",
"parent":"zsZyj9emN",
"text":"祈祷一切安好[蜡烛][蜡烛][蜡烛]",
"mid":"zsZA8lIxu",
"date":"2013-04-20 09:56:34"
},
{
"kids":[],
"uid":"wxaicl",
"parent":"",
"text":"",
"mid":"zsZA6wS4n",
"date":"2013-04-20 09:56:31"
},
{
"kids":[],
"uid":"1075796462",
"parent":"zsZyRpUXD",
"text":"[爱心传递][伤心][蜡烛]",
"mid":"zsZA5onj9",
"date":"2013-04-20 09:56:27"
},
{
"kids":[
"zt049j9hH",
"zsZMkc7xd"
],
"uid":"chanileedonghae",
"parent":"zsZzKq4Og",
"text":"",
"mid":"zsZA0lqFV",
"date":"2013-04-20 09:56:16"
},
{
"kids":[],
"uid":"1904964104",
"parent":"",
"text":"",
"mid":"zsZA061wc",
"date":"2013-04-20 09:56:14"
},
{
"kids":[],
"uid":"1659402837",
"parent":"",
"text":"",
"mid":"zsZA03Pp4",
"date":"2013-04-20 09:56:15"
},
{
"kids":[],
"uid":"1302811791",
"parent":"zsZzGyNxc",
"text":"",
"mid":"zsZzZsbvd",
"date":"2013-04-20 09:56:13"
},
{
"kids":[
"zsZTnywsB",
"zsZBOkqK6"
],
"uid":"1456597153",
"parent":"",
"text":"[爱心传递]",
"mid":"zsZzYiQrB",
"date":"2013-04-20 09:56:11"
},
{
"kids":[
"zsZBR2HG6"
],
"uid":"2010984492",
"parent":"",
"text":"",
"mid":"zsZzY1VDS",
"date":"2013-04-20 09:56:10"
},
{
"kids":[],
"uid":"ganyuu",
"parent":"",
"text":"@纵维视觉Zone-way",
"mid":"zsZzXnh0x",
"date":"2013-04-20 09:56:08"
},
{
"kids":[],
"uid":"2989691801",
"parent":"",
"text":"转转转!",
"mid":"zsZzWfrbY",
"date":"2013-04-20 09:56:06"
},
{
"kids":[
"zt0pftcQ1",
"zsZIumfYi",
"zsZCnumAI"
],
"uid":"christinayytx",
"parent":"zsZzFE6JO",
"text":"帮转",
"mid":"zsZzVD6Bj",
"date":"2013-04-20 09:56:04"
},
{
"kids":[
"zsZG28lts"
],
"uid":"2386739102",
"parent":"",
"text":"",
"mid":"zsZzVAMRT",
"date":"2013-04-20 09:56:05"
},
{
"kids":[
"zvQ5vD6BH",
"zvGYtjy37",
"zvGYtjy1D",
"zuW0Fy4xv",
"zuOXzmwV1",
"zuOXzmwSC",
"zu1fE2VOK",
"ztQjhtoT3",
"ztQjhtoPS",
"zt6kuAHu0"
],
"uid":"3182602747",
"parent":"",
"text":"",
"mid":"zsZzVk0Ca",
"date":"2013-04-20 09:56:05"
},
{
"kids":[],
"uid":"1867028744",
"parent":"",
"text":"",
"mid":"zsZzV3TP2",
"date":"2013-04-20 09:56:02"
},
{
"kids":[],
"uid":"murderthesky",
"parent":"",
"text":"",
"mid":"zsZzU9ade",
"date":"2013-04-20 09:56:01"
},
{
"kids":[],
"uid":"2872879160",
"parent":"",
"text":"",
"mid":"zsZzSDsoG",
"date":"2013-04-20 09:55:58"
},
{
"kids":[],
"uid":"stevenpan0318",
"parent":"",
"text":"",
"mid":"zsZzSlR6U",
"date":"2013-04-20 09:55:57"
},
{
"kids":[],
"uid":"1874434267",
"parent":"",
"text":"转",
"mid":"zsZzQzmWM",
"date":"2013-04-20 09:55:53"
},
{
"kids":[],
"uid":"catti",
"parent":"",
"text":"",
"mid":"zsZzPplui",
"date":"2013-04-20 09:55:50"
},
{
"kids":[
"zsZA0lqFV"
],
"uid":"1800839382",
"parent":"zsZzCFXm9",
"text":"",
"mid":"zsZzKq4Og",
"date":"2013-04-20 09:55:37"
},
{
"kids":[
"zsZVrsnNZ",
"zsZAlB7Yk"
],
"uid":"magickelly",
"parent":"",
"text":"黄金72小时，请把生命留住！！[祈祷][祈祷][祈祷]",
"mid":"zsZzKn6AS",
"date":"2013-04-20 09:55:38"
},
{
"kids":[
"zt060za0c",
"zsZCndFTG"
],
"uid":"1743287680",
"parent":"",
"text":"",
"mid":"zsZzJw8DM",
"date":"2013-04-20 09:55:35"
},
{
"kids":[],
"uid":"1534908413",
"parent":"",
"text":"",
"mid":"zsZzIli7m",
"date":"2013-04-20 09:55:33"
},
{
"kids":[],
"uid":"weddingplannerziyu",
"parent":"",
"text":"",
"mid":"zsZzHb8Ah",
"date":"2013-04-20 09:55:30"
},
{
"kids":[
"zsZAPqWk1",
"zsZzZsbvd"
],
"uid":"wangchuan624",
"parent":"",
"text":"刚听说雅安地震了，望川渝的朋友安好。",
"mid":"zsZzGyNxc",
"date":"2013-04-20 09:55:28"
},
{
"kids":[],
"uid":"678210073",
"parent":"",
"text":"",
"mid":"zsZzGxlU7",
"date":"2013-04-20 09:55:29"
},
{
"kids":[
"zsZB865Zf",
"zsZB2r6KX",
"zsZB12XKa",
"zsZzVD6Bj"
],
"uid":"kurtstj",
"parent":"zsZxTpGxd",
"text":"这条转的太少了，麻烦大家帮转@人民日报 @Elviraaaaa- @猎头EricQian @猎上网 @猎头赢公益协会 @猎聘网 @举贤网 @人和网猎头助手 @红桃网Aceona @峰幂影视 @皮特彼得 @大中华猎头联盟 @基摩村 @中国猎头精英群 @精英猎头学院 @锐仕方达黄小平",
"mid":"zsZzFE6JO",
"date":"2013-04-20 09:55:27"
},
{
"kids":[],
"uid":"2510749124",
"parent":"zsZwzl65i",
"text":"",
"mid":"zsZzDipWd",
"date":"2013-04-20 09:55:19"
},
{
"kids":[],
"uid":"2549380260",
"parent":"",
"text":"",
"mid":"zsZzD2WTL",
"date":"2013-04-20 09:55:19"
},
{
"kids":[
"zsZzKq4Og"
],
"uid":"1764075475",
"parent":"",
"text":"",
"mid":"zsZzCFXm9",
"date":"2013-04-20 09:55:20"
},
{
"kids":[
"zsZDdw7Zo"
],
"uid":"doggylife",
"parent":"",
"text":"",
"mid":"zsZzCom5b",
"date":"2013-04-20 09:55:19"
},
{
"kids":[],
"uid":"2839408364",
"parent":"",
"text":"救人要紧，黄金72小时。",
"mid":"zsZzAkgE4",
"date":"2013-04-20 09:55:14"
},
{
"kids":[],
"uid":"2705134724",
"parent":"",
"text":"",
"mid":"zsZzA4UEG",
"date":"2013-04-20 09:55:13"
},
{
"kids":[
"zsZFEuxQA"
],
"uid":"3210707383",
"parent":"",
"text":"[话筒][话筒]大家一起帮扩[爱心传递]",
"mid":"zsZzA4Uyp",
"date":"2013-04-20 09:55:13"
},
{
"kids":[
"zsZCj7dgB",
"zsZAMxRQ7"
],
"uid":"920501256",
"parent":"",
"text":"社会车辆请改道 让出成雅高速",
"mid":"zsZzwvVtB",
"date":"2013-04-20 09:55:05"
},
{
"kids":[],
"uid":"2178963763",
"parent":"",
"text":"",
"mid":"zsZzuqqj8",
"date":"2013-04-20 09:54:59"
},
{
"kids":[],
"uid":"2732086697",
"parent":"",
"text":"@请输入用户名",
"mid":"zsZztwmrX",
"date":"2013-04-20 09:54:57"
},
{
"kids":[],
"uid":"lalayr",
"parent":"",
"text":"",
"mid":"zsZzpFMUW",
"date":"2013-04-20 09:54:49"
},
{
"kids":[],
"uid":"1679627604",
"parent":"",
"text":"不走那儿了！[心]  雅西高速还好吧，我很关心… [泪]",
"mid":"zsZzn5p0N",
"date":"2013-04-20 09:54:41"
},
{
"kids":[],
"uid":"2435350035",
"parent":"",
"text":"走起！",
"mid":"zsZzlzOo0",
"date":"2013-04-20 09:54:40"
},
{
"kids":[
"zsZT7ymhw"
],
"uid":"kuigev5",
"parent":"",
"text":"",
"mid":"zsZzilznM",
"date":"2013-04-20 09:54:30"
},
{
"kids":[],
"uid":"1651240870",
"parent":"",
"text":"转",
"mid":"zsZzhqfYM",
"date":"2013-04-20 09:54:29"
},
{
"kids":[
"zsZCtoc16"
],
"uid":"1883420363",
"parent":"",
"text":"",
"mid":"zsZzgeAIH",
"date":"2013-04-20 09:54:26"
},
{
"kids":[],
"uid":"1912290703",
"parent":"",
"text":"",
"mid":"zsZzf3Klc",
"date":"2013-04-20 09:54:23"
},
{
"kids":[
"zuEg9tB0D",
"zuCsZ8Bps",
"zuCsYwXGJ"
],
"uid":"viole",
"parent":"",
"text":"祈祷平安！[蜡烛]",
"mid":"zsZzdhgi4",
"date":"2013-04-20 09:54:19"
},
{
"kids":[],
"uid":"tiramisuqiqi",
"parent":"",
"text":"",
"mid":"zsZzbdZxc",
"date":"2013-04-20 09:54:14"
},
{
"kids":[],
"uid":"1713670004",
"parent":"",
"text":"",
"mid":"zsZzam5LI",
"date":"2013-04-20 09:54:11"
},
{
"kids":[],
"uid":"1730964925",
"parent":"",
"text":"[蜡烛][蜡烛][蜡烛]",
"mid":"zsZz8gEWm",
"date":"2013-04-20 09:54:07"
},
{
"kids":[],
"uid":"2780168405",
"parent":"",
"text":"",
"mid":"zsZz7F10V",
"date":"2013-04-20 09:54:06"
},
{
"kids":[
"zsZMdFOBJ"
],
"uid":"yooes",
"parent":"",
"text":"",
"mid":"zsZz7EclU",
"date":"2013-04-20 09:54:06"
},
{
"kids":[],
"uid":"3123601655",
"parent":"",
"text":"",
"mid":"zsZz5lmHY",
"date":"2013-04-20 09:53:59"
},
{
"kids":[],
"uid":"2243990242",
"parent":"zsZyw8Afs",
"text":"",
"mid":"zsZz533t8",
"date":"2013-04-20 09:53:58"
},
{
"kids":[],
"uid":"2668449061",
"parent":"",
"text":"",
"mid":"zsZz2o1GD",
"date":"2013-04-20 09:53:52"
},
{
"kids":[],
"uid":"rainruru",
"parent":"",
"text":"扩散",
"mid":"zsZz1uMnR",
"date":"2013-04-20 09:53:51"
},
{
"kids":[],
"uid":"2030959553",
"parent":"",
"text":"[蜡烛]",
"mid":"zsZz1b9sI",
"date":"2013-04-20 09:53:50"
},
{
"kids":[],
"uid":"1574187792",
"parent":"",
"text":"",
"mid":"zsZyZpYuY",
"date":"2013-04-20 09:53:45"
},
{
"kids":[],
"uid":"2605721900",
"parent":"",
"text":"[蜡烛][爱心传递]",
"mid":"zsZyZpYuA",
"date":"2013-04-20 09:53:46"
},
{
"kids":[],
"uid":"2621614917",
"parent":"",
"text":"哎呦我去〜",
"mid":"zsZyZoFjQ",
"date":"2013-04-20 09:53:46"
},
{
"kids":[
"zt0xUmldV",
"zsZESnyin"
],
"uid":"2911562597",
"parent":"",
"text":"必须转！",
"mid":"zsZyViv5V",
"date":"2013-04-20 09:53:37"
},
{
"kids":[
"zt020nhlo",
"zsZCuz2nF",
"zsZA5onj9"
],
"uid":"1798222813",
"parent":"",
"text":"轉！",
"mid":"zsZyRpUXD",
"date":"2013-04-20 09:53:27"
},
{
"kids":[],
"uid":"2997242324",
"parent":"",
"text":"",
"mid":"zsZyQglTZ",
"date":"2013-04-20 09:53:23"
},
{
"kids":[],
"uid":"1150611841",
"parent":"",
"text":"转",
"mid":"zsZyP5vi1",
"date":"2013-04-20 09:53:20"
},
{
"kids":[],
"uid":"cherrytian",
"parent":"",
"text":"天啊，希望安好啊",
"mid":"zsZyLgJmy",
"date":"2013-04-20 09:53:10"
},
{
"kids":[],
"uid":"2170966254",
"parent":"",
"text":"[蜡烛][蜡烛][蜡烛][蜡烛]",
"mid":"zsZyKnubd",
"date":"2013-04-20 09:53:09"
},
{
"kids":[],
"uid":"tank41",
"parent":"",
"text":"",
"mid":"zsZyK443P",
"date":"2013-04-20 09:53:08"
},
{
"kids":[],
"uid":"2639851824",
"parent":"",
"text":"转！救人重要！",
"mid":"zsZyJras2",
"date":"2013-04-20 09:53:07"
},
{
"kids":[],
"uid":"2105632211",
"parent":"",
"text":"",
"mid":"zsZyIhzAf",
"date":"2013-04-20 09:53:05"
},
{
"kids":[],
"uid":"huhuhuyiyiyi",
"parent":"",
"text":"",
"mid":"zsZyGfiqp",
"date":"2013-04-20 09:52:58"
},
{
"kids":[],
"uid":"1748446507",
"parent":"",
"text":"",
"mid":"zsZyFAAVR",
"date":"2013-04-20 09:52:59"
},
{
"kids":[],
"uid":"2749552901",
"parent":"",
"text":"",
"mid":"zsZyF0zL5",
"date":"2013-04-20 09:52:57"
},
{
"kids":[],
"uid":"iceman317",
"parent":"",
"text":"",
"mid":"zsZyE89fb",
"date":"2013-04-20 09:52:54"
},
{
"kids":[],
"uid":"2086731332",
"parent":"",
"text":"",
"mid":"zsZyClF8w",
"date":"2013-04-20 09:52:51"
},
{
"kids":[],
"uid":"2873818170",
"parent":"",
"text":"",
"mid":"zsZyBaOJY",
"date":"2013-04-20 09:52:47"
},
{
"kids":[],
"uid":"505972194",
"parent":"",
"text":"",
"mid":"zsZyygwAL",
"date":"2013-04-20 09:52:40"
},
{
"kids":[
"zsZHQ9j0J",
"zsZz533t8"
],
"uid":"sccmxy",
"parent":"",
"text":"#图片速递#",
"mid":"zsZyw8Afs",
"date":"2013-04-20 09:52:35"
},
{
"kids":[],
"uid":"sindyxm",
"parent":"",
"text":"",
"mid":"zsZys0poe",
"date":"2013-04-20 09:52:25"
},
{
"kids":[],
"uid":"2274790154",
"parent":"",
"text":"",
"mid":"zsZyr7agX",
"date":"2013-04-20 09:52:23"
},
{
"kids":[],
"uid":"1826213192",
"parent":"",
"text":"[爱心传递]",
"mid":"zsZyp3TpR",
"date":"2013-04-20 09:52:19"
},
{
"kids":[
"zt0hajsZR",
"zsZA8lIxu"
],
"uid":"206523666",
"parent":"zsZy0yWy4",
"text":"[蜡烛][蜡烛][蜡烛]",
"mid":"zsZyj9emN",
"date":"2013-04-20 09:52:04"
},
{
"kids":[],
"uid":"2077985051",
"parent":"",
"text":"来吧，发挥网民强大的力量，黄金72小时，让世界也看看中国人民的素质。",
"mid":"zsZyflDHw",
"date":"2013-04-20 09:51:56"
},
{
"kids":[],
"uid":"ranranyilin",
"parent":"",
"text":"",
"mid":"zsZydz9bO",
"date":"2013-04-20 09:51:51"
},
{
"kids":[],
"uid":"1889087757",
"parent":"zsZwzl65i",
"text":"@中国国际救援队:",
"mid":"zsZyay1LJ",
"date":"2013-04-20 09:51:44"
},
{
"kids":[
"zsZB620uE"
],
"uid":"1738722354",
"parent":"zsZvCt1Q0",
"text":"",
"mid":"zsZy8efCO",
"date":"2013-04-20 09:51:38"
},
{
"kids":[],
"uid":"Allen1Song",
"parent":"zsZxTpGxd",
"text":"",
"mid":"zsZy71uJ0",
"date":"2013-04-20 09:51:36"
},
{
"kids":[
"zsZyj9emN"
],
"uid":"2601539875",
"parent":"zsZwIuIBP",
"text":"",
"mid":"zsZy0yWy4",
"date":"2013-04-20 09:51:21"
},
{
"kids":[
"zsZCfeTz0",
"zsZzFE6JO",
"zsZy71uJ0"
],
"uid":"newambition11",
"parent":"zsZtPqhPt",
"text":"@草根猎头  @MUTUALHUNTER职海领航 @中国国际救援队 求转发！",
"mid":"zsZxTpGxd",
"date":"2013-04-20 09:51:04"
},
{
"kids":[],
"uid":"2116799463",
"parent":"zsZwg6JoA",
"text":"",
"mid":"zsZxLd2B0",
"date":"2013-04-20 09:50:43"
},
{
"kids":[],
"uid":"2640508777",
"parent":"zsZuaCHnA",
"text":"抓紧时间",
"mid":"zsZxFzdXv",
"date":"2013-04-20 09:50:31"
},
{
"kids":[],
"uid":"1714221551",
"parent":"zsZuaCHnA",
"text":"生命脆弱",
"mid":"zsZxEEWuJ",
"date":"2013-04-20 09:50:29"
},
{
"kids":[],
"uid":"2262787694",
"parent":"zsZvCt1Q0",
"text":"",
"mid":"zsZxEEWoO",
"date":"2013-04-20 09:50:29"
},
{
"kids":[],
"uid":"natelee",
"parent":"",
"text":"请大家体谅并让出通道？",
"mid":"zsZxEp7uk",
"date":"2013-04-20 09:50:28"
},
{
"kids":[],
"uid":"1838773323",
"parent":"zsZwR3gTV",
"text":"[蜡烛]",
"mid":"zsZxDsbwC",
"date":"2013-04-20 09:50:25"
},
{
"kids":[],
"uid":"2829488525",
"parent":"zsZuaCHnA",
"text":"@单眼皮A-小眼睛",
"mid":"zsZxp0FBY",
"date":"2013-04-20 09:49:51"
},
{
"kids":[],
"uid":"xixihaha0326",
"parent":"zsZvZhOVM",
"text":"",
"mid":"zsZxcAw2w",
"date":"2013-04-20 09:49:21"
},
{
"kids":[],
"uid":"2501434347",
"parent":"",
"text":"速度",
"mid":"zsZwY9yDW",
"date":"2013-04-20 09:48:46"
},
{
"kids":[
"zsZxDsbwC"
],
"uid":"1298778160",
"parent":"zsZtPqhPt",
"text":"[蜡烛][蜡烛][蜡烛]真心不好受",
"mid":"zsZwR3gTV",
"date":"2013-04-20 09:48:29"
},
{
"kids":[],
"uid":"3104099871",
"parent":"zsZuaCHnA",
"text":"有限的时间抢救更多的生命",
"mid":"zsZwPhxEm",
"date":"2013-04-20 09:48:25"
},
{
"kids":[],
"uid":"daocyz",
"parent":"zsZtPqhPt",
"text":"",
"mid":"zsZwKw5JA",
"date":"2013-04-20 09:48:13"
},
{
"kids":[],
"uid":"2772688031",
"parent":"zsZwzl65i",
"text":"",
"mid":"zsZwKdGmN",
"date":"2013-04-20 09:48:14"
},
{
"kids":[
"zsZy0yWy4"
],
"uid":"1904249315",
"parent":"",
"text":"",
"mid":"zsZwIuIBP",
"date":"2013-04-20 09:48:11"
},
{
"kids":[
"ztiJUxh8U",
"zsZGGEvgu",
"zsZDX35T1",
"zsZzDipWd",
"zsZyay1LJ",
"zsZwKdGmN"
],
"uid":"1929993220",
"parent":"zsZwon6Wa",
"text":"",
"mid":"zsZwzl65i",
"date":"2013-04-20 09:47:47"
},
{
"kids":[],
"uid":"3172889597",
"parent":"zsZuaCHnA",
"text":"对 没啥事儿就别占道了 把告诉让出来〜谢谢大家[悲伤]",
"mid":"zsZwzhBzM",
"date":"2013-04-20 09:47:47"
},
{
"kids":[
"zt8bR28PO",
"zsZRGDmcx",
"zsZLWwB7F"
],
"uid":"2477498331",
"parent":"",
"text":"",
"mid":"zsZww3tJU",
"date":"2013-04-20 09:47:40"
},
{
"kids":[],
"uid":"2685075471",
"parent":"",
"text":"",
"mid":"zsZwrC3lZ",
"date":"2013-04-20 09:47:30"
},
{
"kids":[],
"uid":"1684298435",
"parent":"zsZuImwZz",
"text":"前几天还跟老公计划去牛背山，雅安就。。。[可怜]",
"mid":"zsZwoDVPl",
"date":"2013-04-20 09:47:23"
},
{
"kids":[
"zsZwzl65i"
],
"uid":"1012425104",
"parent":"",
"text":"",
"mid":"zsZwon6Wa",
"date":"2013-04-20 09:47:22"
},
{
"kids":[],
"uid":"2559346854",
"parent":"zsZuaCHnA",
"text":"",
"mid":"zsZwl6AQ8",
"date":"2013-04-20 09:47:14"
},
{
"kids":[
"zsZxLd2B0"
],
"uid":"1260349434",
"parent":"",
"text":"挽救生命，请让出道路",
"mid":"zsZwg6JoA",
"date":"2013-04-20 09:47:01"
},
{
"kids":[],
"uid":"shidachang",
"parent":"zsZvsqZDA",
"text":"",
"mid":"zsZw5bIvf",
"date":"2013-04-20 09:46:35"
},
{
"kids":[
"zsZxcAw2w"
],
"uid":"2365512840",
"parent":"",
"text":"",
"mid":"zsZvZhOVM",
"date":"2013-04-20 09:46:22"
},
{
"kids":[],
"uid":"2032732555",
"parent":"zsZuaCHnA",
"text":"",
"mid":"zsZvLlPaX",
"date":"2013-04-20 09:45:49"
},
{
"kids":[],
"uid":"2428328971",
"parent":"zsZuQ4vQd",
"text":"",
"mid":"zsZvDmgQK",
"date":"2013-04-20 09:45:29"
},
{
"kids":[
"zsZy8efCO",
"zsZxEEWoO"
],
"uid":"2320421160",
"parent":"zsZtPqhPt",
"text":"",
"mid":"zsZvCt1Q0",
"date":"2013-04-20 09:45:27"
},
{
"kids":[],
"uid":"cxb0402",
"parent":"",
"text":"@相约打麻将",
"mid":"zsZvyFLue",
"date":"2013-04-20 09:45:18"
},
{
"kids":[
"zsZw5bIvf"
],
"uid":"1767529104",
"parent":"",
"text":"",
"mid":"zsZvsqZDA",
"date":"2013-04-20 09:45:04"
},
{
"kids":[
"zsZvDmgQK"
],
"uid":"scolhouse",
"parent":"zsZu5FqQP",
"text":"",
"mid":"zsZuQ4vQd",
"date":"2013-04-20 09:43:31"
},
{
"kids":[],
"uid":"2606056634",
"parent":"zsZtPqhPt",
"text":"",
"mid":"zsZuPbgBb",
"date":"2013-04-20 09:43:29"
},
{
"kids":[],
"uid":"2640371764",
"parent":"zsZuaCHnA",
"text":"",
"mid":"zsZuJfkdU",
"date":"2013-04-20 09:43:16"
},
{
"kids":[
"zsZwoDVPl"
],
"uid":"iilyzhong",
"parent":"zsZu5FqQP",
"text":"天",
"mid":"zsZuImwZz",
"date":"2013-04-20 09:43:14"
},
{
"kids":[],
"uid":"3303459665",
"parent":"",
"text":"好想去四川",
"mid":"zsZuGjfuc",
"date":"2013-04-20 09:43:09"
},
{
"kids":[],
"uid":"1073101631",
"parent":"",
"text":"",
"mid":"zsZuBhOAE",
"date":"2013-04-20 09:42:56"
},
{
"kids":[],
"uid":"3301444100",
"parent":"zsZuaCHnA",
"text":"",
"mid":"zsZuwz5rU",
"date":"2013-04-20 09:42:45"
},
{
"kids":[],
"uid":"1109007293",
"parent":"zsZuaCHnA",
"text":"",
"mid":"zsZutie7V",
"date":"2013-04-20 09:42:36"
},
{
"kids":[],
"uid":"1770338414",
"parent":"zsZtPqhPt",
"text":"",
"mid":"zsZuf7ayT",
"date":"2013-04-20 09:42:04"
},
{
"kids":[
"zt2bMeaki",
"zt0bcDSxB",
"zsZMQ6f6X",
"zsZJE7th3",
"zsZJ71Cuq",
"zsZILr3q6",
"zsZGvosXk",
"zsZB9hA7y",
"zsZxFzdXv",
"zsZxEEWuJ",
"zsZxp0FBY",
"zsZwPhxEm",
"zsZwzhBzM",
"zsZwl6AQ8",
"zsZvLlPaX",
"zsZuJfkdU",
"zsZuwz5rU",
"zsZutie7V"
],
"uid":"tangliangtl",
"parent":"zsZtPqhPt",
"text":"",
"mid":"zsZuaCHnA",
"date":"2013-04-20 09:41:54"
},
{
"kids":[
"zsZuQ4vQd",
"zsZuImwZz"
],
"uid":"7629647",
"parent":"zsZtPqhPt",
"text":"[心][心][心]",
"mid":"zsZu5FqQP",
"date":"2013-04-20 09:41:41"
},
{
"kids":[],
"uid":"2385731832",
"parent":"zsZtPqhPt",
"text":"转",
"mid":"zsZu4sETk",
"date":"2013-04-20 09:41:39"
},
{
"kids":[
"zsZPdg39U",
"zsZE0ynvE",
"zsZDp1V5g",
"zsZCmkqrY",
"zsZBwjWno",
"zsZAlklOe",
"zsZxTpGxd",
"zsZwR3gTV",
"zsZwKw5JA",
"zsZvCt1Q0",
"zsZuPbgBb",
"zsZuf7ayT",
"zsZuaCHnA",
"zsZu5FqQP",
"zsZu4sETk"
],
"uid":"1504178062",
"parent":"",
"text":"转发微博。",
"mid":"zsZtPqhPt",
"date":"2013-04-20 09:41:03"
},
{
"kids":[],
"uid":"3305043552",
"parent":"",
"text":"",
"mid":"zsZtxDicW",
"date":"2013-04-20 09:40:21"
}
]