[
{
"kids":[],
"uid":"2789852794",
"parent":"zn6J3p85a",
"text":"",
"mid":"zqPdm2gPj",
"date":"2013-04-06 03:52:23"
},
{
"kids":[],
"uid":"2620646793",
"parent":"zqEJjgwzd",
"text":"",
"mid":"zqJoJCxXg",
"date":"2013-04-05 13:03:58"
},
{
"kids":[],
"uid":"2803187094",
"parent":"zn6J3p85a",
"text":"",
"mid":"zqEJjhG1v",
"date":"2013-04-05 01:10:54"
},
{
"kids":[
"zqJoJCxXg"
],
"uid":"2920126470",
"parent":"zn6J3p85a",
"text":"",
"mid":"zqEJjgwzd",
"date":"2013-04-05 01:10:54"
},
{
"kids":[],
"uid":"2919667302",
"parent":"zn6J3p85a",
"text":"",
"mid":"zpTaYi8wT",
"date":"2013-03-31 00:07:13"
},
{
"kids":[],
"uid":"2919419492",
"parent":"zn6J3p85a",
"text":"",
"mid":"zpNCx5E0a",
"date":"2013-03-30 09:58:35"
},
{
"kids":[],
"uid":"2804699090",
"parent":"zn6J3p85a",
"text":"",
"mid":"zpNCwsL36",
"date":"2013-03-30 09:58:36"
},
{
"kids":[
"zqPdm2gPj",
"zqEJjhG1v",
"zqEJjgwzd",
"zpTaYi8wT",
"zpNCx5E0a",
"zpNCwsL36"
],
"uid":"2626827015",
"parent":"",
"text":"",
"mid":"zn6J3p85a",
"date":"2013-03-12 17:05:58"
},
{
"kids":[],
"uid":"234147009",
"parent":"",
"text":"",
"mid":"zi3X6609I",
"date":"2013-02-07 12:50:48"
},
{
"kids":[],
"uid":"2899060885",
"parent":"zhSPa4Dmh",
"text":"",
"mid":"zi3PRfMJp",
"date":"2013-02-07 12:32:57"
},
{
"kids":[],
"uid":"1430660660",
"parent":"zhPeMpqe6",
"text":"",
"mid":"zhYmn3Q9L",
"date":"2013-02-06 22:36:35"
},
{
"kids":[],
"uid":"2277004463",
"parent":"",
"text":"",
"mid":"zhXMR3mUy",
"date":"2013-02-06 21:09:02"
},
{
"kids":[],
"uid":"678071899",
"parent":"",
"text":"",
"mid":"zhWx92SHn",
"date":"2013-02-06 17:57:38"
},
{
"kids":[],
"uid":"wangyi1982",
"parent":"zhPsScsOn",
"text":"",
"mid":"zhV4ucG9E",
"date":"2013-02-06 14:14:17"
},
{
"kids":[],
"uid":"1431228610",
"parent":"zhPdVdTVN",
"text":"",
"mid":"zhTBpD2nR",
"date":"2013-02-06 10:29:55"
},
{
"kids":[],
"uid":"1219890902",
"parent":"zhSoSpIBZ",
"text":"",
"mid":"zhTxNFIeD",
"date":"2013-02-06 10:21:01"
},
{
"kids":[],
"uid":"2919540682",
"parent":"",
"text":"",
"mid":"zhTx0hmxR",
"date":"2013-02-06 10:19:02"
},
{
"kids":[],
"uid":"1889459592",
"parent":"",
"text":"这个消息是假的，请大家不要再转了，已经转过的就删了！电话根本没人接，跟孩子是同一学校，问老孩子说没这事！",
"mid":"zhToPwz74",
"date":"2013-02-06 09:58:55"
},
{
"kids":[],
"uid":"2005415651",
"parent":"zhSqRlHhS",
"text":"",
"mid":"zhTnDDamU",
"date":"2013-02-06 09:55:59"
},
{
"kids":[],
"uid":"1889459592",
"parent":"",
"text":"这消息是假的，请您删博！",
"mid":"zhTm8xXi2",
"date":"2013-02-06 09:52:16"
},
{
"kids":[],
"uid":"2284313607",
"parent":"zhPkQyRel",
"text":"",
"mid":"zhTbbfEud",
"date":"2013-02-06 09:25:17"
},
{
"kids":[],
"uid":"2416162051",
"parent":"",
"text":"",
"mid":"zhT8zCllu",
"date":"2013-02-06 09:18:51"
},
{
"kids":[],
"uid":"1875120743",
"parent":"zhT1rxypg",
"text":"",
"mid":"zhT6t10ps",
"date":"2013-02-06 09:13:40"
},
{
"kids":[],
"uid":"2721791713",
"parent":"zhT1rxypg",
"text":"转发微博，真伪自验。",
"mid":"zhT5Bv0Vy",
"date":"2013-02-06 09:11:33"
},
{
"kids":[],
"uid":"shujiaxiake001",
"parent":"zhT1rxypg",
"text":"",
"mid":"zhT4ge8MQ",
"date":"2013-02-06 09:08:14"
},
{
"kids":[],
"uid":"2919478370",
"parent":"zhT19vZ8U",
"text":"",
"mid":"zhT3Kg5XH",
"date":"2013-02-06 09:06:58"
},
{
"kids":[
"zhT6t10ps",
"zhT5Bv0Vy",
"zhT4ge8MQ"
],
"uid":"2472331131",
"parent":"zhSGRC9ST",
"text":"",
"mid":"zhT1rxypg",
"date":"2013-02-06 09:01:18"
},
{
"kids":[
"zhT3Kg5XH"
],
"uid":"3068424024",
"parent":"",
"text":"",
"mid":"zhT19vZ8U",
"date":"2013-02-06 09:00:36"
},
{
"kids":[],
"uid":"1191133804",
"parent":"",
"text":"",
"mid":"zhSUdzVd8",
"date":"2013-02-06 08:43:30"
},
{
"kids":[],
"uid":"2538183047",
"parent":"zhSPa4Dmh",
"text":"[心]",
"mid":"zhSS9C6Bl",
"date":"2013-02-06 08:38:25"
},
{
"kids":[],
"uid":"1862074334",
"parent":"zhSPa4Dmh",
"text":"",
"mid":"zhSRl6oWk",
"date":"2013-02-06 08:36:24"
},
{
"kids":[],
"uid":"gainianqihua",
"parent":"zhSPa4Dmh",
"text":"",
"mid":"zhSRkgX9t",
"date":"2013-02-06 08:36:22"
},
{
"kids":[],
"uid":"1831776162",
"parent":"zhSPa4Dmh",
"text":"",
"mid":"zhSQrgK67",
"date":"2013-02-06 08:34:11"
},
{
"kids":[],
"uid":"3167410073",
"parent":"zhSPa4Dmh",
"text":"",
"mid":"zhSQ9fbxO",
"date":"2013-02-06 08:33:28"
},
{
"kids":[
"zi3PRfMJp",
"zhSS9C6Bl",
"zhSRl6oWk",
"zhSRkgX9t",
"zhSQrgK67",
"zhSQ9fbxO"
],
"uid":"3140894197",
"parent":"",
"text":"[绿丝带][绿丝带][蜡烛][蜡烛][雪][雪]",
"mid":"zhSPa4Dmh",
"date":"2013-02-06 08:31:00"
},
{
"kids":[],
"uid":"2248867243",
"parent":"",
"text":"",
"mid":"zhSM6mYUL",
"date":"2013-02-06 08:23:30"
},
{
"kids":[],
"uid":"1450636527",
"parent":"zhSy02l09",
"text":"",
"mid":"zhSIfiFIq",
"date":"2013-02-06 08:14:00"
},
{
"kids":[
"zhT1rxypg"
],
"uid":"yigerendeweibo",
"parent":"",
"text":"帮转",
"mid":"zhSGRC9ST",
"date":"2013-02-06 08:10:35"
},
{
"kids":[],
"uid":"1839113213",
"parent":"zhSD46FFy",
"text":"",
"mid":"zhSDSCOf1",
"date":"2013-02-06 08:03:15"
},
{
"kids":[
"zhSDSCOf1"
],
"uid":"2527681801",
"parent":"zhSy02l09",
"text":"[话筒]",
"mid":"zhSD46FFy",
"date":"2013-02-06 08:01:13"
},
{
"kids":[],
"uid":"xuwujean",
"parent":"zhSy02l09",
"text":"",
"mid":"zhSzZcLhX",
"date":"2013-02-06 07:53:39"
},
{
"kids":[],
"uid":"2060672293",
"parent":"zhSoSpIBZ",
"text":"",
"mid":"zhSzuzeUn",
"date":"2013-02-06 07:52:25"
},
{
"kids":[
"zhSIfiFIq",
"zhSD46FFy",
"zhSzZcLhX"
],
"uid":"1986876177",
"parent":"",
"text":"",
"mid":"zhSy02l09",
"date":"2013-02-06 07:48:45"
},
{
"kids":[],
"uid":"277339144",
"parent":"",
"text":"",
"mid":"zhSsxD1dN",
"date":"2013-02-06 07:35:19"
},
{
"kids":[
"zhTnDDamU"
],
"uid":"1966078780",
"parent":"zhPeMpqe6",
"text":"",
"mid":"zhSqRlHhS",
"date":"2013-02-06 07:31:10"
},
{
"kids":[],
"uid":"2341752985",
"parent":"zhPdVdTVN",
"text":"",
"mid":"zhSoVn2x9",
"date":"2013-02-06 07:26:24"
},
{
"kids":[
"zhTxNFIeD",
"zhSzuzeUn"
],
"uid":"1920574615",
"parent":"zhQIh0NYG",
"text":"",
"mid":"zhSoSpIBZ",
"date":"2013-02-06 07:26:17"
},
{
"kids":[],
"uid":"1278140522",
"parent":"zhPeMpqe6",
"text":"希望是好消息",
"mid":"zhShkpsqE",
"date":"2013-02-06 07:07:41"
},
{
"kids":[],
"uid":"2808079967",
"parent":"",
"text":"大家都伸把手帮帮他们！",
"mid":"zhSgAygkq",
"date":"2013-02-06 07:05:52"
},
{
"kids":[],
"uid":"206668190",
"parent":"zhRXStfW3",
"text":"",
"mid":"zhS9B6Q31",
"date":"2013-02-06 06:48:38"
},
{
"kids":[
"zhS9B6Q31"
],
"uid":"2315941497",
"parent":"",
"text":"",
"mid":"zhRXStfW3",
"date":"2013-02-06 06:19:46"
},
{
"kids":[],
"uid":"2655674173",
"parent":"",
"text":"",
"mid":"zhRK4stga",
"date":"2013-02-06 05:45:45"
},
{
"kids":[
"zhSoSpIBZ"
],
"uid":"1999755603",
"parent":"zhPCn7isc",
"text":"",
"mid":"zhQIh0NYG",
"date":"2013-02-06 03:08:33"
},
{
"kids":[],
"uid":"1404708250",
"parent":"zhPyHxnc6",
"text":"",
"mid":"zhQkX8dIu",
"date":"2013-02-06 02:11:07"
},
{
"kids":[],
"uid":"2775487325",
"parent":"",
"text":"",
"mid":"zhQcicArn",
"date":"2013-02-06 01:49:47"
},
{
"kids":[],
"uid":"2128790553",
"parent":"",
"text":"孩子快回家！",
"mid":"zhPIMvIRD",
"date":"2013-02-06 00:37:03"
},
{
"kids":[],
"uid":"1783540522",
"parent":"",
"text":"",
"mid":"zhPDpdJZR",
"date":"2013-02-06 00:23:47"
},
{
"kids":[],
"uid":"1570695167",
"parent":"",
"text":"[话筒]",
"mid":"zhPCL1qAi",
"date":"2013-02-06 00:22:13"
},
{
"kids":[
"zhQIh0NYG"
],
"uid":"2073203041",
"parent":"zhPyHxnc6",
"text":"",
"mid":"zhPCn7isc",
"date":"2013-02-06 00:21:18"
},
{
"kids":[],
"uid":"1469680552",
"parent":"zhP6pf6BF",
"text":"",
"mid":"zhPC3C0fL",
"date":"2013-02-06 00:20:30"
},
{
"kids":[],
"uid":"1873817963",
"parent":"",
"text":"",
"mid":"zhPBRuWi9",
"date":"2013-02-06 00:20:02"
},
{
"kids":[],
"uid":"1868208474",
"parent":"zhPeMpqe6",
"text":"",
"mid":"zhPzZ5WoM",
"date":"2013-02-06 00:15:24"
},
{
"kids":[],
"uid":"wcj85719",
"parent":"",
"text":"",
"mid":"zhPzMlC2K",
"date":"2013-02-06 00:14:54"
},
{
"kids":[],
"uid":"519025567",
"parent":"",
"text":"",
"mid":"zhPziuJu3",
"date":"2013-02-06 00:13:44"
},
{
"kids":[
"zhQkX8dIu",
"zhPCn7isc"
],
"uid":"1993346587",
"parent":"",
"text":"",
"mid":"zhPyHxnc6",
"date":"2013-02-06 00:12:11"
},
{
"kids":[],
"uid":"hendersonhan",
"parent":"",
"text":"",
"mid":"zhPvovK6s",
"date":"2013-02-06 00:04:06"
},
{
"kids":[],
"uid":"3039039372",
"parent":"zhPmRz66d",
"text":"",
"mid":"zhPuGbQlZ",
"date":"2013-02-06 00:02:21"
},
{
"kids":[],
"uid":"1107531171",
"parent":"",
"text":"",
"mid":"zhPusgoeh",
"date":"2013-02-06 00:01:44"
},
{
"kids":[],
"uid":"1143779360",
"parent":"",
"text":"",
"mid":"zhPupAF78",
"date":"2013-02-06 00:01:37"
},
{
"kids":[],
"uid":"1114580080",
"parent":"",
"text":"",
"mid":"zhPt1ELMH",
"date":"2013-02-05 23:58:16"
},
{
"kids":[
"zhV4ucG9E"
],
"uid":"amyzhuang1919",
"parent":"",
"text":"",
"mid":"zhPsScsOn",
"date":"2013-02-05 23:57:52"
},
{
"kids":[],
"uid":"2981722945",
"parent":"zhPqRsiJH",
"text":"",
"mid":"zhPsLqxPg",
"date":"2013-02-05 23:57:37"
},
{
"kids":[],
"uid":"1908941793",
"parent":"",
"text":"",
"mid":"zhPrJxXzW",
"date":"2013-02-05 23:55:05"
},
{
"kids":[],
"uid":"2352831687",
"parent":"",
"text":"",
"mid":"zhPrtlpFU",
"date":"2013-02-05 23:54:23"
},
{
"kids":[
"zhPsLqxPg"
],
"uid":"1856848404",
"parent":"zhPeMpqe6",
"text":"",
"mid":"zhPqRsiJH",
"date":"2013-02-05 23:52:56"
},
{
"kids":[],
"uid":"fangfang9",
"parent":"zhPeMpqe6",
"text":"",
"mid":"zhPql0ZfS",
"date":"2013-02-05 23:51:38"
},
{
"kids":[],
"uid":"2731065894",
"parent":"zhPmRz66d",
"text":"",
"mid":"zhPq51Jnp",
"date":"2013-02-05 23:50:56"
},
{
"kids":[],
"uid":"1212258201",
"parent":"",
"text":"",
"mid":"zhPpZahmA",
"date":"2013-02-05 23:50:44"
},
{
"kids":[],
"uid":"572901199",
"parent":"",
"text":"微博转发",
"mid":"zhPpZ804M",
"date":"2013-02-05 23:50:46"
},
{
"kids":[],
"uid":"2059683513",
"parent":"zhPnwEsVy",
"text":"",
"mid":"zhPpw9qdO",
"date":"2013-02-05 23:49:35"
},
{
"kids":[],
"uid":"ts68z",
"parent":"zhP7jEtG2",
"text":"",
"mid":"zhPp20VtG",
"date":"2013-02-05 23:48:25"
},
{
"kids":[],
"uid":"532078915",
"parent":"",
"text":"兵:不许说现在社会太乱，现在是和谐社会！“和谐”，两个字知道吗？",
"mid":"zhPoLdlGG",
"date":"2013-02-05 23:47:42"
},
{
"kids":[],
"uid":"xudongyue",
"parent":"",
"text":"",
"mid":"zhPoz4cdZ",
"date":"2013-02-05 23:47:15"
},
{
"kids":[],
"uid":"pku1984",
"parent":"",
"text":"",
"mid":"zhPnRjT4u",
"date":"2013-02-05 23:45:32"
},
{
"kids":[
"zhPpw9qdO"
],
"uid":"2132483722",
"parent":"",
"text":"",
"mid":"zhPnwEsVy",
"date":"2013-02-05 23:44:42"
},
{
"kids":[],
"uid":"1598419223",
"parent":"",
"text":"",
"mid":"zhPnriE0i",
"date":"2013-02-05 23:44:31"
},
{
"kids":[],
"uid":"345152877",
"parent":"zhPmRz66d",
"text":"",
"mid":"zhPnj2iwv",
"date":"2013-02-05 23:44:10"
},
{
"kids":[],
"uid":"b3141592657",
"parent":"",
"text":"",
"mid":"zhPn9yFef",
"date":"2013-02-05 23:43:48"
},
{
"kids":[
"zhPuGbQlZ",
"zhPq51Jnp",
"zhPnj2iwv"
],
"uid":"2820056373",
"parent":"zhPmtDTTd",
"text":"",
"mid":"zhPmRz66d",
"date":"2013-02-05 23:43:06"
},
{
"kids":[
"zhPmRz66d"
],
"uid":"319039111",
"parent":"",
"text":"",
"mid":"zhPmtDTTd",
"date":"2013-02-05 23:42:08"
},
{
"kids":[],
"uid":"2636482201",
"parent":"",
"text":"",
"mid":"zhPmhdqgw",
"date":"2013-02-05 23:41:35"
},
{
"kids":[],
"uid":"93597118",
"parent":"",
"text":"",
"mid":"zhPm6kcSs",
"date":"2013-02-05 23:41:11"
},
{
"kids":[],
"uid":"2088954697",
"parent":"",
"text":"",
"mid":"zhPlthKQZ",
"date":"2013-02-05 23:39:39"
},
{
"kids":[],
"uid":"2607013013",
"parent":"",
"text":"不许说现在社会太乱，现在是和谐社会！“和谐”，两个字知道吗？",
"mid":"zhPlfF2Of",
"date":"2013-02-05 23:39:07"
},
{
"kids":[
"zhTbbfEud"
],
"uid":"1213223853",
"parent":"zhPkA1gax",
"text":"",
"mid":"zhPkQyRel",
"date":"2013-02-05 23:38:06"
},
{
"kids":[
"zhPkQyRel"
],
"uid":"2088954697",
"parent":"",
"text":"",
"mid":"zhPkA1gax",
"date":"2013-02-05 23:37:27"
},
{
"kids":[],
"uid":"2088954697",
"parent":"",
"text":"",
"mid":"zhPkaB1Fm",
"date":"2013-02-05 23:36:24"
},
{
"kids":[],
"uid":"wcj85719",
"parent":"",
"text":"",
"mid":"zhPjuCiJE",
"date":"2013-02-05 23:34:47"
},
{
"kids":[],
"uid":"dblilei",
"parent":"",
"text":"转。",
"mid":"zhPj9Fnqm",
"date":"2013-02-05 23:33:58"
},
{
"kids":[],
"uid":"3096722",
"parent":"",
"text":"",
"mid":"zhPiSx24W",
"date":"2013-02-05 23:33:14"
},
{
"kids":[],
"uid":"2691807830",
"parent":"",
"text":"怎么不传上孩子照片?",
"mid":"zhPhvpDER",
"date":"2013-02-05 23:29:53"
},
{
"kids":[],
"uid":"303404",
"parent":"zhPgMfH7W",
"text":"",
"mid":"zhPhb4pqd",
"date":"2013-02-05 23:29:01"
},
{
"kids":[],
"uid":"2768282943",
"parent":"",
"text":"",
"mid":"zhPh9CZAE",
"date":"2013-02-05 23:29:00"
},
{
"kids":[
"zhPhb4pqd"
],
"uid":"1212223245",
"parent":"",
"text":"",
"mid":"zhPgMfH7W",
"date":"2013-02-05 23:28:02"
},
{
"kids":[],
"uid":"wyaj0416",
"parent":"",
"text":"",
"mid":"zhPfOfqjv",
"date":"2013-02-05 23:25:40"
},
{
"kids":[],
"uid":"630712398",
"parent":"zhPdicxg8",
"text":"",
"mid":"zhPfLzH7H",
"date":"2013-02-05 23:25:36"
},
{
"kids":[
"zhYmn3Q9L",
"zhSqRlHhS",
"zhShkpsqE",
"zhPzZ5WoM",
"zhPqRsiJH",
"zhPql0ZfS"
],
"uid":"1806644111",
"parent":"",
"text":"",
"mid":"zhPeMpqe6",
"date":"2013-02-05 23:23:09"
},
{
"kids":[],
"uid":"2122602207",
"parent":"zhP7feHta",
"text":"",
"mid":"zhPeqeNq6",
"date":"2013-02-05 23:22:16"
},
{
"kids":[
"zhTBpD2nR",
"zhSoVn2x9"
],
"uid":"1293968875",
"parent":"zhPa3zYlK",
"text":"",
"mid":"zhPdVdTVN",
"date":"2013-02-05 23:21:03"
},
{
"kids":[],
"uid":"2975782004",
"parent":"",
"text":"[话筒]",
"mid":"zhPdu1Rg1",
"date":"2013-02-05 23:19:56"
},
{
"kids":[
"zhPfLzH7H"
],
"uid":"1879407050",
"parent":"",
"text":"",
"mid":"zhPdicxg8",
"date":"2013-02-05 23:19:30"
},
{
"kids":[],
"uid":"2640159123",
"parent":"",
"text":"",
"mid":"zhPd8dVJr",
"date":"2013-02-05 23:19:06"
},
{
"kids":[],
"uid":"ab1012162005",
"parent":"",
"text":"",
"mid":"zhPbT31OT",
"date":"2013-02-05 23:16:01"
},
{
"kids":[
"zhPdVdTVN"
],
"uid":"wangyingqun",
"parent":"",
"text":"",
"mid":"zhPa3zYlK",
"date":"2013-02-05 23:11:33"
},
{
"kids":[],
"uid":"2596975505",
"parent":"zhP7QcrPx",
"text":"",
"mid":"zhPa28pt4",
"date":"2013-02-05 23:11:28"
},
{
"kids":[],
"uid":"1820205617",
"parent":"",
"text":"[话筒]",
"mid":"zhP9sl6LM",
"date":"2013-02-05 23:10:03"
},
{
"kids":[
"zhPa28pt4"
],
"uid":"2472490322",
"parent":"zhP6pf6BF",
"text":"",
"mid":"zhP7QcrPx",
"date":"2013-02-05 23:06:04"
},
{
"kids":[],
"uid":"2064576443",
"parent":"zhP6pf6BF",
"text":"",
"mid":"zhP7rkObe",
"date":"2013-02-05 23:05:01"
},
{
"kids":[
"zhPp20VtG"
],
"uid":"auvalley",
"parent":"",
"text":"",
"mid":"zhP7jEtG2",
"date":"2013-02-05 23:04:47"
},
{
"kids":[
"zhPeqeNq6"
],
"uid":"2815686844",
"parent":"",
"text":"",
"mid":"zhP7feHta",
"date":"2013-02-05 23:04:34"
},
{
"kids":[],
"uid":"shine999china",
"parent":"",
"text":"",
"mid":"zhP7bq0Dc",
"date":"2013-02-05 23:04:22"
},
{
"kids":[],
"uid":"2161021285",
"parent":"",
"text":"",
"mid":"zhP7adhtk",
"date":"2013-02-05 23:04:24"
},
{
"kids":[
"zhPC3C0fL",
"zhP7QcrPx",
"zhP7rkObe"
],
"uid":"711237811",
"parent":"",
"text":"",
"mid":"zhP6pf6BF",
"date":"2013-02-05 23:02:32"
}
]