[
{
"kids":[],
"uid":"beyond777",
"parent":"",
"text":"",
"mid":"zp6OwtZaR",
"date":"2013-03-25 21:00:03"
},
{
"kids":[],
"uid":"1097187052",
"parent":"",
"text":"",
"mid":"zp5zACDDB",
"date":"2013-03-25 17:50:28"
},
{
"kids":[],
"uid":"2908976382",
"parent":"",
"text":"我靠，被洗这么多年的脑",
"mid":"zoUnpmsex",
"date":"2013-03-24 13:20:15"
},
{
"kids":[],
"uid":"yangxia1980",
"parent":"",
"text":"@大布安",
"mid":"zomtOEoaC",
"date":"2013-03-20 23:02:41"
},
{
"kids":[],
"uid":"1424581221",
"parent":"",
"text":"",
"mid":"zoiYd6KVd",
"date":"2013-03-20 14:06:33"
},
{
"kids":[],
"uid":"2570502861",
"parent":"",
"text":"",
"mid":"zoe7DgWBr",
"date":"2013-03-20 01:46:03"
},
{
"kids":[],
"uid":"3190188707",
"parent":"",
"text":"",
"mid":"znGfSnMzi",
"date":"2013-03-16 11:32:56"
},
{
"kids":[],
"uid":"1855181282",
"parent":"",
"text":"",
"mid":"znFb9qSX0",
"date":"2013-03-16 08:48:35"
},
{
"kids":[],
"uid":"shaleck",
"parent":"",
"text":"轉發微博",
"mid":"znssLuI3i",
"date":"2013-03-15 00:26:16"
},
{
"kids":[],
"uid":"2767893230",
"parent":"",
"text":"当年的我们就这样被骗了，我d真n",
"mid":"znr7De284",
"date":"2013-03-14 21:01:26"
},
{
"kids":[],
"uid":"3175393893",
"parent":"",
"text":"这个……",
"mid":"znpnylWwx",
"date":"2013-03-14 16:35:09"
},
{
"kids":[],
"uid":"achilleszero",
"parent":"",
"text":"",
"mid":"znopy4vm4",
"date":"2013-03-14 14:07:19"
},
{
"kids":[],
"uid":"2294578591",
"parent":"znnMgCbpk",
"text":"假话说多了就真假不分了",
"mid":"zno8HxnrS",
"date":"2013-03-14 13:25:51"
},
{
"kids":[
"zno8HxnrS"
],
"uid":"daijunqi",
"parent":"znn5phqXi",
"text":"不是还有种说法，几个小孩山上玩火，结果火大了，不幸烧死一个，偏偏死的那个赖宁的父亲是个当官的。。然后懂的。。",
"mid":"znnMgCbpk",
"date":"2013-03-14 12:30:34"
},
{
"kids":[
"znnMgCbpk"
],
"uid":"1426588583",
"parent":"znmLBva64",
"text":"主要是赖宁拿衣服扑大火的画面实在太SB。",
"mid":"znn5phqXi",
"date":"2013-03-14 10:44:57"
},
{
"kids":[
"znn5phqXi"
],
"uid":"2167381057",
"parent":"znmDd95Ka",
"text":"赖宁和雷锋都被翻案了",
"mid":"znmLBva64",
"date":"2013-03-14 09:56:11"
},
{
"kids":[
"znmLBva64"
],
"uid":"2032956222",
"parent":"znhR4aBx8",
"text":"一个本该问责的是事件到最后还是变成拼爹了",
"mid":"znmDd95Ka",
"date":"2013-03-14 09:35:31"
},
{
"kids":[],
"uid":"1901683805",
"parent":"",
"text":"",
"mid":"znm48kwE8",
"date":"2013-03-14 08:09:06"
},
{
"kids":[],
"uid":"2645702020",
"parent":"",
"text":"高度近视。。。",
"mid":"znlTbyNHO",
"date":"2013-03-14 07:42:08"
},
{
"kids":[],
"uid":"3195715493",
"parent":"",
"text":"？？？？？？？",
"mid":"znlDehHdH",
"date":"2013-03-14 07:02:49"
},
{
"kids":[],
"uid":"2760086677",
"parent":"",
"text":"原来如此……果断扩散……",
"mid":"znjvhxkRS",
"date":"2013-03-14 01:37:45"
},
{
"kids":[],
"uid":"2549564181",
"parent":"",
"text":"",
"mid":"znjkOo6G2",
"date":"2013-03-14 01:11:57"
},
{
"kids":[],
"uid":"2685962011",
"parent":"",
"text":"历史真的是这样吗？死者安息何必多问，赖宁走好。",
"mid":"znjiGAbpP",
"date":"2013-03-14 01:06:42"
},
{
"kids":[],
"uid":"2002992360",
"parent":"",
"text":"不是吧",
"mid":"znjcppTEN",
"date":"2013-03-14 00:51:12"
},
{
"kids":[],
"uid":"2632709673",
"parent":"",
"text":"童年的英雄啊•••",
"mid":"znj6K75P4",
"date":"2013-03-14 00:37:15"
},
{
"kids":[],
"uid":"2153096430",
"parent":"",
"text":"造神运动一直在发展",
"mid":"zniJnA6qO",
"date":"2013-03-13 23:39:45"
},
{
"kids":[],
"uid":"2698828743",
"parent":"",
"text":"貌似小学还学过这课文",
"mid":"zniISBT7V",
"date":"2013-03-13 23:38:27"
},
{
"kids":[],
"uid":"kafi800",
"parent":"",
"text":"转了会不会被关博？",
"mid":"zniCb5bVp",
"date":"2013-03-13 23:21:57"
},
{
"kids":[],
"uid":"2459177240",
"parent":"",
"text":"",
"mid":"znisSgnjW",
"date":"2013-03-13 22:59:02"
},
{
"kids":[],
"uid":"3222452242",
"parent":"",
"text":"回复@zzyfisherman:提倡正确历史啊啊啊啊啊啊 啊啊啊啊",
"mid":"zniriaOiw",
"date":"2013-03-13 22:55:10"
},
{
"kids":[],
"uid":"1980522683",
"parent":"",
"text":"",
"mid":"znipMve2Z",
"date":"2013-03-13 22:51:27"
},
{
"kids":[],
"uid":"1806742540",
"parent":"",
"text":"",
"mid":"znimo9LSN",
"date":"2013-03-13 22:43:05"
},
{
"kids":[],
"uid":"liucheng920802",
"parent":"",
"text":"",
"mid":"zniigwCI3",
"date":"2013-03-13 22:32:56"
},
{
"kids":[],
"uid":"2645865152",
"parent":"",
"text":"",
"mid":"znigU1F2B",
"date":"2013-03-13 22:29:32"
},
{
"kids":[],
"uid":"2004007495",
"parent":"",
"text":"",
"mid":"znifE2DzP",
"date":"2013-03-13 22:26:28"
},
{
"kids":[],
"uid":"2615428321",
"parent":"",
"text":"woca",
"mid":"zniesqwLw",
"date":"2013-03-13 22:23:34"
},
{
"kids":[],
"uid":"2075133365",
"parent":"",
"text":"",
"mid":"znibxBs0B",
"date":"2013-03-13 22:16:21"
},
{
"kids":[],
"uid":"ygg1",
"parent":"",
"text":"[汗]",
"mid":"zni7K68En",
"date":"2013-03-13 22:07:00"
},
{
"kids":[],
"uid":"2394182277",
"parent":"",
"text":"",
"mid":"zni7poukG",
"date":"2013-03-13 22:06:11"
},
{
"kids":[],
"uid":"solotracy",
"parent":"",
"text":"",
"mid":"zni74osaD",
"date":"2013-03-13 22:05:21"
},
{
"kids":[],
"uid":"2435985854",
"parent":"",
"text":"@傻傻中漫步 @王_圣旨",
"mid":"zni6Fjwjj",
"date":"2013-03-13 22:04:20"
},
{
"kids":[],
"uid":"1199753013",
"parent":"",
"text":"天朝这些事儿啊···",
"mid":"zni2beNP1",
"date":"2013-03-13 21:53:17"
},
{
"kids":[],
"uid":"2800579572",
"parent":"znhBy2mKe",
"text":"赖宁的父亲是县水电局局长, 母亲是水电局干事, 跟宣传没关系。而且县级的信息通报不可能直接上报中央的, 必须先通过省级的信息处。赖宁开始是上车了的, 他三人是在中途停车时发现新火情后商量决定返回, 边救火边下山。提倡青少年见义勇为是有争议, 但主页君你真的很无耻",
"mid":"zni0bptJn",
"date":"2013-03-13 21:48:23"
},
{
"kids":[],
"uid":"2526782762",
"parent":"",
"text":"毁三观啊，",
"mid":"znhYJzdbW",
"date":"2013-03-13 21:44:49"
},
{
"kids":[],
"uid":"2147112367",
"parent":"",
"text":"",
"mid":"znhX4sdF2",
"date":"2013-03-13 21:40:43"
},
{
"kids":[],
"uid":"2626709365",
"parent":"",
"text":"赖宁 雷锋",
"mid":"znhWqgXio",
"date":"2013-03-13 21:39:07"
},
{
"kids":[],
"uid":"1363268924",
"parent":"",
"text":"奇怪了，为什么这三个孩子不肯离开？到后面火烧屁股了才逃？",
"mid":"znhWaDNHL",
"date":"2013-03-13 21:38:31"
},
{
"kids":[],
"uid":"1806567650",
"parent":"",
"text":"",
"mid":"znhTL6u5c",
"date":"2013-03-13 21:32:33"
},
{
"kids":[],
"uid":"2647595691",
"parent":"",
"text":"",
"mid":"znhTJiZjB",
"date":"2013-03-13 21:32:29"
},
{
"kids":[],
"uid":"2201442932",
"parent":"",
"text":"[心]",
"mid":"znhSvoebz",
"date":"2013-03-13 21:29:29"
},
{
"kids":[],
"uid":"1838811972",
"parent":"znhExkQcR",
"text":"",
"mid":"znhS27YQ1",
"date":"2013-03-13 21:28:18"
},
{
"kids":[
"znmDd95Ka"
],
"uid":"miowoo",
"parent":"znhBvnvhy",
"text":"我只想知道，他们为什么执意不走呢？",
"mid":"znhR4aBx8",
"date":"2013-03-13 21:25:55"
},
{
"kids":[],
"uid":"namesneil",
"parent":"",
"text":"",
"mid":"znhOXxPyb",
"date":"2013-03-13 21:20:46"
},
{
"kids":[],
"uid":"2495089805",
"parent":"",
"text":"看来（累疯）一定也是杜撰出来的了，记得前几天给累疯照相的朋友发誓说：向毛儿猪儿戏儿保证这是真的，结果当场心脏病发死亡。",
"mid":"znhOpgP5o",
"date":"2013-03-13 21:19:22"
},
{
"kids":[],
"uid":"1591517855",
"parent":"",
"text":"坑爹多少年了",
"mid":"znhNn8jJ8",
"date":"2013-03-13 21:16:48"
},
{
"kids":[],
"uid":"3092611507",
"parent":"",
"text":"不要毁了我的少年时代[委屈]",
"mid":"znhN7sqZG",
"date":"2013-03-13 21:16:13"
},
{
"kids":[],
"uid":"2173675740",
"parent":"",
"text":"转发微博。",
"mid":"znhMvoVoF",
"date":"2013-03-13 21:14:41"
},
{
"kids":[],
"uid":"2711098475",
"parent":"",
"text":"真得假的？",
"mid":"znhM80Cyn",
"date":"2013-03-13 21:13:45"
},
{
"kids":[],
"uid":"2815140410",
"parent":"",
"text":"[蜡烛]",
"mid":"znhLTwwZB",
"date":"2013-03-13 21:13:10"
},
{
"kids":[],
"uid":"3168287321",
"parent":"",
"text":"战争时期党国骗了天下，和平时期党国骗了我们一代又一代",
"mid":"znhI37u5h",
"date":"2013-03-13 21:03:39"
},
{
"kids":[],
"uid":"3man",
"parent":"",
"text":"原来是这样，人民小英雄[生病]当时我们还是很感动的！",
"mid":"znhI2stwF",
"date":"2013-03-13 21:03:41"
},
{
"kids":[],
"uid":"2485339783",
"parent":"",
"text":"",
"mid":"znhHN6DrJ",
"date":"2013-03-13 21:03:02"
},
{
"kids":[],
"uid":"2019423671",
"parent":"",
"text":"哇！赖宁、雷锋,还有江姐，儿时学习的三大天王级人物！那么小就要被迫接受这么血腥的东西，中国的孩子真不容易。",
"mid":"znhHCubgy",
"date":"2013-03-13 21:02:38"
},
{
"kids":[],
"uid":"2497242891",
"parent":"",
"text":"原来如此~~~",
"mid":"znhHq5Fq3",
"date":"2013-03-13 21:02:08"
},
{
"kids":[],
"uid":"2374308442",
"parent":"",
"text":"[汗]",
"mid":"znhGZrHf9",
"date":"2013-03-13 21:01:04"
},
{
"kids":[],
"uid":"2450065707",
"parent":"",
"text":"",
"mid":"znhGYiRtj",
"date":"2013-03-13 21:01:03"
},
{
"kids":[],
"uid":"2122974811",
"parent":"",
"text":"求真相好吗。。",
"mid":"znhGQmbyj",
"date":"2013-03-13 21:00:42"
},
{
"kids":[],
"uid":"caneliu",
"parent":"",
"text":"真想跳骑马舞，放声大吼\"假假假假假假假假…\"",
"mid":"znhGCb6t0",
"date":"2013-03-13 21:00:10"
},
{
"kids":[],
"uid":"2427312194",
"parent":"",
"text":"",
"mid":"znhGs5mKv",
"date":"2013-03-13 20:59:44"
},
{
"kids":[],
"uid":"1752431240",
"parent":"",
"text":"原来事实居然是这样···",
"mid":"znhG4qKaT",
"date":"2013-03-13 20:58:51"
},
{
"kids":[],
"uid":"3c273659",
"parent":"",
"text":"操~！欺骗了我三十年啊！",
"mid":"znhG498SZ",
"date":"2013-03-13 20:58:49"
},
{
"kids":[],
"uid":"1641185037",
"parent":"",
"text":"我们从小就活在谎言下，被不断的洗脑",
"mid":"znhFPF0p0",
"date":"2013-03-13 20:58:13"
},
{
"kids":[],
"uid":"lynxleon",
"parent":"",
"text":"当时那个环境，全民动员上山扑火，挽救国家财产可是传统。从新中国成立到1985年，全国树立的省级以上的少年英雄36个，其中90%左右都是上山救火、下水救人、与坏人搏斗、抢救公共财产等牺牲的，不只赖宁一个",
"mid":"znhFn1oZJ",
"date":"2013-03-13 20:57:06"
},
{
"kids":[],
"uid":"1352902303",
"parent":"",
"text":"真相！",
"mid":"znhEGtHbW",
"date":"2013-03-13 20:55:25"
},
{
"kids":[],
"uid":"shushenshijianlu0306",
"parent":"",
"text":"",
"mid":"znhEGamsg",
"date":"2013-03-13 20:55:23"
},
{
"kids":[
"znhS27YQ1"
],
"uid":"zhehunde",
"parent":"znhCWlE4r",
"text":"矮马，原来是这样。",
"mid":"znhExkQcR",
"date":"2013-03-13 20:55:01"
},
{
"kids":[],
"uid":"2286287127",
"parent":"",
"text":"晕，欺骗了我三十年啊",
"mid":"znhEh2pf4",
"date":"2013-03-13 20:54:24"
},
{
"kids":[],
"uid":"3202391617",
"parent":"",
"text":"这样的事实如何接受、",
"mid":"znhEbsBfK",
"date":"2013-03-13 20:54:11"
},
{
"kids":[],
"uid":"277440284",
"parent":"",
"text":"现在才知道~~",
"mid":"znhE15OdJ",
"date":"2013-03-13 20:53:44"
},
{
"kids":[],
"uid":"sereinlin",
"parent":"",
"text":"",
"mid":"znhDUyCSp",
"date":"2013-03-13 20:53:28"
},
{
"kids":[],
"uid":"2827242114",
"parent":"",
"text":"",
"mid":"znhDU2AGZ",
"date":"2013-03-13 20:53:29"
},
{
"kids":[],
"uid":"1652568984",
"parent":"",
"text":"我整个小学阶段都在学习赖宁呢[挖鼻屎]",
"mid":"znhDAsYn2",
"date":"2013-03-13 20:52:42"
},
{
"kids":[],
"uid":"2303327215",
"parent":"",
"text":"毁三观，毁童年[泪]",
"mid":"znhDndcm5",
"date":"2013-03-13 20:52:11"
},
{
"kids":[],
"uid":"b40k",
"parent":"",
"text":"",
"mid":"znhDauDYa",
"date":"2013-03-13 20:51:41"
},
{
"kids":[
"znhExkQcR"
],
"uid":"2255436834",
"parent":"",
"text":"当初还以为是英勇救活小英雄啊",
"mid":"znhCWlE4r",
"date":"2013-03-13 20:51:07"
},
{
"kids":[],
"uid":"83060400",
"parent":"",
"text":"",
"mid":"znhCSbtkq",
"date":"2013-03-13 20:50:57"
},
{
"kids":[],
"uid":"miss080807",
"parent":"",
"text":"[黑线]高度近视，惶恐中在火海中罹难。[黑线]",
"mid":"znhCtl85t",
"date":"2013-03-13 20:49:58"
},
{
"kids":[],
"uid":"mumurain",
"parent":"",
"text":"",
"mid":"znhC5oUh4",
"date":"2013-03-13 20:49:02"
},
{
"kids":[],
"uid":"1899530502",
"parent":"",
"text":"",
"mid":"znhBO1vLH",
"date":"2013-03-13 20:48:15"
},
{
"kids":[],
"uid":"1769387462",
"parent":"",
"text":"",
"mid":"znhBJAnxZ",
"date":"2013-03-13 20:48:06"
},
{
"kids":[
"zni0bptJn"
],
"uid":"2394275382",
"parent":"",
"text":"真的假的？",
"mid":"znhBy2mKe",
"date":"2013-03-13 20:47:42"
},
{
"kids":[
"znhR4aBx8"
],
"uid":"1644213195",
"parent":"",
"text":"擦！又毁三观了",
"mid":"znhBvnvhy",
"date":"2013-03-13 20:47:33"
},
{
"kids":[],
"uid":"2798063802",
"parent":"",
"text":"[蜡烛][蜡烛]",
"mid":"znhB8kq88",
"date":"2013-03-13 20:46:38"
}
]