[
{
"kids":[],
"uid":"2810624172",
"parent":"",
"text":"",
"mid":"zh5Xhud8O",
"date":"2013-02-01 04:06:27"
},
{
"kids":[],
"uid":"2803869434",
"parent":"",
"text":"",
"mid":"zgYmO0yeW",
"date":"2013-01-31 08:47:21"
},
{
"kids":[],
"uid":"2412768984",
"parent":"zgprqc78M",
"text":"这个故事的漏洞太多了，如果是真的请补足细节",
"mid":"zgpSvq6JY",
"date":"2013-01-27 16:59:18"
},
{
"kids":[
"zgpSvq6JY"
],
"uid":"sm7184861",
"parent":"",
"text":"看成内脏被吃……最近有点睡眠不足",
"mid":"zgprqc78M",
"date":"2013-01-27 15:52:34"
},
{
"kids":[],
"uid":"1776581634",
"parent":"zg3XruFds",
"text":"",
"mid":"zgaWrwytn",
"date":"2013-01-26 02:57:49"
},
{
"kids":[],
"uid":"2714518202",
"parent":"zg90svCG8",
"text":"变态年年有今年特别多[怒]",
"mid":"zga3XdmcZ",
"date":"2013-01-26 00:43:34"
},
{
"kids":[],
"uid":"lolina",
"parent":"zg9bnvlxy",
"text":"原po真捉急",
"mid":"zg9eEdRff",
"date":"2013-01-25 22:37:06"
},
{
"kids":[],
"uid":"secretplant",
"parent":"zg94expeZ",
"text":"抓她出来！",
"mid":"zg9cAxDBk",
"date":"2013-01-25 22:32:06"
},
{
"kids":[
"zg9eEdRff"
],
"uid":"miaofuu",
"parent":"",
"text":"以为画皮呢一把掏出来就吃了啊",
"mid":"zg9bnvlxy",
"date":"2013-01-25 22:29:04"
},
{
"kids":[],
"uid":"2132707174",
"parent":"zg94expeZ",
"text":"突然觉得，课长好萌。（¯﹃¯）",
"mid":"zg99Bz6j1",
"date":"2013-01-25 22:24:45"
},
{
"kids":[],
"uid":"shandom",
"parent":"zg90svCG8",
"text":"",
"mid":"zg99AFRfu",
"date":"2013-01-25 22:24:43"
},
{
"kids":[],
"uid":"2370417034",
"parent":"zg95J5FlV",
"text":"报警啦",
"mid":"zg97YyYAk",
"date":"2013-01-25 22:20:44"
},
{
"kids":[],
"uid":"glados",
"parent":"zg94meycK",
"text":"被挖不会当场死亡？？",
"mid":"zg97KmbC9",
"date":"2013-01-25 22:20:08"
},
{
"kids":[],
"uid":"boxzombie",
"parent":"zg94expeZ",
"text":"计画通り",
"mid":"zg97zFE2G",
"date":"2013-01-25 22:19:45"
},
{
"kids":[],
"uid":"glados",
"parent":"zg94meycK",
"text":"凶狠",
"mid":"zg97v0dQ1",
"date":"2013-01-25 22:19:32"
},
{
"kids":[],
"uid":"fujojilemo",
"parent":"",
"text":"",
"mid":"zg96P0sqW",
"date":"2013-01-25 22:17:53"
},
{
"kids":[],
"uid":"2654506141",
"parent":"zg94expeZ",
"text":"⑨课的胜利",
"mid":"zg96AwNx4",
"date":"2013-01-25 22:17:19"
},
{
"kids":[],
"uid":"547054276",
"parent":"zg94expeZ",
"text":"w",
"mid":"zg96o8hn9",
"date":"2013-01-25 22:16:48"
},
{
"kids":[],
"uid":"lilyblsm",
"parent":"zg94expeZ",
"text":"",
"mid":"zg96b87yH",
"date":"2013-01-25 22:16:16"
},
{
"kids":[],
"uid":"2385843820",
"parent":"zg94expeZ",
"text":"哇…课长这次很生气的样子啊",
"mid":"zg961Fu6p",
"date":"2013-01-25 22:15:56"
},
{
"kids":[],
"uid":"2679183434",
"parent":"zg94expeZ",
"text":"年♂夜♂饭，捡♂肥♂皂~！",
"mid":"zg95Lp6KD",
"date":"2013-01-25 22:15:17"
},
{
"kids":[
"zg97YyYAk"
],
"uid":"2502119500",
"parent":"zg94meycK",
"text":"不报警有什么好说",
"mid":"zg95J5FlV",
"date":"2013-01-25 22:15:11"
},
{
"kids":[],
"uid":"2121587073",
"parent":"zg94expeZ",
"text":"怒转",
"mid":"zg95CzjVT",
"date":"2013-01-25 22:14:56"
},
{
"kids":[],
"uid":"2022358992",
"parent":"zg94expeZ",
"text":"课长好样！",
"mid":"zg95uAWdw",
"date":"2013-01-25 22:14:38"
},
{
"kids":[],
"uid":"reedw",
"parent":"zg94expeZ",
"text":"",
"mid":"zg95au6k9",
"date":"2013-01-25 22:13:50"
},
{
"kids":[],
"uid":"poppysie",
"parent":"zg94expeZ",
"text":"使劲罚它",
"mid":"zg94Hykbe",
"date":"2013-01-25 22:12:40"
},
{
"kids":[
"zg97KmbC9",
"zg97v0dQ1",
"zg95J5FlV"
],
"uid":"234516213",
"parent":"zg90svCG8",
"text":"太丧失，有我的风格啊..",
"mid":"zg94meycK",
"date":"2013-01-25 22:11:47"
},
{
"kids":[
"zg9cAxDBk",
"zg99Bz6j1",
"zg97zFE2G",
"zg96AwNx4",
"zg96o8hn9",
"zg96b87yH",
"zg961Fu6p",
"zg95Lp6KD",
"zg95CzjVT",
"zg95uAWdw",
"zg95au6k9",
"zg94Hykbe"
],
"uid":"sheyingjiuke",
"parent":"zg92weO1Q",
"text":"@淮南公安在线 博主造谣不抓吗，根据治安管理处罚条例第三章第十九条第五款捏造或者歪曲事实故意散布谣言或者以其他方法煽动扰乱社会秩序的处十五日以下拘留、二百元以下罚款或者警告",
"mid":"zg94expeZ",
"date":"2013-01-25 22:11:28"
},
{
"kids":[],
"uid":"2198109142",
"parent":"zg8T86bcr",
"text":"！？",
"mid":"zg93Sp3tQ",
"date":"2013-01-25 22:10:38"
},
{
"kids":[],
"uid":"2617801195",
"parent":"zg90svCG8",
"text":"报警啊，一定要报警",
"mid":"zg93jz0Qf",
"date":"2013-01-25 22:09:15"
},
{
"kids":[
"zg94expeZ"
],
"uid":"208250120",
"parent":"zg3FCl67C",
"text":"@仿若如梦 @小鹿年糕 @摄影9课官方微薄 漂亮打脸",
"mid":"zg92weO1Q",
"date":"2013-01-25 22:07:14"
},
{
"kids":[],
"uid":"2823842130",
"parent":"zg90svCG8",
"text":"啊啦~感谢正义凛然的PO主为大家扩散真相~我觉得警方会妥善处理你的",
"mid":"zg927m3D4",
"date":"2013-01-25 22:06:18"
},
{
"kids":[],
"uid":"208250120",
"parent":"zg8Rs45zy",
"text":"为什么觉得很假..首先要复仇砍一刀就可以了何必挖内脏【凶手变态的话就当我没说】，器官买卖的话三四岁的小孩器官有屁用",
"mid":"zg91uDb1r",
"date":"2013-01-25 22:04:43"
},
{
"kids":[],
"uid":"2413584905",
"parent":"zg90svCG8",
"text":"",
"mid":"zg91qxJHT",
"date":"2013-01-25 22:04:34"
},
{
"kids":[],
"uid":"2121587073",
"parent":"zg90svCG8",
"text":"",
"mid":"zg91h6jk3",
"date":"2013-01-25 22:04:15"
},
{
"kids":[
"zga3XdmcZ",
"zg99AFRfu",
"zg94meycK",
"zg93jz0Qf",
"zg927m3D4",
"zg91qxJHT",
"zg91h6jk3"
],
"uid":"sheyingjiuke",
"parent":"zg8VqukqH",
"text":"博主人呢？要不要报警啊，要么抓凶手，要么抓你。直接报告给局长，绝对重视啊！重大刑事案件啊！~",
"mid":"zg90svCG8",
"date":"2013-01-25 22:02:11"
},
{
"kids":[
"zg90svCG8"
],
"uid":"275272602",
"parent":"zg8SEf60R",
"text":"。。",
"mid":"zg8VqukqH",
"date":"2013-01-25 21:49:48"
},
{
"kids":[
"zg93Sp3tQ"
],
"uid":"dialsx",
"parent":"zg8Rs45zy",
"text":"[汗]现代版迅哥儿笔下的啊毛，不是被狼吃掉的内脏，是被人挖空的内脏——横批：变态",
"mid":"zg8T86bcr",
"date":"2013-01-25 21:44:09"
},
{
"kids":[],
"uid":"1636097877",
"parent":"zg8Rs45zy",
"text":"不报警原p究竟想干嘛？无聊的话你可以圈微小说那些营销号。",
"mid":"zg8ST1PT0",
"date":"2013-01-25 21:43:31"
},
{
"kids":[
"zg8VqukqH"
],
"uid":"1630240305",
"parent":"zg8Rs45zy",
"text":"官娘你…",
"mid":"zg8SEf60R",
"date":"2013-01-25 21:42:57"
},
{
"kids":[
"zg91uDb1r",
"zg8T86bcr",
"zg8ST1PT0",
"zg8SEf60R"
],
"uid":"sheyingjiuke",
"parent":"",
"text":"要不咱帮你报警？咱朋友认识淮南市公安局局长前两天刚见过。",
"mid":"zg8Rs45zy",
"date":"2013-01-25 21:40:01"
},
{
"kids":[],
"uid":"kiddassist",
"parent":"zg8JZie36",
"text":"回复@仿若如梦:确实骗怕了，不过骗的再怕也不会被你这条低级段子给骗了，那智商下限得有多低啊，你也别扯了，我知道我引用的论证再强大你也会坚持认为这是真的，甚至会中途改编这个故事，因为你从一开始就抱着另外的目的。各位朋友请顺手举报。@姬璞_ @摄影9课官方微薄",
"mid":"zg8QckKHX",
"date":"2013-01-25 21:36:56"
},
{
"kids":[
"zg8QckKHX"
],
"uid":"kiddassist",
"parent":"",
"text":"别玩微博了，赶紧去写小说吧。",
"mid":"zg8JZie36",
"date":"2013-01-25 21:21:38"
},
{
"kids":[],
"uid":"2001678817",
"parent":"zg3FCl67C",
"text":"",
"mid":"zg76zeTwa",
"date":"2013-01-25 17:11:44"
},
{
"kids":[],
"uid":"kiddassist",
"parent":"zg3FCl67C",
"text":"大快人心，昨晚信誓旦旦拍着胸脯说是真事的po主今天怎么不见了呢，赶紧删微博好吗，别等我举报。",
"mid":"zg5XYpYma",
"date":"2013-01-25 14:17:50"
},
{
"kids":[],
"uid":"2804329104",
"parent":"",
"text":"",
"mid":"zg4U7B9af",
"date":"2013-01-25 11:35:36"
},
{
"kids":[],
"uid":"2079808253",
"parent":"zg4nzEYy2",
"text":"",
"mid":"zg4KNiPrL",
"date":"2013-01-25 11:12:36"
},
{
"kids":[],
"uid":"1079009163",
"parent":"zg4nzEYy2",
"text":"太可怕了！！！",
"mid":"zg4qxddiv",
"date":"2013-01-25 10:22:43"
},
{
"kids":[
"zg4KNiPrL",
"zg4qxddiv"
],
"uid":"2535147451",
"parent":"",
"text":"",
"mid":"zg4nzEYy2",
"date":"2013-01-25 10:15:26"
},
{
"kids":[],
"uid":"woshiwangyiqun",
"parent":"zg4gNx7q5",
"text":"",
"mid":"zg4j6gBAL",
"date":"2013-01-25 10:04:24"
},
{
"kids":[],
"uid":"330976567",
"parent":"zg4ial8EG",
"text":"[吃惊]",
"mid":"zg4j2FWEz",
"date":"2013-01-25 10:04:16"
},
{
"kids":[
"zg4j2FWEz"
],
"uid":"2057386470",
"parent":"zfZGT4ymR",
"text":"我倒喜欢不是真的，要不然实在太可怕了！[抓狂][抓狂][抓狂]不过确实也是给大家提了个醒！[吃惊]",
"mid":"zg4ial8EG",
"date":"2013-01-25 10:02:05"
},
{
"kids":[
"zg4j6gBAL"
],
"uid":"1938404580",
"parent":"zfZA78JpO",
"text":"何止是震惊！[吃惊]",
"mid":"zg4gNx7q5",
"date":"2013-01-25 09:58:42"
},
{
"kids":[],
"uid":"xuqiang3016",
"parent":"zg42s48hu",
"text":"回复@淮南公安在线:和谐、稳定的五彩淮南！离不开你们的努力！你们辛苦了！[赞][赞][赞]",
"mid":"zg4cObkj8",
"date":"2013-01-25 09:48:54"
},
{
"kids":[
"zg4cObkj8"
],
"uid":"xuqiang3016",
"parent":"zg3FCl67C",
"text":"尊敬的淮南公安在线的所有同志们！你们辛苦了！在此我向你们提一条建议！在春节临近之时希望淮南公安能够加大警力，多去农村巡查、巡查！关注留守儿童的安全，避免被拐、掠走！给在外务工的所有家长们一份安心！我的建议请务必转达给淮南公安相关领导！谢谢！",
"mid":"zg42s48hu",
"date":"2013-01-25 09:23:22"
},
{
"kids":[],
"uid":"kumiko01",
"parent":"",
"text":"让人怀疑真事件的实性",
"mid":"zg41PlhsZ",
"date":"2013-01-25 09:21:50"
},
{
"kids":[],
"uid":"xuqiang3016",
"parent":"",
"text":"是真是假啊？昨天看的我触目惊心！现在心里还不能平静！",
"mid":"zg3ZKyfWf",
"date":"2013-01-25 09:16:43"
},
{
"kids":[],
"uid":"xuqiang3016",
"parent":"zg3FCl67C",
"text":"谢天谢地！幸好找到了！你们辛苦了！[",
"mid":"zg3XGADZd",
"date":"2013-01-25 09:11:38"
},
{
"kids":[
"zgaWrwytn"
],
"uid":"1905663561",
"parent":"zg3FCl67C",
"text":"",
"mid":"zg3XruFds",
"date":"2013-01-25 09:11:02"
},
{
"kids":[],
"uid":"1913013985",
"parent":"zg3FCl67C",
"text":"虚假新闻充满社会的各个角落！",
"mid":"zg3Ha5Rxe",
"date":"2013-01-25 08:30:55"
},
{
"kids":[
"zg92weO1Q",
"zg76zeTwa",
"zg5XYpYma",
"zg42s48hu",
"zg3XGADZd",
"zg3XruFds",
"zg3Ha5Rxe"
],
"uid":"hngazx",
"parent":"",
"text":"#微辟谣#经查询我局110接警台报警记录，昨日，我局接到1起儿童走失报警求助，后走失儿童找到，无恙。不实微博请勿传！",
"mid":"zg3FCl67C",
"date":"2013-01-25 08:27:08"
},
{
"kids":[],
"uid":"2359878953",
"parent":"",
"text":"没有人性！",
"mid":"zg3CugUp5",
"date":"2013-01-25 08:19:25"
},
{
"kids":[],
"uid":"2737168181",
"parent":"",
"text":"真的么",
"mid":"zg1pRmWhH",
"date":"2013-01-25 02:42:49"
},
{
"kids":[],
"uid":"oeay",
"parent":"zfZROj1Ai",
"text":"同感。",
"mid":"zg0VvFihd",
"date":"2013-01-25 01:28:02"
},
{
"kids":[],
"uid":"1698655212",
"parent":"",
"text":"为了器官？还是女孩家人与人有仇？",
"mid":"zg0Sw6qTw",
"date":"2013-01-25 01:20:40"
},
{
"kids":[],
"uid":"hh6812",
"parent":"zg0Cgagqi",
"text":"[吃惊][怒]",
"mid":"zg0FBlSnh",
"date":"2013-01-25 00:48:48"
},
{
"kids":[
"zg0FBlSnh"
],
"uid":"1956986225",
"parent":"zg0sZa9A2",
"text":"",
"mid":"zg0Cgagqi",
"date":"2013-01-25 00:40:33"
},
{
"kids":[],
"uid":"2366257484",
"parent":"zg0sZa9A2",
"text":"",
"mid":"zg0wt8Gzc",
"date":"2013-01-25 00:26:21"
},
{
"kids":[],
"uid":"2416582164",
"parent":"zfZAMxPih",
"text":"吓死人了@Leona_包子:[泪]",
"mid":"zg0tbxiYm",
"date":"2013-01-25 00:18:16"
},
{
"kids":[
"zg0Cgagqi",
"zg0wt8Gzc"
],
"uid":"2403113575",
"parent":"",
"text":"假如狄更斯再世，不知将作何感想？ 再写一部「悲惨世界」之续集，还是上书法国政府，要求派＂法国人民志愿军＂解救受压迫、受奴役的＂天朝人民＂！？",
"mid":"zg0sZa9A2",
"date":"2013-01-25 00:17:46"
},
{
"kids":[],
"uid":"2671026657",
"parent":"",
"text":"这种事如是真的是很容易查的，应该是有一定规模的医院才能干吧？",
"mid":"zg0lkhLua",
"date":"2013-01-24 23:58:54"
},
{
"kids":[],
"uid":"1707816932",
"parent":"",
"text":"罪恶世间啊！",
"mid":"zg0hz9nTe",
"date":"2013-01-24 23:49:36"
},
{
"kids":[],
"uid":"313307772",
"parent":"zfZWllHM5",
"text":"求真相？",
"mid":"zg0ash8Tl",
"date":"2013-01-24 23:32:06"
},
{
"kids":[],
"uid":"2096014590",
"parent":"",
"text":"仇杀",
"mid":"zg06XDTUu",
"date":"2013-01-24 23:23:30"
},
{
"kids":[],
"uid":"2131727553",
"parent":"zfZYkdHX9",
"text":"1,十几分钟取内脏?不可能是医学用途。2,人体失去内脏后还能存活超过15分钟?!3,po主给出的信息模糊不清,描写主观片面,真实性十分可疑。是扰乱民心还是抹黑医院?老实交待,举报不谢!",
"mid":"zg03RCJGS",
"date":"2013-01-24 23:15:53"
},
{
"kids":[],
"uid":"1228021517",
"parent":"zfZRg3JAt",
"text":"若有良知就不会做这事。",
"mid":"zg03vb1Fs",
"date":"2013-01-24 23:14:58"
},
{
"kids":[],
"uid":"kiddassist",
"parent":"zfZXNbMxK",
"text":"回复 @仿若如梦:你别说，还真不少。我是很正义的人，看不惯没有证据的信息被疯传，心地善良的人被利用，如果你能给出证据证明事件确实发生，我会收回所有的话，否则这消息依然保持着90%的不可信度，谢谢。",
"mid":"zg02XutJQ",
"date":"2013-01-24 23:13:39"
},
{
"kids":[],
"uid":"3047140711",
"parent":"zfZROj1Ai",
"text":"介个伪装成取内脏的手法太假了。报复性犯罪的可能比较大。",
"mid":"zg02UfvZg",
"date":"2013-01-24 23:13:30"
},
{
"kids":[],
"uid":"2089219513",
"parent":"zfZTb6piM",
"text":"",
"mid":"zg01IlZ67",
"date":"2013-01-24 23:10:33"
},
{
"kids":[],
"uid":"kiddassist",
"parent":"",
"text":"刚还在纠结段子散播者的逻辑比较奇怪，这下直到他们目的明确了。借谣言来黑医院，我想他们肯定很期待我们问这是哪个医院吧。@摄影9课官方微薄",
"mid":"zfZZvfYUO",
"date":"2013-01-24 23:05:07"
},
{
"kids":[
"zg03RCJGS"
],
"uid":"odiles",
"parent":"zfZVKmeQc",
"text":"半小时取内脏太可怕了吧",
"mid":"zfZYkdHX9",
"date":"2013-01-24 23:02:14"
},
{
"kids":[],
"uid":"1971164081",
"parent":"zfZWllHM5",
"text":"@小雪miuiu @sevenZSY @倩倩-围脖 @缪宇 @墨5君 @Anne66文 @费鹏ALLEN @郭雨婷_拥抱生活 @淮南-小悦 @可乐丨BABY @可亮哈哈 @老男孩胜利 @Miss丶珠珠 @Vian莫莫 @王大彪 @杨大明不大 @妖拉--友友小舍 @_那小子真胖_",
"mid":"zfZYb7jL8",
"date":"2013-01-24 23:01:49"
},
{
"kids":[
"zg02XutJQ"
],
"uid":"kiddassist",
"parent":"zfZROj1Ai",
"text":"＂拒绝接收＂疑点重重。但又好像重点不在这，总之如果是谣言那散播者的逻辑也很奇怪，是为了黑淮南？",
"mid":"zfZXNbMxK",
"date":"2013-01-24 23:00:55"
},
{
"kids":[],
"uid":"2237400213",
"parent":"zfZROj1Ai",
"text":"⑨课辟谣！",
"mid":"zfZWRf7LH",
"date":"2013-01-24 22:58:36"
},
{
"kids":[],
"uid":"234571198",
"parent":"",
"text":"不能复生但早日报案破案就是拯救他人",
"mid":"zfZWQFmD6",
"date":"2013-01-24 22:58:36"
},
{
"kids":[],
"uid":"1838908140",
"parent":"zfZROj1Ai",
"text":"课长 要不要考虑某些邪教的仪式所为？",
"mid":"zfZWL3RPG",
"date":"2013-01-24 22:58:23"
},
{
"kids":[
"zg0ash8Tl",
"zfZYb7jL8"
],
"uid":"234571198",
"parent":"",
"text":"建议受害者家人先报案，搞清事实再发微博。这种恶性事件不好乱说的。",
"mid":"zfZWllHM5",
"date":"2013-01-24 22:57:21"
},
{
"kids":[
"zfZYkdHX9"
],
"uid":"xizhilangjun",
"parent":"",
"text":"...........3.4岁被挖内脏至少十几分钟，然后送医院又是十几分钟，加上颠簸，不死？？",
"mid":"zfZVKmeQc",
"date":"2013-01-24 22:55:51"
},
{
"kids":[
"zg01IlZ67"
],
"uid":"2447846980",
"parent":"zfZSglVyl",
"text":"直接挖内脏大出血都死了吧…",
"mid":"zfZTb6piM",
"date":"2013-01-24 22:49:32"
},
{
"kids":[],
"uid":"nrocinu",
"parent":"zfZROj1Ai",
"text":"谁这么饿",
"mid":"zfZSVaq7c",
"date":"2013-01-24 22:48:55"
},
{
"kids":[
"zfZTb6piM"
],
"uid":"xizhilangjun",
"parent":"zfZROj1Ai",
"text":"直接内脏被挖能活？？？",
"mid":"zfZSglVyl",
"date":"2013-01-24 22:47:17"
},
{
"kids":[
"zg0VvFihd",
"zg02UfvZg",
"zfZXNbMxK",
"zfZWRf7LH",
"zfZWL3RPG",
"zfZSVaq7c",
"zfZSglVyl"
],
"uid":"sheyingjiuke",
"parent":"zfXLajr8O",
"text":"咱提三个疑点第一，三四岁的小女孩内脏有什么用。第二，即便可以用于移植，没有正规的手段没有相应的保存措施内脏是很快不能使用的。第三，这个天气剖开腹部摘除内脏，半小时后存活率微乎其微。除非是变态杀人或者报复杀人。",
"mid":"zfZROj1Ai",
"date":"2013-01-24 22:46:09"
},
{
"kids":[
"zg03vb1Fs"
],
"uid":"2882385094",
"parent":"zfZPgeov3",
"text":"恐怖至极",
"mid":"zfZRg3JAt",
"date":"2013-01-24 22:44:49"
},
{
"kids":[
"zfZRg3JAt"
],
"uid":"fxb007",
"parent":"",
"text":"恐怖啊[衰]",
"mid":"zfZPgeov3",
"date":"2013-01-24 22:39:54"
},
{
"kids":[],
"uid":"2921930901",
"parent":"",
"text":"真的假的？",
"mid":"zfZNY9LJc",
"date":"2013-01-24 22:36:40"
},
{
"kids":[],
"uid":"zyh67856",
"parent":"zfZEz8WGL",
"text":"没有亲眼见到，请勿以讹传讹。",
"mid":"zfZNz1qEK",
"date":"2013-01-24 22:35:43"
},
{
"kids":[],
"uid":"2441809554",
"parent":"zfZJm8eOc",
"text":"",
"mid":"zfZKQys62",
"date":"2013-01-24 22:29:02"
},
{
"kids":[
"zfZKQys62"
],
"uid":"2403113575",
"parent":"",
"text":"令人发指、禽兽横行！",
"mid":"zfZJm8eOc",
"date":"2013-01-24 22:25:21"
},
{
"kids":[],
"uid":"2246366215",
"parent":"zfZBpuiKf",
"text":"天下尽有这样的事啊？",
"mid":"zfZHXy8wv",
"date":"2013-01-24 22:21:53"
},
{
"kids":[
"zg4ial8EG"
],
"uid":"2970752802",
"parent":"",
"text":"什么社会[怒][怒][怒]",
"mid":"zfZGT4ymR",
"date":"2013-01-24 22:19:13"
},
{
"kids":[
"zfZNz1qEK"
],
"uid":"zyh67856",
"parent":"",
"text":"我只想说，在什么di点啊？不要无中生有，具体点，我们办理。你的联系方式。",
"mid":"zfZEz8WGL",
"date":"2013-01-24 22:13:31"
},
{
"kids":[],
"uid":"zyh67856",
"parent":"zfZBpuiKf",
"text":"造谣的！",
"mid":"zfZCH0aMc",
"date":"2013-01-24 22:08:54"
},
{
"kids":[
"zfZHXy8wv",
"zfZCH0aMc"
],
"uid":"1988875745",
"parent":"",
"text":"真的假的？太吓人了！",
"mid":"zfZBpuiKf",
"date":"2013-01-24 22:05:47"
},
{
"kids":[],
"uid":"ayuan0530",
"parent":"",
"text":"",
"mid":"zfZBpfWFH",
"date":"2013-01-24 22:05:45"
},
{
"kids":[
"zg0tbxiYm"
],
"uid":"2125147543",
"parent":"",
"text":"[泪]",
"mid":"zfZAMxPih",
"date":"2013-01-24 22:04:14"
},
{
"kids":[
"zg4gNx7q5"
],
"uid":"huishangfawu",
"parent":"",
"text":"震惊",
"mid":"zfZA78JpO",
"date":"2013-01-24 22:02:37"
},
{
"kids":[],
"uid":"234571198",
"parent":"",
"text":"如果你说的是真的，这种恶性案件报案当然有用。",
"mid":"zfZvKe1oP",
"date":"2013-01-24 21:51:49"
},
{
"kids":[],
"uid":"2381214392",
"parent":"zfZpNFQLT",
"text":"应该不是真的吧，现在真的有这么丧心病狂的人吗！！！",
"mid":"zfZrB6ejz",
"date":"2013-01-24 21:41:37"
},
{
"kids":[
"zfZrB6ejz"
],
"uid":"huangmaoya",
"parent":"zfXLajr8O",
"text":"这么可怕？！",
"mid":"zfZpNFQLT",
"date":"2013-01-24 21:37:11"
},
{
"kids":[],
"uid":"234571198",
"parent":"",
"text":"报案没有？",
"mid":"zfZoUc5VN",
"date":"2013-01-24 21:34:58"
},
{
"kids":[
"zfZROj1Ai",
"zfZpNFQLT"
],
"uid":"234571198",
"parent":"",
"text":"没有时间地点人物，应该是谣言。请@淮南公安在线 辟谣。",
"mid":"zfXLajr8O",
"date":"2013-01-24 17:24:19"
}
]