[
{
"kids":[],
"uid":"xujiang2010",
"parent":"AjXRAn9iV",
"text":"/你们这是组团殴打小学生的节奏吗？？？？？？？我怎么想起了吃饭睡觉打小再的故事呢？？？/@创元文体-杨树:貌似你说过，不轻易相信任何一方，至少经过第三方验证再转发。祝你写作业愉快！我也睡觉去了，晚安！",
"mid":"Ak1IFohls",
"date":"2013-11-23 09:34:40"
},
{
"kids":[
"Ak1IFohls"
],
"uid":"333598818",
"parent":"",
"text":"老谣重炒，提醒勿向电网尿尿。[衰]",
"mid":"AjXRAn9iV",
"date":"2013-11-22 23:45:38"
},
{
"kids":[],
"uid":"jdc120",
"parent":"",
"text":"[哈哈]",
"mid":"AjXwX9vVR",
"date":"2013-11-22 22:54:49"
},
{
"kids":[],
"uid":"3402456900",
"parent":"",
"text":"",
"mid":"CmCIm8gPH",
"date":"2015-06-15 08:54:44"
},
{
"kids":[],
"uid":"1111736573",
"parent":"Ak1hExzX4",
"text":"昆仑润滑油。。。",
"mid":"Cf3xvBAO9",
"date":"2015-04-26 14:29:45"
},
{
"kids":[],
"uid":"1041326954",
"parent":"",
"text":"",
"mid":"C6rroEV4C",
"date":"2015-02-28 22:47:53"
},
{
"kids":[],
"uid":"2945058021",
"parent":"",
"text":"呵呵哈",
"mid":"AvFBtg2AL",
"date":"2014-02-07 23:20:08"
},
{
"kids":[],
"uid":"3044082034",
"parent":"AjV7aqeWL",
"text":"",
"mid":"Am2Tm7SSF",
"date":"2013-12-06 16:14:21"
},
{
"kids":[],
"uid":"3043858934",
"parent":"AjV7aqeWL",
"text":"",
"mid":"AlZJL788K",
"date":"2013-12-06 08:12:27"
},
{
"kids":[],
"uid":"3045226324",
"parent":"AjV7aqeWL",
"text":"",
"mid":"AlZmNauaE",
"date":"2013-12-06 07:15:52"
},
{
"kids":[],
"uid":"1583931122",
"parent":"AjV7aqeWL",
"text":"",
"mid":"AlQKk4son",
"date":"2013-12-05 09:19:07"
},
{
"kids":[],
"uid":"1560980295",
"parent":"AjV7aqeWL",
"text":"",
"mid":"AlQAf7uBm",
"date":"2013-12-05 08:54:17"
},
{
"kids":[],
"uid":"2919606392",
"parent":"AjV7aqeWL",
"text":"",
"mid":"AlPXlAEbh",
"date":"2013-12-05 07:18:29"
},
{
"kids":[],
"uid":"2802779944",
"parent":"AjVu5v8cH",
"text":"",
"mid":"AlJ7Qs5Zo",
"date":"2013-12-04 13:55:04"
},
{
"kids":[],
"uid":"3045164904",
"parent":"AjVu5v8cH",
"text":"",
"mid":"AlINF5AwP",
"date":"2013-12-04 13:05:23"
},
{
"kids":[],
"uid":"2919691162",
"parent":"AjV7aqeWL",
"text":"",
"mid":"AlHGisCIO",
"date":"2013-12-04 10:14:29"
},
{
"kids":[],
"uid":"3045246810",
"parent":"AjVu5v8cH",
"text":"",
"mid":"AlH6gxUZC",
"date":"2013-12-04 08:45:44"
},
{
"kids":[],
"uid":"3045151342",
"parent":"AjV7aqeWL",
"text":"",
"mid":"AlGTKA1OT",
"date":"2013-12-04 08:14:54"
},
{
"kids":[],
"uid":"3044956572",
"parent":"AjV7aqeWL",
"text":"",
"mid":"AlGrjo5La",
"date":"2013-12-04 07:04:50"
},
{
"kids":[],
"uid":"2919944372",
"parent":"AjVu5v8cH",
"text":"",
"mid":"AlBd4tUW7",
"date":"2013-12-03 17:45:59"
},
{
"kids":[],
"uid":"2802975562",
"parent":"AjVu5v8cH",
"text":"",
"mid":"AlAm5uqvR",
"date":"2013-12-03 15:35:26"
},
{
"kids":[],
"uid":"2920404640",
"parent":"AjV7aqeWL",
"text":"",
"mid":"AlylY18Ab",
"date":"2013-12-03 10:29:40"
},
{
"kids":[],
"uid":"3044870540",
"parent":"AjV7aqeWL",
"text":"",
"mid":"AlxbakLoR",
"date":"2013-12-03 07:30:19"
},
{
"kids":[],
"uid":"2803036932",
"parent":"AjVu5v8cH",
"text":"",
"mid":"AlpHd6wKb",
"date":"2013-12-02 12:27:17"
},
{
"kids":[],
"uid":"2804734564",
"parent":"AjVu5v8cH",
"text":"",
"mid":"Alp70wFay",
"date":"2013-12-02 10:58:06"
},
{
"kids":[],
"uid":"2919926330",
"parent":"AjVu5v8cH",
"text":"",
"mid":"AlofkoyfV",
"date":"2013-12-02 08:45:51"
},
{
"kids":[],
"uid":"3044689794",
"parent":"AjV7aqeWL",
"text":"",
"mid":"Alo6nbG8x",
"date":"2013-12-02 08:23:48"
},
{
"kids":[],
"uid":"1583743875",
"parent":"AjV7aqeWL",
"text":"",
"mid":"Alo64gNlf",
"date":"2013-12-02 08:23:03"
},
{
"kids":[],
"uid":"2919447590",
"parent":"AjV7aqeWL",
"text":"",
"mid":"AlnPlEX8f",
"date":"2013-12-02 07:41:51"
},
{
"kids":[],
"uid":"2919575664",
"parent":"AjXyVwbkc",
"text":"",
"mid":"AkYRzqnZx",
"date":"2013-11-29 16:08:40"
},
{
"kids":[],
"uid":"2803124554",
"parent":"AjXyVwbkc",
"text":"",
"mid":"AkYafqfOd",
"date":"2013-11-29 14:21:55"
},
{
"kids":[],
"uid":"2803136124",
"parent":"AjXyVwbkc",
"text":"",
"mid":"AkXNFoqEB",
"date":"2013-11-29 13:26:18"
},
{
"kids":[],
"uid":"3044624010",
"parent":"AjXIPfN9w",
"text":"",
"mid":"AkOOj5aJT",
"date":"2013-11-28 14:33:07"
},
{
"kids":[],
"uid":"3044873962",
"parent":"AjXIPfN9w",
"text":"",
"mid":"AkOvgz7fs",
"date":"2013-11-28 13:46:15"
},
{
"kids":[],
"uid":"2789974522",
"parent":"AjXyVwbkc",
"text":"",
"mid":"AkNnB4G02",
"date":"2013-11-28 10:54:37"
},
{
"kids":[],
"uid":"3045192460",
"parent":"AjXIPfN9w",
"text":"",
"mid":"AkMwEqHvB",
"date":"2013-11-28 08:44:09"
},
{
"kids":[],
"uid":"3043720594",
"parent":"AjXyVwbkc",
"text":"",
"mid":"AkMk7j9hk",
"date":"2013-11-28 08:13:16"
},
{
"kids":[],
"uid":"2803036024",
"parent":"AjXyVwbkc",
"text":"",
"mid":"AkLVB0ENf",
"date":"2013-11-28 07:12:51"
},
{
"kids":[],
"uid":"2920299044",
"parent":"AjVu5v8cH",
"text":"",
"mid":"AkGtucU6w",
"date":"2013-11-27 17:19:52"
},
{
"kids":[],
"uid":"1582766262",
"parent":"AjXyVwbkc",
"text":"",
"mid":"AkEUSivhm",
"date":"2013-11-27 13:21:51"
},
{
"kids":[],
"uid":"1582753624",
"parent":"AjXIPfN9w",
"text":"",
"mid":"AkE2AkVG0",
"date":"2013-11-27 11:08:07"
},
{
"kids":[],
"uid":"3045278672",
"parent":"AjXIPfN9w",
"text":"",
"mid":"AkE2p7ctU",
"date":"2013-11-27 11:07:39"
},
{
"kids":[],
"uid":"2920436730",
"parent":"AjV7aqeWL",
"text":"",
"mid":"AkDogtdqx",
"date":"2013-11-27 09:28:46"
},
{
"kids":[],
"uid":"1582944881",
"parent":"AjXyVwbkc",
"text":"",
"mid":"AkDdDdFLT",
"date":"2013-11-27 09:02:34"
},
{
"kids":[],
"uid":"2920079522",
"parent":"AjV7aqeWL",
"text":"",
"mid":"AkD4lA0tp",
"date":"2013-11-27 08:39:42"
},
{
"kids":[],
"uid":"2803077140",
"parent":"AjXyVwbkc",
"text":"",
"mid":"AkD3EaGzm",
"date":"2013-11-27 08:37:58"
},
{
"kids":[],
"uid":"2803382730",
"parent":"AjVu5v8cH",
"text":"",
"mid":"AkCYI3xUu",
"date":"2013-11-27 08:25:48"
},
{
"kids":[],
"uid":"3044334880",
"parent":"AjVu5v8cH",
"text":"",
"mid":"AkCT82wP9",
"date":"2013-11-27 08:12:04"
},
{
"kids":[],
"uid":"2803930094",
"parent":"AjV7aqeWL",
"text":"",
"mid":"AkCI0Cy3B",
"date":"2013-11-27 07:44:41"
},
{
"kids":[],
"uid":"2804612232",
"parent":"AjXIPfN9w",
"text":"",
"mid":"AkCukio6I",
"date":"2013-11-27 07:10:57"
},
{
"kids":[],
"uid":"2920161754",
"parent":"AjV7aqeWL",
"text":"",
"mid":"AkxVavmJS",
"date":"2013-11-26 19:33:21"
},
{
"kids":[],
"uid":"3044709272",
"parent":"AjXIPfN9w",
"text":"",
"mid":"Akwehk8r3",
"date":"2013-11-26 15:14:55"
},
{
"kids":[],
"uid":"3044844320",
"parent":"AjXyVwbkc",
"text":"",
"mid":"Akw0ubmqz",
"date":"2013-11-26 14:40:58"
},
{
"kids":[],
"uid":"2807919130",
"parent":"AjVu5v8cH",
"text":"",
"mid":"AkvPT0mBI",
"date":"2013-11-26 14:14:50"
},
{
"kids":[],
"uid":"3044102214",
"parent":"AjVu5v8cH",
"text":"",
"mid":"AkvKimSHm",
"date":"2013-11-26 14:01:04"
},
{
"kids":[],
"uid":"3043490962",
"parent":"AjXIPfN9w",
"text":"",
"mid":"AkvoGByjB",
"date":"2013-11-26 13:07:51"
},
{
"kids":[],
"uid":"3043934214",
"parent":"AjXyVwbkc",
"text":"",
"mid":"AkuQN59pv",
"date":"2013-11-26 11:44:19"
},
{
"kids":[],
"uid":"2919434764",
"parent":"AjXIPfN9w",
"text":"",
"mid":"AkuQ1dxOw",
"date":"2013-11-26 11:42:26"
},
{
"kids":[],
"uid":"2803370184",
"parent":"AjVu5v8cH",
"text":"",
"mid":"AkuyplymH",
"date":"2013-11-26 10:59:02"
},
{
"kids":[],
"uid":"2809733160",
"parent":"AjVu5v8cH",
"text":"",
"mid":"Akusa08Db",
"date":"2013-11-26 10:43:39"
},
{
"kids":[],
"uid":"2920561020",
"parent":"AjXyVwbkc",
"text":"",
"mid":"AkmFVdGYy",
"date":"2013-11-25 14:55:35"
},
{
"kids":[],
"uid":"3045401730",
"parent":"AjXyVwbkc",
"text":"",
"mid":"Akmzy8glR",
"date":"2013-11-25 14:39:53"
},
{
"kids":[],
"uid":"2920462880",
"parent":"Ak2cQdUo4",
"text":"",
"mid":"AkmiM14xU",
"date":"2013-11-25 13:58:32"
},
{
"kids":[],
"uid":"3045450200",
"parent":"AjV7aqeWL",
"text":"",
"mid":"AkmfAAfrD",
"date":"2013-11-25 13:50:41"
},
{
"kids":[],
"uid":"2919514054",
"parent":"Ak2cQdUo4",
"text":"",
"mid":"Akm0jgGU0",
"date":"2013-11-25 13:13:03"
},
{
"kids":[],
"uid":"2919612242",
"parent":"Ak2cQdUo4",
"text":"",
"mid":"AklWhyDrx",
"date":"2013-11-25 13:03:08"
},
{
"kids":[],
"uid":"2919297030",
"parent":"Ak2cQdUo4",
"text":"",
"mid":"AklUuaZjv",
"date":"2013-11-25 12:58:42"
},
{
"kids":[],
"uid":"3045218552",
"parent":"AjV7aqeWL",
"text":"",
"mid":"AklQ7tow2",
"date":"2013-11-25 12:47:57"
},
{
"kids":[],
"uid":"2919908824",
"parent":"AjXyVwbkc",
"text":"",
"mid":"AklN20XY8",
"date":"2013-11-25 12:40:20"
},
{
"kids":[],
"uid":"2919685404",
"parent":"AjXyVwbkc",
"text":"",
"mid":"AklGAdGfR",
"date":"2013-11-25 12:24:28"
},
{
"kids":[],
"uid":"3043521544",
"parent":"AjV7aqeWL",
"text":"",
"mid":"AklFCwlLN",
"date":"2013-11-25 12:22:05"
},
{
"kids":[],
"uid":"2920165190",
"parent":"AjV7aqeWL",
"text":"",
"mid":"AklrgcNgk",
"date":"2013-11-25 11:46:43"
},
{
"kids":[],
"uid":"2919510522",
"parent":"AjV7aqeWL",
"text":"",
"mid":"AklqOrfOq",
"date":"2013-11-25 11:45:37"
},
{
"kids":[],
"uid":"2919511730",
"parent":"AjXyVwbkc",
"text":"",
"mid":"Akl35cwwa",
"date":"2013-11-25 10:47:09"
},
{
"kids":[],
"uid":"3045118242",
"parent":"AjXIPfN9w",
"text":"",
"mid":"AkkWccydy",
"date":"2013-11-25 10:30:11"
},
{
"kids":[],
"uid":"3044068734",
"parent":"AjV7aqeWL",
"text":"",
"mid":"AkkqtpbVS",
"date":"2013-11-25 09:12:00"
},
{
"kids":[],
"uid":"2919464572",
"parent":"Ak2cQdUo4",
"text":"",
"mid":"Akk3V7Mzv",
"date":"2013-11-25 08:16:28"
},
{
"kids":[],
"uid":"2810310544",
"parent":"AjXyVwbkc",
"text":"",
"mid":"AkjVfBxq7",
"date":"2013-11-25 07:55:06"
},
{
"kids":[],
"uid":"1778305303",
"parent":"AjXIPfN9w",
"text":"",
"mid":"AkjPUnz8I",
"date":"2013-11-25 07:41:56"
},
{
"kids":[],
"uid":"2789734932",
"parent":"Ak2cQdUo4",
"text":"",
"mid":"AkjNCggUh",
"date":"2013-11-25 07:36:18"
},
{
"kids":[],
"uid":"1520683330",
"parent":"AjVu5v8cH",
"text":"",
"mid":"AkdS04dsK",
"date":"2013-11-24 16:30:38"
},
{
"kids":[],
"uid":"2789919712",
"parent":"AjVu5v8cH",
"text":"",
"mid":"AkdnVdtRx",
"date":"2013-11-24 15:16:30"
},
{
"kids":[],
"uid":"3044740882",
"parent":"Ak1hExzX4",
"text":"",
"mid":"Akd6BFFD6",
"date":"2013-11-24 14:33:51"
},
{
"kids":[],
"uid":"3044709380",
"parent":"Ak1hExzX4",
"text":"",
"mid":"AkcUabiBs",
"date":"2013-11-24 14:03:12"
},
{
"kids":[],
"uid":"1440439560",
"parent":"AjXIPfN9w",
"text":"",
"mid":"AkbYRrtJp",
"date":"2013-11-24 11:42:02"
},
{
"kids":[],
"uid":"2803348742",
"parent":"AjXIPfN9w",
"text":"",
"mid":"AkbBGu0ft",
"date":"2013-11-24 10:44:55"
},
{
"kids":[],
"uid":"2803155240",
"parent":"AjXIPfN9w",
"text":"",
"mid":"AkbgBdfwK",
"date":"2013-11-24 09:52:59"
},
{
"kids":[],
"uid":"2920511300",
"parent":"AjVu5v8cH",
"text":"",
"mid":"AkaMCA5p2",
"date":"2013-11-24 08:39:08"
},
{
"kids":[],
"uid":"3043687522",
"parent":"Ak1diedgZ",
"text":"",
"mid":"AkavZBQC1",
"date":"2013-11-24 07:58:10"
},
{
"kids":[],
"uid":"3043504482",
"parent":"Ak1diedgZ",
"text":"",
"mid":"AkavDrm4s",
"date":"2013-11-24 07:57:16"
},
{
"kids":[],
"uid":"3044760620",
"parent":"Ak1diedgZ",
"text":"",
"mid":"AkarU5W21",
"date":"2013-11-24 07:48:03"
},
{
"kids":[],
"uid":"2920113824",
"parent":"Ak1hExzX4",
"text":"",
"mid":"AkamH6vA2",
"date":"2013-11-24 07:35:13"
},
{
"kids":[],
"uid":"84871523",
"parent":"AjXwX9vVR",
"text":"[吃惊][吃惊]",
"mid":"Ak7PZ20iM",
"date":"2013-11-24 01:09:10"
},
{
"kids":[],
"uid":"2270438503",
"parent":"AjY23zZWg",
"text":"冈坂日川",
"mid":"Ak6ncvk2C",
"date":"2013-11-23 21:25:29"
},
{
"kids":[],
"uid":"572844774",
"parent":"AjYFoi13i",
"text":"",
"mid":"Ak5e0qDnv",
"date":"2013-11-23 18:30:07"
},
{
"kids":[],
"uid":"2077340493",
"parent":"AjXRAn9iV",
"text":"",
"mid":"Ak4nbdqjw",
"date":"2013-11-23 16:19:58"
},
{
"kids":[],
"uid":"1105579410",
"parent":"AjXRAn9iV",
"text":"",
"mid":"Ak4arFQeJ",
"date":"2013-11-23 15:48:35"
},
{
"kids":[],
"uid":"3282637770",
"parent":"AjXwX9vVR",
"text":"",
"mid":"Ak3Tu1vRe",
"date":"2013-11-23 15:06:47"
},
{
"kids":[],
"uid":"2612346867",
"parent":"",
"text":"我又阴影了不敢喝烈酒了@向天眞的女孩投降",
"mid":"Ak3s2Ar7S",
"date":"2013-11-23 13:59:11"
},
{
"kids":[],
"uid":"3173301942",
"parent":"AjXwX9vVR",
"text":"真的假的呀？太离谱了",
"mid":"Ak3g0aaYw",
"date":"2013-11-23 13:29:30"
},
{
"kids":[],
"uid":"1631017840",
"parent":"AjXRAn9iV",
"text":"",
"mid":"Ak3bqcBq3",
"date":"2013-11-23 13:18:15"
},
{
"kids":[],
"uid":"1216761393",
"parent":"Ak1UypqDs",
"text":"没有用好的鸡油",
"mid":"Ak3b7yb0T",
"date":"2013-11-23 13:17:31"
},
{
"kids":[],
"uid":"2502792364",
"parent":"AjXRAn9iV",
"text":"图片里这位当时肯定爽呆了[哈哈]",
"mid":"Ak3auAyvm",
"date":"2013-11-23 13:15:58"
},
{
"kids":[],
"uid":"2649237605",
"parent":"AjXkrulTb",
"text":"",
"mid":"Ak32VkgGd",
"date":"2013-11-23 12:57:19"
},
{
"kids":[],
"uid":"3474486190",
"parent":"AjXRAn9iV",
"text":"笑死爷了",
"mid":"Ak2YbjqWh",
"date":"2013-11-23 12:45:38"
},
{
"kids":[],
"uid":"2957727803",
"parent":"AjY6H4Lf3",
"text":"",
"mid":"Ak2PQdv3S",
"date":"2013-11-23 12:25:04"
},
{
"kids":[],
"uid":"2920397932",
"parent":"",
"text":"",
"mid":"Ak2FWrgA9",
"date":"2013-11-23 12:00:42"
},
{
"kids":[],
"uid":"1862988934",
"parent":"Ak1vk5Kv4",
"text":"尼玛",
"mid":"Ak2xTnkhS",
"date":"2013-11-23 11:40:52"
},
{
"kids":[],
"uid":"1820667293",
"parent":"Ak1n59dd3",
"text":"钻肉取火[哈哈]",
"mid":"Ak2uErSyQ",
"date":"2013-11-23 11:32:52"
},
{
"kids":[],
"uid":"lijialong8",
"parent":"Ak2l1hFyK",
"text":"这个新闻都发生很久了吧？",
"mid":"Ak2tqbcDE",
"date":"2013-11-23 11:29:51"
},
{
"kids":[],
"uid":"3045235920",
"parent":"",
"text":"",
"mid":"Ak2rSaL0N",
"date":"2013-11-23 11:26:01"
},
{
"kids":[
"Ak2tqbcDE"
],
"uid":"138861388",
"parent":"Ak28LwOln",
"text":"博主是黑还是羡慕那个河南22岁男子功能强大呢？",
"mid":"Ak2l1hFyK",
"date":"2013-11-23 11:09:08"
},
{
"kids":[],
"uid":"2134017854",
"parent":"",
"text":"",
"mid":"Ak2dS1vIj",
"date":"2013-11-23 10:51:32"
},
{
"kids":[],
"uid":"3254246715",
"parent":"AjXRAn9iV",
"text":"[哈哈]",
"mid":"Ak2cSwsPa",
"date":"2013-11-23 10:49:05"
},
{
"kids":[
"AkmiM14xU",
"Akm0jgGU0",
"AklWhyDrx",
"AklUuaZjv",
"Akk3V7Mzv",
"AkjNCggUh"
],
"uid":"2879398907",
"parent":"AjXwX9vVR",
"text":"[可怜]",
"mid":"Ak2cQdUo4",
"date":"2013-11-23 10:49:00"
},
{
"kids":[],
"uid":"209992342",
"parent":"Ak28LwOln",
"text":"[哈哈][哈哈]",
"mid":"Ak2cpj6yQ",
"date":"2013-11-23 10:47:55"
},
{
"kids":[
"Ak2tqbcDE",
"Ak2l1hFyK",
"Ak2cpj6yQ"
],
"uid":"jiaojiangyesir",
"parent":"AjXRAn9iV",
"text":"东抄西抄把谣言抄来当实用技术百科的货 。",
"mid":"Ak28LwOln",
"date":"2013-11-23 10:38:56"
},
{
"kids":[],
"uid":"akitsu",
"parent":"Ak1oDrgFc",
"text":"[吃惊]",
"mid":"Ak21op60f",
"date":"2013-11-23 10:20:48"
},
{
"kids":[
"Ak3b7yb0T"
],
"uid":"1481185222",
"parent":"Ak1IFohls",
"text":"@厦门悠然山庄 给你们那喝醉酒的客人看这个",
"mid":"Ak1UypqDs",
"date":"2013-11-23 10:03:57"
},
{
"kids":[],
"uid":"haoyou522",
"parent":"Ak1IFohls",
"text":"@Victor小鋒鋒 少喝点儿[偷笑]",
"mid":"Ak1U3F4Ob",
"date":"2013-11-23 10:02:43"
},
{
"kids":[],
"uid":"liaozu",
"parent":"",
"text":"太残忍了",
"mid":"Ak1M1sN90",
"date":"2013-11-23 09:42:56"
},
{
"kids":[],
"uid":"2359117584",
"parent":"Ak1IFohls",
"text":"真吓人！我幼小的心灵有阴影了！[哼]",
"mid":"Ak1M0gwC9",
"date":"2013-11-23 09:42:53"
},
{
"kids":[],
"uid":"3094910652",
"parent":"Ak1IFohls",
"text":"太假了！[哈哈][哈哈][哈哈]",
"mid":"Ak1JmgNp6",
"date":"2013-11-23 09:36:22"
},
{
"kids":[
"Ak3b7yb0T",
"Ak1UypqDs",
"Ak1U3F4Ob",
"Ak1M0gwC9",
"Ak1JmgNp6"
],
"uid":"xujiang2010",
"parent":"AjY28BsAO",
"text":"/你们这是组团殴打小学生的节奏吗？？？？？？？我怎么想起了吃饭睡觉打小再的故事呢？？？/@创元文体-杨树:貌似你说过，不轻易相信任何一方，至少经过第三方验证再转发。祝你写作业愉快！我也睡觉去了，晚安！",
"mid":"Ak1IFohls",
"date":"2013-11-23 09:34:40"
},
{
"kids":[],
"uid":"3409717080",
"parent":"AjXkrulTb",
"text":"",
"mid":"Ak1GcDGhO",
"date":"2013-11-23 09:28:35"
},
{
"kids":[],
"uid":"3166643674",
"parent":"",
"text":"O买糕得[汗]",
"mid":"Ak1zq9plg",
"date":"2013-11-23 09:11:53"
},
{
"kids":[
"Ak2xTnkhS"
],
"uid":"1084565002",
"parent":"",
"text":"@低碳生活ZHU @爷们鲁花哥 @还是你安逸 @还是你安逸 @爷们鲁花哥",
"mid":"Ak1vk5Kv4",
"date":"2013-11-23 09:01:47"
},
{
"kids":[],
"uid":"848468797",
"parent":"",
"text":"以后不喝酒了",
"mid":"Ak1qa2qru",
"date":"2013-11-23 08:49:04"
},
{
"kids":[
"Ak21op60f"
],
"uid":"3341532054",
"parent":"Ak1n59dd3",
"text":"卧槽？？！！",
"mid":"Ak1oDrgFc",
"date":"2013-11-23 08:45:19"
},
{
"kids":[
"Ak2uErSyQ",
"Ak21op60f",
"Ak1oDrgFc"
],
"uid":"2011089481",
"parent":"AjXFCFLA8",
"text":"[吃惊]",
"mid":"Ak1n59dd3",
"date":"2013-11-23 08:41:29"
},
{
"kids":[],
"uid":"3486717970",
"parent":"",
"text":"",
"mid":"Ak1jQb9ky",
"date":"2013-11-23 08:33:30"
},
{
"kids":[],
"uid":"3218173442",
"parent":"",
"text":"",
"mid":"Ak1hMikOm",
"date":"2013-11-23 08:28:25"
},
{
"kids":[],
"uid":"3228093632",
"parent":"",
"text":"",
"mid":"Ak1hKcW1Y",
"date":"2013-11-23 08:28:19"
},
{
"kids":[
"Cf3xvBAO9",
"Akd6BFFD6",
"AkcUabiBs",
"AkamH6vA2"
],
"uid":"3063224991",
"parent":"",
"text":"昆仑润滑油。。。",
"mid":"Ak1hExzX4",
"date":"2013-11-23 08:28:07"
},
{
"kids":[],
"uid":"ma1053146281",
"parent":"AjXwX9vVR",
"text":"这也有人信？？？",
"mid":"Ak1fxp43L",
"date":"2013-11-23 08:22:53"
},
{
"kids":[
"AkavZBQC1",
"AkavDrm4s",
"AkarU5W21"
],
"uid":"3208579270",
"parent":"AjXwX9vVR",
"text":"真的吗？",
"mid":"Ak1diedgZ",
"date":"2013-11-23 08:17:22"
},
{
"kids":[],
"uid":"3195588181",
"parent":"AjXwX9vVR",
"text":"",
"mid":"Ak1b298rP",
"date":"2013-11-23 08:11:47"
},
{
"kids":[],
"uid":"2031810715",
"parent":"AjXTWBlo0",
"text":"幼儿园老师就讲过起火三要素。别信",
"mid":"Ak16dF8Oi",
"date":"2013-11-23 07:59:57"
},
{
"kids":[],
"uid":"zhouqibo",
"parent":"",
"text":"",
"mid":"Ak0ZLhSQJ",
"date":"2013-11-23 07:44:01"
},
{
"kids":[],
"uid":"bjnjf",
"parent":"AjXqO2ptE",
"text":"",
"mid":"Ak0YN0q4U",
"date":"2013-11-23 07:41:38"
},
{
"kids":[],
"uid":"february1118",
"parent":"",
"text":"[威武]",
"mid":"Ak0UdnocV",
"date":"2013-11-23 07:30:22"
},
{
"kids":[],
"uid":"xinyuliuyouyan",
"parent":"",
"text":"编，编，多编点！",
"mid":"Ak0NTfebT",
"date":"2013-11-23 07:14:47"
},
{
"kids":[],
"uid":"1926487503",
"parent":"AjXwX9vVR",
"text":"有可能吗？jj上又不是涂了汽油",
"mid":"Ak0Kblgw3",
"date":"2013-11-23 07:05:38"
},
{
"kids":[],
"uid":"1137879695",
"parent":"AjXRAn9iV",
"text":"哎，无语，的多不正常的人能搞这个",
"mid":"Ak0yryvFG",
"date":"2013-11-23 06:36:44"
},
{
"kids":[],
"uid":"2527567373",
"parent":"AjXwX9vVR",
"text":"",
"mid":"Ak0qBaAbV",
"date":"2013-11-23 06:17:23"
},
{
"kids":[],
"uid":"3100423085",
"parent":"AjXwX9vVR",
"text":"",
"mid":"Ak05ruB0g",
"date":"2013-11-23 05:25:17"
},
{
"kids":[],
"uid":"1781275901",
"parent":"AjY23zZWg",
"text":"[哈哈]",
"mid":"AjZfQuHB9",
"date":"2013-11-23 03:18:10"
},
{
"kids":[],
"uid":"wanliwoniu",
"parent":"AjXRAn9iV",
"text":"[衰]",
"mid":"AjZ3g6RXL",
"date":"2013-11-23 02:47:08"
},
{
"kids":[],
"uid":"1901645023",
"parent":"AjXRAn9iV",
"text":"[衰]",
"mid":"AjYWp8Pwb",
"date":"2013-11-23 02:30:16"
},
{
"kids":[],
"uid":"1684584834",
"parent":"AjY23zZWg",
"text":"老谣重炒",
"mid":"AjYPx3GJk",
"date":"2013-11-23 02:13:20"
},
{
"kids":[],
"uid":"2085239921",
"parent":"AjXQ2luxH",
"text":"",
"mid":"AjYOAw0jc",
"date":"2013-11-23 02:11:01"
},
{
"kids":[],
"uid":"dou00",
"parent":"AjXRAn9iV",
"text":"=。=外国人的精神文化生活果然跟物质文化生活一样高。。。",
"mid":"AjYMXua6H",
"date":"2013-11-23 02:07:00"
},
{
"kids":[],
"uid":"2053490811",
"parent":"AjXRAn9iV",
"text":"",
"mid":"AjYJ234G9",
"date":"2013-11-23 01:57:19"
},
{
"kids":[],
"uid":"1449154632",
"parent":"",
"text":"",
"mid":"AjYIqcUnS",
"date":"2013-11-23 01:55:49"
},
{
"kids":[
"Ak5e0qDnv"
],
"uid":"572844774",
"parent":"AjXkrulTb",
"text":"",
"mid":"AjYFoi13i",
"date":"2013-11-23 01:48:21"
},
{
"kids":[],
"uid":"baiaizh",
"parent":"AjXRAn9iV",
"text":"",
"mid":"AjYDJFDjE",
"date":"2013-11-23 01:44:17"
},
{
"kids":[],
"uid":"3639852770",
"parent":"",
"text":"公知不造谣不是公知[哈哈]",
"mid":"AjYCWmMZQ",
"date":"2013-11-23 01:42:19"
},
{
"kids":[],
"uid":"3639852770",
"parent":"AjXRAn9iV",
"text":"",
"mid":"AjYCGF389",
"date":"2013-11-23 01:41:41"
},
{
"kids":[],
"uid":"1352763294",
"parent":"AjXQ2luxH",
"text":"[哈哈][哈哈][哈哈]",
"mid":"AjYBnaGhR",
"date":"2013-11-23 01:38:27"
},
{
"kids":[],
"uid":"3180828495",
"parent":"",
"text":"",
"mid":"AjYzdBVmi",
"date":"2013-11-23 01:33:08"
},
{
"kids":[],
"uid":"1892069613",
"parent":"",
"text":"这种老谣言，还能挖出来，博主不错啊！不过还是要送你#谁信谁傻逼系列#",
"mid":"AjYvBiFyP",
"date":"2013-11-23 01:24:14"
},
{
"kids":[],
"uid":"2359293511",
"parent":"",
"text":"@西老西",
"mid":"AjYv7sT9Y",
"date":"2013-11-23 01:23:03"
},
{
"kids":[],
"uid":"sayakyou",
"parent":"AjY1QgLas",
"text":"娱乐一下，还有不要对电网撒尿",
"mid":"AjYuaFcAS",
"date":"2013-11-23 01:20:43"
},
{
"kids":[],
"uid":"3504898411",
"parent":"AjXkrulTb",
"text":"",
"mid":"AjYrabQFs",
"date":"2013-11-23 01:13:17"
},
{
"kids":[],
"uid":"1880420402",
"parent":"AjXRAn9iV",
"text":"[衰][衰][衰][衰][衰][衰][妖怪][妖怪][妖怪][妖怪][惊恐][惊恐][惊恐][惊恐]",
"mid":"AjYnA2Wu1",
"date":"2013-11-23 01:04:27"
},
{
"kids":[],
"uid":"2381108445",
"parent":"AjXwX9vVR",
"text":"[围观]",
"mid":"AjYkGEtaz",
"date":"2013-11-23 00:57:22"
},
{
"kids":[],
"uid":"2242392967",
"parent":"AjXRAn9iV",
"text":"碉堡了 哈哈哈",
"mid":"AjYiqwVRn",
"date":"2013-11-23 00:51:48"
},
{
"kids":[],
"uid":"keita123q",
"parent":"AjXQ2luxH",
"text":"日得起果子泡之类的弱爆了",
"mid":"AjYfNcYna",
"date":"2013-11-23 00:45:15"
},
{
"kids":[],
"uid":"514826190",
"parent":"AjXCr1kPD",
"text":"OMG",
"mid":"AjYe5FLFK",
"date":"2013-11-23 00:41:04"
},
{
"kids":[],
"uid":"yzxiaobo",
"parent":"AjXEkCJTe",
"text":"离人啊！！",
"mid":"AjYe29etY",
"date":"2013-11-23 00:40:58"
},
{
"kids":[],
"uid":"3464512370",
"parent":"AjXwX9vVR",
"text":"[吃惊]",
"mid":"AjYdZupti",
"date":"2013-11-23 00:40:49"
},
{
"kids":[],
"uid":"1866501571",
"parent":"",
"text":"速度必须赶上汽车发动机活塞往复的速度啦，间隙必须足够小，而且必须绝对干燥才能发热，但是也达不到点火的地步，你看这对男女超人呀，耸人听闻，逗你玩[哈哈][哈哈]",
"mid":"AjYdVmerl",
"date":"2013-11-23 00:40:42"
},
{
"kids":[],
"uid":"1581211745",
"parent":"AjXwX9vVR",
"text":"图片上的是[吃惊]。这说明两点。一酒很浓，二这哥门喝了点酒时间也太长了吧。都出火了。",
"mid":"AjYc229nM",
"date":"2013-11-23 00:36:01"
},
{
"kids":[],
"uid":"dadofang",
"parent":"AjXQ2luxH",
"text":"无奇不有[吃惊]",
"mid":"AjYbMEUsl",
"date":"2013-11-23 00:35:25"
},
{
"kids":[],
"uid":"1957868057",
"parent":"AjXwX9vVR",
"text":"",
"mid":"AjYaW5Kvv",
"date":"2013-11-23 00:33:20"
},
{
"kids":[],
"uid":"2213515787",
"parent":"",
"text":"",
"mid":"AjYaTpZXR",
"date":"2013-11-23 00:33:13"
},
{
"kids":[],
"uid":"leotsel",
"parent":"",
"text":"七年前的谣言再拿出来炒，傻逼。",
"mid":"AjYa40TV9",
"date":"2013-11-23 00:31:10"
},
{
"kids":[],
"uid":"206060431",
"parent":"AjXRAn9iV",
"text":"从科学的角度来说，即便是对着电线上尿尿也不会引起这样的事，一般人不会尿出连续的尿，电流不会导通，其次能尿到的地方电压等级都不高",
"mid":"AjY8Li559",
"date":"2013-11-23 00:27:56"
},
{
"kids":[],
"uid":"2251330677",
"parent":"",
"text":"",
"mid":"AjY8D2pCB",
"date":"2013-11-23 00:27:38"
},
{
"kids":[],
"uid":"1768062221",
"parent":"AjXurtLHm",
"text":"",
"mid":"AjY7ess6X",
"date":"2013-11-23 00:24:10"
},
{
"kids":[
"Ak2PQdv3S"
],
"uid":"linjiming",
"parent":"",
"text":"摩擦起电的前提是物与物之间特别干燥，都那么干燥了还尼玛的活个鸟塞？~[怒骂][怒][嘻嘻]",
"mid":"AjY6H4Lf3",
"date":"2013-11-23 00:22:52"
},
{
"kids":[],
"uid":"1308748900",
"parent":"AjXRAn9iV",
"text":"尼玛。。太恐怖",
"mid":"AjY64Elc8",
"date":"2013-11-23 00:21:19"
},
{
"kids":[],
"uid":"3738014105",
"parent":"AjXRAn9iV",
"text":"",
"mid":"AjY56E6jm",
"date":"2013-11-23 00:18:58"
},
{
"kids":[],
"uid":"2775421531",
"parent":"AjXRAn9iV",
"text":"老遥百科[挖鼻屎]",
"mid":"AjY4OnQZf",
"date":"2013-11-23 00:18:13"
},
{
"kids":[],
"uid":"576335575",
"parent":"AjXRAn9iV",
"text":"",
"mid":"AjY4ssMEe",
"date":"2013-11-23 00:17:21"
},
{
"kids":[],
"uid":"512977896",
"parent":"AjY23zZWg",
"text":"[笑哈哈]",
"mid":"AjY2YjR7M",
"date":"2013-11-23 00:13:40"
},
{
"kids":[],
"uid":"2309084465",
"parent":"AjXTpyuKQ",
"text":"",
"mid":"AjY2di4Fy",
"date":"2013-11-23 00:11:50"
},
{
"kids":[
"Ak3b7yb0T",
"Ak1UypqDs",
"Ak1U3F4Ob",
"Ak1M0gwC9",
"Ak1JmgNp6",
"Ak1IFohls"
],
"uid":"piaofa",
"parent":"AjXYTEUjb",
"text":"貌似你说过，不轻易相信任何一方，至少经过第三方验证再转发。祝你写作业愉快！我也睡觉去了，晚安！",
"mid":"AjY28BsAO",
"date":"2013-11-23 00:11:37"
},
{
"kids":[
"Ak6ncvk2C",
"AjZfQuHB9",
"AjYPx3GJk",
"AjY2YjR7M"
],
"uid":"sc868448",
"parent":"AjY1F2ZDs",
"text":"明明是冲电箱尿尿的结果，而且还是个外国二悲",
"mid":"AjY23zZWg",
"date":"2013-11-23 00:11:26"
},
{
"kids":[],
"uid":"2885345240",
"parent":"AjY1PlQ0J",
"text":"人家是悟空",
"mid":"AjY20A74n",
"date":"2013-11-23 00:11:18"
},
{
"kids":[
"AjYuaFcAS"
],
"uid":"anyezhuzhu",
"parent":"AjXRAn9iV",
"text":"笑死",
"mid":"AjY1QgLas",
"date":"2013-11-23 00:10:53"
},
{
"kids":[
"AjY20A74n"
],
"uid":"712327737",
"parent":"AjXZWnnJE",
"text":"我为什么一定要是和尚呢？[晕]",
"mid":"AjY1PlQ0J",
"date":"2013-11-23 00:10:52"
},
{
"kids":[
"Ak6ncvk2C",
"AjZfQuHB9",
"AjYPx3GJk",
"AjY2YjR7M",
"AjY23zZWg"
],
"uid":"3031762330",
"parent":"AjY1fAhVs",
"text":"[哈哈]",
"mid":"AjY1F2ZDs",
"date":"2013-11-23 00:10:29"
},
{
"kids":[],
"uid":"2328845065",
"parent":"AjXwX9vVR",
"text":"",
"mid":"AjY1wtTfF",
"date":"2013-11-23 00:10:06"
},
{
"kids":[
"Ak6ncvk2C",
"AjZfQuHB9",
"AjYPx3GJk",
"AjY2YjR7M",
"AjY23zZWg",
"AjY1F2ZDs"
],
"uid":"1180860635",
"parent":"AjXZWnnJE",
"text":"这兄弟怪可怜的，就那么一个鸡巴玩意，一年要烧好几回，还每次都是不同的原因~转500",
"mid":"AjY1fAhVs",
"date":"2013-11-23 00:09:28"
},
{
"kids":[],
"uid":"xuelva",
"parent":"AjXYTEUjb",
"text":"今天米国的五毛 打到你账户了吗",
"mid":"AjY0mE0u2",
"date":"2013-11-23 00:07:17"
},
{
"kids":[],
"uid":"dlfd",
"parent":"AjXRAn9iV",
"text":"[哈哈]",
"mid":"AjY0afNk4",
"date":"2013-11-23 00:06:45"
},
{
"kids":[
"Ak6ncvk2C",
"AjZfQuHB9",
"AjYPx3GJk",
"AjY2YjR7M",
"AjY23zZWg",
"AjY20A74n",
"AjY1PlQ0J",
"AjY1F2ZDs",
"AjY1fAhVs"
],
"uid":"3031762330",
"parent":"AjXYWiBOY",
"text":"你还是和尚吗？[汗]",
"mid":"AjXZWnnJE",
"date":"2013-11-23 00:06:14"
},
{
"kids":[],
"uid":"1985426853",
"parent":"AjXwX9vVR",
"text":"顶一下！",
"mid":"AjXYYl1BZ",
"date":"2013-11-23 00:03:51"
},
{
"kids":[
"Ak6ncvk2C",
"AjZfQuHB9",
"AjYPx3GJk",
"AjY2YjR7M",
"AjY23zZWg",
"AjY20A74n",
"AjY1PlQ0J",
"AjY1F2ZDs",
"AjY1fAhVs",
"AjXZWnnJE"
],
"uid":"712327737",
"parent":"AjXHkcygE",
"text":"卧槽，这速度，冈坂日川啊。",
"mid":"AjXYWiBOY",
"date":"2013-11-23 00:03:47"
},
{
"kids":[
"Ak3b7yb0T",
"Ak1UypqDs",
"Ak1U3F4Ob",
"Ak1M0gwC9",
"Ak1JmgNp6",
"Ak1IFohls",
"AjY28BsAO",
"AjY0mE0u2"
],
"uid":"ranxiongfei",
"parent":"AjXVKkbqL",
"text":"谢谢，我只是娱乐性看看，你不会要求我每条新闻都必须核实转发吧？我作业完不成了！ 88",
"mid":"AjXYTEUjb",
"date":"2013-11-23 00:03:38"
},
{
"kids":[],
"uid":"westproject",
"parent":"AjXRAn9iV",
"text":"",
"mid":"AjXYNq3lb",
"date":"2013-11-23 00:03:25"
},
{
"kids":[],
"uid":"0region",
"parent":"AjXRAn9iV",
"text":"能不能把这些谣精抓起来再把照片贴网上啊？神烦。",
"mid":"AjXY3CfwZ",
"date":"2013-11-23 00:01:37"
},
{
"kids":[],
"uid":"1637768377",
"parent":"",
"text":"扯鸡巴蛋！即使用明火来点，要多少度酒才能点燃？和体液混合还有多少度？就算是100%的乙醇，着火点也要75摄氏度，肉体的互相摩擦能达到这温度？",
"mid":"AjXY2qQsv",
"date":"2013-11-23 00:01:32"
},
{
"kids":[],
"uid":"2694512147",
"parent":"AjXCvrkLX",
"text":"我操！",
"mid":"AjXXVDvDy",
"date":"2013-11-23 00:01:16"
},
{
"kids":[],
"uid":"2790730387",
"parent":"AjXRAn9iV",
"text":"悲剧啊…",
"mid":"AjXXMvnnC",
"date":"2013-11-23 00:00:54"
},
{
"kids":[],
"uid":"2872659114",
"parent":"AjXTpyuKQ",
"text":"",
"mid":"AjXXBgfYQ",
"date":"2013-11-23 00:00:25"
},
{
"kids":[],
"uid":"1511327840",
"parent":"AjXRAn9iV",
"text":"我该用什么表情来转发[衰]",
"mid":"AjXXcs4Zw",
"date":"2013-11-22 23:59:29"
},
{
"kids":[],
"uid":"219087895",
"parent":"AjXUu2a3k",
"text":"哈哈哈[给力][威武]",
"mid":"AjXWA1tS3",
"date":"2013-11-22 23:57:57"
},
{
"kids":[],
"uid":"1882638882",
"parent":"AjXRAn9iV",
"text":"对于提醒饮酒伤身有意外公用，还是不辟谣好！",
"mid":"AjXWlAj3h",
"date":"2013-11-22 23:57:21"
},
{
"kids":[],
"uid":"3173603072",
"parent":"",
"text":"",
"mid":"AjXW3xvgl",
"date":"2013-11-22 23:56:40"
},
{
"kids":[],
"uid":"2339103522",
"parent":"AjXRAn9iV",
"text":"嘛……深夜",
"mid":"AjXVTs61Z",
"date":"2013-11-22 23:56:16"
},
{
"kids":[],
"uid":"2156491047",
"parent":"AjXqO2ptE",
"text":"",
"mid":"AjXVQgSdp",
"date":"2013-11-22 23:56:08"
},
{
"kids":[
"Ak3b7yb0T",
"Ak1UypqDs",
"Ak1U3F4Ob",
"Ak1M0gwC9",
"Ak1JmgNp6",
"Ak1IFohls",
"AjY28BsAO",
"AjY0mE0u2",
"AjXYTEUjb"
],
"uid":"piaofa",
"parent":"AjXRAn9iV",
"text":"@冉雄飞",
"mid":"AjXVKkbqL",
"date":"2013-11-22 23:55:53"
},
{
"kids":[],
"uid":"1696763480",
"parent":"AjXRAn9iV",
"text":"",
"mid":"AjXVAxiUZ",
"date":"2013-11-22 23:55:31"
},
{
"kids":[],
"uid":"chuci9603",
"parent":"AjXRAn9iV",
"text":"@旮旯里的青蛙 ，请珍重",
"mid":"AjXV67fHf",
"date":"2013-11-22 23:54:18"
},
{
"kids":[],
"uid":"oracle0380",
"parent":"AjXRAn9iV",
"text":"[吃惊]",
"mid":"AjXV5xgPc",
"date":"2013-11-22 23:54:16"
},
{
"kids":[],
"uid":"2402590863",
"parent":"AjXkrulTb",
"text":"插图真赞",
"mid":"AjXV0wsPP",
"date":"2013-11-22 23:54:05"
},
{
"kids":[],
"uid":"gentleye",
"parent":"AjXRAn9iV",
"text":"原po的言论本来就是谁信谁SB！",
"mid":"AjXUUCXRm",
"date":"2013-11-22 23:53:47"
},
{
"kids":[],
"uid":"272990303",
"parent":"AjXRAn9iV",
"text":"[衰]太阳",
"mid":"AjXUUBMQ9",
"date":"2013-11-22 23:53:51"
},
{
"kids":[
"AjXWA1tS3"
],
"uid":"sc868448",
"parent":"AjXTpyuKQ",
"text":"[威武]",
"mid":"AjXUu2a3k",
"date":"2013-11-22 23:52:44"
},
{
"kids":[
"Ak16dF8Oi"
],
"uid":"1825722995",
"parent":"",
"text":"好痛@seven-cuiwen",
"mid":"AjXTWBlo0",
"date":"2013-11-22 23:51:27"
},
{
"kids":[],
"uid":"cnivy",
"parent":"AjXQ2luxH",
"text":"这种造谣的货是不是该管管？",
"mid":"AjXTBFsst",
"date":"2013-11-22 23:50:37"
},
{
"kids":[],
"uid":"3271657450",
"parent":"AjXwX9vVR",
"text":"你们以后要多注意哦！不要干坏事！@二十四块腹肌 @胡晓秀",
"mid":"AjXTxcHgE",
"date":"2013-11-22 23:50:27"
},
{
"kids":[
"AjY2di4Fy",
"AjXXBgfYQ",
"AjXWA1tS3",
"AjXUu2a3k"
],
"uid":"138861388",
"parent":"AjXRAn9iV",
"text":"哈哈",
"mid":"AjXTpyuKQ",
"date":"2013-11-22 23:50:09"
},
{
"kids":[],
"uid":"3192058160",
"parent":"",
"text":"哈哈，贾大夫的被盗用了么",
"mid":"AjXTat0io",
"date":"2013-11-22 23:49:34"
},
{
"kids":[],
"uid":"3150208973",
"parent":"AjXRAn9iV",
"text":"",
"mid":"AjXT9h3mL",
"date":"2013-11-22 23:49:30"
},
{
"kids":[],
"uid":"273344211",
"parent":"AjXRAn9iV",
"text":"网络大谣们为了吸引眼球，提高自己的知名度，什么都编的出来···",
"mid":"AjXStD02l",
"date":"2013-11-22 23:47:49"
},
{
"kids":[],
"uid":"1743918254",
"parent":"AjXQ2luxH",
"text":"",
"mid":"AjXSgAdoH",
"date":"2013-11-22 23:47:22"
},
{
"kids":[],
"uid":"3149363950",
"parent":"AjXkrulTb",
"text":"",
"mid":"AjXS34uzz",
"date":"2013-11-22 23:46:45"
},
{
"kids":[
"Ak4nbdqjw",
"Ak4arFQeJ",
"Ak3bqcBq3",
"Ak3b7yb0T",
"Ak3auAyvm",
"Ak2YbjqWh",
"Ak2tqbcDE",
"Ak2l1hFyK",
"Ak2cSwsPa",
"Ak2cpj6yQ",
"Ak28LwOln",
"Ak1UypqDs",
"Ak1U3F4Ob",
"Ak1M0gwC9",
"Ak1JmgNp6",
"Ak1IFohls",
"Ak0yryvFG",
"AjZ3g6RXL",
"AjYWp8Pwb",
"AjYMXua6H",
"AjYJ234G9",
"AjYDJFDjE",
"AjYCGF389",
"AjYuaFcAS",
"AjYnA2Wu1",
"AjYiqwVRn",
"AjY8Li559",
"AjY64Elc8",
"AjY56E6jm",
"AjY4OnQZf",
"AjY4ssMEe",
"AjY2di4Fy",
"AjY28BsAO",
"AjY1QgLas",
"AjY0mE0u2",
"AjY0afNk4",
"AjXYTEUjb",
"AjXYNq3lb",
"AjXY3CfwZ",
"AjXXMvnnC",
"AjXXBgfYQ",
"AjXXcs4Zw",
"AjXWA1tS3",
"AjXWlAj3h",
"AjXVTs61Z",
"AjXVKkbqL",
"AjXVAxiUZ",
"AjXV67fHf",
"AjXV5xgPc",
"AjXUUCXRm",
"AjXUUBMQ9",
"AjXUu2a3k",
"AjXTpyuKQ",
"AjXT9h3mL",
"AjXStD02l"
],
"uid":"333598818",
"parent":"AjXQ2luxH",
"text":"老谣重炒，提醒勿向电网尿尿。[衰]",
"mid":"AjXRAn9iV",
"date":"2013-11-22 23:45:38"
},
{
"kids":[
"Ak4nbdqjw",
"Ak4arFQeJ",
"Ak3bqcBq3",
"Ak3b7yb0T",
"Ak3auAyvm",
"Ak2YbjqWh",
"Ak2tqbcDE",
"Ak2l1hFyK",
"Ak2cSwsPa",
"Ak2cpj6yQ",
"Ak28LwOln",
"Ak1UypqDs",
"Ak1U3F4Ob",
"Ak1M0gwC9",
"Ak1JmgNp6",
"Ak1IFohls",
"Ak0yryvFG",
"AjZ3g6RXL",
"AjYWp8Pwb",
"AjYOAw0jc",
"AjYMXua6H",
"AjYJ234G9",
"AjYDJFDjE",
"AjYCGF389",
"AjYBnaGhR",
"AjYuaFcAS",
"AjYnA2Wu1",
"AjYiqwVRn",
"AjYfNcYna",
"AjYbMEUsl",
"AjY8Li559",
"AjY64Elc8",
"AjY56E6jm",
"AjY4OnQZf",
"AjY4ssMEe",
"AjY2di4Fy",
"AjY28BsAO",
"AjY1QgLas",
"AjY0mE0u2",
"AjY0afNk4",
"AjXYTEUjb",
"AjXYNq3lb",
"AjXY3CfwZ",
"AjXXMvnnC",
"AjXXBgfYQ",
"AjXXcs4Zw",
"AjXWA1tS3",
"AjXWlAj3h",
"AjXVTs61Z",
"AjXVKkbqL",
"AjXVAxiUZ",
"AjXV67fHf",
"AjXV5xgPc",
"AjXUUCXRm",
"AjXUUBMQ9",
"AjXUu2a3k",
"AjXTBFsst",
"AjXTpyuKQ",
"AjXT9h3mL",
"AjXStD02l",
"AjXSgAdoH",
"AjXRAn9iV"
],
"uid":"3078202693",
"parent":"AjXFCFLA8",
"text":"06年外国老帖，原标题“想知道往三相电网上尿尿会发生什么吗” 戳http:",
"mid":"AjXQ2luxH",
"date":"2013-11-22 23:41:49"
},
{
"kids":[],
"uid":"1853301537",
"parent":"",
"text":"[哈哈][哈哈][哈哈]",
"mid":"AjXPSBklw",
"date":"2013-11-22 23:41:25"
},
{
"kids":[],
"uid":"3607233197",
"parent":"AjXkrulTb",
"text":"",
"mid":"AjXOR1rty",
"date":"2013-11-22 23:38:55"
},
{
"kids":[],
"uid":"1736609647",
"parent":"",
"text":"",
"mid":"AjXOGmZ0Z",
"date":"2013-11-22 23:38:30"
},
{
"kids":[],
"uid":"3648575310",
"parent":"AjXwX9vVR",
"text":"这个必须转[哈哈]@渔人堡小疯子 @沈瑞峰强子 @兄要change",
"mid":"AjXOw6bra",
"date":"2013-11-22 23:38:02"
},
{
"kids":[],
"uid":"3133789721",
"parent":"AjXwX9vVR",
"text":"[哼]",
"mid":"AjXMW0eOa",
"date":"2013-11-22 23:34:09"
},
{
"kids":[],
"uid":"3295741162",
"parent":"AjXkrulTb",
"text":"",
"mid":"AjXMuuTKs",
"date":"2013-11-22 23:33:06"
},
{
"kids":[],
"uid":"2299593094",
"parent":"",
"text":"我去[晕][晕][晕]",
"mid":"AjXKTcMdQ",
"date":"2013-11-22 23:29:09"
},
{
"kids":[],
"uid":"312223494",
"parent":"",
"text":"",
"mid":"AjXJHClN6",
"date":"2013-11-22 23:26:12"
},
{
"kids":[],
"uid":"mxcym",
"parent":"",
"text":"",
"mid":"AjXJeodZy",
"date":"2013-11-22 23:25:03"
},
{
"kids":[],
"uid":"1264340195",
"parent":"",
"text":"",
"mid":"AjXIUfIOV",
"date":"2013-11-22 23:24:16"
},
{
"kids":[
"AkOOj5aJT",
"AkOvgz7fs",
"AkMwEqHvB",
"AkE2AkVG0",
"AkE2p7ctU",
"AkCukio6I",
"Akwehk8r3",
"AkvoGByjB",
"AkuQ1dxOw",
"AkkWccydy",
"AkjPUnz8I",
"AkbYRrtJp",
"AkbBGu0ft",
"AkbgBdfwK"
],
"uid":"3208560172",
"parent":"AjXwX9vVR",
"text":"哈哈",
"mid":"AjXIPfN9w",
"date":"2013-11-22 23:24:04"
},
{
"kids":[],
"uid":"1409865843",
"parent":"AjXFCFLA8",
"text":"我擦，假的吧，怎么可能",
"mid":"AjXIG4JR2",
"date":"2013-11-22 23:23:42"
},
{
"kids":[],
"uid":"1925189080",
"parent":"AjXwX9vVR",
"text":"",
"mid":"AjXHXbWpi",
"date":"2013-11-22 23:21:53"
},
{
"kids":[],
"uid":"2773440617",
"parent":"",
"text":"[偷笑][笑哈哈]",
"mid":"AjXHOhGhN",
"date":"2013-11-22 23:21:34"
},
{
"kids":[
"Ak6ncvk2C",
"AjZfQuHB9",
"AjYPx3GJk",
"AjY2YjR7M",
"AjY23zZWg",
"AjY20A74n",
"AjY1PlQ0J",
"AjY1F2ZDs",
"AjY1fAhVs",
"AjXZWnnJE",
"AjXYWiBOY"
],
"uid":"3031762330",
"parent":"AjXFCFLA8",
"text":"[嘻嘻]",
"mid":"AjXHkcygE",
"date":"2013-11-22 23:20:22"
},
{
"kids":[],
"uid":"910101986",
"parent":"AjXCvrkLX",
"text":"这图重口味啊@常买 @Chase尨",
"mid":"AjXHg2Ift",
"date":"2013-11-22 23:20:12"
},
{
"kids":[],
"uid":"3173135952",
"parent":"AjXCvrkLX",
"text":"[衰]",
"mid":"AjXGReMRX",
"date":"2013-11-22 23:19:14"
},
{
"kids":[],
"uid":"sexyrongrong",
"parent":"AjXFCFLA8",
"text":"天啊，都烧焦了[汗][汗][汗]",
"mid":"AjXGfoOLS",
"date":"2013-11-22 23:17:41"
},
{
"kids":[],
"uid":"3217073957",
"parent":"",
"text":"[挖鼻屎]没有常识，书读的再多，文凭再高也白搭啊。",
"mid":"AjXFWbho6",
"date":"2013-11-22 23:16:58"
},
{
"kids":[
"Ak6ncvk2C",
"Ak4nbdqjw",
"Ak4arFQeJ",
"Ak3bqcBq3",
"Ak3b7yb0T",
"Ak3auAyvm",
"Ak2YbjqWh",
"Ak2uErSyQ",
"Ak2tqbcDE",
"Ak2l1hFyK",
"Ak2cSwsPa",
"Ak2cpj6yQ",
"Ak28LwOln",
"Ak21op60f",
"Ak1UypqDs",
"Ak1U3F4Ob",
"Ak1M0gwC9",
"Ak1JmgNp6",
"Ak1IFohls",
"Ak1oDrgFc",
"Ak1n59dd3",
"Ak0yryvFG",
"AjZfQuHB9",
"AjZ3g6RXL",
"AjYWp8Pwb",
"AjYPx3GJk",
"AjYOAw0jc",
"AjYMXua6H",
"AjYJ234G9",
"AjYDJFDjE",
"AjYCGF389",
"AjYBnaGhR",
"AjYuaFcAS",
"AjYnA2Wu1",
"AjYiqwVRn",
"AjYfNcYna",
"AjYbMEUsl",
"AjY8Li559",
"AjY64Elc8",
"AjY56E6jm",
"AjY4OnQZf",
"AjY4ssMEe",
"AjY2YjR7M",
"AjY2di4Fy",
"AjY28BsAO",
"AjY23zZWg",
"AjY20A74n",
"AjY1QgLas",
"AjY1PlQ0J",
"AjY1F2ZDs",
"AjY1fAhVs",
"AjY0mE0u2",
"AjY0afNk4",
"AjXZWnnJE",
"AjXYWiBOY",
"AjXYTEUjb",
"AjXYNq3lb",
"AjXY3CfwZ",
"AjXXMvnnC",
"AjXXBgfYQ",
"AjXXcs4Zw",
"AjXWA1tS3",
"AjXWlAj3h",
"AjXVTs61Z",
"AjXVKkbqL",
"AjXVAxiUZ",
"AjXV67fHf",
"AjXV5xgPc",
"AjXUUCXRm",
"AjXUUBMQ9",
"AjXUu2a3k",
"AjXTBFsst",
"AjXTpyuKQ",
"AjXT9h3mL",
"AjXStD02l",
"AjXSgAdoH",
"AjXRAn9iV",
"AjXQ2luxH",
"AjXIG4JR2",
"AjXHkcygE",
"AjXGfoOLS"
],
"uid":"2057720655",
"parent":"AjXDxf1tI",
"text":"切了吧，都焦了……",
"mid":"AjXFCFLA8",
"date":"2013-11-22 23:16:11"
},
{
"kids":[
"AjYe29etY"
],
"uid":"515188510",
"parent":"AjXCvrkLX",
"text":"离人经验丰富。",
"mid":"AjXEkCJTe",
"date":"2013-11-22 23:13:00"
},
{
"kids":[],
"uid":"577554015",
"parent":"AjXDxf1tI",
"text":"",
"mid":"AjXE5gOVv",
"date":"2013-11-22 23:12:20"
},
{
"kids":[],
"uid":"3302353980",
"parent":"AjXwX9vVR",
"text":"_凤舞彩云端 @六味地黄炒腰子: [推荐]壳牌",
"mid":"AjXE39pKA",
"date":"2013-11-22 23:12:17"
},
{
"kids":[],
"uid":"wujiyue2008",
"parent":"",
"text":"[衰]",
"mid":"AjXDGFDYt",
"date":"2013-11-22 23:11:23"
},
{
"kids":[
"AjXRAn9iV",
"AjY23zZWg",
"Ak6ncvk2C",
"Ak4nbdqjw",
"Ak4arFQeJ",
"Ak3bqcBq3",
"Ak3b7yb0T",
"Ak3auAyvm",
"Ak2YbjqWh",
"Ak2uErSyQ",
"Ak2tqbcDE",
"Ak2l1hFyK",
"Ak2cSwsPa",
"Ak2cpj6yQ",
"Ak28LwOln",
"Ak21op60f",
"Ak1UypqDs",
"Ak1U3F4Ob",
"Ak1M0gwC9",
"Ak1JmgNp6",
"Ak1IFohls",
"Ak1oDrgFc",
"Ak1n59dd3",
"Ak0yryvFG",
"AjZfQuHB9",
"AjZ3g6RXL",
"AjYWp8Pwb",
"AjYPx3GJk",
"AjYOAw0jc",
"AjYMXua6H",
"AjYJ234G9",
"AjYDJFDjE",
"AjYCGF389",
"AjYBnaGhR",
"AjYuaFcAS",
"AjYnA2Wu1",
"AjYiqwVRn",
"AjYfNcYna",
"AjYbMEUsl",
"AjY8Li559",
"AjY64Elc8",
"AjY56E6jm",
"AjY4OnQZf",
"AjY4ssMEe",
"AjY2YjR7M",
"AjY2di4Fy",
"AjY28BsAO",
"AjY23zZWg",
"AjY20A74n",
"AjY1QgLas",
"AjY1PlQ0J",
"AjY1F2ZDs",
"AjY1fAhVs",
"AjY0mE0u2",
"AjY0afNk4",
"AjXZWnnJE",
"AjXYWiBOY",
"AjXYTEUjb",
"AjXYNq3lb",
"AjXY3CfwZ",
"AjXXMvnnC",
"AjXXBgfYQ",
"AjXXcs4Zw",
"AjXWA1tS3",
"AjXWlAj3h",
"AjXVTs61Z",
"AjXVKkbqL",
"AjXVAxiUZ",
"AjXV67fHf",
"AjXV5xgPc",
"AjXUUCXRm",
"AjXUUBMQ9",
"AjXUu2a3k",
"AjXTBFsst",
"AjXTpyuKQ",
"AjXT9h3mL",
"AjXStD02l",
"AjXSgAdoH",
"AjXRAn9iV",
"AjXQ2luxH",
"AjXIG4JR2",
"AjXHkcygE",
"AjXGfoOLS",
"AjXFCFLA8",
"AjXE5gOVv"
],
"uid":"2885345240",
"parent":"",
"text":"这是在用生命开玩乐[失望]",
"mid":"AjXDxf1tI",
"date":"2013-11-22 23:11:02"
},
{
"kids":[],
"uid":"arsenalvip",
"parent":"AjXwX9vVR",
"text":"[惊恐]我和我的小伙伴们都惊呆了",
"mid":"AjXDneIZ1",
"date":"2013-11-22 23:10:38"
},
{
"kids":[
"AjYe29etY",
"AjXXVDvDy",
"AjXHg2Ift",
"AjXGReMRX",
"AjXEkCJTe"
],
"uid":"1842086522",
"parent":"AjXuGwJtV",
"text":"离人最懂。",
"mid":"AjXCvrkLX",
"date":"2013-11-22 23:08:28"
},
{
"kids":[
"AjYe5FLFK"
],
"uid":"2425685854",
"parent":"",
"text":"",
"mid":"AjXCr1kPD",
"date":"2013-11-22 23:08:16"
},
{
"kids":[],
"uid":"1034865632",
"parent":"AjXwX9vVR",
"text":"转500次",
"mid":"AjXCb1iMC",
"date":"2013-11-22 23:07:42"
},
{
"kids":[],
"uid":"1265804304",
"parent":"",
"text":"吓死人",
"mid":"AjXC6hum5",
"date":"2013-11-22 23:07:30"
},
{
"kids":[],
"uid":"1456479480",
"parent":"",
"text":"",
"mid":"AjXC2uCXp",
"date":"2013-11-22 23:07:21"
},
{
"kids":[],
"uid":"1015072314",
"parent":"AjXwX9vVR",
"text":"@裴小錢_裴裴",
"mid":"AjXBRxc11",
"date":"2013-11-22 23:06:54"
},
{
"kids":[],
"uid":"2687208921",
"parent":"AjXrTCbVN",
"text":"[衰]",
"mid":"AjXBHs1uI",
"date":"2013-11-22 23:06:31"
},
{
"kids":[],
"uid":"2092424567",
"parent":"AjXwX9vVR",
"text":"酒后禁止开车！也禁止推车！否则后果很严重/@急救医生贾大成:回复@以前的老五:记得这是尿在电线上的结果",
"mid":"AjXBCsReL",
"date":"2013-11-22 23:06:17"
},
{
"kids":[],
"uid":"2094070262",
"parent":"AjXvgAhyr",
"text":"又是谣言",
"mid":"AjXB80wV9",
"date":"2013-11-22 23:05:07"
},
{
"kids":[],
"uid":"2190497042",
"parent":"AjXAfCTJu",
"text":"对不起满员",
"mid":"AjXAR9O8a",
"date":"2013-11-22 23:04:26"
},
{
"kids":[
"AjXAR9O8a"
],
"uid":"3483382872",
"parent":"AjXzTtar8",
"text":"让我死在你的怀里吧",
"mid":"AjXAfCTJu",
"date":"2013-11-22 23:02:56"
},
{
"kids":[
"AjXAR9O8a",
"AjXAfCTJu"
],
"uid":"2190497042",
"parent":"AjXx6ClVT",
"text":"你快死了",
"mid":"AjXzTtar8",
"date":"2013-11-22 23:02:03"
},
{
"kids":[
"AkYRzqnZx",
"AkYafqfOd",
"AkXNFoqEB",
"AkNnB4G02",
"AkMk7j9hk",
"AkLVB0ENf",
"AkEUSivhm",
"AkDdDdFLT",
"AkD3EaGzm",
"Akw0ubmqz",
"AkuQN59pv",
"AkmFVdGYy",
"Akmzy8glR",
"AklN20XY8",
"AklGAdGfR",
"Akl35cwwa",
"AkjVfBxq7"
],
"uid":"2950467517",
"parent":"",
"text":"",
"mid":"AjXyVwbkc",
"date":"2013-11-22 22:59:41"
},
{
"kids":[],
"uid":"3845745136",
"parent":"",
"text":"操，扯得没边！",
"mid":"AjXyIemBr",
"date":"2013-11-22 22:59:07"
},
{
"kids":[],
"uid":"339786869",
"parent":"AjXkrulTb",
"text":"我想起了三傻大闹宝莱坞。。。",
"mid":"AjXyzml8e",
"date":"2013-11-22 22:58:48"
},
{
"kids":[],
"uid":"3880897812",
"parent":"AjXwX9vVR",
"text":"",
"mid":"AjXyyupoY",
"date":"2013-11-22 22:58:43"
},
{
"kids":[],
"uid":"348202600",
"parent":"",
"text":"",
"mid":"AjXy1n8dg",
"date":"2013-11-22 22:57:24"
},
{
"kids":[
"AjXAR9O8a",
"AjXAfCTJu",
"AjXzTtar8"
],
"uid":"3483382872",
"parent":"AjXwL4gMF",
"text":"所以他是假大夫~",
"mid":"AjXx6ClVT",
"date":"2013-11-22 22:55:12"
},
{
"kids":[],
"uid":"2190497042",
"parent":"AjXweg5mP",
"text":"好，你就去女厕吧",
"mid":"AjXx1hGmw",
"date":"2013-11-22 22:54:59"
},
{
"kids":[
"AkOOj5aJT",
"AkOvgz7fs",
"AkMwEqHvB",
"AkE2AkVG0",
"AkE2p7ctU",
"AkCukio6I",
"Akwehk8r3",
"AkvoGByjB",
"AkuQ1dxOw",
"AkmiM14xU",
"Akm0jgGU0",
"AklWhyDrx",
"AklUuaZjv",
"AkkWccydy",
"Akk3V7Mzv",
"AkjPUnz8I",
"AkjNCggUh",
"AkbYRrtJp",
"AkbBGu0ft",
"AkbgBdfwK",
"AkavZBQC1",
"AkavDrm4s",
"AkarU5W21",
"Ak7PZ20iM",
"Ak3Tu1vRe",
"Ak3g0aaYw",
"Ak2cQdUo4",
"Ak1fxp43L",
"Ak1diedgZ",
"Ak1b298rP",
"Ak0Kblgw3",
"Ak0qBaAbV",
"Ak05ruB0g",
"AjYkGEtaz",
"AjYdZupti",
"AjYc229nM",
"AjYaW5Kvv",
"AjY1wtTfF",
"AjXYYl1BZ",
"AjXTxcHgE",
"AjXOw6bra",
"AjXMW0eOa",
"AjXIPfN9w",
"AjXHXbWpi",
"AjXE39pKA",
"AjXDneIZ1",
"AjXCb1iMC",
"AjXBRxc11",
"AjXBCsReL",
"AjXyyupoY"
],
"uid":"jdc120",
"parent":"AjXwL4gMF",
"text":"[哈哈]",
"mid":"AjXwX9vVR",
"date":"2013-11-22 22:54:49"
},
{
"kids":[],
"uid":"579044443",
"parent":"",
"text":"[吃惊]",
"mid":"AjXwMhvTp",
"date":"2013-11-22 22:54:23"
},
{
"kids":[
"AkOOj5aJT",
"AkOvgz7fs",
"AkMwEqHvB",
"AkE2AkVG0",
"AkE2p7ctU",
"AkCukio6I",
"Akwehk8r3",
"AkvoGByjB",
"AkuQ1dxOw",
"AkmiM14xU",
"Akm0jgGU0",
"AklWhyDrx",
"AklUuaZjv",
"AkkWccydy",
"Akk3V7Mzv",
"AkjPUnz8I",
"AkjNCggUh",
"AkbYRrtJp",
"AkbBGu0ft",
"AkbgBdfwK",
"AkavZBQC1",
"AkavDrm4s",
"AkarU5W21",
"Ak7PZ20iM",
"Ak3Tu1vRe",
"Ak3g0aaYw",
"Ak2cQdUo4",
"Ak1fxp43L",
"Ak1diedgZ",
"Ak1b298rP",
"Ak0Kblgw3",
"Ak0qBaAbV",
"Ak05ruB0g",
"AjYkGEtaz",
"AjYdZupti",
"AjYc229nM",
"AjYaW5Kvv",
"AjY1wtTfF",
"AjXYYl1BZ",
"AjXTxcHgE",
"AjXOw6bra",
"AjXMW0eOa",
"AjXIPfN9w",
"AjXHXbWpi",
"AjXE39pKA",
"AjXDneIZ1",
"AjXCb1iMC",
"AjXBRxc11",
"AjXBCsReL",
"AjXAR9O8a",
"AjXAfCTJu",
"AjXzTtar8",
"AjXyyupoY",
"AjXx6ClVT",
"AjXwX9vVR"
],
"uid":"2190497042",
"parent":"AjXvv3oFv",
"text":"贾大夫说下辈子都没戏[挖鼻屎]",
"mid":"AjXwL4gMF",
"date":"2013-11-22 22:54:21"
},
{
"kids":[],
"uid":"2549086975",
"parent":"AjXkrulTb",
"text":"",
"mid":"AjXwI7ZGm",
"date":"2013-11-22 22:54:11"
},
{
"kids":[],
"uid":"1954875351",
"parent":"",
"text":"[衰][衰][衰]",
"mid":"AjXwB1rT7",
"date":"2013-11-22 22:53:55"
},
{
"kids":[
"AjXx1hGmw"
],
"uid":"3483382872",
"parent":"AjXvDBkJi",
"text":"那就守在你身边吧",
"mid":"AjXweg5mP",
"date":"2013-11-22 22:53:03"
},
{
"kids":[],
"uid":"2859698280",
"parent":"AjXkrulTb",
"text":"真的吗",
"mid":"AjXvJwIBY",
"date":"2013-11-22 22:51:48"
},
{
"kids":[
"AjXx1hGmw",
"AjXweg5mP"
],
"uid":"2190497042",
"parent":"AjXurtLHm",
"text":"今年没名额[挖鼻屎]",
"mid":"AjXvDBkJi",
"date":"2013-11-22 22:51:35"
},
{
"kids":[
"AkOOj5aJT",
"AkOvgz7fs",
"AkMwEqHvB",
"AkE2AkVG0",
"AkE2p7ctU",
"AkCukio6I",
"Akwehk8r3",
"AkvoGByjB",
"AkuQ1dxOw",
"AkmiM14xU",
"Akm0jgGU0",
"AklWhyDrx",
"AklUuaZjv",
"AkkWccydy",
"Akk3V7Mzv",
"AkjPUnz8I",
"AkjNCggUh",
"AkbYRrtJp",
"AkbBGu0ft",
"AkbgBdfwK",
"AkavZBQC1",
"AkavDrm4s",
"AkarU5W21",
"Ak7PZ20iM",
"Ak3Tu1vRe",
"Ak3g0aaYw",
"Ak2cQdUo4",
"Ak1fxp43L",
"Ak1diedgZ",
"Ak1b298rP",
"Ak0Kblgw3",
"Ak0qBaAbV",
"Ak05ruB0g",
"AjYkGEtaz",
"AjYdZupti",
"AjYc229nM",
"AjYaW5Kvv",
"AjY1wtTfF",
"AjXYYl1BZ",
"AjXTxcHgE",
"AjXOw6bra",
"AjXMW0eOa",
"AjXIPfN9w",
"AjXHXbWpi",
"AjXE39pKA",
"AjXDneIZ1",
"AjXCb1iMC",
"AjXBRxc11",
"AjXBCsReL",
"AjXAR9O8a",
"AjXAfCTJu",
"AjXzTtar8",
"AjXyyupoY",
"AjXx6ClVT",
"AjXwX9vVR",
"AjXwL4gMF"
],
"uid":"3483382872",
"parent":"AjXtNwM1b",
"text":"没事儿，为了你会长出来新的",
"mid":"AjXvv3oFv",
"date":"2013-11-22 22:51:15"
},
{
"kids":[
"AjXB80wV9"
],
"uid":"1676642565",
"parent":"AjXrTCbVN",
"text":"二当家：“焦了，割了吧。。。”至尊宝：“脆了点，总比没有好。。。”",
"mid":"AjXvgAhyr",
"date":"2013-11-22 22:50:38"
},
{
"kids":[],
"uid":"2552944817",
"parent":"AjXn0bNPv",
"text":"尿电线上也不靠谱，“尿流”并不是连贯的，有很多断点，不通电。即使触电也不可能只烧鸡鸡身体而没事。图片是黑心医院做包皮手术后画蛇添足用激光“理疗”不当烧坏的。",
"mid":"AjXuUrxDp",
"date":"2013-11-22 22:49:47"
},
{
"kids":[
"AjYe29etY",
"AjXXVDvDy",
"AjXHg2Ift",
"AjXGReMRX",
"AjXEkCJTe",
"AjXCvrkLX"
],
"uid":"2871425941",
"parent":"AjXo2jATJ",
"text":"主要原因不是酒精，而是出水不够，不然就不会自燃了[挖鼻屎]",
"mid":"AjXuGwJtV",
"date":"2013-11-22 22:49:14"
},
{
"kids":[
"AjY7ess6X",
"AjXx1hGmw",
"AjXweg5mP",
"AjXvDBkJi"
],
"uid":"1497262253",
"parent":"AjXtNwM1b",
"text":"送到宫里吧",
"mid":"AjXurtLHm",
"date":"2013-11-22 22:48:38"
},
{
"kids":[
"AkOOj5aJT",
"AkOvgz7fs",
"AkMwEqHvB",
"AkE2AkVG0",
"AkE2p7ctU",
"AkCukio6I",
"Akwehk8r3",
"AkvoGByjB",
"AkuQ1dxOw",
"AkmiM14xU",
"Akm0jgGU0",
"AklWhyDrx",
"AklUuaZjv",
"AkkWccydy",
"Akk3V7Mzv",
"AkjPUnz8I",
"AkjNCggUh",
"AkbYRrtJp",
"AkbBGu0ft",
"AkbgBdfwK",
"AkavZBQC1",
"AkavDrm4s",
"AkarU5W21",
"Ak7PZ20iM",
"Ak3Tu1vRe",
"Ak3g0aaYw",
"Ak2cQdUo4",
"Ak1fxp43L",
"Ak1diedgZ",
"Ak1b298rP",
"Ak0Kblgw3",
"Ak0qBaAbV",
"Ak05ruB0g",
"AjYkGEtaz",
"AjYdZupti",
"AjYc229nM",
"AjYaW5Kvv",
"AjY7ess6X",
"AjY1wtTfF",
"AjXYYl1BZ",
"AjXTxcHgE",
"AjXOw6bra",
"AjXMW0eOa",
"AjXIPfN9w",
"AjXHXbWpi",
"AjXE39pKA",
"AjXDneIZ1",
"AjXCb1iMC",
"AjXBRxc11",
"AjXBCsReL",
"AjXAR9O8a",
"AjXAfCTJu",
"AjXzTtar8",
"AjXyyupoY",
"AjXx6ClVT",
"AjXx1hGmw",
"AjXwX9vVR",
"AjXwL4gMF",
"AjXweg5mP",
"AjXvDBkJi",
"AjXvv3oFv",
"AjXurtLHm"
],
"uid":"2190497042",
"parent":"AjXojpWgN",
"text":"@莱生_虔 可你都这样了[泪]@被剥皮的刺猬 @北京_凤舞彩云端",
"mid":"AjXtNwM1b",
"date":"2013-11-22 22:47:03"
},
{
"kids":[],
"uid":"2646083004",
"parent":"",
"text":"[衰][衰][衰]这。。。oh, 麦爱糕",
"mid":"AjXtKBbeg",
"date":"2013-11-22 22:46:55"
},
{
"kids":[],
"uid":"3325169792",
"parent":"",
"text":"",
"mid":"AjXtHmexL",
"date":"2013-11-22 22:46:47"
},
{
"kids":[],
"uid":"3196630684",
"parent":"",
"text":"钻木取火，钻肉也能起火",
"mid":"AjXtosG9x",
"date":"2013-11-22 22:46:01"
},
{
"kids":[],
"uid":"3218129311",
"parent":"",
"text":"",
"mid":"AjXtgsDZd",
"date":"2013-11-22 22:45:44"
},
{
"kids":[],
"uid":"2118800477",
"parent":"",
"text":"@倦鸟觅归途 @Fusion方强 @爱吃猪头面 @苍井空 @蓝精灵之77 同志们，开车不喝酒，喝酒不造爱",
"mid":"AjXtg9nJA",
"date":"2013-11-22 22:45:43"
},
{
"kids":[],
"uid":"yujiakong",
"parent":"AjXeoxB28",
"text":"胡扯",
"mid":"AjXsU2bAM",
"date":"2013-11-22 22:44:48"
},
{
"kids":[],
"uid":"ydsr",
"parent":"",
"text":"哦，卖糕，这得是多快的马达",
"mid":"AjXsx0s7H",
"date":"2013-11-22 22:43:55"
},
{
"kids":[],
"uid":"233453847",
"parent":"",
"text":"我擦。。。吊炸天@--人生若只如初贱--",
"mid":"AjXsjCuHa",
"date":"2013-11-22 22:43:24"
},
{
"kids":[
"AjXBHs1uI",
"AjXB80wV9",
"AjXvgAhyr"
],
"uid":"yan5",
"parent":"AjXqO2ptE",
"text":"[吃惊]",
"mid":"AjXrTCbVN",
"date":"2013-11-22 22:42:20"
},
{
"kids":[],
"uid":"3177444422",
"parent":"",
"text":"",
"mid":"AjXrLplHw",
"date":"2013-11-22 22:42:02"
},
{
"kids":[],
"uid":"runtongsmart",
"parent":"AjXpKpoaH",
"text":"真应该是假新闻，火花塞在缸内点火也需要氧气的呀! 决定戒微薄[汗]",
"mid":"AjXrblK2y",
"date":"2013-11-22 22:40:32"
},
{
"kids":[],
"uid":"3269026652",
"parent":"",
"text":"",
"mid":"AjXqQFI77",
"date":"2013-11-22 22:39:47"
},
{
"kids":[
"Ak0YN0q4U",
"AjXVQgSdp",
"AjXBHs1uI",
"AjXB80wV9",
"AjXvgAhyr",
"AjXrTCbVN"
],
"uid":"bgshiaidong",
"parent":"",
"text":"这则谣言越传越离谱了。2008年，一个美国女子贴出这张图片，当时的标题是：千万不要对着电闸撒尿。",
"mid":"AjXqO2ptE",
"date":"2013-11-22 22:39:41"
},
{
"kids":[],
"uid":"2085547703",
"parent":"",
"text":"",
"mid":"AjXqJAaQj",
"date":"2013-11-22 22:39:30"
},
{
"kids":[
"AjXrblK2y"
],
"uid":"278103322",
"parent":"AjXo2jATJ",
"text":"造谣一时爽…",
"mid":"AjXpKpoaH",
"date":"2013-11-22 22:37:04"
},
{
"kids":[],
"uid":"1786743344",
"parent":"",
"text":"[衰]",
"mid":"AjXpEsdVO",
"date":"2013-11-22 22:36:50"
},
{
"kids":[],
"uid":"3167675424",
"parent":"",
"text":"可能是特殊体质吧",
"mid":"AjXpDhnIp",
"date":"2013-11-22 22:36:47"
},
{
"kids":[],
"uid":"linxianghui",
"parent":"",
"text":"焦了？[吃惊]",
"mid":"AjXpp95mf",
"date":"2013-11-22 22:36:12"
},
{
"kids":[],
"uid":"3025017735",
"parent":"AjXkrulTb",
"text":"",
"mid":"AjXoZpYc4",
"date":"2013-11-22 22:35:13"
},
{
"kids":[],
"uid":"1651701895",
"parent":"AjXkrulTb",
"text":"哈哈哈哈哈哈",
"mid":"AjXolfSQQ",
"date":"2013-11-22 22:33:37"
},
{
"kids":[
"AkOOj5aJT",
"AkOvgz7fs",
"AkMwEqHvB",
"AkE2AkVG0",
"AkE2p7ctU",
"AkCukio6I",
"Akwehk8r3",
"AkvoGByjB",
"AkuQ1dxOw",
"AkmiM14xU",
"Akm0jgGU0",
"AklWhyDrx",
"AklUuaZjv",
"AkkWccydy",
"Akk3V7Mzv",
"AkjPUnz8I",
"AkjNCggUh",
"AkbYRrtJp",
"AkbBGu0ft",
"AkbgBdfwK",
"AkavZBQC1",
"AkavDrm4s",
"AkarU5W21",
"Ak7PZ20iM",
"Ak3Tu1vRe",
"Ak3g0aaYw",
"Ak2cQdUo4",
"Ak1fxp43L",
"Ak1diedgZ",
"Ak1b298rP",
"Ak0Kblgw3",
"Ak0qBaAbV",
"Ak05ruB0g",
"AjYkGEtaz",
"AjYdZupti",
"AjYc229nM",
"AjYaW5Kvv",
"AjY7ess6X",
"AjY1wtTfF",
"AjXYYl1BZ",
"AjXTxcHgE",
"AjXOw6bra",
"AjXMW0eOa",
"AjXIPfN9w",
"AjXHXbWpi",
"AjXE39pKA",
"AjXDneIZ1",
"AjXCb1iMC",
"AjXBRxc11",
"AjXBCsReL",
"AjXAR9O8a",
"AjXAfCTJu",
"AjXzTtar8",
"AjXyyupoY",
"AjXx6ClVT",
"AjXx1hGmw",
"AjXwX9vVR",
"AjXwL4gMF",
"AjXweg5mP",
"AjXvDBkJi",
"AjXvv3oFv",
"AjXurtLHm",
"AjXtNwM1b"
],
"uid":"2740722347",
"parent":"AjXlvq38f",
"text":"[推荐]壳牌",
"mid":"AjXojpWgN",
"date":"2013-11-22 22:33:31"
},
{
"kids":[],
"uid":"1898426311",
"parent":"",
"text":"",
"mid":"AjXo3aRL4",
"date":"2013-11-22 22:32:51"
},
{
"kids":[],
"uid":"3206596545",
"parent":"AjXkrulTb",
"text":"尿在电线上？[吃惊]这也算奇葩了吧 @风也轻轻地013 @lisa_slp @Hero3562106285 @鹿Qi麒 @哆啦A梦要努力奋斗",
"mid":"AjXo2Bcf9",
"date":"2013-11-22 22:32:49"
},
{
"kids":[
"AjYe29etY",
"AjXXVDvDy",
"AjXHg2Ift",
"AjXGReMRX",
"AjXEkCJTe",
"AjXCvrkLX",
"AjXuGwJtV",
"AjXrblK2y",
"AjXpKpoaH"
],
"uid":"515188510",
"parent":"AjXkk8C6C",
"text":"[哈哈][哈哈][哈哈]",
"mid":"AjXo2jATJ",
"date":"2013-11-22 22:32:48"
},
{
"kids":[],
"uid":"1083768985",
"parent":"AjXdWbmR4",
"text":"[吃惊] /真的假的/@冉雄飞: 这个照片啥意思？",
"mid":"AjXnOq8MI",
"date":"2013-11-22 22:32:19"
},
{
"kids":[],
"uid":"2436991465",
"parent":"",
"text":"什么情况谁能告诉我！",
"mid":"AjXnC2FXY",
"date":"2013-11-22 22:31:49"
},
{
"kids":[],
"uid":"2162786892",
"parent":"AjXkrulTb",
"text":"利害",
"mid":"AjXnzneFJ",
"date":"2013-11-22 22:31:40"
},
{
"kids":[],
"uid":"3264015432",
"parent":"",
"text":"[挖鼻屎]",
"mid":"AjXne6Ebp",
"date":"2013-11-22 22:30:51"
},
{
"kids":[],
"uid":"208585899",
"parent":"AjXkrulTb",
"text":"这样的假新闻卷土重来",
"mid":"AjXn9jIlP",
"date":"2013-11-22 22:30:40"
},
{
"kids":[
"AjXuUrxDp"
],
"uid":"fengying528",
"parent":"AjXkrulTb",
"text":"用常识去判断就可以了，尿到电线上的结果这个靠谱。",
"mid":"AjXn0bNPv",
"date":"2013-11-22 22:30:17"
},
{
"kids":[],
"uid":"3908155817",
"parent":"AjXkrulTb",
"text":"绝对的瞎扯淡新闻",
"mid":"AjXmsb6YB",
"date":"2013-11-22 22:28:57"
},
{
"kids":[],
"uid":"1825601147",
"parent":"",
"text":"",
"mid":"AjXmdpAh5",
"date":"2013-11-22 22:28:22"
},
{
"kids":[],
"uid":"1717724375",
"parent":"",
"text":"",
"mid":"AjXmac3Lq",
"date":"2013-11-22 22:28:14"
},
{
"kids":[],
"uid":"2930396211",
"parent":"",
"text":"",
"mid":"AjXlW2pBJ",
"date":"2013-11-22 22:27:40"
},
{
"kids":[],
"uid":"1610552084",
"parent":"AjXkrulTb",
"text":"",
"mid":"AjXlQ6kcm",
"date":"2013-11-22 22:27:24"
},
{
"kids":[],
"uid":"yindajin",
"parent":"",
"text":"omg",
"mid":"AjXlOjPR9",
"date":"2013-11-22 22:27:22"
},
{
"kids":[],
"uid":"lovekfx",
"parent":"AjXkrulTb",
"text":"满马路都是大爷乱尿，还真命大，以后宣传老年人别乱撒尿贴这个合适。",
"mid":"AjXlLCOAi",
"date":"2013-11-22 22:27:15"
},
{
"kids":[
"AkOOj5aJT",
"AkOvgz7fs",
"AkMwEqHvB",
"AkE2AkVG0",
"AkE2p7ctU",
"AkCukio6I",
"Akwehk8r3",
"AkvoGByjB",
"AkuQ1dxOw",
"AkmiM14xU",
"Akm0jgGU0",
"AklWhyDrx",
"AklUuaZjv",
"AkkWccydy",
"Akk3V7Mzv",
"AkjPUnz8I",
"AkjNCggUh",
"AkbYRrtJp",
"AkbBGu0ft",
"AkbgBdfwK",
"AkavZBQC1",
"AkavDrm4s",
"AkarU5W21",
"Ak7PZ20iM",
"Ak3Tu1vRe",
"Ak3g0aaYw",
"Ak2cQdUo4",
"Ak1fxp43L",
"Ak1diedgZ",
"Ak1b298rP",
"Ak0Kblgw3",
"Ak0qBaAbV",
"Ak05ruB0g",
"AjYkGEtaz",
"AjYdZupti",
"AjYc229nM",
"AjYaW5Kvv",
"AjY7ess6X",
"AjY1wtTfF",
"AjXYYl1BZ",
"AjXTxcHgE",
"AjXOw6bra",
"AjXMW0eOa",
"AjXIPfN9w",
"AjXHXbWpi",
"AjXE39pKA",
"AjXDneIZ1",
"AjXCb1iMC",
"AjXBRxc11",
"AjXBCsReL",
"AjXAR9O8a",
"AjXAfCTJu",
"AjXzTtar8",
"AjXyyupoY",
"AjXx6ClVT",
"AjXx1hGmw",
"AjXwX9vVR",
"AjXwL4gMF",
"AjXweg5mP",
"AjXvDBkJi",
"AjXvv3oFv",
"AjXurtLHm",
"AjXtNwM1b",
"AjXojpWgN"
],
"uid":"2190497042",
"parent":"AjXkrulTb",
"text":"没死就是命大",
"mid":"AjXlvq38f",
"date":"2013-11-22 22:26:36"
},
{
"kids":[],
"uid":"3270624982",
"parent":"AjXkrulTb",
"text":"真假?",
"mid":"AjXll3kkQ",
"date":"2013-11-22 22:26:12"
},
{
"kids":[],
"uid":"1973810321",
"parent":"",
"text":"",
"mid":"AjXlcbV77",
"date":"2013-11-22 22:25:49"
},
{
"kids":[],
"uid":"2057346530",
"parent":"",
"text":"",
"mid":"AjXl6iSqB",
"date":"2013-11-22 22:25:33"
},
{
"kids":[],
"uid":"1856406040",
"parent":"",
"text":"真的？假的？[疑问]？[疑问]？[疑问]？[疑问]？[疑问]？[疑问]",
"mid":"AjXkV3BKC",
"date":"2013-11-22 22:25:09"
},
{
"kids":[],
"uid":"1403818045",
"parent":"",
"text":"Omg",
"mid":"AjXkDCHWu",
"date":"2013-11-22 22:24:28"
},
{
"kids":[],
"uid":"1405107614",
"parent":"",
"text":"[吃惊]",
"mid":"AjXkvDVZi",
"date":"2013-11-22 22:24:10"
},
{
"kids":[
"AkOOj5aJT",
"AkOvgz7fs",
"AkMwEqHvB",
"AkE2AkVG0",
"AkE2p7ctU",
"AkCukio6I",
"Akwehk8r3",
"AkvoGByjB",
"AkuQ1dxOw",
"AkmiM14xU",
"Akm0jgGU0",
"AklWhyDrx",
"AklUuaZjv",
"AkkWccydy",
"Akk3V7Mzv",
"AkjPUnz8I",
"AkjNCggUh",
"AkbYRrtJp",
"AkbBGu0ft",
"AkbgBdfwK",
"AkavZBQC1",
"AkavDrm4s",
"AkarU5W21",
"Ak7PZ20iM",
"Ak5e0qDnv",
"Ak3Tu1vRe",
"Ak3g0aaYw",
"Ak32VkgGd",
"Ak2cQdUo4",
"Ak1GcDGhO",
"Ak1fxp43L",
"Ak1diedgZ",
"Ak1b298rP",
"Ak0Kblgw3",
"Ak0qBaAbV",
"Ak05ruB0g",
"AjYFoi13i",
"AjYrabQFs",
"AjYkGEtaz",
"AjYdZupti",
"AjYc229nM",
"AjYaW5Kvv",
"AjY7ess6X",
"AjY1wtTfF",
"AjXYYl1BZ",
"AjXV0wsPP",
"AjXTxcHgE",
"AjXS34uzz",
"AjXOR1rty",
"AjXOw6bra",
"AjXMW0eOa",
"AjXMuuTKs",
"AjXIPfN9w",
"AjXHXbWpi",
"AjXE39pKA",
"AjXDneIZ1",
"AjXCb1iMC",
"AjXBRxc11",
"AjXBCsReL",
"AjXAR9O8a",
"AjXAfCTJu",
"AjXzTtar8",
"AjXyzml8e",
"AjXyyupoY",
"AjXx6ClVT",
"AjXx1hGmw",
"AjXwX9vVR",
"AjXwL4gMF",
"AjXwI7ZGm",
"AjXweg5mP",
"AjXvJwIBY",
"AjXvDBkJi",
"AjXvv3oFv",
"AjXuUrxDp",
"AjXurtLHm",
"AjXtNwM1b",
"AjXoZpYc4",
"AjXolfSQQ",
"AjXojpWgN",
"AjXo2Bcf9",
"AjXnzneFJ",
"AjXn9jIlP",
"AjXn0bNPv",
"AjXmsb6YB",
"AjXlQ6kcm",
"AjXlLCOAi",
"AjXlvq38f",
"AjXll3kkQ"
],
"uid":"jdc120",
"parent":"",
"text":"回复@以前的老五:记得这是尿在电线上的结果。",
"mid":"AjXkrulTb",
"date":"2013-11-22 22:24:00"
},
{
"kids":[],
"uid":"209888578",
"parent":"AjXjEsfoX",
"text":"焦了[衰]",
"mid":"AjXkpa393",
"date":"2013-11-22 22:23:54"
},
{
"kids":[
"AjYe29etY",
"AjXXVDvDy",
"AjXHg2Ift",
"AjXGReMRX",
"AjXEkCJTe",
"AjXCvrkLX",
"AjXuGwJtV",
"AjXrblK2y",
"AjXpKpoaH",
"AjXo2jATJ"
],
"uid":"runtongsmart",
"parent":"AjXjEsfoX",
"text":"好酒的@阿呆伟哥 吓呆了[嘻嘻]",
"mid":"AjXkk8C6C",
"date":"2013-11-22 22:23:40"
},
{
"kids":[],
"uid":"xiaonuo105",
"parent":"AjXjEsfoX",
"text":"OMG。。。",
"mid":"AjXkfqcn2",
"date":"2013-11-22 22:23:31"
},
{
"kids":[
"AjYe29etY",
"AjXXVDvDy",
"AjXHg2Ift",
"AjXGReMRX",
"AjXEkCJTe",
"AjXCvrkLX",
"AjXuGwJtV",
"AjXrblK2y",
"AjXpKpoaH",
"AjXo2jATJ",
"AjXkpa393",
"AjXkk8C6C",
"AjXkfqcn2"
],
"uid":"1588732055",
"parent":"AjXjhqg04",
"text":"[衰]",
"mid":"AjXjEsfoX",
"date":"2013-11-22 22:22:03"
},
{
"kids":[
"AjYe29etY",
"AjXXVDvDy",
"AjXHg2Ift",
"AjXGReMRX",
"AjXEkCJTe",
"AjXCvrkLX",
"AjXuGwJtV",
"AjXrblK2y",
"AjXpKpoaH",
"AjXo2jATJ",
"AjXkpa393",
"AjXkk8C6C",
"AjXkfqcn2",
"AjXjEsfoX"
],
"uid":"515188510",
"parent":"AjXgeke07",
"text":"天下奇闻[汗][汗][汗]",
"mid":"AjXjhqg04",
"date":"2013-11-22 22:21:06"
},
{
"kids":[],
"uid":"fengying528",
"parent":"AjXiHDK1i",
"text":"傻逼才会相信。[挖鼻屎]",
"mid":"AjXjf3ySp",
"date":"2013-11-22 22:21:01"
},
{
"kids":[
"AjXjf3ySp"
],
"uid":"2387266133",
"parent":"",
"text":"那活儿还能喷射酒精？",
"mid":"AjXiHDK1i",
"date":"2013-11-22 22:19:43"
},
{
"kids":[],
"uid":"2833154400",
"parent":"",
"text":"[哈哈]",
"mid":"AjXisiEU0",
"date":"2013-11-22 22:19:06"
},
{
"kids":[],
"uid":"2425573873",
"parent":"AjXeoxB28",
"text":"去年的事了吧",
"mid":"AjXgXcPCl",
"date":"2013-11-22 22:15:25"
},
{
"kids":[],
"uid":"2042653637",
"parent":"AjXfJ0keg",
"text":"要是女的喝的呢？",
"mid":"AjXgOBSIB",
"date":"2013-11-22 22:15:04"
},
{
"kids":[],
"uid":"2717008973",
"parent":"",
"text":"假",
"mid":"AjXgHeMXa",
"date":"2013-11-22 22:14:45"
},
{
"kids":[],
"uid":"2083096785",
"parent":"",
"text":"",
"mid":"AjXgD6Cvi",
"date":"2013-11-22 22:14:36"
},
{
"kids":[
"AjYe29etY",
"AjXXVDvDy",
"AjXHg2Ift",
"AjXGReMRX",
"AjXEkCJTe",
"AjXCvrkLX",
"AjXuGwJtV",
"AjXrblK2y",
"AjXpKpoaH",
"AjXo2jATJ",
"AjXkpa393",
"AjXkk8C6C",
"AjXkfqcn2",
"AjXjEsfoX",
"AjXjhqg04"
],
"uid":"runtongsmart",
"parent":"",
"text":":Oh，麦愛糕@扬州六婆 @扬州离人",
"mid":"AjXgeke07",
"date":"2013-11-22 22:13:35"
},
{
"kids":[],
"uid":"2679523637",
"parent":"",
"text":"[哈哈]",
"mid":"AjXg60O7t",
"date":"2013-11-22 22:13:18"
},
{
"kids":[],
"uid":"1102921667",
"parent":"",
"text":"惊呆了@财林居士 @又見王小哈 @棉花糖wxh @格子控不是我",
"mid":"AjXg5994d",
"date":"2013-11-22 22:13:16"
},
{
"kids":[],
"uid":"1597062591",
"parent":"",
"text":"@北关王尧",
"mid":"AjXg352t6",
"date":"2013-11-22 22:13:10"
},
{
"kids":[],
"uid":"sycuhk",
"parent":"",
"text":"@michaelSzhu",
"mid":"AjXg342Z1",
"date":"2013-11-22 22:13:10"
},
{
"kids":[
"AjXgOBSIB"
],
"uid":"ranxiongfei",
"parent":"AjXdWbmR4",
"text":"哈哈，我是怀疑那个是真正自燃后的？",
"mid":"AjXfJ0keg",
"date":"2013-11-22 22:12:21"
},
{
"kids":[],
"uid":"sophierenado",
"parent":"",
"text":"成都有句话:给他日燃火",
"mid":"AjXfDljSG",
"date":"2013-11-22 22:12:09"
},
{
"kids":[],
"uid":"1423170370",
"parent":"",
"text":"纯粹胡说八道",
"mid":"AjXfrdPI3",
"date":"2013-11-22 22:11:40"
},
{
"kids":[],
"uid":"1416974652",
"parent":"",
"text":"惨不忍睹。。。没听说过",
"mid":"AjXfgijSo",
"date":"2013-11-22 22:11:13"
},
{
"kids":[],
"uid":"1970200645",
"parent":"",
"text":"",
"mid":"AjXfexymU",
"date":"2013-11-22 22:11:10"
},
{
"kids":[],
"uid":"1793413337",
"parent":"",
"text":"[吃惊] 卧槽，还好不沾酒。。。",
"mid":"AjXeC8pgA",
"date":"2013-11-22 22:09:37"
},
{
"kids":[],
"uid":"2819588274",
"parent":"AjXe0ymPG",
"text":"作兴万一把手伤着了可不好。@嗜血狂魔约萨希",
"mid":"AjXes5ezI",
"date":"2013-11-22 22:09:12"
},
{
"kids":[],
"uid":"2819588274",
"parent":"AjXe0ymPG",
"text":"作兴万一把手伤着了课不好。@嗜血狂魔约萨希",
"mid":"AjXep6fz1",
"date":"2013-11-22 22:09:07"
},
{
"kids":[
"AjXsU2bAM",
"AjXgXcPCl"
],
"uid":"liushuoblog",
"parent":"AjXdWbmR4",
"text":"无图无真相。",
"mid":"AjXeoxB28",
"date":"2013-11-22 22:09:06"
},
{
"kids":[
"AjXes5ezI",
"AjXep6fz1"
],
"uid":"2819588274",
"parent":"",
"text":"@嗜血狂魔约萨希 以后少喝白酒，不然娃娃会烧坏的。",
"mid":"AjXe0ymPG",
"date":"2013-11-22 22:08:10"
},
{
"kids":[
"AjXsU2bAM",
"AjXnOq8MI",
"AjXgXcPCl",
"AjXgOBSIB",
"AjXfJ0keg",
"AjXeoxB28"
],
"uid":"ranxiongfei",
"parent":"",
"text":"这个照片啥意思？",
"mid":"AjXdWbmR4",
"date":"2013-11-22 22:07:56"
},
{
"kids":[],
"uid":"2692882885",
"parent":"",
"text":"",
"mid":"AjXdR8Pby",
"date":"2013-11-22 22:07:47"
},
{
"kids":[],
"uid":"1952427577",
"parent":"",
"text":"",
"mid":"AjXdDvmWE",
"date":"2013-11-22 22:07:15"
},
{
"kids":[],
"uid":"3228534250",
"parent":"",
"text":"[哈哈]",
"mid":"AjXdvygE6",
"date":"2013-11-22 22:06:54"
},
{
"kids":[],
"uid":"2378253377",
"parent":"",
"text":"这不科学",
"mid":"AjXdbascB",
"date":"2013-11-22 22:06:06"
},
{
"kids":[],
"uid":"1793531771",
"parent":"",
"text":"[吃惊]",
"mid":"AjXd2jJ0M",
"date":"2013-11-22 22:05:42"
},
{
"kids":[],
"uid":"2047156575",
"parent":"",
"text":"[吃惊][吃惊][吃惊]",
"mid":"AjXd20RtI",
"date":"2013-11-22 22:05:43"
},
{
"kids":[],
"uid":"3465128340",
"parent":"",
"text":"",
"mid":"AjXcNzici",
"date":"2013-11-22 22:05:10"
},
{
"kids":[],
"uid":"2721020272",
"parent":"",
"text":"",
"mid":"AjXcxgIHn",
"date":"2013-11-22 22:04:31"
},
{
"kids":[],
"uid":"2695112384",
"parent":"",
"text":"",
"mid":"AjXcw9d44",
"date":"2013-11-22 22:04:27"
},
{
"kids":[],
"uid":"2829268357",
"parent":"",
"text":"",
"mid":"AjXckh5Rx",
"date":"2013-11-22 22:03:59"
},
{
"kids":[],
"uid":"3499027971",
"parent":"",
"text":"[吃惊]",
"mid":"AjXc70JIp",
"date":"2013-11-22 22:03:26"
},
{
"kids":[],
"uid":"caicairongsheng",
"parent":"",
"text":"",
"mid":"AjXc68FKy",
"date":"2013-11-22 22:03:24"
},
{
"kids":[],
"uid":"1687308335",
"parent":"",
"text":"",
"mid":"AjWYqD9s0",
"date":"2013-11-22 21:29:44"
},
{
"kids":[],
"uid":"2659529454",
"parent":"",
"text":"@谢峰斌 注意安全啊",
"mid":"AjWP9ASvg",
"date":"2013-11-22 21:06:55"
},
{
"kids":[
"AlJ7Qs5Zo",
"AlINF5AwP",
"AlH6gxUZC",
"AlBd4tUW7",
"AlAm5uqvR",
"AlpHd6wKb",
"Alp70wFay",
"AlofkoyfV",
"AkGtucU6w",
"AkCYI3xUu",
"AkCT82wP9",
"AkvPT0mBI",
"AkvKimSHm",
"AkuyplymH",
"Akusa08Db",
"AkdS04dsK",
"AkdnVdtRx",
"AkaMCA5p2"
],
"uid":"ayhuang0902",
"parent":"",
"text":"[懒得理你]还有这种情况",
"mid":"AjVu5v8cH",
"date":"2013-11-22 17:42:14"
},
{
"kids":[
"Am2Tm7SSF",
"AlZJL788K",
"AlZmNauaE",
"AlQKk4son",
"AlQAf7uBm",
"AlPXlAEbh",
"AlHGisCIO",
"AlGTKA1OT",
"AlGrjo5La",
"AlylY18Ab",
"AlxbakLoR",
"Alo6nbG8x",
"Alo64gNlf",
"AlnPlEX8f",
"AkDogtdqx",
"AkD4lA0tp",
"AkCI0Cy3B",
"AkxVavmJS",
"AkmfAAfrD",
"AklQ7tow2",
"AklFCwlLN",
"AklrgcNgk",
"AklqOrfOq",
"AkkqtpbVS"
],
"uid":"2683528192",
"parent":"",
"text":"",
"mid":"AjV7aqeWL",
"date":"2013-11-22 16:45:48"
}
]