[
{
"kids":[],
"uid":"2883130652",
"parent":"zCi4Xo4Sc",
"text":"人造景观",
"mid":"zCriPtF1D",
"date":"2013-06-21 13:03:36"
},
{
"kids":[],
"uid":"1761006034",
"parent":"zClYWnKgN",
"text":"好想切看噢[偷笑]@未来使者2112:这条路就是所谓的成都二环路，如此壮观，难得呀。@酱缸外的涸渔: @萧敬腾  @Sunny小肥肥:这个凶@-咬人猫xs-: 以后下暴雨就去二环路赏瀑布！*\\(^o^)/*@argonium:颤抖吧！维多利亚瀑布！@酸汤魚魚魚:成都二环各种奇葩@蓄力单反的二叔叔叔:激流勇进 大瀑布！",
"mid":"zCm66eVgP",
"date":"2013-06-20 23:48:28"
},
{
"kids":[
"zCm66eVgP"
],
"uid":"2412985862",
"parent":"zClPJdcDC",
"text":"这条路就是所谓的成都二环路，如此壮观，难得呀。",
"mid":"zClYWnKgN",
"date":"2013-06-20 23:30:50"
},
{
"kids":[
"zCm66eVgP",
"zClYWnKgN"
],
"uid":"2161294644",
"parent":"zChZx821j",
"text":"这个凶",
"mid":"zClPJdcDC",
"date":"2013-06-20 23:08:10"
},
{
"kids":[],
"uid":"3148920024",
"parent":"zCisPbqgg",
"text":"",
"mid":"zCkUzFtm8",
"date":"2013-06-20 20:47:22"
},
{
"kids":[],
"uid":"206529295",
"parent":"zCiaS3KXd",
"text":"麻痹这是假消息！这尼马明明是09年广州那边！恶心！",
"mid":"zCkvLARPp",
"date":"2013-06-20 19:46:15"
},
{
"kids":[],
"uid":"chenlinxuepiao",
"parent":"zCirKoacf",
"text":"",
"mid":"zCksQupLu",
"date":"2013-06-20 19:39:03"
},
{
"kids":[],
"uid":"2359800495",
"parent":"zCicpgehx",
"text":"都说了是假新闻了，09年广州",
"mid":"zCkhj6URg",
"date":"2013-06-20 19:10:37"
},
{
"kids":[],
"uid":"2302047124",
"parent":"zChZx821j",
"text":"好景点",
"mid":"zCkbqsbWp",
"date":"2013-06-20 18:56:11"
},
{
"kids":[],
"uid":"blzhijuhuadadao",
"parent":"zCi3H3bht",
"text":"突然觉得九寨沟瀑布白看了",
"mid":"zCk463eOY",
"date":"2013-06-20 18:38:03"
},
{
"kids":[],
"uid":"3107677527",
"parent":"zChZx821j",
"text":"为什么我去上班没有看到？！",
"mid":"zCjQ7jZuI",
"date":"2013-06-20 18:03:36"
},
{
"kids":[],
"uid":"2931886291",
"parent":"zCjqlAt3T",
"text":"",
"mid":"zCjM75UJi",
"date":"2013-06-20 17:53:46"
},
{
"kids":[],
"uid":"338038883",
"parent":"",
"text":"黄果树表示来历山大~~",
"mid":"zCjBjdy2D",
"date":"2013-06-20 17:27:07"
},
{
"kids":[
"zCjM75UJi"
],
"uid":"2862128250",
"parent":"zCi5NEY3Z",
"text":"这是二环路？好瀑布",
"mid":"zCjqlAt3T",
"date":"2013-06-20 17:00:07"
},
{
"kids":[],
"uid":"1586850747",
"parent":"zChZx821j",
"text":"哇塞我不在时就这样了……",
"mid":"zCjoNgnUx",
"date":"2013-06-20 16:56:17"
},
{
"kids":[],
"uid":"1897413117",
"parent":"zChZx821j",
"text":"进击的瀑布啊",
"mid":"zCjmPfrS9",
"date":"2013-06-20 16:51:26"
},
{
"kids":[],
"uid":"2830426122",
"parent":"zChOQ1ldA",
"text":"@Alpaca最近很忧桑 @易北河的纸袋 @兵库北小姐是我女神 @怒改名再不二逼伐 吓死爹了...",
"mid":"zCjmftJ5L",
"date":"2013-06-20 16:50:02"
},
{
"kids":[],
"uid":"1794508370",
"parent":"zChZx821j",
"text":"哈哈。",
"mid":"zCjkBw1bX",
"date":"2013-06-20 16:46:00"
},
{
"kids":[],
"uid":"1788196202",
"parent":"zChZx821j",
"text":"哈哈",
"mid":"zCjjkm3ek",
"date":"2013-06-20 16:42:50"
},
{
"kids":[],
"uid":"1621560680",
"parent":"zChWbFPhm",
"text":"[吃惊]什么情况",
"mid":"zCjhSdx83",
"date":"2013-06-20 16:39:16"
},
{
"kids":[],
"uid":"3485210462",
"parent":"zChZx821j",
"text":"",
"mid":"zCjaRwAjG",
"date":"2013-06-20 16:21:57"
},
{
"kids":[],
"uid":"1950667943",
"parent":"zCisPbqgg",
"text":"原来二环还有这样的一幕啊",
"mid":"zCja1dKLb",
"date":"2013-06-20 16:19:55"
},
{
"kids":[],
"uid":"luddd",
"parent":"zCicwCe2x",
"text":"[吃驚][吃驚][吃驚]",
"mid":"zCj798NTB",
"date":"2013-06-20 16:12:48"
},
{
"kids":[],
"uid":"1656428532",
"parent":"zCi9rrPr4",
"text":".....",
"mid":"zCj6uxZHg",
"date":"2013-06-20 16:11:12"
},
{
"kids":[],
"uid":"1919464723",
"parent":"",
"text":"对我而言很喜欢，至少城市风光别处没有！回来下雨的话就去拍~",
"mid":"zCj5PbRvY",
"date":"2013-06-20 16:09:34"
},
{
"kids":[],
"uid":"xiaoer",
"parent":"zCj0o2lLE",
"text":"这个图是09年广州的图。。现在拿出来算啥。",
"mid":"zCj0CzXwA",
"date":"2013-06-20 15:56:44"
},
{
"kids":[
"zCj0CzXwA"
],
"uid":"1920569724",
"parent":"",
"text":"= =我早上5,6点就在这种情况下从海椒市游回九里堤 爽惨了。。",
"mid":"zCj0o2lLE",
"date":"2013-06-20 15:56:10"
},
{
"kids":[],
"uid":"2941545425",
"parent":"zChZx821j",
"text":"",
"mid":"zCiY6fzpl",
"date":"2013-06-20 15:50:33"
},
{
"kids":[],
"uid":"1934135431",
"parent":"",
"text":"何其壮观",
"mid":"zCiTtzAG0",
"date":"2013-06-20 15:39:10"
},
{
"kids":[],
"uid":"1659337934",
"parent":"zCi0oAgp6",
"text":"又是这个差不多的时候海了~~",
"mid":"zCiRO9k4r",
"date":"2013-06-20 15:35:02"
},
{
"kids":[],
"uid":"512391560",
"parent":"zChZx821j",
"text":"[太开心]",
"mid":"zCiPyou2M",
"date":"2013-06-20 15:29:30"
},
{
"kids":[],
"uid":"2230473191",
"parent":"zChZx821j",
"text":"二环，噗",
"mid":"zCiJa8T3g",
"date":"2013-06-20 15:13:43"
},
{
"kids":[],
"uid":"2703793163",
"parent":"zCij0s0xn",
"text":"这个景点在哪？",
"mid":"zCiIewlbs",
"date":"2013-06-20 15:11:28"
},
{
"kids":[],
"uid":"2366170862",
"parent":"zCicpgehx",
"text":"",
"mid":"zCiGuEzW4",
"date":"2013-06-20 15:07:10"
},
{
"kids":[],
"uid":"2708631842",
"parent":"zChZx821j",
"text":"黄果树直接给吓尿了",
"mid":"zCiFAvOpj",
"date":"2013-06-20 15:04:55"
},
{
"kids":[],
"uid":"hjkmyn",
"parent":"zChZx821j",
"text":"好棒",
"mid":"zCiFkzs7O",
"date":"2013-06-20 15:04:20"
},
{
"kids":[],
"uid":"2618002595",
"parent":"zCi5NEY3Z",
"text":"2B城市欢乐多啊",
"mid":"zCiETENEl",
"date":"2013-06-20 15:03:15"
},
{
"kids":[],
"uid":"pddyhh",
"parent":"zCifnifF6",
"text":"人类奇迹",
"mid":"zCiECvESP",
"date":"2013-06-20 15:02:34"
},
{
"kids":[],
"uid":"lisacd",
"parent":"zCiAdwH5k",
"text":"以后下暴雨就去二环路赏瀑布！*\\(^o^)/*激流勇进 大瀑布！@大小姐JoJo @2小姐Lena @北鼻饭 但老娘木有看到",
"mid":"zCiBpn8Xw",
"date":"2013-06-20 14:54:37"
},
{
"kids":[
"zCiBpn8Xw"
],
"uid":"2622775191",
"parent":"zChZx821j",
"text":"",
"mid":"zCiAdwH5k",
"date":"2013-06-20 14:51:42"
},
{
"kids":[],
"uid":"georgecy",
"parent":"zChZx821j",
"text":"飞流直下三千尺，疑是银河落九天 [哈哈]",
"mid":"zCizB5Agw",
"date":"2013-06-20 14:50:09"
},
{
"kids":[],
"uid":"reisenudongein",
"parent":"zCito4AVh",
"text":"屌炸天！",
"mid":"zCixJfi5z",
"date":"2013-06-20 14:45:33"
},
{
"kids":[],
"uid":"2104045887",
"parent":"zChZx821j",
"text":"？？有没有成都的现身说法",
"mid":"zCixq6sZV",
"date":"2013-06-20 14:44:47"
},
{
"kids":[],
"uid":"2443639295",
"parent":"",
"text":"我书读的少，别骗我。。",
"mid":"zCixjwAcf",
"date":"2013-06-20 14:44:34"
},
{
"kids":[],
"uid":"bafanyejin",
"parent":"zCittmIXy",
"text":"世界第一！",
"mid":"zCiwKnyAO",
"date":"2013-06-20 14:43:09"
},
{
"kids":[],
"uid":"carrotfish",
"parent":"zCivm8wSY",
"text":"这个照片是2009年5月的深圳",
"mid":"zCiwgh0lt",
"date":"2013-06-20 14:41:58"
},
{
"kids":[
"zCiwgh0lt"
],
"uid":"carrotfish",
"parent":"",
"text":"这明显是假的",
"mid":"zCivm8wSY",
"date":"2013-06-20 14:39:44"
},
{
"kids":[],
"uid":"1016585374",
"parent":"zChZx821j",
"text":"",
"mid":"zCiuXfX6q",
"date":"2013-06-20 14:38:44"
},
{
"kids":[],
"uid":"twentyoneguns",
"parent":"zCisPbqgg",
"text":"",
"mid":"zCiuz46yM",
"date":"2013-06-20 14:37:45"
},
{
"kids":[],
"uid":"2289157293",
"parent":"zCidAuaWv",
"text":"哇……",
"mid":"zCitJBOj6",
"date":"2013-06-20 14:35:44"
},
{
"kids":[
"zCiwKnyAO"
],
"uid":"izayoi799",
"parent":"zCisPbqgg",
"text":"",
"mid":"zCittmIXy",
"date":"2013-06-20 14:35:06"
},
{
"kids":[
"zCixJfi5z"
],
"uid":"2096488817",
"parent":"zCisPbqgg",
"text":"= =！卧槽",
"mid":"zCito4AVh",
"date":"2013-06-20 14:34:53"
},
{
"kids":[],
"uid":"haruni",
"parent":"zChVgknBm",
"text":"壮哉我大成都",
"mid":"zCithzrwS",
"date":"2013-06-20 14:34:36"
},
{
"kids":[
"zCkUzFtm8",
"zCja1dKLb",
"zCixJfi5z",
"zCiwKnyAO",
"zCiuz46yM",
"zCittmIXy",
"zCito4AVh"
],
"uid":"2300257870",
"parent":"zCi1lqBeC",
"text":"酷炫叼！",
"mid":"zCisPbqgg",
"date":"2013-06-20 14:33:28"
},
{
"kids":[],
"uid":"huangwentingdodo",
"parent":"zChOQ1ldA",
"text":"噗",
"mid":"zCis7s2eG",
"date":"2013-06-20 14:31:46"
},
{
"kids":[
"zCksQupLu"
],
"uid":"1798596063",
"parent":"zCig77zi2",
"text":"好霸气",
"mid":"zCirKoacf",
"date":"2013-06-20 14:30:54"
},
{
"kids":[],
"uid":"2090501315",
"parent":"zChZx821j",
"text":"真好",
"mid":"zCirwfPGX",
"date":"2013-06-20 14:30:17"
},
{
"kids":[],
"uid":"1736833353",
"parent":"zCihdDWG4",
"text":"(⊙_⊙)",
"mid":"zCiqKkIgX",
"date":"2013-06-20 14:28:23"
},
{
"kids":[],
"uid":"2674965961",
"parent":"zCigXrVFy",
"text":"家住瀑布旁边很爽",
"mid":"zCiq49qRQ",
"date":"2013-06-20 14:26:41"
},
{
"kids":[],
"uid":"loveran0923",
"parent":"zCicpgehx",
"text":"@郑-十二 看瀑布去",
"mid":"zCingCcbW",
"date":"2013-06-20 14:19:49"
},
{
"kids":[],
"uid":"aitakute",
"parent":"zChZx821j",
"text":"进击的巨人即视感",
"mid":"zCimeea2N",
"date":"2013-06-20 14:17:16"
},
{
"kids":[],
"uid":"1821649050",
"parent":"",
"text":"亲，不需要去黄果树看瀑布，直接飞成都吧@神崎风间",
"mid":"zCijO9OFx",
"date":"2013-06-20 14:11:17"
},
{
"kids":[],
"uid":"2312993137",
"parent":"zCi0oAgp6",
"text":"求高清大图",
"mid":"zCijba5hr",
"date":"2013-06-20 14:09:44"
},
{
"kids":[
"zCiIewlbs"
],
"uid":"1883101607",
"parent":"",
"text":"@含笑半步颠-关心-高策机构",
"mid":"zCij0s0xn",
"date":"2013-06-20 14:09:18"
},
{
"kids":[
"zCiqKkIgX"
],
"uid":"2170689462",
"parent":"zCi5NEY3Z",
"text":"二环真乃神器也...",
"mid":"zCihdDWG4",
"date":"2013-06-20 14:04:53"
},
{
"kids":[
"zCiq49qRQ"
],
"uid":"2251325352",
"parent":"zCi4niAPE",
"text":"@之所以大使馆",
"mid":"zCigXrVFy",
"date":"2013-06-20 14:04:16"
},
{
"kids":[],
"uid":"sekusarisu",
"parent":"zChZx821j",
"text":"窝槽！",
"mid":"zCig78tke",
"date":"2013-06-20 14:02:11"
},
{
"kids":[
"zCksQupLu",
"zCirKoacf"
],
"uid":"lsj391989",
"parent":"zChZx821j",
"text":"",
"mid":"zCig77zi2",
"date":"2013-06-20 14:02:10"
},
{
"kids":[
"zCiECvESP"
],
"uid":"1663014635",
"parent":"zCi4niAPE",
"text":"哇，好神奇哦",
"mid":"zCifnifF6",
"date":"2013-06-20 14:00:22"
},
{
"kids":[],
"uid":"2590145397",
"parent":"zCi7fw6lJ",
"text":"对啊T^T昨晚一个晚上都没睡着",
"mid":"zCieXBzLB",
"date":"2013-06-20 13:59:19"
},
{
"kids":[],
"uid":"1939270205",
"parent":"zCi0Gkkj4",
"text":"[吃惊]",
"mid":"zCieVy6Hq",
"date":"2013-06-20 13:59:14"
},
{
"kids":[],
"uid":"11927979",
"parent":"zCi1lqBeC",
"text":"@我是W君",
"mid":"zCieJqzLf",
"date":"2013-06-20 13:58:48"
},
{
"kids":[],
"uid":"2415214374",
"parent":"zCi0oAgp6",
"text":"@婷妹纸五月考试求过 噗",
"mid":"zCieCCFVK",
"date":"2013-06-20 13:58:29"
},
{
"kids":[],
"uid":"2144986137",
"parent":"",
"text":"火哟，好壮观[哈哈][哈哈]",
"mid":"zCieuErII",
"date":"2013-06-20 13:58:12"
},
{
"kids":[],
"uid":"1247378532",
"parent":"zChZx821j",
"text":"啊哈哈哈 新二环还有这景色",
"mid":"zCiermXif",
"date":"2013-06-20 13:58:04"
},
{
"kids":[
"zCitJBOj6"
],
"uid":"2363303412",
"parent":"zCid5srEx",
"text":"果然帝都是首都 去年看了海 今年又有了瀑布~",
"mid":"zCidAuaWv",
"date":"2013-06-20 13:55:57"
},
{
"kids":[],
"uid":"1465025727",
"parent":"zChOQ1ldA",
"text":"好壮观！",
"mid":"zCidxwQzX",
"date":"2013-06-20 13:55:50"
},
{
"kids":[],
"uid":"zerogod",
"parent":"zChZx821j",
"text":"@星期天午后晴 真的假的……",
"mid":"zCidvwbRr",
"date":"2013-06-20 13:55:46"
},
{
"kids":[],
"uid":"zcl99",
"parent":"zChZx821j",
"text":"@王溪Ann 是这样么",
"mid":"zCidrFBGl",
"date":"2013-06-20 13:55:37"
},
{
"kids":[
"zCitJBOj6",
"zCidAuaWv"
],
"uid":"1891779071",
"parent":"zChZx821j",
"text":"@咪酱每天都在累爱",
"mid":"zCid5srEx",
"date":"2013-06-20 13:54:42"
},
{
"kids":[
"zCj798NTB"
],
"uid":"cdljs",
"parent":"zChFzBkQB",
"text":"相机！相机！排队留影，又一组千秋功名的史诗照片[挖鼻屎][哈哈][照相机]@姬国柱 @鲁晓东",
"mid":"zCicwCe2x",
"date":"2013-06-20 13:53:21"
},
{
"kids":[
"zCkhj6URg",
"zCiGuEzW4",
"zCingCcbW"
],
"uid":"206188863",
"parent":"zCi0oAgp6",
"text":"二环路大瀑布能手拉手绕二环一圈哦～",
"mid":"zCicpgehx",
"date":"2013-06-20 13:53:03"
},
{
"kids":[],
"uid":"2130160535",
"parent":"",
"text":"[偷乐]第二季强势回归，全新升级，震撼开播",
"mid":"zCicjnCeU",
"date":"2013-06-20 13:52:49"
},
{
"kids":[],
"uid":"2743696522",
"parent":"zChZx821j",
"text":"……",
"mid":"zCibjAzi1",
"date":"2013-06-20 13:50:21"
},
{
"kids":[
"zCkvLARPp"
],
"uid":"2645676464",
"parent":"zChZx821j",
"text":"救命啊这个",
"mid":"zCiaS3KXd",
"date":"2013-06-20 13:49:14"
},
{
"kids":[],
"uid":"1998579714",
"parent":"zChZx821j",
"text":"瀑布把成都包围。。。",
"mid":"zCiaim1IQ",
"date":"2013-06-20 13:47:51"
},
{
"kids":[],
"uid":"moiralinson",
"parent":"zChZx821j",
"text":"好美23333",
"mid":"zCi9s3tgX",
"date":"2013-06-20 13:45:45"
},
{
"kids":[
"zCj6uxZHg"
],
"uid":"unitide",
"parent":"zChZx821j",
"text":"哈哈哈自豪",
"mid":"zCi9rrPr4",
"date":"2013-06-20 13:45:45"
},
{
"kids":[],
"uid":"3189055603",
"parent":"zChZx821j",
"text":"233",
"mid":"zCi918tbL",
"date":"2013-06-20 13:44:40"
},
{
"kids":[],
"uid":"516012608",
"parent":"zChZx821j",
"text":"。。。",
"mid":"zCi8B89vo",
"date":"2013-06-20 13:43:39"
},
{
"kids":[],
"uid":"3503171031",
"parent":"zCi7fw6lJ",
"text":"昨天晚上打雷打的好兴奋，像白天一样",
"mid":"zCi8phRMC",
"date":"2013-06-20 13:43:11"
},
{
"kids":[],
"uid":"llydmissile",
"parent":"zCi6O1vc4",
"text":"[哈哈]",
"mid":"zCi7PfGIS",
"date":"2013-06-20 13:41:46"
},
{
"kids":[
"zCieXBzLB",
"zCi8phRMC"
],
"uid":"120101203",
"parent":"zChZx821j",
"text":"@玉玉玉玉求樱井考神附体 @烨烨ye 喂你们俩出门小心点啊",
"mid":"zCi7fw6lJ",
"date":"2013-06-20 13:40:21"
},
{
"kids":[
"zCi7PfGIS"
],
"uid":"cyanphoton",
"parent":"zChVgknBm",
"text":"哈哈好棒",
"mid":"zCi6O1vc4",
"date":"2013-06-20 13:39:16"
},
{
"kids":[],
"uid":"1059749595",
"parent":"zChZx821j",
"text":"我们的瀑布绕城一圈！原来修的是风景景点",
"mid":"zCi6JAZdx",
"date":"2013-06-20 13:39:06"
},
{
"kids":[],
"uid":"oishiim",
"parent":"",
"text":"NND ,在成都时候没遇到这么大的雨呢",
"mid":"zCi6Hvcz9",
"date":"2013-06-20 13:38:59"
},
{
"kids":[],
"uid":"2754647360",
"parent":"",
"text":"(　ﾟдﾟ)",
"mid":"zCi6D8piA",
"date":"2013-06-20 13:38:49"
},
{
"kids":[
"zCjM75UJi",
"zCjqlAt3T",
"zCiETENEl",
"zCiqKkIgX",
"zCihdDWG4"
],
"uid":"0u233",
"parent":"zChZx821j",
"text":"不来瀑布前撸发舞么233",
"mid":"zCi5NEY3Z",
"date":"2013-06-20 13:36:47"
},
{
"kids":[],
"uid":"2820887900",
"parent":"zChZx821j",
"text":"",
"mid":"zCi5yi8Du",
"date":"2013-06-20 13:36:10"
},
{
"kids":[],
"uid":"2263656595",
"parent":"zCi4QjUlD",
"text":"不如自挂东南枝 →_→",
"mid":"zCi5lzzVz",
"date":"2013-06-20 13:35:40"
},
{
"kids":[],
"uid":"lodossmaster",
"parent":"zChZx821j",
"text":"[哈哈]",
"mid":"zCi55C5m0",
"date":"2013-06-20 13:35:02"
},
{
"kids":[
"zCriPtF1D"
],
"uid":"1975240433",
"parent":"",
"text":"哈哈哈，求组团同去",
"mid":"zCi4Xo4Sc",
"date":"2013-06-20 13:34:43"
},
{
"kids":[],
"uid":"2026755843",
"parent":"zChYAzlYg",
"text":"这样啊→",
"mid":"zCi4S2J21",
"date":"2013-06-20 13:34:28"
},
{
"kids":[
"zCi5lzzVz"
],
"uid":"kimiwosikitakara",
"parent":"zCi4cF6vO",
"text":"→_→桃花潭水深千尺",
"mid":"zCi4QjUlD",
"date":"2013-06-20 13:34:24"
},
{
"kids":[
"zCiECvESP",
"zCiq49qRQ",
"zCigXrVFy",
"zCifnifF6"
],
"uid":"uncle3rd",
"parent":"zChZx821j",
"text":"原来机场高速才能看到的壮丽景观现在全二环路都能看到了",
"mid":"zCi4niAPE",
"date":"2013-06-20 13:33:15"
},
{
"kids":[
"zCi5lzzVz",
"zCi4QjUlD"
],
"uid":"2262124490",
"parent":"zCi3x3FXX",
"text":"次奥，我的鞋子好么",
"mid":"zCi4cF6vO",
"date":"2013-06-20 13:32:51"
},
{
"kids":[
"zCk463eOY"
],
"uid":"2153932005",
"parent":"zChWbFPhm",
"text":"壮哉我大成都！",
"mid":"zCi3H3bht",
"date":"2013-06-20 13:31:33"
},
{
"kids":[],
"uid":"labman9th",
"parent":"zChZx821j",
"text":"二环瀑布 哈哈哈哈哈哈",
"mid":"zCi3E6Q8M",
"date":"2013-06-20 13:31:28"
},
{
"kids":[
"zCi5lzzVz",
"zCi4QjUlD",
"zCi4cF6vO"
],
"uid":"kimiwosikitakara",
"parent":"zCi1FbRdR",
"text":"→_→鞋子湿的爽么",
"mid":"zCi3x3FXX",
"date":"2013-06-20 13:31:10"
},
{
"kids":[],
"uid":"2961680555",
"parent":"zChWbFPhm",
"text":"",
"mid":"zCi2yttQN",
"date":"2013-06-20 13:28:46"
},
{
"kids":[],
"uid":"gengchen1988",
"parent":"zChZx821j",
"text":"可以淋浴吧。。。",
"mid":"zCi2drwmr",
"date":"2013-06-20 13:27:56"
},
{
"kids":[],
"uid":"kimiwosikitakara",
"parent":"zCi1nrSVn",
"text":"→_→可以游泳\\^O^",
"mid":"zCi1Ncr3b",
"date":"2013-06-20 13:26:53"
},
{
"kids":[
"zCi5lzzVz",
"zCi4QjUlD",
"zCi4cF6vO",
"zCi3x3FXX"
],
"uid":"2263656595",
"parent":"zCi1nrSVn",
"text":"那个水台么...",
"mid":"zCi1FbRdR",
"date":"2013-06-20 13:26:35"
},
{
"kids":[],
"uid":"leoy709",
"parent":"zChZx821j",
"text":"广州东站人造瀑布弱爆了！",
"mid":"zCi1w1h1J",
"date":"2013-06-20 13:26:16"
},
{
"kids":[
"zCi5lzzVz",
"zCi4QjUlD",
"zCi4cF6vO",
"zCi3x3FXX",
"zCi1Ncr3b",
"zCi1FbRdR"
],
"uid":"2262124490",
"parent":"zChZx821j",
"text":"@gerogero社長 还记得咱们寝室么",
"mid":"zCi1nrSVn",
"date":"2013-06-20 13:25:53"
},
{
"kids":[],
"uid":"513589678",
"parent":"zChZx821j",
"text":"",
"mid":"zCi1nahGE",
"date":"2013-06-20 13:25:55"
},
{
"kids":[
"zCkUzFtm8",
"zCja1dKLb",
"zCixJfi5z",
"zCiwKnyAO",
"zCiuz46yM",
"zCittmIXy",
"zCito4AVh",
"zCisPbqgg",
"zCieJqzLf"
],
"uid":"kissudemon",
"parent":"zChOQ1ldA",
"text":"太酷炫了！",
"mid":"zCi1lqBeC",
"date":"2013-06-20 13:25:47"
},
{
"kids":[],
"uid":"xiao0414",
"parent":"zChZx821j",
"text":"颤抖吧 鄂鲁克瀑布!",
"mid":"zCi0KcqEJ",
"date":"2013-06-20 13:24:18"
},
{
"kids":[
"zCieVy6Hq"
],
"uid":"2270502072",
"parent":"",
"text":"卧槽。。。",
"mid":"zCi0Gkkj4",
"date":"2013-06-20 13:24:10"
},
{
"kids":[],
"uid":"577443635",
"parent":"zChZx821j",
"text":"住在对面的话可以在阳台上一边喝咖啡一边看瀑布，简直就是无耻的文艺小资生活啊[偷笑]",
"mid":"zCi0A6YTC",
"date":"2013-06-20 13:23:54"
},
{
"kids":[],
"uid":"2070220267",
"parent":"zChZx821j",
"text":"好壮观！！",
"mid":"zCi0wgptG",
"date":"2013-06-20 13:23:44"
},
{
"kids":[],
"uid":"2429731794",
"parent":"zChw0wBMp",
"text":"太给力了@摄正乾影 @face--爽 @风尚国际-Allen @好摄之徒_马森 @考拉熊丽子 @木堇华七 @你们都喊小胖哥 @胡小妞noi",
"mid":"zCi0v6B6g",
"date":"2013-06-20 13:23:41"
},
{
"kids":[],
"uid":"1663012991",
"parent":"zChvuBDfG",
"text":"奇妙的成都",
"mid":"zCi0ti57c",
"date":"2013-06-20 13:23:39"
},
{
"kids":[],
"uid":"shihewangmu",
"parent":"zChZx821j",
"text":"二环高架？",
"mid":"zCi0t2uZG",
"date":"2013-06-20 13:23:38"
},
{
"kids":[
"zCkhj6URg",
"zCiRO9k4r",
"zCiGuEzW4",
"zCingCcbW",
"zCijba5hr",
"zCieCCFVK",
"zCicpgehx"
],
"uid":"crystalaquarius",
"parent":"zChZx821j",
"text":"二环路大瀑布！",
"mid":"zCi0oAgp6",
"date":"2013-06-20 13:23:27"
},
{
"kids":[],
"uid":"2219898051",
"parent":"",
"text":"2333333333333333333333",
"mid":"zCi0bjxDA",
"date":"2013-06-20 13:22:56"
},
{
"kids":[],
"uid":"mizukinagisa",
"parent":"zChZx821j",
"text":"真可惜，没遇到这么好的天气",
"mid":"zCi0aqimo",
"date":"2013-06-20 13:22:54"
},
{
"kids":[],
"uid":"yannnger",
"parent":"zChYAzlYg",
"text":"po主原图是2009年5月20日深圳松岗广深高速高架桥下的组图。原来是低端黑",
"mid":"zChZVj1vl",
"date":"2013-06-20 13:22:19"
},
{
"kids":[],
"uid":"1776058991",
"parent":"zChOQ1ldA",
"text":"咦咦！",
"mid":"zChZS45QE",
"date":"2013-06-20 13:22:10"
},
{
"kids":[],
"uid":"547054276",
"parent":"zChYAzlYg",
"text":"嗯..还好",
"mid":"zChZxq5bV",
"date":"2013-06-20 13:21:19"
},
{
"kids":[
"zCm66eVgP",
"zClYWnKgN",
"zClPJdcDC",
"zCkvLARPp",
"zCksQupLu",
"zCkhj6URg",
"zCkbqsbWp",
"zCjQ7jZuI",
"zCjM75UJi",
"zCjqlAt3T",
"zCjoNgnUx",
"zCjmPfrS9",
"zCjkBw1bX",
"zCjjkm3ek",
"zCjaRwAjG",
"zCj6uxZHg",
"zCiY6fzpl",
"zCiRO9k4r",
"zCiPyou2M",
"zCiJa8T3g",
"zCiGuEzW4",
"zCiFAvOpj",
"zCiFkzs7O",
"zCiETENEl",
"zCiECvESP",
"zCiBpn8Xw",
"zCiAdwH5k",
"zCizB5Agw",
"zCixq6sZV",
"zCiuXfX6q",
"zCitJBOj6",
"zCirKoacf",
"zCirwfPGX",
"zCiqKkIgX",
"zCiq49qRQ",
"zCingCcbW",
"zCimeea2N",
"zCijba5hr",
"zCihdDWG4",
"zCigXrVFy",
"zCig78tke",
"zCig77zi2",
"zCifnifF6",
"zCieXBzLB",
"zCieCCFVK",
"zCiermXif",
"zCidAuaWv",
"zCidvwbRr",
"zCidrFBGl",
"zCid5srEx",
"zCicpgehx",
"zCibjAzi1",
"zCiaS3KXd",
"zCiaim1IQ",
"zCi9s3tgX",
"zCi9rrPr4",
"zCi918tbL",
"zCi8B89vo",
"zCi8phRMC",
"zCi7fw6lJ",
"zCi6JAZdx",
"zCi5NEY3Z",
"zCi5yi8Du",
"zCi5lzzVz",
"zCi55C5m0",
"zCi4QjUlD",
"zCi4niAPE",
"zCi4cF6vO",
"zCi3E6Q8M",
"zCi3x3FXX",
"zCi2drwmr",
"zCi1Ncr3b",
"zCi1FbRdR",
"zCi1w1h1J",
"zCi1nrSVn",
"zCi1nahGE",
"zCi0KcqEJ",
"zCi0A6YTC",
"zCi0wgptG",
"zCi0t2uZG",
"zCi0oAgp6",
"zCi0aqimo"
],
"uid":"momonecat",
"parent":"zChVgknBm",
"text":"以后下暴雨就去二环路赏瀑布！*\\(^o^)/*",
"mid":"zChZx821j",
"date":"2013-06-20 13:21:20"
},
{
"kids":[],
"uid":"1224086992",
"parent":"zChWbFPhm",
"text":"噗！不过学校在郊区所以我也不知道那是啥啦",
"mid":"zChYOuhgo",
"date":"2013-06-20 13:19:34"
},
{
"kids":[
"zCi4S2J21",
"zChZVj1vl",
"zChZxq5bV"
],
"uid":"nekoalice",
"parent":"zChOQ1ldA",
"text":"po主原图是2009年5月20日深圳松岗广深高速高架桥下的组图。自重",
"mid":"zChYAzlYg",
"date":"2013-06-20 13:19:01"
},
{
"kids":[],
"uid":"2006154581",
"parent":"zChOQ1ldA",
"text":"哈哈哈！",
"mid":"zChYxC1vN",
"date":"2013-06-20 13:18:51"
},
{
"kids":[],
"uid":"1952701065",
"parent":"zChOQ1ldA",
"text":"黄果树躺枪= =....",
"mid":"zChXU2lii",
"date":"2013-06-20 13:17:19"
},
{
"kids":[
"zCk463eOY",
"zCjhSdx83",
"zCi3H3bht",
"zCi2yttQN",
"zChYOuhgo"
],
"uid":"1565355477",
"parent":"zChOQ1ldA",
"text":"壮栽我大成都！！",
"mid":"zChWbFPhm",
"date":"2013-06-20 13:13:06"
},
{
"kids":[
"zCm66eVgP",
"zClYWnKgN",
"zClPJdcDC",
"zCkvLARPp",
"zCksQupLu",
"zCkhj6URg",
"zCkbqsbWp",
"zCjQ7jZuI",
"zCjM75UJi",
"zCjqlAt3T",
"zCjoNgnUx",
"zCjmPfrS9",
"zCjkBw1bX",
"zCjjkm3ek",
"zCjaRwAjG",
"zCj6uxZHg",
"zCiY6fzpl",
"zCiRO9k4r",
"zCiPyou2M",
"zCiJa8T3g",
"zCiGuEzW4",
"zCiFAvOpj",
"zCiFkzs7O",
"zCiETENEl",
"zCiECvESP",
"zCiBpn8Xw",
"zCiAdwH5k",
"zCizB5Agw",
"zCixq6sZV",
"zCiuXfX6q",
"zCitJBOj6",
"zCithzrwS",
"zCirKoacf",
"zCirwfPGX",
"zCiqKkIgX",
"zCiq49qRQ",
"zCingCcbW",
"zCimeea2N",
"zCijba5hr",
"zCihdDWG4",
"zCigXrVFy",
"zCig78tke",
"zCig77zi2",
"zCifnifF6",
"zCieXBzLB",
"zCieCCFVK",
"zCiermXif",
"zCidAuaWv",
"zCidvwbRr",
"zCidrFBGl",
"zCid5srEx",
"zCicpgehx",
"zCibjAzi1",
"zCiaS3KXd",
"zCiaim1IQ",
"zCi9s3tgX",
"zCi9rrPr4",
"zCi918tbL",
"zCi8B89vo",
"zCi8phRMC",
"zCi7PfGIS",
"zCi7fw6lJ",
"zCi6O1vc4",
"zCi6JAZdx",
"zCi5NEY3Z",
"zCi5yi8Du",
"zCi5lzzVz",
"zCi55C5m0",
"zCi4QjUlD",
"zCi4niAPE",
"zCi4cF6vO",
"zCi3E6Q8M",
"zCi3x3FXX",
"zCi2drwmr",
"zCi1Ncr3b",
"zCi1FbRdR",
"zCi1w1h1J",
"zCi1nrSVn",
"zCi1nahGE",
"zCi0KcqEJ",
"zCi0A6YTC",
"zCi0wgptG",
"zCi0t2uZG",
"zCi0oAgp6",
"zCi0aqimo",
"zChZx821j"
],
"uid":"argonium",
"parent":"zChOQ1ldA",
"text":"颤抖吧！维多利亚瀑布！",
"mid":"zChVgknBm",
"date":"2013-06-20 13:10:48"
},
{
"kids":[],
"uid":"xiaoziqiang1117",
"parent":"",
"text":"我去。。。",
"mid":"zChPykQrT",
"date":"2013-06-20 12:56:44"
},
{
"kids":[
"zCm66eVgP",
"zClYWnKgN",
"zClPJdcDC",
"zCkUzFtm8",
"zCkvLARPp",
"zCksQupLu",
"zCkhj6URg",
"zCkbqsbWp",
"zCk463eOY",
"zCjQ7jZuI",
"zCjM75UJi",
"zCjqlAt3T",
"zCjoNgnUx",
"zCjmPfrS9",
"zCjmftJ5L",
"zCjkBw1bX",
"zCjjkm3ek",
"zCjhSdx83",
"zCjaRwAjG",
"zCja1dKLb",
"zCj6uxZHg",
"zCiY6fzpl",
"zCiRO9k4r",
"zCiPyou2M",
"zCiJa8T3g",
"zCiGuEzW4",
"zCiFAvOpj",
"zCiFkzs7O",
"zCiETENEl",
"zCiECvESP",
"zCiBpn8Xw",
"zCiAdwH5k",
"zCizB5Agw",
"zCixJfi5z",
"zCixq6sZV",
"zCiwKnyAO",
"zCiuXfX6q",
"zCiuz46yM",
"zCitJBOj6",
"zCittmIXy",
"zCito4AVh",
"zCithzrwS",
"zCisPbqgg",
"zCis7s2eG",
"zCirKoacf",
"zCirwfPGX",
"zCiqKkIgX",
"zCiq49qRQ",
"zCingCcbW",
"zCimeea2N",
"zCijba5hr",
"zCihdDWG4",
"zCigXrVFy",
"zCig78tke",
"zCig77zi2",
"zCifnifF6",
"zCieXBzLB",
"zCieJqzLf",
"zCieCCFVK",
"zCiermXif",
"zCidAuaWv",
"zCidxwQzX",
"zCidvwbRr",
"zCidrFBGl",
"zCid5srEx",
"zCicpgehx",
"zCibjAzi1",
"zCiaS3KXd",
"zCiaim1IQ",
"zCi9s3tgX",
"zCi9rrPr4",
"zCi918tbL",
"zCi8B89vo",
"zCi8phRMC",
"zCi7PfGIS",
"zCi7fw6lJ",
"zCi6O1vc4",
"zCi6JAZdx",
"zCi5NEY3Z",
"zCi5yi8Du",
"zCi5lzzVz",
"zCi55C5m0",
"zCi4S2J21",
"zCi4QjUlD",
"zCi4niAPE",
"zCi4cF6vO",
"zCi3H3bht",
"zCi3E6Q8M",
"zCi3x3FXX",
"zCi2yttQN",
"zCi2drwmr",
"zCi1Ncr3b",
"zCi1FbRdR",
"zCi1w1h1J",
"zCi1nrSVn",
"zCi1nahGE",
"zCi1lqBeC",
"zCi0KcqEJ",
"zCi0A6YTC",
"zCi0wgptG",
"zCi0t2uZG",
"zCi0oAgp6",
"zCi0aqimo",
"zChZVj1vl",
"zChZS45QE",
"zChZxq5bV",
"zChZx821j",
"zChYOuhgo",
"zChYAzlYg",
"zChYxC1vN",
"zChXU2lii",
"zChWbFPhm",
"zChVgknBm"
],
"uid":"1776058991",
"parent":"",
"text":"卧槽",
"mid":"zChOQ1ldA",
"date":"2013-06-20 12:55:02"
},
{
"kids":[],
"uid":"2012034185",
"parent":"zChqpjVpt",
"text":"转发微博。",
"mid":"zChHhntjv",
"date":"2013-06-20 12:36:22"
},
{
"kids":[],
"uid":"1470525671",
"parent":"",
"text":"哈哈哈 太壮观了[赞][赞][赞]",
"mid":"zChGHDRsj",
"date":"2013-06-20 12:34:56"
},
{
"kids":[],
"uid":"fly1992",
"parent":"",
"text":"23333333",
"mid":"zChFFtZuX",
"date":"2013-06-20 12:32:24"
},
{
"kids":[
"zCj798NTB",
"zCicwCe2x"
],
"uid":"1919302013",
"parent":"",
"text":"这个……确实威武！",
"mid":"zChFzBkQB",
"date":"2013-06-20 12:32:09"
},
{
"kids":[],
"uid":"2214197793",
"parent":"zChqpjVpt",
"text":"[吃惊]哪里这是",
"mid":"zChyUuUz3",
"date":"2013-06-20 12:15:44"
},
{
"kids":[
"zCi0v6B6g"
],
"uid":"77fanggufeng",
"parent":"",
"text":"[神马]",
"mid":"zChw0wBMp",
"date":"2013-06-20 12:08:35"
},
{
"kids":[],
"uid":"2209112040",
"parent":"",
"text":"哈哈，成都水漫金山了",
"mid":"zChvLbcat",
"date":"2013-06-20 12:07:59"
},
{
"kids":[
"zCi0ti57c"
],
"uid":"2409731063",
"parent":"",
"text":"卧槽！屌炸天！原来2环高架是这么个功能",
"mid":"zChvuBDfG",
"date":"2013-06-20 12:07:19"
},
{
"kids":[
"zChHhntjv",
"zChyUuUz3"
],
"uid":"1766029495",
"parent":"",
"text":"何其壮观呀",
"mid":"zChqpjVpt",
"date":"2013-06-20 11:54:46"
}
]