[
{
"kids":[],
"uid":"2157389707",
"parent":"",
"text":"",
"mid":"yxdSUriQs",
"date":"2012-08-15 06:58:13"
},
{
"kids":[],
"uid":"nieter",
"parent":"",
"text":"[话筒]",
"mid":"yx9AecuuZ",
"date":"2012-08-14 20:01:12"
},
{
"kids":[],
"uid":"2282182644",
"parent":"",
"text":"默哀",
"mid":"yx9c21pjj",
"date":"2012-08-14 19:01:32"
},
{
"kids":[],
"uid":"apollo1001010",
"parent":"",
"text":"国民党差点毁于此公手中~",
"mid":"yx9bRFjZT",
"date":"2012-08-14 19:01:11"
},
{
"kids":[],
"uid":"1843847564",
"parent":"yx6EiDE0N",
"text":"",
"mid":"yx97N2gBe",
"date":"2012-08-14 18:51:06"
},
{
"kids":[],
"uid":"2259591875",
"parent":"",
"text":"",
"mid":"yx8HYA01q",
"date":"2012-08-14 17:47:34"
},
{
"kids":[],
"uid":"2021976045",
"parent":"",
"text":"",
"mid":"yx8Bi1NnT",
"date":"2012-08-14 17:31:04"
},
{
"kids":[],
"uid":"2304400872",
"parent":"",
"text":"",
"mid":"yx8x6Bn5P",
"date":"2012-08-14 17:20:46"
},
{
"kids":[],
"uid":"2143659585",
"parent":"",
"text":"",
"mid":"yx8wgBXs8",
"date":"2012-08-14 17:18:43"
},
{
"kids":[],
"uid":"guojiantv",
"parent":"",
"text":"",
"mid":"yx8wa842b",
"date":"2012-08-14 17:18:26"
},
{
"kids":[],
"uid":"2705429491",
"parent":"",
"text":"不了解李登辉。只问一句，如果你自己是台湾人，你愿意大陆统一台湾吗？即使承诺一国两制50年不变，你信吗？所以你是台湾人会",
"mid":"yx8lY3wAJ",
"date":"2012-08-14 16:53:19"
},
{
"kids":[],
"uid":"2731712655",
"parent":"yx5Q9cyTt",
"text":"",
"mid":"yx8j3wpGe",
"date":"2012-08-14 16:46:09"
},
{
"kids":[],
"uid":"1833164355",
"parent":"yx82YbMRu",
"text":"",
"mid":"yx8d4muVj",
"date":"2012-08-14 16:31:24"
},
{
"kids":[],
"uid":"1467643605",
"parent":"",
"text":"",
"mid":"yx87z6mOb",
"date":"2012-08-14 16:17:50"
},
{
"kids":[
"yx8d4muVj"
],
"uid":"2474938414",
"parent":"",
"text":"是真是假 没看见新闻",
"mid":"yx82YbMRu",
"date":"2012-08-14 16:06:29"
},
{
"kids":[],
"uid":"2673174414",
"parent":"yx7JNslTy",
"text":"",
"mid":"yx82p3jKz",
"date":"2012-08-14 16:05:07"
},
{
"kids":[
"yx82p3jKz"
],
"uid":"1910931483",
"parent":"",
"text":"",
"mid":"yx7JNslTy",
"date":"2012-08-14 15:19:15"
},
{
"kids":[],
"uid":"1756421255",
"parent":"",
"text":"",
"mid":"yx7H9aszf",
"date":"2012-08-14 15:12:45"
},
{
"kids":[],
"uid":"1825236653",
"parent":"",
"text":"统一台湾不完蛋了",
"mid":"yx7H8wVcI",
"date":"2012-08-14 15:12:44"
},
{
"kids":[],
"uid":"keqichun",
"parent":"yx7ErBcdO",
"text":"国人的悲哀，不能准确地了解世界甚至是自己的国家！",
"mid":"yx7GFkBxR",
"date":"2012-08-14 15:11:34"
},
{
"kids":[
"yx7GFkBxR"
],
"uid":"1421804340",
"parent":"",
"text":"所有的历史都得重读了。。。",
"mid":"yx7ErBcdO",
"date":"2012-08-14 15:06:06"
},
{
"kids":[],
"uid":"345880208",
"parent":"",
"text":"",
"mid":"yx7zzAwp8",
"date":"2012-08-14 14:54:07"
},
{
"kids":[],
"uid":"2215652723",
"parent":"",
"text":"确实，对李的认识经历了一番过程.李不承认台湾人是中国人是他自选的历史定位，这一点是他的可悲，现在的我绝对认同阻碍中华统一的根本原因在大陆，没有自由民主就不会有中国的统一。",
"mid":"yx7vIA6x2",
"date":"2012-08-14 14:44:35"
},
{
"kids":[],
"uid":"1765521502",
"parent":"",
"text":"只看不评",
"mid":"yx7uUDkhc",
"date":"2012-08-14 14:42:36"
},
{
"kids":[],
"uid":"2038160527",
"parent":"",
"text":"我一直觉得就所谓政客气质而言，湾湾的李登辉、陈水扁、马英九都完爆江总胡总...",
"mid":"yx7tyqOnR",
"date":"2012-08-14 14:39:15"
},
{
"kids":[],
"uid":"1639435765",
"parent":"",
"text":"",
"mid":"yx7tmjQ4C",
"date":"2012-08-14 14:38:47"
},
{
"kids":[],
"uid":"1690462904",
"parent":"",
"text":"",
"mid":"yx7oYpGhR",
"date":"2012-08-14 14:27:59"
},
{
"kids":[],
"uid":"2291523733",
"parent":"",
"text":"回复@幸福的lilisun:假新闻，根本没有去世",
"mid":"yx7mutBgo",
"date":"2012-08-14 14:21:50"
},
{
"kids":[],
"uid":"2072739303",
"parent":"",
"text":"",
"mid":"yx7lOvTYr",
"date":"2012-08-14 14:20:12"
},
{
"kids":[],
"uid":"1608349125",
"parent":"",
"text":"",
"mid":"yx7kR8jvu",
"date":"2012-08-14 14:17:49"
},
{
"kids":[],
"uid":"1950293320",
"parent":"",
"text":"问：何时一统中华？",
"mid":"yx7kGdTeZ",
"date":"2012-08-14 14:17:22"
},
{
"kids":[],
"uid":"2346766263",
"parent":"",
"text":"",
"mid":"yx7jy8UIW",
"date":"2012-08-14 14:14:37"
},
{
"kids":[],
"uid":"ginzo",
"parent":"",
"text":"",
"mid":"yx7jrnpZ3",
"date":"2012-08-14 14:14:21"
},
{
"kids":[],
"uid":"1868447123",
"parent":"",
"text":"李同志还是CP老党员呢。被CP最大的潜伏小蒋总统选为接班人。其实他们都是ＣＰ",
"mid":"yx7hPen1k",
"date":"2012-08-14 14:10:22"
},
{
"kids":[],
"uid":"gzroywong",
"parent":"",
"text":"",
"mid":"yx7hN9fgR",
"date":"2012-08-14 14:10:17"
},
{
"kids":[],
"uid":"1885616000",
"parent":"yx7e4F22X",
"text":"他还表示钓鱼岛是日本的~好个球去~",
"mid":"yx7hMxBgb",
"date":"2012-08-14 14:10:14"
},
{
"kids":[],
"uid":"yuzenghui",
"parent":"",
"text":"真的死了?",
"mid":"yx7hg1SL3",
"date":"2012-08-14 14:08:58"
},
{
"kids":[],
"uid":"1431009183",
"parent":"",
"text":"幸亏还有台湾",
"mid":"yx7gCbtLn",
"date":"2012-08-14 14:07:22"
},
{
"kids":[],
"uid":"1878458341",
"parent":"",
"text":"",
"mid":"yx7f2kQ2M",
"date":"2012-08-14 14:03:30"
},
{
"kids":[],
"uid":"lucky7days",
"parent":"",
"text":"",
"mid":"yx7ePDsdi",
"date":"2012-08-14 14:03:00"
},
{
"kids":[],
"uid":"1420686381",
"parent":"",
"text":"信息不对称，造成很多的谣言和误解！",
"mid":"yx7eE98OY",
"date":"2012-08-14 14:02:32"
},
{
"kids":[],
"uid":"316711138",
"parent":"",
"text":"",
"mid":"yx7erqww0",
"date":"2012-08-14 14:02:01"
},
{
"kids":[],
"uid":"1743829972",
"parent":"",
"text":"",
"mid":"yx7ek3nNf",
"date":"2012-08-14 14:01:44"
},
{
"kids":[
"yx7hMxBgb"
],
"uid":"apollo1001010",
"parent":"",
"text":"阿辉伯！~",
"mid":"yx7e4F22X",
"date":"2012-08-14 14:01:08"
},
{
"kids":[],
"uid":"2651856824",
"parent":"",
"text":"",
"mid":"yx7e2ijMz",
"date":"2012-08-14 14:01:02"
},
{
"kids":[],
"uid":"1784004775",
"parent":"",
"text":"",
"mid":"yx7dR5BHf",
"date":"2012-08-14 14:00:36"
},
{
"kids":[],
"uid":"1822744075",
"parent":"",
"text":"",
"mid":"yx7dMBFSf",
"date":"2012-08-14 14:00:26"
},
{
"kids":[],
"uid":"2786327137",
"parent":"",
"text":"",
"mid":"yx7dJlqzG",
"date":"2012-08-14 14:00:15"
},
{
"kids":[],
"uid":"2733219884",
"parent":"",
"text":"對於對岸很多人很多事，的確需要獨立客觀的思考，不能只聽一黨之言",
"mid":"yx7dFge4q",
"date":"2012-08-14 14:00:07"
},
{
"kids":[],
"uid":"2137772412",
"parent":"",
"text":"是对岸没接他的橄榄枝！",
"mid":"yx7dcjyjl",
"date":"2012-08-14 13:58:58"
},
{
"kids":[],
"uid":"kong999",
"parent":"",
"text":"转发微博。",
"mid":"yx7cTkVed",
"date":"2012-08-14 13:58:12"
},
{
"kids":[],
"uid":"2439278233",
"parent":"",
"text":"",
"mid":"yx7cQ8Ho2",
"date":"2012-08-14 13:58:05"
},
{
"kids":[],
"uid":"2624480122",
"parent":"",
"text":"那关于曰本呢？",
"mid":"yx7cjkkUV",
"date":"2012-08-14 13:56:47"
},
{
"kids":[],
"uid":"1911394547",
"parent":"",
"text":"",
"mid":"yx7cbC4sA",
"date":"2012-08-14 13:56:29"
},
{
"kids":[],
"uid":"2642048954",
"parent":"",
"text":"",
"mid":"yx7c1256T",
"date":"2012-08-14 13:56:03"
},
{
"kids":[],
"uid":"1268992494",
"parent":"",
"text":"历史不代表真实",
"mid":"yx7bWhfp5",
"date":"2012-08-14 13:55:53"
},
{
"kids":[],
"uid":"1165411192",
"parent":"",
"text":"台灣若無其精心設計，民主不會走到今天。",
"mid":"yx7bs8D4x",
"date":"2012-08-14 13:54:39"
},
{
"kids":[],
"uid":"phoenixsaga",
"parent":"",
"text":"值得一转。",
"mid":"yx7bs6wsY",
"date":"2012-08-14 13:54:40"
},
{
"kids":[],
"uid":"xiaonazhua",
"parent":"",
"text":"",
"mid":"yx7b8EbBa",
"date":"2012-08-14 13:53:54"
},
{
"kids":[],
"uid":"2705965502",
"parent":"",
"text":"",
"mid":"yx7aUawu8",
"date":"2012-08-14 13:53:17"
},
{
"kids":[],
"uid":"achillean270",
"parent":"",
"text":"",
"mid":"yx7aRrP42",
"date":"2012-08-14 13:53:13"
},
{
"kids":[],
"uid":"gpnb",
"parent":"",
"text":"",
"mid":"yx7aD0A09",
"date":"2012-08-14 13:52:38"
},
{
"kids":[],
"uid":"qinghairen",
"parent":"",
"text":"",
"mid":"yx7auqdqk",
"date":"2012-08-14 13:52:18"
},
{
"kids":[],
"uid":"1316365633",
"parent":"",
"text":"",
"mid":"yx6IIASKn",
"date":"2012-08-14 12:43:54"
},
{
"kids":[],
"uid":"nicjay520",
"parent":"",
"text":"",
"mid":"yx6Hw9lnO",
"date":"2012-08-14 12:40:55"
},
{
"kids":[],
"uid":"2250162241",
"parent":"",
"text":"",
"mid":"yx6Goqi8f",
"date":"2012-08-14 12:38:09"
},
{
"kids":[],
"uid":"luoshuiyiyun",
"parent":"",
"text":"",
"mid":"yx6EBBGyS",
"date":"2012-08-14 12:33:44"
},
{
"kids":[
"yx97N2gBe"
],
"uid":"isunyou",
"parent":"",
"text":"",
"mid":"yx6EiDE0N",
"date":"2012-08-14 12:32:59"
},
{
"kids":[],
"uid":"1727962994",
"parent":"",
"text":"",
"mid":"yx6DbyAUb",
"date":"2012-08-14 12:30:15"
},
{
"kids":[],
"uid":"1411267890",
"parent":"",
"text":"[晕]李登辉，两腿蹬了[浮云]",
"mid":"yx6AXyKXc",
"date":"2012-08-14 12:24:46"
},
{
"kids":[],
"uid":"2286575463",
"parent":"",
"text":"愚民政策的结果就是，人们一旦发现被政府欺骗一次，就认为被欺骗十次了，发现被欺骗十次了，就会认为政府一直在欺骗我们。这时人们宁肯相信谣言也不相信政府，这也是谣言四起的根源。造就了无诚信的社会。",
"mid":"yx6lHpbHH",
"date":"2012-08-14 11:47:08"
},
{
"kids":[],
"uid":"2172582543",
"parent":"yx6irixxu",
"text":"",
"mid":"yx6kw6pFD",
"date":"2012-08-14 11:44:15"
},
{
"kids":[
"yx6kw6pFD"
],
"uid":"ysoei",
"parent":"",
"text":"",
"mid":"yx6irixxu",
"date":"2012-08-14 11:39:08"
},
{
"kids":[],
"uid":"2230779062",
"parent":"yx5IumHMB",
"text":"[蜡烛]致敬！",
"mid":"yx69K1pTw",
"date":"2012-08-14 11:17:42"
},
{
"kids":[],
"uid":"1530561565",
"parent":"",
"text":"我们的历史观和立场，由于信息不完整，甚至黑白颠倒，造成大部分近现代史的误判。",
"mid":"yx67D8bCu",
"date":"2012-08-14 11:12:30"
},
{
"kids":[],
"uid":"1157631660",
"parent":"",
"text":"",
"mid":"yx5VuboEK",
"date":"2012-08-14 10:42:34"
},
{
"kids":[
"yx8j3wpGe"
],
"uid":"2710446161",
"parent":"yx5O0y1aK",
"text":"陸人對李先生知之甚少，台灣若無其精心設計，民主不會走到今天。[蜡烛]",
"mid":"yx5Q9cyTt",
"date":"2012-08-14 10:29:25"
},
{
"kids":[
"yx5Q9cyTt"
],
"uid":"1898213557",
"parent":"yx5IumHMB",
"text":"",
"mid":"yx5O0y1aK",
"date":"2012-08-14 10:24:10"
},
{
"kids":[],
"uid":"2613752901",
"parent":"",
"text":"同感！自诩为《出埃及记》中的摩西，也不是没有道理的噢！台湾的民主化道路毕竟是蒋经国放权，他是第一代实践者啊！",
"mid":"yx5Np1jqI",
"date":"2012-08-14 10:22:39"
},
{
"kids":[],
"uid":"345346347",
"parent":"yx5IumHMB",
"text":"同意",
"mid":"yx5MphSZW",
"date":"2012-08-14 10:20:13"
},
{
"kids":[
"yx69K1pTw",
"yx5O0y1aK",
"yx5MphSZW"
],
"uid":"208181342",
"parent":"",
"text":"转发微博。",
"mid":"yx5IumHMB",
"date":"2012-08-14 10:10:34"
}
]