[
{
"kids":[],
"uid":"577992549",
"parent":"zswQ37fO4",
"text":"回复@陈恩新:您好，我早就提醒过原发者，也不知怎的，至今没有把小丁的照片删掉。",
"mid":"zsB6v4R6X",
"date":"2013-04-17 19:37:39"
},
{
"kids":[],
"uid":"2785009692",
"parent":"zsyhPAnvr",
"text":"这是传统。",
"mid":"zsyMFaoJ7",
"date":"2013-04-17 13:43:17"
},
{
"kids":[],
"uid":"1932943855",
"parent":"zsygpwyk3",
"text":"",
"mid":"zsyDB8LxI",
"date":"2013-04-17 13:20:57"
},
{
"kids":[],
"uid":"2766541671",
"parent":"zsymb9GQb",
"text":"",
"mid":"zsyzFkr6r",
"date":"2013-04-17 13:11:14"
},
{
"kids":[],
"uid":"2177272964",
"parent":"zsymb9GQb",
"text":"#智能管道主导者综合平台提供者信息应用参与者#[泪]",
"mid":"zsynaxZ5a",
"date":"2013-04-17 12:40:29"
},
{
"kids":[
"zsyzFkr6r",
"zsynaxZ5a"
],
"uid":"2605057985",
"parent":"",
"text":"还不如找点给钱了",
"mid":"zsymb9GQb",
"date":"2013-04-17 12:37:59"
},
{
"kids":[
"zsyMFaoJ7"
],
"uid":"1695660895",
"parent":"",
"text":"如此军官，无谋之辈，好色之徒罢了。",
"mid":"zsyhPAnvr",
"date":"2013-04-17 12:27:20"
},
{
"kids":[
"zsyDB8LxI"
],
"uid":"2168034342",
"parent":"",
"text":"美丽的定时炸弹.",
"mid":"zsygpwyk3",
"date":"2013-04-17 12:23:50"
},
{
"kids":[],
"uid":"1639474381",
"parent":"zstxHA9bp",
"text":"回复@Deepstriker:举双手赞成！早该改制，那么多文艺兵还要占用军费。",
"mid":"zsybSwCEx",
"date":"2013-04-17 12:12:40"
},
{
"kids":[],
"uid":"3235601914",
"parent":"zstpWxGDx",
"text":"",
"mid":"zsxYcrl0w",
"date":"2013-04-17 11:38:58"
},
{
"kids":[],
"uid":"1811225797",
"parent":"zswQ37fO4",
"text":"这个女人不寻常！",
"mid":"zsxh2tWD9",
"date":"2013-04-17 09:52:36"
},
{
"kids":[],
"uid":"1401199452",
"parent":"",
"text":"求验证。",
"mid":"zsx7QdM5h",
"date":"2013-04-17 09:29:58"
},
{
"kids":[
"zsB6v4R6X",
"zsxh2tWD9"
],
"uid":"577992549",
"parent":"",
"text":"这个女人姓丁不姓蒋！",
"mid":"zswQ37fO4",
"date":"2013-04-17 08:46:08"
},
{
"kids":[],
"uid":"3159482135",
"parent":"",
"text":"",
"mid":"zswNFF3iv",
"date":"2013-04-17 08:40:16"
},
{
"kids":[],
"uid":"1864328502",
"parent":"",
"text":"",
"mid":"zsv7D5saT",
"date":"2013-04-17 04:23:57"
},
{
"kids":[],
"uid":"1919311933",
"parent":"zstmag2JM",
"text":"",
"mid":"zsuPeu9Sd",
"date":"2013-04-17 03:38:37"
},
{
"kids":[],
"uid":"3netnonstop",
"parent":"",
"text":"额",
"mid":"zstQBvLux",
"date":"2013-04-17 01:09:16"
},
{
"kids":[],
"uid":"678322388",
"parent":"",
"text":"",
"mid":"zstPwqRag",
"date":"2013-04-17 01:06:36"
},
{
"kids":[],
"uid":"2497628140",
"parent":"",
"text":"哇！厉害，舍不得500万，结果变成一无所有。精彩！/@香港成东1:转发微博",
"mid":"zstCwnKTw",
"date":"2013-04-17 00:34:31"
},
{
"kids":[],
"uid":"1150882233",
"parent":"",
"text":"@我思故我囧:@我思故我囧:个别军妓算什么,最好是让军队都染上毒瘾和梅毒也省得他们与人民为敌!",
"mid":"zstC5bN48",
"date":"2013-04-17 00:33:29"
},
{
"kids":[],
"uid":"2190321994",
"parent":"",
"text":"",
"mid":"zstzIiYeM",
"date":"2013-04-17 00:27:37"
},
{
"kids":[],
"uid":"1289431101",
"parent":"",
"text":"",
"mid":"zstyeoqUm",
"date":"2013-04-17 00:23:59"
},
{
"kids":[
"zsybSwCEx"
],
"uid":"1639474381",
"parent":"",
"text":"[围观]",
"mid":"zstxHA9bp",
"date":"2013-04-17 00:22:39"
},
{
"kids":[],
"uid":"2049631054",
"parent":"",
"text":"",
"mid":"zstsxkwPW",
"date":"2013-04-17 00:09:57"
},
{
"kids":[],
"uid":"3045395513",
"parent":"",
"text":"",
"mid":"zstrPxk8g",
"date":"2013-04-17 00:08:14"
},
{
"kids":[
"zsxYcrl0w"
],
"uid":"frlj",
"parent":"",
"text":"文工团，又一特色！",
"mid":"zstpWxGDx",
"date":"2013-04-17 00:03:34"
},
{
"kids":[],
"uid":"whz8",
"parent":"zssKqea4O",
"text":"",
"mid":"zstpkpNdc",
"date":"2013-04-17 00:02:05"
},
{
"kids":[
"zsuPeu9Sd"
],
"uid":"supersnowboard",
"parent":"zssCmezaL",
"text":"跟党走真啥都不缺啊",
"mid":"zstmag2JM",
"date":"2013-04-16 23:54:13"
},
{
"kids":[],
"uid":"2663974387",
"parent":"",
"text":"所谓英雄难过美人关",
"mid":"zsti217gf",
"date":"2013-04-16 23:44:05"
},
{
"kids":[],
"uid":"2933898264",
"parent":"",
"text":"",
"mid":"zst7osP0h",
"date":"2013-04-16 23:17:54"
},
{
"kids":[],
"uid":"2847607705",
"parent":"",
"text":"",
"mid":"zst4A9DjB",
"date":"2013-04-16 23:10:56"
},
{
"kids":[],
"uid":"2037079267",
"parent":"zssADh2Fn",
"text":"难怪海军畏敌如虎啊，尚不及海监船胆儿大〜",
"mid":"zst4n9sJQ",
"date":"2013-04-16 23:10:25"
},
{
"kids":[],
"uid":"2620762307",
"parent":"",
"text":"",
"mid":"zssTDrcg9",
"date":"2013-04-16 22:43:59"
},
{
"kids":[],
"uid":"2371051672",
"parent":"",
"text":"",
"mid":"zssTkcLy0",
"date":"2013-04-16 22:43:12"
},
{
"kids":[],
"uid":"2106282804",
"parent":"zssM0B30B",
"text":"将军难过美人关。",
"mid":"zssOJ36gt",
"date":"2013-04-16 22:31:53"
},
{
"kids":[],
"uid":"1601919660",
"parent":"zssEmkuNd",
"text":"甚荒唐！到头来都是在自掘幽堂！",
"mid":"zssO3Eq2Z",
"date":"2013-04-16 22:30:16"
},
{
"kids":[],
"uid":"1601919660",
"parent":"zssEmkuNd",
"text":"屎壳螂坐海轮——臭名远扬（洋）！",
"mid":"zssNDDGtq",
"date":"2013-04-16 22:29:10"
},
{
"kids":[],
"uid":"1601919660",
"parent":"zssEmkuNd",
"text":"将军向前进，女优乐无垠。糖衣炮弹哑，肉弹稳准猛。",
"mid":"zssNksHSe",
"date":"2013-04-16 22:28:28"
},
{
"kids":[],
"uid":"1601919660",
"parent":"zssEmkuNd",
"text":"红颜祸水，薄命天定？将军威武，蛇鼠相拥！",
"mid":"zssMF51ZU",
"date":"2013-04-16 22:26:46"
},
{
"kids":[
"zssOJ36gt"
],
"uid":"1601919660",
"parent":"zssEmkuNd",
"text":"人魔狗样，四腿乱晃。过瘾就死，淫靡乖张！",
"mid":"zssM0B30B",
"date":"2013-04-16 22:25:09"
},
{
"kids":[],
"uid":"1601919660",
"parent":"zssEmkuNd",
"text":"销魂出事，摊上大事。杭州汴州，一堆狗屎！",
"mid":"zssLzpQtB",
"date":"2013-04-16 22:24:05"
},
{
"kids":[],
"uid":"lixinlvshi",
"parent":"",
"text":"",
"mid":"zssLz7VKc",
"date":"2013-04-16 22:24:06"
},
{
"kids":[],
"uid":"1601919660",
"parent":"zssEmkuNd",
"text":"小三翻脸，中将翻船！",
"mid":"zssL4palH",
"date":"2013-04-16 22:22:53"
},
{
"kids":[],
"uid":"1601919660",
"parent":"zssEmkuNd",
"text":"",
"mid":"zssKS0DbS",
"date":"2013-04-16 22:22:23"
},
{
"kids":[],
"uid":"1601919660",
"parent":"zssEmkuNd",
"text":"慰安妇不慰安，反腐倒把功勋建！",
"mid":"zssKF0s9T",
"date":"2013-04-16 22:21:50"
},
{
"kids":[
"zstpkpNdc"
],
"uid":"212006789",
"parent":"zssJ5rysC",
"text":"",
"mid":"zssKqea4O",
"date":"2013-04-16 22:21:17"
},
{
"kids":[
"zssKqea4O"
],
"uid":"1729441087",
"parent":"zssIUdS7z",
"text":"",
"mid":"zssJ5rysC",
"date":"2013-04-16 22:17:58"
},
{
"kids":[
"zssJ5rysC"
],
"uid":"laojinlaiye",
"parent":"zsszsxWZV",
"text":"回复@大道泽天:哦，那倒可以。",
"mid":"zssIUdS7z",
"date":"2013-04-16 22:17:32"
},
{
"kids":[],
"uid":"2728708702",
"parent":"zssGFE9Nj",
"text":"",
"mid":"zssIy7QCI",
"date":"2013-04-16 22:16:41"
},
{
"kids":[],
"uid":"laojinlaiye",
"parent":"zsszsxWZV",
"text":"回复@大道泽天:中水，喝不得[汗]",
"mid":"zssHt1zly",
"date":"2013-04-16 22:13:57"
},
{
"kids":[
"zssIy7QCI"
],
"uid":"1601919660",
"parent":"",
"text":"慰安妇操蛋必须的",
"mid":"zssGFE9Nj",
"date":"2013-04-16 22:12:03"
},
{
"kids":[],
"uid":"1658710202",
"parent":"",
"text":"",
"mid":"zssGoecqp",
"date":"2013-04-16 22:11:19"
},
{
"kids":[],
"uid":"laojinlaiye",
"parent":"zsszsxWZV",
"text":"回复@大道泽天:老弟别，洗脚水[围观]",
"mid":"zssF2ikXJ",
"date":"2013-04-16 22:08:01"
},
{
"kids":[
"zssO3Eq2Z",
"zssNDDGtq",
"zssNksHSe",
"zssMF51ZU",
"zssM0B30B",
"zssLzpQtB",
"zssL4palH",
"zssKS0DbS",
"zssKF0s9T"
],
"uid":"1001733181",
"parent":"zssADh2Fn",
"text":"",
"mid":"zssEmkuNd",
"date":"2013-04-16 22:06:18"
},
{
"kids":[],
"uid":"1400190474",
"parent":"",
"text":"转发",
"mid":"zssEkij4l",
"date":"2013-04-16 22:06:14"
},
{
"kids":[],
"uid":"1156497583",
"parent":"",
"text":"[挖鼻屎]",
"mid":"zssEfxNXW",
"date":"2013-04-16 22:06:05"
},
{
"kids":[
"zstmag2JM"
],
"uid":"1907251281",
"parent":"zssADh2Fn",
"text":"",
"mid":"zssCmezaL",
"date":"2013-04-16 22:01:24"
},
{
"kids":[],
"uid":"2119436802",
"parent":"zsl1Q6yDI",
"text":"没看人家的名字就叫：你就是瞎扯吧[偷笑]",
"mid":"zssBL42CO",
"date":"2013-04-16 21:59:54"
},
{
"kids":[],
"uid":"viviennewyf",
"parent":"zsszsxWZV",
"text":"还真是被这女的坑了，貌似有杀无赦传闻啊",
"mid":"zssBfna9p",
"date":"2013-04-16 21:58:38"
},
{
"kids":[
"zst4n9sJQ",
"zssEmkuNd",
"zssCmezaL"
],
"uid":"1601919660",
"parent":"zssxL5iYP",
"text":"女优靓丽，祸水男妓！",
"mid":"zssADh2Fn",
"date":"2013-04-16 21:57:09"
},
{
"kids":[
"zssIUdS7z",
"zssHt1zly",
"zssF2ikXJ",
"zssBfna9p"
],
"uid":"laojinlaiye",
"parent":"zssxL5iYP",
"text":"小妞儿长得不赖",
"mid":"zsszsxWZV",
"date":"2013-04-16 21:54:17"
},
{
"kids":[
"zssADh2Fn",
"zsszsxWZV"
],
"uid":"1934333863",
"parent":"",
"text":"30年前我不信@四目灵光 @一个顽强的反腐人 @中华儿女2 @人间第一炮 @四目灵光 @我思故我囧 @老金来也",
"mid":"zssxL5iYP",
"date":"2013-04-16 21:50:04"
},
{
"kids":[],
"uid":"fzjcdx",
"parent":"",
"text":"欢迎继续扳倒！[奥特曼]",
"mid":"zssupDXMq",
"date":"2013-04-16 21:41:49"
},
{
"kids":[],
"uid":"2436905415",
"parent":"zsfiTiBB4",
"text":"@欢乐太和best: [嘻嘻]你看上我的色，我看上你的官和钱。都不是好料。",
"mid":"zsnXtz9AO",
"date":"2013-04-16 10:09:43"
},
{
"kids":[],
"uid":"2710809037",
"parent":"",
"text":"",
"mid":"zsmiGa3fe",
"date":"2013-04-16 05:56:26"
},
{
"kids":[],
"uid":"2495329061",
"parent":"",
"text":"",
"mid":"zslXXDj7Y",
"date":"2013-04-16 05:05:25"
},
{
"kids":[
"zssBL42CO"
],
"uid":"2208357687",
"parent":"",
"text":"请立马删除此帖！图文严重不符！文章讲的是“蒋雯”，这女文艺兵指的是“蒋雯”，配用的正面照却是演员丁柳元的照片，侵犯到丁柳元的肖像权，请删除！希望博主还有法律方面意识！",
"mid":"zsl1Q6yDI",
"date":"2013-04-16 02:42:13"
},
{
"kids":[],
"uid":"2214508521",
"parent":"",
"text":"",
"mid":"zsjkt2I1w",
"date":"2013-04-15 22:22:38"
},
{
"kids":[],
"uid":"2292206444",
"parent":"",
"text":"只要手中有官章，老牛也能吃嫩草。",
"mid":"zsjeSqm0K",
"date":"2013-04-15 22:08:50"
},
{
"kids":[],
"uid":"3183408914",
"parent":"",
"text":"[给力][围观]潘塔勾引罪。",
"mid":"zsje7aBfb",
"date":"2013-04-15 22:06:59"
},
{
"kids":[],
"uid":"3112724171",
"parent":"",
"text":"真他，妈漂亮",
"mid":"zsjbP1GBH",
"date":"2013-04-15 22:01:19"
},
{
"kids":[],
"uid":"2084855805",
"parent":"",
"text":"一般般吧",
"mid":"zsiQ9pUQK",
"date":"2013-04-15 21:07:55"
},
{
"kids":[],
"uid":"jingwen01",
"parent":"zsiAkoLDg",
"text":"应该是3月14日的事。",
"mid":"zsiM0kGtA",
"date":"2013-04-15 20:57:43"
},
{
"kids":[],
"uid":"1231312891",
"parent":"zsiAkoLDg",
"text":"",
"mid":"zsiG4bTkR",
"date":"2013-04-15 20:43:04"
},
{
"kids":[],
"uid":"ye190504",
"parent":"zsiAkoLDg",
"text":"",
"mid":"zsiENf6dI",
"date":"2013-04-15 20:39:56"
},
{
"kids":[
"zsiM0kGtA",
"zsiG4bTkR",
"zsiENf6dI"
],
"uid":"2287264302",
"parent":"zsh3r82qX",
"text":"正因为怕丑，所以低调，所以更腐败，最近外媒报道前军委副主席已被查处，国内低调的悄无声息。",
"mid":"zsiAkoLDg",
"date":"2013-04-15 20:28:57"
},
{
"kids":[],
"uid":"baiyiding",
"parent":"zsh1CxXmI",
"text":"",
"mid":"zshNjgzru",
"date":"2013-04-15 18:28:09"
},
{
"kids":[],
"uid":"3094485215",
"parent":"zsgPgnNMe",
"text":"",
"mid":"zshHnmXVN",
"date":"2013-04-15 18:13:32"
},
{
"kids":[],
"uid":"2337178905",
"parent":"zsgPgnNMe",
"text":"",
"mid":"zshfYhyf9",
"date":"2013-04-15 17:06:03"
},
{
"kids":[],
"uid":"521867818",
"parent":"zsh1vuJH2",
"text":"挺美的。特工么？",
"mid":"zsh6E19rZ",
"date":"2013-04-15 16:43:05"
},
{
"kids":[],
"uid":"2040773484",
"parent":"zsh5HcFzh",
"text":"好一个军用！",
"mid":"zsh6o3FTo",
"date":"2013-04-15 16:42:26"
},
{
"kids":[],
"uid":"1245921987",
"parent":"zsh1vuJH2",
"text":"长得还行啊",
"mid":"zsh5VnEP3",
"date":"2013-04-15 16:41:16"
},
{
"kids":[
"zsh6o3FTo"
],
"uid":"robertqiu",
"parent":"zsgPgnNMe",
"text":"长的是不错哈。",
"mid":"zsh5HcFzh",
"date":"2013-04-15 16:40:44"
},
{
"kids":[
"zsiAkoLDg"
],
"uid":"2775084471",
"parent":"",
"text":"回复@孙农_律师:为何军队反腐历来比较低调？",
"mid":"zsh3r82qX",
"date":"2013-04-15 16:35:11"
},
{
"kids":[],
"uid":"qzwdiscovery",
"parent":"zsh1vuJH2",
"text":"四两拨千斤",
"mid":"zsh2zE23N",
"date":"2013-04-15 16:33:02"
},
{
"kids":[
"zshNjgzru"
],
"uid":"3122670761",
"parent":"zsfDs7h79",
"text":"",
"mid":"zsh1CxXmI",
"date":"2013-04-15 16:30:41"
},
{
"kids":[
"zsh6E19rZ",
"zsh5VnEP3",
"zsh2zE23N"
],
"uid":"2996134882",
"parent":"zsgPgnNMe",
"text":"",
"mid":"zsh1vuJH2",
"date":"2013-04-15 16:30:23"
},
{
"kids":[],
"uid":"2742336463",
"parent":"",
"text":"",
"mid":"zsgX6qxvH",
"date":"2013-04-15 16:19:34"
},
{
"kids":[],
"uid":"1876705187",
"parent":"zsgMNA2um",
"text":"我明白喇",
"mid":"zsgSUoM3G",
"date":"2013-04-15 16:09:14"
},
{
"kids":[],
"uid":"2218281393",
"parent":"zsgPgnNMe",
"text":"",
"mid":"zsgQo5swO",
"date":"2013-04-15 16:03:00"
},
{
"kids":[],
"uid":"1406167890",
"parent":"",
"text":"为了区区500万，中将断送了前程，不值得啊。",
"mid":"zsgQ4yzvF",
"date":"2013-04-15 16:02:14"
},
{
"kids":[
"zshHnmXVN",
"zshfYhyf9",
"zsh5HcFzh",
"zsh1vuJH2",
"zsgQo5swO"
],
"uid":"yedu",
"parent":"",
"text":"",
"mid":"zsgPgnNMe",
"date":"2013-04-15 16:00:14"
},
{
"kids":[
"zsgSUoM3G"
],
"uid":"haiou205",
"parent":"zsfjR0AYA",
"text":"等你升中将再讲啦",
"mid":"zsgMNA2um",
"date":"2013-04-15 15:54:10"
},
{
"kids":[],
"uid":"2747762581",
"parent":"",
"text":"",
"mid":"zsgm9bFjp",
"date":"2013-04-15 14:48:32"
},
{
"kids":[],
"uid":"1010411235",
"parent":"",
"text":"",
"mid":"zsgeT9wFv",
"date":"2013-04-15 14:30:36"
},
{
"kids":[],
"uid":"2026616322",
"parent":"",
"text":"好逼",
"mid":"zsgaTdrTC",
"date":"2013-04-15 14:20:47"
},
{
"kids":[],
"uid":"2455922887",
"parent":"zsft0lbTR",
"text":"多水灵的姑娘!竟被中将老头糟蹋了![怒]",
"mid":"zsga2kH21",
"date":"2013-04-15 14:18:41"
},
{
"kids":[],
"uid":"2441366327",
"parent":"",
"text":"",
"mid":"zsg7KuFqx",
"date":"2013-04-15 14:13:03"
},
{
"kids":[],
"uid":"fjchenfa",
"parent":"zsfDs7h79",
"text":"",
"mid":"zsg2Yc3tY",
"date":"2013-04-15 14:01:13"
},
{
"kids":[],
"uid":"1812082617",
"parent":"zsfDs7h79",
"text":"瞎鸡子扯！这个女兵♀的姓名牌明显是三个字",
"mid":"zsfVw17TX",
"date":"2013-04-15 13:42:53"
},
{
"kids":[],
"uid":"1301646304",
"parent":"",
"text":"",
"mid":"zsfPIl2uv",
"date":"2013-04-15 13:28:35"
},
{
"kids":[],
"uid":"532162340",
"parent":"zsfDs7h79",
"text":"",
"mid":"zsfM2ArQW",
"date":"2013-04-15 13:19:33"
},
{
"kids":[],
"uid":"1771893104",
"parent":"",
"text":"",
"mid":"zsfE8jjNE",
"date":"2013-04-15 13:00:03"
},
{
"kids":[
"zsh1CxXmI",
"zsg2Yc3tY",
"zsfVw17TX",
"zsfM2ArQW"
],
"uid":"527012198",
"parent":"",
"text":"衣服一脱，花样百出。阴沟一日，千年工资。就可惜一副花容月貌，一副道貌岸然。",
"mid":"zsfDs7h79",
"date":"2013-04-15 12:58:22"
},
{
"kids":[],
"uid":"1778640191",
"parent":"",
"text":"[猪头]",
"mid":"zsfwC5fVG",
"date":"2013-04-15 12:41:33"
},
{
"kids":[
"zsga2kH21"
],
"uid":"1792544031",
"parent":"",
"text":"英雄难过美人关！",
"mid":"zsft0lbTR",
"date":"2013-04-15 12:32:39"
},
{
"kids":[],
"uid":"qiushidetangkou",
"parent":"",
"text":"這個可不是外圍女噢",
"mid":"zsfnVEisA",
"date":"2013-04-15 12:20:09"
},
{
"kids":[],
"uid":"1104426027",
"parent":"",
"text":"他们都不肾虚？",
"mid":"zsfmupstW",
"date":"2013-04-15 12:16:35"
},
{
"kids":[],
"uid":"1842188802",
"parent":"",
"text":"旧事重弹，一个将军高官，把人家肚子搞大了，野种也生出来了，没履行承诺。贪污那么多钱，又铁公鸡一毛不拔，区区100万舍不得出，你不贪上大事那就见鬼了。",
"mid":"zsfkqqHTC",
"date":"2013-04-15 12:11:31"
},
{
"kids":[],
"uid":"1810487464",
"parent":"",
"text":"",
"mid":"zsfke6ez5",
"date":"2013-04-15 12:11:02"
},
{
"kids":[
"zsgMNA2um"
],
"uid":"1876705187",
"parent":"",
"text":"好索，我都中意",
"mid":"zsfjR0AYA",
"date":"2013-04-15 12:10:07"
},
{
"kids":[],
"uid":"huangzc8632",
"parent":"",
"text":"",
"mid":"zsfjhhBab",
"date":"2013-04-15 12:08:42"
},
{
"kids":[
"zsnXtz9AO"
],
"uid":"2436905415",
"parent":"zsfhKEPb6",
"text":"",
"mid":"zsfiTiBB4",
"date":"2013-04-15 12:07:44"
},
{
"kids":[
"zsfiTiBB4"
],
"uid":"538119123",
"parent":"",
"text":"[嘻嘻]你看上我的色，我看上你的官和钱。都不是好料。",
"mid":"zsfhKEPb6",
"date":"2013-04-15 12:04:56"
},
{
"kids":[],
"uid":"3150086260",
"parent":"",
"text":"阴沟里翻大船",
"mid":"zsfh8AnI9",
"date":"2013-04-15 12:03:25"
},
{
"kids":[],
"uid":"1570108221",
"parent":"",
"text":"",
"mid":"zsfgRsNHV",
"date":"2013-04-15 12:02:44"
},
{
"kids":[],
"uid":"2090222445",
"parent":"",
"text":"",
"mid":"zsfgk3jFq",
"date":"2013-04-15 12:01:24"
},
{
"kids":[],
"uid":"1868447123",
"parent":"",
"text":"吹牛。这个女的只是导火线。。。 王提督搞女人好多年，一路高升。 后来落马，是政斗",
"mid":"zsffQcs1W",
"date":"2013-04-15 12:00:14"
},
{
"kids":[],
"uid":"2719203710",
"parent":"",
"text":"",
"mid":"zsf4wro8i",
"date":"2013-04-15 11:32:20"
},
{
"kids":[],
"uid":"2803704997",
"parent":"",
"text":"",
"mid":"zsdV983U4",
"date":"2013-04-15 08:36:30"
},
{
"kids":[],
"uid":"1134436970",
"parent":"",
"text":"",
"mid":"zsdJ95SN3",
"date":"2013-04-15 08:06:55"
},
{
"kids":[],
"uid":"haoyunsheng5471",
"parent":"",
"text":"摘录到《清纯小站》 http:",
"mid":"zsdErqu5I",
"date":"2013-04-15 07:55:21"
},
{
"kids":[],
"uid":"2388014570",
"parent":"",
"text":"",
"mid":"zsdb1m3K5",
"date":"2013-04-15 06:42:52"
},
{
"kids":[],
"uid":"234034842",
"parent":"",
"text":"传原海军副司令员王守业就栽在她的手里 - 传原海军司令员王守业落马导火索是王的一个文艺女兵情妇，真是印证了一句俚语：阴沟里面翻大船。小美女扳倒了大中将。这个女兵就是南京军区前线文工团蒋雯。 蒋雯成为王... http:",
"mid":"zsaSyc1ls",
"date":"2013-04-15 00:51:51"
},
{
"kids":[],
"uid":"wangweibinccdi",
"parent":"zsaHnhVik",
"text":"@长青述 @CCDI刘耘 @ADU陈阳 @炊事班长季凯风 @AAI谢岗 @Architect尹臻 @Archina连晓静 @Archina吴磊 @charleschan-川 @From_January @观和主人  1200万死缓，5个情妇军费开支就这么落入领导和情妇的腰包了！钓鱼岛还指望他们去收回？",
"mid":"zsaM8teqZ",
"date":"2013-04-15 00:36:02"
},
{
"kids":[],
"uid":"2643815955",
"parent":"",
"text":"日批也要是付出代价的",
"mid":"zsaK4u8Bl",
"date":"2013-04-15 00:31:00"
},
{
"kids":[
"zsaM8teqZ"
],
"uid":"1872503963",
"parent":"",
"text":"转发微博。",
"mid":"zsaHnhVik",
"date":"2013-04-15 00:24:18"
},
{
"kids":[],
"uid":"2275915193",
"parent":"zsaaOcwru",
"text":"",
"mid":"zsalguByo",
"date":"2013-04-14 23:29:49"
},
{
"kids":[],
"uid":"1188143827",
"parent":"",
"text":"",
"mid":"zsaivpzJZ",
"date":"2013-04-14 23:23:01"
},
{
"kids":[
"zsalguByo"
],
"uid":"2882818102",
"parent":"",
"text":"",
"mid":"zsaaOcwru",
"date":"2013-04-14 23:04:07"
},
{
"kids":[],
"uid":"2454110023",
"parent":"",
"text":"[哈哈][哈哈]",
"mid":"zsa7inJeG",
"date":"2013-04-14 22:55:27"
},
{
"kids":[],
"uid":"2813154530",
"parent":"",
"text":"",
"mid":"zsa4j89gY",
"date":"2013-04-14 22:48:04"
},
{
"kids":[],
"uid":"1811269214",
"parent":"",
"text":"",
"mid":"zsa2Y8yb4",
"date":"2013-04-14 22:44:45"
},
{
"kids":[],
"uid":"2995543025",
"parent":"",
"text":"[闭嘴]",
"mid":"zsa28m0qc",
"date":"2013-04-14 22:42:45"
},
{
"kids":[],
"uid":"2256408902",
"parent":"",
"text":"美女耶",
"mid":"zs9XKw4Md",
"date":"2013-04-14 22:31:54"
},
{
"kids":[],
"uid":"1656592854",
"parent":"",
"text":"",
"mid":"zs9Vcqdlo",
"date":"2013-04-14 22:25:39"
},
{
"kids":[],
"uid":"1003730472",
"parent":"",
"text":"还确实养眼",
"mid":"zs9UteVtb",
"date":"2013-04-14 22:23:52"
},
{
"kids":[],
"uid":"1651933693",
"parent":"zs9LB3jtU",
"text":"全国三八红旗手！[哈哈]",
"mid":"zs9U3fxCY",
"date":"2013-04-14 22:22:49"
},
{
"kids":[],
"uid":"1892352123",
"parent":"",
"text":"",
"mid":"zs9SFgpji",
"date":"2013-04-14 22:19:23"
},
{
"kids":[],
"uid":"1938177542",
"parent":"",
"text":"",
"mid":"zs9RZikZ3",
"date":"2013-04-14 22:17:41"
},
{
"kids":[],
"uid":"2237062405",
"parent":"",
"text":"",
"mid":"zs9RPvgta",
"date":"2013-04-14 22:17:22"
},
{
"kids":[],
"uid":"2281352205",
"parent":"",
"text":"",
"mid":"zs9RCvW3O",
"date":"2013-04-14 22:16:51"
},
{
"kids":[],
"uid":"1403666041",
"parent":"",
"text":"",
"mid":"zs9Qpcde5",
"date":"2013-04-14 22:13:47"
},
{
"kids":[],
"uid":"1104426027",
"parent":"",
"text":"",
"mid":"zs9Qf7O4m",
"date":"2013-04-14 22:13:26"
},
{
"kids":[],
"uid":"2987349821",
"parent":"",
"text":"",
"mid":"zs9PTh2X7",
"date":"2013-04-14 22:12:32"
},
{
"kids":[],
"uid":"2987349821",
"parent":"",
"text":"",
"mid":"zs9Pu7FmB",
"date":"2013-04-14 22:11:34"
},
{
"kids":[],
"uid":"3215874545",
"parent":"",
"text":"可爱的人民子弟兵啊",
"mid":"zs9P48q4m",
"date":"2013-04-14 22:10:30"
},
{
"kids":[],
"uid":"1686993372",
"parent":"",
"text":"不及赵红霞。",
"mid":"zs9OA0N9Z",
"date":"2013-04-14 22:09:20"
},
{
"kids":[],
"uid":"2104245427",
"parent":"",
"text":"",
"mid":"zs9N17Cm0",
"date":"2013-04-14 22:05:29"
},
{
"kids":[
"zs9U3fxCY"
],
"uid":"1904192475",
"parent":"zs9gTrhyI",
"text":"",
"mid":"zs9LB3jtU",
"date":"2013-04-14 22:01:57"
},
{
"kids":[],
"uid":"2291508095",
"parent":"",
"text":"",
"mid":"zs9Ll4J5q",
"date":"2013-04-14 22:01:18"
},
{
"kids":[],
"uid":"1751787692",
"parent":"",
"text":"确实长得不错。有时候跟着领导是没错的。比如，玩什么，吃什么，喝什么，当然包括用什么。",
"mid":"zs9L2bSTP",
"date":"2013-04-14 22:00:33"
},
{
"kids":[],
"uid":"537801229",
"parent":"",
"text":"",
"mid":"zs9KRutdU",
"date":"2013-04-14 22:00:09"
},
{
"kids":[],
"uid":"3248673531",
"parent":"",
"text":"",
"mid":"zs9KCqdIW",
"date":"2013-04-14 21:59:35"
},
{
"kids":[],
"uid":"jianghua1976",
"parent":"",
"text":"？",
"mid":"zs9IH4adO",
"date":"2013-04-14 21:54:46"
},
{
"kids":[],
"uid":"2088276305",
"parent":"",
"text":"呵呵，这娘们据称在复兴路某干休所门外闹腾了不少时间",
"mid":"zs9GfaoN2",
"date":"2013-04-14 21:48:47"
},
{
"kids":[],
"uid":"2276811970",
"parent":"",
"text":"",
"mid":"zs9FGj5FK",
"date":"2013-04-14 21:47:25"
},
{
"kids":[],
"uid":"zongjiaqiang",
"parent":"",
"text":"扯淡，俩情妇能把他拉下马？",
"mid":"zs9Ev4UEm",
"date":"2013-04-14 21:44:27"
},
{
"kids":[],
"uid":"2758074682",
"parent":"zs9uCtZID",
"text":"",
"mid":"zs9zdC2f2",
"date":"2013-04-14 21:31:27"
},
{
"kids":[],
"uid":"1961031493",
"parent":"zs9uCtZID",
"text":"",
"mid":"zs9z26Lg2",
"date":"2013-04-14 21:31:00"
},
{
"kids":[],
"uid":"2703557827",
"parent":"",
"text":"阴沟里面翻大船 山东农业厅副厅长也翻了",
"mid":"zs9wE3AP4",
"date":"2013-04-14 21:25:07"
},
{
"kids":[],
"uid":"2026616322",
"parent":"",
"text":"[偷笑]JJ是",
"mid":"zs9vAr9hm",
"date":"2013-04-14 21:22:30"
},
{
"kids":[],
"uid":"1427040025",
"parent":"",
"text":"",
"mid":"zs9ve2ctL",
"date":"2013-04-14 21:21:37"
},
{
"kids":[
"zs9zdC2f2",
"zs9z26Lg2"
],
"uid":"1794499275",
"parent":"",
"text":"",
"mid":"zs9uCtZID",
"date":"2013-04-14 21:20:07"
},
{
"kids":[],
"uid":"3198852573",
"parent":"",
"text":"阴沟翻船",
"mid":"zs9tVBOZk",
"date":"2013-04-14 21:18:29"
},
{
"kids":[],
"uid":"1417632355",
"parent":"",
"text":"",
"mid":"zs9sX3eMl",
"date":"2013-04-14 21:16:02"
},
{
"kids":[],
"uid":"2001192913",
"parent":"",
"text":"",
"mid":"zs9s2By8Q",
"date":"2013-04-14 21:13:46"
},
{
"kids":[],
"uid":"2258205492",
"parent":"",
"text":"",
"mid":"zs9r4mCSA",
"date":"2013-04-14 21:11:25"
},
{
"kids":[],
"uid":"2641532347",
"parent":"",
"text":"",
"mid":"zs9qSdFMn",
"date":"2013-04-14 21:10:56"
},
{
"kids":[],
"uid":"persiaprince",
"parent":"zs9kPxANt",
"text":"赞！果然是副司令员级的美女",
"mid":"zs9p9gcDp",
"date":"2013-04-14 21:06:41"
},
{
"kids":[],
"uid":"yyy1197057448",
"parent":"",
"text":"",
"mid":"zs9nNCdDF",
"date":"2013-04-14 21:03:19"
},
{
"kids":[],
"uid":"2177877345",
"parent":"",
"text":"",
"mid":"zs9nDzol7",
"date":"2013-04-14 21:02:57"
},
{
"kids":[],
"uid":"1252788111",
"parent":"",
"text":"",
"mid":"zs9mkjvA6",
"date":"2013-04-14 20:59:43"
},
{
"kids":[],
"uid":"3059088235",
"parent":"",
"text":"牛[哈哈]",
"mid":"zs9l9lJmg",
"date":"2013-04-14 20:56:50"
},
{
"kids":[
"zs9p9gcDp"
],
"uid":"1852073367",
"parent":"",
"text":"好看[心]",
"mid":"zs9kPxANt",
"date":"2013-04-14 20:56:03"
},
{
"kids":[],
"uid":"2507879172",
"parent":"",
"text":"蒋雯",
"mid":"zs9jFpwUb",
"date":"2013-04-14 20:53:11"
},
{
"kids":[],
"uid":"2867051910",
"parent":"",
"text":"",
"mid":"zs9jd6O5A",
"date":"2013-04-14 20:52:03"
},
{
"kids":[],
"uid":"1702752281",
"parent":"",
"text":"",
"mid":"zs9iXqRhr",
"date":"2013-04-14 20:51:23"
},
{
"kids":[],
"uid":"1447932267",
"parent":"",
"text":"",
"mid":"zs9i2mSyW",
"date":"2013-04-14 20:49:10"
},
{
"kids":[],
"uid":"3207179763",
"parent":"",
"text":"",
"mid":"zs9hLy6Sx",
"date":"2013-04-14 20:48:29"
},
{
"kids":[],
"uid":"1477822964",
"parent":"",
"text":"",
"mid":"zs9hbuPA2",
"date":"2013-04-14 20:47:05"
},
{
"kids":[
"zs9LB3jtU"
],
"uid":"1658823251",
"parent":"",
"text":"[good]",
"mid":"zs9gTrhyI",
"date":"2013-04-14 20:46:21"
},
{
"kids":[],
"uid":"2178387852",
"parent":"",
"text":"阴沟翻舰艇！",
"mid":"zs99ziBIu",
"date":"2013-04-14 20:28:16"
},
{
"kids":[],
"uid":"2909302831",
"parent":"",
"text":"想不到军队也这么腐败…",
"mid":"zs98ymN6z",
"date":"2013-04-14 20:25:48"
}
]