[
{
"kids":[],
"uid":"2920029874",
"parent":"zEz782nzj",
"text":"",
"mid":"zFBBieFJh",
"date":"2013-07-12 08:47:28"
},
{
"kids":[],
"uid":"2804032104",
"parent":"zEz782nzj",
"text":"",
"mid":"zFukoDoek",
"date":"2013-07-11 14:16:36"
},
{
"kids":[],
"uid":"3044752580",
"parent":"zEz782nzj",
"text":"",
"mid":"zFtN358lR",
"date":"2013-07-11 12:54:26"
},
{
"kids":[],
"uid":"3314880311",
"parent":"",
"text":"",
"mid":"zFsu8g3UO",
"date":"2013-07-11 09:35:05"
},
{
"kids":[],
"uid":"2105498700",
"parent":"",
"text":"",
"mid":"zFcx4ed48",
"date":"2013-07-09 16:58:22"
},
{
"kids":[],
"uid":"2105498700",
"parent":"zEJTYvdel",
"text":"让人民子弟兵和你妈轮流发生性关系吧，照顾照顾",
"mid":"zFcuUmi52",
"date":"2013-07-09 16:53:02"
},
{
"kids":[],
"uid":"2105498700",
"parent":"",
"text":"花着纳税人的钱，欺负老百姓，去钓鱼岛啊看你横的 求曝光，求出名啊",
"mid":"zFcuDwpdw",
"date":"2013-07-09 16:52:24"
},
{
"kids":[],
"uid":"linxiaoju19870214",
"parent":"zEyM37YEy",
"text":"警察干得过军队？？？进去当兵的人都说军队太黑暗。太贪了。。。可是没法呀。人家军队就是牛啊。只是国际事件的时候都是缩头乌龟就是了。。。只会欺负国人呗。",
"mid":"zFbwYxiKr",
"date":"2013-07-09 14:25:23"
},
{
"kids":[],
"uid":"2934025113",
"parent":"zEyacgyfN",
"text":"",
"mid":"zEZd5qpbj",
"date":"2013-07-08 07:03:26"
},
{
"kids":[],
"uid":"1301912792",
"parent":"zEAFtpbbA",
"text":"",
"mid":"zEVLdvjb9",
"date":"2013-07-07 22:16:31"
},
{
"kids":[],
"uid":"2242989103",
"parent":"",
"text":"……为什么在上海wj的警车都可以逆行闯红灯？",
"mid":"zEQpIvJ1c",
"date":"2013-07-07 08:39:51"
},
{
"kids":[],
"uid":"1402747165",
"parent":"zEyj5msbD",
"text":"照片是假的?",
"mid":"zEMD7vI76",
"date":"2013-07-06 23:01:53"
},
{
"kids":[],
"uid":"2353543353",
"parent":"zEyo81093",
"text":"支持警察[给力]",
"mid":"zELFxynIf",
"date":"2013-07-06 20:35:05"
},
{
"kids":[],
"uid":"3071497062",
"parent":"",
"text":"一看最后@袁裕来律师 @徐昕 就知道是骗子阿丁团伙",
"mid":"zEKa5zhGU",
"date":"2013-07-06 16:44:52"
},
{
"kids":[],
"uid":"2192517810",
"parent":"zEJRktXZK",
"text":"犯法喎,「人民子弟兵」殺人要不要照顧啊？有病",
"mid":"zEK4fz98y",
"date":"2013-07-06 16:30:30"
},
{
"kids":[
"zFcuUmi52"
],
"uid":"1428280397",
"parent":"zEJRktXZK",
"text":"是过时新闻，但是真实！",
"mid":"zEJTYvdel",
"date":"2013-07-06 16:05:08"
},
{
"kids":[
"zFcuUmi52",
"zEK4fz98y",
"zEJTYvdel"
],
"uid":"1428280397",
"parent":"zEyeCuBgu",
"text":"[怒]",
"mid":"zEJRktXZK",
"date":"2013-07-06 15:58:39"
},
{
"kids":[],
"uid":"3043445220",
"parent":"zEz782nzj",
"text":"",
"mid":"zEIHBE0dn",
"date":"2013-07-06 13:01:57"
},
{
"kids":[],
"uid":"2920082270",
"parent":"zEz782nzj",
"text":"",
"mid":"zEIaac5gF",
"date":"2013-07-06 11:39:32"
},
{
"kids":[],
"uid":"1435981264",
"parent":"zEAHV3z4b",
"text":"",
"mid":"zEHS2qCzE",
"date":"2013-07-06 10:54:56"
},
{
"kids":[],
"uid":"lawyercolin",
"parent":"zEATK7bhz",
"text":"",
"mid":"zEHG1sYQf",
"date":"2013-07-06 10:25:18"
},
{
"kids":[],
"uid":"1301912792",
"parent":"zEAFtpbbA",
"text":"",
"mid":"zEGEfeSxu",
"date":"2013-07-06 07:48:09"
},
{
"kids":[],
"uid":"1797244973",
"parent":"zEyOFhHAy",
"text":"一有负面影响又不真实了",
"mid":"zEDXMyPfE",
"date":"2013-07-06 00:58:04"
},
{
"kids":[],
"uid":"2146490023",
"parent":"",
"text":"",
"mid":"zEDmkyYDo",
"date":"2013-07-05 23:25:48"
},
{
"kids":[],
"uid":"fishout",
"parent":"zEAOXaciA",
"text":"哎。。人民子弟兵啊~~~",
"mid":"zEDlnbcH3",
"date":"2013-07-05 23:23:26"
},
{
"kids":[],
"uid":"2477181375",
"parent":"",
"text":"",
"mid":"zED39dULE",
"date":"2013-07-05 22:38:32"
},
{
"kids":[],
"uid":"2519947045",
"parent":"",
"text":"支持",
"mid":"zECUZm0vt",
"date":"2013-07-05 22:18:26"
},
{
"kids":[],
"uid":"2993380774",
"parent":"",
"text":"",
"mid":"zECSuef1R",
"date":"2013-07-05 22:12:16"
},
{
"kids":[],
"uid":"206262565",
"parent":"zEylNeFYd",
"text":"",
"mid":"zECc0vYTp",
"date":"2013-07-05 20:27:37"
},
{
"kids":[],
"uid":"1737785454",
"parent":"",
"text":"求真相",
"mid":"zEC9GzmdZ",
"date":"2013-07-05 20:21:54"
},
{
"kids":[],
"uid":"2938871431",
"parent":"",
"text":"",
"mid":"zEC7kC8Hj",
"date":"2013-07-05 20:16:05"
},
{
"kids":[],
"uid":"3457698512",
"parent":"",
"text":"",
"mid":"zEC50pvMi",
"date":"2013-07-05 20:10:22"
},
{
"kids":[],
"uid":"wl1008612",
"parent":"",
"text":"狗咬狗！",
"mid":"zEC44xAeh",
"date":"2013-07-05 20:08:01"
},
{
"kids":[],
"uid":"1686993372",
"parent":"",
"text":"这不是内讧吗？[偷乐]",
"mid":"zEC3sFE94",
"date":"2013-07-05 20:06:33"
},
{
"kids":[],
"uid":"2374492170",
"parent":"",
"text":"",
"mid":"zEBY8BgZL",
"date":"2013-07-05 19:53:24"
},
{
"kids":[],
"uid":"2632614403",
"parent":"",
"text":"",
"mid":"zEBK1EfzF",
"date":"2013-07-05 19:18:42"
},
{
"kids":[],
"uid":"zhouyu0554",
"parent":"zEA3s02UO",
"text":"两条 [狗]",
"mid":"zEBGijnsY",
"date":"2013-07-05 19:09:29"
},
{
"kids":[],
"uid":"3103680251",
"parent":"zEAHV3z4b",
"text":"",
"mid":"zEBvbvRGL",
"date":"2013-07-05 18:42:06"
},
{
"kids":[],
"uid":"hyhy0718",
"parent":"zEyII0bxw",
"text":"人肉！！！把人民踩在脚下的官员要他何用？？？",
"mid":"zEBrInulH",
"date":"2013-07-05 18:33:35"
},
{
"kids":[],
"uid":"2082527383",
"parent":"",
"text":"",
"mid":"zEBib7fQD",
"date":"2013-07-05 18:10:02"
},
{
"kids":[],
"uid":"1853210575",
"parent":"zEyacgyfN",
"text":"",
"mid":"zEBhd98G0",
"date":"2013-07-05 18:07:39"
},
{
"kids":[],
"uid":"2039850353",
"parent":"zEA3s02UO",
"text":"",
"mid":"zEBepDCEI",
"date":"2013-07-05 18:00:48"
},
{
"kids":[],
"uid":"1844632934",
"parent":"zEygnvYQ8",
"text":"",
"mid":"zEBdXCg8a",
"date":"2013-07-05 17:59:40"
},
{
"kids":[],
"uid":"3253369773",
"parent":"zEA3s02UO",
"text":"",
"mid":"zEBdh2ceN",
"date":"2013-07-05 17:57:59"
},
{
"kids":[],
"uid":"2818774513",
"parent":"zEATK7bhz",
"text":"",
"mid":"zEBahs4Yy",
"date":"2013-07-05 17:50:38"
},
{
"kids":[],
"uid":"1895897960",
"parent":"zEA3s02UO",
"text":"",
"mid":"zEBa3EGPh",
"date":"2013-07-05 17:50:03"
},
{
"kids":[],
"uid":"1897669172",
"parent":"zEyacgyfN",
"text":"敢不敢报道敢不敢报道敢不敢报道 @南京零距离 @扬子晚报",
"mid":"zEB53DBQf",
"date":"2013-07-05 17:37:43"
},
{
"kids":[],
"uid":"2499570474",
"parent":"",
"text":"火阿",
"mid":"zEB1P27d8",
"date":"2013-07-05 17:29:46"
},
{
"kids":[],
"uid":"3238294224",
"parent":"",
"text":"",
"mid":"zEB1serOP",
"date":"2013-07-05 17:28:51"
},
{
"kids":[],
"uid":"2606978075",
"parent":"zEyacgyfN",
"text":"牛逼！",
"mid":"zEB1q9EEB",
"date":"2013-07-05 17:28:47"
},
{
"kids":[],
"uid":"1435692721",
"parent":"zEATK7bhz",
"text":"[围观]",
"mid":"zEAZHb1jE",
"date":"2013-07-05 17:24:30"
},
{
"kids":[],
"uid":"jiejie0618",
"parent":"zEATK7bhz",
"text":"",
"mid":"zEAXRsRQa",
"date":"2013-07-05 17:19:59"
},
{
"kids":[],
"uid":"doudou4006",
"parent":"",
"text":"又是不了了之",
"mid":"zEAVRAbCC",
"date":"2013-07-05 17:15:05"
},
{
"kids":[],
"uid":"2642651313",
"parent":"zEATK7bhz",
"text":"",
"mid":"zEAUL2P2k",
"date":"2013-07-05 17:12:21"
},
{
"kids":[
"zEHG1sYQf",
"zEBahs4Yy",
"zEAZHb1jE",
"zEAXRsRQa",
"zEAUL2P2k"
],
"uid":"2927612341",
"parent":"zEA8Nxwcr",
"text":"这得查查，如属实，当开除军籍，除此害群之马。",
"mid":"zEATK7bhz",
"date":"2013-07-05 17:09:55"
},
{
"kids":[],
"uid":"2033569113",
"parent":"zEA3s02UO",
"text":"",
"mid":"zEATgghyT",
"date":"2013-07-05 17:08:41"
},
{
"kids":[],
"uid":"chpopo",
"parent":"zEycslCjc",
"text":"这种牌照是上代解放军牌照，已经过期。",
"mid":"zEASp89Li",
"date":"2013-07-05 17:06:34"
},
{
"kids":[],
"uid":"ericshao51702",
"parent":"zEA3s02UO",
"text":"",
"mid":"zEAS1q8dS",
"date":"2013-07-05 17:05:38"
},
{
"kids":[],
"uid":"2595230232",
"parent":"zEA8Nxwcr",
"text":"交警好样的!!现在的军车司机都大爷!漠视交规，什么时候人民群众都该给你让道么，去年在重庆万科大酒店门口要不闪得快，姐差点被军车撞了。",
"mid":"zEAQm346M",
"date":"2013-07-05 17:01:30"
},
{
"kids":[
"zEDlnbcH3"
],
"uid":"2823973543",
"parent":"zEAKNsahp",
"text":"又要火",
"mid":"zEAOXaciA",
"date":"2013-07-05 16:58:04"
},
{
"kids":[],
"uid":"geziustc",
"parent":"zEzh3gsLw",
"text":"这是什么时候的事了？军车牌照都换新的了好不好",
"mid":"zEAMWt3li",
"date":"2013-07-05 16:53:06"
},
{
"kids":[],
"uid":"3018475455",
"parent":"",
"text":"谁让你这么牛X[思考]",
"mid":"zEAMpCSHp",
"date":"2013-07-05 16:51:49"
},
{
"kids":[
"zEDlnbcH3",
"zEAOXaciA"
],
"uid":"2309413503",
"parent":"zEA3s02UO",
"text":"",
"mid":"zEAKNsahp",
"date":"2013-07-05 16:47:50"
},
{
"kids":[],
"uid":"1865448492",
"parent":"",
"text":"",
"mid":"zEAKq95bU",
"date":"2013-07-05 16:46:53"
},
{
"kids":[],
"uid":"wuhaobeibaoke",
"parent":"zEA3s02UO",
"text":"",
"mid":"zEAJJ1izK",
"date":"2013-07-05 16:45:11"
},
{
"kids":[],
"uid":"2600937402",
"parent":"zEA3s02UO",
"text":"",
"mid":"zEAJn94Uy",
"date":"2013-07-05 16:44:20"
},
{
"kids":[],
"uid":"2673738441",
"parent":"zEA3s02UO",
"text":"",
"mid":"zEAJi6OR0",
"date":"2013-07-05 16:44:05"
},
{
"kids":[],
"uid":"1749023927",
"parent":"zEA3s02UO",
"text":"",
"mid":"zEAIOxwd2",
"date":"2013-07-05 16:42:55"
},
{
"kids":[
"zEHS2qCzE",
"zEBvbvRGL"
],
"uid":"2892241867",
"parent":"zEAi3myf6",
"text":"",
"mid":"zEAHV3z4b",
"date":"2013-07-05 16:40:41"
},
{
"kids":[],
"uid":"2241821771",
"parent":"",
"text":"档的好儿女啊！",
"mid":"zEAGltWka",
"date":"2013-07-05 16:36:53"
},
{
"kids":[],
"uid":"yangguangcaomin",
"parent":"",
"text":"",
"mid":"zEAGif0vD",
"date":"2013-07-05 16:36:44"
},
{
"kids":[],
"uid":"2609567111",
"parent":"zEySiac4o",
"text":"丢人现眼的败类，年底安排退伍",
"mid":"zEAGf1w55",
"date":"2013-07-05 16:36:36"
},
{
"kids":[
"zEVLdvjb9",
"zEGEfeSxu"
],
"uid":"zhangranabd",
"parent":"zEA3s02UO",
"text":"",
"mid":"zEAFtpbbA",
"date":"2013-07-05 16:34:43"
},
{
"kids":[],
"uid":"2651206960",
"parent":"zEA3s02UO",
"text":"",
"mid":"zEADw1BNA",
"date":"2013-07-05 16:29:53"
},
{
"kids":[],
"uid":"wowoyuan",
"parent":"",
"text":"",
"mid":"zEACrdFlM",
"date":"2013-07-05 16:27:14"
},
{
"kids":[],
"uid":"1568753094",
"parent":"",
"text":"是谁～纵容了他们？",
"mid":"zEACbeakI",
"date":"2013-07-05 16:26:35"
},
{
"kids":[],
"uid":"2044983355",
"parent":"",
"text":"",
"mid":"zEABPn6zU",
"date":"2013-07-05 16:25:43"
},
{
"kids":[],
"uid":"2709602085",
"parent":"zEA3s02UO",
"text":"",
"mid":"zEAzj2chv",
"date":"2013-07-05 16:19:29"
},
{
"kids":[],
"uid":"3198153942",
"parent":"",
"text":"此人要火，大家帮他火！[怒]",
"mid":"zEAyTDXEX",
"date":"2013-07-05 16:18:29"
},
{
"kids":[],
"uid":"1561333245",
"parent":"",
"text":"额",
"mid":"zEAxD3iiZ",
"date":"2013-07-05 16:15:23"
},
{
"kids":[],
"uid":"1786947393",
"parent":"zEA3s02UO",
"text":"",
"mid":"zEAvW9MLx",
"date":"2013-07-05 16:11:11"
},
{
"kids":[],
"uid":"1421524205",
"parent":"zEySiac4o",
"text":"",
"mid":"zEAvz5JMB",
"date":"2013-07-05 16:10:18"
},
{
"kids":[],
"uid":"2855008012",
"parent":"zEA3s02UO",
"text":"",
"mid":"zEAsDm83v",
"date":"2013-07-05 16:03:05"
},
{
"kids":[],
"uid":"2203107002",
"parent":"zEySiac4o",
"text":"",
"mid":"zEArTeV4G",
"date":"2013-07-05 16:01:14"
},
{
"kids":[],
"uid":"27238090",
"parent":"zEA0UbwYQ",
"text":"为嘛军车车牌还是老的[震惊]",
"mid":"zEArx9jcI",
"date":"2013-07-05 16:00:19"
},
{
"kids":[],
"uid":"2247734991",
"parent":"zEA3s02UO",
"text":"太常见了",
"mid":"zEAr8hYsA",
"date":"2013-07-05 15:59:23"
},
{
"kids":[],
"uid":"2003232511",
"parent":"zEA3s02UO",
"text":"这车牌取的：难K？二你一二吧。支持交警！",
"mid":"zEAqCo7JP",
"date":"2013-07-05 15:58:05"
},
{
"kids":[],
"uid":"1427256914",
"parent":"zEA3s02UO",
"text":"",
"mid":"zEApqdv08",
"date":"2013-07-05 15:55:10"
},
{
"kids":[],
"uid":"1826661483",
"parent":"zEybfz4W4",
"text":"",
"mid":"zEAoIshgs",
"date":"2013-07-05 15:53:26"
},
{
"kids":[],
"uid":"sunlihe",
"parent":"zEA3s02UO",
"text":"别在国人面前装，真有本事就去钓鱼岛！",
"mid":"zEAnrjNaO",
"date":"2013-07-05 15:50:16"
},
{
"kids":[],
"uid":"2202317471",
"parent":"zEA3s02UO",
"text":"",
"mid":"zEAmMwHqS",
"date":"2013-07-05 15:48:40"
},
{
"kids":[],
"uid":"1061698605",
"parent":"zEA3s02UO",
"text":"",
"mid":"zEAmLlQXV",
"date":"2013-07-05 15:48:35"
},
{
"kids":[],
"uid":"2134711000",
"parent":"zEzdfrNrs",
"text":"都是正式工！[可怜]",
"mid":"zEAmI3G8M",
"date":"2013-07-05 15:48:27"
},
{
"kids":[],
"uid":"3042753014",
"parent":"zEA3s02UO",
"text":"",
"mid":"zEAmhuhzr",
"date":"2013-07-05 15:47:24"
},
{
"kids":[],
"uid":"1237295183",
"parent":"zEA3s02UO",
"text":"",
"mid":"zEAlKlTju",
"date":"2013-07-05 15:46:07"
},
{
"kids":[],
"uid":"journeyandu",
"parent":"zEyacgyfN",
"text":"",
"mid":"zEAlJsEek",
"date":"2013-07-05 15:46:03"
},
{
"kids":[],
"uid":"2825079940",
"parent":"zEA3s02UO",
"text":"这次的确不是套牌军车。交警也不是临时工？",
"mid":"zEAkQeadf",
"date":"2013-07-05 15:43:52"
},
{
"kids":[],
"uid":"2348897214",
"parent":"",
"text":"",
"mid":"zEAkny8eJ",
"date":"2013-07-05 15:42:43"
},
{
"kids":[],
"uid":"2849053643",
"parent":"zEA3s02UO",
"text":"",
"mid":"zEAkigbRb",
"date":"2013-07-05 15:42:32"
},
{
"kids":[],
"uid":"wellmeirong",
"parent":"",
"text":"",
"mid":"zEAiqpytq",
"date":"2013-07-05 15:37:55"
},
{
"kids":[
"zEHS2qCzE",
"zEBvbvRGL",
"zEAHV3z4b"
],
"uid":"3240000872",
"parent":"zEA3s02UO",
"text":"",
"mid":"zEAi3myf6",
"date":"2013-07-05 15:37:01"
},
{
"kids":[],
"uid":"2533679775",
"parent":"zEA3s02UO",
"text":"",
"mid":"zEAgZ9SdD",
"date":"2013-07-05 15:34:22"
},
{
"kids":[],
"uid":"2569332827",
"parent":"zEyacgyfN",
"text":"",
"mid":"zEAgEtFxF",
"date":"2013-07-05 15:33:34"
},
{
"kids":[],
"uid":"1373007731",
"parent":"",
"text":"[偷笑]临时工",
"mid":"zEAgEfgZ7",
"date":"2013-07-05 15:33:33"
},
{
"kids":[],
"uid":"2421306947",
"parent":"",
"text":"",
"mid":"zEAgdjUQH",
"date":"2013-07-05 15:32:30"
},
{
"kids":[],
"uid":"2750616561",
"parent":"zEA3s02UO",
"text":"",
"mid":"zEAg8iu9j",
"date":"2013-07-05 15:32:15"
},
{
"kids":[],
"uid":"1880083067",
"parent":"zEA3s02UO",
"text":"狗咬狗",
"mid":"zEAfQy6oA",
"date":"2013-07-05 15:31:35"
},
{
"kids":[],
"uid":"3200377200",
"parent":"",
"text":"",
"mid":"zEAfCEGSa",
"date":"2013-07-05 15:31:02"
},
{
"kids":[],
"uid":"3025818207",
"parent":"zEA3s02UO",
"text":"看谁牛逼到最后，围观。",
"mid":"zEAf9qLQe",
"date":"2013-07-05 15:29:51"
},
{
"kids":[],
"uid":"2128622291",
"parent":"zEA3s02UO",
"text":"南K 20128！",
"mid":"zEAeivwrp",
"date":"2013-07-05 15:27:47"
},
{
"kids":[],
"uid":"2600481180",
"parent":"zEA3s02UO",
"text":"自家人也干上了？[汗]",
"mid":"zEAeivwpk",
"date":"2013-07-05 15:27:46"
},
{
"kids":[],
"uid":"ifengdm",
"parent":"zEA3s02UO",
"text":"",
"mid":"zEAdRjnB5",
"date":"2013-07-05 15:26:39"
},
{
"kids":[],
"uid":"343697898",
"parent":"zEAc8mLlK",
"text":"",
"mid":"zEAdDs39p",
"date":"2013-07-05 15:26:07"
},
{
"kids":[],
"uid":"shmily890214",
"parent":"zEA3s02UO",
"text":"",
"mid":"zEAdwnD2V",
"date":"2013-07-05 15:25:50"
},
{
"kids":[],
"uid":"3231730154",
"parent":"zEA5Bhk9m",
"text":"军队可不惯着警察，急了上去就打，现在很多警察真该有人打他们一顿。给百姓解解气。",
"mid":"zEAdsfry5",
"date":"2013-07-05 15:25:41"
},
{
"kids":[],
"uid":"1801509301",
"parent":"zEA3s02UO",
"text":"有什么用，部队不归地方管",
"mid":"zEAdb53uV",
"date":"2013-07-05 15:25:01"
},
{
"kids":[],
"uid":"1823486540",
"parent":"zEA3s02UO",
"text":"",
"mid":"zEAd9jw6T",
"date":"2013-07-05 15:24:55"
},
{
"kids":[],
"uid":"3146500050",
"parent":"",
"text":"南京交警牛！",
"mid":"zEAcZgG8J",
"date":"2013-07-05 15:24:32"
},
{
"kids":[],
"uid":"2721774845",
"parent":"zEA3s02UO",
"text":"",
"mid":"zEAcPvrlX",
"date":"2013-07-05 15:24:07"
},
{
"kids":[],
"uid":"3146500050",
"parent":"",
"text":"南京交警牛了！",
"mid":"zEAcs9THC",
"date":"2013-07-05 15:23:11"
},
{
"kids":[
"zEAdDs39p"
],
"uid":"279500446",
"parent":"zEAaDhukw",
"text":"这等军车司机只能说跟藏獒一样。@央视新闻 @新京报",
"mid":"zEAc8mLlK",
"date":"2013-07-05 15:22:23"
},
{
"kids":[],
"uid":"3171166654",
"parent":"zEA3s02UO",
"text":"也别这样说，能向军车下手还有正义感。一线的老警察有二个原因，一个站错队，二即良知未泯。",
"mid":"zEAbZfMEL",
"date":"2013-07-05 15:22:02"
},
{
"kids":[],
"uid":"3119485677",
"parent":"",
"text":"总不会又是临时工吧？",
"mid":"zEAbRv5Tv",
"date":"2013-07-05 15:21:44"
},
{
"kids":[],
"uid":"2767461694",
"parent":"",
"text":"",
"mid":"zEAbN5jKK",
"date":"2013-07-05 15:21:33"
},
{
"kids":[],
"uid":"1862748272",
"parent":"zEA3s02UO",
"text":"",
"mid":"zEAbDDrj3",
"date":"2013-07-05 15:21:13"
},
{
"kids":[],
"uid":"1277977330",
"parent":"zEA3s02UO",
"text":"[挖鼻屎]",
"mid":"zEAbv5sX1",
"date":"2013-07-05 15:20:51"
},
{
"kids":[],
"uid":"2311475105",
"parent":"zEA3s02UO",
"text":"",
"mid":"zEAbryeeQ",
"date":"2013-07-05 15:20:43"
},
{
"kids":[],
"uid":"2322900155",
"parent":"zEyXW7Sp7",
"text":"回复@爱善-sam:哦，这样啊？",
"mid":"zEAb30dGQ",
"date":"2013-07-05 15:19:45"
},
{
"kids":[
"zEAdDs39p",
"zEAc8mLlK"
],
"uid":"1056851567",
"parent":"zEA8Nxwcr",
"text":"",
"mid":"zEAaDhukw",
"date":"2013-07-05 15:18:42"
},
{
"kids":[],
"uid":"2806973750",
"parent":"",
"text":"",
"mid":"zEAa3fpMf",
"date":"2013-07-05 15:17:18"
},
{
"kids":[],
"uid":"3001505415",
"parent":"zEA8Nxwcr",
"text":"@于建嵘 @凡人肖申克 @袁裕来律师",
"mid":"zEAa1twiP",
"date":"2013-07-05 15:17:12"
},
{
"kids":[],
"uid":"2969136341",
"parent":"",
"text":"好戏、好戏……",
"mid":"zEA9YdZJL",
"date":"2013-07-05 15:17:06"
},
{
"kids":[],
"uid":"1222117315",
"parent":"zEA3s02UO",
"text":"",
"mid":"zEA9U6oFA",
"date":"2013-07-05 15:16:54"
},
{
"kids":[],
"uid":"1824629651",
"parent":"zEA3s02UO",
"text":"支持交警",
"mid":"zEA9LdPkm",
"date":"2013-07-05 15:16:36"
},
{
"kids":[],
"uid":"2448059041",
"parent":"",
"text":"这可遇上了，看看谁厉害？[哈哈][哈哈]",
"mid":"zEA98vnOq",
"date":"2013-07-05 15:15:03"
},
{
"kids":[
"zEHG1sYQf",
"zEBahs4Yy",
"zEAZHb1jE",
"zEAXRsRQa",
"zEAUL2P2k",
"zEATK7bhz",
"zEAQm346M",
"zEAdDs39p",
"zEAc8mLlK",
"zEAaDhukw",
"zEAa1twiP"
],
"uid":"2316306394",
"parent":"zEA3s02UO",
"text":"特权意识太厉害了",
"mid":"zEA8Nxwcr",
"date":"2013-07-05 15:14:13"
},
{
"kids":[],
"uid":"3475680322",
"parent":"zEA3s02UO",
"text":"真的牛",
"mid":"zEA8j7kFx",
"date":"2013-07-05 15:12:58"
},
{
"kids":[],
"uid":"2691661425",
"parent":"zEA3s02UO",
"text":"",
"mid":"zEA8cB0Pv",
"date":"2013-07-05 15:12:43"
},
{
"kids":[],
"uid":"277558968",
"parent":"zEA3s02UO",
"text":"有特权，无法度，社会混乱！",
"mid":"zEA7AdOuV",
"date":"2013-07-05 15:11:13"
},
{
"kids":[],
"uid":"citizensdry",
"parent":"zEA3s02UO",
"text":"转，让军车火起来",
"mid":"zEA6TkRVM",
"date":"2013-07-05 15:09:30"
},
{
"kids":[],
"uid":"2715799763",
"parent":"zEA3s02UO",
"text":"习总南京军区的事，司机都很牛。",
"mid":"zEA6wfMjJ",
"date":"2013-07-05 15:08:37"
},
{
"kids":[],
"uid":"cobest",
"parent":"",
"text":"转啊！让它牛b！",
"mid":"zEA69wi8W",
"date":"2013-07-05 15:07:42"
},
{
"kids":[],
"uid":"2676612913",
"parent":"zEA3s02UO",
"text":"",
"mid":"zEA63k1Er",
"date":"2013-07-05 15:07:26"
},
{
"kids":[],
"uid":"2698006337",
"parent":"zEA3s02UO",
"text":"",
"mid":"zEA628mtA",
"date":"2013-07-05 15:07:24"
},
{
"kids":[],
"uid":"1848368991",
"parent":"zEA5Bhk9m",
"text":"",
"mid":"zEA5FFmFA",
"date":"2013-07-05 15:06:31"
},
{
"kids":[
"zEAdsfry5",
"zEA5FFmFA"
],
"uid":"3515294137",
"parent":"zEA3s02UO",
"text":"",
"mid":"zEA5Bhk9m",
"date":"2013-07-05 15:06:20"
},
{
"kids":[],
"uid":"1617993911",
"parent":"zEA3s02UO",
"text":"",
"mid":"zEA5n3Lnc",
"date":"2013-07-05 15:05:46"
},
{
"kids":[],
"uid":"2340560867",
"parent":"zEA3s02UO",
"text":"畜牲，先军政治，培养了一批窝里横的猪。",
"mid":"zEA5l0tZ9",
"date":"2013-07-05 15:05:41"
},
{
"kids":[],
"uid":"1890886473",
"parent":"",
"text":"[围观][围观][围观]",
"mid":"zEA51tcFT",
"date":"2013-07-05 15:04:55"
},
{
"kids":[],
"uid":"2623107194",
"parent":"zEA3s02UO",
"text":"",
"mid":"zEA4P6qev",
"date":"2013-07-05 15:04:26"
},
{
"kids":[],
"uid":"1020623047",
"parent":"zEA3s02UO",
"text":"",
"mid":"zEA4GeoXI",
"date":"2013-07-05 15:04:03"
},
{
"kids":[],
"uid":"3213788614",
"parent":"",
"text":"",
"mid":"zEA4FjrnJ",
"date":"2013-07-05 15:04:00"
},
{
"kids":[],
"uid":"2965167811",
"parent":"zEA3s02UO",
"text":"",
"mid":"zEA45h3Ud",
"date":"2013-07-05 15:02:35"
},
{
"kids":[],
"uid":"2828391844",
"parent":"zEA3s02UO",
"text":"",
"mid":"zEA3Ye9o0",
"date":"2013-07-05 15:02:19"
},
{
"kids":[
"zEVLdvjb9",
"zEHS2qCzE",
"zEHG1sYQf",
"zEGEfeSxu",
"zEDlnbcH3",
"zEBGijnsY",
"zEBvbvRGL",
"zEBepDCEI",
"zEBdh2ceN",
"zEBahs4Yy",
"zEBa3EGPh",
"zEAZHb1jE",
"zEAXRsRQa",
"zEAUL2P2k",
"zEATK7bhz",
"zEATgghyT",
"zEAS1q8dS",
"zEAQm346M",
"zEAOXaciA",
"zEAKNsahp",
"zEAJJ1izK",
"zEAJn94Uy",
"zEAJi6OR0",
"zEAIOxwd2",
"zEAHV3z4b",
"zEAFtpbbA",
"zEADw1BNA",
"zEAzj2chv",
"zEAvW9MLx",
"zEAsDm83v",
"zEAr8hYsA",
"zEAqCo7JP",
"zEApqdv08",
"zEAnrjNaO",
"zEAmMwHqS",
"zEAmLlQXV",
"zEAmhuhzr",
"zEAlKlTju",
"zEAkQeadf",
"zEAkigbRb",
"zEAi3myf6",
"zEAgZ9SdD",
"zEAg8iu9j",
"zEAfQy6oA",
"zEAf9qLQe",
"zEAeivwrp",
"zEAeivwpk",
"zEAdRjnB5",
"zEAdDs39p",
"zEAdwnD2V",
"zEAdsfry5",
"zEAdb53uV",
"zEAd9jw6T",
"zEAcPvrlX",
"zEAc8mLlK",
"zEAbZfMEL",
"zEAbDDrj3",
"zEAbv5sX1",
"zEAbryeeQ",
"zEAaDhukw",
"zEAa1twiP",
"zEA9U6oFA",
"zEA9LdPkm",
"zEA8Nxwcr",
"zEA8j7kFx",
"zEA8cB0Pv",
"zEA7AdOuV",
"zEA6TkRVM",
"zEA6wfMjJ",
"zEA63k1Er",
"zEA628mtA",
"zEA5FFmFA",
"zEA5Bhk9m",
"zEA5n3Lnc",
"zEA5l0tZ9",
"zEA4P6qev",
"zEA4GeoXI",
"zEA45h3Ud",
"zEA3Ye9o0"
],
"uid":"wenjun6668",
"parent":"",
"text":"军车司机很牛比。",
"mid":"zEA3s02UO",
"date":"2013-07-05 15:01:02"
},
{
"kids":[
"zEArx9jcI"
],
"uid":"1738011541",
"parent":"zEymNAWMw",
"text":"",
"mid":"zEA0UbwYQ",
"date":"2013-07-05 14:54:47"
},
{
"kids":[],
"uid":"2434460451",
"parent":"",
"text":"",
"mid":"zEA0litRC",
"date":"2013-07-05 14:53:24"
},
{
"kids":[],
"uid":"2191561790",
"parent":"zEyBEiSEC",
"text":"顶起，这交警帅气！",
"mid":"zEzZOgtkY",
"date":"2013-07-05 14:52:04"
},
{
"kids":[],
"uid":"2314414112",
"parent":"",
"text":"",
"mid":"zEzZov198",
"date":"2013-07-05 14:51:03"
},
{
"kids":[],
"uid":"1427831674",
"parent":"zEyGOlLYO",
"text":"转起",
"mid":"zEzYFzRES",
"date":"2013-07-05 14:49:16"
},
{
"kids":[],
"uid":"1758340505",
"parent":"zEyacgyfN",
"text":"",
"mid":"zEzXDsi7C",
"date":"2013-07-05 14:46:43"
},
{
"kids":[],
"uid":"2617892483",
"parent":"",
"text":"",
"mid":"zEzWj1wsf",
"date":"2013-07-05 14:43:26"
},
{
"kids":[],
"uid":"1523341375",
"parent":"zEyacgyfN",
"text":"支持这样的交警，希望多点这样牛叉交警",
"mid":"zEzWbm7ln",
"date":"2013-07-05 14:43:07"
},
{
"kids":[],
"uid":"www3121118",
"parent":"",
"text":"",
"mid":"zEzVptC6Z",
"date":"2013-07-05 14:41:12"
},
{
"kids":[],
"uid":"jxf97982",
"parent":"",
"text":"",
"mid":"zEzVd55qh",
"date":"2013-07-05 14:40:44"
},
{
"kids":[],
"uid":"2216864653",
"parent":"",
"text":"都是保卫人民的。。。",
"mid":"zEzRWmv0y",
"date":"2013-07-05 14:32:41"
},
{
"kids":[],
"uid":"1197262831",
"parent":"",
"text":"老车牌",
"mid":"zEzQI94Rw",
"date":"2013-07-05 14:29:38"
},
{
"kids":[],
"uid":"1197262831",
"parent":"",
"text":"肯定要被处理了。",
"mid":"zEzQegxjB",
"date":"2013-07-05 14:28:28"
},
{
"kids":[],
"uid":"2151278044",
"parent":"",
"text":"",
"mid":"zEzNv07ZW",
"date":"2013-07-05 14:21:43"
},
{
"kids":[],
"uid":"84028306",
"parent":"",
"text":"好多年前的事了。",
"mid":"zEzMrlp4F",
"date":"2013-07-05 14:19:08"
},
{
"kids":[],
"uid":"3318041914",
"parent":"",
"text":"",
"mid":"zEzM6o2gi",
"date":"2013-07-05 14:18:17"
},
{
"kids":[],
"uid":"2288713543",
"parent":"zEyVFoeXF",
"text":"",
"mid":"zEzLj4xOe",
"date":"2013-07-05 14:16:20"
},
{
"kids":[],
"uid":"2001218407",
"parent":"zEyESlWcl",
"text":"",
"mid":"zEzKO1jhd",
"date":"2013-07-05 14:15:06"
},
{
"kids":[],
"uid":"3071174671",
"parent":"",
"text":"人肉出来他！",
"mid":"zEzJ8CavD",
"date":"2013-07-05 14:11:00"
},
{
"kids":[],
"uid":"2091086603",
"parent":"",
"text":"",
"mid":"zEzHRrdjG",
"date":"2013-07-05 14:07:51"
},
{
"kids":[],
"uid":"2167913961",
"parent":"",
"text":"",
"mid":"zEzHc472c",
"date":"2013-07-05 14:06:10"
},
{
"kids":[],
"uid":"1992810915",
"parent":"zEyPPo6fO",
"text":"没反应啊？",
"mid":"zEzGHEm5G",
"date":"2013-07-05 14:04:58"
},
{
"kids":[],
"uid":"1941651065",
"parent":"",
"text":"枪杆子里面出政权，看谁枪狠狠地",
"mid":"zEzDd3dpU",
"date":"2013-07-05 13:56:22"
},
{
"kids":[],
"uid":"2193465130",
"parent":"",
"text":"扩散！",
"mid":"zEzAOn2yp",
"date":"2013-07-05 13:50:29"
},
{
"kids":[],
"uid":"1411208662",
"parent":"",
"text":"",
"mid":"zEzzZegXf",
"date":"2013-07-05 13:48:25"
},
{
"kids":[],
"uid":"ppfiction",
"parent":"zEyrXz5yu",
"text":"",
"mid":"zEzs5AGlS",
"date":"2013-07-05 13:29:00"
},
{
"kids":[],
"uid":"1925446045",
"parent":"",
"text":"",
"mid":"zEzpECaiq",
"date":"2013-07-05 13:22:59"
},
{
"kids":[],
"uid":"1951724773",
"parent":"zEyacgyfN",
"text":"",
"mid":"zEzopcK4A",
"date":"2013-07-05 13:19:55"
},
{
"kids":[],
"uid":"1914601382",
"parent":"",
"text":"",
"mid":"zEzmskEmm",
"date":"2013-07-05 13:15:07"
},
{
"kids":[],
"uid":"2650700820",
"parent":"",
"text":"求扩散，求围观[围观][围观]！",
"mid":"zEzhtzTZM",
"date":"2013-07-05 13:02:49"
},
{
"kids":[
"zEAMWt3li"
],
"uid":"dragonpho",
"parent":"",
"text":"",
"mid":"zEzh3gsLw",
"date":"2013-07-05 13:01:48"
},
{
"kids":[],
"uid":"1968795811",
"parent":"",
"text":"转发微博。",
"mid":"zEzg7noXW",
"date":"2013-07-05 12:59:30"
},
{
"kids":[],
"uid":"2312422805",
"parent":"zEyot2hlC",
"text":"@人民日报 @头条新闻 @央视新闻希望你们可以关注一下，看看是不是真的？",
"mid":"zEzg2iM8n",
"date":"2013-07-05 12:59:18"
},
{
"kids":[],
"uid":"miaochao0617",
"parent":"",
"text":"",
"mid":"zEzf0uF87",
"date":"2013-07-05 12:56:44"
},
{
"kids":[],
"uid":"2703056044",
"parent":"zEyacgyfN",
"text":"",
"mid":"zEze1ERjs",
"date":"2013-07-05 12:54:21"
},
{
"kids":[
"zEAmI3G8M"
],
"uid":"xuzhencheng888",
"parent":"zEyrXz5yu",
"text":"[围观][围观][围观][围观][围观][围观]",
"mid":"zEzdfrNrs",
"date":"2013-07-05 12:52:25"
},
{
"kids":[],
"uid":"2152410737",
"parent":"zEyo2ngk2",
"text":"",
"mid":"zEzcImV56",
"date":"2013-07-05 12:51:07"
},
{
"kids":[],
"uid":"foreverdove",
"parent":"zEyacgyfN",
"text":"还挂老军车牌照？",
"mid":"zEzcqD0TA",
"date":"2013-07-05 12:50:24"
},
{
"kids":[],
"uid":"1818539220",
"parent":"zEyfQbVkj",
"text":"",
"mid":"zEzcli7B2",
"date":"2013-07-05 12:50:10"
},
{
"kids":[],
"uid":"1559475415",
"parent":"",
"text":"[good]",
"mid":"zEzbYAhQo",
"date":"2013-07-05 12:49:18"
},
{
"kids":[],
"uid":"1808059720",
"parent":"zEySiac4o",
"text":"",
"mid":"zEzbA35uv",
"date":"2013-07-05 12:48:19"
},
{
"kids":[],
"uid":"1985040621",
"parent":"",
"text":"[哈哈]",
"mid":"zEzbi0K7s",
"date":"2013-07-05 12:47:36"
},
{
"kids":[],
"uid":"2854922994",
"parent":"",
"text":"",
"mid":"zEzb3eOGV",
"date":"2013-07-05 12:46:59"
},
{
"kids":[],
"uid":"1893117302",
"parent":"zEz9J7cS8",
"text":"狗仗人势.....说的就是这种人！.",
"mid":"zEzaTweHl",
"date":"2013-07-05 12:46:36"
},
{
"kids":[],
"uid":"1692680261",
"parent":"",
"text":"独裁者的军队是最大的祸害！",
"mid":"zEzaqehrv",
"date":"2013-07-05 12:45:28"
},
{
"kids":[],
"uid":"2819704113",
"parent":"",
"text":"",
"mid":"zEzacnpwj",
"date":"2013-07-05 12:44:55"
},
{
"kids":[
"zEzaTweHl"
],
"uid":"3125766787",
"parent":"zEz888T8R",
"text":"",
"mid":"zEz9J7cS8",
"date":"2013-07-05 12:43:43"
},
{
"kids":[],
"uid":"2745786707",
"parent":"",
"text":"很明显，军车驾驶员是个临时工，代驾什么的。",
"mid":"zEz9oF7lI",
"date":"2013-07-05 12:42:56"
},
{
"kids":[],
"uid":"7252n",
"parent":"",
"text":"",
"mid":"zEz9g8XB2",
"date":"2013-07-05 12:42:36"
},
{
"kids":[],
"uid":"1083015373",
"parent":"",
"text":"",
"mid":"zEz95uVDy",
"date":"2013-07-05 12:42:10"
},
{
"kids":[],
"uid":"3550634860",
"parent":"",
"text":"哎，军队本来就不是用来保卫国家人民的在某些国家",
"mid":"zEz8UwA6V",
"date":"2013-07-05 12:41:45"
},
{
"kids":[],
"uid":"2255759364",
"parent":"",
"text":"那一带靠军区，军车特多",
"mid":"zEz8Om6nM",
"date":"2013-07-05 12:41:30"
},
{
"kids":[],
"uid":"3221699744",
"parent":"",
"text":"",
"mid":"zEz8elaNp",
"date":"2013-07-05 12:40:03"
},
{
"kids":[
"zEzaTweHl",
"zEz9J7cS8"
],
"uid":"2802316427",
"parent":"zEyOABKp5",
"text":"做交警的就得这样！[good][good][good]",
"mid":"zEz888T8R",
"date":"2013-07-05 12:39:47"
},
{
"kids":[],
"uid":"2659580511",
"parent":"",
"text":"",
"mid":"zEz7F8UFp",
"date":"2013-07-05 12:38:40"
},
{
"kids":[
"zFBBieFJh",
"zFukoDoek",
"zFtN358lR",
"zEIHBE0dn",
"zEIaac5gF"
],
"uid":"3168345373",
"parent":"",
"text":"",
"mid":"zEz782nzj",
"date":"2013-07-05 12:37:20"
},
{
"kids":[],
"uid":"wu0201",
"parent":"",
"text":"必须转",
"mid":"zEz6X6VPK",
"date":"2013-07-05 12:36:55"
},
{
"kids":[],
"uid":"2001791121",
"parent":"",
"text":"回复@家锋进爵:[good]",
"mid":"zEz6LAixE",
"date":"2013-07-05 12:36:28"
},
{
"kids":[],
"uid":"2001791121",
"parent":"",
"text":"回复@曼宝的妈:真替交警擔心！交警好樣的！",
"mid":"zEz6qBm8I",
"date":"2013-07-05 12:35:37"
},
{
"kids":[],
"uid":"2610025757",
"parent":"zEyacgyfN",
"text":"",
"mid":"zEz6l0Jgz",
"date":"2013-07-05 12:35:24"
},
{
"kids":[],
"uid":"2208787627",
"parent":"",
"text":"",
"mid":"zEz6bx53O",
"date":"2013-07-05 12:35:02"
},
{
"kids":[],
"uid":"1898827555",
"parent":"",
"text":"",
"mid":"zEz6aDPZP",
"date":"2013-07-05 12:35:00"
},
{
"kids":[],
"uid":"2950742554",
"parent":"",
"text":"",
"mid":"zEz5yeVwn",
"date":"2013-07-05 12:33:28"
},
{
"kids":[],
"uid":"1408875264",
"parent":"",
"text":"",
"mid":"zEz4NygK3",
"date":"2013-07-05 12:31:36"
},
{
"kids":[],
"uid":"1878352547",
"parent":"",
"text":"人肉",
"mid":"zEz4K0Frj",
"date":"2013-07-05 12:31:28"
},
{
"kids":[],
"uid":"1850170965",
"parent":"",
"text":"扩散[哼]",
"mid":"zEz4CE6nt",
"date":"2013-07-05 12:31:10"
},
{
"kids":[],
"uid":"1883956473",
"parent":"",
"text":"",
"mid":"zEz4emDTT",
"date":"2013-07-05 12:30:13"
},
{
"kids":[],
"uid":"2450521834",
"parent":"zEyacgyfN",
"text":"",
"mid":"zEz2VpkxG",
"date":"2013-07-05 12:27:00"
},
{
"kids":[],
"uid":"2672529175",
"parent":"",
"text":"",
"mid":"zEz2nqKU9",
"date":"2013-07-05 12:25:39"
},
{
"kids":[],
"uid":"1181464981",
"parent":"zEyrXz5yu",
"text":"",
"mid":"zEz2hxZIT",
"date":"2013-07-05 12:25:24"
},
{
"kids":[],
"uid":"3423932192",
"parent":"",
"text":"",
"mid":"zEz1Y3Ul5",
"date":"2013-07-05 12:24:37"
},
{
"kids":[],
"uid":"1752036842",
"parent":"",
"text":"唉...",
"mid":"zEz1Ut3w3",
"date":"2013-07-05 12:24:30"
},
{
"kids":[],
"uid":"2649628562",
"parent":"",
"text":"中央军委应请这司机讲一下“为啥这么牛”。说得好，当钓鱼岛守卫长官。说不好，也让他当钓鱼岛长官。",
"mid":"zEz11cSGQ",
"date":"2013-07-05 12:22:20"
},
{
"kids":[],
"uid":"1120639250",
"parent":"zEyOdem50",
"text":"",
"mid":"zEz0bcaAz",
"date":"2013-07-05 12:20:17"
},
{
"kids":[],
"uid":"2853866742",
"parent":"",
"text":"",
"mid":"zEyZUmw3x",
"date":"2013-07-05 12:19:33"
},
{
"kids":[],
"uid":"1714577931",
"parent":"",
"text":"",
"mid":"zEyZxDcrU",
"date":"2013-07-05 12:18:39"
},
{
"kids":[],
"uid":"3163221375",
"parent":"",
"text":"",
"mid":"zEyZvxtB0",
"date":"2013-07-05 12:18:35"
},
{
"kids":[],
"uid":"3294968050",
"parent":"",
"text":"这么厉害，去黄岩岛站岗。",
"mid":"zEyYHAohU",
"date":"2013-07-05 12:16:36"
},
{
"kids":[],
"uid":"1300053371",
"parent":"",
"text":"",
"mid":"zEyYzlzZF",
"date":"2013-07-05 12:16:16"
},
{
"kids":[],
"uid":"lilith916",
"parent":"",
"text":"",
"mid":"zEyYnuHIy",
"date":"2013-07-05 12:15:47"
},
{
"kids":[],
"uid":"1719255977",
"parent":"",
"text":"",
"mid":"zEyY5d2v7",
"date":"2013-07-05 12:15:04"
},
{
"kids":[
"zEAb30dGQ"
],
"uid":"2322900155",
"parent":"zEyBEiSEC",
"text":"",
"mid":"zEyXW7Sp7",
"date":"2013-07-05 12:14:40"
},
{
"kids":[],
"uid":"2754818013",
"parent":"",
"text":"求结果",
"mid":"zEyXPfwHV",
"date":"2013-07-05 12:14:25"
},
{
"kids":[],
"uid":"1419511305",
"parent":"",
"text":"扩散",
"mid":"zEyXE1PN8",
"date":"2013-07-05 12:13:59"
},
{
"kids":[],
"uid":"1734571240",
"parent":"",
"text":"",
"mid":"zEyXBooQH",
"date":"2013-07-05 12:13:52"
},
{
"kids":[],
"uid":"2525116513",
"parent":"",
"text":"",
"mid":"zEyXm2vkf",
"date":"2013-07-05 12:13:14"
},
{
"kids":[],
"uid":"2696644003",
"parent":"",
"text":"",
"mid":"zEyX11ivO",
"date":"2013-07-05 12:12:26"
},
{
"kids":[],
"uid":"572183377",
"parent":"",
"text":"人肉呗，看到底是哪个军区的呀，老习也该管管部队里的那点事儿了",
"mid":"zEyWCvAld",
"date":"2013-07-05 12:11:28"
},
{
"kids":[],
"uid":"sagit27",
"parent":"",
"text":"人渣真多",
"mid":"zEyWokxqh",
"date":"2013-07-05 12:10:52"
},
{
"kids":[],
"uid":"1746119493",
"parent":"zEyacgyfN",
"text":"帮这些利用特权的人好好晒晒",
"mid":"zEyW8DJ76",
"date":"2013-07-05 12:10:17"
},
{
"kids":[],
"uid":"3066227365",
"parent":"zEyiSpUN8",
"text":"百度了一下，是2008年的新闻http:",
"mid":"zEyVXrZzr",
"date":"2013-07-05 12:09:49"
},
{
"kids":[],
"uid":"2900231997",
"parent":"",
"text":"",
"mid":"zEyVS8Xsu",
"date":"2013-07-05 12:09:35"
},
{
"kids":[
"zEzLj4xOe"
],
"uid":"1581125934",
"parent":"",
"text":"支持交通警察的工作！",
"mid":"zEyVFoeXF",
"date":"2013-07-05 12:09:05"
},
{
"kids":[],
"uid":"1939040181",
"parent":"zEyacgyfN",
"text":"",
"mid":"zEyVEwext",
"date":"2013-07-05 12:09:03"
},
{
"kids":[],
"uid":"2801672570",
"parent":"",
"text":"军车不是换牌了吗？揍他？",
"mid":"zEyVs7G1P",
"date":"2013-07-05 12:08:34"
},
{
"kids":[],
"uid":"1451305113",
"parent":"zEySiac4o",
"text":"",
"mid":"zEyVrbJPj",
"date":"2013-07-05 12:08:33"
},
{
"kids":[],
"uid":"2184089504",
"parent":"zEyacgyfN",
"text":"牛逼大了",
"mid":"zEyVlh4xq",
"date":"2013-07-05 12:08:17"
},
{
"kids":[],
"uid":"2601018905",
"parent":"",
"text":"",
"mid":"zEyUP4s6K",
"date":"2013-07-05 12:07:03"
},
{
"kids":[],
"uid":"1077086661",
"parent":"",
"text":"[围观]",
"mid":"zEyU2BJLC",
"date":"2013-07-05 12:05:07"
},
{
"kids":[],
"uid":"3282548234",
"parent":"",
"text":"转",
"mid":"zEyTWqwr1",
"date":"2013-07-05 12:04:52"
},
{
"kids":[],
"uid":"ElysaDaye",
"parent":"",
"text":"就是",
"mid":"zEyTGbnK6",
"date":"2013-07-05 12:04:12"
},
{
"kids":[],
"uid":"1832007804",
"parent":"",
"text":"",
"mid":"zEyTCjLYg",
"date":"2013-07-05 12:04:04"
},
{
"kids":[],
"uid":"2382901577",
"parent":"",
"text":"没搞错时间吧？5月1日已经作废的车牌。",
"mid":"zEySWDaLZ",
"date":"2013-07-05 12:02:25"
},
{
"kids":[],
"uid":"710816111",
"parent":"zEye1B1lv",
"text":"",
"mid":"zEySsescK",
"date":"2013-07-05 12:01:10"
},
{
"kids":[
"zEAGf1w55",
"zEAvz5JMB",
"zEArTeV4G",
"zEzbA35uv",
"zEyVrbJPj"
],
"uid":"goldtimes",
"parent":"",
"text":"好了不起",
"mid":"zEySiac4o",
"date":"2013-07-05 12:00:49"
},
{
"kids":[],
"uid":"1767067650",
"parent":"zEyrXz5yu",
"text":"好牛的感觉",
"mid":"zEyRyDlMi",
"date":"2013-07-05 11:58:59"
},
{
"kids":[],
"uid":"1761679250",
"parent":"zEyacgyfN",
"text":"",
"mid":"zEyRhwo2f",
"date":"2013-07-05 11:58:17"
},
{
"kids":[],
"uid":"1265629717",
"parent":"",
"text":"",
"mid":"zEyR7dNKp",
"date":"2013-07-05 11:57:53"
},
{
"kids":[],
"uid":"ran6868668",
"parent":"",
"text":"",
"mid":"zEyQQCM5f",
"date":"2013-07-05 11:57:14"
},
{
"kids":[],
"uid":"2167503030",
"parent":"",
"text":"",
"mid":"zEyQPakrh",
"date":"2013-07-05 11:57:12"
},
{
"kids":[],
"uid":"3502802810",
"parent":"",
"text":"",
"mid":"zEyQG3sjW",
"date":"2013-07-05 11:56:49"
},
{
"kids":[],
"uid":"2003087842",
"parent":"zEyESlWcl",
"text":"会被删帖不",
"mid":"zEyQs71XC",
"date":"2013-07-05 11:56:15"
},
{
"kids":[],
"uid":"3293400307",
"parent":"",
"text":"人民供养的什么。。。。。。",
"mid":"zEyQ26FXP",
"date":"2013-07-05 11:55:14"
},
{
"kids":[],
"uid":"3282302117",
"parent":"",
"text":"",
"mid":"zEyPWuYlw",
"date":"2013-07-05 11:55:01"
},
{
"kids":[
"zEzGHEm5G"
],
"uid":"1196204234",
"parent":"",
"text":"",
"mid":"zEyPPo6fO",
"date":"2013-07-05 11:54:43"
},
{
"kids":[],
"uid":"2751434015",
"parent":"",
"text":"@周周小小Lin",
"mid":"zEyPrvNaN",
"date":"2013-07-05 11:53:46"
},
{
"kids":[],
"uid":"2080213540",
"parent":"",
"text":"孙先生把他们都带走、带走！",
"mid":"zEyPjuqkW",
"date":"2013-07-05 11:53:27"
},
{
"kids":[],
"uid":"3173079312",
"parent":"",
"text":"",
"mid":"zEyOTe75z",
"date":"2013-07-05 11:52:25"
},
{
"kids":[],
"uid":"2543764452",
"parent":"zEyacgyfN",
"text":"",
"mid":"zEyOSjdlx",
"date":"2013-07-05 11:52:23"
},
{
"kids":[
"zEDXMyPfE"
],
"uid":"3217103920",
"parent":"",
"text":"开军牌车的是军人吗？怎么看想瘪三,很牛嘛！交警好样的！",
"mid":"zEyOFhHAy",
"date":"2013-07-05 11:51:52"
},
{
"kids":[
"zEzaTweHl",
"zEz9J7cS8",
"zEz888T8R"
],
"uid":"luxulei",
"parent":"zEyBXyKw6",
"text":"右。。。",
"mid":"zEyOABKp5",
"date":"2013-07-05 11:51:40"
},
{
"kids":[],
"uid":"2617793695",
"parent":"",
"text":"",
"mid":"zEyOp3UIC",
"date":"2013-07-05 11:51:13"
},
{
"kids":[
"zEz0bcaAz"
],
"uid":"2410723533",
"parent":"",
"text":"喜闻乐见谣言漫天。此贴是老贴！前几天@打假特供 发帖被处罚！你就等着被举报吧！还不快删除！",
"mid":"zEyOdem50",
"date":"2013-07-05 11:50:45"
},
{
"kids":[],
"uid":"luluxu126",
"parent":"",
"text":"[围观]",
"mid":"zEyNLa7Pi",
"date":"2013-07-05 11:49:38"
},
{
"kids":[],
"uid":"3199862441",
"parent":"",
"text":"",
"mid":"zEyNzlT4W",
"date":"2013-07-05 11:49:10"
},
{
"kids":[],
"uid":"2856268542",
"parent":"",
"text":"",
"mid":"zEyNsxYtN",
"date":"2013-07-05 11:48:54"
},
{
"kids":[],
"uid":"2176221465",
"parent":"",
"text":"",
"mid":"zEyNg9qVi",
"date":"2013-07-05 11:48:24"
},
{
"kids":[],
"uid":"amiadonis",
"parent":"",
"text":"",
"mid":"zEyNfeTnz",
"date":"2013-07-05 11:48:22"
},
{
"kids":[],
"uid":"2045165767",
"parent":"",
"text":"人民军队PK人民警察，谁更牛逼？",
"mid":"zEyNelE6J",
"date":"2013-07-05 11:48:20"
},
{
"kids":[],
"uid":"2413515334",
"parent":"",
"text":"@央视新闻 @CCTV焦点访谈",
"mid":"zEyNe5liv",
"date":"2013-07-05 11:48:19"
},
{
"kids":[],
"uid":"1500647433",
"parent":"",
"text":"",
"mid":"zEyMKuImR",
"date":"2013-07-05 11:47:09"
},
{
"kids":[],
"uid":"1062971657",
"parent":"",
"text":"什么时候“上午10点”?南K是旧军牌。",
"mid":"zEyMuxcH3",
"date":"2013-07-05 11:46:30"
},
{
"kids":[],
"uid":"3005748762",
"parent":"",
"text":"支持交警",
"mid":"zEyMdq7Gj",
"date":"2013-07-05 11:45:49"
},
{
"kids":[
"zFbwYxiKr"
],
"uid":"1929999101",
"parent":"",
"text":"人民军队PK人民警察，谁牛逼？！把人民两字去了。",
"mid":"zEyM37YEy",
"date":"2013-07-05 11:45:25"
},
{
"kids":[],
"uid":"1161655502",
"parent":"",
"text":"[怒]",
"mid":"zEyM35FSu",
"date":"2013-07-05 11:45:25"
},
{
"kids":[],
"uid":"2283417925",
"parent":"",
"text":"",
"mid":"zEyLSpUXQ",
"date":"2013-07-05 11:45:00"
},
{
"kids":[],
"uid":"2642778625",
"parent":"",
"text":"",
"mid":"zEyLGkfsT",
"date":"2013-07-05 11:44:31"
},
{
"kids":[],
"uid":"1898580512",
"parent":"zEymNAWMw",
"text":"此车，此男，此女，出名了，交警蜀黍，好样的！[赞]",
"mid":"zEyLymONU",
"date":"2013-07-05 11:44:11"
},
{
"kids":[],
"uid":"2377179644",
"parent":"zEyacgyfN",
"text":"",
"mid":"zEyL5nE4w",
"date":"2013-07-05 11:43:03"
},
{
"kids":[],
"uid":"daguo2000",
"parent":"zEyESlWcl",
"text":"",
"mid":"zEyL562NN",
"date":"2013-07-05 11:43:03"
},
{
"kids":[],
"uid":"2814482965",
"parent":"",
"text":"",
"mid":"zEyKx6VEa",
"date":"2013-07-05 11:41:41"
},
{
"kids":[],
"uid":"3479673075",
"parent":"",
"text":"这个特权可以有！",
"mid":"zEyKrv5Ti",
"date":"2013-07-05 11:41:27"
},
{
"kids":[],
"uid":"1799994813",
"parent":"zEywpy7ge",
"text":"",
"mid":"zEyKog9VF",
"date":"2013-07-05 11:41:20"
},
{
"kids":[],
"uid":"2596003030",
"parent":"zEyacgyfN",
"text":"[哈哈]",
"mid":"zEyKgxM2C",
"date":"2013-07-05 11:41:02"
},
{
"kids":[],
"uid":"1246241104",
"parent":"",
"text":"你查啊，你查啊！",
"mid":"zEyKf6yqt",
"date":"2013-07-05 11:40:56"
},
{
"kids":[],
"uid":"2787832603",
"parent":"",
"text":"[怒]",
"mid":"zEyJN26ff",
"date":"2013-07-05 11:39:50"
},
{
"kids":[],
"uid":"2838983325",
"parent":"zEymNAWMw",
"text":"牛B 遇到牛X 最后XX OO ，结果？和谐了嘛。",
"mid":"zEyJACgrP",
"date":"2013-07-05 11:39:21"
},
{
"kids":[],
"uid":"3168293410",
"parent":"",
"text":"",
"mid":"zEyJcolLt",
"date":"2013-07-05 11:38:23"
},
{
"kids":[],
"uid":"2989935767",
"parent":"",
"text":"",
"mid":"zEyJbcoQQ",
"date":"2013-07-05 11:38:21"
},
{
"kids":[],
"uid":"3243845901",
"parent":"",
"text":"",
"mid":"zEyJ19ynC",
"date":"2013-07-05 11:37:57"
},
{
"kids":[],
"uid":"3087971595",
"parent":"",
"text":"看谁牛",
"mid":"zEyIQw8lD",
"date":"2013-07-05 11:37:31"
},
{
"kids":[
"zEBrInulH"
],
"uid":"2116676263",
"parent":"",
"text":"看看谁更厉害！@公安部打四黑除四害 @四川公安",
"mid":"zEyII0bxw",
"date":"2013-07-05 11:37:10"
},
{
"kids":[],
"uid":"2694305813",
"parent":"",
"text":"",
"mid":"zEyIDdhrc",
"date":"2013-07-05 11:37:00"
},
{
"kids":[],
"uid":"1924543433",
"parent":"zEyacgyfN",
"text":"上战场有这么牛就算是真正的牛！",
"mid":"zEyIazhEC",
"date":"2013-07-05 11:35:52"
},
{
"kids":[],
"uid":"2328520050",
"parent":"",
"text":"",
"mid":"zEyIayhIJ",
"date":"2013-07-05 11:35:52"
},
{
"kids":[],
"uid":"2965342394",
"parent":"zEyESlWcl",
"text":"不是惯，是纵容，其目的不言自明。",
"mid":"zEyHQbWOM",
"date":"2013-07-05 11:35:02"
},
{
"kids":[],
"uid":"1498576025",
"parent":"",
"text":"上当啦！老牌子在2013年5月一日报废啦！这个牌照是没法更换新牌的报废车！这几个“解放军”也是冒牌的！",
"mid":"zEyHBFUII",
"date":"2013-07-05 11:34:28"
},
{
"kids":[],
"uid":"alex5432",
"parent":"zEyacgyfN",
"text":"",
"mid":"zEyH14nr7",
"date":"2013-07-05 11:33:01"
},
{
"kids":[],
"uid":"237701266",
"parent":"",
"text":"土匪与流氓开战？尔等好好观战[浮云]",
"mid":"zEyGWltYi",
"date":"2013-07-05 11:32:49"
},
{
"kids":[
"zEzYFzRES"
],
"uid":"quentin610",
"parent":"",
"text":"特权阶层还真他妈多",
"mid":"zEyGOlLYO",
"date":"2013-07-05 11:32:31"
},
{
"kids":[],
"uid":"2088219183",
"parent":"",
"text":"几年前的图片了，还拿出来？",
"mid":"zEyGrzuoO",
"date":"2013-07-05 11:31:37"
},
{
"kids":[],
"uid":"2659430183",
"parent":"",
"text":"",
"mid":"zEyGqnvvn",
"date":"2013-07-05 11:31:34"
},
{
"kids":[],
"uid":"1649441590",
"parent":"",
"text":"南京不是国民政府所在地吗？那个军人一定是国民军了。",
"mid":"zEyGokylQ",
"date":"2013-07-05 11:31:29"
},
{
"kids":[],
"uid":"2720841734",
"parent":"",
"text":"",
"mid":"zEyGkdaLd",
"date":"2013-07-05 11:31:18"
},
{
"kids":[],
"uid":"2203715544",
"parent":"",
"text":"",
"mid":"zEyG2aLG3",
"date":"2013-07-05 11:30:36"
},
{
"kids":[],
"uid":"2775342997",
"parent":"",
"text":"继续",
"mid":"zEyF8kybM",
"date":"2013-07-05 11:28:22"
},
{
"kids":[],
"uid":"1067188800",
"parent":"",
"text":"人民解放军啊",
"mid":"zEyF82WTe",
"date":"2013-07-05 11:28:21"
},
{
"kids":[
"zEzKO1jhd",
"zEyQs71XC",
"zEyL562NN",
"zEyHQbWOM"
],
"uid":"1250037712",
"parent":"",
"text":"军人被胡惯坏了。",
"mid":"zEyESlWcl",
"date":"2013-07-05 11:27:45"
},
{
"kids":[],
"uid":"2519395524",
"parent":"zEyacgyfN",
"text":"就会欺负交警，有本事找城管的茬",
"mid":"zEyEHrye4",
"date":"2013-07-05 11:27:17"
},
{
"kids":[],
"uid":"2337997762",
"parent":"",
"text":"",
"mid":"zEyEp7IZy",
"date":"2013-07-05 11:26:36"
},
{
"kids":[],
"uid":"1400680575",
"parent":"zEyrXz5yu",
"text":"",
"mid":"zEyEnCPQb",
"date":"2013-07-05 11:26:31"
},
{
"kids":[],
"uid":"2447801991",
"parent":"",
"text":"",
"mid":"zEyEhbzZF",
"date":"2013-07-05 11:26:16"
},
{
"kids":[],
"uid":"208351233",
"parent":"zEyacgyfN",
"text":"狗仗人势！",
"mid":"zEyEcFEQi",
"date":"2013-07-05 11:26:06"
},
{
"kids":[],
"uid":"2335646843",
"parent":"zEyfUgFxY",
"text":"",
"mid":"zEyEc86jL",
"date":"2013-07-05 11:26:04"
},
{
"kids":[],
"uid":"shiyancaogengxinwen",
"parent":"",
"text":"",
"mid":"zEyDpCgnS",
"date":"2013-07-05 11:24:09"
},
{
"kids":[],
"uid":"1998162351",
"parent":"zEymZo5M3",
"text":"",
"mid":"zEyDepCL0",
"date":"2013-07-05 11:23:42"
},
{
"kids":[],
"uid":"2849064167",
"parent":"",
"text":"破桑塔纳2000还牛逼嘛！！",
"mid":"zEyD5xCkW",
"date":"2013-07-05 11:23:21"
},
{
"kids":[],
"uid":"2089576145",
"parent":"zEyg3sIgv",
"text":"",
"mid":"zEyCZllsO",
"date":"2013-07-05 11:23:06"
},
{
"kids":[],
"uid":"2071709230",
"parent":"",
"text":"",
"mid":"zEyCw78tx",
"date":"2013-07-05 11:21:55"
},
{
"kids":[
"zEzaTweHl",
"zEz9J7cS8",
"zEz888T8R",
"zEyOABKp5"
],
"uid":"1353822950",
"parent":"",
"text":"兄弟，你摊上大事了！首先，你开的不是高档车，就不会是首长座驾，没领导帮你；其次，你本人年轻，不会是大领导，特权层次不高；再次，你有公车私用嫌疑；最后，也是你最致命的，你特权意识比首长还强。",
"mid":"zEyBXyKw6",
"date":"2013-07-05 11:20:33"
},
{
"kids":[],
"uid":"534604123",
"parent":"",
"text":"[围观]",
"mid":"zEyBVtHEL",
"date":"2013-07-05 11:20:29"
},
{
"kids":[],
"uid":"2237879103",
"parent":"",
"text":"",
"mid":"zEyBNuVD4",
"date":"2013-07-05 11:20:10"
},
{
"kids":[],
"uid":"2344702105",
"parent":"",
"text":"",
"mid":"zEyBHgdvO",
"date":"2013-07-05 11:19:55"
},
{
"kids":[],
"uid":"2133121867",
"parent":"",
"text":"",
"mid":"zEyBHgdtv",
"date":"2013-07-05 11:19:54"
},
{
"kids":[],
"uid":"1897042373",
"parent":"",
"text":"",
"mid":"zEyBFuKfY",
"date":"2013-07-05 11:19:52"
},
{
"kids":[
"zEAb30dGQ",
"zEzZOgtkY",
"zEyXW7Sp7"
],
"uid":"okpaul",
"parent":"",
"text":"牛，这样的交警要挺他！",
"mid":"zEyBEiSEC",
"date":"2013-07-05 11:19:47"
},
{
"kids":[],
"uid":"1801129852",
"parent":"",
"text":"哈哈哈哈谁怕谁哈哈哈哈",
"mid":"zEyAPcobH",
"date":"2013-07-05 11:17:45"
},
{
"kids":[],
"uid":"2703545395",
"parent":"",
"text":"",
"mid":"zEyAN7j1e",
"date":"2013-07-05 11:17:40"
},
{
"kids":[],
"uid":"2938964983",
"parent":"",
"text":"让他红一把",
"mid":"zEyAG466C",
"date":"2013-07-05 11:17:23"
},
{
"kids":[],
"uid":"2013271595",
"parent":"",
"text":"",
"mid":"zEyAcuHCJ",
"date":"2013-07-05 11:16:13"
},
{
"kids":[],
"uid":"2672510592",
"parent":"",
"text":"有理说不通:黔驴技穷，翻炒旧闻。有傻B如获至宝，还要求扩散呢[哈哈][哈哈] 。",
"mid":"zEyA8mvNo",
"date":"2013-07-05 11:16:04"
},
{
"kids":[],
"uid":"1928667383",
"parent":"",
"text":"",
"mid":"zEyzMeJqo",
"date":"2013-07-05 11:15:11"
},
{
"kids":[],
"uid":"1357335597",
"parent":"",
"text":"[",
"mid":"zEyzHtWpo",
"date":"2013-07-05 11:14:59"
},
{
"kids":[],
"uid":"bannyli",
"parent":"",
"text":"哟，[ppb鼓掌]",
"mid":"zEyzHsJiU",
"date":"2013-07-05 11:15:00"
},
{
"kids":[],
"uid":"3482563713",
"parent":"",
"text":"",
"mid":"zEyzEcPq4",
"date":"2013-07-05 11:14:51"
},
{
"kids":[],
"uid":"2075560214",
"parent":"",
"text":"",
"mid":"zEyzmcbzI",
"date":"2013-07-05 11:14:09"
},
{
"kids":[],
"uid":"2934495510",
"parent":"",
"text":"军车载土匪",
"mid":"zEyzjvuQs",
"date":"2013-07-05 11:14:03"
},
{
"kids":[],
"uid":"2088143747",
"parent":"",
"text":"",
"mid":"zEyyVkEDJ",
"date":"2013-07-05 11:13:05"
},
{
"kids":[],
"uid":"2672510592",
"parent":"",
"text":"回复@李庄村卫生室:有理说不通:黔驴技穷，翻炒旧闻。有傻B如获至宝，还要求扩散呢[哈哈][哈哈]",
"mid":"zEyyTxcPS",
"date":"2013-07-05 11:13:01"
},
{
"kids":[],
"uid":"1289333823",
"parent":"",
"text":"",
"mid":"zEyyNjOk5",
"date":"2013-07-05 11:12:44"
},
{
"kids":[],
"uid":"476467294",
"parent":"",
"text":"",
"mid":"zEyyLwnFm",
"date":"2013-07-05 11:12:41"
},
{
"kids":[],
"uid":"1688108832",
"parent":"zEymZo5M3",
"text":"",
"mid":"zEyyLhMWy",
"date":"2013-07-05 11:12:41"
},
{
"kids":[],
"uid":"2074365865",
"parent":"",
"text":"转起来",
"mid":"zEyyf29oV",
"date":"2013-07-05 11:11:24"
},
{
"kids":[],
"uid":"2672510592",
"parent":"",
"text":"有理说不通:黔驴技穷，翻炒旧闻。@点子正 @中国媣香 @媣香 @渡江楫",
"mid":"zEyydzfj7",
"date":"2013-07-05 11:11:21"
},
{
"kids":[],
"uid":"1450623535",
"parent":"",
"text":"",
"mid":"zEyxX1t8Y",
"date":"2013-07-05 11:10:41"
},
{
"kids":[],
"uid":"2853494764",
"parent":"",
"text":"",
"mid":"zEyx96QFu",
"date":"2013-07-05 11:08:42"
},
{
"kids":[],
"uid":"2672510592",
"parent":"",
"text":"黔驴技穷，翻炒旧闻。",
"mid":"zEywQcUUb",
"date":"2013-07-05 11:07:55"
},
{
"kids":[],
"uid":"3471443812",
"parent":"",
"text":"",
"mid":"zEywHkTKE",
"date":"2013-07-05 11:07:36"
},
{
"kids":[],
"uid":"youjianqingblog",
"parent":"",
"text":"这样的军人只配当耗子扛枪窝里横！[偷笑]",
"mid":"zEywF1AzR",
"date":"2013-07-05 11:07:29"
},
{
"kids":[],
"uid":"3060449587",
"parent":"",
"text":"",
"mid":"zEywDujiz",
"date":"2013-07-05 11:07:27"
},
{
"kids":[
"zEyKog9VF"
],
"uid":"2870045614",
"parent":"",
"text":"",
"mid":"zEywpy7ge",
"date":"2013-07-05 11:06:54"
},
{
"kids":[],
"uid":"2039546655",
"parent":"",
"text":"[围观]",
"mid":"zEywoFL9w",
"date":"2013-07-05 11:06:53"
},
{
"kids":[],
"uid":"2426217500",
"parent":"zEymNAWMw",
"text":"开这破车太委屈闹得",
"mid":"zEywemaEl",
"date":"2013-07-05 11:06:27"
},
{
"kids":[],
"uid":"3192848804",
"parent":"",
"text":"",
"mid":"zEywcyOpD",
"date":"2013-07-05 11:06:24"
},
{
"kids":[],
"uid":"2410077131",
"parent":"",
"text":"",
"mid":"zEyw4irGK",
"date":"2013-07-05 11:06:03"
},
{
"kids":[],
"uid":"1910677751",
"parent":"",
"text":"",
"mid":"zEyw2yS92",
"date":"2013-07-05 11:05:59"
},
{
"kids":[],
"uid":"3573801034",
"parent":"",
"text":"",
"mid":"zEyvFbjiK",
"date":"2013-07-05 11:05:03"
},
{
"kids":[],
"uid":"3558634473",
"parent":"",
"text":"难得一见",
"mid":"zEyvBBsDU",
"date":"2013-07-05 11:04:54"
},
{
"kids":[],
"uid":"2525626385",
"parent":"",
"text":"",
"mid":"zEyvBnBD6",
"date":"2013-07-05 11:04:53"
},
{
"kids":[],
"uid":"reton2009",
"parent":"",
"text":"",
"mid":"zEyvwAU0r",
"date":"2013-07-05 11:04:43"
},
{
"kids":[],
"uid":"1913720203",
"parent":"",
"text":"速度扩",
"mid":"zEyvpyfjT",
"date":"2013-07-05 11:04:24"
},
{
"kids":[],
"uid":"1837353513",
"parent":"",
"text":"",
"mid":"zEyvmy30k",
"date":"2013-07-05 11:04:19"
},
{
"kids":[],
"uid":"1842137220",
"parent":"zEyacgyfN",
"text":"",
"mid":"zEyvcfsFq",
"date":"2013-07-05 11:03:52"
},
{
"kids":[],
"uid":"2420724625",
"parent":"",
"text":"妈的，一开这破车还TM牛B什么，你以为你是谁啊，向秉公执法的交警致敬。",
"mid":"zEyuWzvZV",
"date":"2013-07-05 11:03:17"
},
{
"kids":[],
"uid":"2642069264",
"parent":"",
"text":"",
"mid":"zEyuCcaHE",
"date":"2013-07-05 11:02:27"
},
{
"kids":[],
"uid":"1867129121",
"parent":"zEyg5ejX5",
"text":"这家伙出名了！",
"mid":"zEyuvmGAy",
"date":"2013-07-05 11:02:12"
},
{
"kids":[],
"uid":"2292678541",
"parent":"",
"text":"八百年前的，有意思嘛？",
"mid":"zEyugCvEF",
"date":"2013-07-05 11:01:36"
},
{
"kids":[],
"uid":"1788596823",
"parent":"",
"text":"",
"mid":"zEytGwMtH",
"date":"2013-07-05 11:00:11"
},
{
"kids":[],
"uid":"1899022703",
"parent":"",
"text":"",
"mid":"zEytvDdUc",
"date":"2013-07-05 10:59:45"
},
{
"kids":[],
"uid":"2516839020",
"parent":"",
"text":"",
"mid":"zEytsmyXj",
"date":"2013-07-05 10:59:37"
},
{
"kids":[],
"uid":"hubintao",
"parent":"zEyn47UNg",
"text":"",
"mid":"zEytrtjEv",
"date":"2013-07-05 10:59:34"
},
{
"kids":[],
"uid":"1898705717",
"parent":"",
"text":"",
"mid":"zEytqitcz",
"date":"2013-07-05 10:59:31"
},
{
"kids":[],
"uid":"2312364850",
"parent":"zEyacgyfN",
"text":"牛叉交警！[赞]牛B军车 [弱]",
"mid":"zEytnnP7J",
"date":"2013-07-05 10:59:25"
},
{
"kids":[],
"uid":"2277075362",
"parent":"",
"text":"求扩散",
"mid":"zEytf4LJr",
"date":"2013-07-05 10:59:05"
},
{
"kids":[],
"uid":"2598855137",
"parent":"zEyrXz5yu",
"text":"",
"mid":"zEytf4LHV",
"date":"2013-07-05 10:59:04"
},
{
"kids":[],
"uid":"2702379647",
"parent":"",
"text":"伟大的军队会找临时工来顶的！",
"mid":"zEyteecv1",
"date":"2013-07-05 10:59:01"
},
{
"kids":[],
"uid":"1767944103",
"parent":"",
"text":"",
"mid":"zEysX2mb0",
"date":"2013-07-05 10:58:22"
},
{
"kids":[],
"uid":"1653356861",
"parent":"zEyacgyfN",
"text":"",
"mid":"zEysHFWgG",
"date":"2013-07-05 10:57:44"
},
{
"kids":[],
"uid":"ubuntor",
"parent":"",
"text":"",
"mid":"zEysBdAL8",
"date":"2013-07-05 10:57:29"
},
{
"kids":[],
"uid":"2872598864",
"parent":"",
"text":"全体行动起来，来扩散@隆裕太后 @悍匪V @杜楠爆料 @老马时评 @作家崔成浩 @摆古论今 @文史女教师 @历史迷思 @全速钱进",
"mid":"zEysyurql",
"date":"2013-07-05 10:57:23"
},
{
"kids":[],
"uid":"525345374",
"parent":"",
"text":"素质太差了啊军爷",
"mid":"zEysniDnD",
"date":"2013-07-05 10:56:57"
},
{
"kids":[],
"uid":"2755119485",
"parent":"",
"text":"",
"mid":"zEysmnvlZ",
"date":"2013-07-05 10:56:55"
},
{
"kids":[],
"uid":"deepblack1985",
"parent":"",
"text":"[转发]",
"mid":"zEyseoKiV",
"date":"2013-07-05 10:56:35"
},
{
"kids":[],
"uid":"hrbwql",
"parent":"",
"text":"太嚣张！",
"mid":"zEysbrpJp",
"date":"2013-07-05 10:56:29"
},
{
"kids":[
"zEAmI3G8M",
"zEzs5AGlS",
"zEzdfrNrs",
"zEz2hxZIT",
"zEyRyDlMi",
"zEyEnCPQb",
"zEytf4LHV"
],
"uid":"hanchaoguang",
"parent":"",
"text":"",
"mid":"zEyrXz5yu",
"date":"2013-07-05 10:55:56"
},
{
"kids":[],
"uid":"537534599",
"parent":"",
"text":"看着那司机，就是一副欠抽的样子。",
"mid":"zEyrFyfrT",
"date":"2013-07-05 10:55:12"
},
{
"kids":[],
"uid":"314050004",
"parent":"",
"text":"转转吧，反正没过几天伟大的政府就出面让大家忘记了。",
"mid":"zEyrCF8BT",
"date":"2013-07-05 10:55:04"
},
{
"kids":[],
"uid":"2273162177",
"parent":"",
"text":"",
"mid":"zEyrcD3dG",
"date":"2013-07-05 10:54:03"
},
{
"kids":[],
"uid":"207131919",
"parent":"zEyn73vv9",
"text":"",
"mid":"zEyrciaVf",
"date":"2013-07-05 10:54:03"
},
{
"kids":[],
"uid":"1704179694",
"parent":"zEykDFGii",
"text":"",
"mid":"zEyr95wPn",
"date":"2013-07-05 10:53:55"
},
{
"kids":[],
"uid":"2711862640",
"parent":"",
"text":"",
"mid":"zEyr68bIS",
"date":"2013-07-05 10:53:46"
},
{
"kids":[],
"uid":"qiqisc",
"parent":"",
"text":"",
"mid":"zEyqRjerT",
"date":"2013-07-05 10:53:14"
},
{
"kids":[],
"uid":"2336579094",
"parent":"",
"text":"",
"mid":"zEyqO52qz",
"date":"2013-07-05 10:53:05"
},
{
"kids":[],
"uid":"1913918373",
"parent":"",
"text":"",
"mid":"zEyqJC4y5",
"date":"2013-07-05 10:52:55"
},
{
"kids":[],
"uid":"1416998145",
"parent":"",
"text":"",
"mid":"zEyqFtTlK",
"date":"2013-07-05 10:52:45"
},
{
"kids":[],
"uid":"3200931520",
"parent":"",
"text":"",
"mid":"zEyqCwyFd",
"date":"2013-07-05 10:52:37"
},
{
"kids":[],
"uid":"3484414474",
"parent":"",
"text":"",
"mid":"zEyqo68PP",
"date":"2013-07-05 10:52:03"
},
{
"kids":[],
"uid":"1563659264",
"parent":"",
"text":"",
"mid":"zEyqlFNdI",
"date":"2013-07-05 10:51:58"
},
{
"kids":[],
"uid":"2562868991",
"parent":"",
"text":"",
"mid":"zEyqkuWLt",
"date":"2013-07-05 10:51:54"
},
{
"kids":[],
"uid":"3102006993",
"parent":"",
"text":"",
"mid":"zEyqkdlzv",
"date":"2013-07-05 10:51:54"
},
{
"kids":[],
"uid":"3184181073",
"parent":"",
"text":"那天我还看见上了军牌的助力车呢[挖鼻屎]",
"mid":"zEyq9C237",
"date":"2013-07-05 10:51:29"
},
{
"kids":[],
"uid":"2785474842",
"parent":"zEyo2ngk2",
"text":"支持交警。另外，小心钟将军拿400万砸死你",
"mid":"zEyq8o0zf",
"date":"2013-07-05 10:51:25"
},
{
"kids":[],
"uid":"1753268767",
"parent":"",
"text":"",
"mid":"zEyq4iZMQ",
"date":"2013-07-05 10:51:16"
},
{
"kids":[],
"uid":"3173239935",
"parent":"",
"text":"",
"mid":"zEyq1A5Tv",
"date":"2013-07-05 10:51:10"
},
{
"kids":[],
"uid":"271447761",
"parent":"zEyo81093",
"text":"",
"mid":"zEypO0HZw",
"date":"2013-07-05 10:50:37"
},
{
"kids":[],
"uid":"3102005753",
"parent":"",
"text":"看谁牛[汗]",
"mid":"zEypKdgrq",
"date":"2013-07-05 10:50:27"
},
{
"kids":[],
"uid":"2640690754",
"parent":"",
"text":"",
"mid":"zEypyEwmJ",
"date":"2013-07-05 10:50:01"
},
{
"kids":[],
"uid":"1707640501",
"parent":"zEydx7zy9",
"text":"豹子和疯狗的交量！",
"mid":"zEyp9gQQ6",
"date":"2013-07-05 10:48:59"
},
{
"kids":[],
"uid":"1903885271",
"parent":"",
"text":"车牌很清晰，不错。。。",
"mid":"zEyoUv8I5",
"date":"2013-07-05 10:48:24"
},
{
"kids":[],
"uid":"1878404865",
"parent":"",
"text":"",
"mid":"zEyoPrm3X",
"date":"2013-07-05 10:48:13"
},
{
"kids":[],
"uid":"1991875547",
"parent":"",
"text":"顶！依法执勤交警!",
"mid":"zEyoMwmIv",
"date":"2013-07-05 10:48:06"
},
{
"kids":[],
"uid":"1874929501",
"parent":"",
"text":"",
"mid":"zEyoBiEJX",
"date":"2013-07-05 10:47:38"
},
{
"kids":[],
"uid":"1744903565",
"parent":"zEyf7uS1d",
"text":"[good]",
"mid":"zEyoAmok2",
"date":"2013-07-05 10:47:38"
},
{
"kids":[],
"uid":"2487613025",
"parent":"",
"text":"让它火！不让它火就是我们的失职！",
"mid":"zEyoy2J2z",
"date":"2013-07-05 10:47:30"
},
{
"kids":[],
"uid":"3232687450",
"parent":"",
"text":"",
"mid":"zEyoxs4t8",
"date":"2013-07-05 10:47:29"
},
{
"kids":[
"zEzg2iM8n"
],
"uid":"mingzhidian",
"parent":"",
"text":"军民鱼水一家亲还在吗",
"mid":"zEyot2hlC",
"date":"2013-07-05 10:47:18"
},
{
"kids":[],
"uid":"1142249225",
"parent":"",
"text":"",
"mid":"zEyop9nb3",
"date":"2013-07-05 10:47:09"
},
{
"kids":[],
"uid":"1869235467",
"parent":"",
"text":"",
"mid":"zEyonpcH9",
"date":"2013-07-05 10:47:06"
},
{
"kids":[],
"uid":"2407988700",
"parent":"",
"text":"",
"mid":"zEyod3Kq8",
"date":"2013-07-05 10:46:39"
},
{
"kids":[
"zELFxynIf",
"zEypO0HZw"
],
"uid":"2258778662",
"parent":"zEymZo5M3",
"text":"军人不遵守军规会给社会带来最大的危害！！[酷]",
"mid":"zEyo81093",
"date":"2013-07-05 10:46:29"
},
{
"kids":[],
"uid":"1962822991",
"parent":"",
"text":"晒SB",
"mid":"zEyo7oGyr",
"date":"2013-07-05 10:46:27"
},
{
"kids":[],
"uid":"3180407213",
"parent":"",
"text":"[嘻嘻]",
"mid":"zEyo3B52L",
"date":"2013-07-05 10:46:19"
},
{
"kids":[
"zEzcImV56",
"zEyq8o0zf"
],
"uid":"lcltmac",
"parent":"",
"text":"@FlankerSky 你怎么看？、",
"mid":"zEyo2ngk2",
"date":"2013-07-05 10:46:15"
},
{
"kids":[],
"uid":"3259575990",
"parent":"",
"text":"没等出国杀敌一个，祸国殃民不止一次。 没等炮轰他国一死，权职横压不止一扳。 军队是国家也是党直属单位，地方管不了，某些可以肆无忌惮的，可以拉警报逆行……",
"mid":"zEynNkWsS",
"date":"2013-07-05 10:45:40"
},
{
"kids":[],
"uid":"3118349547",
"parent":"",
"text":"挺交警，反特权。",
"mid":"zEynyzeg1",
"date":"2013-07-05 10:45:04"
},
{
"kids":[],
"uid":"ktm008",
"parent":"",
"text":"@南京头条 顶起~~~~",
"mid":"zEynqfXQw",
"date":"2013-07-05 10:44:44"
},
{
"kids":[],
"uid":"1005355893",
"parent":"",
"text":"军人的血性体现在哪里？路上?!",
"mid":"zEynm9xex",
"date":"2013-07-05 10:44:35"
},
{
"kids":[],
"uid":"3414396040",
"parent":"",
"text":"好几天了，现在怎样啦？担心那交警",
"mid":"zEynairB0",
"date":"2013-07-05 10:44:07"
},
{
"kids":[],
"uid":"1874982895",
"parent":"",
"text":"",
"mid":"zEyn7l6Jw",
"date":"2013-07-05 10:44:00"
},
{
"kids":[
"zEyrciaVf"
],
"uid":"1820479597",
"parent":"zEympke9A",
"text":"",
"mid":"zEyn73vv9",
"date":"2013-07-05 10:44:00"
},
{
"kids":[
"zEytrtjEv"
],
"uid":"hubintao",
"parent":"",
"text":"",
"mid":"zEyn47UNg",
"date":"2013-07-05 10:43:51"
},
{
"kids":[],
"uid":"2447602144",
"parent":"",
"text":"",
"mid":"zEyn3gT9c",
"date":"2013-07-05 10:43:51"
},
{
"kids":[
"zELFxynIf",
"zEyDepCL0",
"zEyyLhMWy",
"zEypO0HZw",
"zEyo81093"
],
"uid":"319633316",
"parent":"",
"text":"",
"mid":"zEymZo5M3",
"date":"2013-07-05 10:43:42"
},
{
"kids":[],
"uid":"3512305853",
"parent":"zEyacgyfN",
"text":"",
"mid":"zEymQw54i",
"date":"2013-07-05 10:43:20"
},
{
"kids":[
"zEArx9jcI",
"zEA0UbwYQ",
"zEyLymONU",
"zEyJACgrP",
"zEywemaEl"
],
"uid":"cxqjy",
"parent":"zEyj6xiAo",
"text":"交警[好棒]",
"mid":"zEymNAWMw",
"date":"2013-07-05 10:43:12"
},
{
"kids":[],
"uid":"2656941593",
"parent":"zEympke9A",
"text":"真的牛B",
"mid":"zEymAxVmu",
"date":"2013-07-05 10:42:41"
},
{
"kids":[],
"uid":"2033131621",
"parent":"",
"text":"",
"mid":"zEymx215M",
"date":"2013-07-05 10:42:32"
},
{
"kids":[
"zEyrciaVf",
"zEyn73vv9",
"zEymAxVmu"
],
"uid":"512677234",
"parent":"zEymaiJWy",
"text":"原来是几年前的了！！删帖了",
"mid":"zEympke9A",
"date":"2013-07-05 10:42:15"
},
{
"kids":[],
"uid":"1162868820",
"parent":"",
"text":"我觉得快男超女好声音之类的选秀节目都不免做做作和商业化。生活，只有生活，是最好的舞台，每个人都有本色的、即兴的、上佳的表演。你方唱罢我登场！瞧！这又是一位！",
"mid":"zEymklBn7",
"date":"2013-07-05 10:42:02"
},
{
"kids":[],
"uid":"1810779511",
"parent":"",
"text":"",
"mid":"zEymepVCh",
"date":"2013-07-05 10:41:48"
},
{
"kids":[
"zEyrciaVf",
"zEyn73vv9",
"zEymAxVmu",
"zEympke9A"
],
"uid":"1517156675",
"parent":"zEycslCjc",
"text":"对军车司机表示愤怒。同时百度了下，原来是四五年前的事了（说明近几年军车还好哦），为什么又翻出来炒？哦，原来是建军节快到了...",
"mid":"zEymaiJWy",
"date":"2013-07-05 10:41:37"
},
{
"kids":[],
"uid":"3200982142",
"parent":"",
"text":"",
"mid":"zEym5yUsE",
"date":"2013-07-05 10:41:28"
},
{
"kids":[
"zECc0vYTp"
],
"uid":"1794279183",
"parent":"zEyiSpUN8",
"text":"@千岛山峰 @么蛋咋噶定 @鸡蛋壳1112",
"mid":"zEylNeFYd",
"date":"2013-07-05 10:40:43"
},
{
"kids":[],
"uid":"3314123641",
"parent":"",
"text":"",
"mid":"zEylMlqMK",
"date":"2013-07-05 10:40:41"
},
{
"kids":[],
"uid":"1768520161",
"parent":"",
"text":"这是啥时的牌照，早己改朝换代了。",
"mid":"zEylElvUV",
"date":"2013-07-05 10:40:23"
},
{
"kids":[],
"uid":"2129890352",
"parent":"",
"text":"送开车的去钓鱼岛",
"mid":"zEylzk5vx",
"date":"2013-07-05 10:40:11"
},
{
"kids":[],
"uid":"2648730697",
"parent":"zEycslCjc",
"text":"",
"mid":"zEylxfovx",
"date":"2013-07-05 10:40:06"
},
{
"kids":[],
"uid":"2269974521",
"parent":"",
"text":"看看谁更牛！",
"mid":"zEylvtvw7",
"date":"2013-07-05 10:40:03"
},
{
"kids":[],
"uid":"1661191662",
"parent":"zEyacgyfN",
"text":"",
"mid":"zEylvbUf2",
"date":"2013-07-05 10:40:00"
},
{
"kids":[],
"uid":"2376885974",
"parent":"",
"text":"牛",
"mid":"zEylo6o2t",
"date":"2013-07-05 10:39:43"
},
{
"kids":[],
"uid":"2200435137",
"parent":"",
"text":"",
"mid":"zEylmATXx",
"date":"2013-07-05 10:39:40"
},
{
"kids":[],
"uid":"1008606502",
"parent":"",
"text":"支持交警依法办案!",
"mid":"zEylkxpr0",
"date":"2013-07-05 10:39:35"
},
{
"kids":[],
"uid":"1796717270",
"parent":"",
"text":"",
"mid":"zEylitjMR",
"date":"2013-07-05 10:39:30"
},
{
"kids":[],
"uid":"3042753014",
"parent":"",
"text":"特权",
"mid":"zEylhDi8c",
"date":"2013-07-05 10:39:27"
},
{
"kids":[],
"uid":"2196401202",
"parent":"zEyacgyfN",
"text":"@lg唐古拉 @袁小熊大爷",
"mid":"zEylhztK3",
"date":"2013-07-05 10:39:29"
},
{
"kids":[],
"uid":"2986447547",
"parent":"",
"text":"",
"mid":"zEylhitmA",
"date":"2013-07-05 10:39:29"
},
{
"kids":[],
"uid":"wqter",
"parent":"zEyaIbAEq",
"text":"这事儿老早看过了 怎么又翻出来了？话说这车牌曝光之后的后续呢？",
"mid":"zEyl9j7mr",
"date":"2013-07-05 10:39:10"
},
{
"kids":[],
"uid":"1008606502",
"parent":"",
"text":"",
"mid":"zEyl6DnTp",
"date":"2013-07-05 10:39:03"
},
{
"kids":[],
"uid":"2047469704",
"parent":"zEyiSpUN8",
"text":"",
"mid":"zEyl43T6I",
"date":"2013-07-05 10:38:56"
},
{
"kids":[],
"uid":"1960790767",
"parent":"",
"text":"",
"mid":"zEyl2dBr4",
"date":"2013-07-05 10:38:51"
},
{
"kids":[],
"uid":"2445165185",
"parent":"",
"text":"转发只为扩散",
"mid":"zEyl1BXxA",
"date":"2013-07-05 10:38:51"
},
{
"kids":[],
"uid":"1192297307",
"parent":"",
"text":"",
"mid":"zEyl1n9wi",
"date":"2013-07-05 10:38:50"
},
{
"kids":[],
"uid":"1040463017",
"parent":"",
"text":"",
"mid":"zEykUAekn",
"date":"2013-07-05 10:38:32"
},
{
"kids":[],
"uid":"1805655381",
"parent":"",
"text":"",
"mid":"zEykSv8LN",
"date":"2013-07-05 10:38:30"
},
{
"kids":[],
"uid":"1417039610",
"parent":"zEyacgyfN",
"text":"",
"mid":"zEykJiKpS",
"date":"2013-07-05 10:38:07"
},
{
"kids":[],
"uid":"1414544111",
"parent":"",
"text":"",
"mid":"zEykHz1TZ",
"date":"2013-07-05 10:38:02"
},
{
"kids":[],
"uid":"2011585822",
"parent":"",
"text":"",
"mid":"zEykHiqxV",
"date":"2013-07-05 10:38:01"
},
{
"kids":[
"zEyr95wPn"
],
"uid":"1904192475",
"parent":"",
"text":"",
"mid":"zEykDFGii",
"date":"2013-07-05 10:37:54"
},
{
"kids":[],
"uid":"1245026840",
"parent":"",
"text":"扩散",
"mid":"zEykBFlXD",
"date":"2013-07-05 10:37:48"
},
{
"kids":[],
"uid":"2748856131",
"parent":"",
"text":"",
"mid":"zEykBlFrj",
"date":"2013-07-05 10:37:48"
},
{
"kids":[],
"uid":"2620523035",
"parent":"zEyjtAkXg",
"text":"",
"mid":"zEykB44av",
"date":"2013-07-05 10:37:46"
},
{
"kids":[],
"uid":"3291725923",
"parent":"",
"text":"",
"mid":"zEyktlepA",
"date":"2013-07-05 10:37:29"
},
{
"kids":[],
"uid":"daixc7",
"parent":"",
"text":"",
"mid":"zEykt3CYt",
"date":"2013-07-05 10:37:27"
},
{
"kids":[],
"uid":"1631904562",
"parent":"zEyacgyfN",
"text":"",
"mid":"zEykq7XUS",
"date":"2013-07-05 10:37:20"
},
{
"kids":[],
"uid":"1008236644",
"parent":"",
"text":"",
"mid":"zEykpd38a",
"date":"2013-07-05 10:37:19"
},
{
"kids":[],
"uid":"1824934117",
"parent":"zEycslCjc",
"text":"",
"mid":"zEyklFJXt",
"date":"2013-07-05 10:37:10"
},
{
"kids":[],
"uid":"208324248",
"parent":"",
"text":"公车私用，滥用特权，知法犯法，违规嚣张，本以为只手遮天，媒体曝光估计又变回低调临时工~想问一下临时工有最低工资待遇法律保障吗[挖鼻屎]",
"mid":"zEykbDXga",
"date":"2013-07-05 10:36:46"
},
{
"kids":[],
"uid":"531421237",
"parent":"",
"text":"[good]",
"mid":"zEyk1juGW",
"date":"2013-07-05 10:36:21"
},
{
"kids":[],
"uid":"339050123",
"parent":"",
"text":"[威武][威武][威武][威武]@",
"mid":"zEyjT1vh9",
"date":"2013-07-05 10:36:02"
},
{
"kids":[],
"uid":"2243409430",
"parent":"",
"text":"",
"mid":"zEyjSqq5M",
"date":"2013-07-05 10:35:59"
},
{
"kids":[],
"uid":"1605560892",
"parent":"",
"text":"",
"mid":"zEyjOBTBR",
"date":"2013-07-05 10:35:52"
},
{
"kids":[],
"uid":"2286399420",
"parent":"",
"text":"",
"mid":"zEyjOBTuR",
"date":"2013-07-05 10:35:51"
},
{
"kids":[],
"uid":"2013488150",
"parent":"",
"text":"这次火星撞地球啦，但求不要烂尾！",
"mid":"zEyjGkwkL",
"date":"2013-07-05 10:35:30"
},
{
"kids":[],
"uid":"3256106684",
"parent":"",
"text":"",
"mid":"zEyjFpG2q",
"date":"2013-07-05 10:35:30"
},
{
"kids":[],
"uid":"3379109744",
"parent":"",
"text":"",
"mid":"zEyjw03o8",
"date":"2013-07-05 10:35:07"
},
{
"kids":[
"zEykB44av"
],
"uid":"1180860635",
"parent":"",
"text":"可惜这是报废军牌，说明是旧闻！",
"mid":"zEyjtAkXg",
"date":"2013-07-05 10:35:02"
},
{
"kids":[],
"uid":"1849353223",
"parent":"",
"text":"",
"mid":"zEyjew3IY",
"date":"2013-07-05 10:34:24"
},
{
"kids":[],
"uid":"1016542871",
"parent":"",
"text":"围观",
"mid":"zEyj7bvrA",
"date":"2013-07-05 10:34:08"
},
{
"kids":[
"zEArx9jcI",
"zEA0UbwYQ",
"zEyLymONU",
"zEyJACgrP",
"zEywemaEl",
"zEymNAWMw"
],
"uid":"327293203",
"parent":"zEyg3sIgv",
"text":"",
"mid":"zEyj6xiAo",
"date":"2013-07-05 10:34:06"
},
{
"kids":[
"zEMD7vI76"
],
"uid":"1426558952",
"parent":"",
"text":"",
"mid":"zEyj5msbD",
"date":"2013-07-05 10:34:04"
},
{
"kids":[],
"uid":"2614806057",
"parent":"",
"text":"搞 ，看哪个牛逼！@民主小贩1126 @兰慕斯",
"mid":"zEyj1xqzo",
"date":"2013-07-05 10:33:54"
},
{
"kids":[],
"uid":"2430779234",
"parent":"",
"text":"",
"mid":"zEyj075dE",
"date":"2013-07-05 10:33:50"
},
{
"kids":[],
"uid":"1427811090",
"parent":"",
"text":"沈阳军区还没忙完，南京军区就急吼吼出来表演了！~围观哪",
"mid":"zEyiZdPXJ",
"date":"2013-07-05 10:33:49"
},
{
"kids":[],
"uid":"1096914300",
"parent":"",
"text":"中国存在的特权阶层！",
"mid":"zEyiWcQzd",
"date":"2013-07-05 10:33:42"
},
{
"kids":[],
"uid":"2468479675",
"parent":"zEyacgyfN",
"text":"",
"mid":"zEyiVl9hD",
"date":"2013-07-05 10:33:40"
},
{
"kids":[],
"uid":"1057177277",
"parent":"",
"text":"狗仗人势",
"mid":"zEyiV3xPp",
"date":"2013-07-05 10:33:38"
},
{
"kids":[],
"uid":"1250143294",
"parent":"",
"text":"",
"mid":"zEyiTg2Tu",
"date":"2013-07-05 10:33:35"
},
{
"kids":[
"zECc0vYTp",
"zEyVXrZzr",
"zEylNeFYd",
"zEyl43T6I"
],
"uid":"taomigushi",
"parent":"zEyhmFebX",
"text":"居然不是4圈，保时捷，法拉利，途锐",
"mid":"zEyiSpUN8",
"date":"2013-07-05 10:33:31"
},
{
"kids":[],
"uid":"1212714475",
"parent":"",
"text":"",
"mid":"zEyiPoVXr",
"date":"2013-07-05 10:33:25"
},
{
"kids":[],
"uid":"2373723843",
"parent":"",
"text":"[思考]",
"mid":"zEyiOvGJM",
"date":"2013-07-05 10:33:24"
},
{
"kids":[],
"uid":"2846255082",
"parent":"",
"text":"",
"mid":"zEyiOe5qL",
"date":"2013-07-05 10:33:23"
},
{
"kids":[],
"uid":"2885178371",
"parent":"zEyacgyfN",
"text":"",
"mid":"zEyiMawEi",
"date":"2013-07-05 10:33:18"
},
{
"kids":[],
"uid":"xueye1999",
"parent":"",
"text":"Nb",
"mid":"zEyiHccr6",
"date":"2013-07-05 10:33:06"
},
{
"kids":[],
"uid":"3302983307",
"parent":"",
"text":"",
"mid":"zEyiykbsW",
"date":"2013-07-05 10:32:44"
},
{
"kids":[],
"uid":"sadakou",
"parent":"zEygRExb8",
"text":"",
"mid":"zEyic8nUC",
"date":"2013-07-05 10:31:52"
},
{
"kids":[],
"uid":"2325338755",
"parent":"",
"text":"交警PK军车司机 ！[怒]",
"mid":"zEyibdwPk",
"date":"2013-07-05 10:31:50"
},
{
"kids":[],
"uid":"1911056113",
"parent":"",
"text":"有戏看了[阴险]",
"mid":"zEyi7qxim",
"date":"2013-07-05 10:31:41"
},
{
"kids":[],
"uid":"1946876287",
"parent":"",
"text":"[威武]",
"mid":"zEyi76Xql",
"date":"2013-07-05 10:31:40"
},
{
"kids":[],
"uid":"2239782147",
"parent":"zEyeLl5kS",
"text":"[黑线]",
"mid":"zEyi3eLDg",
"date":"2013-07-05 10:31:30"
},
{
"kids":[],
"uid":"2810218927",
"parent":"",
"text":"",
"mid":"zEyhX64zi",
"date":"2013-07-05 10:31:16"
},
{
"kids":[],
"uid":"1667932482",
"parent":"",
"text":"挺交警！！小样，你军车就能违法？你军车就能凌驾？不怕世人吐沫星子淹死你！！",
"mid":"zEyhVxBCZ",
"date":"2013-07-05 10:31:12"
},
{
"kids":[],
"uid":"526788616",
"parent":"",
"text":"",
"mid":"zEyhUmLi1",
"date":"2013-07-05 10:31:10"
},
{
"kids":[],
"uid":"qixueqin",
"parent":"",
"text":"",
"mid":"zEyhSmf79",
"date":"2013-07-05 10:31:04"
},
{
"kids":[],
"uid":"2441977644",
"parent":"",
"text":"pK",
"mid":"zEyhPFuSQ",
"date":"2013-07-05 10:30:59"
},
{
"kids":[],
"uid":"1410368464",
"parent":"",
"text":"",
"mid":"zEyhNyQr0",
"date":"2013-07-05 10:30:53"
},
{
"kids":[],
"uid":"1107111837",
"parent":"",
"text":"向交警致敬",
"mid":"zEyhH8x3s",
"date":"2013-07-05 10:30:37"
},
{
"kids":[],
"uid":"1835716074",
"parent":"",
"text":"",
"mid":"zEyhFl21W",
"date":"2013-07-05 10:30:33"
},
{
"kids":[],
"uid":"urbanlonewolf",
"parent":"",
"text":"",
"mid":"zEyhr7rMu",
"date":"2013-07-05 10:29:58"
},
{
"kids":[
"zECc0vYTp",
"zEyVXrZzr",
"zEylNeFYd",
"zEyl43T6I",
"zEyiSpUN8"
],
"uid":"208605054",
"parent":"zEyf7uS1d",
"text":"据说他们买车都是买顶配的",
"mid":"zEyhmFebX",
"date":"2013-07-05 10:29:50"
},
{
"kids":[],
"uid":"2523535641",
"parent":"",
"text":"",
"mid":"zEyhfjHis",
"date":"2013-07-05 10:29:32"
},
{
"kids":[],
"uid":"hermit85",
"parent":"zEygahEjI",
"text":"南K20128",
"mid":"zEyhdwITn",
"date":"2013-07-05 10:29:28"
},
{
"kids":[],
"uid":"3307086271",
"parent":"",
"text":"",
"mid":"zEyh8g77h",
"date":"2013-07-05 10:29:14"
},
{
"kids":[],
"uid":"1811969853",
"parent":"",
"text":"",
"mid":"zEyh5gmq0",
"date":"2013-07-05 10:29:08"
},
{
"kids":[],
"uid":"3382870962",
"parent":"",
"text":"是军“”二” 代吗？这年月“二”代们尽干“二”事！@1句实话 @农夫ZR @监政铲腐 @杨建国 @杨恒均的微博 @袁腾飞 @中国奇闻",
"mid":"zEyh0yWK5",
"date":"2013-07-05 10:28:57"
},
{
"kids":[
"zEyic8nUC"
],
"uid":"2693033997",
"parent":"zEygahEjI",
"text":"牛！",
"mid":"zEygRExb8",
"date":"2013-07-05 10:28:36"
},
{
"kids":[],
"uid":"1241935962",
"parent":"",
"text":"",
"mid":"zEygQv4N3",
"date":"2013-07-05 10:28:32"
},
{
"kids":[],
"uid":"lawyerqin",
"parent":"",
"text":"",
"mid":"zEygPjjR0",
"date":"2013-07-05 10:28:30"
},
{
"kids":[],
"uid":"2164618542",
"parent":"",
"text":"",
"mid":"zEygOpBdu",
"date":"2013-07-05 10:28:28"
},
{
"kids":[],
"uid":"2296697261",
"parent":"",
"text":"红了。",
"mid":"zEygLaFg2",
"date":"2013-07-05 10:28:20"
},
{
"kids":[],
"uid":"1273681483",
"parent":"",
"text":"",
"mid":"zEygBsTxR",
"date":"2013-07-05 10:27:57"
},
{
"kids":[],
"uid":"ZHU2Yu",
"parent":"",
"text":"",
"mid":"zEygAh2jw",
"date":"2013-07-05 10:27:53"
},
{
"kids":[],
"uid":"2304119261",
"parent":"",
"text":"",
"mid":"zEygrn1HE",
"date":"2013-07-05 10:27:33"
},
{
"kids":[
"zEBdXCg8a"
],
"uid":"mendouyang",
"parent":"",
"text":"牛人就应该红起来",
"mid":"zEygnvYQ8",
"date":"2013-07-05 10:27:23"
},
{
"kids":[],
"uid":"3013800695",
"parent":"",
"text":"",
"mid":"zEygj9Fee",
"date":"2013-07-05 10:27:12"
},
{
"kids":[],
"uid":"702851952",
"parent":"",
"text":"转起",
"mid":"zEyghma01",
"date":"2013-07-05 10:27:09"
},
{
"kids":[],
"uid":"1598338023",
"parent":"",
"text":"",
"mid":"zEygg8RnW",
"date":"2013-07-05 10:27:06"
},
{
"kids":[],
"uid":"1987883317",
"parent":"",
"text":"挺破的车，居然也这么牛？",
"mid":"zEygbcEyS",
"date":"2013-07-05 10:26:52"
},
{
"kids":[],
"uid":"1986675662",
"parent":"zEye7d4nt",
"text":"驾驶员是临时工",
"mid":"zEygb9SJL",
"date":"2013-07-05 10:26:54"
},
{
"kids":[],
"uid":"3082660465",
"parent":"zEyf7uS1d",
"text":"叫你牛，顶死你[给力]",
"mid":"zEygazfGg",
"date":"2013-07-05 10:26:53"
},
{
"kids":[
"zEyic8nUC",
"zEyhdwITn",
"zEygRExb8"
],
"uid":"1235967780",
"parent":"zEyfUgFxY",
"text":"",
"mid":"zEygahEjI",
"date":"2013-07-05 10:26:52"
},
{
"kids":[],
"uid":"135586745",
"parent":"",
"text":"我军威武，出战必胜！",
"mid":"zEyg8dyv5",
"date":"2013-07-05 10:26:46"
},
{
"kids":[],
"uid":"1821825433",
"parent":"",
"text":"",
"mid":"zEyg5gdCs",
"date":"2013-07-05 10:26:40"
},
{
"kids":[
"zEyuvmGAy"
],
"uid":"713177456",
"parent":"",
"text":"",
"mid":"zEyg5ejX5",
"date":"2013-07-05 10:26:39"
},
{
"kids":[
"zEArx9jcI",
"zEA0UbwYQ",
"zEyLymONU",
"zEyJACgrP",
"zEyCZllsO",
"zEywemaEl",
"zEymNAWMw",
"zEyj6xiAo"
],
"uid":"27238090",
"parent":"zEyf7uS1d",
"text":"给交警一个[好棒]",
"mid":"zEyg3sIgv",
"date":"2013-07-05 10:26:36"
},
{
"kids":[],
"uid":"1747700977",
"parent":"",
"text":"要火",
"mid":"zEyg0sWtb",
"date":"2013-07-05 10:26:29"
},
{
"kids":[],
"uid":"1115962261",
"parent":"",
"text":"牛逼解放军，让他去解放钓鱼岛",
"mid":"zEyfXz3hI",
"date":"2013-07-05 10:26:21"
},
{
"kids":[
"zEyEc86jL",
"zEyic8nUC",
"zEyhdwITn",
"zEygRExb8",
"zEygahEjI"
],
"uid":"dayouhl",
"parent":"",
"text":"",
"mid":"zEyfUgFxY",
"date":"2013-07-05 10:26:13"
},
{
"kids":[],
"uid":"2531105897",
"parent":"",
"text":"[草泥马]霸道惯了，又是哪位手掌身边的-----狗。",
"mid":"zEyfT9gok",
"date":"2013-07-05 10:26:10"
},
{
"kids":[],
"uid":"2126290960",
"parent":"",
"text":"",
"mid":"zEyfRlL1z",
"date":"2013-07-05 10:26:06"
},
{
"kids":[
"zEzcli7B2"
],
"uid":"1423339960",
"parent":"zEyacgyfN",
"text":"",
"mid":"zEyfQbVkj",
"date":"2013-07-05 10:26:04"
},
{
"kids":[],
"uid":"1931956057",
"parent":"",
"text":"有热闹看喽",
"mid":"zEyfNdzrM",
"date":"2013-07-05 10:25:56"
},
{
"kids":[],
"uid":"3169271713",
"parent":"",
"text":"",
"mid":"zEyfL9tHk",
"date":"2013-07-05 10:25:52"
},
{
"kids":[],
"uid":"3259233602",
"parent":"",
"text":"",
"mid":"zEyfrmmZN",
"date":"2013-07-05 10:25:04"
},
{
"kids":[],
"uid":"1854681620",
"parent":"",
"text":"",
"mid":"zEyfrkvcV",
"date":"2013-07-05 10:25:04"
},
{
"kids":[],
"uid":"1408231790",
"parent":"",
"text":"",
"mid":"zEyfo41Ps",
"date":"2013-07-05 10:24:57"
},
{
"kids":[],
"uid":"2717457953",
"parent":"",
"text":"猴年马月的事",
"mid":"zEyflqGbX",
"date":"2013-07-05 10:24:50"
},
{
"kids":[],
"uid":"3154533737",
"parent":"",
"text":"素质没了",
"mid":"zEyfjnBr4",
"date":"2013-07-05 10:24:45"
},
{
"kids":[],
"uid":"3214144532",
"parent":"",
"text":"",
"mid":"zEyfitllF",
"date":"2013-07-05 10:24:43"
},
{
"kids":[],
"uid":"1806856690",
"parent":"",
"text":"几年前?",
"mid":"zEyfi9mp0",
"date":"2013-07-05 10:24:43"
},
{
"kids":[],
"uid":"209291313",
"parent":"",
"text":"[衰]也可能是军队领导的亲戚！",
"mid":"zEyfhxIxy",
"date":"2013-07-05 10:24:42"
},
{
"kids":[],
"uid":"2458015760",
"parent":"",
"text":"",
"mid":"zEyfhhEhf",
"date":"2013-07-05 10:24:40"
},
{
"kids":[],
"uid":"uc75116238",
"parent":"",
"text":"交警查屁民顺理成章，特权还是回避吧，纯粹吃皇粮的，不是你惹得起的",
"mid":"zEyfgpfrr",
"date":"2013-07-05 10:24:38"
},
{
"kids":[],
"uid":"1650384514",
"parent":"",
"text":"[围观]",
"mid":"zEyfe2IcM",
"date":"2013-07-05 10:24:32"
},
{
"kids":[],
"uid":"2135774312",
"parent":"",
"text":"又一嘴毛...",
"mid":"zEyf91hPf",
"date":"2013-07-05 10:24:20"
},
{
"kids":[],
"uid":"1866153380",
"parent":"",
"text":"",
"mid":"zEyf7woGC",
"date":"2013-07-05 10:24:18"
},
{
"kids":[],
"uid":"1495404302",
"parent":"",
"text":"",
"mid":"zEyf7uS2L",
"date":"2013-07-05 10:24:18"
},
{
"kids":[
"zECc0vYTp",
"zEArx9jcI",
"zEA0UbwYQ",
"zEyVXrZzr",
"zEyLymONU",
"zEyJACgrP",
"zEyCZllsO",
"zEywemaEl",
"zEyoAmok2",
"zEymNAWMw",
"zEylNeFYd",
"zEyl43T6I",
"zEyj6xiAo",
"zEyiSpUN8",
"zEyhmFebX",
"zEygazfGg",
"zEyg3sIgv"
],
"uid":"1744903565",
"parent":"zEyejCEdM",
"text":"南京空军？天上飞傻了吧？",
"mid":"zEyf7uS1d",
"date":"2013-07-05 10:24:18"
},
{
"kids":[],
"uid":"2473484680",
"parent":"",
"text":"哎哟喂，又是军队的牛淫诶",
"mid":"zEyf7fD7p",
"date":"2013-07-05 10:24:16"
},
{
"kids":[],
"uid":"1641933651",
"parent":"",
"text":"",
"mid":"zEyeZgRkC",
"date":"2013-07-05 10:23:58"
},
{
"kids":[],
"uid":"1641933651",
"parent":"",
"text":"[怒骂]",
"mid":"zEyeXvnUi",
"date":"2013-07-05 10:23:53"
},
{
"kids":[],
"uid":"509301229",
"parent":"",
"text":"无语！",
"mid":"zEyeVqh5O",
"date":"2013-07-05 10:23:49"
},
{
"kids":[],
"uid":"3225473707",
"parent":"",
"text":"",
"mid":"zEyeQo1Vv",
"date":"2013-07-05 10:23:37"
},
{
"kids":[
"zEyi3eLDg"
],
"uid":"mingganci",
"parent":"",
"text":"",
"mid":"zEyeLl5kS",
"date":"2013-07-05 10:23:24"
},
{
"kids":[],
"uid":"hazwq",
"parent":"",
"text":"[怒]",
"mid":"zEyeIq4Nd",
"date":"2013-07-05 10:23:17"
},
{
"kids":[],
"uid":"538468678",
"parent":"",
"text":"两个一嘴毛了！",
"mid":"zEyeI8tB6",
"date":"2013-07-05 10:23:16"
},
{
"kids":[
"zFcuUmi52",
"zEK4fz98y",
"zEJTYvdel",
"zEJRktXZK"
],
"uid":"fangruiyang",
"parent":"",
"text":"人民子弟兵多少有点照顾吧，交警何必认真，保家卫国不容易啊",
"mid":"zEyeCuBgu",
"date":"2013-07-05 10:23:04"
},
{
"kids":[],
"uid":"2349708215",
"parent":"",
"text":"",
"mid":"zEyeCcA3A",
"date":"2013-07-05 10:23:03"
},
{
"kids":[],
"uid":"2204284577",
"parent":"",
"text":"还是军车牛逼",
"mid":"zEyeAq5LC",
"date":"2013-07-05 10:22:59"
},
{
"kids":[],
"uid":"3038606551",
"parent":"",
"text":"",
"mid":"zEyey4p0k",
"date":"2013-07-05 10:22:53"
},
{
"kids":[],
"uid":"2370167367",
"parent":"",
"text":"",
"mid":"zEyewAJ2Q",
"date":"2013-07-05 10:22:48"
},
{
"kids":[],
"uid":"3556647491",
"parent":"",
"text":"看谁牛b",
"mid":"zEyer3Hla",
"date":"2013-07-05 10:22:35"
},
{
"kids":[],
"uid":"2690154400",
"parent":"",
"text":"",
"mid":"zEyen8IKX",
"date":"2013-07-05 10:22:27"
},
{
"kids":[],
"uid":"1337479753",
"parent":"",
"text":"",
"mid":"zEyemyXWk",
"date":"2013-07-05 10:22:25"
},
{
"kids":[],
"uid":"3306474713",
"parent":"",
"text":"",
"mid":"zEyel6w1x",
"date":"2013-07-05 10:22:21"
},
{
"kids":[],
"uid":"1975180253",
"parent":"",
"text":"艾玛！军警大战，[偷笑]军车不是私用吗？",
"mid":"zEyekaYzJ",
"date":"2013-07-05 10:22:20"
},
{
"kids":[],
"uid":"2732199297",
"parent":"",
"text":"陌陌走过",
"mid":"zEyekaYvm",
"date":"2013-07-05 10:22:19"
},
{
"kids":[
"zECc0vYTp",
"zEArx9jcI",
"zEA0UbwYQ",
"zEyVXrZzr",
"zEyLymONU",
"zEyJACgrP",
"zEyCZllsO",
"zEywemaEl",
"zEyoAmok2",
"zEymNAWMw",
"zEylNeFYd",
"zEyl43T6I",
"zEyj6xiAo",
"zEyiSpUN8",
"zEyhmFebX",
"zEygazfGg",
"zEyg3sIgv",
"zEyf7uS1d"
],
"uid":"2641133025",
"parent":"zEydDjQuA",
"text":"顶上了，看看谁牛？",
"mid":"zEyejCEdM",
"date":"2013-07-05 10:22:19"
},
{
"kids":[],
"uid":"2728448803",
"parent":"",
"text":"看谁厉害",
"mid":"zEyeg2NkW",
"date":"2013-07-05 10:22:10"
},
{
"kids":[],
"uid":"1912887832",
"parent":"",
"text":"",
"mid":"zEyeccdAv",
"date":"2013-07-05 10:22:02"
},
{
"kids":[],
"uid":"2627640063",
"parent":"",
"text":"",
"mid":"zEye9yLry",
"date":"2013-07-05 10:21:54"
},
{
"kids":[],
"uid":"2797500205",
"parent":"",
"text":"",
"mid":"zEye842ls",
"date":"2013-07-05 10:21:51"
},
{
"kids":[
"zEygb9SJL"
],
"uid":"1799650160",
"parent":"",
"text":"",
"mid":"zEye7d4nt",
"date":"2013-07-05 10:21:48"
},
{
"kids":[],
"uid":"uc15231258",
"parent":"",
"text":"？？？？？？？？？？？",
"mid":"zEye62e0N",
"date":"2013-07-05 10:21:46"
},
{
"kids":[],
"uid":"3435304042",
"parent":"",
"text":"",
"mid":"zEye4v3Q8",
"date":"2013-07-05 10:21:43"
},
{
"kids":[
"zEySsescK"
],
"uid":"1768015324",
"parent":"",
"text":"[弱]",
"mid":"zEye1B1lv",
"date":"2013-07-05 10:21:36"
},
{
"kids":[],
"uid":"2094970971",
"parent":"",
"text":"有军队驻扎的城市，惨。",
"mid":"zEye08zsA",
"date":"2013-07-05 10:21:31"
},
{
"kids":[],
"uid":"3379541040",
"parent":"",
"text":"[挖鼻屎]坐山观虎斗",
"mid":"zEydYAomt",
"date":"2013-07-05 10:21:29"
},
{
"kids":[],
"uid":"2577001614",
"parent":"",
"text":"",
"mid":"zEydY3spU",
"date":"2013-07-05 10:21:27"
},
{
"kids":[],
"uid":"yanglittlelawyer",
"parent":"",
"text":"",
"mid":"zEydS6wgQ",
"date":"2013-07-05 10:21:13"
},
{
"kids":[],
"uid":"1775821240",
"parent":"",
"text":"",
"mid":"zEydKpKJ7",
"date":"2013-07-05 10:20:55"
},
{
"kids":[],
"uid":"2268717294",
"parent":"",
"text":"这个属于狗咬狗吧。",
"mid":"zEydJevSh",
"date":"2013-07-05 10:20:51"
},
{
"kids":[],
"uid":"salas219",
"parent":"zEy9RlIDc",
"text":"",
"mid":"zEydF6kGW",
"date":"2013-07-05 10:20:41"
},
{
"kids":[
"zECc0vYTp",
"zEArx9jcI",
"zEA0UbwYQ",
"zEyVXrZzr",
"zEyLymONU",
"zEyJACgrP",
"zEyCZllsO",
"zEywemaEl",
"zEyoAmok2",
"zEymNAWMw",
"zEylNeFYd",
"zEyl43T6I",
"zEyj6xiAo",
"zEyiSpUN8",
"zEyhmFebX",
"zEygazfGg",
"zEyg3sIgv",
"zEyf7uS1d",
"zEyejCEdM"
],
"uid":"3306849400",
"parent":"",
"text":"",
"mid":"zEydDjQuA",
"date":"2013-07-05 10:20:38"
},
{
"kids":[],
"uid":"1168261175",
"parent":"",
"text":"军统PK中统",
"mid":"zEydD3JwN",
"date":"2013-07-05 10:20:37"
},
{
"kids":[],
"uid":"sld6351",
"parent":"zEybszARJ",
"text":"这好像是旧军牌吧。。",
"mid":"zEydCaumZ",
"date":"2013-07-05 10:20:35"
},
{
"kids":[],
"uid":"2909665357",
"parent":"",
"text":"",
"mid":"zEydAFBlo",
"date":"2013-07-05 10:20:32"
},
{
"kids":[],
"uid":"1528012335",
"parent":"",
"text":"",
"mid":"zEydztgBg",
"date":"2013-07-05 10:20:28"
},
{
"kids":[],
"uid":"1750646560",
"parent":"",
"text":"牛逼人物你要火了！",
"mid":"zEydzbFft",
"date":"2013-07-05 10:20:27"
},
{
"kids":[
"zEyp9gQQ6"
],
"uid":"1799408121",
"parent":"",
"text":"@智勇在线 @南京交警",
"mid":"zEydx7zy9",
"date":"2013-07-05 10:20:23"
},
{
"kids":[],
"uid":"1891503354",
"parent":"",
"text":"扩",
"mid":"zEydn6cL5",
"date":"2013-07-05 10:19:59"
},
{
"kids":[],
"uid":"2249984062",
"parent":"",
"text":"",
"mid":"zEydmdHrY",
"date":"2013-07-05 10:19:57"
},
{
"kids":[],
"uid":"2775325255",
"parent":"",
"text":"",
"mid":"zEydkseyM",
"date":"2013-07-05 10:19:52"
},
{
"kids":[],
"uid":"2859041984",
"parent":"",
"text":"",
"mid":"zEydam8M7",
"date":"2013-07-05 10:19:29"
},
{
"kids":[],
"uid":"1736442197",
"parent":"",
"text":"",
"mid":"zEyda60Yq",
"date":"2013-07-05 10:19:27"
},
{
"kids":[],
"uid":"2266119611",
"parent":"",
"text":"",
"mid":"zEyd9un9m",
"date":"2013-07-05 10:19:27"
},
{
"kids":[],
"uid":"dracolee",
"parent":"",
"text":"",
"mid":"zEyd7r0IH",
"date":"2013-07-05 10:19:23"
},
{
"kids":[],
"uid":"1712512671",
"parent":"",
"text":"官多，缺管，无纪所以无忌",
"mid":"zEyd7r0Gv",
"date":"2013-07-05 10:19:23"
},
{
"kids":[],
"uid":"1777792857",
"parent":"zEyacgyfN",
"text":"军车不是豪车反而是真军车，我有次去北京，坦克团团长的车是辆捷达。",
"mid":"zEyd79plB",
"date":"2013-07-05 10:19:20"
},
{
"kids":[],
"uid":"1946423560",
"parent":"",
"text":"",
"mid":"zEyd2oQQB",
"date":"2013-07-05 10:19:10"
},
{
"kids":[],
"uid":"1405552110",
"parent":"",
"text":"",
"mid":"zEyd039MI",
"date":"2013-07-05 10:19:03"
},
{
"kids":[],
"uid":"2704173092",
"parent":"",
"text":"军统PK中统!",
"mid":"zEycX7zky",
"date":"2013-07-05 10:18:57"
},
{
"kids":[],
"uid":"1442271710",
"parent":"zEycgwXtb",
"text":"别说我没有是非观，是太多的不平毁了它",
"mid":"zEycVCG8f",
"date":"2013-07-05 10:18:53"
},
{
"kids":[],
"uid":"1239687431",
"parent":"",
"text":"是警牛还是军牛呀最后",
"mid":"zEycTyAqf",
"date":"2013-07-05 10:18:48"
},
{
"kids":[],
"uid":"1162485460",
"parent":"",
"text":"",
"mid":"zEycTwQp3",
"date":"2013-07-05 10:18:48"
},
{
"kids":[],
"uid":"2635231687",
"parent":"",
"text":"",
"mid":"zEycTwQmQ",
"date":"2013-07-05 10:18:48"
},
{
"kids":[],
"uid":"2714514373",
"parent":"",
"text":"结果肯定还是套牌车",
"mid":"zEycMt406",
"date":"2013-07-05 10:18:31"
},
{
"kids":[],
"uid":"3504948357",
"parent":"",
"text":"",
"mid":"zEycLwCc8",
"date":"2013-07-05 10:18:30"
},
{
"kids":[],
"uid":"hairpinswans",
"parent":"",
"text":"假牌子吧？非南k，应该是NK",
"mid":"zEycK5DmE",
"date":"2013-07-05 10:18:26"
},
{
"kids":[],
"uid":"2247432284",
"parent":"",
"text":"必须扩散",
"mid":"zEycFlO9i",
"date":"2013-07-05 10:18:15"
},
{
"kids":[],
"uid":"2196232745",
"parent":"",
"text":"转。",
"mid":"zEycEuins",
"date":"2013-07-05 10:18:13"
},
{
"kids":[],
"uid":"2929005855",
"parent":"",
"text":"让他火！",
"mid":"zEycEr6iP",
"date":"2013-07-05 10:18:13"
},
{
"kids":[],
"uid":"3343019920",
"parent":"",
"text":"",
"mid":"zEycEbFpQ",
"date":"2013-07-05 10:18:12"
},
{
"kids":[],
"uid":"2967545785",
"parent":"",
"text":"这是个好交警",
"mid":"zEycDA1xy",
"date":"2013-07-05 10:18:11"
},
{
"kids":[],
"uid":"3497922052",
"parent":"",
"text":"扩散",
"mid":"zEycxoLRB",
"date":"2013-07-05 10:17:56"
},
{
"kids":[],
"uid":"1823319062",
"parent":"",
"text":"",
"mid":"zEycxlAiJ",
"date":"2013-07-05 10:17:55"
},
{
"kids":[],
"uid":"1780481460",
"parent":"",
"text":"",
"mid":"zEycx5ro7",
"date":"2013-07-05 10:17:55"
},
{
"kids":[],
"uid":"holiday168",
"parent":"",
"text":"来来来，看看部队一个坐普桑的长官都能牛到什么程度。",
"mid":"zEycurqQW",
"date":"2013-07-05 10:17:49"
},
{
"kids":[],
"uid":"1944056624",
"parent":"zEyacgyfN",
"text":"",
"mid":"zEycsnlab",
"date":"2013-07-05 10:17:43"
},
{
"kids":[
"zEASp89Li",
"zEyrciaVf",
"zEyn73vv9",
"zEymAxVmu",
"zEympke9A",
"zEymaiJWy",
"zEylxfovx",
"zEyklFJXt"
],
"uid":"512677234",
"parent":"zEyacgyfN",
"text":"【次奥，支持正义交警】",
"mid":"zEycslCjc",
"date":"2013-07-05 10:17:44"
},
{
"kids":[],
"uid":"2387126525",
"parent":"",
"text":"",
"mid":"zEycrsncB",
"date":"2013-07-05 10:17:42"
},
{
"kids":[],
"uid":"83698695",
"parent":"",
"text":"挖坟啊。。。",
"mid":"zEyclwfjM",
"date":"2013-07-05 10:17:28"
},
{
"kids":[],
"uid":"3051297137",
"parent":"",
"text":"",
"mid":"zEyclhOLj",
"date":"2013-07-05 10:17:27"
},
{
"kids":[],
"uid":"234525882",
"parent":"",
"text":"",
"mid":"zEyckmR0m",
"date":"2013-07-05 10:17:25"
},
{
"kids":[
"zEycVCG8f"
],
"uid":"1442271710",
"parent":"",
"text":"[围观],狗咬狗两嘴毛",
"mid":"zEycgwXtb",
"date":"2013-07-05 10:17:14"
},
{
"kids":[],
"uid":"3228378032",
"parent":"",
"text":"现在开军车的好像都感觉高人一等似的 牛x的啥呀不明白[弱]",
"mid":"zEycdfSPF",
"date":"2013-07-05 10:17:08"
},
{
"kids":[],
"uid":"1548570362",
"parent":"",
"text":"[围观]",
"mid":"zEyc97HCd",
"date":"2013-07-05 10:16:57"
},
{
"kids":[],
"uid":"1761140593",
"parent":"",
"text":"转发微博。",
"mid":"zEyc77RVj",
"date":"2013-07-05 10:16:52"
},
{
"kids":[],
"uid":"jackwoodhead",
"parent":"",
"text":"",
"mid":"zEyc753Mn",
"date":"2013-07-05 10:16:53"
},
{
"kids":[],
"uid":"1792952484",
"parent":"",
"text":"",
"mid":"zEybVivZD",
"date":"2013-07-05 10:16:24"
},
{
"kids":[],
"uid":"3044315875",
"parent":"",
"text":"转",
"mid":"zEybS3zFM",
"date":"2013-07-05 10:16:17"
},
{
"kids":[],
"uid":"1022207132",
"parent":"",
"text":"狗日的，南海有事你不去，钓鱼岛有事你也不去，神州大地一片太平，你他妈横个屁啊！傻逼的兵痞",
"mid":"zEybK4NKy",
"date":"2013-07-05 10:15:58"
},
{
"kids":[],
"uid":"2668875914",
"parent":"",
"text":"",
"mid":"zEybDdL0r",
"date":"2013-07-05 10:15:41"
},
{
"kids":[],
"uid":"2023453600",
"parent":"",
"text":"",
"mid":"zEybwu3jT",
"date":"2013-07-05 10:15:25"
},
{
"kids":[],
"uid":"1820079517",
"parent":"",
"text":"",
"mid":"zEybtvCrF",
"date":"2013-07-05 10:15:19"
},
{
"kids":[
"zEydCaumZ"
],
"uid":"1263665371",
"parent":"",
"text":"狗咬狗。。。。",
"mid":"zEybszARJ",
"date":"2013-07-05 10:15:17"
},
{
"kids":[],
"uid":"1109293891",
"parent":"",
"text":"当特权遭遇法制，当邪恶遭遇正义之时，拷问的是什么?",
"mid":"zEybqfEnz",
"date":"2013-07-05 10:15:11"
},
{
"kids":[],
"uid":"1168504002",
"parent":"",
"text":"有这么牛逼的军人收回钓鱼岛指日可待。[嘻嘻]",
"mid":"zEybp33nT",
"date":"2013-07-05 10:15:08"
},
{
"kids":[],
"uid":"2647637370",
"parent":"",
"text":"军队的督察呢，严重破坏我解放军形象。",
"mid":"zEybj83Cb",
"date":"2013-07-05 10:14:55"
},
{
"kids":[
"zEAoIshgs"
],
"uid":"1308890284",
"parent":"zEyacgyfN",
"text":"然后呢？",
"mid":"zEybfz4W4",
"date":"2013-07-05 10:14:46"
},
{
"kids":[],
"uid":"1404810294",
"parent":"zEyacgyfN",
"text":"",
"mid":"zEybf2YbL",
"date":"2013-07-05 10:14:43"
},
{
"kids":[],
"uid":"3221519201",
"parent":"",
"text":"",
"mid":"zEybcEPLe",
"date":"2013-07-05 10:14:37"
},
{
"kids":[],
"uid":"2263643674",
"parent":"zEyacgyfN",
"text":"",
"mid":"zEybcC4jT",
"date":"2013-07-05 10:14:40"
},
{
"kids":[],
"uid":"siulaw",
"parent":"",
"text":"",
"mid":"zEyaZEDvW",
"date":"2013-07-05 10:14:08"
},
{
"kids":[],
"uid":"1808077911",
"parent":"",
"text":"不要脸的军车[怒]",
"mid":"zEyaW6rai",
"date":"2013-07-05 10:13:59"
},
{
"kids":[],
"uid":"1496911227",
"parent":"",
"text":"交警威武",
"mid":"zEyaShvJu",
"date":"2013-07-05 10:13:49"
},
{
"kids":[],
"uid":"sscow",
"parent":"",
"text":"",
"mid":"zEyaSfR0c",
"date":"2013-07-05 10:13:49"
},
{
"kids":[
"zEyl9j7mr"
],
"uid":"1801598610",
"parent":"zEyacgyfN",
"text":"好的，车牌曝光！",
"mid":"zEyaIbAEq",
"date":"2013-07-05 10:13:26"
},
{
"kids":[],
"uid":"2367318952",
"parent":"",
"text":"",
"mid":"zEyaDbztj",
"date":"2013-07-05 10:13:13"
},
{
"kids":[],
"uid":"3212400072",
"parent":"",
"text":"",
"mid":"zEyamE2SW",
"date":"2013-07-05 10:12:34"
},
{
"kids":[],
"uid":"1313393681",
"parent":"",
"text":"南k开头很牛X啊，那要是NB开头更不得了了哦[挖鼻屎]",
"mid":"zEyamD0LJ",
"date":"2013-07-05 10:12:34"
},
{
"kids":[],
"uid":"1044938915",
"parent":"",
"text":"阳光下的罪恶",
"mid":"zEyaj5RSr",
"date":"2013-07-05 10:12:26"
},
{
"kids":[],
"uid":"1548570362",
"parent":"",
"text":"",
"mid":"zEyafwT1b",
"date":"2013-07-05 10:12:18"
},
{
"kids":[
"zEZd5qpbj",
"zEBhd98G0",
"zEB53DBQf",
"zEB1q9EEB",
"zEASp89Li",
"zEAoIshgs",
"zEAlJsEek",
"zEAgEtFxF",
"zEzXDsi7C",
"zEzWbm7ln",
"zEzopcK4A",
"zEze1ERjs",
"zEzcqD0TA",
"zEzcli7B2",
"zEz6l0Jgz",
"zEz2VpkxG",
"zEyW8DJ76",
"zEyVEwext",
"zEyVlh4xq",
"zEyRhwo2f",
"zEyOSjdlx",
"zEyL5nE4w",
"zEyKgxM2C",
"zEyIazhEC",
"zEyH14nr7",
"zEyEHrye4",
"zEyEcFEQi",
"zEyvcfsFq",
"zEytnnP7J",
"zEysHFWgG",
"zEyrciaVf",
"zEyn73vv9",
"zEymQw54i",
"zEymAxVmu",
"zEympke9A",
"zEymaiJWy",
"zEylxfovx",
"zEylvbUf2",
"zEylhztK3",
"zEyl9j7mr",
"zEykJiKpS",
"zEykq7XUS",
"zEyklFJXt",
"zEyiVl9hD",
"zEyiMawEi",
"zEyfQbVkj",
"zEyd79plB",
"zEycsnlab",
"zEycslCjc",
"zEybfz4W4",
"zEybf2YbL",
"zEybcC4jT",
"zEyaIbAEq"
],
"uid":"xinlijian",
"parent":"",
"text":"",
"mid":"zEyacgyfN",
"date":"2013-07-05 10:12:09"
},
{
"kids":[
"zEydF6kGW"
],
"uid":"whqiu",
"parent":"",
"text":"就作吧",
"mid":"zEy9RlIDc",
"date":"2013-07-05 10:11:18"
},
{
"kids":[],
"uid":"2218276454",
"parent":"",
"text":"",
"mid":"zEy9QaS4S",
"date":"2013-07-05 10:11:17"
}
]