[
{
"kids":[],
"uid":"1833164355",
"parent":"zeIB3kyYb",
"text":"",
"mid":"B2nHuAfmd",
"date":"2014-05-02 07:11:02"
},
{
"kids":[],
"uid":"2882538507",
"parent":"zeIB3kyYb",
"text":"",
"mid":"zsiBRe1Qh",
"date":"2013-04-15 20:32:40"
},
{
"kids":[],
"uid":"1229159190",
"parent":"",
"text":"",
"mid":"zr0wBihS6",
"date":"2013-04-07 08:40:00"
},
{
"kids":[],
"uid":"2609526961",
"parent":"zeIB3kyYb",
"text":"",
"mid":"znKCCDnQi",
"date":"2013-03-16 22:39:59"
},
{
"kids":[],
"uid":"1939062263",
"parent":"zeIB3kyYb",
"text":"",
"mid":"zn8FZx4ka",
"date":"2013-03-12 22:03:55"
},
{
"kids":[],
"uid":"2269716233",
"parent":"zeIbz7iQL",
"text":"慢慢改良吧。",
"mid":"zjSsEB5Do",
"date":"2013-02-19 11:16:13"
},
{
"kids":[],
"uid":"2808530582",
"parent":"zeIcIxZCw",
"text":"",
"mid":"zjHsmy06q",
"date":"2013-02-18 07:15:15"
},
{
"kids":[],
"uid":"2803866712",
"parent":"zeIcIxZCw",
"text":"",
"mid":"zjzDfjCEV",
"date":"2013-02-17 11:20:05"
},
{
"kids":[],
"uid":"1583547661",
"parent":"zeIB3kyYb",
"text":"",
"mid":"zi9wAjSLZ",
"date":"2013-02-08 03:01:57"
},
{
"kids":[],
"uid":"1583105262",
"parent":"zeIB3kyYb",
"text":"",
"mid":"zi7rE4haA",
"date":"2013-02-07 21:44:15"
},
{
"kids":[],
"uid":"2803772872",
"parent":"zeIAIn0az",
"text":"",
"mid":"zhGqbA0hd",
"date":"2013-02-05 00:56:34"
},
{
"kids":[],
"uid":"2919281340",
"parent":"zeIAIn0az",
"text":"",
"mid":"zhzTthWqG",
"date":"2013-02-04 08:19:27"
},
{
"kids":[],
"uid":"2174961050",
"parent":"zeIbz7iQL",
"text":"需要反思的中国特色，国人在无奈中越走越远。",
"mid":"zhsZikNJM",
"date":"2013-02-03 14:44:34"
},
{
"kids":[],
"uid":"2920361862",
"parent":"zeIAIn0az",
"text":"",
"mid":"zgOGYx0UG",
"date":"2013-01-30 08:09:36"
},
{
"kids":[],
"uid":"2789781300",
"parent":"zeIB3kyYb",
"text":"",
"mid":"zgLNUCvHF",
"date":"2013-01-30 00:48:26"
},
{
"kids":[],
"uid":"2920383082",
"parent":"zeIAIn0az",
"text":"",
"mid":"zgHpyqejQ",
"date":"2013-01-29 13:37:26"
},
{
"kids":[],
"uid":"1440106833",
"parent":"zeIB3kyYb",
"text":"",
"mid":"zgF0r4gRK",
"date":"2013-01-29 07:30:03"
},
{
"kids":[],
"uid":"1295136657",
"parent":"zeIbz7iQL",
"text":"真良心",
"mid":"zgEX1cU2e",
"date":"2013-01-29 07:21:38"
},
{
"kids":[],
"uid":"2297836640",
"parent":"zeIB3kyYb",
"text":"",
"mid":"zg4qe43VI",
"date":"2013-01-25 10:21:55"
},
{
"kids":[],
"uid":"2919772430",
"parent":"zeIVpqY2H",
"text":"",
"mid":"zg3Gq1Iix",
"date":"2013-01-25 08:29:05"
},
{
"kids":[],
"uid":"2483940674",
"parent":"zeIbz7iQL",
"text":"",
"mid":"zfU361wpN",
"date":"2013-01-24 07:57:30"
},
{
"kids":[],
"uid":"2416987907",
"parent":"zfTdNiDIi",
"text":"",
"mid":"zfTu3eIGo",
"date":"2013-01-24 06:31:10"
},
{
"kids":[
"zfTu3eIGo"
],
"uid":"2919562644",
"parent":"zeIVpqY2H",
"text":"",
"mid":"zfTdNiDIi",
"date":"2013-01-24 05:51:06"
},
{
"kids":[],
"uid":"1583865670",
"parent":"zeIB3kyYb",
"text":"",
"mid":"zfRistaX1",
"date":"2013-01-24 00:57:08"
},
{
"kids":[],
"uid":"sb543730553",
"parent":"zfP8ZyQJE",
"text":"",
"mid":"zfQevfsVL",
"date":"2013-01-23 22:14:33"
},
{
"kids":[],
"uid":"1007187453",
"parent":"zeIB3kyYb",
"text":"生活在无奈之中。[衰]",
"mid":"zfPLI7upN",
"date":"2013-01-23 21:03:40"
},
{
"kids":[
"zfQevfsVL"
],
"uid":"2345008104",
"parent":"zeIB3kyYb",
"text":"",
"mid":"zfP8ZyQJE",
"date":"2013-01-23 19:28:16"
},
{
"kids":[],
"uid":"1584054531",
"parent":"zeIB3kyYb",
"text":"",
"mid":"zfO65ezJ1",
"date":"2013-01-23 16:48:23"
},
{
"kids":[],
"uid":"1931125241",
"parent":"zeIbz7iQL",
"text":"",
"mid":"zfNumppY1",
"date":"2013-01-23 15:15:27"
},
{
"kids":[],
"uid":"2919348432",
"parent":"zeIcIxZCw",
"text":"",
"mid":"zfL7ktirW",
"date":"2013-01-23 09:13:13"
},
{
"kids":[],
"uid":"1560967113",
"parent":"zeIpNnIkZ",
"text":"",
"mid":"zfK9kw0nK",
"date":"2013-01-23 06:45:23"
},
{
"kids":[],
"uid":"2789805074",
"parent":"zeJVDkQiX",
"text":"",
"mid":"zfIzPBEzo",
"date":"2013-01-23 02:45:11"
},
{
"kids":[],
"uid":"2920093342",
"parent":"zeIpNnIkZ",
"text":"",
"mid":"zfCD5ps8r",
"date":"2013-01-22 11:36:44"
},
{
"kids":[],
"uid":"1588002565",
"parent":"zeJVDkQiX",
"text":"",
"mid":"zfAV0360X",
"date":"2013-01-22 07:15:21"
},
{
"kids":[],
"uid":"2919587534",
"parent":"zeIcIxZCw",
"text":"",
"mid":"zfyGDBTLy",
"date":"2013-01-22 01:34:30"
},
{
"kids":[],
"uid":"3050085301",
"parent":"zeIbz7iQL",
"text":"",
"mid":"zfy2Slol0",
"date":"2013-01-21 23:56:32"
},
{
"kids":[],
"uid":"2919248574",
"parent":"zeIAIn0az",
"text":"",
"mid":"zfqsN5PNV",
"date":"2013-01-21 04:38:24"
},
{
"kids":[],
"uid":"2789758832",
"parent":"zeIpNnIkZ",
"text":"",
"mid":"zfpH3oKAs",
"date":"2013-01-21 02:40:48"
},
{
"kids":[],
"uid":"weijiang2010",
"parent":"",
"text":"",
"mid":"zfmwQB6qL",
"date":"2013-01-20 18:37:25"
},
{
"kids":[],
"uid":"1583436442",
"parent":"zeINphIaA",
"text":"",
"mid":"zfhJIraAK",
"date":"2013-01-20 06:25:23"
},
{
"kids":[],
"uid":"2810570380",
"parent":"zeIAIn0az",
"text":"",
"mid":"zfgC6u39s",
"date":"2013-01-20 03:33:52"
},
{
"kids":[],
"uid":"2808983740",
"parent":"zeIpNnIkZ",
"text":"",
"mid":"zfgjfflIE",
"date":"2013-01-20 02:47:24"
},
{
"kids":[],
"uid":"2920189604",
"parent":"zeINphIaA",
"text":"",
"mid":"zffuQ6bKc",
"date":"2013-01-20 00:43:14"
},
{
"kids":[],
"uid":"2413464922",
"parent":"zeIddzHzl",
"text":"",
"mid":"zf9dsrTzt",
"date":"2013-01-19 08:43:56"
},
{
"kids":[],
"uid":"2919347572",
"parent":"zeIVpqY2H",
"text":"",
"mid":"zf94Q9MV2",
"date":"2013-01-19 08:22:41"
},
{
"kids":[],
"uid":"345122413",
"parent":"",
"text":"中国在世界排行榜上：1.清廉指数第79位；2.卫生医疗公平倒数第四；3.大学学费成本最高；4.城乡收入差距第一；5.税负第二；6.矿难死亡人数占全球80％；7.行政成本最高；8.收费公路14万公里10万在中国，占70%；9.有8亿人口游离于社保之外。转！这是一个什么样的中国啊！！！",
"mid":"zf3adsMaf",
"date":"2013-01-18 17:19:27"
},
{
"kids":[],
"uid":"2483038507",
"parent":"zeIbz7iQL",
"text":"",
"mid":"zf2C7wpbo",
"date":"2013-01-18 15:55:28"
},
{
"kids":[],
"uid":"1951831647",
"parent":"zeIbz7iQL",
"text":"@君无息",
"mid":"zf1qF4sU5",
"date":"2013-01-18 12:54:29"
},
{
"kids":[],
"uid":"1574673763",
"parent":"",
"text":"",
"mid":"zf1cW3Ayc",
"date":"2013-01-18 12:20:40"
},
{
"kids":[],
"uid":"2807893454",
"parent":"zeIVpqY2H",
"text":"",
"mid":"zf0IWurqU",
"date":"2013-01-18 11:06:47"
},
{
"kids":[],
"uid":"2919369302",
"parent":"zeJmH7oFH",
"text":"",
"mid":"zf0uKe85O",
"date":"2013-01-18 10:31:48"
},
{
"kids":[],
"uid":"1777281444",
"parent":"zeRLaz9cd",
"text":"",
"mid":"zf0aK4VLk",
"date":"2013-01-18 09:42:30"
},
{
"kids":[],
"uid":"1212174272",
"parent":"zeLpkAzCL",
"text":"造谣!!谁把中国排名这么高…",
"mid":"zeZX7h4j2",
"date":"2013-01-18 09:08:57"
},
{
"kids":[],
"uid":"2919400102",
"parent":"",
"text":"",
"mid":"zeYpyCHRf",
"date":"2013-01-18 05:13:31"
},
{
"kids":[],
"uid":"2919618764",
"parent":"zeIddzHzl",
"text":"",
"mid":"zeWDheZ7Q",
"date":"2013-01-18 00:41:50"
},
{
"kids":[],
"uid":"1781932695",
"parent":"",
"text":"",
"mid":"zeUhHqGZR",
"date":"2013-01-17 18:43:11"
},
{
"kids":[],
"uid":"2868536100",
"parent":"",
"text":"争相移民的因素",
"mid":"zeTQ2FF2M",
"date":"2013-01-17 17:35:03"
},
{
"kids":[],
"uid":"2019854184",
"parent":"",
"text":"",
"mid":"zeSlD6Cqi",
"date":"2013-01-17 13:47:21"
},
{
"kids":[],
"uid":"2860882851",
"parent":"zeJk2upeM",
"text":"收费公路14万公里10万在中国，占70%；",
"mid":"zeS9inRyu",
"date":"2013-01-17 13:16:59"
},
{
"kids":[
"zf0aK4VLk"
],
"uid":"3199439495",
"parent":"zeIcy0wW3",
"text":"",
"mid":"zeRLaz9cd",
"date":"2013-01-17 12:17:33"
},
{
"kids":[],
"uid":"1711912125",
"parent":"zeJk2upeM",
"text":"",
"mid":"zeRuNAs8d",
"date":"2013-01-17 11:37:13"
},
{
"kids":[],
"uid":"1757586953",
"parent":"",
"text":"",
"mid":"zeRlzwKcr",
"date":"2013-01-17 11:14:28"
},
{
"kids":[],
"uid":"2506953680",
"parent":"zeIbz7iQL",
"text":"",
"mid":"zeRkknIDA",
"date":"2013-01-17 11:11:25"
},
{
"kids":[],
"uid":"1849045782",
"parent":"zeIcy0wW3",
"text":"",
"mid":"zeRcxf8je",
"date":"2013-01-17 10:52:12"
},
{
"kids":[],
"uid":"2919270704",
"parent":"zeIQp9s88",
"text":"",
"mid":"zeQU7t4Ex",
"date":"2013-01-17 10:06:50"
},
{
"kids":[],
"uid":"2920301302",
"parent":"zeIddzHzl",
"text":"",
"mid":"zeQMNjkRV",
"date":"2013-01-17 09:48:48"
},
{
"kids":[],
"uid":"3216584041",
"parent":"zeLSi1p98",
"text":"",
"mid":"zeQDHww7t",
"date":"2013-01-17 09:26:23"
},
{
"kids":[],
"uid":"2804454382",
"parent":"zeJ96kSUM",
"text":"",
"mid":"zeQApiC8Y",
"date":"2013-01-17 09:18:17"
},
{
"kids":[],
"uid":"2617343043",
"parent":"zeLpkAzCL",
"text":"",
"mid":"zeQvAgp0x",
"date":"2013-01-17 09:06:23"
},
{
"kids":[],
"uid":"2789743834",
"parent":"zeIcIxZCw",
"text":"",
"mid":"zeQswyn6j",
"date":"2013-01-17 08:58:52"
},
{
"kids":[],
"uid":"2802916720",
"parent":"zeInKkDnJ",
"text":"",
"mid":"zeQq5hykh",
"date":"2013-01-17 08:52:50"
},
{
"kids":[],
"uid":"2534710887",
"parent":"zeIbz7iQL",
"text":"",
"mid":"zeQjItE8p",
"date":"2013-01-17 08:37:09"
},
{
"kids":[],
"uid":"2919974040",
"parent":"zeIpNnIkZ",
"text":"",
"mid":"zePDV2UYH",
"date":"2013-01-17 06:54:11"
},
{
"kids":[],
"uid":"1758025905",
"parent":"zeNIRFKk2",
"text":"",
"mid":"zePuFwXpI",
"date":"2013-01-17 06:31:24"
},
{
"kids":[],
"uid":"1776503764",
"parent":"",
"text":"",
"mid":"zePt0E5O3",
"date":"2013-01-17 06:27:19"
},
{
"kids":[],
"uid":"2809340962",
"parent":"",
"text":"",
"mid":"zeOD9FPEh",
"date":"2013-01-17 04:19:34"
},
{
"kids":[],
"uid":"1711847134",
"parent":"",
"text":"中国，中国！",
"mid":"zeOA10ltI",
"date":"2013-01-17 04:11:48"
},
{
"kids":[],
"uid":"2920201104",
"parent":"zeJVDkQiX",
"text":"",
"mid":"zeOf87DCH",
"date":"2013-01-17 03:20:22"
},
{
"kids":[],
"uid":"1589561182",
"parent":"zeIQp9s88",
"text":"",
"mid":"zeNKIj8hT",
"date":"2013-01-17 02:05:25"
},
{
"kids":[
"zePuFwXpI"
],
"uid":"2838283765",
"parent":"zeIaH02qR",
"text":"",
"mid":"zeNIRFKk2",
"date":"2013-01-17 02:00:53"
},
{
"kids":[],
"uid":"2809231052",
"parent":"",
"text":"",
"mid":"zeNH1hYhK",
"date":"2013-01-17 01:56:20"
},
{
"kids":[],
"uid":"2802861200",
"parent":"zeIc0fRrS",
"text":"",
"mid":"zeNA49NNJ",
"date":"2013-01-17 01:39:12"
},
{
"kids":[],
"uid":"2040102431",
"parent":"zeIbz7iQL",
"text":"",
"mid":"zeN326IVT",
"date":"2013-01-17 00:17:47"
},
{
"kids":[],
"uid":"2023590782",
"parent":"",
"text":"",
"mid":"zeN2dh0Nr",
"date":"2013-01-17 00:15:44"
},
{
"kids":[],
"uid":"3178439087",
"parent":"zeJk2upeM",
"text":"",
"mid":"zeLWQwhVU",
"date":"2013-01-16 21:29:50"
},
{
"kids":[],
"uid":"2205166254",
"parent":"",
"text":"不愿相信",
"mid":"zeLV7y9uu",
"date":"2013-01-16 21:25:35"
},
{
"kids":[
"zeQDHww7t"
],
"uid":"3087830652",
"parent":"zeJk2upeM",
"text":"",
"mid":"zeLSi1p98",
"date":"2013-01-16 21:18:33"
},
{
"kids":[],
"uid":"1213422865",
"parent":"",
"text":"幸福的我要骂人",
"mid":"zeLQl9qGc",
"date":"2013-01-16 21:13:48"
},
{
"kids":[],
"uid":"1728871022",
"parent":"",
"text":"轉發微博",
"mid":"zeLLNygYE",
"date":"2013-01-16 21:02:37"
},
{
"kids":[],
"uid":"1400828285",
"parent":"zeIbz7iQL",
"text":"",
"mid":"zeLBm8atn",
"date":"2013-01-16 20:36:53"
},
{
"kids":[],
"uid":"2143752364",
"parent":"zeImxzZeg",
"text":"",
"mid":"zeLAjqnTE",
"date":"2013-01-16 20:34:16"
},
{
"kids":[],
"uid":"3095090733",
"parent":"zeIB3kyYb",
"text":"",
"mid":"zeLxWB67m",
"date":"2013-01-16 20:28:29"
},
{
"kids":[
"zeZX7h4j2",
"zeQvAgp0x"
],
"uid":"1963947645",
"parent":"zeITz3OIo",
"text":"",
"mid":"zeLpkAzCL",
"date":"2013-01-16 20:07:16"
},
{
"kids":[],
"uid":"2402252633",
"parent":"",
"text":"无奈",
"mid":"zeKSosOCt",
"date":"2013-01-16 18:46:05"
},
{
"kids":[],
"uid":"1043066025",
"parent":"zeIaH02qR",
"text":"也算是年末总结!只是没考核机制",
"mid":"zeKLm6VRg",
"date":"2013-01-16 18:28:44"
},
{
"kids":[],
"uid":"1005609327",
"parent":"zeJk2upeM",
"text":"",
"mid":"zeKJCcR13",
"date":"2013-01-16 18:24:26"
},
{
"kids":[],
"uid":"2913008441",
"parent":"zeIaH02qR",
"text":"强大的天朝",
"mid":"zeKEAp8qU",
"date":"2013-01-16 18:12:05"
},
{
"kids":[],
"uid":"1981167937",
"parent":"",
"text":"还有什么可说的？",
"mid":"zeKDgBo08",
"date":"2013-01-16 18:08:49"
},
{
"kids":[],
"uid":"taoyf",
"parent":"zeKqZ6IGK",
"text":"",
"mid":"zeKsbfVla",
"date":"2013-01-16 17:41:32"
},
{
"kids":[],
"uid":"1604524274",
"parent":"zeIxyswUn",
"text":"",
"mid":"zeKrxFWCQ",
"date":"2013-01-16 17:39:57"
},
{
"kids":[
"zeKsbfVla"
],
"uid":"yuhantianshi",
"parent":"zeIcy0wW3",
"text":"",
"mid":"zeKqZ6IGK",
"date":"2013-01-16 17:38:35"
},
{
"kids":[],
"uid":"2995785155",
"parent":"",
"text":"无",
"mid":"zeKiO26dp",
"date":"2013-01-16 17:18:26"
},
{
"kids":[],
"uid":"2204961347",
"parent":"zeJYunUrc",
"text":"",
"mid":"zeKfGs6fh",
"date":"2013-01-16 17:10:45"
},
{
"kids":[],
"uid":"1272915967",
"parent":"zeIo6cZGT",
"text":"行动上要慎重不能急，但是心里要真心急。问题是我们的官老爷是真不急，如果我们也说不急不急，他就更不急了",
"mid":"zeKbYis8B",
"date":"2013-01-16 17:01:36"
},
{
"kids":[],
"uid":"2107558105",
"parent":"",
"text":"",
"mid":"zeKbqzGTC",
"date":"2013-01-16 17:00:16"
},
{
"kids":[],
"uid":"1501169101",
"parent":"",
"text":"",
"mid":"zeK9pjm3V",
"date":"2013-01-16 16:55:15"
},
{
"kids":[],
"uid":"saowo",
"parent":"zeJk2upeM",
"text":"",
"mid":"zeK8l8Sce",
"date":"2013-01-16 16:52:39"
},
{
"kids":[],
"uid":"2206701094",
"parent":"zeIbz7iQL",
"text":"",
"mid":"zeK3p15BO",
"date":"2013-01-16 16:40:27"
},
{
"kids":[],
"uid":"2628832601",
"parent":"zeItsFkYQ",
"text":"",
"mid":"zeJYAyq1e",
"date":"2013-01-16 16:28:37"
},
{
"kids":[
"zeKfGs6fh"
],
"uid":"234920410",
"parent":"zeInjcUiz",
"text":"我们有钱了肯定移民。",
"mid":"zeJYunUrc",
"date":"2013-01-16 16:28:23"
},
{
"kids":[],
"uid":"3059931135",
"parent":"zeJk2upeM",
"text":"",
"mid":"zeJWBn74i",
"date":"2013-01-16 16:23:44"
},
{
"kids":[],
"uid":"1287869902",
"parent":"",
"text":"",
"mid":"zeJWeg6tB",
"date":"2013-01-16 16:22:48"
},
{
"kids":[
"zfIzPBEzo",
"zfAV0360X",
"zeOf87DCH"
],
"uid":"2185460830",
"parent":"",
"text":"政府那些猪头。只知道争权夺势，哪管老百姓的死活。",
"mid":"zeJVDkQiX",
"date":"2013-01-16 16:21:21"
},
{
"kids":[],
"uid":"hodoba",
"parent":"zeJk2upeM",
"text":"",
"mid":"zeJPkoho9",
"date":"2013-01-16 16:05:49"
},
{
"kids":[],
"uid":"1942816235",
"parent":"zeIcy0wW3",
"text":"轉發微博",
"mid":"zeJOX53br",
"date":"2013-01-16 16:04:51"
},
{
"kids":[],
"uid":"1896175794",
"parent":"zeIcy0wW3",
"text":"",
"mid":"zeJJQiONh",
"date":"2013-01-16 15:52:19"
},
{
"kids":[],
"uid":"2497944592",
"parent":"",
"text":"",
"mid":"zeJIPkPHz",
"date":"2013-01-16 15:49:48"
},
{
"kids":[],
"uid":"3223552111",
"parent":"",
"text":"",
"mid":"zeJIErjg9",
"date":"2013-01-16 15:49:22"
},
{
"kids":[],
"uid":"dilk",
"parent":"",
"text":"前路茫茫~~",
"mid":"zeJGo5jFg",
"date":"2013-01-16 15:43:46"
},
{
"kids":[],
"uid":"2268773017",
"parent":"",
"text":"",
"mid":"zeJBCye4X",
"date":"2013-01-16 15:32:03"
},
{
"kids":[],
"uid":"1867196313",
"parent":"zeIcy0wW3",
"text":"",
"mid":"zeJANsdCN",
"date":"2013-01-16 15:30:01"
},
{
"kids":[],
"uid":"2664564651",
"parent":"zeJk2upeM",
"text":"",
"mid":"zeJxPFN1D",
"date":"2013-01-16 15:22:43"
},
{
"kids":[],
"uid":"2929793315",
"parent":"zeJk2upeM",
"text":"",
"mid":"zeJwGqsYR",
"date":"2013-01-16 15:19:53"
},
{
"kids":[],
"uid":"2117206131",
"parent":"zeJk2upeM",
"text":"",
"mid":"zeJwtrEMj",
"date":"2013-01-16 15:19:23"
},
{
"kids":[],
"uid":"2061906454",
"parent":"zeJk2upeM",
"text":"",
"mid":"zeJw2z2Bm",
"date":"2013-01-16 15:18:17"
},
{
"kids":[],
"uid":"1001472832",
"parent":"zeJk2upeM",
"text":"",
"mid":"zeJvZ2uV5",
"date":"2013-01-16 15:18:09"
},
{
"kids":[],
"uid":"2533469014",
"parent":"zeIcy0wW3",
"text":"",
"mid":"zeJvkdlre",
"date":"2013-01-16 15:16:32"
},
{
"kids":[],
"uid":"2436039364",
"parent":"zeJk2upeM",
"text":"",
"mid":"zeJvbEYyb",
"date":"2013-01-16 15:16:12"
},
{
"kids":[],
"uid":"1347931990",
"parent":"zeJk2upeM",
"text":"",
"mid":"zeJv5s3bJ",
"date":"2013-01-16 15:15:57"
},
{
"kids":[],
"uid":"1891081074",
"parent":"",
"text":"",
"mid":"zeJuG5I36",
"date":"2013-01-16 15:14:57"
},
{
"kids":[],
"uid":"2884599462",
"parent":"zeJk2upeM",
"text":"",
"mid":"zeJtSELwK",
"date":"2013-01-16 15:12:59"
},
{
"kids":[],
"uid":"3061904531",
"parent":"",
"text":"地大人多的副作用？",
"mid":"zeJsI0FWW",
"date":"2013-01-16 15:10:05"
},
{
"kids":[],
"uid":"1575808483",
"parent":"zeIcy0wW3",
"text":"",
"mid":"zeJs2ELn1",
"date":"2013-01-16 15:08:27"
},
{
"kids":[],
"uid":"3123265070",
"parent":"zeJk2upeM",
"text":"",
"mid":"zeJqJ4sEd",
"date":"2013-01-16 15:05:12"
},
{
"kids":[],
"uid":"1499017115",
"parent":"zeJk2upeM",
"text":"中国之现状",
"mid":"zeJqkglEl",
"date":"2013-01-16 15:04:13"
},
{
"kids":[],
"uid":"732112337",
"parent":"zeJn1sH41",
"text":"",
"mid":"zeJoo05VV",
"date":"2013-01-16 14:59:26"
},
{
"kids":[],
"uid":"3201422897",
"parent":"zeJk2upeM",
"text":"",
"mid":"zeJod6M9q",
"date":"2013-01-16 14:59:00"
},
{
"kids":[
"zeJoo05VV"
],
"uid":"jupengv",
"parent":"zeJkhySfd",
"text":"",
"mid":"zeJn1sH41",
"date":"2013-01-16 14:56:05"
},
{
"kids":[
"zf0uKe85O"
],
"uid":"2268175900",
"parent":"zeJk2upeM",
"text":"",
"mid":"zeJmH7oFH",
"date":"2013-01-16 14:55:16"
},
{
"kids":[],
"uid":"2646202985",
"parent":"zeJk2upeM",
"text":"",
"mid":"zeJlFfyvH",
"date":"2013-01-16 14:52:42"
},
{
"kids":[],
"uid":"3166359611",
"parent":"zeJk2upeM",
"text":"无奈。",
"mid":"zeJlcARP0",
"date":"2013-01-16 14:51:33"
},
{
"kids":[],
"uid":"johnliontim",
"parent":"zeJk2upeM",
"text":"物流成本哪有不高的。。。",
"mid":"zeJlavrGW",
"date":"2013-01-16 14:51:30"
},
{
"kids":[],
"uid":"2669158521",
"parent":"zeJk2upeM",
"text":"",
"mid":"zeJkW66wp",
"date":"2013-01-16 14:50:54"
},
{
"kids":[],
"uid":"3035055395",
"parent":"zeJk2upeM",
"text":"",
"mid":"zeJkM1ne0",
"date":"2013-01-16 14:50:32"
},
{
"kids":[],
"uid":"hpysj",
"parent":"zeJk2upeM",
"text":"",
"mid":"zeJkypAlx",
"date":"2013-01-16 14:49:59"
},
{
"kids":[
"zeJn1sH41"
],
"uid":"210106431",
"parent":"zeJk2upeM",
"text":"[话筒]",
"mid":"zeJkhySfd",
"date":"2013-01-16 14:49:20"
},
{
"kids":[],
"uid":"uc5991818",
"parent":"zeJk2upeM",
"text":"",
"mid":"zeJkbEdMK",
"date":"2013-01-16 14:49:06"
},
{
"kids":[
"zeS9inRyu",
"zeRuNAs8d",
"zeLWQwhVU",
"zeLSi1p98",
"zeKJCcR13",
"zeK8l8Sce",
"zeJWBn74i",
"zeJPkoho9",
"zeJxPFN1D",
"zeJwGqsYR",
"zeJwtrEMj",
"zeJw2z2Bm",
"zeJvZ2uV5",
"zeJvbEYyb",
"zeJv5s3bJ",
"zeJtSELwK",
"zeJqJ4sEd",
"zeJqkglEl",
"zeJod6M9q",
"zeJmH7oFH",
"zeJlFfyvH",
"zeJlcARP0",
"zeJlavrGW",
"zeJkW66wp",
"zeJkM1ne0",
"zeJkypAlx",
"zeJkhySfd",
"zeJkbEdMK"
],
"uid":"210106571",
"parent":"",
"text":"收费公路14万公里10万在中国，占70%；",
"mid":"zeJk2upeM",
"date":"2013-01-16 14:48:44"
},
{
"kids":[],
"uid":"loy615",
"parent":"",
"text":"",
"mid":"zeJhPnrZG",
"date":"2013-01-16 14:43:17"
},
{
"kids":[],
"uid":"1992892174",
"parent":"zeIbz7iQL",
"text":"",
"mid":"zeJcwe2nj",
"date":"2013-01-16 14:30:12"
},
{
"kids":[],
"uid":"1987824161",
"parent":"",
"text":"",
"mid":"zeJbU5v1Z",
"date":"2013-01-16 14:28:41"
},
{
"kids":[
"zeQApiC8Y"
],
"uid":"1420539612",
"parent":"zeIcy0wW3",
"text":"",
"mid":"zeJ96kSUM",
"date":"2013-01-16 14:21:46"
},
{
"kids":[],
"uid":"2170548257",
"parent":"zeIbz7iQL",
"text":"收费公路里程有没有被作为成绩总结呀",
"mid":"zeJ7hrKlv",
"date":"2013-01-16 14:17:18"
},
{
"kids":[],
"uid":"573377869",
"parent":"zeItsFkYQ",
"text":"",
"mid":"zeJ5ycZ7M",
"date":"2013-01-16 14:13:02"
},
{
"kids":[],
"uid":"2810986145",
"parent":"",
"text":"",
"mid":"zeJ2EgXRT",
"date":"2013-01-16 14:05:52"
},
{
"kids":[],
"uid":"igt599",
"parent":"",
"text":"我也实在是不原意相信，但很无奈",
"mid":"zeIZLea2K",
"date":"2013-01-16 13:58:45"
},
{
"kids":[],
"uid":"1766925080",
"parent":"",
"text":"转发",
"mid":"zeIZosGYz",
"date":"2013-01-16 13:57:52"
},
{
"kids":[],
"uid":"2565742591",
"parent":"",
"text":"",
"mid":"zeIYIvPXp",
"date":"2013-01-16 13:56:12"
},
{
"kids":[],
"uid":"sinosamurai",
"parent":"zeITz3OIo",
"text":"公务员最多第一，办事效率最差第一！",
"mid":"zeIVBeFIZ",
"date":"2013-01-16 13:48:29"
},
{
"kids":[
"zg3Gq1Iix",
"zfTdNiDIi",
"zf94Q9MV2",
"zf0IWurqU"
],
"uid":"2628292542",
"parent":"zeIIemgMj",
"text":"[围观]",
"mid":"zeIVpqY2H",
"date":"2013-01-16 13:48:03"
},
{
"kids":[],
"uid":"1578065501",
"parent":"",
"text":"",
"mid":"zeITR5VL1",
"date":"2013-01-16 13:44:11"
},
{
"kids":[
"zeLpkAzCL",
"zeIVBeFIZ"
],
"uid":"1778998735",
"parent":"zeIcy0wW3",
"text":"值得深思",
"mid":"zeITz3OIo",
"date":"2013-01-16 13:43:30"
},
{
"kids":[],
"uid":"1769421460",
"parent":"zeIaH02qR",
"text":"",
"mid":"zeISz2gkr",
"date":"2013-01-16 13:41:02"
},
{
"kids":[],
"uid":"2908685950",
"parent":"",
"text":"",
"mid":"zeIRPsk0x",
"date":"2013-01-16 13:39:15"
},
{
"kids":[],
"uid":"1187530565",
"parent":"",
"text":"",
"mid":"zeIQLhQ6r",
"date":"2013-01-16 13:36:35"
},
{
"kids":[
"zeQU7t4Ex",
"zeNKIj8hT"
],
"uid":"2306457961",
"parent":"",
"text":"我咋那么命苦呀！",
"mid":"zeIQp9s88",
"date":"2013-01-16 13:35:43"
},
{
"kids":[],
"uid":"2004557961",
"parent":"",
"text":"等待这样的负面消息减少",
"mid":"zeIQghttX",
"date":"2013-01-16 13:35:22"
},
{
"kids":[],
"uid":"1076252461",
"parent":"zeIaH02qR",
"text":"",
"mid":"zeIPJvrAi",
"date":"2013-01-16 13:34:03"
},
{
"kids":[
"zfhJIraAK",
"zffuQ6bKc"
],
"uid":"ningjingziyuaning",
"parent":"zeIaH02qR",
"text":"",
"mid":"zeINphIaA",
"date":"2013-01-16 13:28:21"
},
{
"kids":[],
"uid":"1102457865",
"parent":"",
"text":"",
"mid":"zeIMyExEw",
"date":"2013-01-16 13:26:15"
},
{
"kids":[],
"uid":"2304118437",
"parent":"zeImxzZeg",
"text":"",
"mid":"zeIJyu1j9",
"date":"2013-01-16 13:18:51"
},
{
"kids":[],
"uid":"1769990177",
"parent":"",
"text":"",
"mid":"zeIJ45hma",
"date":"2013-01-16 13:17:36"
},
{
"kids":[
"zeIVpqY2H"
],
"uid":"2128968637",
"parent":"zeIH5alwD",
"text":"活着真不容易",
"mid":"zeIIemgMj",
"date":"2013-01-16 13:15:35"
},
{
"kids":[],
"uid":"2386973882",
"parent":"",
"text":"中科院说：“中国政府是全世界最负责任的政府。”",
"mid":"zeIIem27x",
"date":"2013-01-16 13:15:34"
},
{
"kids":[],
"uid":"2128968637",
"parent":"",
"text":"活着真不容易啊",
"mid":"zeIHO481e",
"date":"2013-01-16 13:14:32"
},
{
"kids":[],
"uid":"2770684893",
"parent":"",
"text":"",
"mid":"zeIHsuVCQ",
"date":"2013-01-16 13:13:39"
},
{
"kids":[],
"uid":"1400655527",
"parent":"",
"text":"不准确，现在幼儿园成本高于上大学",
"mid":"zeIHb50b1",
"date":"2013-01-16 13:12:59"
},
{
"kids":[
"zeIIemgMj"
],
"uid":"2458477804",
"parent":"",
"text":"",
"mid":"zeIH5alwD",
"date":"2013-01-16 13:12:45"
},
{
"kids":[],
"uid":"1912609710",
"parent":"",
"text":"石讷shine:它基本上就不是一个国家。",
"mid":"zeIGLCyvP",
"date":"2013-01-16 13:11:58"
},
{
"kids":[],
"uid":"2902181017",
"parent":"",
"text":"",
"mid":"zeIG2aCu7",
"date":"2013-01-16 13:10:08"
},
{
"kids":[],
"uid":"1888883003",
"parent":"",
"text":"",
"mid":"zeIFQ3Egw",
"date":"2013-01-16 13:09:41"
},
{
"kids":[],
"uid":"1952731211",
"parent":"",
"text":"接近奴隶制了",
"mid":"zeIEDyhef",
"date":"2013-01-16 13:06:44"
},
{
"kids":[],
"uid":"dongxinli",
"parent":"",
"text":"最可悲的是第六条的人还在第四和第九条里",
"mid":"zeIDrr0IG",
"date":"2013-01-16 13:03:47"
},
{
"kids":[],
"uid":"historyxusu",
"parent":"zeIx7AIMW",
"text":"国家还是算的，绝对非正常国家。",
"mid":"zeIBvsOZO",
"date":"2013-01-16 12:59:01"
},
{
"kids":[],
"uid":"675815899",
"parent":"zeIbz7iQL",
"text":"",
"mid":"zeIBgm3y6",
"date":"2013-01-16 12:58:25"
},
{
"kids":[],
"uid":"1349002352",
"parent":"",
"text":"",
"mid":"zeIBbn4Ya",
"date":"2013-01-16 12:58:12"
},
{
"kids":[],
"uid":"steveming97",
"parent":"zeIck2zSd",
"text":"",
"mid":"zeIB6hTmd",
"date":"2013-01-16 12:58:01"
},
{
"kids":[
"B2nHuAfmd",
"zsiBRe1Qh",
"znKCCDnQi",
"zn8FZx4ka",
"zi9wAjSLZ",
"zi7rE4haA",
"zgLNUCvHF",
"zgF0r4gRK",
"zg4qe43VI",
"zfRistaX1",
"zfPLI7upN",
"zfP8ZyQJE",
"zfO65ezJ1",
"zeLxWB67m"
],
"uid":"2082022073",
"parent":"zeIA8m0yG",
"text":"",
"mid":"zeIB3kyYb",
"date":"2013-01-16 12:57:53"
},
{
"kids":[],
"uid":"zzwithmm",
"parent":"zeIaH02qR",
"text":"",
"mid":"zeIAJA9TX",
"date":"2013-01-16 12:57:07"
},
{
"kids":[
"zhGqbA0hd",
"zhzTthWqG",
"zgOGYx0UG",
"zgHpyqejQ",
"zfqsN5PNV",
"zfgC6u39s"
],
"uid":"2210049412",
"parent":"",
"text":"",
"mid":"zeIAIn0az",
"date":"2013-01-16 12:57:04"
},
{
"kids":[],
"uid":"2092803477",
"parent":"",
"text":"",
"mid":"zeIAf7wLv",
"date":"2013-01-16 12:55:53"
},
{
"kids":[
"B2nHuAfmd",
"zeIB3kyYb"
],
"uid":"2628832601",
"parent":"zeItsFkYQ",
"text":"",
"mid":"zeIA8m0yG",
"date":"2013-01-16 12:55:38"
},
{
"kids":[],
"uid":"1729573875",
"parent":"",
"text":"[傷心]",
"mid":"zeIA0neoP",
"date":"2013-01-16 12:55:19"
},
{
"kids":[],
"uid":"210104007",
"parent":"zeIcy0wW3",
"text":"看看我们的亚历山大",
"mid":"zeIzodFut",
"date":"2013-01-16 12:53:49"
},
{
"kids":[],
"uid":"2010914104",
"parent":"zeIiXmCRu",
"text":"",
"mid":"zeIxAvhr7",
"date":"2013-01-16 12:49:21"
},
{
"kids":[
"zeKrxFWCQ"
],
"uid":"1421783250",
"parent":"zeIiXmCRu",
"text":"",
"mid":"zeIxyswUn",
"date":"2013-01-16 12:49:16"
},
{
"kids":[],
"uid":"1773990160",
"parent":"zeIaH02qR",
"text":"",
"mid":"zeIxsxSbS",
"date":"2013-01-16 12:49:03"
},
{
"kids":[],
"uid":"1996133607",
"parent":"",
"text":"",
"mid":"zeIxr45Vl",
"date":"2013-01-16 12:48:58"
},
{
"kids":[],
"uid":"hbcuiys",
"parent":"zeItsFkYQ",
"text":"",
"mid":"zeIxhBNVT",
"date":"2013-01-16 12:48:36"
},
{
"kids":[
"zeIBvsOZO"
],
"uid":"2457329520",
"parent":"",
"text":"它基本上就不是一个国家。",
"mid":"zeIx7AIMW",
"date":"2013-01-16 12:48:13"
},
{
"kids":[],
"uid":"2430095192",
"parent":"",
"text":"",
"mid":"zeIwZAeHN",
"date":"2013-01-16 12:47:53"
},
{
"kids":[],
"uid":"2124007101",
"parent":"zeIcy0wW3",
"text":"考,在国际社会无地自容了。",
"mid":"zeIwXw9m1",
"date":"2013-01-16 12:47:49"
},
{
"kids":[],
"uid":"2410508651",
"parent":"zeIbz7iQL",
"text":"",
"mid":"zeIwTEfdA",
"date":"2013-01-16 12:47:40"
},
{
"kids":[],
"uid":"2436639115",
"parent":"",
"text":"",
"mid":"zeIwqqlqE",
"date":"2013-01-16 12:46:30"
},
{
"kids":[],
"uid":"yuyuzhao",
"parent":"zeIpT26eI",
"text":"[xb压力]",
"mid":"zeIwfuh4d",
"date":"2013-01-16 12:46:01"
},
{
"kids":[],
"uid":"2125201780",
"parent":"",
"text":"不正常的国家？",
"mid":"zeIvJ3fi8",
"date":"2013-01-16 12:44:44"
},
{
"kids":[],
"uid":"2764994982",
"parent":"",
"text":"【无奈】中国在世界排行榜上：1.清廉指数第79位；2.卫生医疗公平倒数第四；3.大学学费成本最高；4.城乡收入差距第一；5.税负第二；6.矿难死亡人数占全球80％；7.行政成本最高；8.收费公路14万公里10万在中国，占70%；9.有8亿人口游离于社保之外。转！",
"mid":"zeIuTgRp4",
"date":"2013-01-16 12:42:43"
},
{
"kids":[],
"uid":"2972319604",
"parent":"zeIpT26eI",
"text":"",
"mid":"zeIuHbhtU",
"date":"2013-01-16 12:42:14"
},
{
"kids":[],
"uid":"1908696173",
"parent":"zeIiXmCRu",
"text":"",
"mid":"zeIuc8dUP",
"date":"2013-01-16 12:41:00"
},
{
"kids":[],
"uid":"2953619805",
"parent":"",
"text":"",
"mid":"zeIu0CJxH",
"date":"2013-01-16 12:40:33"
},
{
"kids":[
"zeJYAyq1e",
"zeJ5ycZ7M",
"zeIA8m0yG",
"zeIxhBNVT"
],
"uid":"1673228931",
"parent":"zeInXkMEP",
"text":"",
"mid":"zeItsFkYQ",
"date":"2013-01-16 12:39:12"
},
{
"kids":[],
"uid":"1252278122",
"parent":"",
"text":"",
"mid":"zeIta4uCe",
"date":"2013-01-16 12:38:27"
},
{
"kids":[],
"uid":"1840148935",
"parent":"zeIbz7iQL",
"text":"还是有几个第一的嘛。",
"mid":"zeIt7DUoq",
"date":"2013-01-16 12:38:21"
},
{
"kids":[],
"uid":"2266795571",
"parent":"zeImxzZeg",
"text":"",
"mid":"zeIsK1Jgn",
"date":"2013-01-16 12:37:24"
},
{
"kids":[],
"uid":"2271277397",
"parent":"",
"text":"",
"mid":"zeIs5eybC",
"date":"2013-01-16 12:35:48"
},
{
"kids":[],
"uid":"obama0007",
"parent":"",
"text":"天朝就是那么一个神奇的地方",
"mid":"zeIs4ljdM",
"date":"2013-01-16 12:35:46"
},
{
"kids":[],
"uid":"2160699131",
"parent":"zeIbz7iQL",
"text":"",
"mid":"zeIs3asSH",
"date":"2013-01-16 12:35:43"
},
{
"kids":[],
"uid":"1978748503",
"parent":"",
"text":"哇！！！",
"mid":"zeIrw82iR",
"date":"2013-01-16 12:34:23"
},
{
"kids":[],
"uid":"2468530782",
"parent":"zeIpT26eI",
"text":"",
"mid":"zeIqL6N9W",
"date":"2013-01-16 12:32:33"
},
{
"kids":[],
"uid":"2675674573",
"parent":"zeIiXmCRu",
"text":"",
"mid":"zeIqHi3S6",
"date":"2013-01-16 12:32:22"
},
{
"kids":[],
"uid":"2357940543",
"parent":"zeIaH02qR",
"text":"数据看中国~",
"mid":"zeIqFuQvz",
"date":"2013-01-16 12:32:18"
},
{
"kids":[],
"uid":"2388992934",
"parent":"zeImxzZeg",
"text":"",
"mid":"zeIqA9omb",
"date":"2013-01-16 12:32:06"
},
{
"kids":[],
"uid":"536623464",
"parent":"",
"text":"",
"mid":"zeIqtEqoD",
"date":"2013-01-16 12:31:52"
},
{
"kids":[],
"uid":"1984824543",
"parent":"",
"text":"",
"mid":"zeIqrAl9v",
"date":"2013-01-16 12:31:46"
},
{
"kids":[],
"uid":"2251132985",
"parent":"zeIbz7iQL",
"text":"",
"mid":"zeIq86kP2",
"date":"2013-01-16 12:30:59"
},
{
"kids":[
"zeIwfuh4d",
"zeIuHbhtU",
"zeIqL6N9W"
],
"uid":"yufenghui",
"parent":"zeIiXmCRu",
"text":"",
"mid":"zeIpT26eI",
"date":"2013-01-16 12:30:23"
},
{
"kids":[],
"uid":"1829736407",
"parent":"zeIbz7iQL",
"text":"大学学费不贵，其他同意。",
"mid":"zeIpS8ReL",
"date":"2013-01-16 12:30:20"
},
{
"kids":[
"zfK9kw0nK",
"zfCD5ps8r",
"zfpH3oKAs",
"zfgjfflIE",
"zePDV2UYH"
],
"uid":"diipo520",
"parent":"",
"text":"希望得到改观",
"mid":"zeIpNnIkZ",
"date":"2013-01-16 12:30:09"
},
{
"kids":[],
"uid":"2368488440",
"parent":"",
"text":"",
"mid":"zeIpJgSa0",
"date":"2013-01-16 12:29:58"
},
{
"kids":[],
"uid":"3042929743",
"parent":"zeImxzZeg",
"text":"",
"mid":"zeIpxsnfr",
"date":"2013-01-16 12:29:32"
},
{
"kids":[],
"uid":"3151443235",
"parent":"zeIbz7iQL",
"text":"",
"mid":"zeIpbA9jN",
"date":"2013-01-16 12:28:40"
},
{
"kids":[],
"uid":"1728159334",
"parent":"zeIiXmCRu",
"text":"",
"mid":"zeIoGixGz",
"date":"2013-01-16 12:27:24"
},
{
"kids":[],
"uid":"2941601171",
"parent":"",
"text":"",
"mid":"zeIoalaf2",
"date":"2013-01-16 12:26:09"
},
{
"kids":[
"zeKbYis8B"
],
"uid":"wangrengui",
"parent":"zeIhGuEXf",
"text":"不能只看表面，好几项经不起推敲。如8亿人口游离于社保之外？数据出处是哪里？有过真实的调查吗？有些东西急不得。如社保最初提出保基本、广覆盖、多层次、可持续，现在已经改为全覆盖、保基本、多层次、可持续。当然，如反腐等不能不急！",
"mid":"zeIo6cZGT",
"date":"2013-01-16 12:25:59"
},
{
"kids":[],
"uid":"2197564392",
"parent":"zeIaH02qR",
"text":"这应该是外国的数据看中国的，比较客观",
"mid":"zeIo3ekVn",
"date":"2013-01-16 12:25:52"
},
{
"kids":[
"zeItsFkYQ"
],
"uid":"2622351147",
"parent":"zeImxzZeg",
"text":"",
"mid":"zeInXkMEP",
"date":"2013-01-16 12:25:38"
},
{
"kids":[],
"uid":"yeahren",
"parent":"",
"text":"",
"mid":"zeInMoIC0",
"date":"2013-01-16 12:25:12"
},
{
"kids":[
"zeQq5hykh"
],
"uid":"1958345047",
"parent":"zeIbz7iQL",
"text":"",
"mid":"zeInKkDnJ",
"date":"2013-01-16 12:25:07"
},
{
"kids":[],
"uid":"2941601171",
"parent":"",
"text":"",
"mid":"zeInz7ckv",
"date":"2013-01-16 12:24:38"
},
{
"kids":[],
"uid":"2151661273",
"parent":"zeImxzZeg",
"text":"",
"mid":"zeInxC5eW",
"date":"2013-01-16 12:24:36"
},
{
"kids":[],
"uid":"2353504873",
"parent":"",
"text":"",
"mid":"zeInrpPw4",
"date":"2013-01-16 12:24:22"
},
{
"kids":[
"zeJYunUrc"
],
"uid":"1558311691",
"parent":"zeIbz7iQL",
"text":"讽刺",
"mid":"zeInjcUiz",
"date":"2013-01-16 12:24:02"
},
{
"kids":[],
"uid":"tanrongrong",
"parent":"zeIbz7iQL",
"text":"",
"mid":"zeIn21aFl",
"date":"2013-01-16 12:23:20"
},
{
"kids":[],
"uid":"2204160240",
"parent":"zeIbz7iQL",
"text":"",
"mid":"zeImZlrGP",
"date":"2013-01-16 12:23:14"
},
{
"kids":[
"zeLAjqnTE",
"zeIJyu1j9",
"zeIsK1Jgn",
"zeIqA9omb",
"zeIpxsnfr",
"zeInXkMEP",
"zeInxC5eW"
],
"uid":"210106073",
"parent":"",
"text":"无奈啊！",
"mid":"zeImxzZeg",
"date":"2013-01-16 12:22:08"
},
{
"kids":[],
"uid":"578557702",
"parent":"",
"text":"",
"mid":"zeImg8JLf",
"date":"2013-01-16 12:21:27"
},
{
"kids":[],
"uid":"hanjianwenxue",
"parent":"zeIbz7iQL",
"text":"公众在反思，可惜反思也是白反思；权贵在获利，让他们反思，哈哈，你去说说",
"mid":"zeIm2A3OZ",
"date":"2013-01-16 12:20:54"
},
{
"kids":[],
"uid":"2803016383",
"parent":"zeIaH02qR",
"text":"",
"mid":"zeIlT8Qqk",
"date":"2013-01-16 12:20:32"
},
{
"kids":[],
"uid":"eedoojack",
"parent":"zeIcy0wW3",
"text":"不愿相信。",
"mid":"zeIlE1xsK",
"date":"2013-01-16 12:19:56"
},
{
"kids":[],
"uid":"1959300523",
"parent":"",
"text":"无奈啊！",
"mid":"zeIlCf3qL",
"date":"2013-01-16 12:19:52"
},
{
"kids":[],
"uid":"2375294831",
"parent":"zeIiXmCRu",
"text":"公里分普通和高速 高速要是私人投资应该收费 都免费 以后谁还投资呢",
"mid":"zeIlt5tlG",
"date":"2013-01-16 12:19:30"
},
{
"kids":[],
"uid":"2866973450",
"parent":"zeIiXmCRu",
"text":"",
"mid":"zeIlchF18",
"date":"2013-01-16 12:18:50"
},
{
"kids":[],
"uid":"2375294831",
"parent":"zeIiXmCRu",
"text":"大学学费成本不算最高吧",
"mid":"zeIkTCT0f",
"date":"2013-01-16 12:18:06"
},
{
"kids":[],
"uid":"2651838573",
"parent":"zeIbz7iQL",
"text":"国人在无奈中越走越远.",
"mid":"zeIkQmDgL",
"date":"2013-01-16 12:17:57"
},
{
"kids":[],
"uid":"2734608772",
"parent":"zeIbz7iQL",
"text":"",
"mid":"zeIkQmDgu",
"date":"2013-01-16 12:17:57"
},
{
"kids":[],
"uid":"longhuazl",
"parent":"zeIbz7iQL",
"text":"太特色了",
"mid":"zeIkCvexA",
"date":"2013-01-16 12:17:25"
},
{
"kids":[],
"uid":"1677583925",
"parent":"zeIiXmCRu",
"text":"社会主义就是好！[浮云]",
"mid":"zeIkdpbdc",
"date":"2013-01-16 12:16:24"
},
{
"kids":[],
"uid":"2599849817",
"parent":"",
"text":"",
"mid":"zeIjK6XRr",
"date":"2013-01-16 12:15:14"
},
{
"kids":[],
"uid":"2344597537",
"parent":"zeIbz7iQL",
"text":"大特色！",
"mid":"zeIjBwAnc",
"date":"2013-01-16 12:14:55"
},
{
"kids":[],
"uid":"2960759524",
"parent":"zeIbz7iQL",
"text":"",
"mid":"zeIjBiC4d",
"date":"2013-01-16 12:14:53"
},
{
"kids":[],
"uid":"1891173191",
"parent":"zeIaH02qR",
"text":"求证",
"mid":"zeIj3ySxB",
"date":"2013-01-16 12:13:34"
},
{
"kids":[],
"uid":"2782592712",
"parent":"zeIiq2meM",
"text":"",
"mid":"zeIj2o2lx",
"date":"2013-01-16 12:13:31"
},
{
"kids":[],
"uid":"3121842672",
"parent":"zeIbz7iQL",
"text":"[泪]",
"mid":"zeIj0lkot",
"date":"2013-01-16 12:13:25"
},
{
"kids":[
"zeIxAvhr7",
"zeIxyswUn",
"zeIuc8dUP",
"zeIqHi3S6",
"zeIpT26eI",
"zeIoGixGz",
"zeIlt5tlG",
"zeIlchF18",
"zeIkTCT0f",
"zeIkdpbdc"
],
"uid":"1293968875",
"parent":"",
"text":"",
"mid":"zeIiXmCRu",
"date":"2013-01-16 12:13:18"
},
{
"kids":[
"zeIj2o2lx"
],
"uid":"2276870447",
"parent":"zeIdIl8sm",
"text":"",
"mid":"zeIiq2meM",
"date":"2013-01-16 12:11:59"
},
{
"kids":[],
"uid":"2550315300",
"parent":"",
"text":"[围观]",
"mid":"zeIi8f2HW",
"date":"2013-01-16 12:11:15"
},
{
"kids":[],
"uid":"2931611887",
"parent":"",
"text":"…",
"mid":"zeIi3g6Tq",
"date":"2013-01-16 12:11:05"
},
{
"kids":[],
"uid":"3027722677",
"parent":"zeIbz7iQL",
"text":"转",
"mid":"zeIhPF4kx",
"date":"2013-01-16 12:10:33"
},
{
"kids":[],
"uid":"1725503787",
"parent":"zeIcy0wW3",
"text":"",
"mid":"zeIhH6iK2",
"date":"2013-01-16 12:10:12"
},
{
"kids":[
"zeIo6cZGT"
],
"uid":"1272915967",
"parent":"zeIbz7iQL",
"text":"元芳，怎么办？",
"mid":"zeIhGuEXf",
"date":"2013-01-16 12:10:11"
},
{
"kids":[],
"uid":"2453581644",
"parent":"zeIbz7iQL",
"text":"很有特色",
"mid":"zeIhvgX3E",
"date":"2013-01-16 12:09:43"
},
{
"kids":[],
"uid":"2416339642",
"parent":"",
"text":"[抓狂]",
"mid":"zeIheFuFx",
"date":"2013-01-16 12:09:03"
},
{
"kids":[],
"uid":"1666909947",
"parent":"",
"text":"？求辟谣哇",
"mid":"zeIgREIAu",
"date":"2013-01-16 12:08:08"
},
{
"kids":[],
"uid":"1965322005",
"parent":"zeIbz7iQL",
"text":"",
"mid":"zeIgG7ghW",
"date":"2013-01-16 12:07:42"
},
{
"kids":[],
"uid":"2691936485",
"parent":"",
"text":"无语",
"mid":"zeIgEDHMh",
"date":"2013-01-16 12:07:39"
},
{
"kids":[],
"uid":"2012387135",
"parent":"zeIbz7iQL",
"text":"多说点社会主义，少说点中国特色。",
"mid":"zeIgDutWO",
"date":"2013-01-16 12:07:35"
},
{
"kids":[],
"uid":"2893400523",
"parent":"zeIdqifrN",
"text":"系统自动转发[酷][酷][酷][酷][酷]",
"mid":"zeIgCAqRZ",
"date":"2013-01-16 12:07:33"
},
{
"kids":[],
"uid":"1932028432",
"parent":"",
"text":"[抓狂]",
"mid":"zeIgve7cm",
"date":"2013-01-16 12:07:16"
},
{
"kids":[],
"uid":"majianyang",
"parent":"",
"text":"",
"mid":"zeIgisENv",
"date":"2013-01-16 12:06:45"
},
{
"kids":[],
"uid":"2127894547",
"parent":"",
"text":"",
"mid":"zeIfV85Br",
"date":"2013-01-16 12:05:49"
},
{
"kids":[],
"uid":"2285023625",
"parent":"zeIbz7iQL",
"text":"",
"mid":"zeIfJiMKU",
"date":"2013-01-16 12:05:22"
},
{
"kids":[],
"uid":"alwaysthehours",
"parent":"zeIcy0wW3",
"text":"",
"mid":"zeIfAax8p",
"date":"2013-01-16 12:05:00"
},
{
"kids":[],
"uid":"3196370171",
"parent":"zeIbz7iQL",
"text":"",
"mid":"zeIfn93Od",
"date":"2013-01-16 12:04:29"
},
{
"kids":[],
"uid":"1265804304",
"parent":"zeIbz7iQL",
"text":"",
"mid":"zeIfhfJGo",
"date":"2013-01-16 12:04:15"
},
{
"kids":[],
"uid":"hati",
"parent":"",
"text":"想说爱你不容易.",
"mid":"zeIfhepo8",
"date":"2013-01-16 12:04:15"
},
{
"kids":[],
"uid":"2766446343",
"parent":"",
"text":"",
"mid":"zeIfbjKRs",
"date":"2013-01-16 12:04:01"
},
{
"kids":[],
"uid":"zzard",
"parent":"",
"text":"[草泥马]",
"mid":"zeIf34KaF",
"date":"2013-01-16 12:03:41"
},
{
"kids":[],
"uid":"1974022493",
"parent":"",
"text":"",
"mid":"zeIeVDSEm",
"date":"2013-01-16 12:03:24"
},
{
"kids":[],
"uid":"2782711695",
"parent":"zeIbz7iQL",
"text":"",
"mid":"zeIeOkoKu",
"date":"2013-01-16 12:03:06"
},
{
"kids":[],
"uid":"2661383505",
"parent":"zeIbz7iQL",
"text":"",
"mid":"zeIeMuiwy",
"date":"2013-01-16 12:03:01"
},
{
"kids":[],
"uid":"2677959542",
"parent":"zeIbz7iQL",
"text":"",
"mid":"zeIeG1LTb",
"date":"2013-01-16 12:02:46"
},
{
"kids":[],
"uid":"1880226617",
"parent":"zeIbz7iQL",
"text":"每个自己都有可能",
"mid":"zeIeEwF0T",
"date":"2013-01-16 12:02:44"
},
{
"kids":[],
"uid":"2818772400",
"parent":"zeIbz7iQL",
"text":"",
"mid":"zeIebhqMC",
"date":"2013-01-16 12:01:33"
},
{
"kids":[],
"uid":"1671355410",
"parent":"zeIbz7iQL",
"text":"",
"mid":"zeIe9xjs8",
"date":"2013-01-16 12:01:28"
},
{
"kids":[],
"uid":"lifeove",
"parent":"zeIcy0wW3",
"text":"无奈！期盼吧",
"mid":"zeIe8kkJg",
"date":"2013-01-16 12:01:26"
},
{
"kids":[],
"uid":"2921131300",
"parent":"",
"text":"",
"mid":"zeIe6xCx1",
"date":"2013-01-16 12:01:22"
},
{
"kids":[],
"uid":"1721939190",
"parent":"zeIcy0wW3",
"text":"",
"mid":"zeIdYhvGE",
"date":"2013-01-16 12:01:01"
},
{
"kids":[],
"uid":"rucandie",
"parent":"zeIbz7iQL",
"text":"触目惊心。。。",
"mid":"zeIdVEXX5",
"date":"2013-01-16 12:00:56"
},
{
"kids":[],
"uid":"2238036597",
"parent":"zeIbz7iQL",
"text":"",
"mid":"zeIdSmD6K",
"date":"2013-01-16 12:00:47"
},
{
"kids":[],
"uid":"1909460741",
"parent":"zeIbz7iQL",
"text":"希望能越来越公平吧，打击腐败",
"mid":"zeIdQlVOq",
"date":"2013-01-16 12:00:43"
},
{
"kids":[],
"uid":"1407455874",
"parent":"zeIbJ6df2",
"text":"中科院的国家健康研究课题？让白春礼解释吧[笑哈哈]",
"mid":"zeIdP7HDC",
"date":"2013-01-16 12:00:40"
},
{
"kids":[],
"uid":"100cjiaju",
"parent":"zeIbz7iQL",
"text":"实用排行榜",
"mid":"zeIdLh8lI",
"date":"2013-01-16 12:00:30"
},
{
"kids":[
"zeIiq2meM"
],
"uid":"newnbo",
"parent":"zeIbz7iQL",
"text":"",
"mid":"zeIdIl8sm",
"date":"2013-01-16 12:00:24"
},
{
"kids":[],
"uid":"2137822440",
"parent":"",
"text":"转发微博。",
"mid":"zeIdxp4ns",
"date":"2013-01-16 11:59:58"
},
{
"kids":[],
"uid":"2525200854",
"parent":"",
"text":"",
"mid":"zeIdruq4f",
"date":"2013-01-16 11:59:43"
},
{
"kids":[
"zeIgCAqRZ"
],
"uid":"2046law",
"parent":"zeIbz7iQL",
"text":"",
"mid":"zeIdqifrN",
"date":"2013-01-16 11:59:40"
},
{
"kids":[],
"uid":"2365659574",
"parent":"zeIcy0wW3",
"text":"惊恐。。。",
"mid":"zeIdpp0uu",
"date":"2013-01-16 11:59:38"
},
{
"kids":[],
"uid":"liangxueying",
"parent":"zeIbz7iQL",
"text":"这是因为有差距我们才要迎头赶上。否则这些数字的统计就没有意义了……",
"mid":"zeIdnDQOy",
"date":"2013-01-16 11:59:34"
},
{
"kids":[],
"uid":"1663869361",
"parent":"zeIbz7iQL",
"text":"",
"mid":"zeIdfDMJw",
"date":"2013-01-16 11:59:15"
},
{
"kids":[
"zf9dsrTzt",
"zeWDheZ7Q",
"zeQMNjkRV"
],
"uid":"1911237497",
"parent":"zeIbz7iQL",
"text":"",
"mid":"zeIddzHzl",
"date":"2013-01-16 11:59:11"
},
{
"kids":[],
"uid":"hzhjinyu",
"parent":"zeIbz7iQL",
"text":"确实要努力！",
"mid":"zeIdaDHwd",
"date":"2013-01-16 11:59:04"
},
{
"kids":[],
"uid":"1862438990",
"parent":"zeIbz7iQL",
"text":"无语！",
"mid":"zeId5kGLM",
"date":"2013-01-16 11:58:51"
},
{
"kids":[],
"uid":"xiaosenv",
"parent":"zeIbz7iQL",
"text":"",
"mid":"zeId2pdqf",
"date":"2013-01-16 11:58:44"
},
{
"kids":[],
"uid":"2330161735",
"parent":"zeIaH02qR",
"text":"",
"mid":"zeIcXFnXc",
"date":"2013-01-16 11:58:32"
},
{
"kids":[],
"uid":"2037079267",
"parent":"zeIbz7iQL",
"text":"不得不转",
"mid":"zeIcWsI2Q",
"date":"2013-01-16 11:58:28"
},
{
"kids":[],
"uid":"2035166957",
"parent":"zeIbz7iQL",
"text":"哎",
"mid":"zeIcWb6PH",
"date":"2013-01-16 11:58:29"
},
{
"kids":[],
"uid":"1709157941",
"parent":"zeIbz7iQL",
"text":"#请插入话题名称#",
"mid":"zeIcUqrCm",
"date":"2013-01-16 11:58:25"
},
{
"kids":[],
"uid":"1814941304",
"parent":"zeIbz7iQL",
"text":"",
"mid":"zeIcP6AkL",
"date":"2013-01-16 11:58:12"
},
{
"kids":[
"zjHsmy06q",
"zjzDfjCEV",
"zfL7ktirW",
"zfyGDBTLy",
"zeQswyn6j"
],
"uid":"1813369842",
"parent":"",
"text":"",
"mid":"zeIcIxZCw",
"date":"2013-01-16 11:57:57"
},
{
"kids":[],
"uid":"jnfg321",
"parent":"",
"text":"有这感觉",
"mid":"zeIcCDl1j",
"date":"2013-01-16 11:57:42"
},
{
"kids":[
"zeRLaz9cd",
"zeRcxf8je",
"zeKqZ6IGK",
"zeJOX53br",
"zeJJQiONh",
"zeJANsdCN",
"zeJvkdlre",
"zeJs2ELn1",
"zeJ96kSUM",
"zeITz3OIo",
"zeIzodFut",
"zeIwXw9m1",
"zeIlE1xsK",
"zeIhH6iK2",
"zeIfAax8p",
"zeIe8kkJg",
"zeIdYhvGE",
"zeIdpp0uu"
],
"uid":"1497700524",
"parent":"",
"text":"震撼。。。",
"mid":"zeIcy0wW3",
"date":"2013-01-16 11:57:29"
},
{
"kids":[],
"uid":"3194028637",
"parent":"",
"text":"",
"mid":"zeIcupdpp",
"date":"2013-01-16 11:57:23"
},
{
"kids":[],
"uid":"2834026600",
"parent":"",
"text":"转发微博。",
"mid":"zeIcmFRCm",
"date":"2013-01-16 11:57:05"
},
{
"kids":[],
"uid":"2538199247",
"parent":"zeIbz7iQL",
"text":"",
"mid":"zeIcmogoG",
"date":"2013-01-16 11:57:03"
},
{
"kids":[],
"uid":"2661057383",
"parent":"zeIbz7iQL",
"text":"",
"mid":"zeIclwlCj",
"date":"2013-01-16 11:57:01"
},
{
"kids":[
"zeIB6hTmd"
],
"uid":"111983822",
"parent":"zeIbz7iQL",
"text":"",
"mid":"zeIck2zSd",
"date":"2013-01-16 11:56:58"
},
{
"kids":[],
"uid":"2658130893",
"parent":"zeIbz7iQL",
"text":"",
"mid":"zeIce9fIu",
"date":"2013-01-16 11:56:43"
},
{
"kids":[],
"uid":"1824692581",
"parent":"zeIbz7iQL",
"text":"中国的经济和民众的生活水平在近年来都取得了举世羡慕的发展，但是社会却有朝着革命方向发展的倾向。",
"mid":"zeIc3tszl",
"date":"2013-01-16 11:56:19"
},
{
"kids":[],
"uid":"2291353600",
"parent":"zeIaH02qR",
"text":"",
"mid":"zeIc1aHvD",
"date":"2013-01-16 11:56:12"
},
{
"kids":[
"zeNA49NNJ"
],
"uid":"1030293665",
"parent":"zeIaH02qR",
"text":"",
"mid":"zeIc0fRrS",
"date":"2013-01-16 11:56:11"
},
{
"kids":[],
"uid":"1427916845",
"parent":"zeIbz7iQL",
"text":"",
"mid":"zeIbUEnv6",
"date":"2013-01-16 11:55:57"
},
{
"kids":[],
"uid":"2789436107",
"parent":"zeIbz7iQL",
"text":"",
"mid":"zeIbShQUH",
"date":"2013-01-16 11:55:51"
},
{
"kids":[],
"uid":"1871146532",
"parent":"zeIbz7iQL",
"text":"",
"mid":"zeIbP4Qr2",
"date":"2013-01-16 11:55:44"
},
{
"kids":[],
"uid":"1669186022",
"parent":"zeIbz7iQL",
"text":"",
"mid":"zeIbMnb18",
"date":"2013-01-16 11:55:38"
},
{
"kids":[
"zeIdP7HDC"
],
"uid":"agui2010",
"parent":"zeIbz7iQL",
"text":"",
"mid":"zeIbJ6df2",
"date":"2013-01-16 11:55:28"
},
{
"kids":[
"zjSsEB5Do",
"zhsZikNJM",
"zgEX1cU2e",
"zfU361wpN",
"zfNumppY1",
"zfy2Slol0",
"zf2C7wpbo",
"zf1qF4sU5",
"zeRkknIDA",
"zeQjItE8p",
"zeN326IVT",
"zeLBm8atn",
"zeK3p15BO",
"zeJcwe2nj",
"zeJ7hrKlv",
"zeIBgm3y6",
"zeIwTEfdA",
"zeIt7DUoq",
"zeIs3asSH",
"zeIq86kP2",
"zeIpS8ReL",
"zeIpbA9jN",
"zeInKkDnJ",
"zeInjcUiz",
"zeIn21aFl",
"zeImZlrGP",
"zeIm2A3OZ",
"zeIkQmDgL",
"zeIkQmDgu",
"zeIkCvexA",
"zeIjBwAnc",
"zeIjBiC4d",
"zeIj0lkot",
"zeIhPF4kx",
"zeIhGuEXf",
"zeIhvgX3E",
"zeIgG7ghW",
"zeIgDutWO",
"zeIfJiMKU",
"zeIfn93Od",
"zeIfhfJGo",
"zeIeOkoKu",
"zeIeMuiwy",
"zeIeG1LTb",
"zeIeEwF0T",
"zeIebhqMC",
"zeIe9xjs8",
"zeIdVEXX5",
"zeIdSmD6K",
"zeIdQlVOq",
"zeIdLh8lI",
"zeIdIl8sm",
"zeIdqifrN",
"zeIdnDQOy",
"zeIdfDMJw",
"zeIddzHzl",
"zeIdaDHwd",
"zeId5kGLM",
"zeId2pdqf",
"zeIcWsI2Q",
"zeIcWb6PH",
"zeIcUqrCm",
"zeIcP6AkL",
"zeIcmogoG",
"zeIclwlCj",
"zeIck2zSd",
"zeIce9fIu",
"zeIc3tszl",
"zeIbUEnv6",
"zeIbShQUH",
"zeIbP4Qr2",
"zeIbMnb18",
"zeIbJ6df2"
],
"uid":"1003763994",
"parent":"",
"text":"需要反思的中国特色。",
"mid":"zeIbz7iQL",
"date":"2013-01-16 11:55:04"
},
{
"kids":[
"zeNIRFKk2",
"zeKLm6VRg",
"zeKEAp8qU",
"zeISz2gkr",
"zeIPJvrAi",
"zeINphIaA",
"zeIAJA9TX",
"zeIxsxSbS",
"zeIqFuQvz",
"zeIo3ekVn",
"zeIlT8Qqk",
"zeIj3ySxB",
"zeIcXFnXc",
"zeIc1aHvD",
"zeIc0fRrS"
],
"uid":"1865874465",
"parent":"",
"text":"数据看中国~",
"mid":"zeIaH02qR",
"date":"2013-01-16 11:52:56"
}
]