[
{
"kids":[],
"uid":"2237588913",
"parent":"zAmClFWi0",
"text":"",
"mid":"zFnv7nyrN",
"date":"2013-07-10 20:53:47"
},
{
"kids":[],
"uid":"3318278251",
"parent":"zBOne4fBw",
"text":"",
"mid":"zBPhHoStV",
"date":"2013-06-17 12:16:25"
},
{
"kids":[
"zBPhHoStV"
],
"uid":"2919935172",
"parent":"zAqYd2ox1",
"text":"",
"mid":"zBOne4fBw",
"date":"2013-06-17 09:57:18"
},
{
"kids":[],
"uid":"3044700742",
"parent":"zAmeS6bDy",
"text":"",
"mid":"zBFCKyjSI",
"date":"2013-06-16 11:40:50"
},
{
"kids":[],
"uid":"2919349212",
"parent":"zAqYd2ox1",
"text":"",
"mid":"zBFzrv8oJ",
"date":"2013-06-16 11:32:40"
},
{
"kids":[],
"uid":"2803766314",
"parent":"zAqYd2ox1",
"text":"",
"mid":"zBEWDAre3",
"date":"2013-06-16 09:57:04"
},
{
"kids":[],
"uid":"3043495844",
"parent":"zAmeS6bDy",
"text":"",
"mid":"zBDO7u7Tu",
"date":"2013-06-16 07:03:21"
},
{
"kids":[],
"uid":"3043894770",
"parent":"zAmNgDgqG",
"text":"",
"mid":"zBx4DAJah",
"date":"2013-06-15 13:54:49"
},
{
"kids":[],
"uid":"2789792514",
"parent":"zAmeS6bDy",
"text":"",
"mid":"zBuR7aS9x",
"date":"2013-06-15 08:16:00"
},
{
"kids":[],
"uid":"2117223885",
"parent":"",
"text":"",
"mid":"zBpMvs8tJ",
"date":"2013-06-14 19:20:54"
},
{
"kids":[],
"uid":"2803415244",
"parent":"zAmNgDgqG",
"text":"",
"mid":"zBnNg1zHx",
"date":"2013-06-14 14:17:16"
},
{
"kids":[],
"uid":"2805342882",
"parent":"zAmNgDgqG",
"text":"",
"mid":"zBngTBgwk",
"date":"2013-06-14 12:57:33"
},
{
"kids":[],
"uid":"3045208352",
"parent":"zArD88PgC",
"text":"",
"mid":"zBled9v7a",
"date":"2013-06-14 07:45:26"
},
{
"kids":[],
"uid":"3043475294",
"parent":"zArD88PgC",
"text":"",
"mid":"zBcRh6VYZ",
"date":"2013-06-13 10:26:57"
},
{
"kids":[],
"uid":"1713681874",
"parent":"",
"text":"[围观]",
"mid":"zBcg78qFR",
"date":"2013-06-13 08:55:23"
},
{
"kids":[],
"uid":"2920243674",
"parent":"zArD88PgC",
"text":"",
"mid":"zBc4viYsC",
"date":"2013-06-13 08:26:48"
},
{
"kids":[],
"uid":"3043554882",
"parent":"zAmder1kT",
"text":"",
"mid":"zBbvnf1W0",
"date":"2013-06-13 07:00:15"
},
{
"kids":[],
"uid":"3270899724",
"parent":"",
"text":"",
"mid":"zAVZQE3RD",
"date":"2013-06-11 15:31:23"
},
{
"kids":[],
"uid":"3044396004",
"parent":"zAqYd2ox1",
"text":"",
"mid":"zAUs0xvsD",
"date":"2013-06-11 11:35:15"
},
{
"kids":[],
"uid":"2805488922",
"parent":"zAqYd2ox1",
"text":"",
"mid":"zATUqwThr",
"date":"2013-06-11 10:12:31"
},
{
"kids":[],
"uid":"2919323194",
"parent":"zAqYd2ox1",
"text":"",
"mid":"zAMeWbejg",
"date":"2013-06-10 14:41:04"
},
{
"kids":[],
"uid":"1775051393",
"parent":"",
"text":"不实消息",
"mid":"zAKL3qgEO",
"date":"2013-06-10 10:54:43"
},
{
"kids":[],
"uid":"2478146",
"parent":"",
"text":"",
"mid":"zAIb9Cq3R",
"date":"2013-06-10 04:20:46"
},
{
"kids":[],
"uid":"2480708477",
"parent":"",
"text":"",
"mid":"zAEbZpbwE",
"date":"2013-06-09 18:11:51"
},
{
"kids":[],
"uid":"2842175732",
"parent":"",
"text":"城管就是这样被聘用的！",
"mid":"zADxNe6SL",
"date":"2013-06-09 16:32:50"
},
{
"kids":[],
"uid":"67486153",
"parent":"",
"text":"[蜡烛][蜡烛][蜡烛][蜡烛][蜡烛][蜡烛][蜡烛][蜡烛][蜡烛][蜡烛][蜡烛][蜡烛][蜡烛][蜡烛][蜡烛][蜡烛][蜡烛][蜡烛][蜡烛][蜡烛][蜡烛][蜡烛][蜡烛]",
"mid":"zACS3zMDw",
"date":"2013-06-09 14:49:59"
},
{
"kids":[],
"uid":"1442290061",
"parent":"",
"text":"",
"mid":"zACcjnArV",
"date":"2013-06-09 13:07:07"
},
{
"kids":[],
"uid":"3045379472",
"parent":"zAmNgDgqG",
"text":"",
"mid":"zAC8E9Jkk",
"date":"2013-06-09 12:58:05"
},
{
"kids":[],
"uid":"2922697277",
"parent":"",
"text":"",
"mid":"zAC8yyEmY",
"date":"2013-06-09 12:57:53"
},
{
"kids":[],
"uid":"3249357985",
"parent":"",
"text":"",
"mid":"zABXfmg4L",
"date":"2013-06-09 12:30:02"
},
{
"kids":[],
"uid":"1725629690",
"parent":"zAmNgDgqG",
"text":"",
"mid":"zAAjwCPPc",
"date":"2013-06-09 08:19:26"
},
{
"kids":[],
"uid":"2824276355",
"parent":"",
"text":"#郑媛媛#",
"mid":"zAAiWC7dO",
"date":"2013-06-09 08:18:00"
},
{
"kids":[],
"uid":"2428848402",
"parent":"",
"text":"",
"mid":"zAx2vyWkd",
"date":"2013-06-08 23:59:16"
},
{
"kids":[],
"uid":"2126223155",
"parent":"zAnvnqJU2",
"text":"",
"mid":"zAwJSvNXz",
"date":"2013-06-08 23:13:22"
},
{
"kids":[],
"uid":"2615588401",
"parent":"",
"text":"呵呵，看看得了，1024",
"mid":"zAwqHtkMt",
"date":"2013-06-08 22:26:07"
},
{
"kids":[],
"uid":"tanhaosong",
"parent":"",
"text":"呵呵",
"mid":"zAwmZivwT",
"date":"2013-06-08 22:16:55"
},
{
"kids":[],
"uid":"2320209243",
"parent":"",
"text":"这世道，这人渣，",
"mid":"zAwg79m0K",
"date":"2013-06-08 22:00:02"
},
{
"kids":[],
"uid":"3198313050",
"parent":"",
"text":"活该了吧。",
"mid":"zAvhYEYts",
"date":"2013-06-08 19:31:52"
},
{
"kids":[],
"uid":"kekexili2011",
"parent":"zAsnsh4ZX",
"text":"",
"mid":"zAv8JoLxI",
"date":"2013-06-08 19:09:04"
},
{
"kids":[],
"uid":"2302154872",
"parent":"",
"text":"不实内容还能转发？",
"mid":"zAuip9AxJ",
"date":"2013-06-08 17:00:10"
},
{
"kids":[],
"uid":"1898647787",
"parent":"zArGn4AaT",
"text":"姐，够彪悍呀",
"mid":"zAubEriCo",
"date":"2013-06-08 16:43:33"
},
{
"kids":[],
"uid":"lawmanxie",
"parent":"",
"text":"既然官方已辟谣，为何还不删除这个页面，不管真假这尺度还是有点大的说",
"mid":"zAuar8lJR",
"date":"2013-06-08 16:40:33"
},
{
"kids":[],
"uid":"2550915503",
"parent":"",
"text":"",
"mid":"zAtUkmhXx",
"date":"2013-06-08 16:00:52"
},
{
"kids":[],
"uid":"1058315924",
"parent":"",
"text":"@ghoul鬼哥 @crazy666777 @搬泥君",
"mid":"zAtKI2pV4",
"date":"2013-06-08 15:37:10"
},
{
"kids":[],
"uid":"1746676870",
"parent":"zAneprN3t",
"text":"一架成名",
"mid":"zAtKiD1i2",
"date":"2013-06-08 15:36:10"
},
{
"kids":[],
"uid":"2829266381",
"parent":"",
"text":"",
"mid":"zAtHH1ZR8",
"date":"2013-06-08 15:29:43"
},
{
"kids":[],
"uid":"arthin",
"parent":"",
"text":"说是不实消息。怎么不实？",
"mid":"zAtHfw5Qe",
"date":"2013-06-08 15:28:39"
},
{
"kids":[],
"uid":"1738095245",
"parent":"",
"text":"@刘然_珠子 @非Thelost @ewen-z @Mis晨晨晨 @Superlu璐67 @李胤熙MAX",
"mid":"zAtBfwCSP",
"date":"2013-06-08 15:13:51"
},
{
"kids":[],
"uid":"1813148262",
"parent":"",
"text":"操",
"mid":"zAtxpiTQ5",
"date":"2013-06-08 15:04:23"
},
{
"kids":[],
"uid":"2393806761",
"parent":"",
"text":"",
"mid":"zAtsvxYxt",
"date":"2013-06-08 14:52:18"
},
{
"kids":[],
"uid":"hemao1037312335",
"parent":"",
"text":"",
"mid":"zAtq0qpLT",
"date":"2013-06-08 14:46:08"
},
{
"kids":[],
"uid":"1905659194",
"parent":"",
"text":"这人肉，这年头不要出名，谁还没有个小揪揪。。。",
"mid":"zAt8YlRDG",
"date":"2013-06-08 14:04:11"
},
{
"kids":[],
"uid":"ouhaiwen",
"parent":"zAm9msbxu",
"text":"",
"mid":"zAsZpkfy6",
"date":"2013-06-08 13:40:37"
},
{
"kids":[],
"uid":"2194257300",
"parent":"zAmder1kT",
"text":"[围观][围观]",
"mid":"zAsYEzZmL",
"date":"2013-06-08 13:38:46"
},
{
"kids":[],
"uid":"93808338",
"parent":"zAmcCyX5N",
"text":"福利啊，今晚上1024找无码去。",
"mid":"zAsXnpEpY",
"date":"2013-06-08 13:35:39"
},
{
"kids":[],
"uid":"2647547371",
"parent":"",
"text":"",
"mid":"zAsWBwKJD",
"date":"2013-06-08 13:33:43"
},
{
"kids":[],
"uid":"2268516367",
"parent":"zAsL0Brpd",
"text":"",
"mid":"zAsVYda0w",
"date":"2013-06-08 13:32:10"
},
{
"kids":[],
"uid":"3060916242",
"parent":"",
"text":"不管真假，无耻之人就该被人肉，我顶",
"mid":"zAsT4hAkB",
"date":"2013-06-08 13:24:59"
},
{
"kids":[],
"uid":"3177328584",
"parent":"zAqYx6WlR",
"text":"挺厉害啊！",
"mid":"zAsRptARq",
"date":"2013-06-08 13:20:55"
},
{
"kids":[],
"uid":"1806822381",
"parent":"zAmg05gur",
"text":"活B该",
"mid":"zAsQN3Xsk",
"date":"2013-06-08 13:19:24"
},
{
"kids":[],
"uid":"316632223",
"parent":"",
"text":"",
"mid":"zAsQFChQ5",
"date":"2013-06-08 13:19:06"
},
{
"kids":[],
"uid":"2140767007",
"parent":"",
"text":"网络的力量[汗][汗][汗]",
"mid":"zAsP4FHIG",
"date":"2013-06-08 13:15:10"
},
{
"kids":[],
"uid":"1887546877",
"parent":"",
"text":"",
"mid":"zAsLppq7S",
"date":"2013-06-08 13:06:09"
},
{
"kids":[
"zAsVYda0w"
],
"uid":"2163243564",
"parent":"zAmcCyX5N",
"text":"[哈哈][哈哈]",
"mid":"zAsL0Brpd",
"date":"2013-06-08 13:05:08"
},
{
"kids":[],
"uid":"2132100441",
"parent":"",
"text":"[兔子]",
"mid":"zAsJQv92q",
"date":"2013-06-08 13:02:17"
},
{
"kids":[],
"uid":"laowanmian",
"parent":"",
"text":"城管也是人，有何大惊小怪[熊猫]",
"mid":"zAsyUELSJ",
"date":"2013-06-08 12:35:22"
},
{
"kids":[],
"uid":"2937218805",
"parent":"",
"text":"",
"mid":"zAsxat6q9",
"date":"2013-06-08 12:31:04"
},
{
"kids":[],
"uid":"1584302250",
"parent":"zAmoe8FeO",
"text":"网友们实在是太无敌了~",
"mid":"zAsvjwLs8",
"date":"2013-06-08 12:26:30"
},
{
"kids":[],
"uid":"1450238317",
"parent":"",
"text":"[阴险]",
"mid":"zAstuntIB",
"date":"2013-06-08 12:21:59"
},
{
"kids":[],
"uid":"maguiliang",
"parent":"",
"text":"",
"mid":"zAspKFBfj",
"date":"2013-06-08 12:12:50"
},
{
"kids":[
"zAv8JoLxI"
],
"uid":"1481806130",
"parent":"zArUbDZmw",
"text":"",
"mid":"zAsnsh4ZX",
"date":"2013-06-08 12:07:06"
},
{
"kids":[],
"uid":"nini1987",
"parent":"zAmqv58jh",
"text":"",
"mid":"zAsk1gTlp",
"date":"2013-06-08 11:58:40"
},
{
"kids":[],
"uid":"2129567550",
"parent":"",
"text":"[汗]",
"mid":"zAsdlySdF",
"date":"2013-06-08 11:42:13"
},
{
"kids":[],
"uid":"134546190",
"parent":"zAmx7vyWF",
"text":"@甄_曦",
"mid":"zAsawlUfX",
"date":"2013-06-08 11:35:15"
},
{
"kids":[],
"uid":"2640400751",
"parent":"",
"text":"",
"mid":"zAs9y1DUT",
"date":"2013-06-08 11:32:52"
},
{
"kids":[],
"uid":"3044547240",
"parent":"zArD88PgC",
"text":"",
"mid":"zAs8sEqI1",
"date":"2013-06-08 11:30:10"
},
{
"kids":[],
"uid":"2841236364",
"parent":"",
"text":"政府部门的女秘书不就用来那啥的吗？",
"mid":"zAs8so6HU",
"date":"2013-06-08 11:30:11"
},
{
"kids":[],
"uid":"wlsfwb",
"parent":"",
"text":"#热门微博# http:",
"mid":"zAs87FvCJ",
"date":"2013-06-08 11:29:22"
},
{
"kids":[],
"uid":"2818423703",
"parent":"",
"text":"只看艳照～",
"mid":"zAs1ltqwZ",
"date":"2013-06-08 11:12:38"
},
{
"kids":[],
"uid":"2875259672",
"parent":"zArUbDZmw",
"text":"老天有眼",
"mid":"zArZWkC2g",
"date":"2013-06-08 11:09:11"
},
{
"kids":[],
"uid":"1743642642",
"parent":"zArUbDZmw",
"text":"",
"mid":"zArZtmVYF",
"date":"2013-06-08 11:08:02"
},
{
"kids":[],
"uid":"2644301833",
"parent":"",
"text":"此消息为系统自动转发···",
"mid":"zArUSulrE",
"date":"2013-06-08 10:56:44"
},
{
"kids":[
"zAv8JoLxI",
"zAsnsh4ZX",
"zArZWkC2g",
"zArZtmVYF"
],
"uid":"1848810130",
"parent":"zArvGxbTj",
"text":"",
"mid":"zArUbDZmw",
"date":"2013-06-08 10:55:02"
},
{
"kids":[],
"uid":"2362880767",
"parent":"",
"text":"",
"mid":"zArRSFl8w",
"date":"2013-06-08 10:49:20"
},
{
"kids":[],
"uid":"cnuctm",
"parent":"zArLDfNAV",
"text":"好社情，好邪恶[委屈]",
"mid":"zArRtw3Cv",
"date":"2013-06-08 10:48:21"
},
{
"kids":[],
"uid":"bestmyselfcat",
"parent":"zArJLsHrk",
"text":"手抖，可能是帕金森……",
"mid":"zArQSzCNs",
"date":"2013-06-08 10:46:53"
},
{
"kids":[],
"uid":"1753266613",
"parent":"zAqZF70P6",
"text":"转",
"mid":"zArPLqTkY",
"date":"2013-06-08 10:44:08"
},
{
"kids":[],
"uid":"3097442143",
"parent":"",
"text":"",
"mid":"zArP43Z2U",
"date":"2013-06-08 10:42:24"
},
{
"kids":[],
"uid":"1841068603",
"parent":"",
"text":"",
"mid":"zArNhd7xG",
"date":"2013-06-08 10:38:00"
},
{
"kids":[
"zArRtw3Cv"
],
"uid":"1426321583",
"parent":"",
"text":"牛逼 网友就是效率",
"mid":"zArLDfNAV",
"date":"2013-06-08 10:33:55"
},
{
"kids":[
"zArQSzCNs"
],
"uid":"338703222",
"parent":"zArnPzpaU",
"text":"本宫到此一游",
"mid":"zArJLsHrk",
"date":"2013-06-08 10:29:20"
},
{
"kids":[],
"uid":"206008666",
"parent":"zArGn4AaT",
"text":"原来是惯用姿势啊！",
"mid":"zArIa8ytc",
"date":"2013-06-08 10:25:24"
},
{
"kids":[
"zAubEriCo",
"zArIa8ytc"
],
"uid":"1747406312",
"parent":"",
"text":"哎，原来是只披着城管制服的低级 ji 啊。。城管队伍里果然啥样人才都有。。",
"mid":"zArGn4AaT",
"date":"2013-06-08 10:20:59"
},
{
"kids":[
"zBled9v7a",
"zBcRh6VYZ",
"zBc4viYsC",
"zAs8sEqI1"
],
"uid":"2640580373",
"parent":"",
"text":"",
"mid":"zArD88PgC",
"date":"2013-06-08 10:13:00"
},
{
"kids":[],
"uid":"2695307593",
"parent":"",
"text":"#热门微博# http:",
"mid":"zAryswlB9",
"date":"2013-06-08 10:01:30"
},
{
"kids":[],
"uid":"1457142731",
"parent":"",
"text":"我手滑了。",
"mid":"zAry7B4MG",
"date":"2013-06-08 10:00:39"
},
{
"kids":[],
"uid":"1588578712",
"parent":"zAnvnqJU2",
"text":"",
"mid":"zArx5p9kd",
"date":"2013-06-08 09:58:06"
},
{
"kids":[],
"uid":"1790955841",
"parent":"",
"text":"哈哈哈哈哈哈哈哈这是怎么个情况。。这就是那个黄衣服小娘们吗。。哈哈哈哈。@skyle_D",
"mid":"zArvM9mZL",
"date":"2013-06-08 09:54:53"
},
{
"kids":[
"zAv8JoLxI",
"zAsnsh4ZX",
"zArZWkC2g",
"zArZtmVYF",
"zArUbDZmw"
],
"uid":"1889047293",
"parent":"",
"text":"这个一定要转。",
"mid":"zArvGxbTj",
"date":"2013-06-08 09:54:40"
},
{
"kids":[],
"uid":"2904300682",
"parent":"",
"text":"",
"mid":"zArtUE9NO",
"date":"2013-06-08 09:50:18"
},
{
"kids":[],
"uid":"alinwang",
"parent":"",
"text":"",
"mid":"zArorpal1",
"date":"2013-06-08 09:36:48"
},
{
"kids":[],
"uid":"bloodygossip",
"parent":"zAq5EucON",
"text":"",
"mid":"zArolbDyN",
"date":"2013-06-08 09:36:34"
},
{
"kids":[
"zArQSzCNs",
"zArJLsHrk"
],
"uid":"winneradv",
"parent":"zAra9clrl",
"text":"三星手机就是这点不好，总是自动转发。1024",
"mid":"zArnPzpaU",
"date":"2013-06-08 09:35:18"
},
{
"kids":[],
"uid":"3198542205",
"parent":"",
"text":"#热门微博# http:",
"mid":"zArnE1Zt8",
"date":"2013-06-08 09:34:50"
},
{
"kids":[],
"uid":"huangxibo",
"parent":"",
"text":"",
"mid":"zArkev4P5",
"date":"2013-06-08 09:26:27"
},
{
"kids":[],
"uid":"1395970017",
"parent":"zAqVhzbKx",
"text":"",
"mid":"zAriC0QvB",
"date":"2013-06-08 09:22:26"
},
{
"kids":[],
"uid":"1408094540",
"parent":"",
"text":"陕西有巡视组吗？[偷笑]",
"mid":"zArfQ2k4h",
"date":"2013-06-08 09:15:38"
},
{
"kids":[],
"uid":"3158094792",
"parent":"zAqStf4Qf",
"text":"[怒]伤风败俗",
"mid":"zArfGit2J",
"date":"2013-06-08 09:15:13"
},
{
"kids":[],
"uid":"whatisupshen",
"parent":"zAqZnpikc",
"text":"还不错！",
"mid":"zArfn5ZBV",
"date":"2013-06-08 09:14:28"
},
{
"kids":[
"zArQSzCNs",
"zArJLsHrk",
"zArnPzpaU"
],
"uid":"206781676",
"parent":"zAqZF70P6",
"text":"[哼][鄙视]",
"mid":"zAra9clrl",
"date":"2013-06-08 09:01:36"
},
{
"kids":[],
"uid":"endlv",
"parent":"zAqWMCfqt",
"text":"",
"mid":"zAr7K0TWi",
"date":"2013-06-08 08:55:39"
},
{
"kids":[],
"uid":"2520208474",
"parent":"zAm9msbxu",
"text":"",
"mid":"zAr6T6mAm",
"date":"2013-06-08 08:53:34"
},
{
"kids":[],
"uid":"1773034625",
"parent":"",
"text":"出来混，迟早都要还的！",
"mid":"zAr5yFHvr",
"date":"2013-06-08 08:50:17"
},
{
"kids":[],
"uid":"1299644807",
"parent":"",
"text":"",
"mid":"zAr5tlbQt",
"date":"2013-06-08 08:50:04"
},
{
"kids":[],
"uid":"2178433625",
"parent":"zAqVL7nOn",
"text":"[给力]",
"mid":"zAr4iEEaJ",
"date":"2013-06-08 08:47:11"
},
{
"kids":[],
"uid":"2390306447",
"parent":"",
"text":"[吃惊]我去，都是大神啊[衰]",
"mid":"zAr3F5WZS",
"date":"2013-06-08 08:45:37"
},
{
"kids":[],
"uid":"1974750463",
"parent":"zAnLykSeY",
"text":"",
"mid":"zAr3m7zAT",
"date":"2013-06-08 08:44:52"
},
{
"kids":[],
"uid":"1883437993",
"parent":"",
"text":"",
"mid":"zAr2P1J7w",
"date":"2013-06-08 08:43:33"
},
{
"kids":[],
"uid":"3043690242",
"parent":"zAnvnqJU2",
"text":"",
"mid":"zAr1EDuyG",
"date":"2013-06-08 08:40:41"
},
{
"kids":[],
"uid":"2034962360",
"parent":"",
"text":"大快人心~~",
"mid":"zAr0RA8TK",
"date":"2013-06-08 08:38:44"
},
{
"kids":[],
"uid":"2920223404",
"parent":"zAmNgDgqG",
"text":"",
"mid":"zAr0R0Wnj",
"date":"2013-06-08 08:38:42"
},
{
"kids":[],
"uid":"209880988",
"parent":"",
"text":"@楼燕君",
"mid":"zAr0J3r0e",
"date":"2013-06-08 08:38:22"
},
{
"kids":[],
"uid":"2829266381",
"parent":"",
"text":"",
"mid":"zAr0Glnca",
"date":"2013-06-08 08:38:16"
},
{
"kids":[],
"uid":"goslam",
"parent":"",
"text":"P得很真实。",
"mid":"zAr0om6aF",
"date":"2013-06-08 08:37:34"
},
{
"kids":[],
"uid":"1881337561",
"parent":"zAqSNjEyj",
"text":"[围观]",
"mid":"zAqZJz4us",
"date":"2013-06-08 08:35:57"
},
{
"kids":[
"zArQSzCNs",
"zArPLqTkY",
"zArJLsHrk",
"zArnPzpaU",
"zAra9clrl"
],
"uid":"206781676",
"parent":"zAqVhzbKx",
"text":"我昨天看了套图，但是不知道是不是那个人。",
"mid":"zAqZF70P6",
"date":"2013-06-08 08:35:45"
},
{
"kids":[
"zArfn5ZBV"
],
"uid":"skyguo",
"parent":"zAqfn3vrI",
"text":"",
"mid":"zAqZnpikc",
"date":"2013-06-08 08:35:04"
},
{
"kids":[],
"uid":"2605587473",
"parent":"",
"text":"",
"mid":"zAqZbimtB",
"date":"2013-06-08 08:34:34"
},
{
"kids":[],
"uid":"1789795884",
"parent":"",
"text":"这都行？",
"mid":"zAqYBxRrZ",
"date":"2013-06-08 08:33:09"
},
{
"kids":[
"zAsRptARq"
],
"uid":"332929590",
"parent":"zAqSNjEyj",
"text":"这些照片都哪里来的啊！神人！",
"mid":"zAqYx6WlR",
"date":"2013-06-08 08:32:59"
},
{
"kids":[],
"uid":"3044943240",
"parent":"zAmeS6bDy",
"text":"",
"mid":"zAqYk6LTa",
"date":"2013-06-08 08:32:26"
},
{
"kids":[],
"uid":"3214430570",
"parent":"",
"text":"有普遍性",
"mid":"zAqYikhO7",
"date":"2013-06-08 08:32:24"
},
{
"kids":[],
"uid":"2919714470",
"parent":"zAnRdDO52",
"text":"",
"mid":"zAqYec6SS",
"date":"2013-06-08 08:32:14"
},
{
"kids":[
"zBPhHoStV",
"zBOne4fBw",
"zBFzrv8oJ",
"zBEWDAre3",
"zAUs0xvsD",
"zATUqwThr",
"zAMeWbejg"
],
"uid":"2729585750",
"parent":"",
"text":"[愤怒]",
"mid":"zAqYd2ox1",
"date":"2013-06-08 08:32:10"
},
{
"kids":[],
"uid":"2248969582",
"parent":"",
"text":"赶紧去死吧卖比佬",
"mid":"zAqXQi2Bt",
"date":"2013-06-08 08:31:16"
},
{
"kids":[],
"uid":"3515069194",
"parent":"",
"text":"",
"mid":"zAqXe9GyW",
"date":"2013-06-08 08:29:46"
},
{
"kids":[],
"uid":"1142645927",
"parent":"",
"text":"愚蠢的女人",
"mid":"zAqX17iRc",
"date":"2013-06-08 08:29:15"
},
{
"kids":[
"zAr7K0TWi"
],
"uid":"2682998803",
"parent":"",
"text":"",
"mid":"zAqWMCfqt",
"date":"2013-06-08 08:28:41"
},
{
"kids":[],
"uid":"2953296784",
"parent":"",
"text":"",
"mid":"zAqVNuc0V",
"date":"2013-06-08 08:26:14"
},
{
"kids":[
"zAr4iEEaJ"
],
"uid":"2731044855",
"parent":"",
"text":"原本挺好的一个全国人民一起声讨无良城管的事，非有一群傻逼出来造谣恶心人！你们这是在替城管洗地吧？",
"mid":"zAqVL7nOn",
"date":"2013-06-08 08:26:09"
},
{
"kids":[
"zArQSzCNs",
"zArPLqTkY",
"zArJLsHrk",
"zArnPzpaU",
"zAriC0QvB",
"zAra9clrl",
"zAqZF70P6"
],
"uid":"hardair",
"parent":"",
"text":"误点转发，不好意思。",
"mid":"zAqVhzbKx",
"date":"2013-06-08 08:24:59"
},
{
"kids":[
"zAsRptARq",
"zAqZJz4us",
"zAqYx6WlR"
],
"uid":"1946162480",
"parent":"",
"text":"",
"mid":"zAqSNjEyj",
"date":"2013-06-08 08:18:50"
},
{
"kids":[],
"uid":"jujilieren",
"parent":"",
"text":"中国最牛逼的人莫过于“中国城管-临时工”。",
"mid":"zAqSD0jCM",
"date":"2013-06-08 08:18:26"
},
{
"kids":[
"zArfGit2J"
],
"uid":"3090935775",
"parent":"",
"text":"[哈哈][哈哈][哈哈]",
"mid":"zAqStf4Qf",
"date":"2013-06-08 08:18:02"
},
{
"kids":[],
"uid":"2050484144",
"parent":"",
"text":"又一媛媛",
"mid":"zAqRjsrmx",
"date":"2013-06-08 08:15:12"
},
{
"kids":[],
"uid":"3214169305",
"parent":"",
"text":"",
"mid":"zAqR8wmcE",
"date":"2013-06-08 08:14:45"
},
{
"kids":[],
"uid":"2183770830",
"parent":"",
"text":"[吃惊]",
"mid":"zAqOfaQRk",
"date":"2013-06-08 08:07:38"
},
{
"kids":[],
"uid":"aison1994910k",
"parent":"",
"text":"[偷笑][偷笑][偷笑]",
"mid":"zAqO0ocCf",
"date":"2013-06-08 08:07:02"
},
{
"kids":[],
"uid":"2360262925",
"parent":"",
"text":"感觉照片应该不是本人....",
"mid":"zAqNs4gTO",
"date":"2013-06-08 08:05:40"
},
{
"kids":[],
"uid":"2544628321",
"parent":"",
"text":"受伤躺在地上的姿势和呻吟，跟床上时候一样。",
"mid":"zAqI8zNML",
"date":"2013-06-08 07:52:36"
},
{
"kids":[],
"uid":"2613771602",
"parent":"",
"text":"搞的好",
"mid":"zAqGcDRP3",
"date":"2013-06-08 07:47:51"
},
{
"kids":[],
"uid":"2105326122",
"parent":"",
"text":"黃色城管[偷笑]",
"mid":"zAqDXsJDN",
"date":"2013-06-08 07:42:18"
},
{
"kids":[],
"uid":"3162300821",
"parent":"",
"text":"",
"mid":"zAqD1yyru",
"date":"2013-06-08 07:39:59"
},
{
"kids":[],
"uid":"2350825194",
"parent":"",
"text":"这个秘书功能好强大。万人cha",
"mid":"zAqCTASRJ",
"date":"2013-06-08 07:39:41"
},
{
"kids":[],
"uid":"dazhangyu",
"parent":"zAnJni5cY",
"text":"擦的勒[衰]",
"mid":"zAqBJtyDy",
"date":"2013-06-08 07:36:49"
},
{
"kids":[],
"uid":"2642428332",
"parent":"",
"text":"",
"mid":"zAqzyrH3J",
"date":"2013-06-08 07:31:27"
},
{
"kids":[],
"uid":"arthin",
"parent":"",
"text":"但是，谁弄得图。竟然没有原图。",
"mid":"zAqzvtipJ",
"date":"2013-06-08 07:31:19"
},
{
"kids":[],
"uid":"1914808982",
"parent":"zAq2iulKM",
"text":"恶有恶报，善恶因果",
"mid":"zAqxUvFgW",
"date":"2013-06-08 07:27:24"
},
{
"kids":[],
"uid":"2260741803",
"parent":"",
"text":"",
"mid":"zAqtE42I3",
"date":"2013-06-08 07:16:52"
},
{
"kids":[],
"uid":"1920245321",
"parent":"",
"text":"",
"mid":"zAqtCgu03",
"date":"2013-06-08 07:16:49"
},
{
"kids":[],
"uid":"2673561970",
"parent":"zAq5EucON",
"text":"",
"mid":"zAqrLBW36",
"date":"2013-06-08 07:12:15"
},
{
"kids":[],
"uid":"3247956014",
"parent":"",
"text":"[给力]",
"mid":"zAqr8y8sS",
"date":"2013-06-08 07:10:44"
},
{
"kids":[],
"uid":"2714335443",
"parent":"",
"text":"",
"mid":"zAqmpqzfI",
"date":"2013-06-08 06:59:04"
},
{
"kids":[],
"uid":"2744520865",
"parent":"",
"text":"好事情…",
"mid":"zAqknh1Ae",
"date":"2013-06-08 06:54:03"
},
{
"kids":[],
"uid":"3452282552",
"parent":"",
"text":"",
"mid":"zAqiWC4fl",
"date":"2013-06-08 06:50:32"
},
{
"kids":[],
"uid":"2058988142",
"parent":"zAnvjxpcg",
"text":"火了",
"mid":"zAqgnnn3h",
"date":"2013-06-08 06:44:12"
},
{
"kids":[
"zArfn5ZBV",
"zAqZnpikc"
],
"uid":"2945436643",
"parent":"",
"text":"[照相机]",
"mid":"zAqfn3vrI",
"date":"2013-06-08 06:41:43"
},
{
"kids":[],
"uid":"1623712767",
"parent":"zAneprN3t",
"text":"大家看看",
"mid":"zAqc4hoWI",
"date":"2013-06-08 06:33:35"
},
{
"kids":[],
"uid":"2621824855",
"parent":"",
"text":"",
"mid":"zAqaeryye",
"date":"2013-06-08 06:29:04"
},
{
"kids":[
"zArolbDyN",
"zAqrLBW36"
],
"uid":"1015097147",
"parent":"zAoxLeTcO",
"text":"",
"mid":"zAq5EucON",
"date":"2013-06-08 06:17:47"
},
{
"kids":[
"zAqxUvFgW"
],
"uid":"1877849385",
"parent":"zAnipFoQM",
"text":"",
"mid":"zAq2iulKM",
"date":"2013-06-08 06:09:31"
},
{
"kids":[],
"uid":"ivanhockchew",
"parent":"zAnZNhjt2",
"text":"跪求套图",
"mid":"zApR2wVFN",
"date":"2013-06-08 05:41:47"
},
{
"kids":[],
"uid":"2786902021",
"parent":"",
"text":"必须来句脏话。尼玛勒个B。",
"mid":"zApww9EIb",
"date":"2013-06-08 04:51:13"
},
{
"kids":[],
"uid":"2676885182",
"parent":"",
"text":"我操！网友太强大了！",
"mid":"zApuadfSq",
"date":"2013-06-08 04:45:24"
},
{
"kids":[],
"uid":"1863174564",
"parent":"",
"text":"这个要转",
"mid":"zAps53UL9",
"date":"2013-06-08 04:40:16"
},
{
"kids":[],
"uid":"1991017295",
"parent":"",
"text":"还是有人替人民出气解恨的",
"mid":"zAp2JC9UO",
"date":"2013-06-08 03:37:51"
},
{
"kids":[],
"uid":"1744128517",
"parent":"",
"text":"",
"mid":"zAoQzv3eR",
"date":"2013-06-08 03:07:53"
},
{
"kids":[],
"uid":"buenpan",
"parent":"zAmRp8K62",
"text":"擦~走三陪得了 陪摸 陪咬 陪xxoo~干你毛城管~",
"mid":"zAoFl1JQq",
"date":"2013-06-08 02:40:12"
},
{
"kids":[
"zArolbDyN",
"zAqrLBW36",
"zAq5EucON"
],
"uid":"2730476227",
"parent":"zAmXsEQLk",
"text":"恶有恶报！被人肉了吧[赞][赞]",
"mid":"zAoxLeTcO",
"date":"2013-06-08 02:21:32"
},
{
"kids":[],
"uid":"river0089",
"parent":"",
"text":"",
"mid":"zAo4WlPTk",
"date":"2013-06-08 01:10:32"
},
{
"kids":[
"zApR2wVFN"
],
"uid":"1413062255",
"parent":"",
"text":"是真的么？不是换头？",
"mid":"zAnZNhjt2",
"date":"2013-06-08 00:57:49"
},
{
"kids":[],
"uid":"1497306941",
"parent":"",
"text":"[给力]",
"mid":"zAnX1AfPk",
"date":"2013-06-08 00:51:00"
},
{
"kids":[],
"uid":"1853898181",
"parent":"",
"text":"",
"mid":"zAnVd0A6H",
"date":"2013-06-08 00:46:30"
},
{
"kids":[],
"uid":"caballee",
"parent":"zAnH8oPkc",
"text":"网络真是个好东西！！",
"mid":"zAnThj3pQ",
"date":"2013-06-08 00:41:48"
},
{
"kids":[],
"uid":"2736969220",
"parent":"",
"text":"曝光",
"mid":"zAnSHeRJC",
"date":"2013-06-08 00:40:23"
},
{
"kids":[
"zAqYec6SS"
],
"uid":"3022082522",
"parent":"",
"text":"人肉网已经全部玻爆料这件事了，仗着自己背后有人，胡作非为。丢中国人的脸。",
"mid":"zAnRdDO52",
"date":"2013-06-08 00:36:44"
},
{
"kids":[],
"uid":"2677025722",
"parent":"zAmoe8FeO",
"text":"假的，CAOLIU发起的,,,真的必须是吾大SIS[嘻嘻]",
"mid":"zAnNSuEpl",
"date":"2013-06-08 00:28:28"
},
{
"kids":[],
"uid":"2lusha",
"parent":"zAnH8oPkc",
"text":"哈哈哈，笑死了，那评语真是一针见血，说她躺地上是惯性！[哈哈][哈哈][哈哈]",
"mid":"zAnMwkyKT",
"date":"2013-06-08 00:25:09"
},
{
"kids":[],
"uid":"1770033631",
"parent":"",
"text":"",
"mid":"zAnMvrjxz",
"date":"2013-06-08 00:25:06"
},
{
"kids":[
"zAr3m7zAT"
],
"uid":"2100421043",
"parent":"",
"text":"",
"mid":"zAnLykSeY",
"date":"2013-06-08 00:22:45"
},
{
"kids":[],
"uid":"2414850901",
"parent":"",
"text":"",
"mid":"zAnKZsdQd",
"date":"2013-06-08 00:21:21"
},
{
"kids":[
"zAqBJtyDy"
],
"uid":"1975132487",
"parent":"",
"text":"",
"mid":"zAnJni5cY",
"date":"2013-06-08 00:17:24"
},
{
"kids":[],
"uid":"2284037155",
"parent":"",
"text":"",
"mid":"zAnIRCGfw",
"date":"2013-06-08 00:16:07"
},
{
"kids":[
"zAnThj3pQ",
"zAnMwkyKT"
],
"uid":"2lusha",
"parent":"zAmbj5goA",
"text":"极力转发她这欲仙欲死滴玉照！对比她之前的可耻恶劣的行为！@caballee @蔷薇洁洁 @徐鋰",
"mid":"zAnH8oPkc",
"date":"2013-06-08 00:11:51"
},
{
"kids":[],
"uid":"2442661454",
"parent":"zAm69kM4Y",
"text":"回复@游客-老孤:[晕]老孤 您真特么专业啊[哈哈][哈哈]",
"mid":"zAnxnewqf",
"date":"2013-06-07 23:47:51"
},
{
"kids":[
"zAwJSvNXz",
"zArx5p9kd",
"zAr1EDuyG"
],
"uid":"3435597532",
"parent":"zAnhPlNQE",
"text":"没有嘴上的亲吻，哪有床上的翻滚！没有肉体的磨擦，哪来爱情的火花！解其衣 、脱其裤、摸其乳、吻其阴，上下其手、举阳入阴、入四分、退三分、反复也！ 三分水、七分潮、兴奋也！有其凸、来其凹、取其阴、吸其阳、互相其需、阴阳互补！~~ 看成人笑话，学成人知识",
"mid":"zAnvnqJU2",
"date":"2013-06-07 23:42:55"
},
{
"kids":[
"zAqgnnn3h"
],
"uid":"alexlu1216",
"parent":"zAns205rc",
"text":"",
"mid":"zAnvjxpcg",
"date":"2013-06-07 23:42:45"
},
{
"kids":[],
"uid":"1589946111",
"parent":"",
"text":"",
"mid":"zAnuIkZA3",
"date":"2013-06-07 23:41:14"
},
{
"kids":[],
"uid":"ryuway",
"parent":"zAmiZ5FOk",
"text":"",
"mid":"zAntF123T",
"date":"2013-06-07 23:38:42"
},
{
"kids":[],
"uid":"2798567260",
"parent":"",
"text":"",
"mid":"zAntCCUaI",
"date":"2013-06-07 23:38:35"
},
{
"kids":[],
"uid":"1409619515",
"parent":"zAn0Idevq",
"text":"吃冰棍那张路点了",
"mid":"zAnspkS6s",
"date":"2013-06-07 23:35:36"
},
{
"kids":[
"zAqgnnn3h",
"zAnvjxpcg"
],
"uid":"2014103160",
"parent":"zAnipFoQM",
"text":"",
"mid":"zAns205rc",
"date":"2013-06-07 23:34:40"
},
{
"kids":[],
"uid":"1846418072",
"parent":"",
"text":"你玩完了·难怪这么会装。。。。。现在你装去！！！！[吐][吐]",
"mid":"zAnqzggqt",
"date":"2013-06-07 23:31:05"
},
{
"kids":[],
"uid":"aren1989",
"parent":"",
"text":"",
"mid":"zAnn0eEvZ",
"date":"2013-06-07 23:22:18"
},
{
"kids":[],
"uid":"ngsiuwa",
"parent":"",
"text":"百度的郑媛媛艳照门早就有了，但不是同一人。这个是否同一人？",
"mid":"zAnmqt6gq",
"date":"2013-06-07 23:20:52"
},
{
"kids":[],
"uid":"2113005834",
"parent":"zAmoe8FeO",
"text":"",
"mid":"zAnlcfLPX",
"date":"2013-06-07 23:17:50"
},
{
"kids":[],
"uid":"2460650340",
"parent":"",
"text":"[叶子][叶子][叶子][挖鼻屎][挖鼻屎]",
"mid":"zAnkbjBJu",
"date":"2013-06-07 23:15:17"
},
{
"kids":[
"zAqxUvFgW",
"zAqgnnn3h",
"zAq2iulKM",
"zAnvjxpcg",
"zAns205rc"
],
"uid":"1497358485",
"parent":"",
"text":"第一次听说还有这样的集团，长见识了",
"mid":"zAnipFoQM",
"date":"2013-06-07 23:10:59"
},
{
"kids":[
"zAwJSvNXz",
"zArx5p9kd",
"zAr1EDuyG",
"zAnvnqJU2"
],
"uid":"3435597532",
"parent":"",
"text":"大家快来看[神马]",
"mid":"zAnhPlNQE",
"date":"2013-06-07 23:09:32"
},
{
"kids":[],
"uid":"2737973757",
"parent":"",
"text":"",
"mid":"zAnhH50u4",
"date":"2013-06-07 23:09:10"
},
{
"kids":[],
"uid":"chlomo",
"parent":"",
"text":"脸挺白，奶不错，吃的鸡鸡偏小",
"mid":"zAngUkmza",
"date":"2013-06-07 23:07:16"
},
{
"kids":[],
"uid":"1039345907",
"parent":"",
"text":"@王强_99 @费明微博",
"mid":"zAneUbVGR",
"date":"2013-06-07 23:02:20"
},
{
"kids":[],
"uid":"1890209825",
"parent":"",
"text":"",
"mid":"zAneTBN5h",
"date":"2013-06-07 23:02:16"
},
{
"kids":[],
"uid":"yawen90915",
"parent":"",
"text":"该[弱]",
"mid":"zAneBx2d1",
"date":"2013-06-07 23:01:34"
},
{
"kids":[
"zAtKiD1i2",
"zAqc4hoWI"
],
"uid":"wojunqiangda",
"parent":"",
"text":"仇人不少",
"mid":"zAneprN3t",
"date":"2013-06-07 23:01:08"
},
{
"kids":[],
"uid":"1870351312",
"parent":"",
"text":"",
"mid":"zAnbwDOCU",
"date":"2013-06-07 22:54:00"
},
{
"kids":[],
"uid":"1770878583",
"parent":"",
"text":"",
"mid":"zAnb8a421",
"date":"2013-06-07 22:52:59"
},
{
"kids":[],
"uid":"1959689547",
"parent":"",
"text":"有些人不刺到肉是不知痛的，我想说郑缓缓身材很好。",
"mid":"zAnb4zot3",
"date":"2013-06-07 22:52:54"
},
{
"kids":[],
"uid":"1951838373",
"parent":"",
"text":"",
"mid":"zAnb41TdG",
"date":"2013-06-07 22:52:50"
},
{
"kids":[],
"uid":"1959689547",
"parent":"",
"text":"",
"mid":"zAnaxd3dH",
"date":"2013-06-07 22:51:31"
},
{
"kids":[],
"uid":"2338903253",
"parent":"",
"text":"这块料",
"mid":"zAnasceCo",
"date":"2013-06-07 22:51:20"
},
{
"kids":[],
"uid":"2053490811",
"parent":"",
"text":"",
"mid":"zAn7xlgwL",
"date":"2013-06-07 22:44:12"
},
{
"kids":[],
"uid":"1039345907",
"parent":"zAn1QfuIq",
"text":"[挖鼻屎][围观]",
"mid":"zAn7ih0W8",
"date":"2013-06-07 22:43:35"
},
{
"kids":[],
"uid":"339065556",
"parent":"",
"text":"",
"mid":"zAn799opi",
"date":"2013-06-07 22:43:13"
},
{
"kids":[],
"uid":"1297656634",
"parent":"",
"text":"怪不得那么熟练地仰面躺下。",
"mid":"zAn71azGV",
"date":"2013-06-07 22:42:54"
},
{
"kids":[],
"uid":"1967953763",
"parent":"",
"text":"",
"mid":"zAn6RF2Rl",
"date":"2013-06-07 22:42:32"
},
{
"kids":[],
"uid":"30854839",
"parent":"zAm6TpVxK",
"text":"来看专业分析的",
"mid":"zAn6NwS7Y",
"date":"2013-06-07 22:42:18"
},
{
"kids":[],
"uid":"richmanterry",
"parent":"zAn0Idevq",
"text":"人民的公仆",
"mid":"zAn6IxbZ1",
"date":"2013-06-07 22:42:08"
},
{
"kids":[],
"uid":"1585495764",
"parent":"",
"text":"",
"mid":"zAn6BpWQQ",
"date":"2013-06-07 22:41:50"
},
{
"kids":[],
"uid":"1740901284",
"parent":"zAmrapmaU",
"text":"",
"mid":"zAn4uxMit",
"date":"2013-06-07 22:36:42"
},
{
"kids":[],
"uid":"2639362684",
"parent":"",
"text":"尼玛，这种情况还有人敢转么？有。。。。",
"mid":"zAn4ksbnl",
"date":"2013-06-07 22:36:18"
},
{
"kids":[],
"uid":"2838196731",
"parent":"",
"text":"真的假的我要鉴定一下",
"mid":"zAn44wqoE",
"date":"2013-06-07 22:35:39"
},
{
"kids":[],
"uid":"2094070262",
"parent":"",
"text":"回复@崔半仙的世界:赞同。懂得解衣服扣子的女人，自然不会那么辛苦走在一线，夜里懂风情女人，白天不会那么野蛮。从这也佐证应该是假。",
"mid":"zAn3x8kWW",
"date":"2013-06-07 22:34:19"
},
{
"kids":[
"zAn7ih0W8"
],
"uid":"1912057632",
"parent":"zAm6TpVxK",
"text":"",
"mid":"zAn1QfuIq",
"date":"2013-06-07 22:30:10"
},
{
"kids":[
"zAnspkS6s",
"zAn6IxbZ1"
],
"uid":"2206473991",
"parent":"zAmXsEQLk",
"text":"",
"mid":"zAn0Idevq",
"date":"2013-06-07 22:27:22"
},
{
"kids":[],
"uid":"2481497854",
"parent":"",
"text":"恶有恶报",
"mid":"zAn0EEgki",
"date":"2013-06-07 22:27:14"
},
{
"kids":[],
"uid":"1115661364",
"parent":"",
"text":"",
"mid":"zAmZncWM7",
"date":"2013-06-07 22:24:02"
},
{
"kids":[],
"uid":"1936568940",
"parent":"",
"text":"@林间溪上",
"mid":"zAmYYkEiJ",
"date":"2013-06-07 22:23:05"
},
{
"kids":[],
"uid":"someonetouch",
"parent":"zAmqhbDVm",
"text":"",
"mid":"zAmYK9DGr",
"date":"2013-06-07 22:22:32"
},
{
"kids":[],
"uid":"2107351412",
"parent":"",
"text":"@_纵马狂风 中国的网民太牛B了",
"mid":"zAmY1xRfq",
"date":"2013-06-07 22:20:45"
},
{
"kids":[
"zArolbDyN",
"zAqrLBW36",
"zAq5EucON",
"zAoxLeTcO",
"zAnspkS6s",
"zAn6IxbZ1",
"zAn0Idevq"
],
"uid":"2450560955",
"parent":"",
"text":"",
"mid":"zAmXsEQLk",
"date":"2013-06-07 22:19:22"
},
{
"kids":[],
"uid":"1854195681",
"parent":"zAmUyayOf",
"text":"革命圣地的招牌 就砸你们身上了！",
"mid":"zAmXhafta",
"date":"2013-06-07 22:18:54"
},
{
"kids":[],
"uid":"2231059660",
"parent":"",
"text":"",
"mid":"zAmWyvZJL",
"date":"2013-06-07 22:17:07"
},
{
"kids":[],
"uid":"2796145654",
"parent":"",
"text":"报应啊！！！",
"mid":"zAmWfEE6P",
"date":"2013-06-07 22:16:22"
},
{
"kids":[],
"uid":"bbbookinfo",
"parent":"",
"text":"牛逼",
"mid":"zAmVVygsD",
"date":"2013-06-07 22:15:32"
},
{
"kids":[
"zAmXhafta"
],
"uid":"2091211432",
"parent":"zAm3P8sx2",
"text":"恶有恶报",
"mid":"zAmUyayOf",
"date":"2013-06-07 22:12:09"
},
{
"kids":[],
"uid":"1935675100",
"parent":"",
"text":"可以说活该吗？",
"mid":"zAmU09mCD",
"date":"2013-06-07 22:10:50"
},
{
"kids":[],
"uid":"Hungyuetyin",
"parent":"zAmNv75Ba",
"text":"",
"mid":"zAmTMgEDj",
"date":"2013-06-07 22:10:17"
},
{
"kids":[
"zAoFl1JQq"
],
"uid":"blemoguy",
"parent":"zAmNv75Ba",
"text":"蛮好",
"mid":"zAmRp8K62",
"date":"2013-06-07 22:04:26"
},
{
"kids":[],
"uid":"cqchushi",
"parent":"zAm6TpVxK",
"text":"",
"mid":"zAmQ2Cu6c",
"date":"2013-06-07 22:01:05"
},
{
"kids":[],
"uid":"131452111",
"parent":"zAm6TpVxK",
"text":"这个不好说。。",
"mid":"zAmOXf04i",
"date":"2013-06-07 21:58:21"
},
{
"kids":[],
"uid":"xiyoutanguan",
"parent":"zAm6TpVxK",
"text":"反正我没见过真的，能不能拿真人来看看啊。",
"mid":"zAmOypw27",
"date":"2013-06-07 21:57:23"
},
{
"kids":[],
"uid":"2731390477",
"parent":"",
"text":"想出名，能出名的人水平能很高，尤其是床上功夫更高。",
"mid":"zAmO6EVS9",
"date":"2013-06-07 21:56:18"
},
{
"kids":[],
"uid":"3205416705",
"parent":"",
"text":"郑媛媛，校长喊你去开房！！！",
"mid":"zAmNQ6oWY",
"date":"2013-06-07 21:55:39"
},
{
"kids":[
"zAoFl1JQq",
"zAmTMgEDj",
"zAmRp8K62"
],
"uid":"samdust",
"parent":"zAmIdqsJd",
"text":"是真人吗？",
"mid":"zAmNv75Ba",
"date":"2013-06-07 21:54:48"
},
{
"kids":[
"zBx4DAJah",
"zBnNg1zHx",
"zBngTBgwk",
"zAC8E9Jkk",
"zAAjwCPPc",
"zAr0R0Wnj"
],
"uid":"3211392370",
"parent":"",
"text":"网上危险，无脑可怕。",
"mid":"zAmNgDgqG",
"date":"2013-06-07 21:54:13"
},
{
"kids":[],
"uid":"277113878",
"parent":"",
"text":"回复@喜宝Elaine:揭露恶人的本质[哈哈]",
"mid":"zAmMPqRYu",
"date":"2013-06-07 21:53:09"
},
{
"kids":[],
"uid":"1633081142",
"parent":"zAmIdqsJd",
"text":"大神犀利，这都可以",
"mid":"zAmMnlHIS",
"date":"2013-06-07 21:52:03"
},
{
"kids":[],
"uid":"2239534922",
"parent":"",
"text":"@王半箱",
"mid":"zAmLCoHhP",
"date":"2013-06-07 21:50:12"
},
{
"kids":[],
"uid":"277113878",
"parent":"",
"text":"求无码[哈哈]",
"mid":"zAmLuFjGF",
"date":"2013-06-07 21:49:52"
},
{
"kids":[],
"uid":"1402615995",
"parent":"",
"text":"史瑞，你妈喊你回去，你老婆被人搞了！",
"mid":"zAmJUi9sr",
"date":"2013-06-07 21:45:58"
},
{
"kids":[],
"uid":"2906164797",
"parent":"",
"text":"恶妇[怒骂]",
"mid":"zAmJvtqDM",
"date":"2013-06-07 21:44:59"
},
{
"kids":[],
"uid":"2740774704",
"parent":"",
"text":"[威武]",
"mid":"zAmIloavR",
"date":"2013-06-07 21:42:05"
},
{
"kids":[],
"uid":"1967261971",
"parent":"",
"text":"啊，我了个草",
"mid":"zAmIi9d5m",
"date":"2013-06-07 21:41:59"
},
{
"kids":[
"zAoFl1JQq",
"zAmTMgEDj",
"zAmRp8K62",
"zAmNv75Ba",
"zAmMnlHIS"
],
"uid":"jsqsmith",
"parent":"zAmxHfuCe",
"text":"求种",
"mid":"zAmIdqsJd",
"date":"2013-06-07 21:41:48"
},
{
"kids":[],
"uid":"1911363951",
"parent":"",
"text":"@中性粒细胞cell @加号的围脖",
"mid":"zAmIb2Gx0",
"date":"2013-06-07 21:41:43"
},
{
"kids":[],
"uid":"2186292112",
"parent":"zAm3P8sx2",
"text":"哦哦哦哦哦哦哦哦",
"mid":"zAmGOvIMt",
"date":"2013-06-07 21:38:22"
},
{
"kids":[],
"uid":"2027734621",
"parent":"",
"text":"",
"mid":"zAmGF5jiQ",
"date":"2013-06-07 21:37:59"
},
{
"kids":[],
"uid":"2592874100",
"parent":"",
"text":"原来靠这个发家的，怪不得这么嚣张！报应",
"mid":"zAmGEe5bE",
"date":"2013-06-07 21:37:56"
},
{
"kids":[],
"uid":"1865221022",
"parent":"",
"text":"",
"mid":"zAmF72Law",
"date":"2013-06-07 21:34:10"
},
{
"kids":[],
"uid":"1858975432",
"parent":"",
"text":"这个真的假的?",
"mid":"zAmDXf98n",
"date":"2013-06-07 21:31:16"
},
{
"kids":[],
"uid":"foreverlovechenlu",
"parent":"",
"text":"活该。。城管！！妈的180斤踩你头上试试，，傻逼",
"mid":"zAmCstT8q",
"date":"2013-06-07 21:27:37"
},
{
"kids":[
"zFnv7nyrN"
],
"uid":"wanlei0000",
"parent":"",
"text":"[汗]",
"mid":"zAmClFWi0",
"date":"2013-06-07 21:27:19"
},
{
"kids":[],
"uid":"2020465335",
"parent":"",
"text":"／",
"mid":"zAmC04HJs",
"date":"2013-06-07 21:26:29"
},
{
"kids":[],
"uid":"2539535772",
"parent":"",
"text":"[偷笑]",
"mid":"zAmBNm8Nk",
"date":"2013-06-07 21:25:59"
},
{
"kids":[],
"uid":"2037501333",
"parent":"",
"text":"真的假的啊[脸红]",
"mid":"zAmBFqf2x",
"date":"2013-06-07 21:25:40"
},
{
"kids":[],
"uid":"2276343445",
"parent":"",
"text":"",
"mid":"zAmAYx8KX",
"date":"2013-06-07 21:23:55"
},
{
"kids":[],
"uid":"1881963403",
"parent":"",
"text":"",
"mid":"zAmAOx6mx",
"date":"2013-06-07 21:23:34"
},
{
"kids":[],
"uid":"2763944321",
"parent":"",
"text":"哈哈哈。原来也经过档的考验。",
"mid":"zAmAMrk2A",
"date":"2013-06-07 21:23:28"
},
{
"kids":[],
"uid":"1767508947",
"parent":"",
"text":"",
"mid":"zAmzFz7Un",
"date":"2013-06-07 21:20:43"
},
{
"kids":[],
"uid":"1762837634",
"parent":"zAm6TpVxK",
"text":"",
"mid":"zAmz6q2GC",
"date":"2013-06-07 21:19:19"
},
{
"kids":[
"zAoFl1JQq",
"zAmTMgEDj",
"zAmRp8K62",
"zAmNv75Ba",
"zAmMnlHIS",
"zAmIdqsJd"
],
"uid":"ymmjimmy",
"parent":"zAm5ceiwp",
"text":"[围观]",
"mid":"zAmxHfuCe",
"date":"2013-06-07 21:15:54"
},
{
"kids":[],
"uid":"kjworld",
"parent":"zAmt8r9mT",
"text":"则面孔。。。额，好眼熟~",
"mid":"zAmxo4O9t",
"date":"2013-06-07 21:15:07"
},
{
"kids":[
"zAsawlUfX"
],
"uid":"134546190",
"parent":"",
"text":"",
"mid":"zAmx7vyWF",
"date":"2013-06-07 21:14:26"
},
{
"kids":[],
"uid":"2625476181",
"parent":"",
"text":"",
"mid":"zAmw6fSxH",
"date":"2013-06-07 21:11:58"
},
{
"kids":[],
"uid":"1636341707",
"parent":"zAm3nD6Kl",
"text":"",
"mid":"zAmw0ldIv",
"date":"2013-06-07 21:11:43"
},
{
"kids":[],
"uid":"2063526521",
"parent":"",
"text":"[汗][围观]",
"mid":"zAmvYjOTC",
"date":"2013-06-07 21:11:34"
},
{
"kids":[],
"uid":"312379222",
"parent":"zAmoe8FeO",
"text":"穿上衣服都认不出来了。。。",
"mid":"zAmvSnjHG",
"date":"2013-06-07 21:11:27"
},
{
"kids":[],
"uid":"onlybeatface",
"parent":"",
"text":"",
"mid":"zAmuc6Eoh",
"date":"2013-06-07 21:07:15"
},
{
"kids":[
"zAmxo4O9t"
],
"uid":"jesse0322",
"parent":"zAmrpekHR",
"text":"第三张的表情是“夸，伐要停！”吗？[汗]@路小色-Kevin-Jay雅吾呆 @Chris王先森大笑-咻喽喽喽喽喽喽 @ki口-",
"mid":"zAmt8r9mT",
"date":"2013-06-07 21:04:37"
},
{
"kids":[],
"uid":"2685061063",
"parent":"",
"text":"该[怒]",
"mid":"zAmsMjmdC",
"date":"2013-06-07 21:03:45"
},
{
"kids":[],
"uid":"2038992067",
"parent":"",
"text":"这下革命老区又火啦……",
"mid":"zAmrJhGOU",
"date":"2013-06-07 21:01:11"
},
{
"kids":[
"zAmxo4O9t",
"zAmt8r9mT"
],
"uid":"sweetytina",
"parent":"zAmiZ5FOk",
"text":"",
"mid":"zAmrpekHR",
"date":"2013-06-07 21:00:21"
},
{
"kids":[
"zAn4uxMit"
],
"uid":"samsara1988",
"parent":"zAmj72spe",
"text":"哈 只转发，不说话。",
"mid":"zAmrapmaU",
"date":"2013-06-07 20:59:48"
},
{
"kids":[],
"uid":"dasuzhou",
"parent":"",
"text":"",
"mid":"zAmqQjH5w",
"date":"2013-06-07 20:58:57"
},
{
"kids":[],
"uid":"1528291071",
"parent":"",
"text":"转发个",
"mid":"zAmqI681g",
"date":"2013-06-07 20:58:39"
},
{
"kids":[
"zAsk1gTlp"
],
"uid":"2160974964",
"parent":"zAm5ceiwp",
"text":"",
"mid":"zAmqv58jh",
"date":"2013-06-07 20:58:06"
},
{
"kids":[
"zAmYK9DGr"
],
"uid":"1917416007",
"parent":"zAmeIkToq",
"text":"长的还行啊",
"mid":"zAmqhbDVm",
"date":"2013-06-07 20:57:36"
},
{
"kids":[],
"uid":"jelintt",
"parent":"",
"text":"人肉真强大⋯",
"mid":"zAmqdl2NX",
"date":"2013-06-07 20:57:27"
},
{
"kids":[
"zAsvjwLs8",
"zAnNSuEpl",
"zAnlcfLPX",
"zAmvSnjHG"
],
"uid":"208378786",
"parent":"zAmgGlAif",
"text":"我怎么觉得不是一个人",
"mid":"zAmoe8FeO",
"date":"2013-06-07 20:52:35"
},
{
"kids":[],
"uid":"shoppingly",
"parent":"",
"text":"",
"mid":"zAmnIbDxm",
"date":"2013-06-07 20:51:17"
},
{
"kids":[],
"uid":"xxoobaby",
"parent":"",
"text":"",
"mid":"zAmnHios1",
"date":"2013-06-07 20:51:15"
},
{
"kids":[],
"uid":"2618355781",
"parent":"",
"text":"已辟谣好久了还在传？这是韩国女",
"mid":"zAmnjFpIx",
"date":"2013-06-07 20:50:17"
},
{
"kids":[],
"uid":"avapeach",
"parent":"",
"text":"特想知道谁操她",
"mid":"zAmmTp8Qt",
"date":"2013-06-07 20:49:15"
},
{
"kids":[],
"uid":"2725756517",
"parent":"",
"text":"",
"mid":"zAmmt6iMN",
"date":"2013-06-07 20:48:12"
},
{
"kids":[],
"uid":"1790355482",
"parent":"zAmiZ5FOk",
"text":"",
"mid":"zAmm85Thd",
"date":"2013-06-07 20:47:20"
},
{
"kids":[],
"uid":"w0nn0w",
"parent":"",
"text":"[good]",
"mid":"zAmlSp6K3",
"date":"2013-06-07 20:46:45"
},
{
"kids":[],
"uid":"1748713200",
"parent":"zAmcCyX5N",
"text":"以暴制暴不好！话说这睡姿有穿衣服和没穿衣服但还是有很大不同的",
"mid":"zAmlo21Wk",
"date":"2013-06-07 20:45:33"
},
{
"kids":[],
"uid":"2128105487",
"parent":"zAm4HebZx",
"text":"",
"mid":"zAmkYhoNr",
"date":"2013-06-07 20:44:30"
},
{
"kids":[],
"uid":"luhao1987",
"parent":"",
"text":"",
"mid":"zAmjZ9zvW",
"date":"2013-06-07 20:42:06"
},
{
"kids":[],
"uid":"2021481227",
"parent":"",
"text":"原来躺下只是她的职业习惯",
"mid":"zAmjBdbdt",
"date":"2013-06-07 20:41:06"
},
{
"kids":[
"zAn4uxMit",
"zAmrapmaU"
],
"uid":"woai77xiaochong",
"parent":"zAmeiirLn",
"text":"该艹",
"mid":"zAmj72spe",
"date":"2013-06-07 20:39:55"
},
{
"kids":[
"zAntF123T",
"zAmxo4O9t",
"zAmt8r9mT",
"zAmrpekHR",
"zAmm85Thd"
],
"uid":"2076553171",
"parent":"zAmder1kT",
"text":"怎么又出来个郑媛媛啊[晕]",
"mid":"zAmiZ5FOk",
"date":"2013-06-07 20:39:36"
},
{
"kids":[],
"uid":"3503623082",
"parent":"",
"text":"操得有道理http:",
"mid":"zAmittUmm",
"date":"2013-06-07 20:38:23"
},
{
"kids":[],
"uid":"lovethemango",
"parent":"",
"text":"",
"mid":"zAmhPh2it",
"date":"2013-06-07 20:36:45"
},
{
"kids":[],
"uid":"531295567",
"parent":"",
"text":"AV届的?",
"mid":"zAmhvtopb",
"date":"2013-06-07 20:35:58"
},
{
"kids":[],
"uid":"2401991087",
"parent":"",
"text":"延安城管的新闻继续在发酵",
"mid":"zAmh6FzJz",
"date":"2013-06-07 20:35:01"
},
{
"kids":[
"zAsvjwLs8",
"zAnNSuEpl",
"zAnlcfLPX",
"zAmvSnjHG",
"zAmoe8FeO"
],
"uid":"mmaiss",
"parent":"zAm9etruV",
"text":"切~~~敢不敢把码去掉",
"mid":"zAmgGlAif",
"date":"2013-06-07 20:33:58"
},
{
"kids":[],
"uid":"2580292333",
"parent":"",
"text":"喝呦",
"mid":"zAmgnqM0J",
"date":"2013-06-07 20:33:13"
},
{
"kids":[],
"uid":"1863179903",
"parent":"",
"text":"系统自动转载",
"mid":"zAmgn8fnQ",
"date":"2013-06-07 20:33:09"
},
{
"kids":[],
"uid":"1474552884",
"parent":"",
"text":"",
"mid":"zAmg8mx0T",
"date":"2013-06-07 20:32:38"
},
{
"kids":[
"zAsQN3Xsk"
],
"uid":"1792037151",
"parent":"",
"text":"",
"mid":"zAmg05gur",
"date":"2013-06-07 20:32:18"
},
{
"kids":[],
"uid":"316632223",
"parent":"",
"text":"港怂果然有一套[威武]",
"mid":"zAmfBjehg",
"date":"2013-06-07 20:31:16"
},
{
"kids":[],
"uid":"shuimu77",
"parent":"zAmbynk8j",
"text":"我操 我很想当能人背后的能人 [偷笑]",
"mid":"zAmfvFpTa",
"date":"2013-06-07 20:31:02"
},
{
"kids":[],
"uid":"2286623512",
"parent":"zAm4HebZx",
"text":"[吃惊]哇、、、乜甘大件事啊",
"mid":"zAmfsrbrU",
"date":"2013-06-07 20:30:54"
},
{
"kids":[
"zBFCKyjSI",
"zBDO7u7Tu",
"zBuR7aS9x",
"zAqYk6LTa"
],
"uid":"3292249632",
"parent":"",
"text":"",
"mid":"zAmeS6bDy",
"date":"2013-06-07 20:29:28"
},
{
"kids":[],
"uid":"qq51312",
"parent":"",
"text":"原来又是一烂B！",
"mid":"zAmeQBiu0",
"date":"2013-06-07 20:29:27"
},
{
"kids":[],
"uid":"2452619300",
"parent":"",
"text":"这么凶嘛",
"mid":"zAmeNmljx",
"date":"2013-06-07 20:29:16"
},
{
"kids":[
"zAmYK9DGr",
"zAmqhbDVm"
],
"uid":"tracylu0121",
"parent":"zAmder1kT",
"text":"",
"mid":"zAmeIkToq",
"date":"2013-06-07 20:29:07"
},
{
"kids":[],
"uid":"531789972",
"parent":"zAmdbblOZ",
"text":"必须真的",
"mid":"zAmeI0eaS",
"date":"2013-06-07 20:29:04"
},
{
"kids":[],
"uid":"lyj101",
"parent":"zAmder1kT",
"text":"",
"mid":"zAmeBwejC",
"date":"2013-06-07 20:28:50"
},
{
"kids":[],
"uid":"lienchihyao",
"parent":"",
"text":"@ineineine",
"mid":"zAmevlKFC",
"date":"2013-06-07 20:28:36"
},
{
"kids":[
"zAn4uxMit",
"zAmrapmaU",
"zAmj72spe"
],
"uid":"wordym7",
"parent":"",
"text":"",
"mid":"zAmeiirLn",
"date":"2013-06-07 20:28:03"
},
{
"kids":[],
"uid":"yutuntun",
"parent":"",
"text":"他舅舅也人肉下啊…肯定也不是一般的熊…要不怎么能是一家人",
"mid":"zAmdnhviQ",
"date":"2013-06-07 20:25:49"
},
{
"kids":[
"zBbvnf1W0",
"zAsYEzZmL",
"zAntF123T",
"zAmYK9DGr",
"zAmxo4O9t",
"zAmt8r9mT",
"zAmrpekHR",
"zAmqhbDVm",
"zAmm85Thd",
"zAmiZ5FOk",
"zAmeIkToq",
"zAmeBwejC"
],
"uid":"1883234900",
"parent":"zAmczlsjI",
"text":"[围观][围观][围观]",
"mid":"zAmder1kT",
"date":"2013-06-07 20:25:29"
},
{
"kids":[
"zAmeI0eaS"
],
"uid":"wing891013",
"parent":"zAm3JdLKz",
"text":"真的假的！！！",
"mid":"zAmdbblOZ",
"date":"2013-06-07 20:25:19"
},
{
"kids":[],
"uid":"234517785",
"parent":"zAmcCyX5N",
"text":"",
"mid":"zAmd9naoc",
"date":"2013-06-07 20:25:15"
},
{
"kids":[],
"uid":"1973869250",
"parent":"zAm3nD6Kl",
"text":"一个充满临时工的国家，那一定也是一个临时政府！[怒骂]",
"mid":"zAmcHBRgE",
"date":"2013-06-07 20:24:08"
},
{
"kids":[],
"uid":"3040335254",
"parent":"zAmcicDPy",
"text":"",
"mid":"zAmcHBjl7",
"date":"2013-06-07 20:24:10"
},
{
"kids":[
"zAsXnpEpY",
"zAsVYda0w",
"zAsL0Brpd",
"zAmlo21Wk",
"zAmd9naoc"
],
"uid":"abc504007",
"parent":"",
"text":"很好，人肉的很好[嘻嘻]",
"mid":"zAmcCyX5N",
"date":"2013-06-07 20:23:55"
},
{
"kids":[],
"uid":"2269836897",
"parent":"",
"text":"怪不得你喜欢~",
"mid":"zAmcAwj5L",
"date":"2013-06-07 20:23:52"
},
{
"kids":[
"zBbvnf1W0",
"zAsYEzZmL",
"zAntF123T",
"zAmYK9DGr",
"zAmxo4O9t",
"zAmt8r9mT",
"zAmrpekHR",
"zAmqhbDVm",
"zAmm85Thd",
"zAmiZ5FOk",
"zAmeIkToq",
"zAmeBwejC",
"zAmder1kT"
],
"uid":"1069410225",
"parent":"",
"text":"这个火了@洲洲-",
"mid":"zAmczlsjI",
"date":"2013-06-07 20:23:50"
},
{
"kids":[
"zAmcHBjl7"
],
"uid":"long37penbbs",
"parent":"",
"text":"",
"mid":"zAmcicDPy",
"date":"2013-06-07 20:23:07"
},
{
"kids":[],
"uid":"209090247",
"parent":"",
"text":"这个。。火钳刘翔。！ [偷乐]",
"mid":"zAmbzyao2",
"date":"2013-06-07 20:21:21"
},
{
"kids":[
"zAmfvFpTa"
],
"uid":"2345403205",
"parent":"",
"text":"港怂牛逼",
"mid":"zAmbynk8j",
"date":"2013-06-07 20:21:19"
},
{
"kids":[
"zAnThj3pQ",
"zAnMwkyKT",
"zAnH8oPkc"
],
"uid":"2218475925",
"parent":"",
"text":"哈哈身材不错",
"mid":"zAmbj5goA",
"date":"2013-06-07 20:20:42"
},
{
"kids":[],
"uid":"songjunchen0632",
"parent":"",
"text":"",
"mid":"zAmbgDlF7",
"date":"2013-06-07 20:20:38"
},
{
"kids":[],
"uid":"2679150901",
"parent":"",
"text":"色情",
"mid":"zAmaoyCHR",
"date":"2013-06-07 20:18:29"
},
{
"kids":[],
"uid":"206000372",
"parent":"",
"text":"额[吐]",
"mid":"zAmamfBLs",
"date":"2013-06-07 20:18:22"
},
{
"kids":[],
"uid":"1654730335",
"parent":"",
"text":"",
"mid":"zAm9CqCUk",
"date":"2013-06-07 20:16:33"
},
{
"kids":[],
"uid":"2550915503",
"parent":"",
"text":"",
"mid":"zAm9reWOQ",
"date":"2013-06-07 20:16:05"
},
{
"kids":[
"zAsZpkfy6",
"zAr6T6mAm"
],
"uid":"2072739303",
"parent":"",
"text":"",
"mid":"zAm9msbxu",
"date":"2013-06-07 20:15:57"
},
{
"kids":[
"zAsvjwLs8",
"zAnNSuEpl",
"zAnlcfLPX",
"zAmvSnjHG",
"zAmoe8FeO",
"zAmgGlAif"
],
"uid":"104216671",
"parent":"",
"text":"",
"mid":"zAm9etruV",
"date":"2013-06-07 20:15:35"
},
{
"kids":[],
"uid":"2261930827",
"parent":"",
"text":"能人太多[嘻嘻]",
"mid":"zAm7j7ihv",
"date":"2013-06-07 20:10:53"
},
{
"kids":[],
"uid":"2211896407",
"parent":"",
"text":"晚上在床上和白天躺在地上一个表情啊",
"mid":"zAm73twt3",
"date":"2013-06-07 20:10:13"
},
{
"kids":[
"zAn7ih0W8",
"zAn6NwS7Y",
"zAn1QfuIq",
"zAmQ2Cu6c",
"zAmOXf04i",
"zAmOypw27",
"zAmz6q2GC"
],
"uid":"weiweisu",
"parent":"",
"text":"3600",
"mid":"zAm6TpVxK",
"date":"2013-06-07 20:09:48"
},
{
"kids":[
"zAnxnewqf"
],
"uid":"1057896681",
"parent":"zAm4HebZx",
"text":"第五张真性感，受不了了流鼻血了……",
"mid":"zAm69kM4Y",
"date":"2013-06-07 20:08:02"
},
{
"kids":[],
"uid":"jiejay",
"parent":"",
"text":"",
"mid":"zAm5Ux50Y",
"date":"2013-06-07 20:07:23"
},
{
"kids":[],
"uid":"liemoren",
"parent":"",
"text":"",
"mid":"zAm5A8QFz",
"date":"2013-06-07 20:06:38"
},
{
"kids":[],
"uid":"2214171873",
"parent":"",
"text":"夏总威武！火钳留名！",
"mid":"zAm5vq0WK",
"date":"2013-06-07 20:06:26"
},
{
"kids":[],
"uid":"1881099995",
"parent":"",
"text":"善恶终有报，天道好轮回，不信抬头看，苍天饶过谁[bh彪悍]",
"mid":"zAm5mgqC8",
"date":"2013-06-07 20:06:03"
},
{
"kids":[
"zAsk1gTlp",
"zAoFl1JQq",
"zAmTMgEDj",
"zAmRp8K62",
"zAmNv75Ba",
"zAmMnlHIS",
"zAmIdqsJd",
"zAmxHfuCe",
"zAmqv58jh"
],
"uid":"lunaview",
"parent":"",
"text":"[围观]",
"mid":"zAm5ceiwp",
"date":"2013-06-07 20:05:40"
},
{
"kids":[],
"uid":"2214171873",
"parent":"",
"text":"",
"mid":"zAm5aq8v7",
"date":"2013-06-07 20:05:36"
},
{
"kids":[],
"uid":"2971459535",
"parent":"",
"text":"",
"mid":"zAm53FFj1",
"date":"2013-06-07 20:05:18"
},
{
"kids":[],
"uid":"2850429274",
"parent":"",
"text":"汇丰贵金属交易所 汇丰白银投资 高杠杆，没门槛，收益高！全国招代理商QQ1711529874  http:",
"mid":"zAm4HvNsh",
"date":"2013-06-07 20:04:27"
},
{
"kids":[
"zAnxnewqf",
"zAmkYhoNr",
"zAmfsrbrU",
"zAm69kM4Y"
],
"uid":"2665138033",
"parent":"",
"text":"[思考]",
"mid":"zAm4HebZx",
"date":"2013-06-07 20:04:26"
},
{
"kids":[],
"uid":"2860964054",
"parent":"",
"text":"长相比较不出来呢，图片失真",
"mid":"zAm3VkKQs",
"date":"2013-06-07 20:02:31"
},
{
"kids":[],
"uid":"2009067301",
"parent":"",
"text":"",
"mid":"zAm3S4v7m",
"date":"2013-06-07 20:02:22"
},
{
"kids":[
"zAmXhafta",
"zAmUyayOf",
"zAmGOvIMt"
],
"uid":"hikele",
"parent":"",
"text":"这次扒得最大快人心！",
"mid":"zAm3P8sx2",
"date":"2013-06-07 20:02:14"
},
{
"kids":[
"zAmeI0eaS",
"zAmdbblOZ"
],
"uid":"xielijun7",
"parent":"",
"text":"这世界太可怕",
"mid":"zAm3JdLKz",
"date":"2013-06-07 20:02:02"
},
{
"kids":[
"zAmw0ldIv",
"zAmcHBRgE"
],
"uid":"junhuamm2010",
"parent":"",
"text":"",
"mid":"zAm3nD6Kl",
"date":"2013-06-07 20:01:12"
},
{
"kids":[],
"uid":"2602772554",
"parent":"",
"text":"是她人吧，真恶心！！……[愤怒][愤怒][愤怒][愤怒][吐][吐][吐]",
"mid":"zAm3gfXsl",
"date":"2013-06-07 20:00:53"
},
{
"kids":[],
"uid":"2110926260",
"parent":"",
"text":"",
"mid":"zAm2AACPi",
"date":"2013-06-07 19:59:15"
},
{
"kids":[],
"uid":"1739765065",
"parent":"",
"text":"[围观][围观][围观][围观][围观][围观]",
"mid":"zAm2m8EDn",
"date":"2013-06-07 19:58:40"
}
]