[
{
"kids":[],
"uid":"andyou1314",
"parent":"zsZzFlGzV",
"text":"[蜡烛][蜡烛][蜡烛]愿您平安！",
"mid":"zt0nyxBaY",
"date":"2013-04-20 11:58:21"
},
{
"kids":[],
"uid":"foreverlovearashi",
"parent":"zt0chrdnB",
"text":"艹！原po啥意思！",
"mid":"zt0mCDmNb",
"date":"2013-04-20 11:56:03"
},
{
"kids":[],
"uid":"2822048463",
"parent":"",
"text":"雨城区到没这样…不知道庐山那边怎样了",
"mid":"zt0g69XEV",
"date":"2013-04-20 11:39:58"
},
{
"kids":[
"zt0mCDmNb"
],
"uid":"1627512287",
"parent":"zt0bEqHEW",
"text":"槽！",
"mid":"zt0chrdnB",
"date":"2013-04-20 11:30:34"
},
{
"kids":[
"zt0chrdnB"
],
"uid":"1751244940",
"parent":"",
"text":"假的！！这是日本地震的图！！",
"mid":"zt0bEqHEW",
"date":"2013-04-20 11:29:01"
},
{
"kids":[],
"uid":"qusky",
"parent":"",
"text":"[蜡烛]",
"mid":"zt08exzbF",
"date":"2013-04-20 11:20:35"
},
{
"kids":[],
"uid":"2169102123",
"parent":"",
"text":"[蜡烛][蜡烛][蜡烛][蜡烛][蜡烛]",
"mid":"zt067m7nF",
"date":"2013-04-20 11:15:23"
},
{
"kids":[],
"uid":"foreverlovearashi",
"parent":"",
"text":"[蜡烛]",
"mid":"zt0442aqZ",
"date":"2013-04-20 11:10:19"
},
{
"kids":[],
"uid":"1467912083",
"parent":"",
"text":"[蜡烛][蜡烛]",
"mid":"zt01OfcP3",
"date":"2013-04-20 11:04:46"
},
{
"kids":[],
"uid":"1423702335",
"parent":"",
"text":"[蜡烛]",
"mid":"zsZRBjko9",
"date":"2013-04-20 10:39:37"
},
{
"kids":[],
"uid":"niimurasakuya",
"parent":"zsZssjxpZ",
"text":"这是假的，别信！",
"mid":"zsZPK3p0g",
"date":"2013-04-20 10:35:01"
},
{
"kids":[],
"uid":"1412917063",
"parent":"zsZtMblrO",
"text":"图片是假的",
"mid":"zsZOf1K6T",
"date":"2013-04-20 10:31:20"
},
{
"kids":[],
"uid":"1615538061",
"parent":"zsZwhhA1r",
"text":"[蜡烛]",
"mid":"zsZNCiHK0",
"date":"2013-04-20 10:29:48"
},
{
"kids":[],
"uid":"xiaojiuwo8023",
"parent":"zsZnsm4Pw",
"text":"希望大家平安[可憐]",
"mid":"zsZNjmoBa",
"date":"2013-04-20 10:29:03"
},
{
"kids":[],
"uid":"1820630453",
"parent":"",
"text":"@地味",
"mid":"zsZL3l1AU",
"date":"2013-04-20 10:23:29"
},
{
"kids":[],
"uid":"qinqindemaomasherry",
"parent":"zsZoJetSJ",
"text":"[泪][泪][泪][蜡烛][蜡烛][蜡烛] 为你们祈祷!",
"mid":"zsZKRvF1M",
"date":"2013-04-20 10:23:00"
},
{
"kids":[],
"uid":"2694558091",
"parent":"zsZqE0XAM",
"text":"想回家[泪]",
"mid":"zsZEWrM7A",
"date":"2013-04-20 10:08:26"
},
{
"kids":[],
"uid":"1944968021",
"parent":"",
"text":"7",
"mid":"zsZCCh1i1",
"date":"2013-04-20 10:02:41"
},
{
"kids":[],
"uid":"2088720293",
"parent":"zsZqE0XAM",
"text":"",
"mid":"zsZBXu1Be",
"date":"2013-04-20 10:01:05"
},
{
"kids":[],
"uid":"2597336784",
"parent":"zsZy6aaiH",
"text":"希望大家平安",
"mid":"zsZBaabnT",
"date":"2013-04-20 09:59:07"
},
{
"kids":[],
"uid":"2212017987",
"parent":"",
"text":"",
"mid":"zsZA2rILE",
"date":"2013-04-20 09:56:21"
},
{
"kids":[],
"uid":"1445920132",
"parent":"",
"text":"太恐怖了",
"mid":"zsZzHqATv",
"date":"2013-04-20 09:55:31"
},
{
"kids":[
"zt0nyxBaY"
],
"uid":"1757326025",
"parent":"zsZqsaR9J",
"text":"有朋友进到雅安城区，城区问题不大，庐山还联系不上，愿安好，佑平安[蜡烛]",
"mid":"zsZzFlGzV",
"date":"2013-04-20 09:55:25"
},
{
"kids":[],
"uid":"3218958431",
"parent":"",
"text":"啊啊啊",
"mid":"zsZy6pQTT",
"date":"2013-04-20 09:51:35"
},
{
"kids":[
"zsZBaabnT"
],
"uid":"2794365010",
"parent":"zsZwOFTKS",
"text":"好恐怖！",
"mid":"zsZy6aaiH",
"date":"2013-04-20 09:51:33"
},
{
"kids":[],
"uid":"2963363800",
"parent":"zsZltqIbs",
"text":"@夏峥阳 希望只是资料图片！",
"mid":"zsZxzlVdu",
"date":"2013-04-20 09:50:15"
},
{
"kids":[],
"uid":"natapipi",
"parent":"zsZvLFbmd",
"text":"[衰][衰][衰]",
"mid":"zsZx5cB5s",
"date":"2013-04-20 09:49:03"
},
{
"kids":[],
"uid":"congmu",
"parent":"",
"text":"",
"mid":"zsZwT5FX4",
"date":"2013-04-20 09:48:35"
},
{
"kids":[
"zsZy6aaiH"
],
"uid":"1881851837",
"parent":"",
"text":"",
"mid":"zsZwOFTKS",
"date":"2013-04-20 09:48:24"
},
{
"kids":[],
"uid":"1654255011",
"parent":"zsZp0li9R",
"text":"",
"mid":"zsZwKwWRe",
"date":"2013-04-20 09:48:15"
},
{
"kids":[
"zsZNCiHK0"
],
"uid":"nettazure",
"parent":"zsZlqsm7V",
"text":"[伤心]",
"mid":"zsZwhhA1r",
"date":"2013-04-20 09:47:04"
},
{
"kids":[
"zsZx5cB5s"
],
"uid":"1762909321",
"parent":"zsZn0zbxC",
"text":"求救援",
"mid":"zsZvLFbmd",
"date":"2013-04-20 09:45:49"
},
{
"kids":[],
"uid":"1678613350",
"parent":"",
"text":"这是所看到最严重的一张照片",
"mid":"zsZuwz5pl",
"date":"2013-04-20 09:42:46"
},
{
"kids":[],
"uid":"3136157075",
"parent":"zsZqE0XAM",
"text":"",
"mid":"zsZuwxaE0",
"date":"2013-04-20 09:42:46"
},
{
"kids":[],
"uid":"zwy956356",
"parent":"",
"text":"QAQ",
"mid":"zsZuevwHS",
"date":"2013-04-20 09:42:03"
},
{
"kids":[],
"uid":"2302234964",
"parent":"zsZq8oeZD",
"text":"天妒我川",
"mid":"zsZtS61xJ",
"date":"2013-04-20 09:41:09"
},
{
"kids":[
"zsZOf1K6T"
],
"uid":"2080669917",
"parent":"",
"text":"不得哦",
"mid":"zsZtMblrO",
"date":"2013-04-20 09:40:54"
},
{
"kids":[],
"uid":"1933396705",
"parent":"zsZlqsm7V",
"text":"bless",
"mid":"zsZtHowXY",
"date":"2013-04-20 09:40:45"
},
{
"kids":[],
"uid":"2406486007",
"parent":"",
"text":"[蜡烛][蜡烛][蜡烛][蜡烛]愿一切安好",
"mid":"zsZtjshwb",
"date":"2013-04-20 09:39:47"
},
{
"kids":[],
"uid":"mrwhisper",
"parent":"zsZqdFNUh",
"text":"如果属实，事儿就大了。",
"mid":"zsZtgfptN",
"date":"2013-04-20 09:39:38"
},
{
"kids":[],
"uid":"1846584023",
"parent":"zsZssjxpZ",
"text":"",
"mid":"zsZt3vzCV",
"date":"2013-04-20 09:39:08"
},
{
"kids":[],
"uid":"2956146013",
"parent":"zsZqE0XAM",
"text":"[蜡烛][蜡烛]",
"mid":"zsZsGabeb",
"date":"2013-04-20 09:38:12"
},
{
"kids":[
"zsZPK3p0g",
"zsZt3vzCV"
],
"uid":"kreuz2216",
"parent":"zsZplkd59",
"text":"不是吧。。。",
"mid":"zsZssjxpZ",
"date":"2013-04-20 09:37:40"
},
{
"kids":[],
"uid":"1846741382",
"parent":"zsZnsm4Pw",
"text":"[吃惊][吃惊]一个钟8次地震！神了！",
"mid":"zsZss1W2N",
"date":"2013-04-20 09:37:38"
},
{
"kids":[],
"uid":"2088566685",
"parent":"zsZltqIbs",
"text":"感觉比512还强烈",
"mid":"zsZsrF7OV",
"date":"2013-04-20 09:37:38"
},
{
"kids":[],
"uid":"1025910383",
"parent":"",
"text":"就是这次芦山的吗？希望大家都平安啊[蜡烛]",
"mid":"zsZrLsyGw",
"date":"2013-04-20 09:35:57"
},
{
"kids":[],
"uid":"liangliang0815",
"parent":"zsZqE0XAM",
"text":"好严重啊",
"mid":"zsZrCxHAL",
"date":"2013-04-20 09:35:37"
},
{
"kids":[],
"uid":"kinghann",
"parent":"zsZpnFTPy",
"text":"米國得專家話也信哈。忍瞑日抱說只有4級。 妳信不。",
"mid":"zsZrvv0U6",
"date":"2013-04-20 09:35:18"
},
{
"kids":[],
"uid":"nonson",
"parent":"zsZqE0XAM",
"text":"往安好、",
"mid":"zsZr5rRuU",
"date":"2013-04-20 09:34:18"
},
{
"kids":[],
"uid":"siqiprincess",
"parent":"zsZpJiaXe",
"text":"祈祷",
"mid":"zsZr0aINK",
"date":"2013-04-20 09:34:05"
},
{
"kids":[],
"uid":"roynis",
"parent":"zsZobuHbE",
"text":"帮转一下",
"mid":"zsZqRgQBf",
"date":"2013-04-20 09:33:44"
},
{
"kids":[],
"uid":"2205435993",
"parent":"zsZqdFNUh",
"text":"@蓝宁978124",
"mid":"zsZqG6JuA",
"date":"2013-04-20 09:33:17"
},
{
"kids":[
"zsZEWrM7A",
"zsZBXu1Be",
"zsZuwxaE0",
"zsZsGabeb",
"zsZrCxHAL",
"zsZr5rRuU"
],
"uid":"87953896",
"parent":"",
"text":"真的很严重",
"mid":"zsZqE0XAM",
"date":"2013-04-20 09:33:12"
},
{
"kids":[],
"uid":"3177912754",
"parent":"",
"text":"[蜡烛]",
"mid":"zsZqD9ooc",
"date":"2013-04-20 09:33:09"
},
{
"kids":[
"zsZzFlGzV"
],
"uid":"tryblog",
"parent":"zsZni0Dnx",
"text":"愿靠近的朋友家人安好!@王廷@mayther",
"mid":"zsZqsaR9J",
"date":"2013-04-20 09:32:43"
},
{
"kids":[],
"uid":"2045274515",
"parent":"",
"text":"……[蜡烛]",
"mid":"zsZqo2Gmb",
"date":"2013-04-20 09:32:33"
},
{
"kids":[
"zsZtgfptN",
"zsZqG6JuA"
],
"uid":"2261228230",
"parent":"",
"text":"严重了....",
"mid":"zsZqdFNUh",
"date":"2013-04-20 09:32:11"
},
{
"kids":[
"zsZtS61xJ"
],
"uid":"zl722",
"parent":"zsZo530NW",
"text":"啥子每回都四川？？？",
"mid":"zsZq8oeZD",
"date":"2013-04-20 09:31:56"
},
{
"kids":[],
"uid":"suqinbg",
"parent":"zsZo530NW",
"text":"地震是不能预测的",
"mid":"zsZpQCNtB",
"date":"2013-04-20 09:31:15"
},
{
"kids":[
"zsZr0aINK"
],
"uid":"2818691907",
"parent":"zsZni0Dnx",
"text":"希望灾区人民平安",
"mid":"zsZpJiaXe",
"date":"2013-04-20 09:30:57"
},
{
"kids":[],
"uid":"linsaiwin",
"parent":"zsZoJetSJ",
"text":"不得哦，那么严重？[疑问][疑问]",
"mid":"zsZpIpR2J",
"date":"2013-04-20 09:30:55"
},
{
"kids":[],
"uid":"yuexiangshuwu",
"parent":"zsZobuHbE",
"text":"祈福平安。",
"mid":"zsZpymZky",
"date":"2013-04-20 09:30:30"
},
{
"kids":[
"zsZrvv0U6"
],
"uid":"2107908140",
"parent":"zsZo530NW",
"text":"我日，哪个说的四川100年内不得强震!",
"mid":"zsZpnFTPy",
"date":"2013-04-20 09:30:05"
},
{
"kids":[
"zsZssjxpZ"
],
"uid":"mizhichong",
"parent":"",
"text":"太可怕了！",
"mid":"zsZplkd59",
"date":"2013-04-20 09:29:59"
},
{
"kids":[
"zsZwKwWRe"
],
"uid":"cqsunjiankun",
"parent":"zsZobuHbE",
"text":"看来情况很严重",
"mid":"zsZp0li9R",
"date":"2013-04-20 09:29:10"
},
{
"kids":[],
"uid":"2011725503",
"parent":"",
"text":"@popo-littleps @Future马超 @明琼妈妈",
"mid":"zsZoXFyQP",
"date":"2013-04-20 09:29:03"
},
{
"kids":[
"zsZKRvF1M",
"zsZpIpR2J"
],
"uid":"xkss",
"parent":"zsZkFbnmx",
"text":"这个……不可能吧",
"mid":"zsZoJetSJ",
"date":"2013-04-20 09:28:29"
},
{
"kids":[],
"uid":"1957608093",
"parent":"",
"text":"",
"mid":"zsZovlYB6",
"date":"2013-04-20 09:27:55"
},
{
"kids":[],
"uid":"fionaalla",
"parent":"",
"text":"",
"mid":"zsZooy3s9",
"date":"2013-04-20 09:27:39"
},
{
"kids":[
"zsZqRgQBf",
"zsZpymZky",
"zsZp0li9R"
],
"uid":"supremebeing",
"parent":"zsZni0Dnx",
"text":"四川朋友辛苦，就近准备物品援助一下。",
"mid":"zsZobuHbE",
"date":"2013-04-20 09:27:08"
},
{
"kids":[
"zsZq8oeZD",
"zsZpQCNtB",
"zsZpnFTPy"
],
"uid":"rtrip",
"parent":"zsZkFbnmx",
"text":"我日！这些预测的干啥去了！[泪][泪][泪][泪]",
"mid":"zsZo530NW",
"date":"2013-04-20 09:26:53"
},
{
"kids":[],
"uid":"1775475581",
"parent":"zsZntelGB",
"text":"",
"mid":"zsZnSigMq",
"date":"2013-04-20 09:26:23"
},
{
"kids":[],
"uid":"1901362462",
"parent":"zsZni0Dnx",
"text":"要是这样有点严重哦",
"mid":"zsZnLgX3E",
"date":"2013-04-20 09:26:05"
},
{
"kids":[
"zsZnSigMq"
],
"uid":"2614586111",
"parent":"zsZlqsm7V",
"text":"",
"mid":"zsZntelGB",
"date":"2013-04-20 09:25:23"
},
{
"kids":[
"zsZNjmoBa",
"zsZss1W2N"
],
"uid":"208046467",
"parent":"zsZlxdtjU",
"text":"整栋？ 严重  保佑",
"mid":"zsZnsm4Pw",
"date":"2013-04-20 09:25:21"
},
{
"kids":[
"zsZqsaR9J",
"zsZpJiaXe",
"zsZobuHbE",
"zsZnLgX3E"
],
"uid":"2286399420",
"parent":"zsZljFrSr",
"text":"揪心啊！",
"mid":"zsZni0Dnx",
"date":"2013-04-20 09:24:56"
},
{
"kids":[],
"uid":"lena127",
"parent":"zsZlZAf2p",
"text":"真的還是假的，不要引起恐慌噢…@谣言粉碎机",
"mid":"zsZn6sSDX",
"date":"2013-04-20 09:24:29"
},
{
"kids":[
"zsZvLFbmd"
],
"uid":"1929497310",
"parent":"",
"text":"",
"mid":"zsZn0zbxC",
"date":"2013-04-20 09:24:15"
},
{
"kids":[],
"uid":"2058807712",
"parent":"zsZkFbnmx",
"text":"天啦",
"mid":"zsZmXyT4L",
"date":"2013-04-20 09:24:08"
},
{
"kids":[],
"uid":"signal417",
"parent":"zsZkFbnmx",
"text":"希望不是真的",
"mid":"zsZmVdcqO",
"date":"2013-04-20 09:24:01"
},
{
"kids":[],
"uid":"1798552713",
"parent":"",
"text":"不会吧！希望是假的！",
"mid":"zsZmSgDiy",
"date":"2013-04-20 09:23:55"
},
{
"kids":[],
"uid":"cindy08",
"parent":"zsZkFbnmx",
"text":"这个真恐怖@西藏高原之宝牦牛乳业成都分公司",
"mid":"zsZmyacJf",
"date":"2013-04-20 09:23:05"
},
{
"kids":[],
"uid":"1849258394",
"parent":"zsZkFbnmx",
"text":"",
"mid":"zsZm1mJ93",
"date":"2013-04-20 09:21:48"
},
{
"kids":[
"zsZn6sSDX"
],
"uid":"1420419990",
"parent":"",
"text":"真的假的？！god bless",
"mid":"zsZlZAf2p",
"date":"2013-04-20 09:21:45"
},
{
"kids":[],
"uid":"qinqin0509",
"parent":"zsZlqsm7V",
"text":"[蜡烛][蜡烛]",
"mid":"zsZlUjfPd",
"date":"2013-04-20 09:21:32"
},
{
"kids":[],
"uid":"1461009947",
"parent":"zsZlxdtjU",
"text":"",
"mid":"zsZlM0SnZ",
"date":"2013-04-20 09:21:12"
},
{
"kids":[],
"uid":"2105317342",
"parent":"zsZkFbnmx",
"text":"天啊。好黑人",
"mid":"zsZlHi2Cz",
"date":"2013-04-20 09:21:00"
},
{
"kids":[
"zsZnsm4Pw",
"zsZlM0SnZ"
],
"uid":"toniwoo",
"parent":"zsZkFbnmx",
"text":"真的呀，楞个严重?",
"mid":"zsZlxdtjU",
"date":"2013-04-20 09:20:36"
},
{
"kids":[
"zsZxzlVdu",
"zsZsrF7OV"
],
"uid":"1412133680",
"parent":"zsZkFbnmx",
"text":"太吓人了，快去救人！@头条新闻",
"mid":"zsZltqIbs",
"date":"2013-04-20 09:20:28"
},
{
"kids":[
"zsZwhhA1r",
"zsZtHowXY",
"zsZntelGB",
"zsZlUjfPd"
],
"uid":"1941500552",
"parent":"zsZkFbnmx",
"text":"默默bless",
"mid":"zsZlqsm7V",
"date":"2013-04-20 09:20:21"
},
{
"kids":[],
"uid":"1654783625",
"parent":"zsZkFbnmx",
"text":"希望不是真的",
"mid":"zsZlq7Y0X",
"date":"2013-04-20 09:20:20"
},
{
"kids":[
"zsZni0Dnx"
],
"uid":"2184727453",
"parent":"zsZkPeeTw",
"text":"我都是转发勒，看到好严重",
"mid":"zsZljFrSr",
"date":"2013-04-20 09:20:04"
},
{
"kids":[],
"uid":"1871900415",
"parent":"zsZkFbnmx",
"text":"bless [蜡烛]",
"mid":"zsZl1BW8w",
"date":"2013-04-20 09:19:22"
},
{
"kids":[
"zsZljFrSr"
],
"uid":"1985268667",
"parent":"",
"text":"是不是真的？这么严重啊！",
"mid":"zsZkPeeTw",
"date":"2013-04-20 09:18:52"
},
{
"kids":[
"zsZoJetSJ",
"zsZo530NW",
"zsZmXyT4L",
"zsZmVdcqO",
"zsZmyacJf",
"zsZm1mJ93",
"zsZlHi2Cz",
"zsZlxdtjU",
"zsZltqIbs",
"zsZlqsm7V",
"zsZlq7Y0X",
"zsZl1BW8w"
],
"uid":"iamlody",
"parent":"",
"text":"不得哦[泪][泪][泪][泪]",
"mid":"zsZkFbnmx",
"date":"2013-04-20 09:18:28"
}
]