[
{
"kids":[],
"uid":"1967603737",
"parent":"ABmUqooC2",
"text":"[偷笑]",
"mid":"AF94lqpds",
"date":"2014-04-11 06:53:41"
},
{
"kids":[],
"uid":"2885608627",
"parent":"ABmUqooC2",
"text":"你吖。哎",
"mid":"ADStt0yTz",
"date":"2014-04-02 22:48:33"
},
{
"kids":[],
"uid":"318026660",
"parent":"ABmUqooC2",
"text":"没有人会知道 。知道。。道。。。",
"mid":"ADNE78PM5",
"date":"2014-04-02 10:31:04"
},
{
"kids":[],
"uid":"1767442077",
"parent":"ABmUqooC2",
"text":"",
"mid":"ADJi4ytPk",
"date":"2014-04-01 23:25:47"
},
{
"kids":[],
"uid":"2292285255",
"parent":"ABmUqooC2",
"text":"",
"mid":"ADEe9mTiI",
"date":"2014-04-01 10:32:23"
},
{
"kids":[],
"uid":"2036334441",
"parent":"ABmUqooC2",
"text":"",
"mid":"ADDQfsG19",
"date":"2014-04-01 09:33:30"
},
{
"kids":[],
"uid":"2768518381",
"parent":"ABmUqooC2",
"text":"佩服 就喜欢转假新闻 丢人啊",
"mid":"ADA2KnQHv",
"date":"2014-03-31 23:53:17"
},
{
"kids":[],
"uid":"1915817215",
"parent":"ABmUqooC2",
"text":"",
"mid":"ADzWh4pE4",
"date":"2014-03-31 23:37:21"
},
{
"kids":[],
"uid":"1735344334",
"parent":"ABmUqooC2",
"text":"真讽刺！",
"mid":"ADtTYBoTt",
"date":"2014-03-31 08:15:13"
},
{
"kids":[],
"uid":"missyeshanjun",
"parent":"ABmUqooC2",
"text":"",
"mid":"ADtquFxET",
"date":"2014-03-31 07:02:35"
},
{
"kids":[],
"uid":"2808117412",
"parent":"ABmUqooC2",
"text":"[抓狂][抓狂]",
"mid":"ADoftvXPq",
"date":"2014-03-30 17:51:42"
},
{
"kids":[],
"uid":"dada0822",
"parent":"",
"text":"尼玛，这就是亮点啊",
"mid":"ADkzUl1BF",
"date":"2014-03-30 08:31:03"
},
{
"kids":[],
"uid":"1784927042",
"parent":"ABmUqooC2",
"text":"",
"mid":"ADdYjeFLm",
"date":"2014-03-29 15:41:55"
},
{
"kids":[],
"uid":"liyuan999",
"parent":"ABmUqooC2",
"text":"",
"mid":"ADdVPyxt6",
"date":"2014-03-29 15:35:50"
},
{
"kids":[],
"uid":"1875969721",
"parent":"ABnrarX2T",
"text":"[呵呵][呵呵]",
"mid":"ABq2j4N4E",
"date":"2014-03-17 18:44:07"
},
{
"kids":[],
"uid":"2189383505",
"parent":"",
"text":"[生病][生病][生病]",
"mid":"ABpNdckk3",
"date":"2014-03-17 18:06:57"
},
{
"kids":[],
"uid":"2448412622",
"parent":"",
"text":"",
"mid":"ABpLzePML",
"date":"2014-03-17 18:02:54"
},
{
"kids":[],
"uid":"2513822690",
"parent":"",
"text":"这要不是p的，就太无语了[哈哈]",
"mid":"ABp6VDhfJ",
"date":"2014-03-17 16:22:46"
},
{
"kids":[],
"uid":"2689780724",
"parent":"ABnyEEvtG",
"text":"...",
"mid":"ABp4RFbId",
"date":"2014-03-17 16:17:42"
},
{
"kids":[],
"uid":"1972890261",
"parent":"ABn1hjxkL",
"text":"[吃惊]原来如此",
"mid":"ABoHzAbyD",
"date":"2014-03-17 15:20:19"
},
{
"kids":[],
"uid":"2491257045",
"parent":"",
"text":"",
"mid":"ABotM9aUZ",
"date":"2014-03-17 14:46:19"
},
{
"kids":[],
"uid":"1923102761",
"parent":"ABmWguR4a",
"text":"预告会发生此次客机失踪？[疑问]",
"mid":"ABo38mn0O",
"date":"2014-03-17 13:40:41"
},
{
"kids":[],
"uid":"2672585272",
"parent":"ABnrarX2T",
"text":"",
"mid":"ABnRnl4ZW",
"date":"2014-03-17 13:11:42"
},
{
"kids":[],
"uid":"1247126313",
"parent":"ABnyEEvtG",
"text":"……",
"mid":"ABnJu1nsN",
"date":"2014-03-17 12:52:16"
},
{
"kids":[],
"uid":"1340898653",
"parent":"ABnyEEvtG",
"text":"",
"mid":"ABnFCoDlu",
"date":"2014-03-17 12:42:45"
},
{
"kids":[],
"uid":"3303862112",
"parent":"ABnyEEvtG",
"text":"此内容为不实消息，已处理。",
"mid":"ABnEIvt0r",
"date":"2014-03-17 12:40:32"
},
{
"kids":[],
"uid":"1748385272",
"parent":"ABnyEEvtG",
"text":"做死的马航",
"mid":"ABnCIsxo2",
"date":"2014-03-17 12:35:36"
},
{
"kids":[],
"uid":"1791124435",
"parent":"ABmV1mdtO",
"text":"世界是联系的",
"mid":"ABnAYx3E6",
"date":"2014-03-17 12:31:19"
},
{
"kids":[],
"uid":"1178325660",
"parent":"ABmUqooC2",
"text":"",
"mid":"ABnAqyZm3",
"date":"2014-03-17 12:29:58"
},
{
"kids":[],
"uid":"huangliang0819",
"parent":"ABnyEEvtG",
"text":"[衰]",
"mid":"ABnzgveCj",
"date":"2014-03-17 12:27:05"
},
{
"kids":[],
"uid":"1632437877",
"parent":"ABnyEEvtG",
"text":"..........",
"mid":"ABnzcn2pS",
"date":"2014-03-17 12:26:54"
},
{
"kids":[],
"uid":"gaoyingniuniu",
"parent":"ABnoh45F5",
"text":"@楊欽傑儿",
"mid":"ABnyPlhWY",
"date":"2014-03-17 12:26:01"
},
{
"kids":[
"ABp4RFbId",
"ABnJu1nsN",
"ABnFCoDlu",
"ABnEIvt0r",
"ABnCIsxo2",
"ABnzgveCj",
"ABnzcn2pS"
],
"uid":"ateenschen",
"parent":"ABnuAi4rw",
"text":"......",
"mid":"ABnyEEvtG",
"date":"2014-03-17 12:25:36"
},
{
"kids":[],
"uid":"2307553390",
"parent":"",
"text":"",
"mid":"ABnykjiIV",
"date":"2014-03-17 12:24:47"
},
{
"kids":[],
"uid":"1988355243",
"parent":"",
"text":"[汗]",
"mid":"ABnxxwTM3",
"date":"2014-03-17 12:22:50"
},
{
"kids":[],
"uid":"3806558282",
"parent":"ABn0WltWU",
"text":"一语成谶",
"mid":"ABnxiqkff",
"date":"2014-03-17 12:22:15"
},
{
"kids":[],
"uid":"2081775425",
"parent":"",
"text":"wherever you go， no one will ever know",
"mid":"ABnx1zxJj",
"date":"2014-03-17 12:21:35"
},
{
"kids":[],
"uid":"xuxin0810",
"parent":"ABnoh45F5",
"text":"[衰]",
"mid":"ABnvZbhHR",
"date":"2014-03-17 12:19:01"
},
{
"kids":[],
"uid":"elendil",
"parent":"ABnsSeZFu",
"text":"所以说也许那些猜想都是开玩笑的，马航只是想打个广告而已",
"mid":"ABnvEvzLS",
"date":"2014-03-17 12:18:12"
},
{
"kids":[],
"uid":"michelle207",
"parent":"ABn1hjxkL",
"text":"[黑线]预言能力超高的马航，可能要睇睇佢下一个预言系乜嘢了[猪头]",
"mid":"ABnvn3Vtg",
"date":"2014-03-17 12:17:30"
},
{
"kids":[
"ABp4RFbId",
"ABnJu1nsN",
"ABnFCoDlu",
"ABnEIvt0r",
"ABnCIsxo2",
"ABnzgveCj",
"ABnzcn2pS",
"ABnyEEvtG"
],
"uid":"1876436783",
"parent":"ABn08nMAM",
"text":"。。。。。。",
"mid":"ABnuAi4rw",
"date":"2014-03-17 12:15:34"
},
{
"kids":[],
"uid":"1064962495",
"parent":"ABn6z2sN4",
"text":"世界上没有无缘无故的爱、恨！",
"mid":"ABnt3r4MK",
"date":"2014-03-17 12:11:48"
},
{
"kids":[
"ABnvEvzLS"
],
"uid":"ytswat",
"parent":"ABnnC3LrK",
"text":"@马来西亚航空 的广告很有前瞻性。",
"mid":"ABnsSeZFu",
"date":"2014-03-17 12:11:21"
},
{
"kids":[],
"uid":"61210139",
"parent":"ABmWCCnOe",
"text":"OMG",
"mid":"ABnrUwnCX",
"date":"2014-03-17 12:08:58"
},
{
"kids":[
"ABq2j4N4E",
"ABnRnl4ZW"
],
"uid":"273239933",
"parent":"",
"text":"",
"mid":"ABnrarX2T",
"date":"2014-03-17 12:07:09"
},
{
"kids":[],
"uid":"3841215428",
"parent":"ABnoh45F5",
"text":"",
"mid":"ABnqUsDNX",
"date":"2014-03-17 12:06:31"
},
{
"kids":[],
"uid":"1943413925",
"parent":"ABnj49KLK",
"text":"[哈哈][哈哈][哈哈]",
"mid":"ABnpN3lZq",
"date":"2014-03-17 12:03:44"
},
{
"kids":[],
"uid":"3344559904",
"parent":"ABnoh45F5",
"text":"",
"mid":"ABnp5CRb9",
"date":"2014-03-17 12:02:02"
},
{
"kids":[
"ABnyPlhWY",
"ABnvZbhHR",
"ABnqUsDNX",
"ABnp5CRb9"
],
"uid":"2325941441",
"parent":"ABnk77QHD",
"text":"",
"mid":"ABnoh45F5",
"date":"2014-03-17 12:00:00"
},
{
"kids":[],
"uid":"1011690520",
"parent":"ABn1hjxkL",
"text":"[汗][晕][晕][晕][晕][晕]",
"mid":"ABno7CRXt",
"date":"2014-03-17 11:59:38"
},
{
"kids":[
"ABnvEvzLS",
"ABnsSeZFu"
],
"uid":"youngyuanqing",
"parent":"ABnk77QHD",
"text":"",
"mid":"ABnnC3LrK",
"date":"2014-03-17 11:58:23"
},
{
"kids":[],
"uid":"2125633637",
"parent":"ABmWguR4a",
"text":"知道得太多，这是在马航的伤口上撒盐啊！",
"mid":"ABnne7nt2",
"date":"2014-03-17 11:57:26"
},
{
"kids":[],
"uid":"2861891003",
"parent":"ABmWCCnOe",
"text":"",
"mid":"ABnmZhvUf",
"date":"2014-03-17 11:56:51"
},
{
"kids":[
"ABnyPlhWY",
"ABnvZbhHR",
"ABnvEvzLS",
"ABnsSeZFu",
"ABnqUsDNX",
"ABnp5CRb9",
"ABnoh45F5",
"ABnnC3LrK"
],
"uid":"misswj",
"parent":"",
"text":"我去~~@星空台starry",
"mid":"ABnk77QHD",
"date":"2014-03-17 11:49:46"
},
{
"kids":[
"ABnpN3lZq"
],
"uid":"duoduo908",
"parent":"ABn3cqWz6",
"text":"瞬间石化，有木有[衰]",
"mid":"ABnj49KLK",
"date":"2014-03-17 11:47:11"
},
{
"kids":[],
"uid":"1977388135",
"parent":"",
"text":"我想哭但是哭不出来",
"mid":"ABniUorGE",
"date":"2014-03-17 11:46:48"
},
{
"kids":[],
"uid":"onlyaven",
"parent":"",
"text":"",
"mid":"ABnes6uHF",
"date":"2014-03-17 11:35:48"
},
{
"kids":[],
"uid":"119820203",
"parent":"ABn6z2sN4",
"text":"我们新的波音777，在令人震惊的旅途中把你弄丢！[晕]",
"mid":"ABnem9Jms",
"date":"2014-03-17 11:35:35"
},
{
"kids":[],
"uid":"bobodust",
"parent":"ABn1hjxkL",
"text":"咔咔，擦",
"mid":"ABnd6ckU8",
"date":"2014-03-17 11:32:29"
},
{
"kids":[],
"uid":"weiwenyi",
"parent":"ABnaLFGKh",
"text":"赶紧转，神了。",
"mid":"ABncvuUSy",
"date":"2014-03-17 11:31:02"
},
{
"kids":[],
"uid":"stevedegreat",
"parent":"ABmXJueX1",
"text":"好准喔~真系 a journey of epic proportions~!!! [许愿]",
"mid":"ABnc5cM3W",
"date":"2014-03-17 11:29:59"
},
{
"kids":[],
"uid":"datougirl",
"parent":"ABn29qMGM",
"text":"[生病]第一次看到广告没有骗人",
"mid":"ABnbtqhLd",
"date":"2014-03-17 11:28:28"
},
{
"kids":[],
"uid":"1760663771",
"parent":"ABn6z2sN4",
"text":"",
"mid":"ABnbmz77F",
"date":"2014-03-17 11:28:13"
},
{
"kids":[
"ABncvuUSy"
],
"uid":"zazalu",
"parent":"ABn29qMGM",
"text":"",
"mid":"ABnaLFGKh",
"date":"2014-03-17 11:26:45"
},
{
"kids":[],
"uid":"1706357612",
"parent":"",
"text":"[晕][晕][晕]",
"mid":"ABnafpXQc",
"date":"2014-03-17 11:25:27"
},
{
"kids":[],
"uid":"3169917517",
"parent":"",
"text":"这次真的是没人知道！马航，你的预言验证了！",
"mid":"ABn9WxU6m",
"date":"2014-03-17 11:24:43"
},
{
"kids":[],
"uid":"doudouluck",
"parent":"ABn4x9wLY",
"text":"……",
"mid":"ABn9OhsID",
"date":"2014-03-17 11:24:23"
},
{
"kids":[],
"uid":"2214186055",
"parent":"ABn3RuTAo",
"text":"一语成真呐",
"mid":"ABn9FFnpI",
"date":"2014-03-17 11:24:03"
},
{
"kids":[],
"uid":"1218532902",
"parent":"",
"text":"",
"mid":"ABn9D3fPP",
"date":"2014-03-17 11:23:56"
},
{
"kids":[],
"uid":"209997161",
"parent":"ABn30htIE",
"text":"預言帝了。。。",
"mid":"ABn89bb9k",
"date":"2014-03-17 11:20:17"
},
{
"kids":[],
"uid":"1748714772",
"parent":"ABn6z2sN4",
"text":"",
"mid":"ABn71pUl4",
"date":"2014-03-17 11:17:31"
},
{
"kids":[],
"uid":"2142503553",
"parent":"ABn6z2sN4",
"text":"……",
"mid":"ABn6MBTxt",
"date":"2014-03-17 11:16:56"
},
{
"kids":[
"ABnt3r4MK",
"ABnem9Jms",
"ABnbmz77F",
"ABn71pUl4",
"ABn6MBTxt"
],
"uid":"jmjiangming",
"parent":"ABn1hjxkL",
"text":"",
"mid":"ABn6z2sN4",
"date":"2014-03-17 11:16:23"
},
{
"kids":[],
"uid":"zctagirl",
"parent":"ABn4x9wLY",
"text":"",
"mid":"ABn5TELXQ",
"date":"2014-03-17 11:14:45"
},
{
"kids":[],
"uid":"kths",
"parent":"ABmWCCnOe",
"text":"他们做到了",
"mid":"ABn5hfKdS",
"date":"2014-03-17 11:13:13"
},
{
"kids":[
"ABn9OhsID",
"ABn5TELXQ"
],
"uid":"1237660220",
"parent":"ABn22ConM",
"text":"无论你去哪儿，都没有人会知道。",
"mid":"ABn4x9wLY",
"date":"2014-03-17 11:11:24"
},
{
"kids":[
"ABn9FFnpI"
],
"uid":"yuyuzhao",
"parent":"ABn1hjxkL",
"text":"[衰][衰][衰]",
"mid":"ABn3RuTAo",
"date":"2014-03-17 11:09:43"
},
{
"kids":[],
"uid":"929h9",
"parent":"ABmWguR4a",
"text":"叼，人地一早话你知，你自己唔信邪，大家继续努力找啦！",
"mid":"ABn3LBM0M",
"date":"2014-03-17 11:09:30"
},
{
"kids":[
"ABnpN3lZq",
"ABnj49KLK"
],
"uid":"1738452772",
"parent":"ABn08nMAM",
"text":"@pjmeng7969 @Miss猫小多 [汗]",
"mid":"ABn3cqWz6",
"date":"2014-03-17 11:08:06"
},
{
"kids":[],
"uid":"2807743540",
"parent":"ABn1hjxkL",
"text":"哈哈[哈哈][哈哈]",
"mid":"ABn381AoY",
"date":"2014-03-17 11:07:54"
},
{
"kids":[
"ABn89bb9k"
],
"uid":"1219812045",
"parent":"ABmUqooC2",
"text":"已经被证实是网友伪作，可是真的毫无PS痕迹唉。。。",
"mid":"ABn30htIE",
"date":"2014-03-17 11:07:37"
},
{
"kids":[],
"uid":"wiwimimi",
"parent":"ABmWguR4a",
"text":"OMG!神奇的国道！",
"mid":"ABn2btxhA",
"date":"2014-03-17 11:05:36"
},
{
"kids":[
"ABncvuUSy",
"ABnbtqhLd",
"ABnaLFGKh"
],
"uid":"lucky8707",
"parent":"ABmVNu0it",
"text":"",
"mid":"ABn29qMGM",
"date":"2014-03-17 11:05:31"
},
{
"kids":[
"ABn9OhsID",
"ABn5TELXQ",
"ABn4x9wLY"
],
"uid":"2470946552",
"parent":"",
"text":"。。。",
"mid":"ABn22ConM",
"date":"2014-03-17 11:05:15"
},
{
"kids":[],
"uid":"441617989",
"parent":"ABn0WltWU",
"text":"显然图片是PS",
"mid":"ABn1M3Mv1",
"date":"2014-03-17 11:04:35"
},
{
"kids":[],
"uid":"hua168com",
"parent":"ABmWguR4a",
"text":"哈哈哈哈哈~~~~~~没有欺骗消费者",
"mid":"ABn1w6fbW",
"date":"2014-03-17 11:03:58"
},
{
"kids":[],
"uid":"qianxiaowei",
"parent":"",
"text":"777的广告为什么上的是380的飞机？不过这广告词太预言帝了！",
"mid":"ABn1ttwgM",
"date":"2014-03-17 11:03:51"
},
{
"kids":[
"ABoHzAbyD",
"ABnvn3Vtg",
"ABnt3r4MK",
"ABno7CRXt",
"ABnem9Jms",
"ABnd6ckU8",
"ABnbmz77F",
"ABn9FFnpI",
"ABn71pUl4",
"ABn6MBTxt",
"ABn6z2sN4",
"ABn3RuTAo",
"ABn381AoY"
],
"uid":"2709876063",
"parent":"",
"text":"这这这[生病][生病][生病][晕][晕][晕][晕][晕]",
"mid":"ABn1hjxkL",
"date":"2014-03-17 11:03:21"
},
{
"kids":[
"ABnxiqkff",
"ABn1M3Mv1"
],
"uid":"2692525495",
"parent":"ABmXZrwbd",
"text":"明明是空客A380，配文波音777，果断打假啊~真是个坑爹的公司",
"mid":"ABn0WltWU",
"date":"2014-03-17 11:02:32"
},
{
"kids":[],
"uid":"1613461851",
"parent":"",
"text":"。。。。。",
"mid":"ABn0Vv4MD",
"date":"2014-03-17 11:02:30"
},
{
"kids":[],
"uid":"1253277890",
"parent":"",
"text":"这个……",
"mid":"ABn0nu90d",
"date":"2014-03-17 11:01:09"
},
{
"kids":[
"ABp4RFbId",
"ABnJu1nsN",
"ABnFCoDlu",
"ABnEIvt0r",
"ABnCIsxo2",
"ABnzgveCj",
"ABnzcn2pS",
"ABnyEEvtG",
"ABnuAi4rw",
"ABnpN3lZq",
"ABnj49KLK",
"ABn3cqWz6"
],
"uid":"shawnm80yue",
"parent":"ABmXk7PHR",
"text":"",
"mid":"ABn08nMAM",
"date":"2014-03-17 11:00:33"
},
{
"kids":[],
"uid":"570202222",
"parent":"ABmUqooC2",
"text":"马航故意的！",
"mid":"ABn07cVXg",
"date":"2014-03-17 11:00:30"
},
{
"kids":[],
"uid":"1242784255",
"parent":"",
"text":"",
"mid":"ABmYY3jBZ",
"date":"2014-03-17 10:57:40"
},
{
"kids":[],
"uid":"1106426861",
"parent":"ABmWCCnOe",
"text":"@黑咔咔一直在路上",
"mid":"ABmYQjAt1",
"date":"2014-03-17 10:57:22"
},
{
"kids":[],
"uid":"nhgmlx",
"parent":"ABmWguR4a",
"text":"",
"mid":"ABmYL33zs",
"date":"2014-03-17 10:57:08"
},
{
"kids":[],
"uid":"mmyulu",
"parent":"",
"text":"[晕]",
"mid":"ABmYJwy1c",
"date":"2014-03-17 10:57:06"
},
{
"kids":[],
"uid":"2192377360",
"parent":"ABmWguR4a",
"text":"",
"mid":"ABmYBhKQ8",
"date":"2014-03-17 10:56:46"
},
{
"kids":[
"ABnxiqkff",
"ABn1M3Mv1",
"ABn0WltWU"
],
"uid":"441617989",
"parent":"",
"text":"果断举报，图片是A380",
"mid":"ABmXZrwbd",
"date":"2014-03-17 10:55:16"
},
{
"kids":[],
"uid":"3034524763",
"parent":"",
"text":"",
"mid":"ABmXMrjE2",
"date":"2014-03-17 10:54:45"
},
{
"kids":[
"ABnc5cM3W"
],
"uid":"bg7oj",
"parent":"",
"text":"一语成谶[晕]",
"mid":"ABmXJueX1",
"date":"2014-03-17 10:54:38"
},
{
"kids":[],
"uid":"1691061472",
"parent":"ABmWguR4a",
"text":"",
"mid":"ABmXsClfA",
"date":"2014-03-17 10:53:58"
},
{
"kids":[
"ABp4RFbId",
"ABnJu1nsN",
"ABnFCoDlu",
"ABnEIvt0r",
"ABnCIsxo2",
"ABnzgveCj",
"ABnzcn2pS",
"ABnyEEvtG",
"ABnuAi4rw",
"ABnpN3lZq",
"ABnj49KLK",
"ABn3cqWz6",
"ABn08nMAM"
],
"uid":"kliuq",
"parent":"ABmUqooC2",
"text":"。。。",
"mid":"ABmXk7PHR",
"date":"2014-03-17 10:53:36"
},
{
"kids":[],
"uid":"leekimching",
"parent":"ABmVNu0it",
"text":"",
"mid":"ABmWOcBcf",
"date":"2014-03-17 10:52:20"
},
{
"kids":[],
"uid":"feimei469",
"parent":"ABmWguR4a",
"text":"。。。",
"mid":"ABmWFC8eR",
"date":"2014-03-17 10:52:01"
},
{
"kids":[
"ABnrUwnCX",
"ABnmZhvUf",
"ABn5hfKdS",
"ABmYQjAt1"
],
"uid":"1656246551",
"parent":"ABmWlbzas",
"text":"",
"mid":"ABmWCCnOe",
"date":"2014-03-17 10:51:54"
},
{
"kids":[],
"uid":"yuanxinxin2120",
"parent":"ABmUqooC2",
"text":"哈哈哈",
"mid":"ABmWz5Qbl",
"date":"2014-03-17 10:51:45"
},
{
"kids":[
"ABnrUwnCX",
"ABnmZhvUf",
"ABn5hfKdS",
"ABmYQjAt1",
"ABmWCCnOe"
],
"uid":"1659845622",
"parent":"ABmUqooC2",
"text":"",
"mid":"ABmWlbzas",
"date":"2014-03-17 10:51:12"
},
{
"kids":[
"ABo38mn0O",
"ABnne7nt2",
"ABn3LBM0M",
"ABn2btxhA",
"ABn1w6fbW",
"ABmYL33zs",
"ABmYBhKQ8",
"ABmXsClfA",
"ABmWFC8eR"
],
"uid":"gzdabobo",
"parent":"",
"text":"你呀[抓狂]",
"mid":"ABmWguR4a",
"date":"2014-03-17 10:51:01"
},
{
"kids":[],
"uid":"cheeya",
"parent":"ABmUqooC2",
"text":"",
"mid":"ABmVXjnCm",
"date":"2014-03-17 10:50:14"
},
{
"kids":[
"ABncvuUSy",
"ABnbtqhLd",
"ABnaLFGKh",
"ABn29qMGM",
"ABmWOcBcf"
],
"uid":"blesstiffany",
"parent":"",
"text":"that's true",
"mid":"ABmVNu0it",
"date":"2014-03-17 10:49:51"
},
{
"kids":[],
"uid":"malashayatou",
"parent":"",
"text":"[吃惊][衰]",
"mid":"ABmV4BaGh",
"date":"2014-03-17 10:48:04"
},
{
"kids":[
"ABnAYx3E6"
],
"uid":"ianli",
"parent":"ABmUqooC2",
"text":"哈哈哈",
"mid":"ABmV1mdtO",
"date":"2014-03-17 10:47:57"
},
{
"kids":[],
"uid":"2858313974",
"parent":"",
"text":"天知地知你知我知，上帝会知道得啊！",
"mid":"ABmV15YBb",
"date":"2014-03-17 10:47:56"
},
{
"kids":[
"AF94lqpds",
"ADStt0yTz",
"ADNE78PM5",
"ADJi4ytPk",
"ADEe9mTiI",
"ADDQfsG19",
"ADA2KnQHv",
"ADzWh4pE4",
"ADtTYBoTt",
"ADtquFxET",
"ADoftvXPq",
"ADdYjeFLm",
"ADdVPyxt6",
"ABp4RFbId",
"ABnJu1nsN",
"ABnFCoDlu",
"ABnEIvt0r",
"ABnCIsxo2",
"ABnAYx3E6",
"ABnAqyZm3",
"ABnzgveCj",
"ABnzcn2pS",
"ABnyEEvtG",
"ABnuAi4rw",
"ABnrUwnCX",
"ABnpN3lZq",
"ABnmZhvUf",
"ABnj49KLK",
"ABn89bb9k",
"ABn5hfKdS",
"ABn3cqWz6",
"ABn30htIE",
"ABn08nMAM",
"ABn07cVXg",
"ABmYQjAt1",
"ABmXk7PHR",
"ABmWCCnOe",
"ABmWz5Qbl",
"ABmWlbzas",
"ABmVXjnCm",
"ABmV1mdtO"
],
"uid":"1661808840",
"parent":"",
"text":"哈哈哈",
"mid":"ABmUqooC2",
"date":"2014-03-17 10:46:29"
}
]