[
{
"kids":[],
"uid":"2804363394",
"parent":"z71vdwZx6",
"text":"",
"mid":"zpmlR76QI",
"date":"2013-03-27 12:33:21"
},
{
"kids":[],
"uid":"1582061072",
"parent":"z71vdwZx6",
"text":"",
"mid":"zpczdnIh9",
"date":"2013-03-26 11:38:49"
},
{
"kids":[],
"uid":"2789830750",
"parent":"z71vdwZx6",
"text":"",
"mid":"zpczd7Tpd",
"date":"2013-03-26 11:38:49"
},
{
"kids":[],
"uid":"1583596862",
"parent":"z71vdwZx6",
"text":"",
"mid":"zoeDkinXj",
"date":"2013-03-20 03:04:07"
},
{
"kids":[],
"uid":"2810250882",
"parent":"",
"text":"",
"mid":"zkrzY5g5P",
"date":"2013-02-23 04:40:21"
},
{
"kids":[],
"uid":"2803802634",
"parent":"",
"text":"",
"mid":"zkk8angkC",
"date":"2013-02-22 09:42:38"
},
{
"kids":[],
"uid":"2809619904",
"parent":"",
"text":"",
"mid":"zjy3hu8FK",
"date":"2013-02-17 07:18:44"
},
{
"kids":[],
"uid":"1727923062",
"parent":"",
"text":"",
"mid":"zjplW7wJp",
"date":"2013-02-16 09:09:59"
},
{
"kids":[],
"uid":"1582638030",
"parent":"",
"text":"",
"mid":"zisoh8ok4",
"date":"2013-02-10 03:03:41"
},
{
"kids":[],
"uid":"2808399354",
"parent":"",
"text":"",
"mid":"zilF6pyrX",
"date":"2013-02-09 09:55:54"
},
{
"kids":[],
"uid":"1583999195",
"parent":"z7989wr4U",
"text":"",
"mid":"zhLUxiFxc",
"date":"2013-02-05 14:55:03"
},
{
"kids":[],
"uid":"1728092334",
"parent":"",
"text":"",
"mid":"zhAExifRT",
"date":"2013-02-04 10:15:25"
},
{
"kids":[],
"uid":"2789954384",
"parent":"",
"text":"",
"mid":"zhvmG6ocK",
"date":"2013-02-03 20:47:42"
},
{
"kids":[],
"uid":"2920458000",
"parent":"",
"text":"",
"mid":"zg4KteF8B",
"date":"2013-01-25 11:11:50"
},
{
"kids":[],
"uid":"2919652062",
"parent":"",
"text":"",
"mid":"zfU8t065F",
"date":"2013-01-24 08:10:43"
},
{
"kids":[],
"uid":"2810687242",
"parent":"z7989wr4U",
"text":"",
"mid":"zfHC4rfn6",
"date":"2013-01-23 00:17:57"
},
{
"kids":[],
"uid":"1582552057",
"parent":"z7989wr4U",
"text":"",
"mid":"zfzf8nFdG",
"date":"2013-01-22 02:59:29"
},
{
"kids":[],
"uid":"1574616395",
"parent":"",
"text":"",
"mid":"zf9YphVov",
"date":"2013-01-19 10:39:35"
},
{
"kids":[],
"uid":"1582545774",
"parent":"",
"text":"",
"mid":"zf33n774K",
"date":"2013-01-18 17:02:36"
},
{
"kids":[],
"uid":"2919836154",
"parent":"z7989wr4U",
"text":"",
"mid":"zeNSJ2i15",
"date":"2013-01-17 02:25:10"
},
{
"kids":[],
"uid":"2804508824",
"parent":"z7989wr4U",
"text":"",
"mid":"zeIxsxS8T",
"date":"2013-01-16 12:49:03"
},
{
"kids":[],
"uid":"1583552803",
"parent":"",
"text":"",
"mid":"zdkGI0guX",
"date":"2013-01-07 10:15:35"
},
{
"kids":[],
"uid":"2805523532",
"parent":"",
"text":"",
"mid":"zd8y0lka0",
"date":"2013-01-06 03:21:12"
},
{
"kids":[],
"uid":"1584070320",
"parent":"",
"text":"",
"mid":"zcpVKC8pO",
"date":"2013-01-01 09:46:06"
},
{
"kids":[],
"uid":"1845671624",
"parent":"zbaP8jB5p",
"text":"",
"mid":"zblORd3pj",
"date":"2012-12-25 09:27:48"
},
{
"kids":[
"zblORd3pj"
],
"uid":"2803852794",
"parent":"",
"text":"",
"mid":"zbaP8jB5p",
"date":"2012-12-24 05:28:17"
},
{
"kids":[],
"uid":"2919863432",
"parent":"",
"text":"",
"mid":"zb1Et635o",
"date":"2012-12-23 06:07:17"
},
{
"kids":[],
"uid":"2920124674",
"parent":"",
"text":"",
"mid":"zafQLqu5y",
"date":"2012-12-18 04:25:44"
},
{
"kids":[],
"uid":"2919475614",
"parent":"",
"text":"",
"mid":"za7XDmuls",
"date":"2012-12-17 08:20:40"
},
{
"kids":[],
"uid":"2920259394",
"parent":"z7fK6vnOU",
"text":"",
"mid":"z9no5n67k",
"date":"2012-12-12 09:46:45"
},
{
"kids":[],
"uid":"1776795807",
"parent":"z7fK6vnOU",
"text":"",
"mid":"z9no5lP0r",
"date":"2012-12-12 09:46:45"
},
{
"kids":[],
"uid":"1777806290",
"parent":"z7fK6vnOU",
"text":"",
"mid":"z8Cz3BgOB",
"date":"2012-12-07 10:34:39"
},
{
"kids":[],
"uid":"2920165302",
"parent":"z7fK6vnOU",
"text":"",
"mid":"z8vqBke1g",
"date":"2012-12-06 16:24:35"
},
{
"kids":[],
"uid":"2809833272",
"parent":"z7fK6vnOU",
"text":"",
"mid":"z8vqBkdZy",
"date":"2012-12-06 16:24:35"
},
{
"kids":[],
"uid":"2919635172",
"parent":"",
"text":"",
"mid":"z83vKmsSq",
"date":"2012-12-03 17:20:23"
},
{
"kids":[],
"uid":"2920156432",
"parent":"",
"text":"",
"mid":"z83vKmsQC",
"date":"2012-12-03 17:20:21"
},
{
"kids":[],
"uid":"2789882734",
"parent":"",
"text":"",
"mid":"z80BwBl6S",
"date":"2012-12-03 09:56:23"
},
{
"kids":[],
"uid":"2919291482",
"parent":"",
"text":"",
"mid":"z7ZpnlAQv",
"date":"2012-12-03 06:53:41"
},
{
"kids":[],
"uid":"2789869154",
"parent":"",
"text":"",
"mid":"z7Zpnksth",
"date":"2012-12-03 06:53:41"
},
{
"kids":[],
"uid":"1519799452",
"parent":"",
"text":"",
"mid":"z7Y9u8mTP",
"date":"2012-12-03 03:41:48"
},
{
"kids":[],
"uid":"2920479712",
"parent":"",
"text":"",
"mid":"z7Y9u7tFT",
"date":"2012-12-03 03:41:48"
},
{
"kids":[],
"uid":"2802716074",
"parent":"",
"text":"",
"mid":"z7RyYk9JC",
"date":"2012-12-02 10:55:21"
},
{
"kids":[],
"uid":"2919778700",
"parent":"z79s5gCvc",
"text":"",
"mid":"z7P7CEXTo",
"date":"2012-12-02 04:42:30"
},
{
"kids":[],
"uid":"1440461311",
"parent":"",
"text":"",
"mid":"z7NJ349ts",
"date":"2012-12-02 01:09:12"
},
{
"kids":[],
"uid":"2919291910",
"parent":"",
"text":"",
"mid":"z7NJ33v9F",
"date":"2012-12-02 01:09:12"
},
{
"kids":[],
"uid":"2803914612",
"parent":"z79s5gCvc",
"text":"",
"mid":"z7L8TkJU9",
"date":"2012-12-01 18:34:38"
},
{
"kids":[],
"uid":"2790044580",
"parent":"z79s5gCvc",
"text":"",
"mid":"z7L8TkJS4",
"date":"2012-12-01 18:34:36"
},
{
"kids":[],
"uid":"2790020812",
"parent":"z70H3bLBB",
"text":"",
"mid":"z7IeJrJvd",
"date":"2012-12-01 11:10:45"
},
{
"kids":[],
"uid":"1777898452",
"parent":"z76iftn9M",
"text":"",
"mid":"z7HTtgDc3",
"date":"2012-12-01 10:18:24"
},
{
"kids":[],
"uid":"2920557024",
"parent":"z76iftn9M",
"text":"",
"mid":"z7HTtfIuv",
"date":"2012-12-01 10:18:24"
},
{
"kids":[],
"uid":"2919720980",
"parent":"z76iftn9M",
"text":"",
"mid":"z7HoFthLQ",
"date":"2012-12-01 09:02:30"
},
{
"kids":[],
"uid":"2809284244",
"parent":"z76iftn9M",
"text":"",
"mid":"z7HoFthKr",
"date":"2012-12-01 09:02:31"
},
{
"kids":[],
"uid":"1583037623",
"parent":"z79NBDOCW",
"text":"",
"mid":"z7E56k00K",
"date":"2012-12-01 00:36:03"
},
{
"kids":[],
"uid":"1583954851",
"parent":"z79NBDOCW",
"text":"",
"mid":"z7E562oRc",
"date":"2012-12-01 00:36:00"
},
{
"kids":[],
"uid":"2805371972",
"parent":"z70H3bLBB",
"text":"",
"mid":"z7D5FqlVl",
"date":"2012-11-30 22:04:40"
},
{
"kids":[],
"uid":"2919727002",
"parent":"z70H3bLBB",
"text":"",
"mid":"z7D5Fa4vK",
"date":"2012-11-30 22:04:39"
},
{
"kids":[],
"uid":"2789680980",
"parent":"",
"text":"",
"mid":"z7CLybpB2",
"date":"2012-11-30 21:15:06"
},
{
"kids":[],
"uid":"2920516280",
"parent":"z79NBDOCW",
"text":"",
"mid":"z7zcjoXYi",
"date":"2012-11-30 12:10:05"
},
{
"kids":[],
"uid":"2920539242",
"parent":"z79NBDOCW",
"text":"",
"mid":"z7zcjoXWw",
"date":"2012-11-30 12:10:06"
},
{
"kids":[],
"uid":"1728066367",
"parent":"",
"text":"",
"mid":"z7vfib6QX",
"date":"2012-11-30 02:06:27"
},
{
"kids":[],
"uid":"2920094474",
"parent":"",
"text":"",
"mid":"z7vfib6Qj",
"date":"2012-11-30 02:06:27"
},
{
"kids":[],
"uid":"2919712254",
"parent":"z70H3bLBB",
"text":"",
"mid":"z7v1nkUOI",
"date":"2012-11-30 01:32:10"
},
{
"kids":[],
"uid":"2803670122",
"parent":"z76vShlDG",
"text":"",
"mid":"z7p3HbM5G",
"date":"2012-11-29 10:21:23"
},
{
"kids":[],
"uid":"1778321271",
"parent":"z76vShlDG",
"text":"",
"mid":"z7p3GA8nF",
"date":"2012-11-29 10:21:23"
},
{
"kids":[],
"uid":"2920209852",
"parent":"",
"text":"",
"mid":"z7lyQk1cX",
"date":"2012-11-29 01:27:09"
},
{
"kids":[],
"uid":"2450658562",
"parent":"",
"text":"",
"mid":"z7kel3FvH",
"date":"2012-11-28 22:03:54"
},
{
"kids":[],
"uid":"521410789",
"parent":"",
"text":"",
"mid":"z7jvq3nwp",
"date":"2012-11-28 20:13:13"
},
{
"kids":[],
"uid":"2154874114",
"parent":"",
"text":"可怜的孩子，希望爸爸妈妈能早点找到你~~~",
"mid":"z7hZXa3Tb",
"date":"2012-11-28 16:22:57"
},
{
"kids":[],
"uid":"1803334617",
"parent":"",
"text":"",
"mid":"z7hyy5dbI",
"date":"2012-11-28 15:15:26"
},
{
"kids":[],
"uid":"1253017730",
"parent":"",
"text":"",
"mid":"z7gMxiSrX",
"date":"2012-11-28 13:17:09"
},
{
"kids":[],
"uid":"1846063870",
"parent":"",
"text":"",
"mid":"z7gzkvVb3",
"date":"2012-11-28 12:44:36"
},
{
"kids":[],
"uid":"1750395255",
"parent":"",
"text":"",
"mid":"z7gwp3ykp",
"date":"2012-11-28 12:37:24"
},
{
"kids":[],
"uid":"1853568232",
"parent":"",
"text":"",
"mid":"z7gpSxRRy",
"date":"2012-11-28 12:21:20"
},
{
"kids":[
"z9no5n67k",
"z9no5lP0r",
"z8Cz3BgOB",
"z8vqBke1g",
"z8vqBkdZy"
],
"uid":"3087012191",
"parent":"",
"text":"",
"mid":"z7fK6vnOU",
"date":"2012-11-28 10:38:25"
},
{
"kids":[],
"uid":"2048102220",
"parent":"",
"text":"",
"mid":"z7fsj9JHN",
"date":"2012-11-28 09:54:34"
},
{
"kids":[],
"uid":"2808652494",
"parent":"z70H3bLBB",
"text":"",
"mid":"z7dMzapNM",
"date":"2012-11-28 05:38:59"
},
{
"kids":[],
"uid":"2920173192",
"parent":"z70H3bLBB",
"text":"",
"mid":"z7dMzapNv",
"date":"2012-11-28 05:38:59"
},
{
"kids":[],
"uid":"2919508664",
"parent":"",
"text":"",
"mid":"z7dHa5VTv",
"date":"2012-11-28 05:25:40"
},
{
"kids":[],
"uid":"2920306472",
"parent":"",
"text":"",
"mid":"z7d7TrruJ",
"date":"2012-11-28 03:58:47"
},
{
"kids":[],
"uid":"1440399407",
"parent":"z78PZnl7g",
"text":"",
"mid":"z7c1LnPoA",
"date":"2012-11-28 01:10:55"
},
{
"kids":[],
"uid":"3123460713",
"parent":"",
"text":"狠打罪犯",
"mid":"z7c0Uu5dY",
"date":"2012-11-28 01:08:50"
},
{
"kids":[],
"uid":"2920252582",
"parent":"",
"text":"",
"mid":"z7bQmzuGZ",
"date":"2012-11-28 00:42:52"
},
{
"kids":[],
"uid":"2733468533",
"parent":"",
"text":"转发微博。 黄海冰:希望孩子的爸爸妈妈能看到，快把宝宝带回家！也希望公安机关严打，狠打拐卖孩子的罪犯！",
"mid":"z7b683ukq",
"date":"2012-11-27 22:48:56"
},
{
"kids":[],
"uid":"2944748953",
"parent":"",
"text":"",
"mid":"z7aft8LZr",
"date":"2012-11-27 20:39:12"
},
{
"kids":[],
"uid":"2965201957",
"parent":"",
"text":"",
"mid":"z79R2oQbv",
"date":"2012-11-27 19:39:02"
},
{
"kids":[
"z7E56k00K",
"z7E562oRc",
"z7zcjoXYi",
"z7zcjoXWw"
],
"uid":"2392092497",
"parent":"",
"text":"",
"mid":"z79NBDOCW",
"date":"2012-11-27 19:30:34"
},
{
"kids":[
"z7P7CEXTo",
"z7L8TkJU9",
"z7L8TkJS4"
],
"uid":"wangzhuyu080425",
"parent":"",
"text":"希望小孩早日跟父母团聚。。。。",
"mid":"z79s5gCvc",
"date":"2012-11-27 18:37:29"
},
{
"kids":[],
"uid":"2462368340",
"parent":"",
"text":"老大。。╮(╯▽╰)╭ 今天一天没来了。。偶实在是很忙吖。。。今天忙得我都糊里糊涂滴。。。[衰][衰][衰]",
"mid":"z79irseiD",
"date":"2012-11-27 18:13:46"
},
{
"kids":[],
"uid":"2380584675",
"parent":"",
"text":"",
"mid":"z79cZ81UU",
"date":"2012-11-27 18:00:18"
},
{
"kids":[
"zhLUxiFxc",
"zfHC4rfn6",
"zfzf8nFdG",
"zeNSJ2i15",
"zeIxsxS8T"
],
"uid":"2769780034",
"parent":"",
"text":"我的个天儿呀我老乡[泪]",
"mid":"z7989wr4U",
"date":"2012-11-27 17:48:27"
},
{
"kids":[
"z7c1LnPoA"
],
"uid":"2752519710",
"parent":"",
"text":"",
"mid":"z78PZnl7g",
"date":"2012-11-27 17:03:41"
},
{
"kids":[],
"uid":"1776955657",
"parent":"",
"text":"",
"mid":"z78s13h1D",
"date":"2012-11-27 16:04:37"
},
{
"kids":[],
"uid":"2953732105",
"parent":"z75pnbr1R",
"text":"大家帮忙转",
"mid":"z78adEBBh",
"date":"2012-11-27 15:20:47"
},
{
"kids":[],
"uid":"1863828185",
"parent":"z75pnbr1R",
"text":"",
"mid":"z77QC3yJr",
"date":"2012-11-27 14:32:28"
},
{
"kids":[],
"uid":"2124647563",
"parent":"",
"text":"让可怜的孩子，早点回家。转 转 转",
"mid":"z77KquTD7",
"date":"2012-11-27 14:17:14"
},
{
"kids":[],
"uid":"2406895842",
"parent":"",
"text":"",
"mid":"z77K3aeEw",
"date":"2012-11-27 14:16:18"
},
{
"kids":[],
"uid":"2124647563",
"parent":"",
"text":"可怜的孩子。转",
"mid":"z77JcyTKR",
"date":"2012-11-27 14:14:11"
},
{
"kids":[],
"uid":"2032320851",
"parent":"",
"text":"",
"mid":"z77CvDKZh",
"date":"2012-11-27 13:57:43"
},
{
"kids":[],
"uid":"2690254613",
"parent":"",
"text":"",
"mid":"z77ntoOJv",
"date":"2012-11-27 13:20:42"
},
{
"kids":[],
"uid":"2920131412",
"parent":"z716dkUed",
"text":"",
"mid":"z7796siNK",
"date":"2012-11-27 12:45:16"
},
{
"kids":[],
"uid":"1938652832",
"parent":"",
"text":"",
"mid":"z76P2siAv",
"date":"2012-11-27 11:55:51"
},
{
"kids":[],
"uid":"13577062",
"parent":"z76g8ikNz",
"text":"尽份微力量、让这个可爱的孩子找回自己的家[心]@于波 @于波工作室 @茂lv",
"mid":"z76IiBtMO",
"date":"2012-11-27 11:39:15"
},
{
"kids":[],
"uid":"2344607614",
"parent":"",
"text":"[悲伤]",
"mid":"z76zNuXTh",
"date":"2012-11-27 11:18:16"
},
{
"kids":[
"z7p3HbM5G",
"z7p3GA8nF"
],
"uid":"1236418630",
"parent":"",
"text":"多可爱的孩子，早日早到自己的父母吧，不怕不怕啊，世上好心人多，大家帮忙转起来",
"mid":"z76vShlDG",
"date":"2012-11-27 11:08:37"
},
{
"kids":[],
"uid":"339399520",
"parent":"",
"text":"",
"mid":"z76sIFe6v",
"date":"2012-11-27 11:00:52"
},
{
"kids":[],
"uid":"2372785803",
"parent":"",
"text":"可怜的孩子，动动手转发一下，帮助他找到父母",
"mid":"z76mt0hZ9",
"date":"2012-11-27 10:45:27"
},
{
"kids":[],
"uid":"1899938215",
"parent":"",
"text":"",
"mid":"z76kJ9RoR",
"date":"2012-11-27 10:41:10"
},
{
"kids":[],
"uid":"2769809147",
"parent":"",
"text":"",
"mid":"z76kFyHZe",
"date":"2012-11-27 10:41:02"
},
{
"kids":[],
"uid":"2042068081",
"parent":"z75zBA9zZ",
"text":"",
"mid":"z76j38wvZ",
"date":"2012-11-27 10:37:01"
},
{
"kids":[
"z7HTtgDc3",
"z7HTtfIuv",
"z7HoFthLQ",
"z7HoFthKr"
],
"uid":"2397566883",
"parent":"",
"text":"",
"mid":"z76iftn9M",
"date":"2012-11-27 10:35:03"
},
{
"kids":[],
"uid":"2789947524",
"parent":"",
"text":"",
"mid":"z76hbh5iZ",
"date":"2012-11-27 10:32:25"
},
{
"kids":[],
"uid":"1440675810",
"parent":"",
"text":"",
"mid":"z76haFrAJ",
"date":"2012-11-27 10:32:25"
},
{
"kids":[
"z76IiBtMO"
],
"uid":"1894274914",
"parent":"",
"text":"大家帮帮忙@Annabelle葉 @Viki小鱼 @Chan_Tt @雅秋zheng @林心如 @夢想家林志穎",
"mid":"z76g8ikNz",
"date":"2012-11-27 10:29:50"
},
{
"kids":[],
"uid":"2903744665",
"parent":"",
"text":"",
"mid":"z76eh0Llu",
"date":"2012-11-27 10:25:16"
},
{
"kids":[],
"uid":"1715175054",
"parent":"",
"text":"",
"mid":"z7680rHyG",
"date":"2012-11-27 10:09:50"
},
{
"kids":[],
"uid":"1916798927",
"parent":"",
"text":"",
"mid":"z762Dsj6t",
"date":"2012-11-27 09:56:36"
},
{
"kids":[],
"uid":"1842440177",
"parent":"",
"text":"",
"mid":"z762zzRYg",
"date":"2012-11-27 09:56:27"
},
{
"kids":[],
"uid":"2319389370",
"parent":"",
"text":"",
"mid":"z75SltdcC",
"date":"2012-11-27 09:31:14"
},
{
"kids":[],
"uid":"1991979613",
"parent":"",
"text":"",
"mid":"z75QNrxLF",
"date":"2012-11-27 09:27:26"
},
{
"kids":[],
"uid":"2749951021",
"parent":"z75zBA9zZ",
"text":"小朋友好可爱啊",
"mid":"z75NEqEFN",
"date":"2012-11-27 09:19:41"
},
{
"kids":[],
"uid":"zsmtvb",
"parent":"z75pnbr1R",
"text":"",
"mid":"z75NmE8vT",
"date":"2012-11-27 09:18:59"
},
{
"kids":[],
"uid":"2256454547",
"parent":"",
"text":"",
"mid":"z75LFuAF6",
"date":"2012-11-27 09:14:48"
},
{
"kids":[],
"uid":"2805353880",
"parent":"",
"text":"",
"mid":"z75JV2kzK",
"date":"2012-11-27 09:10:28"
},
{
"kids":[],
"uid":"2804524980",
"parent":"",
"text":"",
"mid":"z75JV2kxV",
"date":"2012-11-27 09:10:28"
},
{
"kids":[],
"uid":"2204150911",
"parent":"z75zBA9zZ",
"text":"",
"mid":"z75EVDXxu",
"date":"2012-11-27 08:58:12"
},
{
"kids":[],
"uid":"1885747493",
"parent":"",
"text":"",
"mid":"z75A0pAzF",
"date":"2012-11-27 08:46:04"
},
{
"kids":[
"z76j38wvZ",
"z75NEqEFN",
"z75EVDXxu"
],
"uid":"1902063880",
"parent":"z75vJ59yM",
"text":"微力量行动起来！",
"mid":"z75zBA9zZ",
"date":"2012-11-27 08:45:05"
},
{
"kids":[],
"uid":"1842703195",
"parent":"",
"text":"",
"mid":"z75zwAmoZ",
"date":"2012-11-27 08:44:53"
},
{
"kids":[],
"uid":"2992941551",
"parent":"",
"text":"",
"mid":"z75whmHBT",
"date":"2012-11-27 08:36:53"
},
{
"kids":[
"z75zBA9zZ"
],
"uid":"2193382610",
"parent":"",
"text":"",
"mid":"z75vJ59yM",
"date":"2012-11-27 08:35:31"
},
{
"kids":[],
"uid":"1751217950",
"parent":"",
"text":"",
"mid":"z75puA2fr",
"date":"2012-11-27 08:20:10"
},
{
"kids":[
"z78adEBBh",
"z77QC3yJr",
"z75NmE8vT"
],
"uid":"1566180822",
"parent":"",
"text":"",
"mid":"z75pnbr1R",
"date":"2012-11-27 08:19:52"
},
{
"kids":[],
"uid":"3016699281",
"parent":"",
"text":"他一定会平安回家的！",
"mid":"z757soPOC",
"date":"2012-11-27 07:35:44"
},
{
"kids":[],
"uid":"2804332850",
"parent":"z72xlFn4u",
"text":"",
"mid":"z74oGxmwG",
"date":"2012-11-27 05:45:26"
},
{
"kids":[],
"uid":"2805214590",
"parent":"z72xlFn4u",
"text":"",
"mid":"z74oGxmwe",
"date":"2012-11-27 05:45:26"
},
{
"kids":[],
"uid":"2919579810",
"parent":"",
"text":"",
"mid":"z72VfwaZK",
"date":"2012-11-27 02:00:09"
},
{
"kids":[],
"uid":"1582849362",
"parent":"",
"text":"",
"mid":"z72VfezQD",
"date":"2012-11-27 02:00:09"
},
{
"kids":[],
"uid":"2335266854",
"parent":"",
"text":"",
"mid":"z72LWtw9N",
"date":"2012-11-27 01:37:14"
},
{
"kids":[
"z74oGxmwG",
"z74oGxmwe"
],
"uid":"1989438151",
"parent":"",
"text":"",
"mid":"z72xlFn4u",
"date":"2012-11-27 01:01:16"
},
{
"kids":[],
"uid":"2801265145",
"parent":"",
"text":"海冰，晚安！",
"mid":"z72mylc1Y",
"date":"2012-11-27 00:34:39"
},
{
"kids":[],
"uid":"2801265145",
"parent":"",
"text":"",
"mid":"z72hscl9o",
"date":"2012-11-27 00:22:07"
},
{
"kids":[],
"uid":"1407627587",
"parent":"",
"text":"",
"mid":"z72aofhdW",
"date":"2012-11-27 00:04:44"
},
{
"kids":[],
"uid":"2714859520",
"parent":"",
"text":"",
"mid":"z722FiDah",
"date":"2012-11-26 23:45:41"
},
{
"kids":[],
"uid":"1793576507",
"parent":"",
"text":"",
"mid":"z71USqrcr",
"date":"2012-11-26 23:26:31"
},
{
"kids":[],
"uid":"2054393645",
"parent":"",
"text":"",
"mid":"z71NGh1hz",
"date":"2012-11-26 23:08:46"
},
{
"kids":[],
"uid":"3014980407",
"parent":"",
"text":"",
"mid":"z71ImurAF",
"date":"2012-11-26 22:55:40"
},
{
"kids":[],
"uid":"1931133207",
"parent":"",
"text":"",
"mid":"z71CMqUHl",
"date":"2012-11-26 22:41:56"
},
{
"kids":[],
"uid":"1890996570",
"parent":"",
"text":"扩",
"mid":"z71AhDYEL",
"date":"2012-11-26 22:35:44"
},
{
"kids":[
"zpmlR76QI",
"zpczdnIh9",
"zpczd7Tpd",
"zoeDkinXj"
],
"uid":"3136381511",
"parent":"",
"text":"",
"mid":"z71vdwZx6",
"date":"2012-11-26 22:23:16"
},
{
"kids":[],
"uid":"2462368340",
"parent":"",
"text":"老大。。明天开机。。老大明天就要拍戏了么。。。。注意身体哈。。。今晚早点休息哈。。。晚安。。好梦。。【不许半夜更博。。。。[爱你][爱你][爱你]】",
"mid":"z71uMAABb",
"date":"2012-11-26 22:22:13"
},
{
"kids":[],
"uid":"woaiduanduan",
"parent":"",
"text":"",
"mid":"z71txvU95",
"date":"2012-11-26 22:19:08"
},
{
"kids":[],
"uid":"1738055994",
"parent":"",
"text":"希望小朋友早日返到父母既懷中！！！",
"mid":"z71qtwmLv",
"date":"2012-11-26 22:11:36"
},
{
"kids":[],
"uid":"2651688672",
"parent":"",
"text":"",
"mid":"z71qjaYsr",
"date":"2012-11-26 22:11:10"
},
{
"kids":[],
"uid":"2309901475",
"parent":"",
"text":"",
"mid":"z71lgdO0E",
"date":"2012-11-26 21:58:44"
},
{
"kids":[],
"uid":"2029656570",
"parent":"",
"text":"",
"mid":"z71iSaFVl",
"date":"2012-11-26 21:52:52"
},
{
"kids":[],
"uid":"1864205692",
"parent":"",
"text":"[心]",
"mid":"z71gUqzxT",
"date":"2012-11-26 21:47:59"
},
{
"kids":[],
"uid":"2094987002",
"parent":"",
"text":"",
"mid":"z719kDCPC",
"date":"2012-11-26 21:29:22"
},
{
"kids":[],
"uid":"276477228",
"parent":"",
"text":"",
"mid":"z716HbM1g",
"date":"2012-11-26 21:22:52"
},
{
"kids":[
"z7796siNK"
],
"uid":"2132493985",
"parent":"",
"text":"",
"mid":"z716dkUed",
"date":"2012-11-26 21:21:42"
},
{
"kids":[],
"uid":"1994342425",
"parent":"",
"text":"",
"mid":"z711gDSKq",
"date":"2012-11-26 21:09:31"
},
{
"kids":[],
"uid":"1956628095",
"parent":"",
"text":"",
"mid":"z710rvo56",
"date":"2012-11-26 21:07:28"
},
{
"kids":[],
"uid":"2154702654",
"parent":"",
"text":"晚安，天冷了！拍戏多注意保暖。有空去看看你[愛你][愛你][愛你][愛你]",
"mid":"z70XWEbOW",
"date":"2012-11-26 21:01:19"
},
{
"kids":[],
"uid":"1317142312",
"parent":"",
"text":"",
"mid":"z70XLaeAK",
"date":"2012-11-26 21:00:51"
},
{
"kids":[],
"uid":"2154702654",
"parent":"",
"text":"",
"mid":"z70Xxx7u1",
"date":"2012-11-26 21:00:16"
},
{
"kids":[],
"uid":"2779813821",
"parent":"",
"text":"",
"mid":"z70XeCjlk",
"date":"2012-11-26 20:59:34"
},
{
"kids":[],
"uid":"2695961273",
"parent":"",
"text":"",
"mid":"z70X3oE7z",
"date":"2012-11-26 20:59:08"
},
{
"kids":[],
"uid":"1923723710",
"parent":"",
"text":"",
"mid":"z70TtdF0r",
"date":"2012-11-26 20:50:14"
},
{
"kids":[],
"uid":"1260386462",
"parent":"",
"text":"转",
"mid":"z70SQddmd",
"date":"2012-11-26 20:48:45"
},
{
"kids":[],
"uid":"fushengmoyan",
"parent":"",
"text":"扩~",
"mid":"z70PyEfpA",
"date":"2012-11-26 20:40:39"
},
{
"kids":[],
"uid":"1244624890",
"parent":"z70giiwW0",
"text":"这么可爱一定是……",
"mid":"z70LMAAsf",
"date":"2012-11-26 20:31:21"
},
{
"kids":[],
"uid":"2511712272",
"parent":"",
"text":"好可怜的孩子。。。父母快点看到吧。。。父母的温暖别人是永远替代不来的。。。",
"mid":"z70HC51R5",
"date":"2012-11-26 20:21:04"
},
{
"kids":[
"z7IeJrJvd",
"z7D5FqlVl",
"z7D5Fa4vK",
"z7v1nkUOI",
"z7dMzapNM",
"z7dMzapNv"
],
"uid":"2713972457",
"parent":"",
"text":"",
"mid":"z70H3bLBB",
"date":"2012-11-26 20:19:41"
},
{
"kids":[],
"uid":"2794384415",
"parent":"z70xPEEFt",
"text":"望孩子的父母及亲属早日看到，接宝宝回家[可怜]",
"mid":"z70GM2AJA",
"date":"2012-11-26 20:19:00"
},
{
"kids":[],
"uid":"1444212255",
"parent":"",
"text":"[怒]",
"mid":"z70yd2UOe",
"date":"2012-11-26 19:57:54"
},
{
"kids":[
"z70GM2AJA"
],
"uid":"lanlushusheng",
"parent":"",
"text":"希望宝宝早日回家！！！",
"mid":"z70xPEEFt",
"date":"2012-11-26 19:56:57"
},
{
"kids":[],
"uid":"lsdrs",
"parent":"",
"text":"",
"mid":"z70vZ40G5",
"date":"2012-11-26 19:52:25"
},
{
"kids":[],
"uid":"1655436433",
"parent":"",
"text":"转发微博。",
"mid":"z70vm13Yg",
"date":"2012-11-26 19:50:52"
},
{
"kids":[],
"uid":"573681855",
"parent":"",
"text":"好心人有好报，我们支持转发的",
"mid":"z70t3B373",
"date":"2012-11-26 19:45:10"
},
{
"kids":[],
"uid":"573681855",
"parent":"",
"text":"[good]",
"mid":"z70sGfeZD",
"date":"2012-11-26 19:44:18"
},
{
"kids":[],
"uid":"333637878",
"parent":"",
"text":"",
"mid":"z70qTs2em",
"date":"2012-11-26 19:39:52"
},
{
"kids":[],
"uid":"2809839535",
"parent":"",
"text":"",
"mid":"z70po4KNp",
"date":"2012-11-26 19:36:09"
},
{
"kids":[],
"uid":"2462368340",
"parent":"",
"text":"回复@风踪鹤影:嗯嗯。。姐姐身体不舒服。。早点休息哈。。",
"mid":"z70p36SEH",
"date":"2012-11-26 19:35:20"
},
{
"kids":[],
"uid":"2790032713",
"parent":"",
"text":"[围观]",
"mid":"z70na5HeV",
"date":"2012-11-26 19:30:41"
},
{
"kids":[],
"uid":"3008647673",
"parent":"",
"text":".",
"mid":"z70n778hO",
"date":"2012-11-26 19:30:34"
},
{
"kids":[],
"uid":"1904193893",
"parent":"",
"text":"",
"mid":"z70mWcC4V",
"date":"2012-11-26 19:30:08"
},
{
"kids":[],
"uid":"2462368340",
"parent":"",
"text":"回复@风踪鹤影:是吖。。正好没时间。。~~~~(>_<)~~~~ 错过啦。",
"mid":"z70ma3sCX",
"date":"2012-11-26 19:28:12"
},
{
"kids":[],
"uid":"2597412474",
"parent":"z7034jtFH",
"text":"",
"mid":"z70kJEzS3",
"date":"2012-11-26 19:24:43"
},
{
"kids":[],
"uid":"xiaoxiao0119",
"parent":"",
"text":"",
"mid":"z70klpxzS",
"date":"2012-11-26 19:23:44"
},
{
"kids":[],
"uid":"2588375284",
"parent":"",
"text":"[怒]最恨的就是这种人渣。。。",
"mid":"z70jUhdwe",
"date":"2012-11-26 19:22:37"
},
{
"kids":[],
"uid":"572002271",
"parent":"",
"text":"",
"mid":"z70jnrrYt",
"date":"2012-11-26 19:21:22"
},
{
"kids":[],
"uid":"1810721320",
"parent":"",
"text":"社会的每个人都应该帮忙的。为什么特别要他们呢？",
"mid":"z70jd9DtL",
"date":"2012-11-26 19:20:57"
},
{
"kids":[],
"uid":"2231609362",
"parent":"z702Qnp1D",
"text":"",
"mid":"z70j0pOn7",
"date":"2012-11-26 19:20:27"
},
{
"kids":[],
"uid":"ldxylhb723",
"parent":"",
"text":"嗯嗯",
"mid":"z70gZ9U6Y",
"date":"2012-11-26 19:15:28"
},
{
"kids":[],
"uid":"1943034043",
"parent":"",
"text":"",
"mid":"z70gttoNC",
"date":"2012-11-26 19:14:13"
},
{
"kids":[
"z70LMAAsf"
],
"uid":"1842778751",
"parent":"",
"text":"",
"mid":"z70giiwW0",
"date":"2012-11-26 19:13:43"
},
{
"kids":[],
"uid":"endlesslight",
"parent":"",
"text":"回复@烨烨_ReiyaLi:哦,好,了解,是因為有朋友直接轉來,大家就急著把這消息散佈...謝謝您",
"mid":"z70fzovHV",
"date":"2012-11-26 19:11:59"
},
{
"kids":[],
"uid":"2686901701",
"parent":"",
"text":"",
"mid":"z70fs06gR",
"date":"2012-11-26 19:11:41"
},
{
"kids":[],
"uid":"1858564632",
"parent":"",
"text":"",
"mid":"z70eo77nH",
"date":"2012-11-26 19:09:03"
},
{
"kids":[],
"uid":"2638533781",
"parent":"",
"text":"",
"mid":"z70e4ypyj",
"date":"2012-11-26 19:08:18"
},
{
"kids":[],
"uid":"2462368340",
"parent":"",
"text":"希望孩子回到爸妈身边",
"mid":"z70cje9d4",
"date":"2012-11-26 19:03:55"
},
{
"kids":[],
"uid":"1743069325",
"parent":"",
"text":"",
"mid":"z709LbosD",
"date":"2012-11-26 18:57:37"
},
{
"kids":[],
"uid":"lclovehhb",
"parent":"",
"text":"更博了？我就去做饭的功夫，错过沙发了，呜呜…",
"mid":"z709vwP44",
"date":"2012-11-26 18:57:03"
},
{
"kids":[],
"uid":"1726436364",
"parent":"",
"text":"",
"mid":"z708bm2P1",
"date":"2012-11-26 18:53:44"
},
{
"kids":[],
"uid":"2935814804",
"parent":"",
"text":"天这么冷了，快把宝宝带回家吧~~~",
"mid":"z707YDbEq",
"date":"2012-11-26 18:53:16"
},
{
"kids":[],
"uid":"1602972442",
"parent":"",
"text":"",
"mid":"z706Sq02l",
"date":"2012-11-26 18:50:34"
},
{
"kids":[],
"uid":"kiyoshihyuga",
"parent":"",
"text":"",
"mid":"z706HsubO",
"date":"2012-11-26 18:50:06"
},
{
"kids":[],
"uid":"1652133104",
"parent":"",
"text":"看好自己的孩子，看护责任更重!",
"mid":"z706Gx2sT",
"date":"2012-11-26 18:50:06"
},
{
"kids":[],
"uid":"2805343192",
"parent":"",
"text":"希望宝宝早日回家",
"mid":"z706f4jpl",
"date":"2012-11-26 18:49:00"
},
{
"kids":[],
"uid":"meiyingbinxin",
"parent":"",
"text":"强烈要求国家多关注儿童相关的法律，我们现在只能尽这点“微薄”的力量了！",
"mid":"z706f4jn9",
"date":"2012-11-26 18:49:00"
},
{
"kids":[],
"uid":"2412587544",
"parent":"",
"text":"[心]",
"mid":"z705knbw6",
"date":"2012-11-26 18:46:45"
},
{
"kids":[],
"uid":"2149630875",
"parent":"",
"text":"",
"mid":"z7054nFbM",
"date":"2012-11-26 18:46:07"
},
{
"kids":[],
"uid":"2252287593",
"parent":"",
"text":"",
"mid":"z704Otdxj",
"date":"2012-11-26 18:45:29"
},
{
"kids":[],
"uid":"206065273",
"parent":"",
"text":"",
"mid":"z704EDM4m",
"date":"2012-11-26 18:45:06"
},
{
"kids":[],
"uid":"3107112841",
"parent":"",
"text":"",
"mid":"z704qvtjs",
"date":"2012-11-26 18:44:32"
},
{
"kids":[],
"uid":"2300590615",
"parent":"",
"text":"",
"mid":"z703XzbvI",
"date":"2012-11-26 18:43:23"
},
{
"kids":[],
"uid":"577110181",
"parent":"",
"text":"[话筒][话筒]",
"mid":"z703ys2GP",
"date":"2012-11-26 18:42:23"
},
{
"kids":[],
"uid":"endlesslight",
"parent":"",
"text":"@菜刀刘寅 @俞灏明",
"mid":"z703wmlLh",
"date":"2012-11-26 18:42:16"
},
{
"kids":[],
"uid":"1966754030",
"parent":"",
"text":"可怜的孩子！快点回家吧！",
"mid":"z7037gOqm",
"date":"2012-11-26 18:41:18"
},
{
"kids":[
"z70kJEzS3"
],
"uid":"1350813484",
"parent":"",
"text":"",
"mid":"z7034jtFH",
"date":"2012-11-26 18:41:11"
},
{
"kids":[
"z70j0pOn7"
],
"uid":"536786636",
"parent":"",
"text":"",
"mid":"z702Qnp1D",
"date":"2012-11-26 18:40:39"
}
]