[
{
"kids":[],
"uid":"2790066182",
"parent":"z6PeIbXxV",
"text":"",
"mid":"zp4qRf5EK",
"date":"2013-03-25 14:56:14"
},
{
"kids":[],
"uid":"2789778984",
"parent":"z6PeIbXxV",
"text":"",
"mid":"zp4qQDrVp",
"date":"2013-03-25 14:56:13"
},
{
"kids":[],
"uid":"2920414790",
"parent":"z6PeIbXxV",
"text":"",
"mid":"zoUjGyB8V",
"date":"2013-03-24 13:11:05"
},
{
"kids":[],
"uid":"2803864904",
"parent":"z6PeIbXxV",
"text":"",
"mid":"zoUjGfTpy",
"date":"2013-03-24 13:11:06"
},
{
"kids":[],
"uid":"2920449000",
"parent":"z6PeIbXxV",
"text":"",
"mid":"ziMMlBhde",
"date":"2013-02-12 06:57:56"
},
{
"kids":[],
"uid":"2919582904",
"parent":"z6PeIbXxV",
"text":"",
"mid":"ziBTMwX7Y",
"date":"2013-02-11 03:16:01"
},
{
"kids":[],
"uid":"2810528134",
"parent":"z6PeIbXxV",
"text":"",
"mid":"zhS6NCjWx",
"date":"2013-02-06 06:41:45"
},
{
"kids":[],
"uid":"2809218860",
"parent":"z6PeIbXxV",
"text":"",
"mid":"zhP2Qu3p8",
"date":"2013-02-05 22:53:46"
},
{
"kids":[],
"uid":"2789761822",
"parent":"z6PeIbXxV",
"text":"",
"mid":"zfTpSmMpa",
"date":"2013-01-24 06:20:53"
},
{
"kids":[],
"uid":"2920447050",
"parent":"z6PeIbXxV",
"text":"",
"mid":"zfLHj9P2a",
"date":"2013-01-23 10:41:50"
},
{
"kids":[],
"uid":"2920203950",
"parent":"z6N03nplG",
"text":"",
"mid":"zf74ghXyi",
"date":"2013-01-19 03:15:46"
},
{
"kids":[],
"uid":"1589524612",
"parent":"z6PeIbXxV",
"text":"",
"mid":"zeYbpkusm",
"date":"2013-01-18 04:38:40"
},
{
"kids":[],
"uid":"2789800870",
"parent":"z6N03nplG",
"text":"",
"mid":"zeXAXoHjT",
"date":"2013-01-18 03:08:51"
},
{
"kids":[],
"uid":"2805298922",
"parent":"z6PeIbXxV",
"text":"",
"mid":"zeWifws7t",
"date":"2013-01-17 23:50:01"
},
{
"kids":[],
"uid":"2920050140",
"parent":"",
"text":"",
"mid":"zekIoeV7t",
"date":"2013-01-14 00:10:04"
},
{
"kids":[],
"uid":"2618086993",
"parent":"zebE658is",
"text":"小孩子，离不开妈妈。",
"mid":"zebMg03cW",
"date":"2013-01-13 01:24:51"
},
{
"kids":[
"zebMg03cW"
],
"uid":"1583827442",
"parent":"",
"text":"",
"mid":"zebE658is",
"date":"2013-01-13 01:04:45"
},
{
"kids":[],
"uid":"2789759352",
"parent":"z6N03nplG",
"text":"",
"mid":"zebzZFPsF",
"date":"2013-01-13 00:54:39"
},
{
"kids":[],
"uid":"2810094052",
"parent":"z6N03nplG",
"text":"",
"mid":"ze2ABhvdD",
"date":"2013-01-12 02:01:24"
},
{
"kids":[],
"uid":"2919288710",
"parent":"z6PeIbXxV",
"text":"",
"mid":"zbMVWBJob",
"date":"2012-12-28 06:29:27"
},
{
"kids":[],
"uid":"3065418123",
"parent":"zbDlUbW9O",
"text":"",
"mid":"zbFVGzm4l",
"date":"2012-12-27 12:39:34"
},
{
"kids":[
"zbFVGzm4l"
],
"uid":"1727929972",
"parent":"z6PeIbXxV",
"text":"",
"mid":"zbDlUbW9O",
"date":"2012-12-27 06:05:55"
},
{
"kids":[],
"uid":"2805363640",
"parent":"z6Ndz80d2",
"text":"",
"mid":"zbgC2l2Jr",
"date":"2012-12-24 20:12:31"
},
{
"kids":[],
"uid":"2805155422",
"parent":"z6PeIbXxV",
"text":"",
"mid":"zaQEI8rXH",
"date":"2012-12-22 02:07:39"
},
{
"kids":[],
"uid":"2789886600",
"parent":"z6PeIbXxV",
"text":"",
"mid":"zaOwkwuXA",
"date":"2012-12-21 20:41:32"
},
{
"kids":[],
"uid":"2619363047",
"parent":"zaAKFu8TN",
"text":"",
"mid":"zaBJAqV3q",
"date":"2012-12-20 12:08:27"
},
{
"kids":[
"zaBJAqV3q"
],
"uid":"1728085882",
"parent":"z6O0CzHNl",
"text":"",
"mid":"zaAKFu8TN",
"date":"2012-12-20 09:38:23"
},
{
"kids":[],
"uid":"2804382932",
"parent":"z6O0CzHNl",
"text":"",
"mid":"zat9Zze1N",
"date":"2012-12-19 14:18:50"
},
{
"kids":[],
"uid":"2920100900",
"parent":"z6O0CzHNl",
"text":"",
"mid":"zat9Zze0G",
"date":"2012-12-19 14:18:49"
},
{
"kids":[],
"uid":"1588293670",
"parent":"z7aCjqMcw",
"text":"",
"mid":"z9Xopoe6P",
"date":"2012-12-16 05:26:25"
},
{
"kids":[],
"uid":"2919636054",
"parent":"z7aCjqMcw",
"text":"",
"mid":"z9IrNf9TE",
"date":"2012-12-14 15:23:34"
},
{
"kids":[],
"uid":"2920216002",
"parent":"z7aCjqMcw",
"text":"",
"mid":"z9IrMDwbF",
"date":"2012-12-14 15:23:33"
},
{
"kids":[],
"uid":"2920345344",
"parent":"z6PeIbXxV",
"text":"",
"mid":"z9qvRulyW",
"date":"2012-12-12 17:44:09"
},
{
"kids":[],
"uid":"2920116610",
"parent":"z6PeIbXxV",
"text":"",
"mid":"z9qvRt6mj",
"date":"2012-12-12 17:44:07"
},
{
"kids":[],
"uid":"1584054072",
"parent":"z6Ndz80d2",
"text":"",
"mid":"z9drCDHZm",
"date":"2012-12-11 08:27:59"
},
{
"kids":[],
"uid":"2809217382",
"parent":"z6Ndz80d2",
"text":"",
"mid":"z9drCDHYb",
"date":"2012-12-11 08:27:59"
},
{
"kids":[],
"uid":"2804133912",
"parent":"z7aCjqMcw",
"text":"",
"mid":"z96ESjVw8",
"date":"2012-12-10 15:11:24"
},
{
"kids":[],
"uid":"2790031070",
"parent":"z7aCjqMcw",
"text":"",
"mid":"z96ESiIDb",
"date":"2012-12-10 15:11:25"
},
{
"kids":[],
"uid":"2920069622",
"parent":"z6Ndz80d2",
"text":"",
"mid":"z92sh6jO6",
"date":"2012-12-10 04:29:22"
},
{
"kids":[],
"uid":"2919711460",
"parent":"z7aCjqMcw",
"text":"",
"mid":"z8UTb0cAi",
"date":"2012-12-09 09:13:40"
},
{
"kids":[],
"uid":"2153818181",
"parent":"z6Nj9svEN",
"text":"",
"mid":"z8BpsbpMg",
"date":"2012-12-07 07:38:16"
},
{
"kids":[],
"uid":"2805043690",
"parent":"z7aCjqMcw",
"text":"",
"mid":"z8AV46gkN",
"date":"2012-12-07 06:23:24"
},
{
"kids":[],
"uid":"1440502711",
"parent":"z7aCjqMcw",
"text":"",
"mid":"z8AV44TId",
"date":"2012-12-07 06:23:24"
},
{
"kids":[],
"uid":"2920559974",
"parent":"",
"text":"",
"mid":"z8AonAY8F",
"date":"2012-12-07 05:02:53"
},
{
"kids":[],
"uid":"2808086922",
"parent":"z6N03nplG",
"text":"",
"mid":"z8AmLqyZr",
"date":"2012-12-07 04:58:54"
},
{
"kids":[],
"uid":"1778087122",
"parent":"z6PeIbXxV",
"text":"",
"mid":"z8qIPztri",
"date":"2012-12-06 04:25:47"
},
{
"kids":[],
"uid":"2804041760",
"parent":"z6PeIbXxV",
"text":"",
"mid":"z8qIPzdj9",
"date":"2012-12-06 04:25:48"
},
{
"kids":[],
"uid":"1583960621",
"parent":"z7aCjqMcw",
"text":"",
"mid":"z8qwEicoA",
"date":"2012-12-06 03:55:47"
},
{
"kids":[],
"uid":"2920463654",
"parent":"",
"text":"",
"mid":"z8phwDlFJ",
"date":"2012-12-06 00:45:45"
},
{
"kids":[],
"uid":"2805058310",
"parent":"",
"text":"",
"mid":"z8phwDlEn",
"date":"2012-12-06 00:45:44"
},
{
"kids":[],
"uid":"2919741924",
"parent":"z6PeIbXxV",
"text":"",
"mid":"z8ktlufaV",
"date":"2012-12-05 12:31:10"
},
{
"kids":[],
"uid":"1581743351",
"parent":"z6Ndz80d2",
"text":"",
"mid":"z8huV8Z6v",
"date":"2012-12-05 04:56:48"
},
{
"kids":[],
"uid":"2803282820",
"parent":"z6Ndz80d2",
"text":"",
"mid":"z8huV8Z64",
"date":"2012-12-05 04:56:48"
},
{
"kids":[],
"uid":"2809729670",
"parent":"z6MHV5etO",
"text":"",
"mid":"z8f55aTEL",
"date":"2012-12-04 22:47:39"
},
{
"kids":[],
"uid":"2789765562",
"parent":"z7aCjqMcw",
"text":"",
"mid":"z8dRGbQEL",
"date":"2012-12-04 19:41:51"
},
{
"kids":[],
"uid":"2808268990",
"parent":"z7aCjqMcw",
"text":"",
"mid":"z8dRFAcWZ",
"date":"2012-12-04 19:41:50"
},
{
"kids":[],
"uid":"2919688024",
"parent":"z6Ndz80d2",
"text":"",
"mid":"z8cUljiSE",
"date":"2012-12-04 17:15:40"
},
{
"kids":[],
"uid":"2920262482",
"parent":"z6Ndz80d2",
"text":"",
"mid":"z8cUl0sGT",
"date":"2012-12-04 17:15:39"
},
{
"kids":[],
"uid":"2707322737",
"parent":"z86chpIDM",
"text":"",
"mid":"z8agZjkeR",
"date":"2012-12-04 10:33:15"
},
{
"kids":[
"z8agZjkeR"
],
"uid":"2919602262",
"parent":"z6ShwoaRh",
"text":"",
"mid":"z86chpIDM",
"date":"2012-12-04 00:10:37"
},
{
"kids":[],
"uid":"1589661062",
"parent":"z6ShwoaRh",
"text":"",
"mid":"z86chpIAX",
"date":"2012-12-04 00:10:40"
},
{
"kids":[],
"uid":"1777609114",
"parent":"z6NQGgoAU",
"text":"",
"mid":"z80DsA5K4",
"date":"2012-12-03 10:01:08"
},
{
"kids":[],
"uid":"1583603397",
"parent":"z6NQGgoAU",
"text":"",
"mid":"z80DsyMjh",
"date":"2012-12-03 10:01:08"
},
{
"kids":[],
"uid":"1440473277",
"parent":"z7aCjqMcw",
"text":"",
"mid":"z7Z8wunkZ",
"date":"2012-12-03 06:12:11"
},
{
"kids":[],
"uid":"2919630154",
"parent":"z6ShwoaRh",
"text":"",
"mid":"z7XDby55n",
"date":"2012-12-03 02:22:13"
},
{
"kids":[],
"uid":"2803642834",
"parent":"z6MHV5etO",
"text":"",
"mid":"z7XA4Amzg",
"date":"2012-12-03 02:14:34"
},
{
"kids":[],
"uid":"2919550622",
"parent":"",
"text":"",
"mid":"z7TGD0wTk",
"date":"2012-12-02 16:19:43"
},
{
"kids":[],
"uid":"1582892805",
"parent":"z6QN24XAb",
"text":"",
"mid":"z7PR55wFr",
"date":"2012-12-02 06:34:28"
},
{
"kids":[],
"uid":"1583101661",
"parent":"z6QN24XAb",
"text":"",
"mid":"z7PR4sTGM",
"date":"2012-12-02 06:34:28"
},
{
"kids":[],
"uid":"2919703052",
"parent":"z7rNgdsSb",
"text":"",
"mid":"z7NNf6Uhy",
"date":"2012-12-02 01:19:32"
},
{
"kids":[],
"uid":"1776080510",
"parent":"z7rNgdsSb",
"text":"",
"mid":"z7NNf59fa",
"date":"2012-12-02 01:19:31"
},
{
"kids":[],
"uid":"2920331444",
"parent":"",
"text":"",
"mid":"z7JKw9AVa",
"date":"2012-12-01 15:01:50"
},
{
"kids":[],
"uid":"1582553713",
"parent":"",
"text":"",
"mid":"z7JKw8qgC",
"date":"2012-12-01 15:01:48"
},
{
"kids":[],
"uid":"2804393462",
"parent":"z6MM9cfqh",
"text":"",
"mid":"z7JB6xyD0",
"date":"2012-12-01 14:38:39"
},
{
"kids":[],
"uid":"1867157743",
"parent":"z6MrVlIrH",
"text":"",
"mid":"z7HwNAmsS",
"date":"2012-12-01 09:22:31"
},
{
"kids":[],
"uid":"2919591630",
"parent":"z7aCjqMcw",
"text":"",
"mid":"z7GBysmjy",
"date":"2012-12-01 07:01:31"
},
{
"kids":[],
"uid":"1583924751",
"parent":"z7aCjqMcw",
"text":"",
"mid":"z7GByqw5p",
"date":"2012-12-01 07:01:30"
},
{
"kids":[],
"uid":"2790080010",
"parent":"z6QN24XAb",
"text":"",
"mid":"z7G67Fxru",
"date":"2012-12-01 05:44:04"
},
{
"kids":[],
"uid":"2789815912",
"parent":"z6ObU5ggn",
"text":"",
"mid":"z7FYeDDrw",
"date":"2012-12-01 05:24:39"
},
{
"kids":[],
"uid":"2789930912",
"parent":"z6ObU5ggn",
"text":"",
"mid":"z7FYeBSF1",
"date":"2012-12-01 05:24:39"
},
{
"kids":[],
"uid":"2805355490",
"parent":"z7rNgdsSb",
"text":"",
"mid":"z7EUZDdA9",
"date":"2012-12-01 02:43:54"
},
{
"kids":[],
"uid":"2919531040",
"parent":"",
"text":"",
"mid":"z7EarzmfR",
"date":"2012-12-01 00:49:14"
},
{
"kids":[],
"uid":"2789778894",
"parent":"z6N03nplG",
"text":"",
"mid":"z7E8DiUe3",
"date":"2012-12-01 00:44:47"
},
{
"kids":[],
"uid":"2919678260",
"parent":"",
"text":"",
"mid":"z7DZhe2YV",
"date":"2012-12-01 00:21:40"
},
{
"kids":[],
"uid":"2805101332",
"parent":"z6O0CzHNl",
"text":"",
"mid":"z7DGXlDij",
"date":"2012-11-30 23:36:35"
},
{
"kids":[],
"uid":"2919742912",
"parent":"z7aCjqMcw",
"text":"",
"mid":"z7Dwp8u2t",
"date":"2012-11-30 23:10:32"
},
{
"kids":[],
"uid":"1588607531",
"parent":"z7aCjqMcw",
"text":"",
"mid":"z7Dwp8tZW",
"date":"2012-11-30 23:10:34"
},
{
"kids":[],
"uid":"2807939162",
"parent":"z6ObU5ggn",
"text":"",
"mid":"z7D7YsruN",
"date":"2012-11-30 22:10:20"
},
{
"kids":[],
"uid":"2789717974",
"parent":"z6ObU5ggn",
"text":"",
"mid":"z7D7Yr7et",
"date":"2012-11-30 22:10:24"
},
{
"kids":[],
"uid":"2804498382",
"parent":"z6Nt0u8WK",
"text":"",
"mid":"z7CF8rtPD",
"date":"2012-11-30 20:59:19"
},
{
"kids":[],
"uid":"2871673024",
"parent":"z7yBgyuHh",
"text":"",
"mid":"z7yC58tJV",
"date":"2012-11-30 10:40:48"
},
{
"kids":[],
"uid":"2804952904",
"parent":"z6PeIbXxV",
"text":"",
"mid":"z7yBha8oF",
"date":"2012-11-30 10:38:50"
},
{
"kids":[
"z7yC58tJV"
],
"uid":"1727982455",
"parent":"z6PeIbXxV",
"text":"",
"mid":"z7yBgyuHh",
"date":"2012-11-30 10:38:49"
},
{
"kids":[],
"uid":"3127992877",
"parent":"z7vBPhdnk",
"text":"",
"mid":"z7xzatQhz",
"date":"2012-11-30 08:00:55"
},
{
"kids":[],
"uid":"2789722334",
"parent":"",
"text":"",
"mid":"z7wdNs9sR",
"date":"2012-11-30 04:35:31"
},
{
"kids":[],
"uid":"2808602210",
"parent":"",
"text":"",
"mid":"z7wdNqrxY",
"date":"2012-11-30 04:35:31"
},
{
"kids":[
"z7xzatQhz"
],
"uid":"2803958402",
"parent":"z6N0AucBA",
"text":"",
"mid":"z7vBPhdnk",
"date":"2012-11-30 03:01:58"
},
{
"kids":[],
"uid":"2919384230",
"parent":"z6MJnsgE7",
"text":"",
"mid":"z7v4EDzcv",
"date":"2012-11-30 01:40:15"
},
{
"kids":[],
"uid":"2803261600",
"parent":"z6MJnsgE7",
"text":"",
"mid":"z7v4EC8sz",
"date":"2012-11-30 01:40:15"
},
{
"kids":[],
"uid":"2808624314",
"parent":"z6O17l2mk",
"text":"",
"mid":"z7uUu4hoG",
"date":"2012-11-30 01:15:11"
},
{
"kids":[],
"uid":"2919900980",
"parent":"z6O0CzHNl",
"text":"",
"mid":"z7rXjofaB",
"date":"2012-11-29 17:43:53"
},
{
"kids":[],
"uid":"1777542250",
"parent":"z6O0CzHNl",
"text":"",
"mid":"z7rXj7X7U",
"date":"2012-11-29 17:43:52"
},
{
"kids":[
"z7NNf6Uhy",
"z7NNf59fa",
"z7EUZDdA9"
],
"uid":"2274429874",
"parent":"z7rMul0yy",
"text":"",
"mid":"z7rNgdsSb",
"date":"2012-11-29 17:19:08"
},
{
"kids":[],
"uid":"2809724340",
"parent":"",
"text":"",
"mid":"z7rMuCBIy",
"date":"2012-11-29 17:17:16"
},
{
"kids":[
"z7rNgdsSb"
],
"uid":"2810671380",
"parent":"",
"text":"",
"mid":"z7rMul0yy",
"date":"2012-11-29 17:17:16"
},
{
"kids":[],
"uid":"2920517472",
"parent":"z6PeIbXxV",
"text":"",
"mid":"z7qttzuFv",
"date":"2012-11-29 13:57:41"
},
{
"kids":[],
"uid":"2809838104",
"parent":"z6PeIbXxV",
"text":"",
"mid":"z7qttzuDV",
"date":"2012-11-29 13:57:40"
},
{
"kids":[],
"uid":"2790083674",
"parent":"",
"text":"",
"mid":"z7mjqroDr",
"date":"2012-11-29 03:21:55"
},
{
"kids":[],
"uid":"2920247514",
"parent":"z6MJnsgE7",
"text":"",
"mid":"z7lBXxFEv",
"date":"2012-11-29 01:34:50"
},
{
"kids":[],
"uid":"2790041542",
"parent":"z6Nt0u8WK",
"text":"",
"mid":"z7lbfBp1W",
"date":"2012-11-29 00:28:59"
},
{
"kids":[],
"uid":"2789714414",
"parent":"z6Nt0u8WK",
"text":"",
"mid":"z7lbfBp00",
"date":"2012-11-29 00:29:02"
},
{
"kids":[],
"uid":"2919911850",
"parent":"z6MPTF2QX",
"text":"",
"mid":"z7g0a2Liu",
"date":"2012-11-28 11:17:56"
},
{
"kids":[],
"uid":"2805359522",
"parent":"z6NQGgoAU",
"text":"",
"mid":"z7f2V4ghR",
"date":"2012-11-28 08:52:00"
},
{
"kids":[],
"uid":"1588129853",
"parent":"z6ShwoaRh",
"text":"",
"mid":"z7e2yh31A",
"date":"2012-11-28 06:18:22"
},
{
"kids":[],
"uid":"2919484964",
"parent":"z6ShwoaRh",
"text":"",
"mid":"z7e2yf9IX",
"date":"2012-11-28 06:18:22"
},
{
"kids":[],
"uid":"2919585530",
"parent":"z6MHV5etO",
"text":"",
"mid":"z7dUTp6FW",
"date":"2012-11-28 05:59:30"
},
{
"kids":[],
"uid":"2810015500",
"parent":"z6MM9cfqh",
"text":"",
"mid":"z7da0kUao",
"date":"2012-11-28 04:03:59"
},
{
"kids":[],
"uid":"2790059904",
"parent":"z6MM9cfqh",
"text":"",
"mid":"z7da0kU8U",
"date":"2012-11-28 04:03:58"
},
{
"kids":[],
"uid":"2919541522",
"parent":"z7aCjqMcw",
"text":"",
"mid":"z7d2E6xhF",
"date":"2012-11-28 03:45:50"
},
{
"kids":[],
"uid":"2805654534",
"parent":"z7aCjqMcw",
"text":"",
"mid":"z7d2DvSs5",
"date":"2012-11-28 03:45:50"
},
{
"kids":[],
"uid":"2804572782",
"parent":"z6MENf0vT",
"text":"",
"mid":"z7aJqz40s",
"date":"2012-11-27 21:52:59"
},
{
"kids":[],
"uid":"2920346640",
"parent":"z6MENf0vT",
"text":"",
"mid":"z7aJqz3Yj",
"date":"2012-11-27 21:53:02"
},
{
"kids":[
"z9Xopoe6P",
"z9IrNf9TE",
"z9IrMDwbF",
"z96ESjVw8",
"z96ESiIDb",
"z8UTb0cAi",
"z8AV46gkN",
"z8AV44TId",
"z8qwEicoA",
"z8dRGbQEL",
"z8dRFAcWZ",
"z7Z8wunkZ",
"z7GBysmjy",
"z7GByqw5p",
"z7Dwp8u2t",
"z7Dwp8tZW",
"z7d2E6xhF",
"z7d2DvSs5"
],
"uid":"lhq324",
"parent":"z6Nj9svEN",
"text":"",
"mid":"z7aCjqMcw",
"date":"2012-11-27 21:35:30"
},
{
"kids":[],
"uid":"2919290882",
"parent":"z6NQGgoAU",
"text":"",
"mid":"z79SrB48a",
"date":"2012-11-27 19:42:26"
},
{
"kids":[],
"uid":"1359934367",
"parent":"z6NQGgoAU",
"text":"",
"mid":"z79Srzh64",
"date":"2012-11-27 19:42:26"
},
{
"kids":[],
"uid":"2186039181",
"parent":"z6MM0hI9g",
"text":"希望能早点回家",
"mid":"z78GIEtms",
"date":"2012-11-27 16:40:51"
},
{
"kids":[],
"uid":"2789748664",
"parent":"z6ShwoaRh",
"text":"",
"mid":"z75NAxwAU",
"date":"2012-11-27 09:19:33"
},
{
"kids":[],
"uid":"1588381552",
"parent":"z6ShwoaRh",
"text":"",
"mid":"z75NAxwzx",
"date":"2012-11-27 09:19:32"
},
{
"kids":[],
"uid":"1726058217",
"parent":"z6MHV5etO",
"text":"",
"mid":"z733EcX7T",
"date":"2012-11-27 02:20:51"
},
{
"kids":[],
"uid":"2804818582",
"parent":"z6MHV5etO",
"text":"",
"mid":"z733EbpmT",
"date":"2012-11-27 02:20:51"
},
{
"kids":[],
"uid":"2919692410",
"parent":"z6MPTF2QX",
"text":"",
"mid":"z72Qbql39",
"date":"2012-11-27 01:47:40"
},
{
"kids":[],
"uid":"2789956334",
"parent":"z6MPTF2QX",
"text":"",
"mid":"z72Qb8JUe",
"date":"2012-11-27 01:47:40"
},
{
"kids":[],
"uid":"2803104064",
"parent":"",
"text":"",
"mid":"z72Dv9ngP",
"date":"2012-11-27 01:16:26"
},
{
"kids":[],
"uid":"1584067697",
"parent":"",
"text":"",
"mid":"z72Dv9nfU",
"date":"2012-11-27 01:16:26"
},
{
"kids":[],
"uid":"2789940222",
"parent":"z6MYVlkgW",
"text":"",
"mid":"z72zP0bYh",
"date":"2012-11-27 01:07:21"
},
{
"kids":[],
"uid":"2674346377",
"parent":"z6Nj9svEN",
"text":"?转起",
"mid":"z70Lkuu4L",
"date":"2012-11-26 20:30:12"
},
{
"kids":[],
"uid":"2127492830",
"parent":"z6MCqFzR8",
"text":"",
"mid":"z6ZZTuJU6",
"date":"2012-11-26 18:33:22"
},
{
"kids":[],
"uid":"2055721051",
"parent":"",
"text":"",
"mid":"z6Zjf8Ugl",
"date":"2012-11-26 16:48:15"
},
{
"kids":[],
"uid":"2752491647",
"parent":"z6XjHoLPM",
"text":"请大家帮帮忙 @中囯彝族网 @张杨Ziza",
"mid":"z6YQEbRQu",
"date":"2012-11-26 15:37:50"
},
{
"kids":[],
"uid":"2950038054",
"parent":"",
"text":"",
"mid":"z6XKPDecg",
"date":"2012-11-26 12:50:45"
},
{
"kids":[
"z6YQEbRQu"
],
"uid":"2806371894",
"parent":"",
"text":"",
"mid":"z6XjHoLPM",
"date":"2012-11-26 11:43:54"
},
{
"kids":[],
"uid":"alynn0323",
"parent":"z6WBRpIdL",
"text":"",
"mid":"z6WU8mpoB",
"date":"2012-11-26 10:40:56"
},
{
"kids":[],
"uid":"2919592394",
"parent":"z6QN24XAb",
"text":"",
"mid":"z6WBRpIfx",
"date":"2012-11-26 09:55:54"
},
{
"kids":[
"z6WU8mpoB"
],
"uid":"2920152520",
"parent":"z6QN24XAb",
"text":"",
"mid":"z6WBRpIdL",
"date":"2012-11-26 09:55:54"
},
{
"kids":[],
"uid":"2919973314",
"parent":"z6MM9cfqh",
"text":"",
"mid":"z6VSPlvKW",
"date":"2012-11-26 08:04:57"
},
{
"kids":[],
"uid":"2808667874",
"parent":"z6MM9cfqh",
"text":"",
"mid":"z6VSPjEjx",
"date":"2012-11-26 08:04:58"
},
{
"kids":[],
"uid":"2181705051",
"parent":"z6QoatqCo",
"text":"",
"mid":"z6VQRkzxs",
"date":"2012-11-26 08:00:07"
},
{
"kids":[],
"uid":"2643131921",
"parent":"",
"text":"",
"mid":"z6VzDFhHU",
"date":"2012-11-26 07:17:43"
},
{
"kids":[],
"uid":"2194364657",
"parent":"z6VqmCNSq",
"text":"",
"mid":"z6VqVyQZM",
"date":"2012-11-26 06:56:14"
},
{
"kids":[
"z6VqVyQZM"
],
"uid":"1584050591",
"parent":"",
"text":"",
"mid":"z6VqmCNSq",
"date":"2012-11-26 06:54:50"
},
{
"kids":[],
"uid":"2920399362",
"parent":"z6MBP8xNc",
"text":"",
"mid":"z6UTUCsw4",
"date":"2012-11-26 05:34:53"
},
{
"kids":[],
"uid":"1583784920",
"parent":"z6MBP8xNc",
"text":"",
"mid":"z6UTUCsvB",
"date":"2012-11-26 05:34:54"
},
{
"kids":[],
"uid":"2808430542",
"parent":"",
"text":"",
"mid":"z6Tjtxo3S",
"date":"2012-11-26 01:32:22"
},
{
"kids":[],
"uid":"2920066022",
"parent":"",
"text":"",
"mid":"z6TjtfMUU",
"date":"2012-11-26 01:32:22"
},
{
"kids":[],
"uid":"2789768042",
"parent":"z6N03nplG",
"text":"",
"mid":"z6TgJDrsZ",
"date":"2012-11-26 01:25:38"
},
{
"kids":[],
"uid":"2810014472",
"parent":"z6N03nplG",
"text":"",
"mid":"z6TgJDrs3",
"date":"2012-11-26 01:25:38"
},
{
"kids":[],
"uid":"2810435514",
"parent":"z6MYVlkgW",
"text":"",
"mid":"z6TeaDLh8",
"date":"2012-11-26 01:19:19"
},
{
"kids":[],
"uid":"2790125974",
"parent":"z6MYVlkgW",
"text":"",
"mid":"z6Teama8c",
"date":"2012-11-26 01:19:18"
},
{
"kids":[],
"uid":"1867152887",
"parent":"z6Nj9svEN",
"text":"早日回家",
"mid":"z6SH9e9Q3",
"date":"2012-11-25 23:57:57"
},
{
"kids":[],
"uid":"2428630635",
"parent":"z6O6H7D9L",
"text":"",
"mid":"z6SGL2tkI",
"date":"2012-11-25 23:57:00"
},
{
"kids":[],
"uid":"2203776534",
"parent":"",
"text":"是真是假无从考证，但是还是转个 @肖骏腾他爹:",
"mid":"z6Sux6o4N",
"date":"2012-11-25 23:26:52"
},
{
"kids":[],
"uid":"1928295755",
"parent":"z6NvByxM2",
"text":"",
"mid":"z6SsB7MG1",
"date":"2012-11-25 23:22:06"
},
{
"kids":[
"z86chpIDM",
"z86chpIAX",
"z7XDby55n",
"z7e2yh31A",
"z7e2yf9IX",
"z75NAxwAU",
"z75NAxwzx"
],
"uid":"2809337160",
"parent":"z6QmQiknU",
"text":"",
"mid":"z6ShwoaRh",
"date":"2012-11-25 22:54:49"
},
{
"kids":[],
"uid":"3086279323",
"parent":"z6MAPmLj7",
"text":"",
"mid":"z6S5L5nn5",
"date":"2012-11-25 22:25:49"
},
{
"kids":[],
"uid":"2173139264",
"parent":"z6OqHgEZu",
"text":"[爱心传递][爱心传递]",
"mid":"z6RAAzktB",
"date":"2012-11-25 21:09:03"
},
{
"kids":[],
"uid":"3076065181",
"parent":"z6MAPmLj7",
"text":"希望早日找到亲人",
"mid":"z6Rv4DN0c",
"date":"2012-11-25 20:55:27"
},
{
"kids":[],
"uid":"huosiyusinger",
"parent":"",
"text":"帮忙转！",
"mid":"z6RqlxN5s",
"date":"2012-11-25 20:43:49"
},
{
"kids":[],
"uid":"2689674201",
"parent":"z6MAPmLj7",
"text":"",
"mid":"z6RbWhxqa",
"date":"2012-11-25 20:08:17"
},
{
"kids":[],
"uid":"shazhiyuan520",
"parent":"z6OqHgEZu",
"text":"转发微博。",
"mid":"z6R9Ywqgo",
"date":"2012-11-25 20:03:28"
},
{
"kids":[
"z7PR55wFr",
"z7PR4sTGM",
"z7G67Fxru",
"z6WBRpIfx",
"z6WBRpIdL"
],
"uid":"2839806883",
"parent":"",
"text":"响应阿乌!好心人会有好报.",
"mid":"z6QN24XAb",
"date":"2012-11-25 19:06:57"
},
{
"kids":[],
"uid":"1882021520",
"parent":"z6Oa2cynT",
"text":"",
"mid":"z6QHFDK83",
"date":"2012-11-25 18:53:45"
},
{
"kids":[],
"uid":"2651007345",
"parent":"z6MLW8xs7",
"text":"",
"mid":"z6QDof9hN",
"date":"2012-11-25 18:43:09"
},
{
"kids":[],
"uid":"2156188185",
"parent":"z6OqHgEZu",
"text":"",
"mid":"z6QDnoG9j",
"date":"2012-11-25 18:43:10"
},
{
"kids":[],
"uid":"3073422413",
"parent":"",
"text":"",
"mid":"z6QC6rPsH",
"date":"2012-11-25 18:40:02"
},
{
"kids":[],
"uid":"1695430025",
"parent":"z6QgdgqOl",
"text":"@昭通李仁安 @昭通公安官方微博",
"mid":"z6QsPsR7e",
"date":"2012-11-25 18:17:12"
},
{
"kids":[],
"uid":"1841034261",
"parent":"",
"text":"",
"mid":"z6QqFh37A",
"date":"2012-11-25 18:11:48"
},
{
"kids":[],
"uid":"1029718451",
"parent":"z6QmQiknU",
"text":"",
"mid":"z6QpRDHPV",
"date":"2012-11-25 18:09:52"
},
{
"kids":[],
"uid":"1859360974",
"parent":"",
"text":"",
"mid":"z6QoWkVJy",
"date":"2012-11-25 18:07:34"
},
{
"kids":[],
"uid":"yangjiak",
"parent":"z6QmQiknU",
"text":"",
"mid":"z6QoUgQ77",
"date":"2012-11-25 18:07:31"
},
{
"kids":[],
"uid":"573122260",
"parent":"z6QmQiknU",
"text":"",
"mid":"z6QoO2gQM",
"date":"2012-11-25 18:07:15"
},
{
"kids":[],
"uid":"lareina0902",
"parent":"z6NvByxM2",
"text":"",
"mid":"z6Qocxwkq",
"date":"2012-11-25 18:05:48"
},
{
"kids":[
"z6VQRkzxs"
],
"uid":"zhuzeke",
"parent":"",
"text":"",
"mid":"z6QoatqCo",
"date":"2012-11-25 18:05:40"
},
{
"kids":[
"z6ShwoaRh",
"z6QpRDHPV",
"z6QoUgQ77",
"z6QoO2gQM"
],
"uid":"1807124297",
"parent":"z6QiKad4V",
"text":"[泪]",
"mid":"z6QmQiknU",
"date":"2012-11-25 18:02:27"
},
{
"kids":[],
"uid":"1948040295",
"parent":"z6NkZsA3G",
"text":"",
"mid":"z6QkCBkCp",
"date":"2012-11-25 17:56:59"
},
{
"kids":[
"z6QmQiknU"
],
"uid":"2338610513",
"parent":"z6OCWlA1K",
"text":"",
"mid":"z6QiKad4V",
"date":"2012-11-25 17:52:19"
},
{
"kids":[],
"uid":"1984445253",
"parent":"",
"text":"",
"mid":"z6QgX58UX",
"date":"2012-11-25 17:47:54"
},
{
"kids":[
"z6QsPsR7e"
],
"uid":"1967268327",
"parent":"z6Noqwd5W",
"text":"",
"mid":"z6QgdgqOl",
"date":"2012-11-25 17:46:04"
},
{
"kids":[],
"uid":"2266335971",
"parent":"z6Nj9svEN",
"text":"转起",
"mid":"z6PY2hpXK",
"date":"2012-11-25 17:01:17"
},
{
"kids":[],
"uid":"1799138283",
"parent":"",
"text":"",
"mid":"z6PNlcI6c",
"date":"2012-11-25 16:34:57"
},
{
"kids":[],
"uid":"3100963785",
"parent":"z6Nj9svEN",
"text":"",
"mid":"z6Po54qvw",
"date":"2012-11-25 15:32:42"
},
{
"kids":[],
"uid":"1766890140",
"parent":"",
"text":"大家认领啊",
"mid":"z6Pnsp1P9",
"date":"2012-11-25 15:31:12"
},
{
"kids":[],
"uid":"2215290681",
"parent":"z6ME6FegS",
"text":"",
"mid":"z6PiyCsAt",
"date":"2012-11-25 15:19:07"
},
{
"kids":[],
"uid":"lylyamy",
"parent":"z6Peargts",
"text":"",
"mid":"z6Pgm4An9",
"date":"2012-11-25 15:13:42"
},
{
"kids":[
"zp4qRf5EK",
"zp4qQDrVp",
"zoUjGyB8V",
"zoUjGfTpy",
"ziMMlBhde",
"ziBTMwX7Y",
"zhS6NCjWx",
"zhP2Qu3p8",
"zfTpSmMpa",
"zfLHj9P2a",
"zeYbpkusm",
"zeWifws7t",
"zbMVWBJob",
"zbDlUbW9O",
"zaQEI8rXH",
"zaOwkwuXA",
"z9qvRulyW",
"z9qvRt6mj",
"z8qIPztri",
"z8qIPzdj9",
"z8ktlufaV",
"z7yBha8oF",
"z7yBgyuHh",
"z7qttzuFv",
"z7qttzuDV"
],
"uid":"1767851180",
"parent":"",
"text":"",
"mid":"z6PeIbXxV",
"date":"2012-11-25 15:09:37"
},
{
"kids":[
"z6Pgm4An9"
],
"uid":"1903992397",
"parent":"z6ONRnqxs",
"text":"",
"mid":"z6Peargts",
"date":"2012-11-25 15:08:19"
},
{
"kids":[],
"uid":"1876766975",
"parent":"z6MAPmLj7",
"text":"",
"mid":"z6P2G1YGv",
"date":"2012-11-25 14:39:59"
},
{
"kids":[],
"uid":"2846931120",
"parent":"z6MAPmLj7",
"text":"",
"mid":"z6OWWi6ys",
"date":"2012-11-25 14:25:53"
},
{
"kids":[
"z6Peargts"
],
"uid":"317620009",
"parent":"z6NSsrGCQ",
"text":"",
"mid":"z6ONRnqxs",
"date":"2012-11-25 14:03:28"
},
{
"kids":[],
"uid":"2306331481",
"parent":"z6Oxg9jLW",
"text":"好可爱的孩子，果断转发！",
"mid":"z6OGQEHaq",
"date":"2012-11-25 13:46:12"
},
{
"kids":[],
"uid":"1959053505",
"parent":"z6MAIxzYV",
"text":"孩子早点回家",
"mid":"z6OEqApWd",
"date":"2012-11-25 13:40:16"
},
{
"kids":[
"z6QiKad4V"
],
"uid":"1971648464",
"parent":"z6OqHgEZu",
"text":"",
"mid":"z6OCWlA1K",
"date":"2012-11-25 13:36:36"
},
{
"kids":[],
"uid":"3057943711",
"parent":"",
"text":"",
"mid":"z6OCOobKv",
"date":"2012-11-25 13:36:17"
},
{
"kids":[],
"uid":"2091703087",
"parent":"z6OqHgEZu",
"text":"",
"mid":"z6OAUtEYz",
"date":"2012-11-25 13:31:36"
},
{
"kids":[],
"uid":"1806715534",
"parent":"z6MAPmLj7",
"text":"",
"mid":"z6OzikW7C",
"date":"2012-11-25 13:27:37"
},
{
"kids":[
"z6OGQEHaq"
],
"uid":"3018103971",
"parent":"z6NsHzlCm",
"text":"@华水云南老乡会 昭通的老乡赶快看一下，有没有认识的？再帮着转一下。",
"mid":"z6Oxg9jLW",
"date":"2012-11-25 13:22:36"
},
{
"kids":[],
"uid":"3134779813",
"parent":"z6MAPmLj7",
"text":"#请插入话题名称#",
"mid":"z6OvbCziw",
"date":"2012-11-25 13:17:28"
},
{
"kids":[],
"uid":"2808570420",
"parent":"z6OqHgEZu",
"text":"",
"mid":"z6OrZ3kmy",
"date":"2012-11-25 13:09:34"
},
{
"kids":[
"z6RAAzktB",
"z6R9Ywqgo",
"z6QDnoG9j",
"z6OCWlA1K",
"z6OAUtEYz",
"z6OrZ3kmy"
],
"uid":"2279272243",
"parent":"z6NmKwcL2",
"text":"",
"mid":"z6OqHgEZu",
"date":"2012-11-25 13:06:26"
},
{
"kids":[],
"uid":"1403516674",
"parent":"",
"text":"帮忙转。",
"mid":"z6OpHwobO",
"date":"2012-11-25 13:03:59"
},
{
"kids":[],
"uid":"1266514447",
"parent":"z6Nj9svEN",
"text":"",
"mid":"z6Oic84qw",
"date":"2012-11-25 12:45:28"
},
{
"kids":[],
"uid":"1837102937",
"parent":"z6MM0hI9g",
"text":"",
"mid":"z6OdBxcOK",
"date":"2012-11-25 12:34:10"
},
{
"kids":[
"z7FYeDDrw",
"z7FYeBSF1",
"z7D7YsruN",
"z7D7Yr7et"
],
"uid":"3031601917",
"parent":"z6MAPmLj7",
"text":"",
"mid":"z6ObU5ggn",
"date":"2012-11-25 12:29:59"
},
{
"kids":[],
"uid":"3115927283",
"parent":"z6MAPmLj7",
"text":"",
"mid":"z6Oag66EX",
"date":"2012-11-25 12:25:56"
},
{
"kids":[
"z6QHFDK83"
],
"uid":"1881935470",
"parent":"z6Nab2N3o",
"text":"",
"mid":"z6Oa2cynT",
"date":"2012-11-25 12:25:22"
},
{
"kids":[
"z6SGL2tkI"
],
"uid":"2962102261",
"parent":"z6MAPmLj7",
"text":"",
"mid":"z6O6H7D9L",
"date":"2012-11-25 12:17:09"
},
{
"kids":[],
"uid":"1990445131",
"parent":"z6NvMuEbi",
"text":"",
"mid":"z6O6njvBx",
"date":"2012-11-25 12:16:21"
},
{
"kids":[],
"uid":"2278309937",
"parent":"z6Nj9svEN",
"text":"",
"mid":"z6O3kamxY",
"date":"2012-11-25 12:08:50"
},
{
"kids":[],
"uid":"2278309937",
"parent":"",
"text":"",
"mid":"z6O1wqQ2T",
"date":"2012-11-25 12:04:24"
},
{
"kids":[
"z7uUu4hoG"
],
"uid":"3127456881",
"parent":"z6MAPmLj7",
"text":"",
"mid":"z6O17l2mk",
"date":"2012-11-25 12:03:24"
},
{
"kids":[
"zaAKFu8TN",
"zat9Zze1N",
"zat9Zze0G",
"z7DGXlDij",
"z7rXjofaB",
"z7rXj7X7U"
],
"uid":"2933657863",
"parent":"",
"text":"",
"mid":"z6O0CzHNl",
"date":"2012-11-25 12:02:12"
},
{
"kids":[],
"uid":"2650821385",
"parent":"",
"text":"",
"mid":"z6O0ifUXw",
"date":"2012-11-25 12:01:23"
},
{
"kids":[],
"uid":"2189911443",
"parent":"z6Nj9svEN",
"text":"",
"mid":"z6NXVEgKd",
"date":"2012-11-25 11:55:33"
},
{
"kids":[],
"uid":"huosiyusinger",
"parent":"",
"text":"",
"mid":"z6NVj8IOv",
"date":"2012-11-25 11:49:06"
},
{
"kids":[
"z6ONRnqxs"
],
"uid":"mjh122",
"parent":"z6Nj9svEN",
"text":"@阿卓志鸿 @泸沽湖巴嘉依佐 @泸沽湖央青 @小芷丢丢",
"mid":"z6NSsrGCQ",
"date":"2012-11-25 11:42:06"
},
{
"kids":[],
"uid":"smartdanmei",
"parent":"z6NEDedpF",
"text":"",
"mid":"z6NRcamqm",
"date":"2012-11-25 11:38:57"
},
{
"kids":[
"z80DsA5K4",
"z80DsyMjh",
"z7f2V4ghR",
"z79SrB48a",
"z79Srzh64"
],
"uid":"1659069604",
"parent":"z6MLW8xs7",
"text":"",
"mid":"z6NQGgoAU",
"date":"2012-11-25 11:37:42"
},
{
"kids":[],
"uid":"3164195117",
"parent":"z6MAPmLj7",
"text":"",
"mid":"z6NQtddCt",
"date":"2012-11-25 11:37:11"
},
{
"kids":[],
"uid":"2405928165",
"parent":"z6Nj9svEN",
"text":"",
"mid":"z6NQ8xjqy",
"date":"2012-11-25 11:36:22"
},
{
"kids":[],
"uid":"3164024601",
"parent":"",
"text":"",
"mid":"z6NPYt0iU",
"date":"2012-11-25 11:35:58"
},
{
"kids":[],
"uid":"3086015883",
"parent":"",
"text":"",
"mid":"z6NPkzkAL",
"date":"2012-11-25 11:34:24"
},
{
"kids":[],
"uid":"3080441293",
"parent":"z6MAPmLj7",
"text":"",
"mid":"z6NOpfJQN",
"date":"2012-11-25 11:32:06"
},
{
"kids":[],
"uid":"2896235011",
"parent":"z6MAPmLj7",
"text":"",
"mid":"z6NNCfWzz",
"date":"2012-11-25 11:30:09"
},
{
"kids":[],
"uid":"1809448294",
"parent":"z6NvOxqbp",
"text":"愿小孩早日回到父母的怀抱",
"mid":"z6NJ37OYw",
"date":"2012-11-25 11:18:54"
},
{
"kids":[],
"uid":"1051660723",
"parent":"",
"text":"转发微博。",
"mid":"z6NGLzT2n",
"date":"2012-11-25 11:13:16"
},
{
"kids":[],
"uid":"2914300332",
"parent":"",
"text":"",
"mid":"z6NFRbk2N",
"date":"2012-11-25 11:11:02"
},
{
"kids":[
"z6NRcamqm"
],
"uid":"1403998073",
"parent":"z6NuwdQ0U",
"text":"这张小孩照片是“宝贝回家”网上07年失踪的孩子，叫彭乐，寻亲编号18400，03年出生。",
"mid":"z6NEDedpF",
"date":"2012-11-25 11:08:01"
},
{
"kids":[],
"uid":"3069289361",
"parent":"z6MAPmLj7",
"text":"",
"mid":"z6NE9n2W6",
"date":"2012-11-25 11:06:50"
},
{
"kids":[],
"uid":"2803103970",
"parent":"z6MSD3TTn",
"text":"",
"mid":"z6NCXbC0R",
"date":"2012-11-25 11:03:53"
},
{
"kids":[],
"uid":"1839768960",
"parent":"",
"text":"",
"mid":"z6NCgomoM",
"date":"2012-11-25 11:02:11"
},
{
"kids":[],
"uid":"2953127395",
"parent":"z6MAPmLj7",
"text":"",
"mid":"z6NC3mlZu",
"date":"2012-11-25 11:01:39"
},
{
"kids":[],
"uid":"2313166043",
"parent":"",
"text":"这小孩太可伶了，稀望大家都来帮忙，尽快找到他的亲人，早日和家人团聚。",
"mid":"z6NA52EWK",
"date":"2012-11-25 10:56:48"
},
{
"kids":[],
"uid":"1864466754",
"parent":"z6NrNtbX1",
"text":"",
"mid":"z6Nxyp6XG",
"date":"2012-11-25 10:50:35"
},
{
"kids":[
"z6NJ37OYw"
],
"uid":"1771531287",
"parent":"",
"text":"早曰回家！",
"mid":"z6NvOxqbp",
"date":"2012-11-25 10:46:18"
},
{
"kids":[
"z6O6njvBx"
],
"uid":"2288007241",
"parent":"z6Nn5dtFb",
"text":"",
"mid":"z6NvMuEbi",
"date":"2012-11-25 10:46:13"
},
{
"kids":[
"z6SsB7MG1",
"z6Qocxwkq"
],
"uid":"1966688587",
"parent":"z6Nj9svEN",
"text":"",
"mid":"z6NvByxM2",
"date":"2012-11-25 10:45:47"
},
{
"kids":[
"z6NEDedpF"
],
"uid":"2119669013",
"parent":"z6MR9rbi3",
"text":"",
"mid":"z6NuwdQ0U",
"date":"2012-11-25 10:43:06"
},
{
"kids":[],
"uid":"2926268277",
"parent":"z6Nj9svEN",
"text":"可怜的小孩，希望他早日回家",
"mid":"z6NufEFDw",
"date":"2012-11-25 10:42:27"
},
{
"kids":[],
"uid":"2649976932",
"parent":"z6MAPmLj7",
"text":"",
"mid":"z6Nu9qDoP",
"date":"2012-11-25 10:42:12"
},
{
"kids":[],
"uid":"futianlin",
"parent":"z6MNEeFIN",
"text":"",
"mid":"z6Nu9pv58",
"date":"2012-11-25 10:42:11"
},
{
"kids":[],
"uid":"2210506790",
"parent":"z6Nj9svEN",
"text":"",
"mid":"z6NtSk1KG",
"date":"2012-11-25 10:41:31"
},
{
"kids":[],
"uid":"2630164763",
"parent":"z6NsfevzT",
"text":"",
"mid":"z6NtAfE3u",
"date":"2012-11-25 10:40:48"
},
{
"kids":[],
"uid":"1962892005",
"parent":"z6Nj9svEN",
"text":"",
"mid":"z6Ntn0Chs",
"date":"2012-11-25 10:40:16"
},
{
"kids":[
"z7CF8rtPD",
"z7lbfBp1W",
"z7lbfBp00"
],
"uid":"2708354255",
"parent":"z6MAPmLj7",
"text":"",
"mid":"z6Nt0u8WK",
"date":"2012-11-25 10:39:23"
},
{
"kids":[],
"uid":"3163972551",
"parent":"z6MAPmLj7",
"text":"",
"mid":"z6NsM48Zm",
"date":"2012-11-25 10:38:47"
},
{
"kids":[
"z6Oxg9jLW"
],
"uid":"2753723855",
"parent":"z6Noqwd5W",
"text":"@华水云南老乡会 昭通的老乡赶快看一下，有没有认识的？再帮着转一下。",
"mid":"z6NsHzlCm",
"date":"2012-11-25 10:38:38"
},
{
"kids":[],
"uid":"1926015805",
"parent":"z6Nn9EJcR",
"text":"",
"mid":"z6NsH1Ppk",
"date":"2012-11-25 10:38:35"
},
{
"kids":[
"z6NtAfE3u"
],
"uid":"3083247541",
"parent":"z6MAPmLj7",
"text":"",
"mid":"z6NsfevzT",
"date":"2012-11-25 10:37:30"
},
{
"kids":[
"z6Nxyp6XG"
],
"uid":"1836086994",
"parent":"z6Nr5oMkr",
"text":"孩子早点找到你的爸爸妈妈！",
"mid":"z6NrNtbX1",
"date":"2012-11-25 10:36:24"
},
{
"kids":[],
"uid":"haoma12369",
"parent":"z6Nn5dtFb",
"text":"",
"mid":"z6NrvstWZ",
"date":"2012-11-25 10:35:41"
},
{
"kids":[],
"uid":"1970830911",
"parent":"z6Nj9svEN",
"text":"传起",
"mid":"z6NrmhXGD",
"date":"2012-11-25 10:35:18"
},
{
"kids":[
"z6NrNtbX1"
],
"uid":"lileililei",
"parent":"z6NnEFqNJ",
"text":"",
"mid":"z6Nr5oMkr",
"date":"2012-11-25 10:34:39"
},
{
"kids":[],
"uid":"3103347213",
"parent":"z6MAPmLj7",
"text":"",
"mid":"z6NprbgcH",
"date":"2012-11-25 10:30:35"
},
{
"kids":[],
"uid":"austinmiao",
"parent":"z6Nj9svEN",
"text":"",
"mid":"z6NoJbgoI",
"date":"2012-11-25 10:28:50"
},
{
"kids":[
"z6QgdgqOl",
"z6NsHzlCm"
],
"uid":"2962381910",
"parent":"z6Nno79yj",
"text":"昭通有人吗？",
"mid":"z6Noqwd5W",
"date":"2012-11-25 10:28:06"
},
{
"kids":[],
"uid":"putizaichangge",
"parent":"z6MSVBx1T",
"text":"",
"mid":"z6NnQe96N",
"date":"2012-11-25 10:26:38"
},
{
"kids":[],
"uid":"2532504985",
"parent":"z6MAPmLj7",
"text":"……",
"mid":"z6NnQbw2h",
"date":"2012-11-25 10:26:39"
},
{
"kids":[
"z6Nr5oMkr"
],
"uid":"1365713954",
"parent":"z6MAIxzYV",
"text":"@彝人制造",
"mid":"z6NnEFqNJ",
"date":"2012-11-25 10:26:11"
},
{
"kids":[
"z6Noqwd5W"
],
"uid":"2753723855",
"parent":"z6NmKwcL2",
"text":"",
"mid":"z6Nno79yj",
"date":"2012-11-25 10:25:31"
},
{
"kids":[
"z6NsH1Ppk"
],
"uid":"2519510730",
"parent":"z6MHiDDG4",
"text":"",
"mid":"z6Nn9EJcR",
"date":"2012-11-25 10:24:58"
},
{
"kids":[
"z6NvMuEbi",
"z6NrvstWZ"
],
"uid":"1862334833",
"parent":"z6Nj9svEN",
"text":"祈请一切修佛菩萨赐福加持宝宝早日回到爸爸妈妈身边！…[爱心传递][爱心传递][爱心传递][爱心传递]",
"mid":"z6Nn5dtFb",
"date":"2012-11-25 10:24:46"
},
{
"kids":[
"z6OqHgEZu",
"z6Nno79yj"
],
"uid":"2716338053",
"parent":"z6NmabvGe",
"text":"",
"mid":"z6NmKwcL2",
"date":"2012-11-25 10:23:58"
},
{
"kids":[
"z6NmKwcL2"
],
"uid":"2738775975",
"parent":"z6MAPmLj7",
"text":"@HH一样的心情 @曲靖李桂珍 @食尚小米 @",
"mid":"z6NmabvGe",
"date":"2012-11-25 10:22:31"
},
{
"kids":[],
"uid":"boydshao",
"parent":"z6Nj9svEN",
"text":"",
"mid":"z6Nm7x2VU",
"date":"2012-11-25 10:22:24"
},
{
"kids":[],
"uid":"2924844583",
"parent":"",
"text":"",
"mid":"z6NlVFnRJ",
"date":"2012-11-25 10:21:57"
},
{
"kids":[
"z6QkCBkCp"
],
"uid":"1374598527",
"parent":"",
"text":"阿弥陀佛",
"mid":"z6NkZsA3G",
"date":"2012-11-25 10:19:38"
},
{
"kids":[],
"uid":"3030577135",
"parent":"",
"text":"孩子快回家吧",
"mid":"z6NkOi1uK",
"date":"2012-11-25 10:19:10"
},
{
"kids":[],
"uid":"1414232503",
"parent":"z6Nj9svEN",
"text":"",
"mid":"z6NkN69jt",
"date":"2012-11-25 10:19:08"
},
{
"kids":[],
"uid":"2044601503",
"parent":"z6Nj9svEN",
"text":"",
"mid":"z6NkA5XVG",
"date":"2012-11-25 10:18:35"
},
{
"kids":[],
"uid":"1677650742",
"parent":"z6Nj9svEN",
"text":"",
"mid":"z6Nki3uOn",
"date":"2012-11-25 10:17:53"
},
{
"kids":[],
"uid":"1677650742",
"parent":"z6Nj9svEN",
"text":"必须的",
"mid":"z6Nk5CyPd",
"date":"2012-11-25 10:17:24"
},
{
"kids":[
"z8BpsbpMg",
"z7aCjqMcw",
"z70Lkuu4L",
"z6SH9e9Q3",
"z6PY2hpXK",
"z6Po54qvw",
"z6Oic84qw",
"z6O3kamxY",
"z6NXVEgKd",
"z6NSsrGCQ",
"z6NQ8xjqy",
"z6NvByxM2",
"z6NufEFDw",
"z6NtSk1KG",
"z6Ntn0Chs",
"z6NrmhXGD",
"z6NoJbgoI",
"z6Nn5dtFb",
"z6Nm7x2VU",
"z6NkN69jt",
"z6NkA5XVG",
"z6Nki3uOn",
"z6Nk5CyPd"
],
"uid":"1942729837",
"parent":"",
"text":"传递起来。[爱心传递][爱心传递][爱心传递][爱心传递][爱心传递]",
"mid":"z6Nj9svEN",
"date":"2012-11-25 10:15:06"
},
{
"kids":[],
"uid":"2663278423",
"parent":"z6MAPmLj7",
"text":"",
"mid":"z6NhH2Vcy",
"date":"2012-11-25 10:11:30"
},
{
"kids":[
"zbgC2l2Jr",
"z9drCDHZm",
"z9drCDHYb",
"z92sh6jO6",
"z8huV8Z6v",
"z8huV8Z64",
"z8cUljiSE",
"z8cUl0sGT"
],
"uid":"3065129423",
"parent":"",
"text":"转发微博。",
"mid":"z6Ndz80d2",
"date":"2012-11-25 10:01:20"
},
{
"kids":[],
"uid":"2737751261",
"parent":"z6MAPmLj7",
"text":"",
"mid":"z6Ndwrcqw",
"date":"2012-11-25 10:01:14"
},
{
"kids":[],
"uid":"3165897235",
"parent":"z6MAPmLj7",
"text":"",
"mid":"z6Ndjr3UP",
"date":"2012-11-25 10:00:42"
},
{
"kids":[],
"uid":"3054639417",
"parent":"z6MAPmLj7",
"text":"希望早日回归到属于你的温暖和安全。",
"mid":"z6Ncde1oV",
"date":"2012-11-25 09:58:00"
},
{
"kids":[],
"uid":"2200902845",
"parent":"z6MLW8xs7",
"text":"",
"mid":"z6Nazzr5j",
"date":"2012-11-25 09:53:58"
},
{
"kids":[],
"uid":"1830306307",
"parent":"z6N0onjib",
"text":"",
"mid":"z6NabzPAV",
"date":"2012-11-25 09:53:01"
},
{
"kids":[
"z6Oa2cynT"
],
"uid":"2406260960",
"parent":"z6N6MjRg1",
"text":"",
"mid":"z6Nab2N3o",
"date":"2012-11-25 09:52:58"
},
{
"kids":[],
"uid":"2150194200",
"parent":"z6MM0hI9g",
"text":"",
"mid":"z6N9k8QMS",
"date":"2012-11-25 09:50:52"
},
{
"kids":[],
"uid":"2369508967",
"parent":"z6MLW8xs7",
"text":"",
"mid":"z6N8qAhXW",
"date":"2012-11-25 09:48:41"
},
{
"kids":[],
"uid":"2897559574",
"parent":"z6MAPmLj7",
"text":"",
"mid":"z6N8qjTrv",
"date":"2012-11-25 09:48:40"
},
{
"kids":[],
"uid":"3165887737",
"parent":"z6N1e6fNb",
"text":"",
"mid":"z6N6R3Fbc",
"date":"2012-11-25 09:44:48"
},
{
"kids":[
"z6Nab2N3o"
],
"uid":"515234120",
"parent":"z6N5CeKF3",
"text":"",
"mid":"z6N6MjRg1",
"date":"2012-11-25 09:44:36"
},
{
"kids":[],
"uid":"2579557885",
"parent":"z6MAPmLj7",
"text":"",
"mid":"z6N6pzZ9v",
"date":"2012-11-25 09:43:43"
},
{
"kids":[
"z6N6MjRg1"
],
"uid":"207842456",
"parent":"z6MAIxzYV",
"text":"@彝人制造 @有点伸展的小伙子 @行者音乐汇_吉潘木乃",
"mid":"z6N5CeKF3",
"date":"2012-11-25 09:41:43"
},
{
"kids":[],
"uid":"3021807177",
"parent":"z6MAPmLj7",
"text":"",
"mid":"z6N5CdHhO",
"date":"2012-11-25 09:41:45"
},
{
"kids":[],
"uid":"2868136575",
"parent":"z6MAPmLj7",
"text":"",
"mid":"z6N5wmInw",
"date":"2012-11-25 09:41:30"
},
{
"kids":[],
"uid":"3103471595",
"parent":"z6MAPmLj7",
"text":"",
"mid":"z6N4TCyOc",
"date":"2012-11-25 09:39:58"
},
{
"kids":[],
"uid":"3165102291",
"parent":"",
"text":"帮忙转发",
"mid":"z6N4Bi9ay",
"date":"2012-11-25 09:39:16"
},
{
"kids":[],
"uid":"2504970940",
"parent":"z6MAPmLj7",
"text":"",
"mid":"z6N4xrAa3",
"date":"2012-11-25 09:39:06"
},
{
"kids":[],
"uid":"1879043395",
"parent":"z6MwprHg5",
"text":"",
"mid":"z6N4ql2Kr",
"date":"2012-11-25 09:38:49"
},
{
"kids":[],
"uid":"winnerdemon",
"parent":"z6MAPmLj7",
"text":"",
"mid":"z6N4nFjSw",
"date":"2012-11-25 09:38:43"
},
{
"kids":[],
"uid":"3098109613",
"parent":"",
"text":"",
"mid":"z6N3Ec7o8",
"date":"2012-11-25 09:36:54"
},
{
"kids":[
"z6N6R3Fbc"
],
"uid":"3164736811",
"parent":"z6MAPmLj7",
"text":"",
"mid":"z6N1e6fNb",
"date":"2012-11-25 09:30:56"
},
{
"kids":[],
"uid":"2964309405",
"parent":"z6MSVBx1T",
"text":"",
"mid":"z6N1bqwTT",
"date":"2012-11-25 09:30:48"
},
{
"kids":[
"z7vBPhdnk"
],
"uid":"3127992877",
"parent":"z6MAPmLj7",
"text":"",
"mid":"z6N0AucBA",
"date":"2012-11-25 09:29:22"
},
{
"kids":[
"z6NabzPAV"
],
"uid":"1810842220",
"parent":"z6MQPBeyy",
"text":"",
"mid":"z6N0onjib",
"date":"2012-11-25 09:28:52"
},
{
"kids":[
"zf74ghXyi",
"zeXAXoHjT",
"zebzZFPsF",
"ze2ABhvdD",
"z8AmLqyZr",
"z7E8DiUe3",
"z6TgJDrsZ",
"z6TgJDrs3"
],
"uid":"3003071795",
"parent":"z6MAPmLj7",
"text":"",
"mid":"z6N03nplG",
"date":"2012-11-25 09:28:04"
},
{
"kids":[
"z72zP0bYh",
"z6TeaDLh8",
"z6Teama8c"
],
"uid":"3103626691",
"parent":"z6MAPmLj7",
"text":"",
"mid":"z6MYVlkgW",
"date":"2012-11-25 09:25:15"
},
{
"kids":[],
"uid":"3163823583",
"parent":"",
"text":"[悲伤]",
"mid":"z6MWtsTMt",
"date":"2012-11-25 09:19:14"
},
{
"kids":[],
"uid":"3115120897",
"parent":"",
"text":"",
"mid":"z6MW7AN2l",
"date":"2012-11-25 09:18:22"
},
{
"kids":[],
"uid":"2823609491",
"parent":"z6MAPmLj7",
"text":"",
"mid":"z6MW71AG5",
"date":"2012-11-25 09:18:20"
},
{
"kids":[],
"uid":"2182187952",
"parent":"z6MM0hI9g",
"text":"",
"mid":"z6MVW7Yy1",
"date":"2012-11-25 09:17:54"
},
{
"kids":[],
"uid":"1801632425",
"parent":"z6MAPmLj7",
"text":"",
"mid":"z6MV4iAPr",
"date":"2012-11-25 09:15:47"
},
{
"kids":[],
"uid":"3035519885",
"parent":"z6MAPmLj7",
"text":"",
"mid":"z6MTGDSn7",
"date":"2012-11-25 09:12:22"
},
{
"kids":[
"z6NnQe96N",
"z6N1bqwTT"
],
"uid":"2965357987",
"parent":"z6MAPmLj7",
"text":"",
"mid":"z6MSVBx1T",
"date":"2012-11-25 09:10:30"
},
{
"kids":[],
"uid":"2377229035",
"parent":"z6MAPmLj7",
"text":"",
"mid":"z6MSNEyp6",
"date":"2012-11-25 09:10:10"
},
{
"kids":[
"z6NCXbC0R"
],
"uid":"2997027944",
"parent":"",
"text":"家长朋友们看好孩子！！！",
"mid":"z6MSD3TTn",
"date":"2012-11-25 09:09:45"
},
{
"kids":[],
"uid":"128103232",
"parent":"z6ME93JDB",
"text":"",
"mid":"z6MShanOm",
"date":"2012-11-25 09:08:53"
},
{
"kids":[],
"uid":"3034929654",
"parent":"z6MAPmLj7",
"text":"",
"mid":"z6MRJujk8",
"date":"2012-11-25 09:07:33"
},
{
"kids":[
"z6NuwdQ0U"
],
"uid":"1862811831",
"parent":"z6MBfDjAC",
"text":"",
"mid":"z6MR9rbi3",
"date":"2012-11-25 09:06:07"
},
{
"kids":[
"z6N0onjib"
],
"uid":"2321748483",
"parent":"z6MN2FIfl",
"text":"",
"mid":"z6MQPBeyy",
"date":"2012-11-25 09:05:20"
},
{
"kids":[],
"uid":"1304865163",
"parent":"",
"text":"",
"mid":"z6MQlumgt",
"date":"2012-11-25 09:04:08"
},
{
"kids":[],
"uid":"1867973024",
"parent":"z6MxGCi1z",
"text":"",
"mid":"z6MQivu1F",
"date":"2012-11-25 09:04:01"
},
{
"kids":[],
"uid":"3090518621",
"parent":"z6MAPmLj7",
"text":"",
"mid":"z6MQ5wSgj",
"date":"2012-11-25 09:03:29"
},
{
"kids":[
"z7g0a2Liu",
"z72Qbql39",
"z72Qb8JUe"
],
"uid":"2236519033",
"parent":"z6MAPmLj7",
"text":"孩子早日回家",
"mid":"z6MPTF2QX",
"date":"2012-11-25 09:03:02"
},
{
"kids":[],
"uid":"2329294815",
"parent":"z6MENf0vT",
"text":"",
"mid":"z6MPpxD3v",
"date":"2012-11-25 09:01:50"
},
{
"kids":[],
"uid":"2995129302",
"parent":"z6MM0hI9g",
"text":"[话筒]",
"mid":"z6MOHuOC3",
"date":"2012-11-25 09:00:05"
},
{
"kids":[],
"uid":"2371920962",
"parent":"z6MM0hI9g",
"text":"扩散扩散",
"mid":"z6MOynCRA",
"date":"2012-11-25 08:59:43"
},
{
"kids":[],
"uid":"1668114077",
"parent":"z6MAPmLj7",
"text":"",
"mid":"z6MOsqBjF",
"date":"2012-11-25 08:59:28"
},
{
"kids":[
"z6Nu9pv58"
],
"uid":"2286773957",
"parent":"z6MAIxzYV",
"text":"",
"mid":"z6MNEeFIN",
"date":"2012-11-25 08:57:29"
},
{
"kids":[],
"uid":"1760037907",
"parent":"z6MN2FIfl",
"text":"",
"mid":"z6MNjyFhT",
"date":"2012-11-25 08:56:39"
},
{
"kids":[
"z6MQPBeyy",
"z6MNjyFhT"
],
"uid":"2644716941",
"parent":"z6MAIxzYV",
"text":"",
"mid":"z6MN2FIfl",
"date":"2012-11-25 08:56:00"
},
{
"kids":[],
"uid":"2725368595",
"parent":"z6MAPmLj7",
"text":"希望这几个孩子能早日回到家",
"mid":"z6MMTfyBB",
"date":"2012-11-25 08:55:37"
},
{
"kids":[],
"uid":"qianshuixiyun",
"parent":"z6MAPmLj7",
"text":"",
"mid":"z6MMalFde",
"date":"2012-11-25 08:53:50"
},
{
"kids":[
"z7JB6xyD0",
"z7da0kUao",
"z7da0kU8U",
"z6VSPlvKW",
"z6VSPjEjx"
],
"uid":"3008781744",
"parent":"z6MAPmLj7",
"text":"大家帮忙转下吧",
"mid":"z6MM9cfqh",
"date":"2012-11-25 08:53:47"
},
{
"kids":[],
"uid":"3056409533",
"parent":"z6MAPmLj7",
"text":"",
"mid":"z6MM6cm3b",
"date":"2012-11-25 08:53:40"
},
{
"kids":[
"z78GIEtms",
"z6OdBxcOK",
"z6N9k8QMS",
"z6MVW7Yy1",
"z6MOHuOC3",
"z6MOynCRA"
],
"uid":"1970609397",
"parent":"z6MAIxzYV",
"text":"可怜啊！",
"mid":"z6MM0hI9g",
"date":"2012-11-25 08:53:26"
},
{
"kids":[
"z6QDof9hN",
"z6NQGgoAU",
"z6Nazzr5j",
"z6N8qAhXW"
],
"uid":"2002785075",
"parent":"z6MAPmLj7",
"text":"",
"mid":"z6MLW8xs7",
"date":"2012-11-25 08:53:16"
},
{
"kids":[],
"uid":"2928289441",
"parent":"z6MAPmLj7",
"text":"",
"mid":"z6MLh68qH",
"date":"2012-11-25 08:51:37"
},
{
"kids":[],
"uid":"2958596141",
"parent":"z6MAPmLj7",
"text":"",
"mid":"z6ML5xox8",
"date":"2012-11-25 08:51:10"
},
{
"kids":[],
"uid":"2706809314",
"parent":"",
"text":"",
"mid":"z6MKE4GNh",
"date":"2012-11-25 08:50:04"
},
{
"kids":[],
"uid":"2972882357",
"parent":"z6MAPmLj7",
"text":"",
"mid":"z6MKB7mQ3",
"date":"2012-11-25 08:49:57"
},
{
"kids":[],
"uid":"3164217053",
"parent":"",
"text":"大家帮帮他，!",
"mid":"z6MJuxKFU",
"date":"2012-11-25 08:47:15"
},
{
"kids":[
"z7v4EDzcv",
"z7v4EC8sz",
"z7lBXxFEv"
],
"uid":"2686912601",
"parent":"",
"text":"",
"mid":"z6MJnsgE7",
"date":"2012-11-25 08:46:58"
},
{
"kids":[],
"uid":"3091846945",
"parent":"z6MAPmLj7",
"text":"",
"mid":"z6MIKahF1",
"date":"2012-11-25 08:45:24"
},
{
"kids":[
"z8f55aTEL",
"z7XA4Amzg",
"z7dUTp6FW",
"z733EcX7T",
"z733EbpmT"
],
"uid":"3112538321",
"parent":"z6MAPmLj7",
"text":"好可爱喔！爸爸妈妈肯定急死了都",
"mid":"z6MHV5etO",
"date":"2012-11-25 08:43:21"
},
{
"kids":[],
"uid":"2882525627",
"parent":"",
"text":"",
"mid":"z6MHlkP1Q",
"date":"2012-11-25 08:41:57"
},
{
"kids":[
"z6Nn9EJcR"
],
"uid":"3056025363",
"parent":"z6MAPmLj7",
"text":"",
"mid":"z6MHiDDG4",
"date":"2012-11-25 08:41:50"
},
{
"kids":[],
"uid":"2144454663",
"parent":"",
"text":"",
"mid":"z6MHfDvkV",
"date":"2012-11-25 08:41:44"
},
{
"kids":[],
"uid":"3165247057",
"parent":"",
"text":"",
"mid":"z6MH28qCb",
"date":"2012-11-25 08:41:11"
},
{
"kids":[],
"uid":"metis2012",
"parent":"z6MAPmLj7",
"text":"",
"mid":"z6MFVfFnz",
"date":"2012-11-25 08:38:27"
},
{
"kids":[],
"uid":"charleyzhaozzy",
"parent":"z6MAPmLj7",
"text":"",
"mid":"z6MFPCC8U",
"date":"2012-11-25 08:38:13"
},
{
"kids":[],
"uid":"2868577002",
"parent":"z6MAPmLj7",
"text":"",
"mid":"z6MFigHFf",
"date":"2012-11-25 08:36:53"
},
{
"kids":[
"z7aJqz40s",
"z7aJqz3Yj",
"z6MPpxD3v"
],
"uid":"2779773071",
"parent":"z6MAPmLj7",
"text":"@大美女鸿卓 @财源滚滚527",
"mid":"z6MENf0vT",
"date":"2012-11-25 08:35:40"
},
{
"kids":[
"z6MShanOm"
],
"uid":"317302777",
"parent":"z6MAIxzYV",
"text":"[爱心传递][爱心传递][爱心传递][爱心传递]@我有我的脚步 @小小心er丶",
"mid":"z6ME93JDB",
"date":"2012-11-25 08:34:04"
},
{
"kids":[
"z6PiyCsAt"
],
"uid":"2468207635",
"parent":"z6MCOyQya",
"text":"",
"mid":"z6ME6FegS",
"date":"2012-11-25 08:33:58"
},
{
"kids":[],
"uid":"3014301973",
"parent":"z6MAPmLj7",
"text":"义不容辞",
"mid":"z6MDyoZCq",
"date":"2012-11-25 08:32:37"
},
{
"kids":[],
"uid":"2988537237",
"parent":"",
"text":"只希望能让孩子早点回家。",
"mid":"z6MDey6vG",
"date":"2012-11-25 08:31:50"
},
{
"kids":[
"z6ME6FegS"
],
"uid":"2979034205",
"parent":"z6MAPmLj7",
"text":"",
"mid":"z6MCOyQya",
"date":"2012-11-25 08:30:48"
},
{
"kids":[],
"uid":"1939688523",
"parent":"z6MAIxzYV",
"text":"",
"mid":"z6MCxrYNF",
"date":"2012-11-25 08:30:06"
},
{
"kids":[
"z6ZZTuJU6"
],
"uid":"2508375467",
"parent":"z6MBy0eww",
"text":"@寒江雪上人",
"mid":"z6MCqFzR8",
"date":"2012-11-25 08:29:50"
},
{
"kids":[],
"uid":"2974869697",
"parent":"",
"text":"",
"mid":"z6MCf6qxg",
"date":"2012-11-25 08:29:22"
},
{
"kids":[
"z6UTUCsw4",
"z6UTUCsvB"
],
"uid":"2619015255",
"parent":"z6MAPmLj7",
"text":"",
"mid":"z6MBP8xNc",
"date":"2012-11-25 08:28:21"
},
{
"kids":[
"z6MCqFzR8"
],
"uid":"2508375467",
"parent":"z6MAPmLj7",
"text":"帮忙转一下[话筒][话筒]",
"mid":"z6MBy0eww",
"date":"2012-11-25 08:27:40"
},
{
"kids":[],
"uid":"2762543140",
"parent":"z6MAPmLj7",
"text":"",
"mid":"z6MBwbpid",
"date":"2012-11-25 08:27:36"
},
{
"kids":[
"z6MR9rbi3"
],
"uid":"hsj0088",
"parent":"z6MAPmLj7",
"text":"",
"mid":"z6MBfDjAC",
"date":"2012-11-25 08:26:57"
},
{
"kids":[
"z6S5L5nn5",
"z6Rv4DN0c",
"z6RbWhxqa",
"z6P2G1YGv",
"z6OWWi6ys",
"z6OzikW7C",
"z6OvbCziw",
"z6ObU5ggn",
"z6Oag66EX",
"z6O6H7D9L",
"z6O17l2mk",
"z6NQtddCt",
"z6NOpfJQN",
"z6NNCfWzz",
"z6NE9n2W6",
"z6NC3mlZu",
"z6Nu9qDoP",
"z6Nt0u8WK",
"z6NsM48Zm",
"z6NsfevzT",
"z6NprbgcH",
"z6NnQbw2h",
"z6NmabvGe",
"z6NhH2Vcy",
"z6Ndwrcqw",
"z6Ndjr3UP",
"z6Ncde1oV",
"z6N8qjTrv",
"z6N6pzZ9v",
"z6N5CdHhO",
"z6N5wmInw",
"z6N4TCyOc",
"z6N4xrAa3",
"z6N4nFjSw",
"z6N1e6fNb",
"z6N0AucBA",
"z6N03nplG",
"z6MYVlkgW",
"z6MW71AG5",
"z6MV4iAPr",
"z6MTGDSn7",
"z6MSVBx1T",
"z6MSNEyp6",
"z6MRJujk8",
"z6MQ5wSgj",
"z6MPTF2QX",
"z6MOsqBjF",
"z6MMTfyBB",
"z6MMalFde",
"z6MM9cfqh",
"z6MM6cm3b",
"z6MLW8xs7",
"z6MLh68qH",
"z6ML5xox8",
"z6MKB7mQ3",
"z6MIKahF1",
"z6MHV5etO",
"z6MHiDDG4",
"z6MFVfFnz",
"z6MFPCC8U",
"z6MFigHFf",
"z6MENf0vT",
"z6MDyoZCq",
"z6MCOyQya",
"z6MBP8xNc",
"z6MBy0eww",
"z6MBwbpid",
"z6MBfDjAC"
],
"uid":"1687442645",
"parent":"z6MAIxzYV",
"text":"",
"mid":"z6MAPmLj7",
"date":"2012-11-25 08:25:54"
},
{
"kids":[
"z6OEqApWd",
"z6NnEFqNJ",
"z6N5CeKF3",
"z6MNEeFIN",
"z6MN2FIfl",
"z6MM0hI9g",
"z6ME93JDB",
"z6MCxrYNF",
"z6MAPmLj7"
],
"uid":"1614298392",
"parent":"",
"text":"请大家帮帮忙  @中囯彝族网  @张杨Ziza     @奥杰阿格",
"mid":"z6MAIxzYV",
"date":"2012-11-25 08:25:37"
},
{
"kids":[
"z6MQivu1F"
],
"uid":"yuxianchen186",
"parent":"z6MwprHg5",
"text":"转发",
"mid":"z6MxGCi1z",
"date":"2012-11-25 08:18:09"
},
{
"kids":[
"z6N4ql2Kr",
"z6MxGCi1z"
],
"uid":"1890416071",
"parent":"z6LbAmIF7",
"text":"很可爱",
"mid":"z6MwprHg5",
"date":"2012-11-25 08:15:01"
},
{
"kids":[],
"uid":"1582648943",
"parent":"z6LbAmIF7",
"text":"",
"mid":"z6MrYj2je",
"date":"2012-11-25 08:04:04"
},
{
"kids":[
"z7HwNAmsS"
],
"uid":"2099595177",
"parent":"",
"text":"[话筒]",
"mid":"z6MrVlIrH",
"date":"2012-11-25 08:03:58"
},
{
"kids":[],
"uid":"rs006916",
"parent":"",
"text":"公安局拉着小孩到各街道去转转，了解了解，小孩对环境有印象，说不定还碰上认识小孩的，小孩也就不哭了。[哈哈]",
"mid":"z6MnrB5QM",
"date":"2012-11-25 07:52:56"
},
{
"kids":[],
"uid":"1774902452",
"parent":"z6MjHEx9X",
"text":"",
"mid":"z6Mmy6bKv",
"date":"2012-11-25 07:50:43"
},
{
"kids":[
"z6Mmy6bKv"
],
"uid":"1773935982",
"parent":"",
"text":"好可爱的小男孩",
"mid":"z6MjHEx9X",
"date":"2012-11-25 07:43:43"
},
{
"kids":[],
"uid":"2476646791",
"parent":"",
"text":"传递",
"mid":"z6MbJh3z0",
"date":"2012-11-25 07:24:03"
},
{
"kids":[],
"uid":"1849091144",
"parent":"",
"text":"",
"mid":"z6M579Xkm",
"date":"2012-11-25 07:07:46"
},
{
"kids":[],
"uid":"2168067711",
"parent":"",
"text":"",
"mid":"z6LV3CJQT",
"date":"2012-11-25 06:43:00"
},
{
"kids":[],
"uid":"1004880525",
"parent":"",
"text":"",
"mid":"z6LTDly1L",
"date":"2012-11-25 06:39:29"
},
{
"kids":[],
"uid":"1849045354",
"parent":"",
"text":"",
"mid":"z6LPaqIKV",
"date":"2012-11-25 06:28:29"
},
{
"kids":[],
"uid":"1408634724",
"parent":"",
"text":"",
"mid":"z6LBOrT7q",
"date":"2012-11-25 05:55:35"
},
{
"kids":[],
"uid":"1003376317",
"parent":"z6LbAmIF7",
"text":"",
"mid":"z6LxIEiyR",
"date":"2012-11-25 05:45:30"
},
{
"kids":[
"z6MwprHg5",
"z6MrYj2je",
"z6LxIEiyR"
],
"uid":"1846587655",
"parent":"",
"text":"转发微博。",
"mid":"z6LbAmIF7",
"date":"2012-11-25 04:50:57"
}
]