[
{
"kids":[],
"uid":"2235660410",
"parent":"",
"text":"",
"mid":"zA9A6Cj0D",
"date":"2013-06-06 12:16:06"
},
{
"kids":[],
"uid":"3043880122",
"parent":"zxGQdoocP",
"text":"",
"mid":"zyVargYse",
"date":"2013-05-29 09:44:07"
},
{
"kids":[],
"uid":"2808361830",
"parent":"zxGQdoocP",
"text":"",
"mid":"zyUuEplXQ",
"date":"2013-05-29 08:01:10"
},
{
"kids":[],
"uid":"2919850680",
"parent":"zxGQdoocP",
"text":"",
"mid":"zyLh1FGib",
"date":"2013-05-28 08:32:53"
},
{
"kids":[],
"uid":"qcyrft",
"parent":"zxH2ZzJ6E",
"text":"",
"mid":"zyKBG1MAc",
"date":"2013-05-28 06:50:59"
},
{
"kids":[],
"uid":"purposeprovence",
"parent":"zxV51oB69",
"text":"晕倒@shining_yuan",
"mid":"zxZKcnPVJ",
"date":"2013-05-23 07:32:53"
},
{
"kids":[],
"uid":"1823638687",
"parent":"zxV51oB69",
"text":"",
"mid":"zxV6Mo6dr",
"date":"2013-05-22 19:44:47"
},
{
"kids":[
"zxZKcnPVJ",
"zxV6Mo6dr"
],
"uid":"forzamilan1984",
"parent":"zxULc8GYF",
"text":"多谢徐老师提醒",
"mid":"zxV51oB69",
"date":"2013-05-22 19:40:25"
},
{
"kids":[],
"uid":"2541580493",
"parent":"zxULc8GYF",
"text":"刚说去看看就发现又被忽悠了",
"mid":"zxULEbGcI",
"date":"2013-05-22 18:52:43"
},
{
"kids":[
"zxV51oB69",
"zxULEbGcI"
],
"uid":"1941923760",
"parent":"zxHKPeueZ",
"text":"CCTV刚才辟谣了，这个颜色跟成份完全没有关系噢！@梦露而且邦德",
"mid":"zxULc8GYF",
"date":"2013-05-22 18:51:38"
},
{
"kids":[],
"uid":"1785186985",
"parent":"",
"text":"不准吧，家里黑人牙膏黑色额……买的药物牙膏也黑色额",
"mid":"zxUJcmnTO",
"date":"2013-05-22 18:46:42"
},
{
"kids":[],
"uid":"2002014727",
"parent":"zxMSYeRYN",
"text":"[嘻嘻]",
"mid":"zxTpSEFQz",
"date":"2013-05-22 15:26:21"
},
{
"kids":[],
"uid":"2763172025",
"parent":"",
"text":"",
"mid":"zxSLTa281",
"date":"2013-05-22 13:47:49"
},
{
"kids":[],
"uid":"1773613114",
"parent":"",
"text":"",
"mid":"zxRxBcdVb",
"date":"2013-05-22 10:39:52"
},
{
"kids":[],
"uid":"2290603070",
"parent":"zxK8TkL9N",
"text":"",
"mid":"zxQXZiEE9",
"date":"2013-05-22 09:12:09"
},
{
"kids":[
"zxTpSEFQz"
],
"uid":"manwufengling",
"parent":"",
"text":"云南白药是蓝色的",
"mid":"zxMSYeRYN",
"date":"2013-05-21 22:48:46"
},
{
"kids":[],
"uid":"2717616023",
"parent":"",
"text":"",
"mid":"zxLKWxSnq",
"date":"2013-05-21 19:56:18"
},
{
"kids":[],
"uid":"2952809297",
"parent":"",
"text":"@赱赱-赱赱 @快跑鸭呀 @Fyonng",
"mid":"zxKELwsjl",
"date":"2013-05-21 17:08:17"
},
{
"kids":[],
"uid":"1140191141",
"parent":"",
"text":"",
"mid":"zxKEKlTK2",
"date":"2013-05-21 17:08:16"
},
{
"kids":[
"zxQXZiEE9"
],
"uid":"1772224091",
"parent":"",
"text":"",
"mid":"zxK8TkL9N",
"date":"2013-05-21 15:49:46"
},
{
"kids":[],
"uid":"2319160713",
"parent":"zxIPHjZA8",
"text":"",
"mid":"zxJWnkzcD",
"date":"2013-05-21 15:18:57"
},
{
"kids":[],
"uid":"2873200497",
"parent":"",
"text":"@嘴壮 天狮牙膏是绿色的",
"mid":"zxJQ4nEpj",
"date":"2013-05-21 15:03:25"
},
{
"kids":[],
"uid":"gestfatty",
"parent":"",
"text":"",
"mid":"zxJtU3vkI",
"date":"2013-05-21 14:08:48"
},
{
"kids":[],
"uid":"2620597295",
"parent":"",
"text":"是嘛[思考][思考][思考][思考]",
"mid":"zxJbIbbJH",
"date":"2013-05-21 13:23:58"
},
{
"kids":[],
"uid":"1763687917",
"parent":"",
"text":"@肉山大魔王来电 @纪小yo @那木好",
"mid":"zxJ41feLg",
"date":"2013-05-21 13:05:02"
},
{
"kids":[],
"uid":"1949178721",
"parent":"",
"text":"",
"mid":"zxISN43e6",
"date":"2013-05-21 12:37:22"
},
{
"kids":[
"zxJWnkzcD"
],
"uid":"2753969503",
"parent":"",
"text":"转发微博。",
"mid":"zxIPHjZA8",
"date":"2013-05-21 12:29:44"
},
{
"kids":[],
"uid":"2988932872",
"parent":"",
"text":"",
"mid":"zxIFk2oaG",
"date":"2013-05-21 12:04:12"
},
{
"kids":[],
"uid":"gsz998",
"parent":"zxI8Lu1wh",
"text":"",
"mid":"zxIeU7WvE",
"date":"2013-05-21 10:59:06"
},
{
"kids":[],
"uid":"1365637695",
"parent":"",
"text":"技术贴。",
"mid":"zxIettOx8",
"date":"2013-05-21 10:58:03"
},
{
"kids":[
"zxIeU7WvE"
],
"uid":"bubblecaty",
"parent":"zxGUV3wJ1",
"text":"",
"mid":"zxI8Lu1wh",
"date":"2013-05-21 10:43:59"
},
{
"kids":[],
"uid":"2508034552",
"parent":"zxHT8BfVf",
"text":"我家宝贝的居然是黑色的[怒]",
"mid":"zxHYL0dqp",
"date":"2013-05-21 10:19:19"
},
{
"kids":[
"zxHYL0dqp"
],
"uid":"1400174251",
"parent":"",
"text":"不都是蓝色的吗？",
"mid":"zxHT8BfVf",
"date":"2013-05-21 10:05:28"
},
{
"kids":[],
"uid":"1815578811",
"parent":"",
"text":"",
"mid":"zxHSlxMXE",
"date":"2013-05-21 10:03:31"
},
{
"kids":[],
"uid":"1972646323",
"parent":"",
"text":"",
"mid":"zxHQgFqKl",
"date":"2013-05-21 09:58:24"
},
{
"kids":[],
"uid":"2853992275",
"parent":"",
"text":"[围观]",
"mid":"zxHQ2vvwj",
"date":"2013-05-21 09:57:51"
},
{
"kids":[],
"uid":"xuemumenghuo",
"parent":"",
"text":"",
"mid":"zxHLZ5fol",
"date":"2013-05-21 09:47:49"
},
{
"kids":[],
"uid":"2332976087",
"parent":"",
"text":"",
"mid":"zxHLb6O3y",
"date":"2013-05-21 09:45:52"
},
{
"kids":[
"zxULc8GYF"
],
"uid":"1941923760",
"parent":"zxGUV3wJ1",
"text":"还真没注意过〜",
"mid":"zxHKPeueZ",
"date":"2013-05-21 09:45:00"
},
{
"kids":[],
"uid":"stitchsk",
"parent":"",
"text":"我的蓝色",
"mid":"zxHJJz72W",
"date":"2013-05-21 09:42:18"
},
{
"kids":[],
"uid":"2791280071",
"parent":"",
"text":"",
"mid":"zxHHR98bm",
"date":"2013-05-21 09:37:40"
},
{
"kids":[],
"uid":"diamondzz",
"parent":"",
"text":"轉發微博",
"mid":"zxHGQtNI3",
"date":"2013-05-21 09:35:12"
},
{
"kids":[],
"uid":"3471998260",
"parent":"",
"text":"摘录到《食品安全集录》 http:",
"mid":"zxHG3a2KG",
"date":"2013-05-21 09:33:14"
},
{
"kids":[],
"uid":"2720754841",
"parent":"",
"text":"",
"mid":"zxHDYiZu4",
"date":"2013-05-21 09:28:06"
},
{
"kids":[],
"uid":"purposeprovence",
"parent":"zxGUV3wJ1",
"text":"高露洁是蓝色",
"mid":"zxHCnAAkU",
"date":"2013-05-21 09:24:12"
},
{
"kids":[],
"uid":"527179567",
"parent":"",
"text":"",
"mid":"zxHBNgSzq",
"date":"2013-05-21 09:22:45"
},
{
"kids":[],
"uid":"1761505723",
"parent":"",
"text":"赶紧看看自己用的牙膏吧！",
"mid":"zxHBfBunF",
"date":"2013-05-21 09:21:25"
},
{
"kids":[],
"uid":"2609398825",
"parent":"",
"text":"",
"mid":"zxHwn3QYK",
"date":"2013-05-21 09:09:23"
},
{
"kids":[],
"uid":"miaowqiqi",
"parent":"zxH2JCep3",
"text":"我用狮王 白色色块 白色代表什么？",
"mid":"zxHuFuygM",
"date":"2013-05-21 09:05:11"
},
{
"kids":[],
"uid":"1966736690",
"parent":"",
"text":"",
"mid":"zxHtmgMtR",
"date":"2013-05-21 09:01:58"
},
{
"kids":[],
"uid":"2994681601",
"parent":"",
"text":"",
"mid":"zxHt5q1v0",
"date":"2013-05-21 09:01:18"
},
{
"kids":[],
"uid":"2234072641",
"parent":"",
"text":"没注意过",
"mid":"zxHsi51wX",
"date":"2013-05-21 08:59:20"
},
{
"kids":[],
"uid":"2076313155",
"parent":"",
"text":"",
"mid":"zxHs27vzI",
"date":"2013-05-21 08:58:42"
},
{
"kids":[],
"uid":"dongf1974",
"parent":"zxH24g3g1",
"text":"已经辟谣了 http:",
"mid":"zxHqDfwHb",
"date":"2013-05-21 08:55:15"
},
{
"kids":[],
"uid":"3045305592",
"parent":"zxGQdoocP",
"text":"",
"mid":"zxHna79M0",
"date":"2013-05-21 08:46:41"
},
{
"kids":[],
"uid":"1169528737",
"parent":"",
"text":"",
"mid":"zxHn3BWGu",
"date":"2013-05-21 08:46:27"
},
{
"kids":[],
"uid":"xiangxielishe6415",
"parent":"",
"text":"@妖夕宝贝 @点滴-轻烟",
"mid":"zxHlLwN0Q",
"date":"2013-05-21 08:43:15"
},
{
"kids":[],
"uid":"1629545907",
"parent":"",
"text":"",
"mid":"zxHhx8GOt",
"date":"2013-05-21 08:32:50"
},
{
"kids":[],
"uid":"1602288652",
"parent":"",
"text":"",
"mid":"zxHf21Xym",
"date":"2013-05-21 08:26:39"
},
{
"kids":[],
"uid":"2684381961",
"parent":"",
"text":"",
"mid":"zxHe8shjs",
"date":"2013-05-21 08:24:27"
},
{
"kids":[],
"uid":"1078331442",
"parent":"",
"text":"",
"mid":"zxHcv80u2",
"date":"2013-05-21 08:20:26"
},
{
"kids":[],
"uid":"1460879561",
"parent":"",
"text":"",
"mid":"zxHc7qVL3",
"date":"2013-05-21 08:19:30"
},
{
"kids":[],
"uid":"laiyangdianxin",
"parent":"zxGQ9ejx7",
"text":"",
"mid":"zxHa8vOr6",
"date":"2013-05-21 08:14:36"
},
{
"kids":[],
"uid":"318818889",
"parent":"",
"text":"实用~~~",
"mid":"zxH7Xd91s",
"date":"2013-05-21 08:09:13"
},
{
"kids":[],
"uid":"feifeisunshine",
"parent":"",
"text":"",
"mid":"zxH72uhce",
"date":"2013-05-21 08:06:58"
},
{
"kids":[],
"uid":"2639912463",
"parent":"",
"text":"@满家里的 学习",
"mid":"zxH5DzKUl",
"date":"2013-05-21 08:03:31"
},
{
"kids":[],
"uid":"2396865681",
"parent":"",
"text":"@Ramon_Shang @琳-张",
"mid":"zxH5wfv9B",
"date":"2013-05-21 08:03:14"
},
{
"kids":[],
"uid":"2062151331",
"parent":"",
"text":"",
"mid":"zxH469qi6",
"date":"2013-05-21 07:59:44"
},
{
"kids":[],
"uid":"2607033281",
"parent":"",
"text":"",
"mid":"zxH3U1v7l",
"date":"2013-05-21 07:59:15"
},
{
"kids":[
"zyKBG1MAc"
],
"uid":"1792435017",
"parent":"",
"text":"",
"mid":"zxH2ZzJ6E",
"date":"2013-05-21 07:57:01"
},
{
"kids":[
"zxHuFuygM"
],
"uid":"cuber1982",
"parent":"",
"text":"安利，到底是不是传销？",
"mid":"zxH2JCep3",
"date":"2013-05-21 07:56:21"
},
{
"kids":[],
"uid":"1961262955",
"parent":"",
"text":"",
"mid":"zxH2asjmY",
"date":"2013-05-21 07:54:59"
},
{
"kids":[
"zxHqDfwHb"
],
"uid":"1171416321",
"parent":"",
"text":"",
"mid":"zxH24g3g1",
"date":"2013-05-21 07:54:44"
},
{
"kids":[],
"uid":"ibearman",
"parent":"",
"text":"这个就是纯属没有任何科学根据的放屁。",
"mid":"zxH0UaG6m",
"date":"2013-05-21 07:51:52"
},
{
"kids":[],
"uid":"garfield6688",
"parent":"",
"text":"",
"mid":"zxH0HavJR",
"date":"2013-05-21 07:51:21"
},
{
"kids":[],
"uid":"xiangtahaoku",
"parent":"",
"text":"[围观]",
"mid":"zxGYxkYcz",
"date":"2013-05-21 07:46:01"
},
{
"kids":[],
"uid":"ww881205",
"parent":"",
"text":"",
"mid":"zxGYjp4SE",
"date":"2013-05-21 07:45:29"
},
{
"kids":[],
"uid":"1401675747",
"parent":"",
"text":"@珩壬 @张悦彤 是不是啊，回家看看",
"mid":"zxGXEognG",
"date":"2013-05-21 07:43:51"
},
{
"kids":[],
"uid":"1317679293",
"parent":"",
"text":"",
"mid":"zxGXeCFB1",
"date":"2013-05-21 07:42:50"
},
{
"kids":[],
"uid":"201257687",
"parent":"",
"text":"@kan世界1993 @糖墩儿0 @王成艺Y @Nope-Pisces",
"mid":"zxGWPyvkN",
"date":"2013-05-21 07:41:50"
},
{
"kids":[],
"uid":"1898028673",
"parent":"",
"text":"",
"mid":"zxGWCeVco",
"date":"2013-05-21 07:41:18"
},
{
"kids":[],
"uid":"sunnyjunjun",
"parent":"",
"text":"@小宣铄 快看看",
"mid":"zxGVZw24Z",
"date":"2013-05-21 07:39:45"
},
{
"kids":[],
"uid":"lovelanmao",
"parent":"",
"text":"",
"mid":"zxGVljQw5",
"date":"2013-05-21 07:38:10"
},
{
"kids":[],
"uid":"1751334351",
"parent":"",
"text":"检查下",
"mid":"zxGV8kxuE",
"date":"2013-05-21 07:37:39"
},
{
"kids":[
"zxI8Lu1wh",
"zxHKPeueZ",
"zxHCnAAkU"
],
"uid":"forzamilan1984",
"parent":"",
"text":"",
"mid":"zxGUV3wJ1",
"date":"2013-05-21 07:37:07"
},
{
"kids":[],
"uid":"2895493845",
"parent":"",
"text":"",
"mid":"zxGUQBjMs",
"date":"2013-05-21 07:36:56"
},
{
"kids":[],
"uid":"2481253367",
"parent":"",
"text":"回家看看",
"mid":"zxGUprmMW",
"date":"2013-05-21 07:35:52"
},
{
"kids":[],
"uid":"1306079082",
"parent":"",
"text":"",
"mid":"zxGTXkZ6X",
"date":"2013-05-21 07:34:45"
},
{
"kids":[],
"uid":"2176846013",
"parent":"",
"text":"晚上看看",
"mid":"zxGTtw35L",
"date":"2013-05-21 07:33:34"
},
{
"kids":[],
"uid":"1538959804",
"parent":"",
"text":"学习了",
"mid":"zxGSvebMy",
"date":"2013-05-21 07:31:09"
},
{
"kids":[],
"uid":"icimao",
"parent":"",
"text":"",
"mid":"zxGSsxEiv",
"date":"2013-05-21 07:31:04"
},
{
"kids":[],
"uid":"2495730697",
"parent":"",
"text":"",
"mid":"zxGS6FvoI",
"date":"2013-05-21 07:30:11"
},
{
"kids":[],
"uid":"1849382257",
"parent":"",
"text":"学习了。。。",
"mid":"zxGS5g0cw",
"date":"2013-05-21 07:30:07"
},
{
"kids":[],
"uid":"1886422675",
"parent":"",
"text":"",
"mid":"zxGRqq6nD",
"date":"2013-05-21 07:28:31"
},
{
"kids":[],
"uid":"111816121",
"parent":"",
"text":"[思考]",
"mid":"zxGRmhVLQ",
"date":"2013-05-21 07:28:20"
},
{
"kids":[],
"uid":"2202782973",
"parent":"",
"text":"",
"mid":"zxGQYF9mH",
"date":"2013-05-21 07:27:25"
},
{
"kids":[],
"uid":"tepcohn",
"parent":"",
"text":"求验证",
"mid":"zxGQW1RKb",
"date":"2013-05-21 07:27:17"
},
{
"kids":[],
"uid":"2607671237",
"parent":"",
"text":"竹盐是黑的[泪]",
"mid":"zxGQPc77Z",
"date":"2013-05-21 07:27:02"
},
{
"kids":[],
"uid":"2809461192",
"parent":"zxGQdoocP",
"text":"",
"mid":"zxGQq5OUj",
"date":"2013-05-21 07:26:02"
},
{
"kids":[
"zyVargYse",
"zyUuEplXQ",
"zyLh1FGib",
"zxHna79M0",
"zxGQq5OUj"
],
"uid":"juxinyongtai",
"parent":"",
"text":"",
"mid":"zxGQdoocP",
"date":"2013-05-21 07:25:32"
},
{
"kids":[
"zxHa8vOr6"
],
"uid":"2196882347",
"parent":"",
"text":"",
"mid":"zxGQ9ejx7",
"date":"2013-05-21 07:25:22"
},
{
"kids":[],
"uid":"1665146021",
"parent":"",
"text":"我用竹盐牙膏，是黑色的",
"mid":"zxGQ04J7R",
"date":"2013-05-21 07:25:00"
},
{
"kids":[],
"uid":"2137119715",
"parent":"",
"text":"",
"mid":"zxGPBwRhD",
"date":"2013-05-21 07:24:02"
},
{
"kids":[],
"uid":"1863439462",
"parent":"",
"text":"",
"mid":"zxGPdADf0",
"date":"2013-05-21 07:23:05"
}
]