[
{
"kids":[],
"uid":"1818009462",
"parent":"A1eDgywZD",
"text":"与家教、与父母无关",
"mid":"A274TC9gM",
"date":"2013-07-28 14:07:42"
},
{
"kids":[],
"uid":"1432339410",
"parent":"",
"text":"",
"mid":"A1VWbpFHa",
"date":"2013-07-27 09:46:01"
},
{
"kids":[],
"uid":"2211603295",
"parent":"A1fp5wSWa",
"text":"叫上诉的也发张照片来，看看真相，要不就赶紧删除这条微博",
"mid":"A1uUTj8xH",
"date":"2013-07-24 12:58:40"
},
{
"kids":[],
"uid":"1256783621",
"parent":"",
"text":"",
"mid":"A1nHt8DaF",
"date":"2013-07-23 18:36:23"
},
{
"kids":[],
"uid":"hh6812",
"parent":"A1ntCarB3",
"text":"这图是P的？",
"mid":"A1nzpq8xg",
"date":"2013-07-23 18:16:29"
},
{
"kids":[
"A1nzpq8xg"
],
"uid":"2531034472",
"parent":"A1np2qrsX",
"text":"",
"mid":"A1ntCarB3",
"date":"2013-07-23 18:02:14"
},
{
"kids":[],
"uid":"2859850212",
"parent":"A1eh85EXT",
"text":"妈逼的zg！",
"mid":"A1nt02VUl",
"date":"2013-07-23 18:00:42"
},
{
"kids":[],
"uid":"jinjun",
"parent":"A1np2qrsX",
"text":"",
"mid":"A1nskkheS",
"date":"2013-07-23 17:59:03"
},
{
"kids":[
"A1nzpq8xg",
"A1ntCarB3",
"A1nskkheS"
],
"uid":"wi8iw",
"parent":"",
"text":"",
"mid":"A1np2qrsX",
"date":"2013-07-23 17:50:57"
},
{
"kids":[],
"uid":"1168147777",
"parent":"A1gbmCEwS",
"text":"事实是房地产商与饭店之争，造谣的后果是什么，扯鸡巴蛋”倒逼真相“",
"mid":"A1mt73Pq4",
"date":"2013-07-23 15:28:14"
},
{
"kids":[],
"uid":"2427102285",
"parent":"A1h3cch5U",
"text":"神经病 这些城管分明就是生来给老百姓带来灾难的[怒]",
"mid":"A1kLafMce",
"date":"2013-07-23 11:07:14"
},
{
"kids":[],
"uid":"2182857860",
"parent":"A1eh85EXT",
"text":"",
"mid":"A1jEI8AlI",
"date":"2013-07-23 08:18:34"
},
{
"kids":[],
"uid":"345265188",
"parent":"A1h3cch5U",
"text":"",
"mid":"A1jAFgo92",
"date":"2013-07-23 08:08:37"
},
{
"kids":[],
"uid":"3420010770",
"parent":"A1eWuknN6",
"text":"",
"mid":"A1jrhoCbb",
"date":"2013-07-23 07:45:29"
},
{
"kids":[],
"uid":"2487644870",
"parent":"A1cpeziHx",
"text":"",
"mid":"A1jocvUJt",
"date":"2013-07-23 07:37:55"
},
{
"kids":[],
"uid":"1400869417",
"parent":"A1gbmCEwS",
"text":"操！就穿得整齐一点，看不出匪徒有什么区别！",
"mid":"A1jh9tI9I",
"date":"2013-07-23 07:20:33"
},
{
"kids":[],
"uid":"2914810092",
"parent":"A1gbmCEwS",
"text":"",
"mid":"A1jepyXkJ",
"date":"2013-07-23 07:13:48"
},
{
"kids":[],
"uid":"2277580813",
"parent":"A1h3cch5U",
"text":"城管是什么组织？那我告诉你，若干年前政府公车改革，很多领导的公车驾驶员被分流，其中很大一部分人就去了城管局任职。城管打比方就是西游记中的妖怪，孙悟空刚打棒打妖怪，总有各路神仙相救。城管着，领导坐骑兽也！@南京城管 @武汉城管 @广州城管执法 …",
"mid":"A1iPGiRKd",
"date":"2013-07-23 06:12:52"
},
{
"kids":[],
"uid":"1960071971",
"parent":"A1gbmCEwS",
"text":"",
"mid":"A1iPaEzm4",
"date":"2013-07-23 06:11:36"
},
{
"kids":[],
"uid":"yaojun13817737337",
"parent":"A1h3cch5U",
"text":"JC演变成有执照的流氓 而流氓已经不需要执照就变成执法的警察 呜呼。。。唉哉。。。",
"mid":"A1iKl3VLK",
"date":"2013-07-23 05:59:41"
},
{
"kids":[],
"uid":"1845513270",
"parent":"A1cFPr47B",
"text":"",
"mid":"A1i2ykSfz",
"date":"2013-07-23 04:11:50"
},
{
"kids":[],
"uid":"3164603697",
"parent":"A1dVwhLm2",
"text":"",
"mid":"A1hUplBVu",
"date":"2013-07-23 03:51:46"
},
{
"kids":[],
"uid":"2851993854",
"parent":"A1eokfABG",
"text":"",
"mid":"A1hBrxSr4",
"date":"2013-07-23 03:05:03"
},
{
"kids":[],
"uid":"2822116573",
"parent":"A1h3cch5U",
"text":"",
"mid":"A1hcnBNux",
"date":"2013-07-23 02:03:17"
},
{
"kids":[],
"uid":"2607951433",
"parent":"A1h3cch5U",
"text":"[怒]",
"mid":"A1h6Ot3RE",
"date":"2013-07-23 01:49:35"
},
{
"kids":[],
"uid":"lihuatong",
"parent":"A1fjfzLQW",
"text":"",
"mid":"A1h4hxuSh",
"date":"2013-07-23 01:43:21"
},
{
"kids":[
"A1kLafMce",
"A1jAFgo92",
"A1iPGiRKd",
"A1iKl3VLK",
"A1hcnBNux",
"A1h6Ot3RE"
],
"uid":"ochina",
"parent":"A1h2Etr6m",
"text":"[神马][神马][神马]",
"mid":"A1h3cch5U",
"date":"2013-07-23 01:40:40"
},
{
"kids":[
"A1kLafMce",
"A1jAFgo92",
"A1iPGiRKd",
"A1iKl3VLK",
"A1hcnBNux",
"A1h6Ot3RE",
"A1h3cch5U"
],
"uid":"2480752037",
"parent":"",
"text":"",
"mid":"A1h2Etr6m",
"date":"2013-07-23 01:39:20"
},
{
"kids":[],
"uid":"3143097123",
"parent":"A1ez8qw8r",
"text":"败类，不知这些人是不是爹妈生了！",
"mid":"A1gZZApPq",
"date":"2013-07-23 01:32:47"
},
{
"kids":[],
"uid":"adealt",
"parent":"A1fFDsUA4",
"text":"有执照的流氓不流氓，开玩笑呢？",
"mid":"A1gWvB3Ng",
"date":"2013-07-23 01:24:12"
},
{
"kids":[],
"uid":"2265344270",
"parent":"A1fp4mJ9a",
"text":"禅心观世界 【 山西胡文海，他杀死14个人，却成为13亿国人心中的英雄！】 法庭上，法官：你杀了14个人！你为什么杀他们？胡文海：他们这些村干部，3年至少贪污挥霍了500万。告不倒他们，我就杀了他们，我最大的遗憾，就是没把他们杀绝。听众席上爆发出热烈的掌声！",
"mid":"A1gttek2t",
"date":"2013-07-23 00:12:39"
},
{
"kids":[],
"uid":"1885122515",
"parent":"A1frksBsP",
"text":"打日本仔啦，把钓鱼岛要回来",
"mid":"A1grG6S6H",
"date":"2013-07-23 00:08:10"
},
{
"kids":[],
"uid":"xlzg520",
"parent":"A1fp4mJ9a",
"text":"[怒]",
"mid":"A1gr4x2Lf",
"date":"2013-07-23 00:06:44"
},
{
"kids":[],
"uid":"2502803060",
"parent":"",
"text":"肯定内伤.",
"mid":"A1gnZCPsb",
"date":"2013-07-22 23:59:09"
},
{
"kids":[],
"uid":"3248043970",
"parent":"A1gbmCEwS",
"text":"",
"mid":"A1gic2EQp",
"date":"2013-07-22 23:44:51"
},
{
"kids":[],
"uid":"2668795371",
"parent":"A1gbmCEwS",
"text":"",
"mid":"A1ghKickN",
"date":"2013-07-22 23:43:46"
},
{
"kids":[],
"uid":"2685923435",
"parent":"A1gbmCEwS",
"text":"",
"mid":"A1geDCLxf",
"date":"2013-07-22 23:36:07"
},
{
"kids":[],
"uid":"2457103564",
"parent":"",
"text":"",
"mid":"A1ge24N2G",
"date":"2013-07-22 23:34:35"
},
{
"kids":[],
"uid":"gaobowangxiaoxuan",
"parent":"A1eZIE1ek",
"text":"",
"mid":"A1gcC2FPU",
"date":"2013-07-22 23:31:06"
},
{
"kids":[
"A1mt73Pq4",
"A1jh9tI9I",
"A1jepyXkJ",
"A1iPaEzm4",
"A1gic2EQp",
"A1ghKickN",
"A1geDCLxf"
],
"uid":"3083021003",
"parent":"",
"text":"",
"mid":"A1gbmCEwS",
"date":"2013-07-22 23:28:03"
},
{
"kids":[],
"uid":"chenyouchun",
"parent":"",
"text":"穿制服吃官粮有靠山的一帮土匪。",
"mid":"A1fRpmjo4",
"date":"2013-07-22 22:38:51"
},
{
"kids":[],
"uid":"1955742000",
"parent":"A1ehbB6ek",
"text":"",
"mid":"A1fRosJxD",
"date":"2013-07-22 22:38:51"
},
{
"kids":[],
"uid":"3212509055",
"parent":"A1eZIE1ek",
"text":"",
"mid":"A1fPJ2DOr",
"date":"2013-07-22 22:34:44"
},
{
"kids":[],
"uid":"1774417622",
"parent":"A1fNi43xm",
"text":"政府形象和公信力全被这群土匪给毁了！",
"mid":"A1fOptrFP",
"date":"2013-07-22 22:31:30"
},
{
"kids":[
"A1fOptrFP"
],
"uid":"2219895321",
"parent":"A1dwHCWqs",
"text":"",
"mid":"A1fNi43xm",
"date":"2013-07-22 22:28:44"
},
{
"kids":[],
"uid":"570494433",
"parent":"A1fmNoVoA",
"text":"很正常他们是合法的黑社会。",
"mid":"A1fMAmc8B",
"date":"2013-07-22 22:26:58"
},
{
"kids":[],
"uid":"2337706451",
"parent":"A1eYKFgG4",
"text":"",
"mid":"A1fJQsbLR",
"date":"2013-07-22 22:20:16"
},
{
"kids":[],
"uid":"1733940421",
"parent":"A1emwwSi8",
"text":"",
"mid":"A1fImd00Q",
"date":"2013-07-22 22:16:35"
},
{
"kids":[],
"uid":"2835232300",
"parent":"A1eX2jYBo",
"text":"好坏呀",
"mid":"A1fFH45Eo",
"date":"2013-07-22 22:09:58"
},
{
"kids":[
"A1gWvB3Ng"
],
"uid":"821037425",
"parent":"A1eZIE1ek",
"text":"",
"mid":"A1fFDsUA4",
"date":"2013-07-22 22:09:54"
},
{
"kids":[],
"uid":"2120658223",
"parent":"A1eZIE1ek",
"text":"一群恶狗",
"mid":"A1fEvt5ym",
"date":"2013-07-22 22:07:06"
},
{
"kids":[],
"uid":"ling823",
"parent":"A1fgs6Xmn",
"text":"不用说，又是一群临时工，实习生，临聘人员呗。还是那句，别以为找个理由，就可以洗刷掉手上的鲜血。",
"mid":"A1fDXvK1g",
"date":"2013-07-22 22:05:44"
},
{
"kids":[],
"uid":"sujian1990",
"parent":"A1eZIE1ek",
"text":"TMD天朝城管就是一群黑社会@国务院公报",
"mid":"A1fBFCWer",
"date":"2013-07-22 22:00:07"
},
{
"kids":[],
"uid":"2203113634",
"parent":"A1fmNoVoA",
"text":"",
"mid":"A1fBgfNyo",
"date":"2013-07-22 21:59:04"
},
{
"kids":[],
"uid":"1656255003",
"parent":"A1fjfzLQW",
"text":"憎恶所有的城管，他们就是一群流氓地痞，就是打手狗腿子，说他们是恐怖组织，真是太抬举了。恐怖组织是全球打击，该死的城管是中国政府养的。我告诉所有我认识的人，就是饿死，也不要去当这没良心、绝八代的城管！！",
"mid":"A1fB8yA2q",
"date":"2013-07-22 21:58:47"
},
{
"kids":[],
"uid":"1224174874",
"parent":"A1eokfABG",
"text":"秤砣该头盔了啊！",
"mid":"A1fAQdJFv",
"date":"2013-07-22 21:58:04"
},
{
"kids":[],
"uid":"2869430652",
"parent":"",
"text":"黑大北京吗？",
"mid":"A1fyCfMIy",
"date":"2013-07-22 21:52:33"
},
{
"kids":[],
"uid":"2829602905",
"parent":"A1eokfABG",
"text":"",
"mid":"A1fy9zsXd",
"date":"2013-07-22 21:51:27"
},
{
"kids":[],
"uid":"1043461233",
"parent":"A1fmNoVoA",
"text":"咋看也不像是政的府组织",
"mid":"A1fxv5O3w",
"date":"2013-07-22 21:49:49"
},
{
"kids":[],
"uid":"1855107735",
"parent":"A1etrhtlY",
"text":"",
"mid":"A1fxmvo25",
"date":"2013-07-22 21:49:29"
},
{
"kids":[],
"uid":"3474920450",
"parent":"A1f2CD24x",
"text":"劈死城管",
"mid":"A1fwGxZHY",
"date":"2013-07-22 21:47:49"
},
{
"kids":[],
"uid":"2675496753",
"parent":"A1fmNoVoA",
"text":"",
"mid":"A1fw77scv",
"date":"2013-07-22 21:46:24"
},
{
"kids":[],
"uid":"1434398354",
"parent":"A1fmNoVoA",
"text":"",
"mid":"A1fvXDN0M",
"date":"2013-07-22 21:46:03"
},
{
"kids":[],
"uid":"rujiaoxiehui",
"parent":"A1e9MpIeP",
"text":"没有忠孝礼义，就是这样。",
"mid":"A1fvguYOL",
"date":"2013-07-22 21:44:19"
},
{
"kids":[],
"uid":"1795328020",
"parent":"A1fmNoVoA",
"text":"",
"mid":"A1ftM2a5A",
"date":"2013-07-22 21:40:39"
},
{
"kids":[],
"uid":"1863875705",
"parent":"",
"text":"",
"mid":"A1ftfvqje",
"date":"2013-07-22 21:39:19"
},
{
"kids":[],
"uid":"1001733181",
"parent":"A1fmNoVoA",
"text":"",
"mid":"A1fsezzs9",
"date":"2013-07-22 21:36:52"
},
{
"kids":[],
"uid":"1883872314",
"parent":"A1enwzu3P",
"text":"",
"mid":"A1frZvgXh",
"date":"2013-07-22 21:36:16"
},
{
"kids":[],
"uid":"2836383395",
"parent":"",
"text":"",
"mid":"A1frCcKzf",
"date":"2013-07-22 21:35:18"
},
{
"kids":[],
"uid":"1876393945",
"parent":"A1fmNoVoA",
"text":"",
"mid":"A1frwffTI",
"date":"2013-07-22 21:35:06"
},
{
"kids":[
"A1grG6S6H"
],
"uid":"sammyfunny",
"parent":"A1exa3TcK",
"text":"",
"mid":"A1frksBsP",
"date":"2013-07-22 21:34:37"
},
{
"kids":[],
"uid":"2913701315",
"parent":"A1fmNoVoA",
"text":"政府拿纳税人的钱,养了一帮疯狗,结果反过来咬主人。。。",
"mid":"A1fqC6ejH",
"date":"2013-07-22 21:32:50"
},
{
"kids":[],
"uid":"1607651117",
"parent":"A1fmNoVoA",
"text":"",
"mid":"A1fqikzxJ",
"date":"2013-07-22 21:32:03"
},
{
"kids":[],
"uid":"3264345582",
"parent":"A1dsCFux4",
"text":"",
"mid":"A1fqa1IzL",
"date":"2013-07-22 21:31:45"
},
{
"kids":[],
"uid":"1876393945",
"parent":"A1fmNoVoA",
"text":"",
"mid":"A1fq48OGm",
"date":"2013-07-22 21:31:32"
},
{
"kids":[],
"uid":"2081623077",
"parent":"A1dKL5t6H",
"text":"",
"mid":"A1fpSk1AW",
"date":"2013-07-22 21:31:01"
},
{
"kids":[],
"uid":"2103674963",
"parent":"A1fmNoVoA",
"text":"强烈建议国家给城管配备枪支弹药，意在方便执法",
"mid":"A1fpBdyrX",
"date":"2013-07-22 21:30:21"
},
{
"kids":[],
"uid":"3537332845",
"parent":"",
"text":"",
"mid":"A1fp6q8bI",
"date":"2013-07-22 21:29:07"
},
{
"kids":[
"A1uUTj8xH"
],
"uid":"lxh18889",
"parent":"A1fmNoVoA",
"text":"城管犹如土匪流氓地痞过街老鼠人人喊打",
"mid":"A1fp5wSWa",
"date":"2013-07-22 21:29:06"
},
{
"kids":[
"A1gttek2t",
"A1gr4x2Lf"
],
"uid":"1940129871",
"parent":"A1fmNoVoA",
"text":"[怒]",
"mid":"A1fp4mJ9a",
"date":"2013-07-22 21:29:03"
},
{
"kids":[],
"uid":"3038245695",
"parent":"A1f3Vg0xN",
"text":"",
"mid":"A1fp1rDPU",
"date":"2013-07-22 21:28:55"
},
{
"kids":[],
"uid":"1629788897",
"parent":"A1fmNoVoA",
"text":"",
"mid":"A1fow78I7",
"date":"2013-07-22 21:27:41"
},
{
"kids":[],
"uid":"3284779695",
"parent":"A1fmNoVoA",
"text":"",
"mid":"A1fositce",
"date":"2013-07-22 21:27:30"
},
{
"kids":[],
"uid":"1864113972",
"parent":"A1fmNoVoA",
"text":"",
"mid":"A1fonh09y",
"date":"2013-07-22 21:27:21"
},
{
"kids":[],
"uid":"1864113972",
"parent":"A1fmNoVoA",
"text":"",
"mid":"A1fnW4KoP",
"date":"2013-07-22 21:26:14"
},
{
"kids":[],
"uid":"2072429122",
"parent":"A1feAj8Lw",
"text":"盖世太保.....",
"mid":"A1fn0sovS",
"date":"2013-07-22 21:23:59"
},
{
"kids":[
"A1uUTj8xH",
"A1gttek2t",
"A1gr4x2Lf",
"A1fMAmc8B",
"A1fBgfNyo",
"A1fxv5O3w",
"A1fw77scv",
"A1fvXDN0M",
"A1ftM2a5A",
"A1fsezzs9",
"A1frwffTI",
"A1fqC6ejH",
"A1fqikzxJ",
"A1fq48OGm",
"A1fpBdyrX",
"A1fp5wSWa",
"A1fp4mJ9a",
"A1fow78I7",
"A1fositce",
"A1fonh09y",
"A1fnW4KoP"
],
"uid":"wutongdaixianglao",
"parent":"A1fjfzLQW",
"text":"",
"mid":"A1fmNoVoA",
"date":"2013-07-22 21:23:26"
},
{
"kids":[],
"uid":"2775711215",
"parent":"A1eokfABG",
"text":"",
"mid":"A1fm0D2eR",
"date":"2013-07-22 21:21:31"
},
{
"kids":[],
"uid":"3315045351",
"parent":"A1fjfzLQW",
"text":"国家应该大力反恐，打击这些恐怖势力",
"mid":"A1fl0CXfR",
"date":"2013-07-22 21:19:04"
},
{
"kids":[],
"uid":"1841024831",
"parent":"A1eZIE1ek",
"text":"疯了，疯子！",
"mid":"A1fkXEYKv",
"date":"2013-07-22 21:18:55"
},
{
"kids":[],
"uid":"2677923695",
"parent":"A1eokfABG",
"text":"",
"mid":"A1fkqxUh3",
"date":"2013-07-22 21:17:38"
},
{
"kids":[
"A1uUTj8xH",
"A1h4hxuSh",
"A1gttek2t",
"A1gr4x2Lf",
"A1fMAmc8B",
"A1fBgfNyo",
"A1fB8yA2q",
"A1fxv5O3w",
"A1fw77scv",
"A1fvXDN0M",
"A1ftM2a5A",
"A1fsezzs9",
"A1frwffTI",
"A1fqC6ejH",
"A1fqikzxJ",
"A1fq48OGm",
"A1fpBdyrX",
"A1fp5wSWa",
"A1fp4mJ9a",
"A1fow78I7",
"A1fositce",
"A1fonh09y",
"A1fnW4KoP",
"A1fmNoVoA",
"A1fl0CXfR"
],
"uid":"tangyinuo",
"parent":"A1eV7evWP",
"text":"首都城管起到了积极的模范带头作用！百姓吃不起饭，国家不管，自己干点小营生得以命相搏！",
"mid":"A1fjfzLQW",
"date":"2013-07-22 21:14:42"
},
{
"kids":[],
"uid":"njmaodi",
"parent":"A1d4t8Ba6",
"text":"",
"mid":"A1fiDae0f",
"date":"2013-07-22 21:13:11"
},
{
"kids":[],
"uid":"lawyermfz",
"parent":"A1eV7evWP",
"text":"",
"mid":"A1fhpwT7f",
"date":"2013-07-22 21:10:11"
},
{
"kids":[],
"uid":"smartkane",
"parent":"A1eZIE1ek",
"text":"帝都城管不甘屈居人后啊",
"mid":"A1fh6AR2s",
"date":"2013-07-22 21:09:26"
},
{
"kids":[
"A1fDXvK1g"
],
"uid":"nicholasiscoming",
"parent":"",
"text":"",
"mid":"A1fgs6Xmn",
"date":"2013-07-22 21:07:50"
},
{
"kids":[],
"uid":"yeebing",
"parent":"",
"text":"这制服貌似不是城管吧？！我瞅着像保安。",
"mid":"A1ffFmX0d",
"date":"2013-07-22 21:05:54"
},
{
"kids":[
"A1fn0sovS"
],
"uid":"208989093",
"parent":"",
"text":"",
"mid":"A1feAj8Lw",
"date":"2013-07-22 21:03:13"
},
{
"kids":[],
"uid":"2685574275",
"parent":"A1f8ayoiS",
"text":"这里头有问题是有重大问题！连续发生这象是有组织、有预谋的！不是假城管，被挨打的就是假好人！彻查！@人民日报@求是理论网",
"mid":"A1fempCq3",
"date":"2013-07-22 21:02:38"
},
{
"kids":[],
"uid":"2138143752",
"parent":"A1eZIE1ek",
"text":"",
"mid":"A1fdK1HvO",
"date":"2013-07-22 21:01:08"
},
{
"kids":[],
"uid":"yeyuansheng",
"parent":"",
"text":"黑手党",
"mid":"A1fdBFGPI",
"date":"2013-07-22 21:00:50"
},
{
"kids":[],
"uid":"2803826161",
"parent":"A1ez8qw8r",
"text":"实在看不下去",
"mid":"A1faN7P4a",
"date":"2013-07-22 20:53:53"
},
{
"kids":[],
"uid":"1549403641",
"parent":"A1eZIE1ek",
"text":"求真像@平安北京",
"mid":"A1f9OcBTb",
"date":"2013-07-22 20:51:28"
},
{
"kids":[],
"uid":"lichaoyang0618",
"parent":"A1f22zAcU",
"text":"",
"mid":"A1f8B9Pzk",
"date":"2013-07-22 20:48:27"
},
{
"kids":[],
"uid":"wangkangbest",
"parent":"A1e9MpIeP",
"text":"少数人的牺牲能换来彻底的改革么",
"mid":"A1f8AhjtX",
"date":"2013-07-22 20:48:26"
},
{
"kids":[
"A1fempCq3"
],
"uid":"3274455423",
"parent":"A1eTYjzR9",
"text":"渌江钓翁: 城管的职责可能是以消灭弱势群众为已任.谁困难地生活,城管就叫你无法活.",
"mid":"A1f8ayoiS",
"date":"2013-07-22 20:47:26"
},
{
"kids":[],
"uid":"1848599751",
"parent":"A1exa3TcK",
"text":"",
"mid":"A1f7YqPcN",
"date":"2013-07-22 20:46:59"
},
{
"kids":[],
"uid":"1557461052",
"parent":"A1f0B1kch",
"text":"",
"mid":"A1f7Jo6rc",
"date":"2013-07-22 20:46:21"
},
{
"kids":[],
"uid":"wf304808726",
"parent":"A1eZIE1ek",
"text":"北京，北京，天子脚下，恶性阿",
"mid":"A1f7uzPE1",
"date":"2013-07-22 20:45:46"
},
{
"kids":[],
"uid":"1230680220",
"parent":"A1dXFwDUq",
"text":"",
"mid":"A1f7nuj05",
"date":"2013-07-22 20:45:29"
},
{
"kids":[],
"uid":"1991894135",
"parent":"A1eokfABG",
"text":"",
"mid":"A1f6aqAvN",
"date":"2013-07-22 20:42:30"
},
{
"kids":[],
"uid":"1848689325",
"parent":"A1eZIE1ek",
"text":"这到底是一个什么样的社会！",
"mid":"A1f5t0b8S",
"date":"2013-07-22 20:40:45"
},
{
"kids":[],
"uid":"happyvictor",
"parent":"A1eZIE1ek",
"text":"",
"mid":"A1f5jfRj7",
"date":"2013-07-22 20:40:23"
},
{
"kids":[],
"uid":"338989994",
"parent":"A1f22zAcU",
"text":"挺纳闷，怎么就没人管！",
"mid":"A1f4byxAc",
"date":"2013-07-22 20:37:37"
},
{
"kids":[],
"uid":"2267572242",
"parent":"A1eokfABG",
"text":"流氓组织.",
"mid":"A1f4a4iSX",
"date":"2013-07-22 20:37:33"
},
{
"kids":[
"A1fp1rDPU"
],
"uid":"1678069005",
"parent":"A1eokfABG",
"text":"全世界人民痛恨的恐怖组织。是谁成立了这个世界最大的，最残暴的恐怖组织？这个幕后黑头目是谁？",
"mid":"A1f3Vg0xN",
"date":"2013-07-22 20:37:01"
},
{
"kids":[],
"uid":"2356435845",
"parent":"A1eZIE1ek",
"text":"城管要把这条破船彻底击沉？老大为何视而不见？",
"mid":"A1f3h4yfp",
"date":"2013-07-22 20:35:22"
},
{
"kids":[],
"uid":"1911519537",
"parent":"A1eZIE1ek",
"text":"北京城管也不落人后",
"mid":"A1f2Khc2A",
"date":"2013-07-22 20:34:03"
},
{
"kids":[
"A1fwGxZHY"
],
"uid":"721232444",
"parent":"A1eZIE1ek",
"text":"他们能火吗?",
"mid":"A1f2CD24x",
"date":"2013-07-22 20:33:46"
},
{
"kids":[],
"uid":"suclelin",
"parent":"A1eZIE1ek",
"text":"",
"mid":"A1f24lwO6",
"date":"2013-07-22 20:32:22"
},
{
"kids":[
"A1f8B9Pzk",
"A1f4byxAc"
],
"uid":"338989994",
"parent":"A1eZIE1ek",
"text":"#城管暴行随手拍#，我们在行动，走起！@邓飞 @刘春 @安徽出版王亚非 @陈里",
"mid":"A1f22zAcU",
"date":"2013-07-22 20:32:20"
},
{
"kids":[],
"uid":"1096565793",
"parent":"A1eZIE1ek",
"text":"",
"mid":"A1f1UAdKY",
"date":"2013-07-22 20:31:59"
},
{
"kids":[],
"uid":"2645832242",
"parent":"A1eV7evWP",
"text":"",
"mid":"A1f1czBdH",
"date":"2013-07-22 20:30:17"
},
{
"kids":[
"A1f7Jo6rc"
],
"uid":"wandream",
"parent":"A1eZIE1ek",
"text":"",
"mid":"A1f0B1kch",
"date":"2013-07-22 20:28:45"
},
{
"kids":[],
"uid":"3075982023",
"parent":"A1eZIE1ek",
"text":"",
"mid":"A1f0apnCE",
"date":"2013-07-22 20:27:44"
},
{
"kids":[
"A1gWvB3Ng",
"A1gcC2FPU",
"A1fPJ2DOr",
"A1fFDsUA4",
"A1fEvt5ym",
"A1fBFCWer",
"A1fwGxZHY",
"A1fkXEYKv",
"A1fh6AR2s",
"A1fdK1HvO",
"A1f9OcBTb",
"A1f8B9Pzk",
"A1f7Jo6rc",
"A1f7uzPE1",
"A1f5t0b8S",
"A1f5jfRj7",
"A1f4byxAc",
"A1f3h4yfp",
"A1f2Khc2A",
"A1f2CD24x",
"A1f24lwO6",
"A1f22zAcU",
"A1f1UAdKY",
"A1f0B1kch",
"A1f0apnCE"
],
"uid":"wanghaibo100",
"parent":"",
"text":"北京，北京！",
"mid":"A1eZIE1ek",
"date":"2013-07-22 20:26:35"
},
{
"kids":[],
"uid":"272222842",
"parent":"A1eV7evWP",
"text":"",
"mid":"A1eZlkkSY",
"date":"2013-07-22 20:25:39"
},
{
"kids":[],
"uid":"518875012",
"parent":"A1eV7evWP",
"text":"",
"mid":"A1eZa47tz",
"date":"2013-07-22 20:25:14"
},
{
"kids":[],
"uid":"3239360687",
"parent":"A1eV7evWP",
"text":"",
"mid":"A1eYLxcAm",
"date":"2013-07-22 20:24:16"
},
{
"kids":[
"A1fJQsbLR"
],
"uid":"2013482153",
"parent":"A1eV7evWP",
"text":"解散这邪恶的组织！",
"mid":"A1eYKFgG4",
"date":"2013-07-22 20:24:14"
},
{
"kids":[],
"uid":"2504429447",
"parent":"A1eV7evWP",
"text":"刚遇到两个冷漠的二逼,认为城管遇到抵抗,就要暴力执法,可尼玛那是个老太太啊,咋就象阶级敌人那样镇压式暴力啊",
"mid":"A1eYbduzq",
"date":"2013-07-22 20:22:49"
},
{
"kids":[],
"uid":"1913731394",
"parent":"A1enwzu3P",
"text":"",
"mid":"A1eXWpHqs",
"date":"2013-07-22 20:22:14"
},
{
"kids":[],
"uid":"andyxiaoqiang",
"parent":"A1eV7evWP",
"text":"天子脚下，岂敢乱来，法海，快收了这帮畜生生的",
"mid":"A1eXxlYzf",
"date":"2013-07-22 20:21:14"
},
{
"kids":[],
"uid":"3214589187",
"parent":"A1eV7evWP",
"text":"",
"mid":"A1eXqvFhM",
"date":"2013-07-22 20:20:57"
},
{
"kids":[],
"uid":"wumaoyi",
"parent":"",
"text":"好人干不了这个，几乎全部是些混混，地痞流氓！",
"mid":"A1eX6oSMI",
"date":"2013-07-22 20:20:11"
},
{
"kids":[
"A1fFH45Eo"
],
"uid":"2198668764",
"parent":"A1eV7evWP",
"text":"",
"mid":"A1eX2jYBo",
"date":"2013-07-22 20:19:58"
},
{
"kids":[],
"uid":"3130748967",
"parent":"A1eokfABG",
"text":"同问这是个什么组织?",
"mid":"A1eWT74HS",
"date":"2013-07-22 20:19:37"
},
{
"kids":[],
"uid":"ccssr",
"parent":"A1dzmucVV",
"text":"@任志强 @李开复",
"mid":"A1eWvaL8W",
"date":"2013-07-22 20:18:41"
},
{
"kids":[
"A1jrhoCbb"
],
"uid":"2131299543",
"parent":"A1e12cT1j",
"text":"",
"mid":"A1eWuknN6",
"date":"2013-07-22 20:18:39"
},
{
"kids":[],
"uid":"678520644",
"parent":"",
"text":"这个社会啊······人心都是怎么了？？",
"mid":"A1eVq7NB7",
"date":"2013-07-22 20:15:59"
},
{
"kids":[
"A1uUTj8xH",
"A1h4hxuSh",
"A1gttek2t",
"A1gr4x2Lf",
"A1fMAmc8B",
"A1fJQsbLR",
"A1fFH45Eo",
"A1fBgfNyo",
"A1fB8yA2q",
"A1fxv5O3w",
"A1fw77scv",
"A1fvXDN0M",
"A1ftM2a5A",
"A1fsezzs9",
"A1frwffTI",
"A1fqC6ejH",
"A1fqikzxJ",
"A1fq48OGm",
"A1fpBdyrX",
"A1fp5wSWa",
"A1fp4mJ9a",
"A1fow78I7",
"A1fositce",
"A1fonh09y",
"A1fnW4KoP",
"A1fmNoVoA",
"A1fl0CXfR",
"A1fjfzLQW",
"A1fhpwT7f",
"A1f1czBdH",
"A1eZlkkSY",
"A1eZa47tz",
"A1eYLxcAm",
"A1eYKFgG4",
"A1eYbduzq",
"A1eXxlYzf",
"A1eXqvFhM",
"A1eX2jYBo"
],
"uid":"2900402587",
"parent":"A1cL29WhB",
"text":".",
"mid":"A1eV7evWP",
"date":"2013-07-22 20:15:13"
},
{
"kids":[],
"uid":"2139630935",
"parent":"A1enwzu3P",
"text":"",
"mid":"A1eUwgp4V",
"date":"2013-07-22 20:13:48"
},
{
"kids":[],
"uid":"2274625632",
"parent":"A1dXFwDUq",
"text":"",
"mid":"A1eU2pps0",
"date":"2013-07-22 20:12:35"
},
{
"kids":[
"A1fempCq3",
"A1f8ayoiS"
],
"uid":"2685574275",
"parent":"A1eQq84kL",
"text":"@求是理论网@人民日报@新华社 这几天连续发生城管打人事件，我怀疑不是真城管所为，可能是个黑社会组织，请记者跟随公安部的同志尽快下去查一下，这究竟是怎么回事？！",
"mid":"A1eTYjzR9",
"date":"2013-07-22 20:12:27"
},
{
"kids":[],
"uid":"1962173601",
"parent":"A1eokfABG",
"text":"",
"mid":"A1eRUkok9",
"date":"2013-07-22 20:07:22"
},
{
"kids":[
"A1fempCq3",
"A1f8ayoiS",
"A1eTYjzR9"
],
"uid":"1513705924",
"parent":"A1eokfABG",
"text":"",
"mid":"A1eQq84kL",
"date":"2013-07-22 20:03:42"
},
{
"kids":[],
"uid":"ttrend",
"parent":"",
"text":"",
"mid":"A1ePnrTxO",
"date":"2013-07-22 20:01:05"
},
{
"kids":[],
"uid":"3165728037",
"parent":"A1e12cT1j",
"text":"",
"mid":"A1eOOxjzv",
"date":"2013-07-22 19:59:45"
},
{
"kids":[],
"uid":"1432446911",
"parent":"A1ekAiz8u",
"text":"今天终于亲眼见到了城管暴力执法--土匪",
"mid":"A1eOzuaz5",
"date":"2013-07-22 19:59:10"
},
{
"kids":[],
"uid":"1913108427",
"parent":"A1emwwSi8",
"text":"",
"mid":"A1eO4aJUf",
"date":"2013-07-22 19:57:55"
},
{
"kids":[],
"uid":"bzfbee",
"parent":"A1exa3TcK",
"text":"",
"mid":"A1eNWspzb",
"date":"2013-07-22 19:57:36"
},
{
"kids":[],
"uid":"2823135483",
"parent":"A1eokfABG",
"text":"城管=土匪？！",
"mid":"A1eNs2dkH",
"date":"2013-07-22 19:56:23"
},
{
"kids":[],
"uid":"2230014077",
"parent":"A1ehbB6ek",
"text":"",
"mid":"A1eMmp8uF",
"date":"2013-07-22 19:53:39"
},
{
"kids":[],
"uid":"2814482965",
"parent":"",
"text":"",
"mid":"A1eM8wqP8",
"date":"2013-07-22 19:53:09"
},
{
"kids":[],
"uid":"2764994982",
"parent":"A1eokfABG",
"text":"今天终于亲眼见到了城管暴力执法，真是往死里打啊！一群年轻力壮的城管围殴一个板车小贩，而且下死手，根本不管是不是要害。发博当事人还称：地点就西直门。我手机差点被砸。",
"mid":"A1eLW4Aqu",
"date":"2013-07-22 19:52:37"
},
{
"kids":[],
"uid":"2360896170",
"parent":"A1eokfABG",
"text":"",
"mid":"A1eLuzi2W",
"date":"2013-07-22 19:51:31"
},
{
"kids":[],
"uid":"2769356217",
"parent":"",
"text":"帝都尚且如此。",
"mid":"A1eL6nEAj",
"date":"2013-07-22 19:50:37"
},
{
"kids":[],
"uid":"2926510012",
"parent":"A1eGr6Bqz",
"text":"",
"mid":"A1eKatLkc",
"date":"2013-07-22 19:48:16"
},
{
"kids":[],
"uid":"3225543832",
"parent":"A1eI8zwJB",
"text":"",
"mid":"A1eJLl3Y6",
"date":"2013-07-22 19:47:18"
},
{
"kids":[
"A1eJLl3Y6"
],
"uid":"3514484260",
"parent":"A1eokfABG",
"text":"",
"mid":"A1eI8zwJB",
"date":"2013-07-22 19:43:18"
},
{
"kids":[],
"uid":"1109113217",
"parent":"A1ezl7Unv",
"text":"",
"mid":"A1eI6xtLF",
"date":"2013-07-22 19:43:10"
},
{
"kids":[],
"uid":"3630392125",
"parent":"A1exnCZAD",
"text":"",
"mid":"A1eGLvBXx",
"date":"2013-07-22 19:39:53"
},
{
"kids":[],
"uid":"3117438190",
"parent":"A1eokfABG",
"text":"混蛋组织",
"mid":"A1eGIyg3l",
"date":"2013-07-22 19:39:46"
},
{
"kids":[
"A1eKatLkc"
],
"uid":"1635724097",
"parent":"A1eokfABG",
"text":"学习临武好榜样？",
"mid":"A1eGr6Bqz",
"date":"2013-07-22 19:39:04"
},
{
"kids":[],
"uid":"3017428625",
"parent":"A1ehbB6ek",
"text":"只想说八国联军快快来",
"mid":"A1eGg9ort",
"date":"2013-07-22 19:38:40"
},
{
"kids":[],
"uid":"2576310550",
"parent":"A1eokfABG",
"text":"",
"mid":"A1eFUh0c2",
"date":"2013-07-22 19:37:48"
},
{
"kids":[],
"uid":"yangshihao1818",
"parent":"A1exA6MTh",
"text":"",
"mid":"A1eEZg3vK",
"date":"2013-07-22 19:35:29"
},
{
"kids":[],
"uid":"008linglingba",
"parent":"",
"text":"",
"mid":"A1eEtkZN4",
"date":"2013-07-22 19:34:16"
},
{
"kids":[
"A274TC9gM"
],
"uid":"323727575",
"parent":"A1eokfABG",
"text":"這是羣沒有家教沒有父母的心裡變態人的組織[怒]",
"mid":"A1eDgywZD",
"date":"2013-07-22 19:31:17"
},
{
"kids":[],
"uid":"1056489074",
"parent":"",
"text":"",
"mid":"A1eDbiE1j",
"date":"2013-07-22 19:31:06"
},
{
"kids":[],
"uid":"2841199427",
"parent":"A1ehbB6ek",
"text":"中国的盖世太保",
"mid":"A1eCXoNR8",
"date":"2013-07-22 19:30:31"
},
{
"kids":[],
"uid":"cloudfinance",
"parent":"A1eokfABG",
"text":"",
"mid":"A1eAZ4E1j",
"date":"2013-07-22 19:25:38"
},
{
"kids":[],
"uid":"3197987504",
"parent":"A1e6zdMyW",
"text":"",
"mid":"A1ezZzZA8",
"date":"2013-07-22 19:23:12"
},
{
"kids":[
"A1eI6xtLF"
],
"uid":"1834874973",
"parent":"A1e12cT1j",
"text":"",
"mid":"A1ezl7Unv",
"date":"2013-07-22 19:21:34"
},
{
"kids":[
"A1gZZApPq",
"A1faN7P4a"
],
"uid":"1916341357",
"parent":"A1exa3TcK",
"text":"",
"mid":"A1ez8qw8r",
"date":"2013-07-22 19:21:04"
},
{
"kids":[
"A1eEZg3vK"
],
"uid":"1646701993",
"parent":"A1emwwSi8",
"text":"把城管全部送到钓鱼岛，只是送给日本人一些人肉靶子而已！@宋成均:",
"mid":"A1exA6MTh",
"date":"2013-07-22 19:17:16"
},
{
"kids":[
"A1eGLvBXx"
],
"uid":"3145748070",
"parent":"A1do9xEJr",
"text":"",
"mid":"A1exnCZAD",
"date":"2013-07-22 19:16:48"
},
{
"kids":[
"A1gZZApPq",
"A1grG6S6H",
"A1frksBsP",
"A1faN7P4a",
"A1f7YqPcN",
"A1eNWspzb",
"A1ez8qw8r"
],
"uid":"209578282",
"parent":"A1etrhtlY",
"text":"这不是维护人民的利益了。[怒]",
"mid":"A1exa3TcK",
"date":"2013-07-22 19:16:15"
},
{
"kids":[],
"uid":"2683297643",
"parent":"A1eokfABG",
"text":"光天化曰之下＂合法＂行凶，无法无天!",
"mid":"A1ewyxTPA",
"date":"2013-07-22 19:14:44"
},
{
"kids":[],
"uid":"2663773193",
"parent":"A1efJc7ng",
"text":"[怒][怒][怒]这个社会简直丢死人了。。",
"mid":"A1ev8vH9L",
"date":"2013-07-22 19:11:14"
},
{
"kids":[],
"uid":"2641178557",
"parent":"A1ekAiz8u",
"text":"",
"mid":"A1eu38I0Y",
"date":"2013-07-22 19:08:34"
},
{
"kids":[],
"uid":"2025889795",
"parent":"",
"text":"咬人的狗",
"mid":"A1etKaU2c",
"date":"2013-07-22 19:07:48"
},
{
"kids":[],
"uid":"2827159471",
"parent":"A1e12cT1j",
"text":"",
"mid":"A1etG5DZX",
"date":"2013-07-22 19:07:39"
},
{
"kids":[
"A1gZZApPq",
"A1grG6S6H",
"A1fxmvo25",
"A1frksBsP",
"A1faN7P4a",
"A1f7YqPcN",
"A1eNWspzb",
"A1ez8qw8r",
"A1exa3TcK"
],
"uid":"2245475751",
"parent":"A1eqWcbNn",
"text":"",
"mid":"A1etrhtlY",
"date":"2013-07-22 19:07:05"
},
{
"kids":[],
"uid":"312226702",
"parent":"A1eokfABG",
"text":"流氓混混转正职的好地方",
"mid":"A1erUp7vQ",
"date":"2013-07-22 19:03:20"
},
{
"kids":[
"A1gZZApPq",
"A1grG6S6H",
"A1fxmvo25",
"A1frksBsP",
"A1faN7P4a",
"A1f7YqPcN",
"A1eNWspzb",
"A1ez8qw8r",
"A1exa3TcK",
"A1etrhtlY"
],
"uid":"2702407712",
"parent":"A1eokfABG",
"text":"黑社会？",
"mid":"A1eqWcbNn",
"date":"2013-07-22 19:00:55"
},
{
"kids":[],
"uid":"xazhangyuxi",
"parent":"A1ehbB6ek",
"text":"",
"mid":"A1eoJDF6q",
"date":"2013-07-22 18:55:29"
},
{
"kids":[
"A274TC9gM",
"A1hBrxSr4",
"A1gZZApPq",
"A1grG6S6H",
"A1fAQdJFv",
"A1fy9zsXd",
"A1fxmvo25",
"A1frksBsP",
"A1fp1rDPU",
"A1fm0D2eR",
"A1fkqxUh3",
"A1fempCq3",
"A1faN7P4a",
"A1f8ayoiS",
"A1f7YqPcN",
"A1f6aqAvN",
"A1f4a4iSX",
"A1f3Vg0xN",
"A1eWT74HS",
"A1eTYjzR9",
"A1eRUkok9",
"A1eQq84kL",
"A1eNWspzb",
"A1eNs2dkH",
"A1eLW4Aqu",
"A1eLuzi2W",
"A1eKatLkc",
"A1eJLl3Y6",
"A1eI8zwJB",
"A1eGIyg3l",
"A1eGr6Bqz",
"A1eFUh0c2",
"A1eDgywZD",
"A1eAZ4E1j",
"A1ez8qw8r",
"A1exa3TcK",
"A1ewyxTPA",
"A1etrhtlY",
"A1erUp7vQ",
"A1eqWcbNn"
],
"uid":"2709954084",
"parent":"",
"text":"这是一个什么样的组织？",
"mid":"A1eokfABG",
"date":"2013-07-22 18:54:26"
},
{
"kids":[
"A1frZvgXh",
"A1eXWpHqs",
"A1eUwgp4V"
],
"uid":"1410109651",
"parent":"A1emwwSi8",
"text":"北京?",
"mid":"A1enwzu3P",
"date":"2013-07-22 18:52:30"
},
{
"kids":[
"A1fImd00Q",
"A1frZvgXh",
"A1eXWpHqs",
"A1eUwgp4V",
"A1eO4aJUf",
"A1eEZg3vK",
"A1exA6MTh",
"A1enwzu3P"
],
"uid":"sczjls",
"parent":"A1ekAiz8u",
"text":"",
"mid":"A1emwwSi8",
"date":"2013-07-22 18:50:02"
},
{
"kids":[],
"uid":"3344736094",
"parent":"A1e12cT1j",
"text":"",
"mid":"A1emesHoB",
"date":"2013-07-22 18:49:19"
},
{
"kids":[],
"uid":"2367026632",
"parent":"A1ekAiz8u",
"text":"→",
"mid":"A1elK4Vre",
"date":"2013-07-22 18:48:07"
},
{
"kids":[],
"uid":"2350913995",
"parent":"A1e12cT1j",
"text":"",
"mid":"A1el5B15m",
"date":"2013-07-22 18:46:31"
},
{
"kids":[],
"uid":"2946676403",
"parent":"A1dSo88XF",
"text":"",
"mid":"A1ekDxwbs",
"date":"2013-07-22 18:45:22"
},
{
"kids":[
"A1fImd00Q",
"A1frZvgXh",
"A1eXWpHqs",
"A1eUwgp4V",
"A1eOzuaz5",
"A1eO4aJUf",
"A1eEZg3vK",
"A1exA6MTh",
"A1eu38I0Y",
"A1enwzu3P",
"A1emwwSi8",
"A1elK4Vre"
],
"uid":"1115136811",
"parent":"A1d4nyMJC",
"text":"",
"mid":"A1ekAiz8u",
"date":"2013-07-22 18:45:15"
},
{
"kids":[],
"uid":"1902686565",
"parent":"A1eg5m0Ct",
"text":"/@临时工119:",
"mid":"A1ekhFe7c",
"date":"2013-07-22 18:44:31"
},
{
"kids":[],
"uid":"2272596262",
"parent":"A1dsurGxY",
"text":"",
"mid":"A1ejU0MDQ",
"date":"2013-07-22 18:43:35"
},
{
"kids":[],
"uid":"3205218714",
"parent":"A1e12cT1j",
"text":"",
"mid":"A1ejFfBmH",
"date":"2013-07-22 18:43:00"
},
{
"kids":[
"A1fRosJxD",
"A1eMmp8uF",
"A1eGg9ort",
"A1eCXoNR8",
"A1eoJDF6q"
],
"uid":"272220222",
"parent":"A1egLiZql",
"text":"",
"mid":"A1ehbB6ek",
"date":"2013-07-22 18:36:55"
},
{
"kids":[
"A1nt02VUl",
"A1jEI8AlI"
],
"uid":"1517958942",
"parent":"A1e12cT1j",
"text":"我一直奇怪，城管中就没有家里有亲人摆小摊的吗？权贵们一下令，照样下手打？",
"mid":"A1eh85EXT",
"date":"2013-07-22 18:36:43"
},
{
"kids":[
"A1fRosJxD",
"A1eMmp8uF",
"A1eGg9ort",
"A1eCXoNR8",
"A1eoJDF6q",
"A1ehbB6ek"
],
"uid":"1730755630",
"parent":"A1eg5m0Ct",
"text":"图象是北京打小偷。",
"mid":"A1egLiZql",
"date":"2013-07-22 18:35:49"
},
{
"kids":[
"A1fRosJxD",
"A1eMmp8uF",
"A1eGg9ort",
"A1eCXoNR8",
"A1eoJDF6q",
"A1ekhFe7c",
"A1ehbB6ek",
"A1egLiZql"
],
"uid":"571846868",
"parent":"A1e12cT1j",
"text":"",
"mid":"A1eg5m0Ct",
"date":"2013-07-22 18:34:11"
},
{
"kids":[],
"uid":"1980371031",
"parent":"A1e12cT1j",
"text":"",
"mid":"A1efM5DoZ",
"date":"2013-07-22 18:33:24"
},
{
"kids":[
"A1ev8vH9L"
],
"uid":"2682420605",
"parent":"",
"text":"城管就是流氓地痞！",
"mid":"A1efJc7ng",
"date":"2013-07-22 18:33:16"
},
{
"kids":[],
"uid":"aliang89",
"parent":"A1e7FtY6d",
"text":"",
"mid":"A1efkknll",
"date":"2013-07-22 18:32:18"
},
{
"kids":[],
"uid":"1685238797",
"parent":"A1e6zdMyW",
"text":"",
"mid":"A1edxxFkY",
"date":"2013-07-22 18:27:53"
},
{
"kids":[],
"uid":"2490266113",
"parent":"",
"text":"",
"mid":"A1ed2dSme",
"date":"2013-07-22 18:26:40"
},
{
"kids":[],
"uid":"2382671295",
"parent":"A1dVwhLm2",
"text":"",
"mid":"A1ecufUdO",
"date":"2013-07-22 18:25:19"
},
{
"kids":[],
"uid":"2265959882",
"parent":"A1cVTyJJZ",
"text":"",
"mid":"A1eaqz0Gh",
"date":"2013-07-22 18:20:14"
},
{
"kids":[],
"uid":"guoyanan1226",
"parent":"A1dXFwDUq",
"text":"越是风口浪尖儿越嚣张！成心！",
"mid":"A1eapEVCs",
"date":"2013-07-22 18:20:14"
},
{
"kids":[
"A1fvguYOL",
"A1f8AhjtX"
],
"uid":"1720962780",
"parent":"A1dsurGxY",
"text":"",
"mid":"A1e9MpIeP",
"date":"2013-07-22 18:18:37"
},
{
"kids":[],
"uid":"208135356",
"parent":"A1dXFwDUq",
"text":"",
"mid":"A1e8Xwb0Z",
"date":"2013-07-22 18:16:39"
},
{
"kids":[],
"uid":"2041695793",
"parent":"A1e6zdMyW",
"text":"",
"mid":"A1e8RjTNl",
"date":"2013-07-22 18:16:23"
},
{
"kids":[],
"uid":"1977622907",
"parent":"A1cSscnBV",
"text":"",
"mid":"A1e7ZgICU",
"date":"2013-07-22 18:14:14"
},
{
"kids":[
"A1efkknll"
],
"uid":"2194641811",
"parent":"A1e77sP1c",
"text":"",
"mid":"A1e7FtY6d",
"date":"2013-07-22 18:13:25"
},
{
"kids":[
"A1efkknll",
"A1e7FtY6d"
],
"uid":"aliang89",
"parent":"",
"text":"[怒]",
"mid":"A1e77sP1c",
"date":"2013-07-22 18:12:06"
},
{
"kids":[
"A1ezZzZA8",
"A1edxxFkY",
"A1e8RjTNl"
],
"uid":"3145748070",
"parent":"",
"text":"城管已是彻头彻尾的打手组织，是政府豢养专咬穷人的疯狗。",
"mid":"A1e6zdMyW",
"date":"2013-07-22 18:10:44"
},
{
"kids":[],
"uid":"3317751691",
"parent":"",
"text":"",
"mid":"A1e5ADvh6",
"date":"2013-07-22 18:08:18"
},
{
"kids":[],
"uid":"3374127942",
"parent":"A1dw3rtS6",
"text":"沉默",
"mid":"A1e4HoEfH",
"date":"2013-07-22 18:06:07"
},
{
"kids":[],
"uid":"1831475350",
"parent":"A1cSscnBV",
"text":"",
"mid":"A1e3XhLQJ",
"date":"2013-07-22 18:04:18"
},
{
"kids":[],
"uid":"2686260215",
"parent":"A1cvctLss",
"text":"",
"mid":"A1e3Qtcms",
"date":"2013-07-22 18:04:02"
},
{
"kids":[],
"uid":"2996750365",
"parent":"A1dVwhLm2",
"text":"",
"mid":"A1e3oaahS",
"date":"2013-07-22 18:02:52"
},
{
"kids":[],
"uid":"2411213091",
"parent":"A1e1vFz2n",
"text":"对待敌人要象秋风扫落叶的无情。[汗]",
"mid":"A1e2ZC6jA",
"date":"2013-07-22 18:01:54"
},
{
"kids":[],
"uid":"1634778711",
"parent":"A1dVwhLm2",
"text":"",
"mid":"A1e2on0ur",
"date":"2013-07-22 18:00:27"
},
{
"kids":[
"A1e2ZC6jA"
],
"uid":"1948972902",
"parent":"A1dRfeGj1",
"text":"",
"mid":"A1e1vFz2n",
"date":"2013-07-22 17:58:18"
},
{
"kids":[
"A1nt02VUl",
"A1jEI8AlI",
"A1jrhoCbb",
"A1fRosJxD",
"A1eWuknN6",
"A1eOOxjzv",
"A1eMmp8uF",
"A1eI6xtLF",
"A1eGg9ort",
"A1eCXoNR8",
"A1ezl7Unv",
"A1etG5DZX",
"A1eoJDF6q",
"A1emesHoB",
"A1el5B15m",
"A1ekhFe7c",
"A1ejFfBmH",
"A1ehbB6ek",
"A1eh85EXT",
"A1egLiZql",
"A1eg5m0Ct",
"A1efM5DoZ"
],
"uid":"2822104704",
"parent":"A1dsurGxY",
"text":"",
"mid":"A1e12cT1j",
"date":"2013-07-22 17:57:05"
},
{
"kids":[],
"uid":"1903401093",
"parent":"A1cNE5y8q",
"text":"他们本来就是穿着制服的土匪",
"mid":"A1e11wYd7",
"date":"2013-07-22 17:57:05"
},
{
"kids":[],
"uid":"12889812",
"parent":"A1dV0CA7k",
"text":"多年前見過城管群毆一個年輕人，那人雙手抱樹,幾個城管拽著他的腿往外拉，身子就橫過來了，再一個城管拿鞋跟在那人手上狠踢兩腳，那人的臉就戕在地上，然後抱腿的城管一陣歡呼，紛紛撒手一通狂踹啊。從城管們的腿縫中我依稀看到那人無助的眼神，印象深刻。我差點嚇尿了啊。我媽看不下去，拉我走開了。",
"mid":"A1e0mcspD",
"date":"2013-07-22 17:55:27"
},
{
"kids":[],
"uid":"xiaoxiaowenyi",
"parent":"",
"text":"",
"mid":"A1dZOeKDf",
"date":"2013-07-22 17:54:05"
},
{
"kids":[],
"uid":"1241958092",
"parent":"",
"text":"@天网14",
"mid":"A1dYxzJ1l",
"date":"2013-07-22 17:50:58"
},
{
"kids":[
"A1f7nuj05",
"A1eU2pps0",
"A1eapEVCs",
"A1e8Xwb0Z"
],
"uid":"dong1117",
"parent":"A1dVdDx7e",
"text":"就是一群欺软怕硬的货，有种抄那些卖切糕的去，早拿刀砍你们丫的了。。。",
"mid":"A1dXFwDUq",
"date":"2013-07-22 17:48:48"
},
{
"kids":[],
"uid":"hemao1037312335",
"parent":"A1dVdDx7e",
"text":"",
"mid":"A1dWvponA",
"date":"2013-07-22 17:45:55"
},
{
"kids":[
"A1hUplBVu",
"A1ecufUdO",
"A1e3oaahS",
"A1e2on0ur"
],
"uid":"3207443165",
"parent":"A1dUX7CXG",
"text":"真得引暴地球吗，亲",
"mid":"A1dVwhLm2",
"date":"2013-07-22 17:43:31"
},
{
"kids":[
"A1f7nuj05",
"A1eU2pps0",
"A1eapEVCs",
"A1e8Xwb0Z",
"A1dXFwDUq",
"A1dWvponA"
],
"uid":"jizo",
"parent":"A1d86CPuM",
"text":"",
"mid":"A1dVdDx7e",
"date":"2013-07-22 17:42:47"
},
{
"kids":[],
"uid":"yjy251",
"parent":"",
"text":"果然和人民打成一片的只有城管了",
"mid":"A1dV6fEUm",
"date":"2013-07-22 17:42:29"
},
{
"kids":[
"A1e0mcspD"
],
"uid":"2640680631",
"parent":"A1cVTyJJZ",
"text":"",
"mid":"A1dV0CA7k",
"date":"2013-07-22 17:42:15"
},
{
"kids":[
"A1hUplBVu",
"A1ecufUdO",
"A1e3oaahS",
"A1e2on0ur",
"A1dVwhLm2"
],
"uid":"3207443165",
"parent":"A1dTAAUSd",
"text":"吃惊，到处点火",
"mid":"A1dUX7CXG",
"date":"2013-07-22 17:42:04"
},
{
"kids":[],
"uid":"3025819574",
"parent":"A1d0qjvjs",
"text":"",
"mid":"A1dUeuTTq",
"date":"2013-07-22 17:40:20"
},
{
"kids":[],
"uid":"zhengzefeng1977",
"parent":"",
"text":"[怒]",
"mid":"A1dTWtd4W",
"date":"2013-07-22 17:39:36"
},
{
"kids":[],
"uid":"2031603153",
"parent":"A1dsurGxY",
"text":"",
"mid":"A1dTS3N34",
"date":"2013-07-22 17:39:27"
},
{
"kids":[],
"uid":"2420278152",
"parent":"A1cv0oQ25",
"text":"真的不知道中国还有王法没有..看中产当能执政多久",
"mid":"A1dTR7GCe",
"date":"2013-07-22 17:39:23"
},
{
"kids":[
"A1hUplBVu",
"A1ecufUdO",
"A1e3oaahS",
"A1e2on0ur",
"A1dVwhLm2",
"A1dUX7CXG"
],
"uid":"1001857110",
"parent":"A1dRVapyn",
"text":"",
"mid":"A1dTAAUSd",
"date":"2013-07-22 17:38:46"
},
{
"kids":[],
"uid":"1571062273",
"parent":"",
"text":"城管不亚于血滴子。",
"mid":"A1dTrrgTe",
"date":"2013-07-22 17:38:22"
},
{
"kids":[],
"uid":"2718009691",
"parent":"A1dCu3LcO",
"text":"",
"mid":"A1dSVtNHn",
"date":"2013-07-22 17:37:06"
},
{
"kids":[
"A1ekDxwbs"
],
"uid":"571649955",
"parent":"A1dsurGxY",
"text":"",
"mid":"A1dSo88XF",
"date":"2013-07-22 17:35:48"
},
{
"kids":[
"A1hUplBVu",
"A1ecufUdO",
"A1e3oaahS",
"A1e2on0ur",
"A1dVwhLm2",
"A1dUX7CXG",
"A1dTAAUSd"
],
"uid":"1667162787",
"parent":"A1dsCFux4",
"text":"",
"mid":"A1dRVapyn",
"date":"2013-07-22 17:34:39"
},
{
"kids":[
"A1e2ZC6jA",
"A1e1vFz2n"
],
"uid":"1408079710",
"parent":"A1d7k9iXG",
"text":"临时工穿什么都是临时工",
"mid":"A1dRfeGj1",
"date":"2013-07-22 17:32:59"
},
{
"kids":[],
"uid":"2640680631",
"parent":"A1dzrwDth",
"text":"",
"mid":"A1dPvkxVW",
"date":"2013-07-22 17:28:42"
},
{
"kids":[],
"uid":"2622351147",
"parent":"A1cVTyJJZ",
"text":"百度一下，现下仅被媒体曝光的城管上演“全武行”对执法对象大打出手的事件俯拾皆是，而未被曝光的事件又有多少，恐怕只有天晓得!",
"mid":"A1dOKEGHr",
"date":"2013-07-22 17:26:51"
},
{
"kids":[],
"uid":"zizai80",
"parent":"A1d8Ojc9r",
"text":"",
"mid":"A1dO4a9RM",
"date":"2013-07-22 17:25:08"
},
{
"kids":[],
"uid":"xuanyuanchuichui",
"parent":"",
"text":"",
"mid":"A1dN67Y37",
"date":"2013-07-22 17:22:45"
},
{
"kids":[],
"uid":"3040793757",
"parent":"A1dDuqO1X",
"text":"",
"mid":"A1dMMDGBV",
"date":"2013-07-22 17:22:00"
},
{
"kids":[],
"uid":"3280196891",
"parent":"A1dDuqO1X",
"text":"正义有良知的民众∽见此城管打人都会\"义愤填膺\"的，这就是中共倡导的\"文明执法”??!!这群像土匪似的城管不会是所谓的\"从群众中来回到群众中去的领导”率领走狗打普通民众吧!这帮\"忘了本的畜牲\"真该死…",
"mid":"A1dLt5BN1",
"date":"2013-07-22 17:18:44"
},
{
"kids":[],
"uid":"qiangqiannanren",
"parent":"",
"text":"",
"mid":"A1dLr01VS",
"date":"2013-07-22 17:18:40"
},
{
"kids":[],
"uid":"1746273092",
"parent":"A1cRNbh7s",
"text":"",
"mid":"A1dL2vyc4",
"date":"2013-07-22 17:17:42"
},
{
"kids":[
"A1fpSk1AW"
],
"uid":"274499606",
"parent":"A1cVTyJJZ",
"text":"",
"mid":"A1dKL5t6H",
"date":"2013-07-22 17:17:00"
},
{
"kids":[],
"uid":"2726124297",
"parent":"A1cVTyJJZ",
"text":"没穿制服啊，看来又是临时工",
"mid":"A1dKtACsS",
"date":"2013-07-22 17:16:19"
},
{
"kids":[],
"uid":"1108820117",
"parent":"A1d4nyMJC",
"text":"黑社會組織專業處理難搞之事[最差]/@李蒙嬗:首都也开始暴力了？",
"mid":"A1dKdEmUj",
"date":"2013-07-22 17:15:41"
},
{
"kids":[],
"uid":"2265344270",
"parent":"",
"text":"",
"mid":"A1dJ0lRO8",
"date":"2013-07-22 17:12:41"
},
{
"kids":[],
"uid":"haihong216",
"parent":"A1cSscnBV",
"text":"",
"mid":"A1dIgu9XN",
"date":"2013-07-22 17:10:52"
},
{
"kids":[],
"uid":"2704541744",
"parent":"A1d86CPuM",
"text":"现在的城管，到底怎么了？",
"mid":"A1dH0cprb",
"date":"2013-07-22 17:07:43"
},
{
"kids":[],
"uid":"1400682203",
"parent":"A1cS4AgeP",
"text":"深入联系人民群众",
"mid":"A1dG9hpjp",
"date":"2013-07-22 17:05:37"
},
{
"kids":[],
"uid":"3333229864",
"parent":"A1d4nyMJC",
"text":"鼓掌",
"mid":"A1dF1g0ZC",
"date":"2013-07-22 17:02:51"
},
{
"kids":[],
"uid":"w71809",
"parent":"",
"text":"狗的恶行，尽显主人的德行。",
"mid":"A1dEUddpe",
"date":"2013-07-22 17:02:33"
},
{
"kids":[],
"uid":"2116480352",
"parent":"",
"text":"",
"mid":"A1dEI5yqZ",
"date":"2013-07-22 17:02:05"
},
{
"kids":[],
"uid":"hello13802229953",
"parent":"A1dwHCWqs",
"text":"这也是江前总说的“果断”“有智慧”吗？",
"mid":"A1dECaQOg",
"date":"2013-07-22 17:01:52"
},
{
"kids":[],
"uid":"3090757895",
"parent":"",
"text":"",
"mid":"A1dEx8kQV",
"date":"2013-07-22 17:01:39"
},
{
"kids":[],
"uid":"2634677542",
"parent":"",
"text":"",
"mid":"A1dDx3GZe",
"date":"2013-07-22 16:59:12"
},
{
"kids":[
"A1dMMDGBV",
"A1dLt5BN1"
],
"uid":"318009666",
"parent":"A1cFUcFYC",
"text":"合法的打手",
"mid":"A1dDuqO1X",
"date":"2013-07-22 16:59:07"
},
{
"kids":[],
"uid":"1998981245",
"parent":"A1dwHCWqs",
"text":"",
"mid":"A1dCYuUv3",
"date":"2013-07-22 16:57:50"
},
{
"kids":[],
"uid":"2290180843",
"parent":"",
"text":"这可是另外一个的原创微博。不是货的。",
"mid":"A1dCYtXF2",
"date":"2013-07-22 16:57:50"
},
{
"kids":[
"A1dSVtNHn"
],
"uid":"1670232545",
"parent":"A1cNE5y8q",
"text":"",
"mid":"A1dCu3LcO",
"date":"2013-07-22 16:56:37"
},
{
"kids":[],
"uid":"511233102",
"parent":"A1dBIdy23",
"text":"",
"mid":"A1dCf0q8c",
"date":"2013-07-22 16:56:01"
},
{
"kids":[],
"uid":"3603138385",
"parent":"",
"text":"人渣来的，恨死城管了，总是打人。难道城管人员都是 脑残 眼瞎的？没看新闻？或是看了，没当这回事？[思考]",
"mid":"A1dC69WLp",
"date":"2013-07-22 16:55:38"
},
{
"kids":[
"A1dCf0q8c"
],
"uid":"3551676743",
"parent":"",
"text":"快把称砣抱紧，保命啊[泪]",
"mid":"A1dBIdy23",
"date":"2013-07-22 16:54:43"
},
{
"kids":[],
"uid":"2338276001",
"parent":"",
"text":"",
"mid":"A1dBxwCnQ",
"date":"2013-07-22 16:54:18"
},
{
"kids":[],
"uid":"2783612114",
"parent":"",
"text":"",
"mid":"A1dA3lpMJ",
"date":"2013-07-22 16:50:37"
},
{
"kids":[],
"uid":"1220817721",
"parent":"",
"text":"",
"mid":"A1dA1kRwK",
"date":"2013-07-22 16:50:33"
},
{
"kids":[],
"uid":"linggp",
"parent":"",
"text":"",
"mid":"A1dzEefci",
"date":"2013-07-22 16:49:37"
},
{
"kids":[],
"uid":"3310940311",
"parent":"A1d4nyMJC",
"text":"也可以用改良的方式，不破不立。",
"mid":"A1dzCvbpm",
"date":"2013-07-22 16:49:34"
},
{
"kids":[
"A1dPvkxVW"
],
"uid":"315000972",
"parent":"A1dnaFDXI",
"text":"",
"mid":"A1dzrwDth",
"date":"2013-07-22 16:49:08"
},
{
"kids":[
"A1eWvaL8W"
],
"uid":"princekind",
"parent":"A1d4nyMJC",
"text":"",
"mid":"A1dzmucVV",
"date":"2013-07-22 16:48:56"
},
{
"kids":[],
"uid":"2326199177",
"parent":"",
"text":"近日酷暑高温，城管动辄狂躁伤人，请百姓远远避让，以免血光之灾！",
"mid":"A1dzktsva",
"date":"2013-07-22 16:48:51"
},
{
"kids":[],
"uid":"1648334590",
"parent":"",
"text":"阶级敌人还是武斗。",
"mid":"A1dzhe9P0",
"date":"2013-07-22 16:48:42"
},
{
"kids":[],
"uid":"3213434464",
"parent":"",
"text":"以多欺一的组织。他不敢独自出来的。",
"mid":"A1dzfqMs3",
"date":"2013-07-22 16:48:38"
},
{
"kids":[],
"uid":"512363050",
"parent":"A1dxx6U9B",
"text":"",
"mid":"A1dyN5roz",
"date":"2013-07-22 16:47:30"
},
{
"kids":[],
"uid":"2093201352",
"parent":"",
"text":"不懂",
"mid":"A1dyEbEKw",
"date":"2013-07-22 16:47:10"
},
{
"kids":[],
"uid":"1688481054",
"parent":"A1dv8FMAq",
"text":"西直门城管",
"mid":"A1dy8hzWj",
"date":"2013-07-22 16:45:52"
},
{
"kids":[
"A1dyN5roz"
],
"uid":"1824645041",
"parent":"A1d0qjvjs",
"text":"无法无天蛮横霸道的土匪硬是非把人打死不可！一旦被激怒的广大群众起来之时定会把你们这帮土匪一锅端。",
"mid":"A1dxx6U9B",
"date":"2013-07-22 16:44:23"
},
{
"kids":[],
"uid":"1504746264",
"parent":"",
"text":"",
"mid":"A1dx68M48",
"date":"2013-07-22 16:43:21"
},
{
"kids":[],
"uid":"1983379904",
"parent":"",
"text":"",
"mid":"A1dwZmYAZ",
"date":"2013-07-22 16:43:05"
},
{
"kids":[
"A1fOptrFP",
"A1fNi43xm",
"A1dECaQOg",
"A1dCYuUv3"
],
"uid":"2006859497",
"parent":"",
"text":"",
"mid":"A1dwHCWqs",
"date":"2013-07-22 16:42:23"
},
{
"kids":[],
"uid":"2486614897",
"parent":"A1dqKwPUT",
"text":"[哈哈][哈哈][哈哈]现在的城管不亚于文化大革命的红卫兵！",
"mid":"A1dwFz75e",
"date":"2013-07-22 16:42:16"
},
{
"kids":[],
"uid":"syp15013305836",
"parent":"A1cFUcFYC",
"text":"",
"mid":"A1dwgueGM",
"date":"2013-07-22 16:41:18"
},
{
"kids":[],
"uid":"2427061380",
"parent":"",
"text":"",
"mid":"A1dwcB678",
"date":"2013-07-22 16:41:09"
},
{
"kids":[
"A1e4HoEfH"
],
"uid":"1310587021",
"parent":"",
"text":"",
"mid":"A1dw3rtS6",
"date":"2013-07-22 16:40:45"
},
{
"kids":[],
"uid":"3230753334",
"parent":"",
"text":"没有指令，城管们敢如此执法？我不信。",
"mid":"A1dvIc384",
"date":"2013-07-22 16:39:54"
},
{
"kids":[],
"uid":"1903735413",
"parent":"",
"text":"",
"mid":"A1dvdpC7R",
"date":"2013-07-22 16:38:43"
},
{
"kids":[
"A1dy8hzWj"
],
"uid":"zxcbm",
"parent":"",
"text":"",
"mid":"A1dv8FMAq",
"date":"2013-07-22 16:38:32"
},
{
"kids":[],
"uid":"3025819574",
"parent":"A1cRNbh7s",
"text":"",
"mid":"A1duHxB8A",
"date":"2013-07-22 16:37:25"
},
{
"kids":[],
"uid":"waihaojiange",
"parent":"",
"text":"",
"mid":"A1duf9vSu",
"date":"2013-07-22 16:36:19"
},
{
"kids":[],
"uid":"1944958783",
"parent":"",
"text":"",
"mid":"A1dtK9pAx",
"date":"2013-07-22 16:35:05"
},
{
"kids":[],
"uid":"2458400820",
"parent":"A1dsurGxY",
"text":"",
"mid":"A1dtdjkej",
"date":"2013-07-22 16:33:47"
},
{
"kids":[],
"uid":"1167442624",
"parent":"A1dnaFDXI",
"text":"[怒]",
"mid":"A1dsNEgaF",
"date":"2013-07-22 16:32:45"
},
{
"kids":[
"A1hUplBVu",
"A1fqa1IzL",
"A1ecufUdO",
"A1e3oaahS",
"A1e2on0ur",
"A1dVwhLm2",
"A1dUX7CXG",
"A1dTAAUSd",
"A1dRVapyn"
],
"uid":"571846868",
"parent":"A1dgTaNxJ",
"text":"",
"mid":"A1dsCFux4",
"date":"2013-07-22 16:32:20"
},
{
"kids":[
"A1nt02VUl",
"A1jEI8AlI",
"A1jrhoCbb",
"A1fRosJxD",
"A1fvguYOL",
"A1f8AhjtX",
"A1eWuknN6",
"A1eOOxjzv",
"A1eMmp8uF",
"A1eI6xtLF",
"A1eGg9ort",
"A1eCXoNR8",
"A1ezl7Unv",
"A1etG5DZX",
"A1eoJDF6q",
"A1emesHoB",
"A1el5B15m",
"A1ekDxwbs",
"A1ekhFe7c",
"A1ejU0MDQ",
"A1ejFfBmH",
"A1ehbB6ek",
"A1eh85EXT",
"A1egLiZql",
"A1eg5m0Ct",
"A1efM5DoZ",
"A1e9MpIeP",
"A1e12cT1j",
"A1dTS3N34",
"A1dSo88XF",
"A1dtdjkej"
],
"uid":"571846868",
"parent":"A1dgTaNxJ",
"text":"",
"mid":"A1dsurGxY",
"date":"2013-07-22 16:32:00"
},
{
"kids":[],
"uid":"hrbwql",
"parent":"A1dnaFDXI",
"text":"这是哪里，他们在干什么？！是在拍电影吗？",
"mid":"A1dstegoR",
"date":"2013-07-22 16:31:57"
},
{
"kids":[],
"uid":"3473419914",
"parent":"",
"text":"",
"mid":"A1drPnTnA",
"date":"2013-07-22 16:30:22"
},
{
"kids":[],
"uid":"lt5211",
"parent":"",
"text":"",
"mid":"A1drH7twj",
"date":"2013-07-22 16:30:00"
},
{
"kids":[],
"uid":"1897619971",
"parent":"",
"text":"",
"mid":"A1drnyzo7",
"date":"2013-07-22 16:29:15"
},
{
"kids":[],
"uid":"potai",
"parent":"",
"text":"临时工",
"mid":"A1dr5fk5M",
"date":"2013-07-22 16:28:32"
},
{
"kids":[],
"uid":"2829266381",
"parent":"",
"text":"@中国热媒体",
"mid":"A1dqW7T4T",
"date":"2013-07-22 16:28:08"
},
{
"kids":[
"A1dwFz75e"
],
"uid":"2173819934",
"parent":"A1d1gjByt",
"text":"荒蛮！",
"mid":"A1dqKwPUT",
"date":"2013-07-22 16:27:43"
},
{
"kids":[],
"uid":"2508671081",
"parent":"A1doLEkQc",
"text":"",
"mid":"A1dqndfLH",
"date":"2013-07-22 16:26:47"
},
{
"kids":[],
"uid":"2685731962",
"parent":"A1cVKakq8",
"text":"[怒]",
"mid":"A1dpQq1pj",
"date":"2013-07-22 16:25:29"
},
{
"kids":[],
"uid":"2723741681",
"parent":"A1dnaFDXI",
"text":"",
"mid":"A1dpH0DrW",
"date":"2013-07-22 16:25:06"
},
{
"kids":[],
"uid":"2959833867",
"parent":"",
"text":"",
"mid":"A1dpv8jrW",
"date":"2013-07-22 16:24:38"
},
{
"kids":[],
"uid":"pondrock",
"parent":"A1cFUcFYC",
"text":"疯了?",
"mid":"A1dpuyGtl",
"date":"2013-07-22 16:24:35"
},
{
"kids":[],
"uid":"2242879434",
"parent":"A1dnaFDXI",
"text":"转发微博。",
"mid":"A1dp6mFa6",
"date":"2013-07-22 16:23:37"
},
{
"kids":[
"A1dqndfLH"
],
"uid":"3517199381",
"parent":"A1ddn6HV1",
"text":"",
"mid":"A1doLEkQc",
"date":"2013-07-22 16:22:50"
},
{
"kids":[
"A1eGLvBXx",
"A1exnCZAD"
],
"uid":"2734280235",
"parent":"A1dnaFDXI",
"text":"？",
"mid":"A1do9xEJr",
"date":"2013-07-22 16:21:19"
},
{
"kids":[],
"uid":"1862324774",
"parent":"",
"text":"",
"mid":"A1do8CXU2",
"date":"2013-07-22 16:21:17"
},
{
"kids":[],
"uid":"1469194930",
"parent":"",
"text":"",
"mid":"A1do6AiNr",
"date":"2013-07-22 16:21:11"
},
{
"kids":[],
"uid":"3269587184",
"parent":"",
"text":"大家“再转“",
"mid":"A1dnN7dVn",
"date":"2013-07-22 16:20:24"
},
{
"kids":[
"A1eGLvBXx",
"A1exnCZAD",
"A1dPvkxVW",
"A1dzrwDth",
"A1dsNEgaF",
"A1dstegoR",
"A1dpH0DrW",
"A1dp6mFa6",
"A1do9xEJr"
],
"uid":"1970079337",
"parent":"",
"text":"",
"mid":"A1dnaFDXI",
"date":"2013-07-22 16:18:54"
},
{
"kids":[],
"uid":"1430577460",
"parent":"A1cvctLss",
"text":"",
"mid":"A1dms3cg5",
"date":"2013-07-22 16:17:07"
},
{
"kids":[],
"uid":"1237181550",
"parent":"A1dgTaNxJ",
"text":"东厂的太监，给领导舔屁股畜生。[囧]",
"mid":"A1dl9DQ8l",
"date":"2013-07-22 16:13:54"
},
{
"kids":[],
"uid":"1911571775",
"parent":"A1cFUcFYC",
"text":"越来越猖狂了，英雄快出世了！[怒]",
"mid":"A1dkzkYaM",
"date":"2013-07-22 16:12:30"
},
{
"kids":[],
"uid":"1880631684",
"parent":"A1cFUcFYC",
"text":"真是在帝都？[疑问][衰]",
"mid":"A1djNqcqd",
"date":"2013-07-22 16:10:35"
},
{
"kids":[],
"uid":"3269587184",
"parent":"A1cLapmpf",
"text":"",
"mid":"A1diWzyqg",
"date":"2013-07-22 16:08:29"
},
{
"kids":[],
"uid":"chunxindangyang",
"parent":"A1d207eXG",
"text":"",
"mid":"A1diuw0Bg",
"date":"2013-07-22 16:07:22"
},
{
"kids":[],
"uid":"3269587184",
"parent":"",
"text":"",
"mid":"A1dilCkpx",
"date":"2013-07-22 16:07:00"
},
{
"kids":[],
"uid":"2746052345",
"parent":"A1d0qjvjs",
"text":"",
"mid":"A1did2Fx7",
"date":"2013-07-22 16:06:41"
},
{
"kids":[],
"uid":"1895884821",
"parent":"A1cSscnBV",
"text":"有图有真相",
"mid":"A1dhUsxx4",
"date":"2013-07-22 16:05:56"
},
{
"kids":[],
"uid":"3025819574",
"parent":"A1d0qjvjs",
"text":"",
"mid":"A1dhSEs0Y",
"date":"2013-07-22 16:05:51"
},
{
"kids":[],
"uid":"3284539962",
"parent":"A1ddn6HV1",
"text":"",
"mid":"A1dhvCQWF",
"date":"2013-07-22 16:04:55"
},
{
"kids":[],
"uid":"2233769754",
"parent":"",
"text":"",
"mid":"A1dhn32a1",
"date":"2013-07-22 16:04:36"
},
{
"kids":[],
"uid":"2668087081",
"parent":"A1d0qjvjs",
"text":"",
"mid":"A1dh8f6ln",
"date":"2013-07-22 16:04:04"
},
{
"kids":[
"A1nt02VUl",
"A1jEI8AlI",
"A1jrhoCbb",
"A1hUplBVu",
"A1fRosJxD",
"A1fvguYOL",
"A1fqa1IzL",
"A1f8AhjtX",
"A1eWuknN6",
"A1eOOxjzv",
"A1eMmp8uF",
"A1eI6xtLF",
"A1eGg9ort",
"A1eCXoNR8",
"A1ezl7Unv",
"A1etG5DZX",
"A1eoJDF6q",
"A1emesHoB",
"A1el5B15m",
"A1ekDxwbs",
"A1ekhFe7c",
"A1ejU0MDQ",
"A1ejFfBmH",
"A1ehbB6ek",
"A1eh85EXT",
"A1egLiZql",
"A1eg5m0Ct",
"A1efM5DoZ",
"A1ecufUdO",
"A1e9MpIeP",
"A1e3oaahS",
"A1e2on0ur",
"A1e12cT1j",
"A1dVwhLm2",
"A1dUX7CXG",
"A1dTS3N34",
"A1dTAAUSd",
"A1dSo88XF",
"A1dRVapyn",
"A1dtdjkej",
"A1dsCFux4",
"A1dsurGxY",
"A1dl9DQ8l"
],
"uid":"3441986904",
"parent":"",
"text":"城管啊你们是怎么啦？",
"mid":"A1dgTaNxJ",
"date":"2013-07-22 16:03:25"
},
{
"kids":[],
"uid":"2085641123",
"parent":"A1cLapmpf",
"text":"",
"mid":"A1dfKyXt4",
"date":"2013-07-22 16:00:37"
},
{
"kids":[],
"uid":"hourway",
"parent":"A1cFUcFYC",
"text":"",
"mid":"A1dfCizUd",
"date":"2013-07-22 16:00:17"
},
{
"kids":[],
"uid":"3276980162",
"parent":"A1cLapmpf",
"text":"",
"mid":"A1dfkzsau",
"date":"2013-07-22 15:59:33"
},
{
"kids":[],
"uid":"1334802864",
"parent":"A1d86CPuM",
"text":"",
"mid":"A1deQsbl5",
"date":"2013-07-22 15:58:23"
},
{
"kids":[],
"uid":"1779860322",
"parent":"A1ddn6HV1",
"text":"",
"mid":"A1deOFGie",
"date":"2013-07-22 15:58:17"
},
{
"kids":[],
"uid":"2964773783",
"parent":"A1cvctLss",
"text":"",
"mid":"A1deOo57t",
"date":"2013-07-22 15:58:18"
},
{
"kids":[],
"uid":"maxiaoxiaobaby",
"parent":"A1ddn6HV1",
"text":"",
"mid":"A1deKcoFC",
"date":"2013-07-22 15:58:08"
},
{
"kids":[],
"uid":"1941659791",
"parent":"A1ddn6HV1",
"text":"",
"mid":"A1dexfCih",
"date":"2013-07-22 15:57:37"
},
{
"kids":[],
"uid":"2009516983",
"parent":"A1cSscnBV",
"text":"看制服不像城管啊",
"mid":"A1dei8YWH",
"date":"2013-07-22 15:57:01"
},
{
"kids":[],
"uid":"2730877997",
"parent":"A1cRNbh7s",
"text":"",
"mid":"A1ddEf6L4",
"date":"2013-07-22 15:55:26"
},
{
"kids":[],
"uid":"1959361252",
"parent":"A1cFUcFYC",
"text":"",
"mid":"A1ddxbp8a",
"date":"2013-07-22 15:55:10"
},
{
"kids":[],
"uid":"2994026307",
"parent":"A1d1vm8xz",
"text":"",
"mid":"A1ddxaQBZ",
"date":"2013-07-22 15:55:08"
},
{
"kids":[
"A1dqndfLH",
"A1doLEkQc",
"A1dhvCQWF",
"A1deOFGie",
"A1deKcoFC",
"A1dexfCih"
],
"uid":"2174847535",
"parent":"A1cFUcFYC",
"text":"",
"mid":"A1ddn6HV1",
"date":"2013-07-22 15:54:43"
},
{
"kids":[],
"uid":"2089559451",
"parent":"A1cFUcFYC",
"text":"城管的解释应该是：具有中国特色的、一个令人唾骂的、有损党和政府形象的、而政府极力保留和庇护的、人类从事而不干人事的职业！",
"mid":"A1ddhc1T2",
"date":"2013-07-22 15:54:32"
},
{
"kids":[],
"uid":"2837337782",
"parent":"",
"text":"",
"mid":"A1dd8CSTM",
"date":"2013-07-22 15:54:09"
},
{
"kids":[],
"uid":"2517084663",
"parent":"A1cFUcFYC",
"text":"",
"mid":"A1dcYyJVz",
"date":"2013-07-22 15:53:45"
},
{
"kids":[],
"uid":"a412300",
"parent":"A1dbYyX9L",
"text":"",
"mid":"A1dcmaR0x",
"date":"2013-07-22 15:52:15"
},
{
"kids":[],
"uid":"2485902957",
"parent":"A1cS4AgeP",
"text":"",
"mid":"A1dcghLS6",
"date":"2013-07-22 15:52:01"
},
{
"kids":[],
"uid":"2824645842",
"parent":"A1cFUcFYC",
"text":"@厚了点",
"mid":"A1dcdkqmN",
"date":"2013-07-22 15:51:54"
},
{
"kids":[],
"uid":"2705479065",
"parent":"A1d1vm8xz",
"text":"",
"mid":"A1dcbwkT2",
"date":"2013-07-22 15:51:48"
},
{
"kids":[],
"uid":"2715267103",
"parent":"A1cLapmpf",
"text":"",
"mid":"A1dc0iCgT",
"date":"2013-07-22 15:51:22"
},
{
"kids":[
"A1dcmaR0x"
],
"uid":"yeziyi520",
"parent":"A1db3fWD8",
"text":"有没打死过人不知道，但招人要求是那样的",
"mid":"A1dbYyX9L",
"date":"2013-07-22 15:51:19"
},
{
"kids":[
"A1dcmaR0x",
"A1dbYyX9L"
],
"uid":"3179623784",
"parent":"A1d2bCBMO",
"text":"如果打死过一个可直接当小队长？反人伦执法啊！",
"mid":"A1db3fWD8",
"date":"2013-07-22 15:49:01"
},
{
"kids":[],
"uid":"2037682971",
"parent":"A1cPqfQNt",
"text":"合法的黑社会组织",
"mid":"A1daNeGC9",
"date":"2013-07-22 15:48:24"
},
{
"kids":[],
"uid":"1668369374",
"parent":"A1d86CPuM",
"text":"[怒] [怒] [怒]",
"mid":"A1d9da6g1",
"date":"2013-07-22 15:44:30"
},
{
"kids":[
"A1dO4a9RM"
],
"uid":"1705273635",
"parent":"A1d2WiGvW",
"text":"",
"mid":"A1d8Ojc9r",
"date":"2013-07-22 15:43:28"
},
{
"kids":[
"A1f7nuj05",
"A1eU2pps0",
"A1eapEVCs",
"A1e8Xwb0Z",
"A1dXFwDUq",
"A1dWvponA",
"A1dVdDx7e",
"A1dH0cprb",
"A1deQsbl5",
"A1d9da6g1"
],
"uid":"3217848597",
"parent":"A1d7usqrN",
"text":"",
"mid":"A1d86CPuM",
"date":"2013-07-22 15:41:45"
},
{
"kids":[],
"uid":"1729532175",
"parent":"",
"text":"",
"mid":"A1d7UbfJa",
"date":"2013-07-22 15:41:17"
},
{
"kids":[
"A1f7nuj05",
"A1eU2pps0",
"A1eapEVCs",
"A1e8Xwb0Z",
"A1dXFwDUq",
"A1dWvponA",
"A1dVdDx7e",
"A1dH0cprb",
"A1deQsbl5",
"A1d9da6g1",
"A1d86CPuM"
],
"uid":"3107407655",
"parent":"A1d0qjvjs",
"text":"城管会不会是敌国细作？！专门让爱国的人对祖国失望的。。。",
"mid":"A1d7usqrN",
"date":"2013-07-22 15:40:16"
},
{
"kids":[],
"uid":"2742336463",
"parent":"A1d6vCktG",
"text":"",
"mid":"A1d7pcfgE",
"date":"2013-07-22 15:40:01"
},
{
"kids":[
"A1e2ZC6jA",
"A1e1vFz2n",
"A1dRfeGj1"
],
"uid":"1301068995",
"parent":"A1cMWm2nO",
"text":"这是城管的衣服吗？手里还有钢盔？@平安北京@BTV特别关注",
"mid":"A1d7k9iXG",
"date":"2013-07-22 15:39:50"
},
{
"kids":[],
"uid":"1211843815",
"parent":"A1cSscnBV",
"text":"天朝第一战力",
"mid":"A1d6BuekB",
"date":"2013-07-22 15:38:04"
},
{
"kids":[
"A1d7pcfgE"
],
"uid":"3217848597",
"parent":"A1d5c2OUl",
"text":"首都咪些咪些八嘎嘎路",
"mid":"A1d6vCktG",
"date":"2013-07-22 15:37:51"
},
{
"kids":[],
"uid":"1859964144",
"parent":"A1d207eXG",
"text":"",
"mid":"A1d5VfJYs",
"date":"2013-07-22 15:36:24"
},
{
"kids":[],
"uid":"zj1005346364",
"parent":"A1cvctLss",
"text":"他们根本不能跟黑社会相提并论，黑社会好歹还讲究章法，知道什么该干什么不该干！黑社会也有人性！说他们是黑社会，是严重侮辱了黑社会！",
"mid":"A1d5szzSe",
"date":"2013-07-22 15:35:15"
},
{
"kids":[
"A1d7pcfgE",
"A1d6vCktG"
],
"uid":"karen2764",
"parent":"A1d2bCC0E",
"text":"这是攸县嘛？？",
"mid":"A1d5c2OUl",
"date":"2013-07-22 15:34:36"
},
{
"kids":[],
"uid":"1558680852",
"parent":"",
"text":"",
"mid":"A1d4NweJ8",
"date":"2013-07-22 15:33:38"
},
{
"kids":[],
"uid":"2504976790",
"parent":"A1cPqfQNt",
"text":"",
"mid":"A1d4M5K1A",
"date":"2013-07-22 15:33:34"
},
{
"kids":[
"A1fiDae0f"
],
"uid":"206053888",
"parent":"A1d1gjByt",
"text":"[泪]",
"mid":"A1d4t8Ba6",
"date":"2013-07-22 15:32:49"
},
{
"kids":[],
"uid":"3199781333",
"parent":"",
"text":"说是个别城管，怎么全国各地怎么这么多的个别城管~~~~~这是北京哦 天子脚下~~~~西直门是二环 就天高皇帝远了~~~~~",
"mid":"A1d4o7suK",
"date":"2013-07-22 15:32:36"
},
{
"kids":[
"A1fImd00Q",
"A1frZvgXh",
"A1eXWpHqs",
"A1eWvaL8W",
"A1eUwgp4V",
"A1eOzuaz5",
"A1eO4aJUf",
"A1eEZg3vK",
"A1exA6MTh",
"A1eu38I0Y",
"A1enwzu3P",
"A1emwwSi8",
"A1elK4Vre",
"A1ekAiz8u",
"A1dKdEmUj",
"A1dF1g0ZC",
"A1dzCvbpm",
"A1dzmucVV"
],
"uid":"3310940311",
"parent":"A1cvctLss",
"text":"当前强权政治的外在表现",
"mid":"A1d4nyMJC",
"date":"2013-07-22 15:32:36"
},
{
"kids":[],
"uid":"1904747505",
"parent":"",
"text":"[怒]",
"mid":"A1d4lsI0N",
"date":"2013-07-22 15:32:30"
},
{
"kids":[],
"uid":"572022296",
"parent":"A1cVTyJJZ",
"text":"",
"mid":"A1d4j61CG",
"date":"2013-07-22 15:32:24"
},
{
"kids":[],
"uid":"3217848597",
"parent":"A1d2bCBMO",
"text":"",
"mid":"A1d3Qagom",
"date":"2013-07-22 15:31:15"
},
{
"kids":[],
"uid":"2135514075",
"parent":"A1d1gjByt",
"text":"",
"mid":"A1d3yr0j0",
"date":"2013-07-22 15:30:34"
},
{
"kids":[],
"uid":"1371284493",
"parent":"A1d0qjvjs",
"text":"",
"mid":"A1d2Zg2fl",
"date":"2013-07-22 15:29:09"
},
{
"kids":[
"A1dO4a9RM",
"A1d8Ojc9r"
],
"uid":"kunming868",
"parent":"A1cCckcra",
"text":"",
"mid":"A1d2WiGvW",
"date":"2013-07-22 15:29:02"
},
{
"kids":[],
"uid":"2155815011",
"parent":"",
"text":"轉發微博",
"mid":"A1d2CaMOv",
"date":"2013-07-22 15:28:15"
},
{
"kids":[],
"uid":"2696076203",
"parent":"A1d1gjByt",
"text":"",
"mid":"A1d2xqX7z",
"date":"2013-07-22 15:28:04"
},
{
"kids":[
"A1d7pcfgE",
"A1d6vCktG",
"A1d5c2OUl"
],
"uid":"3303563572",
"parent":"",
"text":"合法黑社会组织，他们只有帮老大收到保护费才有饭吃，也只有打打杀杀才有存在感",
"mid":"A1d2bCC0E",
"date":"2013-07-22 15:27:12"
},
{
"kids":[
"A1dcmaR0x",
"A1dbYyX9L",
"A1db3fWD8",
"A1d3Qagom"
],
"uid":"yeziyi520",
"parent":"A1d1gjByt",
"text":"中午听我同事说，他们县招城管唯一要求就是要在家打过爹妈的",
"mid":"A1d2bCBMO",
"date":"2013-07-22 15:27:12"
},
{
"kids":[],
"uid":"YZNANFANGJIAMU",
"parent":"A1d1gjByt",
"text":"就是过去穿一身黑色香云纱中式衣裤，斜跨盒子枪 的叫什么别动队的吧？",
"mid":"A1d27rXxA",
"date":"2013-07-22 15:27:02"
},
{
"kids":[
"A1diuw0Bg",
"A1d5VfJYs"
],
"uid":"2682998803",
"parent":"A1d1gjByt",
"text":"",
"mid":"A1d207eXG",
"date":"2013-07-22 15:26:44"
},
{
"kids":[],
"uid":"311823492",
"parent":"A1d1gjByt",
"text":"",
"mid":"A1d1D2RdY",
"date":"2013-07-22 15:25:50"
},
{
"kids":[],
"uid":"yeyuegu",
"parent":"",
"text":"",
"mid":"A1d1yj1Gc",
"date":"2013-07-22 15:25:38"
},
{
"kids":[
"A1ddxaQBZ",
"A1dcbwkT2"
],
"uid":"2662833617",
"parent":"A1cOj8cll",
"text":"",
"mid":"A1d1vm8xz",
"date":"2013-07-22 15:25:29"
},
{
"kids":[
"A1fiDae0f",
"A1dwFz75e",
"A1dqKwPUT",
"A1diuw0Bg",
"A1dcmaR0x",
"A1dbYyX9L",
"A1db3fWD8",
"A1d5VfJYs",
"A1d4t8Ba6",
"A1d3Qagom",
"A1d3yr0j0",
"A1d2xqX7z",
"A1d2bCBMO",
"A1d27rXxA",
"A1d207eXG",
"A1d1D2RdY"
],
"uid":"3217848597",
"parent":"A1d0qjvjs",
"text":"",
"mid":"A1d1gjByt",
"date":"2013-07-22 15:24:52"
},
{
"kids":[],
"uid":"1685199390",
"parent":"A1cNE5y8q",
"text":"",
"mid":"A1d1euTdS",
"date":"2013-07-22 15:24:51"
},
{
"kids":[],
"uid":"1157674207",
"parent":"A1cRNbh7s",
"text":"那就别来城里啊,在农村摆摊!",
"mid":"A1d176k4C",
"date":"2013-07-22 15:24:33"
},
{
"kids":[
"A1fiDae0f",
"A1f7nuj05",
"A1eU2pps0",
"A1eapEVCs",
"A1e8Xwb0Z",
"A1dXFwDUq",
"A1dWvponA",
"A1dVdDx7e",
"A1dUeuTTq",
"A1dH0cprb",
"A1dyN5roz",
"A1dxx6U9B",
"A1dwFz75e",
"A1dqKwPUT",
"A1diuw0Bg",
"A1did2Fx7",
"A1dhSEs0Y",
"A1dh8f6ln",
"A1deQsbl5",
"A1dcmaR0x",
"A1dbYyX9L",
"A1db3fWD8",
"A1d9da6g1",
"A1d86CPuM",
"A1d7usqrN",
"A1d5VfJYs",
"A1d4t8Ba6",
"A1d3Qagom",
"A1d3yr0j0",
"A1d2Zg2fl",
"A1d2xqX7z",
"A1d2bCBMO",
"A1d27rXxA",
"A1d207eXG",
"A1d1D2RdY",
"A1d1gjByt"
],
"uid":"3275514634",
"parent":"A1cRNbh7s",
"text":"城管就是当年的还乡团",
"mid":"A1d0qjvjs",
"date":"2013-07-22 15:22:49"
},
{
"kids":[],
"uid":"2438878001",
"parent":"",
"text":"",
"mid":"A1d05kBJ7",
"date":"2013-07-22 15:22:01"
},
{
"kids":[],
"uid":"3048318977",
"parent":"A1cPqfQNt",
"text":"",
"mid":"A1cZz4vbR",
"date":"2013-07-22 15:20:45"
},
{
"kids":[],
"uid":"1590701284",
"parent":"A1cRNbh7s",
"text":"合法组织，还是白手套组织",
"mid":"A1cZvyMOi",
"date":"2013-07-22 15:20:35"
},
{
"kids":[],
"uid":"2093440942",
"parent":"A1cVTyJJZ",
"text":"",
"mid":"A1cZ7j2IP",
"date":"2013-07-22 15:19:39"
},
{
"kids":[],
"uid":"2912938377",
"parent":"",
"text":"",
"mid":"A1cYEnZap",
"date":"2013-07-22 15:18:29"
},
{
"kids":[],
"uid":"2843622715",
"parent":"A1cVTyJJZ",
"text":"",
"mid":"A1cYythxu",
"date":"2013-07-22 15:18:13"
},
{
"kids":[],
"uid":"1956481737",
"parent":"A1cRNbh7s",
"text":"",
"mid":"A1cYphX85",
"date":"2013-07-22 15:17:51"
},
{
"kids":[],
"uid":"3415266874",
"parent":"A1cVTyJJZ",
"text":"",
"mid":"A1cYm21yA",
"date":"2013-07-22 15:17:45"
},
{
"kids":[],
"uid":"541723435",
"parent":"",
"text":"",
"mid":"A1cYf0GUN",
"date":"2013-07-22 15:17:26"
},
{
"kids":[],
"uid":"1164784961",
"parent":"A1cVTyJJZ",
"text":"",
"mid":"A1cXO2OJs",
"date":"2013-07-22 15:16:22"
},
{
"kids":[],
"uid":"maiyatangchou",
"parent":"A1cFUcFYC",
"text":"",
"mid":"A1cXFs15V",
"date":"2013-07-22 15:16:05"
},
{
"kids":[],
"uid":"xlizi8888",
"parent":"A1cSscnBV",
"text":"[怒]",
"mid":"A1cXtnkQP",
"date":"2013-07-22 15:15:35"
},
{
"kids":[],
"uid":"3082515043",
"parent":"A1cRNbh7s",
"text":"",
"mid":"A1cWOBFmd",
"date":"2013-07-22 15:13:57"
},
{
"kids":[],
"uid":"532596123",
"parent":"A1cSscnBV",
"text":"",
"mid":"A1cWjxxqs",
"date":"2013-07-22 15:12:44"
},
{
"kids":[],
"uid":"1655641975",
"parent":"A1cPqfQNt",
"text":"最大的帮派组织，城管帮！",
"mid":"A1cWevI5o",
"date":"2013-07-22 15:12:32"
},
{
"kids":[],
"uid":"2567581611",
"parent":"A1cVTyJJZ",
"text":"",
"mid":"A1cW8DxB7",
"date":"2013-07-22 15:12:17"
},
{
"kids":[
"A1fpSk1AW",
"A1eaqz0Gh",
"A1e0mcspD",
"A1dV0CA7k",
"A1dOKEGHr",
"A1dKL5t6H",
"A1dKtACsS",
"A1d4j61CG",
"A1cZ7j2IP",
"A1cYythxu",
"A1cYm21yA",
"A1cXO2OJs",
"A1cW8DxB7"
],
"uid":"527012198",
"parent":"A1cPqfQNt",
"text":"看来城管和人民亲热地打成一片.就像男人离不开香烟一样啊[囧]禁烟你在努力.可是禁止城管打人又要靠谁啊？[悲伤]",
"mid":"A1cVTyJJZ",
"date":"2013-07-22 15:11:41"
},
{
"kids":[
"A1dpQq1pj"
],
"uid":"forestmorning",
"parent":"A1cRNbh7s",
"text":"以奸御良[草泥马]",
"mid":"A1cVKakq8",
"date":"2013-07-22 15:11:16"
},
{
"kids":[],
"uid":"1015391154",
"parent":"A1cC5tpYG",
"text":"",
"mid":"A1cVi0XDi",
"date":"2013-07-22 15:10:12"
},
{
"kids":[],
"uid":"1945931101",
"parent":"A1cSscnBV",
"text":"城管的名声已恶臭！",
"mid":"A1cV0jS4P",
"date":"2013-07-22 15:09:29"
},
{
"kids":[],
"uid":"2065215371",
"parent":"A1cNE5y8q",
"text":"",
"mid":"A1cTZo6IS",
"date":"2013-07-22 15:07:00"
},
{
"kids":[],
"uid":"lilyyip1212",
"parent":"A1cR62fY5",
"text":"",
"mid":"A1cTSixoG",
"date":"2013-07-22 15:06:41"
},
{
"kids":[],
"uid":"2617997151",
"parent":"A1cRNbh7s",
"text":"",
"mid":"A1cTBa31S",
"date":"2013-07-22 15:06:00"
},
{
"kids":[],
"uid":"2462784355",
"parent":"",
"text":"杀手",
"mid":"A1cTAyp4y",
"date":"2013-07-22 15:06:01"
},
{
"kids":[],
"uid":"1894000747",
"parent":"A1cSscnBV",
"text":"",
"mid":"A1cTybeUX",
"date":"2013-07-22 15:05:55"
},
{
"kids":[],
"uid":"2881439650",
"parent":"A1cRNbh7s",
"text":"",
"mid":"A1cTeqEcr",
"date":"2013-07-22 15:05:06"
},
{
"kids":[],
"uid":"2281746065",
"parent":"",
"text":"@作业本 @袁裕来律师 @元芳视角 @长江直播 @中文张婉",
"mid":"A1cT1FvDw",
"date":"2013-07-22 15:04:38"
},
{
"kids":[],
"uid":"1497456477",
"parent":"A1cSscnBV",
"text":"",
"mid":"A1cT1Fvp7",
"date":"2013-07-22 15:04:38"
},
{
"kids":[],
"uid":"1874342775",
"parent":"A1cRheIv2",
"text":"",
"mid":"A1cSVtcxA",
"date":"2013-07-22 15:04:23"
},
{
"kids":[],
"uid":"3191341877",
"parent":"A1cFUcFYC",
"text":"",
"mid":"A1cSuyw31",
"date":"2013-07-22 15:03:20"
},
{
"kids":[
"A1e7ZgICU",
"A1e3XhLQJ",
"A1dIgu9XN",
"A1dhUsxx4",
"A1dei8YWH",
"A1d6BuekB",
"A1cXtnkQP",
"A1cWjxxqs",
"A1cV0jS4P",
"A1cTybeUX",
"A1cT1Fvp7"
],
"uid":"210005278",
"parent":"A1cRNbh7s",
"text":"",
"mid":"A1cSscnBV",
"date":"2013-07-22 15:03:12"
},
{
"kids":[],
"uid":"bandalaoke",
"parent":"A1cNE5y8q",
"text":"",
"mid":"A1cSmziGE",
"date":"2013-07-22 15:03:02"
},
{
"kids":[],
"uid":"2101097210",
"parent":"A1cFUcFYC",
"text":"",
"mid":"A1cSeAwEf",
"date":"2013-07-22 15:02:40"
},
{
"kids":[
"A1dG9hpjp",
"A1dcghLS6"
],
"uid":"3096586111",
"parent":"A1cCCh7NI",
"text":"城管是专制独裁暴政豢养的地痞流氓无赖打手暴徒！",
"mid":"A1cS4AgeP",
"date":"2013-07-22 15:02:17"
},
{
"kids":[],
"uid":"1493206361",
"parent":"A1cP5irg1",
"text":"哦，还好，没有用称砣。",
"mid":"A1cRT2jXt",
"date":"2013-07-22 15:01:49"
},
{
"kids":[],
"uid":"cdny",
"parent":"",
"text":"这股势力必然会给社会带来灾难。",
"mid":"A1cRRxqVQ",
"date":"2013-07-22 15:01:46"
},
{
"kids":[
"A1fiDae0f",
"A1f7nuj05",
"A1eU2pps0",
"A1eapEVCs",
"A1e8Xwb0Z",
"A1e7ZgICU",
"A1e3XhLQJ",
"A1dXFwDUq",
"A1dWvponA",
"A1dVdDx7e",
"A1dUeuTTq",
"A1dL2vyc4",
"A1dIgu9XN",
"A1dH0cprb",
"A1dyN5roz",
"A1dxx6U9B",
"A1dwFz75e",
"A1duHxB8A",
"A1dqKwPUT",
"A1dpQq1pj",
"A1diuw0Bg",
"A1did2Fx7",
"A1dhUsxx4",
"A1dhSEs0Y",
"A1dh8f6ln",
"A1deQsbl5",
"A1dei8YWH",
"A1ddEf6L4",
"A1dcmaR0x",
"A1dbYyX9L",
"A1db3fWD8",
"A1d9da6g1",
"A1d86CPuM",
"A1d7usqrN",
"A1d6BuekB",
"A1d5VfJYs",
"A1d4t8Ba6",
"A1d3Qagom",
"A1d3yr0j0",
"A1d2Zg2fl",
"A1d2xqX7z",
"A1d2bCBMO",
"A1d27rXxA",
"A1d207eXG",
"A1d1D2RdY",
"A1d1gjByt",
"A1d176k4C",
"A1d0qjvjs",
"A1cZvyMOi",
"A1cYphX85",
"A1cXtnkQP",
"A1cWOBFmd",
"A1cWjxxqs",
"A1cVKakq8",
"A1cV0jS4P",
"A1cTBa31S",
"A1cTybeUX",
"A1cTeqEcr",
"A1cT1Fvp7",
"A1cSscnBV"
],
"uid":"3217848597",
"parent":"A1cQuv28R",
"text":"你们是想要打死他，不想给他活路。怒转！",
"mid":"A1cRNbh7s",
"date":"2013-07-22 15:01:33"
},
{
"kids":[],
"uid":"1915948191",
"parent":"A1cPqfQNt",
"text":"",
"mid":"A1cRynbke",
"date":"2013-07-22 15:00:59"
},
{
"kids":[],
"uid":"2955303502",
"parent":"A1cKTwsU1",
"text":"",
"mid":"A1cRnskJP",
"date":"2013-07-22 15:00:32"
},
{
"kids":[
"A1cSVtcxA"
],
"uid":"pingtian",
"parent":"A1cB4yyIp",
"text":"无论哪里的城管全是武行呀，特种部队。只是对手无寸铁，老弱病残。",
"mid":"A1cRheIv2",
"date":"2013-07-22 15:00:17"
},
{
"kids":[
"A1cTSixoG"
],
"uid":"1881904813",
"parent":"A1cCckcra",
"text":"中国式的土匪！[怒]",
"mid":"A1cR62fY5",
"date":"2013-07-22 14:59:52"
},
{
"kids":[
"A1fiDae0f",
"A1f7nuj05",
"A1eU2pps0",
"A1eapEVCs",
"A1e8Xwb0Z",
"A1e7ZgICU",
"A1e3XhLQJ",
"A1dXFwDUq",
"A1dWvponA",
"A1dVdDx7e",
"A1dUeuTTq",
"A1dL2vyc4",
"A1dIgu9XN",
"A1dH0cprb",
"A1dyN5roz",
"A1dxx6U9B",
"A1dwFz75e",
"A1duHxB8A",
"A1dqKwPUT",
"A1dpQq1pj",
"A1diuw0Bg",
"A1did2Fx7",
"A1dhUsxx4",
"A1dhSEs0Y",
"A1dh8f6ln",
"A1deQsbl5",
"A1dei8YWH",
"A1ddEf6L4",
"A1dcmaR0x",
"A1dbYyX9L",
"A1db3fWD8",
"A1d9da6g1",
"A1d86CPuM",
"A1d7usqrN",
"A1d6BuekB",
"A1d5VfJYs",
"A1d4t8Ba6",
"A1d3Qagom",
"A1d3yr0j0",
"A1d2Zg2fl",
"A1d2xqX7z",
"A1d2bCBMO",
"A1d27rXxA",
"A1d207eXG",
"A1d1D2RdY",
"A1d1gjByt",
"A1d176k4C",
"A1d0qjvjs",
"A1cZvyMOi",
"A1cYphX85",
"A1cXtnkQP",
"A1cWOBFmd",
"A1cWjxxqs",
"A1cVKakq8",
"A1cV0jS4P",
"A1cTBa31S",
"A1cTybeUX",
"A1cTeqEcr",
"A1cT1Fvp7",
"A1cSscnBV",
"A1cRNbh7s"
],
"uid":"809039951",
"parent":"A1cOF1AWR",
"text":"[威武][围观]",
"mid":"A1cQuv28R",
"date":"2013-07-22 14:58:22"
},
{
"kids":[],
"uid":"2384106894",
"parent":"A1cOF1AWR",
"text":"",
"mid":"A1cQrwqwc",
"date":"2013-07-22 14:58:15"
},
{
"kids":[],
"uid":"1941219685",
"parent":"",
"text":"",
"mid":"A1cPNAZKe",
"date":"2013-07-22 14:56:40"
},
{
"kids":[
"A1fpSk1AW",
"A1eaqz0Gh",
"A1e0mcspD",
"A1dV0CA7k",
"A1dOKEGHr",
"A1dKL5t6H",
"A1dKtACsS",
"A1daNeGC9",
"A1d4M5K1A",
"A1d4j61CG",
"A1cZz4vbR",
"A1cZ7j2IP",
"A1cYythxu",
"A1cYm21yA",
"A1cXO2OJs",
"A1cWevI5o",
"A1cW8DxB7",
"A1cVTyJJZ",
"A1cRynbke"
],
"uid":"2869521412",
"parent":"A1cOF1AWR",
"text":"",
"mid":"A1cPqfQNt",
"date":"2013-07-22 14:55:44"
},
{
"kids":[],
"uid":"2810305637",
"parent":"A1cOF1AWR",
"text":"",
"mid":"A1cPlhoDK",
"date":"2013-07-22 14:55:34"
},
{
"kids":[
"A1cRT2jXt"
],
"uid":"1289847704",
"parent":"A1cNE5y8q",
"text":"都是贫民家的孩子，怎么就可以这样对待百姓哪？百思不得其解！这个七星的社会。",
"mid":"A1cP5irg1",
"date":"2013-07-22 14:54:55"
},
{
"kids":[],
"uid":"2023453600",
"parent":"",
"text":"",
"mid":"A1cP30hOC",
"date":"2013-07-22 14:54:46"
},
{
"kids":[],
"uid":"2786724657",
"parent":"A1cJkFaMA",
"text":"",
"mid":"A1cOZ7oEj",
"date":"2013-07-22 14:54:38"
},
{
"kids":[
"A1fpSk1AW",
"A1fiDae0f",
"A1f7nuj05",
"A1eU2pps0",
"A1eaqz0Gh",
"A1eapEVCs",
"A1e8Xwb0Z",
"A1e7ZgICU",
"A1e3XhLQJ",
"A1e0mcspD",
"A1dXFwDUq",
"A1dWvponA",
"A1dVdDx7e",
"A1dV0CA7k",
"A1dUeuTTq",
"A1dOKEGHr",
"A1dL2vyc4",
"A1dKL5t6H",
"A1dKtACsS",
"A1dIgu9XN",
"A1dH0cprb",
"A1dyN5roz",
"A1dxx6U9B",
"A1dwFz75e",
"A1duHxB8A",
"A1dqKwPUT",
"A1dpQq1pj",
"A1diuw0Bg",
"A1did2Fx7",
"A1dhUsxx4",
"A1dhSEs0Y",
"A1dh8f6ln",
"A1deQsbl5",
"A1dei8YWH",
"A1ddEf6L4",
"A1dcmaR0x",
"A1dbYyX9L",
"A1db3fWD8",
"A1daNeGC9",
"A1d9da6g1",
"A1d86CPuM",
"A1d7usqrN",
"A1d6BuekB",
"A1d5VfJYs",
"A1d4M5K1A",
"A1d4t8Ba6",
"A1d4j61CG",
"A1d3Qagom",
"A1d3yr0j0",
"A1d2Zg2fl",
"A1d2xqX7z",
"A1d2bCBMO",
"A1d27rXxA",
"A1d207eXG",
"A1d1D2RdY",
"A1d1gjByt",
"A1d176k4C",
"A1d0qjvjs",
"A1cZz4vbR",
"A1cZvyMOi",
"A1cZ7j2IP",
"A1cYythxu",
"A1cYphX85",
"A1cYm21yA",
"A1cXO2OJs",
"A1cXtnkQP",
"A1cWOBFmd",
"A1cWjxxqs",
"A1cWevI5o",
"A1cW8DxB7",
"A1cVTyJJZ",
"A1cVKakq8",
"A1cV0jS4P",
"A1cTBa31S",
"A1cTybeUX",
"A1cTeqEcr",
"A1cT1Fvp7",
"A1cSscnBV",
"A1cRNbh7s",
"A1cRynbke",
"A1cQuv28R",
"A1cQrwqwc",
"A1cPqfQNt",
"A1cPlhoDK"
],
"uid":"3217848597",
"parent":"A1cMWm2nO",
"text":"城管打人事件屡见不鲜[怒]@exen--excellent: 无章无号临时工啊怎奈何？",
"mid":"A1cOF1AWR",
"date":"2013-07-22 14:53:52"
},
{
"kids":[
"A1ddxaQBZ",
"A1dcbwkT2",
"A1d1vm8xz"
],
"uid":"2235327342",
"parent":"A1cNE5y8q",
"text":"[ok]",
"mid":"A1cOj8cll",
"date":"2013-07-22 14:53:00"
},
{
"kids":[],
"uid":"1659994064",
"parent":"A1cFUcFYC",
"text":"",
"mid":"A1cNUBfM7",
"date":"2013-07-22 14:52:02"
},
{
"kids":[],
"uid":"1406167890",
"parent":"A1cNE5y8q",
"text":"",
"mid":"A1cNT7iol",
"date":"2013-07-22 14:51:57"
},
{
"kids":[],
"uid":"1635015213",
"parent":"",
"text":"",
"mid":"A1cNSw8FU",
"date":"2013-07-22 14:51:55"
},
{
"kids":[
"A1e11wYd7",
"A1dSVtNHn",
"A1dCu3LcO",
"A1ddxaQBZ",
"A1dcbwkT2",
"A1d1vm8xz",
"A1d1euTdS",
"A1cTZo6IS",
"A1cSmziGE",
"A1cRT2jXt",
"A1cP5irg1",
"A1cOj8cll",
"A1cNT7iol"
],
"uid":"3096586111",
"parent":"A1cCCh7NI",
"text":"城管是花纳税人血汗钱，豢养的专制独裁暴政血腥打手暴徒。",
"mid":"A1cNE5y8q",
"date":"2013-07-22 14:51:22"
},
{
"kids":[
"A1fpSk1AW",
"A1fiDae0f",
"A1f7nuj05",
"A1eU2pps0",
"A1eaqz0Gh",
"A1eapEVCs",
"A1e8Xwb0Z",
"A1e7ZgICU",
"A1e3XhLQJ",
"A1e2ZC6jA",
"A1e1vFz2n",
"A1e0mcspD",
"A1dXFwDUq",
"A1dWvponA",
"A1dVdDx7e",
"A1dV0CA7k",
"A1dUeuTTq",
"A1dRfeGj1",
"A1dOKEGHr",
"A1dL2vyc4",
"A1dKL5t6H",
"A1dKtACsS",
"A1dIgu9XN",
"A1dH0cprb",
"A1dyN5roz",
"A1dxx6U9B",
"A1dwFz75e",
"A1duHxB8A",
"A1dqKwPUT",
"A1dpQq1pj",
"A1diuw0Bg",
"A1did2Fx7",
"A1dhUsxx4",
"A1dhSEs0Y",
"A1dh8f6ln",
"A1deQsbl5",
"A1dei8YWH",
"A1ddEf6L4",
"A1dcmaR0x",
"A1dbYyX9L",
"A1db3fWD8",
"A1daNeGC9",
"A1d9da6g1",
"A1d86CPuM",
"A1d7usqrN",
"A1d7k9iXG",
"A1d6BuekB",
"A1d5VfJYs",
"A1d4M5K1A",
"A1d4t8Ba6",
"A1d4j61CG",
"A1d3Qagom",
"A1d3yr0j0",
"A1d2Zg2fl",
"A1d2xqX7z",
"A1d2bCBMO",
"A1d27rXxA",
"A1d207eXG",
"A1d1D2RdY",
"A1d1gjByt",
"A1d176k4C",
"A1d0qjvjs",
"A1cZz4vbR",
"A1cZvyMOi",
"A1cZ7j2IP",
"A1cYythxu",
"A1cYphX85",
"A1cYm21yA",
"A1cXO2OJs",
"A1cXtnkQP",
"A1cWOBFmd",
"A1cWjxxqs",
"A1cWevI5o",
"A1cW8DxB7",
"A1cVTyJJZ",
"A1cVKakq8",
"A1cV0jS4P",
"A1cTBa31S",
"A1cTybeUX",
"A1cTeqEcr",
"A1cT1Fvp7",
"A1cSscnBV",
"A1cRNbh7s",
"A1cRynbke",
"A1cQuv28R",
"A1cQrwqwc",
"A1cPqfQNt",
"A1cPlhoDK",
"A1cOF1AWR"
],
"uid":"1408079710",
"parent":"",
"text":"无章无号临时工啊怎奈何？",
"mid":"A1cMWm2nO",
"date":"2013-07-22 14:49:38"
},
{
"kids":[],
"uid":"1123945204aaaaaaaaaa",
"parent":"",
"text":"",
"mid":"A1cMwBjQE",
"date":"2013-07-22 14:48:38"
},
{
"kids":[],
"uid":"sbhouse",
"parent":"A1cCCh7NI",
"text":"",
"mid":"A1cLZdM25",
"date":"2013-07-22 14:47:17"
},
{
"kids":[],
"uid":"2497505832",
"parent":"A1cKTwsU1",
"text":"@赖小特特",
"mid":"A1cLVpW1T",
"date":"2013-07-22 14:47:09"
},
{
"kids":[
"A1diWzyqg",
"A1dfKyXt4",
"A1dfkzsau",
"A1dc0iCgT"
],
"uid":"3217848597",
"parent":"A1cIMmeSQ",
"text":"",
"mid":"A1cLapmpf",
"date":"2013-07-22 14:45:14"
},
{
"kids":[
"A1uUTj8xH",
"A1h4hxuSh",
"A1gttek2t",
"A1gr4x2Lf",
"A1fMAmc8B",
"A1fJQsbLR",
"A1fFH45Eo",
"A1fBgfNyo",
"A1fB8yA2q",
"A1fxv5O3w",
"A1fw77scv",
"A1fvXDN0M",
"A1ftM2a5A",
"A1fsezzs9",
"A1frwffTI",
"A1fqC6ejH",
"A1fqikzxJ",
"A1fq48OGm",
"A1fpBdyrX",
"A1fp5wSWa",
"A1fp4mJ9a",
"A1fow78I7",
"A1fositce",
"A1fonh09y",
"A1fnW4KoP",
"A1fmNoVoA",
"A1fl0CXfR",
"A1fjfzLQW",
"A1fhpwT7f",
"A1f1czBdH",
"A1eZlkkSY",
"A1eZa47tz",
"A1eYLxcAm",
"A1eYKFgG4",
"A1eYbduzq",
"A1eXxlYzf",
"A1eXqvFhM",
"A1eX2jYBo",
"A1eV7evWP"
],
"uid":"2900402587",
"parent":"A1cC5tpYG",
"text":"城管确实的是政府里的黑打首，恐怖组织",
"mid":"A1cL29WhB",
"date":"2013-07-22 14:44:55"
},
{
"kids":[
"A1cRnskJP",
"A1cLVpW1T"
],
"uid":"2462241891",
"parent":"",
"text":"",
"mid":"A1cKTwsU1",
"date":"2013-07-22 14:44:36"
},
{
"kids":[],
"uid":"2872646524",
"parent":"A1cCckcra",
"text":"[怒]",
"mid":"A1cKCpHjc",
"date":"2013-07-22 14:43:55"
},
{
"kids":[],
"uid":"2175861812",
"parent":"A1cCO8tGB",
"text":"",
"mid":"A1cKkFEyZ",
"date":"2013-07-22 14:43:12"
},
{
"kids":[],
"uid":"2797234555",
"parent":"A1cvctLss",
"text":"",
"mid":"A1cJHoJfM",
"date":"2013-07-22 14:41:39"
},
{
"kids":[
"A1cOZ7oEj"
],
"uid":"3049913787",
"parent":"A1cDclnJ6",
"text":"[怒]",
"mid":"A1cJkFaMA",
"date":"2013-07-22 14:40:44"
},
{
"kids":[],
"uid":"2265817980",
"parent":"A1cFPr3YA",
"text":"",
"mid":"A1cITrLTG",
"date":"2013-07-22 14:39:39"
},
{
"kids":[
"A1diWzyqg",
"A1dfKyXt4",
"A1dfkzsau",
"A1dc0iCgT",
"A1cLapmpf"
],
"uid":"1791806747",
"parent":"A1cvctLss",
"text":"",
"mid":"A1cIMmeSQ",
"date":"2013-07-22 14:39:23"
},
{
"kids":[],
"uid":"3169686600",
"parent":"",
"text":"[抓狂]",
"mid":"A1cIJoTEW",
"date":"2013-07-22 14:39:14"
},
{
"kids":[],
"uid":"3519084542",
"parent":"A1cInwEZs",
"text":"北京啊？",
"mid":"A1cIJ9hxq",
"date":"2013-07-22 14:39:13"
},
{
"kids":[
"A1cIJ9hxq"
],
"uid":"2151661273",
"parent":"A1cCckcra",
"text":"",
"mid":"A1cInwEZs",
"date":"2013-07-22 14:38:24"
},
{
"kids":[],
"uid":"3206799805",
"parent":"A1cvctLss",
"text":"",
"mid":"A1cIkyL22",
"date":"2013-07-22 14:38:17"
},
{
"kids":[],
"uid":"2051169851",
"parent":"A1cCckcra",
"text":"中国式敢死队…[怒]",
"mid":"A1cIf0yku",
"date":"2013-07-22 14:38:02"
},
{
"kids":[],
"uid":"2521736690",
"parent":"A1cCckcra",
"text":"为何不判刑！",
"mid":"A1cHJ3ySe",
"date":"2013-07-22 14:36:45"
},
{
"kids":[],
"uid":"1924694561",
"parent":"A1cCckcra",
"text":"",
"mid":"A1cHyr3oJ",
"date":"2013-07-22 14:36:20"
},
{
"kids":[],
"uid":"gmr55095018",
"parent":"A1cFPtxtU",
"text":"阳光下的黑社会组织",
"mid":"A1cGPt80c",
"date":"2013-07-22 14:34:34"
},
{
"kids":[],
"uid":"2676996905",
"parent":"A1cvctLss",
"text":"黑社会",
"mid":"A1cGlmV1u",
"date":"2013-07-22 14:33:21"
},
{
"kids":[],
"uid":"1764175667",
"parent":"A1cCckcra",
"text":"城管不除国无宁日！",
"mid":"A1cGirppV",
"date":"2013-07-22 14:33:14"
},
{
"kids":[
"A1dMMDGBV",
"A1dLt5BN1",
"A1dDuqO1X",
"A1dwgueGM",
"A1dqndfLH",
"A1dpuyGtl",
"A1doLEkQc",
"A1dkzkYaM",
"A1djNqcqd",
"A1dhvCQWF",
"A1dfCizUd",
"A1deOFGie",
"A1deKcoFC",
"A1dexfCih",
"A1ddxbp8a",
"A1ddn6HV1",
"A1ddhc1T2",
"A1dcYyJVz",
"A1dcdkqmN",
"A1cXFs15V",
"A1cSuyw31",
"A1cSeAwEf",
"A1cNUBfM7"
],
"uid":"2093199283",
"parent":"A1cCckcra",
"text":"手上还拿了东西打",
"mid":"A1cFUcFYC",
"date":"2013-07-22 14:32:17"
},
{
"kids":[
"A1cGPt80c"
],
"uid":"897200zzp",
"parent":"A1cBolFpv",
"text":"早就建议撤掉这个组织，但没人采纳。执政党的形象和地位会让他给毁了",
"mid":"A1cFPtxtU",
"date":"2013-07-22 14:32:06"
},
{
"kids":[
"A1i2ykSfz"
],
"uid":"2168034342",
"parent":"",
"text":"它不是一个组织,它是政府的一个城市管理部门,是有编制的正式机构.",
"mid":"A1cFPr47B",
"date":"2013-07-22 14:32:08"
},
{
"kids":[
"A1cITrLTG"
],
"uid":"2830708535",
"parent":"",
"text":"",
"mid":"A1cFPr3YA",
"date":"2013-07-22 14:32:07"
},
{
"kids":[],
"uid":"2066245641",
"parent":"A1cCckcra",
"text":"",
"mid":"A1cFCthAj",
"date":"2013-07-22 14:31:34"
},
{
"kids":[],
"uid":"1816578841",
"parent":"A1cpeziHx",
"text":"",
"mid":"A1cDP32XK",
"date":"2013-07-22 14:27:09"
},
{
"kids":[],
"uid":"2863400931",
"parent":"",
"text":"我要当城管！",
"mid":"A1cDrppgN",
"date":"2013-07-22 14:26:14"
},
{
"kids":[
"A1cOZ7oEj",
"A1cJkFaMA"
],
"uid":"3231730154",
"parent":"A1cBolFpv",
"text":"",
"mid":"A1cDclnJ6",
"date":"2013-07-22 14:25:37"
},
{
"kids":[],
"uid":"1007636665",
"parent":"",
"text":"有关部门不闻不问，老百姓只有挨宰的份。",
"mid":"A1cD4mAdA",
"date":"2013-07-22 14:25:18"
},
{
"kids":[
"A1cKkFEyZ"
],
"uid":"2137531394",
"parent":"A1czk5e8d",
"text":"",
"mid":"A1cCO8tGB",
"date":"2013-07-22 14:24:40"
},
{
"kids":[
"A1e11wYd7",
"A1dSVtNHn",
"A1dG9hpjp",
"A1dCu3LcO",
"A1ddxaQBZ",
"A1dcghLS6",
"A1dcbwkT2",
"A1d1vm8xz",
"A1d1euTdS",
"A1cTZo6IS",
"A1cSmziGE",
"A1cS4AgeP",
"A1cRT2jXt",
"A1cP5irg1",
"A1cOj8cll",
"A1cNT7iol",
"A1cNE5y8q",
"A1cLZdM25"
],
"uid":"2269448535",
"parent":"A1cCckcra",
"text":"",
"mid":"A1cCCh7NI",
"date":"2013-07-22 14:24:12"
},
{
"kids":[],
"uid":"2290234664",
"parent":"A1cCckcra",
"text":"",
"mid":"A1cCxzM2p",
"date":"2013-07-22 14:24:01"
},
{
"kids":[
"A1e11wYd7",
"A1dSVtNHn",
"A1dO4a9RM",
"A1dMMDGBV",
"A1dLt5BN1",
"A1dG9hpjp",
"A1dDuqO1X",
"A1dCu3LcO",
"A1dwgueGM",
"A1dqndfLH",
"A1dpuyGtl",
"A1doLEkQc",
"A1dkzkYaM",
"A1djNqcqd",
"A1dhvCQWF",
"A1dfCizUd",
"A1deOFGie",
"A1deKcoFC",
"A1dexfCih",
"A1ddxbp8a",
"A1ddxaQBZ",
"A1ddn6HV1",
"A1ddhc1T2",
"A1dcYyJVz",
"A1dcghLS6",
"A1dcdkqmN",
"A1dcbwkT2",
"A1d8Ojc9r",
"A1d2WiGvW",
"A1d1vm8xz",
"A1d1euTdS",
"A1cXFs15V",
"A1cTZo6IS",
"A1cTSixoG",
"A1cSuyw31",
"A1cSmziGE",
"A1cSeAwEf",
"A1cS4AgeP",
"A1cRT2jXt",
"A1cR62fY5",
"A1cP5irg1",
"A1cOj8cll",
"A1cNUBfM7",
"A1cNT7iol",
"A1cNE5y8q",
"A1cLZdM25",
"A1cKCpHjc",
"A1cIJ9hxq",
"A1cInwEZs",
"A1cIf0yku",
"A1cHJ3ySe",
"A1cHyr3oJ",
"A1cGirppV",
"A1cFUcFYC",
"A1cFCthAj",
"A1cCCh7NI",
"A1cCxzM2p"
],
"uid":"3217848597",
"parent":"A1cB4yyIp",
"text":"@严海鲸:",
"mid":"A1cCckcra",
"date":"2013-07-22 14:23:10"
},
{
"kids":[
"A1uUTj8xH",
"A1h4hxuSh",
"A1gttek2t",
"A1gr4x2Lf",
"A1fMAmc8B",
"A1fJQsbLR",
"A1fFH45Eo",
"A1fBgfNyo",
"A1fB8yA2q",
"A1fxv5O3w",
"A1fw77scv",
"A1fvXDN0M",
"A1ftM2a5A",
"A1fsezzs9",
"A1frwffTI",
"A1fqC6ejH",
"A1fqikzxJ",
"A1fq48OGm",
"A1fpBdyrX",
"A1fp5wSWa",
"A1fp4mJ9a",
"A1fow78I7",
"A1fositce",
"A1fonh09y",
"A1fnW4KoP",
"A1fmNoVoA",
"A1fl0CXfR",
"A1fjfzLQW",
"A1fhpwT7f",
"A1f1czBdH",
"A1eZlkkSY",
"A1eZa47tz",
"A1eYLxcAm",
"A1eYKFgG4",
"A1eYbduzq",
"A1eXxlYzf",
"A1eXqvFhM",
"A1eX2jYBo",
"A1eV7evWP",
"A1cVi0XDi",
"A1cL29WhB"
],
"uid":"3217848597",
"parent":"A1czk5e8d",
"text":"[哈哈]",
"mid":"A1cC5tpYG",
"date":"2013-07-22 14:22:54"
},
{
"kids":[
"A1cOZ7oEj",
"A1cJkFaMA",
"A1cGPt80c",
"A1cFPtxtU",
"A1cDclnJ6"
],
"uid":"1767067650",
"parent":"",
"text":"",
"mid":"A1cBolFpv",
"date":"2013-07-22 14:21:11"
},
{
"kids":[
"A1e11wYd7",
"A1dSVtNHn",
"A1dO4a9RM",
"A1dMMDGBV",
"A1dLt5BN1",
"A1dG9hpjp",
"A1dDuqO1X",
"A1dCu3LcO",
"A1dwgueGM",
"A1dqndfLH",
"A1dpuyGtl",
"A1doLEkQc",
"A1dkzkYaM",
"A1djNqcqd",
"A1dhvCQWF",
"A1dfCizUd",
"A1deOFGie",
"A1deKcoFC",
"A1dexfCih",
"A1ddxbp8a",
"A1ddxaQBZ",
"A1ddn6HV1",
"A1ddhc1T2",
"A1dcYyJVz",
"A1dcghLS6",
"A1dcdkqmN",
"A1dcbwkT2",
"A1d8Ojc9r",
"A1d2WiGvW",
"A1d1vm8xz",
"A1d1euTdS",
"A1cXFs15V",
"A1cTZo6IS",
"A1cTSixoG",
"A1cSVtcxA",
"A1cSuyw31",
"A1cSmziGE",
"A1cSeAwEf",
"A1cS4AgeP",
"A1cRT2jXt",
"A1cRheIv2",
"A1cR62fY5",
"A1cP5irg1",
"A1cOj8cll",
"A1cNUBfM7",
"A1cNT7iol",
"A1cNE5y8q",
"A1cLZdM25",
"A1cKCpHjc",
"A1cIJ9hxq",
"A1cInwEZs",
"A1cIf0yku",
"A1cHJ3ySe",
"A1cHyr3oJ",
"A1cGirppV",
"A1cFUcFYC",
"A1cFCthAj",
"A1cCCh7NI",
"A1cCxzM2p",
"A1cCckcra"
],
"uid":"yanhaijing",
"parent":"",
"text":"",
"mid":"A1cB4yyIp",
"date":"2013-07-22 14:20:23"
},
{
"kids":[],
"uid":"laojinlaiye",
"parent":"A1cvctLss",
"text":"[吃惊]",
"mid":"A1cAB0wDC",
"date":"2013-07-22 14:19:14"
},
{
"kids":[],
"uid":"1407992655",
"parent":"",
"text":"[怒]",
"mid":"A1cArwQIk",
"date":"2013-07-22 14:18:49"
},
{
"kids":[],
"uid":"3559015213",
"parent":"",
"text":"",
"mid":"A1czTwVjK",
"date":"2013-07-22 14:17:31"
},
{
"kids":[],
"uid":"2609087945",
"parent":"",
"text":"黑社会！@记者曹晓波 @纪许光 @邓飞 @任志强",
"mid":"A1czM9Mih",
"date":"2013-07-22 14:17:12"
},
{
"kids":[
"A1uUTj8xH",
"A1h4hxuSh",
"A1gttek2t",
"A1gr4x2Lf",
"A1fMAmc8B",
"A1fJQsbLR",
"A1fFH45Eo",
"A1fBgfNyo",
"A1fB8yA2q",
"A1fxv5O3w",
"A1fw77scv",
"A1fvXDN0M",
"A1ftM2a5A",
"A1fsezzs9",
"A1frwffTI",
"A1fqC6ejH",
"A1fqikzxJ",
"A1fq48OGm",
"A1fpBdyrX",
"A1fp5wSWa",
"A1fp4mJ9a",
"A1fow78I7",
"A1fositce",
"A1fonh09y",
"A1fnW4KoP",
"A1fmNoVoA",
"A1fl0CXfR",
"A1fjfzLQW",
"A1fhpwT7f",
"A1f1czBdH",
"A1eZlkkSY",
"A1eZa47tz",
"A1eYLxcAm",
"A1eYKFgG4",
"A1eYbduzq",
"A1eXxlYzf",
"A1eXqvFhM",
"A1eX2jYBo",
"A1eV7evWP",
"A1cVi0XDi",
"A1cL29WhB",
"A1cKkFEyZ",
"A1cCO8tGB",
"A1cC5tpYG"
],
"uid":"zixiaba",
"parent":"A1cvctLss",
"text":"恐怖组织",
"mid":"A1czk5e8d",
"date":"2013-07-22 14:16:04"
},
{
"kids":[],
"uid":"1840985617",
"parent":"",
"text":"",
"mid":"A1cxr4i5d",
"date":"2013-07-22 14:11:26"
},
{
"kids":[],
"uid":"1639446473",
"parent":"",
"text":"",
"mid":"A1cve0JYJ",
"date":"2013-07-22 14:05:59"
},
{
"kids":[
"A1uUTj8xH",
"A1h4hxuSh",
"A1gttek2t",
"A1gr4x2Lf",
"A1fMAmc8B",
"A1fJQsbLR",
"A1fImd00Q",
"A1fFH45Eo",
"A1fBgfNyo",
"A1fB8yA2q",
"A1fxv5O3w",
"A1fw77scv",
"A1fvXDN0M",
"A1ftM2a5A",
"A1fsezzs9",
"A1frZvgXh",
"A1frwffTI",
"A1fqC6ejH",
"A1fqikzxJ",
"A1fq48OGm",
"A1fpBdyrX",
"A1fp5wSWa",
"A1fp4mJ9a",
"A1fow78I7",
"A1fositce",
"A1fonh09y",
"A1fnW4KoP",
"A1fmNoVoA",
"A1fl0CXfR",
"A1fjfzLQW",
"A1fhpwT7f",
"A1f1czBdH",
"A1eZlkkSY",
"A1eZa47tz",
"A1eYLxcAm",
"A1eYKFgG4",
"A1eYbduzq",
"A1eXWpHqs",
"A1eXxlYzf",
"A1eXqvFhM",
"A1eX2jYBo",
"A1eWvaL8W",
"A1eV7evWP",
"A1eUwgp4V",
"A1eOzuaz5",
"A1eO4aJUf",
"A1eEZg3vK",
"A1exA6MTh",
"A1eu38I0Y",
"A1enwzu3P",
"A1emwwSi8",
"A1elK4Vre",
"A1ekAiz8u",
"A1e3Qtcms",
"A1dKdEmUj",
"A1dF1g0ZC",
"A1dzCvbpm",
"A1dzmucVV",
"A1dms3cg5",
"A1diWzyqg",
"A1dfKyXt4",
"A1dfkzsau",
"A1deOo57t",
"A1dc0iCgT",
"A1d5szzSe",
"A1d4nyMJC",
"A1cVi0XDi",
"A1cLapmpf",
"A1cL29WhB",
"A1cKkFEyZ",
"A1cJHoJfM",
"A1cIMmeSQ",
"A1cIkyL22",
"A1cGlmV1u",
"A1cCO8tGB",
"A1cC5tpYG",
"A1cAB0wDC",
"A1czk5e8d"
],
"uid":"3217848597",
"parent":"A1ctJdwLt",
"text":"@金箍棒观天下 @北风hj @孔智勇- @天下第一港 @绝对言论 @李蒙嬗 @新闻快播V @元芳视角 @椰香薄饼歌 @江O淳 @江湖浪子X @说是论非",
"mid":"A1cvctLss",
"date":"2013-07-22 14:05:56"
},
{
"kids":[
"A1dTR7GCe"
],
"uid":"zaishuizhizhou",
"parent":"",
"text":"",
"mid":"A1cv0oQ25",
"date":"2013-07-22 14:05:25"
},
{
"kids":[],
"uid":"1687536654",
"parent":"",
"text":"",
"mid":"A1cu49Ari",
"date":"2013-07-22 14:03:06"
},
{
"kids":[
"A1uUTj8xH",
"A1h4hxuSh",
"A1gttek2t",
"A1gr4x2Lf",
"A1fMAmc8B",
"A1fJQsbLR",
"A1fImd00Q",
"A1fFH45Eo",
"A1fBgfNyo",
"A1fB8yA2q",
"A1fxv5O3w",
"A1fw77scv",
"A1fvXDN0M",
"A1ftM2a5A",
"A1fsezzs9",
"A1frZvgXh",
"A1frwffTI",
"A1fqC6ejH",
"A1fqikzxJ",
"A1fq48OGm",
"A1fpBdyrX",
"A1fp5wSWa",
"A1fp4mJ9a",
"A1fow78I7",
"A1fositce",
"A1fonh09y",
"A1fnW4KoP",
"A1fmNoVoA",
"A1fl0CXfR",
"A1fjfzLQW",
"A1fhpwT7f",
"A1f1czBdH",
"A1eZlkkSY",
"A1eZa47tz",
"A1eYLxcAm",
"A1eYKFgG4",
"A1eYbduzq",
"A1eXWpHqs",
"A1eXxlYzf",
"A1eXqvFhM",
"A1eX2jYBo",
"A1eWvaL8W",
"A1eV7evWP",
"A1eUwgp4V",
"A1eOzuaz5",
"A1eO4aJUf",
"A1eEZg3vK",
"A1exA6MTh",
"A1eu38I0Y",
"A1enwzu3P",
"A1emwwSi8",
"A1elK4Vre",
"A1ekAiz8u",
"A1e3Qtcms",
"A1dKdEmUj",
"A1dF1g0ZC",
"A1dzCvbpm",
"A1dzmucVV",
"A1dms3cg5",
"A1diWzyqg",
"A1dfKyXt4",
"A1dfkzsau",
"A1deOo57t",
"A1dc0iCgT",
"A1d5szzSe",
"A1d4nyMJC",
"A1cVi0XDi",
"A1cLapmpf",
"A1cL29WhB",
"A1cKkFEyZ",
"A1cJHoJfM",
"A1cIMmeSQ",
"A1cIkyL22",
"A1cGlmV1u",
"A1cCO8tGB",
"A1cC5tpYG",
"A1cAB0wDC",
"A1czk5e8d",
"A1cvctLss"
],
"uid":"1803924210",
"parent":"",
"text":"城管[威武]",
"mid":"A1ctJdwLt",
"date":"2013-07-22 14:02:16"
},
{
"kids":[],
"uid":"ajax1987",
"parent":"",
"text":"是北京哇",
"mid":"A1crt98O4",
"date":"2013-07-22 13:56:42"
},
{
"kids":[],
"uid":"2269154804",
"parent":"",
"text":"",
"mid":"A1cqFbGdR",
"date":"2013-07-22 13:54:44"
},
{
"kids":[],
"uid":"2092744567",
"parent":"",
"text":"国人应该鄙视当城管的人",
"mid":"A1cpi5Vvt",
"date":"2013-07-22 13:51:22"
},
{
"kids":[
"A1jocvUJt",
"A1cDP32XK"
],
"uid":"1758103261",
"parent":"",
"text":"这次拿着钢盔砸，不是秤砣！",
"mid":"A1cpeziHx",
"date":"2013-07-22 13:51:14"
},
{
"kids":[],
"uid":"2123380935",
"parent":"",
"text":"[話筒]",
"mid":"A1conmkbP",
"date":"2013-07-22 13:49:06"
}
]