[
{
"kids":[],
"uid":"3180494912",
"parent":"",
"text":"",
"mid":"zx1rlyHvU",
"date":"2013-05-16 22:01:36"
},
{
"kids":[],
"uid":"1776509204",
"parent":"",
"text":"",
"mid":"ztInaacLF",
"date":"2013-04-25 03:58:13"
},
{
"kids":[],
"uid":"2804347200",
"parent":"",
"text":"",
"mid":"ztyVYriw9",
"date":"2013-04-24 03:56:31"
},
{
"kids":[],
"uid":"3044774610",
"parent":"",
"text":"",
"mid":"ztyVY9HlK",
"date":"2013-04-24 03:56:30"
},
{
"kids":[],
"uid":"2920339082",
"parent":"",
"text":"",
"mid":"zsOWNCIC0",
"date":"2013-04-19 06:52:13"
},
{
"kids":[],
"uid":"3044239264",
"parent":"",
"text":"",
"mid":"zsGbjdsqO",
"date":"2013-04-18 08:33:13"
},
{
"kids":[],
"uid":"1777038062",
"parent":"",
"text":"",
"mid":"zsGbiBOHE",
"date":"2013-04-18 08:33:13"
},
{
"kids":[],
"uid":"2969955805",
"parent":"",
"text":"",
"mid":"zrYbPE9xg",
"date":"2013-04-13 16:33:38"
},
{
"kids":[],
"uid":"2803936674",
"parent":"",
"text":"",
"mid":"zrT9bBP1s",
"date":"2013-04-13 03:43:25"
},
{
"kids":[],
"uid":"2790137162",
"parent":"",
"text":"",
"mid":"zqXK9bJZf",
"date":"2013-04-07 01:35:09"
},
{
"kids":[],
"uid":"2125502170",
"parent":"",
"text":"",
"mid":"zqWOY9nRD",
"date":"2013-04-06 23:14:15"
},
{
"kids":[],
"uid":"2684155191",
"parent":"",
"text":"",
"mid":"zqSuQ3xQX",
"date":"2013-04-06 12:13:42"
},
{
"kids":[],
"uid":"2920279940",
"parent":"zpXBGqZH1",
"text":"",
"mid":"zqORnvpJ8",
"date":"2013-04-06 02:58:15"
},
{
"kids":[],
"uid":"2919460980",
"parent":"zpXBGqZH1",
"text":"",
"mid":"zqORndOsf",
"date":"2013-04-06 02:58:14"
},
{
"kids":[],
"uid":"2804551930",
"parent":"zpXBGqZH1",
"text":"",
"mid":"zqvnSfIeO",
"date":"2013-04-04 01:23:22"
},
{
"kids":[],
"uid":"1440671300",
"parent":"zpXBGqZH1",
"text":"",
"mid":"zqvnSfIcs",
"date":"2013-04-04 01:23:22"
},
{
"kids":[],
"uid":"2496955340",
"parent":"zpTU29UOq",
"text":"",
"mid":"zqqXzu6wl",
"date":"2013-04-03 14:07:35"
},
{
"kids":[],
"uid":"hougecekong",
"parent":"zq79EBowt",
"text":"/@司马平邦:",
"mid":"zqoOWgJmR",
"date":"2013-04-03 08:40:49"
},
{
"kids":[],
"uid":"2610145115",
"parent":"",
"text":"",
"mid":"zqh74bDii",
"date":"2013-04-02 13:03:30"
},
{
"kids":[],
"uid":"kunnaforver",
"parent":"zq5ptwvQ1",
"text":"",
"mid":"zqeCre1DF",
"date":"2013-04-02 06:42:33"
},
{
"kids":[],
"uid":"2919368872",
"parent":"",
"text":"",
"mid":"zqdHpDABF",
"date":"2013-04-02 04:22:04"
},
{
"kids":[],
"uid":"3033842407",
"parent":"zq9bY70Re",
"text":"",
"mid":"zqaB5F1xn",
"date":"2013-04-01 20:28:13"
},
{
"kids":[],
"uid":"anyada",
"parent":"zq5wTD07N",
"text":"",
"mid":"zqajQ0oML",
"date":"2013-04-01 19:45:41"
},
{
"kids":[],
"uid":"huihuiduan",
"parent":"",
"text":"",
"mid":"zq9NkoIUB",
"date":"2013-04-01 18:25:39"
},
{
"kids":[],
"uid":"1737571542",
"parent":"zq715l1Ei",
"text":"",
"mid":"zq9KE43mQ",
"date":"2013-04-01 18:19:00"
},
{
"kids":[],
"uid":"2798343191",
"parent":"zq9bY70Re",
"text":"",
"mid":"zq9xdnSpL",
"date":"2013-04-01 17:45:56"
},
{
"kids":[],
"uid":"3207179763",
"parent":"",
"text":"",
"mid":"zq9waFVaf",
"date":"2013-04-01 17:43:21"
},
{
"kids":[],
"uid":"2921131300",
"parent":"",
"text":"",
"mid":"zq9m9x4Kg",
"date":"2013-04-01 17:18:42"
},
{
"kids":[],
"uid":"cenjunyi88888888",
"parent":"",
"text":"愚人节的性福局长？",
"mid":"zq9lTzxXC",
"date":"2013-04-01 17:18:02"
},
{
"kids":[],
"uid":"2475708782",
"parent":"zq9fs44qm",
"text":"",
"mid":"zq9iRlFCf",
"date":"2013-04-01 17:10:33"
},
{
"kids":[],
"uid":"3028553792",
"parent":"zq9bY70Re",
"text":"",
"mid":"zq9hipJFn",
"date":"2013-04-01 17:06:44"
},
{
"kids":[],
"uid":"2715173767",
"parent":"zq8Wh0p8r",
"text":"人家有帝王命，没办法。让某些肉食者也眼红呀",
"mid":"zq9hcv544",
"date":"2013-04-01 17:06:28"
},
{
"kids":[],
"uid":"2474656803",
"parent":"zq9bY70Re",
"text":"",
"mid":"zq9h61dXI",
"date":"2013-04-01 17:06:15"
},
{
"kids":[],
"uid":"1684155595",
"parent":"zq9dPhd3Y",
"text":"",
"mid":"zq9gT0w5j",
"date":"2013-04-01 17:05:43"
},
{
"kids":[],
"uid":"1400259721",
"parent":"zq9bY70Re",
"text":"",
"mid":"zq9fLijK6",
"date":"2013-04-01 17:02:57"
},
{
"kids":[
"zq9iRlFCf"
],
"uid":"2705479065",
"parent":"zq9bY70Re",
"text":"",
"mid":"zq9fs44qm",
"date":"2013-04-01 17:02:10"
},
{
"kids":[],
"uid":"2371628020",
"parent":"",
"text":"",
"mid":"zq9fjdbBR",
"date":"2013-04-01 17:01:50"
},
{
"kids":[],
"uid":"1664001034",
"parent":"zq9aJuUnO",
"text":"奇观。",
"mid":"zq9esjOgw",
"date":"2013-04-01 16:59:42"
},
{
"kids":[
"zq9gT0w5j"
],
"uid":"2726718651",
"parent":"zq9bY70Re",
"text":"",
"mid":"zq9dPhd3Y",
"date":"2013-04-01 16:58:11"
},
{
"kids":[],
"uid":"1002338867",
"parent":"zq9bY70Re",
"text":"[围观]",
"mid":"zq9dvdcLs",
"date":"2013-04-01 16:57:23"
},
{
"kids":[],
"uid":"1066544421",
"parent":"zq9bY70Re",
"text":"",
"mid":"zq9cPfpom",
"date":"2013-04-01 16:55:41"
},
{
"kids":[],
"uid":"1912602804",
"parent":"",
"text":"",
"mid":"zq9cuxz50",
"date":"2013-04-01 16:54:55"
},
{
"kids":[
"zqaB5F1xn",
"zq9xdnSpL",
"zq9hipJFn",
"zq9h61dXI",
"zq9fLijK6",
"zq9fs44qm",
"zq9dPhd3Y",
"zq9dvdcLs",
"zq9cPfpom"
],
"uid":"2006118263",
"parent":"",
"text":"老贴再顶！",
"mid":"zq9bY70Re",
"date":"2013-04-01 16:53:35"
},
{
"kids":[
"zq9esjOgw"
],
"uid":"2693938261",
"parent":"",
"text":"[哈哈]",
"mid":"zq9aJuUnO",
"date":"2013-04-01 16:50:33"
},
{
"kids":[
"zq9hcv544"
],
"uid":"1447271414",
"parent":"zq5wTD07N",
"text":"",
"mid":"zq8Wh0p8r",
"date":"2013-04-01 16:14:56"
},
{
"kids":[],
"uid":"lbw7",
"parent":"zq61c4Bm7",
"text":"绝",
"mid":"zq8hutGju",
"date":"2013-04-01 14:34:27"
},
{
"kids":[],
"uid":"2236500684",
"parent":"",
"text":"",
"mid":"zq7BActVe",
"date":"2013-04-01 12:51:11"
},
{
"kids":[],
"uid":"538366787",
"parent":"zq5YptDl0",
"text":"",
"mid":"zq7b2jv5V",
"date":"2013-04-01 11:45:49"
},
{
"kids":[
"zqoOWgJmR"
],
"uid":"1405482611",
"parent":"zq5wTD07N",
"text":"",
"mid":"zq79EBowt",
"date":"2013-04-01 11:42:25"
},
{
"kids":[
"zq9KE43mQ"
],
"uid":"1453712607",
"parent":"zq5qdmc59",
"text":"6个老婆～强撸灰飞烟灭！",
"mid":"zq715l1Ei",
"date":"2013-04-01 11:21:17"
},
{
"kids":[],
"uid":"2775153473",
"parent":"",
"text":"",
"mid":"zq70Iy1qQ",
"date":"2013-04-01 11:20:25"
},
{
"kids":[],
"uid":"2863136320",
"parent":"",
"text":"",
"mid":"zq6ZYdRVw",
"date":"2013-04-01 11:18:34"
},
{
"kids":[],
"uid":"1981118581",
"parent":"zpTRf1Rvg",
"text":"[哼]",
"mid":"zq6Zh6w8H",
"date":"2013-04-01 11:16:50"
},
{
"kids":[],
"uid":"1068809712",
"parent":"zq6VGiZgu",
"text":"",
"mid":"zq6WLElIH",
"date":"2013-04-01 11:10:39"
},
{
"kids":[],
"uid":"3034117245",
"parent":"zq5wTD07N",
"text":"厉害!垃圾局长为自己民政!",
"mid":"zq6Wt0u1a",
"date":"2013-04-01 11:09:55"
},
{
"kids":[
"zq6WLElIH"
],
"uid":"2922718060",
"parent":"zq5wTD07N",
"text":"？",
"mid":"zq6VGiZgu",
"date":"2013-04-01 11:07:58"
},
{
"kids":[],
"uid":"1812087701",
"parent":"zq5wTD07N",
"text":"",
"mid":"zq6SJkn5N",
"date":"2013-04-01 11:00:43"
},
{
"kids":[],
"uid":"2840482411",
"parent":"",
"text":"",
"mid":"zq6Rvnuca",
"date":"2013-04-01 10:57:41"
},
{
"kids":[],
"uid":"2699356652",
"parent":"",
"text":"这下好耍了，为二奶小三喝彩！她们是当代反腐的一把尖刀直插心脏。强烈要求中纪委对反腐做出贡献的她们编排事业单位职务，拿出涉案金额的10%作为现金奖励。@财经网 @重庆时报 从此反腐道路将会无比通畅，纪委不用再多养无用的饭桶了！同意就转！",
"mid":"zq6RmdTIu",
"date":"2013-04-01 10:57:20"
},
{
"kids":[],
"uid":"2087902072",
"parent":"zq5wTD07N",
"text":"",
"mid":"zq6OzDWY0",
"date":"2013-04-01 10:50:29"
},
{
"kids":[],
"uid":"caojiageng",
"parent":"zq5xHgrpk",
"text":"来起！大贪官！",
"mid":"zq6LgiG3f",
"date":"2013-04-01 10:42:19"
},
{
"kids":[],
"uid":"3210681822",
"parent":"zq5wTD07N",
"text":"",
"mid":"zq6HVdkd9",
"date":"2013-04-01 10:34:04"
},
{
"kids":[],
"uid":"wkw2010",
"parent":"zq5Sptfur",
"text":"",
"mid":"zq6HjkNJu",
"date":"2013-04-01 10:32:35"
},
{
"kids":[],
"uid":"3026454607",
"parent":"zq6iuatsF",
"text":"",
"mid":"zq6F4d3TI",
"date":"2013-04-01 10:27:03"
},
{
"kids":[],
"uid":"1056437917",
"parent":"zq6880NgN",
"text":"",
"mid":"zq6C0qP1f",
"date":"2013-04-01 10:19:29"
},
{
"kids":[],
"uid":"2603410653",
"parent":"",
"text":"淫才[哈哈]",
"mid":"zq6zed6Ft",
"date":"2013-04-01 10:12:39"
},
{
"kids":[],
"uid":"2613568373",
"parent":"",
"text":"这一天吃多少斤伟哥啊[嘻嘻][哈哈][嘻嘻]",
"mid":"zq6umubcz",
"date":"2013-04-01 10:00:42"
},
{
"kids":[],
"uid":"3125259407",
"parent":"",
"text":"",
"mid":"zq6sTe1oX",
"date":"2013-04-01 09:57:02"
},
{
"kids":[],
"uid":"2303491065",
"parent":"zq6880NgN",
"text":"[吃惊][哼]",
"mid":"zq6qtnunk",
"date":"2013-04-01 09:51:05"
},
{
"kids":[],
"uid":"cxlww",
"parent":"zq65EFC5h",
"text":"",
"mid":"zq6n78t8f",
"date":"2013-04-01 09:42:48"
},
{
"kids":[],
"uid":"3053507361",
"parent":"zq5wTD07N",
"text":"",
"mid":"zq6lFdC3o",
"date":"2013-04-01 09:39:15"
},
{
"kids":[
"zq6F4d3TI"
],
"uid":"1003236075",
"parent":"",
"text":"",
"mid":"zq6iuatsF",
"date":"2013-04-01 09:31:25"
},
{
"kids":[],
"uid":"nizheng",
"parent":"zq670gcge",
"text":"",
"mid":"zq6gXgwrB",
"date":"2013-04-01 09:27:38"
},
{
"kids":[],
"uid":"1653449174",
"parent":"zq67k4fpS",
"text":"",
"mid":"zq6fFevaQ",
"date":"2013-04-01 09:24:26"
},
{
"kids":[],
"uid":"2641577694",
"parent":"zq60sgeYA",
"text":"",
"mid":"zq6eQEoQ3",
"date":"2013-04-01 09:22:28"
},
{
"kids":[],
"uid":"2940926735",
"parent":"zq66lcK5N",
"text":"[话筒][围观]",
"mid":"zq6eFpaVH",
"date":"2013-04-01 09:22:00"
},
{
"kids":[],
"uid":"litao6699",
"parent":"zq5TGnopM",
"text":"局长你摊上事啦，摊上大事了····",
"mid":"zq6dGBcDN",
"date":"2013-04-01 09:19:35"
},
{
"kids":[],
"uid":"2667170543",
"parent":"",
"text":"",
"mid":"zq6azAUvt",
"date":"2013-04-01 09:11:56"
},
{
"kids":[],
"uid":"2268685041",
"parent":"",
"text":"",
"mid":"zq6a7etn4",
"date":"2013-04-01 09:10:48"
},
{
"kids":[],
"uid":"1167442624",
"parent":"zq5UP5PHc",
"text":"",
"mid":"zq68DEgsP",
"date":"2013-04-01 09:07:09"
},
{
"kids":[
"zq6C0qP1f",
"zq6qtnunk"
],
"uid":"1774595451",
"parent":"zq67vBYSX",
"text":"这只是冰山一角吧",
"mid":"zq6880NgN",
"date":"2013-04-01 09:05:54"
},
{
"kids":[],
"uid":"1979508033",
"parent":"zq5wTD07N",
"text":"",
"mid":"zq68023gK",
"date":"2013-04-01 09:05:35"
},
{
"kids":[],
"uid":"riluoxishan",
"parent":"zq61c4Bm7",
"text":"皇帝",
"mid":"zq67Ra4c4",
"date":"2013-04-01 09:05:14"
},
{
"kids":[],
"uid":"1667488633",
"parent":"zq5wTD07N",
"text":"",
"mid":"zq67Nl1Gi",
"date":"2013-04-01 09:05:05"
},
{
"kids":[
"zq6880NgN"
],
"uid":"123456789kkk",
"parent":"",
"text":"能不能再热闹点！",
"mid":"zq67vBYSX",
"date":"2013-04-01 09:04:22"
},
{
"kids":[
"zq6fFevaQ"
],
"uid":"1653449174",
"parent":"",
"text":"",
"mid":"zq67k4fpS",
"date":"2013-04-01 09:03:55"
},
{
"kids":[
"zq6gXgwrB"
],
"uid":"83698695",
"parent":"zq65EFC5h",
"text":"[围观]",
"mid":"zq670gcge",
"date":"2013-04-01 09:03:08"
},
{
"kids":[],
"uid":"2650168743",
"parent":"",
"text":"",
"mid":"zq66GuxaI",
"date":"2013-04-01 09:02:20"
},
{
"kids":[
"zq6eFpaVH"
],
"uid":"1727747992",
"parent":"zq6095lmT",
"text":"",
"mid":"zq66lcK5N",
"date":"2013-04-01 09:01:29"
},
{
"kids":[],
"uid":"2951341822",
"parent":"zq62XFm9a",
"text":"",
"mid":"zq66j8EQu",
"date":"2013-04-01 09:01:26"
},
{
"kids":[],
"uid":"3026474294",
"parent":"",
"text":"",
"mid":"zq65UAMLC",
"date":"2013-04-01 09:00:27"
},
{
"kids":[],
"uid":"2101271421",
"parent":"zq62f5Ne8",
"text":"",
"mid":"zq65ItRSk",
"date":"2013-04-01 08:59:58"
},
{
"kids":[
"zq6n78t8f",
"zq670gcge"
],
"uid":"1729503601",
"parent":"zq61c4Bm7",
"text":"[围观]",
"mid":"zq65EFC5h",
"date":"2013-04-01 08:59:49"
},
{
"kids":[],
"uid":"apia",
"parent":"zq62XFm9a",
"text":"牛!",
"mid":"zq63ImXJi",
"date":"2013-04-01 08:55:00"
},
{
"kids":[],
"uid":"2201040933",
"parent":"",
"text":"吃低保养小三的局长",
"mid":"zq63doxVb",
"date":"2013-04-01 08:53:48"
},
{
"kids":[
"zq66j8EQu",
"zq63ImXJi"
],
"uid":"2731065894",
"parent":"zq62f5Ne8",
"text":"[话筒]",
"mid":"zq62XFm9a",
"date":"2013-04-01 08:53:11"
},
{
"kids":[
"zq65ItRSk",
"zq62XFm9a"
],
"uid":"2800302157",
"parent":"zq60Cj4cM",
"text":"",
"mid":"zq62f5Ne8",
"date":"2013-04-01 08:51:24"
},
{
"kids":[],
"uid":"207896333",
"parent":"",
"text":"求证",
"mid":"zq622q2gU",
"date":"2013-04-01 08:50:53"
},
{
"kids":[],
"uid":"2004639532",
"parent":"",
"text":"愚人节？",
"mid":"zq61mr5wn",
"date":"2013-04-01 08:49:14"
},
{
"kids":[
"zq8hutGju",
"zq67Ra4c4",
"zq65EFC5h"
],
"uid":"ochina",
"parent":"zq6095lmT",
"text":"围观～",
"mid":"zq61c4Bm7",
"date":"2013-04-01 08:48:48"
},
{
"kids":[],
"uid":"322060909",
"parent":"zq6095lmT",
"text":"[话筒]",
"mid":"zq60HE6It",
"date":"2013-04-01 08:47:37"
},
{
"kids":[
"zq62f5Ne8"
],
"uid":"3225288645",
"parent":"",
"text":"@2012归去来兮 @幸运爱润薄 @2012归去来兮 @爱蒙古长调",
"mid":"zq60Cj4cM",
"date":"2013-04-01 08:47:24"
},
{
"kids":[
"zq6eQEoQ3"
],
"uid":"1932303452",
"parent":"zq5TGnopM",
"text":"[围观][围观]",
"mid":"zq60sgeYA",
"date":"2013-04-01 08:47:00"
},
{
"kids":[
"zq66lcK5N",
"zq61c4Bm7",
"zq60HE6It"
],
"uid":"2284824187",
"parent":"",
"text":"",
"mid":"zq6095lmT",
"date":"2013-04-01 08:46:14"
},
{
"kids":[
"zq7b2jv5V"
],
"uid":"2044992661",
"parent":"",
"text":"[疑问]",
"mid":"zq5YptDl0",
"date":"2013-04-01 08:41:57"
},
{
"kids":[],
"uid":"1449453884",
"parent":"",
"text":"",
"mid":"zq5XZcPq4",
"date":"2013-04-01 08:40:55"
},
{
"kids":[],
"uid":"1965415292",
"parent":"",
"text":"围观一下：",
"mid":"zq5XWiqyx",
"date":"2013-04-01 08:40:47"
},
{
"kids":[],
"uid":"201277391",
"parent":"zq5TGnopM",
"text":"围观",
"mid":"zq5WQjfIZ",
"date":"2013-04-01 08:38:06"
},
{
"kids":[],
"uid":"1919256491",
"parent":"zq5wTD07N",
"text":"知道后宫没爷们不？知道皇帝不容易不，又不是铁人，要这么多老婆不是找死就是找绿帽戴！",
"mid":"zq5WhalOg",
"date":"2013-04-01 08:36:42"
},
{
"kids":[],
"uid":"1406276840",
"parent":"zq5wTD07N",
"text":"今天愚人节，这消息不会是忽悠大家的吧！",
"mid":"zq5Vpoj8T",
"date":"2013-04-01 08:34:34"
},
{
"kids":[
"zq68DEgsP"
],
"uid":"210103317",
"parent":"zq5TGnopM",
"text":"[围观]",
"mid":"zq5UP5PHc",
"date":"2013-04-01 08:33:06"
},
{
"kids":[],
"uid":"2096071083",
"parent":"zq5wTD07N",
"text":"顶起！帝王逍遥包么",
"mid":"zq5Uw7KMY",
"date":"2013-04-01 08:32:21"
},
{
"kids":[],
"uid":"733864789",
"parent":"zq5TGnopM",
"text":"是真的吗？关注",
"mid":"zq5U6nHds",
"date":"2013-04-01 08:31:21"
},
{
"kids":[
"zq6dGBcDN",
"zq60sgeYA",
"zq5WQjfIZ",
"zq5UP5PHc",
"zq5U6nHds"
],
"uid":"youducanghai",
"parent":"",
"text":"我靠，求辟谣！",
"mid":"zq5TGnopM",
"date":"2013-04-01 08:30:18"
},
{
"kids":[],
"uid":"sulongme",
"parent":"",
"text":"",
"mid":"zq5TGmZRt",
"date":"2013-04-01 08:30:19"
},
{
"kids":[],
"uid":"1047974672",
"parent":"zq5wTD07N",
"text":"@何兵",
"mid":"zq5TkeYwi",
"date":"2013-04-01 08:29:25"
},
{
"kids":[],
"uid":"1465318677",
"parent":"zq5wTD07N",
"text":"[话筒]",
"mid":"zq5SVFNJC",
"date":"2013-04-01 08:28:28"
},
{
"kids":[
"zq6HjkNJu"
],
"uid":"1670887750",
"parent":"",
"text":"",
"mid":"zq5Sptfur",
"date":"2013-04-01 08:27:12"
},
{
"kids":[],
"uid":"3201452722",
"parent":"zq5wTD07N",
"text":"",
"mid":"zq5RSqKNA",
"date":"2013-04-01 08:25:52"
},
{
"kids":[],
"uid":"1132986384",
"parent":"zq5wTD07N",
"text":"",
"mid":"zq5RQkt9z",
"date":"2013-04-01 08:25:47"
},
{
"kids":[],
"uid":"1722176880",
"parent":"",
"text":"",
"mid":"zq5RC7Zp6",
"date":"2013-04-01 08:25:12"
},
{
"kids":[],
"uid":"2486614897",
"parent":"",
"text":"点灯[哈哈]",
"mid":"zq5R54Vt9",
"date":"2013-04-01 08:23:54"
},
{
"kids":[],
"uid":"1826387907",
"parent":"",
"text":"",
"mid":"zq5Pnxe6v",
"date":"2013-04-01 08:19:43"
},
{
"kids":[],
"uid":"2296548351",
"parent":"zq5wTD07N",
"text":"",
"mid":"zq5Ph3n7t",
"date":"2013-04-01 08:19:26"
},
{
"kids":[],
"uid":"2029988921",
"parent":"zq5qdmc59",
"text":"",
"mid":"zq5Pe7Cjd",
"date":"2013-04-01 08:19:19"
},
{
"kids":[],
"uid":"2771733261",
"parent":"zq5wTD07N",
"text":"",
"mid":"zq5P0edOT",
"date":"2013-04-01 08:18:47"
},
{
"kids":[],
"uid":"neyan113",
"parent":"zq5wTD07N",
"text":"[吃惊][围观][疑问]",
"mid":"zq5LLfOcD",
"date":"2013-04-01 08:10:48"
},
{
"kids":[],
"uid":"1312974704",
"parent":"zq5wTD07N",
"text":"@请输入用户名",
"mid":"zq5LurFgq",
"date":"2013-04-01 08:10:07"
},
{
"kids":[],
"uid":"duanmufeiyu",
"parent":"zq5wTD07N",
"text":"",
"mid":"zq5Li23Rc",
"date":"2013-04-01 08:09:37"
},
{
"kids":[],
"uid":"2534373634",
"parent":"zq5wTD07N",
"text":"[围观]",
"mid":"zq5KH6N3N",
"date":"2013-04-01 08:08:10"
},
{
"kids":[],
"uid":"3122186812",
"parent":"zq5vKoDWQ",
"text":"",
"mid":"zq5Jt8yKb",
"date":"2013-04-01 08:05:09"
},
{
"kids":[],
"uid":"2014696304",
"parent":"zq5wTD07N",
"text":"",
"mid":"zq5HWjtq0",
"date":"2013-04-01 08:01:22"
},
{
"kids":[],
"uid":"2695075525",
"parent":"zq5wTD07N",
"text":"必须转。",
"mid":"zq5HDmce5",
"date":"2013-04-01 08:00:37"
},
{
"kids":[],
"uid":"1848938335",
"parent":"zq5wTD07N",
"text":"",
"mid":"zq5HCbm6d",
"date":"2013-04-01 08:00:35"
},
{
"kids":[],
"uid":"1970365217",
"parent":"",
"text":"",
"mid":"zq5HAoS1u",
"date":"2013-04-01 08:00:30"
},
{
"kids":[],
"uid":"1931310260",
"parent":"zq5wTD07N",
"text":"",
"mid":"zq5H9fcsy",
"date":"2013-04-01 07:59:26"
},
{
"kids":[],
"uid":"3122186812",
"parent":"zq5yavYf9",
"text":"见怪不怪，国家给的低保基本上是这些人吃了的！",
"mid":"zq5GRx16y",
"date":"2013-04-01 07:58:43"
},
{
"kids":[],
"uid":"2845728710",
"parent":"zq5wTD07N",
"text":"自由教父007a:对大秦来说，违法成本如此之低，损失的就是他的精液，没得严肃惩治，那么有可能象这样一下子就过渡到满清未年的话，那个戏就好看了，貌似强大，其实质是外强中干，有可能有两把菜刀就把你灭了，或可能是象黎元洪一样，与小妾在床上云雨将大清灭了一样！",
"mid":"zq5FfkkRv",
"date":"2013-04-01 07:54:45"
},
{
"kids":[],
"uid":"515679853",
"parent":"zq5Af3tGw",
"text":"",
"mid":"zq5F7oMqE",
"date":"2013-04-01 07:54:25"
},
{
"kids":[],
"uid":"2518966020",
"parent":"zq5wTD07N",
"text":"邓小平笑了：“他妈的就是贪官和黑心资本家最坚决的执行了我的特色二猫论！”地狱的邓公祈祷：“帝皇局长，我忠实的门徒，希望上帝保佑你们。”",
"mid":"zq5F19m5e",
"date":"2013-04-01 07:54:11"
},
{
"kids":[],
"uid":"3209976834",
"parent":"zq5y7gIt2",
"text":"[围观][moc转发]",
"mid":"zq5EnyCFP",
"date":"2013-04-01 07:52:37"
},
{
"kids":[],
"uid":"3121474324",
"parent":"zq5wTD07N",
"text":"",
"mid":"zq5DHl6ep",
"date":"2013-04-01 07:50:55"
},
{
"kids":[],
"uid":"2715173767",
"parent":"zq5yavYf9",
"text":"回复@中国微博连线:OK",
"mid":"zq5DuhOc4",
"date":"2013-04-01 07:50:25"
},
{
"kids":[],
"uid":"1850915842",
"parent":"zq5wTD07N",
"text":"",
"mid":"zq5DlsYGK",
"date":"2013-04-01 07:50:04"
},
{
"kids":[],
"uid":"1863145221",
"parent":"",
"text":"",
"mid":"zq5Ct3ASJ",
"date":"2013-04-01 07:47:54"
},
{
"kids":[],
"uid":"1463913483",
"parent":"",
"text":"",
"mid":"zq5BUcMLn",
"date":"2013-04-01 07:46:31"
},
{
"kids":[],
"uid":"2002758013",
"parent":"",
"text":"转发微博。",
"mid":"zq5BRvCve",
"date":"2013-04-01 07:46:24"
},
{
"kids":[],
"uid":"tsghlys",
"parent":"zq5wTD07N",
"text":"",
"mid":"zq5BGjp2b",
"date":"2013-04-01 07:45:57"
},
{
"kids":[],
"uid":"1706385540",
"parent":"zq5qOh7cn",
"text":"[怒][怒][怒]/@陆弃:",
"mid":"zq5Bwf9gX",
"date":"2013-04-01 07:45:34"
},
{
"kids":[],
"uid":"3216843792",
"parent":"",
"text":"",
"mid":"zq5Bf6QpB",
"date":"2013-04-01 07:44:53"
},
{
"kids":[],
"uid":"2643655325",
"parent":"",
"text":"求证",
"mid":"zq5AiCptT",
"date":"2013-04-01 07:42:34"
},
{
"kids":[
"zq5F7oMqE"
],
"uid":"2585437291",
"parent":"zq5wTD07N",
"text":"",
"mid":"zq5Af3tGw",
"date":"2013-04-01 07:42:24"
},
{
"kids":[],
"uid":"2179208852",
"parent":"zq5ptwvQ1",
"text":"",
"mid":"zq5A0CDXa",
"date":"2013-04-01 07:41:51"
},
{
"kids":[],
"uid":"1903812581",
"parent":"",
"text":"转",
"mid":"zq5zPoZbc",
"date":"2013-04-01 07:41:23"
},
{
"kids":[],
"uid":"2484287735",
"parent":"zq5wTD07N",
"text":"",
"mid":"zq5yPlBKE",
"date":"2013-04-01 07:38:56"
},
{
"kids":[],
"uid":"2117690655",
"parent":"",
"text":"同意杀的清转",
"mid":"zq5yFh1UR",
"date":"2013-04-01 07:38:31"
},
{
"kids":[],
"uid":"1472751052",
"parent":"zq5wTD07N",
"text":"精神！",
"mid":"zq5yC0NzF",
"date":"2013-04-01 07:38:24"
},
{
"kids":[],
"uid":"2368615992",
"parent":"zq5ptwvQ1",
"text":"",
"mid":"zq5yw69oZ",
"date":"2013-04-01 07:38:09"
},
{
"kids":[],
"uid":"2787023934",
"parent":"",
"text":"啊[草泥马]",
"mid":"zq5yjFxMp",
"date":"2013-04-01 07:37:41"
},
{
"kids":[],
"uid":"3265079884",
"parent":"zq5wTD07N",
"text":"看他猖狂、看他嚣张、看他崛起、看他灭亡！",
"mid":"zq5yj8qeI",
"date":"2013-04-01 07:37:39"
},
{
"kids":[
"zq5GRx16y",
"zq5DuhOc4"
],
"uid":"2715173767",
"parent":"zq5ptwvQ1",
"text":"这不是愚人节玩笑",
"mid":"zq5yavYf9",
"date":"2013-04-01 07:37:19"
},
{
"kids":[
"zq5EnyCFP"
],
"uid":"lmz8848",
"parent":"",
"text":"强力转，看真假！",
"mid":"zq5y7gIt2",
"date":"2013-04-01 07:37:09"
},
{
"kids":[],
"uid":"3121256724",
"parent":"zq5wTD07N",
"text":"",
"mid":"zq5xVbfs0",
"date":"2013-04-01 07:36:41"
},
{
"kids":[],
"uid":"2681670951",
"parent":"zq5wTD07N",
"text":"反腐都有情人来做，看来还是需要他们的",
"mid":"zq5xUybag",
"date":"2013-04-01 07:36:40"
},
{
"kids":[],
"uid":"1871638344",
"parent":"zq5wTD07N",
"text":"[围观] /@司马平邦:",
"mid":"zq5xPhAi6",
"date":"2013-04-01 07:36:28"
},
{
"kids":[],
"uid":"2694559134",
"parent":"zq5wTD07N",
"text":"",
"mid":"zq5xO7oI7",
"date":"2013-04-01 07:36:24"
},
{
"kids":[
"zq6LgiG3f"
],
"uid":"lalixiu",
"parent":"",
"text":"真的假的？",
"mid":"zq5xHgrpk",
"date":"2013-04-01 07:36:09"
},
{
"kids":[],
"uid":"2384601282",
"parent":"zq5wTD07N",
"text":"@自由教父007a:对大秦来说，违法成本如此之低，损失的就是他的精液，没得严肃惩治，那么有可能象这样一下子就过渡到满清未年的话，那个戏就好看了，貌似强大，其实质是外强中干，有可能有两把菜刀就把你灭了，或可能是象黎元洪一样，与小妾在床上云雨将大清灭了一样！",
"mid":"zq5xH1Uhj",
"date":"2013-04-01 07:36:07"
},
{
"kids":[],
"uid":"2072893285",
"parent":"zq5wTD07N",
"text":"",
"mid":"zq5xCi6aq",
"date":"2013-04-01 07:35:56"
},
{
"kids":[],
"uid":"2342780572",
"parent":"zq5wTD07N",
"text":"",
"mid":"zq5xvcBSa",
"date":"2013-04-01 07:35:39"
},
{
"kids":[],
"uid":"1432194445",
"parent":"zq5wTD07N",
"text":"[神马]:",
"mid":"zq5xrDDZs",
"date":"2013-04-01 07:35:32"
},
{
"kids":[],
"uid":"leechenyu",
"parent":"zq5wTD07N",
"text":"NB",
"mid":"zq5xpzyS4",
"date":"2013-04-01 07:35:26"
},
{
"kids":[],
"uid":"1715290355",
"parent":"zq5ptwvQ1",
"text":"",
"mid":"zq5xictik",
"date":"2013-04-01 07:35:08"
},
{
"kids":[],
"uid":"1883608331",
"parent":"zq5ptwvQ1",
"text":"",
"mid":"zq5x2vXIF",
"date":"2013-04-01 07:34:31"
},
{
"kids":[],
"uid":"2564617641",
"parent":"zq5ptwvQ1",
"text":"",
"mid":"zq5wUuOHk",
"date":"2013-04-01 07:34:13"
},
{
"kids":[
"zqajQ0oML",
"zq8Wh0p8r",
"zq79EBowt",
"zq6Wt0u1a",
"zq6VGiZgu",
"zq6SJkn5N",
"zq6OzDWY0",
"zq6HVdkd9",
"zq6lFdC3o",
"zq68023gK",
"zq67Nl1Gi",
"zq5WhalOg",
"zq5Vpoj8T",
"zq5Uw7KMY",
"zq5TkeYwi",
"zq5SVFNJC",
"zq5RSqKNA",
"zq5RQkt9z",
"zq5Ph3n7t",
"zq5P0edOT",
"zq5LLfOcD",
"zq5LurFgq",
"zq5Li23Rc",
"zq5KH6N3N",
"zq5HWjtq0",
"zq5HDmce5",
"zq5HCbm6d",
"zq5H9fcsy",
"zq5FfkkRv",
"zq5F19m5e",
"zq5DHl6ep",
"zq5DlsYGK",
"zq5BGjp2b",
"zq5Af3tGw",
"zq5yPlBKE",
"zq5yC0NzF",
"zq5yj8qeI",
"zq5xVbfs0",
"zq5xUybag",
"zq5xPhAi6",
"zq5xO7oI7",
"zq5xH1Uhj",
"zq5xCi6aq",
"zq5xvcBSa",
"zq5xrDDZs",
"zq5xpzyS4"
],
"uid":"534275677",
"parent":"zq5vKoDWQ",
"text":"",
"mid":"zq5wTD07N",
"date":"2013-04-01 07:34:10"
},
{
"kids":[
"zq5Jt8yKb",
"zq5wTD07N"
],
"uid":"2715173767",
"parent":"zq5ptwvQ1",
"text":"对大秦来说，违法成本如此之低，损失的就是他的精液，没得严肃惩治，那么有可能象这样一下子就过渡到满清未年的话，那个戏就好看了，貌似强大，其实质是外强中干，有可能有两把菜刀就把你灭了，或可能是象黎元洪一样，与小妾在床上云雨将大清灭了一样！",
"mid":"zq5vKoDWQ",
"date":"2013-04-01 07:31:21"
},
{
"kids":[],
"uid":"1059772954",
"parent":"zq5qOh7cn",
"text":"",
"mid":"zq5vlkFox",
"date":"2013-04-01 07:30:21"
},
{
"kids":[],
"uid":"2388432010",
"parent":"zq5ptwvQ1",
"text":"[怒]",
"mid":"zq5uI10Vf",
"date":"2013-04-01 07:28:47"
},
{
"kids":[],
"uid":"renhe8533",
"parent":"zq5qOh7cn",
"text":"",
"mid":"zq5uwbIqn",
"date":"2013-04-01 07:28:18"
},
{
"kids":[],
"uid":"2607412173",
"parent":"zq5ptwvQ1",
"text":"打苍蝇 挂起",
"mid":"zq5uwaiGb",
"date":"2013-04-01 07:28:19"
},
{
"kids":[],
"uid":"2664062853",
"parent":"zq5ptwvQ1",
"text":"至今总量才转了561，网民不给力啊",
"mid":"zq5tM6QI3",
"date":"2013-04-01 07:26:28"
},
{
"kids":[],
"uid":"2547830575",
"parent":"",
"text":"",
"mid":"zq5sybPMW",
"date":"2013-04-01 07:23:28"
},
{
"kids":[],
"uid":"1829064291",
"parent":"zq5ptwvQ1",
"text":"",
"mid":"zq5st8J5u",
"date":"2013-04-01 07:23:16"
},
{
"kids":[],
"uid":"3186351290",
"parent":"zq5ptwvQ1",
"text":"",
"mid":"zq5sluPfE",
"date":"2013-04-01 07:22:57"
},
{
"kids":[],
"uid":"1950298912",
"parent":"zq5ptwvQ1",
"text":"",
"mid":"zq5raaCMo",
"date":"2013-04-01 07:20:03"
},
{
"kids":[],
"uid":"2207974010",
"parent":"zq5ptwvQ1",
"text":"现代帝王",
"mid":"zq5r57Oza",
"date":"2013-04-01 07:19:51"
},
{
"kids":[
"zq5Bwf9gX",
"zq5vlkFox",
"zq5uwbIqn"
],
"uid":"sunchenchuang",
"parent":"zq5ptwvQ1",
"text":"",
"mid":"zq5qOh7cn",
"date":"2013-04-01 07:19:11"
},
{
"kids":[],
"uid":"1493748367",
"parent":"zq5ptwvQ1",
"text":"",
"mid":"zq5qLDSFr",
"date":"2013-04-01 07:19:05"
},
{
"kids":[
"zq715l1Ei",
"zq5Pe7Cjd"
],
"uid":"1703084884",
"parent":"zq5ptwvQ1",
"text":"",
"mid":"zq5qdmc59",
"date":"2013-04-01 07:17:43"
},
{
"kids":[],
"uid":"1599702270",
"parent":"zq5ptwvQ1",
"text":"",
"mid":"zq5pReaFt",
"date":"2013-04-01 07:16:49"
},
{
"kids":[],
"uid":"zhanghaicheng2",
"parent":"",
"text":"",
"mid":"zq5pQ1ElL",
"date":"2013-04-01 07:16:47"
},
{
"kids":[
"zqeCre1DF",
"zq5A0CDXa",
"zq5yw69oZ",
"zq5yavYf9",
"zq5xictik",
"zq5x2vXIF",
"zq5wUuOHk",
"zq5vKoDWQ",
"zq5uI10Vf",
"zq5uwaiGb",
"zq5tM6QI3",
"zq5st8J5u",
"zq5sluPfE",
"zq5raaCMo",
"zq5r57Oza",
"zq5qOh7cn",
"zq5qLDSFr",
"zq5qdmc59",
"zq5pReaFt"
],
"uid":"534275677",
"parent":"zpTGJuhMs",
"text":"",
"mid":"zq5ptwvQ1",
"date":"2013-04-01 07:15:53"
},
{
"kids":[],
"uid":"2531463800",
"parent":"",
"text":"",
"mid":"zq4idclb2",
"date":"2013-04-01 04:25:15"
},
{
"kids":[],
"uid":"2920188684",
"parent":"zpXBGqZH1",
"text":"",
"mid":"zq2HCBxqh",
"date":"2013-04-01 00:22:22"
},
{
"kids":[],
"uid":"1776111662",
"parent":"zpXBGqZH1",
"text":"",
"mid":"zq2HCBxng",
"date":"2013-04-01 00:22:18"
},
{
"kids":[],
"uid":"falcon1983",
"parent":"",
"text":"赶快转，一会又被围脖删了",
"mid":"zq2CLwzr3",
"date":"2013-04-01 00:10:21"
},
{
"kids":[],
"uid":"2720404530",
"parent":"",
"text":"",
"mid":"zq2pjkMcJ",
"date":"2013-03-31 23:37:14"
},
{
"kids":[],
"uid":"flightthings",
"parent":"",
"text":"",
"mid":"zq2ntzX4j",
"date":"2013-03-31 23:32:41"
},
{
"kids":[],
"uid":"2718043373",
"parent":"zq1MMi1vo",
"text":"",
"mid":"zq2bC6Fl4",
"date":"2013-03-31 23:03:30"
},
{
"kids":[],
"uid":"2842459381",
"parent":"",
"text":"",
"mid":"zq28v9ozP",
"date":"2013-03-31 22:55:50"
},
{
"kids":[],
"uid":"1450335455",
"parent":"",
"text":"震惊",
"mid":"zq27Ip5xf",
"date":"2013-03-31 22:53:54"
},
{
"kids":[],
"uid":"2880973470",
"parent":"zq258wXSU",
"text":"",
"mid":"zq26RwatP",
"date":"2013-03-31 22:51:48"
},
{
"kids":[
"zq26RwatP"
],
"uid":"2749113821",
"parent":"",
"text":"",
"mid":"zq258wXSU",
"date":"2013-03-31 22:47:31"
},
{
"kids":[],
"uid":"1583964807",
"parent":"",
"text":"",
"mid":"zq24sgH0r",
"date":"2013-03-31 22:45:52"
},
{
"kids":[],
"uid":"2790026810",
"parent":"",
"text":"",
"mid":"zq24sfcVP",
"date":"2013-03-31 22:45:52"
},
{
"kids":[],
"uid":"pizzawu",
"parent":"",
"text":"",
"mid":"zq23Nc5AC",
"date":"2013-03-31 22:44:13"
},
{
"kids":[],
"uid":"2340993073",
"parent":"zq1JJcRZV",
"text":"",
"mid":"zq1ZHoLtA",
"date":"2013-03-31 22:34:06"
},
{
"kids":[],
"uid":"dfxc",
"parent":"",
"text":"",
"mid":"zq1ZDxeq0",
"date":"2013-03-31 22:34:00"
},
{
"kids":[],
"uid":"2373431637",
"parent":"",
"text":"",
"mid":"zq1Z450wa",
"date":"2013-03-31 22:32:35"
},
{
"kids":[],
"uid":"2342377973",
"parent":"zq1NkfFY9",
"text":"[鄙视]纳税人的钱",
"mid":"zq1Z1FoOc",
"date":"2013-03-31 22:32:29"
},
{
"kids":[],
"uid":"2340993073",
"parent":"zq1JJcRZV",
"text":"",
"mid":"zq1YmCgrd",
"date":"2013-03-31 22:30:53"
},
{
"kids":[],
"uid":"1932039077",
"parent":"",
"text":"[围观]",
"mid":"zq1WPstqX",
"date":"2013-03-31 22:27:05"
},
{
"kids":[],
"uid":"2404199141",
"parent":"zq1JJcRZV",
"text":"",
"mid":"zq1UbsH6N",
"date":"2013-03-31 22:20:34"
},
{
"kids":[],
"uid":"2671962573",
"parent":"",
"text":"[笑哈哈]",
"mid":"zq1TszB2X",
"date":"2013-03-31 22:18:45"
},
{
"kids":[],
"uid":"1943159107",
"parent":"",
"text":"顶起",
"mid":"zq1SXvIOx",
"date":"2013-03-31 22:17:32"
},
{
"kids":[],
"uid":"714569669",
"parent":"zq1NkfFY9",
"text":"",
"mid":"zq1SE38Ba",
"date":"2013-03-31 22:16:45"
},
{
"kids":[],
"uid":"2881439650",
"parent":"",
"text":"",
"mid":"zq1PVFMGV",
"date":"2013-03-31 22:10:04"
},
{
"kids":[],
"uid":"shanyexianren",
"parent":"zq1MMi1vo",
"text":"[吃惊]",
"mid":"zq1NNdmbd",
"date":"2013-03-31 22:04:46"
},
{
"kids":[
"zq1Z1FoOc",
"zq1SE38Ba"
],
"uid":"1432419782",
"parent":"zq1JJcRZV",
"text":"后宫CEO没选好",
"mid":"zq1NkfFY9",
"date":"2013-03-31 22:03:41"
},
{
"kids":[
"zq2bC6Fl4",
"zq1NNdmbd"
],
"uid":"2726480847",
"parent":"",
"text":"[转发][转发][转发]",
"mid":"zq1MMi1vo",
"date":"2013-03-31 22:02:17"
},
{
"kids":[],
"uid":"1932841411",
"parent":"",
"text":"",
"mid":"zq1MJCify",
"date":"2013-03-31 22:02:13"
},
{
"kids":[],
"uid":"132010107",
"parent":"zq1I2hxZw",
"text":"",
"mid":"zq1Muh194",
"date":"2013-03-31 22:01:34"
},
{
"kids":[],
"uid":"2263810567",
"parent":"",
"text":"[哈哈]你吃着碗里还霸占着锅里，哥还没结婚呢@西安刚娃",
"mid":"zq1Ln9nu5",
"date":"2013-03-31 21:58:51"
},
{
"kids":[],
"uid":"1978010333",
"parent":"zq1HZ44N2",
"text":"",
"mid":"zq1Lme9FC",
"date":"2013-03-31 21:58:45"
},
{
"kids":[],
"uid":"digengsheng",
"parent":"zq1H1jzWe",
"text":"",
"mid":"zq1JLflav",
"date":"2013-03-31 21:54:53"
},
{
"kids":[
"zq1ZHoLtA",
"zq1YmCgrd",
"zq1UbsH6N",
"zq1NkfFY9"
],
"uid":"2634371187",
"parent":"",
"text":"",
"mid":"zq1JJcRZV",
"date":"2013-03-31 21:54:49"
},
{
"kids":[],
"uid":"2929087413",
"parent":"",
"text":"[赞]",
"mid":"zq1J2BMte",
"date":"2013-03-31 21:53:07"
},
{
"kids":[
"zq1Muh194"
],
"uid":"3025678710",
"parent":"",
"text":"",
"mid":"zq1I2hxZw",
"date":"2013-03-31 21:50:38"
},
{
"kids":[
"zq1Lme9FC"
],
"uid":"kuangjisan",
"parent":"",
"text":"",
"mid":"zq1HZ44N2",
"date":"2013-03-31 21:50:31"
},
{
"kids":[
"zq1JLflav"
],
"uid":"2921131300",
"parent":"",
"text":"",
"mid":"zq1H1jzWe",
"date":"2013-03-31 21:48:09"
},
{
"kids":[],
"uid":"2613923264",
"parent":"",
"text":"",
"mid":"zq1FYkba3",
"date":"2013-03-31 21:45:34"
},
{
"kids":[],
"uid":"2821293074",
"parent":"",
"text":"",
"mid":"zq1EQzbC0",
"date":"2013-03-31 21:42:44"
},
{
"kids":[],
"uid":"2102036882",
"parent":"",
"text":"",
"mid":"zq1DBd86b",
"date":"2013-03-31 21:39:41"
},
{
"kids":[],
"uid":"2154451770",
"parent":"zq1rhzZjZ",
"text":"",
"mid":"zq1CNwj3i",
"date":"2013-03-31 21:37:44"
},
{
"kids":[],
"uid":"534500577",
"parent":"zq1vlneXX",
"text":"民政的？丢人啊",
"mid":"zq1Aq4mGH",
"date":"2013-03-31 21:31:52"
},
{
"kids":[],
"uid":"xhj0990",
"parent":"",
"text":"扩散",
"mid":"zq1xF1BYm",
"date":"2013-03-31 21:25:04"
},
{
"kids":[
"zq1Aq4mGH"
],
"uid":"1943426063",
"parent":"",
"text":"见到贪官人人喊打！",
"mid":"zq1vlneXX",
"date":"2013-03-31 21:19:19"
},
{
"kids":[],
"uid":"yzlbl",
"parent":"zq1rXiblV",
"text":"",
"mid":"zq1v1g8lU",
"date":"2013-03-31 21:18:34"
},
{
"kids":[],
"uid":"2108167581",
"parent":"zq11Hrw2g",
"text":"",
"mid":"zq1todgJS",
"date":"2013-03-31 21:14:34"
},
{
"kids":[
"zq1v1g8lU"
],
"uid":"1244048965",
"parent":"zq1rhzZjZ",
"text":"",
"mid":"zq1rXiblV",
"date":"2013-03-31 21:11:01"
},
{
"kids":[
"zq1CNwj3i",
"zq1rXiblV"
],
"uid":"2437720767",
"parent":"zq0X3zqLt",
"text":"",
"mid":"zq1rhzZjZ",
"date":"2013-03-31 21:09:22"
},
{
"kids":[],
"uid":"2837331037",
"parent":"",
"text":"这个有点猛",
"mid":"zq1gbrGvE",
"date":"2013-03-31 20:41:58"
},
{
"kids":[],
"uid":"1309227593",
"parent":"",
"text":"呵呵",
"mid":"zq1axgxFH",
"date":"2013-03-31 20:28:06"
},
{
"kids":[],
"uid":"2113251563",
"parent":"zq12jwSSh",
"text":"",
"mid":"zq18d6moN",
"date":"2013-03-31 20:22:21"
},
{
"kids":[],
"uid":"2980060922",
"parent":"zq126wJaM",
"text":"@cadxuezhe1 @dl海的诉说",
"mid":"zq18bjRVX",
"date":"2013-03-31 20:22:16"
},
{
"kids":[],
"uid":"2600652361",
"parent":"",
"text":"人家领导都吃低保，咱们穷苦百姓吃苦吧！领导心肠还好，看养那么多人！",
"mid":"zq15HCoh6",
"date":"2013-03-31 20:16:09"
},
{
"kids":[],
"uid":"337030368",
"parent":"zq11Hrw2g",
"text":"",
"mid":"zq14kvBby",
"date":"2013-03-31 20:12:49"
},
{
"kids":[],
"uid":"2273226234",
"parent":"zq0X3zqLt",
"text":"",
"mid":"zq12ZwQWK",
"date":"2013-03-31 20:09:31"
},
{
"kids":[
"zq18d6moN"
],
"uid":"jkhenry",
"parent":"zq11Hrw2g",
"text":"一切皆有可能，只有想不到，没有做不到，党国真出淫才",
"mid":"zq12jwSSh",
"date":"2013-03-31 20:07:48"
},
{
"kids":[
"zq18bjRVX"
],
"uid":"yueguogong",
"parent":"zq11Hrw2g",
"text":"",
"mid":"zq126wJaM",
"date":"2013-03-31 20:07:21"
},
{
"kids":[
"zq1todgJS",
"zq14kvBby",
"zq12jwSSh",
"zq126wJaM"
],
"uid":"2279756051",
"parent":"zq0X3zqLt",
"text":"后院起火[汗]",
"mid":"zq11Hrw2g",
"date":"2013-03-31 20:06:20"
},
{
"kids":[],
"uid":"ksgsxtph",
"parent":"zq0X3zqLt",
"text":"求证！！",
"mid":"zq10veXda",
"date":"2013-03-31 20:03:23"
},
{
"kids":[],
"uid":"1100205103",
"parent":"",
"text":"",
"mid":"zq10tst4b",
"date":"2013-03-31 20:03:19"
},
{
"kids":[],
"uid":"zhoutaode",
"parent":"",
"text":"",
"mid":"zq0Yl6GAO",
"date":"2013-03-31 19:58:00"
},
{
"kids":[],
"uid":"2998305861",
"parent":"zq0Uax8vL",
"text":"关注",
"mid":"zq0Xcd9zI",
"date":"2013-03-31 19:55:12"
},
{
"kids":[],
"uid":"smartnick",
"parent":"",
"text":"",
"mid":"zq0X4u7ot",
"date":"2013-03-31 19:54:56"
},
{
"kids":[
"zq1rhzZjZ",
"zq12ZwQWK",
"zq11Hrw2g",
"zq10veXda"
],
"uid":"1110797024",
"parent":"zq0Www4LR",
"text":"公务员很忙啊",
"mid":"zq0X3zqLt",
"date":"2013-03-31 19:54:54"
},
{
"kids":[],
"uid":"3230537742",
"parent":"",
"text":"",
"mid":"zq0WYzsMp",
"date":"2013-03-31 19:54:42"
},
{
"kids":[
"zq0X3zqLt"
],
"uid":"3196974901",
"parent":"",
"text":"",
"mid":"zq0Www4LR",
"date":"2013-03-31 19:53:36"
},
{
"kids":[],
"uid":"3048417855",
"parent":"zq0Uax8vL",
"text":"[转发][转发]",
"mid":"zq0Vm9LTH",
"date":"2013-03-31 19:50:43"
},
{
"kids":[
"zq0Xcd9zI",
"zq0Vm9LTH"
],
"uid":"3215501184",
"parent":"",
"text":"",
"mid":"zq0Uax8vL",
"date":"2013-03-31 19:47:45"
},
{
"kids":[],
"uid":"3048417855",
"parent":"zpY4IkDYM",
"text":"[吃惊][吃惊]",
"mid":"zq0QOwN1w",
"date":"2013-03-31 19:39:31"
},
{
"kids":[],
"uid":"1247511824",
"parent":"",
"text":"内容至少从2011年10月已开始流传http:",
"mid":"zpZUemByQ",
"date":"2013-03-31 17:15:11"
},
{
"kids":[],
"uid":"1310459387",
"parent":"",
"text":"",
"mid":"zpZPYpWiI",
"date":"2013-03-31 17:04:42"
},
{
"kids":[],
"uid":"2357034367",
"parent":"",
"text":"",
"mid":"zpZLTbV1y",
"date":"2013-03-31 16:54:38"
},
{
"kids":[],
"uid":"2034803487",
"parent":"",
"text":"",
"mid":"zpZFGvd1F",
"date":"2013-03-31 16:39:21"
},
{
"kids":[],
"uid":"2915742943",
"parent":"",
"text":"",
"mid":"zpZDUwJcW",
"date":"2013-03-31 16:34:57"
},
{
"kids":[],
"uid":"1158012531",
"parent":"zpTMj9WRM",
"text":"[江南style]",
"mid":"zpZBqBrBT",
"date":"2013-03-31 16:28:52"
},
{
"kids":[],
"uid":"zhendabao",
"parent":"",
"text":"还是那句NMB，都安瑶族自治县，很穷啊。这个领导如果真这样就牛逼了。。。。比市长还幸福！！！",
"mid":"zpZziwxdd",
"date":"2013-03-31 16:23:36"
},
{
"kids":[],
"uid":"1601371143",
"parent":"zpZeVjFBx",
"text":"不管你信不信，反正我是……",
"mid":"zpZj5zNrz",
"date":"2013-03-31 15:43:41"
},
{
"kids":[
"zpZj5zNrz"
],
"uid":"2351359252",
"parent":"",
"text":"这就是男人的的战斗机",
"mid":"zpZeVjFBx",
"date":"2013-03-31 15:33:22"
},
{
"kids":[],
"uid":"guankuiguixing",
"parent":"",
"text":"[转发]",
"mid":"zpZ8m5Adu",
"date":"2013-03-31 15:17:14"
},
{
"kids":[],
"uid":"1571049491",
"parent":"",
"text":"",
"mid":"zpZ32kfCt",
"date":"2013-03-31 15:04:08"
},
{
"kids":[],
"uid":"1879947340",
"parent":"",
"text":"[moc转发]",
"mid":"zpYZnpdzi",
"date":"2013-03-31 14:55:06"
},
{
"kids":[],
"uid":"guaiguaicha",
"parent":"",
"text":"帝王局长",
"mid":"zpYWR63jX",
"date":"2013-03-31 14:48:54"
},
{
"kids":[],
"uid":"209997275",
"parent":"",
"text":"",
"mid":"zpYVFtCln",
"date":"2013-03-31 14:45:57"
},
{
"kids":[],
"uid":"2913008441",
"parent":"",
"text":"哈哈",
"mid":"zpYQxwpai",
"date":"2013-03-31 14:33:21"
},
{
"kids":[],
"uid":"3009746862",
"parent":"",
"text":"[耶][good]",
"mid":"zpYKH0vTi",
"date":"2013-03-31 14:18:56"
},
{
"kids":[],
"uid":"2839339702",
"parent":"",
"text":"",
"mid":"zpYyVpX1o",
"date":"2013-03-31 13:49:57"
},
{
"kids":[],
"uid":"2663549415",
"parent":"zpYv9o75K",
"text":"",
"mid":"zpYyAtsds",
"date":"2013-03-31 13:49:06"
},
{
"kids":[],
"uid":"2842908127",
"parent":"zpYv9o75K",
"text":"",
"mid":"zpYwFnAGt",
"date":"2013-03-31 13:44:22"
},
{
"kids":[
"zpYyAtsds",
"zpYwFnAGt"
],
"uid":"1539448274",
"parent":"",
"text":"",
"mid":"zpYv9o75K",
"date":"2013-03-31 13:40:38"
},
{
"kids":[],
"uid":"2252096311",
"parent":"",
"text":"求辟谣",
"mid":"zpYjuipTd",
"date":"2013-03-31 13:11:54"
},
{
"kids":[],
"uid":"2764371671",
"parent":"zpY237LaS",
"text":"败类",
"mid":"zpYdrl91Q",
"date":"2013-03-31 12:56:59"
},
{
"kids":[],
"uid":"1891386661",
"parent":"zpY8eouCX",
"text":"[围观]",
"mid":"zpYbKpt3s",
"date":"2013-03-31 12:52:51"
},
{
"kids":[
"zpYbKpt3s"
],
"uid":"1900697985",
"parent":"",
"text":"",
"mid":"zpY8eouCX",
"date":"2013-03-31 12:44:11"
},
{
"kids":[],
"uid":"1814341973",
"parent":"",
"text":"",
"mid":"zpY866Wn0",
"date":"2013-03-31 12:43:51"
},
{
"kids":[
"zq0QOwN1w"
],
"uid":"2704965847",
"parent":"zpY3z6lj3",
"text":"县城的局长，也就是个科级干部，这日子过的，真尼玛滋润",
"mid":"zpY4IkDYM",
"date":"2013-03-31 12:35:30"
},
{
"kids":[
"zpY4IkDYM"
],
"uid":"3048417855",
"parent":"zpY12ruTN",
"text":"[吃惊][吃惊]",
"mid":"zpY3z6lj3",
"date":"2013-03-31 12:32:40"
},
{
"kids":[
"zpYdrl91Q"
],
"uid":"2521226555",
"parent":"zpY12ruTN",
"text":"[吃惊]",
"mid":"zpY237LaS",
"date":"2013-03-31 12:28:58"
},
{
"kids":[
"zpY3z6lj3",
"zpY237LaS"
],
"uid":"3215501184",
"parent":"",
"text":"",
"mid":"zpY12ruTN",
"date":"2013-03-31 12:26:26"
},
{
"kids":[],
"uid":"2507361902",
"parent":"zpXUHuBS1",
"text":"",
"mid":"zpXZdjtuS",
"date":"2013-03-31 12:21:58"
},
{
"kids":[
"zpXZdjtuS"
],
"uid":"3221354404",
"parent":"zpWQUvCEr",
"text":"[moc转发]",
"mid":"zpXUHuBS1",
"date":"2013-03-31 12:10:50"
},
{
"kids":[],
"uid":"utopia01",
"parent":"zpThKe1pY",
"text":"",
"mid":"zpXRJmwF9",
"date":"2013-03-31 12:03:31"
},
{
"kids":[],
"uid":"1743988757",
"parent":"",
"text":"贼猛@历史袁老师 @南方都市报",
"mid":"zpXOn2kNj",
"date":"2013-03-31 11:55:15"
},
{
"kids":[],
"uid":"1405970714",
"parent":"zpWXIc3Ff",
"text":"太恶心",
"mid":"zpXJVoMQ0",
"date":"2013-03-31 11:44:17"
},
{
"kids":[],
"uid":"fixself",
"parent":"",
"text":"谁说zf手续难、娶妻难…当了领导就啥都不难了",
"mid":"zpXIABST7",
"date":"2013-03-31 11:41:01"
},
{
"kids":[],
"uid":"3168552860",
"parent":"",
"text":"",
"mid":"zpXIv08FN",
"date":"2013-03-31 11:40:47"
},
{
"kids":[],
"uid":"2245762021",
"parent":"zpWNdcilB",
"text":"[吃惊][疑问]",
"mid":"zpXCm668z",
"date":"2013-03-31 11:25:38"
},
{
"kids":[],
"uid":"3147154124",
"parent":"",
"text":"",
"mid":"zpXC1sSsR",
"date":"2013-03-31 11:24:50"
},
{
"kids":[],
"uid":"2901352537",
"parent":"zpW5OaZpX",
"text":"",
"mid":"zpXBO9MCh",
"date":"2013-03-31 11:24:17"
},
{
"kids":[
"zqORnvpJ8",
"zqORndOsf",
"zqvnSfIeO",
"zqvnSfIcs",
"zq2HCBxqh",
"zq2HCBxng"
],
"uid":"3254675914",
"parent":"",
"text":"",
"mid":"zpXBGqZH1",
"date":"2013-03-31 11:24:00"
},
{
"kids":[],
"uid":"2728705375",
"parent":"zpWE6v52I",
"text":"",
"mid":"zpXwob8vX",
"date":"2013-03-31 11:10:56"
},
{
"kids":[],
"uid":"2843201785",
"parent":"zpXjsb0LX",
"text":"扩散",
"mid":"zpXvg88GO",
"date":"2013-03-31 11:08:10"
},
{
"kids":[],
"uid":"2723575453",
"parent":"",
"text":"",
"mid":"zpXuPeAjm",
"date":"2013-03-31 11:07:05"
},
{
"kids":[],
"uid":"2690911823",
"parent":"",
"text":"[moc转发]",
"mid":"zpXpIf2BY",
"date":"2013-03-31 10:54:29"
},
{
"kids":[],
"uid":"xiaruxu1",
"parent":"",
"text":"",
"mid":"zpXlJbYd0",
"date":"2013-03-31 10:44:41"
},
{
"kids":[],
"uid":"sokevins",
"parent":"zpTRrahjN",
"text":"这么牛B。。。？",
"mid":"zpXlnguO5",
"date":"2013-03-31 10:43:49"
},
{
"kids":[],
"uid":"2911766794",
"parent":"",
"text":"转发。",
"mid":"zpXjCdQ6K",
"date":"2013-03-31 10:39:29"
},
{
"kids":[
"zpXvg88GO"
],
"uid":"2416426390",
"parent":"",
"text":"",
"mid":"zpXjsb0LX",
"date":"2013-03-31 10:39:04"
},
{
"kids":[],
"uid":"2137518127",
"parent":"",
"text":"国家有义务查实，无论真假都要给老百姓一个明明白白的交代",
"mid":"zpXjoEcmT",
"date":"2013-03-31 10:38:57"
},
{
"kids":[],
"uid":"1614941867",
"parent":"",
"text":"",
"mid":"zpXiaoGMv",
"date":"2013-03-31 10:35:55"
},
{
"kids":[],
"uid":"405450758",
"parent":"zpTGhFgzM",
"text":"",
"mid":"zpXhD2meG",
"date":"2013-03-31 10:34:34"
},
{
"kids":[],
"uid":"2075052093",
"parent":"",
"text":"",
"mid":"zpXhC97fX",
"date":"2013-03-31 10:34:32"
},
{
"kids":[],
"uid":"2538112474",
"parent":"",
"text":"",
"mid":"zpXhs6hvc",
"date":"2013-03-31 10:34:09"
},
{
"kids":[],
"uid":"1547522133",
"parent":"",
"text":"",
"mid":"zpXfYbWJf",
"date":"2013-03-31 10:30:29"
},
{
"kids":[],
"uid":"1919014460",
"parent":"",
"text":"小三反腐。",
"mid":"zpXf3tOhn",
"date":"2013-03-31 10:28:14"
},
{
"kids":[],
"uid":"1868475965",
"parent":"",
"text":"",
"mid":"zpX8fwyAb",
"date":"2013-03-31 10:11:29"
},
{
"kids":[],
"uid":"2801655615",
"parent":"",
"text":"",
"mid":"zpX7FpUsu",
"date":"2013-03-31 10:10:02"
},
{
"kids":[],
"uid":"2657048373",
"parent":"",
"text":"",
"mid":"zpX6rcxxo",
"date":"2013-03-31 10:07:01"
},
{
"kids":[],
"uid":"2317331544",
"parent":"",
"text":"",
"mid":"zpX2Nrer6",
"date":"2013-03-31 09:58:03"
},
{
"kids":[],
"uid":"1776745703",
"parent":"",
"text":"",
"mid":"zpX2y5ooV",
"date":"2013-03-31 09:57:26"
},
{
"kids":[],
"uid":"2078146003",
"parent":"",
"text":"反腐靠小三的日子",
"mid":"zpX0Y18Ya",
"date":"2013-03-31 09:53:32"
},
{
"kids":[],
"uid":"2354913131",
"parent":"",
"text":"爱我中华爱我中华   爱  我  中  华！！",
"mid":"zpWXMyu8M",
"date":"2013-03-31 09:45:41"
},
{
"kids":[
"zpXJVoMQ0"
],
"uid":"2445101210",
"parent":"",
"text":"",
"mid":"zpWXIc3Ff",
"date":"2013-03-31 09:45:31"
},
{
"kids":[],
"uid":"3193840544",
"parent":"",
"text":"",
"mid":"zpWVJeQs1",
"date":"2013-03-31 09:40:37"
},
{
"kids":[],
"uid":"2878451634",
"parent":"zpWLhcBzB",
"text":"",
"mid":"zpWUmrPf5",
"date":"2013-03-31 09:37:15"
},
{
"kids":[],
"uid":"1182083815",
"parent":"",
"text":"",
"mid":"zpWTVwumZ",
"date":"2013-03-31 09:36:12"
},
{
"kids":[],
"uid":"1887075027",
"parent":"zpWz77syH",
"text":"@杜子建 老师这样的微博能走多远[嘻嘻]",
"mid":"zpWSTrUKz",
"date":"2013-03-31 09:33:39"
},
{
"kids":[],
"uid":"buzuidegudu",
"parent":"",
"text":"[挖鼻屎]打个试试！好奇",
"mid":"zpWSJER5J",
"date":"2013-03-31 09:33:16"
},
{
"kids":[],
"uid":"1790921713",
"parent":"",
"text":"",
"mid":"zpWRW1lE3",
"date":"2013-03-31 09:31:17"
},
{
"kids":[
"zpXUHuBS1"
],
"uid":"2602897097",
"parent":"zpWE6v52I",
"text":"",
"mid":"zpWQUvCEr",
"date":"2013-03-31 09:28:47"
},
{
"kids":[],
"uid":"1701518794",
"parent":"",
"text":"围观。。。",
"mid":"zpWP8i3uF",
"date":"2013-03-31 09:24:23"
},
{
"kids":[],
"uid":"2102093354",
"parent":"",
"text":"",
"mid":"zpWNP0SJC",
"date":"2013-03-31 09:21:09"
},
{
"kids":[],
"uid":"1586808120",
"parent":"",
"text":"",
"mid":"zpWNM3yqn",
"date":"2013-03-31 09:21:02"
},
{
"kids":[
"zpXCm668z"
],
"uid":"2392421007",
"parent":"zpWE6v52I",
"text":"",
"mid":"zpWNdcilB",
"date":"2013-03-31 09:19:38"
},
{
"kids":[],
"uid":"2391667892",
"parent":"",
"text":"",
"mid":"zpWNc0qH5",
"date":"2013-03-31 09:19:35"
},
{
"kids":[],
"uid":"ipan9",
"parent":"",
"text":"",
"mid":"zpWN9FM95",
"date":"2013-03-31 09:19:31"
},
{
"kids":[
"zpWUmrPf5"
],
"uid":"2114831693",
"parent":"zpVhU2XSe",
"text":"",
"mid":"zpWLhcBzB",
"date":"2013-03-31 09:14:54"
},
{
"kids":[],
"uid":"2341965804",
"parent":"",
"text":"",
"mid":"zpWL4whjx",
"date":"2013-03-31 09:14:24"
},
{
"kids":[],
"uid":"1821246613",
"parent":"",
"text":"",
"mid":"zpWGNtOws",
"date":"2013-03-31 09:03:50"
},
{
"kids":[],
"uid":"2184134917",
"parent":"",
"text":"[转发]",
"mid":"zpWGJjDVg",
"date":"2013-03-31 09:03:41"
},
{
"kids":[],
"uid":"3184279854",
"parent":"zpWnjbduI",
"text":"",
"mid":"zpWGsw0DT",
"date":"2013-03-31 09:03:01"
},
{
"kids":[],
"uid":"273963560",
"parent":"zpWEa433c",
"text":"抓了",
"mid":"zpWFimN2D",
"date":"2013-03-31 09:00:09"
},
{
"kids":[],
"uid":"1304285160",
"parent":"zpWE6v52I",
"text":"！",
"mid":"zpWFgCdyx",
"date":"2013-03-31 09:00:03"
},
{
"kids":[],
"uid":"1833784554",
"parent":"",
"text":"[衰]",
"mid":"zpWEIDaD7",
"date":"2013-03-31 08:58:44"
},
{
"kids":[],
"uid":"1919347701",
"parent":"",
"text":"@连鹏 @袁裕来律师 帮忙看看是不是真实的啦",
"mid":"zpWEDBL0A",
"date":"2013-03-31 08:58:31"
},
{
"kids":[
"zpWFimN2D"
],
"uid":"3215501184",
"parent":"zpWBXgBya",
"text":"",
"mid":"zpWEa433c",
"date":"2013-03-31 08:57:21"
},
{
"kids":[
"zpXwob8vX",
"zpWQUvCEr",
"zpWNdcilB",
"zpWFgCdyx"
],
"uid":"3081512087",
"parent":"zpWoOzkox",
"text":"帮他红起来！！",
"mid":"zpWE6v52I",
"date":"2013-03-31 08:57:12"
},
{
"kids":[],
"uid":"2738346990",
"parent":"",
"text":"",
"mid":"zpWDnAQ2u",
"date":"2013-03-31 08:55:25"
},
{
"kids":[],
"uid":"1871676625",
"parent":"",
"text":"",
"mid":"zpWCUCndr",
"date":"2013-03-31 08:54:16"
},
{
"kids":[],
"uid":"gaosongtta",
"parent":"",
"text":"",
"mid":"zpWCdbb0E",
"date":"2013-03-31 08:52:33"
},
{
"kids":[
"zpWEa433c"
],
"uid":"1041282493",
"parent":"zpWjZfBXs",
"text":"人民公朴们，这是怎么了？",
"mid":"zpWBXgBya",
"date":"2013-03-31 08:51:55"
},
{
"kids":[],
"uid":"2251810954",
"parent":"",
"text":"",
"mid":"zpWAyEyOL",
"date":"2013-03-31 08:48:29"
},
{
"kids":[],
"uid":"3224415523",
"parent":"zpThKe1pY",
"text":"都不意外啦",
"mid":"zpWAwyobO",
"date":"2013-03-31 08:48:24"
},
{
"kids":[],
"uid":"1717130261",
"parent":"",
"text":"",
"mid":"zpWzoxmUg",
"date":"2013-03-31 08:45:37"
},
{
"kids":[],
"uid":"3204251153",
"parent":"",
"text":"",
"mid":"zpWzmuZub",
"date":"2013-03-31 08:45:31"
},
{
"kids":[
"zpWSTrUKz"
],
"uid":"275577585",
"parent":"",
"text":"",
"mid":"zpWz77syH",
"date":"2013-03-31 08:44:54"
},
{
"kids":[],
"uid":"1938137133",
"parent":"zpWjZfBXs",
"text":"",
"mid":"zpWyu71QD",
"date":"2013-03-31 08:43:21"
},
{
"kids":[],
"uid":"moto715",
"parent":"",
"text":"",
"mid":"zpWxCCyHV",
"date":"2013-03-31 08:41:14"
},
{
"kids":[],
"uid":"2894880353",
"parent":"",
"text":"反腐还得考小老婆",
"mid":"zpWxxizgE",
"date":"2013-03-31 08:41:02"
},
{
"kids":[],
"uid":"1876198737",
"parent":"zpTKfgTaE",
"text":"",
"mid":"zpWwXicwM",
"date":"2013-03-31 08:39:36"
},
{
"kids":[],
"uid":"pike88",
"parent":"",
"text":"",
"mid":"zpWvZiSn0",
"date":"2013-03-31 08:37:13"
},
{
"kids":[],
"uid":"1500953914",
"parent":"zpWsAiDAa",
"text":"围观",
"mid":"zpWuRf8lQ",
"date":"2013-03-31 08:34:26"
},
{
"kids":[
"zpWuRf8lQ"
],
"uid":"huiningxiaolv",
"parent":"",
"text":"",
"mid":"zpWsAiDAa",
"date":"2013-03-31 08:28:50"
},
{
"kids":[],
"uid":"1978134347",
"parent":"",
"text":"",
"mid":"zpWrSyps3",
"date":"2013-03-31 08:27:06"
},
{
"kids":[],
"uid":"3208219587",
"parent":"",
"text":"",
"mid":"zpWqEk38R",
"date":"2013-03-31 08:24:03"
},
{
"kids":[],
"uid":"1936940357",
"parent":"",
"text":"你能死500多次吗?",
"mid":"zpWq1m1zr",
"date":"2013-03-31 08:22:31"
},
{
"kids":[
"zpWE6v52I"
],
"uid":"1304285160",
"parent":"",
"text":"",
"mid":"zpWoOzkox",
"date":"2013-03-31 08:19:33"
},
{
"kids":[],
"uid":"3255130851",
"parent":"zpWoht3tw",
"text":"",
"mid":"zpWoN6nhb",
"date":"2013-03-31 08:19:28"
},
{
"kids":[],
"uid":"1423820611",
"parent":"",
"text":"",
"mid":"zpWoljCvN",
"date":"2013-03-31 08:18:23"
},
{
"kids":[
"zpWoN6nhb"
],
"uid":"2986885691",
"parent":"",
"text":"",
"mid":"zpWoht3tw",
"date":"2013-03-31 08:18:14"
},
{
"kids":[],
"uid":"1946485824",
"parent":"",
"text":"",
"mid":"zpWoaFad3",
"date":"2013-03-31 08:17:58"
},
{
"kids":[],
"uid":"1828503744",
"parent":"",
"text":"想问509份低保？",
"mid":"zpWnP8H4Z",
"date":"2013-03-31 08:17:06"
},
{
"kids":[
"zpWGsw0DT"
],
"uid":"oyu12185",
"parent":"",
"text":"",
"mid":"zpWnjbduI",
"date":"2013-03-31 08:15:49"
},
{
"kids":[],
"uid":"942496333",
"parent":"zpVOhjCOZ",
"text":"求证",
"mid":"zpWkZ25VR",
"date":"2013-03-31 08:10:06"
},
{
"kids":[],
"uid":"2980248500",
"parent":"",
"text":"一夜六次郎",
"mid":"zpWkD9YFI",
"date":"2013-03-31 08:09:14"
},
{
"kids":[],
"uid":"2278138264",
"parent":"",
"text":"",
"mid":"zpWkB5Ttl",
"date":"2013-03-31 08:09:08"
},
{
"kids":[],
"uid":"111971422",
"parent":"zpWjZfBXs",
"text":"这辈子！",
"mid":"zpWkt7a08",
"date":"2013-03-31 08:08:49"
},
{
"kids":[
"zpWBXgBya",
"zpWyu71QD",
"zpWkt7a08"
],
"uid":"2724385473",
"parent":"zpWjdlS2w",
"text":"[围观]",
"mid":"zpWjZfBXs",
"date":"2013-03-31 08:07:39"
},
{
"kids":[
"zpWjZfBXs"
],
"uid":"518845698",
"parent":"zpT844evs",
"text":"",
"mid":"zpWjdlS2w",
"date":"2013-03-31 08:05:45"
},
{
"kids":[],
"uid":"2198757625",
"parent":"",
"text":"",
"mid":"zpWiOxoe5",
"date":"2013-03-31 08:04:46"
},
{
"kids":[],
"uid":"3200632435",
"parent":"zpTElohsY",
"text":"",
"mid":"zpWiht5zt",
"date":"2013-03-31 08:03:26"
},
{
"kids":[],
"uid":"wildfires139",
"parent":"zpW5OaZpX",
"text":"帮顶…",
"mid":"zpWhTxv1J",
"date":"2013-03-31 08:02:30"
},
{
"kids":[],
"uid":"2426226057",
"parent":"zpTWJrzTH",
"text":"[围观][围观][围观]",
"mid":"zpWhTfdVH",
"date":"2013-03-31 08:02:29"
},
{
"kids":[],
"uid":"1060264753",
"parent":"",
"text":"[晕][围观]",
"mid":"zpWhOvoYh",
"date":"2013-03-31 08:02:18"
},
{
"kids":[],
"uid":"2961737054",
"parent":"",
"text":"哎，天朝的官员啊！",
"mid":"zpWeln89s",
"date":"2013-03-31 07:53:45"
},
{
"kids":[],
"uid":"2326022741",
"parent":"",
"text":"",
"mid":"zpWbLu5jp",
"date":"2013-03-31 07:47:24"
},
{
"kids":[],
"uid":"youqu1219",
"parent":"zpTMj9WRM",
"text":"",
"mid":"zpWaL99dS",
"date":"2013-03-31 07:44:55"
},
{
"kids":[],
"uid":"3130234684",
"parent":"zpTXU5V7j",
"text":"真是天大的讽刺",
"mid":"zpWa0aUjm",
"date":"2013-03-31 07:43:03"
},
{
"kids":[],
"uid":"1233592320",
"parent":"",
"text":"求证",
"mid":"zpW7P8osL",
"date":"2013-03-31 07:37:41"
},
{
"kids":[],
"uid":"handan801",
"parent":"",
"text":"真是党的好干部！@人民日报 @央视新闻 @超级新闻场",
"mid":"zpW62DyFS",
"date":"2013-03-31 07:33:17"
},
{
"kids":[
"zpXBO9MCh",
"zpWhTxv1J"
],
"uid":"1890716342",
"parent":"",
"text":"",
"mid":"zpW5OaZpX",
"date":"2013-03-31 07:32:43"
},
{
"kids":[],
"uid":"1821951092",
"parent":"",
"text":"",
"mid":"zpW5AhCBt",
"date":"2013-03-31 07:32:10"
},
{
"kids":[],
"uid":"1422815210",
"parent":"",
"text":"",
"mid":"zpW5vdHmW",
"date":"2013-03-31 07:31:58"
},
{
"kids":[],
"uid":"youqu1219",
"parent":"zpTMj9WRM",
"text":"",
"mid":"zpW5kzftZ",
"date":"2013-03-31 07:31:32"
},
{
"kids":[],
"uid":"1104391297",
"parent":"",
"text":"",
"mid":"zpW4icM3n",
"date":"2013-03-31 07:28:59"
},
{
"kids":[],
"uid":"dunhaochaguan",
"parent":"",
"text":"",
"mid":"zpW1c7xAv",
"date":"2013-03-31 07:21:21"
},
{
"kids":[],
"uid":"2864395962",
"parent":"",
"text":"真相，真相？",
"mid":"zpW0WaLqf",
"date":"2013-03-31 07:20:42"
},
{
"kids":[],
"uid":"3233422152",
"parent":"",
"text":"",
"mid":"zpW0Tv2Gl",
"date":"2013-03-31 07:20:36"
},
{
"kids":[],
"uid":"ruoyu659",
"parent":"",
"text":"",
"mid":"zpW0fih9M",
"date":"2013-03-31 07:19:00"
},
{
"kids":[],
"uid":"tinolai",
"parent":"",
"text":"",
"mid":"zpVXApBst",
"date":"2013-03-31 07:12:28"
},
{
"kids":[],
"uid":"2409766935",
"parent":"",
"text":"",
"mid":"zpVXv8tle",
"date":"2013-03-31 07:12:14"
},
{
"kids":[],
"uid":"xiaoxianping",
"parent":"zpUEuBE28",
"text":"",
"mid":"zpVX79zRM",
"date":"2013-03-31 07:11:18"
},
{
"kids":[],
"uid":"2129650485",
"parent":"",
"text":"",
"mid":"zpVVs54da",
"date":"2013-03-31 07:07:12"
},
{
"kids":[],
"uid":"2219282705",
"parent":"",
"text":"查下去",
"mid":"zpVUnzzm0",
"date":"2013-03-31 07:04:34"
},
{
"kids":[],
"uid":"1891439847",
"parent":"",
"text":"张晓。。。@滿月Taiki",
"mid":"zpVUbrj2c",
"date":"2013-03-31 07:04:05"
},
{
"kids":[],
"uid":"2246490220",
"parent":"",
"text":"@胶东县令 @于建嵘",
"mid":"zpVU7BD6I",
"date":"2013-03-31 07:03:56"
},
{
"kids":[],
"uid":"331276075",
"parent":"",
"text":"几张身份证？",
"mid":"zpVTchdX6",
"date":"2013-03-31 07:01:38"
},
{
"kids":[],
"uid":"2388294827",
"parent":"",
"text":"冒领那么多份低保是为了养那么多老婆吗?",
"mid":"zpVRQ5baw",
"date":"2013-03-31 06:58:17"
},
{
"kids":[],
"uid":"1710390081",
"parent":"",
"text":"这么厉害",
"mid":"zpVRpdhFa",
"date":"2013-03-31 06:57:14"
},
{
"kids":[
"zpWkZ25VR"
],
"uid":"208272782",
"parent":"",
"text":"",
"mid":"zpVOhjCOZ",
"date":"2013-03-31 06:49:31"
},
{
"kids":[],
"uid":"3070579641",
"parent":"zpVIpAcnZ",
"text":"求证！",
"mid":"zpVNxcWWp",
"date":"2013-03-31 06:47:42"
},
{
"kids":[],
"uid":"1747962662",
"parent":"",
"text":"",
"mid":"zpVN2uNSQ",
"date":"2013-03-31 06:46:28"
},
{
"kids":[],
"uid":"1439386793",
"parent":"",
"text":"",
"mid":"zpVN0snVc",
"date":"2013-03-31 06:46:24"
},
{
"kids":[],
"uid":"3126119953",
"parent":"",
"text":"",
"mid":"zpVIMDyNd",
"date":"2013-03-31 06:35:59"
},
{
"kids":[
"zpVNxcWWp"
],
"uid":"2272253062",
"parent":"zpTJIb5pd",
"text":"顶",
"mid":"zpVIpAcnZ",
"date":"2013-03-31 06:35:05"
},
{
"kids":[],
"uid":"2605395683",
"parent":"",
"text":"拿低保509份？人渣",
"mid":"zpVHnbgiP",
"date":"2013-03-31 06:32:31"
},
{
"kids":[],
"uid":"1657161605",
"parent":"",
"text":"",
"mid":"zpVFOfODL",
"date":"2013-03-31 06:28:40"
},
{
"kids":[],
"uid":"3182387173",
"parent":"zpTXU5V7j",
"text":"",
"mid":"zpVFppXLu",
"date":"2013-03-31 06:27:40"
},
{
"kids":[],
"uid":"1685546404",
"parent":"",
"text":"",
"mid":"zpVEAjd37",
"date":"2013-03-31 06:25:39"
},
{
"kids":[],
"uid":"2852592440",
"parent":"",
"text":"",
"mid":"zpVE7ncmp",
"date":"2013-03-31 06:24:30"
},
{
"kids":[],
"uid":"1568879834",
"parent":"",
"text":"在老家，这事多了。",
"mid":"zpVCd8pRc",
"date":"2013-03-31 06:19:47"
},
{
"kids":[],
"uid":"2713819870",
"parent":"zpVlfckkm",
"text":":",
"mid":"zpVANpsa1",
"date":"2013-03-31 06:16:19"
},
{
"kids":[],
"uid":"1848844113",
"parent":"zpVvTD2fc",
"text":"[吃惊]",
"mid":"zpVwzfWdM",
"date":"2013-03-31 06:05:54"
},
{
"kids":[
"zpVwzfWdM"
],
"uid":"skylvchao",
"parent":"",
"text":"我去这么猛～",
"mid":"zpVvTD2fc",
"date":"2013-03-31 06:04:14"
},
{
"kids":[],
"uid":"207893853",
"parent":"",
"text":"这可能不是真的，一个党员领导干部不可能干这事儿。",
"mid":"zpVvQmLAE",
"date":"2013-03-31 06:04:07"
},
{
"kids":[],
"uid":"1767740131",
"parent":"",
"text":"",
"mid":"zpVvQ5aph",
"date":"2013-03-31 06:04:06"
},
{
"kids":[],
"uid":"1558502514",
"parent":"zpVlfckkm",
"text":"",
"mid":"zpVtMqESR",
"date":"2013-03-31 05:59:01"
},
{
"kids":[],
"uid":"1794499275",
"parent":"",
"text":"",
"mid":"zpVsWrIg8",
"date":"2013-03-31 05:56:58"
},
{
"kids":[],
"uid":"2386978164",
"parent":"",
"text":"",
"mid":"zpVss1Jqp",
"date":"2013-03-31 05:55:45"
},
{
"kids":[],
"uid":"1740422812",
"parent":"",
"text":"",
"mid":"zpVr4irSM",
"date":"2013-03-31 05:52:20"
},
{
"kids":[],
"uid":"1806202797",
"parent":"",
"text":"",
"mid":"zpVp81gnE",
"date":"2013-03-31 05:47:34"
},
{
"kids":[],
"uid":"1056351253",
"parent":"",
"text":"",
"mid":"zpVn45f1X",
"date":"2013-03-31 05:42:29"
},
{
"kids":[
"zpVANpsa1",
"zpVtMqESR"
],
"uid":"jingkehanqin",
"parent":"zpUCNqHfz",
"text":"",
"mid":"zpVlfckkm",
"date":"2013-03-31 05:38:01"
},
{
"kids":[
"zpWLhcBzB"
],
"uid":"2727505227",
"parent":"",
"text":"西南民风纯仆，揭反定有！",
"mid":"zpVhU2XSe",
"date":"2013-03-31 05:29:45"
},
{
"kids":[],
"uid":"mochongpeng",
"parent":"",
"text":"",
"mid":"zpVhxjUX0",
"date":"2013-03-31 05:28:51"
},
{
"kids":[],
"uid":"1106519475",
"parent":"zpUt94kVi",
"text":"",
"mid":"zpVfnsfVp",
"date":"2013-03-31 05:23:33"
},
{
"kids":[],
"uid":"vicerrr",
"parent":"",
"text":"",
"mid":"zpVex8vmY",
"date":"2013-03-31 05:21:28"
},
{
"kids":[],
"uid":"2085100343",
"parent":"",
"text":"顶",
"mid":"zpVcvx4np",
"date":"2013-03-31 05:16:29"
},
{
"kids":[],
"uid":"1900879807",
"parent":"zpUEuBE28",
"text":"[围观]",
"mid":"zpVbdtmRP",
"date":"2013-03-31 05:13:17"
},
{
"kids":[],
"uid":"2280363275",
"parent":"",
"text":"",
"mid":"zpV1K4Ub4",
"date":"2013-03-31 04:49:57"
},
{
"kids":[],
"uid":"1866000211",
"parent":"zpUCNqHfz",
"text":"",
"mid":"zpUSBh9zd",
"date":"2013-03-31 04:27:25"
},
{
"kids":[],
"uid":"1081486955",
"parent":"",
"text":"",
"mid":"zpUR6uORd",
"date":"2013-03-31 04:23:44"
},
{
"kids":[],
"uid":"2836231191",
"parent":"zpUCNqHfz",
"text":"",
"mid":"zpUPlqJcj",
"date":"2013-03-31 04:19:25"
},
{
"kids":[],
"uid":"2363252994",
"parent":"",
"text":"[吃惊]",
"mid":"zpUKWrySL",
"date":"2013-03-31 04:08:34"
},
{
"kids":[],
"uid":"2992180745",
"parent":"",
"text":"",
"mid":"zpUKuC28l",
"date":"2013-03-31 04:07:28"
},
{
"kids":[],
"uid":"2568784487",
"parent":"",
"text":"这简直就是畜生！！@李承鹏 @薛蛮子 @蕭沉 @于建嵘 @梦想慕尼黑",
"mid":"zpUJHAcHu",
"date":"2013-03-31 04:05:31"
},
{
"kids":[],
"uid":"1226980910",
"parent":"zpUCNqHfz",
"text":"",
"mid":"zpUFEswA6",
"date":"2013-03-31 03:55:32"
},
{
"kids":[],
"uid":"2764361557",
"parent":"",
"text":"",
"mid":"zpUFsBRT9",
"date":"2013-03-31 03:55:03"
},
{
"kids":[
"zpVX79zRM",
"zpVbdtmRP"
],
"uid":"2640670642",
"parent":"zpUCNqHfz",
"text":"转起来",
"mid":"zpUEuBE28",
"date":"2013-03-31 03:52:41"
},
{
"kids":[],
"uid":"2571983714",
"parent":"",
"text":"",
"mid":"zpUDqaXdj",
"date":"2013-03-31 03:50:02"
},
{
"kids":[
"zpVlfckkm",
"zpUSBh9zd",
"zpUPlqJcj",
"zpUFEswA6",
"zpUEuBE28"
],
"uid":"316494555",
"parent":"",
"text":"",
"mid":"zpUCNqHfz",
"date":"2013-03-31 03:48:30"
},
{
"kids":[],
"uid":"2124662797",
"parent":"",
"text":"",
"mid":"zpUx10zXI",
"date":"2013-03-31 03:34:14"
},
{
"kids":[],
"uid":"3177934843",
"parent":"",
"text":"",
"mid":"zpUwXa0DN",
"date":"2013-03-31 03:34:06"
},
{
"kids":[],
"uid":"2451894450",
"parent":"zpUapvbGH",
"text":"",
"mid":"zpUuiiA7l",
"date":"2013-03-31 03:27:33"
},
{
"kids":[
"zpVfnsfVp"
],
"uid":"1379158222",
"parent":"zpTEb4AZj",
"text":"真的假的？求辟谣[吃惊]",
"mid":"zpUt94kVi",
"date":"2013-03-31 03:24:43"
},
{
"kids":[],
"uid":"1858606294",
"parent":"zpSMlrWAw",
"text":"[哈哈]",
"mid":"zpUnO9sGz",
"date":"2013-03-31 03:11:34"
},
{
"kids":[],
"uid":"2616582147",
"parent":"",
"text":"[轉發]",
"mid":"zpUnib95A",
"date":"2013-03-31 03:10:18"
},
{
"kids":[],
"uid":"2738579713",
"parent":"",
"text":"",
"mid":"zpUmi7KrE",
"date":"2013-03-31 03:07:50"
},
{
"kids":[],
"uid":"1671551855",
"parent":"",
"text":"",
"mid":"zpUib7mXd",
"date":"2013-03-31 02:57:42"
},
{
"kids":[],
"uid":"2357635144",
"parent":"",
"text":"",
"mid":"zpUgT6A1Z",
"date":"2013-03-31 02:54:31"
},
{
"kids":[],
"uid":"3153836585",
"parent":"",
"text":"[愤怒]",
"mid":"zpUgwyIKf",
"date":"2013-03-31 02:53:38"
},
{
"kids":[],
"uid":"3153836585",
"parent":"",
"text":"拖出去，砍了砍了砍了砍了砍了[愤怒][愤怒][愤怒][愤怒][愤怒][愤怒][愤怒][愤怒]",
"mid":"zpUfICh0Q",
"date":"2013-03-31 02:51:38"
},
{
"kids":[],
"uid":"2269704773",
"parent":"",
"text":"",
"mid":"zpUdGvMyQ",
"date":"2013-03-31 02:46:38"
},
{
"kids":[],
"uid":"1669624435",
"parent":"",
"text":"[哈哈]",
"mid":"zpUassvBx",
"date":"2013-03-31 02:38:41"
},
{
"kids":[
"zpUuiiA7l"
],
"uid":"piaoliupingjiang412",
"parent":"",
"text":"",
"mid":"zpUapvbGH",
"date":"2013-03-31 02:38:34"
},
{
"kids":[],
"uid":"1134436970",
"parent":"",
"text":"",
"mid":"zpU8Wbp2u",
"date":"2013-03-31 02:34:56"
},
{
"kids":[],
"uid":"3219668860",
"parent":"",
"text":"",
"mid":"zpU69Dbcm",
"date":"2013-03-31 02:28:04"
},
{
"kids":[],
"uid":"2726737912",
"parent":"zpTFyaYke",
"text":"",
"mid":"zpU4s6jyy",
"date":"2013-03-31 02:23:54"
},
{
"kids":[],
"uid":"afanso",
"parent":"",
"text":"",
"mid":"zpU3F5mFZ",
"date":"2013-03-31 02:21:55"
},
{
"kids":[],
"uid":"imocanihckcuf",
"parent":"",
"text":"哈哈，又有热闹看了！",
"mid":"zpU1zmNs5",
"date":"2013-03-31 02:16:47"
},
{
"kids":[
"zpWa0aUjm",
"zpVFppXLu"
],
"uid":"3128770474",
"parent":"zpThKe1pY",
"text":"这好玩",
"mid":"zpTXU5V7j",
"date":"2013-03-31 02:07:45"
},
{
"kids":[],
"uid":"kongqiyisheng",
"parent":"",
"text":"[怒]",
"mid":"zpTX6uwJZ",
"date":"2013-03-31 02:05:47"
},
{
"kids":[],
"uid":"2834766550",
"parent":"",
"text":"",
"mid":"zpTWTbIqq",
"date":"2013-03-31 02:05:15"
},
{
"kids":[
"zpWhTfdVH"
],
"uid":"1771845423",
"parent":"",
"text":"中共应该管好自己的马仔",
"mid":"zpTWJrzTH",
"date":"2013-03-31 02:04:52"
},
{
"kids":[],
"uid":"ffl1987",
"parent":"",
"text":"",
"mid":"zpTWAi0sV",
"date":"2013-03-31 02:04:29"
},
{
"kids":[],
"uid":"3032561502",
"parent":"",
"text":"这个必须顶一下，支持家乡产业[哈哈]/@记者刘虎: 都安是广西河池市下辖的一个瑶族自治县；民政局现任领导中有一人姓黄：书记黄显生http:",
"mid":"zpTWyus7D",
"date":"2013-03-31 02:04:26"
},
{
"kids":[],
"uid":"2911046450",
"parent":"",
"text":"九套房、6个老婆，都好意思出来混，见了面都没法和人打招呼。@EE熊猫 @莫妮卡方 @江南小周662722",
"mid":"zpTWr7mHF",
"date":"2013-03-31 02:04:08"
},
{
"kids":[],
"uid":"2073217905",
"parent":"",
"text":"真的假的？",
"mid":"zpTVMktAZ",
"date":"2013-03-31 02:02:31"
},
{
"kids":[],
"uid":"2898206631",
"parent":"",
"text":"",
"mid":"zpTVG7L4y",
"date":"2013-03-31 02:02:16"
},
{
"kids":[],
"uid":"1498270435",
"parent":"",
"text":"",
"mid":"zpTULFtRK",
"date":"2013-03-31 02:00:01"
},
{
"kids":[],
"uid":"518465676",
"parent":"",
"text":"保持观望@江小盒",
"mid":"zpTU41uyX",
"date":"2013-03-31 01:58:16"
},
{
"kids":[
"zqqXzu6wl"
],
"uid":"2253007427",
"parent":"",
"text":"转哦！二奶反腐又一实例？",
"mid":"zpTU29UOq",
"date":"2013-03-31 01:58:13"
},
{
"kids":[],
"uid":"526907206",
"parent":"",
"text":"",
"mid":"zpTTXaV72",
"date":"2013-03-31 01:58:01"
},
{
"kids":[],
"uid":"2997328330",
"parent":"",
"text":"",
"mid":"zpTTTCZNi",
"date":"2013-03-31 01:57:53"
},
{
"kids":[],
"uid":"2819717611",
"parent":"",
"text":"",
"mid":"zpTSouuOp",
"date":"2013-03-31 01:54:11"
},
{
"kids":[],
"uid":"2751603653",
"parent":"",
"text":"要热闹了!",
"mid":"zpTSogkNX",
"date":"2013-03-31 01:54:10"
},
{
"kids":[],
"uid":"1029159043",
"parent":"",
"text":"",
"mid":"zpTSlj0Aj",
"date":"2013-03-31 01:54:02"
},
{
"kids":[],
"uid":"2813083050",
"parent":"",
"text":"",
"mid":"zpTSggAec",
"date":"2013-03-31 01:53:50"
},
{
"kids":[],
"uid":"1481319821",
"parent":"",
"text":"",
"mid":"zpTRwthRr",
"date":"2013-03-31 01:52:02"
},
{
"kids":[],
"uid":"1302371134",
"parent":"",
"text":"",
"mid":"zpTRvirCW",
"date":"2013-03-31 01:51:59"
},
{
"kids":[],
"uid":"2676772487",
"parent":"",
"text":"",
"mid":"zpTRvfPhn",
"date":"2013-03-31 01:51:59"
},
{
"kids":[
"zpXlnguO5"
],
"uid":"2248160430",
"parent":"",
"text":"牛逼人",
"mid":"zpTRrahjN",
"date":"2013-03-31 01:51:49"
},
{
"kids":[
"zq6Zh6w8H"
],
"uid":"1343617133",
"parent":"",
"text":"[围观]",
"mid":"zpTRf1Rvg",
"date":"2013-03-31 01:51:20"
},
{
"kids":[],
"uid":"2946848443",
"parent":"zpThKe1pY",
"text":"竟有如此局长，也该治治了！",
"mid":"zpTQafc0q",
"date":"2013-03-31 01:48:41"
},
{
"kids":[],
"uid":"1196705125",
"parent":"",
"text":"夜深了，[嘘]",
"mid":"zpTPXexpd",
"date":"2013-03-31 01:48:10"
},
{
"kids":[],
"uid":"3304172385",
"parent":"",
"text":"穷人房子被强拆 官员竟然利用职权无法无天",
"mid":"zpTPntyiN",
"date":"2013-03-31 01:46:44"
},
{
"kids":[],
"uid":"1707920981",
"parent":"",
"text":"",
"mid":"zpTPe4scb",
"date":"2013-03-31 01:46:22"
},
{
"kids":[],
"uid":"2886059751",
"parent":"",
"text":"",
"mid":"zpTObzzua",
"date":"2013-03-31 01:43:49"
},
{
"kids":[],
"uid":"277990761",
"parent":"",
"text":"求真相[哈哈]",
"mid":"zpTN6fxFQ",
"date":"2013-03-31 01:41:08"
},
{
"kids":[],
"uid":"1890895065",
"parent":"zpTJi8plk",
"text":"我各路专家和领导怎么都跟说相声的似的。",
"mid":"zpTN5nemX",
"date":"2013-03-31 01:41:06"
},
{
"kids":[],
"uid":"3196571223",
"parent":"",
"text":"@ROBIN_賓一帆",
"mid":"zpTMLwHhF",
"date":"2013-03-31 01:40:19"
},
{
"kids":[
"zpZBqBrBT",
"zpWaL99dS",
"zpW5kzftZ"
],
"uid":"1450355707",
"parent":"zpTJi8plk",
"text":"",
"mid":"zpTMj9WRM",
"date":"2013-03-31 01:39:11"
},
{
"kids":[],
"uid":"2645059653",
"parent":"",
"text":"[弱]",
"mid":"zpTMc4sng",
"date":"2013-03-31 01:38:54"
},
{
"kids":[],
"uid":"qiuyuwutong",
"parent":"",
"text":"",
"mid":"zpTLTcUle",
"date":"2013-03-31 01:38:08"
},
{
"kids":[],
"uid":"1784582701",
"parent":"",
"text":"[吃驚]",
"mid":"zpTLx1P95",
"date":"2013-03-31 01:37:16"
},
{
"kids":[],
"uid":"1830123150",
"parent":"",
"text":"局长要吃509份低保，得多穷啊？",
"mid":"zpTLtcBRy",
"date":"2013-03-31 01:37:07"
},
{
"kids":[],
"uid":"1064006410",
"parent":"",
"text":"",
"mid":"zpTKBoDjK",
"date":"2013-03-31 01:34:58"
},
{
"kids":[
"zpWwXicwM"
],
"uid":"1711178462",
"parent":"",
"text":"",
"mid":"zpTKfgTaE",
"date":"2013-03-31 01:34:06"
},
{
"kids":[
"zpVIpAcnZ"
],
"uid":"3101576615",
"parent":"",
"text":"",
"mid":"zpTJIb5pd",
"date":"2013-03-31 01:32:47"
},
{
"kids":[
"zpTN5nemX",
"zpTMj9WRM"
],
"uid":"1904212045",
"parent":"zpSL65dG2",
"text":"",
"mid":"zpTJi8plk",
"date":"2013-03-31 01:31:45"
},
{
"kids":[],
"uid":"2748140903",
"parent":"",
"text":"[怒]",
"mid":"zpTJ87XfC",
"date":"2013-03-31 01:31:21"
},
{
"kids":[],
"uid":"3205579301",
"parent":"",
"text":"",
"mid":"zpTIogvkO",
"date":"2013-03-31 01:29:32"
},
{
"kids":[],
"uid":"2518855464",
"parent":"",
"text":"",
"mid":"zpTI6xjd1",
"date":"2013-03-31 01:28:49"
},
{
"kids":[],
"uid":"2773319063",
"parent":"",
"text":"",
"mid":"zpTHSDVdh",
"date":"2013-03-31 01:28:16"
},
{
"kids":[],
"uid":"jamis",
"parent":"",
"text":"真nb啊，天朝上国无奇不有",
"mid":"zpTHDyWkA",
"date":"2013-03-31 01:27:41"
},
{
"kids":[],
"uid":"2126927637",
"parent":"",
"text":"",
"mid":"zpTHdhNZw",
"date":"2013-03-31 01:26:38"
},
{
"kids":[
"zq5ptwvQ1"
],
"uid":"3277978065",
"parent":"",
"text":"我们来采访采访这位现代帝王！",
"mid":"zpTGJuhMs",
"date":"2013-03-31 01:25:26"
},
{
"kids":[],
"uid":"2294576645",
"parent":"zpT7m3OBc",
"text":"",
"mid":"zpTGJuhI6",
"date":"2013-03-31 01:25:26"
},
{
"kids":[],
"uid":"lsx9",
"parent":"",
"text":"",
"mid":"zpTGEsS57",
"date":"2013-03-31 01:25:15"
},
{
"kids":[],
"uid":"1925007781",
"parent":"zpTFyaYke",
"text":"",
"mid":"zpTGm5D0n",
"date":"2013-03-31 01:24:31"
},
{
"kids":[
"zpXhD2meG"
],
"uid":"2467049747",
"parent":"zpTElqlww",
"text":"",
"mid":"zpTGhFgzM",
"date":"2013-03-31 01:24:20"
},
{
"kids":[],
"uid":"1949704715",
"parent":"",
"text":"'",
"mid":"zpTG4nP1d",
"date":"2013-03-31 01:23:49"
},
{
"kids":[],
"uid":"2798866131",
"parent":"",
"text":"",
"mid":"zpTG3cYNS",
"date":"2013-03-31 01:23:46"
},
{
"kids":[],
"uid":"1650081222",
"parent":"",
"text":"",
"mid":"zpTFMFKq2",
"date":"2013-03-31 01:23:07"
},
{
"kids":[
"zpU4s6jyy",
"zpTGm5D0n"
],
"uid":"3288560183",
"parent":"",
"text":"",
"mid":"zpTFyaYke",
"date":"2013-03-31 01:22:31"
},
{
"kids":[],
"uid":"3172887164",
"parent":"",
"text":"",
"mid":"zpTFx2iCp",
"date":"2013-03-31 01:22:28"
},
{
"kids":[],
"uid":"3234842134",
"parent":"",
"text":"没有最贪只有更贪",
"mid":"zpTFlccnO",
"date":"2013-03-31 01:22:00"
},
{
"kids":[],
"uid":"2119549215",
"parent":"",
"text":"",
"mid":"zpTFgr0ZD",
"date":"2013-03-31 01:21:49"
},
{
"kids":[],
"uid":"1563550597",
"parent":"",
"text":"不想转",
"mid":"zpTFe5kDs",
"date":"2013-03-31 01:21:44"
},
{
"kids":[],
"uid":"1162907062",
"parent":"",
"text":"",
"mid":"zpTFawmDQ",
"date":"2013-03-31 01:21:36"
},
{
"kids":[],
"uid":"2480754942",
"parent":"",
"text":"",
"mid":"zpTF9FgDF",
"date":"2013-03-31 01:21:34"
},
{
"kids":[],
"uid":"1083236377",
"parent":"",
"text":"@我一直在迷茫 ，你们家那边滴…",
"mid":"zpTEUy9q7",
"date":"2013-03-31 01:20:58"
},
{
"kids":[],
"uid":"2614289761",
"parent":"",
"text":"",
"mid":"zpTEUjq6y",
"date":"2013-03-31 01:20:57"
},
{
"kids":[],
"uid":"baojuezhijia",
"parent":"",
"text":"",
"mid":"zpTEIbJum",
"date":"2013-03-31 01:20:28"
},
{
"kids":[],
"uid":"2064984955",
"parent":"",
"text":"",
"mid":"zpTEpwrUO",
"date":"2013-03-31 01:19:44"
},
{
"kids":[],
"uid":"pine7963",
"parent":"",
"text":"求证。",
"mid":"zpTEonFQP",
"date":"2013-03-31 01:19:41"
},
{
"kids":[
"zpTGhFgzM"
],
"uid":"1539448274",
"parent":"",
"text":"",
"mid":"zpTElqlww",
"date":"2013-03-31 01:19:34"
},
{
"kids":[
"zpWiht5zt"
],
"uid":"3187258505",
"parent":"",
"text":"",
"mid":"zpTElohsY",
"date":"2013-03-31 01:19:33"
},
{
"kids":[
"zpUt94kVi"
],
"uid":"2097130295",
"parent":"",
"text":"[吃惊]",
"mid":"zpTEb4AZj",
"date":"2013-03-31 01:19:09"
},
{
"kids":[],
"uid":"1108751852",
"parent":"",
"text":"",
"mid":"zpTDMhbLi",
"date":"2013-03-31 01:18:09"
},
{
"kids":[],
"uid":"1655363023",
"parent":"",
"text":"你有病，是很多年前的事情了，黑记就是乱放屁",
"mid":"zpTDHf1Cl",
"date":"2013-03-31 01:17:58"
},
{
"kids":[],
"uid":"2481258461",
"parent":"",
"text":"[话筒]",
"mid":"zpTD83R46",
"date":"2013-03-31 01:16:33"
},
{
"kids":[],
"uid":"2307116595",
"parent":"",
"text":"",
"mid":"zpTyRhszG",
"date":"2013-03-31 01:06:03"
},
{
"kids":[],
"uid":"2773319063",
"parent":"",
"text":"求证！！！咱身边的帝王！@中文台张婉 @记者刘虎 @灰太狼-东仔",
"mid":"zpTx4uXvx",
"date":"2013-03-31 01:01:39"
},
{
"kids":[],
"uid":"3195107532",
"parent":"zpSZt10gq",
"text":"真是无语，只能转！",
"mid":"zpTuLssHN",
"date":"2013-03-31 00:55:58"
},
{
"kids":[],
"uid":"1759476957",
"parent":"",
"text":"6个老婆也敢称王？[哈哈]",
"mid":"zpTuEqwSN",
"date":"2013-03-31 00:55:37"
},
{
"kids":[],
"uid":"1934352755",
"parent":"",
"text":"",
"mid":"zpTuz3glu",
"date":"2013-03-31 00:55:28"
},
{
"kids":[],
"uid":"2712837551",
"parent":"",
"text":"?",
"mid":"zpTtj2krC",
"date":"2013-03-31 00:52:22"
},
{
"kids":[],
"uid":"shendudanding",
"parent":"",
"text":"都安离我们很近",
"mid":"zpTsBi2Pm",
"date":"2013-03-31 00:50:37"
},
{
"kids":[],
"uid":"2661311867",
"parent":"zpToJlCs2",
"text":"身体不错",
"mid":"zpTrpsiDH",
"date":"2013-03-31 00:47:42"
},
{
"kids":[],
"uid":"scholl1981",
"parent":"",
"text":"",
"mid":"zpTrdjsif",
"date":"2013-03-31 00:47:14"
},
{
"kids":[],
"uid":"wscyxp",
"parent":"zpToJlCs2",
"text":"",
"mid":"zpTpU4dOo",
"date":"2013-03-31 00:43:59"
},
{
"kids":[
"zpTrpsiDH",
"zpTpU4dOo"
],
"uid":"678870830",
"parent":"zpTlN56iq",
"text":"永远看不完的热闹![悲伤]",
"mid":"zpToJlCs2",
"date":"2013-03-31 00:41:04"
},
{
"kids":[],
"uid":"2004183797",
"parent":"zpThKe1pY",
"text":"真的假的？这么牛的局长都存在呀？",
"mid":"zpToEDyqo",
"date":"2013-03-31 00:40:55"
},
{
"kids":[],
"uid":"328780806",
"parent":"zpSLDuuol",
"text":"",
"mid":"zpTno5edz",
"date":"2013-03-31 00:37:46"
},
{
"kids":[],
"uid":"1909076754",
"parent":"",
"text":"",
"mid":"zpTmVnjBk",
"date":"2013-03-31 00:36:36"
},
{
"kids":[
"zpToJlCs2"
],
"uid":"3149359555",
"parent":"zpThKe1pY",
"text":"求证！[偷笑]",
"mid":"zpTlN56iq",
"date":"2013-03-31 00:33:51"
},
{
"kids":[],
"uid":"2073676455",
"parent":"zpSL65dG2",
"text":"",
"mid":"zpTiAdIHs",
"date":"2013-03-31 00:25:57"
},
{
"kids":[],
"uid":"3095471507",
"parent":"",
"text":"[话筒]求证！@孔智勇-@李圓夢-@超粵當下@凤凰卫视@第一现场微播@丰乳肥臀v@彭曙光V@人民日报",
"mid":"zpTi42axz",
"date":"2013-03-31 00:24:37"
},
{
"kids":[
"zpXRJmwF9",
"zpWAwyobO",
"zpTXU5V7j",
"zpTQafc0q",
"zpToEDyqo",
"zpTlN56iq"
],
"uid":"734550997",
"parent":"zpT844evs",
"text":"",
"mid":"zpThKe1pY",
"date":"2013-03-31 00:23:53"
},
{
"kids":[],
"uid":"lixiao",
"parent":"zpT446Hu4",
"text":"",
"mid":"zpTfbtuYX",
"date":"2013-03-31 00:17:35"
},
{
"kids":[],
"uid":"redalex",
"parent":"zpT446Hu4",
"text":"",
"mid":"zpT9eqk52",
"date":"2013-03-31 00:02:52"
},
{
"kids":[],
"uid":"1502087652",
"parent":"zpT7m3OBc",
"text":"牛B大了！[花心][花心][花心]",
"mid":"zpT8Woc2M",
"date":"2013-03-31 00:02:11"
},
{
"kids":[
"zpWjdlS2w",
"zpThKe1pY"
],
"uid":"57100680",
"parent":"",
"text":"看热闹不？[吃惊][吃惊][吃惊]",
"mid":"zpT844evs",
"date":"2013-03-30 23:59:59"
},
{
"kids":[
"zpTGJuhI6",
"zpT8Woc2M"
],
"uid":"3035784797",
"parent":"",
"text":"又一个猛料",
"mid":"zpT7m3OBc",
"date":"2013-03-30 23:58:17"
},
{
"kids":[],
"uid":"2551369601",
"parent":"zpSZt10gq",
"text":"",
"mid":"zpT6KbsSk",
"date":"2013-03-30 23:56:47"
},
{
"kids":[],
"uid":"2628027795",
"parent":"zpT3A12a1",
"text":"",
"mid":"zpT5V4CNM",
"date":"2013-03-30 23:54:46"
},
{
"kids":[],
"uid":"2018285790",
"parent":"zpT446Hu4",
"text":"",
"mid":"zpT4F6QaY",
"date":"2013-03-30 23:51:38"
},
{
"kids":[
"zpTfbtuYX",
"zpT9eqk52",
"zpT4F6QaY"
],
"uid":"2094723941",
"parent":"",
"text":"@苏小扬",
"mid":"zpT446Hu4",
"date":"2013-03-30 23:50:09"
},
{
"kids":[],
"uid":"2168615887",
"parent":"zpSJs9N2k",
"text":"[围观]",
"mid":"zpT3N1hls",
"date":"2013-03-30 23:49:27"
},
{
"kids":[
"zpT5V4CNM"
],
"uid":"2454781743",
"parent":"",
"text":"",
"mid":"zpT3A12a1",
"date":"2013-03-30 23:48:56"
},
{
"kids":[],
"uid":"3074857635",
"parent":"",
"text":"转发",
"mid":"zpT3nBw5x",
"date":"2013-03-30 23:48:28"
},
{
"kids":[],
"uid":"2281280680",
"parent":"",
"text":"",
"mid":"zpT2Dsmgr",
"date":"2013-03-30 23:46:37"
},
{
"kids":[],
"uid":"2281280680",
"parent":"",
"text":"",
"mid":"zpT1q7F6n",
"date":"2013-03-30 23:43:39"
},
{
"kids":[],
"uid":"3129543424",
"parent":"zpSV6hT20",
"text":"",
"mid":"zpT1pdRNO",
"date":"2013-03-30 23:43:38"
},
{
"kids":[],
"uid":"1696340332",
"parent":"",
"text":"求辟谣",
"mid":"zpSZGgSGC",
"date":"2013-03-30 23:39:22"
},
{
"kids":[
"zpTuLssHN",
"zpT6KbsSk"
],
"uid":"2006632577",
"parent":"",
"text":"",
"mid":"zpSZt10gq",
"date":"2013-03-30 23:38:51"
},
{
"kids":[],
"uid":"2240651982",
"parent":"",
"text":"很好",
"mid":"zpSYQ03oU",
"date":"2013-03-30 23:37:15"
},
{
"kids":[],
"uid":"2484463622",
"parent":"zpSWWndX7",
"text":"名字都不错",
"mid":"zpSYcmufJ",
"date":"2013-03-30 23:35:44"
},
{
"kids":[],
"uid":"2416976287",
"parent":"zpSWWndX7",
"text":"",
"mid":"zpSXFjSYt",
"date":"2013-03-30 23:34:25"
},
{
"kids":[],
"uid":"206021119",
"parent":"zpSWWndX7",
"text":"谁辟谣一下",
"mid":"zpSXC1aQq",
"date":"2013-03-30 23:34:17"
},
{
"kids":[],
"uid":"2086627901",
"parent":"",
"text":"假新闻",
"mid":"zpSXaykVK",
"date":"2013-03-30 23:33:09"
},
{
"kids":[
"zpSYcmufJ",
"zpSXFjSYt",
"zpSXC1aQq"
],
"uid":"caorenjie1988",
"parent":"zpSSEp984",
"text":"",
"mid":"zpSWWndX7",
"date":"2013-03-30 23:32:36"
},
{
"kids":[
"zpT1pdRNO"
],
"uid":"2954383704",
"parent":"",
"text":"[给力]",
"mid":"zpSV6hT20",
"date":"2013-03-30 23:28:05"
},
{
"kids":[],
"uid":"3274640741",
"parent":"",
"text":"",
"mid":"zpSUfpCtu",
"date":"2013-03-30 23:26:00"
},
{
"kids":[],
"uid":"1480195570",
"parent":"",
"text":"不明真相围观",
"mid":"zpSTZqtsj",
"date":"2013-03-30 23:25:19"
},
{
"kids":[],
"uid":"2497817527",
"parent":"",
"text":"",
"mid":"zpSTWwdP1",
"date":"2013-03-30 23:25:15"
},
{
"kids":[],
"uid":"2217376203",
"parent":"zpSL65dG2",
"text":"",
"mid":"zpST4onJ7",
"date":"2013-03-30 23:23:07"
},
{
"kids":[
"zpSWWndX7"
],
"uid":"3064519803",
"parent":"zpSMlrWAw",
"text":"",
"mid":"zpSSEp984",
"date":"2013-03-30 23:22:04"
},
{
"kids":[],
"uid":"yinxueyu",
"parent":"zpSPXb5PA",
"text":"",
"mid":"zpSQFsYny",
"date":"2013-03-30 23:17:10"
},
{
"kids":[
"zpSQFsYny"
],
"uid":"1743467654",
"parent":"zpSL65dG2",
"text":"求证",
"mid":"zpSPXb5PA",
"date":"2013-03-30 23:15:22"
},
{
"kids":[],
"uid":"1882551245",
"parent":"",
"text":"只有一个电话是通的",
"mid":"zpSPMf0NG",
"date":"2013-03-30 23:14:59"
},
{
"kids":[],
"uid":"1882551245",
"parent":"",
"text":"",
"mid":"zpSPuxyR2",
"date":"2013-03-30 23:14:15"
},
{
"kids":[],
"uid":"2457187725",
"parent":"",
"text":"",
"mid":"zpSPq5W73",
"date":"2013-03-30 23:14:06"
},
{
"kids":[],
"uid":"3135390464",
"parent":"zpSMlrWAw",
"text":"",
"mid":"zpSPl6hUT",
"date":"2013-03-30 23:13:54"
},
{
"kids":[],
"uid":"1636070101",
"parent":"",
"text":"",
"mid":"zpSPbi37G",
"date":"2013-03-30 23:13:31"
},
{
"kids":[],
"uid":"2782677585",
"parent":"",
"text":"贪淫之官，皇家待遇，六宫风云。。。",
"mid":"zpSNIBa5O",
"date":"2013-03-30 23:09:55"
},
{
"kids":[],
"uid":"2664057084",
"parent":"",
"text":"局长，又是局长！如果对权力得不到有效遏制，真的好可怕！",
"mid":"zpSMR6Z7K",
"date":"2013-03-30 23:07:45"
},
{
"kids":[],
"uid":"1851556815",
"parent":"",
"text":"",
"mid":"zpSMLshGL",
"date":"2013-03-30 23:07:31"
},
{
"kids":[],
"uid":"421913132",
"parent":"zpSL65dG2",
"text":"",
"mid":"zpSMDbVSw",
"date":"2013-03-30 23:07:15"
},
{
"kids":[],
"uid":"1964062617",
"parent":"",
"text":"",
"mid":"zpSMulzWt",
"date":"2013-03-30 23:06:54"
},
{
"kids":[
"zpUnO9sGz",
"zpSSEp984",
"zpSPl6hUT"
],
"uid":"1730297483",
"parent":"zpSLDuuol",
"text":"",
"mid":"zpSMlrWAw",
"date":"2013-03-30 23:06:32"
},
{
"kids":[],
"uid":"2948746383",
"parent":"",
"text":"又一驻虫",
"mid":"zpSLMkXrM",
"date":"2013-03-30 23:05:08"
},
{
"kids":[
"zpTno5edz",
"zpSMlrWAw"
],
"uid":"2094992371",
"parent":"zpSL65dG2",
"text":"又是牛人一个",
"mid":"zpSLDuuol",
"date":"2013-03-30 23:04:47"
},
{
"kids":[],
"uid":"2983188782",
"parent":"",
"text":"[吃惊]",
"mid":"zpSLmDC3u",
"date":"2013-03-30 23:04:07"
},
{
"kids":[
"zpTJi8plk",
"zpTiAdIHs",
"zpST4onJ7",
"zpSPXb5PA",
"zpSMDbVSw",
"zpSLDuuol"
],
"uid":"1918557523",
"parent":"",
"text":"[怒]求证!",
"mid":"zpSL65dG2",
"date":"2013-03-30 23:03:27"
},
{
"kids":[],
"uid":"hbsyzdw",
"parent":"",
"text":"[挖鼻屎]",
"mid":"zpSKJCMYp",
"date":"2013-03-30 23:02:33"
},
{
"kids":[],
"uid":"1968374180",
"parent":"",
"text":"",
"mid":"zpSJRf7KD",
"date":"2013-03-30 23:00:22"
},
{
"kids":[],
"uid":"wangzi12345678",
"parent":"",
"text":"[ok]",
"mid":"zpSJHuinp",
"date":"2013-03-30 23:00:01"
},
{
"kids":[],
"uid":"1559800844",
"parent":"",
"text":"[吃惊]真的吗？",
"mid":"zpSJt32ua",
"date":"2013-03-30 22:59:23"
},
{
"kids":[
"zpT3N1hls"
],
"uid":"leiwukui",
"parent":"",
"text":"",
"mid":"zpSJs9N2k",
"date":"2013-03-30 22:59:25"
},
{
"kids":[],
"uid":"1400736670",
"parent":"",
"text":"顶着个孙子！",
"mid":"zpSJo1zLJ",
"date":"2013-03-30 22:59:14"
},
{
"kids":[],
"uid":"hangyuzy",
"parent":"",
"text":"",
"mid":"zpSIXnRK6",
"date":"2013-03-30 22:58:09"
}
]