[
{
"kids":[],
"uid":"2919752860",
"parent":"zstwXxiMU",
"text":"",
"mid":"zwN5QnQyh",
"date":"2013-05-15 09:30:12"
},
{
"kids":[],
"uid":"2803197482",
"parent":"zstwXxiMU",
"text":"",
"mid":"zwBYlhVQK",
"date":"2013-05-14 05:11:31"
},
{
"kids":[],
"uid":"2809878832",
"parent":"zstwXxiMU",
"text":"",
"mid":"zwBYlgQsf",
"date":"2013-05-14 05:11:31"
},
{
"kids":[],
"uid":"2920507610",
"parent":"zstwXxiMU",
"text":"",
"mid":"zvnPNkG6F",
"date":"2013-05-06 03:21:42"
},
{
"kids":[],
"uid":"2919608552",
"parent":"zstwXxiMU",
"text":"",
"mid":"zvfDW0tzl",
"date":"2013-05-05 06:30:29"
},
{
"kids":[],
"uid":"3043646270",
"parent":"zstwXxiMU",
"text":"",
"mid":"zvfDW0ty4",
"date":"2013-05-05 06:30:29"
},
{
"kids":[],
"uid":"2789864600",
"parent":"zswtAsiA9",
"text":"",
"mid":"zuNmIzLXF",
"date":"2013-05-02 06:31:11"
},
{
"kids":[],
"uid":"2919642340",
"parent":"zstwXxiMU",
"text":"",
"mid":"zusr18UHb",
"date":"2013-04-30 01:14:04"
},
{
"kids":[],
"uid":"2804133814",
"parent":"zstwXxiMU",
"text":"",
"mid":"zunXr51rU",
"date":"2013-04-29 13:50:13"
},
{
"kids":[],
"uid":"1582737931",
"parent":"zstwXxiMU",
"text":"",
"mid":"zunXr51qd",
"date":"2013-04-29 13:50:13"
},
{
"kids":[],
"uid":"1725959000",
"parent":"zstwXxiMU",
"text":"",
"mid":"ztytZ1fEC",
"date":"2013-04-24 02:47:34"
},
{
"kids":[],
"uid":"2805434390",
"parent":"zsCUtEpYY",
"text":"",
"mid":"ztxcwzER8",
"date":"2013-04-23 23:31:48"
},
{
"kids":[],
"uid":"3045052432",
"parent":"zsCUtEpYY",
"text":"",
"mid":"ztxcwhhU1",
"date":"2013-04-23 23:31:48"
},
{
"kids":[],
"uid":"2919480190",
"parent":"zstwXxiMU",
"text":"",
"mid":"ztpIUzKfE",
"date":"2013-04-23 04:29:38"
},
{
"kids":[],
"uid":"3043572834",
"parent":"zstwXxiMU",
"text":"",
"mid":"ztpIUjcOK",
"date":"2013-04-23 04:29:37"
},
{
"kids":[],
"uid":"2920016632",
"parent":"",
"text":"",
"mid":"zth7lmcSJ",
"date":"2013-04-22 06:35:05"
},
{
"kids":[],
"uid":"3043739492",
"parent":"zsCRK6rS7",
"text":"",
"mid":"ztglwpAlR",
"date":"2013-04-22 04:37:17"
},
{
"kids":[],
"uid":"2808800800",
"parent":"",
"text":"",
"mid":"ztasTcyL2",
"date":"2013-04-21 13:38:55"
},
{
"kids":[],
"uid":"2920624852",
"parent":"",
"text":"",
"mid":"ztasTbPHY",
"date":"2013-04-21 13:38:57"
},
{
"kids":[],
"uid":"2919611512",
"parent":"zsCRK6rS7",
"text":"",
"mid":"zt5PKo1bB",
"date":"2013-04-21 01:51:32"
},
{
"kids":[],
"uid":"2789824990",
"parent":"zsCRK6rS7",
"text":"",
"mid":"zt5PK5ZDL",
"date":"2013-04-21 01:51:31"
},
{
"kids":[],
"uid":"sbiloveu",
"parent":"zsrNNCzUX",
"text":"感人",
"mid":"zsPLAaxng",
"date":"2013-04-19 08:57:19"
},
{
"kids":[],
"uid":"3043578932",
"parent":"zss8IBlbl",
"text":"",
"mid":"zsNhWk2Yc",
"date":"2013-04-19 02:38:47"
},
{
"kids":[],
"uid":"2808246502",
"parent":"zss8IBlbl",
"text":"",
"mid":"zsNhW3POn",
"date":"2013-04-19 02:38:47"
},
{
"kids":[],
"uid":"qinqiulin1018",
"parent":"zsyGNFpjI",
"text":"",
"mid":"zsHLunjub",
"date":"2013-04-18 12:35:07"
},
{
"kids":[],
"uid":"2804202570",
"parent":"",
"text":"",
"mid":"zsGdglWVZ",
"date":"2013-04-18 08:38:03"
},
{
"kids":[],
"uid":"2673731961",
"parent":"",
"text":"趁活着，做自己想做的事[心][心][心]",
"mid":"zsG8yrcFj",
"date":"2013-04-18 08:26:26"
},
{
"kids":[],
"uid":"1582058995",
"parent":"zstwXxiMU",
"text":"",
"mid":"zsDe5iGKV",
"date":"2013-04-18 01:01:50"
},
{
"kids":[
"ztxcwzER8",
"ztxcwhhU1"
],
"uid":"3203020052",
"parent":"",
"text":"快点说去你的心里话吧",
"mid":"zsCUtEpYY",
"date":"2013-04-18 00:13:32"
},
{
"kids":[
"ztglwpAlR",
"zt5PKo1bB",
"zt5PK5ZDL"
],
"uid":"2217242107",
"parent":"",
"text":"",
"mid":"zsCRK6rS7",
"date":"2013-04-18 00:06:47"
},
{
"kids":[],
"uid":"3166705113",
"parent":"",
"text":"",
"mid":"zsCbnqf0T",
"date":"2013-04-17 22:22:25"
},
{
"kids":[],
"uid":"2595658537",
"parent":"",
"text":"[伤心][蜡烛]",
"mid":"zsB6KaIOw",
"date":"2013-04-17 19:38:15"
},
{
"kids":[],
"uid":"1277793161",
"parent":"zssCNr9zQ",
"text":"[蜡烛]",
"mid":"zsAr2AGFn",
"date":"2013-04-17 17:55:31"
},
{
"kids":[],
"uid":"2271361713",
"parent":"",
"text":"逝者已矣，愿生者保重[蜡烛]",
"mid":"zsAjTEpYw",
"date":"2013-04-17 17:37:52"
},
{
"kids":[],
"uid":"wenty100",
"parent":"",
"text":"……",
"mid":"zsAgWwu6r",
"date":"2013-04-17 17:30:38"
},
{
"kids":[],
"uid":"lingliemoxin",
"parent":"zssCNr9zQ",
"text":"[蜡烛]",
"mid":"zsA1NEdkR",
"date":"2013-04-17 16:53:20"
},
{
"kids":[],
"uid":"rock32",
"parent":"zswETo7eG",
"text":"所以。。",
"mid":"zsztikV1E",
"date":"2013-04-17 15:28:18"
},
{
"kids":[],
"uid":"3028045374",
"parent":"zsxishLgG",
"text":"嗯",
"mid":"zsznp80Eh",
"date":"2013-04-17 15:13:48"
},
{
"kids":[],
"uid":"2725504901",
"parent":"zsw7HysW8",
"text":"[蜡烛][蜡烛][蜡烛]",
"mid":"zsyNva5uC",
"date":"2013-04-17 13:45:21"
},
{
"kids":[
"zsHLunjub"
],
"uid":"1659697535",
"parent":"zswETo7eG",
"text":"",
"mid":"zsyGNFpjI",
"date":"2013-04-17 13:28:51"
},
{
"kids":[],
"uid":"1816515602",
"parent":"zsxYYjNtZ",
"text":"[蜡烛]",
"mid":"zsyFqgIe5",
"date":"2013-04-17 13:25:25"
},
{
"kids":[],
"uid":"1770649774",
"parent":"",
"text":"",
"mid":"zsyDvcSlm",
"date":"2013-04-17 13:20:41"
},
{
"kids":[],
"uid":"2050596311",
"parent":"",
"text":"一开始没体到新闻就注意到距 原来故事是这样的",
"mid":"zsyCeBcNM",
"date":"2013-04-17 13:17:34"
},
{
"kids":[],
"uid":"2513224532",
"parent":"",
"text":"cherish every moment with the person u love",
"mid":"zsyAy1qdC",
"date":"2013-04-17 13:13:26"
},
{
"kids":[],
"uid":"1793310774",
"parent":"",
"text":"[蜡烛][蜡烛]",
"mid":"zsyz3uj3n",
"date":"2013-04-17 13:09:46"
},
{
"kids":[],
"uid":"2694782880",
"parent":"",
"text":"[泪]",
"mid":"zsysOqlX1",
"date":"2013-04-17 12:54:22"
},
{
"kids":[],
"uid":"2844778352",
"parent":"",
"text":"",
"mid":"zsypyA6XC",
"date":"2013-04-17 12:46:22"
},
{
"kids":[],
"uid":"2416117085",
"parent":"zsy5zyHfC",
"text":"",
"mid":"zsy5SuvUx",
"date":"2013-04-17 11:57:52"
},
{
"kids":[
"zsy5SuvUx"
],
"uid":"2461282002",
"parent":"zsxK9CGiY",
"text":"",
"mid":"zsy5zyHfC",
"date":"2013-04-17 11:57:07"
},
{
"kids":[
"zsyFqgIe5"
],
"uid":"spirior1213",
"parent":"zsxeDfXKy",
"text":"[蜡烛][蜡烛]凄惨",
"mid":"zsxYYjNtZ",
"date":"2013-04-17 11:40:52"
},
{
"kids":[],
"uid":"2810663374",
"parent":"zsxRJdwK1",
"text":"这个的原文不是这样的吧",
"mid":"zsxSIFMWm",
"date":"2013-04-17 11:25:28"
},
{
"kids":[
"zsxSIFMWm"
],
"uid":"2560746730",
"parent":"",
"text":"",
"mid":"zsxRJdwK1",
"date":"2013-04-17 11:23:00"
},
{
"kids":[],
"uid":"2768344745",
"parent":"zsxEujwg9",
"text":"不是过多的用嘴，不是过多的埋怨，不是过多的自私，不是过多的甜言蜜语。看的是“真正”的行动。落实的过程不一定会被看到，看到它的艰辛。如何体现爱的“真谛”，来真正的保护自己所“爱”，拨开、看清那些虚假的幻想。",
"mid":"zsxLgcslf",
"date":"2013-04-17 11:07:05"
},
{
"kids":[
"zsy5zyHfC"
],
"uid":"2989910352",
"parent":"zsrNNCzUX",
"text":"",
"mid":"zsxK9CGiY",
"date":"2013-04-17 11:04:22"
},
{
"kids":[],
"uid":"2119613312",
"parent":"",
"text":"真伤蛋",
"mid":"zsxFA23BK",
"date":"2013-04-17 10:53:06"
},
{
"kids":[],
"uid":"2951554882",
"parent":"",
"text":"[蜡烛]",
"mid":"zsxEPjEVy",
"date":"2013-04-17 10:51:14"
},
{
"kids":[
"zsxLgcslf"
],
"uid":"gengfeina",
"parent":"zswYam6Zg",
"text":"[蜡烛][泪]",
"mid":"zsxEujwg9",
"date":"2013-04-17 10:50:23"
},
{
"kids":[],
"uid":"1777397515",
"parent":"zsthfx1Ft",
"text":"",
"mid":"zsxDtFmzb",
"date":"2013-04-17 10:47:54"
},
{
"kids":[],
"uid":"2661992541",
"parent":"zssCNr9zQ",
"text":"",
"mid":"zsxytFmu3",
"date":"2013-04-17 10:35:36"
},
{
"kids":[],
"uid":"1783097853",
"parent":"",
"text":"[悲伤]为什么世上有那么多悲剧",
"mid":"zsxwYDhCx",
"date":"2013-04-17 10:31:55"
},
{
"kids":[],
"uid":"2637653243",
"parent":"",
"text":"为什么要有恐怖袭击，破坏了那么多人的生活",
"mid":"zsxrJfNCe",
"date":"2013-04-17 10:18:58"
},
{
"kids":[],
"uid":"abcling",
"parent":"",
"text":"有什么话就把握说出口！当失去就变遗言",
"mid":"zsxqn5FT7",
"date":"2013-04-17 10:15:37"
},
{
"kids":[],
"uid":"2883504110",
"parent":"",
"text":"[蜡烛]",
"mid":"zsxn9BBN2",
"date":"2013-04-17 10:07:41"
},
{
"kids":[],
"uid":"trumpfancy",
"parent":"",
"text":"说不出来。…",
"mid":"zsxkm8tAY",
"date":"2013-04-17 10:00:47"
},
{
"kids":[
"zsznp80Eh"
],
"uid":"3232115172",
"parent":"zsw7HysW8",
"text":"",
"mid":"zsxishLgG",
"date":"2013-04-17 09:56:06"
},
{
"kids":[],
"uid":"207074496",
"parent":"",
"text":"[蜡烛]",
"mid":"zsxeU7MPc",
"date":"2013-04-17 09:47:23"
},
{
"kids":[
"zsxYYjNtZ"
],
"uid":"1786341037",
"parent":"",
"text":"[可怜][可怜][蜡烛][蜡烛]",
"mid":"zsxeDfXKy",
"date":"2013-04-17 09:46:41"
},
{
"kids":[],
"uid":"lockyerdu",
"parent":"",
"text":"趁活着， 赶快说出来。couldn't agree more！",
"mid":"zsxdcAzNg",
"date":"2013-04-17 09:43:11"
},
{
"kids":[],
"uid":"2814006322",
"parent":"",
"text":"转发微博。",
"mid":"zsxcAupMN",
"date":"2013-04-17 09:41:40"
},
{
"kids":[],
"uid":"2870892460",
"parent":"",
"text":"珍惜眼前人",
"mid":"zsxccicbd",
"date":"2013-04-17 09:40:41"
},
{
"kids":[],
"uid":"2929987515",
"parent":"zswtAsiA9",
"text":"有些事有些话，该做的就做，该说就说，不可等待！@网求小丸子",
"mid":"zsx5iF3y5",
"date":"2013-04-17 09:23:43"
},
{
"kids":[],
"uid":"738521012",
"parent":"",
"text":"\"All I gotta  say is cherish every moment with the people you love\"",
"mid":"zswZYBJwd",
"date":"2013-04-17 09:10:36"
},
{
"kids":[
"zsxEujwg9"
],
"uid":"1743810097",
"parent":"",
"text":"[蜡烛][蜡烛][蜡烛]",
"mid":"zswYam6Zg",
"date":"2013-04-17 09:06:08"
},
{
"kids":[],
"uid":"2010246223",
"parent":"zswtAsiA9",
"text":"好悲剧啊！",
"mid":"zswSWsyNH",
"date":"2013-04-17 08:53:16"
},
{
"kids":[],
"uid":"2462059953",
"parent":"",
"text":"珍惜[蜡烛]",
"mid":"zswSpmKT4",
"date":"2013-04-17 08:51:56"
},
{
"kids":[],
"uid":"1866216280",
"parent":"",
"text":"[可怜][可怜][可怜][可怜][可怜][可怜]",
"mid":"zswPArdU5",
"date":"2013-04-17 08:45:00"
},
{
"kids":[],
"uid":"2423639021",
"parent":"",
"text":"我爱你，我想和你约炮",
"mid":"zswGfhKjV",
"date":"2013-04-17 08:21:59"
},
{
"kids":[
"zsztikV1E",
"zsyGNFpjI"
],
"uid":"1927895383",
"parent":"zstxTp1WM",
"text":"永远不知道下一秒会发生什么事。",
"mid":"zswETo7eG",
"date":"2013-04-17 08:18:39"
},
{
"kids":[],
"uid":"1788645700",
"parent":"zste7rLNy",
"text":"哎[蜡烛]",
"mid":"zswwVkw2Z",
"date":"2013-04-17 07:59:01"
},
{
"kids":[
"zuNmIzLXF",
"zsx5iF3y5",
"zswSWsyNH"
],
"uid":"1850945060",
"parent":"",
"text":"[蜡烛][蜡烛][蜡烛]",
"mid":"zswtAsiA9",
"date":"2013-04-17 07:50:48"
},
{
"kids":[],
"uid":"3280869910",
"parent":"zsw7HysW8",
"text":"",
"mid":"zswqKmNUA",
"date":"2013-04-17 07:43:48"
},
{
"kids":[],
"uid":"3042642587",
"parent":"zsw7HysW8",
"text":"。。。。。。",
"mid":"zswjW7dIZ",
"date":"2013-04-17 07:27:01"
},
{
"kids":[
"zsyNva5uC",
"zsxishLgG",
"zswqKmNUA",
"zswjW7dIZ"
],
"uid":"2959268257",
"parent":"",
"text":"有些爱，趁着双方活动都精彩，赶紧说出来[蜡烛][蜡烛][蜡烛]",
"mid":"zsw7HysW8",
"date":"2013-04-17 06:56:53"
},
{
"kids":[],
"uid":"1776561500",
"parent":"zsqYbaKG0",
"text":"",
"mid":"zsvXbp1BQ",
"date":"2013-04-17 06:30:57"
},
{
"kids":[],
"uid":"1748259415",
"parent":"zstKjuH0u",
"text":"卧槽泪点",
"mid":"zsv1udlXG",
"date":"2013-04-17 04:08:48"
},
{
"kids":[],
"uid":"lxnhlyphlyw83867631",
"parent":"zssCNr9zQ",
"text":"…",
"mid":"zsuN3b5UR",
"date":"2013-04-17 03:33:14"
},
{
"kids":[],
"uid":"2919330834",
"parent":"",
"text":"",
"mid":"zsuiF5zzG",
"date":"2013-04-17 02:18:22"
},
{
"kids":[],
"uid":"1886928074",
"parent":"",
"text":"[怒][怒] 干嘛要有恐怖事件",
"mid":"zsudg0BvP",
"date":"2013-04-17 02:05:04"
},
{
"kids":[],
"uid":"muscleben",
"parent":"",
"text":"",
"mid":"zstTCxt8D",
"date":"2013-04-17 01:16:42"
},
{
"kids":[],
"uid":"argonium",
"parent":"zstKjuH0u",
"text":"po主是不是某方媒体的马甲",
"mid":"zstPizWuA",
"date":"2013-04-17 01:06:03"
},
{
"kids":[
"zsv1udlXG",
"zstPizWuA"
],
"uid":"2042091232",
"parent":"",
"text":"QAQ",
"mid":"zstKjuH0u",
"date":"2013-04-17 00:53:46"
},
{
"kids":[],
"uid":"1919620850",
"parent":"",
"text":"[蜡烛][蜡烛][蜡烛]",
"mid":"zstJPnj2u",
"date":"2013-04-17 00:52:31"
},
{
"kids":[],
"uid":"1840603192",
"parent":"",
"text":"……虽然觉得不太好但是这个已经被澄清了是假新闻啊，男的只是在为死者祈祷",
"mid":"zstJfhgte",
"date":"2013-04-17 00:51:09"
},
{
"kids":[],
"uid":"1731172055",
"parent":"zsrTDCWaa",
"text":"[泪][泪][泪][泪]",
"mid":"zstGQ66U2",
"date":"2013-04-17 00:45:13"
},
{
"kids":[],
"uid":"2448016954",
"parent":"",
"text":"图下的1431条称赞是怎麽回事……",
"mid":"zstGokohg",
"date":"2013-04-17 00:44:06"
},
{
"kids":[],
"uid":"2920276094",
"parent":"zstwXxiMU",
"text":"",
"mid":"zstz8xlZF",
"date":"2013-04-17 00:26:13"
},
{
"kids":[],
"uid":"2809001610",
"parent":"zstwXxiMU",
"text":"",
"mid":"zstz8vLzD",
"date":"2013-04-17 00:26:11"
},
{
"kids":[],
"uid":"1816798114",
"parent":"",
"text":"",
"mid":"zstyQxTfR",
"date":"2013-04-17 00:25:31"
},
{
"kids":[],
"uid":"2255843423",
"parent":"zstoSEvl6",
"text":"",
"mid":"zstyDvyN2",
"date":"2013-04-17 00:25:00"
},
{
"kids":[
"zswETo7eG"
],
"uid":"deefok",
"parent":"zst41yTCg",
"text":"珍惜",
"mid":"zstxTp1WM",
"date":"2013-04-17 00:23:08"
},
{
"kids":[
"zwN5QnQyh",
"zwBYlhVQK",
"zwBYlgQsf",
"zvnPNkG6F",
"zvfDW0tzl",
"zvfDW0ty4",
"zusr18UHb",
"zunXr51rU",
"zunXr51qd",
"ztytZ1fEC",
"ztpIUzKfE",
"ztpIUjcOK",
"zsDe5iGKV",
"zstz8xlZF",
"zstz8vLzD"
],
"uid":"2148519640",
"parent":"",
"text":"",
"mid":"zstwXxiMU",
"date":"2013-04-17 00:20:52"
},
{
"kids":[],
"uid":"2093724682",
"parent":"",
"text":"拥有了的，更要好好把握。@小混蛋吾係我 @哗_哗_哗",
"mid":"zstw5aaAr",
"date":"2013-04-17 00:18:39"
},
{
"kids":[],
"uid":"2682880914",
"parent":"zssCNr9zQ",
"text":"[蜡烛]",
"mid":"zstu7mZ2F",
"date":"2013-04-17 00:13:50"
},
{
"kids":[],
"uid":"galong",
"parent":"",
"text":"[泪][泪]",
"mid":"zstu54F3J",
"date":"2013-04-17 00:13:46"
},
{
"kids":[],
"uid":"1771826253",
"parent":"zstmW4UaY",
"text":"[蜡烛]",
"mid":"zstsm6P1J",
"date":"2013-04-17 00:09:32"
},
{
"kids":[],
"uid":"2170910614",
"parent":"zsrNNCzUX",
"text":"[悲伤][悲伤][悲伤]今日甘多悲剧。愿世界不再这样。",
"mid":"zstqVFMBj",
"date":"2013-04-17 00:06:00"
},
{
"kids":[
"zstyDvyN2"
],
"uid":"rabbitgg2012",
"parent":"",
"text":"總會有意外的錯過發生[鼻涕]",
"mid":"zstoSEvl6",
"date":"2013-04-17 00:00:58"
},
{
"kids":[],
"uid":"2282524003",
"parent":"",
"text":"",
"mid":"zstoiCPn9",
"date":"2013-04-16 23:59:30"
},
{
"kids":[],
"uid":"xiaojun1212",
"parent":"",
"text":"",
"mid":"zstnK4pDf",
"date":"2013-04-16 23:58:09"
},
{
"kids":[
"zstsm6P1J"
],
"uid":"yindumei",
"parent":"",
"text":"",
"mid":"zstmW4UaY",
"date":"2013-04-16 23:56:11"
},
{
"kids":[],
"uid":"2248609542",
"parent":"",
"text":"唉~~~",
"mid":"zstmqsQHh",
"date":"2013-04-16 23:54:55"
},
{
"kids":[],
"uid":"2428016291",
"parent":"zstieqPwr",
"text":"[蜡烛]",
"mid":"zstkInwWD",
"date":"2013-04-16 23:50:43"
},
{
"kids":[],
"uid":"1806236077",
"parent":"",
"text":"[泪][泪][泪]",
"mid":"zstjyjkPr",
"date":"2013-04-16 23:47:47"
},
{
"kids":[],
"uid":"1806689254",
"parent":"zst9d4nKq",
"text":"",
"mid":"zstittRWi",
"date":"2013-04-16 23:45:11"
},
{
"kids":[],
"uid":"jantam",
"parent":"zssS01T3t",
"text":"R.I.P 珍惜眼前人",
"mid":"zstiq0DPB",
"date":"2013-04-16 23:44:58"
},
{
"kids":[
"zstkInwWD"
],
"uid":"1841678010",
"parent":"",
"text":"",
"mid":"zstieqPwr",
"date":"2013-04-16 23:44:36"
},
{
"kids":[],
"uid":"1910915874",
"parent":"",
"text":"",
"mid":"zsthxib83",
"date":"2013-04-16 23:42:51"
},
{
"kids":[
"zsxDtFmzb"
],
"uid":"1811259383",
"parent":"",
"text":"",
"mid":"zsthfx1Ft",
"date":"2013-04-16 23:42:07"
},
{
"kids":[
"zswwVkw2Z"
],
"uid":"3006713525",
"parent":"zssCNr9zQ",
"text":"虐心[蜡烛]",
"mid":"zste7rLNy",
"date":"2013-04-16 23:34:25"
},
{
"kids":[],
"uid":"3029976173",
"parent":"zssCNr9zQ",
"text":"[蜡烛]",
"mid":"zstcbupH4",
"date":"2013-04-16 23:29:39"
},
{
"kids":[],
"uid":"poproastfish",
"parent":"",
"text":"那些年的爱",
"mid":"zstbNgpBE",
"date":"2013-04-16 23:28:44"
},
{
"kids":[],
"uid":"1976356147",
"parent":"",
"text":"",
"mid":"zstatmYZX",
"date":"2013-04-16 23:25:28"
},
{
"kids":[
"zstittRWi"
],
"uid":"2829584617",
"parent":"zst8ljRge",
"text":"辟谣贴→",
"mid":"zst9d4nKq",
"date":"2013-04-16 23:22:20"
},
{
"kids":[],
"uid":"1936427382",
"parent":"zssCNr9zQ",
"text":"PRAY FOR BOSTON",
"mid":"zst981Zjb",
"date":"2013-04-16 23:22:09"
},
{
"kids":[
"zst9d4nKq"
],
"uid":"viksapphirejaehee",
"parent":"",
"text":"别坑爹了能不编这些假信息吗http:",
"mid":"zst8ljRge",
"date":"2013-04-16 23:20:10"
},
{
"kids":[],
"uid":"mgui",
"parent":"zst41yTCg",
"text":"珍惜跟错的时间是矛盾体吗？",
"mid":"zst7x6r0b",
"date":"2013-04-16 23:18:13"
},
{
"kids":[],
"uid":"pink250917889",
"parent":"",
"text":"惨到冇人有",
"mid":"zst7u5Sur",
"date":"2013-04-16 23:18:04"
},
{
"kids":[],
"uid":"2465353802",
"parent":"",
"text":"也许真的只差那么一点点。。。",
"mid":"zst7gu4HG",
"date":"2013-04-16 23:17:32"
},
{
"kids":[],
"uid":"2267990111",
"parent":"",
"text":"",
"mid":"zst5Ad97u",
"date":"2013-04-16 23:13:25"
},
{
"kids":[],
"uid":"2291253637",
"parent":"zst41yTCg",
"text":"那些爱、那些话，趁活着，及时说出来。。",
"mid":"zst57dvOg",
"date":"2013-04-16 23:12:16"
},
{
"kids":[
"zstxTp1WM",
"zst7x6r0b",
"zst57dvOg"
],
"uid":"canfan",
"parent":"",
"text":"及時 珍惜",
"mid":"zst41yTCg",
"date":"2013-04-16 23:09:35"
},
{
"kids":[],
"uid":"joesnaillove",
"parent":"zssV3sHal",
"text":"",
"mid":"zst2YfDu2",
"date":"2013-04-16 23:06:56"
},
{
"kids":[],
"uid":"2046933957",
"parent":"",
"text":"趁活着，快说出来。",
"mid":"zst2DjWeW",
"date":"2013-04-16 23:06:06"
},
{
"kids":[],
"uid":"2008111735",
"parent":"",
"text":"[蜡烛][蜡烛][蜡烛]",
"mid":"zst24op2H",
"date":"2013-04-16 23:04:44"
},
{
"kids":[],
"uid":"jporleung",
"parent":"",
"text":"",
"mid":"zssXBwuok",
"date":"2013-04-16 22:53:44"
},
{
"kids":[],
"uid":"2176218477",
"parent":"",
"text":"艹、放炸弹的真他妈狗屎、",
"mid":"zssXzvyoc",
"date":"2013-04-16 22:53:41"
},
{
"kids":[],
"uid":"3265826551",
"parent":"",
"text":"",
"mid":"zssX27RAr",
"date":"2013-04-16 22:52:18"
},
{
"kids":[],
"uid":"3234962252",
"parent":"",
"text":"可惜",
"mid":"zssWHnDnd",
"date":"2013-04-16 22:51:29"
},
{
"kids":[],
"uid":"2829584617",
"parent":"zssUVvLTs",
"text":"",
"mid":"zssW6sVIU",
"date":"2013-04-16 22:50:03"
},
{
"kids":[
"zst2YfDu2"
],
"uid":"karmen21",
"parent":"zssS01T3t",
"text":"[泪]",
"mid":"zssV3sHal",
"date":"2013-04-16 22:47:29"
},
{
"kids":[
"zssW6sVIU"
],
"uid":"1806689254",
"parent":"zssSmbFsq",
"text":"",
"mid":"zssUVvLTs",
"date":"2013-04-16 22:47:09"
},
{
"kids":[],
"uid":"2034834787",
"parent":"",
"text":"",
"mid":"zssTqp2fI",
"date":"2013-04-16 22:43:25"
},
{
"kids":[
"zssUVvLTs"
],
"uid":"1490979765",
"parent":"zssCNr9zQ",
"text":"美国CNN用此配图的报道是说在安慰伤者，南方人物周刊盗此图配文编造了如此凄美却肮脏的新闻。。。",
"mid":"zssSmbFsq",
"date":"2013-04-16 22:40:49"
},
{
"kids":[
"zstiq0DPB",
"zssV3sHal"
],
"uid":"dandaniel",
"parent":"",
"text":"[蜡烛]",
"mid":"zssS01T3t",
"date":"2013-04-16 22:39:55"
},
{
"kids":[],
"uid":"1574503553",
"parent":"",
"text":"",
"mid":"zssRJcIUd",
"date":"2013-04-16 22:39:17"
},
{
"kids":[],
"uid":"1582578201",
"parent":"",
"text":"",
"mid":"zssRJcexm",
"date":"2013-04-16 22:39:17"
},
{
"kids":[],
"uid":"zh19931109",
"parent":"",
"text":"趁还活着   把爱说不出来吧",
"mid":"zssRodMI7",
"date":"2013-04-16 22:38:27"
},
{
"kids":[],
"uid":"2817905703",
"parent":"zssEo6Z2N",
"text":"心抽搐了一下",
"mid":"zssO924sm",
"date":"2013-04-16 22:30:27"
},
{
"kids":[],
"uid":"hzp8023",
"parent":"",
"text":"",
"mid":"zssNqnDmD",
"date":"2013-04-16 22:28:40"
},
{
"kids":[],
"uid":"jsashuai",
"parent":"zssCNr9zQ",
"text":"[蜡烛]",
"mid":"zssJAbIqP",
"date":"2013-04-16 22:19:11"
},
{
"kids":[],
"uid":"1751688825",
"parent":"zsr0mvfAd",
"text":"[悲伤][泪]",
"mid":"zssJpzJB9",
"date":"2013-04-16 22:18:45"
},
{
"kids":[],
"uid":"2053562607",
"parent":"zssCNr9zQ",
"text":"[蜡烛]",
"mid":"zssII82Rc",
"date":"2013-04-16 22:17:02"
},
{
"kids":[],
"uid":"vitaminl",
"parent":"",
"text":"怎么可以这样，不要让自己的需求立足在别人的痛苦之上！你的希望变成别人的绝望",
"mid":"zssHPv6pZ",
"date":"2013-04-16 22:14:53"
},
{
"kids":[],
"uid":"2657615414",
"parent":"",
"text":"我爱你，",
"mid":"zssGSoaKX",
"date":"2013-04-16 22:12:33"
},
{
"kids":[],
"uid":"zyricebucket",
"parent":"",
"text":"[蜡烛]",
"mid":"zssGLhe05",
"date":"2013-04-16 22:12:15"
},
{
"kids":[],
"uid":"2488628147",
"parent":"",
"text":"[蜡烛]",
"mid":"zssGJtsk8",
"date":"2013-04-16 22:12:10"
},
{
"kids":[
"zssO924sm"
],
"uid":"210207676",
"parent":"zssCNr9zQ",
"text":"[蜡烛]",
"mid":"zssEo6Z2N",
"date":"2013-04-16 22:06:26"
},
{
"kids":[],
"uid":"3150132005",
"parent":"zsrNNCzUX",
"text":"",
"mid":"zssE1Eoar",
"date":"2013-04-16 22:05:30"
},
{
"kids":[],
"uid":"1904617450",
"parent":"zssoYv4Ex",
"text":"这，，在猫眼上看过了。。好桑感。。",
"mid":"zssDSf8I0",
"date":"2013-04-16 22:05:06"
},
{
"kids":[
"zsAr2AGFn",
"zsA1NEdkR",
"zsxytFmu3",
"zsuN3b5UR",
"zstu7mZ2F",
"zste7rLNy",
"zstcbupH4",
"zst981Zjb",
"zssSmbFsq",
"zssJAbIqP",
"zssII82Rc",
"zssEo6Z2N"
],
"uid":"2035000372",
"parent":"zssnVwsuk",
"text":"[蜡烛]",
"mid":"zssCNr9zQ",
"date":"2013-04-16 22:02:27"
},
{
"kids":[],
"uid":"2873761610",
"parent":"",
"text":"",
"mid":"zssznAe9l",
"date":"2013-04-16 21:54:04"
},
{
"kids":[],
"uid":"1956515162",
"parent":"zssrrxJvD",
"text":"I'M sorry to hear that。。。",
"mid":"zssz66Bki",
"date":"2013-04-16 21:53:22"
},
{
"kids":[],
"uid":"1929142881",
"parent":"",
"text":"[泪]虐心啊！恐怖主义去屎！",
"mid":"zssvOxeBU",
"date":"2013-04-16 21:45:15"
},
{
"kids":[],
"uid":"2613764261",
"parent":"",
"text":"[蜡烛]",
"mid":"zssuBthIy",
"date":"2013-04-16 21:42:18"
},
{
"kids":[],
"uid":"2821767747",
"parent":"zsrNNCzUX",
"text":"安息。",
"mid":"zssrzwtFT",
"date":"2013-04-16 21:34:50"
},
{
"kids":[],
"uid":"ringzhuo",
"parent":"",
"text":"",
"mid":"zssryDeHp",
"date":"2013-04-16 21:34:50"
},
{
"kids":[
"zssz66Bki"
],
"uid":"1904970014",
"parent":"",
"text":"[心][心][心][蜡烛][蜡烛][蜡烛]",
"mid":"zssrrxJvD",
"date":"2013-04-16 21:34:30"
},
{
"kids":[],
"uid":"2525560950",
"parent":"zssmq7qp6",
"text":"[蜡烛]",
"mid":"zssqExfL5",
"date":"2013-04-16 21:32:33"
},
{
"kids":[
"zssDSf8I0"
],
"uid":"274400217",
"parent":"",
"text":"/[蜡烛]/@今天你依旧认不出我呢:求po主要点逼脸，拿死者开玩笑了真有意思，活人怎么就变死人了呢",
"mid":"zssoYv4Ex",
"date":"2013-04-16 21:28:27"
},
{
"kids":[],
"uid":"3204270574",
"parent":"zssomDutj",
"text":"[蜡烛]",
"mid":"zssoB8xia",
"date":"2013-04-16 21:27:31"
},
{
"kids":[
"zssoB8xia"
],
"uid":"2623278777",
"parent":"zssnVwsuk",
"text":"[蜡烛]",
"mid":"zssomDutj",
"date":"2013-04-16 21:26:55"
},
{
"kids":[
"zssCNr9zQ",
"zssomDutj"
],
"uid":"1806689254",
"parent":"zsslHtSD1",
"text":"[蜡烛]",
"mid":"zssnVwsuk",
"date":"2013-04-16 21:25:52"
},
{
"kids":[
"zssqExfL5"
],
"uid":"2292056442",
"parent":"",
"text":"[蜡烛]",
"mid":"zssmq7qp6",
"date":"2013-04-16 21:22:10"
},
{
"kids":[
"zssnVwsuk"
],
"uid":"2829584617",
"parent":"",
"text":"[蜡烛]",
"mid":"zsslHtSD1",
"date":"2013-04-16 21:20:24"
},
{
"kids":[],
"uid":"33hyjun",
"parent":"zss7c1rmI",
"text":"[蜡烛]",
"mid":"zssj4F8o1",
"date":"2013-04-16 21:13:54"
},
{
"kids":[],
"uid":"cinsong",
"parent":"zsrQL9B6h",
"text":"[蜡烛][蜡烛][蜡烛]",
"mid":"zsshxg0Ba",
"date":"2013-04-16 21:10:07"
},
{
"kids":[],
"uid":"1954237033",
"parent":"zsrNNCzUX",
"text":"",
"mid":"zssgz0xHT",
"date":"2013-04-16 21:07:43"
},
{
"kids":[],
"uid":"1ubaby",
"parent":"",
"text":"有的人守在身边温暖你心间 ，你却从来没说过谢谢。那些爱那些话， 趁活着， 赶快说出来 。",
"mid":"zsseIjCj0",
"date":"2013-04-16 21:03:10"
},
{
"kids":[],
"uid":"nniiuu",
"parent":"",
"text":"[心]",
"mid":"zssbJ2pD6",
"date":"2013-04-16 20:55:46"
},
{
"kids":[],
"uid":"1769220114",
"parent":"",
"text":"",
"mid":"zssb0rMjt",
"date":"2013-04-16 20:54:02"
},
{
"kids":[],
"uid":"2283065821",
"parent":"",
"text":"趁活着",
"mid":"zssakazDm",
"date":"2013-04-16 20:52:21"
},
{
"kids":[],
"uid":"2120822614",
"parent":"",
"text":"感动。。点解成日有D变态仔玩自爆``玩就自己扑埋一边玩拉",
"mid":"zss9RsUH7",
"date":"2013-04-16 20:51:11"
},
{
"kids":[],
"uid":"3172030064",
"parent":"",
"text":"唉",
"mid":"zss9F60Ow",
"date":"2013-04-16 20:50:41"
},
{
"kids":[
"zsNhWk2Yc",
"zsNhW3POn"
],
"uid":"3298862142",
"parent":"",
"text":"[蜡烛]",
"mid":"zss8IBlbl",
"date":"2013-04-16 20:48:21"
},
{
"kids":[
"zssj4F8o1"
],
"uid":"1971237435",
"parent":"",
"text":"",
"mid":"zss7c1rmI",
"date":"2013-04-16 20:44:38"
},
{
"kids":[],
"uid":"1862845352",
"parent":"zsrNNCzUX",
"text":"",
"mid":"zss6vrykN",
"date":"2013-04-16 20:42:54"
},
{
"kids":[],
"uid":"1837925815",
"parent":"zsrSkoqMl",
"text":"@Risky_Joaner",
"mid":"zss5Pwlep",
"date":"2013-04-16 20:41:18"
},
{
"kids":[],
"uid":"2136005934",
"parent":"zsrXRbj0Z",
"text":"@-郑晓娜",
"mid":"zss5j17CY",
"date":"2013-04-16 20:40:00"
},
{
"kids":[],
"uid":"2296370424",
"parent":"",
"text":"好感动[可怜]",
"mid":"zss5efN8i",
"date":"2013-04-16 20:39:48"
},
{
"kids":[],
"uid":"2107847310",
"parent":"",
"text":"[泪]",
"mid":"zss4qlsKv",
"date":"2013-04-16 20:37:49"
},
{
"kids":[],
"uid":"2368836205",
"parent":"",
"text":"[泪][心]",
"mid":"zss24o2Zt",
"date":"2013-04-16 20:32:01"
},
{
"kids":[],
"uid":"2344104891",
"parent":"",
"text":"[蜡烛]好可伶",
"mid":"zss1UivVX",
"date":"2013-04-16 20:31:34"
},
{
"kids":[],
"uid":"2832685971",
"parent":"",
"text":"",
"mid":"zss1o7nyJ",
"date":"2013-04-16 20:30:19"
},
{
"kids":[],
"uid":"1930386133",
"parent":"zsrNNCzUX",
"text":"那些爱那些话， 趁活着， 赶快说出来 。",
"mid":"zss0nsgHo",
"date":"2013-04-16 20:27:48"
},
{
"kids":[],
"uid":"3203635047",
"parent":"zsrNNCzUX",
"text":"趁她还在！！！",
"mid":"zss0nbyjB",
"date":"2013-04-16 20:27:47"
},
{
"kids":[],
"uid":"1898085563",
"parent":"zsrNNCzUX",
"text":"[围观] 那些爱那些话， 趁活着， 赶快说出来 。",
"mid":"zss0eiGjS",
"date":"2013-04-16 20:27:27"
},
{
"kids":[
"zss5j17CY"
],
"uid":"2504304590",
"parent":"zsrNNCzUX",
"text":"[伤心][蜡烛]",
"mid":"zsrXRbj0Z",
"date":"2013-04-16 20:21:35"
},
{
"kids":[],
"uid":"1989968013",
"parent":"zsrO54WqM",
"text":"嗯",
"mid":"zsrUYovg4",
"date":"2013-04-16 20:14:32"
},
{
"kids":[],
"uid":"marinayoung",
"parent":"",
"text":"[蠟燭]",
"mid":"zsrUVqmax",
"date":"2013-04-16 20:14:23"
},
{
"kids":[
"zstGQ66U2"
],
"uid":"chlovey",
"parent":"",
"text":"...",
"mid":"zsrTDCWaa",
"date":"2013-04-16 20:11:15"
},
{
"kids":[],
"uid":"2948037611",
"parent":"zsrP58niF",
"text":"",
"mid":"zsrSZa1Me",
"date":"2013-04-16 20:09:38"
},
{
"kids":[],
"uid":"1976672391",
"parent":"",
"text":"",
"mid":"zsrSQgM9N",
"date":"2013-04-16 20:09:17"
},
{
"kids":[
"zss5Pwlep"
],
"uid":"1921662884",
"parent":"zsrQ2ycva",
"text":"珍惜眼前人。爱要勇气说出来！",
"mid":"zsrSkoqMl",
"date":"2013-04-16 20:07:58"
},
{
"kids":[],
"uid":"1862250331",
"parent":"",
"text":"",
"mid":"zsrS8xLee",
"date":"2013-04-16 20:07:33"
},
{
"kids":[],
"uid":"2819404511",
"parent":"",
"text":"谢谢你女朋友为地球人口献身",
"mid":"zsrRKE0D4",
"date":"2013-04-16 20:06:34"
},
{
"kids":[
"zsshxg0Ba"
],
"uid":"babyjunbieber",
"parent":"",
"text":"[泪][蜡烛]",
"mid":"zsrQL9B6h",
"date":"2013-04-16 20:04:07"
},
{
"kids":[],
"uid":"1812410382",
"parent":"zsrO54WqM",
"text":"[泪][蜡烛]",
"mid":"zsrQhkT9G",
"date":"2013-04-16 20:02:59"
},
{
"kids":[],
"uid":"ansonfromdg",
"parent":"",
"text":"珍惜眼前人",
"mid":"zsrQ5wJHE",
"date":"2013-04-16 20:02:30"
},
{
"kids":[
"zsrSkoqMl"
],
"uid":"mtcookieskobe24",
"parent":"",
"text":"那些爱那些话， 趁活着， 赶快说出来[心][心]",
"mid":"zsrQ2ycva",
"date":"2013-04-16 20:02:21"
},
{
"kids":[],
"uid":"1882378355",
"parent":"",
"text":"要珍惜..",
"mid":"zsrPirknC",
"date":"2013-04-16 20:00:33"
},
{
"kids":[],
"uid":"3182517600",
"parent":"",
"text":"@斷臂_機械人",
"mid":"zsrP8niTk",
"date":"2013-04-16 20:00:06"
},
{
"kids":[
"zsrSZa1Me"
],
"uid":"2335286097",
"parent":"",
"text":"那些爱那些话， 趁活着， 赶快说出来 。",
"mid":"zsrP58niF",
"date":"2013-04-16 20:00:01"
},
{
"kids":[],
"uid":"2680915883",
"parent":"",
"text":"",
"mid":"zsrP4gk8K",
"date":"2013-04-16 20:00:00"
},
{
"kids":[],
"uid":"2389535022",
"parent":"",
"text":"那些爱那些话， 趁活着， 赶快说出来 。",
"mid":"zsrOCsloC",
"date":"2013-04-16 19:58:52"
},
{
"kids":[
"zsrUYovg4",
"zsrQhkT9G"
],
"uid":"2212919600",
"parent":"",
"text":"那些爱那些话， 趁活着， 赶快说出来 。",
"mid":"zsrO54WqM",
"date":"2013-04-16 19:57:31"
},
{
"kids":[
"zsPLAaxng",
"zsxK9CGiY",
"zstqVFMBj",
"zssE1Eoar",
"zssrzwtFT",
"zssgz0xHT",
"zss6vrykN",
"zss0nsgHo",
"zss0nbyjB",
"zss0eiGjS",
"zsrXRbj0Z"
],
"uid":"2212908584",
"parent":"",
"text":"那些爱那些话， 趁活着， 赶快说出来 。",
"mid":"zsrNNCzUX",
"date":"2013-04-16 19:56:52"
},
{
"kids":[],
"uid":"2108324222",
"parent":"",
"text":"",
"mid":"zsrNF5NNf",
"date":"2013-04-16 19:56:32"
},
{
"kids":[],
"uid":"soraloving",
"parent":"",
"text":"",
"mid":"zsrMnDtEs",
"date":"2013-04-16 19:53:20"
},
{
"kids":[],
"uid":"1739098967",
"parent":"",
"text":"[蜡烛][蜡烛]",
"mid":"zsrKl8ug6",
"date":"2013-04-16 19:48:18"
},
{
"kids":[],
"uid":"2499815221",
"parent":"",
"text":"",
"mid":"zsrJRhBEo",
"date":"2013-04-16 19:47:08"
},
{
"kids":[],
"uid":"2690644812",
"parent":"",
"text":"",
"mid":"zsrH6f05Z",
"date":"2013-04-16 19:40:22"
},
{
"kids":[],
"uid":"2606791854",
"parent":"",
"text":"[心]",
"mid":"zsrFO6yCU",
"date":"2013-04-16 19:37:07"
},
{
"kids":[],
"uid":"1916583510",
"parent":"",
"text":"[吃惊]",
"mid":"zsrFu1UsF",
"date":"2013-04-16 19:36:22"
},
{
"kids":[],
"uid":"1762765940",
"parent":"",
"text":"#PrayforBoston#",
"mid":"zsrCHrZu3",
"date":"2013-04-16 19:29:31"
},
{
"kids":[],
"uid":"2708325143",
"parent":"",
"text":"[爱心传递]",
"mid":"zsrzB6tjt",
"date":"2013-04-16 19:21:50"
},
{
"kids":[],
"uid":"2841955113",
"parent":"",
"text":"虐心",
"mid":"zsrsyFQEz",
"date":"2013-04-16 19:04:32"
},
{
"kids":[],
"uid":"3041467515",
"parent":"",
"text":"",
"mid":"zsrnft4Vq",
"date":"2013-04-16 18:51:27"
},
{
"kids":[],
"uid":"1774250891",
"parent":"",
"text":"",
"mid":"zsr7onjtJ",
"date":"2013-04-16 18:12:24"
},
{
"kids":[],
"uid":"2419626194",
"parent":"",
"text":"",
"mid":"zsr60nFfj",
"date":"2013-04-16 18:08:58"
},
{
"kids":[],
"uid":"1882992901",
"parent":"",
"text":"",
"mid":"zsr3yc7yP",
"date":"2013-04-16 18:02:53"
},
{
"kids":[
"zssJpzJB9"
],
"uid":"1852775732",
"parent":"",
"text":"[泪][泪]",
"mid":"zsr0mvfAd",
"date":"2013-04-16 17:55:04"
},
{
"kids":[
"zsvXbp1BQ"
],
"uid":"1955581252",
"parent":"",
"text":"@-Tie_",
"mid":"zsqYbaKG0",
"date":"2013-04-16 17:49:40"
},
{
"kids":[],
"uid":"1747467274",
"parent":"",
"text":"好多靓仔靓女都关注 @阿伯解救广州单身 你还等什么？？[心]@阿伯解救广州单身[心]!",
"mid":"zsqW4BzPA",
"date":"2013-04-16 17:44:28"
},
{
"kids":[],
"uid":"1757801851",
"parent":"",
"text":"推介搜索关注阿伯解救广州单身 阿伯解救广州单身 阿伯解救广州单身 阿伯解救广州单身 阿伯解救广州单身 [心][心]d",
"mid":"zsqVPelJV",
"date":"2013-04-16 17:43:51"
}
]