[
{
"kids":[],
"uid":"2448306904",
"parent":"",
"text":"",
"mid":"AvsAt2HeF",
"date":"2014-02-06 14:11:58"
},
{
"kids":[],
"uid":"2807004667",
"parent":"zESvQ4Or0",
"text":"",
"mid":"A4YsqkXvh",
"date":"2013-08-16 09:41:51"
},
{
"kids":[],
"uid":"michelleshome",
"parent":"",
"text":"",
"mid":"A4aaCyjDE",
"date":"2013-08-11 01:40:39"
},
{
"kids":[],
"uid":"2251211762",
"parent":"zELZ610GF",
"text":"不会啊，我从国外带回来的纯天然不含氟的牙膏后面就是黑色",
"mid":"zFdFdA6E7",
"date":"2013-07-09 19:51:13"
},
{
"kids":[],
"uid":"jjqili",
"parent":"",
"text":"",
"mid":"zF4XOpiwe",
"date":"2013-07-08 21:42:18"
},
{
"kids":[],
"uid":"1717359525",
"parent":"zES7twhJB",
"text":"",
"mid":"zF0Dg2UzS",
"date":"2013-07-08 10:40:40"
},
{
"kids":[],
"uid":"zzlove",
"parent":"zES7twhJB",
"text":"……",
"mid":"zEZm3g7pc",
"date":"2013-07-08 07:25:32"
},
{
"kids":[],
"uid":"2454232263",
"parent":"zES7twhJB",
"text":"@沐子沐南 这个咋成了不实微博了",
"mid":"zEUwXCIgB",
"date":"2013-07-07 19:08:39"
},
{
"kids":[],
"uid":"2236295770",
"parent":"",
"text":"",
"mid":"zEUmVlaTn",
"date":"2013-07-07 18:43:54"
},
{
"kids":[],
"uid":"1911435903",
"parent":"",
"text":"",
"mid":"zETWDnpel",
"date":"2013-07-07 17:39:12"
},
{
"kids":[],
"uid":"1832116961",
"parent":"",
"text":"这个。。",
"mid":"zETRKuxRB",
"date":"2013-07-07 17:27:10"
},
{
"kids":[],
"uid":"1790191171",
"parent":"zELVSgAGy",
"text":"[晕]",
"mid":"zEThSkRMz",
"date":"2013-07-07 15:58:46"
},
{
"kids":[],
"uid":"2754815843",
"parent":"zEQuHAnEN",
"text":"[吃惊][吃惊]真滴假滴，我们家用的都是黑的，惨了",
"mid":"zET0jsX1t",
"date":"2013-07-07 15:15:27"
},
{
"kids":[],
"uid":"flee2011",
"parent":"zES7twhJB",
"text":"",
"mid":"zESzf1Lw7",
"date":"2013-07-07 14:08:46"
},
{
"kids":[
"A4YsqkXvh"
],
"uid":"melodyyangq",
"parent":"zERSsr1SJ",
"text":"这是假消息啊 怎么还在传[汗]",
"mid":"zESvQ4Or0",
"date":"2013-07-07 14:00:25"
},
{
"kids":[],
"uid":"1872578605",
"parent":"zEQ1zhUep",
"text":"",
"mid":"zESvmfryC",
"date":"2013-07-07 13:59:12"
},
{
"kids":[],
"uid":"xiaopaoaiting",
"parent":"zES7twhJB",
"text":"不可思议",
"mid":"zEStBbVPd",
"date":"2013-07-07 13:54:55"
},
{
"kids":[],
"uid":"ruime",
"parent":"zES7twhJB",
"text":"。。无语 国家不管？",
"mid":"zESrvsHt9",
"date":"2013-07-07 13:49:45"
},
{
"kids":[],
"uid":"clairechai",
"parent":"",
"text":"",
"mid":"zESnh5S07",
"date":"2013-07-07 13:39:18"
},
{
"kids":[],
"uid":"1680116991",
"parent":"zES7twhJB",
"text":"",
"mid":"zESjzqUNb",
"date":"2013-07-07 13:30:12"
},
{
"kids":[],
"uid":"xiaozhen2012",
"parent":"zERBwxFbX",
"text":"回复@双氧水围脖儿:谢谢辟谣",
"mid":"zESbauav4",
"date":"2013-07-07 13:09:28"
},
{
"kids":[
"zF0Dg2UzS",
"zEZm3g7pc",
"zEUwXCIgB",
"zESzf1Lw7",
"zEStBbVPd",
"zESrvsHt9",
"zESjzqUNb"
],
"uid":"2498626684",
"parent":"",
"text":"",
"mid":"zES7twhJB",
"date":"2013-07-07 13:00:23"
},
{
"kids":[],
"uid":"1733556465",
"parent":"zERBwxFbX",
"text":"是假的。那个条纹是用来让灌牙膏的机器识别终止位置的，选择颜色的原则是在醒目的前提下还要美观。",
"mid":"zERVSxVXk",
"date":"2013-07-07 12:31:50"
},
{
"kids":[
"A4YsqkXvh",
"zESvQ4Or0"
],
"uid":"iirsxu",
"parent":"",
"text":"真的假的啊？",
"mid":"zERSsr1SJ",
"date":"2013-07-07 12:23:24"
},
{
"kids":[],
"uid":"carina0926",
"parent":"",
"text":"长见识了^_^",
"mid":"zERHO1aHK",
"date":"2013-07-07 11:57:10"
},
{
"kids":[
"zESbauav4",
"zERVSxVXk"
],
"uid":"xiaozhen2012",
"parent":"",
"text":"really？",
"mid":"zERBwxFbX",
"date":"2013-07-07 11:41:41"
},
{
"kids":[],
"uid":"1895642592",
"parent":"",
"text":"",
"mid":"zERnAxthW",
"date":"2013-07-07 11:07:21"
},
{
"kids":[],
"uid":"jandl9171",
"parent":"",
"text":"@波斯猫city",
"mid":"zERlkaRZp",
"date":"2013-07-07 11:01:45"
},
{
"kids":[],
"uid":"1016670434",
"parent":"zEQxT1Tbr",
"text":"涨姿势",
"mid":"zEQTYkOwK",
"date":"2013-07-07 09:54:22"
},
{
"kids":[],
"uid":"2108899644",
"parent":"",
"text":"赶紧看看家里的牙膏",
"mid":"zEQTkr1sI",
"date":"2013-07-07 09:52:47"
},
{
"kids":[],
"uid":"morenica",
"parent":"",
"text":"终于知道答案了，化妆品上也有这样的颜色条",
"mid":"zEQMQgjJx",
"date":"2013-07-07 09:36:49"
},
{
"kids":[],
"uid":"ixy4ever",
"parent":"",
"text":"",
"mid":"zEQHtxtwk",
"date":"2013-07-07 09:23:36"
},
{
"kids":[],
"uid":"bonnie4everlovebill",
"parent":"",
"text":"",
"mid":"zEQEwEx7j",
"date":"2013-07-07 09:16:19"
},
{
"kids":[],
"uid":"emilyfung",
"parent":"",
"text":"",
"mid":"zEQD29kRv",
"date":"2013-07-07 09:12:38"
},
{
"kids":[
"zEQTYkOwK"
],
"uid":"tuzioneucalyptus",
"parent":"",
"text":"",
"mid":"zEQxT1Tbr",
"date":"2013-07-07 08:59:57"
},
{
"kids":[
"zET0jsX1t"
],
"uid":"2202737667",
"parent":"",
"text":"",
"mid":"zEQuHAnEN",
"date":"2013-07-07 08:52:08"
},
{
"kids":[],
"uid":"oominioo",
"parent":"zENlY5QHo",
"text":"我也蓝色[哈哈]",
"mid":"zEQusg1ni",
"date":"2013-07-07 08:51:30"
},
{
"kids":[],
"uid":"1573744044",
"parent":"zEQ057YJz",
"text":"[good]",
"mid":"zEQsR0hQt",
"date":"2013-07-07 08:47:33"
},
{
"kids":[],
"uid":"2201404501",
"parent":"",
"text":"",
"mid":"zEQrUtXQ6",
"date":"2013-07-07 08:45:14"
},
{
"kids":[],
"uid":"hayleywing",
"parent":"",
"text":"",
"mid":"zEQpwqeXZ",
"date":"2013-07-07 08:39:22"
},
{
"kids":[],
"uid":"719567988",
"parent":"zELFQc7Gm",
"text":"",
"mid":"zEQpcmjaU",
"date":"2013-07-07 08:38:34"
},
{
"kids":[],
"uid":"2493412571",
"parent":"",
"text":"注意",
"mid":"zEQk50LmO",
"date":"2013-07-07 08:25:57"
},
{
"kids":[],
"uid":"2207165173",
"parent":"zEQfbvB53",
"text":"回复@甬东渔人:嗯嗯，你以后买牙膏的时候要记得看哦～[呵呵]",
"mid":"zEQhXdTIB",
"date":"2013-07-07 08:20:42"
},
{
"kids":[],
"uid":"1437069952",
"parent":"zEQfbvB53",
"text":"长知识啦",
"mid":"zEQgPrAlr",
"date":"2013-07-07 08:17:57"
},
{
"kids":[],
"uid":"1872077444",
"parent":"zENg2fmdy",
"text":"",
"mid":"zEQgHbfvF",
"date":"2013-07-07 08:17:37"
},
{
"kids":[
"zEQhXdTIB",
"zEQgPrAlr"
],
"uid":"2207165173",
"parent":"",
"text":"",
"mid":"zEQfbvB53",
"date":"2013-07-07 08:13:53"
},
{
"kids":[],
"uid":"2077808633",
"parent":"",
"text":"转知识贴！",
"mid":"zEQ4DA7gw",
"date":"2013-07-07 07:47:55"
},
{
"kids":[
"zESvmfryC"
],
"uid":"verarongrong",
"parent":"",
"text":"@Jimmy一切",
"mid":"zEQ1zhUep",
"date":"2013-07-07 07:40:20"
},
{
"kids":[
"zEQsR0hQt"
],
"uid":"2387129182",
"parent":"",
"text":"",
"mid":"zEQ057YJz",
"date":"2013-07-07 07:36:41"
},
{
"kids":[],
"uid":"2460898550",
"parent":"",
"text":"",
"mid":"zEPS0xP8N",
"date":"2013-07-07 07:16:48"
},
{
"kids":[],
"uid":"1751321693",
"parent":"zELFum6qS",
"text":"",
"mid":"zEPPa6QAW",
"date":"2013-07-07 07:09:47"
},
{
"kids":[],
"uid":"1760333241",
"parent":"",
"text":"[思考]",
"mid":"zEPNn1JUX",
"date":"2013-07-07 07:05:21"
},
{
"kids":[],
"uid":"2039267593",
"parent":"",
"text":"",
"mid":"zEPAiu7ov",
"date":"2013-07-07 06:33:10"
},
{
"kids":[],
"uid":"1853386427",
"parent":"",
"text":"@老查_Choco",
"mid":"zEPzW2PSX",
"date":"2013-07-07 06:32:15"
},
{
"kids":[],
"uid":"emilyyubb",
"parent":"",
"text":"@__小船君君__ @Sushanmo",
"mid":"zEPuYpM3H",
"date":"2013-07-07 06:20:03"
},
{
"kids":[],
"uid":"2149257634",
"parent":"",
"text":"",
"mid":"zEOGg7a8F",
"date":"2013-07-07 04:15:06"
},
{
"kids":[],
"uid":"lisaglf",
"parent":"zEM5Kwji8",
"text":"真的么？",
"mid":"zEO5TtjwS",
"date":"2013-07-07 02:45:31"
},
{
"kids":[],
"uid":"2475957934",
"parent":"",
"text":"",
"mid":"zENJr9HE7",
"date":"2013-07-07 01:50:10"
},
{
"kids":[],
"uid":"2055484807",
"parent":"",
"text":"",
"mid":"zENCgpLoQ",
"date":"2013-07-07 01:32:31"
},
{
"kids":[
"zEQusg1ni"
],
"uid":"oominioo",
"parent":"zENb5fb9O",
"text":"明早看看",
"mid":"zENlY5QHo",
"date":"2013-07-07 00:52:22"
},
{
"kids":[],
"uid":"2083944905",
"parent":"",
"text":"",
"mid":"zENi0zBjW",
"date":"2013-07-07 00:42:36"
},
{
"kids":[],
"uid":"2751234617",
"parent":"",
"text":"那我用的是牙粉。。。。怎么看？",
"mid":"zENgUCiFP",
"date":"2013-07-07 00:39:55"
},
{
"kids":[
"zEQgHbfvF"
],
"uid":"1719272682",
"parent":"",
"text":"@Joyce_TanYinYin",
"mid":"zENg2fmdy",
"date":"2013-07-07 00:37:43"
},
{
"kids":[
"zEQusg1ni",
"zENlY5QHo"
],
"uid":"sd220",
"parent":"",
"text":"噢！Fuck！冲进卫生间一看，买给老公的是纯天然的，自己用的是纯化学的，果断和它说拜拜了，儿子的weleda的没有这项标示〜",
"mid":"zENb5fb9O",
"date":"2013-07-07 00:25:29"
},
{
"kids":[],
"uid":"2021581547",
"parent":"",
"text":"",
"mid":"zEMNqEoPh",
"date":"2013-07-06 23:27:14"
},
{
"kids":[],
"uid":"oycm",
"parent":"",
"text":"",
"mid":"zEMLWdSst",
"date":"2013-07-06 23:23:36"
},
{
"kids":[],
"uid":"3205468180",
"parent":"",
"text":"",
"mid":"zEMHrgod2",
"date":"2013-07-06 23:12:31"
},
{
"kids":[],
"uid":"1880374050",
"parent":"",
"text":"",
"mid":"zEMH8D23a",
"date":"2013-07-06 23:11:43"
},
{
"kids":[],
"uid":"hellomarkzhao",
"parent":"zELZGDYbf",
"text":"@Edmond_DONG @桃乐西丁丁 @熊瑛BlackPetal",
"mid":"zEMDfwYUO",
"date":"2013-07-06 23:02:13"
},
{
"kids":[],
"uid":"wangyuyao1990",
"parent":"",
"text":"跑去卫生间发现云南白药也是黑色 我和我的小伙伴们都惊呆了[晕]",
"mid":"zEMzigZb1",
"date":"2013-07-06 22:52:28"
},
{
"kids":[],
"uid":"11912733",
"parent":"",
"text":"@睡午觉梅意思",
"mid":"zEMx6klpa",
"date":"2013-07-06 22:47:02"
},
{
"kids":[],
"uid":"zhizheyio",
"parent":"zEMvecR96",
"text":"是谣言吗已经辟谣过了",
"mid":"zEMvX8jdD",
"date":"2013-07-06 22:44:13"
},
{
"kids":[],
"uid":"2102550572",
"parent":"",
"text":"@氵工鸟_仔_Leo @casual618",
"mid":"zEMvkoeVh",
"date":"2013-07-06 22:42:39"
},
{
"kids":[
"zEMvX8jdD"
],
"uid":"1981178361",
"parent":"zEMk0lH5t",
"text":"@雷锋王一磊",
"mid":"zEMvecR96",
"date":"2013-07-06 22:42:26"
},
{
"kids":[],
"uid":"2042643484",
"parent":"",
"text":"啊！黑人牙膏是黑色的",
"mid":"zEMqXsnJM",
"date":"2013-07-06 22:31:55"
},
{
"kids":[],
"uid":"carlison",
"parent":"",
"text":"",
"mid":"zEMmXwzAY",
"date":"2013-07-06 22:22:03"
},
{
"kids":[
"zEMvX8jdD",
"zEMvecR96"
],
"uid":"1360323081",
"parent":"zELJQr1km",
"text":"",
"mid":"zEMk0lH5t",
"date":"2013-07-06 22:14:47"
},
{
"kids":[],
"uid":"2587361051",
"parent":"",
"text":"有用，学到了",
"mid":"zEMdXBiTX",
"date":"2013-07-06 21:59:55"
},
{
"kids":[],
"uid":"zhizhi709394",
"parent":"",
"text":"",
"mid":"zEMd0gO2E",
"date":"2013-07-06 21:57:29"
},
{
"kids":[],
"uid":"1996391845",
"parent":"",
"text":"mark",
"mid":"zEMbibZos",
"date":"2013-07-06 21:53:20"
},
{
"kids":[],
"uid":"2813992892",
"parent":"zELZOl91h",
"text":"",
"mid":"zEM9NmFpx",
"date":"2013-07-06 21:49:38"
},
{
"kids":[],
"uid":"1831330890",
"parent":"",
"text":"",
"mid":"zEM6oqeL0",
"date":"2013-07-06 21:41:15"
},
{
"kids":[
"zEO5TtjwS"
],
"uid":"1678092551",
"parent":"zELE0a9Do",
"text":"这不是已经劈过谣了嘛！这个颜色和成分没任何关系，是流水线需要识别正反面所设的区别颜色。",
"mid":"zEM5Kwji8",
"date":"2013-07-06 21:39:40"
},
{
"kids":[],
"uid":"338777858",
"parent":"",
"text":"",
"mid":"zEM5E0XFG",
"date":"2013-07-06 21:39:22"
},
{
"kids":[],
"uid":"lazyzoe",
"parent":"",
"text":"[汗][汗]长知识了",
"mid":"zEM2U8oaJ",
"date":"2013-07-06 21:32:39"
},
{
"kids":[],
"uid":"1985046367",
"parent":"",
"text":"",
"mid":"zEM1KiWo3",
"date":"2013-07-06 21:29:47"
},
{
"kids":[
"zEM9NmFpx"
],
"uid":"irisanotherday",
"parent":"zELYKqmU5",
"text":"@下雨下雨下雪下雪",
"mid":"zELZOl91h",
"date":"2013-07-06 21:25:03"
},
{
"kids":[],
"uid":"joanna991611",
"parent":"",
"text":"",
"mid":"zELZJARzr",
"date":"2013-07-06 21:24:48"
},
{
"kids":[
"zEMDfwYUO"
],
"uid":"2523001065",
"parent":"",
"text":"@桃太妃 @HelloMarkZhao @猫本KK大掌柜 @雨诗0701",
"mid":"zELZGDYbf",
"date":"2013-07-06 21:24:41"
},
{
"kids":[
"zFdFdA6E7"
],
"uid":"2022934861",
"parent":"zELPq9Isl",
"text":"@ChRistinE7548 @Princess_Zebra @区太sydney [嘻嘻]我们的牙膏！",
"mid":"zELZ610GF",
"date":"2013-07-06 21:23:15"
},
{
"kids":[],
"uid":"3312750970",
"parent":"",
"text":"这个请各位妈妈看看！给宝宝谨慎选择牙膏！",
"mid":"zELZ5pmSK",
"date":"2013-07-06 21:23:15"
},
{
"kids":[
"zEM9NmFpx",
"zELZOl91h"
],
"uid":"2423976967",
"parent":"",
"text":"",
"mid":"zELYKqmU5",
"date":"2013-07-06 21:22:25"
},
{
"kids":[],
"uid":"3006424922",
"parent":"",
"text":"你研究过吗@兰陵搞笑生",
"mid":"zELXIivt4",
"date":"2013-07-06 21:19:50"
},
{
"kids":[
"zEThSkRMz"
],
"uid":"1779754737",
"parent":"",
"text":"",
"mid":"zELVSgAGy",
"date":"2013-07-06 21:15:17"
},
{
"kids":[],
"uid":"ciciloveblog",
"parent":"",
"text":"",
"mid":"zELVEEJw3",
"date":"2013-07-06 21:14:48"
},
{
"kids":[],
"uid":"1738979652",
"parent":"zELIjhIL0",
"text":"学到了",
"mid":"zELUL4rKE",
"date":"2013-07-06 21:12:33"
},
{
"kids":[],
"uid":"1299812282",
"parent":"",
"text":"",
"mid":"zELUCy0Jn",
"date":"2013-07-06 21:12:15"
},
{
"kids":[],
"uid":"1396195667",
"parent":"",
"text":"这是定位用的",
"mid":"zELU11InE",
"date":"2013-07-06 21:10:43"
},
{
"kids":[],
"uid":"1850834001",
"parent":"",
"text":"这个要学@sandramn",
"mid":"zELQpBT7B",
"date":"2013-07-06 21:01:54"
},
{
"kids":[],
"uid":"queenbee666",
"parent":"",
"text":"轉發微博",
"mid":"zELQp3hni",
"date":"2013-07-06 21:01:49"
},
{
"kids":[
"zFdFdA6E7",
"zELZ610GF"
],
"uid":"kittylike",
"parent":"",
"text":"",
"mid":"zELPq9Isl",
"date":"2013-07-06 20:59:25"
},
{
"kids":[],
"uid":"dee215",
"parent":"",
"text":"@Jason那",
"mid":"zELNPbb91",
"date":"2013-07-06 20:55:29"
},
{
"kids":[],
"uid":"fairypinkpiggy",
"parent":"",
"text":"@种瓜得瓜vs种豆得豆",
"mid":"zELMICglM",
"date":"2013-07-06 20:52:44"
},
{
"kids":[],
"uid":"jasminecheung",
"parent":"",
"text":"轉發微博",
"mid":"zELLVyLWS",
"date":"2013-07-06 20:50:49"
},
{
"kids":[],
"uid":"2213814531",
"parent":"zELIjhIL0",
"text":"大家注意了",
"mid":"zELLTuG3M",
"date":"2013-07-06 20:50:45"
},
{
"kids":[],
"uid":"zoewyh",
"parent":"",
"text":"",
"mid":"zELLQcLNl",
"date":"2013-07-06 20:50:37"
},
{
"kids":[],
"uid":"2001203937",
"parent":"",
"text":"@陳_-zZ2_-sSS_-",
"mid":"zELL5hqUS",
"date":"2013-07-06 20:48:44"
},
{
"kids":[
"zEMvX8jdD",
"zEMvecR96",
"zEMk0lH5t"
],
"uid":"blueirene",
"parent":"",
"text":"实用贴",
"mid":"zELJQr1km",
"date":"2013-07-06 20:45:40"
},
{
"kids":[],
"uid":"1768629735",
"parent":"zELIOiuBy",
"text":"",
"mid":"zELJMiPq8",
"date":"2013-07-06 20:45:32"
},
{
"kids":[],
"uid":"2970886784",
"parent":"zELHjvAjW",
"text":"",
"mid":"zELJL7h4F",
"date":"2013-07-06 20:45:27"
},
{
"kids":[
"zELJMiPq8"
],
"uid":"alexfi007",
"parent":"zELFum6qS",
"text":"[哼][哼]",
"mid":"zELIOiuBy",
"date":"2013-07-06 20:43:07"
},
{
"kids":[
"zELUL4rKE",
"zELLTuG3M"
],
"uid":"niniiris",
"parent":"",
"text":"",
"mid":"zELIjhIL0",
"date":"2013-07-06 20:41:53"
},
{
"kids":[],
"uid":"1624373680",
"parent":"",
"text":"",
"mid":"zELIcrfH4",
"date":"2013-07-06 20:41:39"
},
{
"kids":[],
"uid":"sallysun",
"parent":"",
"text":"真的假的？[思考][思考]",
"mid":"zELIa85UX",
"date":"2013-07-06 20:41:31"
},
{
"kids":[],
"uid":"2153851905",
"parent":"",
"text":"@viviaitt",
"mid":"zELHIlaxk",
"date":"2013-07-06 20:40:28"
},
{
"kids":[
"zELJL7h4F"
],
"uid":"1042149273",
"parent":"",
"text":"快去看看呀[失望]",
"mid":"zELHjvAjW",
"date":"2013-07-06 20:39:28"
},
{
"kids":[],
"uid":"2714319832",
"parent":"",
"text":"Really",
"mid":"zELGU6Nmc",
"date":"2013-07-06 20:38:27"
},
{
"kids":[],
"uid":"1767309235",
"parent":"",
"text":"我原本不信黑色的是纯化学的，但是专家一辟谣，我就深信黑色的就是纯化学的。",
"mid":"zELG0y2IW",
"date":"2013-07-06 20:36:15"
},
{
"kids":[
"zEQpcmjaU"
],
"uid":"2011845504",
"parent":"",
"text":"",
"mid":"zELFQc7Gm",
"date":"2013-07-06 20:35:47"
},
{
"kids":[],
"uid":"2469531514",
"parent":"",
"text":"",
"mid":"zELFAyo4l",
"date":"2013-07-06 20:35:11"
},
{
"kids":[
"zEPPa6QAW",
"zELJMiPq8",
"zELIOiuBy"
],
"uid":"1840793421",
"parent":"",
"text":"@Lillian胖嘟嘟 看看去",
"mid":"zELFum6qS",
"date":"2013-07-06 20:34:57"
},
{
"kids":[],
"uid":"333615999",
"parent":"",
"text":"转给大家看",
"mid":"zELF0cJHX",
"date":"2013-07-06 20:33:43"
},
{
"kids":[
"zEO5TtjwS",
"zEM5Kwji8"
],
"uid":"2980920623",
"parent":"",
"text":"[吃惊]",
"mid":"zELE0a9Do",
"date":"2013-07-06 20:31:16"
}
]