[
{
"kids":[],
"uid":"2520567321",
"parent":"zdmO1oo9E",
"text":"",
"mid":"zniWIliiG",
"date":"2013-03-14 00:12:34"
},
{
"kids":[],
"uid":"zhrldalyx",
"parent":"zdlF1rCfr",
"text":"",
"mid":"zmjwnzTtc",
"date":"2013-03-07 11:50:09"
},
{
"kids":[],
"uid":"1739358725",
"parent":"zdlSSad9J",
"text":"",
"mid":"zfLYNz0xs",
"date":"2013-01-23 11:24:56"
},
{
"kids":[],
"uid":"2919988014",
"parent":"zdlU15EtZ",
"text":"",
"mid":"zdJGqcouS",
"date":"2013-01-10 01:53:33"
},
{
"kids":[],
"uid":"2805094952",
"parent":"zdmeNpa56",
"text":"",
"mid":"zdu4DyAIu",
"date":"2013-01-08 10:09:17"
},
{
"kids":[],
"uid":"1634617383",
"parent":"zdmW4uBIy",
"text":"",
"mid":"zdtkneyqI",
"date":"2013-01-08 08:15:18"
},
{
"kids":[],
"uid":"1812001644",
"parent":"zdlSSad9J",
"text":"",
"mid":"zdpdHD7ME",
"date":"2013-01-07 21:47:54"
},
{
"kids":[],
"uid":"2919453850",
"parent":"",
"text":"",
"mid":"zdoWavuuw",
"date":"2013-01-07 21:04:41"
},
{
"kids":[
"zdtkneyqI"
],
"uid":"1955738003",
"parent":"zdm5ndSJM",
"text":"",
"mid":"zdmW4uBIy",
"date":"2013-01-07 15:58:57"
},
{
"kids":[],
"uid":"2017125465",
"parent":"zdlNM15qw",
"text":"谢谢大家",
"mid":"zdmVrbcY6",
"date":"2013-01-07 15:57:23"
},
{
"kids":[],
"uid":"laowu1023",
"parent":"",
"text":"",
"mid":"zdmPbdeoG",
"date":"2013-01-07 15:41:58"
},
{
"kids":[
"zniWIliiG"
],
"uid":"yahuacaizhuang",
"parent":"",
"text":"",
"mid":"zdmO1oo9E",
"date":"2013-01-07 15:39:06"
},
{
"kids":[],
"uid":"1981655412",
"parent":"",
"text":"",
"mid":"zdmNope7g",
"date":"2013-01-07 15:37:33"
},
{
"kids":[],
"uid":"1736280361",
"parent":"zdlSSad9J",
"text":"",
"mid":"zdmMW3eMj",
"date":"2013-01-07 15:36:26"
},
{
"kids":[],
"uid":"yangshirui19780626",
"parent":"zdmt99ZRS",
"text":"",
"mid":"zdmLA7Hoe",
"date":"2013-01-07 15:33:06"
},
{
"kids":[],
"uid":"1851061187",
"parent":"",
"text":"好！回去收拾收拾",
"mid":"zdmIj7Sbe",
"date":"2013-01-07 15:25:02"
},
{
"kids":[],
"uid":"2641740643",
"parent":"",
"text":"",
"mid":"zdmDqyTG6",
"date":"2013-01-07 15:13:01"
},
{
"kids":[],
"uid":"qwfywxs",
"parent":"zdmvvps2K",
"text":"帮忙宣传",
"mid":"zdmCE77sr",
"date":"2013-01-07 15:11:05"
},
{
"kids":[],
"uid":"cqshangmei",
"parent":"",
"text":"",
"mid":"zdmAExpfI",
"date":"2013-01-07 15:06:11"
},
{
"kids":[],
"uid":"2836735377",
"parent":"",
"text":"支持",
"mid":"zdmzUbK13",
"date":"2013-01-07 15:04:19"
},
{
"kids":[
"zdmCE77sr"
],
"uid":"3066527907",
"parent":"",
"text":"@晋江共青团 @泉州轻工学院团委 @泉州轻工学院贴吧 @泉州轻工学院舞苑 @轻舞飞扬文学社",
"mid":"zdmvvps2K",
"date":"2013-01-07 14:53:28"
},
{
"kids":[],
"uid":"1823130722",
"parent":"zdlUw8g7U",
"text":"",
"mid":"zdmvpdcmS",
"date":"2013-01-07 14:53:15"
},
{
"kids":[],
"uid":"1823130722",
"parent":"",
"text":"",
"mid":"zdmviroA8",
"date":"2013-01-07 14:52:58"
},
{
"kids":[],
"uid":"2002862947",
"parent":"",
"text":"",
"mid":"zdmuTiecB",
"date":"2013-01-07 14:51:57"
},
{
"kids":[],
"uid":"2702141584",
"parent":"",
"text":"传递爱心！！！[心]",
"mid":"zdmuexdrV",
"date":"2013-01-07 14:50:21"
},
{
"kids":[
"zdmLA7Hoe"
],
"uid":"1896555690",
"parent":"",
"text":"帮忙转一下[心][心][心][心]",
"mid":"zdmt99ZRS",
"date":"2013-01-07 14:47:40"
},
{
"kids":[],
"uid":"1714887105",
"parent":"zdlSSad9J",
"text":"",
"mid":"zdmsyu8xI",
"date":"2013-01-07 14:46:14"
},
{
"kids":[],
"uid":"daisy20110215",
"parent":"zdm7hqZyI",
"text":"我们的刚到4岁！帮转！",
"mid":"zdmspnZnA",
"date":"2013-01-07 14:45:52"
},
{
"kids":[],
"uid":"2984720387",
"parent":"",
"text":"@MARK國際酒吧 ，請一起呼籲下。",
"mid":"zdmrIw3is",
"date":"2013-01-07 14:44:08"
},
{
"kids":[],
"uid":"2004314891",
"parent":"",
"text":"",
"mid":"zdmqU0aYi",
"date":"2013-01-07 14:42:07"
},
{
"kids":[],
"uid":"leigaocloud",
"parent":"",
"text":"",
"mid":"zdmgW5hfm",
"date":"2013-01-07 14:17:36"
},
{
"kids":[],
"uid":"538668567",
"parent":"",
"text":"[心]我怎么没想到发到微博哦~好聪明哈你~[亲亲]",
"mid":"zdmfgnLQy",
"date":"2013-01-07 14:13:27"
},
{
"kids":[
"zdu4DyAIu"
],
"uid":"1764349200",
"parent":"zdlZHhGsO",
"text":"",
"mid":"zdmeNpa56",
"date":"2013-01-07 14:12:18"
},
{
"kids":[],
"uid":"1716251123",
"parent":"",
"text":"",
"mid":"zdmen8f0B",
"date":"2013-01-07 14:11:17"
},
{
"kids":[],
"uid":"2274451532",
"parent":"",
"text":"",
"mid":"zdmegBWrd",
"date":"2013-01-07 14:11:02"
},
{
"kids":[],
"uid":"liufanghui",
"parent":"",
"text":"",
"mid":"zdmdAnyO7",
"date":"2013-01-07 14:09:21"
},
{
"kids":[],
"uid":"2798395112",
"parent":"",
"text":"@领SHOW天地 :請一起呼籲下。",
"mid":"zdmd5FfNY",
"date":"2013-01-07 14:08:07"
},
{
"kids":[],
"uid":"zhangqiuping1982",
"parent":"",
"text":"@飞儿旋律",
"mid":"zdmbxjuG9",
"date":"2013-01-07 14:04:18"
},
{
"kids":[],
"uid":"shotguner",
"parent":"",
"text":"既然你诚心诚意的答应了",
"mid":"zdmaseEto",
"date":"2013-01-07 14:01:39"
},
{
"kids":[],
"uid":"1857434340",
"parent":"",
"text":"",
"mid":"zdm8nEEAw",
"date":"2013-01-07 13:56:32"
},
{
"kids":[
"zdmspnZnA"
],
"uid":"1760548441",
"parent":"",
"text":"行动起来吧。",
"mid":"zdm7hqZyI",
"date":"2013-01-07 13:53:49"
},
{
"kids":[],
"uid":"lehuihappy",
"parent":"",
"text":"#爱心温暖#看到这些小朋友，你心里有没有震撼和心酸呢~~把你的想法化为行动吧！！！将那些积压的衣服送给这些需要温暖的小朋友！！！即使没有衣服也帮忙转下贴，让更多的爱心传递，更多的温情不至于流失~~[爱你][爱你][爱你]",
"mid":"zdm6SERGF",
"date":"2013-01-07 13:52:47"
},
{
"kids":[],
"uid":"2464271185",
"parent":"",
"text":"@BEETLE与大豆丁 @ @双璇同同best",
"mid":"zdm5E86gL",
"date":"2013-01-07 13:49:47"
},
{
"kids":[
"zdmW4uBIy"
],
"uid":"880203xuexue",
"parent":"",
"text":"",
"mid":"zdm5ndSJM",
"date":"2013-01-07 13:49:05"
},
{
"kids":[],
"uid":"goldenneck",
"parent":"",
"text":"",
"mid":"zdm5clekK",
"date":"2013-01-07 13:48:41"
},
{
"kids":[],
"uid":"2464271185",
"parent":"",
"text":"我同意[爱心传递][爱心传递][爱心传递]回去找找",
"mid":"zdm47gbtP",
"date":"2013-01-07 13:46:02"
},
{
"kids":[],
"uid":"1873690914",
"parent":"",
"text":"",
"mid":"zdm32tPWC",
"date":"2013-01-07 13:43:22"
},
{
"kids":[],
"uid":"1752035703",
"parent":"",
"text":"",
"mid":"zdm3044Sx",
"date":"2013-01-07 13:43:16"
},
{
"kids":[],
"uid":"1752318835",
"parent":"zdlSSad9J",
"text":"@doubleliang27",
"mid":"zdm2TzLog",
"date":"2013-01-07 13:43:00"
},
{
"kids":[],
"uid":"2829325590",
"parent":"",
"text":"",
"mid":"zdm2FoLOw",
"date":"2013-01-07 13:42:27"
},
{
"kids":[],
"uid":"2385982373",
"parent":"zdlQwtP72",
"text":"转！",
"mid":"zdm2whaTj",
"date":"2013-01-07 13:42:03"
},
{
"kids":[],
"uid":"1763170955",
"parent":"",
"text":"",
"mid":"zdm1n1iCy",
"date":"2013-01-07 13:39:15"
},
{
"kids":[],
"uid":"1654585963",
"parent":"",
"text":"",
"mid":"zdm0nielP",
"date":"2013-01-07 13:36:46"
},
{
"kids":[
"zdmeNpa56"
],
"uid":"1960028533",
"parent":"",
"text":"我准备寄一些，你们有吗？可以一起打个包。@贝贝鱼-东东妈 @开悟我心 @摩羯西和天秤川 @野火心",
"mid":"zdlZHhGsO",
"date":"2013-01-07 13:35:06"
},
{
"kids":[],
"uid":"2791124233",
"parent":"",
"text":"",
"mid":"zdlZgqGob",
"date":"2013-01-07 13:34:02"
},
{
"kids":[],
"uid":"2106406140",
"parent":"",
"text":"",
"mid":"zdlZchUgm",
"date":"2013-01-07 13:33:54"
},
{
"kids":[],
"uid":"2054365111",
"parent":"",
"text":"",
"mid":"zdlYxxjJ4",
"date":"2013-01-07 13:32:17"
},
{
"kids":[],
"uid":"2937130197",
"parent":"",
"text":"尽自己微薄之力，举手之劳吧",
"mid":"zdlYtlWEm",
"date":"2013-01-07 13:32:07"
},
{
"kids":[],
"uid":"2699077340",
"parent":"",
"text":"",
"mid":"zdlY6m5er",
"date":"2013-01-07 13:31:12"
},
{
"kids":[],
"uid":"2956744162",
"parent":"",
"text":"[爱心传递]",
"mid":"zdlXBhePG",
"date":"2013-01-07 13:29:58"
},
{
"kids":[],
"uid":"1857603402",
"parent":"",
"text":"",
"mid":"zdlVPm9Ba",
"date":"2013-01-07 13:25:35"
},
{
"kids":[],
"uid":"aiyilijapan",
"parent":"zdlUwoYS5",
"text":"",
"mid":"zdlVz6fIg",
"date":"2013-01-07 13:24:58"
},
{
"kids":[],
"uid":"2022373520",
"parent":"",
"text":"朋友們一起呼籲轉發下！",
"mid":"zdlV9psg0",
"date":"2013-01-07 13:23:56"
},
{
"kids":[],
"uid":"3115352837",
"parent":"",
"text":"",
"mid":"zdlUAx9x5",
"date":"2013-01-07 13:22:32"
},
{
"kids":[
"zdlVz6fIg"
],
"uid":"1981227621",
"parent":"",
"text":"回家整理一下衣服,就是最近比较忙",
"mid":"zdlUwoYS5",
"date":"2013-01-07 13:22:24"
},
{
"kids":[
"zdmvpdcmS"
],
"uid":"1795816933",
"parent":"",
"text":"如果您有能力，有爱心，希望您能给予支持。",
"mid":"zdlUw8g7U",
"date":"2013-01-07 13:22:20"
},
{
"kids":[],
"uid":"beatywang",
"parent":"",
"text":"扩散",
"mid":"zdlUr5a7e",
"date":"2013-01-07 13:22:10"
},
{
"kids":[],
"uid":"1715779614",
"parent":"",
"text":"",
"mid":"zdlUqcINC",
"date":"2013-01-07 13:22:05"
},
{
"kids":[],
"uid":"1641124333",
"parent":"",
"text":"有没有衣服………@Ciarra露 @Melvin小俞 @茉莉衫妆 @沫小蜜_T",
"mid":"zdlUiuMj0",
"date":"2013-01-07 13:21:50"
},
{
"kids":[],
"uid":"1978434773",
"parent":"",
"text":"",
"mid":"zdlUf0EY2",
"date":"2013-01-07 13:21:41"
},
{
"kids":[
"zdJGqcouS"
],
"uid":"1677539337",
"parent":"",
"text":"",
"mid":"zdlU15EtZ",
"date":"2013-01-07 13:21:09"
},
{
"kids":[],
"uid":"2982974855",
"parent":"",
"text":"",
"mid":"zdlTD9qfk",
"date":"2013-01-07 13:20:10"
},
{
"kids":[],
"uid":"2982974855",
"parent":"",
"text":"",
"mid":"zdlTscyF6",
"date":"2013-01-07 13:19:45"
},
{
"kids":[],
"uid":"1743653597",
"parent":"",
"text":"",
"mid":"zdlTl73LP",
"date":"2013-01-07 13:19:28"
},
{
"kids":[],
"uid":"2279373125",
"parent":"",
"text":"",
"mid":"zdlT62OUv",
"date":"2013-01-07 13:18:52"
},
{
"kids":[
"zfLYNz0xs",
"zdpdHD7ME",
"zdmMW3eMj",
"zdmsyu8xI",
"zdm2TzLog"
],
"uid":"wanquanyule",
"parent":"",
"text":"",
"mid":"zdlSSad9J",
"date":"2013-01-07 13:18:19"
},
{
"kids":[],
"uid":"2946430237",
"parent":"",
"text":"",
"mid":"zdlRKqHXn",
"date":"2013-01-07 13:15:31"
},
{
"kids":[],
"uid":"1638356202",
"parent":"",
"text":"",
"mid":"zdlReen0v",
"date":"2013-01-07 13:14:15"
},
{
"kids":[],
"uid":"1774123477",
"parent":"",
"text":"",
"mid":"zdlRa45aq",
"date":"2013-01-07 13:14:05"
},
{
"kids":[],
"uid":"1964235885",
"parent":"",
"text":"",
"mid":"zdlR4bvuQ",
"date":"2013-01-07 13:13:52"
},
{
"kids":[],
"uid":"577550604",
"parent":"zdlQra2Bl",
"text":"",
"mid":"zdlQH6qQR",
"date":"2013-01-07 13:12:57"
},
{
"kids":[
"zdm2whaTj"
],
"uid":"wmzjoe",
"parent":"",
"text":"",
"mid":"zdlQwtP72",
"date":"2013-01-07 13:12:32"
},
{
"kids":[
"zdlQH6qQR"
],
"uid":"333581286",
"parent":"",
"text":"[心]",
"mid":"zdlQra2Bl",
"date":"2013-01-07 13:12:19"
},
{
"kids":[
"zdmVrbcY6"
],
"uid":"2352808054",
"parent":"",
"text":"",
"mid":"zdlNM15qw",
"date":"2013-01-07 13:05:43"
},
{
"kids":[],
"uid":"1812504413",
"parent":"",
"text":"",
"mid":"zdlNrjIJq",
"date":"2013-01-07 13:04:56"
},
{
"kids":[],
"uid":"2746291055",
"parent":"zdlJdcMSm",
"text":"",
"mid":"zdlMD49Rb",
"date":"2013-01-07 13:02:55"
},
{
"kids":[],
"uid":"1446387042",
"parent":"",
"text":"",
"mid":"zdlMvFkCB",
"date":"2013-01-07 13:02:40"
},
{
"kids":[],
"uid":"3148134091",
"parent":"zdlJdcMSm",
"text":"帮扩",
"mid":"zdlJFzT26",
"date":"2013-01-07 12:55:40"
},
{
"kids":[
"zdlMD49Rb",
"zdlJFzT26"
],
"uid":"2150858393",
"parent":"",
"text":"大人的要不要 lg是衣服狂 好多八九成新的衣服不穿",
"mid":"zdlJdcMSm",
"date":"2013-01-07 12:54:30"
},
{
"kids":[
"zmjwnzTtc"
],
"uid":"miaofei",
"parent":"",
"text":"温暖转起来",
"mid":"zdlF1rCfr",
"date":"2013-01-07 12:44:12"
},
{
"kids":[],
"uid":"1039409795",
"parent":"",
"text":"[呵呵]",
"mid":"zdlCkc2E2",
"date":"2013-01-07 12:37:32"
},
{
"kids":[],
"uid":"xiadevivian",
"parent":"",
"text":"[爱心传递]@蚂蚁共和国牙牙 @音乐咖啡 @红叶的季节说88",
"mid":"zdltWpDOW",
"date":"2013-01-07 12:16:54"
},
{
"kids":[],
"uid":"2703570587",
"parent":"",
"text":"",
"mid":"zdlt1oIPA",
"date":"2013-01-07 12:14:38"
}
]