[
{
"kids":[],
"uid":"3199924452",
"parent":"",
"text":"",
"mid":"zvqL19Uwp",
"date":"2013-05-06 10:48:08"
},
{
"kids":[],
"uid":"3044109730",
"parent":"",
"text":"",
"mid":"zsmpvxWCj",
"date":"2013-04-16 06:13:16"
},
{
"kids":[],
"uid":"3043535462",
"parent":"",
"text":"",
"mid":"zsmpvgltm",
"date":"2013-04-16 06:13:16"
},
{
"kids":[],
"uid":"2804423824",
"parent":"",
"text":"",
"mid":"zqONh7vGg",
"date":"2013-04-06 02:48:07"
},
{
"kids":[],
"uid":"2789789840",
"parent":"",
"text":"",
"mid":"zqFFgbsiq",
"date":"2013-04-05 03:33:39"
},
{
"kids":[],
"uid":"2810736010",
"parent":"",
"text":"",
"mid":"zqFFg9Rxq",
"date":"2013-04-05 03:33:39"
},
{
"kids":[],
"uid":"2919786600",
"parent":"",
"text":"",
"mid":"zpToOoMNu",
"date":"2013-03-31 00:41:18"
},
{
"kids":[],
"uid":"1581711427",
"parent":"",
"text":"",
"mid":"zpOrt0HaX",
"date":"2013-03-30 12:04:06"
},
{
"kids":[],
"uid":"2804403102",
"parent":"",
"text":"",
"mid":"zpOrsFm8i",
"date":"2013-03-30 12:04:06"
},
{
"kids":[],
"uid":"2803265934",
"parent":"",
"text":"",
"mid":"zp3HYjnO4",
"date":"2013-03-25 13:05:38"
},
{
"kids":[],
"uid":"2803433082",
"parent":"",
"text":"",
"mid":"zp3HYimvY",
"date":"2013-03-25 13:05:40"
},
{
"kids":[],
"uid":"1582626522",
"parent":"zoSnhwUNy",
"text":"",
"mid":"zoVragml0",
"date":"2013-03-24 16:02:18"
},
{
"kids":[],
"uid":"2789881740",
"parent":"zoSnhwUNy",
"text":"",
"mid":"zoVragmhX",
"date":"2013-03-24 16:02:16"
},
{
"kids":[
"zoVragml0",
"zoVragmhX"
],
"uid":"2697684604",
"parent":"",
"text":"",
"mid":"zoSnhwUNy",
"date":"2013-03-24 08:14:28"
},
{
"kids":[],
"uid":"1821303655",
"parent":"",
"text":"太可怕了吧 真的假的啊      http:",
"mid":"zoCpAyGxL",
"date":"2013-03-22 15:36:13"
},
{
"kids":[],
"uid":"2974662582",
"parent":"",
"text":"谨慎",
"mid":"zomUWyTrb",
"date":"2013-03-21 00:09:28"
},
{
"kids":[],
"uid":"2183898532",
"parent":"znSvy0aPf",
"text":"@Candy_kingdom 那我们还能用什么？[泪]",
"mid":"zomtEDdxq",
"date":"2013-03-20 23:02:15"
},
{
"kids":[],
"uid":"2801705853",
"parent":"",
"text":"→_→没的用了！",
"mid":"zokLj0n7A",
"date":"2013-03-20 18:40:16"
},
{
"kids":[],
"uid":"2164544850",
"parent":"zoivi233c",
"text":"太多了，需要慢慢睇",
"mid":"zokvVqsER",
"date":"2013-03-20 18:02:23"
},
{
"kids":[],
"uid":"mikitoo",
"parent":"zoh2CjUO1",
"text":"",
"mid":"zokrx1i32",
"date":"2013-03-20 17:51:33"
},
{
"kids":[
"zokvVqsER"
],
"uid":"1793653340",
"parent":"",
"text":"支持百雀羚！必须的",
"mid":"zoivi233c",
"date":"2013-03-20 12:55:20"
},
{
"kids":[],
"uid":"2478824517",
"parent":"zodZGqF2F",
"text":"还有什么可以用么？这么多的禁用化妆品？还好我一年都没有用直接用大宝",
"mid":"zoi3K8UNO",
"date":"2013-03-20 11:47:25"
},
{
"kids":[],
"uid":"qq1487845548",
"parent":"",
"text":"百雀靈明星產品閒轉，有興趣請私信。謝謝。[嘻嘻]",
"mid":"zohLdfLXA",
"date":"2013-03-20 11:01:48"
},
{
"kids":[
"zokrx1i32"
],
"uid":"ruby233",
"parent":"",
"text":"@妹猪6868 @化妆师MIUMIU容容 @Jessicalvcha @kathy-方方 @Aghua @细粒黑玫瑰 @小灰灰ivy",
"mid":"zoh2CjUO1",
"date":"2013-03-20 09:11:56"
},
{
"kids":[],
"uid":"changningyige",
"parent":"",
"text":"@陈虹Nicole",
"mid":"zoemTc85c",
"date":"2013-03-20 02:23:37"
},
{
"kids":[
"zoi3K8UNO"
],
"uid":"2132594470",
"parent":"",
"text":"我擦！！为什么我的在严重有害类！曾经的DHC化妆水啊！用的多带劲啊，致癌就算了还致畸，致突变，致你妹啊，难怪皮肤各种混乱，我说怎么大洋和亚贸都没看到了，小DB要感谢我阻止她不要买[泪]，幸亏没看到昨天刚买的牌子",
"mid":"zodZGqF2F",
"date":"2013-03-20 01:26:28"
},
{
"kids":[],
"uid":"zijingpan",
"parent":"",
"text":"惨咯  唯一一套美宝莲化妆品没样用得添@Mlle_米亞 点算",
"mid":"zodkY2z6h",
"date":"2013-03-19 23:46:09"
},
{
"kids":[],
"uid":"1854699891",
"parent":"znZMxhQLO",
"text":"同感！",
"mid":"zocGbu7BK",
"date":"2013-03-19 22:05:40"
},
{
"kids":[],
"uid":"kitty0621",
"parent":"zo8bkggbL",
"text":"",
"mid":"zobYuafOL",
"date":"2013-03-19 20:17:59"
},
{
"kids":[],
"uid":"jaja2007",
"parent":"zo9aD9CTG",
"text":"",
"mid":"zobF6kw3n",
"date":"2013-03-19 19:30:16"
},
{
"kids":[],
"uid":"1272819830",
"parent":"zo8mVtGWp",
"text":"这东西传了多少年的了，假的吧",
"mid":"zo9bXAx93",
"date":"2013-03-19 13:12:58"
},
{
"kids":[
"zobF6kw3n"
],
"uid":"1742046777",
"parent":"",
"text":"@果冻RuRu   还好我们用的佰草集那个系列没事[酷]",
"mid":"zo9aD9CTG",
"date":"2013-03-19 13:09:40"
},
{
"kids":[],
"uid":"ukonwlovemicky",
"parent":"",
"text":"难怪俺妈觉得欧珀莱那么好用= =",
"mid":"zo93b17yn",
"date":"2013-03-19 12:51:20"
},
{
"kids":[],
"uid":"civil31",
"parent":"znQipuNyl",
"text":"oh my godness![吃惊][吃惊] 好彩無benefit同origins〜  [害羞]",
"mid":"zo8AUbZL5",
"date":"2013-03-19 11:41:40"
},
{
"kids":[],
"uid":"fairylb",
"parent":"zo8mVtGWp",
"text":"一年也就一次315。",
"mid":"zo8qV80Ch",
"date":"2013-03-19 11:17:05"
},
{
"kids":[
"zo9bXAx93",
"zo8qV80Ch"
],
"uid":"12248935",
"parent":"",
"text":"还好不用棒子货~玉兰油有激素的是哪个啊。。。",
"mid":"zo8mVtGWp",
"date":"2013-03-19 11:07:14"
},
{
"kids":[
"zobYuafOL"
],
"uid":"happylittleyen",
"parent":"",
"text":"宜家乜都唔用",
"mid":"zo8bkggbL",
"date":"2013-03-19 10:38:40"
},
{
"kids":[],
"uid":"1626259372",
"parent":"znRRQxN05",
"text":"",
"mid":"zo7FbsabX",
"date":"2013-03-19 09:19:28"
},
{
"kids":[],
"uid":"405395985",
"parent":"",
"text":"看看有没有你用的护肤品 @Grace芳洁 @陳cicicicici_敏 @bibubibu琪琪琪 [威武][威武][吃惊][吃惊]",
"mid":"zo7qjd0oF",
"date":"2013-03-19 08:42:50"
},
{
"kids":[],
"uid":"2100512951",
"parent":"zo3NBFLBb",
"text":"",
"mid":"zo6FKA8X8",
"date":"2013-03-19 06:48:08"
},
{
"kids":[],
"uid":"pmqhaoye",
"parent":"",
"text":"突然发现国产既都系纯天然..支持国产化妆品..护肤品[威武]",
"mid":"zo51P8ZeK",
"date":"2013-03-19 02:37:01"
},
{
"kids":[],
"uid":"2919901420",
"parent":"",
"text":"",
"mid":"zo4IgsKdK",
"date":"2013-03-19 01:48:50"
},
{
"kids":[],
"uid":"yupooooo",
"parent":"",
"text":"除了唇膏其他都没有 但是我记得去年就看过这个单子所以怀疑它的真实性",
"mid":"zo3Rl4K6W",
"date":"2013-03-18 23:38:23"
},
{
"kids":[],
"uid":"1833342642",
"parent":"",
"text":"",
"mid":"zo3R9e3a6",
"date":"2013-03-18 23:37:58"
},
{
"kids":[
"zo6FKA8X8"
],
"uid":"1345080703",
"parent":"zo3mG7n2I",
"text":"以我一冬天都没用啥化妆品的结果来看，化妆品还是挺有用的！因为现在的我明显变黑变黄了，所以还是用点比较好！",
"mid":"zo3NBFLBb",
"date":"2013-03-18 23:29:15"
},
{
"kids":[
"zo3NBFLBb"
],
"uid":"1892775154",
"parent":"",
"text":"啥都不能用？大牌杂牌都不行？",
"mid":"zo3mG7n2I",
"date":"2013-03-18 22:22:53"
},
{
"kids":[],
"uid":"1789657390",
"parent":"",
"text":"Repost Weibo",
"mid":"zo3hB9shH",
"date":"2013-03-18 22:10:23"
},
{
"kids":[],
"uid":"leila1017",
"parent":"",
"text":"雅顿总算不在其列...[晕][浮云][神马]",
"mid":"zo3fbA0yf",
"date":"2013-03-18 22:04:27"
},
{
"kids":[],
"uid":"violetrr",
"parent":"zo2u45SIX",
"text":"很好暂时没有中招。。",
"mid":"zo2Z5r227",
"date":"2013-03-18 21:24:45"
},
{
"kids":[],
"uid":"pennysunshine",
"parent":"zo2u45SIX",
"text":"菜菜，还好没有雅顿...",
"mid":"zo2yR4enX",
"date":"2013-03-18 20:20:10"
},
{
"kids":[
"zo2Z5r227",
"zo2yR4enX"
],
"uid":"summer199168",
"parent":"",
"text":"吃饭时随身带小瓶贝德玛，把唇膏擦擦干净再吃饭可行么？也许可以少吃点铅~",
"mid":"zo2u45SIX",
"date":"2013-03-18 20:08:19"
},
{
"kids":[],
"uid":"2871953750",
"parent":"",
"text":"oh my god！",
"mid":"zo1bDD3nG",
"date":"2013-03-18 16:50:14"
},
{
"kids":[],
"uid":"1829835947",
"parent":"zo00qklVH",
"text":"看完之后觉得，还有什么可以用的？用国产的 百雀灵!???",
"mid":"zo0SxDhVl",
"date":"2013-03-18 16:03:10"
},
{
"kids":[],
"uid":"2571396534",
"parent":"znTuQjzor",
"text":"@大头文_dumu @Dumu大头文 [衰]chanzhen....",
"mid":"zo09rFuKU",
"date":"2013-03-18 14:12:04"
},
{
"kids":[
"zo0SxDhVl"
],
"uid":"1098729174",
"parent":"",
"text":"以后大家都用百雀灵！国产，没激素，护肤效果好，新出的那款粉底化妆跟没化一样，超自然！！！！重点是！很！便！宜！",
"mid":"zo00qklVH",
"date":"2013-03-18 13:49:48"
},
{
"kids":[],
"uid":"1838990632",
"parent":"znZoyBies",
"text":"OMG~~点解要化妆？？[思考][思考]",
"mid":"znZOkn1CY",
"date":"2013-03-18 13:20:02"
},
{
"kids":[
"zocGbu7BK"
],
"uid":"1838022045",
"parent":"",
"text":"看完之后觉得，还有什么可以用的？",
"mid":"znZMxhQLO",
"date":"2013-03-18 13:15:37"
},
{
"kids":[
"znZOkn1CY"
],
"uid":"1777693207",
"parent":"znR6h00hN",
"text":"@isweimei @坠儿712你地可以停用好多产品啦～",
"mid":"znZoyBies",
"date":"2013-03-18 12:16:31"
},
{
"kids":[],
"uid":"linwenaiqiao",
"parent":"",
"text":"",
"mid":"znUzCtEjL",
"date":"2013-03-18 00:00:02"
},
{
"kids":[],
"uid":"may630",
"parent":"",
"text":"@寿司鱼食 @VaMpIrE---- @extra在此 @Irene_Ko 注意啊〜",
"mid":"znUvpykYG",
"date":"2013-03-17 23:49:42"
},
{
"kids":[],
"uid":"sheepkjy",
"parent":"",
"text":"真的不知道能用什么了，欧莱雅美宝莲的产品真的是不能碰",
"mid":"znUrx1PDv",
"date":"2013-03-17 23:40:08"
},
{
"kids":[],
"uid":"1821605110",
"parent":"znTHmBhC7",
"text":"好似我用紧噶都无上榜，万幸啊！！",
"mid":"znUoRw9CR",
"date":"2013-03-17 23:33:34"
},
{
"kids":[],
"uid":"2074428052",
"parent":"znTvLDGOq",
"text":"一个都不中，哈哈！俺用的是，不告诉你，嘻嘻...",
"mid":"znUkEAPtF",
"date":"2013-03-17 23:23:10"
},
{
"kids":[],
"uid":"1699919151",
"parent":"znTdV3xGx",
"text":"看来啥都不用最好",
"mid":"znUk8pyNf",
"date":"2013-03-17 23:21:54"
},
{
"kids":[],
"uid":"ruoyuntan",
"parent":"",
"text":"我的婵真红酒调理霜。。我的倩碧。。还好没买那只大红大红的香奈儿唇彩。。[泪]",
"mid":"znUe1zeoh",
"date":"2013-03-17 23:06:52"
},
{
"kids":[],
"uid":"1882524417",
"parent":"znSONcHyP",
"text":"@罒v罒-钟晓琪琪琪琪琪- 你的美宝莲啊亲…我老妈的安安国际啊…我的李医生啊，我的强生啊，我的SKII…还有@又屎又大癮的麥良財 的如新…[衰][衰][衰]不堪入目…",
"mid":"znUcI33Ll",
"date":"2013-03-17 23:03:36"
},
{
"kids":[],
"uid":"qiumingdeng",
"parent":"",
"text":"留着用〜",
"mid":"znTNBp2Ud",
"date":"2013-03-17 22:01:46"
},
{
"kids":[
"znUoRw9CR"
],
"uid":"2693800703",
"parent":"znPyv3yD3",
"text":"[挖鼻屎]貌似无大宝同曼秀雷敦~不过都系自然美好[酷]",
"mid":"znTHmBhC7",
"date":"2013-03-17 21:46:24"
},
{
"kids":[],
"uid":"1492890843",
"parent":"",
"text":"@choc_卓",
"mid":"znTxumgR9",
"date":"2013-03-17 21:22:05"
},
{
"kids":[
"znUkEAPtF"
],
"uid":"kaulitzdon",
"parent":"znLwmtdur",
"text":"有毒的东西吃都吃不少了，还怕搽的[挖鼻屎]",
"mid":"znTvLDGOq",
"date":"2013-03-17 21:17:50"
},
{
"kids":[
"zo09rFuKU"
],
"uid":"1923656873",
"parent":"znPn49RH9",
"text":"長時間使用噶..如新都上榜,如新唔系話含好噶不含壞噶咩,一樣上榜喔.反而藥妝噶雅漾 理膚泉 薇姿就冇上榜都系藥妝安全D..",
"mid":"znTuQjzor",
"date":"2013-03-17 21:15:31"
},
{
"kids":[],
"uid":"p2arliang",
"parent":"",
"text":"呵呵你最爱的唇膏[bm悲催]@长长颈鹿圆滚滚兔小胖是也",
"mid":"znTrED4u6",
"date":"2013-03-17 21:07:39"
},
{
"kids":[],
"uid":"jiangkeqiu",
"parent":"",
"text":"所以说我每次买这种东西 那么犹豫 也是有成效的，这里面都么有！~",
"mid":"znTi99XaV",
"date":"2013-03-17 20:44:14"
},
{
"kids":[
"znUk8pyNf"
],
"uid":"2631835803",
"parent":"",
"text":"还能用什么啊！！！！！！",
"mid":"znTdV3xGx",
"date":"2013-03-17 20:33:50"
},
{
"kids":[
"znUcI33Ll"
],
"uid":"1809953950",
"parent":"",
"text":"@梁_qx 快点睇睇",
"mid":"znSONcHyP",
"date":"2013-03-17 19:31:57"
},
{
"kids":[
"zomtEDdxq"
],
"uid":"1896561295",
"parent":"",
"text":"[吃惊][吃惊][泪]",
"mid":"znSvy0aPf",
"date":"2013-03-17 18:44:30"
},
{
"kids":[],
"uid":"2106457264",
"parent":"",
"text":"所有牌子都上榜 大家同乐",
"mid":"znStunmTt",
"date":"2013-03-17 18:39:26"
},
{
"kids":[],
"uid":"honeybetty2010",
"parent":"znLwmtdur",
"text":"",
"mid":"znSrrk59a",
"date":"2013-03-17 18:34:23"
},
{
"kids":[
"zo7FbsabX"
],
"uid":"wangzijun720",
"parent":"",
"text":"靠！！！",
"mid":"znRRQxN05",
"date":"2013-03-17 17:06:43"
},
{
"kids":[],
"uid":"2355378014",
"parent":"znPzuwOl3",
"text":"",
"mid":"znRyE3fef",
"date":"2013-03-17 16:19:25"
},
{
"kids":[
"znZoyBies"
],
"uid":"1843409225",
"parent":"znQGfgw6i",
"text":"好似五用最安全了！",
"mid":"znR6h00hN",
"date":"2013-03-17 15:09:31"
},
{
"kids":[],
"uid":"2957428931",
"parent":"",
"text":"什么都有毒，那就买安利雅姿吧[哈哈]",
"mid":"znR3KEUQd",
"date":"2013-03-17 15:03:19"
},
{
"kids":[],
"uid":"0914my",
"parent":"znQ79i6XE",
"text":"",
"mid":"znR33bNEj",
"date":"2013-03-17 15:01:34"
},
{
"kids":[],
"uid":"1009935607",
"parent":"znOpg3SbH",
"text":"",
"mid":"znQRVuKU3",
"date":"2013-03-17 14:34:10"
},
{
"kids":[],
"uid":"1706733820",
"parent":"znPyv3yD3",
"text":"很好，我用的没在上面",
"mid":"znQRe7dt1",
"date":"2013-03-17 14:32:27"
},
{
"kids":[
"znR6h00hN"
],
"uid":"1670085977",
"parent":"znLuFxM8a",
"text":"那还用不用好啊[泪]",
"mid":"znQGfgw6i",
"date":"2013-03-17 14:05:25"
},
{
"kids":[],
"uid":"1193042371",
"parent":"",
"text":"好在我用的品牌不在这里[衰]",
"mid":"znQARoSCA",
"date":"2013-03-17 13:52:08"
},
{
"kids":[],
"uid":"lizacham",
"parent":"znQwoeIQQ",
"text":"",
"mid":"znQz1D8Tf",
"date":"2013-03-17 13:47:36"
},
{
"kids":[
"znQz1D8Tf"
],
"uid":"maymay1210",
"parent":"znQtBC1CV",
"text":"[可怜][可怜][吃惊][吃惊][吃惊]",
"mid":"znQwoeIQQ",
"date":"2013-03-17 13:41:07"
},
{
"kids":[
"znQwoeIQQ"
],
"uid":"rainmak",
"parent":"znLhjibV7",
"text":"",
"mid":"znQtBC1CV",
"date":"2013-03-17 13:34:16"
},
{
"kids":[
"zo8AUbZL5"
],
"uid":"carriecwei",
"parent":"znQaaAyvA",
"text":"@MINNIECCW 小心使用咯[阴险]",
"mid":"znQipuNyl",
"date":"2013-03-17 13:06:41"
},
{
"kids":[
"znQipuNyl"
],
"uid":"likito",
"parent":"znPCpEGql",
"text":"",
"mid":"znQaaAyvA",
"date":"2013-03-17 12:46:23"
},
{
"kids":[],
"uid":"1650868871",
"parent":"znPtGArmG",
"text":"",
"mid":"znQ89lKvJ",
"date":"2013-03-17 12:41:24"
},
{
"kids":[
"znR33bNEj"
],
"uid":"sean0407",
"parent":"",
"text":"@ELEVEN1 @Cherry-xm",
"mid":"znQ79i6XE",
"date":"2013-03-17 12:38:56"
},
{
"kids":[],
"uid":"1412755952",
"parent":"znPtGArmG",
"text":"",
"mid":"znQ6n7Ns6",
"date":"2013-03-17 12:36:59"
},
{
"kids":[],
"uid":"queenie19930806",
"parent":"znPn49RH9",
"text":"不是吧[吃惊][吃惊][抓狂][抓狂]",
"mid":"znPLcxz78",
"date":"2013-03-17 11:44:53"
},
{
"kids":[],
"uid":"guoguo84",
"parent":"",
"text":"",
"mid":"znPEmbZpH",
"date":"2013-03-17 11:27:58"
},
{
"kids":[
"znQaaAyvA"
],
"uid":"1791333690",
"parent":"znPn49RH9",
"text":"各位美女快来看看你家的宝贝有没有在其中……",
"mid":"znPCpEGql",
"date":"2013-03-17 11:23:13"
},
{
"kids":[],
"uid":"1973707951",
"parent":"znPuHgzI4",
"text":"小时候用的可伶可俐，祛痘不有点激素怎么祛[挖鼻屎]",
"mid":"znPBh4K0j",
"date":"2013-03-17 11:20:23"
},
{
"kids":[
"znRyE3fef"
],
"uid":"maggielt7",
"parent":"znPuHgzI4",
"text":"@ilariazc @Judith要养生 @LY_Lucky酒酒",
"mid":"znPzuwOl3",
"date":"2013-03-17 11:16:00"
},
{
"kids":[
"znTHmBhC7",
"znQRe7dt1"
],
"uid":"ioudoudou",
"parent":"",
"text":"名牌都中招！",
"mid":"znPyv3yD3",
"date":"2013-03-17 11:13:33"
},
{
"kids":[],
"uid":"sweetcaiming",
"parent":"",
"text":"[汗][汗] 还好我用既木事…",
"mid":"znPy1w3Uo",
"date":"2013-03-17 11:12:24"
},
{
"kids":[],
"uid":"1654362442",
"parent":"znPtGArmG",
"text":"",
"mid":"znPxTcwmE",
"date":"2013-03-17 11:12:04"
},
{
"kids":[],
"uid":"1514071755",
"parent":"znPtGArmG",
"text":"",
"mid":"znPxSASDC",
"date":"2013-03-17 11:12:03"
},
{
"kids":[],
"uid":"1344753312",
"parent":"",
"text":"",
"mid":"znPxywFxo",
"date":"2013-03-17 11:11:15"
},
{
"kids":[],
"uid":"babyf3i",
"parent":"znPn49RH9",
"text":"還是啥都不要用最好,幸好用得是鱷魚寶寶。[bm可爱]@Candy_婷婷-",
"mid":"znPxfkgCz",
"date":"2013-03-17 11:10:30"
},
{
"kids":[],
"uid":"yuki0088",
"parent":"znPn49RH9",
"text":"[怒]",
"mid":"znPvBmOFi",
"date":"2013-03-17 11:06:25"
},
{
"kids":[],
"uid":"1718779371",
"parent":"znPtGArmG",
"text":"我看到如新了。。",
"mid":"znPuVp2HT",
"date":"2013-03-17 11:04:45"
},
{
"kids":[
"znPBh4K0j",
"znPzuwOl3"
],
"uid":"silencelovebibi",
"parent":"znPtGArmG",
"text":"这些牌子都有用但是都避开了＝＝",
"mid":"znPuHgzI4",
"date":"2013-03-17 11:04:12"
},
{
"kids":[
"znQ89lKvJ",
"znQ6n7Ns6",
"znPxTcwmE",
"znPxSASDC",
"znPuVp2HT",
"znPuHgzI4"
],
"uid":"haoya8866",
"parent":"znOK1tohF",
"text":"哇。真没有我用的。。",
"mid":"znPtGArmG",
"date":"2013-03-17 11:01:43"
},
{
"kids":[
"znTuQjzor",
"znPLcxz78",
"znPCpEGql",
"znPxfkgCz",
"znPvBmOFi"
],
"uid":"1760619462",
"parent":"",
"text":"[吃驚][吃驚][抓狂]",
"mid":"znPn49RH9",
"date":"2013-03-17 10:45:24"
},
{
"kids":[],
"uid":"1832876864",
"parent":"",
"text":"",
"mid":"znPlFzHCV",
"date":"2013-03-17 10:41:58"
},
{
"kids":[],
"uid":"2115815375",
"parent":"znOK1tohF",
"text":"[生病][生病]",
"mid":"znOZUmn5S",
"date":"2013-03-17 09:48:21"
},
{
"kids":[
"znPtGArmG",
"znOZUmn5S"
],
"uid":"313277726",
"parent":"znOpg3SbH",
"text":"",
"mid":"znOK1tohF",
"date":"2013-03-17 09:09:12"
},
{
"kids":[
"znQRVuKU3",
"znOK1tohF"
],
"uid":"2175889402",
"parent":"znL5Zawur",
"text":"@木木兄台 @SUPERSUPERLIZ @Lin-佳玲 @-喵蕾蕾SAMA",
"mid":"znOpg3SbH",
"date":"2013-03-17 08:18:03"
},
{
"kids":[],
"uid":"sarahliang",
"parent":"znMceBrKR",
"text":"",
"mid":"znO204TZx",
"date":"2013-03-17 07:20:45"
},
{
"kids":[
"znO204TZx"
],
"uid":"kimm01",
"parent":"znLwmtdur",
"text":"除佐防晒基本无化妆，上年转用origins，希望不要欺骗我[可怜]",
"mid":"znMceBrKR",
"date":"2013-03-17 02:40:29"
},
{
"kids":[],
"uid":"zoemanmizz",
"parent":"",
"text":"还好~我用 innisfree[汗]",
"mid":"znLEasNlV",
"date":"2013-03-17 01:16:33"
},
{
"kids":[
"znTvLDGOq",
"znSrrk59a",
"znMceBrKR"
],
"uid":"piccolo3205",
"parent":"znLhjibV7",
"text":"可唔可以讲吓边D系无事[汗]",
"mid":"znLwmtdur",
"date":"2013-03-17 00:57:19"
},
{
"kids":[
"znQGfgw6i"
],
"uid":"1868473061",
"parent":"",
"text":"不用任何护肤品和化妆品是最安全的[兔子]",
"mid":"znLuFxM8a",
"date":"2013-03-17 00:53:09"
},
{
"kids":[
"znQtBC1CV",
"znLwmtdur"
],
"uid":"3206164314",
"parent":"",
"text":"那唇膏是基本都不能用的了。佰草集好像没中枪窝[挖鼻屎][挖鼻屎]",
"mid":"znLhjibV7",
"date":"2013-03-17 00:20:13"
},
{
"kids":[
"znOpg3SbH"
],
"uid":"potrodecasa",
"parent":"",
"text":"@月葉空",
"mid":"znL5Zawur",
"date":"2013-03-16 23:52:20"
},
{
"kids":[],
"uid":"1898129883",
"parent":"znIvt0wa6",
"text":"那些不知名的也不见得合格吧！皮肤还是要靠睡眠和心情的！",
"mid":"znK9Oa0cW",
"date":"2013-03-16 21:28:59"
},
{
"kids":[],
"uid":"1956534492",
"parent":"",
"text":"美宝莲[吃驚]我正在用[淚]",
"mid":"znJQoxTtJ",
"date":"2013-03-16 20:41:09"
},
{
"kids":[
"znK9Oa0cW"
],
"uid":"kaneshivo",
"parent":"",
"text":"总而言之言而总之,什么化妆品都别用才是好的.不过现在清水也化学成分复杂啊",
"mid":"znIvt0wa6",
"date":"2013-03-16 17:16:50"
},
{
"kids":[],
"uid":"2904424783",
"parent":"",
"text":"是不是该支持老品牌大宝啊",
"mid":"znHhDrFG0",
"date":"2013-03-16 14:10:03"
},
{
"kids":[],
"uid":"2218512023",
"parent":"",
"text":"次袄，以后啥也别用了，逼我们用Sisley 、Lamer[泪][泪]",
"mid":"znH7Rol3q",
"date":"2013-03-16 13:45:57"
},
{
"kids":[],
"uid":"joycewb",
"parent":"",
"text":"[浮云][浮云]",
"mid":"znGyg70v2",
"date":"2013-03-16 12:18:15"
},
{
"kids":[],
"uid":"1747514111",
"parent":"",
"text":"",
"mid":"znFmWuwYV",
"date":"2013-03-16 09:17:38"
},
{
"kids":[],
"uid":"2855992562",
"parent":"",
"text":"",
"mid":"znBuavHZF",
"date":"2013-03-15 23:24:24"
},
{
"kids":[],
"uid":"tooerli",
"parent":"",
"text":"给跪了。。。还有啥是能用的",
"mid":"znBkdwoDb",
"date":"2013-03-15 22:59:56"
},
{
"kids":[],
"uid":"masaomimywife",
"parent":"",
"text":"@L_我给自己挖的坟墓_H @只是离开几个月0_0 @关er佳G尔j",
"mid":"znB578OJ5",
"date":"2013-03-15 22:22:40"
},
{
"kids":[],
"uid":"2077504031",
"parent":"",
"text":"",
"mid":"znB3qyg1f",
"date":"2013-03-15 22:18:31"
},
{
"kids":[],
"uid":"msshenhh",
"parent":"",
"text":"[吃惊]",
"mid":"znB24jFgg",
"date":"2013-03-15 22:15:11"
},
{
"kids":[],
"uid":"2293747497",
"parent":"",
"text":"吓人",
"mid":"znB0Qn0aK",
"date":"2013-03-15 22:12:12"
},
{
"kids":[],
"uid":"hyaru1969",
"parent":"",
"text":"",
"mid":"znAUN5KPp",
"date":"2013-03-15 21:57:18"
}
]