[
{
"kids":[],
"uid":"2803322640",
"parent":"ypQEqyjB3",
"text":"",
"mid":"ytm0nlplb",
"date":"2012-07-20 20:17:21"
},
{
"kids":[],
"uid":"he2ya",
"parent":"yqjdyEJcJ",
"text":"这还差不多……",
"mid":"yqjgu8E4L",
"date":"2012-06-30 19:47:54"
},
{
"kids":[
"yqjgu8E4L"
],
"uid":"206012898",
"parent":"",
"text":"假的，是栏目剧，早辟谣啦。",
"mid":"yqjdyEJcJ",
"date":"2012-06-30 19:40:42"
},
{
"kids":[],
"uid":"1948824517",
"parent":"yqb0CBwu5",
"text":"讹人呐",
"mid":"yqb8ZstAt",
"date":"2012-06-29 23:07:28"
},
{
"kids":[
"yqb8ZstAt"
],
"uid":"smilebottle",
"parent":"yq8kel4uA",
"text":"右边[威武]",
"mid":"yqb0CBwu5",
"date":"2012-06-29 22:46:51"
},
{
"kids":[],
"uid":"2624009913",
"parent":"",
"text":"",
"mid":"yq8otEjXI",
"date":"2012-06-29 16:07:21"
},
{
"kids":[
"yqb0CBwu5"
],
"uid":"he2ya",
"parent":"ypFXNpbrv",
"text":"SB法官！我要是家长就给丫扔一万块，然后跟娃说那个叔叔脑残， 咱们给他捐钱看病呢！该做好事接着做，出事爹妈替你扛着！",
"mid":"yq8kel4uA",
"date":"2012-06-29 15:56:55"
},
{
"kids":[],
"uid":"1899285851",
"parent":"ypG3qF1HD",
"text":"这社会是怎么了？",
"mid":"yq7bDxMK3",
"date":"2012-06-29 13:03:00"
},
{
"kids":[],
"uid":"2501975543",
"parent":"",
"text":"在中国做好事之前， 都要好好想想做了之后会有什么后果， 这是有多悲剧",
"mid":"ypUWu44r8",
"date":"2012-06-28 05:52:42"
},
{
"kids":[
"ytm0nlplb"
],
"uid":"1986063925",
"parent":"",
"text":"看来这国家法律要教我们不要做老实人[鄙视]这是什么世道……",
"mid":"ypQEqyjB3",
"date":"2012-06-27 18:57:11"
},
{
"kids":[],
"uid":"2092750491",
"parent":"",
"text":"就是",
"mid":"ypQtP7bBg",
"date":"2012-06-27 18:31:06"
},
{
"kids":[],
"uid":"isstreet",
"parent":"",
"text":"转发微博。",
"mid":"ypPl2r4yt",
"date":"2012-06-27 15:36:41"
},
{
"kids":[],
"uid":"2111326277",
"parent":"",
"text":"什么事都有！",
"mid":"ypOXdzLM7",
"date":"2012-06-27 14:38:00"
},
{
"kids":[],
"uid":"qiuqiu911116",
"parent":"",
"text":"以后没人敢拾金不昧了。。",
"mid":"ypInUe6fZ",
"date":"2012-06-26 21:54:34"
},
{
"kids":[],
"uid":"2339234460",
"parent":"",
"text":"法律面前，人情味淡薄！[浮云][浮云]",
"mid":"ypHK9xf4V",
"date":"2012-06-26 20:16:35"
},
{
"kids":[],
"uid":"2163934604",
"parent":"",
"text":"[可怜][衰]",
"mid":"ypHg73eWn",
"date":"2012-06-26 19:02:36"
},
{
"kids":[],
"uid":"2122769497",
"parent":"ypFKA1P7r",
"text":"悲哀啊！",
"mid":"ypH7hakWc",
"date":"2012-06-26 18:40:50"
},
{
"kids":[],
"uid":"2006185273",
"parent":"",
"text":"社会变了！！！",
"mid":"ypGZXle0X",
"date":"2012-06-26 18:22:48"
},
{
"kids":[],
"uid":"1099321703",
"parent":"",
"text":"嗨 这孩子该留下多大的阴影啊 以后都不信别人了",
"mid":"ypGUxCS0d",
"date":"2012-06-26 18:09:28"
},
{
"kids":[],
"uid":"2655714220",
"parent":"ypFrfd6gw",
"text":"这件事教导我们，拣到就自己收好。搞搞清楚你所在的经纬度再说",
"mid":"ypGTcyjF3",
"date":"2012-06-26 18:06:08"
},
{
"kids":[],
"uid":"2382407792",
"parent":"",
"text":"",
"mid":"ypGRewTNp",
"date":"2012-06-26 18:01:19"
},
{
"kids":[],
"uid":"2525853774",
"parent":"ypGjn78gK",
"text":"坏人太多",
"mid":"ypGDw8T1W",
"date":"2012-06-26 17:27:30"
},
{
"kids":[],
"uid":"1786254497",
"parent":"",
"text":"",
"mid":"ypGouap02",
"date":"2012-06-26 16:50:30"
},
{
"kids":[
"ypGDw8T1W"
],
"uid":"1117747032",
"parent":"",
"text":"交到警察叔叔手里面!",
"mid":"ypGjn78gK",
"date":"2012-06-26 16:37:53"
},
{
"kids":[],
"uid":"yunlanzhang",
"parent":"ypFXNpbrv",
"text":"文艺片好素材",
"mid":"ypGfv9YMx",
"date":"2012-06-26 16:28:18"
},
{
"kids":[],
"uid":"2439893221",
"parent":"ypFFAASWW",
"text":"",
"mid":"ypGdXqgwB",
"date":"2012-06-26 16:24:33"
},
{
"kids":[],
"uid":"cici0606",
"parent":"ypG4ZB8dm",
"text":"",
"mid":"ypGcqhd4S",
"date":"2012-06-26 16:20:46"
},
{
"kids":[],
"uid":"1032009907",
"parent":"",
"text":"[怒]",
"mid":"ypG65fiUe",
"date":"2012-06-26 16:05:09"
},
{
"kids":[
"ypGcqhd4S"
],
"uid":"1971564353",
"parent":"ypFP0vDpv",
"text":"法律以外有没有人性？法律以外有没有对未成年的心灵保护，这样地处理显然不对，他给我们，他这个小孩一生带来的影响是巨大的！这样的宣传从此，只会有人拾金揣进篼！这样就使中国啊。",
"mid":"ypG4ZB8dm",
"date":"2012-06-26 16:02:28"
},
{
"kids":[],
"uid":"1752105354",
"parent":"",
"text":"",
"mid":"ypG4jj8mv",
"date":"2012-06-26 16:00:47"
},
{
"kids":[
"yq7bDxMK3"
],
"uid":"1409563611",
"parent":"",
"text":"",
"mid":"ypG3qF1HD",
"date":"2012-06-26 15:58:35"
},
{
"kids":[],
"uid":"1730662225",
"parent":"ypFZLawR3",
"text":"以后就该直接拿回家吃顿好的~",
"mid":"ypG0dwFLp",
"date":"2012-06-26 15:50:42"
},
{
"kids":[
"ypG0dwFLp"
],
"uid":"1705814003",
"parent":"ypFW5i8WN",
"text":"干嘛等，拿回家",
"mid":"ypFZLawR3",
"date":"2012-06-26 15:49:33"
},
{
"kids":[],
"uid":"2683195223",
"parent":"ypFtLwoUl",
"text":"还有这样判的？疯了把",
"mid":"ypFYblvs3",
"date":"2012-06-26 15:45:38"
},
{
"kids":[],
"uid":"2624509790",
"parent":"",
"text":"若为事实,我朝钱途无限..........",
"mid":"ypFY8oNZB",
"date":"2012-06-26 15:45:32"
},
{
"kids":[
"yq8kel4uA",
"ypGfv9YMx"
],
"uid":"1908394553",
"parent":"ypFW5i8WN",
"text":"真CD",
"mid":"ypFXNpbrv",
"date":"2012-06-26 15:44:44"
},
{
"kids":[],
"uid":"2737499522",
"parent":"",
"text":"这个世界到底怎么了？@执手勿须问年华 @淡定的八爪鱼 @-玻璃眼泪- @一圈圈圈 @blue__ll @语落忘椽",
"mid":"ypFWVkfB4",
"date":"2012-06-26 15:42:33"
},
{
"kids":[
"ypFZLawR3",
"ypFXNpbrv"
],
"uid":"1730662225",
"parent":"ypFKA1P7r",
"text":"一声长叹~",
"mid":"ypFW5i8WN",
"date":"2012-06-26 15:40:31"
},
{
"kids":[],
"uid":"laojiangsz",
"parent":"ypFruhqQF",
"text":"这是个弱智的讲故事节目编出来的，隔一段时间又会被人翻出来痛心一下",
"mid":"ypFRwfGWe",
"date":"2012-06-26 15:29:15"
},
{
"kids":[],
"uid":"ariakiko",
"parent":"ypFPobyoC",
"text":"话说当年小学3,4年级，手机还很贵很贵一台的时候，放学路上执到一台N记的新上市款手机（门市价3000几），昂鸠鸠比翻个失主，最后人地就系比左100蚊饮茶钱算数。MD，要是卖了最少都值1000啦！",
"mid":"ypFQU9mYK",
"date":"2012-06-26 15:27:45"
},
{
"kids":[],
"uid":"bestjq",
"parent":"",
"text":"应该交给警察叔叔的",
"mid":"ypFPCEeiv",
"date":"2012-06-26 15:24:34"
},
{
"kids":[
"ypFQU9mYK"
],
"uid":"lyjun",
"parent":"",
"text":"太扭曲了!",
"mid":"ypFPobyoC",
"date":"2012-06-26 15:24:01"
},
{
"kids":[
"ypG4ZB8dm"
],
"uid":"1972558391",
"parent":"",
"text":"拾金不昧要慎重，表扬值了6000圆，莫在路上等失主，早点回家吃晚饭。小孩，你妈叫你回家吃饭！",
"mid":"ypFP0vDpv",
"date":"2012-06-26 15:23:05"
},
{
"kids":[],
"uid":"2806436652",
"parent":"",
"text":"那麼可惡！！！",
"mid":"ypFKS3u6x",
"date":"2012-06-26 15:12:51"
},
{
"kids":[
"ypH7hakWc",
"ypFW5i8WN"
],
"uid":"1796428125",
"parent":"ypFKdx38x",
"text":"这就是我国司法制度？",
"mid":"ypFKA1P7r",
"date":"2012-06-26 15:12:10"
},
{
"kids":[
"ypFKA1P7r"
],
"uid":"1947711934",
"parent":"",
"text":"悲剧",
"mid":"ypFKdx38x",
"date":"2012-06-26 15:11:15"
},
{
"kids":[],
"uid":"1609695527",
"parent":"ypFBgCWFP",
"text":"",
"mid":"ypFK2jkpu",
"date":"2012-06-26 15:10:50"
},
{
"kids":[],
"uid":"338742888",
"parent":"ypFFAASWW",
"text":"哎，本来是好事，应该奖励的，小孩子很无辜。",
"mid":"ypFHHcfKy",
"date":"2012-06-26 15:05:03"
},
{
"kids":[],
"uid":"zbmk",
"parent":"ypFFAASWW",
"text":"",
"mid":"ypFGS50rI",
"date":"2012-06-26 15:03:02"
},
{
"kids":[],
"uid":"2039867563",
"parent":"",
"text":"靠，啥人都有啊",
"mid":"ypFGknDM4",
"date":"2012-06-26 15:01:40"
},
{
"kids":[],
"uid":"shmilyjoyce",
"parent":"ypFFAASWW",
"text":"太老实也不行啊！",
"mid":"ypFFSEH56",
"date":"2012-06-26 15:00:36"
},
{
"kids":[
"ypGdXqgwB",
"ypFHHcfKy",
"ypFGS50rI",
"ypFFSEH56"
],
"uid":"suporcj",
"parent":"",
"text":"#社会热点#小孩子还是缺乏拾金不昧的能力！",
"mid":"ypFFAASWW",
"date":"2012-06-26 14:59:51"
},
{
"kids":[],
"uid":"1848766742",
"parent":"",
"text":"this is what they teach us,,but the kid is fined ,,,ridiculous....",
"mid":"ypFFv2mFQ",
"date":"2012-06-26 14:59:37"
},
{
"kids":[],
"uid":"leaves0314",
"parent":"",
"text":"悲催",
"mid":"ypFEWqYby",
"date":"2012-06-26 14:58:17"
},
{
"kids":[],
"uid":"2191880534",
"parent":"",
"text":"",
"mid":"ypFEgcWoK",
"date":"2012-06-26 14:56:36"
},
{
"kids":[],
"uid":"1773100082",
"parent":"",
"text":"靠！什么世道。",
"mid":"ypFD6nReq",
"date":"2012-06-26 14:53:44"
},
{
"kids":[],
"uid":"1092003615",
"parent":"",
"text":"",
"mid":"ypFChxuvV",
"date":"2012-06-26 14:51:44"
},
{
"kids":[],
"uid":"2250062231",
"parent":"ypFtS0SH7",
"text":"回复@Henecia岳玲0606:是啊'小孩以后会用怎样的心态来面对这个社会呢''无言",
"mid":"ypFBqn7DW",
"date":"2012-06-26 14:49:35"
},
{
"kids":[
"ypFK2jkpu"
],
"uid":"1897230272",
"parent":"ypFrfd6gw",
"text":"靠，意思就是捡到了还是私吞比较保险",
"mid":"ypFBgCWFP",
"date":"2012-06-26 14:49:14"
},
{
"kids":[],
"uid":"2017883103",
"parent":"",
"text":"吾好做好事，宁我负天下人，莫天下人负我。",
"mid":"ypFB9w5na",
"date":"2012-06-26 14:48:56"
},
{
"kids":[],
"uid":"gamelinkin",
"parent":"",
"text":"那自己吞了花了算了 谁还会还啊",
"mid":"ypFB9eu19",
"date":"2012-06-26 14:48:56"
},
{
"kids":[],
"uid":"chaojituzi2011",
"parent":"",
"text":"没错吧[神马]，完全给小孩子幼小的心灵 造成了 做好事不落好的 回忆，哎[浮云]",
"mid":"ypFzDgKIU",
"date":"2012-06-26 14:45:11"
},
{
"kids":[],
"uid":"512678836",
"parent":"",
"text":"毛主席告诉我们在天朝千万别做好人好事···",
"mid":"ypFzsCeNl",
"date":"2012-06-26 14:44:47"
},
{
"kids":[],
"uid":"bh7mpg",
"parent":"ypFs9DQ2J",
"text":"唉陪了夫人又折兵[泪][泪]",
"mid":"ypFyQuQv3",
"date":"2012-06-26 14:43:16"
},
{
"kids":[],
"uid":"2332478133",
"parent":"ypFrXffsa",
"text":"每天都在刷新三观啊！自己丢了，如果根本就没人捡呢",
"mid":"ypFyP3x7k",
"date":"2012-06-26 14:43:10"
},
{
"kids":[],
"uid":"chenxi519",
"parent":"",
"text":"",
"mid":"ypFyh2BTL",
"date":"2012-06-26 14:41:50"
},
{
"kids":[],
"uid":"nyrworld",
"parent":"",
"text":"",
"mid":"ypFy92qN9",
"date":"2012-06-26 14:41:32"
},
{
"kids":[],
"uid":"2129978250",
"parent":"",
"text":"",
"mid":"ypFxH22LC",
"date":"2012-06-26 14:40:25"
},
{
"kids":[],
"uid":"1914334001",
"parent":"",
"text":"骗孩子冒领钱那个人良心让狗吃了...我只能说到这,你有没有站在孩子和失主的角度想想呢?你3万块钱花的心安吗?应该对不起你自己的良心吧...",
"mid":"ypFxtnNaY",
"date":"2012-06-26 14:39:53"
},
{
"kids":[],
"uid":"2463030107",
"parent":"",
"text":"介个，，",
"mid":"ypFxmkCIG",
"date":"2012-06-26 14:39:34"
},
{
"kids":[],
"uid":"yolandacen",
"parent":"",
"text":"",
"mid":"ypFxc08xb",
"date":"2012-06-26 14:39:12"
},
{
"kids":[],
"uid":"1400442315",
"parent":"",
"text":"那以后捡到钱该怎么办呢[衰]",
"mid":"ypFwN7349",
"date":"2012-06-26 14:38:10"
},
{
"kids":[],
"uid":"shenshifengduf",
"parent":"ypFratg9B",
"text":"",
"mid":"ypFuVgMcf",
"date":"2012-06-26 14:33:36"
},
{
"kids":[],
"uid":"1737889155",
"parent":"",
"text":"我只是个P民百姓，不能拾金不昧，不能扶人过马路，不能踏足宝岛，不能买寸土片砖，小孩没奶喝，有病没药吃，泱泱大国，到底要我怎样？很快，中国人必然基因突变，在60亿人中脱颖而出，超人指日可待",
"mid":"ypFuNCnE6",
"date":"2012-06-26 14:33:17"
},
{
"kids":[],
"uid":"2334240192",
"parent":"",
"text":"we are in China",
"mid":"ypFuK6EZ3",
"date":"2012-06-26 14:33:09"
},
{
"kids":[],
"uid":"1736218942",
"parent":"ypFtUorqV",
"text":"自己的钱不看看好还告人家",
"mid":"ypFuf3XWt",
"date":"2012-06-26 14:31:53"
},
{
"kids":[],
"uid":"1853893503",
"parent":"",
"text":"[吃惊]",
"mid":"ypFu23KLi",
"date":"2012-06-26 14:31:24"
},
{
"kids":[
"ypFuf3XWt"
],
"uid":"1931857655",
"parent":"",
"text":"凭什么",
"mid":"ypFtUorqV",
"date":"2012-06-26 14:31:06"
},
{
"kids":[
"ypFBqn7DW"
],
"uid":"2250062231",
"parent":"",
"text":"叫法院和真失主的人都去吃屎吧都去死'''先不说被人冒领了不是小孩的错'你自己丢在路上的钱写着你的名字啊'就是小孩拣到了就不给你'怎样？小孩一不偷二不抢三不违法''凭什么把人家告上法庭还罚了钱'有本事把冒领的人抓出来'尼玛的'看到这种新闻愤怒到极点''[抓狂]@XM永远守护着俞承豪forever",
"mid":"ypFtS0SH7",
"date":"2012-06-26 14:31:00"
},
{
"kids":[
"ypFYblvs3"
],
"uid":"hiphopzoro",
"parent":"",
"text":"法官有病",
"mid":"ypFtLwoUl",
"date":"2012-06-26 14:30:45"
},
{
"kids":[],
"uid":"2213629133",
"parent":"",
"text":"o哂 好人难做[囧][囧][晕][晕]",
"mid":"ypFtDxC3z",
"date":"2012-06-26 14:30:26"
},
{
"kids":[],
"uid":"1631557271",
"parent":"",
"text":"党国教育我们捡到钱直接拿回家~",
"mid":"ypFsmB19I",
"date":"2012-06-26 14:27:18"
},
{
"kids":[
"ypFyQuQv3"
],
"uid":"1965208923",
"parent":"",
"text":"猪、我要教导小孩拾到钱财先第一时间拿回家给我、这样才安全、免得被告",
"mid":"ypFs9DQ2J",
"date":"2012-06-26 14:26:47"
},
{
"kids":[],
"uid":"1930647811",
"parent":"",
"text":"无语了，看来未确定是做正确之前还是不要先做好人",
"mid":"ypFs0uc8I",
"date":"2012-06-26 14:26:24"
},
{
"kids":[],
"uid":"diyading",
"parent":"",
"text":"国人的良心都是这么给掐掉的",
"mid":"ypFrZjlBr",
"date":"2012-06-26 14:26:22"
},
{
"kids":[],
"uid":"1978287955",
"parent":"",
"text":"坑爹的判决！",
"mid":"ypFrZ1JYK",
"date":"2012-06-26 14:26:19"
},
{
"kids":[
"ypFyP3x7k"
],
"uid":"2012762531",
"parent":"",
"text":"这个世界是要怎样",
"mid":"ypFrXffsa",
"date":"2012-06-26 14:26:17"
},
{
"kids":[],
"uid":"1807115773",
"parent":"",
"text":"钱上面又没写名字，真失主凭什么说是他掉的呢？",
"mid":"ypFrSb0XX",
"date":"2012-06-26 14:26:05"
},
{
"kids":[],
"uid":"2287224327",
"parent":"ypFr3nIkS",
"text":"神经病。。。",
"mid":"ypFrDr4FH",
"date":"2012-06-26 14:25:30"
},
{
"kids":[],
"uid":"shanxiaojian",
"parent":"",
"text":"",
"mid":"ypFrDopCu",
"date":"2012-06-26 14:25:30"
},
{
"kids":[],
"uid":"l15975928203",
"parent":"",
"text":"[怒]",
"mid":"ypFrAc7Ps",
"date":"2012-06-26 14:25:20"
},
{
"kids":[],
"uid":"2027464015",
"parent":"",
"text":"法官是吃屎长大的。",
"mid":"ypFrAc7NX",
"date":"2012-06-26 14:25:21"
},
{
"kids":[
"ypFRwfGWe"
],
"uid":"2196988082",
"parent":"",
"text":"拾金属于国家。",
"mid":"ypFruhqQF",
"date":"2012-06-26 14:25:08"
},
{
"kids":[],
"uid":"2503760762",
"parent":"",
"text":"",
"mid":"ypFrjClwU",
"date":"2012-06-26 14:24:44"
},
{
"kids":[
"ypGTcyjF3",
"ypFBgCWFP"
],
"uid":"chenyiming0614",
"parent":"",
"text":"",
"mid":"ypFrfd6gw",
"date":"2012-06-26 14:24:32"
},
{
"kids":[
"ypFuVgMcf"
],
"uid":"religious",
"parent":"",
"text":"这是孩子的错吗。。。。",
"mid":"ypFratg9B",
"date":"2012-06-26 14:24:20"
},
{
"kids":[
"ypFrDr4FH"
],
"uid":"1769714553",
"parent":"",
"text":"有问题~",
"mid":"ypFr3nIkS",
"date":"2012-06-26 14:24:02"
}
]