[
{
"kids":[],
"uid":"336061616",
"parent":"",
"text":"",
"mid":"ArcI3rLkJ",
"date":"2014-01-09 14:25:29"
},
{
"kids":[],
"uid":"3044241881",
"parent":"",
"text":"",
"mid":"As7iqfpea",
"date":"2014-01-15 14:28:55"
},
{
"kids":[],
"uid":"3949940764",
"parent":"",
"text":"",
"mid":"ArfPwFN4G",
"date":"2014-01-09 22:22:09"
},
{
"kids":[],
"uid":"2413196517",
"parent":"",
"text":"",
"mid":"AFHQZ6FY4",
"date":"2014-04-14 23:26:54"
},
{
"kids":[],
"uid":"3764698197",
"parent":"",
"text":"",
"mid":"AEk4rd46X",
"date":"2014-04-05 21:03:49"
},
{
"kids":[],
"uid":"1583037611",
"parent":"",
"text":"",
"mid":"AAMApEJt2",
"date":"2014-03-13 14:18:17"
},
{
"kids":[],
"uid":"1582540687",
"parent":"As7iqfpea",
"text":"",
"mid":"AAMpsDzAY",
"date":"2014-03-13 13:51:19"
},
{
"kids":[],
"uid":"2919561382",
"parent":"",
"text":"",
"mid":"AADrRlyB0",
"date":"2014-03-12 15:02:28"
},
{
"kids":[],
"uid":"2920058960",
"parent":"",
"text":"",
"mid":"AABIylBhK",
"date":"2014-03-12 10:38:07"
},
{
"kids":[],
"uid":"3043921962",
"parent":"As7iqfpea",
"text":"",
"mid":"AAsSxu1fa",
"date":"2014-03-11 12:08:00"
},
{
"kids":[],
"uid":"2789882062",
"parent":"As7iqfpea",
"text":"",
"mid":"AAcC63fPw",
"date":"2014-03-09 18:43:31"
},
{
"kids":[],
"uid":"1583685355",
"parent":"As7iqfpea",
"text":"",
"mid":"AA9OOfLWO",
"date":"2014-03-09 11:36:38"
},
{
"kids":[],
"uid":"2789803124",
"parent":"As7iqfpea",
"text":"",
"mid":"AA8PRcE0n",
"date":"2014-03-09 09:06:27"
},
{
"kids":[],
"uid":"1842261173",
"parent":"",
"text":"",
"mid":"AA4Q6D34P",
"date":"2014-03-08 22:56:06"
},
{
"kids":[],
"uid":"2919663300",
"parent":"",
"text":"",
"mid":"AA0GV0Z9j",
"date":"2014-03-08 12:22:28"
},
{
"kids":[],
"uid":"2789885710",
"parent":"ArfPwFN4G",
"text":"",
"mid":"AA0tY8gYN",
"date":"2014-03-08 11:50:34"
},
{
"kids":[],
"uid":"2920657584",
"parent":"",
"text":"",
"mid":"AzZb6f6hW",
"date":"2014-03-08 08:31:19"
},
{
"kids":[],
"uid":"2920057522",
"parent":"ArfPwFN4G",
"text":"",
"mid":"AzRumsOHG",
"date":"2014-03-07 12:56:48"
},
{
"kids":[],
"uid":"3044211502",
"parent":"As7iqfpea",
"text":"",
"mid":"AzJsVmuUc",
"date":"2014-03-06 16:31:16"
},
{
"kids":[],
"uid":"3044828630",
"parent":"ArfPwFN4G",
"text":"",
"mid":"AzHw09lns",
"date":"2014-03-06 11:33:23"
},
{
"kids":[],
"uid":"2919803832",
"parent":"ArfPwFN4G",
"text":"",
"mid":"AzGf3jdI2",
"date":"2014-03-06 08:18:52"
},
{
"kids":[],
"uid":"3045298332",
"parent":"As7iqfpea",
"text":"",
"mid":"AzqGn5ELJ",
"date":"2014-03-04 16:42:13"
},
{
"kids":[],
"uid":"2789795222",
"parent":"As7iqfpea",
"text":"",
"mid":"Az7bdgjc0",
"date":"2014-03-02 15:03:17"
},
{
"kids":[],
"uid":"2920119782",
"parent":"ArfPwFN4G",
"text":"",
"mid":"Az71u9B2L",
"date":"2014-03-02 14:39:18"
},
{
"kids":[],
"uid":"2919989132",
"parent":"ArfPwFN4G",
"text":"",
"mid":"Az4pNAyVI",
"date":"2014-03-02 08:00:58"
},
{
"kids":[],
"uid":"2920332622",
"parent":"As7iqfpea",
"text":"",
"mid":"AyYQtotDa",
"date":"2014-03-01 17:50:12"
},
{
"kids":[],
"uid":"2804517604",
"parent":"As7iqfpea",
"text":"",
"mid":"Ayv7vAqAq",
"date":"2014-02-26 14:09:46"
},
{
"kids":[],
"uid":"3044621912",
"parent":"As7iqfpea",
"text":"",
"mid":"AyuTyoinY",
"date":"2014-02-26 13:35:23"
},
{
"kids":[],
"uid":"237591300",
"parent":"",
"text":"",
"mid":"Ayu0jm2kU",
"date":"2014-02-26 11:19:18"
},
{
"kids":[],
"uid":"237591300",
"parent":"",
"text":"",
"mid":"AytZv7I1e",
"date":"2014-02-26 11:17:17"
},
{
"kids":[],
"uid":"2919951334",
"parent":"As7iqfpea",
"text":"",
"mid":"AyjesluYB",
"date":"2014-02-25 07:53:56"
},
{
"kids":[],
"uid":"3043870964",
"parent":"As7iqfpea",
"text":"",
"mid":"AxT8s3lL4",
"date":"2014-02-22 13:27:43"
},
{
"kids":[],
"uid":"2804181690",
"parent":"As7iqfpea",
"text":"",
"mid":"AxKqNbVv8",
"date":"2014-02-21 15:18:09"
},
{
"kids":[],
"uid":"3044357420",
"parent":"As7iqfpea",
"text":"",
"mid":"AxK384KY1",
"date":"2014-02-21 14:19:50"
},
{
"kids":[],
"uid":"2919906932",
"parent":"As7iqfpea",
"text":"",
"mid":"AxsjcjCl3",
"date":"2014-02-19 17:10:00"
},
{
"kids":[],
"uid":"2404316723",
"parent":"",
"text":"",
"mid":"AxcBztQlr",
"date":"2014-02-18 01:11:21"
},
{
"kids":[],
"uid":"2804534422",
"parent":"As7iqfpea",
"text":"",
"mid":"Ax9tU88aS",
"date":"2014-02-17 17:14:11"
},
{
"kids":[],
"uid":"2920561504",
"parent":"As7iqfpea",
"text":"",
"mid":"Ax7PWmuNZ",
"date":"2014-02-17 13:03:01"
},
{
"kids":[],
"uid":"3044692130",
"parent":"As7iqfpea",
"text":"",
"mid":"Ax7zcAzvZ",
"date":"2014-02-17 12:21:46"
},
{
"kids":[],
"uid":"3043689474",
"parent":"As7iqfpea",
"text":"",
"mid":"Ax1Pcx2Bf",
"date":"2014-02-16 21:44:41"
},
{
"kids":[],
"uid":"2517413573",
"parent":"",
"text":"转发微博。",
"mid":"AwNzd14ia",
"date":"2014-02-15 09:26:51"
},
{
"kids":[],
"uid":"3901135130",
"parent":"",
"text":"",
"mid":"AwNkZvYdM",
"date":"2014-02-15 08:51:49"
},
{
"kids":[],
"uid":"2679133511",
"parent":"",
"text":"",
"mid":"AvP6CaMB1",
"date":"2014-02-08 23:31:36"
},
{
"kids":[],
"uid":"1289418350",
"parent":"",
"text":"转发微博。",
"mid":"AvGfVF8Ws",
"date":"2014-02-08 00:59:50"
},
{
"kids":[],
"uid":"3044287322",
"parent":"ArdGb4VsM",
"text":"",
"mid":"AvBHYCMHi",
"date":"2014-02-07 13:25:12"
},
{
"kids":[],
"uid":"2331207105",
"parent":"",
"text":"",
"mid":"AvdfoaMzT",
"date":"2014-02-04 23:08:50"
},
{
"kids":[],
"uid":"3995170976",
"parent":"",
"text":"",
"mid":"AtDYnsqgh",
"date":"2014-01-25 15:30:29"
},
{
"kids":[],
"uid":"3043916114",
"parent":"Ardh50KJJ",
"text":"",
"mid":"AsSvIAZ4U",
"date":"2014-01-20 14:40:46"
},
{
"kids":[],
"uid":"2592369591",
"parent":"",
"text":"哇靠，牛B哄哄，不用缓冲了[给力][威武]",
"mid":"AsRtwm1uo",
"date":"2014-01-20 12:02:37"
},
{
"kids":[],
"uid":"3888296897",
"parent":"",
"text":"",
"mid":"AsveXiHcr",
"date":"2014-01-18 03:26:18"
},
{
"kids":[],
"uid":"2919782264",
"parent":"ArDKvF8UJ",
"text":"",
"mid":"AspQ84smN",
"date":"2014-01-17 13:41:23"
},
{
"kids":[],
"uid":"3045448702",
"parent":"AreAYbGSD",
"text":"",
"mid":"AspcBfySJ",
"date":"2014-01-17 12:04:00"
},
{
"kids":[],
"uid":"2301288645",
"parent":"",
"text":"",
"mid":"AsoJup1Uk",
"date":"2014-01-17 10:52:17"
},
{
"kids":[],
"uid":"3045391380",
"parent":"ArRFbu8lB",
"text":"",
"mid":"AsoiND7sZ",
"date":"2014-01-17 09:46:32"
},
{
"kids":[],
"uid":"2789989802",
"parent":"AreAYbGSD",
"text":"",
"mid":"Aso6VxHns",
"date":"2014-01-17 09:17:17"
},
{
"kids":[],
"uid":"514tmq",
"parent":"",
"text":"",
"mid":"Aski34WnO",
"date":"2014-01-16 23:33:39"
},
{
"kids":[],
"uid":"3220264065",
"parent":"",
"text":"[浮云]",
"mid":"AsjR3EVbk",
"date":"2014-01-16 22:27:13"
},
{
"kids":[],
"uid":"2919563300",
"parent":"Are3P0jhm",
"text":"",
"mid":"AsgEy5VTQ",
"date":"2014-01-16 14:18:06"
},
{
"kids":[],
"uid":"1582898584",
"parent":"ArcFAnVrj",
"text":"",
"mid":"AsfAgnA2K",
"date":"2014-01-16 11:34:50"
},
{
"kids":[],
"uid":"3045098304",
"parent":"Are2kg6qc",
"text":"",
"mid":"Asfr2kZZZ",
"date":"2014-01-16 11:12:07"
},
{
"kids":[],
"uid":"3044600200",
"parent":"ArfPwFN4G",
"text":"",
"mid":"AsflVgeLE",
"date":"2014-01-16 10:59:31"
},
{
"kids":[],
"uid":"yijieyin",
"parent":"",
"text":"",
"mid":"Asfcj1Ide",
"date":"2014-01-16 10:35:48"
},
{
"kids":[],
"uid":"2920057690",
"parent":"ArcSci0Bo",
"text":"",
"mid":"AsePLhSI5",
"date":"2014-01-16 09:40:17"
},
{
"kids":[],
"uid":"1574609554",
"parent":"ArDKvF8UJ",
"text":"",
"mid":"AsecP7QEO",
"date":"2014-01-16 08:04:19"
},
{
"kids":[],
"uid":"2919277060",
"parent":"ArfPwFN4G",
"text":"",
"mid":"AsdPQxBpS",
"date":"2014-01-16 07:07:45"
},
{
"kids":[
"AAMpsDzAY",
"AAsSxu1fa",
"AAcC63fPw",
"AA9OOfLWO",
"AA8PRcE0n",
"AzJsVmuUc",
"AzqGn5ELJ",
"Az7bdgjc0",
"AyYQtotDa",
"Ayv7vAqAq",
"AyuTyoinY",
"AyjesluYB",
"AxT8s3lL4",
"AxKqNbVv8",
"AxK384KY1",
"AxsjcjCl3",
"Ax9tU88aS",
"Ax7PWmuNZ",
"Ax7zcAzvZ",
"Ax1Pcx2Bf"
],
"uid":"3044241881",
"parent":"",
"text":"",
"mid":"As7iqfpea",
"date":"2014-01-15 14:28:55"
},
{
"kids":[],
"uid":"2280142124",
"parent":"",
"text":"",
"mid":"As4E9vPFg",
"date":"2014-01-15 07:44:13"
},
{
"kids":[],
"uid":"lhm9394",
"parent":"",
"text":"",
"mid":"As25CxU9L",
"date":"2014-01-15 01:13:39"
},
{
"kids":[],
"uid":"2920576624",
"parent":"AreAYbGSD",
"text":"",
"mid":"ArYwadAfn",
"date":"2014-01-14 16:08:00"
},
{
"kids":[],
"uid":"1581743441",
"parent":"AreUZeQUl",
"text":"",
"mid":"ArXCcwGkp",
"date":"2014-01-14 13:50:10"
},
{
"kids":[],
"uid":"1778281640",
"parent":"ArdsnBb7D",
"text":"",
"mid":"ArWow9dhk",
"date":"2014-01-14 10:43:41"
},
{
"kids":[],
"uid":"2789844704",
"parent":"ArcSci0Bo",
"text":"",
"mid":"ArWfwg3i8",
"date":"2014-01-14 10:21:33"
},
{
"kids":[],
"uid":"2804562362",
"parent":"ArDKvF8UJ",
"text":"",
"mid":"ArVSk68GO",
"date":"2014-01-14 09:24:24"
},
{
"kids":[],
"uid":"2920560510",
"parent":"ArRFbu8lB",
"text":"",
"mid":"ArVg01Ukv",
"date":"2014-01-14 07:49:59"
},
{
"kids":[],
"uid":"3043480914",
"parent":"ArRFbu8lB",
"text":"",
"mid":"ArVfIAeC6",
"date":"2014-01-14 07:49:17"
},
{
"kids":[],
"uid":"1723679727",
"parent":"ArcSci0Bo",
"text":"",
"mid":"ArVe0w1Kh",
"date":"2014-01-14 07:45:04"
},
{
"kids":[],
"uid":"2402868165",
"parent":"",
"text":"",
"mid":"ArS1Ge1Pw",
"date":"2014-01-13 23:36:28"
},
{
"kids":[
"AsoiND7sZ",
"ArVg01Ukv",
"ArVfIAeC6"
],
"uid":"3962229139",
"parent":"",
"text":"",
"mid":"ArRFbu8lB",
"date":"2014-01-13 22:41:03"
},
{
"kids":[],
"uid":"1878772240",
"parent":"",
"text":"get",
"mid":"ArPziundh",
"date":"2014-01-13 17:21:01"
},
{
"kids":[],
"uid":"2919694744",
"parent":"ArfPwFN4G",
"text":"",
"mid":"ArO7X9wSv",
"date":"2014-01-13 13:40:54"
},
{
"kids":[],
"uid":"3045436614",
"parent":"Arg6PzAVH",
"text":"",
"mid":"ArNElxaUf",
"date":"2014-01-13 12:28:01"
},
{
"kids":[],
"uid":"3043470744",
"parent":"ArcFAnVrj",
"text":"",
"mid":"ArNzUqZMQ",
"date":"2014-01-13 12:17:05"
},
{
"kids":[],
"uid":"2920543810",
"parent":"Are2kg6qc",
"text":"",
"mid":"ArNlat61P",
"date":"2014-01-13 11:40:45"
},
{
"kids":[],
"uid":"2804399512",
"parent":"ArDKvF8UJ",
"text":"",
"mid":"ArNgUkrkU",
"date":"2014-01-13 11:30:14"
},
{
"kids":[],
"uid":"3044557850",
"parent":"",
"text":"",
"mid":"ArNa87UvL",
"date":"2014-01-13 11:13:32"
},
{
"kids":[],
"uid":"2789681922",
"parent":"ArcSPfciP",
"text":"",
"mid":"ArN6Jq0H3",
"date":"2014-01-13 11:05:11"
},
{
"kids":[],
"uid":"3043840740",
"parent":"ArfPwFN4G",
"text":"",
"mid":"ArLyEkJ3I",
"date":"2014-01-13 07:08:28"
},
{
"kids":[],
"uid":"jiduturuirui",
"parent":"",
"text":"",
"mid":"ArGHOyBJR",
"date":"2014-01-12 18:47:19"
},
{
"kids":[],
"uid":"3043625892",
"parent":"ArdxQwH33",
"text":"",
"mid":"ArEwycKmd",
"date":"2014-01-12 13:14:03"
},
{
"kids":[
"AspQ84smN",
"AsecP7QEO",
"ArVSk68GO",
"ArNgUkrkU"
],
"uid":"2883028764",
"parent":"",
"text":"",
"mid":"ArDKvF8UJ",
"date":"2014-01-12 11:15:43"
},
{
"kids":[],
"uid":"3044326890",
"parent":"ArflG1yZ1",
"text":"",
"mid":"ArDKspjgY",
"date":"2014-01-12 11:15:34"
},
{
"kids":[],
"uid":"2789869622",
"parent":"ArdXrnOcd",
"text":"",
"mid":"ArDndhSVI",
"date":"2014-01-12 10:18:19"
},
{
"kids":[],
"uid":"2621938513",
"parent":"",
"text":"",
"mid":"ArCuJvuSl",
"date":"2014-01-12 08:04:06"
},
{
"kids":[],
"uid":"2749305067",
"parent":"",
"text":"",
"mid":"ArwI58rE2",
"date":"2014-01-11 17:20:30"
},
{
"kids":[],
"uid":"3045407122",
"parent":"",
"text":"",
"mid":"ArwoycONO",
"date":"2014-01-11 16:32:21"
},
{
"kids":[],
"uid":"2919840370",
"parent":"ArgOadWfd",
"text":"",
"mid":"ArvrPboCt",
"date":"2014-01-11 14:07:41"
},
{
"kids":[],
"uid":"2805630582",
"parent":"",
"text":"",
"mid":"AruTCpQeU",
"date":"2014-01-11 12:43:25"
},
{
"kids":[],
"uid":"1582803225",
"parent":"",
"text":"",
"mid":"AruRquqIK",
"date":"2014-01-11 12:38:02"
},
{
"kids":[],
"uid":"3044220714",
"parent":"",
"text":"",
"mid":"AruOeuAlD",
"date":"2014-01-11 12:30:09"
},
{
"kids":[],
"uid":"3044518034",
"parent":"Are3P0jhm",
"text":"",
"mid":"Arux77Tqu",
"date":"2014-01-11 11:47:58"
},
{
"kids":[],
"uid":"3043829374",
"parent":"ArdXrnOcd",
"text":"",
"mid":"ArutxcBVI",
"date":"2014-01-11 11:39:08"
},
{
"kids":[],
"uid":"2919499284",
"parent":"ArpC3zp0T",
"text":"",
"mid":"Aruobmims",
"date":"2014-01-11 11:25:58"
},
{
"kids":[],
"uid":"2804324124",
"parent":"ArpC3zp0T",
"text":"",
"mid":"ArudOn0J4",
"date":"2014-01-11 11:00:26"
},
{
"kids":[],
"uid":"1665234710",
"parent":"",
"text":"非常实用！",
"mid":"Arucl3J9v",
"date":"2014-01-11 10:56:48"
},
{
"kids":[],
"uid":"3043895022",
"parent":"ArcJsCRMd",
"text":"",
"mid":"Aru7BjxVz",
"date":"2014-01-11 10:45:07"
},
{
"kids":[],
"uid":"2318183095",
"parent":"",
"text":"",
"mid":"Aru5l1GPX",
"date":"2014-01-11 10:39:33"
},
{
"kids":[],
"uid":"2729871307",
"parent":"",
"text":"好像要快些了，谢谢啊[挤眼]",
"mid":"Aru1JAx3A",
"date":"2014-01-11 10:30:41"
},
{
"kids":[],
"uid":"2805238194",
"parent":"ArgOadWfd",
"text":"",
"mid":"ArtGJDbCX",
"date":"2014-01-11 09:38:55"
},
{
"kids":[],
"uid":"1582941851",
"parent":"",
"text":"",
"mid":"ArtvsdxH4",
"date":"2014-01-11 09:11:08"
},
{
"kids":[],
"uid":"3044844920",
"parent":"Are3P0jhm",
"text":"",
"mid":"ArtoIFucU",
"date":"2014-01-11 08:54:33"
},
{
"kids":[],
"uid":"2803177334",
"parent":"Ardh50KJJ",
"text":"",
"mid":"Artbs2Q3C",
"date":"2014-01-11 08:21:51"
},
{
"kids":[],
"uid":"3852216207",
"parent":"",
"text":"",
"mid":"Art3rB0P6",
"date":"2014-01-11 08:02:09"
},
{
"kids":[],
"uid":"2920436594",
"parent":"ArcJsCRMd",
"text":"",
"mid":"Art1vDjvl",
"date":"2014-01-11 07:57:23"
},
{
"kids":[],
"uid":"2946805071",
"parent":"",
"text":"",
"mid":"Arqdu5UeS",
"date":"2014-01-11 00:48:38"
},
{
"kids":[],
"uid":"2946805071",
"parent":"",
"text":"",
"mid":"Arq9likck",
"date":"2014-01-11 00:38:26"
},
{
"kids":[],
"uid":"2815713983",
"parent":"",
"text":"",
"mid":"ArpVO3CGf",
"date":"2014-01-11 00:05:05"
},
{
"kids":[],
"uid":"3720540774",
"parent":"",
"text":"",
"mid":"ArpRklJDZ",
"date":"2014-01-10 23:54:03"
},
{
"kids":[],
"uid":"1636515723",
"parent":"",
"text":"",
"mid":"ArpMyx7eG",
"date":"2014-01-10 23:42:18"
},
{
"kids":[
"Aruobmims",
"ArudOn0J4"
],
"uid":"3840709014",
"parent":"",
"text":"转发微博。",
"mid":"ArpC3zp0T",
"date":"2014-01-10 23:16:26"
},
{
"kids":[],
"uid":"3801185102",
"parent":"ArcI3rLkJ",
"text":"",
"mid":"Arplu9DO9",
"date":"2014-01-10 22:35:36"
},
{
"kids":[],
"uid":"3032343064",
"parent":"ArcI3rLkJ",
"text":"",
"mid":"AroU3hQMW",
"date":"2014-01-10 21:28:01"
},
{
"kids":[],
"uid":"3099865047",
"parent":"ArcI3rLkJ",
"text":"",
"mid":"AroSyd8sz",
"date":"2014-01-10 21:24:19"
},
{
"kids":[],
"uid":"1819294962",
"parent":"",
"text":"",
"mid":"ArojBDZf4",
"date":"2014-01-10 19:58:14"
},
{
"kids":[],
"uid":"2803876102",
"parent":"ArdLxcvhG",
"text":"",
"mid":"Arn1IAzwS",
"date":"2014-01-10 16:41:24"
},
{
"kids":[],
"uid":"1869665151",
"parent":"",
"text":"",
"mid":"ArmYMiSFZ",
"date":"2014-01-10 16:34:10"
},
{
"kids":[],
"uid":"3045205064",
"parent":"ArcRq7Il2",
"text":"",
"mid":"Armg11dV4",
"date":"2014-01-10 14:43:53"
},
{
"kids":[],
"uid":"3625468493",
"parent":"",
"text":"",
"mid":"Arm5fwX1L",
"date":"2014-01-10 14:17:22"
},
{
"kids":[],
"uid":"3045231030",
"parent":"ArcJsCRMd",
"text":"",
"mid":"Arm13caqS",
"date":"2014-01-10 14:07:01"
},
{
"kids":[],
"uid":"2841885232",
"parent":"",
"text":"",
"mid":"ArlVahzdo",
"date":"2014-01-10 13:52:31"
},
{
"kids":[],
"uid":"3044698970",
"parent":"ArcZSzTDS",
"text":"",
"mid":"ArlEIcdHz",
"date":"2014-01-10 13:11:56"
},
{
"kids":[],
"uid":"2789856070",
"parent":"ArcI3rLkJ",
"text":"",
"mid":"Arlncy8KL",
"date":"2014-01-10 12:28:50"
},
{
"kids":[],
"uid":"2755614583",
"parent":"",
"text":"百度了，假的",
"mid":"Arlasr9js",
"date":"2014-01-10 11:57:27"
},
{
"kids":[],
"uid":"2189727994",
"parent":"ArcI3rLkJ",
"text":"@类子GG",
"mid":"Arl9FEe8E",
"date":"2014-01-10 11:55:31"
},
{
"kids":[],
"uid":"3043683062",
"parent":"ArfPwFN4G",
"text":"",
"mid":"Arl9h8KC5",
"date":"2014-01-10 11:54:31"
},
{
"kids":[],
"uid":"1620857887",
"parent":"",
"text":"",
"mid":"Arl28uql3",
"date":"2014-01-10 11:36:56"
},
{
"kids":[],
"uid":"3043635394",
"parent":"ArcI3rLkJ",
"text":"",
"mid":"Arl1uApqP",
"date":"2014-01-10 11:35:20"
},
{
"kids":[],
"uid":"3044875474",
"parent":"",
"text":"",
"mid":"ArkT5DOeN",
"date":"2014-01-10 11:14:40"
},
{
"kids":[],
"uid":"2919907904",
"parent":"ArcHKwQjD",
"text":"",
"mid":"Arki86kaD",
"date":"2014-01-10 09:43:35"
},
{
"kids":[],
"uid":"1709119781",
"parent":"",
"text":"",
"mid":"Ark9Lv178",
"date":"2014-01-10 09:23:00"
},
{
"kids":[],
"uid":"2426552692",
"parent":"ArcI3rLkJ",
"text":"",
"mid":"Ark63F25L",
"date":"2014-01-10 09:13:51"
},
{
"kids":[],
"uid":"3812082267",
"parent":"ArcI3rLkJ",
"text":"",
"mid":"ArjYTcKyZ",
"date":"2014-01-10 08:56:12"
},
{
"kids":[],
"uid":"3044714182",
"parent":"ArdLxcvhG",
"text":"",
"mid":"ArjY5g3Ui",
"date":"2014-01-10 08:54:12"
},
{
"kids":[],
"uid":"3044054692",
"parent":"Arfn6k06k",
"text":"",
"mid":"ArjXNxIk1",
"date":"2014-01-10 08:53:30"
},
{
"kids":[],
"uid":"2920519964",
"parent":"Are3P0jhm",
"text":"",
"mid":"ArjRL9RSX",
"date":"2014-01-10 08:38:37"
},
{
"kids":[],
"uid":"2803267272",
"parent":"ArcZSzTDS",
"text":"",
"mid":"ArjRcgX5N",
"date":"2014-01-10 08:37:13"
},
{
"kids":[],
"uid":"3214383264",
"parent":"ArcI3rLkJ",
"text":"",
"mid":"ArjFqpyon",
"date":"2014-01-10 08:08:15"
},
{
"kids":[],
"uid":"3044349514",
"parent":"ArgOadWfd",
"text":"",
"mid":"ArjpT7H68",
"date":"2014-01-10 07:29:57"
},
{
"kids":[
"ArvrPboCt",
"ArtGJDbCX",
"ArjpT7H68"
],
"uid":"3865522929",
"parent":"ArcI3rLkJ",
"text":"哈哈",
"mid":"ArgOadWfd",
"date":"2014-01-10 00:51:31"
},
{
"kids":[],
"uid":"2604102737",
"parent":"",
"text":"",
"mid":"ArgMZsNNK",
"date":"2014-01-10 00:48:39"
},
{
"kids":[],
"uid":"ding567898",
"parent":"",
"text":"",
"mid":"Argwv61QJ",
"date":"2014-01-10 00:08:01"
},
{
"kids":[],
"uid":"2464249955",
"parent":"",
"text":"",
"mid":"ArgsuAoYN",
"date":"2014-01-09 23:58:09"
},
{
"kids":[],
"uid":"2606508784",
"parent":"",
"text":"",
"mid":"Argqfag3f",
"date":"2014-01-09 23:52:36"
},
{
"kids":[],
"uid":"2069971620",
"parent":"",
"text":"",
"mid":"ArgobthF8",
"date":"2014-01-09 23:47:32"
},
{
"kids":[],
"uid":"2718533002",
"parent":"ArcI3rLkJ",
"text":"",
"mid":"ArgneFqXh",
"date":"2014-01-09 23:45:12"
},
{
"kids":[],
"uid":"2116960861",
"parent":"ArcI3rLkJ",
"text":"",
"mid":"ArgmaaW0H",
"date":"2014-01-09 23:42:33"
},
{
"kids":[],
"uid":"3845240722",
"parent":"",
"text":"收",
"mid":"ArgfvFxTJ",
"date":"2014-01-09 23:26:10"
},
{
"kids":[],
"uid":"1801698033",
"parent":"",
"text":"",
"mid":"Argdmn09i",
"date":"2014-01-09 23:20:52"
},
{
"kids":[],
"uid":"1293260042",
"parent":"",
"text":"",
"mid":"Argd5eF9U",
"date":"2014-01-09 23:20:11"
},
{
"kids":[],
"uid":"2813520370",
"parent":"",
"text":"",
"mid":"Arg8z7T4O",
"date":"2014-01-09 23:09:03"
},
{
"kids":[],
"uid":"3958048235",
"parent":"ArcI3rLkJ",
"text":"",
"mid":"Arg7gawWH",
"date":"2014-01-09 23:05:50"
},
{
"kids":[],
"uid":"2273065567",
"parent":"ArcI3rLkJ",
"text":"",
"mid":"Arg7cjXj7",
"date":"2014-01-09 23:05:41"
},
{
"kids":[
"ArNElxaUf"
],
"uid":"2805774742",
"parent":"",
"text":"",
"mid":"Arg6PzAVH",
"date":"2014-01-09 23:04:47"
},
{
"kids":[],
"uid":"1902172753",
"parent":"",
"text":"",
"mid":"Arg3twXq2",
"date":"2014-01-09 22:56:31"
},
{
"kids":[],
"uid":"1900960825",
"parent":"ArcI3rLkJ",
"text":"",
"mid":"ArfY4bshk",
"date":"2014-01-09 22:43:11"
},
{
"kids":[],
"uid":"3053048591",
"parent":"",
"text":"",
"mid":"ArfVIemFN",
"date":"2014-01-09 22:37:23"
},
{
"kids":[],
"uid":"3197220012",
"parent":"",
"text":"",
"mid":"ArfSHrMAS",
"date":"2014-01-09 22:29:58"
},
{
"kids":[
"AA0tY8gYN",
"AzRumsOHG",
"AzHw09lns",
"AzGf3jdI2",
"Az71u9B2L",
"Az4pNAyVI",
"AsflVgeLE",
"AsdPQxBpS",
"ArO7X9wSv",
"ArLyEkJ3I",
"Arl9h8KC5"
],
"uid":"3949940764",
"parent":"",
"text":"",
"mid":"ArfPwFN4G",
"date":"2014-01-09 22:22:09"
},
{
"kids":[],
"uid":"2715533940",
"parent":"",
"text":"",
"mid":"ArfMzs0cl",
"date":"2014-01-09 22:14:52"
},
{
"kids":[],
"uid":"3625777413",
"parent":"",
"text":"",
"mid":"ArfLH4SZt",
"date":"2014-01-09 22:12:41"
},
{
"kids":[],
"uid":"2182641221",
"parent":"",
"text":"",
"mid":"ArfJCyxpM",
"date":"2014-01-09 22:07:35"
},
{
"kids":[],
"uid":"2447159455",
"parent":"",
"text":"",
"mid":"ArfIr0iZU",
"date":"2014-01-09 22:04:39"
},
{
"kids":[],
"uid":"3636972404",
"parent":"ArcI3rLkJ",
"text":"",
"mid":"ArfHWfVI4",
"date":"2014-01-09 22:03:26"
},
{
"kids":[],
"uid":"2822163683",
"parent":"",
"text":"",
"mid":"ArfH27LMj",
"date":"2014-01-09 22:01:13"
},
{
"kids":[],
"uid":"2362544347",
"parent":"",
"text":"",
"mid":"ArfGumuYz",
"date":"2014-01-09 21:59:53"
},
{
"kids":[],
"uid":"3607904265",
"parent":"ArcI3rLkJ",
"text":"试试",
"mid":"ArfAigGZk",
"date":"2014-01-09 21:44:37"
},
{
"kids":[],
"uid":"3172685464",
"parent":"",
"text":"",
"mid":"ArfyZh8nw",
"date":"2014-01-09 21:41:24"
},
{
"kids":[],
"uid":"2507588215",
"parent":"ArcI3rLkJ",
"text":"",
"mid":"ArfvlyEbv",
"date":"2014-01-09 21:32:26"
},
{
"kids":[],
"uid":"2303313535",
"parent":"",
"text":"",
"mid":"ArfuRnZ5S",
"date":"2014-01-09 21:31:13"
},
{
"kids":[
"ArjXNxIk1"
],
"uid":"2737630997",
"parent":"",
"text":"",
"mid":"Arfn6k06k",
"date":"2014-01-09 21:12:07"
},
{
"kids":[],
"uid":"3276491665",
"parent":"",
"text":"",
"mid":"ArflZvONg",
"date":"2014-01-09 21:09:23"
},
{
"kids":[
"ArDKspjgY"
],
"uid":"3238653433",
"parent":"",
"text":"",
"mid":"ArflG1yZ1",
"date":"2014-01-09 21:08:35"
},
{
"kids":[],
"uid":"1484575847",
"parent":"",
"text":"",
"mid":"Arfb8EJNJ",
"date":"2014-01-09 20:42:39"
},
{
"kids":[],
"uid":"3226696251",
"parent":"ArcI3rLkJ",
"text":"留着",
"mid":"Arf9Al78b",
"date":"2014-01-09 20:38:48"
},
{
"kids":[],
"uid":"2377078504",
"parent":"ArdE3BKCj",
"text":"",
"mid":"Arf7Tr2Vj",
"date":"2014-01-09 20:34:39"
},
{
"kids":[],
"uid":"2660180723",
"parent":"ArcI3rLkJ",
"text":"",
"mid":"Arf7sx4AQ",
"date":"2014-01-09 20:33:35"
},
{
"kids":[
"ArXCcwGkp"
],
"uid":"3250362350",
"parent":"ArcI3rLkJ",
"text":"",
"mid":"AreUZeQUl",
"date":"2014-01-09 20:02:50"
},
{
"kids":[],
"uid":"3910798339",
"parent":"",
"text":"",
"mid":"AreUMvrx5",
"date":"2014-01-09 20:02:21"
},
{
"kids":[],
"uid":"3910798339",
"parent":"ArcI3rLkJ",
"text":"",
"mid":"AreUEvWej",
"date":"2014-01-09 20:02:01"
},
{
"kids":[],
"uid":"3209853330",
"parent":"",
"text":"",
"mid":"AreQ6BFQk",
"date":"2014-01-09 19:50:50"
},
{
"kids":[],
"uid":"1972238573",
"parent":"",
"text":"",
"mid":"AreMAz0TL",
"date":"2014-01-09 19:42:10"
},
{
"kids":[],
"uid":"3300061785",
"parent":"",
"text":"",
"mid":"AreH3f7Wz",
"date":"2014-01-09 19:28:31"
},
{
"kids":[],
"uid":"3104046911",
"parent":"",
"text":"",
"mid":"AreH3f7LM",
"date":"2014-01-09 19:28:30"
},
{
"kids":[],
"uid":"2629063914",
"parent":"",
"text":"",
"mid":"AreEmy5ez",
"date":"2014-01-09 19:21:54"
},
{
"kids":[],
"uid":"3291978195",
"parent":"ArcI3rLkJ",
"text":"",
"mid":"AreC1uz5x",
"date":"2014-01-09 19:16:08"
},
{
"kids":[],
"uid":"2708197925",
"parent":"ArcI3rLkJ",
"text":"",
"mid":"AreBwa7cm",
"date":"2014-01-09 19:14:53"
},
{
"kids":[
"AspcBfySJ",
"Aso6VxHns",
"ArYwadAfn"
],
"uid":"2310883683",
"parent":"ArcI3rLkJ",
"text":"",
"mid":"AreAYbGSD",
"date":"2014-01-09 19:13:32"
},
{
"kids":[],
"uid":"2539407094",
"parent":"ArcI3rLkJ",
"text":"",
"mid":"AreyjgjrG",
"date":"2014-01-09 19:06:59"
},
{
"kids":[],
"uid":"1769965777",
"parent":"ArcI3rLkJ",
"text":"",
"mid":"Arey8DHQE",
"date":"2014-01-09 19:06:34"
},
{
"kids":[],
"uid":"nidaisong",
"parent":"",
"text":"真的吗？",
"mid":"Areu3mHBB",
"date":"2014-01-09 18:56:29"
},
{
"kids":[],
"uid":"3645365122",
"parent":"ArcI3rLkJ",
"text":"",
"mid":"ArenVEAn2",
"date":"2014-01-09 18:41:25"
},
{
"kids":[],
"uid":"2094063907",
"parent":"",
"text":"好东东",
"mid":"Aremqkouy",
"date":"2014-01-09 18:37:42"
},
{
"kids":[],
"uid":"lisaawin",
"parent":"",
"text":"",
"mid":"ArelEbold",
"date":"2014-01-09 18:35:47"
},
{
"kids":[],
"uid":"3198777480",
"parent":"",
"text":"真的吗？",
"mid":"ArelCnBZu",
"date":"2014-01-09 18:35:43"
},
{
"kids":[],
"uid":"2609343117",
"parent":"",
"text":"",
"mid":"Arelf5ipW",
"date":"2014-01-09 18:34:47"
},
{
"kids":[],
"uid":"xiaoyanshuxiang",
"parent":"",
"text":"",
"mid":"ArejR25wP",
"date":"2014-01-09 18:31:22"
},
{
"kids":[],
"uid":"2712464547",
"parent":"",
"text":"",
"mid":"ArehTkvyK",
"date":"2014-01-09 18:26:31"
},
{
"kids":[],
"uid":"2910186565",
"parent":"",
"text":"可以试—下",
"mid":"ArefaisMS",
"date":"2014-01-09 18:19:49"
},
{
"kids":[],
"uid":"3164578742",
"parent":"ArcI3rLkJ",
"text":"",
"mid":"Arec9hhM9",
"date":"2014-01-09 18:12:22"
},
{
"kids":[],
"uid":"huang70",
"parent":"",
"text":"",
"mid":"Arebjeha6",
"date":"2014-01-09 18:10:19"
},
{
"kids":[],
"uid":"1977534835",
"parent":"ArcI3rLkJ",
"text":"",
"mid":"Are8ya77V",
"date":"2014-01-09 18:03:30"
},
{
"kids":[],
"uid":"1426145604",
"parent":"ArcI3rLkJ",
"text":"[good]",
"mid":"Are7W1Dok",
"date":"2014-01-09 18:02:00"
},
{
"kids":[],
"uid":"2807895722",
"parent":"",
"text":"试试看",
"mid":"Are7M16Ih",
"date":"2014-01-09 18:01:36"
},
{
"kids":[],
"uid":"2409499680",
"parent":"",
"text":"",
"mid":"Are7r226B",
"date":"2014-01-09 18:00:46"
},
{
"kids":[],
"uid":"2785876750",
"parent":"ArcI3rLkJ",
"text":"",
"mid":"Are6WAplC",
"date":"2014-01-09 17:59:34"
},
{
"kids":[
"AsgEy5VTQ",
"Arux77Tqu",
"ArtoIFucU",
"ArjRL9RSX"
],
"uid":"3062248621",
"parent":"",
"text":"",
"mid":"Are3P0jhm",
"date":"2014-01-09 17:51:52"
},
{
"kids":[],
"uid":"2563685365",
"parent":"ArcI3rLkJ",
"text":"",
"mid":"Are3b8EWd",
"date":"2014-01-09 17:50:17"
},
{
"kids":[
"Asfr2kZZZ",
"ArNlat61P"
],
"uid":"3134325021",
"parent":"",
"text":"",
"mid":"Are2kg6qc",
"date":"2014-01-09 17:48:11"
},
{
"kids":[],
"uid":"1867361865",
"parent":"",
"text":"",
"mid":"Are1Ufb2B",
"date":"2014-01-09 17:47:08"
},
{
"kids":[],
"uid":"1132476195",
"parent":"ArcI3rLkJ",
"text":"",
"mid":"Are182kDm",
"date":"2014-01-09 17:45:14"
},
{
"kids":[],
"uid":"3267702110",
"parent":"",
"text":"",
"mid":"ArdZ6rCrA",
"date":"2014-01-09 17:40:15"
},
{
"kids":[
"ArDndhSVI",
"ArutxcBVI"
],
"uid":"3918714110",
"parent":"ArcI3rLkJ",
"text":"",
"mid":"ArdXrnOcd",
"date":"2014-01-09 17:36:08"
},
{
"kids":[],
"uid":"2543411233",
"parent":"",
"text":"",
"mid":"ArdXooOjy",
"date":"2014-01-09 17:36:01"
},
{
"kids":[],
"uid":"2863269782",
"parent":"",
"text":"",
"mid":"ArdVdFwiU",
"date":"2014-01-09 17:30:41"
},
{
"kids":[],
"uid":"3224381614",
"parent":"",
"text":"",
"mid":"ArdU01HYH",
"date":"2014-01-09 17:27:40"
},
{
"kids":[],
"uid":"1377746450",
"parent":"",
"text":"",
"mid":"ArdTgeP6S",
"date":"2014-01-09 17:25:50"
},
{
"kids":[],
"uid":"3121426200",
"parent":"",
"text":"",
"mid":"ArdT7m9R9",
"date":"2014-01-09 17:25:30"
},
{
"kids":[],
"uid":"1794480064",
"parent":"ArcI3rLkJ",
"text":"真假？",
"mid":"ArdSp11BT",
"date":"2014-01-09 17:23:44"
},
{
"kids":[],
"uid":"1864315125",
"parent":"ArcI3rLkJ",
"text":"",
"mid":"ArdQWkdzT",
"date":"2014-01-09 17:20:07"
},
{
"kids":[],
"uid":"1263576537",
"parent":"",
"text":"",
"mid":"ArdQt3lTx",
"date":"2014-01-09 17:18:57"
},
{
"kids":[],
"uid":"1006306807",
"parent":"",
"text":"",
"mid":"ArdPTkdhP",
"date":"2014-01-09 17:17:33"
},
{
"kids":[],
"uid":"1191468752",
"parent":"",
"text":"",
"mid":"ArdOGi1Ge",
"date":"2014-01-09 17:14:33"
},
{
"kids":[],
"uid":"3044540674",
"parent":"",
"text":"",
"mid":"ArdNRqg1q",
"date":"2014-01-09 17:12:32"
},
{
"kids":[],
"uid":"1959782950",
"parent":"ArdJ0Btd1",
"text":"",
"mid":"ArdMyt076",
"date":"2014-01-09 17:09:19"
},
{
"kids":[],
"uid":"2934703630",
"parent":"ArcI3rLkJ",
"text":"",
"mid":"ArdMhC6iQ",
"date":"2014-01-09 17:08:40"
},
{
"kids":[],
"uid":"1459006184",
"parent":"",
"text":"收",
"mid":"ArdMhBjfK",
"date":"2014-01-09 17:08:40"
},
{
"kids":[],
"uid":"3606887023",
"parent":"",
"text":"",
"mid":"ArdM9kSgR",
"date":"2014-01-09 17:08:20"
},
{
"kids":[
"Arn1IAzwS",
"ArjY5g3Ui"
],
"uid":"1440730953",
"parent":"ArcI3rLkJ",
"text":"",
"mid":"ArdLxcvhG",
"date":"2014-01-09 17:06:49"
},
{
"kids":[],
"uid":"3304509364",
"parent":"ArcI3rLkJ",
"text":"",
"mid":"ArdL6BAMo",
"date":"2014-01-09 17:05:46"
},
{
"kids":[],
"uid":"2513040870",
"parent":"",
"text":"",
"mid":"ArdKHcS3R",
"date":"2014-01-09 17:04:45"
},
{
"kids":[],
"uid":"3149561295",
"parent":"ArcI3rLkJ",
"text":"",
"mid":"ArdK1eZTZ",
"date":"2014-01-09 17:03:04"
},
{
"kids":[],
"uid":"2952400344",
"parent":"",
"text":"",
"mid":"ArdJN4UBF",
"date":"2014-01-09 17:02:31"
},
{
"kids":[],
"uid":"2794467327",
"parent":"",
"text":"",
"mid":"ArdJfFQ5k",
"date":"2014-01-09 17:01:12"
},
{
"kids":[],
"uid":"2749642093",
"parent":"",
"text":"",
"mid":"ArdJ81470",
"date":"2014-01-09 17:00:53"
},
{
"kids":[
"ArdMyt076"
],
"uid":"3350936514",
"parent":"",
"text":"",
"mid":"ArdJ0Btd1",
"date":"2014-01-09 17:00:36"
},
{
"kids":[],
"uid":"1848167445",
"parent":"",
"text":"",
"mid":"ArdI8fL4I",
"date":"2014-01-09 16:58:26"
},
{
"kids":[],
"uid":"1772998815",
"parent":"",
"text":"",
"mid":"ArdHS1H30",
"date":"2014-01-09 16:57:47"
},
{
"kids":[],
"uid":"2306503882",
"parent":"",
"text":"",
"mid":"ArdH5dKkT",
"date":"2014-01-09 16:55:51"
},
{
"kids":[],
"uid":"1854875354",
"parent":"",
"text":"",
"mid":"ArdH38515",
"date":"2014-01-09 16:55:46"
},
{
"kids":[],
"uid":"3089073681",
"parent":"",
"text":"",
"mid":"ArdGCzyPj",
"date":"2014-01-09 16:54:43"
},
{
"kids":[],
"uid":"3262866880",
"parent":"",
"text":"现转发再说",
"mid":"ArdGh1lNb",
"date":"2014-01-09 16:53:51"
},
{
"kids":[
"AvBHYCMHi"
],
"uid":"1505104672",
"parent":"",
"text":"",
"mid":"ArdGb4VsM",
"date":"2014-01-09 16:53:37"
},
{
"kids":[],
"uid":"zhikuwenan",
"parent":"",
"text":"存",
"mid":"ArdFzgZDW",
"date":"2014-01-09 16:52:06"
},
{
"kids":[],
"uid":"529012982",
"parent":"",
"text":"",
"mid":"ArdFmeEio",
"date":"2014-01-09 16:51:36"
},
{
"kids":[],
"uid":"1784815335",
"parent":"",
"text":"",
"mid":"ArdF4f6jb",
"date":"2014-01-09 16:50:53"
},
{
"kids":[],
"uid":"poyanghu1986",
"parent":"",
"text":"",
"mid":"ArdF1zmhP",
"date":"2014-01-09 16:50:47"
},
{
"kids":[],
"uid":"2035039702",
"parent":"",
"text":"",
"mid":"ArdEUrPXL",
"date":"2014-01-09 16:50:30"
},
{
"kids":[],
"uid":"2591096027",
"parent":"",
"text":"收！",
"mid":"ArdELAjkR",
"date":"2014-01-09 16:50:09"
},
{
"kids":[],
"uid":"3266388035",
"parent":"ArcI3rLkJ",
"text":"",
"mid":"ArdEDmmIK",
"date":"2014-01-09 16:49:49"
},
{
"kids":[],
"uid":"3080965763",
"parent":"",
"text":"这个教程太需要了",
"mid":"ArdEAp1ol",
"date":"2014-01-09 16:49:42"
},
{
"kids":[
"Arf7Tr2Vj"
],
"uid":"keyrose1937",
"parent":"",
"text":"",
"mid":"ArdE3BKCj",
"date":"2014-01-09 16:48:24"
},
{
"kids":[],
"uid":"2312736235",
"parent":"",
"text":"",
"mid":"ArdDSo1rw",
"date":"2014-01-09 16:47:57"
},
{
"kids":[],
"uid":"caoerqingqing2011",
"parent":"",
"text":"",
"mid":"ArdDkoNlT",
"date":"2014-01-09 16:46:36"
},
{
"kids":[],
"uid":"1146484053",
"parent":"",
"text":"",
"mid":"ArdCK2PZ0",
"date":"2014-01-09 16:45:09"
},
{
"kids":[],
"uid":"2696910771",
"parent":"",
"text":"",
"mid":"ArdCAizTE",
"date":"2014-01-09 16:44:46"
},
{
"kids":[],
"uid":"2668364223",
"parent":"",
"text":"",
"mid":"ArdCAgLxE",
"date":"2014-01-09 16:44:46"
},
{
"kids":[],
"uid":"3821824398",
"parent":"",
"text":"",
"mid":"ArdCc4H4g",
"date":"2014-01-09 16:43:48"
},
{
"kids":[],
"uid":"2668364223",
"parent":"",
"text":"@风景远洋",
"mid":"ArdCbqPUs",
"date":"2014-01-09 16:43:47"
},
{
"kids":[],
"uid":"1709826544",
"parent":"ArcI3rLkJ",
"text":"",
"mid":"ArdBO9ndA",
"date":"2014-01-09 16:42:51"
},
{
"kids":[],
"uid":"2212947592",
"parent":"ArcI3rLkJ",
"text":"试试",
"mid":"ArdBKAo30",
"date":"2014-01-09 16:42:43"
},
{
"kids":[],
"uid":"1135982662",
"parent":"",
"text":"不是黑客吧？",
"mid":"ArdB09Gzb",
"date":"2014-01-09 16:40:52"
},
{
"kids":[],
"uid":"2755783014",
"parent":"ArcI3rLkJ",
"text":"",
"mid":"ArdAR1SZn",
"date":"2014-01-09 16:40:30"
},
{
"kids":[],
"uid":"1055211185",
"parent":"",
"text":"",
"mid":"ArdAL6YaZ",
"date":"2014-01-09 16:40:16"
},
{
"kids":[],
"uid":"1742495162",
"parent":"ArcI3rLkJ",
"text":"",
"mid":"ArdzYmko8",
"date":"2014-01-09 16:38:20"
},
{
"kids":[],
"uid":"1943766447",
"parent":"",
"text":"@米妮的米奇1710",
"mid":"ArdzoBFIA",
"date":"2014-01-09 16:36:55"
},
{
"kids":[],
"uid":"1475960661",
"parent":"ArcI3rLkJ",
"text":"",
"mid":"Ardzcc0V1",
"date":"2014-01-09 16:36:25"
},
{
"kids":[
"ArEwycKmd"
],
"uid":"2722328683",
"parent":"",
"text":"",
"mid":"ArdxQwH33",
"date":"2014-01-09 16:33:06"
},
{
"kids":[],
"uid":"2907334511",
"parent":"ArcI3rLkJ",
"text":"",
"mid":"ArdtoAKnG",
"date":"2014-01-09 16:22:07"
},
{
"kids":[],
"uid":"1130455202",
"parent":"",
"text":"",
"mid":"Ardtn75ju",
"date":"2014-01-09 16:22:04"
},
{
"kids":[],
"uid":"topenough",
"parent":"",
"text":"",
"mid":"ArdsZ9FHY",
"date":"2014-01-09 16:21:07"
},
{
"kids":[],
"uid":"2351916064",
"parent":"ArcI3rLkJ",
"text":"",
"mid":"ArdsIjG8A",
"date":"2014-01-09 16:20:27"
},
{
"kids":[],
"uid":"1869265053",
"parent":"ArcI3rLkJ",
"text":"真的假的？",
"mid":"ArdsFmjvj",
"date":"2014-01-09 16:20:19"
},
{
"kids":[
"ArWow9dhk"
],
"uid":"2719550231",
"parent":"",
"text":"",
"mid":"ArdsnBb7D",
"date":"2014-01-09 16:19:38"
},
{
"kids":[],
"uid":"1920802953",
"parent":"",
"text":"",
"mid":"ArdrGbd1e",
"date":"2014-01-09 16:17:54"
},
{
"kids":[],
"uid":"2678585104",
"parent":"",
"text":"",
"mid":"ArdrskjFn",
"date":"2014-01-09 16:17:21"
},
{
"kids":[],
"uid":"2188391563",
"parent":"",
"text":"",
"mid":"ArdqEn4CT",
"date":"2014-01-09 16:15:22"
},
{
"kids":[],
"uid":"3244688307",
"parent":"",
"text":"[爱你]",
"mid":"Ardp61RRZ",
"date":"2014-01-09 16:11:32"
},
{
"kids":[],
"uid":"1843496350",
"parent":"",
"text":"",
"mid":"Ardp2yjyy",
"date":"2014-01-09 16:11:22"
},
{
"kids":[],
"uid":"1916070587",
"parent":"",
"text":"",
"mid":"ArdnI1CMU",
"date":"2014-01-09 16:08:07"
},
{
"kids":[],
"uid":"1434605993",
"parent":"ArcI3rLkJ",
"text":"@白文子银",
"mid":"ArdngAwAb",
"date":"2014-01-09 16:07:02"
},
{
"kids":[],
"uid":"2114926940",
"parent":"",
"text":"",
"mid":"Ardnd1eNy",
"date":"2014-01-09 16:06:53"
},
{
"kids":[],
"uid":"2968792871",
"parent":"ArcI3rLkJ",
"text":"",
"mid":"ArdmwtJCc",
"date":"2014-01-09 16:05:11"
},
{
"kids":[],
"uid":"3015322865",
"parent":"",
"text":"别怪网速太慢，只怪自己不会调网速！",
"mid":"Ardmik1Vq",
"date":"2014-01-09 16:04:38"
},
{
"kids":[],
"uid":"3159921972",
"parent":"",
"text":"",
"mid":"Ardlgt7nF",
"date":"2014-01-09 16:02:05"
},
{
"kids":[],
"uid":"3264870953",
"parent":"",
"text":"",
"mid":"ArdlagNRw",
"date":"2014-01-09 16:01:51"
},
{
"kids":[],
"uid":"1672801207",
"parent":"",
"text":"",
"mid":"ArdkB5qbt",
"date":"2014-01-09 16:00:27"
},
{
"kids":[],
"uid":"3265622415",
"parent":"",
"text":"",
"mid":"ArdkyaJaw",
"date":"2014-01-09 16:00:19"
},
{
"kids":[],
"uid":"2809422130",
"parent":"ArcI3rLkJ",
"text":"",
"mid":"ArdkvaKU0",
"date":"2014-01-09 16:00:12"
},
{
"kids":[],
"uid":"1670665584",
"parent":"",
"text":"学习了",
"mid":"ArdjUypCm",
"date":"2014-01-09 15:58:46"
},
{
"kids":[],
"uid":"3244782435",
"parent":"",
"text":"",
"mid":"Ardi83Rqc",
"date":"2014-01-09 15:54:22"
},
{
"kids":[],
"uid":"3415732844",
"parent":"",
"text":"",
"mid":"ArdhNmsE8",
"date":"2014-01-09 15:53:33"
},
{
"kids":[],
"uid":"2074922393",
"parent":"ArcI3rLkJ",
"text":"",
"mid":"ArdhdkfOY",
"date":"2014-01-09 15:52:07"
},
{
"kids":[],
"uid":"1952511303",
"parent":"",
"text":"试试",
"mid":"Ardhc59HK",
"date":"2014-01-09 15:52:04"
},
{
"kids":[
"AsSvIAZ4U",
"Artbs2Q3C"
],
"uid":"2654081453",
"parent":"ArcI3rLkJ",
"text":"",
"mid":"Ardh50KJJ",
"date":"2014-01-09 15:51:47"
},
{
"kids":[],
"uid":"1852888490",
"parent":"ArcI3rLkJ",
"text":"",
"mid":"ArdgE8BJ4",
"date":"2014-01-09 15:50:42"
},
{
"kids":[],
"uid":"279559901",
"parent":"",
"text":"试试！",
"mid":"Ardg45mFT",
"date":"2014-01-09 15:49:17"
},
{
"kids":[],
"uid":"606162341",
"parent":"",
"text":"学习了",
"mid":"ArdfYthdn",
"date":"2014-01-09 15:49:04"
},
{
"kids":[],
"uid":"3405644622",
"parent":"",
"text":"",
"mid":"ArdfKxxn7",
"date":"2014-01-09 15:48:31"
},
{
"kids":[],
"uid":"3937775065",
"parent":"ArcI3rLkJ",
"text":"真的假的？",
"mid":"ArdfGa0Ml",
"date":"2014-01-09 15:48:20"
},
{
"kids":[],
"uid":"1066503942",
"parent":"",
"text":"调整网速",
"mid":"ArdfrmsJC",
"date":"2014-01-09 15:47:45"
},
{
"kids":[],
"uid":"1394902377",
"parent":"ArcI3rLkJ",
"text":"",
"mid":"Ardf6mciY",
"date":"2014-01-09 15:46:53"
},
{
"kids":[],
"uid":"3722294603",
"parent":"",
"text":"",
"mid":"ArdeYF3dN",
"date":"2014-01-09 15:46:36"
},
{
"kids":[],
"uid":"2304704103",
"parent":"ArcI3rLkJ",
"text":"",
"mid":"ArdeUAw79",
"date":"2014-01-09 15:46:27"
},
{
"kids":[],
"uid":"2251241755",
"parent":"",
"text":"",
"mid":"ArdeTm2bJ",
"date":"2014-01-09 15:46:24"
},
{
"kids":[],
"uid":"1829728421",
"parent":"",
"text":"",
"mid":"Arde85bId",
"date":"2014-01-09 15:44:31"
},
{
"kids":[],
"uid":"3296037791",
"parent":"ArcI3rLkJ",
"text":"",
"mid":"Arde7dhA2",
"date":"2014-01-09 15:44:28"
},
{
"kids":[],
"uid":"3767510592",
"parent":"",
"text":"",
"mid":"ArddRhhmS",
"date":"2014-01-09 15:43:50"
},
{
"kids":[],
"uid":"2144861005",
"parent":"",
"text":"",
"mid":"ArddvqExr",
"date":"2014-01-09 15:42:59"
},
{
"kids":[],
"uid":"2255845853",
"parent":"",
"text":"",
"mid":"Arddme258",
"date":"2014-01-09 15:42:37"
},
{
"kids":[],
"uid":"3777622547",
"parent":"ArcI3rLkJ",
"text":"",
"mid":"ArdcS6LlF",
"date":"2014-01-09 15:41:25"
},
{
"kids":[],
"uid":"2126119541",
"parent":"",
"text":"真的吗？试试",
"mid":"ArdcwfBIr",
"date":"2014-01-09 15:40:33"
},
{
"kids":[],
"uid":"2724016774",
"parent":"",
"text":"",
"mid":"ArdbFn8aI",
"date":"2014-01-09 15:38:27"
},
{
"kids":[],
"uid":"3428405850",
"parent":"ArcI3rLkJ",
"text":"",
"mid":"ArdaO7I8p",
"date":"2014-01-09 15:36:20"
},
{
"kids":[],
"uid":"2639653654",
"parent":"",
"text":"真的吗？试试",
"mid":"ArdaHF5g6",
"date":"2014-01-09 15:36:04"
},
{
"kids":[],
"uid":"1924043227",
"parent":"",
"text":"",
"mid":"Arda8doLm",
"date":"2014-01-09 15:34:40"
},
{
"kids":[],
"uid":"2159191500",
"parent":"ArcI3rLkJ",
"text":"",
"mid":"Ard9UjkSv",
"date":"2014-01-09 15:34:07"
},
{
"kids":[],
"uid":"WhiteHot",
"parent":"ArcI3rLkJ",
"text":"原来如此。",
"mid":"Ard8A8ou1",
"date":"2014-01-09 15:30:51"
},
{
"kids":[],
"uid":"2191550341",
"parent":"",
"text":"",
"mid":"Ard8wzq5d",
"date":"2014-01-09 15:30:43"
},
{
"kids":[],
"uid":"277551677",
"parent":"ArcI3rLkJ",
"text":"",
"mid":"Ard8meZk0",
"date":"2014-01-09 15:30:17"
},
{
"kids":[],
"uid":"2677995194",
"parent":"ArcI3rLkJ",
"text":"",
"mid":"Ard6Ov82Q",
"date":"2014-01-09 15:26:30"
},
{
"kids":[],
"uid":"1994889384",
"parent":"ArcI3rLkJ",
"text":"转",
"mid":"Ard6vCbXc",
"date":"2014-01-09 15:25:44"
},
{
"kids":[],
"uid":"2086265571",
"parent":"",
"text":"",
"mid":"Ard6qz4jL",
"date":"2014-01-09 15:25:33"
},
{
"kids":[],
"uid":"zs493476008",
"parent":"ArcI3rLkJ",
"text":"",
"mid":"Ard5GcPcN",
"date":"2014-01-09 15:23:42"
},
{
"kids":[],
"uid":"1931131571",
"parent":"",
"text":"",
"mid":"Ard5ckj4F",
"date":"2014-01-09 15:22:31"
},
{
"kids":[],
"uid":"1400229667",
"parent":"",
"text":"留用",
"mid":"Ard50xi0E",
"date":"2014-01-09 15:22:03"
},
{
"kids":[],
"uid":"1763519473",
"parent":"ArcI3rLkJ",
"text":"@shcced",
"mid":"Ard4cBkkj",
"date":"2014-01-09 15:20:04"
},
{
"kids":[],
"uid":"1896529237",
"parent":"",
"text":"",
"mid":"Ard3RCdhB",
"date":"2014-01-09 15:19:13"
},
{
"kids":[],
"uid":"2692993315",
"parent":"",
"text":"",
"mid":"Ard3cfts1",
"date":"2014-01-09 15:17:35"
},
{
"kids":[],
"uid":"3313351437",
"parent":"",
"text":"",
"mid":"Ard2TCduc",
"date":"2014-01-09 15:16:51"
},
{
"kids":[],
"uid":"3286093201",
"parent":"ArcI3rLkJ",
"text":"",
"mid":"Ard2StfJ8",
"date":"2014-01-09 15:16:48"
},
{
"kids":[],
"uid":"1282974657",
"parent":"ArcI3rLkJ",
"text":"转了",
"mid":"Ard2ucfmx",
"date":"2014-01-09 15:15:49"
},
{
"kids":[],
"uid":"3289549247",
"parent":"",
"text":"",
"mid":"Ard2l2DFN",
"date":"2014-01-09 15:15:28"
},
{
"kids":[],
"uid":"3499039365",
"parent":"",
"text":"",
"mid":"Ard2dmI1l",
"date":"2014-01-09 15:15:10"
},
{
"kids":[],
"uid":"1079806185",
"parent":"ArcI3rLkJ",
"text":"[给力]",
"mid":"Ard1mcvEs",
"date":"2014-01-09 15:13:03"
},
{
"kids":[],
"uid":"lzccyanliming",
"parent":"",
"text":"",
"mid":"Ard1ikwsn",
"date":"2014-01-09 15:12:54"
},
{
"kids":[],
"uid":"uc46908991",
"parent":"",
"text":"",
"mid":"Ard1evhUl",
"date":"2014-01-09 15:12:45"
},
{
"kids":[],
"uid":"1916390243",
"parent":"ArcI3rLkJ",
"text":"",
"mid":"Ard15DdF0",
"date":"2014-01-09 15:12:23"
},
{
"kids":[],
"uid":"2137867827",
"parent":"",
"text":"",
"mid":"Ard0YfUI6",
"date":"2014-01-09 15:12:05"
},
{
"kids":[],
"uid":"3890761989",
"parent":"ArcI3rLkJ",
"text":"",
"mid":"Ard0A3UfI",
"date":"2014-01-09 15:11:07"
},
{
"kids":[],
"uid":"1826090910",
"parent":"",
"text":"",
"mid":"Ard0jsQWl",
"date":"2014-01-09 15:10:28"
},
{
"kids":[
"ArlEIcdHz",
"ArjRcgX5N"
],
"uid":"2497467852",
"parent":"ArcI3rLkJ",
"text":"",
"mid":"ArcZSzTDS",
"date":"2014-01-09 15:09:25"
},
{
"kids":[],
"uid":"denverzcw",
"parent":"",
"text":"",
"mid":"ArcZSiii4",
"date":"2014-01-09 15:09:24"
},
{
"kids":[],
"uid":"2683152631",
"parent":"",
"text":"",
"mid":"ArcZO9rnF",
"date":"2014-01-09 15:09:14"
},
{
"kids":[],
"uid":"3165156024",
"parent":"ArcI3rLkJ",
"text":"",
"mid":"ArcZMnzD3",
"date":"2014-01-09 15:09:10"
},
{
"kids":[],
"uid":"3179559932",
"parent":"",
"text":"是嘛？？？",
"mid":"ArcZfA6Q5",
"date":"2014-01-09 15:07:52"
},
{
"kids":[],
"uid":"1807660153",
"parent":"",
"text":"",
"mid":"ArcZ17lHS",
"date":"2014-01-09 15:07:16"
},
{
"kids":[],
"uid":"2686212755",
"parent":"",
"text":"",
"mid":"ArcYSvB7L",
"date":"2014-01-09 15:06:57"
},
{
"kids":[],
"uid":"3159917683",
"parent":"",
"text":"",
"mid":"ArcYxg8QU",
"date":"2014-01-09 15:06:06"
},
{
"kids":[],
"uid":"3123050022",
"parent":"",
"text":"",
"mid":"ArcYpxNie",
"date":"2014-01-09 15:05:48"
},
{
"kids":[],
"uid":"718176123",
"parent":"ArcI3rLkJ",
"text":"",
"mid":"ArcXQqJnW",
"date":"2014-01-09 15:04:24"
},
{
"kids":[],
"uid":"1833810630",
"parent":"ArcHIeuU0",
"text":"",
"mid":"ArcXCdXyt",
"date":"2014-01-09 15:03:50"
},
{
"kids":[],
"uid":"3916204931",
"parent":"ArcI3rLkJ",
"text":"",
"mid":"ArcXAaxth",
"date":"2014-01-09 15:03:45"
},
{
"kids":[],
"uid":"2041752925",
"parent":"",
"text":"不知有用不？",
"mid":"ArcXue1i3",
"date":"2014-01-09 15:03:31"
},
{
"kids":[],
"uid":"3310618603",
"parent":"ArcI3rLkJ",
"text":"",
"mid":"ArcXg5M5T",
"date":"2014-01-09 15:02:56"
},
{
"kids":[],
"uid":"1941930433",
"parent":"",
"text":"mark",
"mid":"ArcXb5h15",
"date":"2014-01-09 15:02:44"
},
{
"kids":[],
"uid":"2098720610",
"parent":"",
"text":"",
"mid":"ArcX9wFZY",
"date":"2014-01-09 15:02:42"
},
{
"kids":[],
"uid":"2940638937",
"parent":"ArcI3rLkJ",
"text":"",
"mid":"ArcX84eiR",
"date":"2014-01-09 15:02:38"
},
{
"kids":[],
"uid":"3923563379",
"parent":"ArcI3rLkJ",
"text":"",
"mid":"ArcWRxG4J",
"date":"2014-01-09 15:01:59"
},
{
"kids":[],
"uid":"3162039820",
"parent":"ArcI3rLkJ",
"text":"",
"mid":"ArcWBh7MW",
"date":"2014-01-09 15:01:19"
},
{
"kids":[],
"uid":"1809071152",
"parent":"",
"text":"收藏了",
"mid":"ArcWrguk0",
"date":"2014-01-09 15:00:55"
},
{
"kids":[],
"uid":"2414931581",
"parent":"ArcI3rLkJ",
"text":"",
"mid":"ArcWpqCDy",
"date":"2014-01-09 15:00:51"
},
{
"kids":[],
"uid":"2150058932",
"parent":"",
"text":"",
"mid":"ArcVNlCwO",
"date":"2014-01-09 14:59:21"
},
{
"kids":[],
"uid":"2926216453",
"parent":"ArcI3rLkJ",
"text":"",
"mid":"ArcVIDNFW",
"date":"2014-01-09 14:59:10"
},
{
"kids":[],
"uid":"1225797442",
"parent":"ArcI3rLkJ",
"text":"",
"mid":"ArcVDAo3P",
"date":"2014-01-09 14:58:58"
},
{
"kids":[],
"uid":"2580096364",
"parent":"ArcI3rLkJ",
"text":"小小冉来学习@冉浩阳苦逼上学生活",
"mid":"ArcVztaRL",
"date":"2014-01-09 14:58:48"
},
{
"kids":[],
"uid":"2673319873",
"parent":"ArcI3rLkJ",
"text":"",
"mid":"ArcVf4Wq8",
"date":"2014-01-09 14:57:59"
},
{
"kids":[],
"uid":"3144369697",
"parent":"ArcI3rLkJ",
"text":"◑▂◐",
"mid":"ArcUXkXtI",
"date":"2014-01-09 14:57:17"
},
{
"kids":[],
"uid":"1619986087",
"parent":"",
"text":"",
"mid":"ArcUH4HCt",
"date":"2014-01-09 14:56:38"
},
{
"kids":[],
"uid":"3835796603",
"parent":"ArcI3rLkJ",
"text":"赶紧转一下，试试是否有用",
"mid":"ArcUGvY5D",
"date":"2014-01-09 14:56:37"
},
{
"kids":[],
"uid":"3229437870",
"parent":"",
"text":"",
"mid":"ArcUuETxf",
"date":"2014-01-09 14:56:09"
},
{
"kids":[],
"uid":"2297834690",
"parent":"ArcI3rLkJ",
"text":"",
"mid":"ArcUocHDx",
"date":"2014-01-09 14:55:52"
},
{
"kids":[],
"uid":"joyousw",
"parent":"ArcI3rLkJ",
"text":"",
"mid":"ArcUf0hP1",
"date":"2014-01-09 14:55:31"
},
{
"kids":[],
"uid":"3499207764",
"parent":"",
"text":"",
"mid":"ArcTDsexO",
"date":"2014-01-09 14:54:02"
},
{
"kids":[
"ArN6Jq0H3"
],
"uid":"3260230327",
"parent":"ArcI3rLkJ",
"text":"",
"mid":"ArcSPfciP",
"date":"2014-01-09 14:52:02"
},
{
"kids":[],
"uid":"1429377717",
"parent":"ArcI3rLkJ",
"text":"",
"mid":"ArcSjnxTn",
"date":"2014-01-09 14:50:45"
},
{
"kids":[],
"uid":"3154998191",
"parent":"ArcI3rLkJ",
"text":"",
"mid":"ArcSgqcI4",
"date":"2014-01-09 14:50:39"
},
{
"kids":[],
"uid":"2341671823",
"parent":"ArcI3rLkJ",
"text":"",
"mid":"ArcSeBu2H",
"date":"2014-01-09 14:50:35"
},
{
"kids":[
"AsePLhSI5",
"ArWfwg3i8",
"ArVe0w1Kh"
],
"uid":"2735704545",
"parent":"ArcI3rLkJ",
"text":"",
"mid":"ArcSci0Bo",
"date":"2014-01-09 14:50:29"
},
{
"kids":[],
"uid":"1025794771",
"parent":"ArcI3rLkJ",
"text":"网速快了。",
"mid":"ArcSceEJS",
"date":"2014-01-09 14:50:28"
},
{
"kids":[],
"uid":"3203390610",
"parent":"ArcI3rLkJ",
"text":"",
"mid":"ArcS5u4ry",
"date":"2014-01-09 14:50:13"
},
{
"kids":[],
"uid":"2460200660",
"parent":"ArcI3rLkJ",
"text":"",
"mid":"ArcRJ2Cbd",
"date":"2014-01-09 14:49:19"
},
{
"kids":[],
"uid":"1418678951",
"parent":"ArcI3rLkJ",
"text":"",
"mid":"ArcRvFbGY",
"date":"2014-01-09 14:48:48"
},
{
"kids":[
"Armg11dV4"
],
"uid":"3865483921",
"parent":"ArcI3rLkJ",
"text":"",
"mid":"ArcRq7Il2",
"date":"2014-01-09 14:48:34"
},
{
"kids":[],
"uid":"3149297851",
"parent":"",
"text":"",
"mid":"ArcRdEJEn",
"date":"2014-01-09 14:48:05"
},
{
"kids":[],
"uid":"1653220632",
"parent":"ArcI3rLkJ",
"text":"",
"mid":"ArcQjyJdd",
"date":"2014-01-09 14:45:47"
},
{
"kids":[],
"uid":"3208251474",
"parent":"ArcI3rLkJ",
"text":"",
"mid":"ArcQ8CB9y",
"date":"2014-01-09 14:45:25"
},
{
"kids":[],
"uid":"1785299307",
"parent":"ArcI3rLkJ",
"text":"",
"mid":"ArcQ2F9Ai",
"date":"2014-01-09 14:45:11"
},
{
"kids":[],
"uid":"2925339685",
"parent":"",
"text":"[强]",
"mid":"ArcPEbf4C",
"date":"2014-01-09 14:44:12"
},
{
"kids":[],
"uid":"c662003",
"parent":"ArcI3rLkJ",
"text":"",
"mid":"ArcP5AmvG",
"date":"2014-01-09 14:42:49"
},
{
"kids":[],
"uid":"leafch",
"parent":"",
"text":"[围观]",
"mid":"ArcOWqJub",
"date":"2014-01-09 14:42:28"
},
{
"kids":[],
"uid":"3132953547",
"parent":"",
"text":"",
"mid":"ArcOAAHWG",
"date":"2014-01-09 14:41:36"
},
{
"kids":[],
"uid":"1577933591",
"parent":"",
"text":"",
"mid":"ArcOzF5tU",
"date":"2014-01-09 14:41:34"
},
{
"kids":[],
"uid":"1678073293",
"parent":"ArcI3rLkJ",
"text":"一",
"mid":"ArcOxkCNg",
"date":"2014-01-09 14:41:28"
},
{
"kids":[],
"uid":"2093463115",
"parent":"ArcI3rLkJ",
"text":"",
"mid":"ArcO4FzoD",
"date":"2014-01-09 14:40:20"
},
{
"kids":[],
"uid":"2689109192",
"parent":"",
"text":"",
"mid":"ArcNXA1NN",
"date":"2014-01-09 14:40:03"
},
{
"kids":[],
"uid":"1568409240",
"parent":"ArcI3rLkJ",
"text":"ok",
"mid":"ArcNW6quv",
"date":"2014-01-09 14:39:58"
},
{
"kids":[],
"uid":"1575094892",
"parent":"ArcI3rLkJ",
"text":"",
"mid":"ArcNQbJQr",
"date":"2014-01-09 14:39:44"
},
{
"kids":[],
"uid":"bjyzq",
"parent":"ArcI3rLkJ",
"text":"加快网速！",
"mid":"ArcNziS85",
"date":"2014-01-09 14:39:05"
},
{
"kids":[],
"uid":"2808994383",
"parent":"",
"text":"",
"mid":"ArcNvtpe4",
"date":"2014-01-09 14:38:55"
},
{
"kids":[],
"uid":"2479251541",
"parent":"",
"text":"",
"mid":"ArcNis8l4",
"date":"2014-01-09 14:38:25"
},
{
"kids":[],
"uid":"2730849551",
"parent":"ArcI3rLkJ",
"text":"真的吗？",
"mid":"ArcN9428C",
"date":"2014-01-09 14:38:02"
},
{
"kids":[],
"uid":"2295113771",
"parent":"ArcI3rLkJ",
"text":"",
"mid":"ArcN2xHHH",
"date":"2014-01-09 14:37:47"
},
{
"kids":[],
"uid":"2942323157",
"parent":"ArcI3rLkJ",
"text":"",
"mid":"ArcMYnzoE",
"date":"2014-01-09 14:37:37"
},
{
"kids":[],
"uid":"1365495071",
"parent":"",
"text":"",
"mid":"ArcMEyoMM",
"date":"2014-01-09 14:36:50"
},
{
"kids":[],
"uid":"3422833472",
"parent":"ArcI3rLkJ",
"text":"[",
"mid":"ArcMzBRt0",
"date":"2014-01-09 14:36:36"
},
{
"kids":[],
"uid":"2937080870",
"parent":"ArcI3rLkJ",
"text":"",
"mid":"ArcMeC18p",
"date":"2014-01-09 14:35:47"
},
{
"kids":[],
"uid":"1689958522",
"parent":"ArcI3rLkJ",
"text":"转走..",
"mid":"ArcM29y4Q",
"date":"2014-01-09 14:35:16"
},
{
"kids":[],
"uid":"273997717",
"parent":"ArcI3rLkJ",
"text":"",
"mid":"ArcM1xUl8",
"date":"2014-01-09 14:35:17"
},
{
"kids":[],
"uid":"3206027337",
"parent":"ArcI3rLkJ",
"text":"",
"mid":"ArcLVpuX8",
"date":"2014-01-09 14:35:02"
},
{
"kids":[],
"uid":"1848183367",
"parent":"ArcI3rLkJ",
"text":"",
"mid":"ArcLdDwVZ",
"date":"2014-01-09 14:33:18"
},
{
"kids":[],
"uid":"2624377031",
"parent":"ArcI3rLkJ",
"text":"",
"mid":"ArcLdmckh",
"date":"2014-01-09 14:33:17"
},
{
"kids":[],
"uid":"3168729764",
"parent":"ArcI3rLkJ",
"text":"",
"mid":"ArcL5nbei",
"date":"2014-01-09 14:32:58"
},
{
"kids":[],
"uid":"3226116141",
"parent":"ArcI3rLkJ",
"text":"",
"mid":"ArcL29FsN",
"date":"2014-01-09 14:32:49"
},
{
"kids":[],
"uid":"2584615390",
"parent":"ArcI3rLkJ",
"text":"",
"mid":"ArcKS6Gvj",
"date":"2014-01-09 14:32:26"
},
{
"kids":[],
"uid":"2159183651",
"parent":"ArcI3rLkJ",
"text":"",
"mid":"ArcKOeQfh",
"date":"2014-01-09 14:32:17"
},
{
"kids":[],
"uid":"3194464004",
"parent":"ArcI3rLkJ",
"text":"",
"mid":"ArcKL2m30",
"date":"2014-01-09 14:32:09"
},
{
"kids":[],
"uid":"3836736623",
"parent":"ArcI3rLkJ",
"text":"",
"mid":"ArcKK6Fr4",
"date":"2014-01-09 14:32:07"
},
{
"kids":[],
"uid":"3965430936",
"parent":"ArcI3rLkJ",
"text":"",
"mid":"ArcKH8f7R",
"date":"2014-01-09 14:32:00"
},
{
"kids":[],
"uid":"1769375854",
"parent":"ArcI3rLkJ",
"text":"",
"mid":"ArcKA2JVv",
"date":"2014-01-09 14:31:43"
},
{
"kids":[],
"uid":"3956755284",
"parent":"ArcI3rLkJ",
"text":"",
"mid":"ArcKbvWIg",
"date":"2014-01-09 14:30:45"
},
{
"kids":[],
"uid":"1004513465",
"parent":"ArcI3rLkJ",
"text":"",
"mid":"ArcK3evsy",
"date":"2014-01-09 14:30:25"
},
{
"kids":[],
"uid":"2598202017",
"parent":"ArcI3rLkJ",
"text":"",
"mid":"ArcK2EY0B",
"date":"2014-01-09 14:30:24"
},
{
"kids":[],
"uid":"2108720500",
"parent":"ArcI3rLkJ",
"text":"",
"mid":"ArcJYd5sC",
"date":"2014-01-09 14:30:12"
},
{
"kids":[],
"uid":"chrischrisw",
"parent":"",
"text":"",
"mid":"ArcJK5jWy",
"date":"2014-01-09 14:29:39"
},
{
"kids":[],
"uid":"2081030003",
"parent":"ArcI3rLkJ",
"text":"",
"mid":"ArcJK5jTm",
"date":"2014-01-09 14:29:39"
},
{
"kids":[],
"uid":"jinsetangchuan",
"parent":"ArcI3rLkJ",
"text":"",
"mid":"ArcJBuTHi",
"date":"2014-01-09 14:29:18"
},
{
"kids":[],
"uid":"3167526483",
"parent":"",
"text":"@羿君543 @我爱喜多 @曹小婷童鞋 @Helen阿筝 @岚宝童鞋",
"mid":"ArcJyfX8w",
"date":"2014-01-09 14:29:11"
},
{
"kids":[
"Aru7BjxVz",
"Art1vDjvl",
"Arm13caqS"
],
"uid":"2479370945",
"parent":"",
"text":"",
"mid":"ArcJsCRMd",
"date":"2014-01-09 14:28:57"
},
{
"kids":[],
"uid":"1010979577",
"parent":"ArcI3rLkJ",
"text":"",
"mid":"ArcJdyycT",
"date":"2014-01-09 14:28:21"
},
{
"kids":[],
"uid":"1308589937",
"parent":"",
"text":"",
"mid":"ArcJcCcZO",
"date":"2014-01-09 14:28:20"
},
{
"kids":[],
"uid":"3496502982",
"parent":"ArcI3rLkJ",
"text":"",
"mid":"ArcJ7mgnV",
"date":"2014-01-09 14:28:06"
},
{
"kids":[],
"uid":"baiwuxinweibo",
"parent":"ArcI3rLkJ",
"text":"[给力]",
"mid":"ArcJ48q0g",
"date":"2014-01-09 14:27:59"
},
{
"kids":[],
"uid":"monkeyorz",
"parent":"",
"text":"",
"mid":"ArcJ2kGtg",
"date":"2014-01-09 14:27:55"
},
{
"kids":[],
"uid":"2740059783",
"parent":"ArcI3rLkJ",
"text":"",
"mid":"ArcITciAW",
"date":"2014-01-09 14:27:33"
},
{
"kids":[],
"uid":"1673364724",
"parent":"ArcI3rLkJ",
"text":"",
"mid":"ArcIIuN7q",
"date":"2014-01-09 14:27:08"
},
{
"kids":[],
"uid":"2438522845",
"parent":"ArcI3rLkJ",
"text":"转发！试试",
"mid":"ArcIGc4Vl",
"date":"2014-01-09 14:27:02"
},
{
"kids":[],
"uid":"yanhaopingkeai",
"parent":"ArcI3rLkJ",
"text":"",
"mid":"ArcIwmMZX",
"date":"2014-01-09 14:26:39"
},
{
"kids":[],
"uid":"1791164685",
"parent":"ArcI3rLkJ",
"text":"",
"mid":"ArcIuEjuW",
"date":"2014-01-09 14:26:34"
},
{
"kids":[],
"uid":"gulf756",
"parent":"",
"text":"高手！[good]",
"mid":"ArcIrFIHV",
"date":"2014-01-09 14:26:28"
},
{
"kids":[],
"uid":"2737654753",
"parent":"ArcI3rLkJ",
"text":"",
"mid":"ArcIr4QQs",
"date":"2014-01-09 14:26:25"
},
{
"kids":[
"AsSvIAZ4U",
"AspcBfySJ",
"Aso6VxHns",
"AsePLhSI5",
"ArYwadAfn",
"ArXCcwGkp",
"ArWfwg3i8",
"ArVe0w1Kh",
"ArN6Jq0H3",
"ArDndhSVI",
"ArvrPboCt",
"ArutxcBVI",
"ArtGJDbCX",
"Artbs2Q3C",
"Arplu9DO9",
"AroU3hQMW",
"AroSyd8sz",
"Arn1IAzwS",
"Armg11dV4",
"ArlEIcdHz",
"Arlncy8KL",
"Arl9FEe8E",
"Arl1uApqP",
"Ark63F25L",
"ArjYTcKyZ",
"ArjY5g3Ui",
"ArjRcgX5N",
"ArjFqpyon",
"ArjpT7H68",
"ArgOadWfd",
"ArgneFqXh",
"ArgmaaW0H",
"Arg7gawWH",
"Arg7cjXj7",
"ArfY4bshk",
"ArfHWfVI4",
"ArfAigGZk",
"ArfvlyEbv",
"Arf9Al78b",
"Arf7sx4AQ",
"AreUZeQUl",
"AreUEvWej",
"AreC1uz5x",
"AreBwa7cm",
"AreAYbGSD",
"AreyjgjrG",
"Arey8DHQE",
"ArenVEAn2",
"Arec9hhM9",
"Are8ya77V",
"Are7W1Dok",
"Are6WAplC",
"Are3b8EWd",
"Are182kDm",
"ArdXrnOcd",
"ArdSp11BT",
"ArdQWkdzT",
"ArdMhC6iQ",
"ArdLxcvhG",
"ArdL6BAMo",
"ArdK1eZTZ",
"ArdEDmmIK",
"ArdBO9ndA",
"ArdBKAo30",
"ArdAR1SZn",
"ArdzYmko8",
"Ardzcc0V1",
"ArdtoAKnG",
"ArdsIjG8A",
"ArdsFmjvj",
"ArdngAwAb",
"ArdmwtJCc",
"ArdkvaKU0",
"ArdhdkfOY",
"Ardh50KJJ",
"ArdgE8BJ4",
"ArdfGa0Ml",
"Ardf6mciY",
"ArdeUAw79",
"Arde7dhA2",
"ArdcS6LlF",
"ArdaO7I8p",
"Ard9UjkSv",
"Ard8A8ou1",
"Ard8meZk0",
"Ard6Ov82Q",
"Ard6vCbXc",
"Ard5GcPcN",
"Ard4cBkkj",
"Ard2StfJ8",
"Ard2ucfmx",
"Ard1mcvEs",
"Ard15DdF0",
"Ard0A3UfI",
"ArcZSzTDS",
"ArcZMnzD3",
"ArcXQqJnW",
"ArcXAaxth",
"ArcXg5M5T",
"ArcX84eiR",
"ArcWRxG4J",
"ArcWBh7MW",
"ArcWpqCDy",
"ArcVIDNFW",
"ArcVDAo3P",
"ArcVztaRL",
"ArcVf4Wq8",
"ArcUXkXtI",
"ArcUGvY5D",
"ArcUocHDx",
"ArcUf0hP1",
"ArcSPfciP",
"ArcSjnxTn",
"ArcSgqcI4",
"ArcSeBu2H",
"ArcSci0Bo",
"ArcSceEJS",
"ArcS5u4ry",
"ArcRJ2Cbd",
"ArcRvFbGY",
"ArcRq7Il2",
"ArcQjyJdd",
"ArcQ8CB9y",
"ArcQ2F9Ai",
"ArcP5AmvG",
"ArcOxkCNg",
"ArcO4FzoD",
"ArcNW6quv",
"ArcNQbJQr",
"ArcNziS85",
"ArcN9428C",
"ArcN2xHHH",
"ArcMYnzoE",
"ArcMzBRt0",
"ArcMeC18p",
"ArcM29y4Q",
"ArcM1xUl8",
"ArcLVpuX8",
"ArcLdDwVZ",
"ArcLdmckh",
"ArcL5nbei",
"ArcL29FsN",
"ArcKS6Gvj",
"ArcKOeQfh",
"ArcKL2m30",
"ArcKK6Fr4",
"ArcKH8f7R",
"ArcKA2JVv",
"ArcKbvWIg",
"ArcK3evsy",
"ArcK2EY0B",
"ArcJYd5sC",
"ArcJK5jTm",
"ArcJBuTHi",
"ArcJdyycT",
"ArcJ7mgnV",
"ArcJ48q0g",
"ArcITciAW",
"ArcIIuN7q",
"ArcIGc4Vl",
"ArcIwmMZX",
"ArcIuEjuW",
"ArcIr4QQs"
],
"uid":"336061616",
"parent":"",
"text":"",
"mid":"ArcI3rLkJ",
"date":"2014-01-09 14:25:29"
},
{
"kids":[],
"uid":"win19900503",
"parent":"",
"text":"",
"mid":"ArcI1nFi0",
"date":"2014-01-09 14:25:24"
},
{
"kids":[],
"uid":"2962782012",
"parent":"",
"text":"",
"mid":"ArcHWntWa",
"date":"2014-01-09 14:25:12"
},
{
"kids":[
"Arki86kaD"
],
"uid":"chy16828",
"parent":"",
"text":"真有用？",
"mid":"ArcHKwQjD",
"date":"2014-01-09 14:24:44"
},
{
"kids":[
"ArcXCdXyt"
],
"uid":"2873353492",
"parent":"",
"text":"",
"mid":"ArcHIeuU0",
"date":"2014-01-09 14:24:38"
},
{
"kids":[],
"uid":"3509424251",
"parent":"",
"text":"",
"mid":"ArcHCy3C1",
"date":"2014-01-09 14:24:26"
},
{
"kids":[],
"uid":"3750479812",
"parent":"",
"text":"",
"mid":"ArcHugj3g",
"date":"2014-01-09 14:24:06"
},
{
"kids":[],
"uid":"3452725314",
"parent":"",
"text":"冬梅再试下",
"mid":"ArcHmBHbf",
"date":"2014-01-09 14:23:46"
},
{
"kids":[],
"uid":"2336603133",
"parent":"",
"text":"",
"mid":"ArcHeiMZ1",
"date":"2014-01-09 14:23:28"
},
{
"kids":[],
"uid":"xiaoxiaolovexx",
"parent":"",
"text":"",
"mid":"ArcH07Lcu",
"date":"2014-01-09 14:22:53"
},
{
"kids":[],
"uid":"2217345467",
"parent":"",
"text":"",
"mid":"ArcGEgDW7",
"date":"2014-01-09 14:22:02"
},
{
"kids":[],
"uid":"1882018650",
"parent":"",
"text":"",
"mid":"ArcGBlvu0",
"date":"2014-01-09 14:21:55"
},
{
"kids":[],
"uid":"2992143285",
"parent":"",
"text":"等下试试",
"mid":"ArcGBifbD",
"date":"2014-01-09 14:21:54"
},
{
"kids":[],
"uid":"2521548451",
"parent":"",
"text":"。",
"mid":"ArcFSo5qq",
"date":"2014-01-09 14:20:07"
},
{
"kids":[],
"uid":"3125021487",
"parent":"",
"text":"",
"mid":"ArcFI2Aja",
"date":"2014-01-09 14:19:43"
},
{
"kids":[
"AsfAgnA2K",
"ArNzUqZMQ"
],
"uid":"2779417032",
"parent":"",
"text":"",
"mid":"ArcFAnVrj",
"date":"2014-01-09 14:19:23"
},
{
"kids":[],
"uid":"3184012065",
"parent":"",
"text":"有用么？回到宿舍后去试试……",
"mid":"ArcF2pCHK",
"date":"2014-01-09 14:18:03"
},
{
"kids":[],
"uid":"2817765090",
"parent":"",
"text":"收藏",
"mid":"ArcEs5ThY",
"date":"2014-01-09 14:16:36"
},
{
"kids":[],
"uid":"1648156112",
"parent":"",
"text":"",
"mid":"ArcDNivzo",
"date":"2014-01-09 14:14:59"
},
{
"kids":[],
"uid":"1189561523",
"parent":"",
"text":"",
"mid":"ArcDF1Ma9",
"date":"2014-01-09 14:14:40"
},
{
"kids":[],
"uid":"1928721385",
"parent":"",
"text":"[鼓掌]",
"mid":"ArcCNfwCA",
"date":"2014-01-09 14:12:31"
},
{
"kids":[],
"uid":"1403457632",
"parent":"",
"text":"",
"mid":"ArcCCzB0X",
"date":"2014-01-09 14:12:06"
}
]