[
{
"kids":[],
"uid":"2724415381",
"parent":"",
"text":"@天蝎座的koko @园园扁扁圈圈蛋蛋",
"mid":"ABTV4783W",
"date":"2014-03-20 22:48:41"
},
{
"kids":[],
"uid":"3043878074",
"parent":"AB39hxSbQ",
"text":"",
"mid":"ABypJuJPO",
"date":"2014-03-18 16:03:49"
},
{
"kids":[],
"uid":"1583199810",
"parent":"AAZY0uLTc",
"text":"",
"mid":"ABwKq9iKj",
"date":"2014-03-18 11:49:17"
},
{
"kids":[],
"uid":"2805094650",
"parent":"AB39hxSbQ",
"text":"",
"mid":"ABwhcrXbN",
"date":"2014-03-18 10:37:18"
},
{
"kids":[],
"uid":"3044143044",
"parent":"AAZY0uLTc",
"text":"",
"mid":"ABvCS2dIp",
"date":"2014-03-18 08:57:57"
},
{
"kids":[],
"uid":"2919918510",
"parent":"AAZGIa9R1",
"text":"",
"mid":"ABvtwyyoi",
"date":"2014-03-18 08:34:55"
},
{
"kids":[],
"uid":"3044506552",
"parent":"",
"text":"",
"mid":"ABuvOktdL",
"date":"2014-03-18 06:07:48"
},
{
"kids":[],
"uid":"1583484352",
"parent":"AAZEI6OxE",
"text":"",
"mid":"ABtZECKWm",
"date":"2014-03-18 04:48:36"
},
{
"kids":[],
"uid":"2809575092",
"parent":"AB06wgM0Y",
"text":"",
"mid":"ABtgKeVSI",
"date":"2014-03-18 02:57:57"
},
{
"kids":[],
"uid":"3044597352",
"parent":"AB0NetrL9",
"text":"",
"mid":"ABtfZxlCu",
"date":"2014-03-18 02:56:06"
},
{
"kids":[],
"uid":"3045210044",
"parent":"AAZEI6OxE",
"text":"",
"mid":"ABsVGrN64",
"date":"2014-03-18 02:06:04"
},
{
"kids":[],
"uid":"2803668154",
"parent":"AB3quec4M",
"text":"",
"mid":"ABsUGFQAq",
"date":"2014-03-18 02:03:37"
},
{
"kids":[],
"uid":"2919475370",
"parent":"",
"text":"",
"mid":"ABsTo3e71",
"date":"2014-03-18 02:00:24"
},
{
"kids":[],
"uid":"2097664494",
"parent":"",
"text":"预言帝",
"mid":"ABq9mn9le",
"date":"2014-03-17 19:01:31"
},
{
"kids":[],
"uid":"1582738113",
"parent":"AAZLabZq2",
"text":"",
"mid":"ABoT14j72",
"date":"2014-03-17 15:48:30"
},
{
"kids":[],
"uid":"1778089094",
"parent":"",
"text":"",
"mid":"ABnGAmemn",
"date":"2014-03-17 12:45:07"
},
{
"kids":[],
"uid":"3044063570",
"parent":"AB2C1A8SS",
"text":"",
"mid":"ABncndizM",
"date":"2014-03-17 11:30:41"
},
{
"kids":[],
"uid":"1584069220",
"parent":"AB0bx9UQe",
"text":"",
"mid":"ABkkQ8Vl4",
"date":"2014-03-17 04:13:19"
},
{
"kids":[],
"uid":"2137106891",
"parent":"AB3lvtK2Y",
"text":"是不是哦！这么巧！",
"mid":"ABhFuF9L6",
"date":"2014-03-16 21:25:58"
},
{
"kids":[],
"uid":"2803966244",
"parent":"",
"text":"",
"mid":"ABgpFfqzl",
"date":"2014-03-16 18:14:13"
},
{
"kids":[],
"uid":"2803682020",
"parent":"",
"text":"",
"mid":"ABfW1AEsq",
"date":"2014-03-16 17:01:11"
},
{
"kids":[],
"uid":"1777501092",
"parent":"AAZLabZq2",
"text":"",
"mid":"ABfxgcI82",
"date":"2014-03-16 16:00:10"
},
{
"kids":[],
"uid":"2919514950",
"parent":"AAZLabZq2",
"text":"",
"mid":"ABf5az0H1",
"date":"2014-03-16 14:50:57"
},
{
"kids":[],
"uid":"2919724480",
"parent":"AB45J8QPn",
"text":"",
"mid":"ABeaU18VG",
"date":"2014-03-16 12:32:20"
},
{
"kids":[],
"uid":"3043525944",
"parent":"",
"text":"",
"mid":"ABdauxga3",
"date":"2014-03-16 09:58:36"
},
{
"kids":[],
"uid":"1862322110",
"parent":"",
"text":"[呵呵]",
"mid":"ABd1nyPqy",
"date":"2014-03-16 09:36:09"
},
{
"kids":[],
"uid":"2383932591",
"parent":"",
"text":"[衰]",
"mid":"ABcq0ih5y",
"date":"2014-03-16 08:04:03"
},
{
"kids":[],
"uid":"3045401394",
"parent":"AB0zDrnIH",
"text":"",
"mid":"ABchT6U1v",
"date":"2014-03-16 07:44:04"
},
{
"kids":[],
"uid":"2371607337",
"parent":"",
"text":"",
"mid":"ABaFQaFl7",
"date":"2014-03-16 03:37:35"
},
{
"kids":[],
"uid":"2907340147",
"parent":"",
"text":"",
"mid":"AB8V48Hi5",
"date":"2014-03-15 23:09:36"
},
{
"kids":[],
"uid":"2819329805",
"parent":"",
"text":"",
"mid":"AB8gHCwkQ",
"date":"2014-03-15 21:30:10"
},
{
"kids":[],
"uid":"3087372055",
"parent":"",
"text":"",
"mid":"AB7lZw9uR",
"date":"2014-03-15 19:10:27"
},
{
"kids":[],
"uid":"2904082027",
"parent":"",
"text":"",
"mid":"AB6Ku38zf",
"date":"2014-03-15 17:38:02"
},
{
"kids":[],
"uid":"2673919145",
"parent":"",
"text":"[吃惊]",
"mid":"AB6ghuxa6",
"date":"2014-03-15 16:23:37"
},
{
"kids":[],
"uid":"3496364362",
"parent":"",
"text":"平仄不通。还妄想冠李白之明。呵呵垃圾",
"mid":"AB5AHkFuR",
"date":"2014-03-15 14:41:11"
},
{
"kids":[],
"uid":"2725108551",
"parent":"",
"text":"",
"mid":"AB5dmzPDN",
"date":"2014-03-15 13:43:41"
},
{
"kids":[],
"uid":"1235237201",
"parent":"",
"text":"",
"mid":"AB4VtyGxg",
"date":"2014-03-15 12:59:38"
},
{
"kids":[],
"uid":"3044899754",
"parent":"AAZGIa9R1",
"text":"",
"mid":"AB4KwxrXS",
"date":"2014-03-15 12:32:38"
},
{
"kids":[],
"uid":"2972469802",
"parent":"",
"text":"[哈哈][汗][汗][汗][汗][汗][汗][汗][汗]",
"mid":"AB4Kk9ViR",
"date":"2014-03-15 12:32:09"
},
{
"kids":[],
"uid":"1268143462",
"parent":"",
"text":"",
"mid":"AB4JZ9jxH",
"date":"2014-03-15 12:31:19"
},
{
"kids":[],
"uid":"2920506882",
"parent":"AB0QFeFF2",
"text":"",
"mid":"AB4GD911U",
"date":"2014-03-15 12:23:01"
},
{
"kids":[],
"uid":"2833152331",
"parent":"",
"text":"",
"mid":"AB4EPrAgO",
"date":"2014-03-15 12:18:35"
},
{
"kids":[],
"uid":"2652861563",
"parent":"",
"text":"",
"mid":"AB4xnBc83",
"date":"2014-03-15 12:00:16"
},
{
"kids":[],
"uid":"2280226624",
"parent":"",
"text":"[吃惊][吃惊]",
"mid":"AB4qBpTZS",
"date":"2014-03-15 11:43:34"
},
{
"kids":[],
"uid":"1957690391",
"parent":"",
"text":"",
"mid":"AB4eL5pHZ",
"date":"2014-03-15 11:14:23"
},
{
"kids":[],
"uid":"1678910100",
"parent":"",
"text":"",
"mid":"AB46cFIN0",
"date":"2014-03-15 10:53:19"
},
{
"kids":[],
"uid":"2805198990",
"parent":"",
"text":"",
"mid":"AB469qMXY",
"date":"2014-03-15 10:53:10"
},
{
"kids":[
"ABeaU18VG"
],
"uid":"1830284583",
"parent":"",
"text":"[吃惊]",
"mid":"AB45J8QPn",
"date":"2014-03-15 10:52:08"
},
{
"kids":[],
"uid":"1520828965",
"parent":"AB0QFeFF2",
"text":"",
"mid":"AB440sRyx",
"date":"2014-03-15 10:47:53"
},
{
"kids":[],
"uid":"2334315740",
"parent":"",
"text":"哈哈",
"mid":"AB41T1oKj",
"date":"2014-03-15 10:42:40"
},
{
"kids":[],
"uid":"2451775342",
"parent":"",
"text":"",
"mid":"AB41a4zJJ",
"date":"2014-03-15 10:40:52"
},
{
"kids":[],
"uid":"1757657951",
"parent":"",
"text":"",
"mid":"AB417oQub",
"date":"2014-03-15 10:40:46"
},
{
"kids":[],
"uid":"jcy0323",
"parent":"",
"text":"这是上知天文下知地理呀",
"mid":"AB3ZjocUM",
"date":"2014-03-15 10:36:20"
},
{
"kids":[],
"uid":"2910600257",
"parent":"",
"text":"",
"mid":"AB3XR0hqH",
"date":"2014-03-15 10:32:44"
},
{
"kids":[],
"uid":"2428768575",
"parent":"",
"text":"",
"mid":"AB3XHi2rW",
"date":"2014-03-15 10:32:19"
},
{
"kids":[],
"uid":"ShuaiQiHaiLong",
"parent":"",
"text":"",
"mid":"AB3WNqsLk",
"date":"2014-03-15 10:30:08"
},
{
"kids":[],
"uid":"2116196431",
"parent":"",
"text":"有预知能力啊。太强大了",
"mid":"AB3QzvP0l",
"date":"2014-03-15 10:14:47"
},
{
"kids":[],
"uid":"1963496164",
"parent":"",
"text":"好吧",
"mid":"AB3Qzuj6x",
"date":"2014-03-15 10:14:48"
},
{
"kids":[],
"uid":"2455815383",
"parent":"",
"text":"",
"mid":"AB3Q77F72",
"date":"2014-03-15 10:13:39"
},
{
"kids":[],
"uid":"2428142347",
"parent":"",
"text":"",
"mid":"AB3PgexYQ",
"date":"2014-03-15 10:11:34"
},
{
"kids":[],
"uid":"1655316171",
"parent":"",
"text":"@菇儿漂漂__Happy",
"mid":"AB3JdxM73",
"date":"2014-03-15 09:56:41"
},
{
"kids":[],
"uid":"2535814691",
"parent":"",
"text":"[吃惊]",
"mid":"AB3IPhWgR",
"date":"2014-03-15 09:55:42"
},
{
"kids":[],
"uid":"3085690043",
"parent":"",
"text":"",
"mid":"AB3IngiNM",
"date":"2014-03-15 09:54:36"
},
{
"kids":[],
"uid":"2691634100",
"parent":"",
"text":"",
"mid":"AB3Cqc5Kg",
"date":"2014-03-15 09:39:56"
},
{
"kids":[],
"uid":"2582007341",
"parent":"",
"text":"",
"mid":"AB3Bb4WQI",
"date":"2014-03-15 09:36:52"
},
{
"kids":[],
"uid":"2891674172",
"parent":"",
"text":"[哈哈][哈哈]",
"mid":"AB3yteALv",
"date":"2014-03-15 09:30:12"
},
{
"kids":[],
"uid":"2445974044",
"parent":"AAZFCtBU1",
"text":"",
"mid":"AB3wLrdxR",
"date":"2014-03-15 09:26:00"
},
{
"kids":[],
"uid":"1797246965",
"parent":"",
"text":"",
"mid":"AB3roFJIz",
"date":"2014-03-15 09:12:47"
},
{
"kids":[
"ABsUGFQAq"
],
"uid":"2686866271",
"parent":"",
"text":"",
"mid":"AB3quec4M",
"date":"2014-03-15 09:10:32"
},
{
"kids":[],
"uid":"3285113831",
"parent":"",
"text":"[吃惊][吃惊][吃惊]",
"mid":"AB3osnQBB",
"date":"2014-03-15 09:05:31"
},
{
"kids":[],
"uid":"2392049784",
"parent":"",
"text":"",
"mid":"AB3og0Ijf",
"date":"2014-03-15 09:05:01"
},
{
"kids":[
"ABhFuF9L6"
],
"uid":"1981245505",
"parent":"",
"text":"[熊猫]",
"mid":"AB3lvtK2Y",
"date":"2014-03-15 08:58:16"
},
{
"kids":[],
"uid":"3265547392",
"parent":"",
"text":"[哈哈][哈哈][哈哈]",
"mid":"AB3kOmfqC",
"date":"2014-03-15 08:56:33"
},
{
"kids":[],
"uid":"1748344251",
"parent":"",
"text":"这也太绝了吧",
"mid":"AB3kjgYLB",
"date":"2014-03-15 08:55:19"
},
{
"kids":[],
"uid":"2746092001",
"parent":"",
"text":"原来李白是算命的",
"mid":"AB3k1yRwT",
"date":"2014-03-15 08:54:37"
},
{
"kids":[],
"uid":"2144768661",
"parent":"AB3c4nShk",
"text":"",
"mid":"AB3hKCEy9",
"date":"2014-03-15 08:49:01"
},
{
"kids":[],
"uid":"2188143722",
"parent":"AB3aZlfdO",
"text":"[吃惊][吃惊]",
"mid":"AB3fvthtB",
"date":"2014-03-15 08:43:29"
},
{
"kids":[],
"uid":"2121055934",
"parent":"",
"text":"",
"mid":"AB3dyk79E",
"date":"2014-03-15 08:38:40"
},
{
"kids":[],
"uid":"2602987487",
"parent":"",
"text":"我勒个去！太可怕了",
"mid":"AB3cX5XVS",
"date":"2014-03-15 08:37:11"
},
{
"kids":[],
"uid":"1906734787",
"parent":"",
"text":"轉發微博",
"mid":"AB3cxD5J2",
"date":"2014-03-15 08:36:11"
},
{
"kids":[
"AB3hKCEy9"
],
"uid":"2580591587",
"parent":"AB09BbIfI",
"text":"有先见之明",
"mid":"AB3c4nShk",
"date":"2014-03-15 08:35:01"
},
{
"kids":[
"AB3fvthtB"
],
"uid":"tintinsupergirl",
"parent":"",
"text":"",
"mid":"AB3aZlfdO",
"date":"2014-03-15 08:32:21"
},
{
"kids":[],
"uid":"2353094031",
"parent":"",
"text":"",
"mid":"AB3aceXuV",
"date":"2014-03-15 08:30:24"
},
{
"kids":[
"ABypJuJPO",
"ABwhcrXbN"
],
"uid":"1959601847",
"parent":"",
"text":"",
"mid":"AB39hxSbQ",
"date":"2014-03-15 08:28:09"
},
{
"kids":[],
"uid":"1843307903",
"parent":"",
"text":"原来Ta是个语言家[吃惊]",
"mid":"AB38Pqcll",
"date":"2014-03-15 08:27:02"
},
{
"kids":[],
"uid":"ruisi1314love",
"parent":"",
"text":"哇，不愧大师！",
"mid":"AB38D4s0x",
"date":"2014-03-15 08:26:32"
},
{
"kids":[],
"uid":"1778533204",
"parent":"AB0bx9UQe",
"text":"",
"mid":"AB34okP2V",
"date":"2014-03-15 08:16:04"
},
{
"kids":[],
"uid":"2726255973",
"parent":"",
"text":"",
"mid":"AB32XpGdm",
"date":"2014-03-15 08:12:34"
},
{
"kids":[],
"uid":"3241145684",
"parent":"",
"text":"",
"mid":"AB31PESaI",
"date":"2014-03-15 08:09:47"
},
{
"kids":[],
"uid":"2132019942",
"parent":"",
"text":"",
"mid":"AB31c7ir2",
"date":"2014-03-15 08:08:13"
},
{
"kids":[],
"uid":"2738323217",
"parent":"",
"text":"我是觉得能够挖出这诗的人更更厉害啊！！！",
"mid":"AB2Xyl4p8",
"date":"2014-03-15 07:59:15"
},
{
"kids":[],
"uid":"aleo8008",
"parent":"",
"text":"没有这诗吧！",
"mid":"AB2UOqoYL",
"date":"2014-03-15 07:52:30"
},
{
"kids":[],
"uid":"2356724990",
"parent":"",
"text":"老白你为何这么吊！@紫叶宝露_无可救药萌上恶魔小焰 @_白雪公主的王子是恋尸癖",
"mid":"AB2TItOPV",
"date":"2014-03-15 07:49:48"
},
{
"kids":[],
"uid":"2798632980",
"parent":"",
"text":"转发微博。",
"mid":"AB2RVElpg",
"date":"2014-03-15 07:45:24"
},
{
"kids":[],
"uid":"2886805131",
"parent":"AAZZfFvAZ",
"text":"",
"mid":"AB2Qgxceh",
"date":"2014-03-15 07:41:17"
},
{
"kids":[],
"uid":"2786929755",
"parent":"",
"text":"你妹",
"mid":"AB2PdbXZD",
"date":"2014-03-15 07:38:42"
},
{
"kids":[],
"uid":"545645056",
"parent":"",
"text":"",
"mid":"AB2NPxrBS",
"date":"2014-03-15 07:35:17"
},
{
"kids":[],
"uid":"2956813401",
"parent":"",
"text":"",
"mid":"AB2MdDzbU",
"date":"2014-03-15 07:31:20"
},
{
"kids":[],
"uid":"1696690090",
"parent":"",
"text":"[衰]",
"mid":"AB2KhDJDP",
"date":"2014-03-15 07:26:33"
},
{
"kids":[],
"uid":"2086565721",
"parent":"",
"text":"吊炸天！",
"mid":"AB2IItkzS",
"date":"2014-03-15 07:22:42"
},
{
"kids":[],
"uid":"zyaoyuan",
"parent":"",
"text":"",
"mid":"AB2IbCds0",
"date":"2014-03-15 07:21:24"
},
{
"kids":[],
"uid":"1102837112",
"parent":"",
"text":"",
"mid":"AB2HO3vTB",
"date":"2014-03-15 07:20:27"
},
{
"kids":[],
"uid":"2946322413",
"parent":"",
"text":"[惊恐][惊恐]",
"mid":"AB2HcvcmX",
"date":"2014-03-15 07:18:58"
},
{
"kids":[],
"uid":"1698970041",
"parent":"",
"text":"@毒菇求败丶 @蒲草如丝Z @喵薄荷儿",
"mid":"AB2GReb6f",
"date":"2014-03-15 07:18:07"
},
{
"kids":[],
"uid":"3532100503",
"parent":"",
"text":"",
"mid":"AB2GqlQ3K",
"date":"2014-03-15 07:17:02"
},
{
"kids":[],
"uid":"2932578587",
"parent":"",
"text":"@牛哥zZz @歲月靜好De心 哈哈！",
"mid":"AB2Fd14YM",
"date":"2014-03-15 07:14:02"
},
{
"kids":[],
"uid":"2002154090",
"parent":"",
"text":"[汗][汗]",
"mid":"AB2Fcpr5G",
"date":"2014-03-15 07:14:01"
},
{
"kids":[],
"uid":"2630685043",
"parent":"",
"text":"",
"mid":"AB2EWrPcJ",
"date":"2014-03-15 07:13:23"
},
{
"kids":[],
"uid":"danyingaiziji",
"parent":"",
"text":"屌",
"mid":"AB2CSdSnC",
"date":"2014-03-15 07:08:18"
},
{
"kids":[
"ABncndizM"
],
"uid":"1889515975",
"parent":"",
"text":"是很屌！！",
"mid":"AB2C1A8SS",
"date":"2014-03-15 07:06:13"
},
{
"kids":[],
"uid":"2589168732",
"parent":"",
"text":"",
"mid":"AB2Bmwpb4",
"date":"2014-03-15 07:04:35"
},
{
"kids":[],
"uid":"1574521693",
"parent":"",
"text":"",
"mid":"AB2Ai2LAS",
"date":"2014-03-15 07:01:56"
},
{
"kids":[],
"uid":"chaixingjiang",
"parent":"",
"text":"",
"mid":"AB2z982hU",
"date":"2014-03-15 06:59:07"
},
{
"kids":[],
"uid":"1844122630",
"parent":"",
"text":"",
"mid":"AB2yYuoIs",
"date":"2014-03-15 06:58:42"
},
{
"kids":[],
"uid":"2687439903",
"parent":"",
"text":"锕[汗][汗][汗]",
"mid":"AB2ylbtSu",
"date":"2014-03-15 06:57:08"
},
{
"kids":[],
"uid":"1196926145",
"parent":"",
"text":"🙀🙀🙀",
"mid":"AB2veuaPB",
"date":"2014-03-15 06:49:28"
},
{
"kids":[],
"uid":"2860072710",
"parent":"AAZLSeqzZ",
"text":"[衰][衰][衰]",
"mid":"AB2sHBREp",
"date":"2014-03-15 06:43:15"
},
{
"kids":[],
"uid":"2283318597",
"parent":"",
"text":"",
"mid":"AB2o5fQxP",
"date":"2014-03-15 06:31:52"
},
{
"kids":[],
"uid":"2951395963",
"parent":"",
"text":"[晕][晕][晕][哈哈][哈哈]@坏天才a @Wang珏珏珏珏 @yanghuixinYHX @倩LHSXCL @薄荷木奴 @大汉情缘 @可能是我的感觉出了错",
"mid":"AB2mj4o32",
"date":"2014-03-15 06:27:29"
},
{
"kids":[],
"uid":"2761878195",
"parent":"",
"text":"真是伟大的诗人[衰]",
"mid":"AB2m0prV4",
"date":"2014-03-15 06:26:45"
},
{
"kids":[],
"uid":"2815883955",
"parent":"",
"text":"吊爆了",
"mid":"AB2lEjlCN",
"date":"2014-03-15 06:25:52"
},
{
"kids":[],
"uid":"3732483093",
"parent":"",
"text":"",
"mid":"AB2l04vJy",
"date":"2014-03-15 06:24:16"
},
{
"kids":[],
"uid":"1863188912",
"parent":"AB096pBdR",
"text":"",
"mid":"AB27NiL6C",
"date":"2014-03-15 05:51:44"
},
{
"kids":[],
"uid":"2443884751",
"parent":"",
"text":"",
"mid":"AB27pmz4H",
"date":"2014-03-15 05:50:47"
},
{
"kids":[],
"uid":"2920624532",
"parent":"AB0bx9UQe",
"text":"",
"mid":"AB252swQr",
"date":"2014-03-15 05:44:57"
},
{
"kids":[],
"uid":"1430410217",
"parent":"",
"text":"",
"mid":"AB1RKn5N4",
"date":"2014-03-15 05:12:12"
},
{
"kids":[],
"uid":"3034499270",
"parent":"",
"text":"太吊啦！",
"mid":"AB1Mzc9YX",
"date":"2014-03-15 04:59:26"
},
{
"kids":[],
"uid":"1877725771",
"parent":"",
"text":"",
"mid":"AB1Fm63Rm",
"date":"2014-03-15 04:41:40"
},
{
"kids":[],
"uid":"2675172402",
"parent":"",
"text":"",
"mid":"AB1lwxRuF",
"date":"2014-03-15 03:52:49"
},
{
"kids":[],
"uid":"2177592204",
"parent":"",
"text":"",
"mid":"AB1lvnu5P",
"date":"2014-03-15 03:52:46"
},
{
"kids":[],
"uid":"3180598204",
"parent":"",
"text":"",
"mid":"AB1iemafj",
"date":"2014-03-15 03:44:42"
},
{
"kids":[],
"uid":"1598627245",
"parent":"",
"text":"",
"mid":"AB1ckymre",
"date":"2014-03-15 03:30:09"
},
{
"kids":[],
"uid":"2846912171",
"parent":"",
"text":"",
"mid":"AB16XwF2w",
"date":"2014-03-15 03:16:56"
},
{
"kids":[],
"uid":"2861599773",
"parent":"",
"text":"[威武][威武]",
"mid":"AB1010QV7",
"date":"2014-03-15 02:59:48"
},
{
"kids":[
"AB4GD911U",
"AB440sRyx"
],
"uid":"3858481897",
"parent":"",
"text":"。。。",
"mid":"AB0QFeFF2",
"date":"2014-03-15 02:36:47"
},
{
"kids":[],
"uid":"1646241251",
"parent":"",
"text":"",
"mid":"AB0NFEBck",
"date":"2014-03-15 02:29:25"
},
{
"kids":[
"ABtfZxlCu"
],
"uid":"2772381807",
"parent":"",
"text":"",
"mid":"AB0NetrL9",
"date":"2014-03-15 02:28:20"
},
{
"kids":[],
"uid":"2799650914",
"parent":"",
"text":"",
"mid":"AB0Mh5IOQ",
"date":"2014-03-15 02:25:58"
},
{
"kids":[],
"uid":"2389339284",
"parent":"",
"text":"",
"mid":"AB0G7jXdP",
"date":"2014-03-15 02:10:47"
},
{
"kids":[],
"uid":"2701105121",
"parent":"",
"text":"",
"mid":"AB0FjmVTw",
"date":"2014-03-15 02:08:49"
},
{
"kids":[],
"uid":"3496669251",
"parent":"",
"text":"呵呵了",
"mid":"AB0ETlRDc",
"date":"2014-03-15 02:07:47"
},
{
"kids":[],
"uid":"2815308384",
"parent":"",
"text":"[思考]",
"mid":"AB0DEy6gt",
"date":"2014-03-15 02:04:44"
},
{
"kids":[],
"uid":"2935296223",
"parent":"",
"text":"再问问李白，马航在哪",
"mid":"AB0BBcxvp",
"date":"2014-03-15 01:59:39"
},
{
"kids":[
"ABchT6U1v"
],
"uid":"2661935521",
"parent":"",
"text":"自己杜撰的吧！",
"mid":"AB0zDrnIH",
"date":"2014-03-15 01:54:50"
},
{
"kids":[],
"uid":"sweetcherry2011",
"parent":"",
"text":"[吃惊][吃惊][吃惊][吃惊][吃惊][闭嘴]",
"mid":"AB0s1vrS9",
"date":"2014-03-15 01:36:05"
},
{
"kids":[],
"uid":"2762367393",
"parent":"",
"text":"",
"mid":"AB0recOex",
"date":"2014-03-15 01:34:07"
},
{
"kids":[],
"uid":"1796742902",
"parent":"",
"text":"[吃惊]",
"mid":"AB0ra5xtv",
"date":"2014-03-15 01:33:57"
},
{
"kids":[],
"uid":"cdengwohm",
"parent":"AB0pCAomO",
"text":"目测假的！",
"mid":"AB0qM65Re",
"date":"2014-03-15 01:33:00"
},
{
"kids":[],
"uid":"2870316093",
"parent":"",
"text":"@kiko_tyan",
"mid":"AB0qu7Fol",
"date":"2014-03-15 01:32:17"
},
{
"kids":[
"AB0qM65Re"
],
"uid":"cdengwohm",
"parent":"",
"text":"[惊恐][惊恐][惊恐][惊恐]我和我的小伙伴们都惊呆了！！",
"mid":"AB0pCAomO",
"date":"2014-03-15 01:30:10"
},
{
"kids":[],
"uid":"2163902347",
"parent":"",
"text":"@我叫黄爝 [嘻嘻]厉害",
"mid":"AB0oekLm9",
"date":"2014-03-15 01:26:43"
},
{
"kids":[],
"uid":"2754048121",
"parent":"",
"text":"",
"mid":"AB0o3oFyo",
"date":"2014-03-15 01:26:18"
},
{
"kids":[],
"uid":"3172718191",
"parent":"",
"text":"不是吧！",
"mid":"AB0mcrHLl",
"date":"2014-03-15 01:21:44"
},
{
"kids":[],
"uid":"2710613845",
"parent":"",
"text":"",
"mid":"AB0m8BS6N",
"date":"2014-03-15 01:21:35"
},
{
"kids":[],
"uid":"2775521815",
"parent":"",
"text":"哎哟我去~还真能联系~[哼]",
"mid":"AB0lXnlIQ",
"date":"2014-03-15 01:21:08"
},
{
"kids":[],
"uid":"2076993235",
"parent":"",
"text":"",
"mid":"AB0lalo8a",
"date":"2014-03-15 01:19:11"
},
{
"kids":[],
"uid":"2640369517",
"parent":"",
"text":"(⊙o⊙)哇",
"mid":"AB0kvwf4F",
"date":"2014-03-15 01:17:34"
},
{
"kids":[],
"uid":"2811639523",
"parent":"",
"text":"",
"mid":"AB0jem5tT",
"date":"2014-03-15 01:14:25"
},
{
"kids":[],
"uid":"3038869533",
"parent":"",
"text":"",
"mid":"AB0iZxEO9",
"date":"2014-03-15 01:13:50"
},
{
"kids":[],
"uid":"1571955613",
"parent":"",
"text":"",
"mid":"AB0hRhuC4",
"date":"2014-03-15 01:11:02"
},
{
"kids":[],
"uid":"2956448123",
"parent":"",
"text":"仙人[吃惊]",
"mid":"AB0hb1od4",
"date":"2014-03-15 01:09:21"
},
{
"kids":[],
"uid":"3886955754",
"parent":"",
"text":"原来李白不仅是诗人，还是以为预言家",
"mid":"AB0h05dmL",
"date":"2014-03-15 01:08:54"
},
{
"kids":[],
"uid":"3525511385",
"parent":"",
"text":"",
"mid":"AB0gSDUFD",
"date":"2014-03-15 01:08:38"
},
{
"kids":[],
"uid":"3057282585",
"parent":"",
"text":"",
"mid":"AB0fEqvh4",
"date":"2014-03-15 01:05:35"
},
{
"kids":[],
"uid":"2882767903",
"parent":"",
"text":"",
"mid":"AB0cHfp70",
"date":"2014-03-15 00:58:19"
},
{
"kids":[],
"uid":"1249328292",
"parent":"",
"text":"",
"mid":"AB0cwknFl",
"date":"2014-03-15 00:57:53"
},
{
"kids":[],
"uid":"2290602957",
"parent":"",
"text":"这、这、这、",
"mid":"AB0bFoEpZ",
"date":"2014-03-15 00:55:47"
},
{
"kids":[
"ABkkQ8Vl4",
"AB34okP2V",
"AB252swQr"
],
"uid":"2074364585",
"parent":"",
"text":"",
"mid":"AB0bx9UQe",
"date":"2014-03-15 00:55:27"
},
{
"kids":[
"AB3hKCEy9",
"AB3c4nShk"
],
"uid":"2110455333",
"parent":"",
"text":"[汗][汗]",
"mid":"AB09BbIfI",
"date":"2014-03-15 00:50:40"
},
{
"kids":[],
"uid":"2705441415",
"parent":"",
"text":"",
"mid":"AB098vy43",
"date":"2014-03-15 00:49:33"
},
{
"kids":[
"AB27NiL6C"
],
"uid":"1814398633",
"parent":"",
"text":"",
"mid":"AB096pBdR",
"date":"2014-03-15 00:49:28"
},
{
"kids":[],
"uid":"2697715765",
"parent":"",
"text":"",
"mid":"AB08C1dgT",
"date":"2014-03-15 00:48:15"
},
{
"kids":[],
"uid":"573134477",
"parent":"",
"text":"",
"mid":"AB08lap24",
"date":"2014-03-15 00:47:35"
},
{
"kids":[],
"uid":"2662125637",
"parent":"",
"text":"。。。",
"mid":"AB08czYSP",
"date":"2014-03-15 00:47:14"
},
{
"kids":[],
"uid":"2504136974",
"parent":"",
"text":"",
"mid":"AB081CmKt",
"date":"2014-03-15 00:46:48"
},
{
"kids":[],
"uid":"2619765883",
"parent":"",
"text":"",
"mid":"AB0809Vmc",
"date":"2014-03-15 00:46:45"
},
{
"kids":[],
"uid":"2748269691",
"parent":"",
"text":"",
"mid":"AB06DmgyM",
"date":"2014-03-15 00:43:23"
},
{
"kids":[
"ABtgKeVSI"
],
"uid":"2712113753",
"parent":"",
"text":"",
"mid":"AB06wgM0Y",
"date":"2014-03-15 00:43:06"
},
{
"kids":[],
"uid":"1989936220",
"parent":"",
"text":"",
"mid":"AB05BdM7z",
"date":"2014-03-15 00:40:49"
},
{
"kids":[],
"uid":"3561549847",
"parent":"",
"text":"",
"mid":"AB05imtBi",
"date":"2014-03-15 00:40:05"
},
{
"kids":[],
"uid":"1052427682",
"parent":"",
"text":"",
"mid":"AB04fCUdj",
"date":"2014-03-15 00:37:31"
},
{
"kids":[],
"uid":"iamcxy720",
"parent":"",
"text":"[",
"mid":"AB03XCkeo",
"date":"2014-03-15 00:36:47"
},
{
"kids":[],
"uid":"1646727075",
"parent":"",
"text":"",
"mid":"AB03W6QtD",
"date":"2014-03-15 00:36:44"
},
{
"kids":[],
"uid":"2929528493",
"parent":"",
"text":"[悲伤][悲伤][悲伤]",
"mid":"AB03yseR3",
"date":"2014-03-15 00:35:48"
},
{
"kids":[],
"uid":"2697263767",
"parent":"",
"text":"[蜡烛]",
"mid":"AB02yqdMT",
"date":"2014-03-15 00:33:20"
},
{
"kids":[],
"uid":"2491637900",
"parent":"",
"text":"[汗][汗]",
"mid":"AB0289fY0",
"date":"2014-03-15 00:32:17"
},
{
"kids":[],
"uid":"2799611464",
"parent":"",
"text":"轉發微博",
"mid":"AB01DoVE2",
"date":"2014-03-15 00:31:04"
},
{
"kids":[],
"uid":"1806146057",
"parent":"",
"text":"",
"mid":"AB019yQ98",
"date":"2014-03-15 00:29:53"
},
{
"kids":[],
"uid":"2487117765",
"parent":"",
"text":"………………这…………@HOU喵喵",
"mid":"AB00Oic9Z",
"date":"2014-03-15 00:29:02"
},
{
"kids":[],
"uid":"2304387287",
"parent":"",
"text":"诗仙威武[帅][威武]",
"mid":"AB00ADNlG",
"date":"2014-03-15 00:28:28"
},
{
"kids":[],
"uid":"2671435293",
"parent":"",
"text":"@夭夭1411 @lock2lock",
"mid":"AB00caNOk",
"date":"2014-03-15 00:27:30"
},
{
"kids":[],
"uid":"2365165672",
"parent":"AAZVBiwpD",
"text":"= =李白根本没这诗，诗仙都被后人糟蹋完了，一出什么事就开始造谣李白又写了XX诗，真是可以出个李白很忙系列了",
"mid":"AB003y0ia",
"date":"2014-03-15 00:27:11"
},
{
"kids":[],
"uid":"2598193830",
"parent":"",
"text":"",
"mid":"AAZZZsaHz",
"date":"2014-03-15 00:27:01"
},
{
"kids":[],
"uid":"2907942993",
"parent":"",
"text":"",
"mid":"AAZZJsmkb",
"date":"2014-03-15 00:26:23"
},
{
"kids":[],
"uid":"jiangjin0531",
"parent":"",
"text":"",
"mid":"AAZZAkVzG",
"date":"2014-03-15 00:26:00"
},
{
"kids":[],
"uid":"2908951133",
"parent":"",
"text":"哇哦",
"mid":"AAZZu9BLK",
"date":"2014-03-15 00:25:46"
},
{
"kids":[
"AB2Qgxceh"
],
"uid":"1259680483",
"parent":"",
"text":"",
"mid":"AAZZfFvAZ",
"date":"2014-03-15 00:25:12"
},
{
"kids":[],
"uid":"3024819735",
"parent":"",
"text":"[吃惊]",
"mid":"AAZZ2EcJJ",
"date":"2014-03-15 00:24:42"
},
{
"kids":[],
"uid":"2634392375",
"parent":"",
"text":"",
"mid":"AAZYpmC9m",
"date":"2014-03-15 00:23:07"
},
{
"kids":[],
"uid":"2906388933",
"parent":"",
"text":"",
"mid":"AAZYnA6C0",
"date":"2014-03-15 00:23:03"
},
{
"kids":[
"ABwKq9iKj",
"ABvCS2dIp"
],
"uid":"2170166230",
"parent":"",
"text":"",
"mid":"AAZY0uLTc",
"date":"2014-03-15 00:22:08"
},
{
"kids":[],
"uid":"2457201462",
"parent":"",
"text":"",
"mid":"AAZXQsQNH",
"date":"2014-03-15 00:21:44"
},
{
"kids":[],
"uid":"2786929374",
"parent":"",
"text":"",
"mid":"AAZVRyBUV",
"date":"2014-03-15 00:16:51"
},
{
"kids":[],
"uid":"1563549992",
"parent":"",
"text":"@庚Lee",
"mid":"AAZVEhmuX",
"date":"2014-03-15 00:16:19"
},
{
"kids":[
"AB003y0ia"
],
"uid":"1883354675",
"parent":"AAZRL9tY9",
"text":"[惊恐][惊恐][惊恐]",
"mid":"AAZVBiwpD",
"date":"2014-03-15 00:16:11"
},
{
"kids":[],
"uid":"1720080355",
"parent":"",
"text":"晕！",
"mid":"AAZV6ha97",
"date":"2014-03-15 00:14:58"
},
{
"kids":[],
"uid":"2418463804",
"parent":"",
"text":"",
"mid":"AAZUYBDfR",
"date":"2014-03-15 00:14:40"
},
{
"kids":[],
"uid":"2744285595",
"parent":"",
"text":"",
"mid":"AAZUYBDfN",
"date":"2014-03-15 00:14:40"
},
{
"kids":[],
"uid":"jacquelineyu80",
"parent":"",
"text":"",
"mid":"AAZUQjdMt",
"date":"2014-03-15 00:14:20"
},
{
"kids":[],
"uid":"2643453897",
"parent":"",
"text":"呃~[好囧]",
"mid":"AAZUImj1e",
"date":"2014-03-15 00:14:01"
},
{
"kids":[],
"uid":"2635773627",
"parent":"",
"text":"",
"mid":"AAZUmuWxh",
"date":"2014-03-15 00:13:09"
},
{
"kids":[],
"uid":"422209289",
"parent":"",
"text":"[吃惊][吃惊][吃惊]预言家",
"mid":"AAZU0CtyR",
"date":"2014-03-15 00:12:17"
},
{
"kids":[],
"uid":"1850660365",
"parent":"",
"text":"吊爆了",
"mid":"AAZToubwL",
"date":"2014-03-15 00:10:46"
},
{
"kids":[],
"uid":"2435484452",
"parent":"",
"text":"这诗一点都没有李白的风格",
"mid":"AAZSBqsCS",
"date":"2014-03-15 00:08:49"
},
{
"kids":[],
"uid":"2787104750",
"parent":"",
"text":"哦，天[汗][汗][汗]",
"mid":"AAZSB9HgF",
"date":"2014-03-15 00:08:48"
},
{
"kids":[],
"uid":"2812596943",
"parent":"",
"text":"",
"mid":"AAZSfyRua",
"date":"2014-03-15 00:07:57"
},
{
"kids":[
"AB003y0ia",
"AAZVBiwpD"
],
"uid":"3044591573",
"parent":"",
"text":"，，，，不是还有个什么日本灭亡的，，，，坐等了现在",
"mid":"AAZRL9tY9",
"date":"2014-03-15 00:06:43"
},
{
"kids":[],
"uid":"338344424",
"parent":"",
"text":"为何这么屌。。。。",
"mid":"AAZRCg8UU",
"date":"2014-03-15 00:06:23"
},
{
"kids":[],
"uid":"2541262763",
"parent":"",
"text":"",
"mid":"AAZRxyVCD",
"date":"2014-03-15 00:06:12"
},
{
"kids":[],
"uid":"1784683041",
"parent":"",
"text":"啊哈哈哈哈哈哈！@小陳飛起來 @小漉子 @MU蛋挞-XiaoLu @xin_1988",
"mid":"AAZQeiWzq",
"date":"2014-03-15 00:02:58"
},
{
"kids":[],
"uid":"2538231905",
"parent":"",
"text":"这古人都是要把现代人整废的节奏呀@无邪hunlu灬 @小女人傲不可视 @大白牙灿烈 @速效遗忘丸",
"mid":"AAZQar0H6",
"date":"2014-03-15 00:02:48"
},
{
"kids":[],
"uid":"2635116541",
"parent":"",
"text":"[暈][暈][暈]",
"mid":"AAZQ1iBAZ",
"date":"2014-03-15 00:02:27"
},
{
"kids":[],
"uid":"2285871401",
"parent":"",
"text":"我去。谁这么无聊。",
"mid":"AAZQ1fmo4",
"date":"2014-03-15 00:02:27"
},
{
"kids":[],
"uid":"2691533805",
"parent":"",
"text":"",
"mid":"AAZPYjTUX",
"date":"2014-03-15 00:02:19"
},
{
"kids":[],
"uid":"gongqing0917",
"parent":"",
"text":"",
"mid":"AAZPpsiXs",
"date":"2014-03-15 00:00:57"
},
{
"kids":[],
"uid":"2638104175",
"parent":"",
"text":"",
"mid":"AAZPi57oK",
"date":"2014-03-15 00:00:38"
},
{
"kids":[],
"uid":"2950927521",
"parent":"",
"text":"",
"mid":"AAZPf7Kdk",
"date":"2014-03-15 00:00:31"
},
{
"kids":[],
"uid":"2891488413",
"parent":"",
"text":"李白先知",
"mid":"AAZP0ksBX",
"date":"2014-03-14 23:59:56"
},
{
"kids":[],
"uid":"2152355384",
"parent":"",
"text":"好屌",
"mid":"AAZOVDogY",
"date":"2014-03-14 23:59:45"
},
{
"kids":[],
"uid":"2419861202",
"parent":"",
"text":"求证...这...是否真的出自李白呀",
"mid":"AAZOyhiIe",
"date":"2014-03-14 23:58:50"
},
{
"kids":[],
"uid":"2548960504",
"parent":"",
"text":"",
"mid":"AAZOh7GMs",
"date":"2014-03-14 23:58:08"
},
{
"kids":[],
"uid":"2816180517",
"parent":"",
"text":"好吊",
"mid":"AAZOcnSnK",
"date":"2014-03-14 23:57:58"
},
{
"kids":[],
"uid":"2527245574",
"parent":"",
"text":"",
"mid":"AAZO0yyWW",
"date":"2014-03-14 23:57:30"
},
{
"kids":[],
"uid":"208092444",
"parent":"",
"text":"",
"mid":"AAZNDyG0n",
"date":"2014-03-14 23:56:35"
},
{
"kids":[],
"uid":"2918247651",
"parent":"AAZNkDFVt",
"text":"卧槽。。",
"mid":"AAZNAjIwk",
"date":"2014-03-14 23:56:27"
},
{
"kids":[],
"uid":"2814518481",
"parent":"",
"text":"",
"mid":"AAZNu4odN",
"date":"2014-03-14 23:56:12"
},
{
"kids":[],
"uid":"1954862317",
"parent":"",
"text":"吓！",
"mid":"AAZNrqpke",
"date":"2014-03-14 23:56:06"
},
{
"kids":[
"AAZNAjIwk"
],
"uid":"1785747404",
"parent":"",
"text":"呀灭爹~",
"mid":"AAZNkDFVt",
"date":"2014-03-14 23:55:50"
},
{
"kids":[],
"uid":"2619438091",
"parent":"",
"text":"",
"mid":"AAZMTr0Pb",
"date":"2014-03-14 23:54:45"
},
{
"kids":[],
"uid":"harjol1993",
"parent":"",
"text":"",
"mid":"AAZMkhTig",
"date":"2014-03-14 23:53:21"
},
{
"kids":[
"AB2sHBREp"
],
"uid":"2024745342",
"parent":"",
"text":"[吃惊]",
"mid":"AAZLSeqzZ",
"date":"2014-03-14 23:52:14"
},
{
"kids":[],
"uid":"1944398775",
"parent":"",
"text":"",
"mid":"AAZLIbugW",
"date":"2014-03-14 23:51:49"
},
{
"kids":[],
"uid":"526107899",
"parent":"",
"text":"是真的吗",
"mid":"AAZLGnLWh",
"date":"2014-03-14 23:51:46"
},
{
"kids":[],
"uid":"2384996947",
"parent":"",
"text":"[挖鼻屎]",
"mid":"AAZLGn4rB",
"date":"2014-03-14 23:51:46"
},
{
"kids":[],
"uid":"2797724267",
"parent":"",
"text":"这是真的吗？[吃惊][吃惊][吃惊]",
"mid":"AAZLrzHQr",
"date":"2014-03-14 23:51:11"
},
{
"kids":[],
"uid":"2902966345",
"parent":"",
"text":"",
"mid":"AAZLmj7N9",
"date":"2014-03-14 23:50:58"
},
{
"kids":[
"ABoT14j72",
"ABfxgcI82",
"ABf5az0H1"
],
"uid":"2730181121",
"parent":"",
"text":"",
"mid":"AAZLabZq2",
"date":"2014-03-14 23:50:29"
},
{
"kids":[],
"uid":"3060961681",
"parent":"",
"text":"",
"mid":"AAZKXvKY7",
"date":"2014-03-14 23:49:55"
},
{
"kids":[],
"uid":"1629766283",
"parent":"",
"text":"",
"mid":"AAZKXthu8",
"date":"2014-03-14 23:49:59"
},
{
"kids":[],
"uid":"1715873495",
"parent":"",
"text":"",
"mid":"AAZKJ1Kdi",
"date":"2014-03-14 23:49:24"
},
{
"kids":[],
"uid":"2118685715",
"parent":"",
"text":"",
"mid":"AAZKD4Fz7",
"date":"2014-03-14 23:49:10"
},
{
"kids":[],
"uid":"3280746485",
"parent":"",
"text":"",
"mid":"AAZKCczLz",
"date":"2014-03-14 23:49:07"
},
{
"kids":[],
"uid":"234206787",
"parent":"",
"text":"",
"mid":"AAZKBAVVC",
"date":"2014-03-14 23:49:07"
},
{
"kids":[],
"uid":"2663226283",
"parent":"",
"text":"@到不了_先生",
"mid":"AAZKiEY2j",
"date":"2014-03-14 23:48:22"
},
{
"kids":[],
"uid":"2663226283",
"parent":"",
"text":"",
"mid":"AAZKg0Yn1",
"date":"2014-03-14 23:48:15"
},
{
"kids":[],
"uid":"1836298200",
"parent":"",
"text":"李白，从一开始你就是我的偶像！[",
"mid":"AAZK7ri1h",
"date":"2014-03-14 23:47:55"
},
{
"kids":[],
"uid":"2567218445",
"parent":"",
"text":"",
"mid":"AAZK60N68",
"date":"2014-03-14 23:47:51"
},
{
"kids":[],
"uid":"338048585",
"parent":"",
"text":"这坑吧！",
"mid":"AAZK1gVQ5",
"date":"2014-03-14 23:47:39"
},
{
"kids":[],
"uid":"2516189672",
"parent":"",
"text":"李白，你该是有多吊？",
"mid":"AAZJYBbaQ",
"date":"2014-03-14 23:47:33"
},
{
"kids":[],
"uid":"liziir",
"parent":"",
"text":"有才",
"mid":"AAZJUu9Uh",
"date":"2014-03-14 23:47:23"
},
{
"kids":[],
"uid":"2261965194",
"parent":"",
"text":"",
"mid":"AAZJNoAQz",
"date":"2014-03-14 23:47:07"
},
{
"kids":[],
"uid":"2807274137",
"parent":"",
"text":"原来是早有预见[衰]",
"mid":"AAZJKreQf",
"date":"2014-03-14 23:47:00"
},
{
"kids":[],
"uid":"2373967392",
"parent":"",
"text":"[强][强][强]",
"mid":"AAZJK6H70",
"date":"2014-03-14 23:46:59"
},
{
"kids":[],
"uid":"2275960454",
"parent":"",
"text":"",
"mid":"AAZJreC2w",
"date":"2014-03-14 23:46:13"
},
{
"kids":[],
"uid":"2770925013",
"parent":"",
"text":"这。。[偷笑]",
"mid":"AAZJhs6ko",
"date":"2014-03-14 23:45:51"
},
{
"kids":[],
"uid":"2072063301",
"parent":"",
"text":"",
"mid":"AAZJeuKh0",
"date":"2014-03-14 23:45:44"
},
{
"kids":[],
"uid":"khuntoriahottest",
"parent":"",
"text":"[许愿]",
"mid":"AAZJdBaFt",
"date":"2014-03-14 23:45:42"
},
{
"kids":[],
"uid":"2262958263",
"parent":"",
"text":"@cappuccino淑",
"mid":"AAZJ80P0g",
"date":"2014-03-14 23:45:28"
},
{
"kids":[],
"uid":"2262958263",
"parent":"",
"text":"@卡哩的主人",
"mid":"AAZJ5mf6L",
"date":"2014-03-14 23:45:21"
},
{
"kids":[],
"uid":"2369864817",
"parent":"",
"text":"[吃惊][吃惊][吃惊]",
"mid":"AAZIZrvSH",
"date":"2014-03-14 23:45:08"
},
{
"kids":[],
"uid":"2810962630",
"parent":"",
"text":"[吃惊][吃惊][吃惊]",
"mid":"AAZIYybb0",
"date":"2014-03-14 23:45:06"
},
{
"kids":[],
"uid":"2063829513",
"parent":"",
"text":"假的，网上这样的藏头诗一箩筐！",
"mid":"AAZIVATGV",
"date":"2014-03-14 23:44:58"
},
{
"kids":[],
"uid":"48kg",
"parent":"",
"text":"",
"mid":"AAZIHqR6M",
"date":"2014-03-14 23:44:25"
},
{
"kids":[],
"uid":"symiracle",
"parent":"",
"text":"",
"mid":"AAZIH84br",
"date":"2014-03-14 23:44:24"
},
{
"kids":[],
"uid":"2712563443",
"parent":"",
"text":"",
"mid":"AAZIqgf3d",
"date":"2014-03-14 23:43:42"
},
{
"kids":[],
"uid":"2503465942",
"parent":"",
"text":"别闹",
"mid":"AAZIoc9EH",
"date":"2014-03-14 23:43:39"
},
{
"kids":[],
"uid":"1864037094",
"parent":"",
"text":"明天把所有唐诗看一遍，看看还会发生什么",
"mid":"AAZIjtchM",
"date":"2014-03-14 23:43:28"
},
{
"kids":[],
"uid":"1760731037",
"parent":"",
"text":"@RoJay11",
"mid":"AAZIiilbZ",
"date":"2014-03-14 23:43:25"
},
{
"kids":[],
"uid":"3119182505",
"parent":"",
"text":"[衰][衰][闭嘴][闭嘴]",
"mid":"AAZIbvy9j",
"date":"2014-03-14 23:43:09"
},
{
"kids":[],
"uid":"3183003382",
"parent":"",
"text":"",
"mid":"AAZI9qgz7",
"date":"2014-03-14 23:43:04"
},
{
"kids":[],
"uid":"2671730011",
"parent":"",
"text":"[威武]",
"mid":"AAZHMmvdD",
"date":"2014-03-14 23:42:09"
},
{
"kids":[],
"uid":"2072063301",
"parent":"",
"text":"",
"mid":"AAZHIfW3z",
"date":"2014-03-14 23:41:59"
},
{
"kids":[],
"uid":"1900671262",
"parent":"",
"text":"[吃惊][吃惊]这是李白的诗吗",
"mid":"AAZHDcePZ",
"date":"2014-03-14 23:41:47"
},
{
"kids":[],
"uid":"1966315193",
"parent":"",
"text":"真的假的",
"mid":"AAZHB89pE",
"date":"2014-03-14 23:41:42"
},
{
"kids":[],
"uid":"2807965001",
"parent":"",
"text":"这就是所谓的预知未来",
"mid":"AAZHvxfG7",
"date":"2014-03-14 23:41:29"
},
{
"kids":[],
"uid":"2830599164",
"parent":"",
"text":"我去〜",
"mid":"AAZH95FNu",
"date":"2014-03-14 23:40:34"
},
{
"kids":[],
"uid":"1883360677",
"parent":"",
"text":"呵呵…太刁",
"mid":"AAZH39JSR",
"date":"2014-03-14 23:40:20"
},
{
"kids":[],
"uid":"2607769347",
"parent":"",
"text":"",
"mid":"AAZH1EbAv",
"date":"2014-03-14 23:40:17"
},
{
"kids":[],
"uid":"1968424857",
"parent":"",
"text":"[吃惊]",
"mid":"AAZH17Z6j",
"date":"2014-03-14 23:40:16"
},
{
"kids":[],
"uid":"heidangao",
"parent":"",
"text":"@D-情緖",
"mid":"AAZGWmXeX",
"date":"2014-03-14 23:40:05"
},
{
"kids":[],
"uid":"1978614311",
"parent":"",
"text":"",
"mid":"AAZGPxVCG",
"date":"2014-03-14 23:39:49"
},
{
"kids":[
"ABvtwyyoi",
"AB4KwxrXS"
],
"uid":"2811480694",
"parent":"",
"text":"传说中的预言师[吃惊][吃惊]",
"mid":"AAZGIa9R1",
"date":"2014-03-14 23:39:31"
},
{
"kids":[],
"uid":"3061307303",
"parent":"",
"text":"",
"mid":"AAZGCibkz",
"date":"2014-03-14 23:39:17"
},
{
"kids":[],
"uid":"1357801480",
"parent":"",
"text":"我了个去",
"mid":"AAZGAe4Td",
"date":"2014-03-14 23:39:12"
},
{
"kids":[],
"uid":"2792833897",
"parent":"",
"text":"",
"mid":"AAZGukvi1",
"date":"2014-03-14 23:38:57"
},
{
"kids":[],
"uid":"1812241293",
"parent":"",
"text":"@蛋卷卷WW @青涩-yang @蛋蛋愛誰呢 @丅輩吇還嬡",
"mid":"AAZGntvtN",
"date":"2014-03-14 23:38:40"
},
{
"kids":[],
"uid":"2080237575",
"parent":"",
"text":"",
"mid":"AAZGm0oZX",
"date":"2014-03-14 23:38:38"
},
{
"kids":[],
"uid":"2833003015",
"parent":"",
"text":"a",
"mid":"AAZFXcFP4",
"date":"2014-03-14 23:37:39"
},
{
"kids":[],
"uid":"xujiali0518",
"parent":"",
"text":"",
"mid":"AAZFWjqLk",
"date":"2014-03-14 23:37:37"
},
{
"kids":[],
"uid":"2484288393",
"parent":"",
"text":"",
"mid":"AAZFW2kNz",
"date":"2014-03-14 23:37:36"
},
{
"kids":[],
"uid":"2652270213",
"parent":"",
"text":"",
"mid":"AAZFPx6VR",
"date":"2014-03-14 23:37:21"
},
{
"kids":[],
"uid":"2530884802",
"parent":"",
"text":"那答案就是云都阁寻？",
"mid":"AAZFJBfly",
"date":"2014-03-14 23:37:06"
},
{
"kids":[],
"uid":"2870836150",
"parent":"",
"text":"",
"mid":"AAZFJkMUa",
"date":"2014-03-14 23:37:06"
},
{
"kids":[
"AB3wLrdxR"
],
"uid":"1785407357",
"parent":"",
"text":"古诗词没学好的人问一句，真的假的？！",
"mid":"AAZFCtBU1",
"date":"2014-03-14 23:36:50"
},
{
"kids":[],
"uid":"1500632255",
"parent":"",
"text":"",
"mid":"AAZFkw6aN",
"date":"2014-03-14 23:36:06"
},
{
"kids":[],
"uid":"2925926801",
"parent":"",
"text":"[疑问][疑问][疑问][疑问][疑问]这都可以～",
"mid":"AAZFhuHfg",
"date":"2014-03-14 23:36:00"
},
{
"kids":[],
"uid":"3201820153",
"parent":"",
"text":"牛",
"mid":"AAZFdmwng",
"date":"2014-03-14 23:35:50"
},
{
"kids":[],
"uid":"2776511933",
"parent":"",
"text":"",
"mid":"AAZFb4Nr2",
"date":"2014-03-14 23:35:43"
},
{
"kids":[],
"uid":"2000044427",
"parent":"",
"text":"",
"mid":"AAZF87r0k",
"date":"2014-03-14 23:35:36"
},
{
"kids":[
"ABtZECKWm",
"ABsVGrN64"
],
"uid":"2815347945",
"parent":"",
"text":"",
"mid":"AAZEI6OxE",
"date":"2014-03-14 23:34:34"
},
{
"kids":[],
"uid":"11281019",
"parent":"",
"text":"这也可以！！！[书呆子]",
"mid":"AAZEGBUZB",
"date":"2014-03-14 23:34:32"
},
{
"kids":[],
"uid":"2025797821",
"parent":"",
"text":"",
"mid":"AAZEGhMJ2",
"date":"2014-03-14 23:34:31"
},
{
"kids":[],
"uid":"1933509510",
"parent":"",
"text":"",
"mid":"AAZEEvizG",
"date":"2014-03-14 23:34:26"
},
{
"kids":[],
"uid":"zhongyanjuan514",
"parent":"",
"text":"那么蓬莱阁在哪？我们去救他们",
"mid":"AAZEv5nOF",
"date":"2014-03-14 23:34:03"
},
{
"kids":[],
"uid":"2524405787",
"parent":"",
"text":"哈哈[晕][晕][晕]",
"mid":"AAZEt01dQ",
"date":"2014-03-14 23:33:58"
},
{
"kids":[],
"uid":"3879904502",
"parent":"",
"text":"",
"mid":"AAZErxvsB",
"date":"2014-03-14 23:33:55"
},
{
"kids":[],
"uid":"zhanglimin5449",
"parent":"",
"text":"[衰][衰][衰][衰][衰][衰][衰]",
"mid":"AAZErfU02",
"date":"2014-03-14 23:33:55"
},
{
"kids":[],
"uid":"3968103273",
"parent":"",
"text":"不会吧",
"mid":"AAZEdkLcc",
"date":"2014-03-14 23:33:22"
},
{
"kids":[],
"uid":"2053890603",
"parent":"",
"text":"",
"mid":"AAZEc9hAD",
"date":"2014-03-14 23:33:19"
},
{
"kids":[],
"uid":"3232156772",
"parent":"",
"text":"李白太厉害了    竟然有预知能力",
"mid":"AAZE0DDmr",
"date":"2014-03-14 23:32:52"
},
{
"kids":[],
"uid":"2762509061",
"parent":"",
"text":"",
"mid":"AAZDGhfxo",
"date":"2014-03-14 23:32:03"
},
{
"kids":[],
"uid":"1974742601",
"parent":"",
"text":"",
"mid":"AAZDFFBa4",
"date":"2014-03-14 23:32:02"
},
{
"kids":[],
"uid":"1277042467",
"parent":"",
"text":"[草泥马]",
"mid":"AAZDEacxr",
"date":"2014-03-14 23:31:58"
},
{
"kids":[],
"uid":"3293707091",
"parent":"",
"text":"",
"mid":"AAZDDjSwd",
"date":"2014-03-14 23:31:56"
},
{
"kids":[],
"uid":"1756491177",
"parent":"",
"text":"",
"mid":"AAZDofsoB",
"date":"2014-03-14 23:31:20"
},
{
"kids":[],
"uid":"1403957295",
"parent":"",
"text":"[嘻嘻][嘻嘻]",
"mid":"AAZDocHRl",
"date":"2014-03-14 23:31:20"
},
{
"kids":[],
"uid":"1780440805",
"parent":"",
"text":"",
"mid":"AAZDdkm1a",
"date":"2014-03-14 23:30:53"
},
{
"kids":[],
"uid":"realwang0304",
"parent":"",
"text":"",
"mid":"AAZDa1Hek",
"date":"2014-03-14 23:30:46"
}
]