[
{
"kids":[],
"uid":"3440864882",
"parent":"",
"text":"人人冷漠，自私，邪恶，无爱心便是今日劫数之源！",
"mid":"AozxnyMyY",
"date":"2013-12-23 07:01:28"
},
{
"kids":[],
"uid":"3200419331",
"parent":"AoA8PxZ7t",
"text":"不知道老天看不看得下去",
"mid":"Apsq49eRa",
"date":"2013-12-29 02:44:30"
},
{
"kids":[],
"uid":"3044788912",
"parent":"",
"text":"",
"mid":"Ap1PspS4q",
"date":"2013-12-26 07:02:53"
},
{
"kids":[],
"uid":"2344742284",
"parent":"AoAMjpsi3",
"text":"",
"mid":"AoWCP6w78",
"date":"2013-12-25 17:48:03"
},
{
"kids":[],
"uid":"3020864607",
"parent":"AozBgEdXM",
"text":"[拳头][拳头][拳头]",
"mid":"AoPvJE3md",
"date":"2013-12-24 23:41:22"
},
{
"kids":[],
"uid":"2809334072",
"parent":"",
"text":"",
"mid":"AoK2DmbRz",
"date":"2013-12-24 09:45:56"
},
{
"kids":[],
"uid":"2919317494",
"parent":"",
"text":"",
"mid":"AoJNmzfDW",
"date":"2013-12-24 09:08:18"
},
{
"kids":[],
"uid":"2805086404",
"parent":"",
"text":"",
"mid":"AoJkozMbX",
"date":"2013-12-24 07:56:57"
},
{
"kids":[],
"uid":"3537696133",
"parent":"AozVi57KZ",
"text":"",
"mid":"AoG9VyvDP",
"date":"2013-12-23 23:52:53"
},
{
"kids":[],
"uid":"3107401455",
"parent":"AozDdwvIn",
"text":"",
"mid":"AoFboucws",
"date":"2013-12-23 21:23:46"
},
{
"kids":[],
"uid":"1858853964",
"parent":"AozDWb3S9",
"text":"",
"mid":"AoEWcbBsy",
"date":"2013-12-23 20:46:18"
},
{
"kids":[],
"uid":"1975094211",
"parent":"AoBdEDVXN",
"text":"",
"mid":"AoEEWeGA2",
"date":"2013-12-23 20:03:48"
},
{
"kids":[],
"uid":"2234968465",
"parent":"AoAYWtz9b",
"text":"[弱]",
"mid":"AoD8Q2o5q",
"date":"2013-12-23 16:11:57"
},
{
"kids":[],
"uid":"1635868050",
"parent":"AozBY5VDa",
"text":"",
"mid":"AoD8wt6hk",
"date":"2013-12-23 16:11:12"
},
{
"kids":[],
"uid":"3043626680",
"parent":"",
"text":"",
"mid":"AoD7zoHZ2",
"date":"2013-12-23 16:08:50"
},
{
"kids":[],
"uid":"2480585003",
"parent":"",
"text":"",
"mid":"AoD75yp4v",
"date":"2013-12-23 16:07:41"
},
{
"kids":[],
"uid":"2512879423",
"parent":"AoBVJBGog",
"text":"",
"mid":"AoCQz5zlc",
"date":"2013-12-23 15:26:58"
},
{
"kids":[],
"uid":"huangjianshe",
"parent":"",
"text":"",
"mid":"AoCGIjKne",
"date":"2013-12-23 15:02:39"
},
{
"kids":[],
"uid":"2652973641",
"parent":"AoBdEDVXN",
"text":"",
"mid":"AoCtswDNA",
"date":"2013-12-23 14:30:03"
},
{
"kids":[],
"uid":"sunbuer0505",
"parent":"AoB44DXrG",
"text":"",
"mid":"AoCnzigcZ",
"date":"2013-12-23 14:15:32"
},
{
"kids":[],
"uid":"2655368762",
"parent":"",
"text":"",
"mid":"AoCjYhqKb",
"date":"2013-12-23 14:06:38"
},
{
"kids":[],
"uid":"1995754827",
"parent":"",
"text":"",
"mid":"AoCbPtT15",
"date":"2013-12-23 13:46:37"
},
{
"kids":[],
"uid":"2209322003",
"parent":"AoC1UC999",
"text":"",
"mid":"AoC9YjJIC",
"date":"2013-12-23 13:41:59"
},
{
"kids":[],
"uid":"3519026345",
"parent":"",
"text":"",
"mid":"AoC7TbYxe",
"date":"2013-12-23 13:36:52"
},
{
"kids":[
"AoC9YjJIC"
],
"uid":"1407589593",
"parent":"AoBayhCIF",
"text":"",
"mid":"AoC1UC999",
"date":"2013-12-23 13:22:10"
},
{
"kids":[],
"uid":"2010509651",
"parent":"",
"text":"畜生",
"mid":"AoC0BEdd3",
"date":"2013-12-23 13:18:58"
},
{
"kids":[
"AoCQz5zlc"
],
"uid":"1713739567",
"parent":"AozBY5VDa",
"text":"",
"mid":"AoBVJBGog",
"date":"2013-12-23 13:06:58"
},
{
"kids":[],
"uid":"zhangmicro",
"parent":"",
"text":"我是来助攻500的，此微博为不实言论，请注意。@超高校级的高冷症_Dracula",
"mid":"AoBTTA0WG",
"date":"2013-12-23 13:02:26"
},
{
"kids":[],
"uid":"1652346251",
"parent":"AoBoO7Psy",
"text":"买盗版东西关城管什么事！应该是工商局……",
"mid":"AoBTvm0gi",
"date":"2013-12-23 13:01:28"
},
{
"kids":[],
"uid":"2379346484",
"parent":"",
"text":"",
"mid":"AoBSNCxWZ",
"date":"2013-12-23 12:59:44"
},
{
"kids":[],
"uid":"3114978687",
"parent":"AoBnNszji",
"text":"[吃惊][话筒]",
"mid":"AoBRrnU8D",
"date":"2013-12-23 12:56:22"
},
{
"kids":[],
"uid":"1628811097",
"parent":"AoBdEDVXN",
"text":"",
"mid":"AoBQLpN8M",
"date":"2013-12-23 12:54:43"
},
{
"kids":[],
"uid":"2914084381",
"parent":"",
"text":"",
"mid":"AoBOSppmI",
"date":"2013-12-23 12:50:04"
},
{
"kids":[],
"uid":"1959930713",
"parent":"",
"text":"",
"mid":"AoBItjTqB",
"date":"2013-12-23 12:34:17"
},
{
"kids":[],
"uid":"2919247144",
"parent":"",
"text":"",
"mid":"AoBG2zmf7",
"date":"2013-12-23 12:28:17"
},
{
"kids":[],
"uid":"2179430153",
"parent":"",
"text":"",
"mid":"AoBC04zz8",
"date":"2013-12-23 12:18:19"
},
{
"kids":[],
"uid":"2248378077",
"parent":"",
"text":"",
"mid":"AoByOmiZQ",
"date":"2013-12-23 12:10:29"
},
{
"kids":[],
"uid":"3308510737",
"parent":"",
"text":"请指出不实之处!还原真相!",
"mid":"AoBwIj25f",
"date":"2013-12-23 12:05:18"
},
{
"kids":[],
"uid":"1634950452",
"parent":"AozxnyMyY",
"text":"",
"mid":"AoBrX81mk",
"date":"2013-12-23 11:53:35"
},
{
"kids":[],
"uid":"1991818641",
"parent":"AozxnyMyY",
"text":"",
"mid":"AoBrbcVbJ",
"date":"2013-12-23 11:51:41"
},
{
"kids":[],
"uid":"3215837541",
"parent":"AoBdEDVXN",
"text":"[怒]",
"mid":"AoBp9loCy",
"date":"2013-12-23 11:46:40"
},
{
"kids":[
"AoBTvm0gi"
],
"uid":"yatclp",
"parent":"AoB9rFU3F",
"text":"没人性！",
"mid":"AoBoO7Psy",
"date":"2013-12-23 11:45:50"
},
{
"kids":[
"AoBRrnU8D"
],
"uid":"3065236943",
"parent":"AoBdEDVXN",
"text":"[围观]",
"mid":"AoBnNszji",
"date":"2013-12-23 11:43:20"
},
{
"kids":[],
"uid":"3200128983",
"parent":"AozT1nyDZ",
"text":"",
"mid":"AoBnj1Y10",
"date":"2013-12-23 11:42:06"
},
{
"kids":[],
"uid":"1613520121",
"parent":"AoAYWtz9b",
"text":"",
"mid":"AoBlpoB7c",
"date":"2013-12-23 11:37:27"
},
{
"kids":[],
"uid":"571499771",
"parent":"AoBfdxzXG",
"text":"现实版的以人为\"本\"(钱).",
"mid":"AoBfUpncL",
"date":"2013-12-23 11:23:54"
},
{
"kids":[],
"uid":"2072873731",
"parent":"AoBdEDVXN",
"text":"",
"mid":"AoBfFzYux",
"date":"2013-12-23 11:23:20"
},
{
"kids":[
"AoBfUpncL"
],
"uid":"1401336452",
"parent":"AoB9z8bLz",
"text":"载入史册！古今中外最最邪恶！",
"mid":"AoBfdxzXG",
"date":"2013-12-23 11:22:13"
},
{
"kids":[],
"uid":"2057700210",
"parent":"AozVi57KZ",
"text":"该死的城管",
"mid":"AoBeR7y1q",
"date":"2013-12-23 11:21:19"
},
{
"kids":[],
"uid":"q185648532",
"parent":"AoAYWtz9b",
"text":"天朝现在一共养了多少城管。。。",
"mid":"AoBdNcYPA",
"date":"2013-12-23 11:18:42"
},
{
"kids":[
"AoEEWeGA2",
"AoCtswDNA",
"AoBRrnU8D",
"AoBQLpN8M",
"AoBp9loCy",
"AoBnNszji",
"AoBfFzYux"
],
"uid":"1283050744",
"parent":"AoB9rFU3F",
"text":"",
"mid":"AoBdEDVXN",
"date":"2013-12-23 11:18:21"
},
{
"kids":[],
"uid":"lyp323",
"parent":"AozT1nyDZ",
"text":"![怒]",
"mid":"AoBaUpMGV",
"date":"2013-12-23 11:11:36"
},
{
"kids":[],
"uid":"2113228857",
"parent":"AoB8bqsSB",
"text":"",
"mid":"AoBaKoRXz",
"date":"2013-12-23 11:11:12"
},
{
"kids":[],
"uid":"1913108427",
"parent":"AoB9rFU3F",
"text":"",
"mid":"AoBaK4i0p",
"date":"2013-12-23 11:11:10"
},
{
"kids":[
"AoC9YjJIC",
"AoC1UC999"
],
"uid":"572130044",
"parent":"AoAYWtz9b",
"text":"见恶城管必转！",
"mid":"AoBayhCIF",
"date":"2013-12-23 11:10:42"
},
{
"kids":[],
"uid":"2480039061",
"parent":"AoB8bqsSB",
"text":"",
"mid":"AoBawsq8k",
"date":"2013-12-23 11:10:39"
},
{
"kids":[],
"uid":"3794198500",
"parent":"",
"text":"这照片是在救人。博主等着过500",
"mid":"AoBalfH16",
"date":"2013-12-23 11:10:14"
},
{
"kids":[],
"uid":"2707672754",
"parent":"",
"text":"这些渣",
"mid":"AoBai2nWM",
"date":"2013-12-23 11:10:03"
},
{
"kids":[
"AoBfUpncL",
"AoBfdxzXG"
],
"uid":"571499771",
"parent":"AoB9rFU3F",
"text":"",
"mid":"AoB9z8bLz",
"date":"2013-12-23 11:08:16"
},
{
"kids":[
"AoEEWeGA2",
"AoCtswDNA",
"AoBTvm0gi",
"AoBRrnU8D",
"AoBQLpN8M",
"AoBp9loCy",
"AoBoO7Psy",
"AoBnNszji",
"AoBfUpncL",
"AoBfFzYux",
"AoBfdxzXG",
"AoBdEDVXN",
"AoBaK4i0p",
"AoB9z8bLz"
],
"uid":"210005278",
"parent":"AoB8bqsSB",
"text":"",
"mid":"AoB9rFU3F",
"date":"2013-12-23 11:07:59"
},
{
"kids":[],
"uid":"1608349125",
"parent":"AoB8bqsSB",
"text":"",
"mid":"AoB9j7UPA",
"date":"2013-12-23 11:07:39"
},
{
"kids":[],
"uid":"2985696103",
"parent":"AoB3FzXpu",
"text":"",
"mid":"AoB99523x",
"date":"2013-12-23 11:07:14"
},
{
"kids":[],
"uid":"1909797623",
"parent":"AoB8bqsSB",
"text":"",
"mid":"AoB8SwOCZ",
"date":"2013-12-23 11:06:36"
},
{
"kids":[],
"uid":"1967516661",
"parent":"AozT1nyDZ",
"text":"真的？",
"mid":"AoB8Ny1aw",
"date":"2013-12-23 11:06:23"
},
{
"kids":[],
"uid":"1315869852",
"parent":"AoB8bqsSB",
"text":"对待敌人如秋风扫落叶难倒错了吗",
"mid":"AoB8Jowrc",
"date":"2013-12-23 11:06:12"
},
{
"kids":[
"AoEEWeGA2",
"AoCtswDNA",
"AoBTvm0gi",
"AoBRrnU8D",
"AoBQLpN8M",
"AoBp9loCy",
"AoBoO7Psy",
"AoBnNszji",
"AoBfUpncL",
"AoBfFzYux",
"AoBfdxzXG",
"AoBdEDVXN",
"AoBaKoRXz",
"AoBaK4i0p",
"AoBawsq8k",
"AoB9z8bLz",
"AoB9rFU3F",
"AoB9j7UPA",
"AoB8SwOCZ",
"AoB8Jowrc"
],
"uid":"2268213570",
"parent":"AoB6Hthix",
"text":"",
"mid":"AoB8bqsSB",
"date":"2013-12-23 11:04:52"
},
{
"kids":[],
"uid":"3303564165",
"parent":"AoAwu2HwL",
"text":"黄世仁原来在身边[怒]",
"mid":"AoB7xfWmg",
"date":"2013-12-23 11:03:16"
},
{
"kids":[],
"uid":"2608094971",
"parent":"AoB1Zwe0F",
"text":"",
"mid":"AoB6VFjUw",
"date":"2013-12-23 11:01:48"
},
{
"kids":[
"AoEEWeGA2",
"AoCtswDNA",
"AoBTvm0gi",
"AoBRrnU8D",
"AoBQLpN8M",
"AoBp9loCy",
"AoBoO7Psy",
"AoBnNszji",
"AoBfUpncL",
"AoBfFzYux",
"AoBfdxzXG",
"AoBdEDVXN",
"AoBaKoRXz",
"AoBaK4i0p",
"AoBawsq8k",
"AoB9z8bLz",
"AoB9rFU3F",
"AoB9j7UPA",
"AoB8SwOCZ",
"AoB8Jowrc",
"AoB8bqsSB"
],
"uid":"2421929454",
"parent":"",
"text":"没有人性的城管，这种冷漠的执法难道是一种特色吗？",
"mid":"AoB6Hthix",
"date":"2013-12-23 11:01:14"
},
{
"kids":[],
"uid":"3607612945",
"parent":"AoAYWtz9b",
"text":"",
"mid":"AoB4H7oGn",
"date":"2013-12-23 10:56:17"
},
{
"kids":[],
"uid":"2875516380",
"parent":"AoB1Zwe0F",
"text":"",
"mid":"AoB4ErF7P",
"date":"2013-12-23 10:56:11"
},
{
"kids":[
"AoCnzigcZ"
],
"uid":"mongolhani",
"parent":"",
"text":"何等的人性啊[怒][弱]",
"mid":"AoB44DXrG",
"date":"2013-12-23 10:54:46"
},
{
"kids":[
"AoB99523x"
],
"uid":"2132483722",
"parent":"AoAYWtz9b",
"text":"这种族已禽兽不如",
"mid":"AoB3FzXpu",
"date":"2013-12-23 10:53:46"
},
{
"kids":[],
"uid":"1936125645",
"parent":"AozBY5VDa",
"text":"",
"mid":"AoB3r6aos",
"date":"2013-12-23 10:53:10"
},
{
"kids":[],
"uid":"2132483722",
"parent":"AoAYWtz9b",
"text":"",
"mid":"AoB3gsOFg",
"date":"2013-12-23 10:52:45"
},
{
"kids":[],
"uid":"3443459232",
"parent":"AoB1Zwe0F",
"text":"",
"mid":"AoB321r12",
"date":"2013-12-23 10:52:10"
},
{
"kids":[],
"uid":"wangr197006",
"parent":"AoAYWtz9b",
"text":"",
"mid":"AoB2ir6UX",
"date":"2013-12-23 10:50:22"
},
{
"kids":[],
"uid":"2760162101",
"parent":"AozxnyMyY",
"text":"",
"mid":"AoB23oXLV",
"date":"2013-12-23 10:49:47"
},
{
"kids":[
"AoB6VFjUw",
"AoB4ErF7P",
"AoB321r12"
],
"uid":"1777287711",
"parent":"AoAMjpsi3",
"text":"",
"mid":"AoB1Zwe0F",
"date":"2013-12-23 10:49:38"
},
{
"kids":[],
"uid":"1316918130",
"parent":"AozxnyMyY",
"text":"",
"mid":"AoB082BfU",
"date":"2013-12-23 10:45:02"
},
{
"kids":[],
"uid":"1274355204",
"parent":"AoABkzMWD",
"text":"计: [泪][晕] -农妇:一个自甘为奴的民族，一个欺软畏强的民族，一个互相欺骗，互喂毒品，自相残杀的民族，一个冷漠自私，愚昧虚假充斥的民族，一个没有思想，没有创造，只生产假货和谎言的民族。还有希望吗？ @-农妇:这话有点过了，民族是无罪的，也不会灭亡@窈窕e老淑女:这个该灭亡的丑恶民族！",
"mid":"AoAZCoRb8",
"date":"2013-12-23 10:43:47"
},
{
"kids":[
"AoD8Q2o5q",
"AoC9YjJIC",
"AoC1UC999",
"AoBlpoB7c",
"AoBdNcYPA",
"AoBayhCIF",
"AoB99523x",
"AoB4H7oGn",
"AoB3FzXpu",
"AoB3gsOFg",
"AoB2ir6UX"
],
"uid":"1842137681",
"parent":"",
"text":"",
"mid":"AoAYWtz9b",
"date":"2013-12-23 10:42:07"
},
{
"kids":[],
"uid":"2744714390",
"parent":"",
"text":"",
"mid":"AoAWuxDNe",
"date":"2013-12-23 10:36:05"
},
{
"kids":[],
"uid":"3903539959",
"parent":"AoAMjpsi3",
"text":"人性和法律",
"mid":"AoARAvw92",
"date":"2013-12-23 10:23:59"
},
{
"kids":[],
"uid":"532596123",
"parent":"",
"text":"",
"mid":"AoARbF0FN",
"date":"2013-12-23 10:23:01"
},
{
"kids":[],
"uid":"3202867874",
"parent":"AoAEXsAV4",
"text":"",
"mid":"AoAQ2qM6N",
"date":"2013-12-23 10:20:11"
},
{
"kids":[],
"uid":"3879316338",
"parent":"AoAMjpsi3",
"text":"城管大大你不要B人走决路",
"mid":"AoAPOzbn4",
"date":"2013-12-23 10:19:37"
},
{
"kids":[],
"uid":"3873484285",
"parent":"AoAMjpsi3",
"text":"",
"mid":"AoANKm2To",
"date":"2013-12-23 10:14:31"
},
{
"kids":[],
"uid":"2383373223",
"parent":"",
"text":"",
"mid":"AoANxoUyl",
"date":"2013-12-23 10:14:01"
},
{
"kids":[],
"uid":"2340491392",
"parent":"",
"text":"党性过硬",
"mid":"AoAMCC1uA",
"date":"2013-12-23 10:11:46"
},
{
"kids":[
"AoWCP6w78",
"AoB6VFjUw",
"AoB4ErF7P",
"AoB321r12",
"AoB1Zwe0F",
"AoARAvw92",
"AoAPOzbn4",
"AoANKm2To"
],
"uid":"2290549720",
"parent":"AoALG5118",
"text":"",
"mid":"AoAMjpsi3",
"date":"2013-12-23 10:10:59"
},
{
"kids":[
"AoWCP6w78",
"AoB6VFjUw",
"AoB4ErF7P",
"AoB321r12",
"AoB1Zwe0F",
"AoARAvw92",
"AoAPOzbn4",
"AoANKm2To",
"AoAMjpsi3"
],
"uid":"3844101352",
"parent":"AoAH0bCrB",
"text":"旧闻新义",
"mid":"AoALG5118",
"date":"2013-12-23 10:09:25"
},
{
"kids":[],
"uid":"2448049162",
"parent":"AoAJY1W3U",
"text":"",
"mid":"AoALvaPRh",
"date":"2013-12-23 10:08:59"
},
{
"kids":[],
"uid":"1221473087",
"parent":"",
"text":"[怒][怒][怒][怒]",
"mid":"AoAL3nOPm",
"date":"2013-12-23 10:07:53"
},
{
"kids":[
"AoALvaPRh"
],
"uid":"2023754121",
"parent":"AozT1nyDZ",
"text":"",
"mid":"AoAJY1W3U",
"date":"2013-12-23 10:05:11"
},
{
"kids":[],
"uid":"uc254132313",
"parent":"AozT1nyDZ",
"text":"",
"mid":"AoAJbvRhp",
"date":"2013-12-23 10:03:17"
},
{
"kids":[],
"uid":"1289850751",
"parent":"Aoztt0mqM",
"text":"",
"mid":"AoAIz8BG8",
"date":"2013-12-23 10:01:46"
},
{
"kids":[],
"uid":"2734435193",
"parent":"",
"text":"",
"mid":"AoAHyaS20",
"date":"2013-12-23 09:59:16"
},
{
"kids":[
"AoWCP6w78",
"AoB6VFjUw",
"AoB4ErF7P",
"AoB321r12",
"AoB1Zwe0F",
"AoARAvw92",
"AoAPOzbn4",
"AoANKm2To",
"AoAMjpsi3",
"AoALG5118"
],
"uid":"2164638491",
"parent":"AozDdwvIn",
"text":"普世之道交管理费就合法，真的不用泡水。",
"mid":"AoAH0bCrB",
"date":"2013-12-23 09:57:55"
},
{
"kids":[],
"uid":"734571648",
"parent":"AoAEXsAV4",
"text":"",
"mid":"AoAGFdHm2",
"date":"2013-12-23 09:57:04"
},
{
"kids":[],
"uid":"zhejiangguicaizhidao",
"parent":"AozxnyMyY",
"text":"艹  不得好死的畜生",
"mid":"AoAFWkASb",
"date":"2013-12-23 09:55:17"
},
{
"kids":[
"AoAQ2qM6N",
"AoAGFdHm2"
],
"uid":"bobwang3",
"parent":"AozT1nyDZ",
"text":"",
"mid":"AoAEXsAV4",
"date":"2013-12-23 09:52:52"
},
{
"kids":[],
"uid":"2738116223",
"parent":"",
"text":"",
"mid":"AoACLwoNR",
"date":"2013-12-23 09:47:28"
},
{
"kids":[],
"uid":"1936709013",
"parent":"",
"text":"",
"mid":"AoAC6rxiq",
"date":"2013-12-23 09:45:51"
},
{
"kids":[
"AoAZCoRb8"
],
"uid":"2207930570",
"parent":"AozDWb3S9",
"text":"[泪][晕] -农妇:一个自甘为奴的民族，一个欺软畏强的民族，一个互相欺骗，互喂毒品，自相残杀的民族，一个冷漠自私，愚昧虚假充斥的民族，一个没有思想，没有创造，只生产假货和谎言的民族。还有希望吗？ @-农妇:这话有点过了，民族是无罪的，也不会灭亡@窈窕e老淑女:这个该灭亡的丑恶民族！",
"mid":"AoABkzMWD",
"date":"2013-12-23 09:43:57"
},
{
"kids":[],
"uid":"1951711291",
"parent":"",
"text":"五毛多的地方，缺德人就多，缺德城管更多，咋没人把这个该死的城管一脚踹下河去！",
"mid":"AoAATnuFU",
"date":"2013-12-23 09:42:52"
},
{
"kids":[],
"uid":"ljhhnrtu",
"parent":"AoAwu2HwL",
"text":"估计城管是在在取乐，这样好刺激",
"mid":"AoAx9s6Zg",
"date":"2013-12-23 09:33:39"
},
{
"kids":[],
"uid":"2637922791",
"parent":"AozT1nyDZ",
"text":"又是这群王八蛋[怒]",
"mid":"AoAwRF1FL",
"date":"2013-12-23 09:32:57"
},
{
"kids":[],
"uid":"2548698085",
"parent":"",
"text":"这样的体制，就是迫害抢劫![怒]",
"mid":"AoAwukiXg",
"date":"2013-12-23 09:32:01"
},
{
"kids":[
"AoB7xfWmg",
"AoAx9s6Zg"
],
"uid":"2447332043",
"parent":"AozT1nyDZ",
"text":"",
"mid":"AoAwu2HwL",
"date":"2013-12-23 09:31:59"
},
{
"kids":[],
"uid":"3608166133",
"parent":"",
"text":"",
"mid":"AoAw71cqu",
"date":"2013-12-23 09:31:05"
},
{
"kids":[],
"uid":"3085831755",
"parent":"AoAtYCSEA",
"text":"",
"mid":"AoAw0eA9o",
"date":"2013-12-23 09:30:48"
},
{
"kids":[],
"uid":"1909617923",
"parent":"",
"text":"",
"mid":"AoAvYatXP",
"date":"2013-12-23 09:30:44"
},
{
"kids":[],
"uid":"2185572741",
"parent":"AoA8wEgaH",
"text":"",
"mid":"AoAvxx3C6",
"date":"2013-12-23 09:29:41"
},
{
"kids":[],
"uid":"2837816795",
"parent":"",
"text":"",
"mid":"AoAvuDBYZ",
"date":"2013-12-23 09:29:32"
},
{
"kids":[
"AoAw0eA9o"
],
"uid":"2247870782",
"parent":"AozxnyMyY",
"text":"",
"mid":"AoAtYCSEA",
"date":"2013-12-23 09:25:49"
},
{
"kids":[],
"uid":"1835979567",
"parent":"AozxnyMyY",
"text":"",
"mid":"AoAtBjd0j",
"date":"2013-12-23 09:24:53"
},
{
"kids":[],
"uid":"3172946273",
"parent":"",
"text":"城管！和解放前的“皇协军”“二狗子”有什么区别！！！[怒][怒][怒]",
"mid":"AoArDhrK1",
"date":"2013-12-23 09:20:03"
},
{
"kids":[],
"uid":"1583992502",
"parent":"",
"text":"",
"mid":"AoApy7PvG",
"date":"2013-12-23 09:14:54"
},
{
"kids":[],
"uid":"3318006112",
"parent":"AozxnyMyY",
"text":"",
"mid":"AoAoo55HY",
"date":"2013-12-23 09:12:01"
},
{
"kids":[],
"uid":"1041530627",
"parent":"AozxnyMyY",
"text":"",
"mid":"AoAlpk2rO",
"date":"2013-12-23 09:04:42"
},
{
"kids":[],
"uid":"crf66",
"parent":"",
"text":"这条消息存疑。能卖盗版CD的女子断不至于如此胆小愚昧的。",
"mid":"AoAeIqYFK",
"date":"2013-12-23 08:48:14"
},
{
"kids":[],
"uid":"1762096033",
"parent":"AozxnyMyY",
"text":"CCTV报道，河南城管勇救落水妇女！",
"mid":"AoAc7pkOq",
"date":"2013-12-23 08:41:49"
},
{
"kids":[],
"uid":"2945323913",
"parent":"AozT1nyDZ",
"text":"",
"mid":"AoAb50XQt",
"date":"2013-12-23 08:39:15"
},
{
"kids":[],
"uid":"582659330shi",
"parent":"AozT1nyDZ",
"text":"草泥马这是哪里的人渣",
"mid":"AoAaYd1OG",
"date":"2013-12-23 08:38:59"
},
{
"kids":[
"Apsq49eRa"
],
"uid":"3626392947",
"parent":"",
"text":"",
"mid":"AoA8PxZ7t",
"date":"2013-12-23 08:33:43"
},
{
"kids":[
"AoAvxx3C6"
],
"uid":"2050927203",
"parent":"Aoztt0mqM",
"text":"",
"mid":"AoA8wEgaH",
"date":"2013-12-23 08:32:58"
},
{
"kids":[],
"uid":"3176298402",
"parent":"",
"text":"",
"mid":"AoA6yh6uF",
"date":"2013-12-23 08:28:06"
},
{
"kids":[],
"uid":"2938215934",
"parent":"",
"text":"",
"mid":"AoA4c60ne",
"date":"2013-12-23 08:22:17"
},
{
"kids":[],
"uid":"234281745",
"parent":"",
"text":"",
"mid":"AoA3g5hsu",
"date":"2013-12-23 08:20:00"
},
{
"kids":[],
"uid":"1752874402",
"parent":"AozxnyMyY",
"text":"[怒][怒][怒][怒][怒][怒]#城管随手拍#",
"mid":"AoA2r1D6Q",
"date":"2013-12-23 08:17:58"
},
{
"kids":[],
"uid":"1274398390",
"parent":"AozxnyMyY",
"text":"诚如是，其人当可诛！",
"mid":"AoA23lhHr",
"date":"2013-12-23 08:17:02"
},
{
"kids":[],
"uid":"3058201121",
"parent":"AozxnyMyY",
"text":"真相？[怒]",
"mid":"AozY9kLv3",
"date":"2013-12-23 08:07:25"
},
{
"kids":[],
"uid":"laixizx",
"parent":"",
"text":"[怒]",
"mid":"AozWiqqNT",
"date":"2013-12-23 08:02:50"
},
{
"kids":[
"AoG9VyvDP",
"AoBeR7y1q"
],
"uid":"3554491042",
"parent":"AozT1nyDZ",
"text":"他的脸呢？",
"mid":"AozVi57KZ",
"date":"2013-12-23 08:00:22"
},
{
"kids":[],
"uid":"fyfc1222",
"parent":"AozDdwvIn",
"text":"",
"mid":"AozVcs3rN",
"date":"2013-12-23 08:00:08"
},
{
"kids":[],
"uid":"2207974010",
"parent":"AozxnyMyY",
"text":"",
"mid":"AozUTc5ak",
"date":"2013-12-23 07:59:23"
},
{
"kids":[],
"uid":"3829440855",
"parent":"AozxnyMyY",
"text":"",
"mid":"AozTTtPz2",
"date":"2013-12-23 07:56:56"
},
{
"kids":[],
"uid":"3169077832",
"parent":"AozT1nyDZ",
"text":"",
"mid":"AozTE809k",
"date":"2013-12-23 07:56:19"
},
{
"kids":[],
"uid":"1656202027",
"parent":"AozBNugM4",
"text":"",
"mid":"AozTC3m9F",
"date":"2013-12-23 07:56:13"
},
{
"kids":[],
"uid":"2712370675",
"parent":"AozxnyMyY",
"text":"",
"mid":"AozTzFem9",
"date":"2013-12-23 07:56:09"
},
{
"kids":[],
"uid":"3873703532",
"parent":"AozSdqVh6",
"text":"",
"mid":"AozTwqiM4",
"date":"2013-12-23 07:56:01"
},
{
"kids":[
"AoG9VyvDP",
"AoBnj1Y10",
"AoBeR7y1q",
"AoBaUpMGV",
"AoB8Ny1aw",
"AoB7xfWmg",
"AoAQ2qM6N",
"AoALvaPRh",
"AoAJY1W3U",
"AoAJbvRhp",
"AoAGFdHm2",
"AoAEXsAV4",
"AoAx9s6Zg",
"AoAwRF1FL",
"AoAwu2HwL",
"AoAb50XQt",
"AoAaYd1OG",
"AozVi57KZ",
"AozTE809k"
],
"uid":"3123914534",
"parent":"AozSdqVh6",
"text":"",
"mid":"AozT1nyDZ",
"date":"2013-12-23 07:54:47"
},
{
"kids":[],
"uid":"527938678",
"parent":"AozDWb3S9",
"text":"",
"mid":"AozSD8vzB",
"date":"2013-12-23 07:53:49"
},
{
"kids":[
"AoG9VyvDP",
"AoBnj1Y10",
"AoBeR7y1q",
"AoBaUpMGV",
"AoB8Ny1aw",
"AoB7xfWmg",
"AoAQ2qM6N",
"AoALvaPRh",
"AoAJY1W3U",
"AoAJbvRhp",
"AoAGFdHm2",
"AoAEXsAV4",
"AoAx9s6Zg",
"AoAwRF1FL",
"AoAwu2HwL",
"AoAb50XQt",
"AoAaYd1OG",
"AozVi57KZ",
"AozTE809k",
"AozTwqiM4",
"AozT1nyDZ"
],
"uid":"3235568531",
"parent":"AozIFBFpI",
"text":"",
"mid":"AozSdqVh6",
"date":"2013-12-23 07:52:47"
},
{
"kids":[],
"uid":"335832888",
"parent":"",
"text":"",
"mid":"AozRtm9Ss",
"date":"2013-12-23 07:50:57"
},
{
"kids":[],
"uid":"3490927881",
"parent":"AozxnyMyY",
"text":"",
"mid":"AozRokKwI",
"date":"2013-12-23 07:50:46"
},
{
"kids":[],
"uid":"1664699150",
"parent":"AozBY5VDa",
"text":"[怒]",
"mid":"AozPSF7mP",
"date":"2013-12-23 07:47:02"
},
{
"kids":[],
"uid":"2304617950",
"parent":"AozBY5VDa",
"text":"",
"mid":"AozOm9fVZ",
"date":"2013-12-23 07:43:16"
},
{
"kids":[],
"uid":"3598307652",
"parent":"AozxnyMyY",
"text":"",
"mid":"AozNLqPAN",
"date":"2013-12-23 07:41:50"
},
{
"kids":[],
"uid":"2043022063",
"parent":"AozxnyMyY",
"text":"",
"mid":"AozNysISe",
"date":"2013-12-23 07:41:19"
},
{
"kids":[],
"uid":"gouzaiwu",
"parent":"",
"text":"城管千万别成了无人性的别称！",
"mid":"AozN4jesc",
"date":"2013-12-23 07:40:08"
},
{
"kids":[],
"uid":"1737578274",
"parent":"AozxnyMyY",
"text":"",
"mid":"AozMKeD2G",
"date":"2013-12-23 07:39:19"
},
{
"kids":[
"AoG9VyvDP",
"AoBnj1Y10",
"AoBeR7y1q",
"AoBaUpMGV",
"AoB8Ny1aw",
"AoB7xfWmg",
"AoAQ2qM6N",
"AoALvaPRh",
"AoAJY1W3U",
"AoAJbvRhp",
"AoAGFdHm2",
"AoAEXsAV4",
"AoAx9s6Zg",
"AoAwRF1FL",
"AoAwu2HwL",
"AoAb50XQt",
"AoAaYd1OG",
"AozVi57KZ",
"AozTE809k",
"AozTwqiM4",
"AozT1nyDZ",
"AozSdqVh6"
],
"uid":"3307709775",
"parent":"AozE4auwC",
"text":"",
"mid":"AozIFBFpI",
"date":"2013-12-23 07:29:16"
},
{
"kids":[],
"uid":"2890756374",
"parent":"AozxnyMyY",
"text":"",
"mid":"AozIgbnyo",
"date":"2013-12-23 07:28:16"
},
{
"kids":[],
"uid":"3383719110",
"parent":"AozDWb3S9",
"text":"",
"mid":"AozHmBRKE",
"date":"2013-12-23 07:26:04"
},
{
"kids":[],
"uid":"87654323",
"parent":"AozxnyMyY",
"text":"权力失去约束，便是灾难。",
"mid":"AozHm0yUf",
"date":"2013-12-23 07:26:02"
},
{
"kids":[],
"uid":"1805589081",
"parent":"AozxnyMyY",
"text":"",
"mid":"AozGM1e1X",
"date":"2013-12-23 07:24:36"
},
{
"kids":[],
"uid":"2301593645",
"parent":"AozE4auwC",
"text":"[弱]",
"mid":"AozFzelUC",
"date":"2013-12-23 07:21:38"
},
{
"kids":[],
"uid":"1217555291",
"parent":"",
"text":"",
"mid":"AozED2VjE",
"date":"2013-12-23 07:19:19"
},
{
"kids":[],
"uid":"270955223",
"parent":"AozyS4100",
"text":"@ztech @yuanlai10000",
"mid":"AozExpQkG",
"date":"2013-12-23 07:19:05"
},
{
"kids":[],
"uid":"1926037672",
"parent":"",
"text":"",
"mid":"AozEnDW15",
"date":"2013-12-23 07:18:43"
},
{
"kids":[],
"uid":"818819888",
"parent":"AozxnyMyY",
"text":"河南城管这是怎么了",
"mid":"AozEdB4hZ",
"date":"2013-12-23 07:18:19"
},
{
"kids":[
"AoG9VyvDP",
"AoBnj1Y10",
"AoBeR7y1q",
"AoBaUpMGV",
"AoB8Ny1aw",
"AoB7xfWmg",
"AoAQ2qM6N",
"AoALvaPRh",
"AoAJY1W3U",
"AoAJbvRhp",
"AoAGFdHm2",
"AoAEXsAV4",
"AoAx9s6Zg",
"AoAwRF1FL",
"AoAwu2HwL",
"AoAb50XQt",
"AoAaYd1OG",
"AozVi57KZ",
"AozTE809k",
"AozTwqiM4",
"AozT1nyDZ",
"AozSdqVh6",
"AozIFBFpI",
"AozFzelUC"
],
"uid":"3556321475",
"parent":"Aozzt04bY",
"text":"",
"mid":"AozE4auwC",
"date":"2013-12-23 07:17:55"
},
{
"kids":[
"AoEWcbBsy",
"AoAZCoRb8",
"AoABkzMWD",
"AozSD8vzB",
"AozHmBRKE"
],
"uid":"1715921287",
"parent":"Aoztt0mqM",
"text":"@窈窕e老淑女:回复@-农妇:一个自甘为奴的民族，一个欺软畏强的民族，一个互相欺骗，互喂毒品，自相残杀的民族，一个冷漠自私，愚昧虚假充斥的民族，一个没有思想，没有创造，只生产假货和谎言的民族。还有希望吗？ @-农妇:这话有点过了，民族是无罪的，也不会灭亡@窈窕e老淑女:这个该灭亡的丑恶民族！",
"mid":"AozDWb3S9",
"date":"2013-12-23 07:17:36"
},
{
"kids":[],
"uid":"3533685785",
"parent":"AozxnyMyY",
"text":"哎！哀！",
"mid":"AozDIxgXC",
"date":"2013-12-23 07:17:05"
},
{
"kids":[],
"uid":"3217869363",
"parent":"AozxnyMyY",
"text":"转！又是河南！",
"mid":"AozDycOt2",
"date":"2013-12-23 07:16:39"
},
{
"kids":[],
"uid":"3556068497",
"parent":"Aoztt0mqM",
"text":"",
"mid":"AozDwsUwH",
"date":"2013-12-23 07:16:35"
},
{
"kids":[],
"uid":"2932615587",
"parent":"AozxnyMyY",
"text":"",
"mid":"AozDu7dwR",
"date":"2013-12-23 07:16:29"
},
{
"kids":[],
"uid":"1596917595",
"parent":"AozxnyMyY",
"text":"[怒]",
"mid":"AozDfBrbh",
"date":"2013-12-23 07:15:55"
},
{
"kids":[
"AoWCP6w78",
"AoFboucws",
"AoB6VFjUw",
"AoB4ErF7P",
"AoB321r12",
"AoB1Zwe0F",
"AoARAvw92",
"AoAPOzbn4",
"AoANKm2To",
"AoAMjpsi3",
"AoALG5118",
"AoAH0bCrB",
"AozVcs3rN"
],
"uid":"3252932787",
"parent":"Aoztt0mqM",
"text":"",
"mid":"AozDdwvIn",
"date":"2013-12-23 07:15:51"
},
{
"kids":[],
"uid":"406618361",
"parent":"AozxnyMyY",
"text":"人都变质了",
"mid":"AozCItDGG",
"date":"2013-12-23 07:14:37"
},
{
"kids":[],
"uid":"2941689941",
"parent":"AozxnyMyY",
"text":"",
"mid":"AozCuiBdZ",
"date":"2013-12-23 07:14:03"
},
{
"kids":[],
"uid":"2785243737",
"parent":"Aoztt0mqM",
"text":"[怒]",
"mid":"AozC67ztn",
"date":"2013-12-23 07:13:04"
},
{
"kids":[
"AoD8wt6hk",
"AoCQz5zlc",
"AoBVJBGog",
"AoB3r6aos",
"AozPSF7mP",
"AozOm9fVZ"
],
"uid":"905626287",
"parent":"AozB6jLpW",
"text":"",
"mid":"AozBY5VDa",
"date":"2013-12-23 07:12:45"
},
{
"kids":[
"AozTC3m9F"
],
"uid":"1599612247",
"parent":"",
"text":"",
"mid":"AozBNugM4",
"date":"2013-12-23 07:12:21"
},
{
"kids":[],
"uid":"redjian",
"parent":"Aoztt0mqM",
"text":"",
"mid":"AozBq7St7",
"date":"2013-12-23 07:11:25"
},
{
"kids":[
"AoPvJE3md"
],
"uid":"2793014433",
"parent":"Aozyzb4df",
"text":"",
"mid":"AozBgEdXM",
"date":"2013-12-23 07:11:03"
},
{
"kids":[
"AoD8wt6hk",
"AoCQz5zlc",
"AoBVJBGog",
"AoB3r6aos",
"AozPSF7mP",
"AozOm9fVZ",
"AozBY5VDa"
],
"uid":"2512879423",
"parent":"AozxnyMyY",
"text":"",
"mid":"AozB6jLpW",
"date":"2013-12-23 07:10:38"
},
{
"kids":[],
"uid":"1865606352",
"parent":"AozxnyMyY",
"text":"没有时间丶地点的事件要不要信呢？",
"mid":"AozB4hkYA",
"date":"2013-12-23 07:10:32"
},
{
"kids":[],
"uid":"2584510692",
"parent":"AozxnyMyY",
"text":"他们不再是人了",
"mid":"AozAQ6gxp",
"date":"2013-12-23 07:09:58"
},
{
"kids":[
"AoG9VyvDP",
"AoBnj1Y10",
"AoBeR7y1q",
"AoBaUpMGV",
"AoB8Ny1aw",
"AoB7xfWmg",
"AoAQ2qM6N",
"AoALvaPRh",
"AoAJY1W3U",
"AoAJbvRhp",
"AoAGFdHm2",
"AoAEXsAV4",
"AoAx9s6Zg",
"AoAwRF1FL",
"AoAwu2HwL",
"AoAb50XQt",
"AoAaYd1OG",
"AozVi57KZ",
"AozTE809k",
"AozTwqiM4",
"AozT1nyDZ",
"AozSdqVh6",
"AozIFBFpI",
"AozFzelUC",
"AozE4auwC"
],
"uid":"femaleshoe",
"parent":"Aoztt0mqM",
"text":"马勒戈壁的",
"mid":"Aozzt04bY",
"date":"2013-12-23 07:06:36"
},
{
"kids":[],
"uid":"1927419862",
"parent":"AozxnyMyY",
"text":"",
"mid":"Aozzt04al",
"date":"2013-12-23 07:06:36"
},
{
"kids":[],
"uid":"3477458491",
"parent":"AozxnyMyY",
"text":"",
"mid":"Aozzhc1d3",
"date":"2013-12-23 07:06:08"
},
{
"kids":[],
"uid":"272154400",
"parent":"AozxnyMyY",
"text":"有这等猪狗不如的城管么？河南哪个城市的看客都没人性？若在我们这里，城管早被或打跑或骂死了。",
"mid":"Aozzbgw4o",
"date":"2013-12-23 07:05:54"
},
{
"kids":[
"AozExpQkG"
],
"uid":"1435430072",
"parent":"AozxnyMyY",
"text":"恶魔附身，即失人性",
"mid":"AozyS4100",
"date":"2013-12-23 07:05:08"
},
{
"kids":[],
"uid":"1316918130",
"parent":"AozxnyMyY",
"text":"",
"mid":"AozyLxgrA",
"date":"2013-12-23 07:04:53"
},
{
"kids":[
"AoPvJE3md",
"AozBgEdXM"
],
"uid":"2274393485",
"parent":"AozxnyMyY",
"text":"中国梦？梦中国！",
"mid":"Aozyzb4df",
"date":"2013-12-23 07:04:23"
},
{
"kids":[],
"uid":"3285333230",
"parent":"AozxnyMyY",
"text":"",
"mid":"Aozywt0MO",
"date":"2013-12-23 07:04:17"
},
{
"kids":[],
"uid":"2264183284",
"parent":"AozxnyMyY",
"text":"",
"mid":"AozysDTUe",
"date":"2013-12-23 07:04:08"
},
{
"kids":[],
"uid":"1439621343",
"parent":"AozxnyMyY",
"text":"",
"mid":"AozybdU1G",
"date":"2013-12-23 07:03:25"
},
{
"kids":[],
"uid":"3756354755",
"parent":"AozxnyMyY",
"text":"",
"mid":"AozxEpz9J",
"date":"2013-12-23 07:02:08"
},
{
"kids":[
"AoPvJE3md",
"AoD8wt6hk",
"AoCQz5zlc",
"AoBVJBGog",
"AoBrX81mk",
"AoBrbcVbJ",
"AoB3r6aos",
"AoB23oXLV",
"AoB082BfU",
"AoAFWkASb",
"AoAw0eA9o",
"AoAtYCSEA",
"AoAtBjd0j",
"AoAoo55HY",
"AoAlpk2rO",
"AoAc7pkOq",
"AoA2r1D6Q",
"AoA23lhHr",
"AozY9kLv3",
"AozUTc5ak",
"AozTTtPz2",
"AozTzFem9",
"AozRokKwI",
"AozPSF7mP",
"AozOm9fVZ",
"AozNLqPAN",
"AozNysISe",
"AozMKeD2G",
"AozIgbnyo",
"AozHm0yUf",
"AozGM1e1X",
"AozExpQkG",
"AozEdB4hZ",
"AozDIxgXC",
"AozDycOt2",
"AozDu7dwR",
"AozDfBrbh",
"AozCItDGG",
"AozCuiBdZ",
"AozBY5VDa",
"AozBgEdXM",
"AozB6jLpW",
"AozB4hkYA",
"AozAQ6gxp",
"Aozzt04al",
"Aozzhc1d3",
"Aozzbgw4o",
"AozyS4100",
"AozyLxgrA",
"Aozyzb4df",
"Aozywt0MO",
"AozysDTUe",
"AozybdU1G",
"AozxEpz9J"
],
"uid":"3440864882",
"parent":"",
"text":"人人冷漠，自私，邪恶，无爱心便是今日劫数之源！",
"mid":"AozxnyMyY",
"date":"2013-12-23 07:01:28"
},
{
"kids":[],
"uid":"2996617291",
"parent":"",
"text":"可怜到死！没人性的执法[怒]",
"mid":"AozvxwNhT",
"date":"2013-12-23 06:56:56"
},
{
"kids":[],
"uid":"2996617291",
"parent":"",
"text":"",
"mid":"Aozv9yD4c",
"date":"2013-12-23 06:55:59"
},
{
"kids":[],
"uid":"2647803673",
"parent":"Aoztt0mqM",
"text":"",
"mid":"Aozv84h8T",
"date":"2013-12-23 06:55:55"
},
{
"kids":[
"AoWCP6w78",
"AoG9VyvDP",
"AoFboucws",
"AoEWcbBsy",
"AoBnj1Y10",
"AoBeR7y1q",
"AoBaUpMGV",
"AoB8Ny1aw",
"AoB7xfWmg",
"AoB6VFjUw",
"AoB4ErF7P",
"AoB321r12",
"AoB1Zwe0F",
"AoAZCoRb8",
"AoARAvw92",
"AoAQ2qM6N",
"AoAPOzbn4",
"AoANKm2To",
"AoAMjpsi3",
"AoALG5118",
"AoALvaPRh",
"AoAJY1W3U",
"AoAJbvRhp",
"AoAIz8BG8",
"AoAH0bCrB",
"AoAGFdHm2",
"AoAEXsAV4",
"AoABkzMWD",
"AoAx9s6Zg",
"AoAwRF1FL",
"AoAwu2HwL",
"AoAvxx3C6",
"AoAb50XQt",
"AoAaYd1OG",
"AoA8wEgaH",
"AozVi57KZ",
"AozVcs3rN",
"AozTE809k",
"AozTwqiM4",
"AozT1nyDZ",
"AozSD8vzB",
"AozSdqVh6",
"AozIFBFpI",
"AozHmBRKE",
"AozFzelUC",
"AozE4auwC",
"AozDWb3S9",
"AozDwsUwH",
"AozDdwvIn",
"AozC67ztn",
"AozBq7St7",
"Aozzt04bY",
"Aozv84h8T"
],
"uid":"1959893191",
"parent":"",
"text":"草泥马[困][困][困]",
"mid":"Aoztt0mqM",
"date":"2013-12-23 06:51:49"
},
{
"kids":[],
"uid":"1102939912",
"parent":"",
"text":"",
"mid":"AozsK5iLn",
"date":"2013-12-23 06:50:01"
}
]