[
{
"kids":[],
"uid":"2033764865",
"parent":"yo7tmkk8p",
"text":"哇靠忍不住笑抽了[哈哈][哈哈][哈哈]特么的淫才呀",
"mid":"ArXWaESum",
"date":"2014-01-14 14:39:23"
},
{
"kids":[],
"uid":"1422004414",
"parent":"yo2rv4B7Q",
"text":"",
"mid":"ywZFnkZzZ",
"date":"2012-08-13 18:46:26"
},
{
"kids":[],
"uid":"dingguoyun",
"parent":"",
"text":"真操蛋。。。。",
"mid":"yu5WaCoL5",
"date":"2012-07-25 17:13:23"
},
{
"kids":[],
"uid":"2386363352",
"parent":"yo3hfxISe",
"text":"",
"mid":"ytF6CCY6r",
"date":"2012-07-22 20:54:56"
},
{
"kids":[],
"uid":"2441998705",
"parent":"yrf4A2aAf",
"text":"屁股上带木板的裤子或将在当地热销！",
"mid":"yrf6xrOrM",
"date":"2012-07-06 23:02:43"
},
{
"kids":[
"yrf6xrOrM"
],
"uid":"2441998705",
"parent":"yrf2Fv2vk",
"text":"啥玩意呢！",
"mid":"yrf4A2aAf",
"date":"2012-07-06 22:57:51"
},
{
"kids":[
"yrf4A2aAf"
],
"uid":"1194544777",
"parent":"",
"text":"大江南北，都有“钉子户”。",
"mid":"yrf2Fv2vk",
"date":"2012-07-06 22:53:11"
},
{
"kids":[],
"uid":"1243122635",
"parent":"yo4dy09nh",
"text":"太有才了！如果超时钉子突然冒出，根部可要吃大亏了！[哈哈][哈哈][哈哈]",
"mid":"yq1TibeWL",
"date":"2012-06-28 23:34:03"
},
{
"kids":[],
"uid":"1910947021",
"parent":"yox38wdfV",
"text":"",
"mid":"ypAw8Fzqe",
"date":"2012-06-26 01:52:52"
},
{
"kids":[],
"uid":"2376965594",
"parent":"yo2448F9T",
"text":"",
"mid":"ypdAAyEtc",
"date":"2012-06-23 15:30:39"
},
{
"kids":[],
"uid":"1777808730",
"parent":"yomn34vcy",
"text":"",
"mid":"yoW1csP4U",
"date":"2012-06-21 18:46:44"
},
{
"kids":[],
"uid":"kennedy207",
"parent":"yojj7FtND",
"text":"想出这办法的人可以去死了",
"mid":"yoSL44D1V",
"date":"2012-06-21 10:28:46"
},
{
"kids":[],
"uid":"QRTENTACLE",
"parent":"",
"text":"屌真能爆了",
"mid":"yoRW92cWy",
"date":"2012-06-21 08:23:18"
},
{
"kids":[],
"uid":"1778299543",
"parent":"yomn34vcy",
"text":"",
"mid":"yoLdXb6xb",
"date":"2012-06-20 15:17:57"
},
{
"kids":[],
"uid":"1675274081",
"parent":"",
"text":"",
"mid":"yoJapvfwo",
"date":"2012-06-20 10:03:43"
},
{
"kids":[],
"uid":"xiong1016",
"parent":"yox38wdfV",
"text":"",
"mid":"yoIJonlyt",
"date":"2012-06-20 08:57:10"
},
{
"kids":[],
"uid":"2566095775",
"parent":"yoBZiCG1u",
"text":"[吃惊]/真是创意无限啊！！有些疯狂。。。。。 /@王卫军: 这是什么人的创意啊，拉出去。。。",
"mid":"yoDpe8liT",
"date":"2012-06-19 19:23:46"
},
{
"kids":[],
"uid":"1542361202",
"parent":"yoBZiCG1u",
"text":"无语",
"mid":"yoCaDjG4M",
"date":"2012-06-19 16:15:04"
},
{
"kids":[],
"uid":"1362756553",
"parent":"",
"text":"真夠缺德的",
"mid":"yoC1Rzmz0",
"date":"2012-06-19 15:53:29"
},
{
"kids":[
"yoDpe8liT",
"yoCaDjG4M"
],
"uid":"1421805317",
"parent":"",
"text":"这是什么人的创意啊，拉出去。。。",
"mid":"yoBZiCG1u",
"date":"2012-06-19 15:47:09"
},
{
"kids":[],
"uid":"1986863764",
"parent":"",
"text":"[弱]",
"mid":"yozGIp3jI",
"date":"2012-06-19 09:55:52"
},
{
"kids":[],
"uid":"1665349102",
"parent":"",
"text":"这是刑具吧！[衰]",
"mid":"yozFQ1G2M",
"date":"2012-06-19 09:53:42"
},
{
"kids":[],
"uid":"1834188661",
"parent":"yox38wdfV",
"text":"[馋嘴]",
"mid":"yozDKzXna",
"date":"2012-06-19 09:48:33"
},
{
"kids":[],
"uid":"banflowers",
"parent":"yox38wdfV",
"text":"时间到了还没续费的话钉子再长出来那屁股不是开花了吗[抓狂]",
"mid":"yozt9qodo",
"date":"2012-06-19 09:22:26"
},
{
"kids":[],
"uid":"happyhaiwen",
"parent":"",
"text":"",
"mid":"yozj0heHy",
"date":"2012-06-19 08:57:26"
},
{
"kids":[],
"uid":"1072030040",
"parent":"yox38wdfV",
"text":"",
"mid":"yoz6Ye3Xq",
"date":"2012-06-19 08:27:48"
},
{
"kids":[],
"uid":"2670853465",
"parent":"yox38wdfV",
"text":"這真夠缺德的，什麽叫公園~",
"mid":"yoz6uB5gn",
"date":"2012-06-19 08:26:36"
},
{
"kids":[],
"uid":"lisa92",
"parent":"yox38wdfV",
"text":"太酷啦[衰]",
"mid":"yoyiu2yMe",
"date":"2012-06-19 06:23:25"
},
{
"kids":[],
"uid":"punkchaos",
"parent":"yox38wdfV",
"text":"要是它半路弹起来……我去……悲剧了……",
"mid":"yoxnIalGi",
"date":"2012-06-19 04:03:32"
},
{
"kids":[
"ypAw8Fzqe",
"yoIJonlyt",
"yozDKzXna",
"yozt9qodo",
"yoz6Ye3Xq",
"yoz6uB5gn",
"yoyiu2yMe",
"yoxnIalGi"
],
"uid":"smzb",
"parent":"",
"text":"[微风]",
"mid":"yox38wdfV",
"date":"2012-06-19 03:12:52"
},
{
"kids":[],
"uid":"nonov5",
"parent":"yo1E59TkO",
"text":"超闹心的东西'为什么我们的屏这么重",
"mid":"yowkGtjna",
"date":"2012-06-19 01:23:21"
},
{
"kids":[],
"uid":"517192933",
"parent":"yo1E59TkO",
"text":"同感啊[泪][泪][泪] 悲催的岁月",
"mid":"yovIu4CRf",
"date":"2012-06-18 23:49:14"
},
{
"kids":[],
"uid":"1668717690",
"parent":"",
"text":"长见识了！",
"mid":"yotXjfQrS",
"date":"2012-06-18 19:20:16"
},
{
"kids":[],
"uid":"2230940101",
"parent":"yo1GahKDP",
"text":"还有这样的收费。",
"mid":"yotNo3In3",
"date":"2012-06-18 18:55:47"
},
{
"kids":[],
"uid":"perfectemily",
"parent":"yo1OAnjtO",
"text":"有这么缺钱吗。。。。。[怒]",
"mid":"yosSD2YxE",
"date":"2012-06-18 16:35:59"
},
{
"kids":[],
"uid":"cheesesteak",
"parent":"yor7qqQY0",
"text":"这个是在德国的行为艺术。",
"mid":"yor9FAryh",
"date":"2012-06-18 12:12:30"
},
{
"kids":[
"yor9FAryh"
],
"uid":"1783370290",
"parent":"",
"text":"[吃惊]这个损招，恐怕只有中国有。",
"mid":"yor7qqQY0",
"date":"2012-06-18 12:06:56"
},
{
"kids":[
"yoW1csP4U",
"yoLdXb6xb"
],
"uid":"1676074960",
"parent":"yo1MR9CKY",
"text":"谁啊，太有才了",
"mid":"yomn34vcy",
"date":"2012-06-18 00:01:40"
},
{
"kids":[],
"uid":"2764596360",
"parent":"yom76k8Yc",
"text":"妹儿啊，经济环境不好，啥招都得使啊。",
"mid":"yom8vtk8N",
"date":"2012-06-17 23:25:52"
},
{
"kids":[
"yom8vtk8N"
],
"uid":"yooyoo3q321",
"parent":"yocFc3kmA",
"text":"＂小聪明＂全用这了，哎[泪][抓狂]",
"mid":"yom76k8Yc",
"date":"2012-06-17 23:22:25"
},
{
"kids":[],
"uid":"wuqingzhou",
"parent":"yoj6QsHnL",
"text":"回复@眯槪楽_徐:大家要辟谣！看起来感觉就不像国内的",
"mid":"yokTH5ybH",
"date":"2012-06-17 20:16:38"
},
{
"kids":[],
"uid":"1859196810",
"parent":"yoj6QsHnL",
"text":"",
"mid":"yokAr063w",
"date":"2012-06-17 19:29:10"
},
{
"kids":[],
"uid":"2173992292",
"parent":"yojj7FtND",
"text":"创新是民族进步的灵魂，是国家兴旺发达的不竭动力！",
"mid":"yojQzqIK1",
"date":"2012-06-17 17:36:13"
},
{
"kids":[],
"uid":"1861240911",
"parent":"yojkb1qOy",
"text":"@阿战阿战 @卞亚梦 真的假的？",
"mid":"yojlok5vG",
"date":"2012-06-17 16:19:23"
},
{
"kids":[
"yojlok5vG"
],
"uid":"1827441077",
"parent":"yoj6QsHnL",
"text":"谁实施的该以判国罪处理",
"mid":"yojkb1qOy",
"date":"2012-06-17 16:16:22"
},
{
"kids":[
"yoSL44D1V",
"yojQzqIK1"
],
"uid":"kevinhj",
"parent":"yoj6pj82V",
"text":"",
"mid":"yojj7FtND",
"date":"2012-06-17 16:13:46"
},
{
"kids":[
"yokTH5ybH",
"yokAr063w",
"yojkb1qOy"
],
"uid":"wuqingzhou",
"parent":"yoj34arEu",
"text":"想钱想疯了",
"mid":"yoj6QsHnL",
"date":"2012-06-17 15:43:33"
},
{
"kids":[
"yojj7FtND"
],
"uid":"flaviano",
"parent":"yoj34arEu",
"text":"这是我dang发明的什么先进武器。。。",
"mid":"yoj6pj82V",
"date":"2012-06-17 15:42:27"
},
{
"kids":[
"yoj6QsHnL",
"yoj6pj82V"
],
"uid":"1812745570",
"parent":"yo1RcilhL",
"text":"crazy",
"mid":"yoj34arEu",
"date":"2012-06-17 15:34:14"
},
{
"kids":[],
"uid":"1409147492",
"parent":"yo2rv4B7Q",
"text":"",
"mid":"yohrTztYE",
"date":"2012-06-17 11:29:55"
},
{
"kids":[],
"uid":"lieyanxiaohunounuo",
"parent":"",
"text":"哇！疯了！椅子都不让人做了！",
"mid":"yohg6evXq",
"date":"2012-06-17 11:00:51"
},
{
"kids":[],
"uid":"2252902214",
"parent":"",
"text":"亏他想得出来！",
"mid":"yodsFvJLL",
"date":"2012-06-17 01:20:50"
},
{
"kids":[
"yom76k8Yc"
],
"uid":"1887186912",
"parent":"",
"text":"[吃惊]居然有这种做法！",
"mid":"yocFc3kmA",
"date":"2012-06-16 23:18:56"
},
{
"kids":[],
"uid":"2491331412",
"parent":"yo3ft2Jjp",
"text":"想钱想疯了",
"mid":"yobVWB9Ca",
"date":"2012-06-16 21:27:27"
},
{
"kids":[],
"uid":"1767479347",
"parent":"",
"text":"够混帐的！",
"mid":"yoaWRynYE",
"date":"2012-06-16 18:57:00"
},
{
"kids":[],
"uid":"1769248962",
"parent":"yo92lhSuy",
"text":"啊要为……[囧]算了立立伊",
"mid":"yo9i0yzbU",
"date":"2012-06-16 14:43:35"
},
{
"kids":[
"yo9i0yzbU"
],
"uid":"2793452542",
"parent":"yo2SlBpqB",
"text":"@小月亮YILING @微笑了谁的耳朵 @醉膏蟹",
"mid":"yo92lhSuy",
"date":"2012-06-16 14:04:58"
},
{
"kids":[],
"uid":"1939684670",
"parent":"yo3hfxISe",
"text":"",
"mid":"yo80e4KTE",
"date":"2012-06-16 11:27:01"
},
{
"kids":[],
"uid":"2815539864",
"parent":"",
"text":"这年头,什么招都有!",
"mid":"yo7Zg587o",
"date":"2012-06-16 11:24:38"
},
{
"kids":[],
"uid":"1793439511",
"parent":"yo7SRssoW",
"text":"[哈哈][哈哈][哈哈][哈哈][哈哈][哈哈]",
"mid":"yo7TMe895",
"date":"2012-06-16 11:11:07"
},
{
"kids":[
"yo7TMe895"
],
"uid":"1793439511",
"parent":"yo7Roa0dO",
"text":"可以做个主题公园吧？ 叫＂烟台市SM Park\\\"[哈哈]",
"mid":"yo7SRssoW",
"date":"2012-06-16 11:08:52"
},
{
"kids":[
"yo7SRssoW"
],
"uid":"zylbright",
"parent":"yo7Pzh4h8",
"text":"操",
"mid":"yo7Roa0dO",
"date":"2012-06-16 11:05:14"
},
{
"kids":[
"yo7Roa0dO"
],
"uid":"1793439511",
"parent":"yo7Mbdval",
"text":"转起来！求真相！如果是真的只能说烟台市政府太他妈的有才了，拿着老百姓的钱做出这破玩意再用来收老百姓钱！你妈逼要不要脸？先让烟台市长上座，暴菊先！",
"mid":"yo7Pzh4h8",
"date":"2012-06-16 11:00:46"
},
{
"kids":[],
"uid":"2608705691",
"parent":"yo1MR9CKY",
"text":"真的假的",
"mid":"yo7NlzPGF",
"date":"2012-06-16 10:55:18"
},
{
"kids":[
"yo7Pzh4h8"
],
"uid":"831219516",
"parent":"yo67Dqy7D",
"text":"",
"mid":"yo7Mbdval",
"date":"2012-06-16 10:52:25"
},
{
"kids":[],
"uid":"2589474623",
"parent":"",
"text":"",
"mid":"yo7IRh8SH",
"date":"2012-06-16 10:44:14"
},
{
"kids":[],
"uid":"1756581617",
"parent":"yo7tmkk8p",
"text":"谁敢坐啊 万一机关失灵人不是惨了",
"mid":"yo7BtyreA",
"date":"2012-06-16 10:26:02"
},
{
"kids":[],
"uid":"2166286084",
"parent":"yo7tTqdze",
"text":"看钉子的排列，应该不妨碍坐，只是不能躺着睡吧。",
"mid":"yo7vBuINl",
"date":"2012-06-16 10:11:34"
},
{
"kids":[
"yo7vBuINl"
],
"uid":"1778551973",
"parent":"yo4gtaNRK",
"text":"公园的椅子坐还要钱阿？",
"mid":"yo7tTqdze",
"date":"2012-06-16 10:07:22"
},
{
"kids":[
"ArXWaESum",
"yo7BtyreA"
],
"uid":"1359624537",
"parent":"yo3hfxISe",
"text":"变态",
"mid":"yo7tmkk8p",
"date":"2012-06-16 10:06:02"
},
{
"kids":[],
"uid":"2099855895",
"parent":"yo1UbAnoQ",
"text":"",
"mid":"yo7qhatq2",
"date":"2012-06-16 09:58:27"
},
{
"kids":[],
"uid":"1358323203",
"parent":"",
"text":"",
"mid":"yo7mFplyg",
"date":"2012-06-16 09:49:34"
},
{
"kids":[],
"uid":"wuqiying",
"parent":"yo3hfxISe",
"text":"。。。",
"mid":"yo72VdzVk",
"date":"2012-06-16 09:00:55"
},
{
"kids":[],
"uid":"1989681740",
"parent":"",
"text":"想钱想疯了，这也要收费！",
"mid":"yo6L8sKv1",
"date":"2012-06-16 08:17:06"
},
{
"kids":[],
"uid":"epcn",
"parent":"yo3hfxISe",
"text":"",
"mid":"yo6BXBYCb",
"date":"2012-06-16 07:54:30"
},
{
"kids":[],
"uid":"1763295530",
"parent":"",
"text":"",
"mid":"yo6xofN89",
"date":"2012-06-16 07:43:13"
},
{
"kids":[],
"uid":"2640141731",
"parent":"yo3hfxISe",
"text":"坑爹",
"mid":"yo6qqfddB",
"date":"2012-06-16 07:26:04"
},
{
"kids":[],
"uid":"2744270470",
"parent":"yo67Dqy7D",
"text":"NB，",
"mid":"yo6fe7eGp",
"date":"2012-06-16 06:58:29"
},
{
"kids":[
"yo7Mbdval",
"yo6fe7eGp"
],
"uid":"1098769641",
"parent":"",
"text":"我擦",
"mid":"yo67Dqy7D",
"date":"2012-06-16 06:39:46"
},
{
"kids":[],
"uid":"2352276443",
"parent":"yo33Jgk9N",
"text":"",
"mid":"yo5pZhbz5",
"date":"2012-06-16 04:52:15"
},
{
"kids":[],
"uid":"gzwalter",
"parent":"yo3Qv28Dr",
"text":"",
"mid":"yo51s6FWI",
"date":"2012-06-16 03:51:48"
},
{
"kids":[],
"uid":"1421734574",
"parent":"yo3YOlRUj",
"text":"都想钱想疯了吧……搞不好这还是什么“专利”呢……疯了，都疯了……",
"mid":"yo4FjhaE5",
"date":"2012-06-16 02:57:15"
},
{
"kids":[],
"uid":"1363920837",
"parent":"yo3Qv28Dr",
"text":"方便了另一拨人",
"mid":"yo4Eq10rZ",
"date":"2012-06-16 02:55:03"
},
{
"kids":[
"yo7tTqdze"
],
"uid":"2648547652",
"parent":"yo2vi1a23",
"text":"就不怕伤到人吗",
"mid":"yo4gtaNRK",
"date":"2012-06-16 01:56:03"
},
{
"kids":[],
"uid":"2755292214",
"parent":"",
"text":"转发微博。",
"mid":"yo4dTzZZ9",
"date":"2012-06-16 01:49:43"
},
{
"kids":[
"yq1TibeWL"
],
"uid":"2123428401",
"parent":"",
"text":"变相的收费！他们其实都不差钱。",
"mid":"yo4dy09nh",
"date":"2012-06-16 01:48:51"
},
{
"kids":[],
"uid":"2299575143",
"parent":"yo3zS0rqV",
"text":"",
"mid":"yo4cF3EX4",
"date":"2012-06-16 01:46:39"
},
{
"kids":[],
"uid":"1999095787",
"parent":"",
"text":"是我们疯了还是这个时代疯了⋯⋯",
"mid":"yo4aDbEI9",
"date":"2012-06-16 01:41:40"
},
{
"kids":[],
"uid":"lyramimi",
"parent":"yo3YOlRUj",
"text":"[衰]",
"mid":"yo42ut9ew",
"date":"2012-06-16 01:21:37"
},
{
"kids":[],
"uid":"2392562941",
"parent":"yo40rEL5z",
"text":"想多了吧，快睡觉吧大周末的",
"mid":"yo41TgdTt",
"date":"2012-06-16 01:20:08"
},
{
"kids":[
"yo41TgdTt"
],
"uid":"2388037107",
"parent":"",
"text":"女士专用？？",
"mid":"yo40rEL5z",
"date":"2012-06-16 01:16:31"
},
{
"kids":[
"yo4FjhaE5",
"yo42ut9ew"
],
"uid":"mumh888",
"parent":"yo20efRaW",
"text":"神器~真有创意啊，可惜尽想着歪门邪道了~[衰]",
"mid":"yo3YOlRUj",
"date":"2012-06-16 01:12:33"
},
{
"kids":[],
"uid":"2686182032",
"parent":"yo2qZbf4T",
"text":"回复@妖蛾子丁琳:投币前得想好是坐1块钱儿的，还是10块钱儿的，用秒表计时，不然起晚了还得叫120…[衰]",
"mid":"yo3XCbp7s",
"date":"2012-06-16 01:09:36"
},
{
"kids":[],
"uid":"1444915821",
"parent":"yo3Qvgjbs",
"text":"这都跟谁学的，",
"mid":"yo3SPdqem",
"date":"2012-06-16 00:57:48"
},
{
"kids":[],
"uid":"2123428401",
"parent":"",
"text":"太贱了，这也能想出来！",
"mid":"yo3SEeOdh",
"date":"2012-06-16 00:57:22"
},
{
"kids":[
"yo3SPdqem"
],
"uid":"1961462095",
"parent":"",
"text":"[疑问][吃惊]",
"mid":"yo3Qvgjbs",
"date":"2012-06-16 00:52:06"
},
{
"kids":[
"yo51s6FWI",
"yo4Eq10rZ"
],
"uid":"1876331882",
"parent":"yo2GQ1X4U",
"text":"这个牛逼",
"mid":"yo3Qv28Dr",
"date":"2012-06-16 00:52:04"
},
{
"kids":[
"yo4cF3EX4"
],
"uid":"2368524594",
"parent":"yo1AvwJOQ",
"text":"",
"mid":"yo3zS0rqV",
"date":"2012-06-16 00:11:05"
},
{
"kids":[],
"uid":"wongzhiyun",
"parent":"yo3wnpTON",
"text":"很老的造谣帖",
"mid":"yo3zBbH1b",
"date":"2012-06-16 00:10:27"
},
{
"kids":[],
"uid":"qianshuimatou",
"parent":"yo3gq9nUt",
"text":"同志们经常在此交谈甚欢[嘻嘻]",
"mid":"yo3y14q7L",
"date":"2012-06-16 00:06:32"
},
{
"kids":[
"yo3zBbH1b"
],
"uid":"dotnot",
"parent":"yo3hfxISe",
"text":"这创造力。。。",
"mid":"yo3wnpTON",
"date":"2012-06-16 00:02:31"
},
{
"kids":[],
"uid":"zeki66",
"parent":"",
"text":"万一坐上去以后板凳失控...",
"mid":"yo3uQ0oyN",
"date":"2012-06-15 23:58:41"
},
{
"kids":[],
"uid":"sparkel",
"parent":"",
"text":"变态发明。",
"mid":"yo3rrhGT6",
"date":"2012-06-15 23:50:19"
},
{
"kids":[],
"uid":"zhangqinggang",
"parent":"yo3hfxISe",
"text":"诅咒她它们。生孩子木有P眼",
"mid":"yo3oVyvBi",
"date":"2012-06-15 23:44:09"
},
{
"kids":[],
"uid":"lj891116",
"parent":"",
"text":"",
"mid":"yo3nfi0rf",
"date":"2012-06-15 23:40:00"
},
{
"kids":[],
"uid":"2633005643",
"parent":"yo3ezc8IR",
"text":"中国古已有扬 州八怪！无奇不有！公共设施要收费，还想得那么把抠！大家都不坐！让他报废！[鄙视][鄙视][鄙视]",
"mid":"yo3jAEelK",
"date":"2012-06-15 23:30:57"
},
{
"kids":[],
"uid":"318221000",
"parent":"yo3hfxISe",
"text":"这是假的，这个图片是外国的！造谣的",
"mid":"yo3iBrwgV",
"date":"2012-06-15 23:28:35"
},
{
"kids":[],
"uid":"2605374722",
"parent":"",
"text":"尼玛，天朝的人民过的越来越窝囊了",
"mid":"yo3ifC96f",
"date":"2012-06-15 23:27:42"
},
{
"kids":[],
"uid":"mirrorwong89",
"parent":"yo3hfxISe",
"text":"",
"mid":"yo3hVdblW",
"date":"2012-06-15 23:26:53"
},
{
"kids":[
"ArXWaESum",
"ytF6CCY6r",
"yo80e4KTE",
"yo7tmkk8p",
"yo72VdzVk",
"yo6BXBYCb",
"yo6qqfddB",
"yo3wnpTON",
"yo3oVyvBi",
"yo3iBrwgV",
"yo3hVdblW"
],
"uid":"xuzhoutongchenghui",
"parent":"",
"text":"赚钱想疯了吧！",
"mid":"yo3hfxISe",
"date":"2012-06-15 23:25:11"
},
{
"kids":[],
"uid":"2235711645",
"parent":"yo2zkirtJ",
"text":"坐下之后什么时候出来呢？？？",
"mid":"yo3gPfhZ0",
"date":"2012-06-15 23:24:08"
},
{
"kids":[
"yo3y14q7L"
],
"uid":"1697065833",
"parent":"",
"text":"此凳必是我天朝体恤民间习武之人众多，为练铁腚功的仙人精心设计的",
"mid":"yo3gq9nUt",
"date":"2012-06-15 23:23:08"
},
{
"kids":[
"yobVWB9Ca"
],
"uid":"1968266671",
"parent":"yo2etcPFM",
"text":"好变态",
"mid":"yo3ft2Jjp",
"date":"2012-06-15 23:20:50"
},
{
"kids":[
"yo3jAEelK"
],
"uid":"1101796890",
"parent":"yo3bKxFVT",
"text":"[哈哈]投资这么大何时才能收回成本呢？",
"mid":"yo3ezc8IR",
"date":"2012-06-15 23:18:37"
},
{
"kids":[
"yo3ezc8IR"
],
"uid":"2633005643",
"parent":"yo2Ajts7d",
"text":"那么把抠的东西，亏他想出来！[鄙视][鄙视][吐][吐][吐]",
"mid":"yo3bKxFVT",
"date":"2012-06-15 23:11:39"
},
{
"kids":[],
"uid":"2278485292",
"parent":"yo2vOuIxr",
"text":"恶！",
"mid":"yo3biv3gG",
"date":"2012-06-15 23:10:35"
},
{
"kids":[],
"uid":"2237590774",
"parent":"",
"text":"疯了,国人聪明啊",
"mid":"yo39msHTr",
"date":"2012-06-15 23:05:48"
},
{
"kids":[],
"uid":"1405127562",
"parent":"",
"text":"绝啦，我也整一个放在公园里，财路啊！",
"mid":"yo37EoEao",
"date":"2012-06-15 23:01:35"
},
{
"kids":[],
"uid":"1757007713",
"parent":"yo1UbAnoQ",
"text":"",
"mid":"yo362vJ1Q",
"date":"2012-06-15 22:57:37"
},
{
"kids":[],
"uid":"2609607662",
"parent":"",
"text":"对不起，是德国艺术家的发明。http:",
"mid":"yo35KcA8s",
"date":"2012-06-15 22:56:53"
},
{
"kids":[],
"uid":"1926479440",
"parent":"",
"text":"其实是投币了那钉子会自动上下运动噢~",
"mid":"yo345oRK9",
"date":"2012-06-15 22:52:48"
},
{
"kids":[
"yo5pZhbz5"
],
"uid":"1004814283",
"parent":"yo1UbAnoQ",
"text":"被金钱魔障的社会！",
"mid":"yo33Jgk9N",
"date":"2012-06-15 22:51:55"
},
{
"kids":[],
"uid":"yiqiaoqiao3",
"parent":"",
"text":"哈哈哈拍电影吗。。",
"mid":"yo31J98t1",
"date":"2012-06-15 22:47:00"
},
{
"kids":[],
"uid":"2095098245",
"parent":"yo1Iq21Se",
"text":"",
"mid":"yo2VUjghb",
"date":"2012-06-15 22:32:39"
},
{
"kids":[],
"uid":"chenchen0411",
"parent":"yo2wvFH41",
"text":"真心佩服天朝官员无穷无尽的智慧！",
"mid":"yo2URD51E",
"date":"2012-06-15 22:30:05"
},
{
"kids":[],
"uid":"2197858234",
"parent":"",
"text":"哎呀",
"mid":"yo2TEzQPm",
"date":"2012-06-15 22:27:06"
},
{
"kids":[],
"uid":"2011810271",
"parent":"",
"text":"谁说我们缺乏创新精神！",
"mid":"yo2T4wmZ2",
"date":"2012-06-15 22:25:40"
},
{
"kids":[],
"uid":"1976827043",
"parent":"",
"text":"",
"mid":"yo2SFowNS",
"date":"2012-06-15 22:24:40"
},
{
"kids":[
"yo92lhSuy"
],
"uid":"1107360181",
"parent":"yo2rv4B7Q",
"text":"想钱想疯了",
"mid":"yo2SlBpqB",
"date":"2012-06-15 22:23:53"
},
{
"kids":[],
"uid":"chify520",
"parent":"yo2wvFH41",
"text":"",
"mid":"yo2Rvy3g2",
"date":"2012-06-15 22:21:49"
},
{
"kids":[],
"uid":"2702649250",
"parent":"yo1JXtpQe",
"text":"上帝保佑吧 过几天回去看看",
"mid":"yo2PB84wd",
"date":"2012-06-15 22:17:06"
},
{
"kids":[],
"uid":"wangan",
"parent":"yo2MdCaK6",
"text":"计时的么？那应该会有人坐那等时间到。。。",
"mid":"yo2Pney8K",
"date":"2012-06-15 22:16:33"
},
{
"kids":[],
"uid":"1734449765",
"parent":"yo1QW6dj0",
"text":"如果坐的时候时间到了..?",
"mid":"yo2OLFWh1",
"date":"2012-06-15 22:15:04"
},
{
"kids":[],
"uid":"1419205850",
"parent":"",
"text":"",
"mid":"yo2N78yve",
"date":"2012-06-15 22:10:59"
},
{
"kids":[
"yo2Pney8K"
],
"uid":"suncuu",
"parent":"",
"text":"早就辟谣了嘛，一个德国行为艺术家做的装置",
"mid":"yo2MdCaK6",
"date":"2012-06-15 22:08:44"
},
{
"kids":[],
"uid":"bozzyao",
"parent":"",
"text":"[闭嘴]我擦 真绝",
"mid":"yo2Kb68f4",
"date":"2012-06-15 22:03:45"
},
{
"kids":[],
"uid":"tgbxs",
"parent":"",
"text":"松岛你一定钟意",
"mid":"yo2HReMdf",
"date":"2012-06-15 21:58:00"
},
{
"kids":[
"yo3Qv28Dr"
],
"uid":"wangyicaa",
"parent":"yo2rv4B7Q",
"text":"烟台人民大智慧啊",
"mid":"yo2GQ1X4U",
"date":"2012-06-15 21:55:32"
},
{
"kids":[],
"uid":"edl945",
"parent":"yo1PWk52e",
"text":"尼玛，时间到了还没投币会直接爆菊！！！！",
"mid":"yo2FC4uV1",
"date":"2012-06-15 21:52:28"
},
{
"kids":[],
"uid":"1867513230",
"parent":"",
"text":"这个太绝了！都什么人才啊，能想出这绝招？值得转。",
"mid":"yo2F6FX4P",
"date":"2012-06-15 21:51:16"
},
{
"kids":[],
"uid":"2087478215",
"parent":"",
"text":"@淡定小哥V 证实一下啊",
"mid":"yo2EhkbDv",
"date":"2012-06-15 21:49:13"
},
{
"kids":[],
"uid":"2111451032",
"parent":"yo2vi1a23",
"text":"那会不会坐着坐着时间长了钉子就冒出来呢！",
"mid":"yo2Cuax7P",
"date":"2012-06-15 21:44:48"
},
{
"kids":[],
"uid":"ying1972",
"parent":"yo2vi1a23",
"text":"[嘻嘻][晕]",
"mid":"yo2BhazUj",
"date":"2012-06-15 21:41:48"
},
{
"kids":[],
"uid":"2189630715",
"parent":"yo2Ajts7d",
"text":"创意无限就是没用正道上面",
"mid":"yo2AW9Ogg",
"date":"2012-06-15 21:40:59"
},
{
"kids":[
"yo3bKxFVT",
"yo2AW9Ogg"
],
"uid":"1211025361",
"parent":"yo21Abflf",
"text":"具有中国特色[哼]",
"mid":"yo2Ajts7d",
"date":"2012-06-15 21:39:26"
},
{
"kids":[],
"uid":"2287692347",
"parent":"yo1O0BRFZ",
"text":"",
"mid":"yo2AdfESb",
"date":"2012-06-15 21:39:09"
},
{
"kids":[],
"uid":"1431105481",
"parent":"yo2ysetJe",
"text":"值得全国推广[嘻嘻]",
"mid":"yo2A98yyQ",
"date":"2012-06-15 21:38:58"
},
{
"kids":[],
"uid":"1826892184",
"parent":"yo2zkirtJ",
"text":"假的吧",
"mid":"yo2zYuoCJ",
"date":"2012-06-15 21:38:36"
},
{
"kids":[
"yo3gPfhZ0",
"yo2zYuoCJ"
],
"uid":"qzl20050215",
"parent":"yo2ysetJe",
"text":"哈哈。。开眼了",
"mid":"yo2zkirtJ",
"date":"2012-06-15 21:37:00"
},
{
"kids":[
"yo2A98yyQ",
"yo2zkirtJ"
],
"uid":"muyuhu",
"parent":"yo2vi1a23",
"text":"真的吗?哈哈设计者是谁",
"mid":"yo2ysetJe",
"date":"2012-06-15 21:34:52"
},
{
"kids":[],
"uid":"ttcxn",
"parent":"yo2wvFH41",
"text":"",
"mid":"yo2xZyfLE",
"date":"2012-06-15 21:33:44"
},
{
"kids":[],
"uid":"2476853001",
"parent":"yo2wvFH41",
"text":"想收老百姓的钱什么事都能干出来，想为老百姓办事没钱不可能。",
"mid":"yo2xT1ZRV",
"date":"2012-06-15 21:33:28"
},
{
"kids":[
"yo2URD51E",
"yo2Rvy3g2",
"yo2xZyfLE",
"yo2xT1ZRV"
],
"uid":"1839861680",
"parent":"",
"text":"[lxhx蠕过]",
"mid":"yo2wvFH41",
"date":"2012-06-15 21:30:05"
},
{
"kids":[],
"uid":"1782942833",
"parent":"yo2qZbf4T",
"text":"聪明的。。。真是烟台吗?",
"mid":"yo2w9cX9D",
"date":"2012-06-15 21:29:11"
},
{
"kids":[
"yo3biv3gG"
],
"uid":"2582403247",
"parent":"yo1UbAnoQ",
"text":"",
"mid":"yo2vOuIxr",
"date":"2012-06-15 21:28:19"
},
{
"kids":[],
"uid":"2686182032",
"parent":"yo2qZbf4T",
"text":"这不是椅子，是老虎凳…直接把公园改成“渣滓洞”啦…",
"mid":"yo2vqiKDy",
"date":"2012-06-15 21:27:24"
},
{
"kids":[
"yo4gtaNRK",
"yo2Cuax7P",
"yo2BhazUj",
"yo2ysetJe"
],
"uid":"1681758280",
"parent":"yo2qZbf4T",
"text":"[弱]",
"mid":"yo2vi1a23",
"date":"2012-06-15 21:27:04"
},
{
"kids":[],
"uid":"spikeyuan",
"parent":"yo29ualqG",
"text":"",
"mid":"yo2uz814x",
"date":"2012-06-15 21:25:17"
},
{
"kids":[],
"uid":"2392792410",
"parent":"yo2rv4B7Q",
"text":"好样的，",
"mid":"yo2tvv9HD",
"date":"2012-06-15 21:22:41"
},
{
"kids":[],
"uid":"1900483204",
"parent":"yo2rv4B7Q",
"text":"",
"mid":"yo2tjoaC4",
"date":"2012-06-15 21:22:12"
},
{
"kids":[],
"uid":"shzxart",
"parent":"yo2rv4B7Q",
"text":"[思考] 民间着实藏龙卧虎啊 [思考]",
"mid":"yo2sDr9Ys",
"date":"2012-06-15 21:20:31"
},
{
"kids":[],
"uid":"1891991183",
"parent":"",
"text":"如此创新",
"mid":"yo2rY2CRL",
"date":"2012-06-15 21:18:50"
},
{
"kids":[
"ywZFnkZzZ",
"yohrTztYE",
"yo2SlBpqB",
"yo2GQ1X4U",
"yo2tvv9HD",
"yo2tjoaC4",
"yo2sDr9Ys"
],
"uid":"1242751760",
"parent":"yo2qZbf4T",
"text":"向民间创意学习",
"mid":"yo2rv4B7Q",
"date":"2012-06-15 21:17:44"
},
{
"kids":[
"yo3XCbp7s",
"yo2w9cX9D",
"yo2vqiKDy",
"yo2vi1a23",
"yo2rv4B7Q"
],
"uid":"2134480845",
"parent":"yo1MR9CKY",
"text":"这还是公园吗？[吃惊]",
"mid":"yo2qZbf4T",
"date":"2012-06-15 21:16:28"
},
{
"kids":[],
"uid":"322605656",
"parent":"yo2oH343t",
"text":"这是发明者为他家女娟准备的。",
"mid":"yo2q2o6iA",
"date":"2012-06-15 21:14:05"
},
{
"kids":[],
"uid":"2640601984",
"parent":"yo2oH343t",
"text":"我单的事'到时间了'它提醒吗？[汗][汗]",
"mid":"yo2pu4IIA",
"date":"2012-06-15 21:12:43"
},
{
"kids":[],
"uid":"kgvon",
"parent":"yo29ualqG",
"text":"劲！天朝人民真系智慧无限！",
"mid":"yo2p5A4Lc",
"date":"2012-06-15 21:11:48"
},
{
"kids":[
"yo2q2o6iA",
"yo2pu4IIA"
],
"uid":"2340576724",
"parent":"",
"text":"恶心",
"mid":"yo2oH343t",
"date":"2012-06-15 21:10:49"
},
{
"kids":[],
"uid":"1828473747",
"parent":"",
"text":"过份！",
"mid":"yo2m2r9gn",
"date":"2012-06-15 21:04:18"
},
{
"kids":[],
"uid":"2661520992",
"parent":"",
"text":"不能证明是真是假~~也不能证明是烟台公园~！",
"mid":"yo2krtnUc",
"date":"2012-06-15 21:00:21"
},
{
"kids":[],
"uid":"ajie0592",
"parent":"yo21Abflf",
"text":"国人的智慧啊[晕]",
"mid":"yo2hW4V1I",
"date":"2012-06-15 20:54:10"
},
{
"kids":[],
"uid":"2526695715",
"parent":"yo1UQFUBo",
"text":"为的是杜绝路宿者还是榨取百姓血汗？[思考]",
"mid":"yo2hODd6N",
"date":"2012-06-15 20:53:53"
},
{
"kids":[],
"uid":"qiwsir",
"parent":"yo213p3fQ",
"text":"中国特色，国际领先。",
"mid":"yo2fmcyKN",
"date":"2012-06-15 20:47:49"
},
{
"kids":[
"yo3ft2Jjp"
],
"uid":"alchip",
"parent":"yo24D2fot",
"text":"还真有这么变态的",
"mid":"yo2etcPFM",
"date":"2012-06-15 20:45:36"
},
{
"kids":[],
"uid":"54fangweiyi",
"parent":"",
"text":"轉發微博",
"mid":"yo2eqfvJY",
"date":"2012-06-15 20:45:31"
},
{
"kids":[],
"uid":"darwin0773",
"parent":"yo1RcilhL",
"text":"这TM真的是有病~~~·[哼]",
"mid":"yo2dTtBbe",
"date":"2012-06-15 20:44:11"
},
{
"kids":[],
"uid":"2542165452",
"parent":"",
"text":"P股肉多",
"mid":"yo2cMAaQ9",
"date":"2012-06-15 20:41:29"
},
{
"kids":[],
"uid":"1867952681",
"parent":"yo29ualqG",
"text":"又一个总过特色？！！！",
"mid":"yo2c1lOnV",
"date":"2012-06-15 20:39:35"
},
{
"kids":[],
"uid":"2627782173",
"parent":"",
"text":"",
"mid":"yo2bEiAC3",
"date":"2012-06-15 20:38:41"
},
{
"kids":[],
"uid":"638060120",
"parent":"yo21tqaQm",
"text":"多少分钟后钉子会再弹起来呢？之前有预警吗？",
"mid":"yo2aQjKKd",
"date":"2012-06-15 20:36:42"
},
{
"kids":[
"yo2uz814x",
"yo2p5A4Lc",
"yo2c1lOnV"
],
"uid":"daisysmiley",
"parent":"yo213p3fQ",
"text":"[吃惊]",
"mid":"yo29ualqG",
"date":"2012-06-15 20:33:20"
},
{
"kids":[],
"uid":"1882093053",
"parent":"yo1MR9CKY",
"text":"",
"mid":"yo28AiOze",
"date":"2012-06-15 20:31:07"
},
{
"kids":[],
"uid":"523486556",
"parent":"",
"text":"真的假的?太损了。",
"mid":"yo27pAzXi",
"date":"2012-06-15 20:28:15"
},
{
"kids":[],
"uid":"1419564935",
"parent":"",
"text":"真的假的？这个国家变态到这个地步了吗？",
"mid":"yo26JDvJC",
"date":"2012-06-15 20:26:36"
},
{
"kids":[],
"uid":"2251640677",
"parent":"yo1MR9CKY",
"text":"大家都不要坐！",
"mid":"yo25lkAod",
"date":"2012-06-15 20:23:09"
},
{
"kids":[],
"uid":"2424687907",
"parent":"yo1UbAnoQ",
"text":"缺钱还是缺心？",
"mid":"yo25l2ECn",
"date":"2012-06-15 20:23:09"
},
{
"kids":[
"yo2etcPFM"
],
"uid":"1921696330",
"parent":"yo1UAopqn",
"text":"唉",
"mid":"yo24D2fot",
"date":"2012-06-15 20:21:20"
},
{
"kids":[
"ypdAAyEtc"
],
"uid":"1588836875",
"parent":"",
"text":"天朝一切皆有可能",
"mid":"yo2448F9T",
"date":"2012-06-15 20:20:00"
},
{
"kids":[],
"uid":"2517242682",
"parent":"",
"text":"",
"mid":"yo23yy84Z",
"date":"2012-06-15 20:18:44"
},
{
"kids":[],
"uid":"1741460727",
"parent":"",
"text":"",
"mid":"yo23ixVmv",
"date":"2012-06-15 20:18:07"
},
{
"kids":[],
"uid":"pokery",
"parent":"yo1RcilhL",
"text":"这有神马不能坐的 老头老太逛公园带个大坐垫！ 气死丫些",
"mid":"yo23e9Zlh",
"date":"2012-06-15 20:17:55"
},
{
"kids":[],
"uid":"shiye1999",
"parent":"yo1FsvoQ2",
"text":"",
"mid":"yo22O7UPP",
"date":"2012-06-15 20:16:55"
},
{
"kids":[],
"uid":"2182432970",
"parent":"",
"text":"",
"mid":"yo22KiXoL",
"date":"2012-06-15 20:16:43"
},
{
"kids":[],
"uid":"yuercyn",
"parent":"yo1UQFUBo",
"text":"尼玛 全是高科技哇~~~",
"mid":"yo2295Ts8",
"date":"2012-06-15 20:15:16"
},
{
"kids":[
"yo2Ajts7d",
"yo2hW4V1I"
],
"uid":"2189630715",
"parent":"yo20efRaW",
"text":"投一次币管多久？本来逛公园是为了放松，坐是为了休息，这样一来神经还要紧绷，担心钉子何时起来[衰]",
"mid":"yo21Abflf",
"date":"2012-06-15 20:13:53"
},
{
"kids":[
"yo2aQjKKd"
],
"uid":"yaohuo1119",
"parent":"yo1RcilhL",
"text":"那也太慢了点吧。。",
"mid":"yo21tqaQm",
"date":"2012-06-15 20:13:35"
},
{
"kids":[],
"uid":"pwgblue",
"parent":"",
"text":"虽然是谣言。。。在天朝居然没人怀疑。。。可见这个国家的道德和信任已经破坏到无以复加的地步！",
"mid":"yo2142sdT",
"date":"2012-06-15 20:12:36"
},
{
"kids":[
"yo2fmcyKN",
"yo29ualqG"
],
"uid":"edupioneer",
"parent":"yo1V2ub97",
"text":"唔~",
"mid":"yo213p3fQ",
"date":"2012-06-15 20:12:35"
},
{
"kids":[],
"uid":"jiayanqing",
"parent":"",
"text":"晕",
"mid":"yo20o4q6o",
"date":"2012-06-15 20:10:56"
},
{
"kids":[
"yo3YOlRUj",
"yo21Abflf"
],
"uid":"beijingdoctorchen",
"parent":"",
"text":"万一坐着的时候钉子起来怎么办？[哈哈]",
"mid":"yo20efRaW",
"date":"2012-06-15 20:10:33"
},
{
"kids":[],
"uid":"1768755980",
"parent":"",
"text":"",
"mid":"yo1Zdnbee",
"date":"2012-06-15 20:08:03"
},
{
"kids":[],
"uid":"vicente9101418",
"parent":"yo1RcilhL",
"text":"我艹~！！！！",
"mid":"yo1YTfL7r",
"date":"2012-06-15 20:07:13"
},
{
"kids":[],
"uid":"1225907545",
"parent":"yo1MR9CKY",
"text":"中国人就是聪明",
"mid":"yo1XTbMPt",
"date":"2012-06-15 20:04:47"
},
{
"kids":[],
"uid":"1665789521",
"parent":"yo1UbAnoQ",
"text":"究竟是什么催生了这么多奇葩！",
"mid":"yo1Wshdy0",
"date":"2012-06-15 20:01:15"
},
{
"kids":[],
"uid":"2712637417",
"parent":"",
"text":"@小丁子的小屋",
"mid":"yo1W4DyKu",
"date":"2012-06-15 20:00:19"
},
{
"kids":[],
"uid":"1990796933",
"parent":"yo1RcilhL",
"text":"多好的物件呀",
"mid":"yo1V5t03p",
"date":"2012-06-15 19:57:52"
},
{
"kids":[
"yo213p3fQ"
],
"uid":"1588342812",
"parent":"yo1UbAnoQ",
"text":"",
"mid":"yo1V2ub97",
"date":"2012-06-15 19:57:43"
},
{
"kids":[
"yo2hODd6N",
"yo2295Ts8"
],
"uid":"2034529193",
"parent":"",
"text":"长见识了[鄙视]",
"mid":"yo1UQFUBo",
"date":"2012-06-15 19:57:18"
},
{
"kids":[
"yo24D2fot"
],
"uid":"1900377963",
"parent":"",
"text":"变态",
"mid":"yo1UAopqn",
"date":"2012-06-15 19:56:39"
},
{
"kids":[],
"uid":"1792164052",
"parent":"",
"text":"",
"mid":"yo1Uxtp8R",
"date":"2012-06-15 19:56:31"
},
{
"kids":[],
"uid":"512362286",
"parent":"",
"text":"[吃惊][吃惊]",
"mid":"yo1UwgfqO",
"date":"2012-06-15 19:56:29"
},
{
"kids":[],
"uid":"2255345324",
"parent":"",
"text":"要是忘记时间了[黑线][黑线][黑线]",
"mid":"yo1UnrYBg",
"date":"2012-06-15 19:56:06"
},
{
"kids":[
"yo7qhatq2",
"yo362vJ1Q",
"yo33Jgk9N",
"yo2vOuIxr",
"yo25l2ECn",
"yo1Wshdy0",
"yo1V2ub97"
],
"uid":"fanhongthu",
"parent":"",
"text":"心灵扭曲之作。",
"mid":"yo1UbAnoQ",
"date":"2012-06-15 19:55:39"
},
{
"kids":[],
"uid":"333924678",
"parent":"",
"text":"竟然有投币板凳，强，我会找块木板放上面，照样坐。",
"mid":"yo1TUuaQy",
"date":"2012-06-15 19:54:57"
},
{
"kids":[],
"uid":"2638988797",
"parent":"",
"text":"这个发明是具有中国特色的，是代表先进性的，扯淡玩意儿[怒骂]",
"mid":"yo1RRo9T0",
"date":"2012-06-15 19:49:54"
},
{
"kids":[],
"uid":"yanaison",
"parent":"",
"text":"发明这个的人疯了。。。。。",
"mid":"yo1RGcCnN",
"date":"2012-06-15 19:49:29"
},
{
"kids":[],
"uid":"takedakenshin",
"parent":"yo1QW6dj0",
"text":"",
"mid":"yo1RrpTEe",
"date":"2012-06-15 19:48:54"
},
{
"kids":[
"yoj34arEu",
"yo2dTtBbe",
"yo23e9Zlh",
"yo21tqaQm",
"yo1YTfL7r",
"yo1V5t03p"
],
"uid":"kangmao",
"parent":"",
"text":"发明这个的是个性饥渴",
"mid":"yo1RcilhL",
"date":"2012-06-15 19:48:18"
},
{
"kids":[
"yo2OLFWh1",
"yo1RrpTEe"
],
"uid":"vaana",
"parent":"yo1PWk52e",
"text":"教科书般的iap设计思路",
"mid":"yo1QW6dj0",
"date":"2012-06-15 19:47:39"
},
{
"kids":[],
"uid":"liningyu666",
"parent":"yo1MR9CKY",
"text":"真怕人，无语了。。",
"mid":"yo1QPx13a",
"date":"2012-06-15 19:47:24"
},
{
"kids":[],
"uid":"shawnwang0908",
"parent":"",
"text":"这也太TM搞了,不投币就爆菊~哈哈",
"mid":"yo1Qjnasq",
"date":"2012-06-15 19:46:04"
},
{
"kids":[
"yo2FC4uV1",
"yo1QW6dj0"
],
"uid":"673v",
"parent":"yo1FsvoQ2",
"text":"这个太有创意了！！[鄙视]",
"mid":"yo1PWk52e",
"date":"2012-06-15 19:45:12"
},
{
"kids":[],
"uid":"1787295003",
"parent":"",
"text":"好缺德的发明",
"mid":"yo1POlitW",
"date":"2012-06-15 19:44:53"
},
{
"kids":[],
"uid":"kjjer",
"parent":"yo1Iq21Se",
"text":"",
"mid":"yo1PoBzRl",
"date":"2012-06-15 19:43:52"
},
{
"kids":[],
"uid":"1789210035",
"parent":"",
"text":"人精发明的！",
"mid":"yo1Pd8eRT",
"date":"2012-06-15 19:43:22"
},
{
"kids":[],
"uid":"1898335405",
"parent":"yo1NgfHSY",
"text":"BT",
"mid":"yo1OV3swJ",
"date":"2012-06-15 19:42:41"
},
{
"kids":[],
"uid":"2407322331",
"parent":"",
"text":"这也太变态了，简直无语了！",
"mid":"yo1OKasWL",
"date":"2012-06-15 19:42:15"
},
{
"kids":[],
"uid":"1407637344",
"parent":"",
"text":"BT啊",
"mid":"yo1OJyOYy",
"date":"2012-06-15 19:42:12"
},
{
"kids":[
"yosSD2YxE"
],
"uid":"1926069092",
"parent":"yo1ICb6YT",
"text":"谁想出来的啊，太变态了",
"mid":"yo1OAnjtO",
"date":"2012-06-15 19:41:50"
},
{
"kids":[],
"uid":"1222544592",
"parent":"",
"text":"油菜开花儿了……这是广告版吗？[晕]",
"mid":"yo1OvDvPa",
"date":"2012-06-15 19:41:39"
},
{
"kids":[],
"uid":"1832321427",
"parent":"",
"text":"公园里的板凳不是为游人坐的吗？ [晕]@风堤水岸",
"mid":"yo1OuuvxL",
"date":"2012-06-15 19:41:38"
},
{
"kids":[],
"uid":"1945991184",
"parent":"yo1I2ouRQ",
"text":"变态很多啊",
"mid":"yo1Ot23zf",
"date":"2012-06-15 19:41:34"
},
{
"kids":[],
"uid":"1695310851",
"parent":"",
"text":"大家看到没？这个收费的椅子，如果真的如发博者所说，那么请集体问候这个伟大的蛋事儿的责任人的各种家银吧！！！",
"mid":"yo1O8iZiN",
"date":"2012-06-15 19:40:43"
},
{
"kids":[
"yo2AdfESb"
],
"uid":"2024231355",
"parent":"yo1NgfHSY",
"text":"人才呀，谁设计的，这么聪明呢",
"mid":"yo1O0BRFZ",
"date":"2012-06-15 19:40:27"
},
{
"kids":[],
"uid":"2302510090",
"parent":"",
"text":"中国特色",
"mid":"yo1NsEhe3",
"date":"2012-06-15 19:39:06"
},
{
"kids":[
"yo1OV3swJ",
"yo1O0BRFZ"
],
"uid":"207078687",
"parent":"yo1MR9CKY",
"text":"",
"mid":"yo1NgfHSY",
"date":"2012-06-15 19:38:36"
},
{
"kids":[],
"uid":"1952841165",
"parent":"",
"text":"",
"mid":"yo1N4p7Hg",
"date":"2012-06-15 19:38:08"
},
{
"kids":[
"yomn34vcy",
"yo7NlzPGF",
"yo2qZbf4T",
"yo28AiOze",
"yo25lkAod",
"yo1XTbMPt",
"yo1QPx13a",
"yo1NgfHSY"
],
"uid":"guoyan2010",
"parent":"yo1GahKDP",
"text":"哦，把人吓的，这年头怪事太多了。",
"mid":"yo1MR9CKY",
"date":"2012-06-15 19:37:37"
},
{
"kids":[],
"uid":"2179292440",
"parent":"",
"text":"万一超时了，屁股就开花了。真是太疯狂了。想这点子的人真是无语。",
"mid":"yo1Mp56ph",
"date":"2012-06-15 19:36:29"
},
{
"kids":[],
"uid":"huyuannn",
"parent":"",
"text":"＂公＂园？",
"mid":"yo1Kxf7mY",
"date":"2012-06-15 19:31:53"
},
{
"kids":[],
"uid":"hb818",
"parent":"",
"text":"tnnd这是全面市场化的奇葩啊",
"mid":"yo1KoCqVX",
"date":"2012-06-15 19:31:33"
},
{
"kids":[],
"uid":"1967200365",
"parent":"",
"text":"@嘉宝不爱吃肉 好有创意啊！！",
"mid":"yo1JYmF6v",
"date":"2012-06-15 19:30:30"
},
{
"kids":[
"yo2PB84wd"
],
"uid":"lilsummer",
"parent":"yo1HalvpA",
"text":"我脚着 肯定假的··",
"mid":"yo1JXtpQe",
"date":"2012-06-15 19:30:29"
},
{
"kids":[],
"uid":"2322967355",
"parent":"",
"text":"这万一失灵是要出人命的啊!而且死的很惨！",
"mid":"yo1JTC6Iz",
"date":"2012-06-15 19:30:18"
},
{
"kids":[],
"uid":"beijingdoctorchen",
"parent":"",
"text":"变态赚钱方式",
"mid":"yo1JDEEWt",
"date":"2012-06-15 19:29:42"
},
{
"kids":[],
"uid":"pdsy",
"parent":"",
"text":"操@颓废版周公",
"mid":"yo1Jy4COA",
"date":"2012-06-15 19:29:24"
},
{
"kids":[],
"uid":"207721313",
"parent":"",
"text":"投币了有时间限制吗？还是一次有效，坐下去起来了钉子就会再冒出来？无耻的人聪明劲儿用不到正点上",
"mid":"yo1Jv7hQ1",
"date":"2012-06-15 19:29:20"
},
{
"kids":[],
"uid":"1812089577",
"parent":"",
"text":"此发明者和决定使用者都是生儿子没屁眼的主。",
"mid":"yo1J5pyST",
"date":"2012-06-15 19:28:20"
},
{
"kids":[],
"uid":"2679264097",
"parent":"",
"text":"",
"mid":"yo1IQDMIm",
"date":"2012-06-15 19:27:44"
},
{
"kids":[
"yo1OAnjtO"
],
"uid":"1432227901",
"parent":"",
"text":"这要是故障了不就菊花残，满地伤[嘻嘻]",
"mid":"yo1ICb6YT",
"date":"2012-06-15 19:27:10"
},
{
"kids":[],
"uid":"1897518875",
"parent":"",
"text":"疯了！",
"mid":"yo1Irbyl6",
"date":"2012-06-15 19:26:42"
},
{
"kids":[],
"uid":"kingter2011",
"parent":"",
"text":"天朝的收费总是层出不穷，这万一要是时间坐过头了，那岂不是钉子就上来了，那菊花不是。。。",
"mid":"yo1IqkPuh",
"date":"2012-06-15 19:26:41"
},
{
"kids":[],
"uid":"2306902440",
"parent":"",
"text":"不是缺心眼，而是缺——",
"mid":"yo1Iq48Da",
"date":"2012-06-15 19:26:40"
},
{
"kids":[
"yo2VUjghb",
"yo1PoBzRl"
],
"uid":"1967118987",
"parent":"",
"text":"中国烟台特色！混账啊！",
"mid":"yo1Iq21Se",
"date":"2012-06-15 19:26:40"
},
{
"kids":[],
"uid":"2406947641",
"parent":"",
"text":"抢钱呢?中国你肿么了?",
"mid":"yo1I7qPJJ",
"date":"2012-06-15 19:25:57"
},
{
"kids":[
"yo1Ot23zf"
],
"uid":"2542165452",
"parent":"",
"text":"脑抽的人死不光！",
"mid":"yo1I2ouRQ",
"date":"2012-06-15 19:25:44"
},
{
"kids":[],
"uid":"1884766153",
"parent":"",
"text":"果然bt！！！！@水瓶囧@不存在的马林",
"mid":"yo1HX5sJ5",
"date":"2012-06-15 19:25:31"
},
{
"kids":[],
"uid":"2285882743",
"parent":"",
"text":"[晕][晕][晕]",
"mid":"yo1HI0fXJ",
"date":"2012-06-15 19:24:55"
},
{
"kids":[],
"uid":"2260649242",
"parent":"",
"text":"佩服！",
"mid":"yo1HFnoh6",
"date":"2012-06-15 19:24:49"
},
{
"kids":[],
"uid":"siriuslost",
"parent":"",
"text":"。。。",
"mid":"yo1Hhr2E1",
"date":"2012-06-15 19:23:50"
},
{
"kids":[
"yo1JXtpQe"
],
"uid":"2702649250",
"parent":"",
"text":"额     [汗][good][good][good]",
"mid":"yo1HalvpA",
"date":"2012-06-15 19:23:35"
},
{
"kids":[
"yotNo3In3",
"yo1MR9CKY"
],
"uid":"guoyan2010",
"parent":"",
"text":"变态发明的",
"mid":"yo1GahKDP",
"date":"2012-06-15 19:21:08"
},
{
"kids":[
"yo22O7UPP",
"yo1PWk52e"
],
"uid":"1588836875",
"parent":"",
"text":"想钱想疯了[哼]",
"mid":"yo1FsvoQ2",
"date":"2012-06-15 19:19:23"
},
{
"kids":[],
"uid":"2702649250",
"parent":"",
"text":"真假  烟台的  唉。。。丢人啊@皮大王_Ice_ping @Hippie妞儿王猫猫",
"mid":"yo1EXvHr4",
"date":"2012-06-15 19:18:07"
},
{
"kids":[
"yowkGtjna",
"yovIu4CRf"
],
"uid":"nonov5",
"parent":"",
"text":"我一看这东西就感觉像我们以前每天摸的那个，LED屏啊，阴影 阴影@欧文不孤独",
"mid":"yo1E59TkO",
"date":"2012-06-15 19:15:59"
},
{
"kids":[],
"uid":"1776726617",
"parent":"",
"text":"时间到了会不会突然弹射起来",
"mid":"yo1E10vsu",
"date":"2012-06-15 19:15:49"
},
{
"kids":[],
"uid":"xieboxin",
"parent":"",
"text":"这样的凳子也没什么人敢坐把",
"mid":"yo1DucCC2",
"date":"2012-06-15 19:14:28"
},
{
"kids":[
"yo3zS0rqV"
],
"uid":"636lm",
"parent":"",
"text":"转发微博。",
"mid":"yo1AvwJOQ",
"date":"2012-06-15 19:07:08"
}
]