[
{
"kids":[],
"uid":"2182766923",
"parent":"zArAOdlRX",
"text":"哦~",
"mid":"zAsyEnxaS",
"date":"2013-06-08 12:34:43"
},
{
"kids":[],
"uid":"2803205884",
"parent":"",
"text":"",
"mid":"zAsl9xXHO",
"date":"2013-06-08 12:01:26"
},
{
"kids":[],
"uid":"3043758300",
"parent":"",
"text":"",
"mid":"zArVPiXSw",
"date":"2013-06-08 10:59:02"
},
{
"kids":[],
"uid":"2804707082",
"parent":"",
"text":"",
"mid":"zArQSi1tU",
"date":"2013-06-08 10:46:50"
},
{
"kids":[
"zAsyEnxaS"
],
"uid":"1525827834",
"parent":"zArgg59nF",
"text":"",
"mid":"zArAOdlRX",
"date":"2013-06-08 10:07:17"
},
{
"kids":[],
"uid":"3202742945",
"parent":"zArgWiywk",
"text":"每年六月白娅倩童鞋都要丢一次准考证，可怜的娃！ 更可怜的是还有无数热心网友四处转发，替他或她操碎了心！ 她或者他今年来到了甘南，去年，前年她曾经是咸阳一中的，大庆一中，贵阳一中的，宁波一中，等等等。  有些年份，他的名字也有变化，白雅倩，白娅倩，白亚茜，白亚倩",
"mid":"zArkliZYD",
"date":"2013-06-08 09:26:42"
},
{
"kids":[
"zArkliZYD"
],
"uid":"sugar99",
"parent":"zArgg59nF",
"text":"右边神吐槽。。",
"mid":"zArgWiywk",
"date":"2013-06-08 09:18:20"
},
{
"kids":[
"zAsyEnxaS",
"zArAOdlRX",
"zArkliZYD",
"zArgWiywk"
],
"uid":"sunlm",
"parent":"",
"text":"每年六月白娅倩童鞋都要丢一次准考证，可怜的娃！ 更可怜的是还有无数热心网友四处转发，替他或她操碎了心！ 她或者他今年来到了甘南，去年，前年她曾经是咸阳一中的，大庆一中，贵阳一中的，宁波一中，等等等。  有些年份，他的名字也有变化，白雅倩，白娅倩，白亚茜，白亚倩。",
"mid":"zArgg59nF",
"date":"2013-06-08 09:16:38"
},
{
"kids":[],
"uid":"3043532942",
"parent":"",
"text":"",
"mid":"zAj6XDevT",
"date":"2013-06-07 12:31:47"
},
{
"kids":[],
"uid":"2809543542",
"parent":"",
"text":"",
"mid":"zAiXCcVrD",
"date":"2013-06-07 12:08:45"
},
{
"kids":[],
"uid":"2919388344",
"parent":"",
"text":"",
"mid":"zAiOFyWPZ",
"date":"2013-06-07 11:46:42"
},
{
"kids":[],
"uid":"1776619404",
"parent":"",
"text":"",
"mid":"zAiJsimXq",
"date":"2013-06-07 11:33:50"
},
{
"kids":[],
"uid":"1583475870",
"parent":"zAdAbgw9Q",
"text":"",
"mid":"zAiwtmYRz",
"date":"2013-06-07 11:01:52"
},
{
"kids":[],
"uid":"2808413182",
"parent":"zAdAbgw9Q",
"text":"",
"mid":"zAiw903R8",
"date":"2013-06-07 11:01:03"
},
{
"kids":[],
"uid":"3044815944",
"parent":"",
"text":"",
"mid":"zAirW5F9F",
"date":"2013-06-07 10:50:42"
},
{
"kids":[],
"uid":"2920195800",
"parent":"",
"text":"",
"mid":"zAiiraJWk",
"date":"2013-06-07 10:27:17"
},
{
"kids":[],
"uid":"3044566834",
"parent":"",
"text":"",
"mid":"zAihlcxoV",
"date":"2013-06-07 10:24:36"
},
{
"kids":[],
"uid":"3045090224",
"parent":"",
"text":"",
"mid":"zAiahgXJl",
"date":"2013-06-07 10:07:12"
},
{
"kids":[],
"uid":"1777739094",
"parent":"",
"text":"",
"mid":"zAhZUyC5J",
"date":"2013-06-07 09:41:40"
},
{
"kids":[],
"uid":"3044687972",
"parent":"",
"text":"",
"mid":"zAhWoduXD",
"date":"2013-06-07 09:32:58"
},
{
"kids":[],
"uid":"2805242850",
"parent":"",
"text":"",
"mid":"zAhSevGaF",
"date":"2013-06-07 09:22:44"
},
{
"kids":[],
"uid":"2919388924",
"parent":"zAdBY9nKU",
"text":"",
"mid":"zAhNgCRFb",
"date":"2013-06-07 09:10:31"
},
{
"kids":[],
"uid":"2920635820",
"parent":"",
"text":"",
"mid":"zAhMSFAgF",
"date":"2013-06-07 09:09:33"
},
{
"kids":[],
"uid":"2920257910",
"parent":"",
"text":"",
"mid":"zAhLMahnE",
"date":"2013-06-07 09:06:50"
},
{
"kids":[],
"uid":"2810516862",
"parent":"",
"text":"",
"mid":"zAhHPc7qm",
"date":"2013-06-07 08:57:06"
},
{
"kids":[],
"uid":"2811019742",
"parent":"",
"text":"",
"mid":"zAhFpEZL7",
"date":"2013-06-07 08:51:10"
},
{
"kids":[],
"uid":"2919475564",
"parent":"zAdzIBLfN",
"text":"",
"mid":"zAhAfky6b",
"date":"2013-06-07 08:38:25"
},
{
"kids":[],
"uid":"2919774112",
"parent":"zAdzIBLfN",
"text":"",
"mid":"zAhzkCcWc",
"date":"2013-06-07 08:36:11"
},
{
"kids":[],
"uid":"2919621510",
"parent":"",
"text":"",
"mid":"zAhx6AHNz",
"date":"2013-06-07 08:30:42"
},
{
"kids":[],
"uid":"2802698970",
"parent":"",
"text":"",
"mid":"zAhrl4wfh",
"date":"2013-06-07 08:16:29"
},
{
"kids":[],
"uid":"3044341834",
"parent":"zAdBY9nKU",
"text":"",
"mid":"zAhmUfFG8",
"date":"2013-06-07 08:05:34"
},
{
"kids":[],
"uid":"2919356830",
"parent":"",
"text":"",
"mid":"zAhmFt1v2",
"date":"2013-06-07 08:04:58"
},
{
"kids":[],
"uid":"3043868660",
"parent":"",
"text":"",
"mid":"zAhh0a06z",
"date":"2013-06-07 07:51:00"
},
{
"kids":[],
"uid":"2790093854",
"parent":"",
"text":"",
"mid":"zAh1e4mXQ",
"date":"2013-06-07 07:12:09"
},
{
"kids":[],
"uid":"3085409381",
"parent":"",
"text":"",
"mid":"zAdDf1Ygi",
"date":"2013-06-06 22:34:49"
},
{
"kids":[],
"uid":"2928740785",
"parent":"",
"text":"",
"mid":"zAdDdgGXf",
"date":"2013-06-06 22:34:45"
},
{
"kids":[],
"uid":"1589319280",
"parent":"",
"text":"",
"mid":"zAdDbsY76",
"date":"2013-06-06 22:34:40"
},
{
"kids":[],
"uid":"3192326794",
"parent":"",
"text":"",
"mid":"zAdDaAWrI",
"date":"2013-06-06 22:34:39"
},
{
"kids":[],
"uid":"3262435442",
"parent":"",
"text":"",
"mid":"zAdDagmG8",
"date":"2013-06-06 22:34:37"
},
{
"kids":[],
"uid":"2867758953",
"parent":"",
"text":"",
"mid":"zAdD98tVF",
"date":"2013-06-06 22:34:35"
},
{
"kids":[],
"uid":"2741212167",
"parent":"",
"text":"",
"mid":"zAdD8vC5M",
"date":"2013-06-06 22:34:35"
},
{
"kids":[],
"uid":"3132876481",
"parent":"",
"text":"",
"mid":"zAdD8tGDb",
"date":"2013-06-06 22:34:32"
},
{
"kids":[],
"uid":"2741292703",
"parent":"",
"text":"",
"mid":"zAdD5yg56",
"date":"2013-06-06 22:34:27"
},
{
"kids":[],
"uid":"3140072717",
"parent":"",
"text":"",
"mid":"zAdD4np03",
"date":"2013-06-06 22:34:23"
},
{
"kids":[],
"uid":"2875247591",
"parent":"",
"text":"",
"mid":"zAdD18rzE",
"date":"2013-06-06 22:34:15"
},
{
"kids":[],
"uid":"2741236431",
"parent":"",
"text":"",
"mid":"zAdCZ2uHf",
"date":"2013-06-06 22:34:09"
},
{
"kids":[],
"uid":"1273960303",
"parent":"",
"text":"",
"mid":"zAdCXxNLV",
"date":"2013-06-06 22:34:06"
},
{
"kids":[],
"uid":"2741623653",
"parent":"",
"text":"",
"mid":"zAdCXhQfL",
"date":"2013-06-06 22:34:05"
},
{
"kids":[],
"uid":"3081621971",
"parent":"",
"text":"",
"mid":"zAdCXgcrp",
"date":"2013-06-06 22:34:05"
},
{
"kids":[],
"uid":"3074897491",
"parent":"",
"text":"",
"mid":"zAdCSzczT",
"date":"2013-06-06 22:33:55"
},
{
"kids":[],
"uid":"3154056341",
"parent":"",
"text":"",
"mid":"zAdCQduL2",
"date":"2013-06-06 22:33:49"
},
{
"kids":[],
"uid":"2927885727",
"parent":"",
"text":"",
"mid":"zAdCPz3hJ",
"date":"2013-06-06 22:33:47"
},
{
"kids":[],
"uid":"1912855835",
"parent":"",
"text":"",
"mid":"zAdCOqZsk",
"date":"2013-06-06 22:33:44"
},
{
"kids":[],
"uid":"2741176197",
"parent":"",
"text":"",
"mid":"zAdCLrYIi",
"date":"2013-06-06 22:33:37"
},
{
"kids":[],
"uid":"2896234197",
"parent":"",
"text":"",
"mid":"zAdCC2myU",
"date":"2013-06-06 22:33:16"
},
{
"kids":[],
"uid":"3063738755",
"parent":"",
"text":"",
"mid":"zAdCys8MX",
"date":"2013-06-06 22:33:07"
},
{
"kids":[],
"uid":"2931942502",
"parent":"",
"text":"",
"mid":"zAdCxivsk",
"date":"2013-06-06 22:33:06"
},
{
"kids":[],
"uid":"2741314707",
"parent":"",
"text":"",
"mid":"zAdCx0TXB",
"date":"2013-06-06 22:33:04"
},
{
"kids":[],
"uid":"2898617681",
"parent":"",
"text":"",
"mid":"zAdCu3y0i",
"date":"2013-06-06 22:32:57"
},
{
"kids":[],
"uid":"2964738260",
"parent":"",
"text":"",
"mid":"zAdCu0K8S",
"date":"2013-06-06 22:32:55"
},
{
"kids":[],
"uid":"2928643805",
"parent":"",
"text":"",
"mid":"zAdCqcWAm",
"date":"2013-06-06 22:32:48"
},
{
"kids":[],
"uid":"2964731370",
"parent":"",
"text":"",
"mid":"zAdCncQ7i",
"date":"2013-06-06 22:32:39"
},
{
"kids":[],
"uid":"2560895291",
"parent":"",
"text":"",
"mid":"zAdCm3vQW",
"date":"2013-06-06 22:32:37"
},
{
"kids":[],
"uid":"2844796595",
"parent":"",
"text":"",
"mid":"zAdCkgNMW",
"date":"2013-06-06 22:32:32"
},
{
"kids":[],
"uid":"3064553413",
"parent":"",
"text":"",
"mid":"zAdCh1S2E",
"date":"2013-06-06 22:32:24"
},
{
"kids":[],
"uid":"3060247195",
"parent":"",
"text":"",
"mid":"zAdCgqpsg",
"date":"2013-06-06 22:32:22"
},
{
"kids":[],
"uid":"2741497243",
"parent":"",
"text":"",
"mid":"zAdCbq2XB",
"date":"2013-06-06 22:32:11"
},
{
"kids":[],
"uid":"2158967131",
"parent":"",
"text":"",
"mid":"zAdC9DFch",
"date":"2013-06-06 22:32:08"
},
{
"kids":[],
"uid":"2741292507",
"parent":"",
"text":"",
"mid":"zAdC6pNOh",
"date":"2013-06-06 22:32:01"
},
{
"kids":[],
"uid":"3065976097",
"parent":"",
"text":"",
"mid":"zAdC42Sip",
"date":"2013-06-06 22:31:55"
},
{
"kids":[],
"uid":"3109309957",
"parent":"",
"text":"",
"mid":"zAdC2xYUm",
"date":"2013-06-06 22:31:52"
},
{
"kids":[],
"uid":"3232304234",
"parent":"",
"text":"",
"mid":"zAdC1Chyn",
"date":"2013-06-06 22:31:48"
},
{
"kids":[],
"uid":"2741523417",
"parent":"",
"text":"",
"mid":"zAdC15wqo",
"date":"2013-06-06 22:31:48"
},
{
"kids":[],
"uid":"3056196233",
"parent":"",
"text":"",
"mid":"zAdC0b87z",
"date":"2013-06-06 22:31:44"
},
{
"kids":[
"zAhNgCRFb",
"zAhmUfFG8"
],
"uid":"3058286345",
"parent":"",
"text":"",
"mid":"zAdBY9nKU",
"date":"2013-06-06 22:31:41"
},
{
"kids":[],
"uid":"3207271504",
"parent":"",
"text":"",
"mid":"zAdBV9IpV",
"date":"2013-06-06 22:31:33"
},
{
"kids":[],
"uid":"2694088450",
"parent":"",
"text":"",
"mid":"zAdBV9Inb",
"date":"2013-06-06 22:31:32"
},
{
"kids":[],
"uid":"1668021642",
"parent":"",
"text":"",
"mid":"zAdBUy4yh",
"date":"2013-06-06 22:31:31"
},
{
"kids":[],
"uid":"3079481201",
"parent":"",
"text":"",
"mid":"zAdBR2BAS",
"date":"2013-06-06 22:31:24"
},
{
"kids":[],
"uid":"2880136345",
"parent":"",
"text":"",
"mid":"zAdBPwEMA",
"date":"2013-06-06 22:31:19"
},
{
"kids":[],
"uid":"2880945657",
"parent":"",
"text":"",
"mid":"zAdBODpGL",
"date":"2013-06-06 22:31:17"
},
{
"kids":[],
"uid":"3062113195",
"parent":"",
"text":"",
"mid":"zAdBJBZYk",
"date":"2013-06-06 22:31:06"
},
{
"kids":[],
"uid":"2931994752",
"parent":"",
"text":"",
"mid":"zAdBGpfTb",
"date":"2013-06-06 22:30:58"
},
{
"kids":[],
"uid":"2701284205",
"parent":"",
"text":"",
"mid":"zAdBFw0GG",
"date":"2013-06-06 22:30:57"
},
{
"kids":[],
"uid":"3132694393",
"parent":"",
"text":"",
"mid":"zAdBB4YKo",
"date":"2013-06-06 22:30:46"
},
{
"kids":[],
"uid":"2886529707",
"parent":"",
"text":"",
"mid":"zAdBAcWBe",
"date":"2013-06-06 22:30:40"
},
{
"kids":[],
"uid":"2901168755",
"parent":"",
"text":"",
"mid":"zAdBvt5TE",
"date":"2013-06-06 22:30:33"
},
{
"kids":[],
"uid":"3054977545",
"parent":"",
"text":"",
"mid":"zAdBnt3Mt",
"date":"2013-06-06 22:30:13"
},
{
"kids":[],
"uid":"2721804903",
"parent":"",
"text":"",
"mid":"zAdBl8z3Z",
"date":"2013-06-06 22:30:05"
},
{
"kids":[],
"uid":"2931967462",
"parent":"",
"text":"",
"mid":"zAdBjkQBY",
"date":"2013-06-06 22:30:03"
},
{
"kids":[],
"uid":"2964781724",
"parent":"",
"text":"",
"mid":"zAdBj4snl",
"date":"2013-06-06 22:30:02"
},
{
"kids":[],
"uid":"2931945252",
"parent":"",
"text":"",
"mid":"zAdBgF6cN",
"date":"2013-06-06 22:29:59"
},
{
"kids":[],
"uid":"3133252523",
"parent":"",
"text":"",
"mid":"zAdBfcDG2",
"date":"2013-06-06 22:29:52"
},
{
"kids":[],
"uid":"3070181743",
"parent":"",
"text":"",
"mid":"zAdBcguRB",
"date":"2013-06-06 22:29:46"
},
{
"kids":[],
"uid":"3156253363",
"parent":"",
"text":"",
"mid":"zAdBabb9X",
"date":"2013-06-06 22:29:42"
},
{
"kids":[],
"uid":"2932003050",
"parent":"",
"text":"",
"mid":"zAdB88i5G",
"date":"2013-06-06 22:29:37"
},
{
"kids":[],
"uid":"2900591965",
"parent":"",
"text":"",
"mid":"zAdAZwBXC",
"date":"2013-06-06 22:29:17"
},
{
"kids":[],
"uid":"1906127097",
"parent":"",
"text":"",
"mid":"zAdAZuHNR",
"date":"2013-06-06 22:29:15"
},
{
"kids":[],
"uid":"2844740515",
"parent":"",
"text":"",
"mid":"zAdAUcYR9",
"date":"2013-06-06 22:29:03"
},
{
"kids":[],
"uid":"3116529207",
"parent":"",
"text":"",
"mid":"zAdANailY",
"date":"2013-06-06 22:28:44"
},
{
"kids":[],
"uid":"3075183857",
"parent":"",
"text":"",
"mid":"zAdAMfPEo",
"date":"2013-06-06 22:28:44"
},
{
"kids":[],
"uid":"2853202477",
"parent":"",
"text":"",
"mid":"zAdAKtkJY",
"date":"2013-06-06 22:28:41"
},
{
"kids":[],
"uid":"2797019603",
"parent":"",
"text":"",
"mid":"zAdAByset",
"date":"2013-06-06 22:28:18"
},
{
"kids":[],
"uid":"3153408561",
"parent":"",
"text":"",
"mid":"zAdAB23Hi",
"date":"2013-06-06 22:28:18"
},
{
"kids":[],
"uid":"2964700300",
"parent":"",
"text":"",
"mid":"zAdAw1Onl",
"date":"2013-06-06 22:28:06"
},
{
"kids":[],
"uid":"3073276593",
"parent":"",
"text":"",
"mid":"zAdAuvHw4",
"date":"2013-06-06 22:28:03"
},
{
"kids":[],
"uid":"2844649871",
"parent":"",
"text":"",
"mid":"zAdAr0lNs",
"date":"2013-06-06 22:27:53"
},
{
"kids":[],
"uid":"2417809714",
"parent":"",
"text":"",
"mid":"zAdAqnuJh",
"date":"2013-06-06 22:27:53"
},
{
"kids":[],
"uid":"2886987571",
"parent":"",
"text":"",
"mid":"zAdAlDDpV",
"date":"2013-06-06 22:27:40"
},
{
"kids":[],
"uid":"2844838943",
"parent":"",
"text":"",
"mid":"zAdAksMCW",
"date":"2013-06-06 22:27:39"
},
{
"kids":[],
"uid":"3062738691",
"parent":"",
"text":"",
"mid":"zAdAjj8zc",
"date":"2013-06-06 22:27:35"
},
{
"kids":[],
"uid":"2932032650",
"parent":"",
"text":"",
"mid":"zAdAiEVct",
"date":"2013-06-06 22:27:33"
},
{
"kids":[],
"uid":"2569820994",
"parent":"",
"text":"",
"mid":"zAdAgjey8",
"date":"2013-06-06 22:27:28"
},
{
"kids":[
"zAiwtmYRz",
"zAiw903R8"
],
"uid":"2520436212",
"parent":"",
"text":"",
"mid":"zAdAbgw9Q",
"date":"2013-06-06 22:27:15"
},
{
"kids":[],
"uid":"2931990102",
"parent":"",
"text":"",
"mid":"zAdA8mXWQ",
"date":"2013-06-06 22:27:09"
},
{
"kids":[],
"uid":"2741136005",
"parent":"",
"text":"",
"mid":"zAdA6iRoi",
"date":"2013-06-06 22:27:05"
},
{
"kids":[],
"uid":"2931965442",
"parent":"",
"text":"",
"mid":"zAdA5ooW1",
"date":"2013-06-06 22:27:02"
},
{
"kids":[],
"uid":"2927893683",
"parent":"",
"text":"",
"mid":"zAdA3AFw8",
"date":"2013-06-06 22:26:57"
},
{
"kids":[],
"uid":"2964755124",
"parent":"",
"text":"",
"mid":"zAdA2sg34",
"date":"2013-06-06 22:26:57"
},
{
"kids":[],
"uid":"2844763295",
"parent":"",
"text":"",
"mid":"zAdzYk35G",
"date":"2013-06-06 22:26:47"
},
{
"kids":[
"zAhAfky6b",
"zAhzkCcWc"
],
"uid":"3147763985",
"parent":"",
"text":"",
"mid":"zAdzIBLfN",
"date":"2013-06-06 22:26:07"
},
{
"kids":[],
"uid":"2844622545",
"parent":"",
"text":"",
"mid":"zAdzBysUT",
"date":"2013-06-06 22:25:51"
},
{
"kids":[],
"uid":"2879191205",
"parent":"",
"text":"",
"mid":"zAdzAF6xZ",
"date":"2013-06-06 22:25:46"
},
{
"kids":[],
"uid":"2277102633",
"parent":"",
"text":"",
"mid":"zAduEf4Ea",
"date":"2013-06-06 22:13:39"
}
]