[
{
"kids":[],
"uid":"2949405424",
"parent":"",
"text":"",
"mid":"zgLcU8JeW",
"date":"2013-01-29 23:17:11"
},
{
"kids":[],
"uid":"1732617400",
"parent":"yCO0gBKxX",
"text":"这是真的吗？",
"mid":"z0kKR77wI",
"date":"2012-10-13 22:31:49"
},
{
"kids":[],
"uid":"2721695757",
"parent":"",
"text":"我承认我邪恶了[嘻嘻]",
"mid":"yDCcfDr7Q",
"date":"2012-09-26 07:53:37"
},
{
"kids":[],
"uid":"2803304544",
"parent":"yCT06fNpA",
"text":"",
"mid":"yDq5kdq8i",
"date":"2012-09-25 01:03:35"
},
{
"kids":[],
"uid":"2805217474",
"parent":"yCT06fNpA",
"text":"",
"mid":"yDq5kdq5v",
"date":"2012-09-25 01:03:35"
},
{
"kids":[],
"uid":"328691919",
"parent":"yCRofpSXo",
"text":"P得真好",
"mid":"yDjRz4M6F",
"date":"2012-09-24 09:13:12"
},
{
"kids":[],
"uid":"1805778661",
"parent":"yCSiUtVdO",
"text":"我也邪恶了",
"mid":"yDg6y97Hj",
"date":"2012-09-23 23:39:08"
},
{
"kids":[],
"uid":"1210395222",
"parent":"yD2dJzVFr",
"text":"不是你我太邪恶……是太特么形象了！[生病]",
"mid":"yDeff3uk5",
"date":"2012-09-23 18:55:01"
},
{
"kids":[],
"uid":"1623884990",
"parent":"yCWRpssGh",
"text":"去",
"mid":"yD465oOwh",
"date":"2012-09-22 17:05:00"
},
{
"kids":[],
"uid":"2500362554",
"parent":"yCO1R35i3",
"text":"这不是真的吧！[偷笑]",
"mid":"yD3XQx8Du",
"date":"2012-09-22 16:44:44"
},
{
"kids":[],
"uid":"2948321973",
"parent":"",
"text":"邪恶啊",
"mid":"yD3EXu8xG",
"date":"2012-09-22 15:58:11"
},
{
"kids":[],
"uid":"1045879960",
"parent":"",
"text":"",
"mid":"yD36t1PlO",
"date":"2012-09-22 14:33:14"
},
{
"kids":[],
"uid":"2306772760",
"parent":"",
"text":"思想有点小邪恶了~~",
"mid":"yD33h2yrI",
"date":"2012-09-22 14:25:20"
},
{
"kids":[],
"uid":"evandd",
"parent":"",
"text":"@就要珠圆玉润 谁托运就干谁",
"mid":"yD2PRcxyv",
"date":"2012-09-22 13:52:18"
},
{
"kids":[],
"uid":"wuyulunbige",
"parent":"",
"text":"基情无处不在",
"mid":"yD2Py0aCA",
"date":"2012-09-22 13:51:32"
},
{
"kids":[],
"uid":"2261991531",
"parent":"",
"text":"",
"mid":"yD2Nr6Tys",
"date":"2012-09-22 13:46:20"
},
{
"kids":[],
"uid":"dingzihu628",
"parent":"",
"text":"",
"mid":"yD2MUjDSB",
"date":"2012-09-22 13:45:02"
},
{
"kids":[],
"uid":"2655386431",
"parent":"",
"text":"真心乱来…",
"mid":"yD2Js6tbG",
"date":"2012-09-22 13:36:29"
},
{
"kids":[],
"uid":"hry2z0",
"parent":"",
"text":"我表示我看的邪恶了。。。",
"mid":"yD2JggN89",
"date":"2012-09-22 13:36:03"
},
{
"kids":[],
"uid":"2252336051",
"parent":"",
"text":"",
"mid":"yD2krDeqV",
"date":"2012-09-22 12:34:54"
},
{
"kids":[],
"uid":"2811206175",
"parent":"",
"text":"",
"mid":"yD2hX3NWl",
"date":"2012-09-22 12:28:46"
},
{
"kids":[],
"uid":"1658419280",
"parent":"",
"text":"",
"mid":"yD2gBtvB0",
"date":"2012-09-22 12:25:27"
},
{
"kids":[
"yDeff3uk5"
],
"uid":"1824511253",
"parent":"",
"text":"呃呃呃呃呃呃[汗]",
"mid":"yD2dJzVFr",
"date":"2012-09-22 12:18:23"
},
{
"kids":[],
"uid":"2398449107",
"parent":"",
"text":"",
"mid":"yD27alpNl",
"date":"2012-09-22 12:02:12"
},
{
"kids":[],
"uid":"2340156405",
"parent":"",
"text":"谁设计？谁批？",
"mid":"yD23Fctr3",
"date":"2012-09-22 11:53:33"
},
{
"kids":[],
"uid":"gokuderahayato59",
"parent":"yCWbIxpzc",
"text":"噗！这个。。。@南冥有余_莫之夭阏",
"mid":"yD1s211PY",
"date":"2012-09-22 10:20:51"
},
{
"kids":[],
"uid":"2127326077",
"parent":"yCVn5v8Ap",
"text":"这个不是你的问题，但凡灵长类动物都懂滴！",
"mid":"yD17yhJsz",
"date":"2012-09-22 09:30:24"
},
{
"kids":[],
"uid":"2129182034",
"parent":"yD0D1Ea1E",
"text":"同感！",
"mid":"yD0YstBfp",
"date":"2012-09-22 09:07:59"
},
{
"kids":[],
"uid":"2045052687",
"parent":"yD0D1Ea1E",
"text":"这个图应该怎么看？",
"mid":"yD0O0aV0n",
"date":"2012-09-22 08:42:14"
},
{
"kids":[],
"uid":"1025250801",
"parent":"yCWdnFrR9",
"text":"",
"mid":"yD0NL4CAK",
"date":"2012-09-22 08:41:38"
},
{
"kids":[],
"uid":"2499428360",
"parent":"yD0D1Ea1E",
"text":"",
"mid":"yD0KWrvDT",
"date":"2012-09-22 08:34:41"
},
{
"kids":[],
"uid":"1774484041",
"parent":"yD0D1Ea1E",
"text":"@Mr黄x @火云邪神zy",
"mid":"yD0HVoYPA",
"date":"2012-09-22 08:27:15"
},
{
"kids":[],
"uid":"1411068767",
"parent":"yD0D1Ea1E",
"text":"这……不是真的吧 ！",
"mid":"yD0GYiQE7",
"date":"2012-09-22 08:24:54"
},
{
"kids":[],
"uid":"538123813",
"parent":"yD0D1Ea1E",
"text":"好吧……我也邪恶了……",
"mid":"yD0GbgE2b",
"date":"2012-09-22 08:22:58"
},
{
"kids":[],
"uid":"2246306622",
"parent":"",
"text":"",
"mid":"yD0EbbcuP",
"date":"2012-09-22 08:18:02"
},
{
"kids":[
"yD0YstBfp",
"yD0O0aV0n",
"yD0KWrvDT",
"yD0HVoYPA",
"yD0GYiQE7",
"yD0GbgE2b"
],
"uid":"feerbook",
"parent":"",
"text":"我承认我邪恶了[嘻嘻]",
"mid":"yD0D1Ea1E",
"date":"2012-09-22 08:15:12"
},
{
"kids":[],
"uid":"2096630484",
"parent":"yCTqUq60f",
"text":"邪恶[衰]",
"mid":"yD0tS2eEP",
"date":"2012-09-22 07:52:38"
},
{
"kids":[],
"uid":"1214179397",
"parent":"yCS4KBtF5",
"text":"",
"mid":"yD0guhvIc",
"date":"2012-09-22 07:19:40"
},
{
"kids":[],
"uid":"2920224334",
"parent":"yCS4KBtF5",
"text":"",
"mid":"yD0gugUtp",
"date":"2012-09-22 07:19:40"
},
{
"kids":[],
"uid":"1776059194",
"parent":"",
"text":"",
"mid":"yCZrA7THQ",
"date":"2012-09-22 05:14:14"
},
{
"kids":[],
"uid":"2919606960",
"parent":"",
"text":"",
"mid":"yCZrzxdV2",
"date":"2012-09-22 05:14:14"
},
{
"kids":[],
"uid":"2919828324",
"parent":"yCRKLk5oF",
"text":"",
"mid":"yCZ91tyTb",
"date":"2012-09-22 04:28:31"
},
{
"kids":[],
"uid":"2919362754",
"parent":"yCRKLk5oF",
"text":"",
"mid":"yCZ91bXKq",
"date":"2012-09-22 04:28:31"
},
{
"kids":[],
"uid":"1584037377",
"parent":"yCS4KBtF5",
"text":"",
"mid":"yCYp0d28l",
"date":"2012-09-22 02:35:09"
},
{
"kids":[],
"uid":"2920019122",
"parent":"yCS4KBtF5",
"text":"",
"mid":"yCYp0cHhR",
"date":"2012-09-22 02:35:08"
},
{
"kids":[],
"uid":"2201386172",
"parent":"",
"text":"我也邪恶了",
"mid":"yCY6uvtAA",
"date":"2012-09-22 01:49:33"
},
{
"kids":[],
"uid":"1571347621",
"parent":"",
"text":"靠……谁能告诉我他真正想表达的意思啊！",
"mid":"yCY3CCHwv",
"date":"2012-09-22 01:42:29"
},
{
"kids":[],
"uid":"2141457465",
"parent":"",
"text":"",
"mid":"yCXXB7DXP",
"date":"2012-09-22 01:27:38"
},
{
"kids":[],
"uid":"1849078802",
"parent":"",
"text":"@朵爸的故事 [哼]",
"mid":"yCXWd7I2F",
"date":"2012-09-22 01:24:13"
},
{
"kids":[],
"uid":"2808547570",
"parent":"yCTljv4kK",
"text":"",
"mid":"yCXTv0SY7",
"date":"2012-09-22 01:17:32"
},
{
"kids":[],
"uid":"2919917044",
"parent":"yCTljv4kK",
"text":"",
"mid":"yCXTv0SW6",
"date":"2012-09-22 01:17:32"
},
{
"kids":[],
"uid":"2683712180",
"parent":"",
"text":"不邪恶  不正常",
"mid":"yCXEio6k9",
"date":"2012-09-22 00:40:05"
},
{
"kids":[],
"uid":"1531585557",
"parent":"",
"text":"我承认我邪恶了[嘻嘻]",
"mid":"yCXBE6opH",
"date":"2012-09-22 00:33:31"
},
{
"kids":[],
"uid":"1970917415",
"parent":"",
"text":"",
"mid":"yCXtI5WW8",
"date":"2012-09-22 00:14:00"
},
{
"kids":[],
"uid":"1855451021",
"parent":"yCVcO9TLq",
"text":"",
"mid":"yCXsA4nzI",
"date":"2012-09-22 00:11:09"
},
{
"kids":[],
"uid":"545643703",
"parent":"",
"text":"[汗]",
"mid":"yCXo0mofe",
"date":"2012-09-21 23:59:54"
},
{
"kids":[],
"uid":"zl5516",
"parent":"",
"text":"",
"mid":"yCXnMvfy4",
"date":"2012-09-21 23:59:24"
},
{
"kids":[],
"uid":"2382061190",
"parent":"",
"text":"求颠簸",
"mid":"yCXnh9IWN",
"date":"2012-09-21 23:58:06"
},
{
"kids":[],
"uid":"2199838301",
"parent":"",
"text":"",
"mid":"yCXm3x2az",
"date":"2012-09-21 23:55:09"
},
{
"kids":[],
"uid":"2188900673",
"parent":"",
"text":"呵呵",
"mid":"yCXkTnuWL",
"date":"2012-09-21 23:52:17"
},
{
"kids":[],
"uid":"ny1026",
"parent":"",
"text":"",
"mid":"yCXjtFEaL",
"date":"2012-09-21 23:48:48"
},
{
"kids":[],
"uid":"538824345",
"parent":"",
"text":"邪恶了[嘻嘻]",
"mid":"yCXjdFW3X",
"date":"2012-09-21 23:48:10"
},
{
"kids":[],
"uid":"2936743204",
"parent":"",
"text":"",
"mid":"yCXiMdZO6",
"date":"2012-09-21 23:47:04"
},
{
"kids":[],
"uid":"buxianwen",
"parent":"",
"text":"",
"mid":"yCXgNAFl8",
"date":"2012-09-21 23:42:12"
},
{
"kids":[],
"uid":"jacqzhou",
"parent":"",
"text":"reflect company values...",
"mid":"yCXdcdPZ1",
"date":"2012-09-21 23:33:17"
},
{
"kids":[],
"uid":"whitewilber",
"parent":"",
"text":"[晕][偷笑]",
"mid":"yCX8AtQVU",
"date":"2012-09-21 23:21:58"
},
{
"kids":[],
"uid":"roseinwind",
"parent":"",
"text":"",
"mid":"yCX4YdmrR",
"date":"2012-09-21 23:13:03"
},
{
"kids":[],
"uid":"shriin",
"parent":"",
"text":"雷",
"mid":"yCX3GFWM6",
"date":"2012-09-21 23:09:52"
},
{
"kids":[],
"uid":"1847518147",
"parent":"yCWNwoEdx",
"text":"@笑嘻嘻CC",
"mid":"yCWZhE5Pu",
"date":"2012-09-21 22:59:02"
},
{
"kids":[],
"uid":"2123013020",
"parent":"",
"text":"",
"mid":"yCWZ4ndJI",
"date":"2012-09-21 22:58:30"
},
{
"kids":[],
"uid":"1985128905",
"parent":"yCWNwoEdx",
"text":"太棒了",
"mid":"yCWVS7oSb",
"date":"2012-09-21 22:50:38"
},
{
"kids":[],
"uid":"1876096773",
"parent":"yCWNwoEdx",
"text":"[黑线]",
"mid":"yCWUdeb08",
"date":"2012-09-21 22:46:32"
},
{
"kids":[],
"uid":"luoqixuan",
"parent":"",
"text":"orz......",
"mid":"yCWRSstjn",
"date":"2012-09-21 22:40:46"
},
{
"kids":[],
"uid":"2798823540",
"parent":"",
"text":"[思考]",
"mid":"yCWRy50U8",
"date":"2012-09-21 22:39:58"
},
{
"kids":[
"yD465oOwh"
],
"uid":"1095641134",
"parent":"",
"text":"",
"mid":"yCWRpssGh",
"date":"2012-09-21 22:39:40"
},
{
"kids":[],
"uid":"2049095044",
"parent":"yCWNwoEdx",
"text":"我去面壁[害羞][可爱]",
"mid":"yCWQgATqs",
"date":"2012-09-21 22:36:47"
},
{
"kids":[
"yCWZhE5Pu",
"yCWVS7oSb",
"yCWUdeb08",
"yCWQgATqs"
],
"uid":"2562720264",
"parent":"",
"text":"我承认我邪恶了[嘻嘻]",
"mid":"yCWNwoEdx",
"date":"2012-09-21 22:30:04"
},
{
"kids":[],
"uid":"rko0312",
"parent":"",
"text":"",
"mid":"yCWJleyta",
"date":"2012-09-21 22:19:46"
},
{
"kids":[],
"uid":"1645160300",
"parent":"",
"text":"",
"mid":"yCWJ3wON3",
"date":"2012-09-21 22:19:04"
},
{
"kids":[],
"uid":"1266672641",
"parent":"",
"text":"@miyamomo",
"mid":"yCWJ2i4Be",
"date":"2012-09-21 22:19:00"
},
{
"kids":[],
"uid":"2396266147",
"parent":"yCTp4CsuG",
"text":"好嗨",
"mid":"yCWGqoCZt",
"date":"2012-09-21 22:12:35"
},
{
"kids":[],
"uid":"532067889",
"parent":"",
"text":"它想表达什么含义啊·！！[黑线]",
"mid":"yCWF8k2bn",
"date":"2012-09-21 22:09:21"
},
{
"kids":[],
"uid":"2883463024",
"parent":"",
"text":"",
"mid":"yCWERbziw",
"date":"2012-09-21 22:08:42"
},
{
"kids":[],
"uid":"cmyyhappy",
"parent":"",
"text":"",
"mid":"yCWEkEHg7",
"date":"2012-09-21 22:07:25"
},
{
"kids":[],
"uid":"1734055053",
"parent":"",
"text":"",
"mid":"yCWDXl16a",
"date":"2012-09-21 22:06:30"
},
{
"kids":[],
"uid":"1821692322",
"parent":"",
"text":"这个屌爆了！",
"mid":"yCWCX0zki",
"date":"2012-09-21 22:03:58"
},
{
"kids":[],
"uid":"94640127weiye",
"parent":"",
"text":"",
"mid":"yCWx94rtL",
"date":"2012-09-21 21:49:43"
},
{
"kids":[],
"uid":"nowherenobody",
"parent":"yCWgNfyEI",
"text":"",
"mid":"yCWwkymZx",
"date":"2012-09-21 21:47:43"
},
{
"kids":[],
"uid":"2447057715",
"parent":"",
"text":"",
"mid":"yCWsKkvcO",
"date":"2012-09-21 21:38:50"
},
{
"kids":[],
"uid":"2630406603",
"parent":"",
"text":"",
"mid":"yCWsClHBJ",
"date":"2012-09-21 21:38:31"
},
{
"kids":[],
"uid":"hl113",
"parent":"",
"text":"",
"mid":"yCWsAiHCO",
"date":"2012-09-21 21:38:29"
},
{
"kids":[],
"uid":"1957579455",
"parent":"",
"text":"[吃惊][吃惊]",
"mid":"yCWstuL51",
"date":"2012-09-21 21:38:10"
},
{
"kids":[],
"uid":"1739722085",
"parent":"yCSdI9S2J",
"text":"這家航空出名了",
"mid":"yCWkGDH2d",
"date":"2012-09-21 21:19:02"
},
{
"kids":[],
"uid":"rebirth86",
"parent":"",
"text":"邪恶了[嘻嘻]",
"mid":"yCWjnooB8",
"date":"2012-09-21 21:15:48"
},
{
"kids":[],
"uid":"homartin",
"parent":"yCWgNfyEI",
"text":"",
"mid":"yCWiowvwH",
"date":"2012-09-21 21:13:24"
},
{
"kids":[],
"uid":"paulzj",
"parent":"",
"text":"",
"mid":"yCWgVvWXv",
"date":"2012-09-21 21:09:46"
},
{
"kids":[
"yCWwkymZx",
"yCWiowvwH"
],
"uid":"1168504694",
"parent":"",
"text":"",
"mid":"yCWgNfyEI",
"date":"2012-09-21 21:09:26"
},
{
"kids":[],
"uid":"2910927500",
"parent":"",
"text":"",
"mid":"yCWf1C5De",
"date":"2012-09-21 21:05:03"
},
{
"kids":[],
"uid":"333868999",
"parent":"",
"text":"",
"mid":"yCWey2dq7",
"date":"2012-09-21 21:03:54"
},
{
"kids":[],
"uid":"2580241330",
"parent":"yCWcv2juz",
"text":"233333",
"mid":"yCWdC87rW",
"date":"2012-09-21 21:01:37"
},
{
"kids":[],
"uid":"1960136480",
"parent":"",
"text":"真的很邪恶",
"mid":"yCWdq37kT",
"date":"2012-09-21 21:01:07"
},
{
"kids":[
"yD0NL4CAK"
],
"uid":"xqf90000",
"parent":"",
"text":"这家航空公司是干嘛的？[偷笑][花心]",
"mid":"yCWdnFrR9",
"date":"2012-09-21 21:00:58"
},
{
"kids":[],
"uid":"1879167282",
"parent":"",
"text":"[委屈] 邪恶了。",
"mid":"yCWcLz6bR",
"date":"2012-09-21 20:59:32"
},
{
"kids":[
"yCWdC87rW"
],
"uid":"2931396641",
"parent":"yCSjwCyxm",
"text":"卧槽！！",
"mid":"yCWcv2juz",
"date":"2012-09-21 20:58:50"
},
{
"kids":[],
"uid":"2429664701",
"parent":"",
"text":"呐尼！？@吃不死你啊混蛋  @旧光影里的柠檬是甜的-",
"mid":"yCWc485Ah",
"date":"2012-09-21 20:57:47"
},
{
"kids":[
"yD1s211PY"
],
"uid":"2095841885",
"parent":"",
"text":"哇塞......@白仔_尼桑不是用来虐的啊魂淡",
"mid":"yCWbIxpzc",
"date":"2012-09-21 20:56:53"
},
{
"kids":[],
"uid":"2068529665",
"parent":"",
"text":"@esther喵酱 @梨小涡涡浅 @海獭公子 @施鱼露 @Gemini吴小慧",
"mid":"yCWbk3soa",
"date":"2012-09-21 20:55:57"
},
{
"kids":[],
"uid":"2157239531",
"parent":"yCVbFwUvY",
"text":"[汗]",
"mid":"yCWajF2Oo",
"date":"2012-09-21 20:53:29"
},
{
"kids":[],
"uid":"2310870672",
"parent":"",
"text":"我承认我邪恶了[嘻嘻]",
"mid":"yCVTj5RXI",
"date":"2012-09-21 20:11:31"
},
{
"kids":[],
"uid":"1947228651",
"parent":"",
"text":".....",
"mid":"yCVTfecyc",
"date":"2012-09-21 20:11:25"
},
{
"kids":[],
"uid":"1247407527",
"parent":"",
"text":"[汗][汗][汗]",
"mid":"yCVGbxbWU",
"date":"2012-09-21 19:39:14"
},
{
"kids":[],
"uid":"1813858983",
"parent":"yCV62yZcR",
"text":"",
"mid":"yCVDysLw8",
"date":"2012-09-21 19:32:46"
},
{
"kids":[],
"uid":"1861473570",
"parent":"yCV62yZcR",
"text":"@YuKAN_K 这年头什么都雷人",
"mid":"yCVDffSJc",
"date":"2012-09-21 19:32:00"
},
{
"kids":[],
"uid":"2103217374",
"parent":"",
"text":"我承认我邪恶了[嘻嘻]",
"mid":"yCVAP6zBs",
"date":"2012-09-21 19:25:59"
},
{
"kids":[],
"uid":"2434427703",
"parent":"yCViABaM1",
"text":"我承认我邪恶了@暗夜公爵321 @幸福中的小忧桑",
"mid":"yCVxtoq19",
"date":"2012-09-21 19:17:48"
},
{
"kids":[],
"uid":"272441988",
"parent":"",
"text":"这是怎么个飞天？》",
"mid":"yCVvYk0Dj",
"date":"2012-09-21 19:14:03"
},
{
"kids":[],
"uid":"2164410743",
"parent":"",
"text":"",
"mid":"yCVsRCZJJ",
"date":"2012-09-21 19:06:26"
},
{
"kids":[],
"uid":"2437006792",
"parent":"yCV62yZcR",
"text":"",
"mid":"yCVrsv2Zz",
"date":"2012-09-21 19:02:58"
},
{
"kids":[],
"uid":"2719936172",
"parent":"yCViABaM1",
"text":"额…@阿叁叁叁叁叁叁3",
"mid":"yCVpYAlUp",
"date":"2012-09-21 18:59:19"
},
{
"kids":[],
"uid":"2135579881",
"parent":"yCViABaM1",
"text":"@Tanger7ne",
"mid":"yCVoAjQqj",
"date":"2012-09-21 18:55:53"
},
{
"kids":[],
"uid":"515974123",
"parent":"yCViABaM1",
"text":"假的- -",
"mid":"yCVo0x4vv",
"date":"2012-09-21 18:54:27"
},
{
"kids":[],
"uid":"2994552860",
"parent":"yCV62yZcR",
"text":"我多想了",
"mid":"yCVntsfcx",
"date":"2012-09-21 18:53:07"
},
{
"kids":[
"yD17yhJsz"
],
"uid":"gzjiajia",
"parent":"",
"text":"…[汗]",
"mid":"yCVn5v8Ap",
"date":"2012-09-21 18:52:09"
},
{
"kids":[],
"uid":"1dec",
"parent":"yCViABaM1",
"text":"[衰]瑞安YD了",
"mid":"yCVmKhfmQ",
"date":"2012-09-21 18:51:21"
},
{
"kids":[],
"uid":"2028706244",
"parent":"",
"text":"",
"mid":"yCVmooeiT",
"date":"2012-09-21 18:50:29"
},
{
"kids":[],
"uid":"2637397022",
"parent":"",
"text":"",
"mid":"yCVmhh5Bp",
"date":"2012-09-21 18:50:12"
},
{
"kids":[],
"uid":"whl5257",
"parent":"",
"text":"",
"mid":"yCVlHvCyF",
"date":"2012-09-21 18:48:47"
},
{
"kids":[],
"uid":"xueyanxixi",
"parent":"yCViABaM1",
"text":"不可能 瑞安我坐过好多次，怎么至于弄这么低俗啊，假的假的假的[弱]",
"mid":"yCVjWugDH",
"date":"2012-09-21 18:44:27"
},
{
"kids":[],
"uid":"andy521fl",
"parent":"yCViABaM1",
"text":"再次邪恶了吧！",
"mid":"yCVjUp214",
"date":"2012-09-21 18:44:20"
},
{
"kids":[],
"uid":"2118227974",
"parent":"yCViABaM1",
"text":"[挖鼻屎]",
"mid":"yCVjCF65Y",
"date":"2012-09-21 18:43:40"
},
{
"kids":[],
"uid":"234535585",
"parent":"yCViABaM1",
"text":"本来就邪恶。",
"mid":"yCVjsEX6w",
"date":"2012-09-21 18:43:13"
},
{
"kids":[],
"uid":"1823979765",
"parent":"yCViABaM1",
"text":"达人给翻译下 本意",
"mid":"yCVjqzmkf",
"date":"2012-09-21 18:43:11"
},
{
"kids":[],
"uid":"1839092392",
"parent":"yCViABaM1",
"text":"@挡不住的无所谓所无 @__超级大坏蛋 @朱朱snow @明天还上班",
"mid":"yCViTu3bF",
"date":"2012-09-21 18:41:52"
},
{
"kids":[
"yCVxtoq19",
"yCVpYAlUp",
"yCVoAjQqj",
"yCVo0x4vv",
"yCVmKhfmQ",
"yCVjWugDH",
"yCVjUp214",
"yCVjCF65Y",
"yCVjsEX6w",
"yCVjqzmkf",
"yCViTu3bF"
],
"uid":"shishangtaobaokong",
"parent":"",
"text":"我承认我邪恶了[嘻嘻]",
"mid":"yCViABaM1",
"date":"2012-09-21 18:41:07"
},
{
"kids":[],
"uid":"1949123945",
"parent":"",
"text":"哎嘿,这图案,我都不想吐嘈了!",
"mid":"yCVi2C0Sq",
"date":"2012-09-21 18:39:45"
},
{
"kids":[],
"uid":"2923854905",
"parent":"",
"text":"哎哟喂腐死了[害羞]",
"mid":"yCVg4yWWD",
"date":"2012-09-21 18:34:55"
},
{
"kids":[],
"uid":"1868681971",
"parent":"yCV62yZcR",
"text":"我承认我也邪恶了 @朱慈音是闷骚包 @各种基情的小德路_",
"mid":"yCVfef7YP",
"date":"2012-09-21 18:32:50"
},
{
"kids":[],
"uid":"2876298163",
"parent":"",
"text":"",
"mid":"yCVe79rVP",
"date":"2012-09-21 18:30:04"
},
{
"kids":[
"yCXsA4nzI"
],
"uid":"nfuu",
"parent":"yCVbFwUvY",
"text":"艾玛，这都能上天？尺度太大了吧？[害羞]",
"mid":"yCVcO9TLq",
"date":"2012-09-21 18:26:53"
},
{
"kids":[
"yCWajF2Oo",
"yCVcO9TLq"
],
"uid":"2420016564",
"parent":"",
"text":"我承认我邪恶了[嘻嘻]",
"mid":"yCVbFwUvY",
"date":"2012-09-21 18:24:04"
},
{
"kids":[],
"uid":"xjy850121",
"parent":"",
"text":"@李小楠",
"mid":"yCV9EfQ6P",
"date":"2012-09-21 18:19:05"
},
{
"kids":[],
"uid":"2387895153",
"parent":"",
"text":"我承认我邪恶了[嘻嘻]",
"mid":"yCV8q2gNK",
"date":"2012-09-21 18:16:03"
},
{
"kids":[],
"uid":"1496060400",
"parent":"yCV62yZcR",
"text":"",
"mid":"yCV74Fyof",
"date":"2012-09-21 18:12:44"
},
{
"kids":[
"yCVDysLw8",
"yCVDffSJc",
"yCVrsv2Zz",
"yCVntsfcx",
"yCVfef7YP",
"yCV74Fyof"
],
"uid":"2497005601",
"parent":"",
"text":"我承认我邪恶了[嘻嘻]",
"mid":"yCV62yZcR",
"date":"2012-09-21 18:10:10"
},
{
"kids":[],
"uid":"1875257067",
"parent":"",
"text":"",
"mid":"yCV5Y7te7",
"date":"2012-09-21 18:10:01"
},
{
"kids":[],
"uid":"iain900416",
"parent":"",
"text":"[哈哈]",
"mid":"yCV2Wuui9",
"date":"2012-09-21 18:02:34"
},
{
"kids":[],
"uid":"meiki3",
"parent":"",
"text":"",
"mid":"yCUYZwXvw",
"date":"2012-09-21 17:52:50"
},
{
"kids":[],
"uid":"shaef",
"parent":"",
"text":"神设计",
"mid":"yCUUh0S4S",
"date":"2012-09-21 17:41:12"
},
{
"kids":[],
"uid":"1898564801",
"parent":"",
"text":"哈哈……计划之中……paris飞oslo试试这个",
"mid":"yCUSVlFSe",
"date":"2012-09-21 17:37:51"
},
{
"kids":[],
"uid":"louishangoveragain",
"parent":"yCUDFd1aE",
"text":"[吃惊]",
"mid":"yCUSqj2I5",
"date":"2012-09-21 17:36:39"
},
{
"kids":[],
"uid":"2259463734",
"parent":"yCUDFd1aE",
"text":"转发微博。",
"mid":"yCUQWoRPo",
"date":"2012-09-21 17:33:00"
},
{
"kids":[],
"uid":"2850188065",
"parent":"",
"text":"",
"mid":"yCUOZhSNd",
"date":"2012-09-21 17:28:09"
},
{
"kids":[],
"uid":"wch1117",
"parent":"",
"text":"我也承认",
"mid":"yCUONaVav",
"date":"2012-09-21 17:27:42"
},
{
"kids":[],
"uid":"2610158493",
"parent":"",
"text":"",
"mid":"yCUOLm7VJ",
"date":"2012-09-21 17:27:38"
},
{
"kids":[],
"uid":"2084892557",
"parent":"",
"text":"",
"mid":"yCUNed2fE",
"date":"2012-09-21 17:23:51"
},
{
"kids":[],
"uid":"1153075642",
"parent":"",
"text":"我承认我邪恶了[嘻嘻]",
"mid":"yCUMjfb1Y",
"date":"2012-09-21 17:21:33"
},
{
"kids":[],
"uid":"bbx8",
"parent":"",
"text":"",
"mid":"yCUMjdATM",
"date":"2012-09-21 17:21:35"
},
{
"kids":[],
"uid":"2906312413",
"parent":"",
"text":"哈哈，这种设计绝妙啊",
"mid":"yCULJbTHa",
"date":"2012-09-21 17:20:08"
},
{
"kids":[],
"uid":"314744572",
"parent":"",
"text":"我承认我邪恶了[嘻嘻]",
"mid":"yCULou1GS",
"date":"2012-09-21 17:19:20"
},
{
"kids":[],
"uid":"570721818",
"parent":"",
"text":"尴尬",
"mid":"yCUJbDxj7",
"date":"2012-09-21 17:13:54"
},
{
"kids":[],
"uid":"1178692494",
"parent":"",
"text":"",
"mid":"yCUJ9yyz3",
"date":"2012-09-21 17:13:49"
},
{
"kids":[],
"uid":"1879586595",
"parent":"",
"text":"我怎么看都是很邪恶…",
"mid":"yCUIWjb5M",
"date":"2012-09-21 17:13:17"
},
{
"kids":[],
"uid":"1872846150",
"parent":"",
"text":"",
"mid":"yCUIQ8wI9",
"date":"2012-09-21 17:13:02"
},
{
"kids":[],
"uid":"2282445693",
"parent":"",
"text":"",
"mid":"yCUIJAz04",
"date":"2012-09-21 17:12:47"
},
{
"kids":[],
"uid":"1739466553",
"parent":"yCT0V6Bon",
"text":"非得撇一条连起来，逼我节操掉一地么",
"mid":"yCUIeiJKm",
"date":"2012-09-21 17:11:31"
},
{
"kids":[],
"uid":"2137094445",
"parent":"yCUDFd1aE",
"text":"我知道了老板是GAY''''",
"mid":"yCUHLkYMA",
"date":"2012-09-21 17:10:23"
},
{
"kids":[],
"uid":"1862676981",
"parent":"",
"text":"瑞安都被恶搞了@木易爺",
"mid":"yCUFhDvvA",
"date":"2012-09-21 17:04:14"
},
{
"kids":[
"yCUSqj2I5",
"yCUQWoRPo",
"yCUHLkYMA"
],
"uid":"for18",
"parent":"",
"text":"我承认我邪恶了[嘻嘻]",
"mid":"yCUDFd1aE",
"date":"2012-09-21 17:00:16"
},
{
"kids":[],
"uid":"1864933164",
"parent":"",
"text":"[汗]@Seven__XOXO @熊猫奶牛兔苦缺时间",
"mid":"yCUDuyv9R",
"date":"2012-09-21 16:59:53"
},
{
"kids":[],
"uid":"2286078065",
"parent":"",
"text":"",
"mid":"yCUAoc72I",
"date":"2012-09-21 16:52:14"
},
{
"kids":[],
"uid":"alecwang76",
"parent":"",
"text":"[吃惊][威武]",
"mid":"yCUAfk5hQ",
"date":"2012-09-21 16:51:50"
},
{
"kids":[],
"uid":"2375542374",
"parent":"",
"text":"我承认我邪恶了[嘻嘻]",
"mid":"yCUyyaqh1",
"date":"2012-09-21 16:47:40"
},
{
"kids":[],
"uid":"1806143937",
"parent":"",
"text":"瑞安搅基航空",
"mid":"yCUyml3Z2",
"date":"2012-09-21 16:47:13"
},
{
"kids":[],
"uid":"1806143937",
"parent":"yCUde6wvx",
"text":"@Ste阅后即焚 @阿的Dring不怕糊 @正大壮",
"mid":"yCUvBtuzm",
"date":"2012-09-21 16:40:26"
},
{
"kids":[],
"uid":"yuranliunian",
"parent":"",
"text":"。。。。好开放",
"mid":"yCUvvCeqe",
"date":"2012-09-21 16:40:12"
},
{
"kids":[],
"uid":"61926217",
"parent":"",
"text":"我承认我邪恶了[嘻嘻]，这标志太超前意识了",
"mid":"yCUrJigtD",
"date":"2012-09-21 16:30:53"
},
{
"kids":[],
"uid":"1990833253",
"parent":"",
"text":"可以",
"mid":"yCUpA3aFW",
"date":"2012-09-21 16:25:36"
},
{
"kids":[],
"uid":"1452464313",
"parent":"",
"text":"我承认我邪恶了[嘻嘻]",
"mid":"yCUpn27yq",
"date":"2012-09-21 16:25:05"
},
{
"kids":[],
"uid":"1952443155",
"parent":"",
"text":"内涵",
"mid":"yCUl55uWX",
"date":"2012-09-21 16:14:30"
},
{
"kids":[],
"uid":"wangzai0128",
"parent":"yCUkqAU2G",
"text":"[偷笑]不含蓄…",
"mid":"yCUkLzSvD",
"date":"2012-09-21 16:13:44"
},
{
"kids":[
"yCUkLzSvD"
],
"uid":"2141459141",
"parent":"",
"text":"@旺仔李小拾 [偷笑]好强大..",
"mid":"yCUkqAU2G",
"date":"2012-09-21 16:12:54"
},
{
"kids":[],
"uid":"xuxu297427984",
"parent":"",
"text":"",
"mid":"yCUkalKVk",
"date":"2012-09-21 16:12:15"
},
{
"kids":[],
"uid":"1888458731",
"parent":"yCUde6wvx",
"text":"",
"mid":"yCUhQotoZ",
"date":"2012-09-21 16:06:29"
},
{
"kids":[],
"uid":"2092486637",
"parent":"yCUde6wvx",
"text":"飞天了[右哼哼][左哼哼]",
"mid":"yCUhtmeNF",
"date":"2012-09-21 16:05:37"
},
{
"kids":[],
"uid":"ws5788",
"parent":"",
"text":"",
"mid":"yCUfYjTW1",
"date":"2012-09-21 16:01:55"
},
{
"kids":[],
"uid":"luckysandi",
"parent":"yCUde6wvx",
"text":"哈哈",
"mid":"yCUfI3M1W",
"date":"2012-09-21 16:01:15"
},
{
"kids":[],
"uid":"374009067",
"parent":"yCUde6wvx",
"text":"",
"mid":"yCUfruA9z",
"date":"2012-09-21 16:00:36"
},
{
"kids":[],
"uid":"2656486897",
"parent":"yCUde6wvx",
"text":"狂汗",
"mid":"yCUdFiNkC",
"date":"2012-09-21 15:56:14"
},
{
"kids":[],
"uid":"1723797814",
"parent":"",
"text":"@孰是孰菲  。。。。。我承认我也邪恶了[嘻嘻]",
"mid":"yCUdh3Rvq",
"date":"2012-09-21 15:55:17"
},
{
"kids":[
"yCUvBtuzm",
"yCUhQotoZ",
"yCUhtmeNF",
"yCUfI3M1W",
"yCUfruA9z",
"yCUdFiNkC"
],
"uid":"2527591395",
"parent":"",
"text":"我承认我邪恶了[嘻嘻]",
"mid":"yCUde6wvx",
"date":"2012-09-21 15:55:09"
},
{
"kids":[],
"uid":"2789932940",
"parent":"yCTdRmIUe",
"text":"",
"mid":"yCUbYEawi",
"date":"2012-09-21 15:52:05"
},
{
"kids":[],
"uid":"2919809862",
"parent":"yCTdRmIUe",
"text":"",
"mid":"yCUbYDvjE",
"date":"2012-09-21 15:52:03"
},
{
"kids":[],
"uid":"1762853154",
"parent":"",
"text":"",
"mid":"yCUaD27py",
"date":"2012-09-21 15:48:43"
},
{
"kids":[],
"uid":"1440149330",
"parent":"yCTiB6g9v",
"text":"[偷笑][偷笑]",
"mid":"yCUa6fIXz",
"date":"2012-09-21 15:47:25"
},
{
"kids":[],
"uid":"1228574501",
"parent":"",
"text":"[害羞]",
"mid":"yCU53iHC2",
"date":"2012-09-21 15:35:01"
},
{
"kids":[],
"uid":"1878831234",
"parent":"",
"text":"[汗][汗]",
"mid":"yCU3TxY3a",
"date":"2012-09-21 15:32:09"
},
{
"kids":[],
"uid":"2290234143",
"parent":"",
"text":"我又吾系好信呀![哼]",
"mid":"yCU1su0gF",
"date":"2012-09-21 15:26:10"
},
{
"kids":[],
"uid":"2198312780",
"parent":"",
"text":"",
"mid":"yCU0EBotd",
"date":"2012-09-21 15:24:10"
},
{
"kids":[],
"uid":"2013485183",
"parent":"",
"text":"",
"mid":"yCTZn5rqI",
"date":"2012-09-21 15:21:01"
},
{
"kids":[],
"uid":"82507862",
"parent":"",
"text":"此内容为不实内容，已处理？",
"mid":"yCTXMoXju",
"date":"2012-09-21 15:17:06"
},
{
"kids":[],
"uid":"1764742443",
"parent":"",
"text":"",
"mid":"yCTWzF4QV",
"date":"2012-09-21 15:14:08"
},
{
"kids":[],
"uid":"kungpaochicken",
"parent":"",
"text":"",
"mid":"yCTUzdfdm",
"date":"2012-09-21 15:09:10"
},
{
"kids":[],
"uid":"1066649280",
"parent":"",
"text":"@呆到深处自然萌的萌 @玉娃数月亮 @桂子儿啊桂子儿 @winston16 @PTybble106A107 @海军popeye @Tindra @floaring @彦子tybble @李喆-画珺 @winston16",
"mid":"yCTU29Vk3",
"date":"2012-09-21 15:07:50"
},
{
"kids":[],
"uid":"44132823",
"parent":"",
"text":"Me too",
"mid":"yCTTS8q0f",
"date":"2012-09-21 15:07:28"
},
{
"kids":[],
"uid":"zhenzhenshouxi",
"parent":"",
"text":"[阴险]",
"mid":"yCTLLdbnU",
"date":"2012-09-21 14:47:29"
},
{
"kids":[],
"uid":"2272930957",
"parent":"",
"text":"",
"mid":"yCTLqujw9",
"date":"2012-09-21 14:46:40"
},
{
"kids":[],
"uid":"2001763565",
"parent":"",
"text":"@Penny潘曉旎 @ZhouBamboo @YaoYao爱旅行 @独孤小醋 @八大洲旅游",
"mid":"yCTHHqa4o",
"date":"2012-09-21 14:37:29"
},
{
"kids":[],
"uid":"jaycee66",
"parent":"yCTekjuSv",
"text":"好“基”游[害羞]",
"mid":"yCTHp4sXC",
"date":"2012-09-21 14:36:44"
},
{
"kids":[],
"uid":"1823273667",
"parent":"",
"text":"邪恶不只多一点[哈哈]",
"mid":"yCTHnC27Y",
"date":"2012-09-21 14:36:40"
},
{
"kids":[],
"uid":"breezelan1",
"parent":"yCTEwj4NI",
"text":"@就是爱宅怎样 @祈求幸福_chenxr 看了有啥想法",
"mid":"yCTHjdOrK",
"date":"2012-09-21 14:36:31"
},
{
"kids":[],
"uid":"1918717933",
"parent":"",
"text":"",
"mid":"yCTH49wnR",
"date":"2012-09-21 14:35:56"
},
{
"kids":[],
"uid":"1895348563",
"parent":"",
"text":"[吃惊]",
"mid":"yCTGHBRIK",
"date":"2012-09-21 14:35:02"
},
{
"kids":[],
"uid":"2418315874",
"parent":"",
"text":"",
"mid":"yCTGAixoc",
"date":"2012-09-21 14:34:44"
},
{
"kids":[],
"uid":"guanwenjieonly",
"parent":"",
"text":"@郭小vvvvv  你搭哩间公司飞去多伦多啦…",
"mid":"yCTGytPYK",
"date":"2012-09-21 14:34:40"
},
{
"kids":[],
"uid":"2622527541",
"parent":"",
"text":"[偷笑]",
"mid":"yCTFPALVT",
"date":"2012-09-21 14:32:53"
},
{
"kids":[
"yCTHjdOrK"
],
"uid":"1951319113",
"parent":"yCRoQmk5m",
"text":"那地方gay特多",
"mid":"yCTEwj4NI",
"date":"2012-09-21 14:29:40"
},
{
"kids":[],
"uid":"1680985002",
"parent":"",
"text":"怎么看都是在爆菊。。。。",
"mid":"yCTE2ucKS",
"date":"2012-09-21 14:28:26"
},
{
"kids":[],
"uid":"2011048205",
"parent":"",
"text":"@酷酷小狼狼 @碎碎的念念 @盈-Zilli @菲豬Faye @静静静静静黃",
"mid":"yCTDhvlWS",
"date":"2012-09-21 14:26:36"
},
{
"kids":[],
"uid":"1770854651",
"parent":"",
"text":"中间还有那一横",
"mid":"yCTD7alHC",
"date":"2012-09-21 14:26:11"
},
{
"kids":[],
"uid":"1155202375",
"parent":"yCTAWoE9N",
"text":"好基友的不二之选~~[嘻嘻][嘻嘻]~",
"mid":"yCTCRsqSm",
"date":"2012-09-21 14:25:35"
},
{
"kids":[],
"uid":"2658189830",
"parent":"",
"text":"从此坐飞机不寂寞不无聊了，颠簸时还可以抱空姐，又可以参照logo上那样搞搞基",
"mid":"yCTCHbAdP",
"date":"2012-09-21 14:25:09"
},
{
"kids":[],
"uid":"1448231743",
"parent":"yCTqUq60f",
"text":"[嘻嘻]",
"mid":"yCTBVfEvj",
"date":"2012-09-21 14:23:15"
},
{
"kids":[],
"uid":"2717709543",
"parent":"",
"text":"我邪恶了",
"mid":"yCTBDyVal",
"date":"2012-09-21 14:22:31"
},
{
"kids":[
"yCTCRsqSm"
],
"uid":"1934773730",
"parent":"yCShS6Nu3",
"text":"你老尾啊，叼嚗了！",
"mid":"yCTAWoE9N",
"date":"2012-09-21 14:20:50"
},
{
"kids":[],
"uid":"franlvfra",
"parent":"yCTm6xHg0",
"text":"Ah...",
"mid":"yCTAQeWEq",
"date":"2012-09-21 14:20:34"
},
{
"kids":[],
"uid":"1934859072",
"parent":"",
"text":"介个……介个是真的咩~！",
"mid":"yCTzbFbbe",
"date":"2012-09-21 14:16:30"
},
{
"kids":[],
"uid":"63259585",
"parent":"yCT87g78L",
"text":"[害羞]",
"mid":"yCTz59wZu",
"date":"2012-09-21 14:16:15"
},
{
"kids":[],
"uid":"lh912",
"parent":"",
"text":"[衰]",
"mid":"yCTyD5bKz",
"date":"2012-09-21 14:15:08"
},
{
"kids":[],
"uid":"1400790004",
"parent":"",
"text":"",
"mid":"yCTxWyVux",
"date":"2012-09-21 14:13:25"
},
{
"kids":[],
"uid":"2948780200",
"parent":"",
"text":"",
"mid":"yCTxMdPRe",
"date":"2012-09-21 14:13:02"
},
{
"kids":[],
"uid":"2123115221",
"parent":"",
"text":"",
"mid":"yCTxn7iLi",
"date":"2012-09-21 14:12:01"
},
{
"kids":[],
"uid":"yangyueyy",
"parent":"",
"text":"可惜我是女流氓[哈哈]",
"mid":"yCTxkrzcU",
"date":"2012-09-21 14:11:56"
},
{
"kids":[],
"uid":"2451467052",
"parent":"yCT0n8un8",
"text":"我有个疑问 如果它不是我们认为的那样 那它应该是哪样啊。。。我他妈不管正不正经 我只看得出来一个意思。。。。。。",
"mid":"yCTxcbc9D",
"date":"2012-09-21 14:11:34"
},
{
"kids":[],
"uid":"1836592870",
"parent":"",
"text":"",
"mid":"yCTx82n2z",
"date":"2012-09-21 14:11:26"
},
{
"kids":[],
"uid":"1848946371",
"parent":"",
"text":"是想告诉大家乘客与公司的和谐相处吗@巫小怪是潜力股 @sweet婷-婷",
"mid":"yCTwY092X",
"date":"2012-09-21 14:11:03"
},
{
"kids":[],
"uid":"2675169095",
"parent":"",
"text":"",
"mid":"yCTws4pYB",
"date":"2012-09-21 14:09:45"
},
{
"kids":[],
"uid":"03js",
"parent":"",
"text":"[哈哈]",
"mid":"yCTwly5ZB",
"date":"2012-09-21 14:09:31"
},
{
"kids":[],
"uid":"achtj",
"parent":"",
"text":"什么公司啊？ 太邪恶了。",
"mid":"yCTwcmDjQ",
"date":"2012-09-21 14:09:10"
},
{
"kids":[],
"uid":"1029132401",
"parent":"",
"text":"我想歪了",
"mid":"yCTvPjHd1",
"date":"2012-09-21 14:08:14"
},
{
"kids":[],
"uid":"2720926655",
"parent":"",
"text":"",
"mid":"yCTvOtV1D",
"date":"2012-09-21 14:08:10"
},
{
"kids":[],
"uid":"2076233075",
"parent":"yCTlfmSSD",
"text":"但怎么看都象两个男的…………",
"mid":"yCTvFixri",
"date":"2012-09-21 14:07:50"
},
{
"kids":[],
"uid":"meinvpeipei02",
"parent":"",
"text":"。。。",
"mid":"yCTvosQZX",
"date":"2012-09-21 14:07:10"
},
{
"kids":[],
"uid":"1764172824",
"parent":"",
"text":"太邪魔外道haha~",
"mid":"yCTve8obx",
"date":"2012-09-21 14:06:45"
},
{
"kids":[],
"uid":"700291456",
"parent":"yCTqUq60f",
"text":"",
"mid":"yCTuXihjR",
"date":"2012-09-21 14:06:05"
},
{
"kids":[],
"uid":"2479320154",
"parent":"",
"text":"亮瞎了我的眼",
"mid":"yCTuGpQgd",
"date":"2012-09-21 14:05:25"
},
{
"kids":[],
"uid":"523078927",
"parent":"yCSGrBRYO",
"text":"",
"mid":"yCTuukxfY",
"date":"2012-09-21 14:04:56"
},
{
"kids":[],
"uid":"2804059174",
"parent":"",
"text":"",
"mid":"yCTuqaMNY",
"date":"2012-09-21 14:04:46"
},
{
"kids":[],
"uid":"1770583175",
"parent":"",
"text":"必须承认了",
"mid":"yCTujlrOZ",
"date":"2012-09-21 14:04:30"
},
{
"kids":[],
"uid":"1925151355",
"parent":"",
"text":"",
"mid":"yCTu6mLnn",
"date":"2012-09-21 14:03:57"
},
{
"kids":[],
"uid":"missliyu",
"parent":"yCT0GiSPp",
"text":"呃……我是女流氓[委屈]",
"mid":"yCTtRl2MF",
"date":"2012-09-21 14:03:21"
},
{
"kids":[],
"uid":"2505873084",
"parent":"",
"text":"@6bin世界 1",
"mid":"yCTtuzAlf",
"date":"2012-09-21 14:02:29"
},
{
"kids":[],
"uid":"2958671462",
"parent":"",
"text":"你邪恶了吸？[嘻嘻]",
"mid":"yCTt5a77g",
"date":"2012-09-21 14:01:27"
},
{
"kids":[],
"uid":"1761682393",
"parent":"",
"text":"",
"mid":"yCTsNq4TG",
"date":"2012-09-21 14:00:46"
},
{
"kids":[],
"uid":"bcoz",
"parent":"",
"text":"[吃惊][吃惊][吃惊][吃惊][吃惊][吃惊][吃惊][吃惊]",
"mid":"yCTsLEiTh",
"date":"2012-09-21 14:00:40"
},
{
"kids":[],
"uid":"zorrozhao",
"parent":"yCTqUq60f",
"text":"",
"mid":"yCTrZsb6o",
"date":"2012-09-21 13:58:47"
},
{
"kids":[],
"uid":"2610425712",
"parent":"",
"text":"有文化",
"mid":"yCTrN3GBi",
"date":"2012-09-21 13:58:17"
},
{
"kids":[
"yD0tS2eEP",
"yCTBVfEvj",
"yCTuXihjR",
"yCTrZsb6o"
],
"uid":"2004328542",
"parent":"",
"text":"我承认我邪恶了[嘻嘻]",
"mid":"yCTqUq60f",
"date":"2012-09-21 13:56:05"
},
{
"kids":[],
"uid":"xyylovely",
"parent":"",
"text":"@蛋白宝贝 我又邪恶了！",
"mid":"yCTqS1Kxl",
"date":"2012-09-21 13:55:59"
},
{
"kids":[],
"uid":"1809015792",
"parent":"",
"text":"[哈哈][哈哈][哈哈][哈哈][哈哈][哈哈][哈哈][哈哈]",
"mid":"yCTqRpMEz",
"date":"2012-09-21 13:56:00"
},
{
"kids":[],
"uid":"1980581503",
"parent":"",
"text":"这个我也邪恶了！",
"mid":"yCTqyv0sO",
"date":"2012-09-21 13:55:15"
},
{
"kids":[],
"uid":"2157184323",
"parent":"",
"text":"",
"mid":"yCTqxmhkQ",
"date":"2012-09-21 13:55:10"
},
{
"kids":[],
"uid":"208503555",
"parent":"",
"text":"[黑线]",
"mid":"yCTq5A9ei",
"date":"2012-09-21 13:54:05"
},
{
"kids":[],
"uid":"2190044951",
"parent":"",
"text":"邪恶了~~[偷笑]",
"mid":"yCTpNyw70",
"date":"2012-09-21 13:53:23"
},
{
"kids":[],
"uid":"1817036394",
"parent":"",
"text":"",
"mid":"yCTps1rBS",
"date":"2012-09-21 13:52:29"
},
{
"kids":[],
"uid":"junlinbai",
"parent":"",
"text":"转发微博。",
"mid":"yCTpmCnNs",
"date":"2012-09-21 13:52:19"
},
{
"kids":[],
"uid":"woohongyun",
"parent":"yCTiB6g9v",
"text":"",
"mid":"yCTpgrOrQ",
"date":"2012-09-21 13:52:02"
},
{
"kids":[
"yCWGqoCZt"
],
"uid":"2656212444",
"parent":"yCTmohJiR",
"text":"@BLEACH-strawberry",
"mid":"yCTp4CsuG",
"date":"2012-09-21 13:51:36"
},
{
"kids":[],
"uid":"1273706440",
"parent":"",
"text":"[吃惊]",
"mid":"yCToPhEFH",
"date":"2012-09-21 13:50:59"
},
{
"kids":[],
"uid":"1762804147",
"parent":"",
"text":"我也承认了~~让我[偷笑]太纠结了",
"mid":"yCToO4c1C",
"date":"2012-09-21 13:50:56"
},
{
"kids":[],
"uid":"2421781053",
"parent":"",
"text":"我承认我邪恶了[嘻嘻]",
"mid":"yCToNvXev",
"date":"2012-09-21 13:50:55"
},
{
"kids":[],
"uid":"max19860404",
"parent":"yCTnJATjR",
"text":"",
"mid":"yCToM1wna",
"date":"2012-09-21 13:50:51"
},
{
"kids":[],
"uid":"2420401994",
"parent":"",
"text":"人才",
"mid":"yCToLr4yg",
"date":"2012-09-21 13:50:51"
},
{
"kids":[],
"uid":"2165355490",
"parent":"",
"text":"转发微博。",
"mid":"yCToyqRSc",
"date":"2012-09-21 13:50:19"
},
{
"kids":[],
"uid":"2014326071",
"parent":"",
"text":"",
"mid":"yCTophf9T",
"date":"2012-09-21 13:49:55"
},
{
"kids":[],
"uid":"323306868",
"parent":"",
"text":"我承认我邪恶了[嘻嘻]",
"mid":"yCTontHe0",
"date":"2012-09-21 13:49:53"
},
{
"kids":[],
"uid":"riflede",
"parent":"",
"text":"....汉子上飞机前要慎重考虑...23333",
"mid":"yCTohg2O6",
"date":"2012-09-21 13:49:36"
},
{
"kids":[],
"uid":"2780883955",
"parent":"",
"text":"",
"mid":"yCToadKiH",
"date":"2012-09-21 13:49:20"
},
{
"kids":[
"yCToM1wna"
],
"uid":"suju13foreverlove",
"parent":"",
"text":"日",
"mid":"yCTnJATjR",
"date":"2012-09-21 13:48:18"
},
{
"kids":[],
"uid":"zfermimic",
"parent":"yCTm6xHg0",
"text":"无法直视！！！",
"mid":"yCTnI8rfF",
"date":"2012-09-21 13:48:12"
},
{
"kids":[],
"uid":"mmstiggie",
"parent":"",
"text":"ryan air?",
"mid":"yCTnI7Cy0",
"date":"2012-09-21 13:48:14"
},
{
"kids":[],
"uid":"1991757081",
"parent":"",
"text":"我也承认……[开心]",
"mid":"yCTnGDyid",
"date":"2012-09-21 13:48:11"
},
{
"kids":[],
"uid":"2448193201",
"parent":"",
"text":"是你的味儿~~ @ipandanext @NWPU野人 [挖鼻屎][挖鼻屎][挖鼻屎][挖鼻屎]",
"mid":"yCTnCezH2",
"date":"2012-09-21 13:48:00"
},
{
"kids":[],
"uid":"riflede",
"parent":"",
"text":"@Saki_干掉三百个GAY得道升天 ..........",
"mid":"yCTni5X6j",
"date":"2012-09-21 13:47:12"
},
{
"kids":[],
"uid":"206136567",
"parent":"",
"text":"",
"mid":"yCTnfsin5",
"date":"2012-09-21 13:47:06"
},
{
"kids":[],
"uid":"yuichi0320",
"parent":"",
"text":"除了那个解释,想不出其他含义啊- -",
"mid":"yCTn1hffy",
"date":"2012-09-21 13:46:32"
},
{
"kids":[],
"uid":"2614224431",
"parent":"",
"text":"企业文化很重要。",
"mid":"yCTmVkBOx",
"date":"2012-09-21 13:46:17"
},
{
"kids":[],
"uid":"otakujo",
"parent":"",
"text":"[春暖花开]",
"mid":"yCTmS8Jac",
"date":"2012-09-21 13:46:10"
},
{
"kids":[],
"uid":"2101393460",
"parent":"",
"text":"[黑线]",
"mid":"yCTmNlSOE",
"date":"2012-09-21 13:46:00"
},
{
"kids":[],
"uid":"2839951313",
"parent":"",
"text":"",
"mid":"yCTmthEPv",
"date":"2012-09-21 13:45:11"
},
{
"kids":[],
"uid":"2313596244",
"parent":"",
"text":"",
"mid":"yCTmt2oxr",
"date":"2012-09-21 13:45:09"
},
{
"kids":[
"yCTp4CsuG"
],
"uid":"2152049790",
"parent":"",
"text":"哈哈，内涵",
"mid":"yCTmohJiR",
"date":"2012-09-21 13:44:59"
},
{
"kids":[
"yCTAQeWEq",
"yCTnI8rfF"
],
"uid":"zglclass9",
"parent":"",
"text":"oh well",
"mid":"yCTm6xHg0",
"date":"2012-09-21 13:44:17"
},
{
"kids":[],
"uid":"234524623",
"parent":"",
"text":"",
"mid":"yCTm1bUSN",
"date":"2012-09-21 13:44:05"
},
{
"kids":[],
"uid":"1912863383",
"parent":"",
"text":"[偷笑]",
"mid":"yCTlMrY27",
"date":"2012-09-21 13:43:30"
},
{
"kids":[],
"uid":"2141704935",
"parent":"",
"text":"哈哈，必须歪，也必须弯",
"mid":"yCTlDjc57",
"date":"2012-09-21 13:43:07"
},
{
"kids":[],
"uid":"1618963452",
"parent":"",
"text":"轉發微博",
"mid":"yCTlzrLiu",
"date":"2012-09-21 13:42:56"
},
{
"kids":[],
"uid":"2183698541",
"parent":"",
"text":"@叱咤辽北大地的狼 @磊爷1985 @",
"mid":"yCTlwuq7P",
"date":"2012-09-21 13:42:49"
},
{
"kids":[],
"uid":"1982892834",
"parent":"",
"text":"我邪恶了！",
"mid":"yCTlnkNHj",
"date":"2012-09-21 13:42:29"
},
{
"kids":[
"yCXTv0SY7",
"yCXTv0SW6"
],
"uid":"1807737303",
"parent":"",
"text":"我承认我邪恶了[奥特曼]",
"mid":"yCTljv4kK",
"date":"2012-09-21 13:42:20"
},
{
"kids":[
"yCTvFixri"
],
"uid":"jojofan1983",
"parent":"",
"text":"",
"mid":"yCTlfmSSD",
"date":"2012-09-21 13:42:10"
},
{
"kids":[],
"uid":"114080540",
"parent":"yCTekjuSv",
"text":"还是你最懂~~~",
"mid":"yCTlc757O",
"date":"2012-09-21 13:42:02"
},
{
"kids":[],
"uid":"208380888",
"parent":"yCTiXvpEZ",
"text":"机长和空姐么？",
"mid":"yCTl5zrKk",
"date":"2012-09-21 13:41:48"
},
{
"kids":[],
"uid":"1824335331",
"parent":"",
"text":"这绝对是故意的吧，这还能有其他的解释么",
"mid":"yCTkYveDz",
"date":"2012-09-21 13:41:30"
},
{
"kids":[],
"uid":"2076695417",
"parent":"",
"text":"。。。",
"mid":"yCTkPnzPb",
"date":"2012-09-21 13:41:08"
},
{
"kids":[],
"uid":"2273592050",
"parent":"",
"text":"",
"mid":"yCTkzq2bn",
"date":"2012-09-21 13:40:30"
},
{
"kids":[],
"uid":"2236391764",
"parent":"",
"text":"额...@展温 @似乎已断开与互联网的连接",
"mid":"yCTkwpCen",
"date":"2012-09-21 13:40:23"
},
{
"kids":[],
"uid":"2334344553",
"parent":"",
"text":"@百搭狐叔 @万德福焦 这………哎…",
"mid":"yCTjDs2er",
"date":"2012-09-21 13:38:12"
},
{
"kids":[
"yCTl5zrKk"
],
"uid":"2071850601",
"parent":"",
"text":"难度高~@你吃冰糕我吃棍 @璐姐的小跟班",
"mid":"yCTiXvpEZ",
"date":"2012-09-21 13:36:32"
},
{
"kids":[
"yCUa6fIXz",
"yCTpgrOrQ"
],
"uid":"1845318835",
"parent":"yCT87g78L",
"text":"搞基+后入 能再邪恶点么，",
"mid":"yCTiB6g9v",
"date":"2012-09-21 13:35:38"
},
{
"kids":[],
"uid":"2311812912",
"parent":"",
"text":"[汗]",
"mid":"yCTgQBstd",
"date":"2012-09-21 13:31:20"
},
{
"kids":[],
"uid":"1722881534",
"parent":"",
"text":"@Ma-Sk熊 貌似是真的噢。。。基友的国度：爱尔兰",
"mid":"yCTgP90oX",
"date":"2012-09-21 13:31:15"
},
{
"kids":[],
"uid":"1777003937",
"parent":"",
"text":"@Mr-ZeP",
"mid":"yCTghsvns",
"date":"2012-09-21 13:29:56"
},
{
"kids":[],
"uid":"1231989051",
"parent":"",
"text":"",
"mid":"yCTgflykS",
"date":"2012-09-21 13:29:51"
},
{
"kids":[],
"uid":"1849337445",
"parent":"",
"text":"亮瞎了我的眼",
"mid":"yCTg82erX",
"date":"2012-09-21 13:29:32"
},
{
"kids":[],
"uid":"awsa333",
"parent":"",
"text":"到底是什么？",
"mid":"yCTg3eF9V",
"date":"2012-09-21 13:29:22"
},
{
"kids":[],
"uid":"sherryleslie",
"parent":"yCT1adWyD",
"text":"[哈哈][哈哈]",
"mid":"yCTf51ckM",
"date":"2012-09-21 13:26:58"
},
{
"kids":[],
"uid":"1933126053",
"parent":"yCT4ABOKA",
"text":"嚓嚓！快来围观！@请叫我宽屏脸 @陳_一点点 @菊一筷子",
"mid":"yCTeyvy3i",
"date":"2012-09-21 13:25:41"
},
{
"kids":[
"yCTHp4sXC",
"yCTlc757O"
],
"uid":"dongadan",
"parent":"",
"text":"飞基...",
"mid":"yCTekjuSv",
"date":"2012-09-21 13:25:08"
},
{
"kids":[
"yCUbYEawi",
"yCUbYDvjE"
],
"uid":"1823326661",
"parent":"",
"text":"",
"mid":"yCTdRmIUe",
"date":"2012-09-21 13:23:56"
},
{
"kids":[],
"uid":"situlierkulali",
"parent":"",
"text":"我发现我们学艺术的，技术不成问题，投稿老是不通过的原因其实是我们缺少发现内涵的眼光了[黑线]",
"mid":"yCTdBFLNU",
"date":"2012-09-21 13:23:19"
},
{
"kids":[],
"uid":"2695264003",
"parent":"",
"text":"",
"mid":"yCTd3pZdJ",
"date":"2012-09-21 13:21:59"
},
{
"kids":[],
"uid":"1322056515",
"parent":"",
"text":"[偷笑]",
"mid":"yCTcolkjt",
"date":"2012-09-21 13:20:19"
},
{
"kids":[],
"uid":"xiang1205",
"parent":"",
"text":"我擦！好帅！",
"mid":"yCTceA3jI",
"date":"2012-09-21 13:19:57"
},
{
"kids":[],
"uid":"1752702463",
"parent":"",
"text":"@童鞋_Nichkhun有你真好 哈哈",
"mid":"yCTbubuEY",
"date":"2012-09-21 13:18:07"
},
{
"kids":[],
"uid":"1812867655",
"parent":"",
"text":"",
"mid":"yCTb27JJs",
"date":"2012-09-21 13:17:00"
},
{
"kids":[],
"uid":"2707886693",
"parent":"yCShS6Nu3",
"text":"",
"mid":"yCTaUrDnP",
"date":"2012-09-21 13:16:43"
},
{
"kids":[],
"uid":"1819942971",
"parent":"yCRofpSXo",
"text":"[挖鼻屎]",
"mid":"yCTatz3vr",
"date":"2012-09-21 13:15:37"
},
{
"kids":[],
"uid":"2163529243",
"parent":"",
"text":"",
"mid":"yCTa9bHCn",
"date":"2012-09-21 13:14:48"
},
{
"kids":[],
"uid":"herospace",
"parent":"",
"text":"一个提着行李箱的男子在跳水时被右手拿着竖琴的男子爆菊了",
"mid":"yCT9RrELX",
"date":"2012-09-21 13:14:07"
},
{
"kids":[],
"uid":"1884318850",
"parent":"",
"text":"[哈哈]是邪恶了！",
"mid":"yCT9IzDia",
"date":"2012-09-21 13:13:46"
},
{
"kids":[],
"uid":"sw0731",
"parent":"",
"text":"yd无处不在[嘻嘻]",
"mid":"yCT9ye3iy",
"date":"2012-09-21 13:13:21"
},
{
"kids":[],
"uid":"2173098804",
"parent":"",
"text":"",
"mid":"yCT9iy5Hr",
"date":"2012-09-21 13:12:44"
},
{
"kids":[
"yCTz59wZu",
"yCTiB6g9v"
],
"uid":"2205617561",
"parent":"yCT0x9jut",
"text":"哇靠~太雷了~",
"mid":"yCT87g78L",
"date":"2012-09-21 13:09:47"
},
{
"kids":[],
"uid":"2401644723",
"parent":"",
"text":"[good]",
"mid":"yCT836EFI",
"date":"2012-09-21 13:09:39"
},
{
"kids":[],
"uid":"1669141390",
"parent":"",
"text":"[哈哈][哈哈]",
"mid":"yCT7UhsQR",
"date":"2012-09-21 13:09:18"
},
{
"kids":[],
"uid":"1871842561",
"parent":"",
"text":"这是为什么@阿达阿达是也",
"mid":"yCT7TodEl",
"date":"2012-09-21 13:09:16"
},
{
"kids":[],
"uid":"1007743514",
"parent":"",
"text":"好吧！我承认我邪恶了[嘻嘻]",
"mid":"yCT7R2w9k",
"date":"2012-09-21 13:09:08"
},
{
"kids":[],
"uid":"2409415052",
"parent":"",
"text":"[威武]",
"mid":"yCT7L8Z9p",
"date":"2012-09-21 13:08:55"
},
{
"kids":[],
"uid":"akb48acg",
"parent":"",
"text":"。。。",
"mid":"yCT7JmuHN",
"date":"2012-09-21 13:08:50"
},
{
"kids":[],
"uid":"lihuai1982",
"parent":"yCSXsfplB",
"text":"俩男的？？？？",
"mid":"yCT7zA3Qh",
"date":"2012-09-21 13:08:27"
},
{
"kids":[],
"uid":"1868690742",
"parent":"",
"text":"这也太明显了吧！",
"mid":"yCT7rzZ7W",
"date":"2012-09-21 13:08:10"
},
{
"kids":[],
"uid":"1730286364",
"parent":"yCScHcTid",
"text":"我承认我也邪恶了.......",
"mid":"yCT7m1NIJ",
"date":"2012-09-21 13:07:56"
},
{
"kids":[],
"uid":"tsaijianmin",
"parent":"",
"text":"恩…没看懂 我是小清新",
"mid":"yCT7gnycY",
"date":"2012-09-21 13:07:43"
},
{
"kids":[],
"uid":"1569434352",
"parent":"",
"text":"",
"mid":"yCT7bkJNl",
"date":"2012-09-21 13:07:31"
},
{
"kids":[],
"uid":"1987683144",
"parent":"",
"text":"[得意地笑]不敢直视",
"mid":"yCT740975",
"date":"2012-09-21 13:07:12"
},
{
"kids":[],
"uid":"2203577953",
"parent":"",
"text":"哈哈",
"mid":"yCT6Wyj9A",
"date":"2012-09-21 13:06:56"
},
{
"kids":[],
"uid":"2794122022",
"parent":"",
"text":"",
"mid":"yCT6V87qC",
"date":"2012-09-21 13:06:51"
},
{
"kids":[],
"uid":"2827617481",
"parent":"",
"text":"",
"mid":"yCT6UeS6K",
"date":"2012-09-21 13:06:50"
},
{
"kids":[],
"uid":"1955511480",
"parent":"yCSZOd1sJ",
"text":"嗯嗯",
"mid":"yCT6jB1P5",
"date":"2012-09-21 13:05:24"
},
{
"kids":[],
"uid":"2758121143",
"parent":"",
"text":"太强了～",
"mid":"yCT6g2tHF",
"date":"2012-09-21 13:05:14"
},
{
"kids":[],
"uid":"889ASIA",
"parent":"",
"text":"",
"mid":"yCT6caDhU",
"date":"2012-09-21 13:05:06"
},
{
"kids":[],
"uid":"crazylonly",
"parent":"",
"text":"@舞_掉了一床的毛儿",
"mid":"yCT6bAgYi",
"date":"2012-09-21 13:05:05"
},
{
"kids":[],
"uid":"1763081180",
"parent":"",
"text":"",
"mid":"yCT66AOeB",
"date":"2012-09-21 13:04:52"
},
{
"kids":[],
"uid":"crystalcherryella",
"parent":"",
"text":"爱尔兰某航空公司今早公布的新LOGO",
"mid":"yCT5RuEc6",
"date":"2012-09-21 13:04:16"
},
{
"kids":[],
"uid":"talexu",
"parent":"",
"text":"我想知道他的本意。。",
"mid":"yCT5Q42Vf",
"date":"2012-09-21 13:04:12"
},
{
"kids":[],
"uid":"2346574912",
"parent":"",
"text":"没法不邪恶···",
"mid":"yCT5LABmR",
"date":"2012-09-21 13:04:02"
},
{
"kids":[],
"uid":"z738",
"parent":"",
"text":"我邪恶了…",
"mid":"yCT5usbO4",
"date":"2012-09-21 13:03:21"
},
{
"kids":[],
"uid":"2159665643",
"parent":"",
"text":"@silence宣言",
"mid":"yCT55DPAk",
"date":"2012-09-21 13:02:20"
},
{
"kids":[],
"uid":"2738260362",
"parent":"",
"text":"我承认我也邪恶了[偷笑]",
"mid":"yCT53gU3X",
"date":"2012-09-21 13:02:15"
},
{
"kids":[
"yCTeyvy3i"
],
"uid":"1848014775",
"parent":"",
"text":"太流氓@快乐阿福007 @Akiya无肉不欢",
"mid":"yCT4ABOKA",
"date":"2012-09-21 13:01:07"
},
{
"kids":[],
"uid":"zwei2830",
"parent":"",
"text":"我也邪恶了",
"mid":"yCT43vPNX",
"date":"2012-09-21 12:59:49"
},
{
"kids":[],
"uid":"2074825221",
"parent":"",
"text":"太明显了吧~@Comimo @兔爺高傲的嘲讽脸 @穿袜子的百合",
"mid":"yCT3ZlnyO",
"date":"2012-09-21 12:59:38"
},
{
"kids":[],
"uid":"317982229",
"parent":"yCT0HuunC",
"text":"",
"mid":"yCT39Crc3",
"date":"2012-09-21 12:57:36"
},
{
"kids":[],
"uid":"1062104524",
"parent":"",
"text":"[黑线]",
"mid":"yCT2G8tqQ",
"date":"2012-09-21 12:56:25"
},
{
"kids":[],
"uid":"1757805691",
"parent":"",
"text":"没有官方的解释啊",
"mid":"yCT2u00iZ",
"date":"2012-09-21 12:55:56"
},
{
"kids":[],
"uid":"1418218164",
"parent":"",
"text":"",
"mid":"yCT2sf07K",
"date":"2012-09-21 12:55:52"
},
{
"kids":[],
"uid":"2461422624",
"parent":"",
"text":"",
"mid":"yCT1ScZSM",
"date":"2012-09-21 12:54:24"
},
{
"kids":[],
"uid":"lanmissl",
"parent":"",
"text":"",
"mid":"yCT1FcMnG",
"date":"2012-09-21 12:53:54"
},
{
"kids":[],
"uid":"1613484623",
"parent":"",
"text":"",
"mid":"yCT1EzOfZ",
"date":"2012-09-21 12:53:52"
},
{
"kids":[],
"uid":"1105077497",
"parent":"",
"text":"基情四射！[汗]",
"mid":"yCT1xrVfd",
"date":"2012-09-21 12:53:37"
},
{
"kids":[],
"uid":"redalex",
"parent":"",
"text":"",
"mid":"yCT1r0o6d",
"date":"2012-09-21 12:53:21"
},
{
"kids":[],
"uid":"1874455474",
"parent":"",
"text":"",
"mid":"yCT1ojs1G",
"date":"2012-09-21 12:53:14"
},
{
"kids":[],
"uid":"2250921333",
"parent":"",
"text":"",
"mid":"yCT1n8BQL",
"date":"2012-09-21 12:53:12"
},
{
"kids":[],
"uid":"1834554484",
"parent":"",
"text":"意义在哪里？",
"mid":"yCT1ksSXR",
"date":"2012-09-21 12:53:06"
},
{
"kids":[],
"uid":"kitty3077",
"parent":"",
"text":"",
"mid":"yCT1jkxBk",
"date":"2012-09-21 12:53:01"
},
{
"kids":[
"yCTf51ckM"
],
"uid":"khemma",
"parent":"",
"text":"[哈哈]专日乘客的意思吗？",
"mid":"yCT1adWyD",
"date":"2012-09-21 12:52:39"
},
{
"kids":[],
"uid":"1955040621",
"parent":"",
"text":"",
"mid":"yCT18FMEp",
"date":"2012-09-21 12:52:38"
},
{
"kids":[
"yCUIeiJKm"
],
"uid":"114080540",
"parent":"",
"text":"@迷失嘚猫 瑞安是肿么了？无节操啊~~~",
"mid":"yCT0V6Bon",
"date":"2012-09-21 12:52:06"
},
{
"kids":[],
"uid":"1465592892",
"parent":"",
"text":"邪恶了@奥里安 @待飞的蒲公英ss",
"mid":"yCT0UsLbg",
"date":"2012-09-21 12:52:04"
},
{
"kids":[],
"uid":"1746107053",
"parent":"yCSVA8noZ",
"text":"笑S了",
"mid":"yCT0T0b5g",
"date":"2012-09-21 12:52:01"
},
{
"kids":[],
"uid":"mahua901",
"parent":"",
"text":"飞基",
"mid":"yCT0Rvr3w",
"date":"2012-09-21 12:51:56"
},
{
"kids":[
"yCT39Crc3"
],
"uid":"1737775845",
"parent":"",
"text":"",
"mid":"yCT0HuunC",
"date":"2012-09-21 12:51:33"
},
{
"kids":[
"yCTtRl2MF"
],
"uid":"1352500231",
"parent":"",
"text":"Ryanair光荣上榜。",
"mid":"yCT0GiSPp",
"date":"2012-09-21 12:51:30"
},
{
"kids":[],
"uid":"1801520970",
"parent":"",
"text":"",
"mid":"yCT0DFfH4",
"date":"2012-09-21 12:51:24"
},
{
"kids":[
"yCT87g78L"
],
"uid":"connie0723",
"parent":"",
"text":"那还有其他意思么？",
"mid":"yCT0x9jut",
"date":"2012-09-21 12:51:08"
},
{
"kids":[],
"uid":"2828675540",
"parent":"",
"text":"",
"mid":"yCT0wymph",
"date":"2012-09-21 12:51:06"
},
{
"kids":[],
"uid":"1101013827",
"parent":"",
"text":"",
"mid":"yCT0tkLXN",
"date":"2012-09-21 12:50:59"
},
{
"kids":[
"yCTxcbc9D"
],
"uid":"2450615340",
"parent":"yCSV1h1jd",
"text":"无评论，我找个墙角坏笑去[吃惊]",
"mid":"yCT0n8un8",
"date":"2012-09-21 12:50:44"
},
{
"kids":[],
"uid":"2261661664",
"parent":"",
"text":"我也承认我邪恶了[嘻嘻]",
"mid":"yCT0dBEhA",
"date":"2012-09-21 12:50:21"
},
{
"kids":[
"yDq5kdq8i",
"yDq5kdq5v"
],
"uid":"1831737394",
"parent":"",
"text":"@陈乐乐的小窝 @蛋_蛋1230 @骷栗 @美国霞 @泊泊安",
"mid":"yCT06fNpA",
"date":"2012-09-21 12:50:04"
},
{
"kids":[
"yCT6jB1P5"
],
"uid":"1988159911",
"parent":"",
"text":"潮爆阿",
"mid":"yCSZOd1sJ",
"date":"2012-09-21 12:49:21"
},
{
"kids":[],
"uid":"2242309105",
"parent":"",
"text":"我邪恶了………哈哈[嘻嘻][嘻嘻][嘻嘻][嘻嘻][嘻嘻][嘻嘻]",
"mid":"yCSZC7mlT",
"date":"2012-09-21 12:48:52"
},
{
"kids":[],
"uid":"2639647320",
"parent":"",
"text":"",
"mid":"yCSZrcW4k",
"date":"2012-09-21 12:48:26"
},
{
"kids":[],
"uid":"1202798222",
"parent":"",
"text":"",
"mid":"yCSZnDFdS",
"date":"2012-09-21 12:48:16"
},
{
"kids":[],
"uid":"justneverknow",
"parent":"",
"text":"",
"mid":"yCSZf5Gb1",
"date":"2012-09-21 12:47:56"
},
{
"kids":[],
"uid":"319997588",
"parent":"",
"text":"这个LOGO绝对可以的！！！",
"mid":"yCSZd1S1y",
"date":"2012-09-21 12:47:50"
},
{
"kids":[],
"uid":"inick1314",
"parent":"",
"text":"。。邪恶了",
"mid":"yCSZcpWdm",
"date":"2012-09-21 12:47:51"
},
{
"kids":[],
"uid":"2177473422",
"parent":"",
"text":"",
"mid":"yCSYU6YwQ",
"date":"2012-09-21 12:47:06"
},
{
"kids":[],
"uid":"1718140063",
"parent":"",
"text":".......",
"mid":"yCSYSDbyX",
"date":"2012-09-21 12:47:03"
},
{
"kids":[],
"uid":"ifreyr",
"parent":"yCSV1h1jd",
"text":"恶搞PS的那位比较邪恶[偷笑]",
"mid":"yCSYPFQ9G",
"date":"2012-09-21 12:46:56"
},
{
"kids":[],
"uid":"cng1122",
"parent":"",
"text":"",
"mid":"yCSYteoUC",
"date":"2012-09-21 12:46:03"
},
{
"kids":[],
"uid":"1444830837",
"parent":"",
"text":"不邪恶也难",
"mid":"yCSYniiWF",
"date":"2012-09-21 12:45:49"
},
{
"kids":[],
"uid":"316665202",
"parent":"",
"text":"@Kiiroitori_Orz_ @Nicoleadd @派大星丶忌廉沟鲜奶",
"mid":"yCSXH48hA",
"date":"2012-09-21 12:44:07"
},
{
"kids":[],
"uid":"2437010892",
"parent":"",
"text":"",
"mid":"yCSXu3Ahn",
"date":"2012-09-21 12:43:36"
},
{
"kids":[
"yCT7zA3Qh"
],
"uid":"1897663844",
"parent":"",
"text":"太邪恶了",
"mid":"yCSXsfplB",
"date":"2012-09-21 12:43:32"
},
{
"kids":[],
"uid":"1850821782",
"parent":"",
"text":"come here @冰河iceriver have a fun~~",
"mid":"yCSXrFrPC",
"date":"2012-09-21 12:43:32"
},
{
"kids":[],
"uid":"2297623050",
"parent":"",
"text":"看了邪恶的去面壁！我现在去了……",
"mid":"yCSXqdkrG",
"date":"2012-09-21 12:43:26"
},
{
"kids":[],
"uid":"past880324",
"parent":"",
"text":"我会找个天使替我去捅你。。。。[汗][汗][汗][汗]",
"mid":"yCSXkAfxR",
"date":"2012-09-21 12:43:15"
},
{
"kids":[],
"uid":"2183537567",
"parent":"",
"text":"@默默的样子",
"mid":"yCSX0cTKc",
"date":"2012-09-21 12:42:26"
},
{
"kids":[],
"uid":"1658152172",
"parent":"",
"text":"",
"mid":"yCSWY8NKP",
"date":"2012-09-21 12:42:21"
},
{
"kids":[],
"uid":"2260332860",
"parent":"",
"text":"",
"mid":"yCSWR4n3l",
"date":"2012-09-21 12:42:02"
},
{
"kids":[],
"uid":"umeandher",
"parent":"",
"text":"介难道4传说中灰机颠簸时可以抱空姐滴外国版续集？！。。。[挖鼻屎]",
"mid":"yCSWDaUJE",
"date":"2012-09-21 12:41:31"
},
{
"kids":[
"yCT0T0b5g"
],
"uid":"dcwjacky",
"parent":"yCSlPnf8y",
"text":"[偷笑][音乐]菊花残 满地伤 你的笑容已泛黄[音乐]",
"mid":"yCSVA8noZ",
"date":"2012-09-21 12:38:56"
},
{
"kids":[],
"uid":"2958891332",
"parent":"",
"text":"",
"mid":"yCSVzxPQI",
"date":"2012-09-21 12:38:54"
},
{
"kids":[],
"uid":"1095710271",
"parent":"",
"text":"",
"mid":"yCSVs8GDy",
"date":"2012-09-21 12:38:35"
},
{
"kids":[],
"uid":"1136793825",
"parent":"",
"text":"我想多了[挖鼻屎][挖鼻屎]",
"mid":"yCSVgji84",
"date":"2012-09-21 12:38:08"
},
{
"kids":[],
"uid":"1267470337",
"parent":"",
"text":"呵呵",
"mid":"yCSV28pBI",
"date":"2012-09-21 12:37:34"
},
{
"kids":[
"yCT0n8un8",
"yCSYPFQ9G"
],
"uid":"1944870721",
"parent":"",
"text":"[阴险][阴险]",
"mid":"yCSV1h1jd",
"date":"2012-09-21 12:37:33"
},
{
"kids":[],
"uid":"1907661463",
"parent":"",
"text":"",
"mid":"yCSUX6Uut",
"date":"2012-09-21 12:37:23"
},
{
"kids":[],
"uid":"1687313120",
"parent":"",
"text":"",
"mid":"yCSUVml8q",
"date":"2012-09-21 12:37:20"
},
{
"kids":[],
"uid":"1684592455",
"parent":"",
"text":"",
"mid":"yCSSTtVW5",
"date":"2012-09-21 12:32:20"
},
{
"kids":[],
"uid":"2623951623",
"parent":"yCREwwowx",
"text":"好那个的",
"mid":"yCSOOwZz5",
"date":"2012-09-21 12:22:15"
},
{
"kids":[],
"uid":"2173187147",
"parent":"",
"text":"",
"mid":"yCSOty0OB",
"date":"2012-09-21 12:21:26"
},
{
"kids":[],
"uid":"ceairit",
"parent":"yCShS6Nu3",
"text":"瑞安航空",
"mid":"yCSOt0rlj",
"date":"2012-09-21 12:21:22"
},
{
"kids":[],
"uid":"2052959665",
"parent":"",
"text":"",
"mid":"yCSNZ6jeo",
"date":"2012-09-21 12:20:14"
},
{
"kids":[],
"uid":"2344624535",
"parent":"yCShS6Nu3",
"text":"！！",
"mid":"yCSMG8bSL",
"date":"2012-09-21 12:16:59"
},
{
"kids":[],
"uid":"1992190237",
"parent":"yCSrba5YD",
"text":"额[吃惊][吃惊] 这谁的创意啊[挖鼻屎]",
"mid":"yCSMpBaks",
"date":"2012-09-21 12:16:21"
},
{
"kids":[],
"uid":"1805198934",
"parent":"",
"text":"",
"mid":"yCSMmDPdj",
"date":"2012-09-21 12:16:14"
},
{
"kids":[],
"uid":"breezyseason",
"parent":"",
"text":"[思考] 好想好想知道这LOGO原创者的构思理念。",
"mid":"yCSKv8C4y",
"date":"2012-09-21 12:11:37"
},
{
"kids":[],
"uid":"2199199584",
"parent":"yCShS6Nu3",
"text":"",
"mid":"yCSIlgwgv",
"date":"2012-09-21 12:06:19"
},
{
"kids":[
"yCTuukxfY"
],
"uid":"313922258",
"parent":"yCSBbr89Q",
"text":"除了那个意思，我真的想不出这图还能代表点别的什么",
"mid":"yCSGrBRYO",
"date":"2012-09-21 12:01:39"
},
{
"kids":[],
"uid":"2194814257",
"parent":"",
"text":"我承认 我也邪恶了- -",
"mid":"yCSCpFRkU",
"date":"2012-09-21 11:51:41"
},
{
"kids":[],
"uid":"2115702453",
"parent":"",
"text":"我没话说…[汗]",
"mid":"yCSCfzezD",
"date":"2012-09-21 11:51:19"
},
{
"kids":[
"yCSGrBRYO"
],
"uid":"zhangbo0116",
"parent":"yCShS6Nu3",
"text":"这是什么创意",
"mid":"yCSBbr89Q",
"date":"2012-09-21 11:48:41"
},
{
"kids":[],
"uid":"1893840853",
"parent":"",
"text":"[黑线][黑线][黑线]",
"mid":"yCSB3aL36",
"date":"2012-09-21 11:48:21"
},
{
"kids":[],
"uid":"mayi0324",
"parent":"yCRFq2Kka",
"text":"趴着的人应该画些头发",
"mid":"yCSAUzcsH",
"date":"2012-09-21 11:48:01"
},
{
"kids":[],
"uid":"timcindy",
"parent":"",
"text":"我承认我想多了.....",
"mid":"yCSACxVyw",
"date":"2012-09-21 11:47:18"
},
{
"kids":[],
"uid":"2264766935",
"parent":"",
"text":"我承认我邪恶了[嘻嘻]",
"mid":"yCSyBgMqV",
"date":"2012-09-21 11:42:19"
},
{
"kids":[],
"uid":"2291576993",
"parent":"",
"text":"爱尔兰的性观念很开放",
"mid":"yCSx2EbKP",
"date":"2012-09-21 11:38:28"
},
{
"kids":[],
"uid":"zhouhuili",
"parent":"",
"text":"请告诉我如何正确解读？[衰][思考]",
"mid":"yCSwZ4ArX",
"date":"2012-09-21 11:38:18"
},
{
"kids":[],
"uid":"572779963",
"parent":"yCO3dvXmO",
"text":"[汗][汗][汗][汗][汗]",
"mid":"yCSwS1gBY",
"date":"2012-09-21 11:38:02"
},
{
"kids":[],
"uid":"wjwtqy",
"parent":"",
"text":"我也邪恶了。。。除了邪恶的方面。。实在想不出这图还有什么意义。。。",
"mid":"yCSv0sW4X",
"date":"2012-09-21 11:33:28"
},
{
"kids":[],
"uid":"2042271762",
"parent":"",
"text":"噗……",
"mid":"yCSuoli31",
"date":"2012-09-21 11:31:58"
},
{
"kids":[],
"uid":"2433917974",
"parent":"yCShS6Nu3",
"text":"",
"mid":"yCSumjr9k",
"date":"2012-09-21 11:31:52"
},
{
"kids":[],
"uid":"2254491910",
"parent":"",
"text":"",
"mid":"yCStxbQ84",
"date":"2012-09-21 11:29:50"
},
{
"kids":[],
"uid":"muxi99",
"parent":"",
"text":"太特么邪恶了",
"mid":"yCSti6Dsk",
"date":"2012-09-21 11:29:13"
},
{
"kids":[],
"uid":"2092860323",
"parent":"",
"text":"",
"mid":"yCSsPqsMG",
"date":"2012-09-21 11:28:05"
},
{
"kids":[],
"uid":"2066837083",
"parent":"",
"text":"飞机上，这……",
"mid":"yCSsP75r0",
"date":"2012-09-21 11:28:05"
},
{
"kids":[],
"uid":"2148352432",
"parent":"yCSmGwRbB",
"text":"额。。。[汗]",
"mid":"yCSsKpVUz",
"date":"2012-09-21 11:27:54"
},
{
"kids":[],
"uid":"syglsy",
"parent":"",
"text":"我承认我邪恶了[嘻嘻]",
"mid":"yCSsBgj7e",
"date":"2012-09-21 11:27:32"
},
{
"kids":[],
"uid":"2082703555",
"parent":"",
"text":"太有想象力了。。。",
"mid":"yCSsgxsq3",
"date":"2012-09-21 11:26:43"
},
{
"kids":[],
"uid":"daxianghuihui",
"parent":"",
"text":"",
"mid":"yCSs26r7C",
"date":"2012-09-21 11:26:06"
},
{
"kids":[],
"uid":"571225564",
"parent":"",
"text":"[衰]",
"mid":"yCSrPDWsi",
"date":"2012-09-21 11:25:39"
},
{
"kids":[],
"uid":"sjway",
"parent":"",
"text":"[黑线]",
"mid":"yCSrN27OC",
"date":"2012-09-21 11:25:31"
},
{
"kids":[],
"uid":"111985417",
"parent":"",
"text":"我承认我也邪恶了～～",
"mid":"yCSrnzAuE",
"date":"2012-09-21 11:24:32"
},
{
"kids":[],
"uid":"ltgema",
"parent":"",
"text":"怎么办,挥之不去,已经看不到原本的形状了orz...",
"mid":"yCSrhpxJt",
"date":"2012-09-21 11:24:17"
},
{
"kids":[],
"uid":"2874483730",
"parent":"",
"text":"这……",
"mid":"yCSrcCxii",
"date":"2012-09-21 11:24:06"
},
{
"kids":[
"yCSMpBaks"
],
"uid":"princessxixi422",
"parent":"yCSpHjB0v",
"text":"这。。。不纯洁的转发了~捂脸~[害羞][害羞][害羞] @莎莎917  @nanaayu",
"mid":"yCSrba5YD",
"date":"2012-09-21 11:24:02"
},
{
"kids":[],
"uid":"2019850695",
"parent":"",
"text":"",
"mid":"yCSra2pos",
"date":"2012-09-21 11:23:59"
},
{
"kids":[],
"uid":"kuangzhiyuan",
"parent":"",
"text":"Fly with me~~",
"mid":"yCSr1anHq",
"date":"2012-09-21 11:23:38"
},
{
"kids":[],
"uid":"1225102731",
"parent":"",
"text":"",
"mid":"yCSqIexAl",
"date":"2012-09-21 11:22:51"
},
{
"kids":[],
"uid":"2307128437",
"parent":"",
"text":"",
"mid":"yCSqxA1qR",
"date":"2012-09-21 11:22:28"
},
{
"kids":[],
"uid":"1763622433",
"parent":"yCShS6Nu3",
"text":"",
"mid":"yCSqplGlp",
"date":"2012-09-21 11:22:08"
},
{
"kids":[],
"uid":"2693748407",
"parent":"",
"text":"无法不邪恶",
"mid":"yCSqbomfz",
"date":"2012-09-21 11:21:35"
},
{
"kids":[],
"uid":"2010764301",
"parent":"",
"text":"昨天没有仔细看，今天才看明白了",
"mid":"yCSpKgW3w",
"date":"2012-09-21 11:20:30"
},
{
"kids":[
"yCSrba5YD"
],
"uid":"joriagu",
"parent":"",
"text":"@夕大人 @Missa丶小懒纱",
"mid":"yCSpHjB0v",
"date":"2012-09-21 11:20:23"
},
{
"kids":[],
"uid":"1861368614",
"parent":"",
"text":"哇…啊[不要]",
"mid":"yCSpmyF35",
"date":"2012-09-21 11:19:33"
},
{
"kids":[],
"uid":"superyob1",
"parent":"yCShS6Nu3",
"text":"",
"mid":"yCSoRxYhA",
"date":"2012-09-21 11:18:20"
},
{
"kids":[],
"uid":"alsingioro",
"parent":"yCShS6Nu3",
"text":"受腐国影响很深啊",
"mid":"yCSoKdckc",
"date":"2012-09-21 11:18:01"
},
{
"kids":[],
"uid":"2256859383",
"parent":"yCSlWrLwQ",
"text":"这LOGO很恶心",
"mid":"yCSoDEALa",
"date":"2012-09-21 11:17:46"
},
{
"kids":[],
"uid":"2152468790",
"parent":"",
"text":"",
"mid":"yCSnY336o",
"date":"2012-09-21 11:16:05"
},
{
"kids":[],
"uid":"1580818601",
"parent":"",
"text":"",
"mid":"yCSnAmstB",
"date":"2012-09-21 11:15:11"
},
{
"kids":[],
"uid":"1506164864",
"parent":"yCShS6Nu3",
"text":"无言",
"mid":"yCSnqCe0p",
"date":"2012-09-21 11:14:47"
},
{
"kids":[],
"uid":"0oxiaochujuo0",
"parent":"yCSiv6ma0",
"text":"[汗]",
"mid":"yCSnq3PDS",
"date":"2012-09-21 11:14:46"
},
{
"kids":[],
"uid":"1967672091",
"parent":"",
"text":"",
"mid":"yCSnghOv6",
"date":"2012-09-21 11:14:22"
},
{
"kids":[],
"uid":"2161627952",
"parent":"",
"text":"饿。。。亮了！",
"mid":"yCSmQzJA7",
"date":"2012-09-21 11:13:21"
},
{
"kids":[
"yCSsKpVUz"
],
"uid":"1901141525",
"parent":"yCShS6Nu3",
"text":"节操瞬时又碎一地。。。[害羞]",
"mid":"yCSmGwRbB",
"date":"2012-09-21 11:12:58"
},
{
"kids":[],
"uid":"2164283484",
"parent":"yCShS6Nu3",
"text":"",
"mid":"yCSm0yCcX",
"date":"2012-09-21 11:11:18"
},
{
"kids":[
"yCSoDEALa"
],
"uid":"1867905377",
"parent":"yCShS6Nu3",
"text":"[挖鼻屎]",
"mid":"yCSlWrLwQ",
"date":"2012-09-21 11:11:07"
},
{
"kids":[],
"uid":"1888252657",
"parent":"",
"text":"",
"mid":"yCSlWbaTf",
"date":"2012-09-21 11:11:07"
},
{
"kids":[],
"uid":"xiuxiangou",
"parent":"yCShS6Nu3",
"text":"http:",
"mid":"yCSlVgUQl",
"date":"2012-09-21 11:11:05"
},
{
"kids":[
"yCSVA8noZ"
],
"uid":"gxhdingding",
"parent":"",
"text":"[黑线]这是什么 logo啊！",
"mid":"yCSlPnf8y",
"date":"2012-09-21 11:10:51"
},
{
"kids":[],
"uid":"xingxingfu",
"parent":"yCShS6Nu3",
"text":"这姿势……",
"mid":"yCSlKBa6k",
"date":"2012-09-21 11:10:40"
},
{
"kids":[],
"uid":"1068352580",
"parent":"",
"text":"",
"mid":"yCSlH5QBo",
"date":"2012-09-21 11:10:31"
},
{
"kids":[],
"uid":"1111233285",
"parent":"yCShS6Nu3",
"text":"",
"mid":"yCSlmmpv3",
"date":"2012-09-21 11:09:42"
},
{
"kids":[],
"uid":"1771194025",
"parent":"",
"text":"[汗]这人设计的~~",
"mid":"yCSjE3aYl",
"date":"2012-09-21 11:05:28"
},
{
"kids":[
"yCWcv2juz"
],
"uid":"2684839943",
"parent":"",
"text":"我擦！",
"mid":"yCSjwCyxm",
"date":"2012-09-21 11:05:12"
},
{
"kids":[],
"uid":"2443423157",
"parent":"yCShS6Nu3",
"text":"男同专线么？@那我就叫不高兴 @Snow_QY @大火柴1984 @多多DE父亲 @曾经范特C @lpts1 @lvchx @TT_leeleo @能咋",
"mid":"yCSj1AGlO",
"date":"2012-09-21 11:03:57"
},
{
"kids":[
"yDg6y97Hj"
],
"uid":"1693125520",
"parent":"yCShS6Nu3",
"text":"我也邪恶了@婧cqj",
"mid":"yCSiUtVdO",
"date":"2012-09-21 11:03:40"
},
{
"kids":[],
"uid":"2171926323",
"parent":"yCShS6Nu3",
"text":"",
"mid":"yCSiIobal",
"date":"2012-09-21 11:03:11"
},
{
"kids":[
"yCSnq3PDS"
],
"uid":"2632767753",
"parent":"",
"text":"承认我邪恶了[嘻嘻]",
"mid":"yCSiv6ma0",
"date":"2012-09-21 11:02:39"
},
{
"kids":[],
"uid":"1506495405",
"parent":"yCShS6Nu3",
"text":"",
"mid":"yCSibAUpc",
"date":"2012-09-21 11:01:53"
},
{
"kids":[],
"uid":"1950979511",
"parent":"yCShS6Nu3",
"text":"",
"mid":"yCSi84mrE",
"date":"2012-09-21 11:01:44"
},
{
"kids":[],
"uid":"527047123",
"parent":"",
"text":"我承认我邪恶了[嘻嘻]",
"mid":"yCShZdpo0",
"date":"2012-09-21 11:01:23"
},
{
"kids":[
"yCTAWoE9N",
"yCTaUrDnP",
"yCSOt0rlj",
"yCSMG8bSL",
"yCSIlgwgv",
"yCSBbr89Q",
"yCSumjr9k",
"yCSqplGlp",
"yCSoRxYhA",
"yCSoKdckc",
"yCSnqCe0p",
"yCSmGwRbB",
"yCSm0yCcX",
"yCSlWrLwQ",
"yCSlVgUQl",
"yCSlKBa6k",
"yCSlmmpv3",
"yCSj1AGlO",
"yCSiUtVdO",
"yCSiIobal",
"yCSibAUpc",
"yCSi84mrE"
],
"uid":"jdht",
"parent":"",
"text":"我承认我邪恶了[嘻嘻]",
"mid":"yCShS6Nu3",
"date":"2012-09-21 11:01:06"
},
{
"kids":[],
"uid":"2785486654",
"parent":"",
"text":"好吧，到底是允许同性恋结婚的国家，不一样啊。不过，你们好歹也是一个天主教国家。这个，好邪恶啊！",
"mid":"yCSgWsQiw",
"date":"2012-09-21 10:58:48"
},
{
"kids":[],
"uid":"baby9988",
"parent":"",
"text":"看的懂得都很邪恶，我没看懂",
"mid":"yCSgPop1V",
"date":"2012-09-21 10:58:33"
},
{
"kids":[],
"uid":"2262956090",
"parent":"",
"text":"",
"mid":"yCSgnjSCC",
"date":"2012-09-21 10:57:23"
},
{
"kids":[],
"uid":"zhangpeng001",
"parent":"yCRofpSXo",
"text":"@老林头儿",
"mid":"yCSghEzTk",
"date":"2012-09-21 10:57:12"
},
{
"kids":[],
"uid":"1879365154",
"parent":"",
"text":"这能不邪恶么？",
"mid":"yCSg0gMZh",
"date":"2012-09-21 10:56:29"
},
{
"kids":[],
"uid":"2250857830",
"parent":"",
"text":"这是个啥唉？！",
"mid":"yCSfUDHVz",
"date":"2012-09-21 10:56:17"
},
{
"kids":[],
"uid":"neilcaesar",
"parent":"",
"text":"",
"mid":"yCSfM6Pj1",
"date":"2012-09-21 10:55:56"
},
{
"kids":[],
"uid":"lp7th",
"parent":"",
"text":"这",
"mid":"yCSficSnF",
"date":"2012-09-21 10:54:45"
},
{
"kids":[],
"uid":"1740307373",
"parent":"",
"text":"",
"mid":"yCSf8uxFL",
"date":"2012-09-21 10:54:22"
},
{
"kids":[],
"uid":"1067798632",
"parent":"",
"text":"真NB,太邪恶了",
"mid":"yCSeGq19Z",
"date":"2012-09-21 10:53:15"
},
{
"kids":[],
"uid":"2012576745",
"parent":"",
"text":"",
"mid":"yCSeCxFS0",
"date":"2012-09-21 10:53:06"
},
{
"kids":[],
"uid":"2943024047",
"parent":"",
"text":"",
"mid":"yCSdVrH35",
"date":"2012-09-21 10:51:23"
},
{
"kids":[],
"uid":"zhongryan",
"parent":"yCSdjj8Oo",
"text":"WK！上次去北爱差点坐Ryanair的。。。尴尬了。。。",
"mid":"yCSdKcPvm",
"date":"2012-09-21 10:50:56"
},
{
"kids":[
"yCWkGDH2d"
],
"uid":"pig8j",
"parent":"yCS8ScH2H",
"text":"噗哧",
"mid":"yCSdI9S2J",
"date":"2012-09-21 10:50:51"
},
{
"kids":[],
"uid":"2287805983",
"parent":"",
"text":"",
"mid":"yCSdI6sx2",
"date":"2012-09-21 10:50:51"
},
{
"kids":[
"yCSdKcPvm"
],
"uid":"323881204",
"parent":"",
"text":"ryan air哈哈哈哈@钟莱恩",
"mid":"yCSdjj8Oo",
"date":"2012-09-21 10:49:52"
},
{
"kids":[],
"uid":"goiogle",
"parent":"",
"text":"",
"mid":"yCSd3mJvV",
"date":"2012-09-21 10:49:14"
},
{
"kids":[
"yCT7m1NIJ"
],
"uid":"1730474274",
"parent":"",
"text":"噗。。。。。",
"mid":"yCScHcTid",
"date":"2012-09-21 10:48:21"
},
{
"kids":[],
"uid":"208087910",
"parent":"",
"text":"",
"mid":"yCScvF4bV",
"date":"2012-09-21 10:47:54"
},
{
"kids":[],
"uid":"yaibalee",
"parent":"",
"text":"",
"mid":"yCSck9K9Y",
"date":"2012-09-21 10:47:25"
},
{
"kids":[],
"uid":"2463424732",
"parent":"",
"text":"好。。。。奇怪的標誌",
"mid":"yCSbUatEQ",
"date":"2012-09-21 10:46:23"
},
{
"kids":[],
"uid":"messiahlu",
"parent":"",
"text":"",
"mid":"yCSbFCyr9",
"date":"2012-09-21 10:45:50"
},
{
"kids":[],
"uid":"1679476691",
"parent":"",
"text":"这•••挺能整！",
"mid":"yCSaniiqT",
"date":"2012-09-21 10:42:38"
},
{
"kids":[],
"uid":"xiuchangdeying",
"parent":"",
"text":"",
"mid":"yCS9zEkXu",
"date":"2012-09-21 10:40:40"
},
{
"kids":[],
"uid":"1232171957",
"parent":"yCRofpSXo",
"text":"我承认我邪恶了[嘻嘻]",
"mid":"yCS90ui73",
"date":"2012-09-21 10:39:16"
},
{
"kids":[
"yCSdI9S2J"
],
"uid":"1792942850",
"parent":"yCRwj7zlu",
"text":"呃……",
"mid":"yCS8ScH2H",
"date":"2012-09-21 10:38:56"
},
{
"kids":[],
"uid":"2347274517",
"parent":"",
"text":"@孙晨帆_ @格格巫没有爱情 @长头发小姐的梦Alva-5 @超喜欢李李李",
"mid":"yCS5ye3OQ",
"date":"2012-09-21 10:30:45"
},
{
"kids":[
"yD0guhvIc",
"yD0gugUtp",
"yCYp0d28l",
"yCYp0cHhR"
],
"uid":"2169055847",
"parent":"",
"text":"真的不想这样不行啊",
"mid":"yCS4KBtF5",
"date":"2012-09-21 10:28:47"
},
{
"kids":[],
"uid":"xiaoxiangxingxing",
"parent":"",
"text":"哈哈哈@一时注一事 @",
"mid":"yCS32e5s0",
"date":"2012-09-21 10:24:32"
},
{
"kids":[],
"uid":"1645629804",
"parent":"yCRtmqkkq",
"text":"",
"mid":"yCS1JezJw",
"date":"2012-09-21 10:21:18"
},
{
"kids":[],
"uid":"2269293307",
"parent":"",
"text":"",
"mid":"yCS1tBX3r",
"date":"2012-09-21 10:20:41"
},
{
"kids":[],
"uid":"shuiyinyoudu",
"parent":"yCRDBdGhA",
"text":"",
"mid":"yCS15o1LY",
"date":"2012-09-21 10:19:44"
},
{
"kids":[],
"uid":"irischan8181130",
"parent":"",
"text":"[偷笑][偷笑]",
"mid":"yCS0QgIuv",
"date":"2012-09-21 10:19:07"
},
{
"kids":[],
"uid":"shenyaxu",
"parent":"",
"text":"[汗]",
"mid":"yCS0K7riG",
"date":"2012-09-21 10:18:54"
},
{
"kids":[],
"uid":"2617803935",
"parent":"",
"text":"我去 。。。这创意",
"mid":"yCS0x6Zs4",
"date":"2012-09-21 10:18:23"
},
{
"kids":[],
"uid":"2521450372",
"parent":"",
"text":"我承认我邪恶了！！[嘻嘻]",
"mid":"yCS05ipPH",
"date":"2012-09-21 10:17:17"
},
{
"kids":[],
"uid":"chensi888",
"parent":"yCRr8tUAc",
"text":"邪恶是正常的！@曹大锅 @MaymayNg",
"mid":"yCRZJbB74",
"date":"2012-09-21 10:16:22"
},
{
"kids":[],
"uid":"1408780570",
"parent":"",
"text":"[gst好羞射]",
"mid":"yCRZ5xXT8",
"date":"2012-09-21 10:14:49"
},
{
"kids":[],
"uid":"oliver19821023",
"parent":"yCRRctpnc",
"text":"。。。。。。",
"mid":"yCRTuFjup",
"date":"2012-09-21 10:01:04"
},
{
"kids":[],
"uid":"somul",
"parent":"",
"text":"[衰]",
"mid":"yCRSfdfoK",
"date":"2012-09-21 09:57:58"
},
{
"kids":[
"yCRTuFjup"
],
"uid":"207778625",
"parent":"",
"text":"……",
"mid":"yCRRctpnc",
"date":"2012-09-21 09:55:24"
},
{
"kids":[],
"uid":"2625808453",
"parent":"",
"text":"",
"mid":"yCRQtiDS1",
"date":"2012-09-21 09:53:36"
},
{
"kids":[],
"uid":"stockton",
"parent":"yCRKLk5oF",
"text":"龙龙好似你啊~趴低个嘅~",
"mid":"yCRQ3BLIM",
"date":"2012-09-21 09:52:35"
},
{
"kids":[],
"uid":"seasoncyp",
"parent":"yCRFLCFdi",
"text":"。。",
"mid":"yCROABu6B",
"date":"2012-09-21 09:48:58"
},
{
"kids":[],
"uid":"utopiakl",
"parent":"",
"text":"蘇基",
"mid":"yCROs3vTB",
"date":"2012-09-21 09:48:36"
},
{
"kids":[],
"uid":"guancl12530",
"parent":"",
"text":"[汗][汗][汗][汗][汗]",
"mid":"yCRNEDTAv",
"date":"2012-09-21 09:46:40"
},
{
"kids":[],
"uid":"2790943153",
"parent":"",
"text":"@Leo_郭纳尼 男男有爱",
"mid":"yCRMP0mh5",
"date":"2012-09-21 09:44:34"
},
{
"kids":[],
"uid":"1179458065",
"parent":"",
"text":"好图…",
"mid":"yCRLWBrgd",
"date":"2012-09-21 09:42:27"
},
{
"kids":[
"yCZ91tyTb",
"yCZ91bXKq",
"yCRQ3BLIM"
],
"uid":"gino422",
"parent":"yCRofpSXo",
"text":"我承认我邪恶了〜@KeyllKatharine @纯种经济适用猫 @NC_aka_gin @十字_线 @大伟的LoveQ @游oQ",
"mid":"yCRKLk5oF",
"date":"2012-09-21 09:39:31"
},
{
"kids":[],
"uid":"2318495342",
"parent":"",
"text":"哪尼[哈哈]这图案",
"mid":"yCRKf6Wc4",
"date":"2012-09-21 09:38:14"
},
{
"kids":[],
"uid":"820733387",
"parent":"yCRtv4R7l",
"text":"基友航空？",
"mid":"yCRJgfIA2",
"date":"2012-09-21 09:35:49"
},
{
"kids":[],
"uid":"2951064410",
"parent":"",
"text":"",
"mid":"yCRIAyRXI",
"date":"2012-09-21 09:34:11"
},
{
"kids":[],
"uid":"2485826317",
"parent":"",
"text":"",
"mid":"yCRIs1pKI",
"date":"2012-09-21 09:33:49"
},
{
"kids":[],
"uid":"2604822904",
"parent":"",
"text":"[赞]",
"mid":"yCRHG9U5P",
"date":"2012-09-21 09:31:56"
},
{
"kids":[],
"uid":"538110120",
"parent":"",
"text":"邪恶了",
"mid":"yCRHds8t4",
"date":"2012-09-21 09:30:48"
},
{
"kids":[],
"uid":"1704777825",
"parent":"yCRFlBfDE",
"text":"[围观]",
"mid":"yCRGI8iir",
"date":"2012-09-21 09:29:33"
},
{
"kids":[],
"uid":"528234801",
"parent":"",
"text":"",
"mid":"yCRGkdtQP",
"date":"2012-09-21 09:28:35"
},
{
"kids":[],
"uid":"2704463205",
"parent":"",
"text":"我也不纯洁了。。。@埖倳沬了",
"mid":"yCRGeymNR",
"date":"2012-09-21 09:28:23"
},
{
"kids":[
"yCROABu6B"
],
"uid":"1807860924",
"parent":"",
"text":"",
"mid":"yCRFLCFdi",
"date":"2012-09-21 09:27:14"
},
{
"kids":[],
"uid":"1203373255",
"parent":"",
"text":"呃，这个确实有点引人YY！@玻璃密 @Yeonza @糯米肥丸子 @Sissi开心",
"mid":"yCRFLl3X3",
"date":"2012-09-21 09:27:12"
},
{
"kids":[],
"uid":"1276576013",
"parent":"",
"text":"激情四射",
"mid":"yCRFqm5Xn",
"date":"2012-09-21 09:26:23"
},
{
"kids":[
"yCSAUzcsH"
],
"uid":"2174890570",
"parent":"",
"text":"好吧，我邪恶了…",
"mid":"yCRFq2Kka",
"date":"2012-09-21 09:26:22"
},
{
"kids":[
"yCRGI8iir"
],
"uid":"1740273451",
"parent":"yCRxnhz9U",
"text":"[衰]我不是故意邪恶的",
"mid":"yCRFlBfDE",
"date":"2012-09-21 09:26:13"
},
{
"kids":[],
"uid":"2664964951",
"parent":"",
"text":"难以超越的强大。。。。",
"mid":"yCRFhvKd6",
"date":"2012-09-21 09:26:02"
},
{
"kids":[],
"uid":"2352603280",
"parent":"",
"text":"",
"mid":"yCRF8kt7b",
"date":"2012-09-21 09:25:39"
},
{
"kids":[],
"uid":"prettyji",
"parent":"",
"text":"[给力][给力]",
"mid":"yCRF5DNmF",
"date":"2012-09-21 09:25:34"
},
{
"kids":[],
"uid":"smilejoanna",
"parent":"",
"text":"哇哦~",
"mid":"yCRELxtF3",
"date":"2012-09-21 09:24:45"
},
{
"kids":[],
"uid":"shanisun",
"parent":"yCRCcjRM9",
"text":"口味真重。。。[汗]",
"mid":"yCREDBlem",
"date":"2012-09-21 09:24:26"
},
{
"kids":[
"yCSOOwZz5"
],
"uid":"eastadong",
"parent":"yCRCcjRM9",
"text":"好吧 我承认 我笑了 我邪恶 [哈哈][哈哈][哈哈]",
"mid":"yCREwwowx",
"date":"2012-09-21 09:24:10"
},
{
"kids":[],
"uid":"1768570144",
"parent":"",
"text":"[xb压力]",
"mid":"yCREpqisM",
"date":"2012-09-21 09:23:53"
},
{
"kids":[],
"uid":"1676632075",
"parent":"",
"text":"需要很好的平衡力！",
"mid":"yCRE7pfFb",
"date":"2012-09-21 09:23:10"
},
{
"kids":[],
"uid":"1934180613",
"parent":"",
"text":"无法不邪恶呢",
"mid":"yCRE3wo41",
"date":"2012-09-21 09:23:00"
},
{
"kids":[
"yCS15o1LY"
],
"uid":"leo2856",
"parent":"yCRofpSXo",
"text":"",
"mid":"yCRDBdGhA",
"date":"2012-09-21 09:21:53"
},
{
"kids":[],
"uid":"531024345",
"parent":"",
"text":"",
"mid":"yCRDhE2iQ",
"date":"2012-09-21 09:21:07"
},
{
"kids":[],
"uid":"2370110735",
"parent":"yCRofpSXo",
"text":"",
"mid":"yCRCUCp6h",
"date":"2012-09-21 09:20:12"
},
{
"kids":[],
"uid":"lokychung",
"parent":"",
"text":"p的不错！",
"mid":"yCRCAgMgF",
"date":"2012-09-21 09:19:22"
},
{
"kids":[
"yCREDBlem",
"yCREwwowx"
],
"uid":"1845401334",
"parent":"yCOlRsbhs",
"text":"[吃惊][汗][汗][汗]",
"mid":"yCRCcjRM9",
"date":"2012-09-21 09:18:26"
},
{
"kids":[],
"uid":"1980559963",
"parent":"yCRBkefcU",
"text":"。。。",
"mid":"yCRC9EK6u",
"date":"2012-09-21 09:18:20"
},
{
"kids":[
"yCRC9EK6u"
],
"uid":"2436043237",
"parent":"yCRofpSXo",
"text":"",
"mid":"yCRBkefcU",
"date":"2012-09-21 09:16:17"
},
{
"kids":[],
"uid":"crazybus",
"parent":"yCRofpSXo",
"text":"",
"mid":"yCRBirLmz",
"date":"2012-09-21 09:16:13"
},
{
"kids":[],
"uid":"1993021872",
"parent":"yCRofpSXo",
"text":"",
"mid":"yCRAMv4Nc",
"date":"2012-09-21 09:14:57"
},
{
"kids":[],
"uid":"1409646082",
"parent":"yCRsSBfuI",
"text":"牛啊",
"mid":"yCRzo020i",
"date":"2012-09-21 09:11:29"
},
{
"kids":[],
"uid":"dulannar",
"parent":"",
"text":"[哈哈][哈哈][哈哈][哈哈]@Hoorhon @SLMOQM @你叫我去巡山",
"mid":"yCRyKDJ0L",
"date":"2012-09-21 09:09:56"
},
{
"kids":[],
"uid":"2597729794",
"parent":"yCRsFlJti",
"text":"右边亮了",
"mid":"yCRyICqre",
"date":"2012-09-21 09:09:51"
},
{
"kids":[],
"uid":"1228176012",
"parent":"yCRcth3aG",
"text":"",
"mid":"yCRyiiFPu",
"date":"2012-09-21 09:08:49"
},
{
"kids":[],
"uid":"1312678923",
"parent":"yCRofpSXo",
"text":"我不相信有人不邪恶，除非装逼的",
"mid":"yCRy2EwDw",
"date":"2012-09-21 09:08:12"
},
{
"kids":[],
"uid":"2193320844",
"parent":"yCRofpSXo",
"text":"这样真的没问题么。。。",
"mid":"yCRxBb0mD",
"date":"2012-09-21 09:07:05"
},
{
"kids":[
"yCRFlBfDE"
],
"uid":"fiossoso",
"parent":"yCRoQmk5m",
"text":"[衰]我不是故意邪恶的",
"mid":"yCRxnhz9U",
"date":"2012-09-21 09:06:33"
},
{
"kids":[],
"uid":"nicodenny",
"parent":"yCRofpSXo",
"text":"爱尔兰好奔放[嘻嘻]",
"mid":"yCRxhFbIE",
"date":"2012-09-21 09:06:20"
},
{
"kids":[],
"uid":"1806711254",
"parent":"",
"text":"我觉得我挺XE[花心]",
"mid":"yCRx1nMrE",
"date":"2012-09-21 09:05:42"
},
{
"kids":[
"yCS8ScH2H"
],
"uid":"yuikure",
"parent":"yCRr1EbXT",
"text":"[黑线]",
"mid":"yCRwj7zlu",
"date":"2012-09-21 09:03:55"
},
{
"kids":[],
"uid":"1792855432",
"parent":"yCRofpSXo",
"text":"",
"mid":"yCRw9kvzo",
"date":"2012-09-21 09:03:32"
},
{
"kids":[],
"uid":"1632126005",
"parent":"yCRtgxVON",
"text":"新LOGO更好的反应了这航空公司什么样的价值呢？哇哈哈……",
"mid":"yCRu6hOFb",
"date":"2012-09-21 08:58:29"
},
{
"kids":[],
"uid":"wxhndd1314",
"parent":"yCRofpSXo",
"text":"我又邪恶了",
"mid":"yCRu0E0iF",
"date":"2012-09-21 08:58:16"
},
{
"kids":[],
"uid":"2026954591",
"parent":"yCRofpSXo",
"text":"天才设计师！",
"mid":"yCRtMsYfd",
"date":"2012-09-21 08:57:41"
},
{
"kids":[],
"uid":"2559748950",
"parent":"yCRsSBfuI",
"text":"呃，看这个LOGO，我想歪了。。。",
"mid":"yCRtMbmWv",
"date":"2012-09-21 08:57:41"
},
{
"kids":[],
"uid":"richardfei",
"parent":"yCRofpSXo",
"text":"[衰]",
"mid":"yCRtGxFYs",
"date":"2012-09-21 08:57:28"
},
{
"kids":[],
"uid":"1686454882",
"parent":"",
"text":"mark",
"mid":"yCRtF3uN9",
"date":"2012-09-21 08:57:24"
},
{
"kids":[
"yCRJgfIA2"
],
"uid":"919850909",
"parent":"yCRsSBfuI",
"text":"太邪恶了。。。",
"mid":"yCRtv4R7l",
"date":"2012-09-21 08:57:00"
},
{
"kids":[
"yCS1JezJw"
],
"uid":"1611720433",
"parent":"yCRofpSXo",
"text":"我承认我邪恶了[嘻嘻]@禅糖 @七小爱 @三疯同学 @皮蛋的明天",
"mid":"yCRtmqkkq",
"date":"2012-09-21 08:56:41"
},
{
"kids":[
"yCRu6hOFb"
],
"uid":"2696471200",
"parent":"yCRofpSXo",
"text":"",
"mid":"yCRtgxVON",
"date":"2012-09-21 08:56:26"
},
{
"kids":[],
"uid":"hp503",
"parent":"yCRofpSXo",
"text":"@陈徐_chenxu",
"mid":"yCRt9qcnI",
"date":"2012-09-21 08:56:09"
},
{
"kids":[
"yCRzo020i",
"yCRtMbmWv",
"yCRtv4R7l"
],
"uid":"646365315",
"parent":"yCRofpSXo",
"text":"我艹",
"mid":"yCRsSBfuI",
"date":"2012-09-21 08:55:29"
},
{
"kids":[],
"uid":"1880597634",
"parent":"yCRofpSXo",
"text":"[吃惊]",
"mid":"yCRsRoFI8",
"date":"2012-09-21 08:55:25"
},
{
"kids":[],
"uid":"1088574001",
"parent":"",
"text":"",
"mid":"yCRsR8Oc6",
"date":"2012-09-21 08:55:25"
},
{
"kids":[
"yCRyICqre"
],
"uid":"2679508653",
"parent":"yCRofpSXo",
"text":"",
"mid":"yCRsFlJti",
"date":"2012-09-21 08:54:57"
},
{
"kids":[],
"uid":"2237039162",
"parent":"yCRr1EbXT",
"text":"[挖鼻屎]",
"mid":"yCRsAkjfN",
"date":"2012-09-21 08:54:44"
},
{
"kids":[],
"uid":"2873835200",
"parent":"yCRofpSXo",
"text":"帅气",
"mid":"yCRsc4lHY",
"date":"2012-09-21 08:53:46"
},
{
"kids":[],
"uid":"2019384285",
"parent":"yCRofpSXo",
"text":"【看这标志不邪恶才怪】",
"mid":"yCRrXhKay",
"date":"2012-09-21 08:53:12"
},
{
"kids":[],
"uid":"2863108872",
"parent":"yCRofpSXo",
"text":"我承认我邪恶了[嘻嘻]",
"mid":"yCRrvw9ni",
"date":"2012-09-21 08:52:06"
},
{
"kids":[],
"uid":"2023506653",
"parent":"",
"text":"爱尔兰人就是彪悍了",
"mid":"yCRrjpdeF",
"date":"2012-09-21 08:51:37"
},
{
"kids":[
"yCRZJbB74"
],
"uid":"1872322650",
"parent":"",
"text":"@大思思的妹妹 ：[汗][汗]我承认我邪恶了！",
"mid":"yCRr8tUAc",
"date":"2012-09-21 08:51:10"
},
{
"kids":[
"yCRwj7zlu",
"yCRsAkjfN"
],
"uid":"278327722",
"parent":"yCRoQmk5m",
"text":"[黑线]",
"mid":"yCRr1EbXT",
"date":"2012-09-21 08:50:54"
},
{
"kids":[],
"uid":"ssslovezs",
"parent":"yCRofpSXo",
"text":"[挖鼻屎]",
"mid":"yCRqYr47H",
"date":"2012-09-21 08:50:47"
},
{
"kids":[],
"uid":"1728223991",
"parent":"yCRofpSXo",
"text":"[黑线][黑线][黑线]@那啥凤",
"mid":"yCRqLowlS",
"date":"2012-09-21 08:50:15"
},
{
"kids":[],
"uid":"2269109691",
"parent":"yCRofpSXo",
"text":"",
"mid":"yCRqJCFgH",
"date":"2012-09-21 08:50:12"
},
{
"kids":[],
"uid":"gutinle",
"parent":"",
"text":"我也龌龊啦！",
"mid":"yCRq3o7WG",
"date":"2012-09-21 08:48:31"
},
{
"kids":[],
"uid":"safeus",
"parent":"yCRofpSXo",
"text":"难道不是这样的吗？！",
"mid":"yCRpSclAg",
"date":"2012-09-21 08:48:04"
},
{
"kids":[],
"uid":"fanwaylybb",
"parent":"yCRofpSXo",
"text":"[汗]",
"mid":"yCRpG4BwJ",
"date":"2012-09-21 08:47:35"
},
{
"kids":[],
"uid":"1912298835",
"parent":"yCRofpSXo",
"text":"带有爱啊",
"mid":"yCRpDE5MZ",
"date":"2012-09-21 08:47:30"
},
{
"kids":[],
"uid":"1735474857",
"parent":"yCRofpSXo",
"text":"[奥特曼]我表示我看不太懂。",
"mid":"yCRptErCk",
"date":"2012-09-21 08:47:06"
},
{
"kids":[],
"uid":"2684954241",
"parent":"yCRofpSXo",
"text":"我也承认了……",
"mid":"yCRoXrPv0",
"date":"2012-09-21 08:45:49"
},
{
"kids":[
"yCTEwj4NI",
"yCRxnhz9U",
"yCRr1EbXT"
],
"uid":"1653875040",
"parent":"yCRofpSXo",
"text":"[汗]",
"mid":"yCRoQmk5m",
"date":"2012-09-21 08:45:32"
},
{
"kids":[],
"uid":"greyeeff",
"parent":"yCRofpSXo",
"text":"",
"mid":"yCRoOhpu2",
"date":"2012-09-21 08:45:27"
},
{
"kids":[],
"uid":"1497934410",
"parent":"yCRofpSXo",
"text":"",
"mid":"yCRoLhUoE",
"date":"2012-09-21 08:45:20"
},
{
"kids":[],
"uid":"zhangjingjing0911",
"parent":"yCRofpSXo",
"text":"",
"mid":"yCRoL3iIm",
"date":"2012-09-21 08:45:19"
},
{
"kids":[
"yDjRz4M6F",
"yCTatz3vr",
"yCSghEzTk",
"yCS90ui73",
"yCRKLk5oF",
"yCRDBdGhA",
"yCRCUCp6h",
"yCRBkefcU",
"yCRBirLmz",
"yCRAMv4Nc",
"yCRy2EwDw",
"yCRxBb0mD",
"yCRxhFbIE",
"yCRw9kvzo",
"yCRu0E0iF",
"yCRtMsYfd",
"yCRtGxFYs",
"yCRtmqkkq",
"yCRtgxVON",
"yCRt9qcnI",
"yCRsSBfuI",
"yCRsRoFI8",
"yCRsFlJti",
"yCRsc4lHY",
"yCRrXhKay",
"yCRrvw9ni",
"yCRqYr47H",
"yCRqLowlS",
"yCRqJCFgH",
"yCRpSclAg",
"yCRpG4BwJ",
"yCRpDE5MZ",
"yCRptErCk",
"yCRoXrPv0",
"yCRoQmk5m",
"yCRoOhpu2",
"yCRoLhUoE",
"yCRoL3iIm"
],
"uid":"2859415372",
"parent":"",
"text":"我承认我邪恶了[嘻嘻]",
"mid":"yCRofpSXo",
"date":"2012-09-21 08:44:04"
},
{
"kids":[],
"uid":"2250141934",
"parent":"",
"text":"",
"mid":"yCRnqjxDA",
"date":"2012-09-21 08:42:01"
},
{
"kids":[],
"uid":"2093951060",
"parent":"",
"text":"[汗]",
"mid":"yCRlwoM2e",
"date":"2012-09-21 08:37:21"
},
{
"kids":[
"yCRyiiFPu"
],
"uid":"1866835467",
"parent":"",
"text":"[衰]传说中的飞机上****，一日千里？",
"mid":"yCRcth3aG",
"date":"2012-09-21 08:15:03"
},
{
"kids":[],
"uid":"2140433574",
"parent":"",
"text":"[黑线]航空公司什么寓意？",
"mid":"yCQMOAWkh",
"date":"2012-09-21 07:11:51"
},
{
"kids":[],
"uid":"1828676571",
"parent":"",
"text":"",
"mid":"yCQD0cQBH",
"date":"2012-09-21 06:47:40"
},
{
"kids":[],
"uid":"dkar",
"parent":"yCOwztJil",
"text":"",
"mid":"yCP14kPP7",
"date":"2012-09-21 02:41:28"
},
{
"kids":[],
"uid":"2248773865",
"parent":"",
"text":"@邱邱sally",
"mid":"yCP0Q6FyZ",
"date":"2012-09-21 02:40:53"
},
{
"kids":[],
"uid":"1829878705",
"parent":"",
"text":"还是俩男同志[青蛙][青蛙][呵呵]",
"mid":"yCOQrC0EO",
"date":"2012-09-21 02:15:18"
},
{
"kids":[],
"uid":"1405053992",
"parent":"",
"text":"本身就是恶搞的图文。本意是邪恶的。",
"mid":"yCOCBxG9W",
"date":"2012-09-21 01:41:12"
},
{
"kids":[],
"uid":"2936815163",
"parent":"yCNH18Nt8",
"text":"",
"mid":"yCOxvCLNO",
"date":"2012-09-21 01:28:39"
},
{
"kids":[
"yCP14kPP7"
],
"uid":"1761160287",
"parent":"",
"text":"@Monpeaceday",
"mid":"yCOwztJil",
"date":"2012-09-21 01:26:20"
},
{
"kids":[],
"uid":"1911192651",
"parent":"",
"text":"[哈哈]什么都不说自己看图去[哈哈][哈哈][哈哈][哈哈][哈哈]",
"mid":"yCOoOoGNi",
"date":"2012-09-21 01:07:13"
},
{
"kids":[],
"uid":"2686616344",
"parent":"",
"text":"精简而明确[哈哈][哈哈][哈哈]",
"mid":"yCOo0qF2u",
"date":"2012-09-21 01:05:14"
},
{
"kids":[
"yCRCcjRM9"
],
"uid":"2358329197",
"parent":"yCO9ajruc",
"text":"[哈哈][哈哈][哈哈][哈哈][哈哈][哈哈] 搞到天上去了 [哈哈][哈哈]",
"mid":"yCOlRsbhs",
"date":"2012-09-21 00:59:54"
},
{
"kids":[],
"uid":"1921110501",
"parent":"",
"text":"@纵使结局无法预算 [黑线][黑线]",
"mid":"yCOk95yOk",
"date":"2012-09-21 00:55:44"
},
{
"kids":[],
"uid":"601305908",
"parent":"",
"text":"轉發微博",
"mid":"yCOh1yfqH",
"date":"2012-09-21 00:48:02"
},
{
"kids":[],
"uid":"mmjoecool",
"parent":"",
"text":"ME TOO",
"mid":"yCOfQzHgm",
"date":"2012-09-21 00:45:05"
},
{
"kids":[],
"uid":"mylovezuiai",
"parent":"",
"text":"我承认我邪恶了！！[嘻嘻]",
"mid":"yCOdj75v2",
"date":"2012-09-21 00:38:52"
},
{
"kids":[],
"uid":"1748144122",
"parent":"",
"text":"",
"mid":"yCObAoARj",
"date":"2012-09-21 00:34:37"
},
{
"kids":[],
"uid":"1948186687",
"parent":"",
"text":"",
"mid":"yCObx9FMQ",
"date":"2012-09-21 00:34:30"
},
{
"kids":[],
"uid":"xiguangudan19",
"parent":"",
"text":"",
"mid":"yCObnqNmE",
"date":"2012-09-21 00:34:03"
},
{
"kids":[
"yCOlRsbhs"
],
"uid":"2147270734",
"parent":"",
"text":"还搞基",
"mid":"yCO9ajruc",
"date":"2012-09-21 00:28:41"
},
{
"kids":[],
"uid":"1902472307",
"parent":"",
"text":"",
"mid":"yCO8HmL7c",
"date":"2012-09-21 00:27:31"
},
{
"kids":[],
"uid":"1931371187",
"parent":"",
"text":"",
"mid":"yCO7t6Zr9",
"date":"2012-09-21 00:24:29"
},
{
"kids":[],
"uid":"yoyo199806051",
"parent":"",
"text":"@吸吸吸乾喇-",
"mid":"yCO61hu1F",
"date":"2012-09-21 00:20:56"
},
{
"kids":[],
"uid":"2123957215",
"parent":"",
"text":"爱尔兰航空……",
"mid":"yCO40AFzv",
"date":"2012-09-21 00:15:58"
},
{
"kids":[
"yCSwS1gBY"
],
"uid":"1842517117",
"parent":"",
"text":"我老公话是天使[挖鼻屎]",
"mid":"yCO3dvXmO",
"date":"2012-09-21 00:14:01"
},
{
"kids":[],
"uid":"2235337702",
"parent":"",
"text":"",
"mid":"yCO2gah2G",
"date":"2012-09-21 00:11:40"
},
{
"kids":[],
"uid":"wuyan6629",
"parent":"yCNT3wB1z",
"text":"好有成语内涵[偷笑]",
"mid":"yCO2dr8Bp",
"date":"2012-09-21 00:11:33"
},
{
"kids":[
"yD3XQx8Du"
],
"uid":"303334508",
"parent":"",
"text":"我承认我邪恶了！！[偷笑][嘻嘻]@一欣一意1122",
"mid":"yCO1R35i3",
"date":"2012-09-21 00:10:39"
},
{
"kids":[],
"uid":"1661677525",
"parent":"",
"text":"[哈哈]",
"mid":"yCO1M0o6B",
"date":"2012-09-21 00:10:27"
},
{
"kids":[],
"uid":"1063042903",
"parent":"",
"text":"碉堡了！！",
"mid":"yCO1DpdxB",
"date":"2012-09-21 00:10:04"
},
{
"kids":[
"z0kKR77wI"
],
"uid":"bonnie613",
"parent":"",
"text":"",
"mid":"yCO0gBKxX",
"date":"2012-09-21 00:06:44"
},
{
"kids":[],
"uid":"513142622",
"parent":"",
"text":"",
"mid":"yCNZX8WsO",
"date":"2012-09-21 00:05:56"
},
{
"kids":[],
"uid":"2089774161",
"parent":"",
"text":"@混蛋敏 @慧慧8686 @珂朲唲 @下儿 承认我邪恶了！！[嘻嘻]",
"mid":"yCNYAB0nO",
"date":"2012-09-21 00:02:35"
},
{
"kids":[
"yCO2dr8Bp"
],
"uid":"2435196015",
"parent":"yCMRqqjTL",
"text":"[哈哈]",
"mid":"yCNT3wB1z",
"date":"2012-09-20 23:48:59"
},
{
"kids":[],
"uid":"2351447493",
"parent":"",
"text":"这logo。。。哇哈哈，逗死俺了！",
"mid":"yCNQMAcCE",
"date":"2012-09-20 23:43:20"
},
{
"kids":[],
"uid":"weijiankuang",
"parent":"",
"text":"[赞]",
"mid":"yCNIuatSq",
"date":"2012-09-20 23:22:57"
},
{
"kids":[],
"uid":"badblackcat",
"parent":"",
"text":"@某唐，真的假的？",
"mid":"yCNHKkORP",
"date":"2012-09-20 23:21:06"
},
{
"kids":[
"yCOxvCLNO"
],
"uid":"1741824901",
"parent":"",
"text":"[嘻嘻]",
"mid":"yCNH18Nt8",
"date":"2012-09-20 23:19:19"
},
{
"kids":[],
"uid":"1858993095",
"parent":"",
"text":"…………",
"mid":"yCNFOEPuc",
"date":"2012-09-20 23:16:23"
},
{
"kids":[],
"uid":"1376165974",
"parent":"yCMKrxvHk",
"text":"太抽象了…",
"mid":"yCNpB8gtw",
"date":"2012-09-20 22:36:23"
},
{
"kids":[],
"uid":"eidolon618",
"parent":"",
"text":"真的假的 @eRic水纹石",
"mid":"yCNnnFt80",
"date":"2012-09-20 22:30:54"
},
{
"kids":[],
"uid":"1678521240",
"parent":"",
"text":"[衰]",
"mid":"yCNkciXxm",
"date":"2012-09-20 22:23:05"
},
{
"kids":[],
"uid":"2634819675",
"parent":"",
"text":"[衰][衰][衰]",
"mid":"yCNiQm56V",
"date":"2012-09-20 22:19:46"
},
{
"kids":[],
"uid":"10ly",
"parent":"",
"text":"",
"mid":"yCNh1e7iC",
"date":"2012-09-20 22:15:16"
},
{
"kids":[],
"uid":"linxiongwei",
"parent":"",
"text":"这个…[汗]",
"mid":"yCMYsAm0d",
"date":"2012-09-20 21:29:33"
},
{
"kids":[],
"uid":"1941130153",
"parent":"",
"text":"我承认我邪恶了[嘻嘻]",
"mid":"yCMS1370f",
"date":"2012-09-20 21:13:41"
},
{
"kids":[],
"uid":"318351117",
"parent":"",
"text":"内涵[哈哈]",
"mid":"yCMRSdiGW",
"date":"2012-09-20 21:13:19"
},
{
"kids":[
"yCNT3wB1z"
],
"uid":"1871029801",
"parent":"",
"text":"What the hell",
"mid":"yCMRqqjTL",
"date":"2012-09-20 21:12:13"
},
{
"kids":[],
"uid":"oyasumibear",
"parent":"",
"text":"碉堡",
"mid":"yCMQY5bQX",
"date":"2012-09-20 21:11:05"
},
{
"kids":[],
"uid":"1950822963",
"parent":"",
"text":"太有才了[偷笑]",
"mid":"yCMPGwKLw",
"date":"2012-09-20 21:07:55"
},
{
"kids":[],
"uid":"1951658941",
"parent":"",
"text":"",
"mid":"yCMNsf3YX",
"date":"2012-09-20 21:02:26"
},
{
"kids":[],
"uid":"jean1035",
"parent":"",
"text":"一秒掩面跑开~[害羞]",
"mid":"yCMNagGxj",
"date":"2012-09-20 21:01:41"
},
{
"kids":[],
"uid":"2032749743",
"parent":"",
"text":"你赢了[good]",
"mid":"yCMMEmDwz",
"date":"2012-09-20 21:00:27"
},
{
"kids":[],
"uid":"217678989",
"parent":"",
"text":"碉堡了[吃惊]",
"mid":"yCML4gAko",
"date":"2012-09-20 20:56:31"
},
{
"kids":[],
"uid":"1812039952",
"parent":"",
"text":"转发微博。",
"mid":"yCMKUdHJ7",
"date":"2012-09-20 20:56:10"
},
{
"kids":[],
"uid":"1435810227",
"parent":"",
"text":"艺术啊",
"mid":"yCMKti4KW",
"date":"2012-09-20 20:55:05"
},
{
"kids":[
"yCNpB8gtw"
],
"uid":"1495335854",
"parent":"",
"text":"",
"mid":"yCMKrxvHk",
"date":"2012-09-20 20:54:57"
},
{
"kids":[],
"uid":"1813992170",
"parent":"",
"text":"这不是真的！！我晕死！！还敢坐。。。",
"mid":"yCMKmdjAm",
"date":"2012-09-20 20:54:48"
},
{
"kids":[],
"uid":"lqu90",
"parent":"",
"text":"[偷笑][偷笑]",
"mid":"yCMKew87K",
"date":"2012-09-20 20:54:30"
},
{
"kids":[],
"uid":"effie1111",
"parent":"",
"text":"",
"mid":"yCMK1x3wt",
"date":"2012-09-20 20:53:56"
}
]