[
{
"kids":[],
"uid":"1954301871",
"parent":"",
"text":"叼，当年系云南都没听讲过哦，想去没咧[阴险]@落雨收衫la @无尾的天蝎座 @苏俊斌",
"mid":"A2a7bjGY4",
"date":"2013-07-28 21:51:33"
},
{
"kids":[],
"uid":"1583948783",
"parent":"z9QWKklPB",
"text":"",
"mid":"zaSHVoIl9",
"date":"2012-12-22 07:21:05"
},
{
"kids":[],
"uid":"2804912670",
"parent":"z9QWKklPB",
"text":"",
"mid":"zaIKm8jRC",
"date":"2012-12-21 05:59:35"
},
{
"kids":[],
"uid":"2525350011",
"parent":"za0Q7i1t5",
"text":"",
"mid":"za1t69Bc0",
"date":"2012-12-16 15:48:58"
},
{
"kids":[
"za1t69Bc0"
],
"uid":"2512910071",
"parent":"yp3NyCuwO",
"text":"",
"mid":"za0Q7i1t5",
"date":"2012-12-16 14:12:56"
},
{
"kids":[],
"uid":"1583937562",
"parent":"z9QWKklPB",
"text":"",
"mid":"z9YCSzH7D",
"date":"2012-12-16 08:34:49"
},
{
"kids":[
"zaSHVoIl9",
"zaIKm8jRC",
"z9YCSzH7D"
],
"uid":"2571367012",
"parent":"yp40C0ngU",
"text":"",
"mid":"z9QWKklPB",
"date":"2012-12-15 13:01:48"
},
{
"kids":[],
"uid":"2339226843",
"parent":"yp3NyCuwO",
"text":"",
"mid":"yCkABviuj",
"date":"2012-09-17 21:13:53"
},
{
"kids":[],
"uid":"2950052765",
"parent":"ypcShnkRb",
"text":"@苏打旋风",
"mid":"yCknNyUN4",
"date":"2012-09-17 20:42:18"
},
{
"kids":[],
"uid":"isenwong",
"parent":"ypvpcqnuo",
"text":"要快d去先得啦",
"mid":"yyMkM1nzs",
"date":"2012-08-25 12:30:33"
},
{
"kids":[],
"uid":"1167767662",
"parent":"",
"text":"",
"mid":"yxPMy4vsC",
"date":"2012-08-19 07:26:55"
},
{
"kids":[],
"uid":"2627016692",
"parent":"ywuUYxyH1",
"text":"[嘻嘻]",
"mid":"ywvYVxk89",
"date":"2012-08-10 15:12:10"
},
{
"kids":[],
"uid":"2419394054",
"parent":"ywuUYxyH1",
"text":"@lvpkop 我知道你也想去",
"mid":"ywuWmyxFo",
"date":"2012-08-10 12:33:05"
},
{
"kids":[
"ywvYVxk89",
"ywuWmyxFo"
],
"uid":"liverpoolkop",
"parent":"ywuRJ3y66",
"text":"high哥去呀",
"mid":"ywuUYxyH1",
"date":"2012-08-10 12:29:41"
},
{
"kids":[
"ywuUYxyH1"
],
"uid":"2419394054",
"parent":"",
"text":"",
"mid":"ywuRJ3y66",
"date":"2012-08-10 12:21:40"
},
{
"kids":[],
"uid":"2644195414",
"parent":"",
"text":"大家到时去试下！[偷笑][偷笑][偷笑]",
"mid":"yvXv2mORM",
"date":"2012-08-06 23:25:09"
},
{
"kids":[],
"uid":"2804768837",
"parent":"yp5jthHsA",
"text":"只有明年再过去啦[泪][泪][泪]",
"mid":"yur1sC2oE",
"date":"2012-07-27 22:53:59"
},
{
"kids":[],
"uid":"1084706092",
"parent":"ytVZp1e89",
"text":"这日本的节日还是菲国的也可能是越南的 中国不会有这种节日",
"mid":"ytW3abhtR",
"date":"2012-07-24 16:03:04"
},
{
"kids":[
"ytW3abhtR"
],
"uid":"2499348545",
"parent":"",
"text":"姐是云南人！相信姐、绝对没有这等子事！[怒][怒][怒]",
"mid":"ytVZp1e89",
"date":"2012-07-24 15:53:52"
},
{
"kids":[],
"uid":"207088895",
"parent":"",
"text":"大陆文化太封建！！！",
"mid":"ytVgeBjqK",
"date":"2012-07-24 14:02:35"
},
{
"kids":[],
"uid":"2368691221",
"parent":"ytHgD0Bc0",
"text":"",
"mid":"ytKei3x1L",
"date":"2012-07-23 09:57:34"
},
{
"kids":[
"ytKei3x1L"
],
"uid":"2191463163",
"parent":"",
"text":"",
"mid":"ytHgD0Bc0",
"date":"2012-07-23 02:25:05"
},
{
"kids":[],
"uid":"2687023107",
"parent":"",
"text":"哈哈",
"mid":"ysOYekbIk",
"date":"2012-07-17 08:11:26"
},
{
"kids":[],
"uid":"2447370895",
"parent":"",
"text":"[哈哈]南宁我们天天过这种节日 因为书名天天给摸给舔",
"mid":"ysOMIFpOk",
"date":"2012-07-17 07:43:05"
},
{
"kids":[],
"uid":"206997222",
"parent":"",
"text":"",
"mid":"yrXHTlK5q",
"date":"2012-07-11 16:35:36"
},
{
"kids":[],
"uid":"2685486415",
"parent":"",
"text":"@Princegone @有位贱人张  云南据说风景不错、明天咱去一趟吧",
"mid":"yrXbFbx7a",
"date":"2012-07-11 15:16:12"
},
{
"kids":[],
"uid":"2159515937",
"parent":"yp3NyCuwO",
"text":"猥琐的节日！！",
"mid":"yrmLXlhaZ",
"date":"2012-07-07 18:33:56"
},
{
"kids":[],
"uid":"2261764551",
"parent":"",
"text":"这么爽，得闲组队一起去[花心]",
"mid":"yqRs0tzmx",
"date":"2012-07-04 10:49:40"
},
{
"kids":[],
"uid":"1503718974",
"parent":"yq5oahb0x",
"text":"我也要去这么幸福的地方~~~~",
"mid":"yqLcb7cNj",
"date":"2012-07-03 18:54:12"
},
{
"kids":[],
"uid":"2833463644",
"parent":"yp6tinc9R",
"text":"",
"mid":"yqgY1jMaH",
"date":"2012-06-30 13:56:56"
},
{
"kids":[],
"uid":"2725116631",
"parent":"ypbguBaqP",
"text":"转发微博。",
"mid":"yqckEkMrn",
"date":"2012-06-30 02:08:56"
},
{
"kids":[],
"uid":"2396918465",
"parent":"",
"text":"太夸张了吧？而且这照片上明显是一个外国妞，根本不象云南妹。",
"mid":"yq6y94PRg",
"date":"2012-06-29 11:25:42"
},
{
"kids":[],
"uid":"2624574721",
"parent":"",
"text":"",
"mid":"yq6jID81I",
"date":"2012-06-29 10:50:10"
},
{
"kids":[],
"uid":"2194152924",
"parent":"",
"text":"仲有甘既文化啊？！~~",
"mid":"yq5rZzyg5",
"date":"2012-06-29 08:37:47"
},
{
"kids":[
"yqLcb7cNj"
],
"uid":"1854571540",
"parent":"ypZszzM2E",
"text":"[兔子]",
"mid":"yq5oahb0x",
"date":"2012-06-29 08:28:22"
},
{
"kids":[],
"uid":"2168769154",
"parent":"ypZuDbHCk",
"text":"",
"mid":"yq08k6pCW",
"date":"2012-06-28 19:05:36"
},
{
"kids":[],
"uid":"2349132625",
"parent":"ypZszzM2E",
"text":"",
"mid":"ypZBIj52A",
"date":"2012-06-28 17:45:16"
},
{
"kids":[],
"uid":"2140695707",
"parent":"ypZszzM2E",
"text":"放开她！",
"mid":"ypZwA6Lrj",
"date":"2012-06-28 17:32:38"
},
{
"kids":[],
"uid":"bobosmall",
"parent":"ypZuDbHCk",
"text":"[cai开心]原来你的生日还有这个节日- -@狗屎麦纸哈杀克斯坦",
"mid":"ypZvNlUju",
"date":"2012-06-28 17:30:42"
},
{
"kids":[],
"uid":"1760346511",
"parent":"",
"text":"",
"mid":"ypZvea4A9",
"date":"2012-06-28 17:29:15"
},
{
"kids":[
"yq08k6pCW",
"ypZvNlUju"
],
"uid":"kdsk",
"parent":"",
"text":"右邊騷動了",
"mid":"ypZuDbHCk",
"date":"2012-06-28 17:27:49"
},
{
"kids":[
"yq5oahb0x",
"ypZBIj52A",
"ypZwA6Lrj"
],
"uid":"vibo0708",
"parent":"ypZ7o8vNc",
"text":"右边的亮了",
"mid":"ypZszzM2E",
"date":"2012-06-28 17:22:45"
},
{
"kids":[
"ypZszzM2E"
],
"uid":"1855811667",
"parent":"",
"text":"[bobo纠结]放开她，让我这样专业的来！！",
"mid":"ypZ7o8vNc",
"date":"2012-06-28 16:30:33"
},
{
"kids":[],
"uid":"2786195903",
"parent":"",
"text":"明显是人妖[衰]",
"mid":"ypRC728cZ",
"date":"2012-06-27 21:24:15"
},
{
"kids":[],
"uid":"2377004090",
"parent":"ypO6QpSUS",
"text":"@小香蕉大虾米 @新白男子seven @99云上风 @愤怒的小龙包 请假克了嘛[干杯]",
"mid":"ypOzqsW9d",
"date":"2012-06-27 13:39:25"
},
{
"kids":[],
"uid":"mlloveyy",
"parent":"",
"text":"@乐享人生789 队长'原来你是少数民族",
"mid":"ypOxhdstN",
"date":"2012-06-27 13:34:06"
},
{
"kids":[
"ypOzqsW9d"
],
"uid":"237539202sxc",
"parent":"ypO3DguiJ",
"text":"@ZM要当小英雄 @金王其力 @L-MGuey 走了嘛 请个假麽一起克",
"mid":"ypO6QpSUS",
"date":"2012-06-27 12:28:59"
},
{
"kids":[
"ypO6QpSUS"
],
"uid":"2852785640",
"parent":"",
"text":"@sxc佘",
"mid":"ypO3DguiJ",
"date":"2012-06-27 12:21:05"
},
{
"kids":[],
"uid":"2834147533",
"parent":"",
"text":"",
"mid":"ypNOk8VcU",
"date":"2012-06-27 11:43:22"
},
{
"kids":[],
"uid":"zyzeno",
"parent":"",
"text":"@汪小贝童鞋 差不多就是八月份",
"mid":"ypNAK04RS",
"date":"2012-06-27 11:09:53"
},
{
"kids":[],
"uid":"aiqi0531",
"parent":"ypiYI2i9M",
"text":"哇塞，我怎么不知道云南有这个节[晕]",
"mid":"ypNvSvRmv",
"date":"2012-06-27 10:57:56"
},
{
"kids":[],
"uid":"2852044384",
"parent":"",
"text":"收藏",
"mid":"ypJw4amFH",
"date":"2012-06-27 00:47:21"
},
{
"kids":[],
"uid":"2709823761",
"parent":"",
"text":"这样的节、多少男人喜欢蛤。",
"mid":"ypInsaH5q",
"date":"2012-06-26 21:53:23"
},
{
"kids":[],
"uid":"1947152633",
"parent":"",
"text":"[哈哈][哈哈]",
"mid":"ypFgir06o",
"date":"2012-06-26 13:57:32"
},
{
"kids":[],
"uid":"2738101512",
"parent":"",
"text":"[馋嘴]走起。",
"mid":"ypEmjkpQH",
"date":"2012-06-26 11:39:38"
},
{
"kids":[],
"uid":"1960781443",
"parent":"ypEheAKYV",
"text":"",
"mid":"ypEju4bkj",
"date":"2012-06-26 11:32:40"
},
{
"kids":[
"ypEju4bkj"
],
"uid":"1882148101",
"parent":"",
"text":"可以摸，但手不能哆嗦。[酷]",
"mid":"ypEheAKYV",
"date":"2012-06-26 11:27:08"
},
{
"kids":[],
"uid":"2703041250",
"parent":"ypDTK86Jo",
"text":"靠！这个要去",
"mid":"ypDUmy3nY",
"date":"2012-06-26 10:30:47"
},
{
"kids":[
"ypDUmy3nY"
],
"uid":"sabyc11",
"parent":"",
"text":"哇，还有摸奶节,@Conure @泛泛之辈-Mr @糗事百科微博联盟",
"mid":"ypDTK86Jo",
"date":"2012-06-26 10:29:14"
},
{
"kids":[],
"uid":"hnbdds",
"parent":"",
"text":"真的hold不住啊！集体去旅游！！！@斯文长达的春天 @保安读艺术 @leon而立年 @一步一步往上爬的GUA牛 @你取一个",
"mid":"ypDHNCsj0",
"date":"2012-06-26 09:59:50"
},
{
"kids":[],
"uid":"2831024213",
"parent":"",
"text":"@心如死水的迁坟人 'hold住否？[馋嘴]",
"mid":"ypCDwsndd",
"date":"2012-06-26 07:16:33"
},
{
"kids":[],
"uid":"2611363681",
"parent":"",
"text":"[偷笑]好节",
"mid":"ypzGwtHts",
"date":"2012-06-25 23:45:42"
},
{
"kids":[],
"uid":"2452835523",
"parent":"ypuVltOWM",
"text":"[汗]",
"mid":"ypzz72ETv",
"date":"2012-06-25 23:27:24"
},
{
"kids":[],
"uid":"yuzhidessert",
"parent":"ypwh754XO",
"text":"",
"mid":"ypyNS7v6S",
"date":"2012-06-25 21:31:04"
},
{
"kids":[],
"uid":"kuangnina124",
"parent":"",
"text":"@zhidan1207",
"mid":"ypy0Ojvo8",
"date":"2012-06-25 19:30:11"
},
{
"kids":[],
"uid":"jminorge",
"parent":"ypv10xt0n",
"text":"这边摸奶，摸好奶的到那边排队交钱啦",
"mid":"ypxSqwTPE",
"date":"2012-06-25 19:09:30"
},
{
"kids":[],
"uid":"1902682484",
"parent":"",
"text":"",
"mid":"ypxvafYOB",
"date":"2012-06-25 18:12:14"
},
{
"kids":[],
"uid":"2216428103",
"parent":"",
"text":"[吃惊][鼓掌][鼓掌][酷][哈哈]",
"mid":"ypxiResUq",
"date":"2012-06-25 17:41:55"
},
{
"kids":[],
"uid":"2150724102",
"parent":"ypwNxjrlJ",
"text":"[衰]男人们的好去处！",
"mid":"ypxiEyxPA",
"date":"2012-06-25 17:41:24"
},
{
"kids":[],
"uid":"2234366980",
"parent":"",
"text":"这个节日好",
"mid":"ypwZTefip",
"date":"2012-06-25 16:55:10"
},
{
"kids":[
"ypxiEyxPA"
],
"uid":"1808690400",
"parent":"yptyJkP7g",
"text":"我靠",
"mid":"ypwNxjrlJ",
"date":"2012-06-25 16:24:44"
},
{
"kids":[],
"uid":"dada518",
"parent":"ypwh754XO",
"text":"什么怪习俗啊....",
"mid":"ypwFzetWi",
"date":"2012-06-25 16:05:06"
},
{
"kids":[],
"uid":"1834271903",
"parent":"ypvIwnFhD",
"text":"7月14日到16日千万不能去啊[吃惊]/@威尔逊帝:@星月之见 看看是不是真的",
"mid":"ypwDzqBQk",
"date":"2012-06-25 16:00:11"
},
{
"kids":[],
"uid":"1881130213",
"parent":"ypwirdozU",
"text":"旅游胜地了么",
"mid":"ypwyMrjmx",
"date":"2012-06-25 15:48:23"
},
{
"kids":[],
"uid":"2329641197",
"parent":"ypwirdozU",
"text":"[阴险]",
"mid":"ypwuS8EIN",
"date":"2012-06-25 15:38:45"
},
{
"kids":[
"ypwyMrjmx",
"ypwuS8EIN"
],
"uid":"junjun9043",
"parent":"ypwh754XO",
"text":"",
"mid":"ypwirdozU",
"date":"2012-06-25 15:08:05"
},
{
"kids":[],
"uid":"1834961020",
"parent":"ypvIwnFhD",
"text":"",
"mid":"ypwhOdyGs",
"date":"2012-06-25 15:06:34"
},
{
"kids":[
"ypyNS7v6S",
"ypwFzetWi",
"ypwirdozU"
],
"uid":"tugie",
"parent":"",
"text":"那里即将成旅游胜地了。。",
"mid":"ypwh754XO",
"date":"2012-06-25 15:04:49"
},
{
"kids":[],
"uid":"2793003104",
"parent":"ypvjQAsQS",
"text":"噶好啊》？",
"mid":"ypvYh1nYo",
"date":"2012-06-25 14:18:26"
},
{
"kids":[],
"uid":"dddtb",
"parent":"",
"text":"去看看是不是真的",
"mid":"ypvIzDRFe",
"date":"2012-06-25 13:39:45"
},
{
"kids":[
"ypwDzqBQk",
"ypwhOdyGs"
],
"uid":"1853130823",
"parent":"",
"text":"@星月之见 看看是不是真的",
"mid":"ypvIwnFhD",
"date":"2012-06-25 13:39:38"
},
{
"kids":[],
"uid":"yw311",
"parent":"",
"text":"这个，，，，，",
"mid":"ypvxu3kIC",
"date":"2012-06-25 13:12:25"
},
{
"kids":[],
"uid":"1401451923",
"parent":"",
"text":"辟谣啊",
"mid":"ypvuKojBi",
"date":"2012-06-25 13:05:41"
},
{
"kids":[],
"uid":"1868861200",
"parent":"",
"text":"好地方，好风俗。哈哈",
"mid":"ypvtxEoVj",
"date":"2012-06-25 13:02:43"
},
{
"kids":[],
"uid":"2694625821",
"parent":"",
"text":"公然求辟谣！后面这哥们儿是亮点，那丫挺的表情太猥琐！",
"mid":"ypvsfxDRy",
"date":"2012-06-25 12:59:34"
},
{
"kids":[
"yyMkM1nzs"
],
"uid":"1879485880",
"parent":"",
"text":"[花心]是时候要准备去旅游了。[花心]",
"mid":"ypvpcqnuo",
"date":"2012-06-25 12:52:02"
},
{
"kids":[],
"uid":"2408411533",
"parent":"",
"text":"[晕]还有这种节日。。。。。。",
"mid":"ypvk9wyPV",
"date":"2012-06-25 12:39:35"
},
{
"kids":[
"ypvYh1nYo"
],
"uid":"2510396235",
"parent":"ypviOdgWk",
"text":"真的假的？",
"mid":"ypvjQAsQS",
"date":"2012-06-25 12:38:51"
},
{
"kids":[],
"uid":"2510396235",
"parent":"ypviOdgWk",
"text":"@宋碧峰TORO",
"mid":"ypvjCoqea",
"date":"2012-06-25 12:38:17"
},
{
"kids":[
"ypvjQAsQS",
"ypvjCoqea"
],
"uid":"2589556250",
"parent":"yptHvlVNu",
"text":"",
"mid":"ypviOdgWk",
"date":"2012-06-25 12:36:15"
},
{
"kids":[
"ypxSqwTPE"
],
"uid":"willin315",
"parent":"ypuQ230GZ",
"text":"去趟云南？",
"mid":"ypv10xt0n",
"date":"2012-06-25 11:52:26"
},
{
"kids":[
"ypzz72ETv"
],
"uid":"1806428324",
"parent":"yptSqhUsK",
"text":"回复@GAGADOUBLE:懒得跟你说[酷][吐]",
"mid":"ypuVltOWM",
"date":"2012-06-25 11:38:29"
},
{
"kids":[],
"uid":"1806428324",
"parent":"yptSqhUsK",
"text":"回复@GAGADOUBLE:你有本事别让我碰到你，碰到你就完了[怒][挖鼻屎][挖鼻屎]",
"mid":"ypuUdrgDn",
"date":"2012-06-25 11:35:42"
},
{
"kids":[],
"uid":"1725956694",
"parent":"ypqk7d7zs",
"text":"",
"mid":"ypuQEarLN",
"date":"2012-06-25 11:26:55"
},
{
"kids":[
"ypv10xt0n"
],
"uid":"2175449952",
"parent":"",
"text":"[哈哈][哈哈]去这里旅游吧！！！",
"mid":"ypuQ230GZ",
"date":"2012-06-25 11:25:21"
},
{
"kids":[],
"uid":"1806428324",
"parent":"yptSqhUsK",
"text":"回复@GAGADOUBLE:滚",
"mid":"ypuPLtN7b",
"date":"2012-06-25 11:24:44"
},
{
"kids":[],
"uid":"595748929xiaoming",
"parent":"ypu7WqjiU",
"text":"",
"mid":"ypul60jzF",
"date":"2012-06-25 10:09:08"
},
{
"kids":[],
"uid":"311762227",
"parent":"ypu7WqjiU",
"text":"度娘都说是谣传了~一帮起色心的男人啊~",
"mid":"ypu9g0QrX",
"date":"2012-06-25 09:39:59"
},
{
"kids":[
"ypul60jzF",
"ypu9g0QrX"
],
"uid":"hym891125",
"parent":"yptU5FAAf",
"text":"走起~~~",
"mid":"ypu7WqjiU",
"date":"2012-06-25 09:36:44"
},
{
"kids":[],
"uid":"527123819",
"parent":"ype6rDvUv",
"text":"[晕]",
"mid":"yptVqrOFq",
"date":"2012-06-25 09:05:56"
},
{
"kids":[
"ypu7WqjiU"
],
"uid":"xk20",
"parent":"yptHvlVNu",
"text":"要去要去要去[可爱]",
"mid":"yptU5FAAf",
"date":"2012-06-25 09:02:38"
},
{
"kids":[
"ypuVltOWM",
"ypuUdrgDn",
"ypuPLtN7b"
],
"uid":"1806428324",
"parent":"yptHvlVNu",
"text":"[汗]",
"mid":"yptSqhUsK",
"date":"2012-06-25 08:58:32"
},
{
"kids":[
"ypviOdgWk",
"yptU5FAAf",
"yptSqhUsK"
],
"uid":"1808969152",
"parent":"yptyJkP7g",
"text":"",
"mid":"yptHvlVNu",
"date":"2012-06-25 08:31:38"
},
{
"kids":[
"ypwNxjrlJ",
"yptHvlVNu"
],
"uid":"2302611562",
"parent":"",
"text":"[汗]",
"mid":"yptyJkP7g",
"date":"2012-06-25 08:10:00"
},
{
"kids":[],
"uid":"2647183160",
"parent":"ypozveq7v",
"text":"回复@_Dear_寶:你慢慢，[嘻嘻][嘻嘻][嘻嘻][嘻嘻][奥特曼][奥特曼][奥特曼][奥特曼]",
"mid":"yptqU9sly",
"date":"2012-06-25 07:50:44"
},
{
"kids":[],
"uid":"2286218177",
"parent":"",
"text":"女的淫荡，男的猥琐，鉴定完毕",
"mid":"yptjvelcf",
"date":"2012-06-25 07:32:30"
},
{
"kids":[],
"uid":"2652587874",
"parent":"ypoF41AZF",
"text":"/兄弟们机不可失时不再来阿[花心][花心][花心][飞机][飞机][飞机]",
"mid":"yprMjm7r7",
"date":"2012-06-25 03:37:59"
},
{
"kids":[],
"uid":"2462964147",
"parent":"ypraKiQxp",
"text":"@我就是我说 一定喜欢",
"mid":"ypryK7slX",
"date":"2012-06-25 03:04:33"
},
{
"kids":[],
"uid":"2701860924",
"parent":"",
"text":"太猥琐了",
"mid":"yprpW1sAD",
"date":"2012-06-25 02:42:51"
},
{
"kids":[
"ypryK7slX"
],
"uid":"2261306222",
"parent":"ypras15ke",
"text":"",
"mid":"ypraKiQxp",
"date":"2012-06-25 02:05:26"
},
{
"kids":[
"ypraKiQxp"
],
"uid":"2261306222",
"parent":"",
"text":"好好宣传下'以后去那里旅游的人",
"mid":"ypras15ke",
"date":"2012-06-25 02:04:42"
},
{
"kids":[],
"uid":"2166326834",
"parent":"",
"text":"哈哈[爱你]肯定好多人想",
"mid":"ypqMCuKVT",
"date":"2012-06-25 01:06:00"
},
{
"kids":[],
"uid":"1922439201",
"parent":"ypqrcz01p",
"text":"",
"mid":"ypqAXbg6h",
"date":"2012-06-25 00:37:15"
},
{
"kids":[],
"uid":"1997400447",
"parent":"ypqpf8gfE",
"text":"@余音绕梁--准备考试 @奇兵想讲几句 @小宝贝家大宝贝",
"mid":"ypqyHEkXG",
"date":"2012-06-25 00:31:43"
},
{
"kids":[
"ypqAXbg6h"
],
"uid":"2688625100",
"parent":"",
"text":"有甘给节日，男士们你地有富啦！",
"mid":"ypqrcz01p",
"date":"2012-06-25 00:13:14"
},
{
"kids":[
"ypqyHEkXG"
],
"uid":"319930630",
"parent":"ypqkt3t2F",
"text":"stroke breasts festival.",
"mid":"ypqpf8gfE",
"date":"2012-06-25 00:08:24"
},
{
"kids":[],
"uid":"2629780707",
"parent":"",
"text":"轉發微博。",
"mid":"ypqoSoWGv",
"date":"2012-06-25 00:07:30"
},
{
"kids":[],
"uid":"1647806435",
"parent":"ypqk7d7zs",
"text":"wow",
"mid":"ypqkw1GcR",
"date":"2012-06-24 23:56:45"
},
{
"kids":[
"ypqpf8gfE"
],
"uid":"137201572",
"parent":"ypqk7d7zs",
"text":"系统自动转发",
"mid":"ypqkt3t2F",
"date":"2012-06-24 23:56:39"
},
{
"kids":[
"ypuQEarLN",
"ypqkw1GcR",
"ypqkt3t2F"
],
"uid":"urmimmy",
"parent":"",
"text":"",
"mid":"ypqk7d7zs",
"date":"2012-06-24 23:55:46"
},
{
"kids":[],
"uid":"2709781504",
"parent":"",
"text":"这个狠的。[哈哈]",
"mid":"ypqhWrNTl",
"date":"2012-06-24 23:50:22"
},
{
"kids":[],
"uid":"2033281292",
"parent":"",
"text":"",
"mid":"ypqeipagW",
"date":"2012-06-24 23:41:26"
},
{
"kids":[],
"uid":"2191512681",
"parent":"",
"text":"我顶……[汗]",
"mid":"ypq3yBait",
"date":"2012-06-24 23:15:00"
},
{
"kids":[],
"uid":"2313096483",
"parent":"",
"text":"绝非谣言[cai晃头]",
"mid":"yppUgr22C",
"date":"2012-06-24 22:52:06"
},
{
"kids":[],
"uid":"2546025162",
"parent":"",
"text":"云南！！！[哈哈]我要去",
"mid":"yppQP6WLg",
"date":"2012-06-24 22:43:36"
},
{
"kids":[],
"uid":"206099927",
"parent":"ypoXPEhbs",
"text":"某些营销账号特别恶心",
"mid":"ypprb0Wk1",
"date":"2012-06-24 21:40:26"
},
{
"kids":[],
"uid":"1958197237",
"parent":"",
"text":"@TINA霖霖 还好回来了，万一被乱摸就惨了[哈哈]",
"mid":"yppoourvr",
"date":"2012-06-24 21:33:35"
},
{
"kids":[],
"uid":"2265101247",
"parent":"ypoYEfMOj",
"text":"炒作，太假了‘’‘",
"mid":"ypplrgSBb",
"date":"2012-06-24 21:26:15"
},
{
"kids":[],
"uid":"1577801554",
"parent":"",
"text":"",
"mid":"ypplfr1ou",
"date":"2012-06-24 21:25:50"
},
{
"kids":[],
"uid":"815153114",
"parent":"yporX8ncg",
"text":"右图明显是泰国人妖",
"mid":"yppjDhjAU",
"date":"2012-06-24 21:21:48"
},
{
"kids":[],
"uid":"tulipal",
"parent":"",
"text":"[吃惊]",
"mid":"ypp2DxYGK",
"date":"2012-06-24 20:39:58"
},
{
"kids":[],
"uid":"315099802",
"parent":"ypoXPEhbs",
"text":"上学时确实没有听过",
"mid":"ypp2bdrTl",
"date":"2012-06-24 20:38:50"
},
{
"kids":[
"ypplrgSBb"
],
"uid":"1920175080",
"parent":"ypeUjDMRF",
"text":"汗！真是不敢想像，广大的男同胞们看了此条信息，你还hold住否？[馋嘴]",
"mid":"ypoYEfMOj",
"date":"2012-06-24 20:30:07"
},
{
"kids":[],
"uid":"yuhua520",
"parent":"ypoXPEhbs",
"text":"谴责这类误导民族文化的微博！",
"mid":"ypoYrdAuI",
"date":"2012-06-24 20:29:37"
},
{
"kids":[
"ypprb0Wk1",
"ypp2bdrTl",
"ypoYrdAuI"
],
"uid":"11924362",
"parent":"",
"text":"我强烈抗议如此伤风败俗的虚假炒作！建议@微博小秘书 给予法办！本人毕业于民族大学，同学中朋友中有不少是彝族人，而且修过彝族文化选修课，从未听闻此节！这样的炒作，简直是对少数民族文化、对彝族同胞的侮辱！@中央民族大学官方微博",
"mid":"ypoXPEhbs",
"date":"2012-06-24 20:28:08"
},
{
"kids":[],
"uid":"1738078924",
"parent":"",
"text":"",
"mid":"ypoR6aPAb",
"date":"2012-06-24 20:11:32"
},
{
"kids":[],
"uid":"2647183160",
"parent":"ypozveq7v",
"text":"回复@_Dear_寶:知吖，哎呀，走咯[偷笑][偷笑]",
"mid":"ypoQdeS0R",
"date":"2012-06-24 20:09:21"
},
{
"kids":[],
"uid":"1229624924",
"parent":"ypo8TuHju",
"text":"",
"mid":"ypoFtb56D",
"date":"2012-06-24 19:42:52"
},
{
"kids":[
"yprMjm7r7"
],
"uid":"2771494223",
"parent":"ypeUjDMRF",
"text":"兄弟们机不可失时不再来阿[花心][花心][花心][飞机][飞机][飞机]",
"mid":"ypoF41AZF",
"date":"2012-06-24 19:41:53"
},
{
"kids":[],
"uid":"2731821161",
"parent":"ypoxFsxw4",
"text":"回复@baby--敏仪:[思考]难道你噶身体结构与常人吾同[酷]快来等我同你研究下[偷笑]",
"mid":"ypoAS2xMy",
"date":"2012-06-24 19:31:33"
},
{
"kids":[
"yptqU9sly",
"ypoQdeS0R"
],
"uid":"2647183160",
"parent":"ypoxFsxw4",
"text":"你又知?你去过了己经[偷笑][偷笑][偷笑][偷笑][花心][花心]",
"mid":"ypozveq7v",
"date":"2012-06-24 19:28:08"
},
{
"kids":[
"ypoAS2xMy",
"ypozveq7v"
],
"uid":"2731821161",
"parent":"ypfE8fmNe",
"text":"回复@baby--敏仪:吾花心丫[酷]个个胸同窿都一样嗟[偷笑]所以好专一",
"mid":"ypoxFsxw4",
"date":"2012-06-24 19:23:38"
},
{
"kids":[],
"uid":"1804264400",
"parent":"ypnQw4OLB",
"text":"[吃惊]匪夷所思",
"mid":"ypoxqFkCO",
"date":"2012-06-24 19:23:02"
},
{
"kids":[],
"uid":"2647183160",
"parent":"ypfE8fmNe",
"text":"回复@_Dear_寶:男人無邊個唔花丫，[呵呵]",
"mid":"ypow4rOXe",
"date":"2012-06-24 19:19:44"
},
{
"kids":[],
"uid":"2647183160",
"parent":"ypfE8fmNe",
"text":"回复@唛精吰司:男人有邊個唔花心丫，",
"mid":"ypovCopWN",
"date":"2012-06-24 19:18:37"
},
{
"kids":[],
"uid":"2603545590",
"parent":"",
"text":"@丁俊玮上一本 你怎么7.14号去",
"mid":"ypot5cACd",
"date":"2012-06-24 19:12:19"
},
{
"kids":[
"yppjDhjAU"
],
"uid":"1764795652",
"parent":"",
"text":"@小猪猪1021",
"mid":"yporX8ncg",
"date":"2012-06-24 19:09:33"
},
{
"kids":[],
"uid":"1910625462",
"parent":"ypnVL7CEd",
"text":"[花心]",
"mid":"ypol6dAzd",
"date":"2012-06-24 18:52:42"
},
{
"kids":[],
"uid":"2426626440",
"parent":"ypog0FasF",
"text":"[花心]",
"mid":"ypohD81no",
"date":"2012-06-24 18:44:06"
},
{
"kids":[],
"uid":"2317984364",
"parent":"ypnXeq74d",
"text":"[黑线][吐][吐]",
"mid":"ypogD5u0x",
"date":"2012-06-24 18:41:39"
},
{
"kids":[
"ypohD81no"
],
"uid":"1608268873",
"parent":"ypodp270X",
"text":"7月14.15.16赶快年休[花心]",
"mid":"ypog0FasF",
"date":"2012-06-24 18:40:09"
},
{
"kids":[],
"uid":"1834092092",
"parent":"",
"text":"求组队",
"mid":"ypofv1X9w",
"date":"2012-06-24 18:38:55"
},
{
"kids":[
"ypog0FasF"
],
"uid":"1950836317",
"parent":"ypnXeq74d",
"text":"此广告的照片不是泰国滴人妖嘛，东方公主号",
"mid":"ypodp270X",
"date":"2012-06-24 18:33:41"
},
{
"kids":[
"ypoFtb56D"
],
"uid":"2088713261",
"parent":"ypo1wkC2q",
"text":"恩,日子不顺,是得去讨个吉祥[偷笑]",
"mid":"ypo8TuHju",
"date":"2012-06-24 18:22:38"
},
{
"kids":[],
"uid":"1794997244",
"parent":"ypo0q54ZM",
"text":"准备下个月去[奥特曼]",
"mid":"ypo8tcGGX",
"date":"2012-06-24 18:21:36"
},
{
"kids":[],
"uid":"2597747064",
"parent":"",
"text":"情何以堪？？？？",
"mid":"ypo4QAvIC",
"date":"2012-06-24 18:12:38"
},
{
"kids":[
"ypo8TuHju"
],
"uid":"207894912",
"parent":"",
"text":"去个毛线的香港``去个毛线的冰岛``队伍组起来啊``@汪洋_edward @Nash-Kakashi @胡渣味 [cai晃头][cai晃头][cai晃头][cai晃头][cai晃头]",
"mid":"ypo1wkC2q",
"date":"2012-06-24 18:04:29"
},
{
"kids":[],
"uid":"1949867433",
"parent":"",
"text":"不可能的[汗]",
"mid":"ypo1st4ql",
"date":"2012-06-24 18:04:19"
},
{
"kids":[],
"uid":"2519329622",
"parent":"ypnVL7CEd",
"text":"[花心]",
"mid":"ypo0UgseI",
"date":"2012-06-24 18:02:57"
},
{
"kids":[
"ypo8tcGGX"
],
"uid":"120202828",
"parent":"ypnXeq74d",
"text":"两个月后去云南[奥特曼]",
"mid":"ypo0q54ZM",
"date":"2012-06-24 18:01:45"
},
{
"kids":[],
"uid":"1563594194",
"parent":"",
"text":"真的假的- -",
"mid":"ypnZ7oD4K",
"date":"2012-06-24 17:58:34"
},
{
"kids":[],
"uid":"2740526187",
"parent":"",
"text":"寡闻啦！促进发育耳！[哈哈][哈哈]",
"mid":"ypnY5BMSy",
"date":"2012-06-24 17:55:58"
},
{
"kids":[],
"uid":"perryandmissing",
"parent":"",
"text":"",
"mid":"ypnXNwnAN",
"date":"2012-06-24 17:55:18"
},
{
"kids":[
"ypogD5u0x",
"ypodp270X",
"ypo0q54ZM"
],
"uid":"325256575",
"parent":"",
"text":"[汗]",
"mid":"ypnXeq74d",
"date":"2012-06-24 17:53:54"
},
{
"kids":[
"ypol6dAzd",
"ypo0UgseI"
],
"uid":"207666056",
"parent":"ypnQw4OLB",
"text":"男人们都要组队了",
"mid":"ypnVL7CEd",
"date":"2012-06-24 17:50:16"
},
{
"kids":[],
"uid":"2244271990",
"parent":"",
"text":"弄老伐好饿，揭穿无组撒啦真是饿[害羞]",
"mid":"ypnVmi4pG",
"date":"2012-06-24 17:49:18"
},
{
"kids":[],
"uid":"2244271990",
"parent":"ypnQmjyFZ",
"text":"[囧][bed凌乱]",
"mid":"ypnQB6EeN",
"date":"2012-06-24 17:37:31"
},
{
"kids":[
"ypoxqFkCO",
"ypnVL7CEd"
],
"uid":"319590004",
"parent":"ypcutEWtU",
"text":"组团了呀",
"mid":"ypnQw4OLB",
"date":"2012-06-24 17:37:20"
},
{
"kids":[
"ypnQB6EeN"
],
"uid":"319590004",
"parent":"",
"text":"么册些额，摸要高调",
"mid":"ypnQmjyFZ",
"date":"2012-06-24 17:36:56"
},
{
"kids":[],
"uid":"1778427920",
"parent":"ypmrfjeZD",
"text":"",
"mid":"ypnmPrpUC",
"date":"2012-06-24 16:24:13"
},
{
"kids":[],
"uid":"77lovexuli",
"parent":"yp6MGpqDW",
"text":"",
"mid":"ypnec259F",
"date":"2012-06-24 16:02:54"
},
{
"kids":[
"ypnmPrpUC"
],
"uid":"2213286320",
"parent":"ypkPytgkD",
"text":"真的[黑线][衰]",
"mid":"ypmrfjeZD",
"date":"2012-06-24 14:02:19"
},
{
"kids":[],
"uid":"jimmychan0818",
"parent":"",
"text":"回复@胡肉肉想回家吃多多的肉: [困] 我都习惯了",
"mid":"yplQA6XD8",
"date":"2012-06-24 12:32:01"
},
{
"kids":[],
"uid":"jimmychan0818",
"parent":"",
"text":"回复@胡肉肉想回家吃多多的肉: [挖鼻屎] 嫌弃我就直接讲呗. 挨你嫌弃又没是第一天了",
"mid":"yplA83RIP",
"date":"2012-06-24 11:51:30"
},
{
"kids":[],
"uid":"2334847694",
"parent":"ypkSE1fL5",
"text":"去了就要去。哈哈[偷笑][偷笑][偷笑]",
"mid":"ypkUUk6ji",
"date":"2012-06-24 10:09:56"
},
{
"kids":[],
"uid":"2735250663",
"parent":"",
"text":"",
"mid":"ypkU0cIav",
"date":"2012-06-24 10:07:42"
},
{
"kids":[
"ypkUUk6ji"
],
"uid":"2439608842",
"parent":"yp7MYuRSp",
"text":"[偷笑][偷笑][偷笑] 我好想去看看，但不摸………",
"mid":"ypkSE1fL5",
"date":"2012-06-24 10:04:22"
},
{
"kids":[
"ypmrfjeZD"
],
"uid":"1065688531",
"parent":"ypiMI0L7a",
"text":"",
"mid":"ypkPytgkD",
"date":"2012-06-24 09:56:45"
},
{
"kids":[],
"uid":"2184418000",
"parent":"ypiMI0L7a",
"text":"这个节日也有！[汗][吃惊]",
"mid":"ypkxDrO54",
"date":"2012-06-24 09:12:36"
},
{
"kids":[],
"uid":"2764561101",
"parent":"",
"text":"",
"mid":"ypk2GfErv",
"date":"2012-06-24 07:56:20"
},
{
"kids":[],
"uid":"2637404657",
"parent":"",
"text":"",
"mid":"ypjKMDF5A",
"date":"2012-06-24 07:12:15"
},
{
"kids":[
"ypNvSvRmv"
],
"uid":"2160972525",
"parent":"",
"text":"[神马][神马][神马]",
"mid":"ypiYI2i9M",
"date":"2012-06-24 05:13:48"
},
{
"kids":[],
"uid":"1769094021",
"parent":"ypiMI0L7a",
"text":"[汗]",
"mid":"ypiUOAilT",
"date":"2012-06-24 05:04:13"
},
{
"kids":[
"ypkPytgkD",
"ypkxDrO54",
"ypiUOAilT"
],
"uid":"333128626",
"parent":"yphYtdvzy",
"text":"本来想假装睡着了 看到这条实在忍不住冒泡at你们 You deserve it![哈哈] @助教之友 @Cynthia玫瑰",
"mid":"ypiMI0L7a",
"date":"2012-06-24 04:44:14"
},
{
"kids":[],
"uid":"2004132927",
"parent":"ypgIgc1ae",
"text":"",
"mid":"ypi0xrwt1",
"date":"2012-06-24 02:45:34"
},
{
"kids":[
"ypiMI0L7a"
],
"uid":"jameslan",
"parent":"",
"text":"？",
"mid":"yphYtdvzy",
"date":"2012-06-24 02:40:28"
},
{
"kids":[],
"uid":"1862737844",
"parent":"",
"text":"[哈哈][哈哈][哈哈][哈哈]这个可以 安排起来",
"mid":"yphP05ee9",
"date":"2012-06-24 02:17:08"
},
{
"kids":[],
"uid":"2254757537",
"parent":"ypeUjDMRF",
"text":"",
"mid":"yphOi3nCM",
"date":"2012-06-24 02:15:23"
},
{
"kids":[],
"uid":"2284497684",
"parent":"",
"text":"[花心][花心][花心][花心][花心][花心][花心][花心]绝对要去哪里旅游",
"mid":"yphH2gIzA",
"date":"2012-06-24 01:57:31"
},
{
"kids":[],
"uid":"1964600952",
"parent":"",
"text":"睇来要去行下先得...求组队~~~~",
"mid":"yphv5um6g",
"date":"2012-06-24 01:28:05"
},
{
"kids":[],
"uid":"2545039650",
"parent":"",
"text":"[晕][哈哈]",
"mid":"yphpNdljQ",
"date":"2012-06-24 01:15:02"
},
{
"kids":[],
"uid":"1913420795",
"parent":"",
"text":"@且听风来吟 @小骚荣子 @小个歪歪 @kokusei @人生如花花如梦",
"mid":"yphl7CgEj",
"date":"2012-06-24 01:03:31"
},
{
"kids":[],
"uid":"2243048787",
"parent":"ypg04EPcs",
"text":"你们都看错了 我不是那种人",
"mid":"yph11d3ol",
"date":"2012-06-24 00:14:02"
},
{
"kids":[],
"uid":"2255276114",
"parent":"ypd5iDrWn",
"text":"",
"mid":"ypgYU2GzJ",
"date":"2012-06-24 00:08:48"
},
{
"kids":[],
"uid":"1900714131",
"parent":"ypgLL1Z5R",
"text":"是不是真的先！！！",
"mid":"ypgYjnEcC",
"date":"2012-06-24 00:07:17"
},
{
"kids":[
"ypgYjnEcC"
],
"uid":"2809390754",
"parent":"",
"text":"@我吃菠萝苞 @吹水哥也说说",
"mid":"ypgLL1Z5R",
"date":"2012-06-23 23:36:23"
},
{
"kids":[
"ypi0xrwt1"
],
"uid":"2036189241",
"parent":"",
"text":"[吃惊][吃惊][吃惊][吃惊]",
"mid":"ypgIgc1ae",
"date":"2012-06-23 23:27:47"
},
{
"kids":[],
"uid":"2647183160",
"parent":"ypfE8fmNe",
"text":"唔知在边",
"mid":"ypgpg4C8A",
"date":"2012-06-23 22:40:56"
},
{
"kids":[],
"uid":"2140515655",
"parent":"ypb6cFahZ",
"text":"男人过节了[害羞]",
"mid":"ypgfr3G6l",
"date":"2012-06-23 22:16:44"
},
{
"kids":[],
"uid":"2596913485",
"parent":"",
"text":"",
"mid":"ypgdVEjRQ",
"date":"2012-06-23 22:13:04"
},
{
"kids":[],
"uid":"2079916193",
"parent":"ypeCGkThB",
"text":"孩子 好适合你啊@mmmm_ck",
"mid":"ypgdewRnJ",
"date":"2012-06-23 22:11:21"
},
{
"kids":[],
"uid":"2133245041",
"parent":"",
"text":"我会告诉你我手好了么[挖鼻屎]",
"mid":"ypgasx2pa",
"date":"2012-06-23 22:04:31"
},
{
"kids":[],
"uid":"2509768067",
"parent":"ypeTJktrf",
"text":"呃，去的时候带上我[挖鼻屎]",
"mid":"ypg6CnITy",
"date":"2012-06-23 21:55:02"
},
{
"kids":[
"yph11d3ol"
],
"uid":"1934492553",
"parent":"",
"text":"他还一只在摸他下面",
"mid":"ypg04EPcs",
"date":"2012-06-23 21:38:56"
},
{
"kids":[],
"uid":"2234929512",
"parent":"ypfnOqFMk",
"text":"暑假就去这旅游了",
"mid":"ypg045CyM",
"date":"2012-06-23 21:38:55"
},
{
"kids":[],
"uid":"2272593350",
"parent":"ypeUjDMRF",
"text":"",
"mid":"ypfZ2wToG",
"date":"2012-06-23 21:36:22"
},
{
"kids":[],
"uid":"2180778363",
"parent":"",
"text":"我不信",
"mid":"ypfUyvqdK",
"date":"2012-06-23 21:25:20"
},
{
"kids":[
"ypoxFsxw4",
"ypow4rOXe",
"ypovCopWN",
"ypgpg4C8A"
],
"uid":"2731821161",
"parent":"",
"text":"[花心]报团。。。。几大要去",
"mid":"ypfE8fmNe",
"date":"2012-06-23 20:44:50"
},
{
"kids":[],
"uid":"2180778363",
"parent":"ypftskS2e",
"text":"你的猪奶比较好摸",
"mid":"ypfzYxQZN",
"date":"2012-06-23 20:34:38"
},
{
"kids":[],
"uid":"1707499874",
"parent":"ypeWnADvr",
"text":"克！",
"mid":"ypfxVbliu",
"date":"2012-06-23 20:29:34"
},
{
"kids":[],
"uid":"2629515763",
"parent":"ypfpJggtT",
"text":"@Plu_SD_Micky龙共兔之 走起啊 队长",
"mid":"ypfxO6TkP",
"date":"2012-06-23 20:29:18"
},
{
"kids":[],
"uid":"2218547575",
"parent":"",
"text":"我也想去[嘘][嘘][害羞][害羞][害羞]",
"mid":"ypfxmAbkj",
"date":"2012-06-23 20:28:11"
},
{
"kids":[],
"uid":"2133245041",
"parent":"",
"text":"干脆我们去云南算了！[哈哈] @佑佑在不停的动 @今天的黄金生想你又爱你 @卖只鞋 @奶牛喝牛奶- @含有暗示的幽默",
"mid":"ypfvNoLTd",
"date":"2012-06-23 20:24:20"
},
{
"kids":[
"ypfzYxQZN"
],
"uid":"2519315953",
"parent":"ypfjedCYM",
"text":"甩球...三顺，我求甩死。",
"mid":"ypftskS2e",
"date":"2012-06-23 20:18:34"
},
{
"kids":[
"ypfxO6TkP"
],
"uid":"2443432233",
"parent":"",
"text":"放心吧，都是炒作装B！真正不是这样的",
"mid":"ypfpJggtT",
"date":"2012-06-23 20:09:20"
},
{
"kids":[
"ypg045CyM"
],
"uid":"2154068250",
"parent":"ypcS5gmOd",
"text":"摸奶什麽的為什麽要@我→_→",
"mid":"ypfnOqFMk",
"date":"2012-06-23 20:04:40"
},
{
"kids":[],
"uid":"2414989145",
"parent":"ypffUwQxq",
"text":"@----华树荣 @方铭童鞋 @FC361_宇 @FUU祉明很好 @何国莹已经超神了 @皇根下得草寇 @LILI_ziLI @歐陽澤暉 @黄裕达Hyda @黄裕达Hyda @Libre梁认甜 @陆宏峰 @RG荣哥 @loveSU淼淼 @Snwei进家 @王鹏吾 @ 你谁想去啊？求组队……",
"mid":"ypflIoWi2",
"date":"2012-06-23 19:59:28"
},
{
"kids":[
"ypftskS2e"
],
"uid":"1157804451",
"parent":"",
"text":"顺啊…姐姐这种飞机场扮男的去下还可以，像你和@奶子君 这种甩球的就不要去了 [酷]",
"mid":"ypfjedCYM",
"date":"2012-06-23 19:53:20"
},
{
"kids":[
"ypflIoWi2"
],
"uid":"2209244647",
"parent":"ypf6NvX4L",
"text":"",
"mid":"ypffUwQxq",
"date":"2012-06-23 19:45:12"
},
{
"kids":[],
"uid":"wanshanxiu",
"parent":"",
"text":"求组队",
"mid":"ypfbrnhlf",
"date":"2012-06-23 19:34:11"
},
{
"kids":[],
"uid":"sulong13",
"parent":"",
"text":"哈哈哈哈笑死我了你解说",
"mid":"ypf9lApbm",
"date":"2012-06-23 19:29:02"
},
{
"kids":[],
"uid":"sexy1",
"parent":"ypcb6dxXA",
"text":"@哥伦比亚f4 @Tracy澤權_QW @菻尐肥 @Mr---lin @西瓜太郎D妹妹 @菻尐鹏 @嘟嘟嘴111111111111 @唔知窝 有兴趣么？",
"mid":"ypf7Z9FoF",
"date":"2012-06-23 19:25:40"
},
{
"kids":[
"ypffUwQxq"
],
"uid":"545841186",
"parent":"",
"text":"[花心] 卧槽 真不真呐 ?!",
"mid":"ypf6NvX4L",
"date":"2012-06-23 19:22:45"
},
{
"kids":[],
"uid":"2784386243",
"parent":"ypeUjDMRF",
"text":"这也可以有？真是奇葩[花心]",
"mid":"ypf6h4Wk2",
"date":"2012-06-23 19:21:27"
},
{
"kids":[],
"uid":"2418155731",
"parent":"",
"text":"[花心][花心][花心]@零武骏真心想和你走下去 @曾思维是个什么玩意儿 @肥仔肥翔飞翔 放假了我们去云南吧~[花心][花心][花心][花心][花心][花心]",
"mid":"ypf36fBGS",
"date":"2012-06-23 19:13:38"
},
{
"kids":[],
"uid":"2528208773",
"parent":"ypevwvOJ2",
"text":"会被打吗[生病]",
"mid":"ypf1UojO2",
"date":"2012-06-23 19:10:40"
},
{
"kids":[],
"uid":"533271238",
"parent":"ypeUjDMRF",
"text":"[花心]彝族。。。坑爹啊。。。这么好的传统。。。造福广大淫男啊@cruru1023",
"mid":"ypf0LrVk0",
"date":"2012-06-23 19:07:54"
},
{
"kids":[],
"uid":"334242911",
"parent":"",
"text":"哟~~~~使得喔",
"mid":"ypeXTzZrv",
"date":"2012-06-23 19:00:49"
},
{
"kids":[
"ypfxVbliu"
],
"uid":"2632726173",
"parent":"",
"text":"这地方必须去！！！",
"mid":"ypeWnADvr",
"date":"2012-06-23 18:57:05"
},
{
"kids":[],
"uid":"2797529630",
"parent":"ypeUjDMRF",
"text":"去云南摸奶哦![花心][花心][花心][鼓掌][鼓掌][鼓掌]@醉一夜梦一场 @无舍何来得--simon @Prada晴天-应利 @雀斑-me @叶芷77258 @zpl1976",
"mid":"ypeWkDivq",
"date":"2012-06-23 18:56:58"
},
{
"kids":[
"ypoYEfMOj",
"ypoF41AZF",
"yphOi3nCM",
"ypfZ2wToG",
"ypf6h4Wk2",
"ypf0LrVk0",
"ypeWkDivq"
],
"uid":"2790158083",
"parent":"",
"text":"想去的男人可以报名。",
"mid":"ypeUjDMRF",
"date":"2012-06-23 18:51:58"
},
{
"kids":[],
"uid":"2082810275",
"parent":"",
"text":"@覃祈玮qqw有歧义啊擦",
"mid":"ypeTNr6iq",
"date":"2012-06-23 18:50:43"
},
{
"kids":[
"ypg6CnITy"
],
"uid":"1794533457",
"parent":"ypeKGttQg",
"text":"什么时候去看看",
"mid":"ypeTJktrf",
"date":"2012-06-23 18:50:31"
},
{
"kids":[],
"uid":"2809622130",
"parent":"ypeKw90Ia",
"text":"哈哈哈你小子艳福不浅啊@smallbin来了",
"mid":"ypeSmdgJL",
"date":"2012-06-23 18:47:07"
},
{
"kids":[],
"uid":"133528000",
"parent":"ypeKw90Ia",
"text":"男人可以多去[哈哈]",
"mid":"ypeOTmFWj",
"date":"2012-06-23 18:38:39"
},
{
"kids":[],
"uid":"2171966701",
"parent":"",
"text":"真猥琐。",
"mid":"ypeOqqz52",
"date":"2012-06-23 18:37:26"
},
{
"kids":[
"ypeTJktrf"
],
"uid":"1909015475",
"parent":"",
"text":"同学，你邪恶了，我那么正直呢人",
"mid":"ypeKGttQg",
"date":"2012-06-23 18:28:16"
},
{
"kids":[
"ypeSmdgJL",
"ypeOTmFWj"
],
"uid":"2614027795",
"parent":"",
"text":"居然有这样的节日@一杯开水一百块 @楠溪光 @浪子楚天舒 @温州胡教练",
"mid":"ypeKw90Ia",
"date":"2012-06-23 18:27:51"
},
{
"kids":[],
"uid":"1822737873",
"parent":"",
"text":"[bed凌乱]",
"mid":"ypeHy2ZD1",
"date":"2012-06-23 18:20:32"
},
{
"kids":[],
"uid":"2788720314",
"parent":"",
"text":"懂了，不过还是觉得，不错哦！！@请输入用户名 @站在右边的33 [馋嘴][奥特曼]",
"mid":"ypeFfgSLa",
"date":"2012-06-23 18:14:52"
},
{
"kids":[],
"uid":"1654580622",
"parent":"",
"text":"其实我在不知道云南有这个节的时候就一直有个目标去云南玩一趟 ... [阴险]",
"mid":"ypeEMmYqv",
"date":"2012-06-23 18:13:43"
},
{
"kids":[],
"uid":"2180778363",
"parent":"",
"text":"我草 好 我觉定了",
"mid":"ypeEwFQjl",
"date":"2012-06-23 18:13:05"
},
{
"kids":[
"ypgdewRnJ"
],
"uid":"1890161831",
"parent":"ypeoUmsNn",
"text":"[心]",
"mid":"ypeCGkThB",
"date":"2012-06-23 18:08:33"
},
{
"kids":[],
"uid":"jimmychan0818",
"parent":"",
"text":"回复@胡肉肉想回家吃多多的肉: 那二天你过来帮我解决下子饥渴呗[挖鼻屎]",
"mid":"ypewTCA64",
"date":"2012-06-23 17:54:17"
},
{
"kids":[
"ypf1UojO2"
],
"uid":"siwei145",
"parent":"",
"text":"大家7月份都去云南的原因是为了这个么？？[偷笑][偷笑]",
"mid":"ypevwvOJ2",
"date":"2012-06-23 17:50:55"
},
{
"kids":[],
"uid":"2069572553",
"parent":"",
"text":"@貳世祖Wd 那男的[挖鼻屎]",
"mid":"ypepZ7ECB",
"date":"2012-06-23 17:37:14"
},
{
"kids":[],
"uid":"ldm1983",
"parent":"ypefq4zdg",
"text":"很好，顺便可以去睇下d普洱！[耶]",
"mid":"ypepV2y3X",
"date":"2012-06-23 17:37:07"
},
{
"kids":[
"ypeCGkThB"
],
"uid":"44014264",
"parent":"ypcS5gmOd",
"text":"[good][good][good]",
"mid":"ypeoUmsNn",
"date":"2012-06-23 17:34:35"
},
{
"kids":[],
"uid":"2282539693",
"parent":"",
"text":"神节日啊",
"mid":"ypekoxbGZ",
"date":"2012-06-23 17:23:30"
},
{
"kids":[],
"uid":"pzppzz",
"parent":"",
"text":"尼玛，",
"mid":"ypejwtnsc",
"date":"2012-06-23 17:21:21"
},
{
"kids":[],
"uid":"1946934855",
"parent":"",
"text":"无语··你@ 我干嘛呀··小红帽知道会怎样",
"mid":"ypeiqdpNF",
"date":"2012-06-23 17:18:38"
},
{
"kids":[
"ypepV2y3X"
],
"uid":"2143692137",
"parent":"ypebWCtt5",
"text":"",
"mid":"ypefq4zdg",
"date":"2012-06-23 17:11:11"
},
{
"kids":[],
"uid":"2286325565",
"parent":"",
"text":"@进球吧_小番茄",
"mid":"ypecb7W0f",
"date":"2012-06-23 17:03:15"
},
{
"kids":[
"ypefq4zdg"
],
"uid":"2076194184",
"parent":"ypaOifvat",
"text":"甘扑街伽！甘个节日都有的？唉！！！真系天下之大无其不有啰。。…",
"mid":"ypebWCtt5",
"date":"2012-06-23 17:02:40"
},
{
"kids":[],
"uid":"1906883311",
"parent":"yp9Udb7Ab",
"text":"",
"mid":"ype7xiVRb",
"date":"2012-06-23 16:51:47"
},
{
"kids":[],
"uid":"jimmychan0818",
"parent":"",
"text":"[挖鼻屎] 这种事情你就想到我啦. 可见我在你心里面是多么的失败.",
"mid":"ype6D9XS0",
"date":"2012-06-23 16:49:33"
},
{
"kids":[
"yptVqrOFq"
],
"uid":"1437254132",
"parent":"",
"text":"@-纹墨- @张志杰20131014 适合你们去爽一下啊…",
"mid":"ype6rDvUv",
"date":"2012-06-23 16:49:08"
},
{
"kids":[],
"uid":"2397320691",
"parent":"ypdJKdG5N",
"text":"甘爽！！！有无摸雀节？即刻罗胶剪剪左它[怒][怒]",
"mid":"ypdYJdYhO",
"date":"2012-06-23 16:30:07"
},
{
"kids":[],
"uid":"1223803407",
"parent":"yp4SMeUsS",
"text":"",
"mid":"ypdWEnW8D",
"date":"2012-06-23 16:24:59"
},
{
"kids":[
"ypdYJdYhO"
],
"uid":"2434438315",
"parent":"ypcx77zpg",
"text":"[睡觉][睡觉][睡觉]",
"mid":"ypdJKdG5N",
"date":"2012-06-23 15:53:12"
},
{
"kids":[],
"uid":"nicolechen227",
"parent":"ypdeemDah",
"text":"[黑线]",
"mid":"ypdtg6UpN",
"date":"2012-06-23 15:12:35"
},
{
"kids":[],
"uid":"1085383901",
"parent":"ypd5iDrWn",
"text":"就像日本父亲节，女儿给父亲洗澡一样",
"mid":"ypdfodJYb",
"date":"2012-06-23 14:38:23"
},
{
"kids":[
"ypdtg6UpN"
],
"uid":"2515098890",
"parent":"",
"text":"",
"mid":"ypdeemDah",
"date":"2012-06-23 14:35:34"
},
{
"kids":[],
"uid":"1924280502",
"parent":"ypcx77zpg",
"text":"D男人有艳福了",
"mid":"ypdbf9d5a",
"date":"2012-06-23 14:28:11"
},
{
"kids":[],
"uid":"1929170785",
"parent":"",
"text":"起码没有男人抵制",
"mid":"ypd6bCblT",
"date":"2012-06-23 14:15:44"
},
{
"kids":[
"ypgYU2GzJ",
"ypdfodJYb"
],
"uid":"xiaoxin829",
"parent":"",
"text":"雲南喜歡玩一夜情還喜歡這個啊..真開放啊..",
"mid":"ypd5iDrWn",
"date":"2012-06-23 14:13:32"
},
{
"kids":[],
"uid":"1707045062",
"parent":"ypcPLDuLy",
"text":"这个不得了[挖鼻屎][挖鼻屎][挖鼻屎]",
"mid":"ypd4bvkwq",
"date":"2012-06-23 14:10:50"
},
{
"kids":[],
"uid":"2219186744",
"parent":"ypc8px92z",
"text":"我地要唔要组团去啊！[花心]报名从速，云南摸波节..",
"mid":"ypd1GnbiG",
"date":"2012-06-23 14:04:38"
},
{
"kids":[],
"uid":"1870380151",
"parent":"ypcMchUxK",
"text":"得人怕！！",
"mid":"ypcZovfIi",
"date":"2012-06-23 13:59:01"
},
{
"kids":[],
"uid":"2589096124",
"parent":"ypcFBl8oz",
"text":"你妹啊必须去啊",
"mid":"ypcZ3fujz",
"date":"2012-06-23 13:58:10"
},
{
"kids":[],
"uid":"wan077",
"parent":"",
"text":"这个地方是男人的天堂那。。",
"mid":"ypcTS69e5",
"date":"2012-06-23 13:45:23"
},
{
"kids":[],
"uid":"2170809920",
"parent":"ypcjabeSs",
"text":"[花心]云南双柏县鄂家镇",
"mid":"ypcTx5TFs",
"date":"2012-06-23 13:44:34"
},
{
"kids":[
"yCknNyUN4"
],
"uid":"2685079381",
"parent":"yp5JdyiA9",
"text":"",
"mid":"ypcShnkRb",
"date":"2012-06-23 13:41:29"
},
{
"kids":[
"ypfnOqFMk",
"ypeoUmsNn"
],
"uid":"2338925651",
"parent":"ypcPLDuLy",
"text":"@阿_杜dennis @Aby_大雅 @AKA_Funky白 @阿弟你揍死马 @曹可闻 @刘缘-CrazyNono @MMMMMZ峪 @MIKE才知道其实名字可以取这么长",
"mid":"ypcS5gmOd",
"date":"2012-06-23 13:41:00"
},
{
"kids":[
"ypd4bvkwq",
"ypcS5gmOd"
],
"uid":"1931836505",
"parent":"ypcFBl8oz",
"text":"还在为暑假没地方去而发愁吗@叫王智比较亲切 @LIVSAR馬兒立志哥 @肥Lo @爱平兄要干大事 @Halcyon霆 :转发微博",
"mid":"ypcPLDuLy",
"date":"2012-06-23 13:35:18"
},
{
"kids":[],
"uid":"1855714814",
"parent":"",
"text":"[花心]",
"mid":"ypcO9uxzY",
"date":"2012-06-23 13:31:17"
},
{
"kids":[],
"uid":"legendlcjay",
"parent":"",
"text":"败坏社会风气！[鄙视]",
"mid":"ypcNk5iKJ",
"date":"2012-06-23 13:29:15"
},
{
"kids":[
"ypcZovfIi"
],
"uid":"2203366477",
"parent":"ypcx77zpg",
"text":"你想去吗？@Mr焯 好似好想去co哇，一齐去就系啦",
"mid":"ypcMchUxK",
"date":"2012-06-23 13:26:30"
},
{
"kids":[],
"uid":"1829735495",
"parent":"ypceujQVB",
"text":"………无奇不有…",
"mid":"ypcLNdi2c",
"date":"2012-06-23 13:25:30"
},
{
"kids":[],
"uid":"1771726354",
"parent":"ypcx77zpg",
"text":"过去捞吓先得,摸过返来",
"mid":"ypcKyEsO1",
"date":"2012-06-23 13:22:26"
},
{
"kids":[],
"uid":"2644025095",
"parent":"",
"text":"@右翼律师潘二爷 人也是动物啊，快来抵制！",
"mid":"ypcKrhcvW",
"date":"2012-06-23 13:22:10"
},
{
"kids":[],
"uid":"2080359845",
"parent":"",
"text":"…",
"mid":"ypcIYyxoO",
"date":"2012-06-23 13:18:32"
},
{
"kids":[],
"uid":"janjanlest",
"parent":"",
"text":"[花心]",
"mid":"ypcIPpNy1",
"date":"2012-06-23 13:18:11"
},
{
"kids":[],
"uid":"2448213544",
"parent":"",
"text":"",
"mid":"ypcIvl8Ls",
"date":"2012-06-23 13:17:24"
},
{
"kids":[
"ypcZ3fujz",
"ypcPLDuLy"
],
"uid":"1756488037",
"parent":"",
"text":"我擦。7月果断组织旅游啊。",
"mid":"ypcFBl8oz",
"date":"2012-06-23 13:10:15"
},
{
"kids":[],
"uid":"1870211443",
"parent":"",
"text":"",
"mid":"ypcEY4bOA",
"date":"2012-06-23 13:08:40"
},
{
"kids":[],
"uid":"2708486054",
"parent":"ypcty4xSS",
"text":"还是回家吧",
"mid":"ypcBHm064",
"date":"2012-06-23 13:00:38"
},
{
"kids":[
"ypdJKdG5N",
"ypdbf9d5a",
"ypcMchUxK",
"ypcKyEsO1"
],
"uid":"1799478893",
"parent":"ypcgJuwL4",
"text":"边个发明哪CO节日阿？",
"mid":"ypcx77zpg",
"date":"2012-06-23 12:49:17"
},
{
"kids":[
"ypnQw4OLB"
],
"uid":"shaojinjing",
"parent":"ypbGbnxTD",
"text":"炯哥带上我",
"mid":"ypcutEWtU",
"date":"2012-06-23 12:42:51"
},
{
"kids":[
"ypcBHm064"
],
"uid":"1709672263",
"parent":"ypbWKcluh",
"text":"没看照片嘛，人都不穿衣服，你们组团去吧",
"mid":"ypcty4xSS",
"date":"2012-06-23 12:40:33"
},
{
"kids":[],
"uid":"0zew",
"parent":"",
"text":"",
"mid":"ypcoGnreh",
"date":"2012-06-23 12:28:33"
},
{
"kids":[],
"uid":"1406971102",
"parent":"ypcjabeSs",
"text":"组团去[偷笑]",
"mid":"ypck4Cw5s",
"date":"2012-06-23 12:17:12"
},
{
"kids":[
"ypcTx5TFs",
"ypck4Cw5s"
],
"uid":"317255535",
"parent":"ypceujQVB",
"text":"想去吖.",
"mid":"ypcjabeSs",
"date":"2012-06-23 12:14:56"
},
{
"kids":[
"ypcx77zpg"
],
"uid":"1804133071",
"parent":"ypcb6dxXA",
"text":"转发微博。",
"mid":"ypcgJuwL4",
"date":"2012-06-23 12:08:59"
},
{
"kids":[
"ypcLNdi2c",
"ypcjabeSs"
],
"uid":"1794120335",
"parent":"ypbQoke5y",
"text":"都去吧",
"mid":"ypceujQVB",
"date":"2012-06-23 12:03:25"
},
{
"kids":[],
"uid":"1972101775",
"parent":"ypcb6dxXA",
"text":"男生们肯定喜欢无比[花心]",
"mid":"ypcdY7cNz",
"date":"2012-06-23 12:02:10"
},
{
"kids":[],
"uid":"1665560792",
"parent":"",
"text":"",
"mid":"ypcdJAvuP",
"date":"2012-06-23 12:01:36"
},
{
"kids":[],
"uid":"1978901661",
"parent":"ypcb6dxXA",
"text":"花心][花心][鼓掌]@felicia_ing @iFen_Zhong @bitchy_农民 @土豆gor @_OsCarN",
"mid":"ypcccbOxl",
"date":"2012-06-23 11:57:48"
},
{
"kids":[],
"uid":"2171981083",
"parent":"",
"text":"[吃惊]",
"mid":"ypcbK8o7S",
"date":"2012-06-23 11:56:40"
},
{
"kids":[
"ypf7Z9FoF",
"ypcgJuwL4",
"ypcdY7cNz",
"ypcccbOxl"
],
"uid":"1883943242",
"parent":"ypc284Jgi",
"text":"@超级无敌肥仔沃   生日去云南旅游[花心][花心][鼓掌]",
"mid":"ypcb6dxXA",
"date":"2012-06-23 11:55:05"
},
{
"kids":[
"ypd1GnbiG"
],
"uid":"2085337201",
"parent":"ypc284Jgi",
"text":"頂[花心]",
"mid":"ypc8px92z",
"date":"2012-06-23 11:48:29"
},
{
"kids":[],
"uid":"13952790666zhou",
"parent":"ypbRbl2ab",
"text":"食色性也",
"mid":"ypc6RvQGJ",
"date":"2012-06-23 11:44:40"
},
{
"kids":[
"ypcb6dxXA",
"ypc8px92z"
],
"uid":"1874974895",
"parent":"",
"text":"[可爱][可爱]",
"mid":"ypc284Jgi",
"date":"2012-06-23 11:33:00"
},
{
"kids":[],
"uid":"2120808210",
"parent":"",
"text":"",
"mid":"ypbWTlYmB",
"date":"2012-06-23 11:20:07"
},
{
"kids":[
"ypcty4xSS"
],
"uid":"2708486054",
"parent":"ypbQoke5y",
"text":"呵呵，还是回家吧[偷笑]",
"mid":"ypbWKcluh",
"date":"2012-06-23 11:19:43"
},
{
"kids":[],
"uid":"2278528454",
"parent":"",
"text":"like it？",
"mid":"ypbVNFblc",
"date":"2012-06-23 11:17:24"
},
{
"kids":[],
"uid":"1678583840",
"parent":"",
"text":"",
"mid":"ypbRgo4QJ",
"date":"2012-06-23 11:06:14"
},
{
"kids":[
"ypc6RvQGJ"
],
"uid":"1955150520",
"parent":"ypbb1ajfy",
"text":"夸张了。",
"mid":"ypbRbl2ab",
"date":"2012-06-23 11:06:02"
},
{
"kids":[
"ypceujQVB",
"ypbWKcluh"
],
"uid":"1589138804",
"parent":"ypbD5iSm4",
"text":"去云南吧",
"mid":"ypbQoke5y",
"date":"2012-06-23 11:04:04"
},
{
"kids":[],
"uid":"1914194584",
"parent":"yp5s17jZU",
"text":"这个可以有",
"mid":"ypbPvkDDJ",
"date":"2012-06-23 11:01:54"
},
{
"kids":[],
"uid":"1339440923",
"parent":"ypbGbnxTD",
"text":"5zp",
"mid":"ypbKXa96y",
"date":"2012-06-23 10:50:41"
},
{
"kids":[],
"uid":"1631387862",
"parent":"",
"text":"我去，不能做那的女子不然得被多少人摸[嘻嘻]",
"mid":"ypbIBqGVh",
"date":"2012-06-23 10:44:55"
},
{
"kids":[
"ypcutEWtU",
"ypbKXa96y"
],
"uid":"319590004",
"parent":"",
"text":"哥哥也要",
"mid":"ypbGbnxTD",
"date":"2012-06-23 10:38:55"
},
{
"kids":[
"ypbQoke5y"
],
"uid":"2708486054",
"parent":"ypbykFfL1",
"text":"放屁瞅别人！其实就是你想问",
"mid":"ypbD5iSm4",
"date":"2012-06-23 10:31:18"
},
{
"kids":[],
"uid":"2635805341",
"parent":"",
"text":"",
"mid":"ypbCVwAiT",
"date":"2012-06-23 10:30:55"
},
{
"kids":[
"ypbD5iSm4"
],
"uid":"1003803221",
"parent":"",
"text":"我哥们儿问。是隔着衣服摸呀还是可以把手伸进去？？？[偷笑]",
"mid":"ypbykFfL1",
"date":"2012-06-23 10:19:35"
},
{
"kids":[],
"uid":"2838092642",
"parent":"",
"text":"",
"mid":"ypbxosbKJ",
"date":"2012-06-23 10:17:17"
},
{
"kids":[],
"uid":"2679900351",
"parent":"ypb6lh0uO",
"text":"",
"mid":"ypbw67gWN",
"date":"2012-06-23 10:14:04"
},
{
"kids":[],
"uid":"2008554805",
"parent":"ypaxR6ojM",
"text":"",
"mid":"ypbw39W00",
"date":"2012-06-23 10:13:58"
},
{
"kids":[],
"uid":"forever77qsn",
"parent":"",
"text":"",
"mid":"ypbuLmwwP",
"date":"2012-06-23 10:10:47"
},
{
"kids":[
"yqckEkMrn"
],
"uid":"2116566993",
"parent":"",
"text":"云南这个节日很ok啊，我很喜欢",
"mid":"ypbguBaqP",
"date":"2012-06-23 09:35:39"
},
{
"kids":[],
"uid":"2664734770",
"parent":"",
"text":"应该向全国推广啊！[偷笑][偷笑]",
"mid":"ypbcY1o3U",
"date":"2012-06-23 09:26:56"
},
{
"kids":[
"ypbRbl2ab"
],
"uid":"1404005614",
"parent":"",
"text":"",
"mid":"ypbb1ajfy",
"date":"2012-06-23 09:22:08"
},
{
"kids":[],
"uid":"yesvw",
"parent":"ypaj3iwmO",
"text":"",
"mid":"ypb8Ykx8C",
"date":"2012-06-23 09:17:07"
},
{
"kids":[],
"uid":"1898524723",
"parent":"ypb6cFahZ",
"text":"算我一个吧，人多热闹点[害羞]",
"mid":"ypb7GzAjx",
"date":"2012-06-23 09:13:56"
},
{
"kids":[
"ypbw67gWN"
],
"uid":"RayDXchan",
"parent":"",
"text":"摸奶？[怒骂]",
"mid":"ypb6lh0uO",
"date":"2012-06-23 09:10:38"
},
{
"kids":[
"ypgfr3G6l",
"ypb7GzAjx"
],
"uid":"kevinwan",
"parent":"ypb1N3No9",
"text":"勉强报个名[哈哈]",
"mid":"ypb6cFahZ",
"date":"2012-06-23 09:10:18"
},
{
"kids":[],
"uid":"1864254844",
"parent":"ypagvb6jz",
"text":"",
"mid":"ypb4xf2xg",
"date":"2012-06-23 09:06:10"
},
{
"kids":[
"ypb6cFahZ"
],
"uid":"2272712215",
"parent":"ypaaXfatA",
"text":"[哈哈][围观] 组团去",
"mid":"ypb1N3No9",
"date":"2012-06-23 08:59:24"
},
{
"kids":[],
"uid":"2734898472",
"parent":"",
"text":"",
"mid":"ypb0P4CrQ",
"date":"2012-06-23 08:57:02"
},
{
"kids":[],
"uid":"2811779430",
"parent":"",
"text":"我要去！会不会挨揍？",
"mid":"ypaVod5SX",
"date":"2012-06-23 08:43:38"
},
{
"kids":[],
"uid":"1692836793",
"parent":"",
"text":"",
"mid":"ypaPv1t9M",
"date":"2012-06-23 08:29:08"
},
{
"kids":[
"ypebWCtt5"
],
"uid":"2143692137",
"parent":"yp9CODcSK",
"text":"求组团！[花心][花心][花心][花心]",
"mid":"ypaOifvat",
"date":"2012-06-23 08:26:10"
},
{
"kids":[],
"uid":"tks1983",
"parent":"yp9ZE3eTQ",
"text":"[哈哈][哈哈][哈哈][哈哈][哈哈][哈哈][哈哈][哈哈][哈哈][哈哈][哈哈][哈哈][馋嘴][馋嘴][抓狂][抓狂][抓狂][抓狂][抓狂][睡觉]",
"mid":"ypaKHrBzP",
"date":"2012-06-23 08:17:18"
},
{
"kids":[],
"uid":"2670105183",
"parent":"",
"text":"走这么好的事",
"mid":"ypaGMvx55",
"date":"2012-06-23 08:07:40"
},
{
"kids":[],
"uid":"2043999937",
"parent":"",
"text":"",
"mid":"ypaGbkcIP",
"date":"2012-06-23 08:06:11"
},
{
"kids":[
"ypbw39W00"
],
"uid":"12150821",
"parent":"ypah4De2d",
"text":"",
"mid":"ypaxR6ojM",
"date":"2012-06-23 07:45:40"
},
{
"kids":[],
"uid":"1621010054",
"parent":"yp7YD004u",
"text":"@------燕妮yannie 真有这种事？？？",
"mid":"ypawW4sju",
"date":"2012-06-23 07:43:24"
},
{
"kids":[],
"uid":"1621010054",
"parent":"yp7YD004u",
"text":"我要去云南",
"mid":"ypawwDoi3",
"date":"2012-06-23 07:42:24"
},
{
"kids":[],
"uid":"2378871381",
"parent":"",
"text":"",
"mid":"ypaviEtSq",
"date":"2012-06-23 07:39:23"
},
{
"kids":[],
"uid":"512905789",
"parent":"",
"text":"",
"mid":"ypaqhwKrx",
"date":"2012-06-23 07:27:00"
},
{
"kids":[],
"uid":"mansonyao",
"parent":"",
"text":"我也要去摸奶[馋嘴][馋嘴][馋嘴]",
"mid":"ypaonDxFh",
"date":"2012-06-23 07:22:20"
},
{
"kids":[],
"uid":"2105737051",
"parent":"",
"text":"",
"mid":"ypanSiRwk",
"date":"2012-06-23 07:21:04"
},
{
"kids":[],
"uid":"1226115361",
"parent":"ypah4De2d",
"text":"还是云南好啊[害羞]",
"mid":"ypak8ndBJ",
"date":"2012-06-23 07:11:52"
},
{
"kids":[
"ypb8Ykx8C"
],
"uid":"bh1exe",
"parent":"yp9POog0Z",
"text":"一定这个时间去摸摸！ 摸奶节是云南双柏县鄂家镇彝族传统文化就是农历的7月14日、15日-16日三天@汪杰虫虫 @球宝贝儿 @juanjuan98802 @徐瀚BJ",
"mid":"ypaj3iwmO",
"date":"2012-06-23 07:09:12"
},
{
"kids":[
"ypaxR6ojM",
"ypak8ndBJ"
],
"uid":"539350678",
"parent":"ypagvb6jz",
"text":"哇呜～[ok]",
"mid":"ypah4De2d",
"date":"2012-06-23 07:04:20"
},
{
"kids":[
"ypb4xf2xg",
"ypah4De2d"
],
"uid":"1864254844",
"parent":"ypa0QcgwR",
"text":"@阿艺头song @小-宁朇氣 @小沈1987 @小煜_Aries @石石石35 [花心]",
"mid":"ypagvb6jz",
"date":"2012-06-23 07:02:55"
},
{
"kids":[],
"uid":"2125770423",
"parent":"",
"text":"",
"mid":"ypad6czC8",
"date":"2012-06-23 06:54:32"
},
{
"kids":[],
"uid":"2353056492",
"parent":"",
"text":"",
"mid":"ypad3dWI5",
"date":"2012-06-23 06:54:25"
},
{
"kids":[],
"uid":"2742859424",
"parent":"",
"text":"",
"mid":"ypabL9fgT",
"date":"2012-06-23 06:51:14"
},
{
"kids":[],
"uid":"2294424601",
"parent":"",
"text":"",
"mid":"ypabp31CD",
"date":"2012-06-23 06:50:21"
},
{
"kids":[
"ypb1N3No9"
],
"uid":"1898524723",
"parent":"",
"text":"侬欢喜的",
"mid":"ypaaXfatA",
"date":"2012-06-23 06:49:15"
},
{
"kids":[],
"uid":"2807335865",
"parent":"",
"text":"必须参与一下",
"mid":"ypa9xcNr4",
"date":"2012-06-23 06:45:44"
},
{
"kids":[],
"uid":"1776599295",
"parent":"",
"text":"这节日必须全国推广！[花心]",
"mid":"ypa8jf2jb",
"date":"2012-06-23 06:42:44"
},
{
"kids":[],
"uid":"2640819463",
"parent":"",
"text":"我要过节",
"mid":"ypa80idQW",
"date":"2012-06-23 06:42:00"
},
{
"kids":[],
"uid":"2787351805",
"parent":"",
"text":"这地方[花心]",
"mid":"ypa7NiXMa",
"date":"2012-06-23 06:41:28"
},
{
"kids":[],
"uid":"1986876185",
"parent":"yp9ZE3eTQ",
"text":"",
"mid":"ypa7w9Ryw",
"date":"2012-06-23 06:40:47"
},
{
"kids":[],
"uid":"2329454857",
"parent":"",
"text":"天啊。。真的吗。那有没有摸棍节啊。。",
"mid":"ypa7d0Fgj",
"date":"2012-06-23 06:40:01"
},
{
"kids":[],
"uid":"1723864417",
"parent":"",
"text":"",
"mid":"ypa6OsRZa",
"date":"2012-06-23 06:39:03"
},
{
"kids":[],
"uid":"2081884771",
"parent":"",
"text":"",
"mid":"ypa6eEmMg",
"date":"2012-06-23 06:37:38"
},
{
"kids":[],
"uid":"2652323470",
"parent":"",
"text":"哇這種事情真是勁爆",
"mid":"ypa66r7t0",
"date":"2012-06-23 06:37:17"
},
{
"kids":[],
"uid":"2711677481",
"parent":"",
"text":"",
"mid":"ypa3jfpin",
"date":"2012-06-23 06:30:25"
},
{
"kids":[],
"uid":"2098909400",
"parent":"",
"text":"以后逢这些时间我也去！兄弟们，谁想去？赶快报名了！",
"mid":"ypa2UqVX5",
"date":"2012-06-23 06:29:26"
},
{
"kids":[],
"uid":"2593694654",
"parent":"",
"text":"有时间我也去摸一个",
"mid":"ypa2CFiXs",
"date":"2012-06-23 06:28:44"
},
{
"kids":[],
"uid":"2512030563",
"parent":"",
"text":"",
"mid":"ypa1Ai5oW",
"date":"2012-06-23 06:26:09"
},
{
"kids":[
"ypagvb6jz"
],
"uid":"2402039295",
"parent":"",
"text":"兄弟们去不？",
"mid":"ypa0QcgwR",
"date":"2012-06-23 06:24:20"
},
{
"kids":[
"ypaKHrBzP",
"ypa7w9Ryw"
],
"uid":"jzp6336",
"parent":"",
"text":"这样的节日好，喜欢[偷笑]可惜我们这边没有。",
"mid":"yp9ZE3eTQ",
"date":"2012-06-23 06:21:23"
},
{
"kids":[],
"uid":"yu82508250",
"parent":"",
"text":"",
"mid":"yp9Wk5uOb",
"date":"2012-06-23 06:13:12"
},
{
"kids":[
"ype7xiVRb"
],
"uid":"2150848000",
"parent":"",
"text":"[吃惊]",
"mid":"yp9Udb7Ab",
"date":"2012-06-23 06:08:00"
},
{
"kids":[],
"uid":"201252059",
"parent":"",
"text":"",
"mid":"yp9Td8YW8",
"date":"2012-06-23 06:05:32"
},
{
"kids":[],
"uid":"2722310135",
"parent":"",
"text":"",
"mid":"yp9SzcSEx",
"date":"2012-06-23 06:03:57"
},
{
"kids":[],
"uid":"54qnb",
"parent":"",
"text":"想不到",
"mid":"yp9Snp1lA",
"date":"2012-06-23 06:03:28"
},
{
"kids":[],
"uid":"1865255911",
"parent":"",
"text":"-_-||",
"mid":"yp9QZFTEx",
"date":"2012-06-23 06:00:05"
},
{
"kids":[],
"uid":"1447557664",
"parent":"",
"text":"",
"mid":"yp9QFBDxG",
"date":"2012-06-23 05:59:17"
},
{
"kids":[],
"uid":"2637573170",
"parent":"",
"text":"",
"mid":"yp9PZnu9s",
"date":"2012-06-23 05:57:36"
},
{
"kids":[
"ypaj3iwmO"
],
"uid":"mdshnx",
"parent":"",
"text":"摸奶节是云南双柏县鄂家镇彝族传统文化就是农历的7月14日、15日-16日三天",
"mid":"yp9POog0Z",
"date":"2012-06-23 05:57:10"
},
{
"kids":[],
"uid":"2217601537",
"parent":"",
"text":"不文明。",
"mid":"yp9PMEYnA",
"date":"2012-06-23 05:57:06"
},
{
"kids":[],
"uid":"2122953713",
"parent":"",
"text":"",
"mid":"yp9PphihB",
"date":"2012-06-23 05:56:10"
},
{
"kids":[
"ypaOifvat"
],
"uid":"zxz342824646",
"parent":"",
"text":"摸奶节是云南双柏县鄂家镇彝族传统文化就是农历的7月14日、15日-16日三天",
"mid":"yp9CODcSK",
"date":"2012-06-23 05:25:09"
},
{
"kids":[],
"uid":"2241984764",
"parent":"",
"text":"",
"mid":"yp8Z84SC7",
"date":"2012-06-23 03:47:21"
},
{
"kids":[],
"uid":"2705189401",
"parent":"",
"text":"我也想去！",
"mid":"yp8RRoe2n",
"date":"2012-06-23 03:29:28"
},
{
"kids":[],
"uid":"2277373313",
"parent":"",
"text":"",
"mid":"yp8Rupc6Y",
"date":"2012-06-23 03:28:33"
},
{
"kids":[],
"uid":"2679619252",
"parent":"",
"text":"对口",
"mid":"yp8OTCZ9R",
"date":"2012-06-23 03:22:10"
},
{
"kids":[],
"uid":"1269131324",
"parent":"",
"text":"！！",
"mid":"yp8JBlZ3s",
"date":"2012-06-23 03:09:07"
},
{
"kids":[],
"uid":"zkhua",
"parent":"",
"text":"把好像两个字去掉啊！！",
"mid":"yp8wk7BjP",
"date":"2012-06-23 02:36:24"
},
{
"kids":[],
"uid":"2501128704",
"parent":"yp6MGpqDW",
"text":"@陈宁宁宁宁宁宁宁 @-戴同学 @小顾伟伟 @小顾晃晃 走走走。一起去云南吧。",
"mid":"yp8i2wcIQ",
"date":"2012-06-23 02:01:13"
},
{
"kids":[],
"uid":"1256626317",
"parent":"yp5Fq10y5",
"text":"好像是几年的图片哦[鄙视]",
"mid":"yp85X7kWr",
"date":"2012-06-23 01:31:26"
},
{
"kids":[
"ypawW4sju",
"ypawwDoi3"
],
"uid":"locknoton",
"parent":"",
"text":"我要在那几天祝福你！[花心][花心]@筱晓小惠子",
"mid":"yp7YD004u",
"date":"2012-06-23 01:13:23"
},
{
"kids":[],
"uid":"tungliu",
"parent":"yp7NslSSD",
"text":"@AtenH 好像你啊啊啊啊",
"mid":"yp7UJ0Nkf",
"date":"2012-06-23 01:03:46"
},
{
"kids":[],
"uid":"2255406221",
"parent":"",
"text":"这。。。",
"mid":"yp7TppNu1",
"date":"2012-06-23 01:00:32"
},
{
"kids":[],
"uid":"1767909492",
"parent":"",
"text":"@sonic小子",
"mid":"yp7PGDSbc",
"date":"2012-06-23 00:51:22"
},
{
"kids":[],
"uid":"2113436992",
"parent":"",
"text":"那又不想！叫你去看而已！哈哈",
"mid":"yp7O7o8fU",
"date":"2012-06-23 00:47:30"
},
{
"kids":[
"yp7UJ0Nkf"
],
"uid":"b0wen",
"parent":"",
"text":"@汪白那个帅捷 暑假看你的！",
"mid":"yp7NslSSD",
"date":"2012-06-23 00:45:52"
},
{
"kids":[
"ypkSE1fL5"
],
"uid":"1897256887",
"parent":"yp7zSbZQw",
"text":"你们去太早了那'[偷笑][偷笑]@牛逼闪闪胖子孋 @依依-奕博",
"mid":"yp7MYuRSp",
"date":"2012-06-23 00:44:41"
},
{
"kids":[],
"uid":"2803155212",
"parent":"yp4EU57GU",
"text":"哎，亮亮总是转这样的贴：）看来中国之大无奇不有！",
"mid":"yp7J60Eis",
"date":"2012-06-23 00:35:06"
},
{
"kids":[
"yp7MYuRSp"
],
"uid":"2439608842",
"parent":"yp4QwcsVN",
"text":"",
"mid":"yp7zSbZQw",
"date":"2012-06-23 00:12:25"
},
{
"kids":[],
"uid":"1619433582",
"parent":"yp5uiDBgF",
"text":"我又想到了没有脚，你会穿鞋嘛",
"mid":"yp7yccYHe",
"date":"2012-06-23 00:08:15"
},
{
"kids":[],
"uid":"2113436992",
"parent":"",
"text":"想去吗？？@sp苏鹏鹏 @程梓明 @-馬學鋒",
"mid":"yp79vcfTS",
"date":"2012-06-22 23:07:24"
},
{
"kids":[],
"uid":"2076876711",
"parent":"yp6tinc9R",
"text":"",
"mid":"yp76V6tcL",
"date":"2012-06-22 23:01:06"
},
{
"kids":[],
"uid":"2113436992",
"parent":"",
"text":"@JJ卢静茹 呵呵！敢不敢去？？[给力][奥特曼][吃惊]",
"mid":"yp76sFe07",
"date":"2012-06-22 22:59:56"
},
{
"kids":[],
"uid":"534591896",
"parent":"",
"text":"",
"mid":"yp70x8OeZ",
"date":"2012-06-22 22:45:20"
},
{
"kids":[],
"uid":"vol8088",
"parent":"yp6RkwSkE",
"text":"假的吧，第一听说有这样的节",
"mid":"yp6YychTs",
"date":"2012-06-22 22:40:28"
},
{
"kids":[],
"uid":"2173722477",
"parent":"yp6WD8jjb",
"text":"好吧给你个任务你先摸摸到带把你自己搞定[馋嘴]",
"mid":"yp6YrFW3M",
"date":"2012-06-22 22:40:12"
},
{
"kids":[],
"uid":"2377277691",
"parent":"",
"text":"",
"mid":"yp6Xz0fme",
"date":"2012-06-22 22:37:59"
},
{
"kids":[
"yp6YrFW3M"
],
"uid":"mobysun",
"parent":"yp6UMaToM",
"text":"你不会先看看啊",
"mid":"yp6WD8jjb",
"date":"2012-06-22 22:35:43"
},
{
"kids":[],
"uid":"2390116895",
"parent":"",
"text":"@w-小尙 @恋上丶阳光味 我好想去体验一下",
"mid":"yp6VF9uLa",
"date":"2012-06-22 22:33:17"
},
{
"kids":[
"yp6WD8jjb"
],
"uid":"2173722477",
"parent":"yp6StrQh2",
"text":"万一哪里都是人妖我不亏了吗[委屈]",
"mid":"yp6UMaToM",
"date":"2012-06-22 22:31:05"
},
{
"kids":[],
"uid":"musicboylzx",
"parent":"yp6MGpqDW",
"text":"真系一百岁唔死都大把野睇！[酷]",
"mid":"yp6TyexDF",
"date":"2012-06-22 22:28:06"
},
{
"kids":[
"yp6UMaToM"
],
"uid":"mobysun",
"parent":"yp5s17jZU",
"text":"老王我们去买机票吧",
"mid":"yp6StrQh2",
"date":"2012-06-22 22:25:29"
},
{
"kids":[
"yp6YychTs"
],
"uid":"1724663504",
"parent":"",
"text":"为啥只有男人有福利，我们女人也要[抓狂][抓狂][抓狂]",
"mid":"yp6RkwSkE",
"date":"2012-06-22 22:22:39"
},
{
"kids":[
"ypnec259F",
"yp8i2wcIQ",
"yp6TyexDF"
],
"uid":"ziweihuang",
"parent":"yp4crDENZ",
"text":"[阴险][花心][阴险]",
"mid":"yp6MGpqDW",
"date":"2012-06-22 22:11:09"
},
{
"kids":[],
"uid":"2625343460",
"parent":"yp6tinc9R",
"text":"这个节日在普及的话，治安就不稳定了！",
"mid":"yp6CcAn2e",
"date":"2012-06-22 21:45:24"
},
{
"kids":[],
"uid":"2397709625",
"parent":"",
"text":"",
"mid":"yp6y1tXbe",
"date":"2012-06-22 21:35:07"
},
{
"kids":[],
"uid":"2719808323",
"parent":"",
"text":"这也太坑爹了把 我也要去 ！！！",
"mid":"yp6vwEXS7",
"date":"2012-06-22 21:28:57"
},
{
"kids":[],
"uid":"2629407253",
"parent":"",
"text":"男的都喜欢",
"mid":"yp6u8FMX3",
"date":"2012-06-22 21:25:31"
},
{
"kids":[
"yqgY1jMaH",
"yp76V6tcL",
"yp6CcAn2e"
],
"uid":"209292821",
"parent":"",
"text":"好节日，我喜欢，有时间每年一定要去",
"mid":"yp6tinc9R",
"date":"2012-06-22 21:23:27"
},
{
"kids":[],
"uid":"2375542755",
"parent":"",
"text":"",
"mid":"yp6nLxUyu",
"date":"2012-06-22 21:09:50"
},
{
"kids":[],
"uid":"1287748190",
"parent":"",
"text":"[吃惊][汗]",
"mid":"yp6lBpnXz",
"date":"2012-06-22 21:04:27"
},
{
"kids":[],
"uid":"2689660650",
"parent":"yp5JBuEIp",
"text":"太猥琐了",
"mid":"yp6eYq31s",
"date":"2012-06-22 20:48:10"
},
{
"kids":[],
"uid":"2713433183",
"parent":"yp5s17jZU",
"text":"这是泰国东方公主号的人妖，鉴定完毕",
"mid":"yp68y41Xk",
"date":"2012-06-22 20:32:21"
},
{
"kids":[],
"uid":"1222220885",
"parent":"yp65c2PjK",
"text":"平胸的是春哥",
"mid":"yp67npM2v",
"date":"2012-06-22 20:29:27"
},
{
"kids":[
"yp67npM2v"
],
"uid":"2557433662",
"parent":"yp5WG36hk",
"text":"平胸女人没问题",
"mid":"yp65c2PjK",
"date":"2012-06-22 20:24:01"
},
{
"kids":[],
"uid":"2602244067",
"parent":"yp5JBuEIp",
"text":"[晕]，[围观]",
"mid":"yp5YHAwlv",
"date":"2012-06-22 20:08:02"
},
{
"kids":[
"yp65c2PjK"
],
"uid":"1222220885",
"parent":"yp5Mxuweo",
"text":"抽不死他，动下试试，拔光裤子！[哼][围观]",
"mid":"yp5WG36hk",
"date":"2012-06-22 20:03:05"
},
{
"kids":[],
"uid":"2269035095",
"parent":"",
"text":"主要是秋全居然不请我们去！！",
"mid":"yp5P23yh4",
"date":"2012-06-22 19:44:14"
},
{
"kids":[],
"uid":"1915217530",
"parent":"",
"text":"是今天过吗?快出来庆祝啊!",
"mid":"yp5OO87zk",
"date":"2012-06-22 19:43:42"
},
{
"kids":[],
"uid":"1915217530",
"parent":"",
"text":"是今天过吗?大家快出来啊!",
"mid":"yp5OrF39z",
"date":"2012-06-22 19:42:45"
},
{
"kids":[
"yp5WG36hk"
],
"uid":"1456375835",
"parent":"yp5Kfmvmi",
"text":"女孩子千万不能去，否则也有可能中招的！",
"mid":"yp5Mxuweo",
"date":"2012-06-22 19:38:04"
},
{
"kids":[
"yp5Mxuweo"
],
"uid":"2095408923",
"parent":"yp5Fq10y5",
"text":"Season4可以去滴@逍遥吴战 @九-哥哥 @詹姆斯哈维 @Leonardo7up @PeggieGong @赛车手-胖子超",
"mid":"yp5Kfmvmi",
"date":"2012-06-22 19:32:28"
},
{
"kids":[
"yp6eYq31s",
"yp5YHAwlv"
],
"uid":"shenhuosuoshi",
"parent":"yp5Fq10y5",
"text":"[汗][围观]",
"mid":"yp5JBuEIp",
"date":"2012-06-22 19:30:53"
},
{
"kids":[
"ypcShnkRb"
],
"uid":"2114490970",
"parent":"",
"text":"真的假的啊[懒得理你]@卡尔影像机构 @主持人江龙 @彩妆造型陈紫菱 @az就是阿泽 @丶林飞",
"mid":"yp5JdyiA9",
"date":"2012-06-22 19:29:56"
},
{
"kids":[],
"uid":"2327280762",
"parent":"yp5s17jZU",
"text":"[花心]@糖小妞Becky @Zoe_易e @豆叮的笔记本 @阿妹是豆豆 @么么饭米碎",
"mid":"yp5FGjgeW",
"date":"2012-06-22 19:21:11"
},
{
"kids":[],
"uid":"1794725321",
"parent":"",
"text":"全国男人不都得去哈",
"mid":"yp5FCb4ei",
"date":"2012-06-22 19:21:03"
},
{
"kids":[
"yp85X7kWr",
"yp5Kfmvmi",
"yp5JBuEIp"
],
"uid":"edwin9cl",
"parent":"yp5pdBmGc",
"text":"必去",
"mid":"yp5Fq10y5",
"date":"2012-06-22 19:20:35"
},
{
"kids":[],
"uid":"2369380282",
"parent":"",
"text":"转发微博。",
"mid":"yp5DQvtG3",
"date":"2012-06-22 19:16:39"
},
{
"kids":[],
"uid":"1936028672",
"parent":"yp5s17jZU",
"text":"[晕]",
"mid":"yp5ynz6Kv",
"date":"2012-06-22 19:03:14"
},
{
"kids":[],
"uid":"945d1",
"parent":"yp5s17jZU",
"text":"[吃惊]",
"mid":"yp5ylvXC5",
"date":"2012-06-22 19:03:10"
},
{
"kids":[],
"uid":"1365642087",
"parent":"yp4uzsxyQ",
"text":"@伤城张小伟",
"mid":"yp5xduzaO",
"date":"2012-06-22 19:00:22"
},
{
"kids":[],
"uid":"2179122517",
"parent":"yp4uYh050",
"text":"",
"mid":"yp5witSZQ",
"date":"2012-06-22 18:58:06"
},
{
"kids":[
"yp7yccYHe"
],
"uid":"yntyuki",
"parent":"yp5s17jZU",
"text":"男同胞…",
"mid":"yp5uiDBgF",
"date":"2012-06-22 18:53:11"
},
{
"kids":[
"ypbPvkDDJ",
"yp6StrQh2",
"yp68y41Xk",
"yp5FGjgeW",
"yp5ynz6Kv",
"yp5ylvXC5",
"yp5uiDBgF"
],
"uid":"maochanwen",
"parent":"yp3Zd8ezs",
"text":"",
"mid":"yp5s17jZU",
"date":"2012-06-22 18:47:33"
},
{
"kids":[
"yp5Fq10y5"
],
"uid":"2062316823",
"parent":"yp546ksDu",
"text":"[晕]",
"mid":"yp5pdBmGc",
"date":"2012-06-22 18:40:41"
},
{
"kids":[],
"uid":"1867031210",
"parent":"",
"text":"@奔跑的小呆大爷",
"mid":"yp5jwypz2",
"date":"2012-06-22 18:26:37"
},
{
"kids":[],
"uid":"2278528454",
"parent":"",
"text":"糜烂黄金周，出发",
"mid":"yp5jtziEJ",
"date":"2012-06-22 18:26:31"
},
{
"kids":[
"yur1sC2oE"
],
"uid":"2647149711",
"parent":"yp4v1elaM",
"text":"我要去",
"mid":"yp5jthHsA",
"date":"2012-06-22 18:26:31"
},
{
"kids":[],
"uid":"2125404014",
"parent":"",
"text":"",
"mid":"yp5j30g7f",
"date":"2012-06-22 18:25:25"
},
{
"kids":[],
"uid":"torychu",
"parent":"",
"text":"卧槽！这么好的地方！",
"mid":"yp5gCAG6h",
"date":"2012-06-22 18:19:29"
},
{
"kids":[],
"uid":"2747598645",
"parent":"",
"text":"转发微博。",
"mid":"yp5gkz26O",
"date":"2012-06-22 18:18:45"
},
{
"kids":[],
"uid":"1266161740",
"parent":"",
"text":"@千差之路 @A048790 想去么？",
"mid":"yp5fVqrXE",
"date":"2012-06-22 18:17:45"
},
{
"kids":[],
"uid":"2189648973",
"parent":"",
"text":"@王老先生不带感 @你也有微博么",
"mid":"yp5eX87Hk",
"date":"2012-06-22 18:15:22"
},
{
"kids":[],
"uid":"208222393",
"parent":"",
"text":"哇！这是真的假的啊？！@Cherry凌溪 男人们的福音啊！@Joker_珲仔 @夏肇鹏鹏鹏鹏是霸道道_ @玛莎拉蒂克夫_____晟晟晟晟晟 我们在那特殊的日子里去云南吧！！[花心]",
"mid":"yp5eL1f5x",
"date":"2012-06-22 18:14:53"
},
{
"kids":[],
"uid":"engrclark",
"parent":"",
"text":"......你艾特我是什么心态[害羞]www",
"mid":"yp5eCcLCU",
"date":"2012-06-22 18:14:30"
},
{
"kids":[],
"uid":"2276864394",
"parent":"yp4uzsxyQ",
"text":"给是真的[抓狂][馋嘴][花心]我也要[抓狂]@快乐的咖啡伙伴",
"mid":"yp597tXcv",
"date":"2012-06-22 18:01:00"
},
{
"kids":[],
"uid":"li1ing",
"parent":"",
"text":"幸亏不是彝族人，幸亏不住在那边额",
"mid":"yp57rcC83",
"date":"2012-06-22 17:56:50"
},
{
"kids":[
"yp5pdBmGc"
],
"uid":"2121565005",
"parent":"",
"text":"[吃惊]",
"mid":"yp546ksDu",
"date":"2012-06-22 17:48:39"
},
{
"kids":[],
"uid":"210128258",
"parent":"",
"text":"@涩女情缘",
"mid":"yp51Ocy9G",
"date":"2012-06-22 17:42:59"
},
{
"kids":[],
"uid":"fzcyh",
"parent":"yp4TCyN81",
"text":"这张图是来自泰国的……",
"mid":"yp50HDDEi",
"date":"2012-06-22 17:40:16"
},
{
"kids":[],
"uid":"zhoulinshuaige",
"parent":"",
"text":"@xixi杨曦 云南怎么有这么奇怪的节日阿！[偷笑]",
"mid":"yp4Wd1mn7",
"date":"2012-06-22 17:29:11"
},
{
"kids":[],
"uid":"1910197493",
"parent":"yp4SMeUsS",
"text":"要推广到全国啊",
"mid":"yp4UMC0zj",
"date":"2012-06-22 17:25:41"
},
{
"kids":[],
"uid":"2756670873",
"parent":"",
"text":"我擦 文明的中国居然有这种节日！",
"mid":"yp4UtrMyJ",
"date":"2012-06-22 17:24:53"
},
{
"kids":[],
"uid":"1882696794",
"parent":"",
"text":"转发微博。",
"mid":"yp4TOEhLD",
"date":"2012-06-22 17:23:16"
},
{
"kids":[
"yp50HDDEi"
],
"uid":"husipaopao",
"parent":"yp4SMeUsS",
"text":"这张图，啧啧",
"mid":"yp4TCyN81",
"date":"2012-06-22 17:22:49"
},
{
"kids":[],
"uid":"2614618055",
"parent":"",
"text":"[good][good][偷笑][偷笑]",
"mid":"yp4TzjQL0",
"date":"2012-06-22 17:22:42"
},
{
"kids":[
"ypdWEnW8D",
"yp4UMC0zj",
"yp4TCyN81"
],
"uid":"324848948",
"parent":"",
"text":"我只是看到转发",
"mid":"yp4SMeUsS",
"date":"2012-06-22 17:20:44"
},
{
"kids":[],
"uid":"2325497853",
"parent":"",
"text":"去",
"mid":"yp4Qzrpqe",
"date":"2012-06-22 17:15:18"
},
{
"kids":[
"yp7zSbZQw"
],
"uid":"2334847694",
"parent":"",
"text":"男士们快去啊[偷笑][偷笑][偷笑]",
"mid":"yp4QwcsVN",
"date":"2012-06-22 17:15:08"
},
{
"kids":[],
"uid":"yangchenglakehotel",
"parent":"yp4uYh050",
"text":"[哈哈]都赶云南去吧，那边拘留所都空着呢，还能顺便缴点行政处罚款。",
"mid":"yp4N1jhJY",
"date":"2012-06-22 17:06:32"
},
{
"kids":[],
"uid":"2798431082",
"parent":"",
"text":"是不是真的，勿去要后悔的，",
"mid":"yp4KuF3aP",
"date":"2012-06-22 17:00:20"
},
{
"kids":[],
"uid":"1883994307",
"parent":"",
"text":"@Children_Of_Satan",
"mid":"yp4KdwEOG",
"date":"2012-06-22 16:59:37"
},
{
"kids":[],
"uid":"headmask1990",
"parent":"",
"text":"",
"mid":"yp4FEb91h",
"date":"2012-06-22 16:48:23"
},
{
"kids":[],
"uid":"1510032813",
"parent":"yp4Cd55jj",
"text":"回复@郝连捭阖:这个只可意会，不可言传！",
"mid":"yp4F8yKxU",
"date":"2012-06-22 16:47:06"
},
{
"kids":[],
"uid":"1901054557",
"parent":"yp4uzsxyQ",
"text":"@小豆酷爸  羡慕妒忌吧！",
"mid":"yp4EYskmv",
"date":"2012-06-22 16:46:45"
},
{
"kids":[
"yp7J60Eis"
],
"uid":"2230825223",
"parent":"yp3YG06Pc",
"text":"你敢下手么，就不怕回不来？",
"mid":"yp4EU57GU",
"date":"2012-06-22 16:46:30"
},
{
"kids":[],
"uid":"2590783193",
"parent":"",
"text":"oh no！是不是真的阿？[花心]转发微博",
"mid":"yp4DWEKrH",
"date":"2012-06-22 16:44:13"
},
{
"kids":[
"yp4F8yKxU"
],
"uid":"1510032813",
"parent":"yp4vT1EvR",
"text":"还有这个节的啊，云南去了那么多次，怎么从来没听说过啊，7月14，15，16我在云南啊，哈",
"mid":"yp4Cd55jj",
"date":"2012-06-22 16:39:55"
},
{
"kids":[],
"uid":"2621993011",
"parent":"",
"text":"",
"mid":"yp4CaamxI",
"date":"2012-06-22 16:39:49"
},
{
"kids":[],
"uid":"2651695904",
"parent":"",
"text":"",
"mid":"yp4w61R7V",
"date":"2012-06-22 16:24:49"
},
{
"kids":[
"yp4Cd55jj"
],
"uid":"2134487345",
"parent":"yp4uzsxyQ",
"text":"",
"mid":"yp4vT1EvR",
"date":"2012-06-22 16:24:18"
},
{
"kids":[],
"uid":"2669809134",
"parent":"yp4qkbIzg",
"text":"",
"mid":"yp4viEkz4",
"date":"2012-06-22 16:22:53"
},
{
"kids":[],
"uid":"326233838",
"parent":"yp4uzsxyQ",
"text":"[汗][汗][汗]",
"mid":"yp4v9u50f",
"date":"2012-06-22 16:22:32"
},
{
"kids":[
"yp5jthHsA"
],
"uid":"irabbitcarrot",
"parent":"yp4uzsxyQ",
"text":"小猫去了？",
"mid":"yp4v1elaM",
"date":"2012-06-22 16:22:12"
},
{
"kids":[
"yp5witSZQ",
"yp4N1jhJY"
],
"uid":"1888949753",
"parent":"",
"text":"[晕]",
"mid":"yp4uYh050",
"date":"2012-06-22 16:22:05"
},
{
"kids":[
"yp5xduzaO",
"yp597tXcv",
"yp4EYskmv",
"yp4vT1EvR",
"yp4v9u50f",
"yp4v1elaM"
],
"uid":"baristajames",
"parent":"yp4qkbIzg",
"text":"我擦后悔了@小肥猫SheRo",
"mid":"yp4uzsxyQ",
"date":"2012-06-22 16:21:06"
},
{
"kids":[
"yp4viEkz4",
"yp4uzsxyQ"
],
"uid":"irabbitcarrot",
"parent":"yp4oYfOBH",
"text":"最近大家都看好自己的男朋友哦，去云南旅游申请一律不批，退一万步也要随行啊[花心]",
"mid":"yp4qkbIzg",
"date":"2012-06-22 16:10:38"
},
{
"kids":[
"yp4qkbIzg"
],
"uid":"dezhong512",
"parent":"",
"text":"真不真。",
"mid":"yp4oYfOBH",
"date":"2012-06-22 16:07:18"
},
{
"kids":[],
"uid":"532101210",
"parent":"",
"text":"朋友们，有没有想去的冲动，组团7月一起去。。。",
"mid":"yp4nj8wGf",
"date":"2012-06-22 16:03:10"
},
{
"kids":[],
"uid":"2034699655",
"parent":"",
"text":"吓着我了………",
"mid":"yp4cXkhLn",
"date":"2012-06-22 15:37:40"
},
{
"kids":[
"yp6MGpqDW"
],
"uid":"2123006550",
"parent":"",
"text":"@i_love_my_love_維",
"mid":"yp4crDENZ",
"date":"2012-06-22 15:36:27"
},
{
"kids":[],
"uid":"1999745477",
"parent":"",
"text":"[神马]",
"mid":"yp4cr5zYB",
"date":"2012-06-22 15:36:23"
},
{
"kids":[],
"uid":"2279134361",
"parent":"",
"text":"",
"mid":"yp4bsuJ7t",
"date":"2012-06-22 15:34:01"
},
{
"kids":[],
"uid":"1296557891",
"parent":"",
"text":"",
"mid":"yp4bjlalD",
"date":"2012-06-22 15:33:38"
},
{
"kids":[],
"uid":"2695282214",
"parent":"",
"text":"",
"mid":"yp48tyrpa",
"date":"2012-06-22 15:26:39"
},
{
"kids":[],
"uid":"2482574585",
"parent":"",
"text":"中国唯一的「摸奶节」",
"mid":"yp47z7QJ1",
"date":"2012-06-22 15:24:23"
},
{
"kids":[],
"uid":"1820155305",
"parent":"",
"text":"[黑線]",
"mid":"yp43Q1MP6",
"date":"2012-06-22 15:15:13"
},
{
"kids":[],
"uid":"1943272964",
"parent":"",
"text":"",
"mid":"yp4138yIg",
"date":"2012-06-22 15:08:22"
},
{
"kids":[
"z9QWKklPB"
],
"uid":"2571367012",
"parent":"",
"text":"",
"mid":"yp40C0ngU",
"date":"2012-06-22 15:07:17"
},
{
"kids":[
"yp5s17jZU"
],
"uid":"2173722477",
"parent":"",
"text":"转发微博。",
"mid":"yp3Zd8ezs",
"date":"2012-06-22 15:03:50"
},
{
"kids":[
"yp4EU57GU"
],
"uid":"2027737963",
"parent":"",
"text":"",
"mid":"yp3YG06Pc",
"date":"2012-06-22 15:02:32"
},
{
"kids":[],
"uid":"2340944010",
"parent":"",
"text":"打着过节的幌子公然猥琐，太和谐啦。。。[爱你]",
"mid":"yp3Wuohev",
"date":"2012-06-22 14:57:05"
},
{
"kids":[],
"uid":"hcmhcmhcm",
"parent":"",
"text":"我又要.",
"mid":"yp3VUl08u",
"date":"2012-06-22 14:55:41"
},
{
"kids":[],
"uid":"2753324637",
"parent":"",
"text":"",
"mid":"yp3TKbRZo",
"date":"2012-06-22 14:50:22"
},
{
"kids":[],
"uid":"2395606577",
"parent":"",
"text":"",
"mid":"yp3Tprc3h",
"date":"2012-06-22 14:49:34"
},
{
"kids":[],
"uid":"2653839933",
"parent":"",
"text":"转发微博。",
"mid":"yp3Teggzp",
"date":"2012-06-22 14:49:06"
},
{
"kids":[],
"uid":"2744189923",
"parent":"",
"text":"我自己摸摸自己的就好。。",
"mid":"yp3Shqigb",
"date":"2012-06-22 14:46:46"
},
{
"kids":[],
"uid":"2733223457",
"parent":"",
"text":"",
"mid":"yp3Py9UnQ",
"date":"2012-06-22 14:40:02"
},
{
"kids":[],
"uid":"2637678243",
"parent":"",
"text":"",
"mid":"yp3PchiYU",
"date":"2012-06-22 14:39:10"
},
{
"kids":[],
"uid":"2398956791",
"parent":"yp3JeyFvk",
"text":"",
"mid":"yp3O7ccVr",
"date":"2012-06-22 14:36:28"
},
{
"kids":[
"za0Q7i1t5",
"yCkABviuj",
"yrmLXlhaZ"
],
"uid":"2801863792",
"parent":"",
"text":"不错的节日！！",
"mid":"yp3NyCuwO",
"date":"2012-06-22 14:35:07"
},
{
"kids":[],
"uid":"2438386104",
"parent":"",
"text":"快来抵制啊，狗粉不是想出名吗，改叫奶粉了…",
"mid":"yp3My10q9",
"date":"2012-06-22 14:32:36"
},
{
"kids":[],
"uid":"gordonlovei",
"parent":"",
"text":"FUCK，求真相！女孩子们那就得特别关注下了~[汗]",
"mid":"yp3KeFKrK",
"date":"2012-06-22 14:26:58"
},
{
"kids":[],
"uid":"2195469697",
"parent":"",
"text":"果断考完试就走",
"mid":"yp3Kbpuzk",
"date":"2012-06-22 14:26:49"
},
{
"kids":[],
"uid":"1007235614",
"parent":"",
"text":"转发微博。",
"mid":"yp3JR29Lu",
"date":"2012-06-22 14:26:00"
},
{
"kids":[],
"uid":"2625193040",
"parent":"",
"text":"哈哈哈   七月份去云南",
"mid":"yp3JE1XhA",
"date":"2012-06-22 14:25:29"
},
{
"kids":[],
"uid":"2698579124",
"parent":"",
"text":"[黑线]",
"mid":"yp3JxvDjs",
"date":"2012-06-22 14:25:13"
},
{
"kids":[
"yp3O7ccVr"
],
"uid":"2737346131",
"parent":"",
"text":"是真的？",
"mid":"yp3JeyFvk",
"date":"2012-06-22 14:24:29"
},
{
"kids":[],
"uid":"2659226032",
"parent":"",
"text":"[花心] [花心]",
"mid":"yp3In9Q6W",
"date":"2012-06-22 14:22:19"
}
]