[
{
"kids":[],
"uid":"2736202531",
"parent":"zdvwZdG31",
"text":"可以保留第五条[鼓掌]",
"mid":"zdz16ihvi",
"date":"2013-01-08 22:44:18"
},
{
"kids":[],
"uid":"lee2530",
"parent":"zdwgrlvGi",
"text":"扯蛋呢，纯谣言",
"mid":"zdwA6eQEp",
"date":"2013-01-08 16:32:18"
},
{
"kids":[
"zdwA6eQEp"
],
"uid":"1938464770",
"parent":"",
"text":"太孙子了",
"mid":"zdwgrlvGi",
"date":"2013-01-08 15:43:51"
},
{
"kids":[],
"uid":"1839643745",
"parent":"zdvWLzEqH",
"text":"一个家庭只允许有一辆车？这谁编的，傻缺吗不是，出门之前先跟家摇号，谁摇中了谁开",
"mid":"zdw8QBG73",
"date":"2013-01-08 15:25:09"
},
{
"kids":[],
"uid":"vvoid",
"parent":"",
"text":"宁愿相信是真的,摇一年的人",
"mid":"zdvXZaQ2Q",
"date":"2013-01-08 14:58:24"
},
{
"kids":[
"zdw8QBG73"
],
"uid":"313586999",
"parent":"",
"text":"",
"mid":"zdvWLzEqH",
"date":"2013-01-08 14:55:23"
},
{
"kids":[],
"uid":"zhaoyuan114",
"parent":"zdvsrjBu1",
"text":"@VIP_KOP 你够了吧~~~",
"mid":"zdvV7i88u",
"date":"2013-01-08 14:51:17"
},
{
"kids":[],
"uid":"xiaodoue",
"parent":"zdvSHb5xo",
"text":"额 好吧 [黑线]",
"mid":"zdvURCgpI",
"date":"2013-01-08 14:50:40"
},
{
"kids":[
"zdvURCgpI"
],
"uid":"1664267497",
"parent":"",
"text":"@小豆儿 假的~",
"mid":"zdvSHb5xo",
"date":"2013-01-08 14:45:21"
},
{
"kids":[],
"uid":"tt100615",
"parent":"zdvsHyGog",
"text":"比你少一个月，共勉",
"mid":"zdvHRwEUr",
"date":"2013-01-08 14:18:40"
},
{
"kids":[],
"uid":"1936662195",
"parent":"zdvwg4ySl",
"text":"",
"mid":"zdvxXuBOn",
"date":"2013-01-08 13:54:16"
},
{
"kids":[],
"uid":"ajimide2009",
"parent":"",
"text":"太假了也",
"mid":"zdvxmgElE",
"date":"2013-01-08 13:52:47"
},
{
"kids":[
"zdz16ihvi"
],
"uid":"1983180101",
"parent":"zdvt2xzOl",
"text":"扯淡呢吧？@吴正明 @海鹏鹏 @Lemon-楠 @ENZO-贺 @尾灯VW",
"mid":"zdvwZdG31",
"date":"2013-01-08 13:51:53"
},
{
"kids":[
"zdvxXuBOn"
],
"uid":"1114096911",
"parent":"zdvsMBxE7",
"text":"凭什么家里只能一辆车！我买两个小QQ不同颜色怎么了！",
"mid":"zdvwg4ySl",
"date":"2013-01-08 13:50:04"
},
{
"kids":[],
"uid":"1004307115",
"parent":"zdvqEuuc6",
"text":"白高兴",
"mid":"zdvuwaDdY",
"date":"2013-01-08 13:45:47"
},
{
"kids":[],
"uid":"qingqin",
"parent":"zduUdnoFh",
"text":"注意又有陷阱，是连续24个月，这是说每3个月就要重新提交一遍",
"mid":"zdvuos3ac",
"date":"2013-01-08 13:45:29"
},
{
"kids":[],
"uid":"xiaohuiyue",
"parent":"",
"text":"",
"mid":"zdvtwrx2O",
"date":"2013-01-08 13:43:20"
},
{
"kids":[
"zdvwZdG31"
],
"uid":"mt887665",
"parent":"zdv3M9feD",
"text":"怎么这么操蛋啊",
"mid":"zdvt2xzOl",
"date":"2013-01-08 13:42:09"
},
{
"kids":[],
"uid":"2292242773",
"parent":"zdvrqmV76",
"text":"编的有鼻子有眼儿的",
"mid":"zdvsTFAPW",
"date":"2013-01-08 13:41:48"
},
{
"kids":[
"zdvwg4ySl"
],
"uid":"shiyajun521",
"parent":"zdvq6fiwg",
"text":"@颐年康盛宋立业 两年了吧?",
"mid":"zdvsMBxE7",
"date":"2013-01-08 13:41:30"
},
{
"kids":[
"zdvHRwEUr"
],
"uid":"zaidezhang",
"parent":"",
"text":"24个月的路过～",
"mid":"zdvsHyGog",
"date":"2013-01-08 13:41:17"
},
{
"kids":[],
"uid":"2404119093",
"parent":"zdvpteul9",
"text":"这个。。。",
"mid":"zdvsCfFCl",
"date":"2013-01-08 13:41:06"
},
{
"kids":[
"zdvV7i88u"
],
"uid":"jerrystuart",
"parent":"",
"text":"同问，是直接给我个指标么？",
"mid":"zdvsrjBu1",
"date":"2013-01-08 13:40:40"
},
{
"kids":[],
"uid":"chanmaolin",
"parent":"",
"text":"晕啊",
"mid":"zdvshidTi",
"date":"2013-01-08 13:40:16"
},
{
"kids":[],
"uid":"warmsl",
"parent":"",
"text":"",
"mid":"zdvs9k8kh",
"date":"2013-01-08 13:39:55"
},
{
"kids":[],
"uid":"2013802624",
"parent":"zdvp3ebn8",
"text":"纯扯淡",
"mid":"zdvrO1xuo",
"date":"2013-01-08 13:39:06"
},
{
"kids":[
"zdvsTFAPW"
],
"uid":"1853665811",
"parent":"",
"text":"[鄙视][鄙视][鄙视]",
"mid":"zdvrqmV76",
"date":"2013-01-08 13:38:10"
},
{
"kids":[],
"uid":"210004689",
"parent":"",
"text":"这编的也太没有技术含量了…………[汗]",
"mid":"zdvr2ay3C",
"date":"2013-01-08 13:37:12"
},
{
"kids":[
"zdvuwaDdY"
],
"uid":"1004307115",
"parent":"zdvkknZXU",
"text":"卧槽，24个月从何时开始算？3000元有利息吗？",
"mid":"zdvqEuuc6",
"date":"2013-01-08 13:36:16"
},
{
"kids":[],
"uid":"1404082823",
"parent":"zdvpteul9",
"text":"据说是假的",
"mid":"zdvqn615F",
"date":"2013-01-08 13:35:34"
},
{
"kids":[
"zdvsMBxE7"
],
"uid":"111988426",
"parent":"zdvpteul9",
"text":"不可能，假的",
"mid":"zdvq6fiwg",
"date":"2013-01-08 13:34:54"
},
{
"kids":[],
"uid":"178626888",
"parent":"zdvpABAtG",
"text":"这是真的假的啊？",
"mid":"zdvq6fiqE",
"date":"2013-01-08 13:34:54"
},
{
"kids":[],
"uid":"sier",
"parent":"",
"text":"@yayagaogao大V 你有机会了哦～",
"mid":"zdvpZroTA",
"date":"2013-01-08 13:34:39"
},
{
"kids":[],
"uid":"207896366",
"parent":"zduZcu8cv",
"text":"临时性北京集体户口是神马意思？",
"mid":"zdvpIj4Tl",
"date":"2013-01-08 13:33:55"
},
{
"kids":[
"zdvq6fiqE"
],
"uid":"minifire",
"parent":"",
"text":"我操，报废车牌也一起？傻逼吧",
"mid":"zdvpABAtG",
"date":"2013-01-08 13:33:39"
},
{
"kids":[
"zdvsCfFCl",
"zdvqn615F",
"zdvq6fiwg"
],
"uid":"1678446821",
"parent":"",
"text":"真的假的啊",
"mid":"zdvpteul9",
"date":"2013-01-08 13:33:20"
},
{
"kids":[],
"uid":"1850158913",
"parent":"",
"text":"@BerryBamboo 。",
"mid":"zdvpkEswM",
"date":"2013-01-08 13:32:59"
},
{
"kids":[],
"uid":"degang",
"parent":"",
"text":"现有用车报废之后最倒霉的情况是2年没车开？",
"mid":"zdvp8xcj9",
"date":"2013-01-08 13:32:31"
},
{
"kids":[
"zdvrO1xuo"
],
"uid":"weifanli1993",
"parent":"",
"text":"凭他妈什么一个家庭只能有一辆？",
"mid":"zdvp3ebn8",
"date":"2013-01-08 13:32:19"
},
{
"kids":[],
"uid":"yiqie88",
"parent":"zdvn6DPkj",
"text":"微博上各种不靠谱的消息都有",
"mid":"zdvoKjJbY",
"date":"2013-01-08 13:31:34"
},
{
"kids":[],
"uid":"zltskyknight",
"parent":"zdvkknZXU",
"text":"明显是没车的屌丝yy出来的[汗]",
"mid":"zdvomqglx",
"date":"2013-01-08 13:30:37"
},
{
"kids":[],
"uid":"1588790450",
"parent":"zdvll35cP",
"text":"@Lokiu 咦~好像可以摇了~黑手团团长，24次不中自动X一个",
"mid":"zdvoazido",
"date":"2013-01-08 13:30:07"
},
{
"kids":[],
"uid":"1285855235",
"parent":"",
"text":"第二条搞笑呢？",
"mid":"zdvnQvc1d",
"date":"2013-01-08 13:29:21"
},
{
"kids":[
"zdvoKjJbY"
],
"uid":"1658476653",
"parent":"",
"text":"看看",
"mid":"zdvn6DPkj",
"date":"2013-01-08 13:27:30"
},
{
"kids":[],
"uid":"thing360",
"parent":"zdvll35cP",
"text":"你可以了。。。",
"mid":"zdvmd891R",
"date":"2013-01-08 13:25:19"
},
{
"kids":[],
"uid":"40135465",
"parent":"zdvknEooS",
"text":"真的假的啊",
"mid":"zdvma9mdO",
"date":"2013-01-08 13:25:10"
},
{
"kids":[
"zdvoazido",
"zdvmd891R"
],
"uid":"100921012",
"parent":"zdvjsClZZ",
"text":"我操！！！真的假的？！",
"mid":"zdvll35cP",
"date":"2013-01-08 13:23:10"
},
{
"kids":[
"zdvma9mdO"
],
"uid":"922073330",
"parent":"",
"text":"连续24个月没摇中就可买车，这是在放宽政策么，政府这是在救市么",
"mid":"zdvknEooS",
"date":"2013-01-08 13:20:49"
},
{
"kids":[
"zdvqEuuc6",
"zdvomqglx"
],
"uid":"panyuok",
"parent":"zdvh1Bx6w",
"text":"大黄，你的春天来了@青涛 @李志钊",
"mid":"zdvkknZXU",
"date":"2013-01-08 13:20:41"
},
{
"kids":[
"zdvll35cP"
],
"uid":"1717790743",
"parent":"zdvilal7b",
"text":"@喵星sun 你的机会来了，够直接送指标了",
"mid":"zdvjsClZZ",
"date":"2013-01-08 13:18:33"
},
{
"kids":[],
"uid":"570311225",
"parent":"zdverru17",
"text":"晕",
"mid":"zdvj7DseI",
"date":"2013-01-08 13:17:43"
},
{
"kids":[
"zdvjsClZZ"
],
"uid":"830115777",
"parent":"zdvh1Bx6w",
"text":"不是非常靠谱，一家人怎么算？父母不需要上班么？最后一条太扯了！看着玩的吧！",
"mid":"zdvilal7b",
"date":"2013-01-08 13:15:47"
},
{
"kids":[],
"uid":"2537364195",
"parent":"zdv2SB9Ff",
"text":"真的假的?",
"mid":"zdvhopAhC",
"date":"2013-01-08 13:13:27"
},
{
"kids":[
"zdvkknZXU",
"zdvilal7b"
],
"uid":"123405678",
"parent":"zduWUDiLi",
"text":"感觉整体上还是更合理的政策，确实最后一条太扯了。",
"mid":"zdvh1Bx6w",
"date":"2013-01-08 13:12:32"
},
{
"kids":[],
"uid":"66816565",
"parent":"zdverru17",
"text":"呵呵。",
"mid":"zdvh12HB8",
"date":"2013-01-08 13:12:31"
},
{
"kids":[
"zdvj7DseI",
"zdvh12HB8"
],
"uid":"206008222",
"parent":"zduUY6vJk",
"text":"我觉得是假的……",
"mid":"zdverru17",
"date":"2013-01-08 13:06:11"
},
{
"kids":[],
"uid":"1933108597",
"parent":"zdv6c19cd",
"text":"@像猫一样幸福生活 真的假的？",
"mid":"zdvdrpvef",
"date":"2013-01-08 13:03:42"
},
{
"kids":[],
"uid":"zoujinnidaye",
"parent":"zdv2SB9Ff",
"text":"又开始计划经济了",
"mid":"zdvcrn8Hn",
"date":"2013-01-08 13:01:15"
},
{
"kids":[],
"uid":"2341821191",
"parent":"",
"text":"",
"mid":"zdvbJCQME",
"date":"2013-01-08 12:59:29"
},
{
"kids":[],
"uid":"coathanyi",
"parent":"zdv8k3qn5",
"text":"@韩-佳",
"mid":"zdva4bKAN",
"date":"2013-01-08 12:55:22"
},
{
"kids":[],
"uid":"2426585091",
"parent":"zdv3M9feD",
"text":"我觉得这是一个非常扯淡的谣言~~~~~~~",
"mid":"zdv8OtTS9",
"date":"2013-01-08 12:52:19"
},
{
"kids":[
"zdva4bKAN"
],
"uid":"1871733507",
"parent":"",
"text":"这尼玛啊！",
"mid":"zdv8k3qn5",
"date":"2013-01-08 12:51:06"
},
{
"kids":[],
"uid":"2217028771",
"parent":"zdv2kj044",
"text":"这是真的吗？",
"mid":"zdv7W7ccv",
"date":"2013-01-08 12:50:09"
},
{
"kids":[],
"uid":"happyhappyzihan",
"parent":"",
"text":"不像真的",
"mid":"zdv76a9s2",
"date":"2013-01-08 12:48:04"
},
{
"kids":[],
"uid":"woshifelix",
"parent":"",
"text":"",
"mid":"zdv6tnHoq",
"date":"2013-01-08 12:46:33"
},
{
"kids":[
"zdvdrpvef"
],
"uid":"xuejiawan37",
"parent":"",
"text":"没有1、6的话，尚能接受",
"mid":"zdv6c19cd",
"date":"2013-01-08 12:45:51"
},
{
"kids":[],
"uid":"2268454965",
"parent":"",
"text":"问候他大爷",
"mid":"zdv5CuVGz",
"date":"2013-01-08 12:44:27"
},
{
"kids":[
"zdvt2xzOl",
"zdv8OtTS9"
],
"uid":"1901338263",
"parent":"zdv2kj044",
"text":"@肚子都干大了",
"mid":"zdv3M9feD",
"date":"2013-01-08 12:39:54"
},
{
"kids":[],
"uid":"2704201025",
"parent":"",
"text":"不能了，以为已经没有蛋。",
"mid":"zdv2VzlKE",
"date":"2013-01-08 12:37:49"
},
{
"kids":[
"zdvhopAhC",
"zdvcrn8Hn"
],
"uid":"1423524113",
"parent":"",
"text":"报废了也得摇号？",
"mid":"zdv2SB9Ff",
"date":"2013-01-08 12:37:42"
},
{
"kids":[
"zdv7W7ccv",
"zdv3M9feD"
],
"uid":"1891227883",
"parent":"",
"text":"操你妈操你妈操你妈！不说他妈控制外地人买车瞎鸡巴弄保密祖宗十八代狗逼政策！！！！！？",
"mid":"zdv2kj044",
"date":"2013-01-08 12:36:20"
},
{
"kids":[],
"uid":"2119255285",
"parent":"",
"text":"",
"mid":"zdv1X1HfI",
"date":"2013-01-08 12:35:24"
},
{
"kids":[],
"uid":"jiayunan",
"parent":"zduWUDiLi",
"text":"没有一条靠谱",
"mid":"zdv19Cbp1",
"date":"2013-01-08 12:33:27"
},
{
"kids":[
"zdvpIj4Tl"
],
"uid":"208000802",
"parent":"zduUY6vJk",
"text":"这是放出来看看群众的反映",
"mid":"zduZcu8cv",
"date":"2013-01-08 12:28:38"
},
{
"kids":[
"zdvh1Bx6w",
"zdv19Cbp1"
],
"uid":"ciyuanlong",
"parent":"zduUY6vJk",
"text":"第六条扯蛋，其他勉强可以接受。。3000，有利息吗？",
"mid":"zduWUDiLi",
"date":"2013-01-08 12:23:01"
},
{
"kids":[],
"uid":"206096555",
"parent":"zduUdnoFh",
"text":"这是真的么？好严格啊，幸亏我摇到了！",
"mid":"zduWsyuUa",
"date":"2013-01-08 12:21:54"
},
{
"kids":[
"zdverru17",
"zduZcu8cv",
"zduWUDiLi"
],
"uid":"123405678",
"parent":"zduUdnoFh",
"text":"这玩意真的假的？",
"mid":"zduUY6vJk",
"date":"2013-01-08 12:18:13"
},
{
"kids":[
"zdvuos3ac",
"zduWsyuUa",
"zduUY6vJk"
],
"uid":"jjingddou",
"parent":"",
"text":"购车指标呢？给我啊，24个月了！",
"mid":"zduUdnoFh",
"date":"2013-01-08 12:16:21"
},
{
"kids":[],
"uid":"liquidlee",
"parent":"",
"text":"我立个去！！！",
"mid":"zduU58zY6",
"date":"2013-01-08 12:16:00"
},
{
"kids":[],
"uid":"1624394481",
"parent":"",
"text":"",
"mid":"zduTX8jQe",
"date":"2013-01-08 12:15:41"
},
{
"kids":[],
"uid":"zhougesen",
"parent":"",
"text":"扯淡！",
"mid":"zduT5Em5Q",
"date":"2013-01-08 12:13:35"
},
{
"kids":[],
"uid":"smallpure",
"parent":"",
"text":"@公交车上敷面膜的兔纸 真的假的啊？",
"mid":"zduRaCdHk",
"date":"2013-01-08 12:08:51"
},
{
"kids":[],
"uid":"2647257562",
"parent":"",
"text":"[吃惊]",
"mid":"zduQzDFrM",
"date":"2013-01-08 12:07:22"
},
{
"kids":[],
"uid":"2934096797",
"parent":"zdpigFLxB",
"text":"真的假的啊",
"mid":"zdtBk0pSe",
"date":"2013-01-08 08:57:03"
},
{
"kids":[],
"uid":"1822950343",
"parent":"zdprw0QVd",
"text":"我家属于四，本该高兴，可惜需要俩牌，于是又很难过",
"mid":"zdq066Tl1",
"date":"2013-01-07 23:47:06"
},
{
"kids":[],
"uid":"1489728304",
"parent":"zdoXk2Azu",
"text":"假的吧，不可能",
"mid":"zdpF67q85",
"date":"2013-01-07 22:55:19"
},
{
"kids":[],
"uid":"qingwa880916",
"parent":"zdpsJ1zls",
"text":"尼玛！24个月！草'",
"mid":"zdpwsFrXN",
"date":"2013-01-07 22:34:05"
},
{
"kids":[
"zdpwsFrXN"
],
"uid":"1416439160",
"parent":"",
"text":"草，最后一条",
"mid":"zdpsJ1zls",
"date":"2013-01-07 22:24:53"
},
{
"kids":[],
"uid":"missrosmarin",
"parent":"zdpmQnkDs",
"text":"[囧]也就第5条可取",
"mid":"zdpstmLxI",
"date":"2013-01-07 22:24:12"
},
{
"kids":[
"zdq066Tl1"
],
"uid":"mcdull310",
"parent":"zdpmXs9hj",
"text":"擦！最后一条太卑鄙了！！！@大力水手的马甲 如果是真的快换车！",
"mid":"zdprw0QVd",
"date":"2013-01-07 22:21:51"
},
{
"kids":[
"zdprw0QVd"
],
"uid":"1886797825",
"parent":"zdoXk2Azu",
"text":"折腾吧，你们丫该买都能买上，就欺负老百姓",
"mid":"zdpmXs9hj",
"date":"2013-01-07 22:10:41"
},
{
"kids":[
"zdpstmLxI"
],
"uid":"eyesllee",
"parent":"",
"text":"我勒个去",
"mid":"zdpmQnkDs",
"date":"2013-01-07 22:10:20"
},
{
"kids":[
"zdtBk0pSe"
],
"uid":"kevinkui",
"parent":"",
"text":"字儿太小，看不清。。。。考视力呢？？@还有不重名的昵称不 哈哈哈",
"mid":"zdpigFLxB",
"date":"2013-01-07 21:59:08"
},
{
"kids":[],
"uid":"1862778247",
"parent":"zdoXk2Azu",
"text":"有没有辟谣的？估计这条微博一会就得没！",
"mid":"zdp8tbYk1",
"date":"2013-01-07 21:35:00"
},
{
"kids":[
"zdpF67q85",
"zdpmXs9hj",
"zdp8tbYk1"
],
"uid":"win7",
"parent":"",
"text":"YY出来的，完全没有可操作性，1，家庭购车指标会滋生假离婚。2，车辆报废号牌自动报废，就会有很多人不去报废。3，新车5年内不让过户，主机厂得特么死一半儿。",
"mid":"zdoXk2Azu",
"date":"2013-01-07 21:07:31"
},
{
"kids":[],
"uid":"601205840",
"parent":"",
"text":"就是个YY，别当真。家用小轿车汽车无强制报废年限",
"mid":"zdoVjBfeG",
"date":"2013-01-07 21:02:35"
}
]