[
{
"kids":[],
"uid":"2467057735",
"parent":"A4mCxBFKg",
"text":"",
"mid":"Asz1x8gbd",
"date":"2014-01-18 13:04:12"
},
{
"kids":[],
"uid":"2977277633",
"parent":"A4gPV3UAg",
"text":"@小霸王儿 @一一诗乔",
"mid":"A8RDk3Xu4",
"date":"2013-09-10 23:40:42"
},
{
"kids":[],
"uid":"1106341205",
"parent":"A4gMg8zd4",
"text":"[熊猫]",
"mid":"A6KjxwsV9",
"date":"2013-08-28 01:22:07"
},
{
"kids":[],
"uid":"sunnytutu1105",
"parent":"A5KVmlGKE",
"text":"@八卦小萍萍 @晶莹剔透小桃子 就是这个故事吧",
"mid":"A5LcemcP6",
"date":"2013-08-21 13:46:31"
},
{
"kids":[
"A5LcemcP6"
],
"uid":"jlecyy",
"parent":"A4hJTjUxW",
"text":"@陈桑旎 这是地铁谣言版本1",
"mid":"A5KVmlGKE",
"date":"2013-08-21 13:04:59"
},
{
"kids":[],
"uid":"1777714204",
"parent":"",
"text":"",
"mid":"A5i0F2AEe",
"date":"2013-08-18 11:28:23"
},
{
"kids":[],
"uid":"narakavala",
"parent":"A4hJTjUxW",
"text":"",
"mid":"A4FSYFhcV",
"date":"2013-08-14 10:25:05"
},
{
"kids":[],
"uid":"1904669792",
"parent":"A4hJTjUxW",
"text":"",
"mid":"A4Ap0m3rK",
"date":"2013-08-13 20:27:30"
},
{
"kids":[],
"uid":"1732107533",
"parent":"A4iW1n3El",
"text":"大家小心注意",
"mid":"A4xkcjgc7",
"date":"2013-08-13 12:37:25"
},
{
"kids":[],
"uid":"1974081684",
"parent":"A4lVK7KrX",
"text":"恐怖",
"mid":"A4wDFm0FQ",
"date":"2013-08-13 10:52:36"
},
{
"kids":[],
"uid":"2789974774",
"parent":"",
"text":"",
"mid":"A4wnTdJov",
"date":"2013-08-13 10:13:46"
},
{
"kids":[],
"uid":"2804741870",
"parent":"",
"text":"",
"mid":"A4v7Ou7oJ",
"date":"2013-08-13 07:01:25"
},
{
"kids":[],
"uid":"1876530062",
"parent":"A4hJTjUxW",
"text":"",
"mid":"A4t3Ov9Vw",
"date":"2013-08-13 01:46:03"
},
{
"kids":[],
"uid":"2243037654",
"parent":"",
"text":"@骑着扫帚牵着狗",
"mid":"A4rUqAbrD",
"date":"2013-08-12 22:50:12"
},
{
"kids":[],
"uid":"elsieking1990",
"parent":"A4hLXvBjP",
"text":"太恐怖了！@2B萌汉纸",
"mid":"A4qvI6nqU",
"date":"2013-08-12 19:16:33"
},
{
"kids":[],
"uid":"1144004324",
"parent":"",
"text":"",
"mid":"A4qt22u6E",
"date":"2013-08-12 19:09:56"
},
{
"kids":[],
"uid":"2422794130",
"parent":"A4lUFk50N",
"text":"好恐怖！",
"mid":"A4q4eyCv6",
"date":"2013-08-12 18:08:51"
},
{
"kids":[],
"uid":"3194353783",
"parent":"A4nmuu3Qd",
"text":"@深蓝梦境_Suk @ImSorry_CJ @花家姐0127 @mzy_馬兆裕",
"mid":"A4pEhm34q",
"date":"2013-08-12 17:04:55"
},
{
"kids":[],
"uid":"2100628577",
"parent":"",
"text":"",
"mid":"A4px0aKfY",
"date":"2013-08-12 16:46:59"
},
{
"kids":[],
"uid":"208181586",
"parent":"A4izds2Ph",
"text":"",
"mid":"A4pv287LL",
"date":"2013-08-12 16:42:07"
},
{
"kids":[],
"uid":"537485677",
"parent":"",
"text":"",
"mid":"A4p9D1XeH",
"date":"2013-08-12 15:49:23"
},
{
"kids":[],
"uid":"suyue1202",
"parent":"",
"text":"",
"mid":"A4oMEtezb",
"date":"2013-08-12 14:52:47"
},
{
"kids":[],
"uid":"simple227",
"parent":"",
"text":"@Aniya最爱萧萧萧正娃 @Destiny_要离开的的的暁絯 @小雪-小雪 @小宇宙筆 太可怕了。。",
"mid":"A4oteDmdh",
"date":"2013-08-12 14:04:57"
},
{
"kids":[],
"uid":"2282831791",
"parent":"A4jVbr8wl",
"text":"看了",
"mid":"A4opmqJiu",
"date":"2013-08-12 13:55:25"
},
{
"kids":[],
"uid":"2156208414",
"parent":"",
"text":"",
"mid":"A4ooxgENn",
"date":"2013-08-12 13:53:23"
},
{
"kids":[],
"uid":"2718817722",
"parent":"",
"text":"",
"mid":"A4o9cq7U5",
"date":"2013-08-12 13:15:36"
},
{
"kids":[],
"uid":"2634127121",
"parent":"A4jGC6Wcb",
"text":"@柑子Sandy @小玲要变回小肥妹 @嗨_侠 @君T-O @叶恋-Yeah",
"mid":"A4nZ7p7wv",
"date":"2013-08-12 12:50:44"
},
{
"kids":[],
"uid":"2178284474",
"parent":"",
"text":"",
"mid":"A4ny6y59A",
"date":"2013-08-12 11:44:13"
},
{
"kids":[],
"uid":"1776583924",
"parent":"A4hp6m2YG",
"text":"",
"mid":"A4nxFnsz6",
"date":"2013-08-12 11:43:09"
},
{
"kids":[],
"uid":"2195399685",
"parent":"",
"text":"这个这个……感觉就像是在明抢了啊……",
"mid":"A4npNd6Oh",
"date":"2013-08-12 11:23:44"
},
{
"kids":[],
"uid":"2632110741",
"parent":"A4hJTjUxW",
"text":"转发量真少……看来大家都是宁可自己吓自己，也不愿相信好人比坏人多！",
"mid":"A4np7gU23",
"date":"2013-08-12 11:22:03"
},
{
"kids":[
"A4pEhm34q"
],
"uid":"2234896601",
"parent":"",
"text":"@深蓝梦境_Suk @ImSorry_CJ @花家姐0127 @mzy_馬兆裕",
"mid":"A4nmuu3Qd",
"date":"2013-08-12 11:15:36"
},
{
"kids":[],
"uid":"2151743211",
"parent":"",
"text":"",
"mid":"A4nmnn5SB",
"date":"2013-08-12 11:15:18"
},
{
"kids":[],
"uid":"3062026551",
"parent":"A4munaGsW",
"text":"",
"mid":"A4njOmHoE",
"date":"2013-08-12 11:09:00"
},
{
"kids":[],
"uid":"3470797730",
"parent":"A4munaGsW",
"text":"",
"mid":"A4nhg2FbW",
"date":"2013-08-12 11:02:42"
},
{
"kids":[],
"uid":"1692645201",
"parent":"A4kkcqVnm",
"text":"",
"mid":"A4nec0k81",
"date":"2013-08-12 10:55:09"
},
{
"kids":[],
"uid":"liujiaying66",
"parent":"",
"text":"[衰]大家要提高警惕！！",
"mid":"A4ncYCsPP",
"date":"2013-08-12 10:52:09"
},
{
"kids":[],
"uid":"1683918765",
"parent":"A4munaGsW",
"text":"@胸毛前的红领巾更鲜艳了:排一下最右,会造成不安情绪的事件请核实再发@石言呓语:过去的一年，我从公安到政府,从政府到下海,身份一直在变,辟谣都变成职业了@江宁公安在线:陈年老谣又被拿出来说事.这事情@平安武侯 去年已经调查过了,完全是当事人联想过度,详情见：http:",
"mid":"A4ncx9Dbz",
"date":"2013-08-12 10:51:04"
},
{
"kids":[],
"uid":"2039335817",
"parent":"",
"text":"",
"mid":"A4naP55Bv",
"date":"2013-08-12 10:46:49"
},
{
"kids":[],
"uid":"3200186455",
"parent":"",
"text":"出门记得带棍子钢管拖把椅子高跟鞋等等等等",
"mid":"A4n9Guoar",
"date":"2013-08-12 10:44:01"
},
{
"kids":[],
"uid":"lillianarc",
"parent":"A4hJTjUxW",
"text":"@徐浪0609 兄惠存，建议关注警察蜀黍微博。[偷笑]",
"mid":"A4n5hrZRy",
"date":"2013-08-12 10:33:12"
},
{
"kids":[],
"uid":"2370190314",
"parent":"",
"text":"",
"mid":"A4n0A7Ler",
"date":"2013-08-12 10:21:36"
},
{
"kids":[],
"uid":"1730778821",
"parent":"A4mthbzAk",
"text":"起晒鸡皮[生病][生病][生病]",
"mid":"A4mUIlzNE",
"date":"2013-08-12 10:07:09"
},
{
"kids":[],
"uid":"2720037231",
"parent":"",
"text":"@欧新明天会更好 @A-biangspirit @牛牛是个双鱼座 @狮子的情人是夏天 @带翅膀的多啦725",
"mid":"A4mQZyQbg",
"date":"2013-08-12 09:57:58"
},
{
"kids":[],
"uid":"3001080704",
"parent":"A4mOWwgq3",
"text":"最后一句明明有说到【小说】……",
"mid":"A4mQfs1I6",
"date":"2013-08-12 09:56:10"
},
{
"kids":[
"A4mQfs1I6"
],
"uid":"anxiunian",
"parent":"A4munaGsW",
"text":"",
"mid":"A4mOWwgq3",
"date":"2013-08-12 09:52:57"
},
{
"kids":[],
"uid":"3043450532",
"parent":"",
"text":"",
"mid":"A4mNW8tMY",
"date":"2013-08-12 09:50:26"
},
{
"kids":[],
"uid":"1869471542",
"parent":"",
"text":"好恐怖啊",
"mid":"A4mKL3foO",
"date":"2013-08-12 09:42:37"
},
{
"kids":[],
"uid":"2679848941",
"parent":"A4mjtkYit",
"text":"",
"mid":"A4mKGAdFd",
"date":"2013-08-12 09:42:28"
},
{
"kids":[],
"uid":"6002thepark",
"parent":"A4munaGsW",
"text":"",
"mid":"A4mH9nXdp",
"date":"2013-08-12 09:33:44"
},
{
"kids":[],
"uid":"whyzero",
"parent":"A4i5k8N4m",
"text":"太长，只负责转",
"mid":"A4mEk8uMJ",
"date":"2013-08-12 09:26:47"
},
{
"kids":[
"Asz1x8gbd"
],
"uid":"1859532104",
"parent":"A4h9VeAor",
"text":"@寻珣_wish @Devil_bluedou @周小鹭的偏执 @wendi就喜欢草莓 @spongebob0530 @dd起床困难户 @清Qing_ @he_小艳 @余摆摆-217 @GFairy @Amy-Ann6028 @GFairy @小小云-Y @陈陈陈陈陈陈陈-洁洁 @蜡笔I蜡笔 @我叫傻淼 @胡婷婷0227 @思远Dorothy",
"mid":"A4mCxBFKg",
"date":"2013-08-12 09:22:27"
},
{
"kids":[],
"uid":"2880791375",
"parent":"",
"text":"",
"mid":"A4myNop54",
"date":"2013-08-12 09:13:10"
},
{
"kids":[],
"uid":"yiutaku",
"parent":"A4hJTjUxW",
"text":"貌似还有很多人觉得是真的……",
"mid":"A4mylgp6o",
"date":"2013-08-12 09:12:02"
},
{
"kids":[],
"uid":"3461011574",
"parent":"A4munaGsW",
"text":"",
"mid":"A4mvR5lrS",
"date":"2013-08-12 09:05:55"
},
{
"kids":[],
"uid":"3134084925",
"parent":"A4hJTjUxW",
"text":"这年头永远是造谣的转发比辟谣的多，= =",
"mid":"A4mvatUdu",
"date":"2013-08-12 09:04:13"
},
{
"kids":[],
"uid":"Dariko",
"parent":"A4munaGsW",
"text":"",
"mid":"A4mv89bZG",
"date":"2013-08-12 09:04:08"
},
{
"kids":[
"A4njOmHoE",
"A4nhg2FbW",
"A4ncx9Dbz",
"A4mQfs1I6",
"A4mOWwgq3",
"A4mH9nXdp",
"A4mvR5lrS",
"A4mv89bZG"
],
"uid":"bigmanman",
"parent":"A4igDl7al",
"text":"排一下最右，会造成不安情绪的事件请核实再发",
"mid":"A4munaGsW",
"date":"2013-08-12 09:02:16"
},
{
"kids":[],
"uid":"2233200112",
"parent":"A4hJTjUxW",
"text":"辟谣帖应该多转转〜嗯",
"mid":"A4mtT3I5o",
"date":"2013-08-12 09:01:04"
},
{
"kids":[
"A4mUIlzNE"
],
"uid":"waao",
"parent":"A4mjbjm8k",
"text":"拐人……",
"mid":"A4mthbzAk",
"date":"2013-08-12 08:59:33"
},
{
"kids":[],
"uid":"2433917974",
"parent":"A4hJTjUxW",
"text":"",
"mid":"A4msTw294",
"date":"2013-08-12 08:58:41"
},
{
"kids":[],
"uid":"1017194190",
"parent":"",
"text":"",
"mid":"A4mo03W9a",
"date":"2013-08-12 08:46:34"
},
{
"kids":[],
"uid":"3176517071",
"parent":"",
"text":"尼玛，骗子什么的都厉害狠呢@贾正经LL @柏芸芸是个好女人Ren @Muse小感伤 @婷小婷爱碎碎念 @-橙美美",
"mid":"A4mmGwTFF",
"date":"2013-08-12 08:43:19"
},
{
"kids":[],
"uid":"2181154530",
"parent":"A4i80ubG5",
"text":"",
"mid":"A4mk381Dh",
"date":"2013-08-12 08:36:49"
},
{
"kids":[
"A4mKGAdFd"
],
"uid":"1860364833",
"parent":"",
"text":"",
"mid":"A4mjtkYit",
"date":"2013-08-12 08:35:25"
},
{
"kids":[
"A4mUIlzNE",
"A4mthbzAk"
],
"uid":"1871822294",
"parent":"",
"text":"@Johnny-fan 上次离远见到有个女仔话要同你分手，你二话不说就用行动表示你唔会分手，下次要小心了",
"mid":"A4mjbjm8k",
"date":"2013-08-12 08:34:42"
},
{
"kids":[],
"uid":"321125858",
"parent":"A4iVg5ngR",
"text":"[生病]",
"mid":"A4mgrsmDo",
"date":"2013-08-12 08:27:56"
},
{
"kids":[],
"uid":"2804428494",
"parent":"A4hp6m2YG",
"text":"",
"mid":"A4m8a8tXW",
"date":"2013-08-12 08:07:33"
},
{
"kids":[],
"uid":"2855647693",
"parent":"",
"text":"",
"mid":"A4m6F6cAo",
"date":"2013-08-12 08:03:50"
},
{
"kids":[],
"uid":"sorrowfulrabbit",
"parent":"",
"text":"惊呆了！！！！@Arale_潴终于看了舞极限啊啊啊啊 @Lyin_SAN @小水-BAOs @金英就是懒羊羊 @crystal_鲍鲍鲍晓岚 @福州人不说福州话",
"mid":"A4m5Sl0mf",
"date":"2013-08-12 08:01:54"
},
{
"kids":[],
"uid":"kindheartedstella",
"parent":"A4hJTjUxW",
"text":"最喜欢看辟谣了[偷笑]",
"mid":"A4m5sCDLJ",
"date":"2013-08-12 08:00:53"
},
{
"kids":[],
"uid":"2936703771",
"parent":"",
"text":"",
"mid":"A4m26gcYh",
"date":"2013-08-12 07:52:37"
},
{
"kids":[],
"uid":"2737393912",
"parent":"",
"text":"",
"mid":"A4m127gbJ",
"date":"2013-08-12 07:49:59"
},
{
"kids":[
"A4wDFm0FQ"
],
"uid":"2673246651",
"parent":"A4l8KaYIr",
"text":"连环局@夏云云candy",
"mid":"A4lVK7KrX",
"date":"2013-08-12 07:36:56"
},
{
"kids":[
"A4q4eyCv6"
],
"uid":"210108605",
"parent":"",
"text":"",
"mid":"A4lUFk50N",
"date":"2013-08-12 07:34:18"
},
{
"kids":[],
"uid":"1406455100",
"parent":"",
"text":"[怒]",
"mid":"A4lQQkIgh",
"date":"2013-08-12 07:24:53"
},
{
"kids":[],
"uid":"2671128010",
"parent":"A4hJTjUxW",
"text":"我去这都几年前的事了还在传？传谣的人你们太out了好吗",
"mid":"A4lQLA2VP",
"date":"2013-08-12 07:24:42"
},
{
"kids":[],
"uid":"1910808420",
"parent":"A4hJTjUxW",
"text":"原来这个是假的！",
"mid":"A4lKZsXQ7",
"date":"2013-08-12 07:10:28"
},
{
"kids":[],
"uid":"1758563327",
"parent":"",
"text":"",
"mid":"A4lEI0m0A",
"date":"2013-08-12 06:54:59"
},
{
"kids":[],
"uid":"3485133672",
"parent":"",
"text":"要是男的怎么骗呢",
"mid":"A4lBI83g2",
"date":"2013-08-12 06:47:35"
},
{
"kids":[],
"uid":"2594485067",
"parent":"",
"text":"骗子真多，小心啊",
"mid":"A4ltbfoUc",
"date":"2013-08-12 06:26:35"
},
{
"kids":[
"A4wDFm0FQ",
"A4lVK7KrX"
],
"uid":"xiluoni",
"parent":"A4l5IdZs9",
"text":"连环套，真操蛋",
"mid":"A4l8KaYIr",
"date":"2013-08-12 05:36:14"
},
{
"kids":[
"A4wDFm0FQ",
"A4lVK7KrX",
"A4l8KaYIr"
],
"uid":"1882282142",
"parent":"A4jgHfATw",
"text":"",
"mid":"A4l5IdZs9",
"date":"2013-08-12 05:28:46"
},
{
"kids":[
"A4nec0k81"
],
"uid":"chenchangxian",
"parent":"A4hJTjUxW",
"text":"不安全，多个心眼。",
"mid":"A4kkcqVnm",
"date":"2013-08-12 03:31:43"
},
{
"kids":[],
"uid":"sharkhyy",
"parent":"",
"text":"妈的更加睡不着了",
"mid":"A4k4gEzEC",
"date":"2013-08-12 02:52:28"
},
{
"kids":[],
"uid":"2910762581",
"parent":"",
"text":"本来就睡不着，吓得就更睡不着了",
"mid":"A4jVc2vjY",
"date":"2013-08-12 02:30:06"
},
{
"kids":[
"A4opmqJiu"
],
"uid":"lijc309815",
"parent":"",
"text":"@霸道-尐绮 一定要看看！到那里都带上我就最好了…",
"mid":"A4jVbr8wl",
"date":"2013-08-12 02:30:04"
},
{
"kids":[],
"uid":"1863205942",
"parent":"A4jgHfATw",
"text":"[晕]",
"mid":"A4jQ0eZZz",
"date":"2013-08-12 02:17:19"
},
{
"kids":[],
"uid":"2670585343",
"parent":"",
"text":"路痴～胆小的女生看看喽！",
"mid":"A4jKplznY",
"date":"2013-08-12 02:03:32"
},
{
"kids":[
"A4nZ7p7wv"
],
"uid":"huwenqi168",
"parent":"",
"text":"",
"mid":"A4jGC6Wcb",
"date":"2013-08-12 01:54:10"
},
{
"kids":[],
"uid":"raynaxiu",
"parent":"",
"text":"@我是VIVIAN_薇薇安 @夏莉莉_Shania @沉默的距_离",
"mid":"A4jBFlucD",
"date":"2013-08-12 01:42:00"
},
{
"kids":[],
"uid":"777142857",
"parent":"A4jgHfATw",
"text":"",
"mid":"A4jB2DKXP",
"date":"2013-08-12 01:40:28"
},
{
"kids":[],
"uid":"2630483152",
"parent":"A4hJTjUxW",
"text":"帮忙辟谣…",
"mid":"A4jvVCgz1",
"date":"2013-08-12 01:27:51"
},
{
"kids":[],
"uid":"2940958637",
"parent":"",
"text":"这骗子，计中计！女孩门，小心啦！",
"mid":"A4jtHkVQu",
"date":"2013-08-12 01:22:22"
},
{
"kids":[],
"uid":"1723431165",
"parent":"A4i5k8N4m",
"text":"",
"mid":"A4jmareHx",
"date":"2013-08-12 01:03:49"
},
{
"kids":[],
"uid":"2486104087",
"parent":"",
"text":"注意了",
"mid":"A4jm5ragu",
"date":"2013-08-12 01:03:36"
},
{
"kids":[],
"uid":"3300872782",
"parent":"",
"text":"@天亮前说晚安Goodnight @宿命-S @Unique2-9",
"mid":"A4jh098As",
"date":"2013-08-12 00:51:02"
},
{
"kids":[
"A4wDFm0FQ",
"A4lVK7KrX",
"A4l8KaYIr",
"A4l5IdZs9",
"A4jQ0eZZz",
"A4jB2DKXP"
],
"uid":"1710461365",
"parent":"",
"text":"晕死，发生在成都啊！@卡卡雪独自走完这些路  平时出门跟同学一起哦",
"mid":"A4jgHfATw",
"date":"2013-08-12 00:50:20"
},
{
"kids":[],
"uid":"2962743057",
"parent":"",
"text":"[生病][生病]好怕",
"mid":"A4jbLoa7e",
"date":"2013-08-12 00:38:10"
},
{
"kids":[],
"uid":"2501753097",
"parent":"",
"text":"@语颜语颜",
"mid":"A4j9YAHzu",
"date":"2013-08-12 00:33:45"
},
{
"kids":[],
"uid":"1952464163",
"parent":"A4hJTjUxW",
"text":"[打哈气]晚安",
"mid":"A4j9AmGLS",
"date":"2013-08-12 00:32:47"
},
{
"kids":[],
"uid":"wongyeeyee",
"parent":"",
"text":"[生病]",
"mid":"A4j7nynXS",
"date":"2013-08-12 00:27:21"
},
{
"kids":[],
"uid":"3199882301",
"parent":"",
"text":"",
"mid":"A4j5D4yC2",
"date":"2013-08-12 00:23:05"
},
{
"kids":[],
"uid":"2523223972",
"parent":"",
"text":"@QIAOHUANING喬喬",
"mid":"A4j55pSZ9",
"date":"2013-08-12 00:21:45"
},
{
"kids":[],
"uid":"2528612011",
"parent":"",
"text":"",
"mid":"A4j4X9tag",
"date":"2013-08-12 00:21:21"
},
{
"kids":[],
"uid":"2523223972",
"parent":"",
"text":"@Elaine_天天向上 @欧阳汶洮 @涵Yuuu",
"mid":"A4j4WgdWJ",
"date":"2013-08-12 00:21:21"
},
{
"kids":[],
"uid":"2715541233",
"parent":"",
"text":"",
"mid":"A4j21pecD",
"date":"2013-08-12 00:14:09"
},
{
"kids":[],
"uid":"3007719122",
"parent":"A4hJTjUxW",
"text":"@WM的MFWIC",
"mid":"A4j1awh9I",
"date":"2013-08-12 00:12:03"
},
{
"kids":[],
"uid":"xftian23",
"parent":"",
"text":"",
"mid":"A4iZ5F4OG",
"date":"2013-08-12 00:06:59"
},
{
"kids":[],
"uid":"2005773987",
"parent":"",
"text":"",
"mid":"A4iXlffhs",
"date":"2013-08-12 00:02:39"
},
{
"kids":[],
"uid":"2133793090",
"parent":"",
"text":"@-小湾- @贝拉不熬夜 @薄荷dora @朱承小娇 @倩倩V博 @cissywang33 @晓朦_觞 @wisney @小小蓝普耳 @CherryZzj @小丽__Lily @",
"mid":"A4iW2fqe6",
"date":"2013-08-11 23:59:26"
},
{
"kids":[
"A4xkcjgc7"
],
"uid":"1707614824",
"parent":"",
"text":"好恐怖，之前听说广州地铁就有过，想不到越来越恐怖了，以后一个人在路上走吖[生病]",
"mid":"A4iW1n3El",
"date":"2013-08-11 23:59:21"
},
{
"kids":[],
"uid":"wenziza",
"parent":"",
"text":"我靠 好恐怖 [惊恐] 大家注意",
"mid":"A4iVjno5t",
"date":"2013-08-11 23:57:37"
},
{
"kids":[
"A4mgrsmDo"
],
"uid":"2860792290",
"parent":"",
"text":"@成成成成成成哥 @星空329 @伊小颖呜啦啦 @青树饮三水 看完后，提高警惕～！！我怎么觉得这地点好像是在成都啊。[汗]",
"mid":"A4iVg5ngR",
"date":"2013-08-11 23:57:31"
},
{
"kids":[],
"uid":"3124418477",
"parent":"",
"text":"@ZOUWEI婷__sfc @-张雯昕",
"mid":"A4iUY6Jrq",
"date":"2013-08-11 23:56:47"
},
{
"kids":[],
"uid":"fuxiaotongandmo",
"parent":"",
"text":"女生们路上都注意安全吧@3金_ForeverEH @mw脑子有问题 @丁胖子不纠结",
"mid":"A4iUXa53e",
"date":"2013-08-11 23:56:46"
},
{
"kids":[],
"uid":"qizhengblog",
"parent":"",
"text":"",
"mid":"A4iUEwRsc",
"date":"2013-08-11 23:56:02"
},
{
"kids":[],
"uid":"fuxiaotongandmo",
"parent":"",
"text":"唉。。。好恐怖！！",
"mid":"A4iUCumjD",
"date":"2013-08-11 23:55:57"
},
{
"kids":[],
"uid":"1930267925",
"parent":"",
"text":"",
"mid":"A4iUtmnNj",
"date":"2013-08-11 23:55:33"
},
{
"kids":[],
"uid":"1773836225",
"parent":"",
"text":"[话筒][话筒]",
"mid":"A4iTfDWoI",
"date":"2013-08-11 23:52:36"
},
{
"kids":[],
"uid":"2233901051",
"parent":"",
"text":"",
"mid":"A4iSVihaB",
"date":"2013-08-11 23:51:46"
},
{
"kids":[],
"uid":"2792889820",
"parent":"A4igDl7al",
"text":"好恐怖",
"mid":"A4iR6ox4F",
"date":"2013-08-11 23:47:17"
},
{
"kids":[],
"uid":"1987182871",
"parent":"",
"text":"",
"mid":"A4iQNdIPZ",
"date":"2013-08-11 23:46:31"
},
{
"kids":[],
"uid":"2169347172",
"parent":"A4hJTjUxW",
"text":"",
"mid":"A4iPJjGXI",
"date":"2013-08-11 23:43:54"
},
{
"kids":[],
"uid":"obsidian",
"parent":"A4hRu1Ose",
"text":"",
"mid":"A4iP9y952",
"date":"2013-08-11 23:42:27"
},
{
"kids":[],
"uid":"1578717780",
"parent":"",
"text":"纸巾不用，水不喝，往人多地方走，主动打岔的都得留个心眼,好人没那么多，坏人没那么傻！",
"mid":"A4iOq3hCR",
"date":"2013-08-11 23:40:40"
},
{
"kids":[],
"uid":"2572876403",
"parent":"",
"text":"@莎莎LS加油",
"mid":"A4iNGyk7n",
"date":"2013-08-11 23:38:52"
},
{
"kids":[],
"uid":"3288841372",
"parent":"A4hJTjUxW",
"text":"恩",
"mid":"A4iNq1v88",
"date":"2013-08-11 23:38:11"
},
{
"kids":[],
"uid":"1777100307",
"parent":"",
"text":"必转",
"mid":"A4iNlhCGB",
"date":"2013-08-11 23:37:59"
},
{
"kids":[],
"uid":"lordofhell",
"parent":"",
"text":"这社会太可怕了吧",
"mid":"A4iN9tGEV",
"date":"2013-08-11 23:37:33"
},
{
"kids":[],
"uid":"1905118877",
"parent":"",
"text":"",
"mid":"A4iMWqvS5",
"date":"2013-08-11 23:37:00"
},
{
"kids":[],
"uid":"3055252685",
"parent":"",
"text":"",
"mid":"A4iMC76m6",
"date":"2013-08-11 23:36:11"
},
{
"kids":[],
"uid":"1789652210",
"parent":"",
"text":"[抓狂][抓狂][抓狂][抓狂]",
"mid":"A4iMpmZ0C",
"date":"2013-08-11 23:35:43"
},
{
"kids":[],
"uid":"natalie9502",
"parent":"",
"text":"@小恩子是吃货小跟班 @Reyannn o晒嘴。。。",
"mid":"A4iMeoBE2",
"date":"2013-08-11 23:35:14"
},
{
"kids":[],
"uid":"1783589004",
"parent":"",
"text":"@张格aurora 太吓人了",
"mid":"A4iLuDxog",
"date":"2013-08-11 23:33:26"
},
{
"kids":[],
"uid":"1949418807",
"parent":"A4hLKdPz6",
"text":"负责监控舆情的民警将此事上报",
"mid":"A4iLuBjI1",
"date":"2013-08-11 23:33:26"
},
{
"kids":[],
"uid":"xtsilvia",
"parent":"A4hJTjUxW",
"text":"",
"mid":"A4iL4AZcN",
"date":"2013-08-11 23:32:27"
},
{
"kids":[],
"uid":"2342573464",
"parent":"",
"text":"防不胜防[抓狂]",
"mid":"A4iKl9oEY",
"date":"2013-08-11 23:30:35"
},
{
"kids":[],
"uid":"207017775",
"parent":"",
"text":"[吃惊][吃惊][吃惊]在成都唉？？",
"mid":"A4iK7x8wH",
"date":"2013-08-11 23:30:04"
},
{
"kids":[],
"uid":"1888140574",
"parent":"",
"text":"中国特色，层出不穷，社会渣滓，多不胜数！提放为妙！！",
"mid":"A4iJUvd6t",
"date":"2013-08-11 23:29:35"
},
{
"kids":[],
"uid":"1227327745",
"parent":"",
"text":"真恶心，各位女生出门还是带刀比较好[挖鼻屎]",
"mid":"A4iJzzfMs",
"date":"2013-08-11 23:28:45"
},
{
"kids":[],
"uid":"2830526845",
"parent":"",
"text":"",
"mid":"A4iJiF0E9",
"date":"2013-08-11 23:28:05"
},
{
"kids":[],
"uid":"3201815393",
"parent":"",
"text":"这么恐怖[吃惊][吃惊]",
"mid":"A4iIZdQQD",
"date":"2013-08-11 23:27:17"
},
{
"kids":[],
"uid":"2120229457",
"parent":"",
"text":"",
"mid":"A4iIV60Jb",
"date":"2013-08-11 23:27:05"
},
{
"kids":[],
"uid":"1844043963",
"parent":"",
"text":"",
"mid":"A4iIMu5af",
"date":"2013-08-11 23:26:47"
},
{
"kids":[],
"uid":"2360180761",
"parent":"A4hJTjUxW",
"text":"还有什么智斗小三的，都是意淫",
"mid":"A4iIGAuVa",
"date":"2013-08-11 23:26:32"
},
{
"kids":[],
"uid":"2851233834",
"parent":"",
"text":"",
"mid":"A4iHWu8cY",
"date":"2013-08-11 23:24:42"
},
{
"kids":[],
"uid":"1890805122",
"parent":"A4hJTjUxW",
"text":"好可怕，而且不太相信这辟谣[汗]",
"mid":"A4iHKDxDP",
"date":"2013-08-11 23:24:14"
},
{
"kids":[],
"uid":"1943931022",
"parent":"A4hJTjUxW",
"text":"",
"mid":"A4iH22Yjh",
"date":"2013-08-11 23:22:28"
},
{
"kids":[],
"uid":"2726465151",
"parent":"",
"text":"",
"mid":"A4iGN1kHA",
"date":"2013-08-11 23:21:49"
},
{
"kids":[],
"uid":"1261783761",
"parent":"A4hJTjUxW",
"text":"",
"mid":"A4iGB9nMz",
"date":"2013-08-11 23:21:28"
},
{
"kids":[],
"uid":"ywj5522",
"parent":"A4hJTjUxW",
"text":"出门在外，万事留个心眼总没错。",
"mid":"A4iEJALRh",
"date":"2013-08-11 23:16:49"
},
{
"kids":[],
"uid":"2542146727",
"parent":"A4hJTjUxW",
"text":"虽说是联想过度可是拉客神马真的挺恐怖的",
"mid":"A4iAxydaq",
"date":"2013-08-11 23:06:29"
},
{
"kids":[],
"uid":"1790191171",
"parent":"",
"text":"[衰][吃惊]",
"mid":"A4iA5xIOD",
"date":"2013-08-11 23:05:23"
},
{
"kids":[
"A4pv287LL"
],
"uid":"1970942515",
"parent":"A4hJTjUxW",
"text":"",
"mid":"A4izds2Ph",
"date":"2013-08-11 23:03:13"
},
{
"kids":[],
"uid":"2424957612",
"parent":"A4iwUpS0q",
"text":"虽然你们辟谣了，可是我觉得这样的事情还是很可能发生的，女生们一定要小心！【我一点都不相信这个辟谣！",
"mid":"A4iyd5vjq",
"date":"2013-08-11 23:00:45"
},
{
"kids":[
"A4iyd5vjq"
],
"uid":"2424957612",
"parent":"A4hJTjUxW",
"text":"",
"mid":"A4iwUpS0q",
"date":"2013-08-11 22:57:32"
},
{
"kids":[],
"uid":"1275942381",
"parent":"A4hJTjUxW",
"text":"还是安心西路吧[馋嘴]",
"mid":"A4ivYvmy4",
"date":"2013-08-11 22:55:11"
},
{
"kids":[],
"uid":"2337728400",
"parent":"A4hJTjUxW",
"text":"警察叔叔辛苦了",
"mid":"A4it0qK36",
"date":"2013-08-11 22:47:53"
},
{
"kids":[],
"uid":"2963078642",
"parent":"",
"text":"",
"mid":"A4irsouO7",
"date":"2013-08-11 22:44:07"
},
{
"kids":[],
"uid":"2625570777",
"parent":"",
"text":"",
"mid":"A4ip213ZT",
"date":"2013-08-11 22:38:06"
},
{
"kids":[],
"uid":"2091816577",
"parent":"A4hJTjUxW",
"text":"@Zoey-雪 好恐怖",
"mid":"A4inZfC3G",
"date":"2013-08-11 22:35:33"
},
{
"kids":[],
"uid":"2364091783",
"parent":"",
"text":"保护自己",
"mid":"A4inqoo6P",
"date":"2013-08-11 22:34:10"
},
{
"kids":[],
"uid":"223452538",
"parent":"A4ieXic56",
"text":"谁怕呢，如果发生这种事我就大声喊救命啊我是同性恋怎么会跟你在一起呢",
"mid":"A4ilMaPXB",
"date":"2013-08-11 22:30:05"
},
{
"kids":[],
"uid":"2689356214",
"parent":"A4ih5FGgf",
"text":"转了",
"mid":"A4ijLaKHJ",
"date":"2013-08-11 22:25:05"
},
{
"kids":[
"A4ijLaKHJ"
],
"uid":"1832324531",
"parent":"A4hJTjUxW",
"text":"",
"mid":"A4ih5FGgf",
"date":"2013-08-11 22:18:30"
},
{
"kids":[
"A4njOmHoE",
"A4nhg2FbW",
"A4ncx9Dbz",
"A4mQfs1I6",
"A4mOWwgq3",
"A4mH9nXdp",
"A4mvR5lrS",
"A4mv89bZG",
"A4munaGsW",
"A4iR6ox4F"
],
"uid":"shi001",
"parent":"A4hJTjUxW",
"text":"过去的一年，我从公安到政府，从政府到下海，身份一直在变，辟谣都变成职业了。",
"mid":"A4igDl7al",
"date":"2013-08-11 22:17:23"
},
{
"kids":[],
"uid":"1575791720",
"parent":"A4hJTjUxW",
"text":"",
"mid":"A4ifF2yC5",
"date":"2013-08-11 22:15:02"
},
{
"kids":[
"A4ilMaPXB"
],
"uid":"malovey",
"parent":"A4hAR4wJl",
"text":"",
"mid":"A4ieXic56",
"date":"2013-08-11 22:13:14"
},
{
"kids":[],
"uid":"3260696475",
"parent":"A4hJTjUxW",
"text":"前四个字有何感想@言字旁的_谣",
"mid":"A4ieKAGV3",
"date":"2013-08-11 22:12:48"
},
{
"kids":[],
"uid":"emilyangjj",
"parent":"",
"text":"",
"mid":"A4iaWe7TL",
"date":"2013-08-11 22:03:25"
},
{
"kids":[],
"uid":"1932106932",
"parent":"",
"text":"",
"mid":"A4iagwzjI",
"date":"2013-08-11 22:01:45"
},
{
"kids":[],
"uid":"3069577217",
"parent":"",
"text":"",
"mid":"A4i9VyrHa",
"date":"2013-08-11 22:00:54"
},
{
"kids":[],
"uid":"mycathy11",
"parent":"",
"text":"不要给陌生人说话，不要让人靠近[衰]啥子世道啊",
"mid":"A4i9HoZ3D",
"date":"2013-08-11 22:00:21"
},
{
"kids":[],
"uid":"1440691622",
"parent":"A4hJTjUxW",
"text":"",
"mid":"A4i9ih8jU",
"date":"2013-08-11 21:59:21"
},
{
"kids":[],
"uid":"2687671291",
"parent":"A4hJTjUxW",
"text":"江宁婆婆，您总是辟谣。但是就算让我们设想一下这种场景，警察蜀黍们怎样能迅速出警帮到我们呢？不如就当是种假想情境设定，多一些心理上的预见，也不要图样图森破了。当然被这种事吓到不敢出门，那就是过激反应了。再说就算现在没有，万一坏淫关注你，学到了新招可怎么办才好@江宁公安在线",
"mid":"A4i9cEBIi",
"date":"2013-08-11 21:59:06"
},
{
"kids":[],
"uid":"2617135243",
"parent":"",
"text":"现在这个世界太疯狂了！",
"mid":"A4i8G9n6Q",
"date":"2013-08-11 21:57:51"
},
{
"kids":[
"A4mk381Dh"
],
"uid":"1445579897",
"parent":"",
"text":"吓人",
"mid":"A4i80ubG5",
"date":"2013-08-11 21:56:11"
},
{
"kids":[],
"uid":"dyl1111",
"parent":"",
"text":"@杨子0114 @-爱吃阿魏菇的海欧 @175度C甜心泡芙 @m糖雪球 @馬小慧8O23 @-Catttttttt @MXJ-poi",
"mid":"A4i7Y7stE",
"date":"2013-08-11 21:56:05"
},
{
"kids":[],
"uid":"2617135243",
"parent":"",
"text":"",
"mid":"A4i7ugyY9",
"date":"2013-08-11 21:54:54"
},
{
"kids":[],
"uid":"2423740115",
"parent":"",
"text":"骗局新出 吓得你发冷汗",
"mid":"A4i7rlHw4",
"date":"2013-08-11 21:54:48"
},
{
"kids":[],
"uid":"2209598472",
"parent":"A4hJTjUxW",
"text":"营销帐号每年都会把这个再度演绎一遍。",
"mid":"A4i75r4UO",
"date":"2013-08-11 21:53:55"
},
{
"kids":[],
"uid":"2805113122",
"parent":"",
"text":"好恐怖啊，这个世界是怎么啦",
"mid":"A4i6W1yg7",
"date":"2013-08-11 21:53:30"
},
{
"kids":[
"A4mEk8uMJ",
"A4jmareHx"
],
"uid":"sarryq",
"parent":"",
"text":"[抓狂][吃惊]越來越恐怖啊~~~",
"mid":"A4i5k8N4m",
"date":"2013-08-11 21:49:32"
},
{
"kids":[],
"uid":"2128886673",
"parent":"",
"text":"得小心点了",
"mid":"A4i5gAocP",
"date":"2013-08-11 21:49:26"
},
{
"kids":[],
"uid":"qianfeiqingyan",
"parent":"A4hJTjUxW",
"text":"",
"mid":"A4i4V27BY",
"date":"2013-08-11 21:48:33"
},
{
"kids":[],
"uid":"3480807865",
"parent":"",
"text":"未必是假的，防范于未然。辟谣很简单，找出3个发型师（如果是真发型师，店一定在附近，还办什么比赛的，应该很好找。）",
"mid":"A4i1Oj39F",
"date":"2013-08-11 21:40:55"
},
{
"kids":[],
"uid":"JiroIDanson",
"parent":"A4hJTjUxW",
"text":"联想过度？！噗",
"mid":"A4i1tmaXD",
"date":"2013-08-11 21:40:05"
},
{
"kids":[],
"uid":"2338035232",
"parent":"",
"text":"太恐怖了",
"mid":"A4i1cxrQG",
"date":"2013-08-11 21:39:26"
},
{
"kids":[],
"uid":"1881292712",
"parent":"A4hJTjUxW",
"text":"",
"mid":"A4i0Y4JZO",
"date":"2013-08-11 21:38:50"
},
{
"kids":[],
"uid":"2215407101",
"parent":"A4hJTjUxW",
"text":"多看警察蜀黍微博，不造谣不传谣！[话筒]",
"mid":"A4i0TCuOu",
"date":"2013-08-11 21:38:39"
},
{
"kids":[],
"uid":"2290952530",
"parent":"A4hJTjUxW",
"text":"",
"mid":"A4i0T2Fzq",
"date":"2013-08-11 21:38:38"
},
{
"kids":[],
"uid":"lvvice",
"parent":"A4hJTjUxW",
"text":"做材料的时当事人经常这样",
"mid":"A4i0sr93S",
"date":"2013-08-11 21:37:33"
},
{
"kids":[],
"uid":"1810863544",
"parent":"A4hJTjUxW",
"text":"",
"mid":"A4i0n7tj7",
"date":"2013-08-11 21:37:22"
},
{
"kids":[],
"uid":"2581845225",
"parent":"",
"text":"[吃惊] 好好感受一下...",
"mid":"A4hYj8UlV",
"date":"2013-08-11 21:32:14"
},
{
"kids":[],
"uid":"2762045447",
"parent":"A4hJTjUxW",
"text":"结合右边看PO主的故事风味更佳，睡前故事",
"mid":"A4hYafXkW",
"date":"2013-08-11 21:31:57"
},
{
"kids":[],
"uid":"ta4evers",
"parent":"A4hJTjUxW",
"text":"",
"mid":"A4hY5gFRe",
"date":"2013-08-11 21:31:42"
},
{
"kids":[],
"uid":"2804757845",
"parent":"A4hJTjUxW",
"text":"[晕]",
"mid":"A4hXGr7s7",
"date":"2013-08-11 21:30:45"
},
{
"kids":[],
"uid":"337428288",
"parent":"A4hUQ0Vv9",
"text":"",
"mid":"A4hXz4Yua",
"date":"2013-08-11 21:30:24"
},
{
"kids":[],
"uid":"2076468975",
"parent":"A4hJTjUxW",
"text":"→_→",
"mid":"A4hXlbtLc",
"date":"2013-08-11 21:29:52"
},
{
"kids":[],
"uid":"1664109332",
"parent":"A4hJTjUxW",
"text":"",
"mid":"A4hWNcbxU",
"date":"2013-08-11 21:28:32"
},
{
"kids":[],
"uid":"1927504675",
"parent":"A4hJTjUxW",
"text":"现在这种的我都当做故事看了。",
"mid":"A4hWo629g",
"date":"2013-08-11 21:27:31"
},
{
"kids":[],
"uid":"1862073920",
"parent":"A4hJTjUxW",
"text":"每年总有那么几天",
"mid":"A4hW08ezk",
"date":"2013-08-11 21:26:37"
},
{
"kids":[],
"uid":"2034496090",
"parent":"A4hJTjUxW",
"text":"给扩，谣言止于智者",
"mid":"A4hVZyDYF",
"date":"2013-08-11 21:26:33"
},
{
"kids":[
"A4hXz4Yua"
],
"uid":"2344996491",
"parent":"A4hJTjUxW",
"text":"辟谣贴要大力转发，现在很多人人只愿意转发造谣言论哗众取宠",
"mid":"A4hUQ0Vv9",
"date":"2013-08-11 21:23:44"
},
{
"kids":[],
"uid":"1931533220",
"parent":"A4hJTjUxW",
"text":"",
"mid":"A4hUAnUwe",
"date":"2013-08-11 21:23:06"
},
{
"kids":[],
"uid":"curlty",
"parent":"A4gMg8zd4",
"text":"我勒个去……还是当宅女安全……[汗]",
"mid":"A4hTskOp0",
"date":"2013-08-11 21:20:20"
},
{
"kids":[
"A4iP9y952"
],
"uid":"disciplesaga",
"parent":"A4hJTjUxW",
"text":"",
"mid":"A4hRu1Ose",
"date":"2013-08-11 21:15:28"
},
{
"kids":[],
"uid":"3213368297",
"parent":"A4hJTjUxW",
"text":"避谣还是转一下.",
"mid":"A4hRtqasp",
"date":"2013-08-11 21:15:27"
},
{
"kids":[],
"uid":"1607220477",
"parent":"A4hJTjUxW",
"text":"",
"mid":"A4hR5tpKO",
"date":"2013-08-11 21:14:30"
},
{
"kids":[],
"uid":"leeyaochina",
"parent":"A4hJTjUxW",
"text":"",
"mid":"A4hQO2rW4",
"date":"2013-08-11 21:13:48"
},
{
"kids":[],
"uid":"1890260262",
"parent":"A4hJTjUxW",
"text":"",
"mid":"A4hQBm5DR",
"date":"2013-08-11 21:13:18"
},
{
"kids":[],
"uid":"2197140313",
"parent":"A4hJTjUxW",
"text":"辟谣=～=",
"mid":"A4hQhfcvv",
"date":"2013-08-11 21:12:30"
},
{
"kids":[],
"uid":"1744527190",
"parent":"A4hJTjUxW",
"text":"被害妄想症要不得...",
"mid":"A4hQegQMw",
"date":"2013-08-11 21:12:23"
},
{
"kids":[],
"uid":"1531421327",
"parent":"A4hJTjUxW",
"text":"为啥不去做编剧？",
"mid":"A4hPGhJYn",
"date":"2013-08-11 21:11:02"
},
{
"kids":[],
"uid":"evilcat310",
"parent":"",
"text":"",
"mid":"A4hPFavaD",
"date":"2013-08-11 21:10:59"
},
{
"kids":[],
"uid":"ouyangximei",
"parent":"A4hJTjUxW",
"text":"全国各地都发生了一模一样的案例，拜托更改一下情节好么！传播者没有脑子么？编谣言是有多爽！",
"mid":"A4hPf9XCN",
"date":"2013-08-11 21:09:56"
},
{
"kids":[],
"uid":"319808881",
"parent":"A4hJTjUxW",
"text":"不管是不是谣言都要提高警惕啊[巨汗]",
"mid":"A4hOyx07b",
"date":"2013-08-11 21:08:16"
},
{
"kids":[],
"uid":"kanpu",
"parent":"A4hJTjUxW",
"text":"好人难当，那对帮忙的夫妻多心寒哪",
"mid":"A4hOv2RL1",
"date":"2013-08-11 21:08:07"
},
{
"kids":[],
"uid":"2008126551",
"parent":"A4hJTjUxW",
"text":"→_→",
"mid":"A4hNOcx5l",
"date":"2013-08-11 21:06:25"
},
{
"kids":[],
"uid":"1915807185",
"parent":"A4hJTjUxW",
"text":"第一句好多这样的帖子都有",
"mid":"A4hNHFagx",
"date":"2013-08-11 21:06:10"
},
{
"kids":[],
"uid":"314442863",
"parent":"A4hJTjUxW",
"text":"怎么现在的人都有被害妄想症啊",
"mid":"A4hNH5XHn",
"date":"2013-08-11 21:06:06"
},
{
"kids":[],
"uid":"xiaowusama",
"parent":"A4hJTjUxW",
"text":"就喜欢警察叔叔随时出来辟谣的认真态度！！！",
"mid":"A4hNDwZhe",
"date":"2013-08-11 21:06:01"
},
{
"kids":[],
"uid":"annettefeng",
"parent":"A4hJTjUxW",
"text":"这真的是被迫害妄想吧？编故事的打小得多缺乏关注缺乏爱啊……",
"mid":"A4hNu4JtX",
"date":"2013-08-11 21:05:37"
},
{
"kids":[],
"uid":"cornminttree",
"parent":"A4hJTjUxW",
"text":"当时这个看得很真很吓人啊……还好还好，不过骗子们会不会就此学会这招了呢……",
"mid":"A4hNckJwB",
"date":"2013-08-11 21:04:55"
},
{
"kids":[],
"uid":"3199806394",
"parent":"A4hJTjUxW",
"text":"当事人联想过度……",
"mid":"A4hMHmp5w",
"date":"2013-08-11 21:03:39"
},
{
"kids":[],
"uid":"foreverayubest",
"parent":"A4hKYFGLb",
"text":"说实话那个发廊打分的倒是经常碰见- -。。。。在人多的地方你脾气暴躁点就没事了",
"mid":"A4hMCkWNh",
"date":"2013-08-11 21:03:29"
},
{
"kids":[],
"uid":"1746052692",
"parent":"A4hJTjUxW",
"text":"被害妄想症。。。",
"mid":"A4hMqth19",
"date":"2013-08-11 21:03:00"
},
{
"kids":[],
"uid":"trwho",
"parent":"A4hJTjUxW",
"text":"",
"mid":"A4hMjmGIQ",
"date":"2013-08-11 21:02:44"
},
{
"kids":[],
"uid":"2437668824",
"parent":"",
"text":"",
"mid":"A4hM9mncg",
"date":"2013-08-11 21:02:19"
},
{
"kids":[],
"uid":"blackmiu",
"parent":"A4hJTjUxW",
"text":"传这种谣言该不该行政处罚？这些营销号既然有把陈年旧闻翻成长微博的能力，那就也应该能看到辟谣言论的能力，但营销号就是唯恐天下不乱的，你不去查处，他们就继续造谣。",
"mid":"A4hM8qBpj",
"date":"2013-08-11 21:02:19"
},
{
"kids":[
"A4qvI6nqU"
],
"uid":"1790040815",
"parent":"A4hJTjUxW",
"text":"",
"mid":"A4hLXvBjP",
"date":"2013-08-11 21:01:52"
},
{
"kids":[],
"uid":"ingress2",
"parent":"A4hJTjUxW",
"text":"整天造谣这些人累不累",
"mid":"A4hLXfmxF",
"date":"2013-08-11 21:01:48"
},
{
"kids":[
"A4iLuBjI1"
],
"uid":"iriszurich",
"parent":"A4hJTjUxW",
"text":"虽说当事人有点紧张过度，但是还是长个心眼儿好的，现在什么人都有啊",
"mid":"A4hLKdPz6",
"date":"2013-08-11 21:01:20"
},
{
"kids":[],
"uid":"3107596630",
"parent":"A4hJTjUxW",
"text":"同右",
"mid":"A4hLstQbz",
"date":"2013-08-11 21:00:40"
},
{
"kids":[],
"uid":"1935326254",
"parent":"A4hJTjUxW",
"text":"一看愿PO主的昵称,就直到是专业转各种垃圾心灵鸡汤和谣言的主",
"mid":"A4hL359f9",
"date":"2013-08-11 20:59:34"
},
{
"kids":[],
"uid":"2177533794",
"parent":"A4hJTjUxW",
"text":"",
"mid":"A4hL136zx",
"date":"2013-08-11 20:59:29"
},
{
"kids":[
"A4hMCkWNh"
],
"uid":"1814458195",
"parent":"A4hJTjUxW",
"text":"唯恐天下不乱的谣言",
"mid":"A4hKYFGLb",
"date":"2013-08-11 20:59:25"
},
{
"kids":[],
"uid":"zhucy1990",
"parent":"A4hJTjUxW",
"text":"联想过度。。",
"mid":"A4hKO2RVo",
"date":"2013-08-11 20:58:59"
},
{
"kids":[],
"uid":"fengxue891214",
"parent":"A4hJTjUxW",
"text":"我也戳婆婆辟谣的 结果微博上一群人当真的在转发[汗]艾玛 都什么人在关注我？",
"mid":"A4hKIpMvd",
"date":"2013-08-11 20:58:48"
},
{
"kids":[],
"uid":"mreye",
"parent":"A4hJTjUxW",
"text":"",
"mid":"A4hKD5Vju",
"date":"2013-08-11 20:58:35"
},
{
"kids":[],
"uid":"endlesswazlt",
"parent":"A4hJTjUxW",
"text":"",
"mid":"A4hKsqm0Q",
"date":"2013-08-11 20:58:08"
},
{
"kids":[],
"uid":"2647119065",
"parent":"A4hJTjUxW",
"text":"坐等一转没= =",
"mid":"A4hKg1PTf",
"date":"2013-08-11 20:57:40"
},
{
"kids":[],
"uid":"3625993380",
"parent":"A4hJTjUxW",
"text":"[哈哈][哈哈][哈哈]",
"mid":"A4hKfam9i",
"date":"2013-08-11 20:57:35"
},
{
"kids":[],
"uid":"272995505",
"parent":"A4hJTjUxW",
"text":"脑洞过大自粽",
"mid":"A4hKeflM7",
"date":"2013-08-11 20:57:37"
},
{
"kids":[
"A5LcemcP6",
"A5KVmlGKE",
"A4FSYFhcV",
"A4Ap0m3rK",
"A4t3Ov9Vw",
"A4qvI6nqU",
"A4pv287LL",
"A4np7gU23",
"A4njOmHoE",
"A4nhg2FbW",
"A4nec0k81",
"A4ncx9Dbz",
"A4n5hrZRy",
"A4mQfs1I6",
"A4mOWwgq3",
"A4mH9nXdp",
"A4mylgp6o",
"A4mvR5lrS",
"A4mvatUdu",
"A4mv89bZG",
"A4munaGsW",
"A4mtT3I5o",
"A4msTw294",
"A4m5sCDLJ",
"A4lQLA2VP",
"A4lKZsXQ7",
"A4kkcqVnm",
"A4jvVCgz1",
"A4j9AmGLS",
"A4j1awh9I",
"A4iR6ox4F",
"A4iPJjGXI",
"A4iP9y952",
"A4iNq1v88",
"A4iLuBjI1",
"A4iL4AZcN",
"A4iIGAuVa",
"A4iHKDxDP",
"A4iH22Yjh",
"A4iGB9nMz",
"A4iEJALRh",
"A4iAxydaq",
"A4izds2Ph",
"A4iyd5vjq",
"A4iwUpS0q",
"A4ivYvmy4",
"A4it0qK36",
"A4inZfC3G",
"A4ijLaKHJ",
"A4ih5FGgf",
"A4igDl7al",
"A4ifF2yC5",
"A4ieKAGV3",
"A4i9ih8jU",
"A4i9cEBIi",
"A4i75r4UO",
"A4i4V27BY",
"A4i1tmaXD",
"A4i0Y4JZO",
"A4i0TCuOu",
"A4i0T2Fzq",
"A4i0sr93S",
"A4i0n7tj7",
"A4hYafXkW",
"A4hY5gFRe",
"A4hXGr7s7",
"A4hXz4Yua",
"A4hXlbtLc",
"A4hWNcbxU",
"A4hWo629g",
"A4hW08ezk",
"A4hVZyDYF",
"A4hUQ0Vv9",
"A4hUAnUwe",
"A4hRu1Ose",
"A4hRtqasp",
"A4hR5tpKO",
"A4hQO2rW4",
"A4hQBm5DR",
"A4hQhfcvv",
"A4hQegQMw",
"A4hPGhJYn",
"A4hPf9XCN",
"A4hOyx07b",
"A4hOv2RL1",
"A4hNOcx5l",
"A4hNHFagx",
"A4hNH5XHn",
"A4hNDwZhe",
"A4hNu4JtX",
"A4hNckJwB",
"A4hMHmp5w",
"A4hMCkWNh",
"A4hMqth19",
"A4hMjmGIQ",
"A4hM8qBpj",
"A4hLXvBjP",
"A4hLXfmxF",
"A4hLKdPz6",
"A4hLstQbz",
"A4hL359f9",
"A4hL136zx",
"A4hKYFGLb",
"A4hKO2RVo",
"A4hKIpMvd",
"A4hKD5Vju",
"A4hKsqm0Q",
"A4hKg1PTf",
"A4hKfam9i",
"A4hKeflM7"
],
"uid":"njjnga",
"parent":"",
"text":"陈年老谣又被拿出来说事。这事情@平安武侯 去年已经调查过了，完全是当事人联想过度，详情见：http:",
"mid":"A4hJTjUxW",
"date":"2013-08-11 20:56:45"
},
{
"kids":[],
"uid":"2737769983",
"parent":"",
"text":"[可怜]",
"mid":"A4hDCazjw",
"date":"2013-08-11 20:41:16"
},
{
"kids":[
"A4ilMaPXB",
"A4ieXic56"
],
"uid":"2045612532",
"parent":"A4gMg8zd4",
"text":"居然还是成都的玉林生活广场，亲爱的们你们要小心@per然 @X__MAN曼 @周韵要走运 @張小_倩倩",
"mid":"A4hAR4wJl",
"date":"2013-08-11 20:34:31"
},
{
"kids":[],
"uid":"jingyixuanxiyu",
"parent":"",
"text":"",
"mid":"A4hzhwE2d",
"date":"2013-08-11 20:30:36"
},
{
"kids":[],
"uid":"3294532042",
"parent":"",
"text":"",
"mid":"A4huipJdV",
"date":"2013-08-11 20:18:20"
},
{
"kids":[],
"uid":"2990462095",
"parent":"",
"text":"太恐怖了…[怒][怒]",
"mid":"A4hucfF9I",
"date":"2013-08-11 20:18:05"
},
{
"kids":[],
"uid":"2155269767",
"parent":"",
"text":"",
"mid":"A4ht0FOpz",
"date":"2013-08-11 20:15:11"
},
{
"kids":[],
"uid":"2826447562",
"parent":"",
"text":"",
"mid":"A4hpy6BRO",
"date":"2013-08-11 20:06:37"
},
{
"kids":[
"A4nxFnsz6",
"A4m8a8tXW"
],
"uid":"2563462427",
"parent":"",
"text":"",
"mid":"A4hp6m2YG",
"date":"2013-08-11 20:05:31"
},
{
"kids":[],
"uid":"3509358731",
"parent":"",
"text":"",
"mid":"A4hkXxEoH",
"date":"2013-08-11 19:55:21"
},
{
"kids":[],
"uid":"2402753635",
"parent":"",
"text":"",
"mid":"A4hegpZDi",
"date":"2013-08-11 19:38:51"
},
{
"kids":[],
"uid":"1814761340",
"parent":"",
"text":"@橙小cc哒 @乖乖隆滴冬冬",
"mid":"A4hd86FXz",
"date":"2013-08-11 19:36:03"
},
{
"kids":[],
"uid":"2249552332",
"parent":"",
"text":"",
"mid":"A4hcVlZXa",
"date":"2013-08-11 19:35:33"
},
{
"kids":[],
"uid":"2494083814",
"parent":"",
"text":"[鄙视][鄙视][汗]",
"mid":"A4hbrcAAz",
"date":"2013-08-11 19:31:51"
},
{
"kids":[],
"uid":"2958088661",
"parent":"A4h7BiBha",
"text":"[泪]我看这个都被吓到了好嘛…以后一定要小心！",
"mid":"A4hafB7xF",
"date":"2013-08-11 19:28:57"
},
{
"kids":[
"Asz1x8gbd",
"A4mCxBFKg"
],
"uid":"2677815143",
"parent":"",
"text":"[惊恐] [惊恐] [惊恐] [惊恐] [惊恐]",
"mid":"A4h9VeAor",
"date":"2013-08-11 19:28:09"
},
{
"kids":[],
"uid":"1764994221",
"parent":"",
"text":"",
"mid":"A4h7WAzS5",
"date":"2013-08-11 19:23:16"
},
{
"kids":[],
"uid":"2680877880",
"parent":"",
"text":"",
"mid":"A4h7JjBlT",
"date":"2013-08-11 19:22:45"
},
{
"kids":[
"A4hafB7xF"
],
"uid":"2945748895",
"parent":"",
"text":"@纠结的海姐姐 你还记得上次我们在步行街遇到的那几个要拉理发店打分的人么。。幸亏我们没去。。有妹子去了被骗了几百块钱还吓的要死",
"mid":"A4h7BiBha",
"date":"2013-08-11 19:22:26"
},
{
"kids":[],
"uid":"2495400304",
"parent":"",
"text":"好恐怖……不敢自己一个人逛了……[失望]",
"mid":"A4h469n8o",
"date":"2013-08-11 19:13:48"
},
{
"kids":[],
"uid":"3309392855",
"parent":"",
"text":"",
"mid":"A4gVOyhmC",
"date":"2013-08-11 18:53:24"
},
{
"kids":[],
"uid":"1892144702",
"parent":"",
"text":"@杜杜的海角 @-安洛沫 @何妍暄 @跟着希望跟着光我是不落的太阳 @若情唯怡        社會太險惡了。姐妹們要小心啊！",
"mid":"A4gSPjnJ8",
"date":"2013-08-11 18:46:01"
},
{
"kids":[],
"uid":"13bei",
"parent":"",
"text":"",
"mid":"A4gS2xrGZ",
"date":"2013-08-11 18:44:05"
},
{
"kids":[],
"uid":"2271894150",
"parent":"",
"text":"增长下知识@Dream想睡觉",
"mid":"A4gQA5lZ1",
"date":"2013-08-11 18:40:31"
},
{
"kids":[
"A8RDk3Xu4"
],
"uid":"2491426765",
"parent":"",
"text":"",
"mid":"A4gPV3UAg",
"date":"2013-08-11 18:38:50"
},
{
"kids":[],
"uid":"2560789827",
"parent":"",
"text":"有点儿吓人",
"mid":"A4gP9t0S1",
"date":"2013-08-11 18:36:57"
},
{
"kids":[],
"uid":"1980436251",
"parent":"",
"text":"我那天也在火车站看到了...还以为是一对情侣吵架...那个女的反应超大，包包和鞋子都甩到地上了...希望她没事...",
"mid":"A4gNvcdzf",
"date":"2013-08-11 18:32:55"
},
{
"kids":[],
"uid":"2675368100",
"parent":"",
"text":"[生病][生病][生病]好恐怖，大家看看",
"mid":"A4gNpCCj7",
"date":"2013-08-11 18:32:42"
},
{
"kids":[],
"uid":"1907632797",
"parent":"",
"text":"",
"mid":"A4gMDriKQ",
"date":"2013-08-11 18:30:47"
},
{
"kids":[
"A6KjxwsV9",
"A4ilMaPXB",
"A4ieXic56",
"A4hTskOp0",
"A4hAR4wJl"
],
"uid":"biogerm",
"parent":"",
"text":"好可怕 國內的大家小心",
"mid":"A4gMg8zd4",
"date":"2013-08-11 18:29:50"
},
{
"kids":[],
"uid":"3174515927",
"parent":"",
"text":"[吃惊]",
"mid":"A4gKS5LHH",
"date":"2013-08-11 18:26:26"
},
{
"kids":[],
"uid":"2275590802",
"parent":"",
"text":"",
"mid":"A4gHIv5Xn",
"date":"2013-08-11 18:18:40"
},
{
"kids":[],
"uid":"2677397585",
"parent":"",
"text":"",
"mid":"A4gHmjptn",
"date":"2013-08-11 18:17:48"
},
{
"kids":[],
"uid":"2001242637",
"parent":"",
"text":"",
"mid":"A4gGKvuhv",
"date":"2013-08-11 18:16:17"
},
{
"kids":[],
"uid":"3486692691",
"parent":"",
"text":"@焉知非狐 @honey大飞 @极地有孤狼 @陈焱雨 @小学生进大学",
"mid":"A4gFA5hiY",
"date":"2013-08-11 18:13:24"
},
{
"kids":[],
"uid":"1270967295",
"parent":"",
"text":"害人之心不可有，防人之心不可无。",
"mid":"A4gFutQ1Z",
"date":"2013-08-11 18:13:12"
},
{
"kids":[],
"uid":"1916392803",
"parent":"",
"text":"[话筒][话筒][话筒][怒]这个社会是怎么了！！",
"mid":"A4gF9ersJ",
"date":"2013-08-11 18:12:17"
},
{
"kids":[],
"uid":"512365193",
"parent":"",
"text":"太吓人了！[围观][围观]@争口气-过四级",
"mid":"A4gEMbimy",
"date":"2013-08-11 18:11:23"
},
{
"kids":[],
"uid":"2638769170",
"parent":"",
"text":"不管这个故事是否真实，出门在外，大家都要注意自身安全，特别是一个人的时候@思小豆SD",
"mid":"A4gDa0XnK",
"date":"2013-08-11 18:07:26"
},
{
"kids":[],
"uid":"3192602717",
"parent":"A4gxTaERl",
"text":"怎么办我觉得我会跟那个“救命恩人”走的！！！！！！！",
"mid":"A4gCP03QJ",
"date":"2013-08-11 18:06:36"
},
{
"kids":[],
"uid":"1449162380",
"parent":"",
"text":"呀！好吓人！！",
"mid":"A4gCopJDo",
"date":"2013-08-11 18:05:31"
},
{
"kids":[],
"uid":"1929946330",
"parent":"",
"text":"[抓狂][抓狂][抓狂][抓狂][抓狂]呼呀罢。",
"mid":"A4gA4w3DY",
"date":"2013-08-11 17:59:48"
},
{
"kids":[],
"uid":"2209654844",
"parent":"",
"text":"[衰]",
"mid":"A4gyQfFDu",
"date":"2013-08-11 17:56:49"
},
{
"kids":[
"A4gCP03QJ"
],
"uid":"2661201033",
"parent":"A4gtMrHqv",
"text":"遇到这样的事情，真是死定了。",
"mid":"A4gxTaERl",
"date":"2013-08-11 17:54:27"
},
{
"kids":[],
"uid":"1618068234",
"parent":"",
"text":"有木有这恐怖啊！？！",
"mid":"A4gx70CqP",
"date":"2013-08-11 17:52:33"
},
{
"kids":[],
"uid":"1984874867",
"parent":"",
"text":"",
"mid":"A4gwC1RDN",
"date":"2013-08-11 17:51:18"
},
{
"kids":[],
"uid":"1890811445",
"parent":"",
"text":"",
"mid":"A4gw5cxET",
"date":"2013-08-11 17:50:00"
},
{
"kids":[],
"uid":"plumcafe",
"parent":"",
"text":"@ella-li的爱 @睡懒觉的楓子子子 @安桢水门汀 @彭太郎滴小娘孓 @石玉洁0630 @萍盖子_魏我晨沦 小心呀！！！",
"mid":"A4gvMjHAt",
"date":"2013-08-11 17:49:13"
},
{
"kids":[],
"uid":"xiao0215",
"parent":"",
"text":"[汗]",
"mid":"A4gvMfSQY",
"date":"2013-08-11 17:49:15"
},
{
"kids":[],
"uid":"1887434715",
"parent":"",
"text":"",
"mid":"A4guYAX1Z",
"date":"2013-08-11 17:47:16"
},
{
"kids":[],
"uid":"precious2009",
"parent":"",
"text":"好恐怖啊！",
"mid":"A4guUvobY",
"date":"2013-08-11 17:47:06"
},
{
"kids":[
"A4gCP03QJ",
"A4gxTaERl"
],
"uid":"2696947137",
"parent":"",
"text":"",
"mid":"A4gtMrHqv",
"date":"2013-08-11 17:44:20"
}
]