[
{
"kids":[],
"uid":"2804764370",
"parent":"zDvJuB8Jb",
"text":"",
"mid":"zF0X2hvlz",
"date":"2013-07-08 11:29:24"
},
{
"kids":[],
"uid":"3044208920",
"parent":"zDvJuB8Jb",
"text":"",
"mid":"zEQHIAYzD",
"date":"2013-07-07 09:24:11"
},
{
"kids":[],
"uid":"1582948664",
"parent":"zDvJuB8Jb",
"text":"",
"mid":"zEQqOcDAS",
"date":"2013-07-07 08:42:31"
},
{
"kids":[],
"uid":"3043618310",
"parent":"zDvJuB8Jb",
"text":"",
"mid":"zE73n7kHm",
"date":"2013-07-02 13:11:11"
},
{
"kids":[],
"uid":"3044892042",
"parent":"zDvJuB8Jb",
"text":"",
"mid":"zE5wXo17I",
"date":"2013-07-02 09:18:34"
},
{
"kids":[],
"uid":"2919829132",
"parent":"zDvJuB8Jb",
"text":"",
"mid":"zDWGAnzrr",
"date":"2013-07-01 10:47:33"
},
{
"kids":[
"zF0X2hvlz",
"zEQHIAYzD",
"zEQqOcDAS",
"zE73n7kHm",
"zE5wXo17I",
"zDWGAnzrr"
],
"uid":"1937669630",
"parent":"zvNYb7C3c",
"text":"你信不信我不知道，反正我是信了",
"mid":"zDvJuB8Jb",
"date":"2013-06-28 14:10:33"
},
{
"kids":[],
"uid":"1405541083",
"parent":"zvVrghBfz",
"text":"@金知玉叶JL 就是这个",
"mid":"zxqZJuLMc",
"date":"2013-05-19 15:05:02"
},
{
"kids":[],
"uid":"1983513382",
"parent":"",
"text":"博主，造谣会全家火葬场的，讲话慎重啊！不要害人又害己",
"mid":"zwNWNkgkF",
"date":"2013-05-15 11:40:39"
},
{
"kids":[],
"uid":"2342618083",
"parent":"",
"text":"@西西的笑容我最爱 @妙妈sweetapple",
"mid":"zwwASjyj3",
"date":"2013-05-13 15:29:56"
},
{
"kids":[],
"uid":"bgshiaidong",
"parent":"",
"text":"存原帖：@儿子带着我一起长大：感谢上苍，感谢祖上庇佑，儿子仍然在我身边弹着琴。 今天下雨，平时外婆接小家伙幼儿园放学回家热热闹闹的马路国权路竟然比较冷清，离黄兴路还有大概30／50米的距离，迎面走来一个40多岁的中年妇女，没有任何征兆的手上拿着一大团白色的餐巾纸朝外婆口鼻捂过去",
"mid":"zwlIADgni",
"date":"2013-05-12 11:48:45"
},
{
"kids":[],
"uid":"liwenbo2011",
"parent":"",
"text":"@可乐的豆妈 你觉得是真的吗？",
"mid":"zwewEDYHM",
"date":"2013-05-11 17:30:06"
},
{
"kids":[],
"uid":"yuanqiguan",
"parent":"",
"text":"真可怕！以后出门带把匕首防身难道？！",
"mid":"zw54nA1Zp",
"date":"2013-05-10 17:25:45"
},
{
"kids":[],
"uid":"1886158912",
"parent":"zvXkt1RAk",
"text":"@猪宝妮Amy 嗯嗯，好的好的。我知道啦。这些人怎么这么猖狂呀~",
"mid":"zw3CWpJWI",
"date":"2013-05-10 13:45:24"
},
{
"kids":[],
"uid":"570022839",
"parent":"",
"text":"博主 @儿子带着我一起长大 你这么【编故事】很有意思？面对警察叔叔的视频http:",
"mid":"zw3hjssUs",
"date":"2013-05-10 12:52:06"
},
{
"kids":[],
"uid":"1828868151",
"parent":"zw1KMFSP8",
"text":"",
"mid":"zw33ymf7I",
"date":"2013-05-10 12:18:13"
},
{
"kids":[],
"uid":"leletianshileyuan",
"parent":"zw1gI8Bgw",
"text":"恐怖",
"mid":"zw2O3piCL",
"date":"2013-05-10 11:40:02"
},
{
"kids":[],
"uid":"2085218277",
"parent":"zvXzHFCmF",
"text":"太猖狂了[怒]",
"mid":"zw2uIj8zN",
"date":"2013-05-10 10:52:22"
},
{
"kids":[],
"uid":"2609078593",
"parent":"zw20e2RPb",
"text":"@最爱景壹",
"mid":"zw29exg0n",
"date":"2013-05-10 09:59:28"
},
{
"kids":[
"zw29exg0n"
],
"uid":"1644098145",
"parent":"zw1KMFSP8",
"text":"坚决转发求扩散！",
"mid":"zw20e2RPb",
"date":"2013-05-10 09:37:17"
},
{
"kids":[],
"uid":"austinyangshanghai",
"parent":"zw1KMFSP8",
"text":"苍天@JULIESH",
"mid":"zw1SdiMSB",
"date":"2013-05-10 09:17:32"
},
{
"kids":[
"zw33ymf7I",
"zw20e2RPb",
"zw1SdiMSB"
],
"uid":"1497106684",
"parent":"zw1HfoVBw",
"text":"@shliuyang @封凯K @Mike_Jiang2012 @AUSTINSH @三棵树公园",
"mid":"zw1KMFSP8",
"date":"2013-05-10 08:59:13"
},
{
"kids":[
"zw1KMFSP8"
],
"uid":"2256233704",
"parent":"zw1zWa5dd",
"text":"在上海！@壮壮堡",
"mid":"zw1HfoVBw",
"date":"2013-05-10 08:50:30"
},
{
"kids":[
"zw1HfoVBw"
],
"uid":"1945441632",
"parent":"zvX9LEIzs",
"text":"@88DDBB88 @Bene_wb",
"mid":"zw1zWa5dd",
"date":"2013-05-10 08:32:30"
},
{
"kids":[
"zw2O3piCL"
],
"uid":"2504366444",
"parent":"zvXtcnJ5E",
"text":"小心啊！就在你家附近！@乐乐天使乐园 @熊大熊二和光头强",
"mid":"zw1gI8Bgw",
"date":"2013-05-10 07:45:07"
},
{
"kids":[],
"uid":"2695707811",
"parent":"zvXpBz1Y3",
"text":"这就大街上只接迷晕老人抢孩子…什么世道",
"mid":"zw0Fm1u8K",
"date":"2013-05-10 06:13:06"
},
{
"kids":[],
"uid":"evazhj",
"parent":"zvXdMr7Yu",
"text":"@喜剧之王小宗宗",
"mid":"zvY5Hmfzh",
"date":"2013-05-09 23:39:46"
},
{
"kids":[],
"uid":"flyangelbanban",
"parent":"",
"text":"今天宝宝在公园碰到一对小情侣，赞我娃可爱要求抱抱，被外公果断拒绝！",
"mid":"zvY4hyEiW",
"date":"2013-05-09 23:36:17"
},
{
"kids":[],
"uid":"1497030712",
"parent":"",
"text":"可怕@巴吉度雄 @小肉仔 @Miracle小精灵",
"mid":"zvXTvuQxE",
"date":"2013-05-09 23:09:41"
},
{
"kids":[],
"uid":"1174852744",
"parent":"zvXiuonN7",
"text":"提高警惕",
"mid":"zvXRDDu7J",
"date":"2013-05-09 23:05:08"
},
{
"kids":[],
"uid":"frank8j",
"parent":"zvXwkwdbB",
"text":"@暴暴龙脾气 恐怖吧",
"mid":"zvXQhrmdQ",
"date":"2013-05-09 23:01:48"
},
{
"kids":[],
"uid":"1503355934",
"parent":"",
"text":"转发微博。",
"mid":"zvXMcuzEK",
"date":"2013-05-09 22:51:44"
},
{
"kids":[],
"uid":"cloudff7",
"parent":"zvXH06sY1",
"text":"宰了这帮畜生",
"mid":"zvXHIoWeY",
"date":"2013-05-09 22:40:38"
},
{
"kids":[],
"uid":"tsubomilwl",
"parent":"",
"text":"[吃惊][吃惊][吃惊]",
"mid":"zvXH1k9X7",
"date":"2013-05-09 22:38:55"
},
{
"kids":[
"zvXHIoWeY"
],
"uid":"2622378375",
"parent":"zvXxy9HhR",
"text":"[衰][衰][衰][衰]",
"mid":"zvXH06sY1",
"date":"2013-05-09 22:38:55"
},
{
"kids":[],
"uid":"joannelovesu",
"parent":"zvW42q9rz",
"text":"。。。精神病人？",
"mid":"zvXFgxm6m",
"date":"2013-05-09 22:34:38"
},
{
"kids":[],
"uid":"1989747460",
"parent":"zvXtK4ljb",
"text":"已经被辟谣啦",
"mid":"zvXDS0Owq",
"date":"2013-05-09 22:31:13"
},
{
"kids":[],
"uid":"2492963257",
"parent":"",
"text":"好吓人[汗]",
"mid":"zvXD44XN0",
"date":"2013-05-09 22:29:13"
},
{
"kids":[],
"uid":"1666220672",
"parent":"",
"text":"我靠，路上必须牵手",
"mid":"zvXCSv1qj",
"date":"2013-05-09 22:28:48"
},
{
"kids":[],
"uid":"2526448234",
"parent":"zvSf86FTl",
"text":"",
"mid":"zvXBMeXOL",
"date":"2013-05-09 22:26:02"
},
{
"kids":[],
"uid":"1945525111",
"parent":"",
"text":"坏人那么多[泪]",
"mid":"zvXA0D1Al",
"date":"2013-05-09 22:21:40"
},
{
"kids":[],
"uid":"1750651292",
"parent":"",
"text":"",
"mid":"zvXzQxCky",
"date":"2013-05-09 22:21:18"
},
{
"kids":[
"zw2uIj8zN"
],
"uid":"joyie122",
"parent":"",
"text":"求真相@宣克炅",
"mid":"zvXzHFCmF",
"date":"2013-05-09 22:20:55"
},
{
"kids":[],
"uid":"1935749364",
"parent":"",
"text":"@於圆小宇宙",
"mid":"zvXyw7RNh",
"date":"2013-05-09 22:18:00"
},
{
"kids":[],
"uid":"1941707090",
"parent":"",
"text":"[熊猫]",
"mid":"zvXyulnCA",
"date":"2013-05-09 22:17:55"
},
{
"kids":[
"zvXH06sY1"
],
"uid":"2036226554",
"parent":"",
"text":"太吓人了！[衰]",
"mid":"zvXxy9HhR",
"date":"2013-05-09 22:15:38"
},
{
"kids":[],
"uid":"2993373412",
"parent":"",
"text":"",
"mid":"zvXwUzDdF",
"date":"2013-05-09 22:14:04"
},
{
"kids":[
"zvXQhrmdQ"
],
"uid":"2193398217",
"parent":"zvUCOuN0C",
"text":"[吃惊][吃惊]",
"mid":"zvXwkwdbB",
"date":"2013-05-09 22:12:35"
},
{
"kids":[],
"uid":"1746598077",
"parent":"",
"text":"@Mac锋 上海也这么乱了",
"mid":"zvXvhuT2w",
"date":"2013-05-09 22:10:00"
},
{
"kids":[],
"uid":"1865211651",
"parent":"",
"text":"这个要转，请报警",
"mid":"zvXv7rHvr",
"date":"2013-05-09 22:09:39"
},
{
"kids":[],
"uid":"michelcao",
"parent":"",
"text":"警惕警惕啊！",
"mid":"zvXuec2Fw",
"date":"2013-05-09 22:07:24"
},
{
"kids":[
"zvXDS0Owq"
],
"uid":"2309084182",
"parent":"",
"text":"",
"mid":"zvXtK4ljb",
"date":"2013-05-09 22:06:13"
},
{
"kids":[
"zw1gI8Bgw"
],
"uid":"2252589714",
"parent":"",
"text":"当心坏人呀",
"mid":"zvXtcnJ5E",
"date":"2013-05-09 22:04:56"
},
{
"kids":[
"zw0Fm1u8K"
],
"uid":"1944677487",
"parent":"",
"text":"",
"mid":"zvXpBz1Y3",
"date":"2013-05-09 21:56:03"
},
{
"kids":[],
"uid":"1401723045",
"parent":"",
"text":"@晴晴小朋友的妈 在你家附近！@糨糊闯江湖 @shelly5525 虽然知道这种转出来不好，但是。。发生在身边实在恐怖！",
"mid":"zvXoq2mSb",
"date":"2013-05-09 21:53:06"
},
{
"kids":[],
"uid":"1458258565",
"parent":"",
"text":"恐怖！",
"mid":"zvXn5gzjN",
"date":"2013-05-09 21:49:49"
},
{
"kids":[],
"uid":"2142199407",
"parent":"",
"text":"各位MaMa休息啦！",
"mid":"zvXm7ykIl",
"date":"2013-05-09 21:47:29"
},
{
"kids":[],
"uid":"2134375595",
"parent":"",
"text":"报警了么",
"mid":"zvXlelbeg",
"date":"2013-05-09 21:45:17"
},
{
"kids":[
"zw3CWpJWI"
],
"uid":"2377420605",
"parent":"zvVBBdnTp",
"text":"大家要警醒些啊~太危险啦！@想要正能量的鱼儿 @梓涵宝宝2012 @馄饨妈",
"mid":"zvXkt1RAk",
"date":"2013-05-09 21:43:24"
},
{
"kids":[],
"uid":"joyie122",
"parent":"",
"text":"太吓人了！@DJ_Shane",
"mid":"zvXkqkTYm",
"date":"2013-05-09 21:43:18"
},
{
"kids":[],
"uid":"1435272992",
"parent":"",
"text":"吓人！",
"mid":"zvXjKEFxb",
"date":"2013-05-09 21:41:37"
},
{
"kids":[],
"uid":"1409074157",
"parent":"",
"text":"",
"mid":"zvXjx6oKY",
"date":"2013-05-09 21:41:05"
},
{
"kids":[
"zvXRDDu7J"
],
"uid":"345861103",
"parent":"",
"text":"",
"mid":"zvXiuonN7",
"date":"2013-05-09 21:38:31"
},
{
"kids":[],
"uid":"2430435982",
"parent":"",
"text":"",
"mid":"zvXhzDU3S",
"date":"2013-05-09 21:36:15"
},
{
"kids":[],
"uid":"2043982354",
"parent":"",
"text":"不知道真假，带孩子的都小心点总是好的",
"mid":"zvXhgqfvW",
"date":"2013-05-09 21:35:28"
},
{
"kids":[],
"uid":"2027501291",
"parent":"",
"text":"上海！光天化日！ 这社会怎么回事呀",
"mid":"zvXh8b7n4",
"date":"2013-05-09 21:35:11"
},
{
"kids":[],
"uid":"1106806211",
"parent":"",
"text":"@genozheng",
"mid":"zvXgsesT3",
"date":"2013-05-09 21:33:30"
},
{
"kids":[],
"uid":"1671326077",
"parent":"",
"text":"果断转了，光天化日，在治安相对很好的魔都也几番听到类似的事件，请家长都要引起警惕，人贩子都去si，si光光[怒]",
"mid":"zvXgeCzpz",
"date":"2013-05-09 21:32:59"
},
{
"kids":[],
"uid":"1410080523",
"parent":"",
"text":"上海阿",
"mid":"zvXfolY7b",
"date":"2013-05-09 21:30:55"
},
{
"kids":[],
"uid":"2507277914",
"parent":"",
"text":"这个社会怎么了，人心都黑了",
"mid":"zvXf9wqwI",
"date":"2013-05-09 21:30:19"
},
{
"kids":[],
"uid":"1241536904",
"parent":"zvOygiorp",
"text":"貌似又一个臆想症的典范。我先前就好奇为啥不去报警阻止下一个可能受害者，而是发微博呢？原来是添油加醋的发微博，和事实不完全一致，估计有了个由头，些许害怕加兴奋的终于high了。这位同志应该事后反省下，是否过了？",
"mid":"zvXeT1ytt",
"date":"2013-05-09 21:29:36"
},
{
"kids":[],
"uid":"cynthiawangxi",
"parent":"",
"text":"",
"mid":"zvXeRxyCN",
"date":"2013-05-09 21:29:35"
},
{
"kids":[],
"uid":"wodebaicai",
"parent":"",
"text":"扩！大家都要注意孩子",
"mid":"zvXevmM6J",
"date":"2013-05-09 21:28:43"
},
{
"kids":[],
"uid":"1835949135",
"parent":"",
"text":"这个要转大家注意",
"mid":"zvXea89Rg",
"date":"2013-05-09 21:27:52"
},
{
"kids":[],
"uid":"1967593807",
"parent":"",
"text":"",
"mid":"zvXe2qYBf",
"date":"2013-05-09 21:27:32"
},
{
"kids":[],
"uid":"3115630741",
"parent":"",
"text":"",
"mid":"zvXdU8hcY",
"date":"2013-05-09 21:27:14"
},
{
"kids":[
"zvY5Hmfzh"
],
"uid":"1568935581",
"parent":"",
"text":"太可怕了[抓狂]",
"mid":"zvXdMr7Yu",
"date":"2013-05-09 21:26:56"
},
{
"kids":[],
"uid":"tigi824",
"parent":"",
"text":"[吃惊]上海也这么乱？？？",
"mid":"zvXdHovm9",
"date":"2013-05-09 21:26:44"
},
{
"kids":[],
"uid":"1884840873",
"parent":"",
"text":"太可怕！",
"mid":"zvXdy0IxC",
"date":"2013-05-09 21:26:19"
},
{
"kids":[],
"uid":"2845285350",
"parent":"",
"text":"昨天看过了，离我们家不远，顿时一身冷汗",
"mid":"zvXcZqURm",
"date":"2013-05-09 21:24:56"
},
{
"kids":[],
"uid":"2413600914",
"parent":"zvX9ef0Sw",
"text":"",
"mid":"zvX9UcWuc",
"date":"2013-05-09 21:17:22"
},
{
"kids":[
"zw1zWa5dd"
],
"uid":"2476574542",
"parent":"",
"text":"@alex在双子",
"mid":"zvX9LEIzs",
"date":"2013-05-09 21:17:00"
},
{
"kids":[
"zvX9UcWuc"
],
"uid":"1979397540",
"parent":"",
"text":"@桂侗",
"mid":"zvX9ef0Sw",
"date":"2013-05-09 21:15:40"
},
{
"kids":[],
"uid":"1647790181",
"parent":"zvSWtjH6u",
"text":"这个今天出辟谣了，视频都有",
"mid":"zvWNRAgyG",
"date":"2013-05-09 20:23:05"
},
{
"kids":[],
"uid":"faeryorange",
"parent":"",
"text":"汗一下。也不能说博主一定是神经过敏，迷药这玩意还真有。但青天白日的，最好能通过录像找到这妇女，看看究竟是人贩子呢，还是啥妖事。",
"mid":"zvWxMxTSH",
"date":"2013-05-09 19:43:26"
},
{
"kids":[],
"uid":"fkhell",
"parent":"zvO32cvZ1",
"text":"",
"mid":"zvWh59AiS",
"date":"2013-05-09 19:02:19"
},
{
"kids":[],
"uid":"jiabinlee",
"parent":"",
"text":"回复@儿子带着我一起长大:围观吹牛造谣",
"mid":"zvWdsA21c",
"date":"2013-05-09 18:53:23"
},
{
"kids":[],
"uid":"2100177083",
"parent":"zvU9k0RJ3",
"text":"[吃惊]",
"mid":"zvWb9AJdp",
"date":"2013-05-09 18:47:43"
},
{
"kids":[],
"uid":"2589564890",
"parent":"",
"text":"",
"mid":"zvWb91wAQ",
"date":"2013-05-09 18:47:41"
},
{
"kids":[],
"uid":"2589564890",
"parent":"",
"text":"",
"mid":"zvWaWiVEK",
"date":"2013-05-09 18:47:12"
},
{
"kids":[
"zvXFgxm6m"
],
"uid":"1737202875",
"parent":"zvV1feaw1",
"text":"我的天，不敢再让小朋友单独回家，现在大人在身边都有危险",
"mid":"zvW42q9rz",
"date":"2013-05-09 18:30:11"
},
{
"kids":[],
"uid":"2502462945",
"parent":"zvUwN2aff",
"text":"我突然觉得要是我上班去了，让他奶奶带他，似乎很危险呢！他奶奶反应可不快哎…",
"mid":"zvVCjgGK4",
"date":"2013-05-09 17:21:52"
},
{
"kids":[
"zvXkt1RAk"
],
"uid":"1920922404",
"parent":"zvT7TzNsC",
"text":"",
"mid":"zvVBBdnTp",
"date":"2013-05-09 17:20:05"
},
{
"kids":[],
"uid":"wenyinliu",
"parent":"zvScxjf43",
"text":"光天化日，太吓人了，有小宝宝的严重要注意呀",
"mid":"zvVBocc4e",
"date":"2013-05-09 17:19:36"
},
{
"kids":[
"zxqZJuLMc"
],
"uid":"2338733192",
"parent":"zvT7TzNsC",
"text":"对买卖人口的惩罚太轻了！尤其是买家，更应该严惩！",
"mid":"zvVrghBfz",
"date":"2013-05-09 16:54:38"
},
{
"kids":[],
"uid":"xinyu0428",
"parent":"zvV9HF3je",
"text":"这个以后跟粑粑出门绝对安全！粑粑的眼睛很毒的，专门抓坏蛋的！粑粑麻麻保护我！",
"mid":"zvVee7ulc",
"date":"2013-05-09 16:22:32"
},
{
"kids":[],
"uid":"1882015823",
"parent":"zvT6ABuMJ",
"text":"可怕",
"mid":"zvV9S45IZ",
"date":"2013-05-09 16:11:48"
},
{
"kids":[
"zvVee7ulc"
],
"uid":"mayawenhuaguojun1203",
"parent":"",
"text":"@肉圆李小佩 提醒妈以后带宝宝出门一定要当心啊！",
"mid":"zvV9HF3je",
"date":"2013-05-09 16:11:22"
},
{
"kids":[],
"uid":"678806020",
"parent":"zvNZZFyYG",
"text":"@shiwen608 膽子太大了",
"mid":"zvV4nl6Ng",
"date":"2013-05-09 15:58:14"
},
{
"kids":[],
"uid":"2730380817",
"parent":"zvUP6xgH2",
"text":"太恐怖了!用车子接送宝宝是不是能安全一些？!@儿子带着我一起长大: 就是那一瞬间的事 难得外婆脑子能够这么清醒，如此冷静 外婆一直跟我家娃说碰上这种情况，赶紧跑，大喊救命，不要管外婆",
"mid":"zvV1I7Ybw",
"date":"2013-05-09 15:51:39"
},
{
"kids":[
"zvW42q9rz"
],
"uid":"1202629584",
"parent":"zvTSxyclj",
"text":"真吓人！回家一定要立即开展教育工作！这年头外婆都要有特工的身手！[泪]",
"mid":"zvV1feaw1",
"date":"2013-05-09 15:50:32"
},
{
"kids":[],
"uid":"dingdanping1008",
"parent":"zvUwN2aff",
"text":"",
"mid":"zvUWIcx3q",
"date":"2013-05-09 15:39:21"
},
{
"kids":[
"zvV1I7Ybw"
],
"uid":"ursulachuy",
"parent":"",
"text":"就在俺家后门口的路上，据说警察叔叔已经上门了解情况了，难不成真要配备胡椒枪防狼器之类的？大家带娃出门要小心啊@里杀 @ellanyu @佑仔他娘 @Wennie5",
"mid":"zvUP6xgH2",
"date":"2013-05-09 15:20:39"
},
{
"kids":[
"zvXwkwdbB"
],
"uid":"1405816130",
"parent":"zvT8AqQQO",
"text":"汗",
"mid":"zvUCOuN0C",
"date":"2013-05-09 14:50:22"
},
{
"kids":[],
"uid":"1928198803",
"parent":"zvT9KxANl",
"text":"天啊，太恐怖啦！",
"mid":"zvUxoghiI",
"date":"2013-05-09 14:36:59"
},
{
"kids":[
"zvVCjgGK4",
"zvUWIcx3q"
],
"uid":"pildding",
"parent":"zvUeQ9Czz",
"text":"",
"mid":"zvUwN2aff",
"date":"2013-05-09 14:35:30"
},
{
"kids":[],
"uid":"wenxiangwu",
"parent":"zvSk4vUdU",
"text":"",
"mid":"zvUlF2b8P",
"date":"2013-05-09 14:08:06"
},
{
"kids":[],
"uid":"cherishff",
"parent":"",
"text":"好可怕",
"mid":"zvUktqjxJ",
"date":"2013-05-09 14:05:11"
},
{
"kids":[],
"uid":"1910031103",
"parent":"zvTSxyclj",
"text":"@我家小妞叫悦悦 @来凑热闹的老王",
"mid":"zvUk3bri6",
"date":"2013-05-09 14:04:07"
},
{
"kids":[
"zvUwN2aff"
],
"uid":"1437882300",
"parent":"zvRuygvQI",
"text":"",
"mid":"zvUeQ9Czz",
"date":"2013-05-09 13:51:17"
},
{
"kids":[
"zvWb9AJdp"
],
"uid":"3034733603",
"parent":"zvSZH3fac",
"text":"太恐怖了，有娃的一定得当心咯~@小宝妈妈2277534787 @2013-嘻嘻 @亦橙子 @沙子绿洲 @伊凡的小重山 @炒豆子7775",
"mid":"zvU9k0RJ3",
"date":"2013-05-09 13:37:40"
},
{
"kids":[
"zvV1feaw1",
"zvUk3bri6"
],
"uid":"1402714424",
"parent":"zvSRt1rGQ",
"text":"@卓小港 @卓老港 千万小心啊",
"mid":"zvTSxyclj",
"date":"2013-05-09 12:56:22"
},
{
"kids":[],
"uid":"2548396402",
"parent":"",
"text":"@沈祺徕",
"mid":"zvTNPl5w9",
"date":"2013-05-09 12:44:45"
},
{
"kids":[],
"uid":"2152199041",
"parent":"zvTi1eOaY",
"text":"我了个去！",
"mid":"zvTEiCgon",
"date":"2013-05-09 12:21:16"
},
{
"kids":[],
"uid":"2027040620",
"parent":"zvS6r7vIu",
"text":"@朵拉和kimi的粑粑凡 提醒你妈妈",
"mid":"zvTCnySkV",
"date":"2013-05-09 12:16:33"
},
{
"kids":[],
"uid":"2636977672",
"parent":"",
"text":"老天爷阿，上海会发生这样的事情，太恐怖了，好好看紧自己得孩子！上海的警察，你们能给力一点吗？不要让悲剧发生！",
"mid":"zvTCmo1Ji",
"date":"2013-05-09 12:16:30"
},
{
"kids":[],
"uid":"1460327453",
"parent":"zvSf86FTl",
"text":"",
"mid":"zvTA4w58L",
"date":"2013-05-09 12:10:52"
},
{
"kids":[],
"uid":"1911504773",
"parent":"",
"text":"@Lucent的mum",
"mid":"zvTyhsBdf",
"date":"2013-05-09 12:06:26"
},
{
"kids":[],
"uid":"zimoyang1022",
"parent":"zvSCRkqcq",
"text":"@杨-Bona 杨浦区",
"mid":"zvTpY7GwH",
"date":"2013-05-09 11:45:57"
},
{
"kids":[],
"uid":"1848952060",
"parent":"zvSSCgrzI",
"text":"别吓我，在我家门口",
"mid":"zvTiGhKAV",
"date":"2013-05-09 11:28:01"
},
{
"kids":[
"zvTEiCgon"
],
"uid":"1256595680",
"parent":"zvScxjf43",
"text":"",
"mid":"zvTi1eOaY",
"date":"2013-05-09 11:26:22"
},
{
"kids":[],
"uid":"1077226334",
"parent":"",
"text":"太可怕了，明抢啊",
"mid":"zvTcs5Ny1",
"date":"2013-05-09 11:12:40"
},
{
"kids":[],
"uid":"3175911402",
"parent":"",
"text":"太恐怖了",
"mid":"zvTbs0HCK",
"date":"2013-05-09 11:10:10"
},
{
"kids":[],
"uid":"2465323664",
"parent":"zvSYQqxu1",
"text":"虾米情况啊 抢钱啊？",
"mid":"zvTaaeMmO",
"date":"2013-05-09 11:07:02"
},
{
"kids":[
"zvUxoghiI"
],
"uid":"2002949757",
"parent":"zvSizrArG",
"text":"",
"mid":"zvT9KxANl",
"date":"2013-05-09 11:05:59"
},
{
"kids":[
"zvUCOuN0C"
],
"uid":"1788262484",
"parent":"zvSuWe9Al",
"text":"那么吓人[衰]",
"mid":"zvT8AqQQO",
"date":"2013-05-09 11:03:08"
},
{
"kids":[
"zvVBBdnTp",
"zvVrghBfz"
],
"uid":"2006668147",
"parent":"",
"text":"我们同事遇到的事情！[衰] 带小孩要小心啊！@Gemini宁静致远 @喜洋洋zzz @zsxu @碧海遗贝 @昆的伊和伊的昆 @郑吹梦 @小玫瑰花精Flora @立芸爸爸 @kikikicococo @lifespicer",
"mid":"zvT7TzNsC",
"date":"2013-05-09 11:01:26"
},
{
"kids":[
"zvV9S45IZ"
],
"uid":"vincenglin",
"parent":"",
"text":"[吃惊][吃惊][吃惊]",
"mid":"zvT6ABuMJ",
"date":"2013-05-09 10:58:14"
},
{
"kids":[],
"uid":"2950687250",
"parent":"",
"text":"这是我媳妇的同学发生的事，太可怕了！有小孩的要绝对当心哦！",
"mid":"zvT1lA82h",
"date":"2013-05-09 10:45:18"
},
{
"kids":[],
"uid":"1809409754",
"parent":"",
"text":"@伶俐MAMA@彤妈 彤妈IRIS 好好看看啊，太吓人了！！！",
"mid":"zvT0vfTtU",
"date":"2013-05-09 10:43:14"
},
{
"kids":[],
"uid":"1925635461",
"parent":"zvSXTkoaU",
"text":"[泪]这个社会太乱了",
"mid":"zvT0bvJ9G",
"date":"2013-05-09 10:42:26"
},
{
"kids":[
"zvU9k0RJ3"
],
"uid":"1928910111",
"parent":"",
"text":"@园子就想改个名字 @考拉-凯西 @家有小儿006 要当心啊[衰]",
"mid":"zvSZH3fac",
"date":"2013-05-09 10:41:14"
},
{
"kids":[
"zvTaaeMmO"
],
"uid":"2427286984",
"parent":"zvOEvEtFO",
"text":"太可怕了，扩散，加强意识",
"mid":"zvSYQqxu1",
"date":"2013-05-09 10:39:09"
},
{
"kids":[
"zvT0bvJ9G"
],
"uid":"luckycbl",
"parent":"",
"text":"[晕]",
"mid":"zvSXTkoaU",
"date":"2013-05-09 10:36:48"
},
{
"kids":[],
"uid":"1960407353",
"parent":"",
"text":"转发微博。",
"mid":"zvSXftVSq",
"date":"2013-05-09 10:35:13"
},
{
"kids":[
"zvWNRAgyG"
],
"uid":"janeyjxj",
"parent":"zvOOACXlT",
"text":"抽死各只外地比[怒][怒][怒]",
"mid":"zvSWtjH6u",
"date":"2013-05-09 10:33:18"
},
{
"kids":[],
"uid":"1228053220",
"parent":"",
"text":"无语了",
"mid":"zvSWtjxuo",
"date":"2013-05-09 10:33:17"
},
{
"kids":[
"zvTiGhKAV"
],
"uid":"1873719592",
"parent":"zvSNPxB2K",
"text":"好晕啊！！",
"mid":"zvSSCgrzI",
"date":"2013-05-09 10:23:48"
},
{
"kids":[
"zvTSxyclj"
],
"uid":"1409214481",
"parent":"zvSy3sGga",
"text":"[衰]",
"mid":"zvSRt1rGQ",
"date":"2013-05-09 10:20:58"
},
{
"kids":[],
"uid":"2075683481",
"parent":"zvPjk06Fm",
"text":"真滴假滴，偶又被吓屎了",
"mid":"zvSQKohg4",
"date":"2013-05-09 10:19:12"
},
{
"kids":[],
"uid":"1800930570",
"parent":"",
"text":"",
"mid":"zvSPOu4no",
"date":"2013-05-09 10:16:53"
},
{
"kids":[
"zvSSCgrzI"
],
"uid":"1743767461",
"parent":"",
"text":"真有这种事啊，同学们真要提醒下家里老人，千万要小心。@扬帆职业指导武亭 @爱发呆的dodo @cloris青草蔷薇",
"mid":"zvSNPxB2K",
"date":"2013-05-09 10:12:01"
},
{
"kids":[],
"uid":"1995865777",
"parent":"",
"text":"@杨浦公安局 太可怕啦！",
"mid":"zvSJRpfg6",
"date":"2013-05-09 10:02:14"
},
{
"kids":[],
"uid":"3255061412",
"parent":"",
"text":"这种SB女人该千刀万剐",
"mid":"zvSDbsD8j",
"date":"2013-05-09 09:45:47"
},
{
"kids":[
"zvTpY7GwH"
],
"uid":"2362821252",
"parent":"zvOOcoYML",
"text":"",
"mid":"zvSCRkqcq",
"date":"2013-05-09 09:44:58"
},
{
"kids":[],
"uid":"2131637477",
"parent":"zvRCpvBkl",
"text":"大家注意",
"mid":"zvSAJgb9V",
"date":"2013-05-09 09:39:44"
},
{
"kids":[
"zvSRt1rGQ"
],
"uid":"1821365140",
"parent":"zvSthnpZv",
"text":"@唐舜骅 什么情况？",
"mid":"zvSy3sGga",
"date":"2013-05-09 09:33:08"
},
{
"kids":[],
"uid":"1948119184",
"parent":"zvSos3dGs",
"text":"什么世道啊。",
"mid":"zvSwQ7qjJ",
"date":"2013-05-09 09:30:09"
},
{
"kids":[],
"uid":"1779644171",
"parent":"zvSuiD8kH",
"text":"[抓狂]明抢啊 在上海市区内",
"mid":"zvSvtBg2t",
"date":"2013-05-09 09:26:48"
},
{
"kids":[
"zvT8AqQQO"
],
"uid":"ping1120",
"parent":"zvOaZmRlC",
"text":"太恐怖了，回家跟外婆说，哎~！",
"mid":"zvSuWe9Al",
"date":"2013-05-09 09:25:28"
},
{
"kids":[
"zvSvtBg2t"
],
"uid":"1995865777",
"parent":"",
"text":"我家附近，太可怕了！",
"mid":"zvSuiD8kH",
"date":"2013-05-09 09:23:54"
},
{
"kids":[
"zvSy3sGga"
],
"uid":"1935191672",
"parent":"zvRIG4Kyd",
"text":"这还是上海吗",
"mid":"zvSthnpZv",
"date":"2013-05-09 09:21:23"
},
{
"kids":[],
"uid":"2279631357",
"parent":"zvRWAlcLY",
"text":"@钦差小少爷 特哈人了 噶近 @草肃太太 就你娘家附近啊~~",
"mid":"zvSrvbh5Y",
"date":"2013-05-09 09:16:59"
},
{
"kids":[],
"uid":"575500952",
"parent":"zvScxjf43",
"text":"黄兴路离我好近。。",
"mid":"zvSqYobHH",
"date":"2013-05-09 09:15:41"
},
{
"kids":[],
"uid":"diudiutongdemama",
"parent":"zvScxjf43",
"text":"恐怖",
"mid":"zvSqpgu3f",
"date":"2013-05-09 09:14:18"
},
{
"kids":[],
"uid":"1540252530",
"parent":"zvOVzwwwI",
"text":"上海的治安啊！",
"mid":"zvSphcRbP",
"date":"2013-05-09 09:11:31"
},
{
"kids":[
"zvSwQ7qjJ"
],
"uid":"eyeszhu",
"parent":"",
"text":"那白色纸巾是什么用？迷晕了？小朋友怎么得救的啊？太惊险了，楼主能补充完整吗？光天化日之下在上海发生这样的事，让人觉得毛骨悚然……",
"mid":"zvSos3dGs",
"date":"2013-05-09 09:09:29"
},
{
"kids":[],
"uid":"2064020335",
"parent":"zvOfkz2SU",
"text":"",
"mid":"zvSnumwEn",
"date":"2013-05-09 09:07:07"
},
{
"kids":[],
"uid":"2032787077",
"parent":"",
"text":"@维尼妈lulu [吃惊]",
"mid":"zvSmLuvz4",
"date":"2013-05-09 09:05:19"
},
{
"kids":[],
"uid":"springerdudu",
"parent":"",
"text":"@曹军_锵锵  求真相",
"mid":"zvSmLbbpE",
"date":"2013-05-09 09:05:19"
},
{
"kids":[],
"uid":"1271343431",
"parent":"",
"text":"人贩子越来越猖狂了",
"mid":"zvSlYr5IW",
"date":"2013-05-09 09:03:23"
},
{
"kids":[
"zvUlF2b8P"
],
"uid":"2191807274",
"parent":"zvScxjf43",
"text":"",
"mid":"zvSk4vUdU",
"date":"2013-05-09 08:58:41"
},
{
"kids":[],
"uid":"20775817",
"parent":"",
"text":"尼玛，也太猖狂了吧……不求名校，学校就近为好！外婆额反应可以的[good]",
"mid":"zvSjY21Rt",
"date":"2013-05-09 08:58:25"
},
{
"kids":[],
"uid":"cracexia",
"parent":"zvSizrArG",
"text":"@妮峰 外婆伟大…",
"mid":"zvSjMuhUu",
"date":"2013-05-09 08:57:58"
},
{
"kids":[
"zvT9KxANl",
"zvSjMuhUu"
],
"uid":"2023740090",
"parent":"zvSfxvpbk",
"text":"就是那一瞬间的事  难得外婆脑子能够这么清醒，如此冷静  外婆一直跟我家娃说碰上这种情况，赶紧跑，大喊救命，不要管外婆！@侯鹏Michael @7毛9的7",
"mid":"zvSizrArG",
"date":"2013-05-09 08:54:59"
},
{
"kids":[],
"uid":"qseagle",
"parent":"",
"text":"",
"mid":"zvSiunVTH",
"date":"2013-05-09 08:54:48"
},
{
"kids":[],
"uid":"strangeauntaa1",
"parent":"",
"text":"这么可怕",
"mid":"zvSfFaJmj",
"date":"2013-05-09 08:47:49"
},
{
"kids":[
"zvSizrArG"
],
"uid":"1271462492",
"parent":"",
"text":"@赵斌堃堃堃 @葫芦娃田田 @如果99如果 @愺苺kiTty @晴天小贝贝 @晓萍-andy @",
"mid":"zvSfxvpbk",
"date":"2013-05-09 08:47:33"
},
{
"kids":[
"zvXBMeXOL",
"zvTA4w58L"
],
"uid":"1890035627",
"parent":"zvRCm10Eq",
"text":"",
"mid":"zvSf86FTl",
"date":"2013-05-09 08:46:31"
},
{
"kids":[],
"uid":"amycao82",
"parent":"zvNMuhJDa",
"text":"[怒][怒][衰][衰]",
"mid":"zvSdU84mv",
"date":"2013-05-09 08:43:30"
},
{
"kids":[
"zvVBocc4e",
"zvTi1eOaY",
"zvSqYobHH",
"zvSqpgu3f",
"zvSk4vUdU"
],
"uid":"2322131260",
"parent":"",
"text":"介也太恐怖了",
"mid":"zvScxjf43",
"date":"2013-05-09 08:40:07"
},
{
"kids":[
"zvTCnySkV"
],
"uid":"inkwords",
"parent":"zvRWSn0VF",
"text":"人贩子必须死！",
"mid":"zvS6r7vIu",
"date":"2013-05-09 08:25:06"
},
{
"kids":[],
"uid":"2313809222",
"parent":"zvRMUbxFz",
"text":"妈呀！心跳加速",
"mid":"zvS408uVO",
"date":"2013-05-09 08:19:06"
},
{
"kids":[],
"uid":"pisceslion",
"parent":"zvRVvdUEP",
"text":"现在坏人真多",
"mid":"zvS30oalJ",
"date":"2013-05-09 08:16:38"
},
{
"kids":[],
"uid":"2501972045",
"parent":"zvOOcoYML",
"text":"",
"mid":"zvS0C4qAy",
"date":"2013-05-09 08:10:44"
},
{
"kids":[],
"uid":"2106962991",
"parent":"zvOeZAMDf",
"text":"丸子外婆你要小心哪[怒]",
"mid":"zvRYl6Jxq",
"date":"2013-05-09 08:05:08"
},
{
"kids":[],
"uid":"2371329385",
"parent":"zvRMUbxFz",
"text":"@cghigh",
"mid":"zvRX26TsU",
"date":"2013-05-09 08:01:55"
},
{
"kids":[
"zvS6r7vIu"
],
"uid":"2171864910",
"parent":"zvRVvdUEP",
"text":"擦，太可怕了",
"mid":"zvRWSn0VF",
"date":"2013-05-09 08:01:31"
},
{
"kids":[
"zvSrvbh5Y"
],
"uid":"1767420202",
"parent":"zvRIG4Kyd",
"text":"[晕]",
"mid":"zvRWAlcLY",
"date":"2013-05-09 08:00:50"
},
{
"kids":[
"zvS30oalJ",
"zvRWSn0VF"
],
"uid":"kirinloveluke",
"parent":"",
"text":"干嘛不报警立刻可以抓到！不然害了别人！",
"mid":"zvRVvdUEP",
"date":"2013-05-09 07:58:10"
},
{
"kids":[],
"uid":"2301082811",
"parent":"zvO32cvZ1",
"text":"[吃惊]",
"mid":"zvRRHtT2H",
"date":"2013-05-09 07:48:48"
},
{
"kids":[],
"uid":"2136133381",
"parent":"zvRJo85hv",
"text":"太虾了！",
"mid":"zvROTp2VG",
"date":"2013-05-09 07:41:53"
},
{
"kids":[
"zvS408uVO",
"zvRX26TsU"
],
"uid":"ruigao0122",
"parent":"zvRIG4Kyd",
"text":"真可怕",
"mid":"zvRMUbxFz",
"date":"2013-05-09 07:36:59"
},
{
"kids":[
"zvROTp2VG"
],
"uid":"machaji",
"parent":"",
"text":"青天白日 看着都要吓出冷汗了",
"mid":"zvRJo85hv",
"date":"2013-05-09 07:28:18"
},
{
"kids":[
"zvSthnpZv",
"zvRWAlcLY",
"zvRMUbxFz"
],
"uid":"zuotianzuodi",
"parent":"zvRDJ6e04",
"text":"汗，你们那@Eng_D",
"mid":"zvRIG4Kyd",
"date":"2013-05-09 07:26:34"
},
{
"kids":[],
"uid":"smilyflower",
"parent":"",
"text":"嗯，平时要少发带家里地址和孩子照片的微博，别让人盯上了。@木子潘陶",
"mid":"zvRHPemLZ",
"date":"2013-05-09 07:24:28"
},
{
"kids":[
"zvRIG4Kyd"
],
"uid":"1839193234",
"parent":"zvQFPmm0t",
"text":"真恐怖，防不胜防啊",
"mid":"zvRDJ6e04",
"date":"2013-05-09 07:14:21"
},
{
"kids":[
"zvSAJgb9V"
],
"uid":"2125722853",
"parent":"zvOCW8Cmf",
"text":"@费心不费力 @June的精神世界 @",
"mid":"zvRCpvBkl",
"date":"2013-05-09 07:11:08"
},
{
"kids":[
"zvSf86FTl"
],
"uid":"2028832701",
"parent":"zvQFPmm0t",
"text":"真的假的啊！以后还是找个离家最近的学校然后亲自送算了，这社会真恐怖",
"mid":"zvRCm10Eq",
"date":"2013-05-09 07:10:58"
},
{
"kids":[],
"uid":"hustsuny",
"parent":"zvO9miJgb",
"text":"恐怖",
"mid":"zvRA25qhh",
"date":"2013-05-09 07:05:16"
},
{
"kids":[],
"uid":"2045241473",
"parent":"zvPjk06Fm",
"text":"安全感啊…",
"mid":"zvRxJDWIH",
"date":"2013-05-09 06:59:37"
},
{
"kids":[
"zvUeQ9Czz"
],
"uid":"2026215761",
"parent":"zvRpZsgIB",
"text":"在中国平安长大真不是件容易的事",
"mid":"zvRuygvQI",
"date":"2013-05-09 06:51:45"
},
{
"kids":[
"zvRuygvQI"
],
"uid":"3138382083",
"parent":"",
"text":"转，没有信仰的人竟干些伤天害理的事儿！",
"mid":"zvRpZsgIB",
"date":"2013-05-09 06:40:31"
},
{
"kids":[],
"uid":"2643837363",
"parent":"zvNYb7C3c",
"text":"一定要报案，查。。。。。。走在马路上的安全感是要捍卫的！",
"mid":"zvR9Foi9V",
"date":"2013-05-09 06:00:20"
},
{
"kids":[],
"uid":"basicwang",
"parent":"zvOjapqF5",
"text":"真的假的报警了没？",
"mid":"zvR3TzDC2",
"date":"2013-05-09 05:46:06"
},
{
"kids":[
"zvRDJ6e04",
"zvRCm10Eq"
],
"uid":"1921298045",
"parent":"zvPjk06Fm",
"text":"真人真事？@Ronger小屋 @WJHSBD",
"mid":"zvQFPmm0t",
"date":"2013-05-09 04:46:48"
},
{
"kids":[],
"uid":"2171366235",
"parent":"zvOOcoYML",
"text":"天哪，如果是真的，那也太夸张了",
"mid":"zvPB5hm8T",
"date":"2013-05-09 02:02:22"
},
{
"kids":[
"zvSQKohg4",
"zvRxJDWIH",
"zvQFPmm0t"
],
"uid":"2218417942",
"parent":"",
"text":"恐怖",
"mid":"zvPjk06Fm",
"date":"2013-05-09 01:18:36"
},
{
"kids":[
"zvSphcRbP"
],
"uid":"eugeneye",
"parent":"",
"text":"报警呀，官方说的才可靠，现在一面之词太多了",
"mid":"zvOVzwwwI",
"date":"2013-05-09 00:20:07"
},
{
"kids":[],
"uid":"ajiangajiang",
"parent":"zvNYb7C3c",
"text":"[吃惊]",
"mid":"zvORIrmAL",
"date":"2013-05-09 00:10:36"
},
{
"kids":[],
"uid":"wzw0091",
"parent":"zvOCW8Cmf",
"text":"[怒][怒][怒]",
"mid":"zvORqrFFs",
"date":"2013-05-09 00:09:51"
},
{
"kids":[],
"uid":"2332753690",
"parent":"zvNYb7C3c",
"text":"回复@江东鸠兹:我擦！[怒][怒]还有没有安全的地方了。",
"mid":"zvOQrjlF7",
"date":"2013-05-09 00:07:24"
},
{
"kids":[],
"uid":"1230821501",
"parent":"zvNuxp5MS",
"text":"[汗]",
"mid":"zvOPBA3oQ",
"date":"2013-05-09 00:05:24"
},
{
"kids":[],
"uid":"duolasimon",
"parent":"",
"text":"@wzw0091 传达！@阿拉Bonbon",
"mid":"zvOPAFFj8",
"date":"2013-05-09 00:05:23"
},
{
"kids":[
"zvSWtjH6u"
],
"uid":"1874080342",
"parent":"zvOEvEtFO",
"text":"头皮都麻了",
"mid":"zvOOACXlT",
"date":"2013-05-09 00:02:51"
},
{
"kids":[
"zvSCRkqcq",
"zvS0C4qAy",
"zvPB5hm8T"
],
"uid":"1412549805",
"parent":"",
"text":"光天化日有这种事，以后上街要带个防毒面具 [怒]",
"mid":"zvOOcoYML",
"date":"2013-05-09 00:01:56"
},
{
"kids":[],
"uid":"1770074560",
"parent":"",
"text":"就在身边那么近的地方？注意起来[哼][哼][哼]",
"mid":"zvOI1rE0q",
"date":"2013-05-08 23:46:41"
},
{
"kids":[],
"uid":"1764085174",
"parent":"zvOEvEtFO",
"text":"这还是上海吗？汗毛泠泠[怒]",
"mid":"zvOGnuPEL",
"date":"2013-05-08 23:42:37"
},
{
"kids":[
"zvSYQqxu1",
"zvOOACXlT",
"zvOGnuPEL"
],
"uid":"enciel",
"parent":"",
"text":"看得浑身发冷。。。",
"mid":"zvOEvEtFO",
"date":"2013-05-08 23:38:04"
},
{
"kids":[],
"uid":"enciel",
"parent":"",
"text":"我擦！活动范围之一好伐！这么嚣张！身后300米就是派出所唉。。。",
"mid":"zvOEgA7os",
"date":"2013-05-08 23:37:25"
},
{
"kids":[
"zvRCpvBkl",
"zvORqrFFs"
],
"uid":"2047673165",
"parent":"",
"text":"好吓人。祝福。转发警示。BTW，建议你不要总是发小孩照片和带地址的微博。",
"mid":"zvOCW8Cmf",
"date":"2013-05-08 23:34:11"
},
{
"kids":[],
"uid":"chenmingyun",
"parent":"",
"text":"太吓人了 就我家附近",
"mid":"zvOzlBnkT",
"date":"2013-05-08 23:25:21"
},
{
"kids":[],
"uid":"helloyhh",
"parent":"",
"text":"@狐狸-MM @玲叮当1979 太恐怖！！请给家人上上这课！",
"mid":"zvOzbAKk9",
"date":"2013-05-08 23:24:57"
},
{
"kids":[
"zvXeT1ytt"
],
"uid":"1241536904",
"parent":"",
"text":"报警没？",
"mid":"zvOygiorp",
"date":"2013-05-08 23:22:40"
},
{
"kids":[],
"uid":"1880527067",
"parent":"zvNTXjI6T",
"text":"@在水忆昉  @陈凌kevin attention",
"mid":"zvOxflx1V",
"date":"2013-05-08 23:20:08"
},
{
"kids":[],
"uid":"1959528405",
"parent":"",
"text":"如果是真的就太可怕了",
"mid":"zvOvJDMKE",
"date":"2013-05-08 23:16:27"
},
{
"kids":[],
"uid":"1009801894",
"parent":"",
"text":"随身带上刀吧。[怒]",
"mid":"zvOtJySEF",
"date":"2013-05-08 23:11:28"
},
{
"kids":[],
"uid":"1863319777",
"parent":"zvOr2zcLo",
"text":"[衰]",
"mid":"zvOtrwbak",
"date":"2013-05-08 23:10:48"
},
{
"kids":[
"zvOtrwbak"
],
"uid":"1961532753",
"parent":"zvNuxp5MS",
"text":"我[怒]",
"mid":"zvOr2zcLo",
"date":"2013-05-08 23:04:50"
},
{
"kids":[],
"uid":"1321387394",
"parent":"",
"text":"敢问[挖鼻屎]您带老人家去医院了么[疑问]您是应该感谢上苍“您家有一老 如有一宝”[挖鼻屎]",
"mid":"zvOqLqRbQ",
"date":"2013-05-08 23:04:12"
},
{
"kids":[],
"uid":"1041755910",
"parent":"",
"text":"黄兴路属于杨浦区比较热闹区域，人贩子明抢碰到了太吓人，这种事在网上瞄好几起没抢成，不得不说当今社会带孩子出门的防范意识很强[围观]",
"mid":"zvOmAlpoF",
"date":"2013-05-08 22:53:52"
},
{
"kids":[],
"uid":"1895159594",
"parent":"zvO9miJgb",
"text":"上海的治安什么时候也变得如此可怕了。",
"mid":"zvOlG8QxK",
"date":"2013-05-08 22:51:39"
},
{
"kids":[],
"uid":"2216461407",
"parent":"",
"text":"@小熊瞎逛",
"mid":"zvOl2znbz",
"date":"2013-05-08 22:50:06"
},
{
"kids":[],
"uid":"1845917373",
"parent":"",
"text":"[吃惊][吃惊][吃惊] 拐子气焰日益嚣张，有娃的都要提高警惕！",
"mid":"zvOjoDKz0",
"date":"2013-05-08 22:46:02"
},
{
"kids":[
"zvR3TzDC2"
],
"uid":"gongminggm",
"parent":"zvNuxp5MS",
"text":"靠杨浦区，什么情况？",
"mid":"zvOjapqF5",
"date":"2013-05-08 22:45:27"
},
{
"kids":[],
"uid":"2030769775",
"parent":"",
"text":"可怕",
"mid":"zvOhownAf",
"date":"2013-05-08 22:41:07"
},
{
"kids":[],
"uid":"peterlam999",
"parent":"zvO9miJgb",
"text":"什么情况？",
"mid":"zvOfLsASS",
"date":"2013-05-08 22:37:04"
},
{
"kids":[
"zvSnumwEn"
],
"uid":"kingdomheaven",
"parent":"zvO5kj8NG",
"text":"",
"mid":"zvOfkz2SU",
"date":"2013-05-08 22:36:01"
},
{
"kids":[
"zvRYl6Jxq"
],
"uid":"1859808292",
"parent":"",
"text":"[怒]",
"mid":"zvOeZAMDf",
"date":"2013-05-08 22:35:10"
},
{
"kids":[],
"uid":"1709649351",
"parent":"zvNQ0DYtD",
"text":"这外婆要是没反应过来，孩子就木有了！[怒]",
"mid":"zvOcTx5aS",
"date":"2013-05-08 22:30:00"
},
{
"kids":[
"zvSuWe9Al"
],
"uid":"2261438712",
"parent":"",
"text":"@布丁麻麻1040445601 @绝世小小宝 @米果米果西米果 @周搞搞de麻麻 @丝莫莫 @俞小娜Selina 年纪大的带娃都当心啦~",
"mid":"zvOaZmRlC",
"date":"2013-05-08 22:25:20"
},
{
"kids":[
"zvRA25qhh",
"zvOlG8QxK",
"zvOfLsASS"
],
"uid":"1872324130",
"parent":"",
"text":"@大陈小宸 @Ivy__Hao",
"mid":"zvO9miJgb",
"date":"2013-05-08 22:21:18"
},
{
"kids":[],
"uid":"1404882050",
"parent":"zvNGq5cCI",
"text":"老人小孩要当心了！",
"mid":"zvO8uvwKH",
"date":"2013-05-08 22:19:11"
},
{
"kids":[],
"uid":"qiushui88",
"parent":"zvO5kj8NG",
"text":"嘎吓人",
"mid":"zvO7UueCm",
"date":"2013-05-08 22:17:45"
},
{
"kids":[],
"uid":"1104849482",
"parent":"",
"text":"在市区也敢这样明目张胆。。这这。。。太猖獗了",
"mid":"zvO7ji0tX",
"date":"2013-05-08 22:16:14"
},
{
"kids":[],
"uid":"julieyuhz",
"parent":"zvNIqdS0Y",
"text":"好恐怖 恍若生活在人吃人的地狱",
"mid":"zvO5lwVbO",
"date":"2013-05-08 22:11:27"
},
{
"kids":[
"zvOfkz2SU",
"zvO7UueCm"
],
"uid":"1746276344",
"parent":"zvNZZFyYG",
"text":"大家小心啊",
"mid":"zvO5kj8NG",
"date":"2013-05-08 22:11:23"
},
{
"kids":[
"zvWh59AiS",
"zvRRHtT2H"
],
"uid":"1027108731",
"parent":"zvNMuhJDa",
"text":"恐怖离我们这么近[衰]",
"mid":"zvO32cvZ1",
"date":"2013-05-08 22:05:44"
},
{
"kids":[],
"uid":"1861235082",
"parent":"",
"text":"不带这么吓人的",
"mid":"zvO2ehBNZ",
"date":"2013-05-08 22:03:43"
},
{
"kids":[
"zvV4nl6Ng",
"zvO5kj8NG"
],
"uid":"zq888888",
"parent":"zvNVK708A",
"text":"[泪]",
"mid":"zvNZZFyYG",
"date":"2013-05-08 21:58:15"
},
{
"kids":[],
"uid":"2078364827",
"parent":"zvNYb7C3c",
"text":"太恐怖了",
"mid":"zvNZfk5lq",
"date":"2013-05-08 21:56:24"
},
{
"kids":[
"zF0X2hvlz",
"zEQHIAYzD",
"zEQqOcDAS",
"zE73n7kHm",
"zE5wXo17I",
"zDWGAnzrr",
"zDvJuB8Jb",
"zvR9Foi9V",
"zvORIrmAL",
"zvOQrjlF7",
"zvNZfk5lq"
],
"uid":"mryili",
"parent":"zvNxc4fNa",
"text":"这一幕可是活生生发生在魔都啊！博主可爱的儿子我还见过，真不敢相信这是真的！@今朝上海 @上海新闻网",
"mid":"zvNYb7C3c",
"date":"2013-05-08 21:53:43"
},
{
"kids":[
"zvNZZFyYG"
],
"uid":"1811460250",
"parent":"zvNTXjI6T",
"text":"太吓人了[泪]@正在留长发的了了",
"mid":"zvNVK708A",
"date":"2013-05-08 21:47:44"
},
{
"kids":[],
"uid":"1420450443",
"parent":"zvNLWzaAO",
"text":"@朴玉393 @好运缠身的阿土仔   发生在身边的事啊，太可怕啦 ！",
"mid":"zvNU9oEJD",
"date":"2013-05-08 21:43:50"
},
{
"kids":[
"zvOxflx1V",
"zvNVK708A"
],
"uid":"jasminewll",
"parent":"zvNMQ7oV8",
"text":"@鲜肉馒头 @小jennyling @阿姐大 @个么么神仙妹 @给点阳光就灿烂GJ @妈妈超人Jessica @SIMMY美眉就是我 @S_Artois @兆平方 @叽里咕噜_唔里嘛哩 @九尾饕和八尾麒 @追风de肉圆叔 @icequeen1218 @艾封",
"mid":"zvNTXjI6T",
"date":"2013-05-08 21:43:22"
},
{
"kids":[],
"uid":"ustchen2010",
"parent":"zvNzoeDZk",
"text":"",
"mid":"zvNT0efT6",
"date":"2013-05-08 21:40:58"
},
{
"kids":[],
"uid":"1421229930",
"parent":"",
"text":"上海竟有这事，报警了吗?",
"mid":"zvNRGD7lg",
"date":"2013-05-08 21:37:46"
},
{
"kids":[
"zvOcTx5aS"
],
"uid":"2292753111",
"parent":"zvNMuhJDa",
"text":"直接枪毙",
"mid":"zvNQ0DYtD",
"date":"2013-05-08 21:33:39"
},
{
"kids":[
"zvNTXjI6T"
],
"uid":"jasminewll",
"parent":"zvNKQBEqZ",
"text":"哇靠！就在家门口哦！要特别当心啊",
"mid":"zvNMQ7oV8",
"date":"2013-05-08 21:25:49"
},
{
"kids":[
"zvSdU84mv",
"zvO32cvZ1",
"zvNQ0DYtD"
],
"uid":"peggyxue",
"parent":"zvNLWzaAO",
"text":"[怒][衰]",
"mid":"zvNMuhJDa",
"date":"2013-05-08 21:24:57"
},
{
"kids":[
"zvNU9oEJD",
"zvNMuhJDa"
],
"uid":"1120946160",
"parent":"",
"text":"我们这里也不安全了，太可怕了[抓狂]",
"mid":"zvNLWzaAO",
"date":"2013-05-08 21:23:38"
},
{
"kids":[
"zvNMQ7oV8"
],
"uid":"1900007301",
"parent":"",
"text":"@yanslaughter @吻枪死 @阳光范暖暖 杨浦的爸妈小心了！@康康乐乐就是我 @正在留长发的了了 @解頤-",
"mid":"zvNKQBEqZ",
"date":"2013-05-08 21:20:54"
},
{
"kids":[],
"uid":"2106335115",
"parent":"",
"text":"太恐怖了",
"mid":"zvNITbEJc",
"date":"2013-05-08 21:16:06"
},
{
"kids":[
"zvO5lwVbO"
],
"uid":"ursulachuy",
"parent":"zvNGq5cCI",
"text":"萌芽幼儿园？",
"mid":"zvNIqdS0Y",
"date":"2013-05-08 21:14:55"
},
{
"kids":[],
"uid":"aozhoulaiba",
"parent":"zvNCOqASP",
"text":"人贩子啊[怒]",
"mid":"zvNHjDBFi",
"date":"2013-05-08 21:12:14"
},
{
"kids":[
"zvO8uvwKH",
"zvNIqdS0Y"
],
"uid":"1836699363",
"parent":"zvNA5FQfW",
"text":"",
"mid":"zvNGq5cCI",
"date":"2013-05-08 21:10:00"
},
{
"kids":[],
"uid":"2104144887",
"parent":"zvNzoeDZk",
"text":"@",
"mid":"zvNEu85SQ",
"date":"2013-05-08 21:05:14"
},
{
"kids":[
"zvNHjDBFi"
],
"uid":"1731613533",
"parent":"",
"text":"吓人",
"mid":"zvNCOqASP",
"date":"2013-05-08 21:01:05"
},
{
"kids":[
"zvNGq5cCI"
],
"uid":"1989959703",
"parent":"zvNuxp5MS",
"text":"靠，国权路@乌三顺",
"mid":"zvNA5FQfW",
"date":"2013-05-08 20:54:24"
},
{
"kids":[
"zvNT0efT6",
"zvNEu85SQ"
],
"uid":"1943429694",
"parent":"zvNyLdFKv",
"text":"只要有百分之三百的利润，“资本家”可以践踏一切人间法律",
"mid":"zvNzoeDZk",
"date":"2013-05-08 20:52:42"
},
{
"kids":[
"zvNzoeDZk"
],
"uid":"2097818587",
"parent":"zvNuxp5MS",
"text":"看來得開設老年散打班，老年大學生化學專科！這種人，抓到打死，寧可判幾年！",
"mid":"zvNyLdFKv",
"date":"2013-05-08 20:51:10"
},
{
"kids":[
"zF0X2hvlz",
"zEQHIAYzD",
"zEQqOcDAS",
"zE73n7kHm",
"zE5wXo17I",
"zDWGAnzrr",
"zDvJuB8Jb",
"zvNYb7C3c"
],
"uid":"1658237417",
"parent":"",
"text":"[晕]册那。。。",
"mid":"zvNxc4fNa",
"date":"2013-05-08 20:47:17"
},
{
"kids":[
"zvOPBA3oQ",
"zvOr2zcLo",
"zvOjapqF5",
"zvNA5FQfW",
"zvNyLdFKv"
],
"uid":"meishaoma",
"parent":"",
"text":"天哪，吓死我了。",
"mid":"zvNuxp5MS",
"date":"2013-05-08 20:40:44"
},
{
"kids":[],
"uid":"1943429694",
"parent":"",
"text":"回复@儿子带着我一起长大:大家提高警惕啊",
"mid":"zvNtxEJs3",
"date":"2013-05-08 20:38:16"
}
]