[
{
"kids":[],
"uid":"2683186710",
"parent":"z62OEolSK",
"text":"@caddiesun @今天的Phoebe @开心joy",
"mid":"z6o1Q0Iyo",
"date":"2012-11-22 17:53:46"
},
{
"kids":[],
"uid":"1670453511",
"parent":"z5XDAyJzx",
"text":"@凯凯旋",
"mid":"z6gbUv5ZR",
"date":"2012-11-21 21:56:34"
},
{
"kids":[],
"uid":"2807640564",
"parent":"z5RYaaMkP",
"text":"",
"mid":"z6ajb4F0s",
"date":"2012-11-21 06:58:01"
},
{
"kids":[],
"uid":"2802962472",
"parent":"z5Tuj1sUS",
"text":"",
"mid":"z67EXjAR4",
"date":"2012-11-21 00:13:28"
},
{
"kids":[],
"uid":"1788262484",
"parent":"z63q2sGzH",
"text":"真的？",
"mid":"z66cZDeW4",
"date":"2012-11-20 20:31:48"
},
{
"kids":[],
"uid":"2803028790",
"parent":"z5RElvzIk",
"text":"",
"mid":"z668rFnwO",
"date":"2012-11-20 20:20:36"
},
{
"kids":[],
"uid":"2920385122",
"parent":"z5RElvzIk",
"text":"",
"mid":"z668rnMn9",
"date":"2012-11-20 20:20:34"
},
{
"kids":[],
"uid":"bluesfengyu",
"parent":"",
"text":"肯定假的啊 我一直没寄过安全带也没收到过什么罚单啊",
"mid":"z64Y46ovg",
"date":"2012-11-20 17:22:15"
},
{
"kids":[],
"uid":"1936746124",
"parent":"z63q2sGzH",
"text":"",
"mid":"z63Dn22iA",
"date":"2012-11-20 13:58:33"
},
{
"kids":[],
"uid":"1780257397",
"parent":"z63q2sGzH",
"text":"",
"mid":"z63wJlm8R",
"date":"2012-11-20 13:42:12"
},
{
"kids":[
"z66cZDeW4",
"z63Dn22iA",
"z63wJlm8R"
],
"uid":"2135892914",
"parent":"",
"text":"@周一一他爸_无辜的桑树",
"mid":"z63q2sGzH",
"date":"2012-11-20 13:25:43"
},
{
"kids":[],
"uid":"1951380744",
"parent":"z5XDAyJzx",
"text":"@牛牛0116 闯黄闪罚200",
"mid":"z631F55YJ",
"date":"2012-11-20 12:25:37"
},
{
"kids":[
"z6o1Q0Iyo"
],
"uid":"1723217200",
"parent":"z62CphiBI",
"text":"[吃惊]",
"mid":"z62OEolSK",
"date":"2012-11-20 11:53:34"
},
{
"kids":[
"z62OEolSK"
],
"uid":"2655730583",
"parent":"",
"text":"转[抓狂]",
"mid":"z62CphiBI",
"date":"2012-11-20 11:23:26"
},
{
"kids":[],
"uid":"2193851082",
"parent":"z61DJDbMk",
"text":"@冂张迪冂",
"mid":"z62uKpxKC",
"date":"2012-11-20 11:04:34"
},
{
"kids":[],
"uid":"luobo1021",
"parent":"z62ay6yZ5",
"text":"额.....",
"mid":"z62g9kPqG",
"date":"2012-11-20 10:28:35"
},
{
"kids":[
"z62g9kPqG"
],
"uid":"shiwuyue",
"parent":"z61NCtX4w",
"text":"假的假的",
"mid":"z62ay6yZ5",
"date":"2012-11-20 10:14:48"
},
{
"kids":[
"z62ay6yZ5"
],
"uid":"1807384320",
"parent":"z5XVbvqmu",
"text":"各种跪",
"mid":"z61NCtX4w",
"date":"2012-11-20 09:18:19"
},
{
"kids":[
"z62uKpxKC"
],
"uid":"2837571811",
"parent":"z619rcptP",
"text":"这个要转一下滴",
"mid":"z61DJDbMk",
"date":"2012-11-20 08:53:57"
},
{
"kids":[],
"uid":"2028654175",
"parent":"",
"text":"@阿咪阿咪托福 ，注意了啊",
"mid":"z61y0aPV3",
"date":"2012-11-20 08:39:50"
},
{
"kids":[],
"uid":"1966330301",
"parent":"z61wTCW3I",
"text":"我觉得是假的",
"mid":"z61xeik8f",
"date":"2012-11-20 08:37:56"
},
{
"kids":[
"z61xeik8f"
],
"uid":"2669308543",
"parent":"z619rcptP",
"text":"@Y家de大猪噜 @Clover淡紫樱 @辣酱面加酱蛋--mmin @败金的狮子 @晕超不会晕 @凌小俊_ICE",
"mid":"z61wTCW3I",
"date":"2012-11-20 08:37:07"
},
{
"kids":[],
"uid":"2919601294",
"parent":"z5OubEiWa",
"text":"",
"mid":"z61oZn4JJ",
"date":"2012-11-20 08:17:38"
},
{
"kids":[],
"uid":"1588506860",
"parent":"z5OubEiWa",
"text":"",
"mid":"z61oZlSyu",
"date":"2012-11-20 08:17:37"
},
{
"kids":[],
"uid":"zhangrene",
"parent":"z5XVbvqmu",
"text":"非要严查了才遵守么",
"mid":"z61fkoCAK",
"date":"2012-11-20 07:53:50"
},
{
"kids":[],
"uid":"sunjac",
"parent":"z5XrUjIwG",
"text":"@小皮球TA娘",
"mid":"z61cB6wbw",
"date":"2012-11-20 07:47:06"
},
{
"kids":[
"z61DJDbMk",
"z61wTCW3I"
],
"uid":"2557309272",
"parent":"z5XsMl4KV",
"text":"",
"mid":"z619rcptP",
"date":"2012-11-20 07:39:19"
},
{
"kids":[],
"uid":"qinfenma",
"parent":"z5UNpnD8J",
"text":"@陈琦Tony",
"mid":"z612WatQ2",
"date":"2012-11-20 07:23:17"
},
{
"kids":[],
"uid":"1846423463",
"parent":"z5XX2t4Nd",
"text":"",
"mid":"z60Xa1id7",
"date":"2012-11-20 07:09:03"
},
{
"kids":[],
"uid":"1581742231",
"parent":"",
"text":"",
"mid":"z60WsxvSe",
"date":"2012-11-20 07:07:21"
},
{
"kids":[],
"uid":"2804229242",
"parent":"z5RYaaMkP",
"text":"",
"mid":"z5YSZBuP9",
"date":"2012-11-20 01:53:19"
},
{
"kids":[],
"uid":"2168551087",
"parent":"z5RYaaMkP",
"text":"",
"mid":"z5YSZBuOt",
"date":"2012-11-20 01:53:19"
},
{
"kids":[],
"uid":"2553243024",
"parent":"z5TuSc9dz",
"text":"[吃惊][吃惊][吃惊]",
"mid":"z5Yvr2kfZ",
"date":"2012-11-20 00:55:13"
},
{
"kids":[],
"uid":"angelbird520",
"parent":"z5XrUjIwG",
"text":"。。。@hanlu-寒秋凝露-胡胡",
"mid":"z5Yiwxa2H",
"date":"2012-11-20 00:23:25"
},
{
"kids":[
"z60Xa1id7"
],
"uid":"1758754931",
"parent":"z5XCZzMeC",
"text":"@Kiddo伐明白",
"mid":"z5XX2t4Nd",
"date":"2012-11-19 23:30:31"
},
{
"kids":[
"z61NCtX4w",
"z61fkoCAK"
],
"uid":"notorious1986",
"parent":"z5XPAzjTu",
"text":"吓尿了",
"mid":"z5XVbvqmu",
"date":"2012-11-19 23:25:58"
},
{
"kids":[],
"uid":"paulinechou",
"parent":"",
"text":"@口口帅有时候竟然帅的像一记耳光 看看！蓝牙用起来l",
"mid":"z5XQCrGg0",
"date":"2012-11-19 23:14:40"
},
{
"kids":[],
"uid":"teresamcj",
"parent":"z5XMzgIK6",
"text":"",
"mid":"z5XQzcJ1K",
"date":"2012-11-19 23:14:36"
},
{
"kids":[
"z5XVbvqmu"
],
"uid":"cocoa99",
"parent":"z5XCZzMeC",
"text":"看着很像真的",
"mid":"z5XPAzjTu",
"date":"2012-11-19 23:12:09"
},
{
"kids":[],
"uid":"azhali",
"parent":"z5XCisRIm",
"text":"官方来个证实啊",
"mid":"z5XMGAUKs",
"date":"2012-11-19 23:05:02"
},
{
"kids":[
"z5XQzcJ1K"
],
"uid":"1998218863",
"parent":"z5Xnn26ua",
"text":"",
"mid":"z5XMzgIK6",
"date":"2012-11-19 23:04:44"
},
{
"kids":[],
"uid":"ohlily",
"parent":"z5WFxDnso",
"text":"不是说明年开始么？！",
"mid":"z5XIvuEoA",
"date":"2012-11-19 22:54:43"
},
{
"kids":[
"z6gbUv5ZR",
"z631F55YJ"
],
"uid":"2288241011",
"parent":"z5XrUjIwG",
"text":"压力很大[晕]",
"mid":"z5XDAyJzx",
"date":"2012-11-19 22:42:37"
},
{
"kids":[
"z5XX2t4Nd",
"z5XPAzjTu"
],
"uid":"1942971483",
"parent":"z5XCisRIm",
"text":"@食个橙先啦",
"mid":"z5XCZzMeC",
"date":"2012-11-19 22:41:09"
},
{
"kids":[
"z5XMGAUKs",
"z5XCZzMeC"
],
"uid":"1781562684",
"parent":"z5WFa0KZC",
"text":"@刘畅Ryu @司雯嘉 @DJ高山峰",
"mid":"z5XCisRIm",
"date":"2012-11-19 22:39:26"
},
{
"kids":[],
"uid":"demoment",
"parent":"z5XsMl4KV",
"text":"刚查过，木有",
"mid":"z5XBRBk9Q",
"date":"2012-11-19 22:38:22"
},
{
"kids":[
"z619rcptP",
"z5XBRBk9Q"
],
"uid":"princesswedding",
"parent":"z5XrUjIwG",
"text":"今天不知道罚了多少",
"mid":"z5XsMl4KV",
"date":"2012-11-19 22:15:59"
},
{
"kids":[
"z61cB6wbw",
"z5Yiwxa2H",
"z5XDAyJzx",
"z5XsMl4KV"
],
"uid":"2264759593",
"parent":"z5Xnn26ua",
"text":"@Superwally",
"mid":"z5XrUjIwG",
"date":"2012-11-19 22:13:50"
},
{
"kids":[
"z5XMzgIK6",
"z5XrUjIwG"
],
"uid":"1944263641",
"parent":"z5RElvzIk",
"text":"@两点一线银联",
"mid":"z5Xnn26ua",
"date":"2012-11-19 22:02:40"
},
{
"kids":[],
"uid":"1110098162",
"parent":"z5Xl0qGj3",
"text":"@勒音 @Emilyatshanghai @大都会美人鱼cici",
"mid":"z5XlY9zwg",
"date":"2012-11-19 21:59:10"
},
{
"kids":[
"z5XlY9zwg"
],
"uid":"2708070272",
"parent":"z5RJnxCNq",
"text":"@红色极乐鸟 @荠菜大馄饨 @2012丨Moffy麻麻求大白腿 @门徒风语者",
"mid":"z5Xl0qGj3",
"date":"2012-11-19 21:56:50"
},
{
"kids":[],
"uid":"1957141540",
"parent":"z5UGH3uq0",
"text":"@戴维营2942233557 @戊辰年文",
"mid":"z5XhP2yrg",
"date":"2012-11-19 21:49:00"
},
{
"kids":[],
"uid":"cassanyu",
"parent":"z5WSMvzlY",
"text":"同志们 快看 注意啦。。。。",
"mid":"z5WVLtTMS",
"date":"2012-11-19 20:54:38"
},
{
"kids":[
"z5WVLtTMS"
],
"uid":"yuansitao",
"parent":"z5W2K3QvV",
"text":"额",
"mid":"z5WSMvzlY",
"date":"2012-11-19 20:47:19"
},
{
"kids":[],
"uid":"2119402290",
"parent":"",
"text":"@苗苗和汪汪",
"mid":"z5WQ5yWjf",
"date":"2012-11-19 20:40:41"
},
{
"kids":[],
"uid":"2155368590",
"parent":"z5UdUfuET",
"text":"切飽了大概。。",
"mid":"z5WPKyPmh",
"date":"2012-11-19 20:39:50"
},
{
"kids":[],
"uid":"1438602151",
"parent":"",
"text":"严打开始！",
"mid":"z5WKu6zO1",
"date":"2012-11-19 20:26:51"
},
{
"kids":[
"z5XIvuEoA"
],
"uid":"318311101",
"parent":"z5WFa0KZC",
"text":"@草包美人 ，真的，假的?",
"mid":"z5WFxDnso",
"date":"2012-11-19 20:14:39"
},
{
"kids":[
"z5XCisRIm",
"z5WFxDnso"
],
"uid":"2143119493",
"parent":"z5TWg5wfB",
"text":"@mizuki-wang",
"mid":"z5WFa0KZC",
"date":"2012-11-19 20:13:41"
},
{
"kids":[],
"uid":"1703670102",
"parent":"z5WCKbezS",
"text":"其实还是坐后座好呀!!",
"mid":"z5WD7yhif",
"date":"2012-11-19 20:08:44"
},
{
"kids":[
"z5WD7yhif"
],
"uid":"shjoy0323",
"parent":"z5WAVk69E",
"text":"[吃驚][吃驚] 真的假啊.. 求辟谣啊...最讨厌系安全带了..",
"mid":"z5WCKbezS",
"date":"2012-11-19 20:07:48"
},
{
"kids":[
"z5WCKbezS"
],
"uid":"1703670102",
"parent":"z5Ww7rZB2",
"text":"我都开腻了呀",
"mid":"z5WAVk69E",
"date":"2012-11-19 20:03:18"
},
{
"kids":[
"z5WAVk69E"
],
"uid":"1766555535",
"parent":"z5UJUw59U",
"text":"突然不想学车了。。",
"mid":"z5Ww7rZB2",
"date":"2012-11-19 19:51:26"
},
{
"kids":[],
"uid":"tracylee0618",
"parent":"",
"text":"还没上牌照的表示没什么表示[哈哈] 可是这个消息不是传了很久了么？",
"mid":"z5WqZvmh8",
"date":"2012-11-19 19:38:47"
},
{
"kids":[],
"uid":"2710273534",
"parent":"z5RYHgAa8",
"text":"@ccchenhao",
"mid":"z5Wm9g9Tn",
"date":"2012-11-19 19:26:54"
},
{
"kids":[],
"uid":"1786772684",
"parent":"z5W2K3QvV",
"text":"MLGB，还让不让爷开车了[怒]",
"mid":"z5Wlap3Ub",
"date":"2012-11-19 19:24:29"
},
{
"kids":[
"z5WSMvzlY",
"z5Wlap3Ub"
],
"uid":"ringo880131",
"parent":"z5VMdxACt",
"text":"擦。。。坑啊",
"mid":"z5W2K3QvV",
"date":"2012-11-19 18:39:05"
},
{
"kids":[],
"uid":"2172048081",
"parent":"z5UGH3uq0",
"text":"时刻戒备……",
"mid":"z5VXsmUlJ",
"date":"2012-11-19 18:26:02"
},
{
"kids":[],
"uid":"2642750433",
"parent":"",
"text":"真的假的？",
"mid":"z5VObC6fg",
"date":"2012-11-19 18:03:13"
},
{
"kids":[
"z5W2K3QvV"
],
"uid":"1719118434",
"parent":"",
"text":"我开车可规矩了好嘛~",
"mid":"z5VMdxACt",
"date":"2012-11-19 17:58:21"
},
{
"kids":[],
"uid":"2137462310",
"parent":"",
"text":"开车的同学提高警惕，搭车的同学也要提高警惕。",
"mid":"z5VFLtck7",
"date":"2012-11-19 17:42:29"
},
{
"kids":[],
"uid":"2920437820",
"parent":"",
"text":"",
"mid":"z5VoM2B5n",
"date":"2012-11-19 17:00:35"
},
{
"kids":[],
"uid":"1589519657",
"parent":"",
"text":"",
"mid":"z5VoLqcuJ",
"date":"2012-11-19 17:00:36"
},
{
"kids":[],
"uid":"2919846764",
"parent":"",
"text":"",
"mid":"z5ViTniv5",
"date":"2012-11-19 16:46:08"
},
{
"kids":[],
"uid":"1440498504",
"parent":"",
"text":"",
"mid":"z5UZh94PF",
"date":"2012-11-19 15:57:46"
},
{
"kids":[],
"uid":"2809801542",
"parent":"",
"text":"",
"mid":"z5UZh94NY",
"date":"2012-11-19 15:57:46"
},
{
"kids":[],
"uid":"2036785077",
"parent":"z5TOQA4A0",
"text":"遵守交规的公民飘过[酷][酷][酷]",
"mid":"z5UUCu3oc",
"date":"2012-11-19 15:46:21"
},
{
"kids":[],
"uid":"1823283514",
"parent":"z5UDx8dtV",
"text":"@还是叫老王算了 看到了哇，快点扣起来，两只插扣丢掉",
"mid":"z5UTPrGXd",
"date":"2012-11-19 15:44:23"
},
{
"kids":[
"z612WatQ2"
],
"uid":"2005136437",
"parent":"z5UDx8dtV",
"text":"@风劲草Alan @飞雨马湿 @徐黄瓜 @马琴芬grace @陈天诺wesley",
"mid":"z5UNpnD8J",
"date":"2012-11-19 15:28:34"
},
{
"kids":[
"z5Ww7rZB2"
],
"uid":"1703670102",
"parent":"z5UGH3uq0",
"text":"",
"mid":"z5UJUw59U",
"date":"2012-11-19 15:19:54"
},
{
"kids":[
"z5XhP2yrg",
"z5VXsmUlJ",
"z5UJUw59U"
],
"uid":"2704361914",
"parent":"z5UFQsWnB",
"text":"坐后面好。",
"mid":"z5UGH3uq0",
"date":"2012-11-19 15:12:01"
},
{
"kids":[
"z5UGH3uq0"
],
"uid":"1803905472",
"parent":"",
"text":"！！！！开车的看看",
"mid":"z5UFQsWnB",
"date":"2012-11-19 15:09:55"
},
{
"kids":[
"z5UTPrGXd",
"z5UNpnD8J"
],
"uid":"1948671452",
"parent":"z5Ur1aMiI",
"text":"@陆小天他爹 @阿拉蕾de肥麻麻 @Rhea0618 @缘随雪飘 @Y禕Y @扁担明显比板凳长",
"mid":"z5UDx8dtV",
"date":"2012-11-19 15:04:14"
},
{
"kids":[
"z5UDx8dtV"
],
"uid":"1957645877",
"parent":"z5SOiulL7",
"text":"@卜镇平 @西鱼莫因 @刀哥家de朱小牛 @kinki94菁菁 @懒人xiaojie @胖儿他妈-人到中年 请各位注意啦!@宇帆姆妈 你能帮忙进行下确认伐",
"mid":"z5Ur1aMiI",
"date":"2012-11-19 14:33:24"
},
{
"kids":[
"z5WPKyPmh"
],
"uid":"1440549184",
"parent":"z5TOQA4A0",
"text":"@小胖妞candy佳 @0o超人打怪兽o0 @煙燻狐",
"mid":"z5UdUfuET",
"date":"2012-11-19 14:01:06"
},
{
"kids":[],
"uid":"1685860521",
"parent":"z5TWg5wfB",
"text":"",
"mid":"z5U7Nbp71",
"date":"2012-11-19 13:46:02"
},
{
"kids":[],
"uid":"1410803381",
"parent":"z5TJbcT7C",
"text":"今年奖金还没罚够啊[挖鼻屎]",
"mid":"z5U679D1R",
"date":"2012-11-19 13:41:54"
},
{
"kids":[
"z5WFa0KZC",
"z5U7Nbp71"
],
"uid":"2186109755",
"parent":"",
"text":"@朱利军0204",
"mid":"z5TWg5wfB",
"date":"2012-11-19 13:17:36"
},
{
"kids":[],
"uid":"1720761815",
"parent":"z5TOQA4A0",
"text":"",
"mid":"z5TTRqU1Z",
"date":"2012-11-19 13:11:43"
},
{
"kids":[
"z5UUCu3oc",
"z5UdUfuET",
"z5TTRqU1Z"
],
"uid":"makiyo0715",
"parent":"z5TMk0r9F",
"text":"",
"mid":"z5TOQA4A0",
"date":"2012-11-19 12:59:22"
},
{
"kids":[
"z5TOQA4A0"
],
"uid":"1974223902",
"parent":"",
"text":"@落沙地带沙无赦",
"mid":"z5TMk0r9F",
"date":"2012-11-19 12:53:08"
},
{
"kids":[
"z5U679D1R"
],
"uid":"1851137724",
"parent":"z5RJnxCNq",
"text":"@我的名字叫-小胖儿 关注了 ，每天开车都吧自己绑起来[ok]",
"mid":"z5TJbcT7C",
"date":"2012-11-19 12:45:24"
},
{
"kids":[],
"uid":"yimeng0921",
"parent":"",
"text":"@黯裡著瞇",
"mid":"z5TGPgN76",
"date":"2012-11-19 12:39:36"
},
{
"kids":[],
"uid":"1232582364",
"parent":"",
"text":"",
"mid":"z5TEDB2mO",
"date":"2012-11-19 12:34:12"
},
{
"kids":[
"z5Yvr2kfZ"
],
"uid":"chaiwenzhen",
"parent":"z5Tq67dmP",
"text":"[吃惊]",
"mid":"z5TuSc9dz",
"date":"2012-11-19 12:10:09"
},
{
"kids":[
"z67EXjAR4"
],
"uid":"jennifer129",
"parent":"",
"text":"@噹噹哩个噹噹88",
"mid":"z5Tuj1sUS",
"date":"2012-11-19 12:08:44"
},
{
"kids":[],
"uid":"ggggguoren",
"parent":"",
"text":"@Ms_樱桃之远 让你家那口看看",
"mid":"z5Ts45Ox8",
"date":"2012-11-19 12:03:13"
},
{
"kids":[
"z5TuSc9dz"
],
"uid":"2026621034",
"parent":"",
"text":"@一只耳朵-喵爸 @fidodidoqa--多多妈 @多多20111009",
"mid":"z5Tq67dmP",
"date":"2012-11-19 11:58:23"
},
{
"kids":[],
"uid":"xhwy18",
"parent":"",
"text":"不管真假都要注意了",
"mid":"z5ToBykM7",
"date":"2012-11-19 11:54:43"
},
{
"kids":[],
"uid":"1824035890",
"parent":"",
"text":"哥以后叫出租车…",
"mid":"z5Toi7X9l",
"date":"2012-11-19 11:53:55"
},
{
"kids":[],
"uid":"1882277844",
"parent":"",
"text":"-，-本周结束再去重考吧 哈哈",
"mid":"z5Toa5Buy",
"date":"2012-11-19 11:53:35"
},
{
"kids":[],
"uid":"1882277844",
"parent":"z5OAOBIrr",
"text":"@瓢虫_埃里克斯 @西瓜瓢虫_咭児",
"mid":"z5TkSczKW",
"date":"2012-11-19 11:45:31"
},
{
"kids":[],
"uid":"2387403017",
"parent":"z5ThkFxSK",
"text":"老婆，假滴，安心",
"mid":"z5ThzaDJK",
"date":"2012-11-19 11:37:22"
},
{
"kids":[
"z5ThzaDJK"
],
"uid":"2628041065",
"parent":"z5Tf0aVYf",
"text":"@Hellfire_cn 不能闯黄了",
"mid":"z5ThkFxSK",
"date":"2012-11-19 11:36:48"
},
{
"kids":[
"z5ThkFxSK"
],
"uid":"1805561074",
"parent":"z5T8w1PpJ",
"text":"@秀才行天下",
"mid":"z5Tf0aVYf",
"date":"2012-11-19 11:31:03"
},
{
"kids":[],
"uid":"2920100610",
"parent":"z5OubEiWa",
"text":"",
"mid":"z5TakzNrD",
"date":"2012-11-19 11:19:33"
},
{
"kids":[
"z5Tf0aVYf"
],
"uid":"2835400211",
"parent":"z5T4cjB4n",
"text":"又要把钱贴额头上过日子咯",
"mid":"z5T8w1PpJ",
"date":"2012-11-19 11:15:03"
},
{
"kids":[
"z5T8w1PpJ"
],
"uid":"2800323655",
"parent":"z5T2aFVln",
"text":"",
"mid":"z5T4cjB4n",
"date":"2012-11-19 11:04:26"
},
{
"kids":[
"z5T4cjB4n"
],
"uid":"lalagogogo",
"parent":"z5RYHgAa8",
"text":"哇靠〜 我这恶习怎么改〜 [晕][晕][晕]",
"mid":"z5T2aFVln",
"date":"2012-11-19 10:59:27"
},
{
"kids":[],
"uid":"zxtceb",
"parent":"z5RYaaMkP",
"text":"[吃惊][吃惊][吃惊][吃惊]",
"mid":"z5SULwcy2",
"date":"2012-11-19 10:41:13"
},
{
"kids":[
"z5Ur1aMiI"
],
"uid":"2949095924",
"parent":"z5RYHgAa8",
"text":"@随心拈花微笑",
"mid":"z5SOiulL7",
"date":"2012-11-19 10:25:16"
},
{
"kids":[],
"uid":"lucifer306",
"parent":"z5RJnxCNq",
"text":"@Cindywu37",
"mid":"z5Sn6aQH4",
"date":"2012-11-19 09:18:14"
},
{
"kids":[
"z5Wm9g9Tn",
"z5T2aFVln",
"z5SOiulL7"
],
"uid":"1922408027",
"parent":"z5OAOBIrr",
"text":"@Oo肥仔 @周妈妈发福了 @阿La_D",
"mid":"z5RYHgAa8",
"date":"2012-11-19 08:18:08"
},
{
"kids":[
"z6ajb4F0s",
"z5YSZBuP9",
"z5YSZBuOt",
"z5SULwcy2"
],
"uid":"1411672694",
"parent":"z5RElvzIk",
"text":"",
"mid":"z5RYaaMkP",
"date":"2012-11-19 08:16:49"
},
{
"kids":[],
"uid":"jayfang518",
"parent":"z5RJnxCNq",
"text":"变相治理交通拥堵问题啊。。。",
"mid":"z5RRQ4hRN",
"date":"2012-11-19 08:01:14"
},
{
"kids":[
"z5Xl0qGj3",
"z5TJbcT7C",
"z5Sn6aQH4",
"z5RRQ4hRN"
],
"uid":"ciciccy",
"parent":"z5OAJlbnc",
"text":"[晕][晕]",
"mid":"z5RJnxCNq",
"date":"2012-11-19 07:40:24"
},
{
"kids":[
"z668rFnwO",
"z668rnMn9",
"z5Xnn26ua",
"z5RYaaMkP"
],
"uid":"2281741913",
"parent":"z5OubEiWa",
"text":"。。。完蛋了 赶紧查下违章记录去",
"mid":"z5RElvzIk",
"date":"2012-11-19 07:28:00"
},
{
"kids":[],
"uid":"2919802830",
"parent":"",
"text":"",
"mid":"z5Qi88RZn",
"date":"2012-11-19 04:00:31"
},
{
"kids":[],
"uid":"1437465737",
"parent":"",
"text":"",
"mid":"z5Qi7xeix",
"date":"2012-11-19 04:00:30"
},
{
"kids":[
"z5TkSczKW",
"z5RYHgAa8"
],
"uid":"209292181",
"parent":"z5Okz2IvA",
"text":"我想知道外牌上高架怎么算？",
"mid":"z5OAOBIrr",
"date":"2012-11-18 23:41:06"
},
{
"kids":[
"z5RJnxCNq"
],
"uid":"1894017444",
"parent":"z5OubEiWa",
"text":"@韡大爷 @cc1211ccy @朱芳群 @Dana驾到 @迪之1226 @NOAH苏慧 @天平座的爸爸",
"mid":"z5OAJlbnc",
"date":"2012-11-18 23:40:51"
},
{
"kids":[
"z61oZn4JJ",
"z61oZlSyu",
"z5TakzNrD",
"z5RElvzIk",
"z5OAJlbnc"
],
"uid":"elaine1216",
"parent":"",
"text":"@戚元嘉 @Mar7in_MTY @左岸草莓 @摩艾的愿望 注意啦",
"mid":"z5OubEiWa",
"date":"2012-11-18 23:24:43"
},
{
"kids":[],
"uid":"1786763760",
"parent":"z5Okz2IvA",
"text":"@王歆猪八戒",
"mid":"z5OpjAZtV",
"date":"2012-11-18 23:12:45"
},
{
"kids":[
"z5OAOBIrr",
"z5OpjAZtV"
],
"uid":"bochtbc",
"parent":"z5MrWCn7Z",
"text":"今天为了送个不顺路的闯了两次红灯。红灯！真的是红灯！",
"mid":"z5Okz2IvA",
"date":"2012-11-18 23:01:01"
},
{
"kids":[],
"uid":"2012601061",
"parent":"z5Nbx1V8T",
"text":"@小2流子 @贞理之门",
"mid":"z5Nzf52j4",
"date":"2012-11-18 21:04:26"
},
{
"kids":[
"z5Nzf52j4"
],
"uid":"1887422432",
"parent":"z5MrWCn7Z",
"text":"@电毛毯 @Helen小朵 @在路上的小波 @-姐西宫口high女- 开始抢钱了",
"mid":"z5Nbx1V8T",
"date":"2012-11-18 20:06:01"
},
{
"kids":[
"z5Okz2IvA",
"z5Nbx1V8T"
],
"uid":"2272720295",
"parent":"z5Mlpv14q",
"text":"",
"mid":"z5MrWCn7Z",
"date":"2012-11-18 18:13:43"
},
{
"kids":[
"z5MrWCn7Z"
],
"uid":"freesalon",
"parent":"",
"text":"CN,今天闯了N个黄灯",
"mid":"z5Mlpv14q",
"date":"2012-11-18 17:57:37"
}
]