[
{
"kids":[],
"uid":"3043773254",
"parent":"zu4jWqPxh",
"text":"",
"mid":"zwbsD58Oo",
"date":"2013-05-11 09:41:57"
},
{
"kids":[],
"uid":"2789715380",
"parent":"zu4jWqPxh",
"text":"",
"mid":"zw3UTdxM8",
"date":"2013-05-10 14:29:38"
},
{
"kids":[],
"uid":"2789935644",
"parent":"zu4jWqPxh",
"text":"",
"mid":"zw3USkiOv",
"date":"2013-05-10 14:29:36"
},
{
"kids":[],
"uid":"3044736862",
"parent":"",
"text":"",
"mid":"zvPmzsiLo",
"date":"2013-05-09 01:26:37"
},
{
"kids":[],
"uid":"3044909104",
"parent":"",
"text":"",
"mid":"zvPmzaHAJ",
"date":"2013-05-09 01:26:36"
},
{
"kids":[],
"uid":"2803181212",
"parent":"",
"text":"",
"mid":"zvmU0c2xp",
"date":"2013-05-06 00:59:18"
},
{
"kids":[],
"uid":"2810769540",
"parent":"",
"text":"",
"mid":"zvmU0c2uX",
"date":"2013-05-06 00:59:19"
},
{
"kids":[],
"uid":"2803917032",
"parent":"zu4jWqPxh",
"text":"",
"mid":"zvdsX5vx2",
"date":"2013-05-05 00:57:53"
},
{
"kids":[],
"uid":"1728002772",
"parent":"zu4jWqPxh",
"text":"",
"mid":"zvbPE5rjP",
"date":"2013-05-04 20:48:21"
},
{
"kids":[],
"uid":"3043746732",
"parent":"zu4jWqPxh",
"text":"",
"mid":"zvbPDvl6Q",
"date":"2013-05-04 20:48:23"
},
{
"kids":[],
"uid":"2920034592",
"parent":"zu4ILn5HX",
"text":"",
"mid":"zv6bkeH5N",
"date":"2013-05-04 06:25:17"
},
{
"kids":[],
"uid":"2803769970",
"parent":"zu4ILn5HX",
"text":"",
"mid":"zv6bkeH46",
"date":"2013-05-04 06:25:17"
},
{
"kids":[],
"uid":"3043664034",
"parent":"zu3tnrQba",
"text":"",
"mid":"zv627EffP",
"date":"2013-05-04 06:02:38"
},
{
"kids":[],
"uid":"2920602692",
"parent":"zu3tnrQba",
"text":"",
"mid":"zuWo9rVyl",
"date":"2013-05-03 05:29:25"
},
{
"kids":[],
"uid":"3043950404",
"parent":"zu3tnrQba",
"text":"",
"mid":"zuWo9akoZ",
"date":"2013-05-03 05:29:25"
},
{
"kids":[],
"uid":"2809653524",
"parent":"",
"text":"",
"mid":"zuUSAkplX",
"date":"2013-05-03 01:38:55"
},
{
"kids":[],
"uid":"3044213312",
"parent":"",
"text":"",
"mid":"zuUSAkpiS",
"date":"2013-05-03 01:38:55"
},
{
"kids":[],
"uid":"Messibiubiubiu",
"parent":"ztYaijhmq",
"text":"要不要脸？别人免费献血，免费捐髓…你们呢？还特妈收钱？你们一点都不付出还理直气壮？",
"mid":"zuOuNxgk6",
"date":"2013-05-02 09:23:49"
},
{
"kids":[],
"uid":"3044525910",
"parent":"zu5obeqde",
"text":"",
"mid":"zuO5K74UA",
"date":"2013-05-02 08:22:06"
},
{
"kids":[],
"uid":"1984870251",
"parent":"",
"text":"支持！",
"mid":"zuM4881VN",
"date":"2013-05-02 03:12:38"
},
{
"kids":[],
"uid":"3044319270",
"parent":"zunMiwhO9",
"text":"",
"mid":"zuL7ahDDT",
"date":"2013-05-02 00:47:21"
},
{
"kids":[],
"uid":"2920169932",
"parent":"zunMiwhO9",
"text":"",
"mid":"zuFz6pPdO",
"date":"2013-05-01 10:39:43"
},
{
"kids":[],
"uid":"3045323924",
"parent":"zunMiwhO9",
"text":"",
"mid":"zuFz6og4P",
"date":"2013-05-01 10:39:42"
},
{
"kids":[],
"uid":"3044651750",
"parent":"",
"text":"",
"mid":"zuCqQqV9l",
"date":"2013-05-01 02:41:08"
},
{
"kids":[],
"uid":"2809579842",
"parent":"zu3Wj6u1V",
"text":"",
"mid":"zuBZB879H",
"date":"2013-05-01 01:34:00"
},
{
"kids":[],
"uid":"2920243630",
"parent":"zu3Wj6u1V",
"text":"",
"mid":"zuBZB874U",
"date":"2013-05-01 01:33:59"
},
{
"kids":[],
"uid":"2919682760",
"parent":"",
"text":"",
"mid":"zuBXPdsrJ",
"date":"2013-05-01 01:29:37"
},
{
"kids":[],
"uid":"2920599440",
"parent":"",
"text":"",
"mid":"zuBXOAgd1",
"date":"2013-05-01 01:29:37"
},
{
"kids":[],
"uid":"2920481362",
"parent":"",
"text":"",
"mid":"zuuiwn7Oz",
"date":"2013-04-30 05:58:39"
},
{
"kids":[],
"uid":"2920118950",
"parent":"",
"text":"",
"mid":"zuuiwm2hq",
"date":"2013-04-30 05:58:38"
},
{
"kids":[],
"uid":"ztlove0412",
"parent":"",
"text":"就这位刚才又来我微博阐述她所知道的这个集团多么黑暗她多么致力于正义了，有真凭实据么？没有敏洗洗睡吧！",
"mid":"zusZv2g57",
"date":"2013-04-30 02:39:01"
},
{
"kids":[],
"uid":"ztlove0412",
"parent":"zu6T6nX5W",
"text":"您这么正义何必跟我们这些人生气是吧，多看南方系，多读李承鹏，中国的未来靠您了 拉黑什么的，别没理就搞这一套，真心看不上。",
"mid":"zusYjskvf",
"date":"2013-04-30 02:36:07"
},
{
"kids":[],
"uid":"1812094223",
"parent":"",
"text":"",
"mid":"zuqaJ1bcR",
"date":"2013-04-29 19:28:25"
},
{
"kids":[
"zuL7ahDDT",
"zuFz6pPdO",
"zuFz6og4P"
],
"uid":"2983341605",
"parent":"ztZD8sctJ",
"text":"",
"mid":"zunMiwhO9",
"date":"2013-04-29 13:22:46"
},
{
"kids":[],
"uid":"2184565620",
"parent":"zu49QzaM3",
"text":"",
"mid":"zunneux4k",
"date":"2013-04-29 12:21:02"
},
{
"kids":[],
"uid":"2900984637",
"parent":"",
"text":"汗颜啊",
"mid":"zump90TMu",
"date":"2013-04-29 09:52:58"
},
{
"kids":[],
"uid":"1582527944",
"parent":"zu4jWqPxh",
"text":"",
"mid":"zukg1g86w",
"date":"2013-04-29 04:25:01"
},
{
"kids":[],
"uid":"1584051535",
"parent":"zud92Bl91",
"text":"",
"mid":"zuiJ8CdVU",
"date":"2013-04-29 00:31:13"
},
{
"kids":[],
"uid":"2919807064",
"parent":"zud92Bl91",
"text":"",
"mid":"zuiJ8AWo0",
"date":"2013-04-29 00:31:16"
},
{
"kids":[],
"uid":"bl1281733039",
"parent":"zu145akYG",
"text":"2万元的交通费？往返纽约吗？",
"mid":"zuhzcsB4F",
"date":"2013-04-28 21:34:02"
},
{
"kids":[],
"uid":"houhuan2011",
"parent":"ztYaijhmq",
"text":"[睡觉]",
"mid":"zugE3egOe",
"date":"2013-04-28 19:13:14"
},
{
"kids":[],
"uid":"2346996103",
"parent":"",
"text":"",
"mid":"zuf4gAah6",
"date":"2013-04-28 15:12:19"
},
{
"kids":[],
"uid":"3322403634",
"parent":"",
"text":"/造这种谣言的，我希望你以后需要被捐骨髓的时候，找不到配型。",
"mid":"zue11C6K9",
"date":"2013-04-28 12:31:35"
},
{
"kids":[
"zuiJ8CdVU",
"zuiJ8AWo0"
],
"uid":"2836639922",
"parent":"ztYaijhmq",
"text":"不要脸啊！不要脸",
"mid":"zud92Bl91",
"date":"2013-04-28 10:18:36"
},
{
"kids":[],
"uid":"2802983222",
"parent":"zu3Wj6u1V",
"text":"",
"mid":"zuaQk5cIh",
"date":"2013-04-28 04:26:59"
},
{
"kids":[],
"uid":"2920230082",
"parent":"zu3Wj6u1V",
"text":"",
"mid":"zuaQk3NOM",
"date":"2013-04-28 04:26:59"
},
{
"kids":[],
"uid":"2920648132",
"parent":"",
"text":"",
"mid":"zu9SrdSGt",
"date":"2013-04-28 01:59:27"
},
{
"kids":[],
"uid":"1439596380",
"parent":"",
"text":"",
"mid":"zu9SrdSE9",
"date":"2013-04-28 01:59:26"
},
{
"kids":[],
"uid":"1584001874",
"parent":"zu3tnrQba",
"text":"",
"mid":"zu9P3FVb7",
"date":"2013-04-28 01:51:07"
},
{
"kids":[],
"uid":"2809675422",
"parent":"zu4jWqPxh",
"text":"",
"mid":"zu9EjDDLO",
"date":"2013-04-28 01:24:39"
},
{
"kids":[],
"uid":"1728069035",
"parent":"zu4jWqPxh",
"text":"",
"mid":"zu9Ejm2Bu",
"date":"2013-04-28 01:24:39"
},
{
"kids":[],
"uid":"2790103080",
"parent":"",
"text":"",
"mid":"zu9cXxmoq",
"date":"2013-04-28 00:17:17"
},
{
"kids":[],
"uid":"2790029504",
"parent":"",
"text":"",
"mid":"zu9cXf0Lm",
"date":"2013-04-28 00:17:16"
},
{
"kids":[],
"uid":"yungyiukai",
"parent":"zu5v02MWU",
"text":"回复@春璟:一般要先去留样加入中华骨髓库等待配型。如果配型成功会到中华骨髓库指定的符合采集资质的医院进行采集。但因为地区的差异留样入库的方式以及捐献地点各地都有不同。要看具体的所在地而定。如果还想了解更多可以加q群126908026咨询。@春璟:捐的话需要去哪里捐~需要提前有些什么准备？",
"mid":"zu8J60Sul",
"date":"2013-04-27 23:03:42"
},
{
"kids":[],
"uid":"yungyiukai",
"parent":"zu5v02MWU",
"text":"回复@春璟:目前中华骨髓库非亲缘捐献造血干细胞。一般采用外周血采集的方式，就和捐献成分血一样。痛感也仅限于抽血和打针的痛感。可以说再痛也痛不过扎手指。@春璟:回复@A小梦女王生祝:去哪里捐的说？？？疼一下下吧。。骨刺一下子吧~~",
"mid":"zu8z3pbAZ",
"date":"2013-04-27 22:38:58"
},
{
"kids":[],
"uid":"2207386407",
"parent":"zu145akYG",
"text":"咋么退会？",
"mid":"zu8sLErrn",
"date":"2013-04-27 22:23:26"
},
{
"kids":[],
"uid":"2411388510",
"parent":"zu145akYG",
"text":"监督委员会:",
"mid":"zu8m2pPeK",
"date":"2013-04-27 22:06:53"
},
{
"kids":[],
"uid":"1842642024",
"parent":"ztYaijhmq",
"text":"滚粗 必须人人送一个",
"mid":"zu8jEmJEm",
"date":"2013-04-27 22:01:00"
},
{
"kids":[],
"uid":"2692867332",
"parent":"",
"text":"",
"mid":"zu89dfroA",
"date":"2013-04-27 21:35:17"
},
{
"kids":[],
"uid":"2267982303",
"parent":"",
"text":"去你妈P的中国红十字会！",
"mid":"zu72o1rtp",
"date":"2013-04-27 18:45:43"
},
{
"kids":[],
"uid":"2943059327",
"parent":"ztYaijhmq",
"text":"黑十字给了你多少钱啊？",
"mid":"zu7287oC5",
"date":"2013-04-27 18:45:05"
},
{
"kids":[
"zusYjskvf"
],
"uid":"ztlove0412",
"parent":"",
"text":"移植免费=L=造谣的时候动动脑子啊亲",
"mid":"zu6T6nX5W",
"date":"2013-04-27 18:22:51"
},
{
"kids":[],
"uid":"wangamin",
"parent":"zu5fq4q2L",
"text":"常石磊的高级黑？",
"mid":"zu6BgnULe",
"date":"2013-04-27 17:38:53"
},
{
"kids":[],
"uid":"206788310",
"parent":"",
"text":"",
"mid":"zu6lcxSxY",
"date":"2013-04-27 16:59:19"
},
{
"kids":[],
"uid":"aojuhtaa",
"parent":"ztYaijhmq",
"text":"",
"mid":"zu6daEnf0",
"date":"2013-04-27 16:39:31"
},
{
"kids":[],
"uid":"1662137237",
"parent":"zu5cA18tk",
"text":"",
"mid":"zu66niHr9",
"date":"2013-04-27 16:22:48"
},
{
"kids":[],
"uid":"2531738037",
"parent":"zu145akYG",
"text":"",
"mid":"zu62DnlWy",
"date":"2013-04-27 16:13:33"
},
{
"kids":[],
"uid":"xiyaxubo",
"parent":"zu145akYG",
"text":"",
"mid":"zu5Tp1nls",
"date":"2013-04-27 15:50:49"
},
{
"kids":[],
"uid":"wojiaochengshuai",
"parent":"",
"text":"",
"mid":"zu5Pm6QWf",
"date":"2013-04-27 15:40:50"
},
{
"kids":[],
"uid":"waitman840602",
"parent":"ztYaijhmq",
"text":"滚!滚!滚!滚!滚!滚!滚",
"mid":"zu5FVlazE",
"date":"2013-04-27 15:17:37"
},
{
"kids":[
"zu8J60Sul",
"zu8z3pbAZ"
],
"uid":"1137092804",
"parent":"ztYaijhmq",
"text":"好奇怎么捐骨髓~",
"mid":"zu5v02MWU",
"date":"2013-04-27 14:50:41"
},
{
"kids":[],
"uid":"1653029921",
"parent":"",
"text":"[围观]",
"mid":"zu5ucqlbd",
"date":"2013-04-27 14:48:43"
},
{
"kids":[
"zuO5K74UA"
],
"uid":"2064652655",
"parent":"",
"text":"造谣者安的什么心啊！！！小心遭雷劈！变态来的………",
"mid":"zu5obeqde",
"date":"2013-04-27 14:33:55"
},
{
"kids":[],
"uid":"1683115341",
"parent":"",
"text":"",
"mid":"zu5o6bBva",
"date":"2013-04-27 14:33:42"
},
{
"kids":[],
"uid":"chrislee310",
"parent":"",
"text":"",
"mid":"zu5mE34kM",
"date":"2013-04-27 14:30:06"
},
{
"kids":[],
"uid":"1593775310",
"parent":"",
"text":"",
"mid":"zu5lu0JTN",
"date":"2013-04-27 14:27:15"
},
{
"kids":[],
"uid":"2785708054",
"parent":"",
"text":"远离中国红会~",
"mid":"zu5iL1auy",
"date":"2013-04-27 14:20:33"
},
{
"kids":[],
"uid":"1679415582",
"parent":"zu57sCNiu",
"text":"滚！",
"mid":"zu5gqtkC4",
"date":"2013-04-27 14:14:48"
},
{
"kids":[
"zu6BgnULe"
],
"uid":"chrissie",
"parent":"zu54l3LZv",
"text":"",
"mid":"zu5fq4q2L",
"date":"2013-04-27 14:12:18"
},
{
"kids":[
"zu66niHr9"
],
"uid":"1173257867",
"parent":"",
"text":"",
"mid":"zu5cA18tk",
"date":"2013-04-27 14:05:19"
},
{
"kids":[],
"uid":"3189723315",
"parent":"zu3UgBrY0",
"text":"以讹传讹，现在怎么那么多不知道的人瞎说",
"mid":"zu5c44X4B",
"date":"2013-04-27 14:04:03"
},
{
"kids":[],
"uid":"2473158725",
"parent":"",
"text":"",
"mid":"zu5bHjAcr",
"date":"2013-04-27 14:03:09"
},
{
"kids":[],
"uid":"kainekaine",
"parent":"zu3XDy0Wd",
"text":"右边真理",
"mid":"zu57Bauec",
"date":"2013-04-27 13:53:03"
},
{
"kids":[
"zu5gqtkC4"
],
"uid":"archsatan",
"parent":"ztYaijhmq",
"text":"滚！",
"mid":"zu57sCNiu",
"date":"2013-04-27 13:52:43"
},
{
"kids":[],
"uid":"1607825935",
"parent":"",
"text":"",
"mid":"zu54A80VN",
"date":"2013-04-27 13:45:37"
},
{
"kids":[
"zu5fq4q2L"
],
"uid":"1308259871",
"parent":"",
"text":"",
"mid":"zu54l3LZv",
"date":"2013-04-27 13:45:01"
},
{
"kids":[],
"uid":"1849021233",
"parent":"zu50Tq4gM",
"text":"",
"mid":"zu52K5Nlh",
"date":"2013-04-27 13:41:04"
},
{
"kids":[],
"uid":"1262440672",
"parent":"",
"text":"造谣可怕",
"mid":"zu52v0NR6",
"date":"2013-04-27 13:40:30"
},
{
"kids":[
"zu52K5Nlh"
],
"uid":"lyrastar",
"parent":"zu4ro3obx",
"text":"",
"mid":"zu50Tq4gM",
"date":"2013-04-27 13:36:33"
},
{
"kids":[],
"uid":"2697322774",
"parent":"zu3YCrCUC",
"text":"为什么民间的从查询到移植都是真正免费？",
"mid":"zu4YiEH6J",
"date":"2013-04-27 13:30:10"
},
{
"kids":[],
"uid":"1919753875",
"parent":"zu49QzaM3",
"text":"飘过~",
"mid":"zu4Y1zCgw",
"date":"2013-04-27 13:29:29"
},
{
"kids":[],
"uid":"531034559",
"parent":"",
"text":"造谣事件真是多呀！",
"mid":"zu4Y0mhxG",
"date":"2013-04-27 13:29:27"
},
{
"kids":[],
"uid":"kerry103",
"parent":"zu4RFotVZ",
"text":"",
"mid":"zu4U0ccnR",
"date":"2013-04-27 13:19:33"
},
{
"kids":[],
"uid":"langxiaoxiao",
"parent":"zu4Li2iz5",
"text":"",
"mid":"zu4TM18QP",
"date":"2013-04-27 13:19:01"
},
{
"kids":[],
"uid":"chrisleeliyuchun310",
"parent":"zu4Li2iz5",
"text":"[怒]",
"mid":"zu4Tt4AiS",
"date":"2013-04-27 13:18:15"
},
{
"kids":[],
"uid":"nervcn",
"parent":"",
"text":"回复@崇虫飞飞: [lxhx转头]晒出单据来，看 @中国红十字会总会 如何回答。",
"mid":"zu4Tipd60",
"date":"2013-04-27 13:17:50"
},
{
"kids":[],
"uid":"1647296310",
"parent":"",
"text":"一:啧",
"mid":"zu4Stk8mN",
"date":"2013-04-27 13:15:48"
},
{
"kids":[],
"uid":"2537381490",
"parent":"zu145akYG",
"text":"公布中国红十字会社会监督委员会委员名单，并公开其组成程序和选举过程，如果没有公开何以来独立！！！！！",
"mid":"zu4S05RPw",
"date":"2013-04-27 13:14:36"
},
{
"kids":[],
"uid":"tjgfpp",
"parent":"zu145akYG",
"text":"在哪里",
"mid":"zu4RH8Pf0",
"date":"2013-04-27 13:13:53"
},
{
"kids":[
"zu4U0ccnR"
],
"uid":"baobeieranna",
"parent":"",
"text":"打脸！",
"mid":"zu4RFotVZ",
"date":"2013-04-27 13:13:49"
},
{
"kids":[],
"uid":"1273025340",
"parent":"",
"text":"/@筱南:",
"mid":"zu4Ram1vc",
"date":"2013-04-27 13:12:35"
},
{
"kids":[],
"uid":"207703012",
"parent":"",
"text":"",
"mid":"zu4QKjuOd",
"date":"2013-04-27 13:11:32"
},
{
"kids":[],
"uid":"dycdyh",
"parent":"",
"text":"造谣无耻",
"mid":"zu4PgrVmR",
"date":"2013-04-27 13:07:54"
},
{
"kids":[],
"uid":"3270037270",
"parent":"zu3UgBrY0",
"text":"",
"mid":"zu4OwCAI8",
"date":"2013-04-27 13:06:04"
},
{
"kids":[],
"uid":"1924007007",
"parent":"zu4ayEUEL",
"text":"",
"mid":"zu4NEgfSe",
"date":"2013-04-27 13:03:54"
},
{
"kids":[],
"uid":"1837991854",
"parent":"",
"text":"",
"mid":"zu4Nv5Tfh",
"date":"2013-04-27 13:03:32"
},
{
"kids":[],
"uid":"motata8154",
"parent":"zu145akYG",
"text":"",
"mid":"zu4MghM68",
"date":"2013-04-27 13:00:29"
},
{
"kids":[],
"uid":"1655728261",
"parent":"zu4Li2iz5",
"text":"",
"mid":"zu4M3gmXQ",
"date":"2013-04-27 12:59:58"
},
{
"kids":[],
"uid":"1256739704",
"parent":"",
"text":"啧",
"mid":"zu4M00F1t",
"date":"2013-04-27 12:59:52"
},
{
"kids":[],
"uid":"u227083749",
"parent":"",
"text":"",
"mid":"zu4LMswy3",
"date":"2013-04-27 12:59:17"
},
{
"kids":[
"zu4TM18QP",
"zu4Tt4AiS",
"zu4M3gmXQ"
],
"uid":"nanbase",
"parent":"",
"text":"",
"mid":"zu4Li2iz5",
"date":"2013-04-27 12:58:06"
},
{
"kids":[],
"uid":"gydg",
"parent":"",
"text":"你是捐？",
"mid":"zu4Jb7i0J",
"date":"2013-04-27 12:52:54"
},
{
"kids":[
"zv6bkeH5N",
"zv6bkeH46"
],
"uid":"2599516002",
"parent":"zu3UgBrY0",
"text":"2万元，尼玛也太贵了吧",
"mid":"zu4ILn5HX",
"date":"2013-04-27 12:51:53"
},
{
"kids":[],
"uid":"1879148342",
"parent":"zu49QzaM3",
"text":"",
"mid":"zu4HN5jLj",
"date":"2013-04-27 12:49:29"
},
{
"kids":[],
"uid":"hwazoe",
"parent":"ztYaijhmq",
"text":"刚看第一行以为在澄清质疑，以为真是全免费。结果要代收2万元，所以多退少补谁来监督。一个国际名声的组织，却因为郭美美让你们脸面全无，居然还在叫嚣着是代收，你们的信誉度已经降至最低，最好少干被人戳脊梁骨的事。郭美美这两天在叫嚣着要揭你们底，我真后悔5年前汶川地震把钱捐到你们那儿。",
"mid":"zu4HgyH7u",
"date":"2013-04-27 12:48:12"
},
{
"kids":[],
"uid":"2537381490",
"parent":"zu145akYG",
"text":"公布中国红十字会社会监督委员会委员名单，并公开其组成程序和选举过程，如果没有公开何以来独立！！！！！",
"mid":"zu4FWs2Oo",
"date":"2013-04-27 12:44:55"
},
{
"kids":[],
"uid":"dantongjj",
"parent":"zu49QzaM3",
"text":"",
"mid":"zu4AxFziV",
"date":"2013-04-27 12:31:38"
},
{
"kids":[],
"uid":"amoss",
"parent":"zu4tXgYoh",
"text":"网上的真真假假已经让人麻木了",
"mid":"zu4AgcE6I",
"date":"2013-04-27 12:30:55"
},
{
"kids":[],
"uid":"bobonaiping",
"parent":"zu4ywDvWS",
"text":"",
"mid":"zu4z8uVB9",
"date":"2013-04-27 12:28:09"
},
{
"kids":[
"zu4z8uVB9"
],
"uid":"anselyeung",
"parent":"zu4xN9cpN",
"text":"笑死了！！！",
"mid":"zu4ywDvWS",
"date":"2013-04-27 12:26:40"
},
{
"kids":[
"zu4ywDvWS"
],
"uid":"davefunlife",
"parent":"zu4wOycPX",
"text":"哈哈笑死了。[弱]",
"mid":"zu4xN9cpN",
"date":"2013-04-27 12:24:50"
},
{
"kids":[
"zu4xN9cpN"
],
"uid":"xiaowujimmy",
"parent":"zu498jdiv",
"text":"代收？代收？",
"mid":"zu4wOycPX",
"date":"2013-04-27 12:22:27"
},
{
"kids":[],
"uid":"2608253531",
"parent":"",
"text":"",
"mid":"zu4w5luqi",
"date":"2013-04-27 12:20:37"
},
{
"kids":[],
"uid":"2608253531",
"parent":"",
"text":"",
"mid":"zu4vF4nm2",
"date":"2013-04-27 12:19:35"
},
{
"kids":[],
"uid":"joyfulxp",
"parent":"zu49QzaM3",
"text":"",
"mid":"zu4vea22F",
"date":"2013-04-27 12:18:32"
},
{
"kids":[
"zu4AgcE6I"
],
"uid":"1705198683",
"parent":"zu4nw4Ldx",
"text":"造谣的傻逼真让人烦心",
"mid":"zu4tXgYoh",
"date":"2013-04-27 12:15:23"
},
{
"kids":[],
"uid":"208353556",
"parent":"zu4m6jJ21",
"text":"辟谣",
"mid":"zu4sbCIas",
"date":"2013-04-27 12:11:02"
},
{
"kids":[],
"uid":"2483500104",
"parent":"ztYaijhmq",
"text":"滚粗吧，终有一日，挫骨扬灰！",
"mid":"zu4rJBxP2",
"date":"2013-04-27 12:09:55"
},
{
"kids":[
"zu50Tq4gM"
],
"uid":"1763013402",
"parent":"zu4qknQ8p",
"text":"",
"mid":"zu4ro3obx",
"date":"2013-04-27 12:09:04"
},
{
"kids":[],
"uid":"3173079312",
"parent":"zu49QzaM3",
"text":"",
"mid":"zu4rce2OU",
"date":"2013-04-27 12:08:35"
},
{
"kids":[
"zu4ro3obx"
],
"uid":"1641484772",
"parent":"zu4m6jJ21",
"text":"",
"mid":"zu4qknQ8p",
"date":"2013-04-27 12:06:26"
},
{
"kids":[
"zu4tXgYoh"
],
"uid":"youkyan",
"parent":"zu4m6jJ21",
"text":"@小草绿油亮: 辟谣@中国红十字会总会:中华骨髓库检索是免费的，500元是每份入库血样的HLA分型检测费，目前由财政承担。5万元子虚乌有！由于供患不见面的国际原则，我们代收患者2万元作为捐献者的交通、采集等费用，多退少补，骨髓库从未留取过任何费用。中华骨髓库5月8日上午举办开放日，欢迎现场咨询",
"mid":"zu4nw4Ldx",
"date":"2013-04-27 11:59:31"
},
{
"kids":[],
"uid":"shanyulove",
"parent":"zu4m6jJ21",
"text":"",
"mid":"zu4nqa6yY",
"date":"2013-04-27 11:59:18"
},
{
"kids":[],
"uid":"1748662501",
"parent":"zu49QzaM3",
"text":"",
"mid":"zu4n6m3Bw",
"date":"2013-04-27 11:58:31"
},
{
"kids":[],
"uid":"1771021407",
"parent":"zu4hV97Bj",
"text":"",
"mid":"zu4mZzI2j",
"date":"2013-04-27 11:58:14"
},
{
"kids":[
"zu4sbCIas",
"zu4qknQ8p",
"zu4nw4Ldx",
"zu4nqa6yY"
],
"uid":"641132111",
"parent":"zu498jdiv",
"text":"辟谣",
"mid":"zu4m6jJ21",
"date":"2013-04-27 11:56:01"
},
{
"kids":[],
"uid":"1649615521",
"parent":"zu4hV97Bj",
"text":"",
"mid":"zu4kC7OYo",
"date":"2013-04-27 11:52:22"
},
{
"kids":[],
"uid":"2238903661",
"parent":"zu2ut5vOS",
"text":"",
"mid":"zu4kh87G9",
"date":"2013-04-27 11:51:33"
},
{
"kids":[
"zwbsD58Oo",
"zw3UTdxM8",
"zw3USkiOv",
"zvdsX5vx2",
"zvbPE5rjP",
"zvbPDvl6Q",
"zukg1g86w",
"zu9EjDDLO",
"zu9Ejm2Bu"
],
"uid":"3203229803",
"parent":"",
"text":"",
"mid":"zu4jWqPxh",
"date":"2013-04-27 11:50:44"
},
{
"kids":[],
"uid":"1920896324",
"parent":"zu49QzaM3",
"text":"转",
"mid":"zu4jtbB5G",
"date":"2013-04-27 11:49:32"
},
{
"kids":[],
"uid":"1944074124",
"parent":"zu49QzaM3",
"text":"",
"mid":"zu4jovsZh",
"date":"2013-04-27 11:49:23"
},
{
"kids":[],
"uid":"1708218331",
"parent":"zu4hV97Bj",
"text":"博主自己傻逼不算，还要把自己偶像挂墙头……",
"mid":"zu4jcDhuT",
"date":"2013-04-27 11:48:55"
},
{
"kids":[],
"uid":"1671086224",
"parent":"zu49QzaM3",
"text":"",
"mid":"zu4irlG5J",
"date":"2013-04-27 11:47:02"
},
{
"kids":[
"zu4mZzI2j",
"zu4kC7OYo",
"zu4jcDhuT"
],
"uid":"8008107080v5",
"parent":"zu498jdiv",
"text":"",
"mid":"zu4hV97Bj",
"date":"2013-04-27 11:45:45"
},
{
"kids":[],
"uid":"1836621005",
"parent":"",
"text":"中国让太监给毁了",
"mid":"zu4gKujZC",
"date":"2013-04-27 11:42:52"
},
{
"kids":[],
"uid":"1421739463",
"parent":"zu4d17coE",
"text":"看打脸",
"mid":"zu4eX4Odn",
"date":"2013-04-27 11:38:25"
},
{
"kids":[],
"uid":"hhxf",
"parent":"zu49QzaM3",
"text":"滚！",
"mid":"zu4eebo19",
"date":"2013-04-27 11:36:39"
},
{
"kids":[],
"uid":"2158822441",
"parent":"zu49QzaM3",
"text":"",
"mid":"zu4dde6Qb",
"date":"2013-04-27 11:34:08"
},
{
"kids":[
"zu4eX4Odn"
],
"uid":"slomyr",
"parent":"zu49QzaM3",
"text":"为塔而转",
"mid":"zu4d17coE",
"date":"2013-04-27 11:33:40"
},
{
"kids":[],
"uid":"2750104081",
"parent":"zu49QzaM3",
"text":"",
"mid":"zu4cfvxqL",
"date":"2013-04-27 11:31:45"
},
{
"kids":[],
"uid":"wuya007",
"parent":"zu145akYG",
"text":"咨询你妈逼",
"mid":"zu4bhhvcJ",
"date":"2013-04-27 11:29:21"
},
{
"kids":[],
"uid":"1806712494",
"parent":"zu489rsWn",
"text":"",
"mid":"zu4b61IuH",
"date":"2013-04-27 11:28:56"
},
{
"kids":[],
"uid":"1318287395",
"parent":"zu49QzaM3",
"text":"",
"mid":"zu4aQ3qa5",
"date":"2013-04-27 11:28:17"
},
{
"kids":[],
"uid":"flowergrower",
"parent":"zu49QzaM3",
"text":"现身说法",
"mid":"zu4aBgMsh",
"date":"2013-04-27 11:27:41"
},
{
"kids":[
"zu4NEgfSe"
],
"uid":"fenixtb",
"parent":"zu49QzaM3",
"text":"",
"mid":"zu4ayEUEL",
"date":"2013-04-27 11:27:36"
},
{
"kids":[],
"uid":"2098307322",
"parent":"zu49QzaM3",
"text":"",
"mid":"zu4avmWoS",
"date":"2013-04-27 11:27:29"
},
{
"kids":[
"zunneux4k",
"zu4Y1zCgw",
"zu4HN5jLj",
"zu4AxFziV",
"zu4vea22F",
"zu4rce2OU",
"zu4n6m3Bw",
"zu4jtbB5G",
"zu4jovsZh",
"zu4irlG5J",
"zu4eebo19",
"zu4dde6Qb",
"zu4d17coE",
"zu4cfvxqL",
"zu4aQ3qa5",
"zu4aBgMsh",
"zu4ayEUEL",
"zu4avmWoS"
],
"uid":"1445912835",
"parent":"",
"text":"这是塔1塔2的编辑",
"mid":"zu49QzaM3",
"date":"2013-04-27 11:25:51"
},
{
"kids":[
"zu4wOycPX",
"zu4m6jJ21",
"zu4hV97Bj"
],
"uid":"spflyboy",
"parent":"zu145akYG",
"text":"",
"mid":"zu498jdiv",
"date":"2013-04-27 11:24:06"
},
{
"kids":[
"zu4b61IuH"
],
"uid":"1978285044",
"parent":"zu47QcAzz",
"text":"",
"mid":"zu489rsWn",
"date":"2013-04-27 11:21:40"
},
{
"kids":[
"zu489rsWn"
],
"uid":"wooow",
"parent":"zu3UgBrY0",
"text":"",
"mid":"zu47QcAzz",
"date":"2013-04-27 11:20:56"
},
{
"kids":[],
"uid":"2178715880",
"parent":"ztYaijhmq",
"text":"呵呵",
"mid":"zu46L7IDy",
"date":"2013-04-27 11:18:15"
},
{
"kids":[],
"uid":"2278442081",
"parent":"zu3UI6Ekh",
"text":"@中国红十字会总会 去你妹的，给我GMM的种子",
"mid":"zu41jF4hU",
"date":"2013-04-27 11:04:50"
},
{
"kids":[],
"uid":"2546050421",
"parent":"zu3UgBrY0",
"text":"",
"mid":"zu40my7E2",
"date":"2013-04-27 11:02:29"
},
{
"kids":[],
"uid":"2286641611",
"parent":"zu3UgBrY0",
"text":"想起了狼来了的故事~",
"mid":"zu40e0b77",
"date":"2013-04-27 11:02:09"
},
{
"kids":[],
"uid":"2945515233",
"parent":"",
"text":"",
"mid":"zu3Z8ExGE",
"date":"2013-04-27 10:59:29"
},
{
"kids":[
"zu4YiEH6J"
],
"uid":"1133051771",
"parent":"zu3UgBrY0",
"text":"",
"mid":"zu3YCrCUC",
"date":"2013-04-27 10:58:11"
},
{
"kids":[
"zu57Bauec"
],
"uid":"jlnnchild",
"parent":"zu3UgBrY0",
"text":"红会说什么大家都不会相信的",
"mid":"zu3XDy0Wd",
"date":"2013-04-27 10:55:47"
},
{
"kids":[],
"uid":"2940332775",
"parent":"zu3UgBrY0",
"text":"[偷笑]信谁？",
"mid":"zu3XbsN02",
"date":"2013-04-27 10:54:39"
},
{
"kids":[],
"uid":"1337343052",
"parent":"zu3UgBrY0",
"text":"",
"mid":"zu3X73Qwb",
"date":"2013-04-27 10:54:29"
},
{
"kids":[
"zuBZB879H",
"zuBZB874U",
"zuaQk5cIh",
"zuaQk3NOM"
],
"uid":"3174946130",
"parent":"zu3UgBrY0",
"text":"",
"mid":"zu3Wj6u1V",
"date":"2013-04-27 10:52:29"
},
{
"kids":[],
"uid":"574990034",
"parent":"zu3UgBrY0",
"text":"",
"mid":"zu3VNwI8S",
"date":"2013-04-27 10:51:14"
},
{
"kids":[],
"uid":"1699545940",
"parent":"zu3UgBrY0",
"text":"[话筒]",
"mid":"zu3Vuhx8e",
"date":"2013-04-27 10:50:29"
},
{
"kids":[
"zu41jF4hU"
],
"uid":"cccswb",
"parent":"zu3UgBrY0",
"text":"",
"mid":"zu3UI6Ekh",
"date":"2013-04-27 10:48:34"
},
{
"kids":[],
"uid":"shmdc",
"parent":"ztYaijhmq",
"text":"官方解释！",
"mid":"zu3Uq54Of",
"date":"2013-04-27 10:47:49"
},
{
"kids":[
"zu5c44X4B",
"zu4OwCAI8",
"zu4ILn5HX",
"zu47QcAzz",
"zu40my7E2",
"zu40e0b77",
"zu3YCrCUC",
"zu3XDy0Wd",
"zu3XbsN02",
"zu3X73Qwb",
"zu3Wj6u1V",
"zu3VNwI8S",
"zu3Vuhx8e",
"zu3UI6Ekh"
],
"uid":"beijingwanbao",
"parent":"zu145akYG",
"text":"",
"mid":"zu3UgBrY0",
"date":"2013-04-27 10:47:27"
},
{
"kids":[],
"uid":"wwwwwwoooonnnkkkkka",
"parent":"ztYaijhmq",
"text":"如果不是真的收黑心钱 民间骨髓库 从何而来",
"mid":"zu3KcyR6i",
"date":"2013-04-27 10:22:40"
},
{
"kids":[],
"uid":"1993857661",
"parent":"ztYaijhmq",
"text":"",
"mid":"zu3HL1fKk",
"date":"2013-04-27 10:16:38"
},
{
"kids":[],
"uid":"2770677221",
"parent":"zu3zuhIho",
"text":"[吃惊]",
"mid":"zu3AC1cwS",
"date":"2013-04-27 09:59:03"
},
{
"kids":[
"zu3AC1cwS"
],
"uid":"lorrywolf",
"parent":"zu2ut5vOS",
"text":"",
"mid":"zu3zuhIho",
"date":"2013-04-27 09:56:17"
},
{
"kids":[],
"uid":"2144727430",
"parent":"",
"text":"",
"mid":"zu3tPh6Td",
"date":"2013-04-27 09:42:20"
},
{
"kids":[
"zv627EffP",
"zuWo9rVyl",
"zuWo9akoZ",
"zu9P3FVb7"
],
"uid":"3099592651",
"parent":"",
"text":"",
"mid":"zu3tnrQba",
"date":"2013-04-27 09:41:14"
},
{
"kids":[],
"uid":"nanzixiaoche",
"parent":"zu145akYG",
"text":"去看看@王灰407 /@中国红十字会总会:中华骨髓库检索是免费的，500元是每份入库血样的HLA分型检测费，目前由财政承担。5万元子虚乌有！由于供患不见面的国际原则，我们代收患者2万元作为捐献者的交通、采集等费用，多退少补，骨髓库从未留取过任何费用。中华骨髓库5月8日上午举办开放日，欢迎现场咨询。",
"mid":"zu3i0qpXD",
"date":"2013-04-27 09:13:12"
},
{
"kids":[],
"uid":"2725232531",
"parent":"",
"text":"我的天！",
"mid":"zu3fPnu9E",
"date":"2013-04-27 09:07:51"
},
{
"kids":[],
"uid":"belialbb",
"parent":"",
"text":"你们不用解释 因为没有人会信",
"mid":"zu383q0co",
"date":"2013-04-27 08:48:41"
},
{
"kids":[],
"uid":"10170523",
"parent":"zu145akYG",
"text":"",
"mid":"zu37FuGJx",
"date":"2013-04-27 08:47:45"
},
{
"kids":[],
"uid":"2237629597",
"parent":"",
"text":"不就是换个说法吗",
"mid":"zu338eB1N",
"date":"2013-04-27 08:36:33"
},
{
"kids":[],
"uid":"ff1991",
"parent":"zu145akYG",
"text":"@中国红十字会总会:中华骨髓库检索是免费的，500元是每份入库血样的HLA分型检测费，目前由财政承担。5万元子虚乌有！由于供患不见面的国际原则，我们代收患者2万元作为捐献者的交通、采集等费用，多退少补，骨髓库从未留取过任何费用。中华骨髓库5月8日上午举办开放日，欢迎现场咨询。",
"mid":"zu300DHbC",
"date":"2013-04-27 08:28:53"
},
{
"kids":[],
"uid":"2707587817",
"parent":"",
"text":"献血是免费的，用血是有偿的",
"mid":"zu2YPFa9G",
"date":"2013-04-27 08:25:59"
},
{
"kids":[],
"uid":"1297392453",
"parent":"zu145akYG",
"text":"之前小蚂蚁事情，好像也是这样的。也是说找到骨髓还要给几万十万才能移植。[躁狂症]",
"mid":"zu2WvurP1",
"date":"2013-04-27 08:20:15"
},
{
"kids":[],
"uid":"jnblood",
"parent":"zu145akYG",
"text":"[话筒][心]",
"mid":"zu2VtktGU",
"date":"2013-04-27 08:17:42"
},
{
"kids":[],
"uid":"2173020371",
"parent":"zu2ut5vOS",
"text":"",
"mid":"zu2OGhQ0k",
"date":"2013-04-27 08:00:58"
},
{
"kids":[],
"uid":"2373431637",
"parent":"zu2ut5vOS",
"text":"",
"mid":"zu2N8vnb4",
"date":"2013-04-27 07:57:11"
},
{
"kids":[],
"uid":"1747087497",
"parent":"zu2ut5vOS",
"text":"",
"mid":"zu2Fcdy0F",
"date":"2013-04-27 07:37:35"
},
{
"kids":[],
"uid":"1038914175",
"parent":"zu145akYG",
"text":"",
"mid":"zu2A889To",
"date":"2013-04-27 07:25:06"
},
{
"kids":[],
"uid":"1275572825",
"parent":"zu2ut5vOS",
"text":"",
"mid":"zu2yQ4kUk",
"date":"2013-04-27 07:21:55"
},
{
"kids":[],
"uid":"272800992",
"parent":"",
"text":"",
"mid":"zu2yhrBqc",
"date":"2013-04-27 07:20:33"
},
{
"kids":[],
"uid":"2152081947",
"parent":"",
"text":"@中国红十字会总会:中华骨髓库检索是免费的，500元是每份入库血样的HLA分型检测费，目前由财政承担。5万元子虚乌有！由于供患不见面的国际原则，我们代收患者2万元作为捐献者的交通、采集等费用，多退少补，骨髓库从未留取过任何费用。中华骨髓库5月",
"mid":"zu2y8AJez",
"date":"2013-04-27 07:20:13"
},
{
"kids":[],
"uid":"2288337534",
"parent":"",
"text":"",
"mid":"zu2xGyroP",
"date":"2013-04-27 07:19:06"
},
{
"kids":[],
"uid":"2011421914",
"parent":"",
"text":"谣言止于透明，红会运营不透明才是根源",
"mid":"zu2wjr1LU",
"date":"2013-04-27 07:15:43"
},
{
"kids":[],
"uid":"3128296113",
"parent":"zu2ut5vOS",
"text":"",
"mid":"zu2vU3t2p",
"date":"2013-04-27 07:14:41"
},
{
"kids":[
"zu4kh87G9",
"zu3zuhIho",
"zu2OGhQ0k",
"zu2N8vnb4",
"zu2Fcdy0F",
"zu2yQ4kUk",
"zu2vU3t2p"
],
"uid":"2122602207",
"parent":"",
"text":"",
"mid":"zu2ut5vOS",
"date":"2013-04-27 07:11:10"
},
{
"kids":[],
"uid":"1975783361",
"parent":"zu145akYG",
"text":"呃。。当时感觉很光荣来着[怒][怒]",
"mid":"zu2iF8CzY",
"date":"2013-04-27 06:42:05"
},
{
"kids":[],
"uid":"2153236603",
"parent":"zu145akYG",
"text":"不要无端诽谤！处处和政府形成对立面很能彰显这些人的品味吗？",
"mid":"zu2i33uEe",
"date":"2013-04-27 06:40:34"
},
{
"kids":[],
"uid":"2073344160",
"parent":"zu145akYG",
"text":"",
"mid":"zu292eAsZ",
"date":"2013-04-27 06:18:21"
},
{
"kids":[],
"uid":"YanTaiScouting",
"parent":"ztZD8sctJ",
"text":"",
"mid":"zu26n6Icx",
"date":"2013-04-27 06:11:48"
},
{
"kids":[],
"uid":"xueshan1970",
"parent":"zu145akYG",
"text":"由财政承担的500元为什么还要收",
"mid":"zu22RipNP",
"date":"2013-04-27 06:03:08"
},
{
"kids":[],
"uid":"1978005987",
"parent":"zu145akYG",
"text":"",
"mid":"zu1V6haf3",
"date":"2013-04-27 05:44:01"
},
{
"kids":[],
"uid":"guseasun",
"parent":"zu145akYG",
"text":"",
"mid":"zu1SffS0M",
"date":"2013-04-27 05:37:00"
},
{
"kids":[],
"uid":"1802486783",
"parent":"zu145akYG",
"text":"",
"mid":"zu1Pgyu2g",
"date":"2013-04-27 05:29:39"
},
{
"kids":[],
"uid":"chinaconsulting",
"parent":"zu145akYG",
"text":"/@中国红十字会总会:中华骨髓库检索是免费的，500元是每份入库血样的HLA分型检测费，目前由财政承担。5万元子虚乌有！由于供患不见面的国际原则，我们代收患者2万元作为捐献者的交通、采集等费用，多退少补，骨髓库从未留取过任何费用。中华骨髓库5月8日上午举办开放日，欢迎现场咨询。",
"mid":"zu1pQqUX6",
"date":"2013-04-27 04:27:01"
},
{
"kids":[],
"uid":"3163506094",
"parent":"zu145akYG",
"text":"又是个巨大黑幕，红十字监督委员会必须彻查！",
"mid":"zu1kvc0HT",
"date":"2013-04-27 04:13:51"
},
{
"kids":[],
"uid":"531156765",
"parent":"zu145akYG",
"text":"回复@昨天的混沌:[思考]难道逼捐和红会没关系？",
"mid":"zu1i1bCIw",
"date":"2013-04-27 04:07:45"
},
{
"kids":[],
"uid":"wsl0203",
"parent":"zu145akYG",
"text":"[熊猫]",
"mid":"zu1c51Htq",
"date":"2013-04-27 03:53:07"
},
{
"kids":[],
"uid":"531156765",
"parent":"zu145akYG",
"text":"[汗]天津教师扣工资捐款也是子虚乌有了？不要脸！滚~",
"mid":"zu18IqbQ5",
"date":"2013-04-27 03:44:49"
},
{
"kids":[],
"uid":"537593458",
"parent":"",
"text":"",
"mid":"zu16DggwY",
"date":"2013-04-27 03:39:42"
},
{
"kids":[],
"uid":"1712563855",
"parent":"zu145akYG",
"text":"红十字会这样要脸吗？澄清有用吗？@中国红十字会总会:中华骨髓库检索是免费的，500元是每份入库血样的HLA分型检测费，目前由财政承担。5万元子虚乌有！由于供患不见面的国际原则，我们代收患者2万元作为捐献者的交通、采集等费用，多退少补，骨髓库从未留取过任何费用。中华骨髓库",
"mid":"zu15s0upS",
"date":"2013-04-27 03:36:47"
},
{
"kids":[
"zuhzcsB4F",
"zu8sLErrn",
"zu8m2pPeK",
"zu62DnlWy",
"zu5Tp1nls",
"zu4S05RPw",
"zu4RH8Pf0",
"zu4MghM68",
"zu4FWs2Oo",
"zu4bhhvcJ",
"zu498jdiv",
"zu3UgBrY0",
"zu3i0qpXD",
"zu37FuGJx",
"zu300DHbC",
"zu2WvurP1",
"zu2VtktGU",
"zu2A889To",
"zu2iF8CzY",
"zu2i33uEe",
"zu292eAsZ",
"zu22RipNP",
"zu1V6haf3",
"zu1SffS0M",
"zu1Pgyu2g",
"zu1pQqUX6",
"zu1kvc0HT",
"zu1i1bCIw",
"zu1c51Htq",
"zu18IqbQ5",
"zu15s0upS"
],
"uid":"3207217613",
"parent":"ztYaijhmq",
"text":"",
"mid":"zu145akYG",
"date":"2013-04-27 03:33:25"
},
{
"kids":[],
"uid":"liuqingxiao",
"parent":"ztYaijhmq",
"text":"那么多患者花钱买着志愿者义务献的血，这他妈钱哪去了？多少龌龊事，何必解释？呵呵。",
"mid":"zu0AbgZin",
"date":"2013-04-27 02:19:45"
},
{
"kids":[],
"uid":"2970353064",
"parent":"ztZD8sctJ",
"text":"",
"mid":"zu05nxi09",
"date":"2013-04-27 01:03:52"
},
{
"kids":[],
"uid":"2214260357",
"parent":"ztYaijhmq",
"text":"",
"mid":"ztZSAqYi9",
"date":"2013-04-27 00:32:20"
},
{
"kids":[],
"uid":"shiyezi",
"parent":"",
"text":"回复@梁之_25597:[围观]",
"mid":"ztZKbrcEw",
"date":"2013-04-27 00:11:38"
},
{
"kids":[],
"uid":"2648799313",
"parent":"ztYb3C1Ec",
"text":"红会早晚会被时代所冲洗掉的，说白了就是被后浪拍死在沙滩上！[哈哈][哈哈][哈哈]",
"mid":"ztZJL9fw3",
"date":"2013-04-27 00:10:36"
},
{
"kids":[],
"uid":"1734756815",
"parent":"ztZD8sctJ",
"text":"[可怜]无言[吃惊]",
"mid":"ztZItEnGJ",
"date":"2013-04-27 00:07:27"
},
{
"kids":[],
"uid":"1897168311",
"parent":"ztYaijhmq",
"text":"你好好的fuck你们的，关人人干嘛？",
"mid":"ztZGLj4Rn",
"date":"2013-04-27 00:03:13"
},
{
"kids":[
"zunMiwhO9",
"zu26n6Icx",
"zu05nxi09",
"ztZItEnGJ"
],
"uid":"527012198",
"parent":"",
"text":"红十字会也是免费咨询的！而且公开送货上门的！他们为人民服务是无偿的！",
"mid":"ztZD8sctJ",
"date":"2013-04-26 23:54:14"
},
{
"kids":[],
"uid":"1566882040",
"parent":"ztYaijhmq",
"text":"笑了，你们说是给捐献者，我们怎么知道，垃圾，谎话说完一个又一个。",
"mid":"ztZtrFz5A",
"date":"2013-04-26 23:30:25"
},
{
"kids":[],
"uid":"queenue",
"parent":"ztYaijhmq",
"text":"尼玛的！这还不是一样他吗的要收钱吗？",
"mid":"ztZsr47rP",
"date":"2013-04-26 23:27:55"
},
{
"kids":[],
"uid":"2209014467",
"parent":"ztYaijhmq",
"text":"",
"mid":"ztZqkqXzY",
"date":"2013-04-26 23:22:45"
},
{
"kids":[],
"uid":"ericam",
"parent":"ztYaijhmq",
"text":"",
"mid":"ztZlJjkSz",
"date":"2013-04-26 23:11:23"
},
{
"kids":[],
"uid":"2393445432",
"parent":"ztYaijhmq",
"text":"",
"mid":"ztZcRnsLk",
"date":"2013-04-26 22:49:33"
},
{
"kids":[],
"uid":"amigofei",
"parent":"ztYOPdMPg",
"text":"",
"mid":"ztZ5G6TRO",
"date":"2013-04-26 22:31:48"
},
{
"kids":[],
"uid":"12986921",
"parent":"ztYObiwJg",
"text":"",
"mid":"ztYSVkSMS",
"date":"2013-04-26 22:00:26"
},
{
"kids":[],
"uid":"3245264421",
"parent":"ztYaijhmq",
"text":"回复@浅小熙也可以很可爱_:哈收藏",
"mid":"ztYRBtON9",
"date":"2013-04-26 21:57:09"
},
{
"kids":[
"ztZ5G6TRO"
],
"uid":"2587929841",
"parent":"",
"text":"",
"mid":"ztYOPdMPg",
"date":"2013-04-26 21:50:20"
},
{
"kids":[
"ztYSVkSMS"
],
"uid":"gdybrcbc",
"parent":"ztYaijhmq",
"text":"回复@张家港血站: 网络乱象。。发言不负责任。。奈何？！",
"mid":"ztYObiwJg",
"date":"2013-04-26 21:48:45"
},
{
"kids":[],
"uid":"1883986985",
"parent":"ztYFbsgBa",
"text":"怎么又是红会[衰][怒][怒][怒]",
"mid":"ztYMKlsjj",
"date":"2013-04-26 21:45:13"
},
{
"kids":[],
"uid":"xxxabei",
"parent":"ztYaijhmq",
"text":"越描越黑了,下手也黑,.叫黑会得了.",
"mid":"ztYM2EZna",
"date":"2013-04-26 21:43:29"
},
{
"kids":[],
"uid":"1802584561",
"parent":"ztYaijhmq",
"text":"@上海造血干细胞捐赠志愿者俱乐部",
"mid":"ztYG22uln",
"date":"2013-04-26 21:28:37"
},
{
"kids":[
"ztYMKlsjj"
],
"uid":"zjgxz",
"parent":"ztYaijhmq",
"text":"[汗] @北京艾冬 有人瞄上你们的。PS: 何时采供血的成本费用也都由财政来承担呢，有人会同意么[疑问] http:",
"mid":"ztYFbsgBa",
"date":"2013-04-26 21:26:33"
},
{
"kids":[],
"uid":"shiyezi",
"parent":"",
"text":"。。。",
"mid":"ztYALxulq",
"date":"2013-04-26 21:15:39"
},
{
"kids":[],
"uid":"2438340412",
"parent":"ztYaijhmq",
"text":"郭美美17.2G 管它真假 先留邮箱[偷笑]好人一生平安[做鬼脸]",
"mid":"ztYA22YdF",
"date":"2013-04-26 21:13:53"
},
{
"kids":[],
"uid":"2070978727",
"parent":"ztYaijhmq",
"text":"中华骨髓库检索是免费的，500元是每份入库血样的HLA分型检测费，目前由财政承担，骨髓库从未收取过。5万元这个数字也是子虚乌有，由于供患不见面的国际原则，我们代收患者2万元作为捐献者的交通、采集等费用，而且多退少补，骨髓库从未留取过任何费用。中华骨髓库5月8日上午举办开放日，欢迎现场咨询",
"mid":"ztYxqChlR",
"date":"2013-04-26 21:07:30"
},
{
"kids":[],
"uid":"2233093852",
"parent":"ztYaijhmq",
"text":"即便是真的清廉也不会相信了",
"mid":"ztYpfzleA",
"date":"2013-04-26 20:47:21"
},
{
"kids":[],
"uid":"2024081087",
"parent":"ztYgzuu7X",
"text":"@中国红十字总会，我再次问候你们这个组织的祖宗十八代",
"mid":"ztYmY3jq6",
"date":"2013-04-26 20:41:39"
},
{
"kids":[],
"uid":"2276498625",
"parent":"ztYaijhmq",
"text":"",
"mid":"ztYloezNl",
"date":"2013-04-26 20:37:46"
},
{
"kids":[],
"uid":"1854576385",
"parent":"ztYaijhmq",
"text":"回复@鹏鹏ones:滚！",
"mid":"ztYkK45PI",
"date":"2013-04-26 20:36:12"
},
{
"kids":[],
"uid":"2057718491",
"parent":"ztYaijhmq",
"text":"解散吧",
"mid":"ztYkv2jv5",
"date":"2013-04-26 20:35:36"
},
{
"kids":[],
"uid":"1138987434",
"parent":"ztYaijhmq",
"text":"中华骨髓库检索是免费的，500元是每份入库血样的HLA分型检测费，目前由财政承担，骨髓库从未收取过。5万元这个数字也是子虚乌有，由于供患不见面的国际原则，我们代收患者2万元作为捐献者的交通、采集等费用，而且多退少补，骨髓库从未留取过任何费用。中华骨髓库5月8日上午举办开放日，欢迎现场咨询。",
"mid":"ztYka1JJ5",
"date":"2013-04-26 20:34:46"
},
{
"kids":[],
"uid":"1344634165",
"parent":"",
"text":"造谣的话也造个像样的。",
"mid":"ztYikx9SM",
"date":"2013-04-26 20:30:17"
},
{
"kids":[],
"uid":"2965153013",
"parent":"ztYaijhmq",
"text":"真tm放屁。",
"mid":"ztYgSairu",
"date":"2013-04-26 20:26:40"
},
{
"kids":[
"ztYmY3jq6"
],
"uid":"suoliqu",
"parent":"ztYaijhmq",
"text":"我要17.2g的种子",
"mid":"ztYgzuu7X",
"date":"2013-04-26 20:25:57"
},
{
"kids":[],
"uid":"2154725313",
"parent":"ztYaijhmq",
"text":"采集和交通费2万？坐专机吗？捐者收的？还是红十字回？空穴来风'能经得起查证吗",
"mid":"ztYfLx6Nz",
"date":"2013-04-26 20:23:58"
},
{
"kids":[],
"uid":"3283311414",
"parent":"ztYaijhmq",
"text":"",
"mid":"ztYf26Pcm",
"date":"2013-04-26 20:22:10"
},
{
"kids":[],
"uid":"1959053811",
"parent":"ztYaijhmq",
"text":"我去年买了个表！滚犊子！",
"mid":"ztYesB4yv",
"date":"2013-04-26 20:20:45"
},
{
"kids":[],
"uid":"2816144890",
"parent":"ztYaijhmq",
"text":"理性对待！尊重生命。",
"mid":"ztYe8wqia",
"date":"2013-04-26 20:19:56"
},
{
"kids":[],
"uid":"1870803111",
"parent":"ztYaijhmq",
"text":"信你才怪，郭妹妹",
"mid":"ztYdTq2so",
"date":"2013-04-26 20:19:20"
},
{
"kids":[],
"uid":"2681007263",
"parent":"ztYaijhmq",
"text":"中华骨髓库检索是免费的，500元是每份入库血样的HLA分型检测费，目前由财政承担，骨髓库从未收取过。5万元这个数字也是子虚乌有，由于供患不见面的国际原则，我们代收患者2万元作为捐献者的交通、采集等费用，而且多退少补，骨髓库从未留取过任何费用。中华骨髓库5月8日上午举办开放日，欢迎现场咨询。",
"mid":"ztYdta57M",
"date":"2013-04-26 20:18:15"
},
{
"kids":[],
"uid":"30985901",
"parent":"ztYaijhmq",
"text":"我相信",
"mid":"ztYdc1G8I",
"date":"2013-04-26 20:17:35"
},
{
"kids":[],
"uid":"1894089780",
"parent":"ztYaijhmq",
"text":"这就是我一直不喜欢新阳光慈善基金会的原因。骨髓库我觉得应该是合作的，就算中华骨髓库有不合理的地方，可以指出，但是在这种救人的事情上诋毁转而挺自己，非常恶心。一生黑。",
"mid":"ztYd8qP5Y",
"date":"2013-04-26 20:17:27"
},
{
"kids":[],
"uid":"lhy7805",
"parent":"ztYaijhmq",
"text":"",
"mid":"ztYd44A98",
"date":"2013-04-26 20:17:18"
},
{
"kids":[],
"uid":"1457790421",
"parent":"ztYaijhmq",
"text":"好吧！就算这件事你们被冤枉了，那咱还是说说财务透明公开的事情吧！希望在这件事情上你们也能火速行动起来！！！！[嘻嘻][围观]",
"mid":"ztYcWnpgp",
"date":"2013-04-26 20:16:58"
},
{
"kids":[],
"uid":"2332960705",
"parent":"ztYaijhmq",
"text":"求17.2G的种子，你懂得",
"mid":"ztYcR4n2Z",
"date":"2013-04-26 20:16:47"
},
{
"kids":[],
"uid":"1943272053",
"parent":"ztYaijhmq",
"text":"滚蛋！",
"mid":"ztYcO71YQ",
"date":"2013-04-26 20:16:39"
},
{
"kids":[],
"uid":"1564951781",
"parent":"ztYaijhmq",
"text":"阳光骨髓库的供者不需要交通和采集费吗？为何别人民间组织能够实现全免费，而手握纳税人资金的红会却要向人民再次伸手？是国家财政状况不允许还是被某些官员将款项侵吞？",
"mid":"ztYcIrl1F",
"date":"2013-04-26 20:16:24"
},
{
"kids":[],
"uid":"bianhexiaoyuge",
"parent":"ztYaijhmq",
"text":"政府办不好，人民来搞，官方办不好，民间来搞！",
"mid":"ztYcgm6P9",
"date":"2013-04-26 20:15:17"
},
{
"kids":[],
"uid":"1720426894",
"parent":"ztYaijhmq",
"text":"检测费体检费等由患者承担",
"mid":"ztYcelldV",
"date":"2013-04-26 20:15:13"
},
{
"kids":[],
"uid":"1277253572",
"parent":"ztYaijhmq",
"text":"供患不见面，你们好收钱？",
"mid":"ztYc7fOlG",
"date":"2013-04-26 20:14:56"
},
{
"kids":[],
"uid":"bigtreeisme",
"parent":"ztYaijhmq",
"text":"呸",
"mid":"ztYbvFkfx",
"date":"2013-04-26 20:13:27"
},
{
"kids":[],
"uid":"2694358792",
"parent":"ztYaijhmq",
"text":"一天三喷，自从加入黑会之后，做人都有意思了，现在学业紧张，每天过来骂红十字，缓解压力！真爽！！！",
"mid":"ztYbt4lmk",
"date":"2013-04-26 20:13:22"
},
{
"kids":[
"ztZJL9fw3"
],
"uid":"hugerockxu",
"parent":"ztYaijhmq",
"text":"信谁？",
"mid":"ztYb3C1Ec",
"date":"2013-04-26 20:12:22"
},
{
"kids":[],
"uid":"bloodthief",
"parent":"ztYaijhmq",
"text":"黑会你说我们更信谁的话？",
"mid":"ztYb33jDC",
"date":"2013-04-26 20:12:20"
},
{
"kids":[],
"uid":"1566163807",
"parent":"ztYaijhmq",
"text":"信？不信？",
"mid":"ztYaVnQFz",
"date":"2013-04-26 20:12:00"
},
{
"kids":[
"zuOuNxgk6",
"zugE3egOe",
"zud92Bl91",
"zu8jEmJEm",
"zu7287oC5",
"zu6daEnf0",
"zu5FVlazE",
"zu5v02MWU",
"zu57sCNiu",
"zu4HgyH7u",
"zu4rJBxP2",
"zu46L7IDy",
"zu3Uq54Of",
"zu3KcyR6i",
"zu3HL1fKk",
"zu145akYG",
"zu0AbgZin",
"ztZSAqYi9",
"ztZGLj4Rn",
"ztZtrFz5A",
"ztZsr47rP",
"ztZqkqXzY",
"ztZlJjkSz",
"ztZcRnsLk",
"ztYRBtON9",
"ztYObiwJg",
"ztYM2EZna",
"ztYG22uln",
"ztYFbsgBa",
"ztYA22YdF",
"ztYxqChlR",
"ztYpfzleA",
"ztYloezNl",
"ztYkK45PI",
"ztYkv2jv5",
"ztYka1JJ5",
"ztYgSairu",
"ztYgzuu7X",
"ztYfLx6Nz",
"ztYf26Pcm",
"ztYesB4yv",
"ztYe8wqia",
"ztYdTq2so",
"ztYdta57M",
"ztYdc1G8I",
"ztYd8qP5Y",
"ztYd44A98",
"ztYcWnpgp",
"ztYcR4n2Z",
"ztYcO71YQ",
"ztYcIrl1F",
"ztYcgm6P9",
"ztYcelldV",
"ztYc7fOlG",
"ztYbvFkfx",
"ztYbt4lmk",
"ztYb3C1Ec",
"ztYb33jDC",
"ztYaVnQFz"
],
"uid":"2205860842",
"parent":"",
"text":"中华骨髓库检索是免费的，500元是每份入库血样的HLA分型检测费，目前由财政承担，骨髓库从未收取过。5万元这个数字也是子虚乌有，由于供患不见面的国际原则，我们代收患者2万元作为捐献者的交通、采集等费用，而且多退少补，骨髓库从未留取过任何费用。中华骨髓库5月8日上午举办开放日，欢迎现场咨询。",
"mid":"ztYaijhmq",
"date":"2013-04-26 20:10:28"
}
]