[
{
"kids":[],
"uid":"2422002864",
"parent":"",
"text":"",
"mid":"C7CPCBel9",
"date":"2015-03-08 17:38:05"
},
{
"kids":[],
"uid":"2789917562",
"parent":"AcnHv3Ef4",
"text":"",
"mid":"Acqxeputr",
"date":"2013-10-04 10:02:42"
},
{
"kids":[],
"uid":"1778132602",
"parent":"AcnHv3Ef4",
"text":"",
"mid":"Acpn5fY4o",
"date":"2013-10-04 07:04:58"
},
{
"kids":[
"Acqxeputr",
"Acpn5fY4o"
],
"uid":"3026654161",
"parent":"zE7ziBAMH",
"text":"很好 [哈哈]",
"mid":"AcnHv3Ef4",
"date":"2013-10-04 02:49:47"
},
{
"kids":[],
"uid":"2655855105",
"parent":"",
"text":"",
"mid":"A33Ll2sNC",
"date":"2013-08-03 19:31:33"
},
{
"kids":[],
"uid":"3043457364",
"parent":"zEuGc1avK",
"text":"",
"mid":"A2IsXy9nh",
"date":"2013-08-01 13:18:37"
},
{
"kids":[],
"uid":"2805069680",
"parent":"zEuGc1avK",
"text":"",
"mid":"A2zm5xnbx",
"date":"2013-07-31 14:06:58"
},
{
"kids":[],
"uid":"3043894064",
"parent":"zEuGc1avK",
"text":"",
"mid":"A2wBVi5fX",
"date":"2013-07-31 07:07:43"
},
{
"kids":[],
"uid":"2919403074",
"parent":"zEuGc1avK",
"text":"",
"mid":"A1ObIiChL",
"date":"2013-07-26 14:02:19"
},
{
"kids":[],
"uid":"3044621684",
"parent":"zEuGc1avK",
"text":"",
"mid":"A1NAQmjrL",
"date":"2013-07-26 12:31:26"
},
{
"kids":[],
"uid":"1988394015",
"parent":"",
"text":"",
"mid":"zFomznimN",
"date":"2013-07-10 23:05:27"
},
{
"kids":[],
"uid":"3043537890",
"parent":"zEuGc1avK",
"text":"",
"mid":"zFk6mrQRu",
"date":"2013-07-10 12:14:34"
},
{
"kids":[],
"uid":"2789865062",
"parent":"zEuGc1avK",
"text":"",
"mid":"zFazfr4ET",
"date":"2013-07-09 11:58:15"
},
{
"kids":[],
"uid":"2790064722",
"parent":"zEuGc1avK",
"text":"",
"mid":"zF8MGB5vN",
"date":"2013-07-09 07:25:52"
},
{
"kids":[],
"uid":"2656521483",
"parent":"",
"text":"@丐丐叫我嘉小敏",
"mid":"zEQIFqQvc",
"date":"2013-07-07 09:26:31"
},
{
"kids":[],
"uid":"1203518475",
"parent":"zEiNpjl1w",
"text":"我靠 。",
"mid":"zEBu73IuF",
"date":"2013-07-05 18:39:28"
},
{
"kids":[
"A2IsXy9nh",
"A2zm5xnbx",
"A2wBVi5fX",
"A1ObIiChL",
"A1NAQmjrL",
"zFk6mrQRu",
"zFazfr4ET",
"zF8MGB5vN"
],
"uid":"3267139240",
"parent":"",
"text":"反对反对，[怒]",
"mid":"zEuGc1avK",
"date":"2013-07-05 01:20:00"
},
{
"kids":[],
"uid":"2518585143",
"parent":"",
"text":"哪怕一妻多多多多多夫制了，我也只要@峰就是吸血鬼 一个[可爱][可爱]",
"mid":"zErhkf23o",
"date":"2013-07-04 16:40:30"
},
{
"kids":[],
"uid":"728078941",
"parent":"",
"text":"[汗]",
"mid":"zEqAU7IqF",
"date":"2013-07-04 14:55:59"
},
{
"kids":[],
"uid":"1997578984",
"parent":"",
"text":"哇哈哈哈",
"mid":"zEpLgqqCq",
"date":"2013-07-04 12:48:45"
},
{
"kids":[],
"uid":"1886507290",
"parent":"",
"text":"「一妻多夫」会因为翻谁牌子，而上演夫与夫之间争宠的宫廷大戏吗？[哈哈][哈哈][哈哈]",
"mid":"zEnZE8EMX",
"date":"2013-07-04 08:18:42"
},
{
"kids":[],
"uid":"2731225365",
"parent":"",
"text":"(惊讶)！",
"mid":"zEkglAy6F",
"date":"2013-07-03 22:48:50"
},
{
"kids":[],
"uid":"1004472004",
"parent":"zEjHzmYM0",
"text":"这个。。。。。。 高佚东grace:@AdelaideEilen 我怎么觉得有些不靠谱啊！",
"mid":"zEkfp6IP4",
"date":"2013-07-03 22:46:33"
},
{
"kids":[],
"uid":"2151229542",
"parent":"",
"text":"",
"mid":"zEjVnFjpb",
"date":"2013-07-03 21:57:14"
},
{
"kids":[
"zEkfp6IP4"
],
"uid":"3135841533",
"parent":"zEfsme8iZ",
"text":"@AdelaideEilen 我怎么觉得有些不靠谱啊！",
"mid":"zEjHzmYM0",
"date":"2013-07-03 21:23:12"
},
{
"kids":[],
"uid":"316923555",
"parent":"",
"text":"@辰辰辰辰辰辰辰辰辰辰 @CJ_健 @GYH宇航 @俏皮利标 赶快吧…",
"mid":"zEj8Hy3vQ",
"date":"2013-07-03 19:57:17"
},
{
"kids":[
"zEBu73IuF"
],
"uid":"2773387405",
"parent":"",
"text":"甘样男人咪无晒价值,无晒地位！我叼你添喔！[怒][怒][怒][怒][怒][怒][怒][怒][怒][怒][怒][怒][怒][怒][怒][怒][怒][怒][怒][怒][怒][怒][怒][怒][怒][怒][怒][怒][怒][怒][怒]感情不能开玩笑,一系就认真,一系就分！",
"mid":"zEiNpjl1w",
"date":"2013-07-03 19:04:49"
},
{
"kids":[],
"uid":"2136570683",
"parent":"zEglpcc5O",
"text":"",
"mid":"zEivEgITf",
"date":"2013-07-03 18:21:02"
},
{
"kids":[],
"uid":"justlh1013",
"parent":"zEhGI4B4W",
"text":"爽歪歪",
"mid":"zEinzr4Vf",
"date":"2013-07-03 18:01:09"
},
{
"kids":[],
"uid":"2732763603",
"parent":"",
"text":"@-Cre 自己看有图有真相！",
"mid":"zEimbsbqB",
"date":"2013-07-03 17:57:43"
},
{
"kids":[],
"uid":"1739618655",
"parent":"",
"text":"真的假的啊？！[吃惊][吃惊][疑问]",
"mid":"zEii9tdZW",
"date":"2013-07-03 17:47:47"
},
{
"kids":[],
"uid":"ZhengShouZi",
"parent":"",
"text":"生的娃都不知道是谁的。",
"mid":"zEihm8WH9",
"date":"2013-07-03 17:45:50"
},
{
"kids":[],
"uid":"3018220785",
"parent":"",
"text":"呼呼，女人最大[给力]",
"mid":"zEi91Be3Z",
"date":"2013-07-03 17:25:18"
},
{
"kids":[],
"uid":"2372122193",
"parent":"",
"text":"@耳朵里的大太阳 [哈哈][哈哈]可以和大姐探讨下了！",
"mid":"zEhZek7kb",
"date":"2013-07-03 17:01:12"
},
{
"kids":[],
"uid":"3330369700",
"parent":"",
"text":"真的假的，一妻多夫制，",
"mid":"zEhX05pZO",
"date":"2013-07-03 16:55:40"
},
{
"kids":[],
"uid":"2686250940",
"parent":"",
"text":"可行么？举个例子吧，当兵的军人在保家卫国的时候心里都想着自己的老婆在别人的被窝里还谈什么保家卫国啊〜严重影响家庭稳定以至于社会稳定啊〜",
"mid":"zEhUX2VES",
"date":"2013-07-03 16:50:38"
},
{
"kids":[],
"uid":"1524378355",
"parent":"",
"text":"[威武]",
"mid":"zEhUqbZfA",
"date":"2013-07-03 16:49:20"
},
{
"kids":[],
"uid":"tblm",
"parent":"zEgTdDrO5",
"text":"",
"mid":"zEhTlowzP",
"date":"2013-07-03 16:46:40"
},
{
"kids":[],
"uid":"yy887971",
"parent":"zEhIfdUgA",
"text":"@一花一超一世界 笑死我了[哈哈][哈哈]",
"mid":"zEhRMuY5q",
"date":"2013-07-03 16:42:50"
},
{
"kids":[
"zEhRMuY5q"
],
"uid":"1981344105",
"parent":"zEhdrtOzC",
"text":"太恐怖了吧",
"mid":"zEhIfdUgA",
"date":"2013-07-03 16:19:19"
},
{
"kids":[
"zEinzr4Vf"
],
"uid":"peipeigaga",
"parent":"zEhE3dpN0",
"text":"那你再嫁一个进来咯",
"mid":"zEhGI4B4W",
"date":"2013-07-03 16:15:33"
},
{
"kids":[],
"uid":"2842251302",
"parent":"",
"text":"时代在进步 ，地位不保！",
"mid":"zEhEnz20T",
"date":"2013-07-03 16:09:48"
},
{
"kids":[
"zEinzr4Vf",
"zEhGI4B4W"
],
"uid":"2558892787",
"parent":"",
"text":"[给力][给力][鼓掌]@廁所裡嘅喵星人 @洪洪洪洪洪-穗琼",
"mid":"zEhE3dpN0",
"date":"2013-07-03 16:09:01"
},
{
"kids":[],
"uid":"yypcf",
"parent":"zEhdrtOzC",
"text":"[得意地笑]",
"mid":"zEhytrfc9",
"date":"2013-07-03 15:55:20"
},
{
"kids":[],
"uid":"2038092901",
"parent":"",
"text":"@肥小妞- 你怕是要忙不过来哟@_张子默 @请叫我周花花 你们还可以再结一次",
"mid":"zEhoqzBag",
"date":"2013-07-03 15:30:31"
},
{
"kids":[],
"uid":"1818075785",
"parent":"",
"text":"[圍觀][圍觀][偷笑]",
"mid":"zEhld5hC0",
"date":"2013-07-03 15:22:36"
},
{
"kids":[],
"uid":"2337489872",
"parent":"",
"text":"如果是真的，那gcd终于做了件好事，本来就是女人的天下，让你们男人霸占了几千年，是该重新做好奴隶的本分了",
"mid":"zEheX841u",
"date":"2013-07-03 15:07:11"
},
{
"kids":[
"zEhRMuY5q",
"zEhIfdUgA",
"zEhytrfc9"
],
"uid":"skyyunxiang",
"parent":"",
"text":"一夫多妻的年代没赶上、小鸟依人的没遇到、活在当下、能有个同甘共苦的＂兄弟＂也不错[哈哈]",
"mid":"zEhdrtOzC",
"date":"2013-07-03 15:03:27"
},
{
"kids":[],
"uid":"328526868",
"parent":"",
"text":"准备做那个夫，[哈哈]",
"mid":"zEhbmBtQJ",
"date":"2013-07-03 14:58:22"
},
{
"kids":[],
"uid":"1880765180",
"parent":"zEgIo0SYO",
"text":"",
"mid":"zEh8TeQwY",
"date":"2013-07-03 14:52:15"
},
{
"kids":[],
"uid":"2565680970",
"parent":"",
"text":"",
"mid":"zEh2rbdQC",
"date":"2013-07-03 14:36:20"
},
{
"kids":[],
"uid":"jay118909",
"parent":"",
"text":"哎呦、这么好的政策！！@我家的喵儿又做手术了QAQ @summer-欢欢 @厉伟娜 @侯正Ammy 姐妹们、转起|",
"mid":"zEh1aA9Q9",
"date":"2013-07-03 14:33:13"
},
{
"kids":[],
"uid":"2375167960",
"parent":"zEfUD8yAN",
"text":"@城市零距离官方微博 假的吧?[挖鼻屎]@猫S强",
"mid":"zEgW8vuIT",
"date":"2013-07-03 14:20:50"
},
{
"kids":[],
"uid":"1631933161",
"parent":"",
"text":"[衰]一妻多夫。",
"mid":"zEgUJFC2i",
"date":"2013-07-03 14:17:22"
},
{
"kids":[
"zEhTlowzP"
],
"uid":"lllllllpx",
"parent":"",
"text":"这个。。。真的么？这个时代被我们给赶上了。。@李小滑 小妾 我要纳你了",
"mid":"zEgTdDrO5",
"date":"2013-07-03 14:13:38"
},
{
"kids":[],
"uid":"caogaga",
"parent":"",
"text":"这个好~",
"mid":"zEgSBxgzP",
"date":"2013-07-03 14:12:06"
},
{
"kids":[],
"uid":"veakkyue",
"parent":"",
"text":"哈哈！",
"mid":"zEgJg6h7K",
"date":"2013-07-03 13:49:07"
},
{
"kids":[
"zEh8TeQwY"
],
"uid":"vishow1990",
"parent":"",
"text":"这几个意思？[哈哈][哈哈]@孤单-颓废也是一种气质 @腹黑女不是全雪妮Eunice @JN贾娜",
"mid":"zEgIo0SYO",
"date":"2013-07-03 13:46:57"
},
{
"kids":[],
"uid":"1846853082",
"parent":"",
"text":"不管以后是否有这事，都不会出现我身上的。",
"mid":"zEgzoaFJZ",
"date":"2013-07-03 13:24:46"
},
{
"kids":[],
"uid":"3119343663",
"parent":"",
"text":"母氏社会……[哈哈][哈哈][哈哈]@杜海涛Hito @洪堯RoyFlood @沫燃沫校长 @oO袁承汐Oo",
"mid":"zEguZq3L4",
"date":"2013-07-03 13:13:55"
},
{
"kids":[],
"uid":"2856424671",
"parent":"",
"text":"我去，真的假的？太好了",
"mid":"zEgtFybRs",
"date":"2013-07-03 13:10:42"
},
{
"kids":[],
"uid":"3054742461",
"parent":"",
"text":"完了   男同胞们的末日到了！[泪流满面][泪流满面][泪流满面]",
"mid":"zEgt66vUZ",
"date":"2013-07-03 13:09:16"
},
{
"kids":[],
"uid":"2029643752",
"parent":"",
"text":"笑死[哈哈]",
"mid":"zEgqKrGaU",
"date":"2013-07-03 13:03:29"
},
{
"kids":[],
"uid":"2623380535",
"parent":"",
"text":"真的假的@梅州黄大发",
"mid":"zEgnqbO9x",
"date":"2013-07-03 12:55:18"
},
{
"kids":[],
"uid":"1813125911",
"parent":"",
"text":"哈哈，一个干家务一个挣钱，爽呆了",
"mid":"zEglx7zT0",
"date":"2013-07-03 12:50:39"
},
{
"kids":[
"zEivEgITf"
],
"uid":"papaxiong0804",
"parent":"zEfUD8yAN",
"text":"[吃惊][奥特曼][思考]",
"mid":"zEglpcc5O",
"date":"2013-07-03 12:50:19"
},
{
"kids":[],
"uid":"2650578464",
"parent":"",
"text":"[汗][汗][汗][汗][汗]",
"mid":"zEgg57tEM",
"date":"2013-07-03 12:37:12"
},
{
"kids":[],
"uid":"2788511935",
"parent":"",
"text":"哈哈，我笑了@小小小鸭儿 、亲们怎么看@Sunsan2 @zhen-海晴 @Fleeting莹 @幕-Curtain @_谢嘉惠",
"mid":"zEg0cxClm",
"date":"2013-07-03 11:58:06"
},
{
"kids":[],
"uid":"2708424680",
"parent":"zEfUD8yAN",
"text":"[哈哈]我昨天没看新闻。。",
"mid":"zEfZJwV1a",
"date":"2013-07-03 11:56:56"
},
{
"kids":[
"zEivEgITf",
"zEgW8vuIT",
"zEglpcc5O",
"zEfZJwV1a"
],
"uid":"2770643563",
"parent":"",
"text":"纳尼[震惊][震惊]一妻多夫制 又要回归母系社会了",
"mid":"zEfUD8yAN",
"date":"2013-07-03 11:44:22"
},
{
"kids":[],
"uid":"1831424567",
"parent":"",
"text":"之前在空间见到还以为假的",
"mid":"zEfMJrm8u",
"date":"2013-07-03 11:24:55"
},
{
"kids":[],
"uid":"2946442085",
"parent":"",
"text":"哈哈[嘻嘻][嘻嘻][嘻嘻]",
"mid":"zEfM6sNDP",
"date":"2013-07-03 11:23:21"
},
{
"kids":[],
"uid":"2164174180",
"parent":"zEfsme8iZ",
"text":"八戒，一妻多夫制[花心]@Yamateh是人不是神",
"mid":"zEfCNmu8P",
"date":"2013-07-03 11:00:26"
},
{
"kids":[],
"uid":"1869579765",
"parent":"",
"text":"",
"mid":"zEfBQyPjk",
"date":"2013-07-03 10:58:05"
},
{
"kids":[],
"uid":"3168251541",
"parent":"",
"text":"这个可以有，以后一个做饭，一个洗衣服，多派几个出去赚钱[笑哈哈]",
"mid":"zEfA7zlCB",
"date":"2013-07-03 10:53:51"
},
{
"kids":[],
"uid":"2254569352",
"parent":"",
"text":"无语",
"mid":"zEfv0urPn",
"date":"2013-07-03 10:41:13"
},
{
"kids":[
"zEkfp6IP4",
"zEjHzmYM0",
"zEfCNmu8P"
],
"uid":"3061645605",
"parent":"",
"text":"@盐城好小伙 @宦雅伦想要单身一辈子 @道若不同便不相为谋 @Mika_瑶宝 @佴小圆 @温柔不是小王倩倩的范er",
"mid":"zEfsme8iZ",
"date":"2013-07-03 10:34:43"
},
{
"kids":[],
"uid":"2138686832",
"parent":"",
"text":"@Eason__吴",
"mid":"zEfnN8gkG",
"date":"2013-07-03 10:23:27"
},
{
"kids":[],
"uid":"206000853",
"parent":"",
"text":"@邋货 @闷锅是个英雄控 @火车司机都是夜魔侠 @藤原剣一",
"mid":"zEeSE9g0h",
"date":"2013-07-03 09:06:43"
},
{
"kids":[],
"uid":"1905818417",
"parent":"zEeDbfEn1",
"text":"[偷笑][偷笑]",
"mid":"zEeRfxb6h",
"date":"2013-07-03 09:03:18"
},
{
"kids":[],
"uid":"2989541482",
"parent":"",
"text":"应该不会",
"mid":"zEeQ06bBy",
"date":"2013-07-03 09:00:13"
},
{
"kids":[],
"uid":"2868742474",
"parent":"",
"text":"@Solitary_關妙芳 @bubble夏翠莹- @真的李家裕 @欣凱李",
"mid":"zEeM9EHPF",
"date":"2013-07-03 08:50:45"
},
{
"kids":[],
"uid":"3028358655",
"parent":"zEbjPoLRK",
"text":"[泪]",
"mid":"zEeJs9bBa",
"date":"2013-07-03 08:44:04"
},
{
"kids":[
"zEeRfxb6h"
],
"uid":"1895500115",
"parent":"zEaLtdl4M",
"text":"[思考]",
"mid":"zEeDbfEn1",
"date":"2013-07-03 08:28:37"
},
{
"kids":[],
"uid":"1616657545",
"parent":"",
"text":"我滴梦想要实现了呀[太开心]，一个赚钱，一个干家务，一个陪我逛街，哈哈，对了，我的混血儿的也可以实现了撒。@跳不高Lareina @samanthawj_林太",
"mid":"zEerYgYYa",
"date":"2013-07-03 08:01:01"
},
{
"kids":[],
"uid":"1146347185",
"parent":"zEaLtdl4M",
"text":"真的假的？太夸张了",
"mid":"zEerIiMAD",
"date":"2013-07-03 08:00:23"
},
{
"kids":[],
"uid":"2212051081",
"parent":"",
"text":"这么假的消息也会被传的这么凶[汗]",
"mid":"zEdZm9qGO",
"date":"2013-07-03 06:50:31"
},
{
"kids":[],
"uid":"2101651267",
"parent":"",
"text":"[吃惊]",
"mid":"zEcyPmLPX",
"date":"2013-07-03 03:12:25"
},
{
"kids":[],
"uid":"2341150293",
"parent":"",
"text":"真唔真啊.[花心]",
"mid":"zEbPVdXJy",
"date":"2013-07-03 01:21:47"
},
{
"kids":[],
"uid":"2990439101",
"parent":"",
"text":"[羞嗒嗒][羞嗒嗒][羞嗒嗒]@妮li艾露 @R放纵自己的狂野 @Inicher @光明之子爱光明 @季瑾苏 我笑而不语[得意地笑][得意地笑][得意地笑]",
"mid":"zEbO6mOTe",
"date":"2013-07-03 01:17:18"
},
{
"kids":[],
"uid":"3168823912",
"parent":"",
"text":"哈哈'好期待啊",
"mid":"zEbE6qqHs",
"date":"2013-07-03 00:52:37"
},
{
"kids":[],
"uid":"2947219687",
"parent":"",
"text":"什么个情况啊？@Dear小灰灰baby@VIP千言万语@不二神贝@木子人圭佳@我不喜欢戴眼镜",
"mid":"zEbrlFLVD",
"date":"2013-07-03 00:21:14"
},
{
"kids":[
"zEeJs9bBa"
],
"uid":"mzqiao",
"parent":"",
"text":"哇。一次满足你三个愿望啊[偷笑][偷笑][偷笑]",
"mid":"zEbjPoLRK",
"date":"2013-07-03 00:02:43"
},
{
"kids":[],
"uid":"3518059795",
"parent":"",
"text":"",
"mid":"zEbi95j8M",
"date":"2013-07-02 23:58:32"
},
{
"kids":[],
"uid":"2365882967",
"parent":"",
"text":"有甘的事",
"mid":"zEb6h0QQ5",
"date":"2013-07-02 23:29:19"
},
{
"kids":[],
"uid":"wcwz",
"parent":"",
"text":"一妻多夫这名女子生出来的杂种就是是谁的娃儿呢",
"mid":"zEaZXqDOq",
"date":"2013-07-02 23:13:47"
},
{
"kids":[],
"uid":"2435136561",
"parent":"zEa7Nbp9q",
"text":"",
"mid":"zEaP8pGTR",
"date":"2013-07-02 22:47:05"
},
{
"kids":[],
"uid":"uarethebestinmyheart",
"parent":"zEaLtdl4M",
"text":"骗人的吧。。[汗][汗][汗]",
"mid":"zEaORyQ0T",
"date":"2013-07-02 22:46:24"
},
{
"kids":[],
"uid":"aduky",
"parent":"",
"text":"男人的末日啊……",
"mid":"zEaM6cZuQ",
"date":"2013-07-02 22:39:34"
},
{
"kids":[
"zEeRfxb6h",
"zEeDbfEn1",
"zEerIiMAD",
"zEaORyQ0T"
],
"uid":"2473510700",
"parent":"",
"text":"[吃惊][吃惊][吃惊]",
"mid":"zEaLtdl4M",
"date":"2013-07-02 22:38:04"
},
{
"kids":[],
"uid":"1762881991",
"parent":"",
"text":"@段小贱贱有文艺范 [哈哈]",
"mid":"zEaEjCUvn",
"date":"2013-07-02 22:20:27"
},
{
"kids":[],
"uid":"2897133527",
"parent":"",
"text":"额 时代的变迁",
"mid":"zEaAg9dZ3",
"date":"2013-07-02 22:10:28"
},
{
"kids":[],
"uid":"1007472065",
"parent":"",
"text":"依架系咩社会[晕]@有钱人T_T亮爷 @杨戚仔 @留住那些忧郁",
"mid":"zEaz7zWyd",
"date":"2013-07-02 22:07:37"
},
{
"kids":[],
"uid":"2014423373",
"parent":"zE9xQBBUe",
"text":"不信",
"mid":"zEatkgmKJ",
"date":"2013-07-02 21:53:20"
},
{
"kids":[],
"uid":"1970095361",
"parent":"",
"text":"",
"mid":"zEanKwpT2",
"date":"2013-07-02 21:39:39"
},
{
"kids":[],
"uid":"mazh0724",
"parent":"",
"text":"这算给女性的福利吗？怎么我觉得好恶心！",
"mid":"zEahscrnW",
"date":"2013-07-02 21:24:07"
},
{
"kids":[],
"uid":"2921907537",
"parent":"",
"text":"真的吗?",
"mid":"zEabBzJiz",
"date":"2013-07-02 21:09:43"
},
{
"kids":[
"zEaP8pGTR"
],
"uid":"lvoeyee",
"parent":"",
"text":"哇~~[",
"mid":"zEa7Nbp9q",
"date":"2013-07-02 21:00:19"
},
{
"kids":[],
"uid":"2373586672",
"parent":"",
"text":"这世界越来越扯了",
"mid":"zE9WJoN05",
"date":"2013-07-02 20:33:02"
},
{
"kids":[],
"uid":"2034777912",
"parent":"",
"text":"@mm_猛猛",
"mid":"zE9Vm0oUT",
"date":"2013-07-02 20:29:41"
},
{
"kids":[],
"uid":"youngamo",
"parent":"zE8JKDXRI",
"text":"再找100个！",
"mid":"zE9M95EU5",
"date":"2013-07-02 20:07:00"
},
{
"kids":[
"zEatkgmKJ"
],
"uid":"3039484547",
"parent":"",
"text":"某人说过的话实现了？！[晕][汗][吃惊] @朵儿是一片云 @修行中的小v @紫韵蓝馨",
"mid":"zE9xQBBUe",
"date":"2013-07-02 19:31:43"
},
{
"kids":[],
"uid":"2069767324",
"parent":"",
"text":"",
"mid":"zE9pEmlN5",
"date":"2013-07-02 19:11:33"
},
{
"kids":[],
"uid":"2450774590",
"parent":"",
"text":"@马大爷_M_Q_ @鉴婊高手 @M第一个大写第二个小写 @当时我就震惊了",
"mid":"zE9forDaC",
"date":"2013-07-02 18:46:17"
},
{
"kids":[],
"uid":"1907836653",
"parent":"",
"text":"@可爱3410188380 @小怪兽桃心是胖妞 @恽籽说 @丫丫要去PC见泽演 @沁沁要去PC见灿子 @豆奶小宅",
"mid":"zE9cnp5zE",
"date":"2013-07-02 18:38:52"
},
{
"kids":[],
"uid":"1890235713",
"parent":"",
"text":"[哈哈][哈哈][哈哈]",
"mid":"zE99Xh7wr",
"date":"2013-07-02 18:32:54"
},
{
"kids":[],
"uid":"2364923611",
"parent":"",
"text":"额。。。这是回到了母系社会了吗？",
"mid":"zE8SwpImB",
"date":"2013-07-02 17:49:57"
},
{
"kids":[],
"uid":"518234321",
"parent":"",
"text":"快拉倒吧！你难道不知道这就是个童话么。。[懒得理你]",
"mid":"zE8PV5l7M",
"date":"2013-07-02 17:43:32"
},
{
"kids":[
"zE9M95EU5"
],
"uid":"moko1988",
"parent":"",
"text":"[哈哈]伺候不好休了你！@Machi丶Chen @桃子小姐Rinka @康樂股長不機車很推車_Amo",
"mid":"zE8JKDXRI",
"date":"2013-07-02 17:28:21"
},
{
"kids":[],
"uid":"2392856630",
"parent":"",
"text":"哈哈哈哈，[嘻嘻]@我说我会一直爱吴克羣 @你确定你认识蘑菇吗h @恩施苹果授权店 @正儿八经YES",
"mid":"zE8zEhfp6",
"date":"2013-07-02 17:03:26"
},
{
"kids":[],
"uid":"2893159653",
"parent":"",
"text":"我不淡定了[嘻嘻][嘻嘻]",
"mid":"zE8j7ugA2",
"date":"2013-07-02 16:22:43"
},
{
"kids":[],
"uid":"amanda1985818",
"parent":"",
"text":"",
"mid":"zE8hwaMGv",
"date":"2013-07-02 16:18:47"
},
{
"kids":[],
"uid":"3284083162",
"parent":"",
"text":"可能吗？ [星星眼]",
"mid":"zE8eRBNCG",
"date":"2013-07-02 16:12:13"
},
{
"kids":[],
"uid":"2474845281",
"parent":"",
"text":"",
"mid":"zE89NaZ99",
"date":"2013-07-02 15:59:45"
},
{
"kids":[],
"uid":"seafly0628",
"parent":"",
"text":"能平摊房屋面积吗？",
"mid":"zE88TEJBy",
"date":"2013-07-02 15:57:32"
},
{
"kids":[],
"uid":"1102yeyfeng",
"parent":"",
"text":"[晕]",
"mid":"zE7Ku6JKU",
"date":"2013-07-02 14:57:25"
},
{
"kids":[
"Acqxeputr",
"Acpn5fY4o",
"AcnHv3Ef4"
],
"uid":"2705886584",
"parent":"",
"text":"以后点女就性福[哈哈][哈哈][哈哈][哈哈][哈哈][哈哈]",
"mid":"zE7ziBAMH",
"date":"2013-07-02 14:29:49"
},
{
"kids":[],
"uid":"1770828070",
"parent":"zE6QBeB97",
"text":"蛮好蛮好[笑哈哈]",
"mid":"zE7oCFfl8",
"date":"2013-07-02 14:03:31"
},
{
"kids":[],
"uid":"209906068",
"parent":"",
"text":"[呵呵][呵呵]什么时候实行?",
"mid":"zE7eB0JXg",
"date":"2013-07-02 13:38:48"
},
{
"kids":[
"zE7oCFfl8"
],
"uid":"1405650083",
"parent":"",
"text":"现在男女比是117-100因此这种事。。。现在得想想以后那几千万光棍儿怎么办",
"mid":"zE6QBeB97",
"date":"2013-07-02 12:39:43"
},
{
"kids":[],
"uid":"2640362875",
"parent":"",
"text":"哇",
"mid":"zE6xjBS0p",
"date":"2013-07-02 11:52:11"
},
{
"kids":[],
"uid":"2086532855",
"parent":"zE5EJnkNI",
"text":"这个是假的==、人家原文是11年的。。。旧新闻、假新闻==、",
"mid":"zE6qNnZBe",
"date":"2013-07-02 11:36:09"
},
{
"kids":[],
"uid":"2855110560",
"parent":"",
"text":"甘爽b啊[[哈哈][花心]]女人万岁哇呀",
"mid":"zE5XI2iCw",
"date":"2013-07-02 10:24:29"
},
{
"kids":[],
"uid":"originalsinVSBible",
"parent":"",
"text":"[衰]？？？？，我是瞎了还是瞎了",
"mid":"zE5Wb97FL",
"date":"2013-07-02 10:20:43"
},
{
"kids":[],
"uid":"3282506074",
"parent":"zE5EJnkNI",
"text":"开玩笑呢吧[惊恐]",
"mid":"zE5SzbObH",
"date":"2013-07-02 10:11:50"
},
{
"kids":[
"zE6qNnZBe",
"zE5SzbObH"
],
"uid":"534910012",
"parent":"",
"text":"卧槽！[震惊][震惊]",
"mid":"zE5EJnkNI",
"date":"2013-07-02 09:37:44"
},
{
"kids":[],
"uid":"2682943071",
"parent":"",
"text":"",
"mid":"zE5zx1COg",
"date":"2013-07-02 09:24:55"
},
{
"kids":[],
"uid":"2583518694",
"parent":"",
"text":"一妻多夫。。不过我只想要一个对的人就行。",
"mid":"zE24l97OP",
"date":"2013-07-02 00:29:48"
},
{
"kids":[],
"uid":"1974448235",
"parent":"",
"text":"谁能告诉我这是真是假？？？？",
"mid":"zE1oa0krb",
"date":"2013-07-01 22:45:56"
}
]