[
{
"kids":[],
"uid":"2644904672",
"parent":"",
"text":"",
"mid":"zAr2ayILv",
"date":"2013-06-08 08:41:57"
},
{
"kids":[],
"uid":"2212878163",
"parent":"zA53N19JV",
"text":"以后的高考准考证什么重要的就该连电话号码都打印上",
"mid":"zAbrA9ZKH",
"date":"2013-06-06 17:00:36"
},
{
"kids":[],
"uid":"2210911827",
"parent":"zA9vQtXno",
"text":"",
"mid":"zAa7atFd3",
"date":"2013-06-06 13:37:32"
},
{
"kids":[],
"uid":"3010343121",
"parent":"zAa3C0YbS",
"text":"急坏了都",
"mid":"zAa5i4mNv",
"date":"2013-06-06 13:32:56"
},
{
"kids":[],
"uid":"2270778544",
"parent":"",
"text":"",
"mid":"zAa3O7SJc",
"date":"2013-06-06 13:29:15"
},
{
"kids":[
"zAa5i4mNv"
],
"uid":"3118035815",
"parent":"",
"text":"爱心无限大",
"mid":"zAa3C0YbS",
"date":"2013-06-06 13:28:46"
},
{
"kids":[],
"uid":"1838033250",
"parent":"zA9kTrDN3",
"text":"孩纸们别转了，这是假的，新闻刚播，号码都一样",
"mid":"zAa39oEiH",
"date":"2013-06-06 13:27:39"
},
{
"kids":[],
"uid":"2370413732",
"parent":"zA96ICl8Y",
"text":"",
"mid":"zA9ZtxKmR",
"date":"2013-06-06 13:18:36"
},
{
"kids":[],
"uid":"1730252071",
"parent":"zA8dtiCwn",
"text":"",
"mid":"zA9YC5sDI",
"date":"2013-06-06 13:16:30"
},
{
"kids":[],
"uid":"1952378390",
"parent":"zA4Mu5zSo",
"text":"",
"mid":"zA9XIcjQ3",
"date":"2013-06-06 13:14:16"
},
{
"kids":[],
"uid":"3476582022",
"parent":"zA80fC5OM",
"text":"",
"mid":"zA9TFEPMT",
"date":"2013-06-06 13:04:17"
},
{
"kids":[],
"uid":"2071809575",
"parent":"",
"text":"",
"mid":"zA9Tk5pA0",
"date":"2013-06-06 13:03:27"
},
{
"kids":[],
"uid":"1838033250",
"parent":"zA9kTrDN3",
"text":"",
"mid":"zA9OAmbbO",
"date":"2013-06-06 12:51:46"
},
{
"kids":[],
"uid":"3040329361",
"parent":"zA4wMnDga",
"text":"回复@鄫博威:大家不要再转这条了！",
"mid":"zA9HltmHl",
"date":"2013-06-06 12:33:57"
},
{
"kids":[],
"uid":"wuguangman",
"parent":"zA9trghPE",
"text":"马上打一份出来行不？",
"mid":"zA9CJc9X9",
"date":"2013-06-06 12:22:34"
},
{
"kids":[],
"uid":"1886622754",
"parent":"zA4KQoSGE",
"text":"拜托",
"mid":"zA9C97RMl",
"date":"2013-06-06 12:21:08"
},
{
"kids":[
"zAa7atFd3"
],
"uid":"2740907895",
"parent":"zA4Mu5zSo",
"text":"",
"mid":"zA9vQtXno",
"date":"2013-06-06 12:05:37"
},
{
"kids":[],
"uid":"2371350801",
"parent":"",
"text":"太粗心了……",
"mid":"zA9uB4hi5",
"date":"2013-06-06 12:02:31"
},
{
"kids":[
"zA9CJc9X9"
],
"uid":"2368638701",
"parent":"zA4a3tbrU",
"text":"希望快点找到失主",
"mid":"zA9trghPE",
"date":"2013-06-06 11:59:40"
},
{
"kids":[],
"uid":"1870770694",
"parent":"",
"text":"",
"mid":"zA9sOwolI",
"date":"2013-06-06 11:58:08"
},
{
"kids":[],
"uid":"3284455385",
"parent":"",
"text":"",
"mid":"zA9rgvf2j",
"date":"2013-06-06 11:54:20"
},
{
"kids":[
"zAa39oEiH",
"zA9OAmbbO"
],
"uid":"2388974214",
"parent":"zA4wMnDga",
"text":"",
"mid":"zA9kTrDN3",
"date":"2013-06-06 11:38:38"
},
{
"kids":[],
"uid":"2948085307",
"parent":"",
"text":"",
"mid":"zA9kt80Yf",
"date":"2013-06-06 11:37:34"
},
{
"kids":[],
"uid":"1578680934",
"parent":"zA96ICl8Y",
"text":"",
"mid":"zA9jYFtOy",
"date":"2013-06-06 11:36:22"
},
{
"kids":[],
"uid":"2327759492",
"parent":"zA96ICl8Y",
"text":"",
"mid":"zA9jom0HT",
"date":"2013-06-06 11:34:55"
},
{
"kids":[],
"uid":"2523495570",
"parent":"",
"text":"",
"mid":"zA9h75SKE",
"date":"2013-06-06 11:29:18"
},
{
"kids":[],
"uid":"2694890514",
"parent":"zA8EZbmFJ",
"text":"百度没搜到，地图没搜到。。",
"mid":"zA9foqCsv",
"date":"2013-06-06 11:25:04"
},
{
"kids":[],
"uid":"ylmsbh",
"parent":"",
"text":"",
"mid":"zA9dw0NF7",
"date":"2013-06-06 11:20:26"
},
{
"kids":[],
"uid":"1801664624",
"parent":"",
"text":"[祈祷][祈祷][祈祷]",
"mid":"zA9dg57hw",
"date":"2013-06-06 11:19:49"
},
{
"kids":[],
"uid":"2133516805",
"parent":"",
"text":"",
"mid":"zA9bqAXlp",
"date":"2013-06-06 11:15:18"
},
{
"kids":[],
"uid":"206661540",
"parent":"zA53N19JV",
"text":"爱心传递",
"mid":"zA9b9aKSz",
"date":"2013-06-06 11:14:36"
},
{
"kids":[],
"uid":"3189507203",
"parent":"zA4wMnDga",
"text":"",
"mid":"zA9ax2hUQ",
"date":"2013-06-06 11:13:07"
},
{
"kids":[],
"uid":"619831110",
"parent":"zA8edm7H5",
"text":"作为官方围脖，不经证实就发布，有违媒体人的职业操守。",
"mid":"zA9aldY6E",
"date":"2013-06-06 11:12:37"
},
{
"kids":[],
"uid":"2246781992",
"parent":"zA4a3tbrU",
"text":"",
"mid":"zA99xxkW6",
"date":"2013-06-06 11:10:40"
},
{
"kids":[],
"uid":"3044025930",
"parent":"zA4HGuSOq",
"text":"",
"mid":"zA99hzQqh",
"date":"2013-06-06 11:10:01"
},
{
"kids":[],
"uid":"2586126212",
"parent":"zA53N19JV",
"text":"",
"mid":"zA98cx71q",
"date":"2013-06-06 11:07:22"
},
{
"kids":[
"zA9ZtxKmR",
"zA9jYFtOy",
"zA9jom0HT"
],
"uid":"2373007604",
"parent":"zA53N19JV",
"text":"扩！",
"mid":"zA96ICl8Y",
"date":"2013-06-06 11:03:43"
},
{
"kids":[],
"uid":"3073602015",
"parent":"zA80e96wr",
"text":"",
"mid":"zA8SVsxOf",
"date":"2013-06-06 10:29:43"
},
{
"kids":[],
"uid":"2157543253",
"parent":"zA4wMnDga",
"text":"",
"mid":"zA8SB8ffe",
"date":"2013-06-06 10:28:54"
},
{
"kids":[],
"uid":"2008444041",
"parent":"zA8O17uLv",
"text":"",
"mid":"zA8Pn2tR5",
"date":"2013-06-06 10:20:57"
},
{
"kids":[
"zA8Pn2tR5"
],
"uid":"1785798887",
"parent":"zA4a3tbrU",
"text":"",
"mid":"zA8O17uLv",
"date":"2013-06-06 10:17:37"
},
{
"kids":[],
"uid":"1908456713",
"parent":"zA8edm7H5",
"text":"骗子？",
"mid":"zA8MNtMnA",
"date":"2013-06-06 10:14:36"
},
{
"kids":[],
"uid":"1781068877",
"parent":"",
"text":"",
"mid":"zA8KUsWWG",
"date":"2013-06-06 10:09:58"
},
{
"kids":[],
"uid":"3148365850",
"parent":"",
"text":"",
"mid":"zA8H91xJs",
"date":"2013-06-06 10:00:41"
},
{
"kids":[],
"uid":"61029771",
"parent":"zA4wMnDga",
"text":"",
"mid":"zA8G6hC3O",
"date":"2013-06-06 09:58:07"
},
{
"kids":[
"zA9foqCsv"
],
"uid":"1608789681",
"parent":"",
"text":"海口有十八中吗?",
"mid":"zA8EZbmFJ",
"date":"2013-06-06 09:55:21"
},
{
"kids":[],
"uid":"2876533252",
"parent":"zA4a3tbrU",
"text":"",
"mid":"zA8DmEQMC",
"date":"2013-06-06 09:51:24"
},
{
"kids":[],
"uid":"3166923784",
"parent":"zA7TZm7rh",
"text":"",
"mid":"zA8BVbRRW",
"date":"2013-06-06 09:47:50"
},
{
"kids":[],
"uid":"2994686560",
"parent":"zA80e96wr",
"text":"扩~",
"mid":"zA8BG8j7v",
"date":"2013-06-06 09:47:14"
},
{
"kids":[],
"uid":"2340149171",
"parent":"zA4wMnDga",
"text":"扩",
"mid":"zA8qMBvoa",
"date":"2013-06-06 09:20:23"
},
{
"kids":[],
"uid":"1899588457",
"parent":"zA8edm7H5",
"text":"",
"mid":"zA8oty37o",
"date":"2013-06-06 09:14:42"
},
{
"kids":[],
"uid":"1899588457",
"parent":"",
"text":"",
"mid":"zA8onlMES",
"date":"2013-06-06 09:14:28"
},
{
"kids":[],
"uid":"kumax",
"parent":"zA8jIErSG",
"text":"",
"mid":"zA8nzaGLp",
"date":"2013-06-06 09:12:28"
},
{
"kids":[],
"uid":"2684362694",
"parent":"zA4Mu5zSo",
"text":"",
"mid":"zA8lBqaYy",
"date":"2013-06-06 09:07:37"
},
{
"kids":[
"zA8nzaGLp"
],
"uid":"2111190894",
"parent":"",
"text":"",
"mid":"zA8jIErSG",
"date":"2013-06-06 09:03:00"
},
{
"kids":[
"zA9aldY6E",
"zA8MNtMnA",
"zA8oty37o"
],
"uid":"qiumileizi",
"parent":"zA8dtiCwn",
"text":"这是骗子，希望大家不要拨打那个电话",
"mid":"zA8edm7H5",
"date":"2013-06-06 08:49:25"
},
{
"kids":[
"zA9YC5sDI",
"zA9aldY6E",
"zA8MNtMnA",
"zA8oty37o",
"zA8edm7H5"
],
"uid":"1866322921",
"parent":"",
"text":"",
"mid":"zA8dtiCwn",
"date":"2013-06-06 08:47:35"
},
{
"kids":[],
"uid":"2740465437",
"parent":"zA4i4cN67",
"text":"",
"mid":"zA88d7gcR",
"date":"2013-06-06 08:34:38"
},
{
"kids":[],
"uid":"2657270787",
"parent":"",
"text":"",
"mid":"zA81EdvrA",
"date":"2013-06-06 08:18:28"
},
{
"kids":[
"zA9TFEPMT"
],
"uid":"sveg",
"parent":"zA4Mu5zSo",
"text":"快点快点",
"mid":"zA80fC5OM",
"date":"2013-06-06 08:15:02"
},
{
"kids":[
"zA8SVsxOf",
"zA8BG8j7v"
],
"uid":"2681158657",
"parent":"",
"text":"扩",
"mid":"zA80e96wr",
"date":"2013-06-06 08:14:59"
},
{
"kids":[
"zA8BVbRRW"
],
"uid":"2950951551",
"parent":"",
"text":"扩",
"mid":"zA7TZm7rh",
"date":"2013-06-06 07:59:36"
},
{
"kids":[],
"uid":"misazu",
"parent":"zA4Gnxjz2",
"text":"扩。 同说句高考剩余25小时了。",
"mid":"zA7QEtzZZ",
"date":"2013-06-06 07:51:23"
},
{
"kids":[],
"uid":"2182464813",
"parent":"zA4a3tbrU",
"text":"",
"mid":"zA7BioMKs",
"date":"2013-06-06 07:13:33"
},
{
"kids":[],
"uid":"2974017343",
"parent":"",
"text":"",
"mid":"zA5Pmjtvo",
"date":"2013-06-06 02:42:42"
},
{
"kids":[],
"uid":"1881958034",
"parent":"",
"text":"",
"mid":"zA5uPkdRF",
"date":"2013-06-06 01:52:07"
},
{
"kids":[],
"uid":"576279900",
"parent":"zA4BydysA",
"text":"",
"mid":"zA5s33oBF",
"date":"2013-06-06 01:45:16"
},
{
"kids":[],
"uid":"2250905833",
"parent":"",
"text":"",
"mid":"zA5mzuZX1",
"date":"2013-06-06 01:31:48"
},
{
"kids":[],
"uid":"1826798694",
"parent":"zA4j91GA0",
"text":"",
"mid":"zA5fdhDav",
"date":"2013-06-06 01:13:39"
},
{
"kids":[],
"uid":"2089570761",
"parent":"",
"text":"",
"mid":"zA59VAmwh",
"date":"2013-06-06 01:00:38"
},
{
"kids":[],
"uid":"2370233473",
"parent":"",
"text":"",
"mid":"zA59K4zQ8",
"date":"2013-06-06 01:00:10"
},
{
"kids":[],
"uid":"2418171037",
"parent":"zA4wMnDga",
"text":"",
"mid":"zA57HiDjF",
"date":"2013-06-06 00:55:08"
},
{
"kids":[],
"uid":"1993455737",
"parent":"zA50HeZX3",
"text":"",
"mid":"zA54aDs4g",
"date":"2013-06-06 00:46:27"
},
{
"kids":[
"zAbrA9ZKH",
"zA9ZtxKmR",
"zA9jYFtOy",
"zA9jom0HT",
"zA9b9aKSz",
"zA98cx71q",
"zA96ICl8Y"
],
"uid":"2442311841",
"parent":"",
"text":"",
"mid":"zA53N19JV",
"date":"2013-06-06 00:45:30"
},
{
"kids":[],
"uid":"2703225142",
"parent":"",
"text":"",
"mid":"zA53AfDKn",
"date":"2013-06-06 00:44:59"
},
{
"kids":[
"zA54aDs4g"
],
"uid":"2287263693",
"parent":"zA4j91GA0",
"text":"[话筒][话筒]",
"mid":"zA50HeZX3",
"date":"2013-06-06 00:37:51"
},
{
"kids":[],
"uid":"3013736727",
"parent":"zA4WbnV7Z",
"text":"",
"mid":"zA4YKkoAY",
"date":"2013-06-06 00:33:02"
},
{
"kids":[
"zA4YKkoAY"
],
"uid":"3138520255",
"parent":"",
"text":"",
"mid":"zA4WbnV7Z",
"date":"2013-06-06 00:26:47"
},
{
"kids":[],
"uid":"2434601311",
"parent":"",
"text":"",
"mid":"zA4W92dun",
"date":"2013-06-06 00:26:38"
},
{
"kids":[],
"uid":"1884651654",
"parent":"zA4KQoSGE",
"text":"",
"mid":"zA4RLqgqW",
"date":"2013-06-06 00:15:53"
},
{
"kids":[],
"uid":"2708822945",
"parent":"",
"text":"",
"mid":"zA4RqdGiy",
"date":"2013-06-06 00:15:02"
},
{
"kids":[],
"uid":"zhangjiedota",
"parent":"zA4hQDOpd",
"text":"",
"mid":"zA4PTiekP",
"date":"2013-06-06 00:11:14"
},
{
"kids":[
"zAa7atFd3",
"zA9XIcjQ3",
"zA9TFEPMT",
"zA9vQtXno",
"zA8lBqaYy",
"zA80fC5OM"
],
"uid":"1952284614",
"parent":"zA4hQDOpd",
"text":"",
"mid":"zA4Mu5zSo",
"date":"2013-06-06 00:02:52"
},
{
"kids":[
"zA9C97RMl",
"zA4RLqgqW"
],
"uid":"1281517270",
"parent":"zA4BydysA",
"text":"",
"mid":"zA4KQoSGE",
"date":"2013-06-05 23:58:50"
},
{
"kids":[],
"uid":"lyunqi",
"parent":"",
"text":"转发微博。",
"mid":"zA4KNbkiq",
"date":"2013-06-05 23:58:41"
},
{
"kids":[],
"uid":"2102019520",
"parent":"zA4HM7Z5E",
"text":"",
"mid":"zA4J4uceX",
"date":"2013-06-05 23:54:28"
},
{
"kids":[],
"uid":"711021456",
"parent":"",
"text":"",
"mid":"zA4IQgTQw",
"date":"2013-06-05 23:53:50"
},
{
"kids":[
"zA4J4uceX"
],
"uid":"2159265764",
"parent":"zA4E1yMmc",
"text":"",
"mid":"zA4HM7Z5E",
"date":"2013-06-05 23:51:16"
},
{
"kids":[
"zA99hzQqh"
],
"uid":"2504517191",
"parent":"zA4hQDOpd",
"text":"",
"mid":"zA4HGuSOq",
"date":"2013-06-05 23:51:02"
},
{
"kids":[
"zA7QEtzZZ"
],
"uid":"2064522673",
"parent":"zA4hQDOpd",
"text":"",
"mid":"zA4Gnxjz2",
"date":"2013-06-05 23:47:51"
},
{
"kids":[
"zA4J4uceX",
"zA4HM7Z5E"
],
"uid":"1777384837",
"parent":"zA4BydysA",
"text":"",
"mid":"zA4E1yMmc",
"date":"2013-06-05 23:42:00"
},
{
"kids":[],
"uid":"2190198327",
"parent":"zA4iutC7X",
"text":"",
"mid":"zA4DC83K2",
"date":"2013-06-05 23:41:02"
},
{
"kids":[],
"uid":"12060224",
"parent":"zA4BfiqQd",
"text":"",
"mid":"zA4Ccphyz",
"date":"2013-06-05 23:37:28"
},
{
"kids":[
"zA9C97RMl",
"zA5s33oBF",
"zA4RLqgqW",
"zA4KQoSGE",
"zA4J4uceX",
"zA4HM7Z5E",
"zA4E1yMmc"
],
"uid":"2240504174",
"parent":"",
"text":"",
"mid":"zA4BydysA",
"date":"2013-06-05 23:35:55"
},
{
"kids":[
"zA4Ccphyz"
],
"uid":"wyy1223",
"parent":"zA4xI4nDS",
"text":"",
"mid":"zA4BfiqQd",
"date":"2013-06-05 23:35:12"
},
{
"kids":[],
"uid":"2024023861",
"parent":"zA3VVlylv",
"text":"",
"mid":"zA4A89WRu",
"date":"2013-06-05 23:32:24"
},
{
"kids":[],
"uid":"cmhcharactertide",
"parent":"",
"text":"",
"mid":"zA4yX9w99",
"date":"2013-06-05 23:29:32"
},
{
"kids":[],
"uid":"2195798601",
"parent":"",
"text":"",
"mid":"zA4ynmmrO",
"date":"2013-06-05 23:28:07"
},
{
"kids":[
"zA4Ccphyz",
"zA4BfiqQd"
],
"uid":"1774756907",
"parent":"zA4hQDOpd",
"text":"",
"mid":"zA4xI4nDS",
"date":"2013-06-05 23:26:28"
},
{
"kids":[],
"uid":"2402582942",
"parent":"",
"text":"扩",
"mid":"zA4xjwfab",
"date":"2013-06-05 23:25:28"
},
{
"kids":[
"zAa39oEiH",
"zA9OAmbbO",
"zA9HltmHl",
"zA9kTrDN3",
"zA9ax2hUQ",
"zA8SB8ffe",
"zA8G6hC3O",
"zA8qMBvoa",
"zA57HiDjF"
],
"uid":"3040329361",
"parent":"zA4uezg8N",
"text":"扩！",
"mid":"zA4wMnDga",
"date":"2013-06-05 23:24:09"
},
{
"kids":[],
"uid":"2317215410",
"parent":"",
"text":"",
"mid":"zA4vLrpY9",
"date":"2013-06-05 23:21:39"
},
{
"kids":[],
"uid":"1915550175",
"parent":"",
"text":"转发微博。",
"mid":"zA4unvlpk",
"date":"2013-06-05 23:18:13"
},
{
"kids":[
"zAa39oEiH",
"zA9OAmbbO",
"zA9HltmHl",
"zA9kTrDN3",
"zA9ax2hUQ",
"zA8SB8ffe",
"zA8G6hC3O",
"zA8qMBvoa",
"zA57HiDjF",
"zA4wMnDga"
],
"uid":"2421359943",
"parent":"",
"text":"扩~",
"mid":"zA4uezg8N",
"date":"2013-06-05 23:17:54"
},
{
"kids":[],
"uid":"2476277133",
"parent":"zA4hQDOpd",
"text":"高考加油！！！",
"mid":"zA4sImuWF",
"date":"2013-06-05 23:14:09"
},
{
"kids":[],
"uid":"1800322247",
"parent":"zA4hQDOpd",
"text":"",
"mid":"zA4pWmsJw",
"date":"2013-06-05 23:07:20"
},
{
"kids":[],
"uid":"1959830687",
"parent":"",
"text":"",
"mid":"zA4pyrZiZ",
"date":"2013-06-05 23:06:21"
},
{
"kids":[],
"uid":"345452622",
"parent":"zA4hQDOpd",
"text":"",
"mid":"zA4mAjtFo",
"date":"2013-06-05 22:59:04"
},
{
"kids":[],
"uid":"well0124",
"parent":"zA4j2cxmH",
"text":"",
"mid":"zA4lXktKu",
"date":"2013-06-05 22:57:28"
},
{
"kids":[],
"uid":"1844011652",
"parent":"",
"text":"",
"mid":"zA4kQua9W",
"date":"2013-06-05 22:54:47"
},
{
"kids":[],
"uid":"577442881",
"parent":"zA4iutC7X",
"text":"",
"mid":"zA4kr42oc",
"date":"2013-06-05 22:53:44"
},
{
"kids":[],
"uid":"2036378660",
"parent":"zA4hQDOpd",
"text":"",
"mid":"zA4jEBObQ",
"date":"2013-06-05 22:51:49"
},
{
"kids":[],
"uid":"2015436584",
"parent":"zA4j91GA0",
"text":"",
"mid":"zA4jjDOF5",
"date":"2013-06-05 22:50:59"
},
{
"kids":[],
"uid":"2438607094",
"parent":"zA4iwC0Z2",
"text":"",
"mid":"zA4jjDOrC",
"date":"2013-06-05 22:50:58"
},
{
"kids":[
"zA5fdhDav",
"zA54aDs4g",
"zA50HeZX3",
"zA4jjDOF5"
],
"uid":"1834856034",
"parent":"",
"text":"[话筒]",
"mid":"zA4j91GA0",
"date":"2013-06-05 22:50:33"
},
{
"kids":[
"zA4lXktKu"
],
"uid":"welljiarlee",
"parent":"zA4hQDOpd",
"text":"",
"mid":"zA4j2cxmH",
"date":"2013-06-05 22:50:20"
},
{
"kids":[
"zA4jjDOrC"
],
"uid":"301206547",
"parent":"zA4hQDOpd",
"text":"",
"mid":"zA4iwC0Z2",
"date":"2013-06-05 22:49:04"
},
{
"kids":[
"zA4DC83K2",
"zA4kr42oc"
],
"uid":"2311744237",
"parent":"zA4hQDOpd",
"text":"",
"mid":"zA4iutC7X",
"date":"2013-06-05 22:48:58"
},
{
"kids":[],
"uid":"1831790535",
"parent":"zA4hQDOpd",
"text":"",
"mid":"zA4ikqMzW",
"date":"2013-06-05 22:48:33"
},
{
"kids":[
"zA88d7gcR"
],
"uid":"1969332337",
"parent":"",
"text":"",
"mid":"zA4i4cN67",
"date":"2013-06-05 22:47:56"
},
{
"kids":[],
"uid":"2868712172",
"parent":"",
"text":"",
"mid":"zA4hTiIUa",
"date":"2013-06-05 22:47:31"
},
{
"kids":[
"zAa7atFd3",
"zA9XIcjQ3",
"zA9TFEPMT",
"zA9vQtXno",
"zA99hzQqh",
"zA8lBqaYy",
"zA80fC5OM",
"zA7QEtzZZ",
"zA4PTiekP",
"zA4Mu5zSo",
"zA4HGuSOq",
"zA4Gnxjz2",
"zA4DC83K2",
"zA4Ccphyz",
"zA4BfiqQd",
"zA4xI4nDS",
"zA4sImuWF",
"zA4pWmsJw",
"zA4mAjtFo",
"zA4lXktKu",
"zA4kr42oc",
"zA4jEBObQ",
"zA4jjDOrC",
"zA4j2cxmH",
"zA4iwC0Z2",
"zA4iutC7X",
"zA4ikqMzW"
],
"uid":"sveg",
"parent":"",
"text":"",
"mid":"zA4hQDOpd",
"date":"2013-06-05 22:47:21"
},
{
"kids":[],
"uid":"1967249995",
"parent":"",
"text":"",
"mid":"zA4gdhCaG",
"date":"2013-06-05 22:43:19"
},
{
"kids":[],
"uid":"1904410345",
"parent":"",
"text":"",
"mid":"zA4eLaRKj",
"date":"2013-06-05 22:39:47"
},
{
"kids":[],
"uid":"1827320901",
"parent":"zA49ivKtn",
"text":"",
"mid":"zA4dJj0GI",
"date":"2013-06-05 22:37:11"
},
{
"kids":[],
"uid":"wanghuiyi1993",
"parent":"",
"text":"学弟学妹们高考别出意外啊~~",
"mid":"zA4c8BPNk",
"date":"2013-06-05 22:33:20"
},
{
"kids":[],
"uid":"2077007501",
"parent":"",
"text":"",
"mid":"zA4aYxBaw",
"date":"2013-06-05 22:30:28"
},
{
"kids":[
"zA9CJc9X9",
"zA9trghPE",
"zA99xxkW6",
"zA8Pn2tR5",
"zA8O17uLv",
"zA8DmEQMC",
"zA7BioMKs"
],
"uid":"1778811487",
"parent":"",
"text":"",
"mid":"zA4a3tbrU",
"date":"2013-06-05 22:28:12"
},
{
"kids":[
"zA4dJj0GI"
],
"uid":"1772803747",
"parent":"zA44IyltJ",
"text":"海口有十八中吗？会不会是市八中？ 在盐灶附近捡的吗！",
"mid":"zA49ivKtn",
"date":"2013-06-05 22:26:18"
},
{
"kids":[],
"uid":"2821849791",
"parent":"",
"text":"",
"mid":"zA455iOVS",
"date":"2013-06-05 22:15:56"
},
{
"kids":[
"zA4dJj0GI",
"zA49ivKtn"
],
"uid":"xch0717",
"parent":"zA3VVlylv",
"text":"天呐！",
"mid":"zA44IyltJ",
"date":"2013-06-05 22:15:01"
},
{
"kids":[],
"uid":"2092252161",
"parent":"",
"text":"",
"mid":"zA41Gi88T",
"date":"2013-06-05 22:07:33"
},
{
"kids":[
"zA4A89WRu",
"zA4dJj0GI",
"zA49ivKtn",
"zA44IyltJ"
],
"uid":"1407025090",
"parent":"",
"text":"[抓狂]",
"mid":"zA3VVlylv",
"date":"2013-06-05 21:53:23"
},
{
"kids":[],
"uid":"2467642604",
"parent":"",
"text":"",
"mid":"zA3VuafIr",
"date":"2013-06-05 21:52:18"
},
{
"kids":[],
"uid":"2239798824",
"parent":"",
"text":"帮帮@赵晓好中国梦之声",
"mid":"zA3UI2y3L",
"date":"2013-06-05 21:50:23"
}
]