[
{
"kids":[],
"uid":"2418730107",
"parent":"",
"text":"",
"mid":"zakhy0YgH",
"date":"2012-12-18 15:42:42"
},
{
"kids":[],
"uid":"1737408990",
"parent":"z8EPAbikE",
"text":"呵呵，这位新浪微博社区委员会专家成员，居然转这种不实消息，而且还随便骂人，@新浪 管管吧，别一直搞和谐",
"mid":"z8XYNya6l",
"date":"2012-12-09 17:05:47"
},
{
"kids":[],
"uid":"2920584400",
"parent":"",
"text":"",
"mid":"z8UpocqeQ",
"date":"2012-12-09 08:00:18"
},
{
"kids":[],
"uid":"2803704997",
"parent":"z8FLhq9B1",
"text":"",
"mid":"z8QAweRW3",
"date":"2012-12-08 22:16:40"
},
{
"kids":[],
"uid":"1093908074",
"parent":"",
"text":"傻逼！银行的人都承认了，你特么的还在辟谣！",
"mid":"z8NQ3p8bW",
"date":"2012-12-08 15:16:46"
},
{
"kids":[],
"uid":"1161574417",
"parent":"",
"text":"",
"mid":"z8NgSCBUt",
"date":"2012-12-08 13:50:05"
},
{
"kids":[],
"uid":"1104880297",
"parent":"",
"text":"[围观]",
"mid":"z8Nggv2pM",
"date":"2012-12-08 13:48:36"
},
{
"kids":[],
"uid":"mryuri",
"parent":"",
"text":"",
"mid":"z8NfEr65x",
"date":"2012-12-08 13:47:05"
},
{
"kids":[],
"uid":"hunphy",
"parent":"",
"text":"",
"mid":"z8N9g8dTc",
"date":"2012-12-08 13:31:18"
},
{
"kids":[],
"uid":"hunphy",
"parent":"",
"text":"",
"mid":"z8N2jADE8",
"date":"2012-12-08 13:14:15"
},
{
"kids":[],
"uid":"yanyuart",
"parent":"z8EPAbikE",
"text":"求证！",
"mid":"z8MUThA54",
"date":"2012-12-08 12:55:57"
},
{
"kids":[],
"uid":"yanyuart",
"parent":"",
"text":"求证！",
"mid":"z8MUww8A4",
"date":"2012-12-08 12:55:01"
},
{
"kids":[],
"uid":"2775140675",
"parent":"z8MuOAwaO",
"text":"特妈不是吧？",
"mid":"z8MEJvZ0k",
"date":"2012-12-08 12:16:08"
},
{
"kids":[
"z8MEJvZ0k"
],
"uid":"wangpeng148",
"parent":"",
"text":"挤兑？？",
"mid":"z8MuOAwaO",
"date":"2012-12-08 11:51:42"
},
{
"kids":[],
"uid":"2622958833",
"parent":"",
"text":"@Sky_413",
"mid":"z8MoJxf6d",
"date":"2012-12-08 11:36:44"
},
{
"kids":[],
"uid":"2736825582",
"parent":"",
"text":"",
"mid":"z8Mfsf1WS",
"date":"2012-12-08 11:13:51"
},
{
"kids":[],
"uid":"cq4949",
"parent":"",
"text":"",
"mid":"z8MdOgppl",
"date":"2012-12-08 11:09:48"
},
{
"kids":[],
"uid":"1969891537",
"parent":"",
"text":"",
"mid":"z8M9Zz2yA",
"date":"2012-12-08 11:00:24"
},
{
"kids":[],
"uid":"2068411905",
"parent":"",
"text":"",
"mid":"z8M8RiypW",
"date":"2012-12-08 10:57:36"
},
{
"kids":[],
"uid":"2153309321",
"parent":"",
"text":"",
"mid":"z8M5c1v9o",
"date":"2012-12-08 10:48:34"
},
{
"kids":[],
"uid":"2085633117",
"parent":"",
"text":"不属实？怕是无风不起浪吧",
"mid":"z8M3O3mCO",
"date":"2012-12-08 10:45:09"
},
{
"kids":[],
"uid":"211567878",
"parent":"",
"text":"",
"mid":"z8M1yzixY",
"date":"2012-12-08 10:39:37"
},
{
"kids":[],
"uid":"2119994901",
"parent":"",
"text":"不可能[鄙视]",
"mid":"z8M1fllPi",
"date":"2012-12-08 10:38:51"
},
{
"kids":[],
"uid":"2896528651",
"parent":"",
"text":"[围观]",
"mid":"z8M1dk5fz",
"date":"2012-12-08 10:38:46"
},
{
"kids":[],
"uid":"3136398797",
"parent":"",
"text":"",
"mid":"z8M14qORl",
"date":"2012-12-08 10:38:25"
},
{
"kids":[],
"uid":"1566067347",
"parent":"",
"text":"",
"mid":"z8M0Zr80T",
"date":"2012-12-08 10:38:12"
},
{
"kids":[],
"uid":"cjzb666",
"parent":"z8EGNBftZ",
"text":"关注！",
"mid":"z8M08wGgI",
"date":"2012-12-08 10:36:06"
},
{
"kids":[],
"uid":"2834864312",
"parent":"z8HlMoqXD",
"text":"[晕]",
"mid":"z8L0YdKcl",
"date":"2012-12-08 08:05:23"
},
{
"kids":[],
"uid":"1583478297",
"parent":"z8EYwx9Le",
"text":"",
"mid":"z8KSQ4f2p",
"date":"2012-12-08 07:45:23"
},
{
"kids":[],
"uid":"2803697730",
"parent":"z8EYwx9Le",
"text":"",
"mid":"z8KSQ3EzP",
"date":"2012-12-08 07:45:23"
},
{
"kids":[],
"uid":"1581785304",
"parent":"",
"text":"",
"mid":"z8IMSz5vT",
"date":"2012-12-08 02:25:13"
},
{
"kids":[],
"uid":"2807831104",
"parent":"",
"text":"",
"mid":"z8IMSz5uL",
"date":"2012-12-08 02:25:13"
},
{
"kids":[],
"uid":"1808736620",
"parent":"z8FDfvPS9",
"text":"@钧文旺年 真的说中了",
"mid":"z8IfqfDZa",
"date":"2012-12-08 01:02:46"
},
{
"kids":[],
"uid":"2919774502",
"parent":"",
"text":"",
"mid":"z8Hyc8kcU",
"date":"2012-12-07 23:16:14"
},
{
"kids":[],
"uid":"2920381930",
"parent":"",
"text":"",
"mid":"z8Hyc7ihx",
"date":"2012-12-07 23:16:17"
},
{
"kids":[],
"uid":"yuxianghua1",
"parent":"z8GCW74rt",
"text":"真的假的？",
"mid":"z8HuuydWC",
"date":"2012-12-07 23:07:11"
},
{
"kids":[],
"uid":"tinklexia1122",
"parent":"z8FDfvPS9",
"text":"[奥特曼]",
"mid":"z8Hqwn5QQ",
"date":"2012-12-07 22:57:21"
},
{
"kids":[],
"uid":"1802663852",
"parent":"z8Ff3lkSi",
"text":"关注",
"mid":"z8HlYvrL1",
"date":"2012-12-07 22:46:12"
},
{
"kids":[
"z8L0YdKcl"
],
"uid":"jiadingtgw",
"parent":"",
"text":"[草泥马][草泥马]",
"mid":"z8HlMoqXD",
"date":"2012-12-07 22:45:42"
},
{
"kids":[],
"uid":"2275038935",
"parent":"z8H5guHla",
"text":"",
"mid":"z8HbDwNKR",
"date":"2012-12-07 22:20:43"
},
{
"kids":[],
"uid":"pidan8",
"parent":"z8FZ38slk",
"text":"不是说，世界末日是21号嘛？[吃惊][思考][疑问][疑问][疑问]",
"mid":"z8H8n9d6z",
"date":"2012-12-07 22:12:39"
},
{
"kids":[
"z8HbDwNKR"
],
"uid":"hb818",
"parent":"z8GQyBkRq",
"text":"回复@施力勤:挤兑本金怎可能损失这多?除非华夏银行破产。",
"mid":"z8H5guHla",
"date":"2012-12-07 22:05:00"
},
{
"kids":[],
"uid":"1660212241",
"parent":"z8H3j5qel",
"text":"是因为理财没到预计收益吗？",
"mid":"z8H4Ch2ds",
"date":"2012-12-07 22:03:27"
},
{
"kids":[],
"uid":"2126031792",
"parent":"z8H1N3Cyk",
"text":"[吃惊]华夏银行怎么了？缺多少钱？我华夏的信用卡这个月还有两千没有还，要不要先还给他们救救急？",
"mid":"z8H4C0s4q",
"date":"2012-12-07 22:03:24"
},
{
"kids":[
"z8H4Ch2ds"
],
"uid":"1915303765",
"parent":"z8GCW74rt",
"text":"",
"mid":"z8H3j5qel",
"date":"2012-12-07 22:00:11"
},
{
"kids":[],
"uid":"3061959311",
"parent":"",
"text":"中国百姓的愚昧就在于，只要是个银行就是保险的，以为都是国家的可靠的！恰恰这些野鸡银行，保险公司就是利用了百姓的这个定势错觉！",
"mid":"z8H2K9OVy",
"date":"2012-12-07 21:58:48"
},
{
"kids":[],
"uid":"1791666077",
"parent":"z8FDfvPS9",
"text":"@Treyyao",
"mid":"z8H1TgU18",
"date":"2012-12-07 21:56:41"
},
{
"kids":[
"z8H4C0s4q"
],
"uid":"joycezqy",
"parent":"",
"text":"偶哟，还真发生挤兑啊",
"mid":"z8H1N3Cyk",
"date":"2012-12-07 21:56:25"
},
{
"kids":[],
"uid":"1843902691",
"parent":"z8GCW74rt",
"text":"表述不准确啊，貌似是买了什么理财东东结果不兑现吧？",
"mid":"z8H1v21Um",
"date":"2012-12-07 21:55:44"
},
{
"kids":[],
"uid":"2097584554",
"parent":"z8GnguFm0",
"text":"[吃惊]",
"mid":"z8GZWoSre",
"date":"2012-12-07 21:51:55"
},
{
"kids":[],
"uid":"2803394737",
"parent":"",
"text":"等真相",
"mid":"z8GZ0vUSi",
"date":"2012-12-07 21:49:34"
},
{
"kids":[],
"uid":"2289208030",
"parent":"z8Ga2eUZS",
"text":"礼拜一就爆了",
"mid":"z8GXwkuBN",
"date":"2012-12-07 21:45:54"
},
{
"kids":[
"z8H5guHla"
],
"uid":"hb818",
"parent":"z8F8a3uZC",
"text":"是利息损失吗?",
"mid":"z8GQyBkRq",
"date":"2012-12-07 21:28:44"
},
{
"kids":[],
"uid":"2180234755",
"parent":"",
"text":"",
"mid":"z8GPws02A",
"date":"2012-12-07 21:26:13"
},
{
"kids":[],
"uid":"1704693287",
"parent":"z8GCW74rt",
"text":"",
"mid":"z8GME1ntO",
"date":"2012-12-07 21:19:06"
},
{
"kids":[],
"uid":"2339819657",
"parent":"z8FDfvPS9",
"text":"@其实94天使 [威武]",
"mid":"z8GLWhXuu",
"date":"2012-12-07 21:17:24"
},
{
"kids":[],
"uid":"lovelytang",
"parent":"z8GGtma1I",
"text":"",
"mid":"z8GJ8eECk",
"date":"2012-12-07 21:10:30"
},
{
"kids":[
"z8GJ8eECk"
],
"uid":"1951575573",
"parent":"z8FZhBR9h",
"text":"原来嘉定也有啊[晕]",
"mid":"z8GGtma1I",
"date":"2012-12-07 21:03:55"
},
{
"kids":[],
"uid":"1743422045",
"parent":"",
"text":"",
"mid":"z8GGl5Mwo",
"date":"2012-12-07 21:03:37"
},
{
"kids":[],
"uid":"piratas",
"parent":"z8FDq9iVw",
"text":"",
"mid":"z8GDoaiRT",
"date":"2012-12-07 20:56:18"
},
{
"kids":[
"z8HuuydWC",
"z8H3j5qel",
"z8H1v21Um",
"z8GME1ntO"
],
"uid":"yuyang1115",
"parent":"z8FMZdU9v",
"text":"我嚓",
"mid":"z8GCW74rt",
"date":"2012-12-07 20:55:09"
},
{
"kids":[],
"uid":"2057607697",
"parent":"z8FDfvPS9",
"text":"",
"mid":"z8GBRAcln",
"date":"2012-12-07 20:52:35"
},
{
"kids":[],
"uid":"2804473184",
"parent":"z8EPVrO8r",
"text":"",
"mid":"z8GBMhbag",
"date":"2012-12-07 20:52:22"
},
{
"kids":[],
"uid":"1996739263",
"parent":"z8FDfvPS9",
"text":"真的假的",
"mid":"z8GAd2M0z",
"date":"2012-12-07 20:48:31"
},
{
"kids":[],
"uid":"532078908",
"parent":"",
"text":"别的支行取不出?小区门口竟然有赤果果高息揽储的广告",
"mid":"z8GA0Ejem",
"date":"2012-12-07 20:48:00"
},
{
"kids":[],
"uid":"2409730575",
"parent":"z8Fvh9yrf",
"text":"",
"mid":"z8GvO1xgV",
"date":"2012-12-07 20:37:39"
},
{
"kids":[],
"uid":"2447262331",
"parent":"",
"text":"五毛拿好",
"mid":"z8GqO5gmH",
"date":"2012-12-07 20:25:18"
},
{
"kids":[],
"uid":"2385882357",
"parent":"z8FjkDhRk",
"text":"满口饭可以吃，满口话不能乱说！专家吗？是专门说假话的＂专假＂吧！[挖鼻屎]",
"mid":"z8GoRw6G3",
"date":"2012-12-07 20:20:33"
},
{
"kids":[
"z8GZWoSre"
],
"uid":"1415153842",
"parent":"z8GmuBbrZ",
"text":"[吃惊]",
"mid":"z8GnguFm0",
"date":"2012-12-07 20:16:37"
},
{
"kids":[
"z8GnguFm0"
],
"uid":"1861963595",
"parent":"z8F9L0EBU",
"text":"[衰][衰][衰]",
"mid":"z8GmuBbrZ",
"date":"2012-12-07 20:14:42"
},
{
"kids":[],
"uid":"2140656785",
"parent":"",
"text":"恐怖啊！",
"mid":"z8Gl0aLRg",
"date":"2012-12-07 20:11:01"
},
{
"kids":[],
"uid":"1309260105",
"parent":"",
"text":"[囧] http:",
"mid":"z8GjSa3Eb",
"date":"2012-12-07 20:08:14"
},
{
"kids":[],
"uid":"2722153024",
"parent":"",
"text":"",
"mid":"z8GhfzkhJ",
"date":"2012-12-07 20:01:48"
},
{
"kids":[],
"uid":"2325601225",
"parent":"",
"text":"",
"mid":"z8GgJFlEQ",
"date":"2012-12-07 20:00:32"
},
{
"kids":[],
"uid":"2269836897",
"parent":"z8FE1FRPI",
"text":"回复@行走中的菠萝:[握手]微博刷一刷，胜读十年书呐~",
"mid":"z8GftnIs7",
"date":"2012-12-07 19:57:25"
},
{
"kids":[],
"uid":"sunny1958",
"parent":"",
"text":"回复@施力勤:哦，是这样，有点孤陋寡闻了。如此这般，如何是好!",
"mid":"z8GeHcGR7",
"date":"2012-12-07 19:55:29"
},
{
"kids":[],
"uid":"yangxiaoming28",
"parent":"z8Fvh9yrf",
"text":"吃惊]什么情况？？？？",
"mid":"z8GcazdaI",
"date":"2012-12-07 19:49:14"
},
{
"kids":[],
"uid":"1976816555",
"parent":"z8FDfvPS9",
"text":"@小凤不再幻想 @kity-qww @天堂魔鬼1 @-黑先生- [挖鼻屎]不牢靠的",
"mid":"z8Gc45lV8",
"date":"2012-12-07 19:49:01"
},
{
"kids":[],
"uid":"1400045975",
"parent":"",
"text":"求辟谣",
"mid":"z8GbDcNYU",
"date":"2012-12-07 19:47:54"
},
{
"kids":[],
"uid":"2193764103",
"parent":"z8FGmsYlS",
"text":"",
"mid":"z8GbvuEAx",
"date":"2012-12-07 19:47:39"
},
{
"kids":[],
"uid":"2286083794",
"parent":"z8FTz1u24",
"text":"@浮世的湖 胖子求辟谣",
"mid":"z8Gaq9bB6",
"date":"2012-12-07 19:44:59"
},
{
"kids":[
"z8GXwkuBN"
],
"uid":"missyou429",
"parent":"z8FDfvPS9",
"text":"[吃惊]",
"mid":"z8Ga2eUZS",
"date":"2012-12-07 19:43:59"
},
{
"kids":[],
"uid":"2825458284",
"parent":"z8G7i2wZc",
"text":"[吃惊]",
"mid":"z8G9oDnej",
"date":"2012-12-07 19:42:27"
},
{
"kids":[],
"uid":"1965563174",
"parent":"z8G7sn06d",
"text":"用理财产品把储户钱骗光，垃圾银行",
"mid":"z8G96zlf6",
"date":"2012-12-07 19:41:45"
},
{
"kids":[],
"uid":"1684367325",
"parent":"z8Fvh9yrf",
"text":"",
"mid":"z8G8CafW3",
"date":"2012-12-07 19:40:30"
},
{
"kids":[],
"uid":"1699342067",
"parent":"z8FThzPl6",
"text":"搞笑，只是一个支行被挤兑那就是暂时缺钱而已。储户怎么损失了？",
"mid":"z8G8aF33L",
"date":"2012-12-07 19:39:26"
},
{
"kids":[],
"uid":"assyriaempire",
"parent":"",
"text":"",
"mid":"z8G7wc83i",
"date":"2012-12-07 19:37:49"
},
{
"kids":[
"z8G96zlf6"
],
"uid":"ethaneno",
"parent":"z8FZ38slk",
"text":"",
"mid":"z8G7sn06d",
"date":"2012-12-07 19:37:38"
},
{
"kids":[
"z8G9oDnej"
],
"uid":"1644098145",
"parent":"z8FOEDKBJ",
"text":"这么大的银行还怕挤兑？！",
"mid":"z8G7i2wZc",
"date":"2012-12-07 19:37:15"
},
{
"kids":[],
"uid":"1678993727",
"parent":"z8FUlr5pJ",
"text":"",
"mid":"z8G6agBdY",
"date":"2012-12-07 19:34:29"
},
{
"kids":[],
"uid":"1305998085",
"parent":"z8FFGeFLT",
"text":"谁能解释一下？",
"mid":"z8G5dbsjb",
"date":"2012-12-07 19:32:07"
},
{
"kids":[],
"uid":"1798824091",
"parent":"",
"text":"[汗]",
"mid":"z8G3RzWT2",
"date":"2012-12-07 19:28:48"
},
{
"kids":[],
"uid":"2410684774",
"parent":"z8FKvf5bN",
"text":"",
"mid":"z8G2cb5l0",
"date":"2012-12-07 19:24:42"
},
{
"kids":[],
"uid":"1774955430",
"parent":"",
"text":"",
"mid":"z8G0GtXdg",
"date":"2012-12-07 19:20:59"
},
{
"kids":[],
"uid":"2153217174",
"parent":"",
"text":"未经核实，先转了",
"mid":"z8FZz0sG3",
"date":"2012-12-07 19:18:13"
},
{
"kids":[
"z8GGtma1I"
],
"uid":"2019636161",
"parent":"z8FDfvPS9",
"text":"[晕][衰]",
"mid":"z8FZhBR9h",
"date":"2012-12-07 19:17:30"
},
{
"kids":[
"z8H8n9d6z",
"z8G7sn06d"
],
"uid":"1803532315",
"parent":"z8FUlr5pJ",
"text":"[吃惊]",
"mid":"z8FZ38slk",
"date":"2012-12-07 19:16:57"
},
{
"kids":[],
"uid":"2305434297",
"parent":"",
"text":"／／",
"mid":"z8FYOmwac",
"date":"2012-12-07 19:16:20"
},
{
"kids":[],
"uid":"2233464763",
"parent":"",
"text":"",
"mid":"z8FYcdHR9",
"date":"2012-12-07 19:14:50"
},
{
"kids":[],
"uid":"1902686565",
"parent":"z8F7ytTaq",
"text":"华厦倒闭?",
"mid":"z8FY86eTs",
"date":"2012-12-07 19:14:41"
},
{
"kids":[],
"uid":"adopin",
"parent":"z8FnAfdsn",
"text":"",
"mid":"z8FY07ts1",
"date":"2012-12-07 19:14:21"
},
{
"kids":[],
"uid":"yunanw",
"parent":"z8FKXEHLR",
"text":"不知真假",
"mid":"z8FX54JGF",
"date":"2012-12-07 19:12:06"
},
{
"kids":[],
"uid":"1275226027",
"parent":"z8FDB7YTF",
"text":"",
"mid":"z8FVQvcD8",
"date":"2012-12-07 19:09:04"
},
{
"kids":[],
"uid":"guhaimuyu",
"parent":"",
"text":"恁么回事？那么大华夏银行会挤提？储户怎么会损失那么多？被掏了啊？",
"mid":"z8FVQvcCP",
"date":"2012-12-07 19:09:04"
},
{
"kids":[],
"uid":"ryokokoro",
"parent":"",
"text":"也没准是1221闹得，好歹得买口切糕尝尝啊",
"mid":"z8FVwaju9",
"date":"2012-12-07 19:08:15"
},
{
"kids":[],
"uid":"echodurui",
"parent":"z8FBQ4ONX",
"text":"华夏得开始危机公关啊！抓自己的员工顶包没用撒",
"mid":"z8FV9oRWr",
"date":"2012-12-07 19:07:21"
},
{
"kids":[
"z8G6agBdY",
"z8FZ38slk"
],
"uid":"qimaqima",
"parent":"z8FDfvPS9",
"text":"",
"mid":"z8FUlr5pJ",
"date":"2012-12-07 19:05:23"
},
{
"kids":[],
"uid":"1252899455",
"parent":"z8FTkunL3",
"text":"",
"mid":"z8FU9laz8",
"date":"2012-12-07 19:04:53"
},
{
"kids":[],
"uid":"11749520",
"parent":"z8FDfvPS9",
"text":"只追求高收益卻無法承擔高風險，投資人也有問題[挖鼻屎] 賭博愿賭就要服輸",
"mid":"z8FTWm8IZ",
"date":"2012-12-07 19:04:20"
},
{
"kids":[
"z8Gaq9bB6"
],
"uid":"1849780835",
"parent":"z8FDfvPS9",
"text":"不明真相无知群众围观",
"mid":"z8FTz1u24",
"date":"2012-12-07 19:03:27"
},
{
"kids":[],
"uid":"2176858502",
"parent":"z8F8a3uZC",
"text":"估计和理财产品的事有关。",
"mid":"z8FTsvVGt",
"date":"2012-12-07 19:03:11"
},
{
"kids":[
"z8FU9laz8"
],
"uid":"1408190485",
"parent":"z8FAPpJbY",
"text":"[衰]",
"mid":"z8FTkunL3",
"date":"2012-12-07 19:02:50"
},
{
"kids":[
"z8G8aF33L"
],
"uid":"1879982484",
"parent":"z8FOEDKBJ",
"text":"",
"mid":"z8FThzPl6",
"date":"2012-12-07 19:02:45"
},
{
"kids":[],
"uid":"lingling13817972924",
"parent":"z8FJBoZ4j",
"text":"",
"mid":"z8FSkcgml",
"date":"2012-12-07 19:00:23"
},
{
"kids":[],
"uid":"ryokokoro",
"parent":"",
"text":"也没准是1221闹得，好歹得买口切糕尝尝啊",
"mid":"z8FR5lWes",
"date":"2012-12-07 18:57:20"
},
{
"kids":[],
"uid":"1224314377",
"parent":"z8FGPc2D9",
"text":"",
"mid":"z8FQu6jPw",
"date":"2012-12-07 18:55:49"
},
{
"kids":[],
"uid":"1400853034",
"parent":"",
"text":"得！",
"mid":"z8FQk3unx",
"date":"2012-12-07 18:55:24"
},
{
"kids":[],
"uid":"2601546745",
"parent":"",
"text":"",
"mid":"z8FQ8fanH",
"date":"2012-12-07 18:54:59"
},
{
"kids":[],
"uid":"mnzqw",
"parent":"z8FOy8yJt",
"text":"[围观]",
"mid":"z8FPkCs25",
"date":"2012-12-07 18:53:02"
},
{
"kids":[],
"uid":"2920130204",
"parent":"z8ERm7hEh",
"text":"",
"mid":"z8FP8tiC0",
"date":"2012-12-07 18:52:33"
},
{
"kids":[
"z8G7i2wZc",
"z8FThzPl6"
],
"uid":"1719417701",
"parent":"",
"text":"",
"mid":"z8FOEDKBJ",
"date":"2012-12-07 18:51:19"
},
{
"kids":[
"z8FPkCs25"
],
"uid":"junjun7878",
"parent":"z8FKvf5bN",
"text":"",
"mid":"z8FOy8yJt",
"date":"2012-12-07 18:51:05"
},
{
"kids":[],
"uid":"2105606032",
"parent":"z8FDfvPS9",
"text":"@ally点点 咋回事？",
"mid":"z8FO7i7Xj",
"date":"2012-12-07 18:50:01"
},
{
"kids":[],
"uid":"1939062263",
"parent":"z8FDB7YTF",
"text":"",
"mid":"z8FN4xYuU",
"date":"2012-12-07 18:47:28"
},
{
"kids":[
"z8GCW74rt"
],
"uid":"felixxu",
"parent":"",
"text":"[衰]",
"mid":"z8FMZdU9v",
"date":"2012-12-07 18:47:12"
},
{
"kids":[],
"uid":"hyx73",
"parent":"",
"text":"",
"mid":"z8FMTkgKy",
"date":"2012-12-07 18:46:59"
},
{
"kids":[],
"uid":"qdlkp",
"parent":"",
"text":"[汗]",
"mid":"z8FLSmxrB",
"date":"2012-12-07 18:44:30"
},
{
"kids":[],
"uid":"vivipp1980",
"parent":"z8FDfvPS9",
"text":"买时脑子发热的结果",
"mid":"z8FLS7Hyh",
"date":"2012-12-07 18:44:26"
},
{
"kids":[
"z8QAweRW3"
],
"uid":"2401378697",
"parent":"z8FDB7YTF",
"text":"[吃惊]",
"mid":"z8FLhq9B1",
"date":"2012-12-07 18:43:03"
},
{
"kids":[],
"uid":"2270925690",
"parent":"",
"text":"",
"mid":"z8FLg0mRj",
"date":"2012-12-07 18:42:58"
},
{
"kids":[
"z8FX54JGF"
],
"uid":"sumtec",
"parent":"z8FIHxMyV",
"text":"大炸弹！国内理财不安全鸟！",
"mid":"z8FKXEHLR",
"date":"2012-12-07 18:42:15"
},
{
"kids":[],
"uid":"1824648025",
"parent":"z8EPAbikE",
"text":"",
"mid":"z8FKQhAaW",
"date":"2012-12-07 18:41:57"
},
{
"kids":[
"z8G2cb5l0",
"z8FOy8yJt"
],
"uid":"2535147451",
"parent":"z8FH7cyKi",
"text":"",
"mid":"z8FKvf5bN",
"date":"2012-12-07 18:41:06"
},
{
"kids":[],
"uid":"2038737075",
"parent":"",
"text":"[围观]",
"mid":"z8FKo9AbH",
"date":"2012-12-07 18:40:50"
},
{
"kids":[],
"uid":"1931035867",
"parent":"",
"text":"假的吧",
"mid":"z8FKkBBJc",
"date":"2012-12-07 18:40:43"
},
{
"kids":[],
"uid":"135748128",
"parent":"",
"text":"粗大屎！！！",
"mid":"z8FJZnz5v",
"date":"2012-12-07 18:39:48"
},
{
"kids":[
"z8FSkcgml"
],
"uid":"rice1313",
"parent":"z8FDfvPS9",
"text":"",
"mid":"z8FJBoZ4j",
"date":"2012-12-07 18:38:51"
},
{
"kids":[],
"uid":"1934181190",
"parent":"z8FE1FRPI",
"text":"挖个坑，等到家后再围观[酷]",
"mid":"z8FJcAvIE",
"date":"2012-12-07 18:37:55"
},
{
"kids":[],
"uid":"1362517290",
"parent":"",
"text":"这条新闻，本身就存在问题，一个支行遭受挤兑就要关门吗。储户区区1300万元，华夏银行会支付不了？简直就是造谣。",
"mid":"z8FJ6ofHt",
"date":"2012-12-07 18:37:40"
},
{
"kids":[],
"uid":"monsanto",
"parent":"",
"text":"华夏银行嘉定支行现遭到挤兑现在关门了！！！其中一储户损失1300万元！！！",
"mid":"z8FJ6nfVa",
"date":"2012-12-07 18:37:40"
},
{
"kids":[],
"uid":"2505988683",
"parent":"",
"text":"",
"mid":"z8FJ41zm8",
"date":"2012-12-07 18:37:34"
},
{
"kids":[
"z8FKXEHLR"
],
"uid":"f365",
"parent":"",
"text":"",
"mid":"z8FIHxMyV",
"date":"2012-12-07 18:36:40"
},
{
"kids":[],
"uid":"1745831241",
"parent":"",
"text":"",
"mid":"z8FIiqIkF",
"date":"2012-12-07 18:35:41"
},
{
"kids":[],
"uid":"1336328915",
"parent":"z8Fo211LX",
"text":"",
"mid":"z8FHSqoY8",
"date":"2012-12-07 18:34:37"
},
{
"kids":[],
"uid":"1220280860",
"parent":"z8Fvh9yrf",
"text":"",
"mid":"z8FHOljZU",
"date":"2012-12-07 18:34:27"
},
{
"kids":[],
"uid":"2060666360",
"parent":"",
"text":"[衰]",
"mid":"z8FHKsEMb",
"date":"2012-12-07 18:34:21"
},
{
"kids":[],
"uid":"sunny1958",
"parent":"z8FwpwBOm",
"text":"为什么要挤兑？",
"mid":"z8FH8npdx",
"date":"2012-12-07 18:32:49"
},
{
"kids":[
"z8FKvf5bN"
],
"uid":"2627446197",
"parent":"",
"text":"关门？搞大了。",
"mid":"z8FH7cyKi",
"date":"2012-12-07 18:32:46"
},
{
"kids":[
"z8FQu6jPw"
],
"uid":"1691232732",
"parent":"",
"text":"",
"mid":"z8FGPc2D9",
"date":"2012-12-07 18:32:03"
},
{
"kids":[
"z8GbvuEAx"
],
"uid":"2112645211",
"parent":"",
"text":"这些个专家和委员都是豢养出来的货色，兄台淡定，呵呵",
"mid":"z8FGmsYlS",
"date":"2012-12-07 18:30:55"
},
{
"kids":[],
"uid":"hittleguo",
"parent":"",
"text":"这不算快讯了吧？[挖鼻屎]",
"mid":"z8FGmbn53",
"date":"2012-12-07 18:30:54"
},
{
"kids":[],
"uid":"1416992090",
"parent":"",
"text":"这样不知廉耻的银行留他作甚，这要在国外，早就被挤兑了",
"mid":"z8FG7nJlB",
"date":"2012-12-07 18:30:17"
},
{
"kids":[],
"uid":"berserk6356",
"parent":"",
"text":"什么情况？华夏要关门了吗？",
"mid":"z8FG28BHe",
"date":"2012-12-07 18:30:06"
},
{
"kids":[],
"uid":"2137311005",
"parent":"",
"text":"",
"mid":"z8FG1t4EE",
"date":"2012-12-07 18:30:05"
},
{
"kids":[],
"uid":"1651338383",
"parent":"",
"text":"",
"mid":"z8FFSB5DD",
"date":"2012-12-07 18:29:44"
},
{
"kids":[],
"uid":"jessie8665",
"parent":"z8FDfvPS9",
"text":"",
"mid":"z8FFRu6A4",
"date":"2012-12-07 18:29:41"
},
{
"kids":[
"z8G5dbsjb"
],
"uid":"pangzimiqilin",
"parent":"",
"text":"",
"mid":"z8FFGeFLT",
"date":"2012-12-07 18:29:14"
},
{
"kids":[],
"uid":"cqxiangyu",
"parent":"",
"text":"",
"mid":"z8FFFlqFZ",
"date":"2012-12-07 18:29:12"
},
{
"kids":[],
"uid":"2690094841",
"parent":"",
"text":"",
"mid":"z8FFvkiRv",
"date":"2012-12-07 18:28:48"
},
{
"kids":[],
"uid":"1903289614",
"parent":"",
"text":"",
"mid":"z8FFraqGC",
"date":"2012-12-07 18:28:38"
},
{
"kids":[],
"uid":"nkhuayong",
"parent":"",
"text":"挤兑……",
"mid":"z8FFlfM3d",
"date":"2012-12-07 18:28:24"
},
{
"kids":[],
"uid":"2291398330",
"parent":"",
"text":"[围观]",
"mid":"z8FF1tkMn",
"date":"2012-12-07 18:27:37"
},
{
"kids":[],
"uid":"1028103041",
"parent":"",
"text":"本来经济蓬勃发展就是假的",
"mid":"z8FECmcAu",
"date":"2012-12-07 18:26:35"
},
{
"kids":[],
"uid":"1064538521",
"parent":"z8FDfvPS9",
"text":"这个……也可以的吗？",
"mid":"z8FEz7gx2",
"date":"2012-12-07 18:26:29"
},
{
"kids":[],
"uid":"1471931793",
"parent":"z8FDfvPS9",
"text":"",
"mid":"z8FEhmpCg",
"date":"2012-12-07 18:25:45"
},
{
"kids":[
"z8GftnIs7",
"z8FJcAvIE"
],
"uid":"2269836897",
"parent":"",
"text":"果断围观~",
"mid":"z8FE1FRPI",
"date":"2012-12-07 18:25:10"
},
{
"kids":[
"z8FVQvcD8",
"z8FN4xYuU",
"z8FLhq9B1"
],
"uid":"210100535",
"parent":"",
"text":"",
"mid":"z8FDB7YTF",
"date":"2012-12-07 18:24:06"
},
{
"kids":[
"z8GDoaiRT"
],
"uid":"megaromantic",
"parent":"",
"text":"",
"mid":"z8FDq9iVw",
"date":"2012-12-07 18:23:40"
},
{
"kids":[],
"uid":"2665184217",
"parent":"z8Fvh9yrf",
"text":"[吃惊]",
"mid":"z8FDpiDjp",
"date":"2012-12-07 18:23:36"
},
{
"kids":[],
"uid":"1776680863",
"parent":"z8FBQ4ONX",
"text":"",
"mid":"z8FDp1S6r",
"date":"2012-12-07 18:23:35"
},
{
"kids":[
"z8IfqfDZa",
"z8Hqwn5QQ",
"z8H1TgU18",
"z8GLWhXuu",
"z8GBRAcln",
"z8GAd2M0z",
"z8Gc45lV8",
"z8Ga2eUZS",
"z8FZhBR9h",
"z8FUlr5pJ",
"z8FTWm8IZ",
"z8FTz1u24",
"z8FO7i7Xj",
"z8FLS7Hyh",
"z8FJBoZ4j",
"z8FFRu6A4",
"z8FEz7gx2",
"z8FEhmpCg"
],
"uid":"shanghaimaomaochong",
"parent":"z8FBQ4ONX",
"text":"信托产品崩盘了",
"mid":"z8FDfvPS9",
"date":"2012-12-07 18:23:13"
},
{
"kids":[],
"uid":"golfshi",
"parent":"",
"text":"这也能关门的 不应该整个华夏关门吗",
"mid":"z8FDc1G4w",
"date":"2012-12-07 18:23:06"
},
{
"kids":[],
"uid":"2542499897",
"parent":"",
"text":"",
"mid":"z8FCWCvGj",
"date":"2012-12-07 18:22:28"
},
{
"kids":[],
"uid":"aimoon711",
"parent":"z8FAPpJbY",
"text":"[衰]",
"mid":"z8FCR0pA8",
"date":"2012-12-07 18:22:16"
},
{
"kids":[],
"uid":"hsiaogogo",
"parent":"z8EGNBftZ",
"text":"@DDat2012",
"mid":"z8FCQ8Dix",
"date":"2012-12-07 18:22:12"
},
{
"kids":[],
"uid":"2620124513",
"parent":"z8EPAbikE",
"text":"",
"mid":"z8FCO4xBC",
"date":"2012-12-07 18:22:09"
},
{
"kids":[],
"uid":"xutiti",
"parent":"z8FBQ4ONX",
"text":"这还怎么去兑换泰株呢…正准备办张卡呢…",
"mid":"z8FCy4BAR",
"date":"2012-12-07 18:21:31"
},
{
"kids":[],
"uid":"tjyyyh",
"parent":"z8FacdRtf",
"text":"",
"mid":"z8FCue2cm",
"date":"2012-12-07 18:21:22"
},
{
"kids":[],
"uid":"djmtxa",
"parent":"z8Fvh9yrf",
"text":"",
"mid":"z8FCt4bCw",
"date":"2012-12-07 18:21:19"
},
{
"kids":[],
"uid":"1723951931",
"parent":"",
"text":"",
"mid":"z8FC8FPNn",
"date":"2012-12-07 18:20:30"
},
{
"kids":[
"z8FV9oRWr",
"z8FDp1S6r",
"z8FDfvPS9",
"z8FCy4BAR"
],
"uid":"momotea001",
"parent":"",
"text":"[失望]",
"mid":"z8FBQ4ONX",
"date":"2012-12-07 18:19:46"
},
{
"kids":[],
"uid":"1426077130",
"parent":"",
"text":"银行关门很正常，明天调点钱再开不就行了。瞎JB慌",
"mid":"z8FBB2G1C",
"date":"2012-12-07 18:19:10"
},
{
"kids":[],
"uid":"jerrykds",
"parent":"",
"text":"最后一根稻草？",
"mid":"z8FBucGh3",
"date":"2012-12-07 18:18:52"
},
{
"kids":[
"z8FTkunL3",
"z8FCR0pA8"
],
"uid":"1823680511",
"parent":"",
"text":"[衰]",
"mid":"z8FAPpJbY",
"date":"2012-12-07 18:17:17"
},
{
"kids":[],
"uid":"2160956523",
"parent":"",
"text":"",
"mid":"z8FAy1IyR",
"date":"2012-12-07 18:16:35"
},
{
"kids":[],
"uid":"2468115773",
"parent":"z8Fvh9yrf",
"text":"",
"mid":"z8FAwuVgV",
"date":"2012-12-07 18:16:33"
},
{
"kids":[],
"uid":"1927419862",
"parent":"",
"text":"[泪]",
"mid":"z8FAkFBWE",
"date":"2012-12-07 18:16:04"
},
{
"kids":[],
"uid":"1638630570",
"parent":"",
"text":"砖家委员！@复旦大学 你们就是这么教EMBA的[疑问]",
"mid":"z8Fzqeepx",
"date":"2012-12-07 18:13:49"
},
{
"kids":[],
"uid":"1722672810",
"parent":"z8Fvh9yrf",
"text":"有个香港电影。夺命金，就说的这个事情。和这个事情一模一样。",
"mid":"z8Fzde57a",
"date":"2012-12-07 18:13:18"
},
{
"kids":[],
"uid":"1188143827",
"parent":"",
"text":"[吃惊]",
"mid":"z8FyE6XJr",
"date":"2012-12-07 18:11:54"
},
{
"kids":[],
"uid":"1687636790",
"parent":"z8Fvh9yrf",
"text":"",
"mid":"z8Fyp3xKQ",
"date":"2012-12-07 18:11:18"
},
{
"kids":[],
"uid":"2655001551",
"parent":"",
"text":"",
"mid":"z8Fxb7Aei",
"date":"2012-12-07 18:08:17"
},
{
"kids":[],
"uid":"2410973494",
"parent":"z8EX79ns7",
"text":"",
"mid":"z8FwZ0DDh",
"date":"2012-12-07 18:07:46"
},
{
"kids":[],
"uid":"1843723585",
"parent":"z8FvQjrOV",
"text":"",
"mid":"z8FwOBpWX",
"date":"2012-12-07 18:07:24"
},
{
"kids":[
"z8FH8npdx"
],
"uid":"2068411905",
"parent":"",
"text":"",
"mid":"z8FwpwBOm",
"date":"2012-12-07 18:06:25"
},
{
"kids":[
"z8FwOBpWX"
],
"uid":"573911006",
"parent":"",
"text":"[吃惊]求辟谣！！！！银行关门这种口子一开，不得了！！",
"mid":"z8FvQjrOV",
"date":"2012-12-07 18:04:58"
},
{
"kids":[
"z8GvO1xgV",
"z8GcazdaI",
"z8G8CafW3",
"z8FHOljZU",
"z8FDpiDjp",
"z8FCt4bCw",
"z8FAwuVgV",
"z8Fzde57a",
"z8Fyp3xKQ"
],
"uid":"linqian001",
"parent":"",
"text":"",
"mid":"z8Fvh9yrf",
"date":"2012-12-07 18:03:37"
},
{
"kids":[],
"uid":"1067668430",
"parent":"",
"text":"影响一整个行业。",
"mid":"z8Fuvl8Gi",
"date":"2012-12-07 18:01:42"
},
{
"kids":[],
"uid":"2789881605",
"parent":"",
"text":"",
"mid":"z8FulffGP",
"date":"2012-12-07 18:01:17"
},
{
"kids":[],
"uid":"bobwang3",
"parent":"",
"text":"靠，原来还是前几天那举牌子的事情",
"mid":"z8Ft3sWAB",
"date":"2012-12-07 17:58:06"
},
{
"kids":[],
"uid":"2824545032",
"parent":"",
"text":"哎约，稻草来了，邪教难道要崩盘了。[嘻嘻]@东河-猎鹰倚天屠龙: [吃惊]",
"mid":"z8FsLs4J0",
"date":"2012-12-07 17:57:23"
},
{
"kids":[],
"uid":"wangshikui",
"parent":"z8F2HFU8L",
"text":"哪有支行破产的？谣言",
"mid":"z8FsL8MoR",
"date":"2012-12-07 17:57:23"
},
{
"kids":[],
"uid":"1868791800",
"parent":"z8Fnb79GP",
"text":"晕，发微博的刚度竟然还是复旦EMBA…",
"mid":"z8FrCfU9f",
"date":"2012-12-07 17:54:34"
},
{
"kids":[],
"uid":"620009881",
"parent":"z8FnnvFpZ",
"text":"这几个意思？",
"mid":"z8FrBnykw",
"date":"2012-12-07 17:54:31"
},
{
"kids":[],
"uid":"hailisun",
"parent":"",
"text":"付亮:怎么又看到EMBA了？一个支行不等于整个银行。",
"mid":"z8Fqohwnv",
"date":"2012-12-07 17:51:34"
},
{
"kids":[],
"uid":"rivert",
"parent":"",
"text":"",
"mid":"z8Fpqjh3L",
"date":"2012-12-07 17:49:11"
},
{
"kids":[],
"uid":"1773891420",
"parent":"",
"text":"",
"mid":"z8Fp5knNZ",
"date":"2012-12-07 17:48:20"
},
{
"kids":[],
"uid":"1404475261",
"parent":"z8Fb8746M",
"text":"真的?这分行没了还有另一个 再说了 这么大额不可能取现",
"mid":"z8FoWaNGa",
"date":"2012-12-07 17:48:00"
},
{
"kids":[],
"uid":"1705250907",
"parent":"",
"text":"",
"mid":"z8Fowt0SK",
"date":"2012-12-07 17:46:57"
},
{
"kids":[],
"uid":"tc1bsam33",
"parent":"",
"text":"前几天上班听说这事~基本上都是50多W的损失~",
"mid":"z8FoahmPs",
"date":"2012-12-07 17:46:02"
},
{
"kids":[
"z8FHSqoY8"
],
"uid":"2556407821",
"parent":"",
"text":"",
"mid":"z8Fo211LX",
"date":"2012-12-07 17:45:43"
},
{
"kids":[
"z8FY07ts1"
],
"uid":"2302506084",
"parent":"z8FnnvFpZ",
"text":"咋回事？",
"mid":"z8FnAfdsn",
"date":"2012-12-07 17:44:39"
},
{
"kids":[
"z8FrBnykw",
"z8FnAfdsn"
],
"uid":"1825162977",
"parent":"",
"text":"哎哟",
"mid":"z8FnnvFpZ",
"date":"2012-12-07 17:44:09"
},
{
"kids":[
"z8FrCfU9f"
],
"uid":"1978442912",
"parent":"",
"text":"洋盘了~~~",
"mid":"z8Fnb79GP",
"date":"2012-12-07 17:43:38"
},
{
"kids":[],
"uid":"1047091554",
"parent":"z8Fhg6EBh",
"text":"是不是不能存银行了[晕][晕]",
"mid":"z8FmxgYKD",
"date":"2012-12-07 17:42:04"
},
{
"kids":[],
"uid":"1044530250",
"parent":"",
"text":"",
"mid":"z8Fmlo9vr",
"date":"2012-12-07 17:41:36"
},
{
"kids":[],
"uid":"1717836052",
"parent":"z8F18vFbj",
"text":"",
"mid":"z8FlVoQqO",
"date":"2012-12-07 17:40:35"
},
{
"kids":[],
"uid":"shopbu",
"parent":"",
"text":"发生什么事情了人?",
"mid":"z8Fkth64A",
"date":"2012-12-07 17:36:59"
},
{
"kids":[],
"uid":"1152139143",
"parent":"z8F4tl3F8",
"text":"",
"mid":"z8FjKEARU",
"date":"2012-12-07 17:35:13"
},
{
"kids":[],
"uid":"1789506281",
"parent":"",
"text":"",
"mid":"z8FjF50WC",
"date":"2012-12-07 17:34:59"
},
{
"kids":[
"z8GoRw6G3"
],
"uid":"1425298314",
"parent":"",
"text":"专家委员就说出这种话来？现场去过确认过么？谣言也能存活到现在，新浪这是怎么了？@微博辟谣",
"mid":"z8FjkDhRk",
"date":"2012-12-07 17:34:09"
},
{
"kids":[],
"uid":"faustao",
"parent":"z8F6rFKHG",
"text":"储户损失？扯淡吧，无良/无知记者偷换概念啊",
"mid":"z8FhZ1L1p",
"date":"2012-12-07 17:30:51"
},
{
"kids":[],
"uid":"1872207525",
"parent":"",
"text":"咳，就这水平还理了啥事啊",
"mid":"z8FhXxSRv",
"date":"2012-12-07 17:30:48"
},
{
"kids":[
"z8FmxgYKD"
],
"uid":"imwangtingting",
"parent":"z8Ff3lkSi",
"text":"[吃惊]",
"mid":"z8Fhg6EBh",
"date":"2012-12-07 17:29:04"
},
{
"kids":[],
"uid":"1409859220",
"parent":"",
"text":"不知道博主EMBA是在哪儿读的",
"mid":"z8FfOA85X",
"date":"2012-12-07 17:25:31"
},
{
"kids":[],
"uid":"1889986151",
"parent":"",
"text":"[阴险]同感，对挤兑概念也没搞清楚",
"mid":"z8FfMw2TT",
"date":"2012-12-07 17:25:25"
},
{
"kids":[],
"uid":"1343072102",
"parent":"z8Ffi4WZm",
"text":"",
"mid":"z8FfwzL17",
"date":"2012-12-07 17:24:46"
},
{
"kids":[
"z8FfwzL17"
],
"uid":"1950923297",
"parent":"z8FeEbftM",
"text":"",
"mid":"z8Ffi4WZm",
"date":"2012-12-07 17:24:13"
},
{
"kids":[],
"uid":"cntc",
"parent":"",
"text":"不至于吧",
"mid":"z8Ff6fDzi",
"date":"2012-12-07 17:23:44"
},
{
"kids":[
"z8HlYvrL1",
"z8Fhg6EBh"
],
"uid":"2237095143",
"parent":"z8FdsDQOi",
"text":"[衰]吓人的",
"mid":"z8Ff3lkSi",
"date":"2012-12-07 17:23:39"
},
{
"kids":[],
"uid":"1460911565",
"parent":"",
"text":"哈哈，有点过了，最多就是个支行停业整顿。现行体制下，银行是不怕挤兑滴。但还是希望烂银行的丑事彻底曝光。",
"mid":"z8FeVlDYF",
"date":"2012-12-07 17:23:19"
},
{
"kids":[],
"uid":"liaodalvshi",
"parent":"",
"text":"",
"mid":"z8FeRt0eS",
"date":"2012-12-07 17:23:10"
},
{
"kids":[],
"uid":"2734435193",
"parent":"",
"text":"[吃惊]",
"mid":"z8FeKF6FM",
"date":"2012-12-07 17:22:54"
},
{
"kids":[
"z8Ffi4WZm"
],
"uid":"327768902",
"parent":"z8F1Qe9bk",
"text":"爆炸性新闻",
"mid":"z8FeEbftM",
"date":"2012-12-07 17:22:38"
},
{
"kids":[],
"uid":"1178253032",
"parent":"",
"text":"质押的房产是银行最大的潜在财富",
"mid":"z8Fex5KEl",
"date":"2012-12-07 17:22:21"
},
{
"kids":[],
"uid":"272059922",
"parent":"",
"text":"[吐血]",
"mid":"z8Fewdwb8",
"date":"2012-12-07 17:22:19"
},
{
"kids":[],
"uid":"f95858",
"parent":"",
"text":"",
"mid":"z8FeqCkA7",
"date":"2012-12-07 17:22:06"
},
{
"kids":[],
"uid":"2294604171",
"parent":"",
"text":"为啥？",
"mid":"z8Fdyd9JZ",
"date":"2012-12-07 17:19:56"
},
{
"kids":[
"z8Ff3lkSi"
],
"uid":"2656270742",
"parent":"z8F93hoF7",
"text":"我靠，真额假额[衰]奥扫@人民银行",
"mid":"z8FdsDQOi",
"date":"2012-12-07 17:19:44"
},
{
"kids":[],
"uid":"1415792415",
"parent":"z8F1rnmKX",
"text":"",
"mid":"z8FdpoUs9",
"date":"2012-12-07 17:19:34"
},
{
"kids":[],
"uid":"wqq2168",
"parent":"z8FarzLkQ",
"text":"有必要挤兑支行吗？[吃惊]",
"mid":"z8FdmoQWk",
"date":"2012-12-07 17:19:28"
},
{
"kids":[],
"uid":"1429159625",
"parent":"z8EIL2HtX",
"text":"什么意思[衰]@非盗版赖赖:这是完成了62％的伟大复兴吗？",
"mid":"z8Fdgenrd",
"date":"2012-12-07 17:19:12"
},
{
"kids":[],
"uid":"1917400131",
"parent":"",
"text":"没有金融知识的人，EMBA就培养出来这样的人才，这家学校也应该感到羞耻。不知道的人还以为华夏银行倒闭了呢",
"mid":"z8FcZ6UBv",
"date":"2012-12-07 17:18:29"
},
{
"kids":[],
"uid":"1178253032",
"parent":"",
"text":"这EMBA是有点弱智了，这学怎么上的啊？",
"mid":"z8FcSz4yM",
"date":"2012-12-07 17:18:15"
},
{
"kids":[],
"uid":"1296034892",
"parent":"z8F6adBVj",
"text":"真的假的？",
"mid":"z8Fcb8QuN",
"date":"2012-12-07 17:16:33"
},
{
"kids":[],
"uid":"1962348695",
"parent":"",
"text":"",
"mid":"z8FbR3xUB",
"date":"2012-12-07 17:15:45"
},
{
"kids":[],
"uid":"2328044873",
"parent":"z8F2smoi1",
"text":"",
"mid":"z8FbQ8WgU",
"date":"2012-12-07 17:15:42"
},
{
"kids":[],
"uid":"1400558760",
"parent":"z8F6c2flS",
"text":"",
"mid":"z8FbMjnTk",
"date":"2012-12-07 17:15:34"
},
{
"kids":[],
"uid":"1093908074",
"parent":"z8Fb8746M",
"text":"玩了！嘉定出事了",
"mid":"z8FboDKEA",
"date":"2012-12-07 17:14:38"
},
{
"kids":[
"z8FoWaNGa",
"z8FboDKEA"
],
"uid":"1892349982",
"parent":"z8F9ICwLO",
"text":"什么状况啊。。。。。。",
"mid":"z8Fb8746M",
"date":"2012-12-07 17:13:59"
},
{
"kids":[],
"uid":"1401336452",
"parent":"z8FavqlMp",
"text":"这也太不可思议了吧？",
"mid":"z8FaZf57s",
"date":"2012-12-07 17:13:38"
},
{
"kids":[
"z8FaZf57s"
],
"uid":"571499771",
"parent":"",
"text":"关注。",
"mid":"z8FavqlMp",
"date":"2012-12-07 17:12:26"
},
{
"kids":[
"z8FdmoQWk"
],
"uid":"longmaoxingzhi",
"parent":"z8F9ICwLO",
"text":"",
"mid":"z8FarzLkQ",
"date":"2012-12-07 17:12:17"
},
{
"kids":[],
"uid":"haoyaojun",
"parent":"",
"text":"总行赔偿，不必传讹。[照相机]",
"mid":"z8FaqoULI",
"date":"2012-12-07 17:12:14"
},
{
"kids":[
"z8FCue2cm"
],
"uid":"208082595",
"parent":"",
"text":"",
"mid":"z8FacdRtf",
"date":"2012-12-07 17:11:40"
},
{
"kids":[],
"uid":"1727747992",
"parent":"z8F4N7enM",
"text":"",
"mid":"z8F9QChAe",
"date":"2012-12-07 17:10:49"
},
{
"kids":[],
"uid":"airchina1007",
"parent":"z8F8a3uZC",
"text":"",
"mid":"z8F9Nqjph",
"date":"2012-12-07 17:10:41"
},
{
"kids":[
"z8GmuBbrZ"
],
"uid":"fwoaichizhacai",
"parent":"z8F93hoF7",
"text":"[吃惊]",
"mid":"z8F9L0EBU",
"date":"2012-12-07 17:10:36"
},
{
"kids":[],
"uid":"11099600",
"parent":"z8F8aB7uz",
"text":"大灾面前，钱就是草纸了，烧烧取暖吧。",
"mid":"z8F9IDxHR",
"date":"2012-12-07 17:10:30"
},
{
"kids":[
"z8Fb8746M",
"z8FarzLkQ"
],
"uid":"1776640301",
"parent":"z8F8a3uZC",
"text":"",
"mid":"z8F9ICwLO",
"date":"2012-12-07 17:10:29"
},
{
"kids":[],
"uid":"1878883881",
"parent":"",
"text":"",
"mid":"z8F9lDpxz",
"date":"2012-12-07 17:09:32"
},
{
"kids":[],
"uid":"renden",
"parent":"z8F8a3uZC",
"text":"[话筒]",
"mid":"z8F99c3hg",
"date":"2012-12-07 17:09:05"
},
{
"kids":[
"z8FdsDQOi",
"z8F9L0EBU"
],
"uid":"1889986151",
"parent":"z8F8a3uZC",
"text":"",
"mid":"z8F93hoF7",
"date":"2012-12-07 17:08:51"
},
{
"kids":[],
"uid":"xyyhbb",
"parent":"",
"text":"emba就这水平？汗，高中生都不会犯这错误！",
"mid":"z8F8PEAcM",
"date":"2012-12-07 17:08:17"
},
{
"kids":[],
"uid":"perjon",
"parent":"",
"text":"新浪这是啥砖家啊，那些客户不知道去其他支行取现啊，你当现在是没联网的80年代啊！再说都什么年代了，客户犯得着去取现嘛，直接转账到其他银行就完事咯。",
"mid":"z8F8Be645",
"date":"2012-12-07 17:07:44"
},
{
"kids":[],
"uid":"1946531434",
"parent":"",
"text":"",
"mid":"z8F8d0gBo",
"date":"2012-12-07 17:06:47"
},
{
"kids":[
"z8F9IDxHR"
],
"uid":"sheldonsnow",
"parent":"z8F6rFKHG",
"text":"回覆@陈陈陈陈:人在江湖，身不由己。见笑了。[哈哈]",
"mid":"z8F8aB7uz",
"date":"2012-12-07 17:06:40"
},
{
"kids":[
"z8GQyBkRq",
"z8FTsvVGt",
"z8F9Nqjph",
"z8F9ICwLO",
"z8F99c3hg",
"z8F93hoF7"
],
"uid":"gusanmyth",
"parent":"z8F64zwWK",
"text":"中国式金融危机来了！",
"mid":"z8F8a3uZC",
"date":"2012-12-07 17:06:39"
},
{
"kids":[
"z8FY86eTs"
],
"uid":"2527383853",
"parent":"z8F6c2flS",
"text":"",
"mid":"z8F7ytTaq",
"date":"2012-12-07 17:05:11"
},
{
"kids":[],
"uid":"1942442713",
"parent":"z8F7hmzQi",
"text":"银行关门啊[衰]",
"mid":"z8F7vy0hP",
"date":"2012-12-07 17:05:01"
},
{
"kids":[],
"uid":"239006780",
"parent":"",
"text":"这哥们可能是这次受损失的人之一，故意黑人家呢！",
"mid":"z8F7uEkVW",
"date":"2012-12-07 17:05:01"
},
{
"kids":[
"z8F7vy0hP"
],
"uid":"kdshyc",
"parent":"z8F0CzHnc",
"text":"[吃惊]",
"mid":"z8F7hmzQi",
"date":"2012-12-07 17:04:28"
},
{
"kids":[],
"uid":"1083884824",
"parent":"z8ELkmiAt",
"text":"",
"mid":"z8F6CzBI3",
"date":"2012-12-07 17:02:50"
},
{
"kids":[],
"uid":"2075129481",
"parent":"z8F4N7enM",
"text":"",
"mid":"z8F6BoLpv",
"date":"2012-12-07 17:02:49"
},
{
"kids":[
"z8FhZ1L1p",
"z8F8aB7uz"
],
"uid":"sheldonsnow",
"parent":"",
"text":"我理解：是受一些客户影响，那家银行营业部提前关门暂不营业。损失1300W，应是之前理财丑闻中某客户受损金额。单看字面，确有哗众取宠之嫌。",
"mid":"z8F6rFKHG",
"date":"2012-12-07 17:02:26"
},
{
"kids":[
"z8FbMjnTk",
"z8F7ytTaq"
],
"uid":"1884417502",
"parent":"z8F60uux5",
"text":"粗大屎了？？",
"mid":"z8F6c2flS",
"date":"2012-12-07 17:01:46"
},
{
"kids":[
"z8Fcb8QuN"
],
"uid":"1881285664",
"parent":"",
"text":"",
"mid":"z8F6adBVj",
"date":"2012-12-07 17:01:43"
},
{
"kids":[],
"uid":"etroger",
"parent":"",
"text":"男的也EMBA呀？不是只有二奶和小姐才读这个吗？",
"mid":"z8F670OsE",
"date":"2012-12-07 17:01:36"
},
{
"kids":[
"z8F8a3uZC"
],
"uid":"2075129481",
"parent":"z8F4N7enM",
"text":"",
"mid":"z8F64zwWK",
"date":"2012-12-07 17:01:31"
},
{
"kids":[
"z8F6c2flS"
],
"uid":"523400352",
"parent":"",
"text":"[吃惊]什么情况？？？？ 粗大屎了？？",
"mid":"z8F60uux5",
"date":"2012-12-07 17:01:21"
},
{
"kids":[],
"uid":"rice0213",
"parent":"z8F2smoi1",
"text":"什么情况？",
"mid":"z8F5kbWZu",
"date":"2012-12-07 16:59:40"
},
{
"kids":[],
"uid":"wangkk0314",
"parent":"z8F1Qe9bk",
"text":"哦?咋回事",
"mid":"z8F56A9ph",
"date":"2012-12-07 16:59:06"
},
{
"kids":[
"z8F9QChAe",
"z8F6BoLpv",
"z8F64zwWK"
],
"uid":"2309118767",
"parent":"",
"text":"",
"mid":"z8F4N7enM",
"date":"2012-12-07 16:58:22"
},
{
"kids":[],
"uid":"1885818585",
"parent":"z8F46xMVu",
"text":"啥意思？银行破产？华夏？",
"mid":"z8F4GlgAq",
"date":"2012-12-07 16:58:05"
},
{
"kids":[
"z8FjKEARU"
],
"uid":"1653133371",
"parent":"",
"text":"没钱买理财产品的飘过不惊魂",
"mid":"z8F4tl3F8",
"date":"2012-12-07 16:57:32"
},
{
"kids":[],
"uid":"mynameisray",
"parent":"",
"text":"不信谣不造谣",
"mid":"z8F4kcku5",
"date":"2012-12-07 16:57:10"
},
{
"kids":[
"z8F4GlgAq"
],
"uid":"yuanzui",
"parent":"z8F1Qe9bk",
"text":"这真的是要2012了么",
"mid":"z8F46xMVu",
"date":"2012-12-07 16:56:39"
},
{
"kids":[],
"uid":"2405171101",
"parent":"z8F2smoi1",
"text":"",
"mid":"z8F46gbFU",
"date":"2012-12-07 16:56:39"
},
{
"kids":[],
"uid":"1401810891",
"parent":"",
"text":"",
"mid":"z8F2QwQRY",
"date":"2012-12-07 16:53:34"
},
{
"kids":[],
"uid":"2275864112",
"parent":"",
"text":"",
"mid":"z8F2JtU67",
"date":"2012-12-07 16:53:17"
},
{
"kids":[
"z8FsL8MoR"
],
"uid":"1946999717",
"parent":"",
"text":"多半是造谣！请小秘书关注！",
"mid":"z8F2HFU8L",
"date":"2012-12-07 16:53:13"
},
{
"kids":[],
"uid":"2976103785",
"parent":"z8F1Qe9bk",
"text":"世界发生什么了？谁能告诉我？",
"mid":"z8F2zr2xM",
"date":"2012-12-07 16:52:50"
},
{
"kids":[
"z8FbQ8WgU",
"z8F5kbWZu",
"z8F46gbFU"
],
"uid":"sheldonsnow",
"parent":"",
"text":"[吃驚]",
"mid":"z8F2smoi1",
"date":"2012-12-07 16:52:36"
},
{
"kids":[],
"uid":"woshiyoushushu",
"parent":"z8F1Qe9bk",
"text":"",
"mid":"z8F2e81gW",
"date":"2012-12-07 16:52:02"
},
{
"kids":[
"z8FeEbftM",
"z8F56A9ph",
"z8F46xMVu",
"z8F2zr2xM",
"z8F2e81gW"
],
"uid":"tianpin",
"parent":"z8F18vFbj",
"text":"银行都联网，为什么要挤啊",
"mid":"z8F1Qe9bk",
"date":"2012-12-07 16:51:04"
},
{
"kids":[
"z8FdpoUs9"
],
"uid":"1417138973",
"parent":"",
"text":"",
"mid":"z8F1rnmKX",
"date":"2012-12-07 16:50:06"
},
{
"kids":[],
"uid":"1903957094",
"parent":"z8F18vFbj",
"text":"偶擦",
"mid":"z8F1ne9Dj",
"date":"2012-12-07 16:49:55"
},
{
"kids":[
"z8FlVoQqO",
"z8F1Qe9bk",
"z8F1ne9Dj"
],
"uid":"chengzhe21",
"parent":"z8F0SgvIA",
"text":"现在还有这样的事？",
"mid":"z8F18vFbj",
"date":"2012-12-07 16:49:21"
},
{
"kids":[
"z8F18vFbj"
],
"uid":"wuyoushui",
"parent":"",
"text":"这仅仅是开始，绝不会是最后一家！",
"mid":"z8F0SgvIA",
"date":"2012-12-07 16:48:40"
},
{
"kids":[
"z8F7hmzQi"
],
"uid":"robertchueng",
"parent":"",
"text":"找合同上的甲乙丙丁",
"mid":"z8F0CzHnc",
"date":"2012-12-07 16:48:05"
},
{
"kids":[],
"uid":"3166150241",
"parent":"",
"text":"",
"mid":"z8EZLDMLS",
"date":"2012-12-07 16:45:59"
},
{
"kids":[],
"uid":"2152867031",
"parent":"",
"text":"？",
"mid":"z8EZzgjK4",
"date":"2012-12-07 16:45:30"
},
{
"kids":[],
"uid":"2023535421",
"parent":"",
"text":"[吃惊]",
"mid":"z8EZnc2ZU",
"date":"2012-12-07 16:45:00"
},
{
"kids":[],
"uid":"1966850262",
"parent":"",
"text":"末日来临，大家突击花钱",
"mid":"z8EYY2liB",
"date":"2012-12-07 16:44:00"
},
{
"kids":[
"z8KSQ4f2p",
"z8KSQ3EzP"
],
"uid":"1056227903",
"parent":"z8ETezbna",
"text":"买理财产品吧",
"mid":"z8EYwx9Le",
"date":"2012-12-07 16:42:56"
},
{
"kids":[],
"uid":"4awinksean",
"parent":"",
"text":"？？？？？同问",
"mid":"z8EYvmjtB",
"date":"2012-12-07 16:42:50"
},
{
"kids":[],
"uid":"2070013621",
"parent":"",
"text":"必须顶",
"mid":"z8EYf6aVQ",
"date":"2012-12-07 16:42:13"
},
{
"kids":[],
"uid":"2340050503",
"parent":"",
"text":"关门大吉",
"mid":"z8EYex4Ax",
"date":"2012-12-07 16:42:12"
},
{
"kids":[],
"uid":"1994317471",
"parent":"z8EWfkRmx",
"text":"",
"mid":"z8EY8ihmI",
"date":"2012-12-07 16:41:57"
},
{
"kids":[],
"uid":"206901298",
"parent":"",
"text":"",
"mid":"z8EXSEQnU",
"date":"2012-12-07 16:41:20"
},
{
"kids":[
"z8FwZ0DDh"
],
"uid":"khemma",
"parent":"z8ESdAnHe",
"text":"影子银行的风险开始显现了。",
"mid":"z8EX79ns7",
"date":"2012-12-07 16:39:23"
},
{
"kids":[],
"uid":"1975231103",
"parent":"z8ETI6mjY",
"text":"[围观]",
"mid":"z8EWWa4LK",
"date":"2012-12-07 16:38:58"
},
{
"kids":[],
"uid":"1401742242",
"parent":"z8EMPnLKw",
"text":"理财亏本，和挤兑有啥关系？挤兑是要存款吧，如果这个也亏就不是原来说的那点小事了。。",
"mid":"z8EWBbaWv",
"date":"2012-12-07 16:38:09"
},
{
"kids":[
"z8EY8ihmI"
],
"uid":"530504513",
"parent":"",
"text":"[衰]",
"mid":"z8EWfkRmx",
"date":"2012-12-07 16:37:16"
},
{
"kids":[],
"uid":"lichen881125",
"parent":"",
"text":"[围观]",
"mid":"z8EW2AuEm",
"date":"2012-12-07 16:36:48"
},
{
"kids":[],
"uid":"2064551135",
"parent":"z8ETezbna",
"text":"这是什么情况？",
"mid":"z8EVPjC7D",
"date":"2012-12-07 16:36:16"
},
{
"kids":[],
"uid":"1613908885",
"parent":"",
"text":"",
"mid":"z8EVM2LUv",
"date":"2012-12-07 16:36:09"
},
{
"kids":[],
"uid":"1323812847",
"parent":"",
"text":"",
"mid":"z8EUXuBph",
"date":"2012-12-07 16:34:09"
},
{
"kids":[
"z8EWWa4LK"
],
"uid":"bless1977",
"parent":"z8EOpvuEW",
"text":"",
"mid":"z8ETI6mjY",
"date":"2012-12-07 16:31:03"
},
{
"kids":[
"z8EYwx9Le",
"z8EVPjC7D"
],
"uid":"1768552551",
"parent":"",
"text":"",
"mid":"z8ETezbna",
"date":"2012-12-07 16:29:53"
},
{
"kids":[],
"uid":"537945689",
"parent":"z8ESAmP7o",
"text":"[阴险] 我早在QQ签名上就提醒那个用户快把银行钱取出来，就是不信",
"mid":"z8ESXoJ8F",
"date":"2012-12-07 16:29:12"
},
{
"kids":[
"z8ESXoJ8F"
],
"uid":"537945689",
"parent":"z8ESdAnHe",
"text":"[阴险]",
"mid":"z8ESAmP7o",
"date":"2012-12-07 16:28:17"
},
{
"kids":[],
"uid":"ruiber",
"parent":"",
"text":"",
"mid":"z8ESeuFUU",
"date":"2012-12-07 16:27:24"
},
{
"kids":[
"z8EX79ns7",
"z8ESAmP7o"
],
"uid":"1291063792",
"parent":"",
"text":"",
"mid":"z8ESdAnHe",
"date":"2012-12-07 16:27:23"
},
{
"kids":[
"z8FP8tiC0"
],
"uid":"2298138453",
"parent":"z8EGBbB2Q",
"text":"",
"mid":"z8ERm7hEh",
"date":"2012-12-07 16:25:15"
},
{
"kids":[],
"uid":"1852142430",
"parent":"z8EMPnLKw",
"text":"[衰]",
"mid":"z8EQFBxth",
"date":"2012-12-07 16:23:34"
},
{
"kids":[],
"uid":"1tutu94",
"parent":"",
"text":"",
"mid":"z8EQsh6pT",
"date":"2012-12-07 16:23:02"
},
{
"kids":[],
"uid":"2154338400",
"parent":"",
"text":"",
"mid":"z8EQf1Vfp",
"date":"2012-12-07 16:22:30"
},
{
"kids":[],
"uid":"1897345001",
"parent":"",
"text":"@欧阳祖耿 @手机用户3177281765",
"mid":"z8EPW72oH",
"date":"2012-12-07 16:21:43"
},
{
"kids":[
"z8GBMhbag"
],
"uid":"2528047887",
"parent":"",
"text":"[吃惊]",
"mid":"z8EPVrO8r",
"date":"2012-12-07 16:21:44"
},
{
"kids":[
"z8XYNya6l",
"z8MUThA54",
"z8FKQhAaW",
"z8FCO4xBC"
],
"uid":"shiliqin",
"parent":"",
"text":"回复@毛毛-Y:你这是承认你们银行有这么回事了？承认有诈骗嫌疑了？银行前员工干的？与你们银行无关？大家看看，有没有关系吧！无耻的华夏银行！",
"mid":"z8EPAbikE",
"date":"2012-12-07 16:20:53"
},
{
"kids":[],
"uid":"1157954504",
"parent":"z8EKwn36p",
"text":"既然是储户，怎么可能损失，银行又没倒闭。。。",
"mid":"z8EP38SmC",
"date":"2012-12-07 16:19:34"
},
{
"kids":[],
"uid":"philqiu110610",
"parent":"z8EHCpUHq",
"text":"",
"mid":"z8EOUxeUm",
"date":"2012-12-07 16:19:14"
},
{
"kids":[],
"uid":"zixiaba",
"parent":"z8ELkmiAt",
"text":"？？？",
"mid":"z8EOrhYLi",
"date":"2012-12-07 16:18:03"
},
{
"kids":[
"z8ETI6mjY"
],
"uid":"jixing1128",
"parent":"z8EO60okw",
"text":"[围观]",
"mid":"z8EOpvuEW",
"date":"2012-12-07 16:18:00"
},
{
"kids":[
"z8EOpvuEW"
],
"uid":"daxiongxiongxiongmao",
"parent":"",
"text":"",
"mid":"z8EO60okw",
"date":"2012-12-07 16:17:13"
},
{
"kids":[],
"uid":"2869600560",
"parent":"z8EMrtFKI",
"text":"",
"mid":"z8ENNnalK",
"date":"2012-12-07 16:16:29"
},
{
"kids":[
"z8EWBbaWv",
"z8EQFBxth"
],
"uid":"xiaomingsui",
"parent":"z8EGwrMod",
"text":"[黑線]",
"mid":"z8EMPnLKw",
"date":"2012-12-07 16:14:06"
},
{
"kids":[],
"uid":"2481986732",
"parent":"",
"text":"",
"mid":"z8EMFm1kK",
"date":"2012-12-07 16:13:42"
},
{
"kids":[
"z8ENNnalK"
],
"uid":"3002346223",
"parent":"",
"text":"",
"mid":"z8EMrtFKI",
"date":"2012-12-07 16:13:07"
},
{
"kids":[],
"uid":"1773427143",
"parent":"",
"text":"那也是一有钱银啊",
"mid":"z8EMdzcZX",
"date":"2012-12-07 16:12:35"
},
{
"kids":[
"z8F6CzBI3",
"z8EOrhYLi"
],
"uid":"2218542420",
"parent":"",
"text":"估计是被客服经理忽悠买的理财产品血本无归了",
"mid":"z8ELkmiAt",
"date":"2012-12-07 16:10:24"
},
{
"kids":[],
"uid":"511278974",
"parent":"z8EHCpUHq",
"text":"崩盘？？换下银行600015这两天长得很好",
"mid":"z8EL5fnm7",
"date":"2012-12-07 16:09:48"
},
{
"kids":[],
"uid":"holidayinnnanjing",
"parent":"",
"text":"",
"mid":"z8EKU1H7T",
"date":"2012-12-07 16:09:21"
},
{
"kids":[
"z8EP38SmC"
],
"uid":"2270274742",
"parent":"z8EHRdTJY",
"text":"理财需谨慎",
"mid":"z8EKwn36p",
"date":"2012-12-07 16:08:23"
},
{
"kids":[],
"uid":"1539448274",
"parent":"",
"text":"[吃惊]",
"mid":"z8EJwjxSd",
"date":"2012-12-07 16:05:57"
},
{
"kids":[],
"uid":"2638165583",
"parent":"",
"text":"早就听说了，银行理财产品就是骗钱的，而且银奸会有不作为的嫌疑。",
"mid":"z8EJrzJfd",
"date":"2012-12-07 16:05:46"
},
{
"kids":[
"z8Fdgenrd"
],
"uid":"gmf567",
"parent":"z8EHCpUHq",
"text":"这是完成了62％的伟大复兴吗？",
"mid":"z8EIL2HtX",
"date":"2012-12-07 16:04:04"
},
{
"kids":[],
"uid":"1058327157",
"parent":"",
"text":"且看下周股市",
"mid":"z8EIhg7AL",
"date":"2012-12-07 16:02:54"
},
{
"kids":[],
"uid":"1350884145",
"parent":"z8EHy08EW",
"text":"2012，热闹的一年啊",
"mid":"z8EI4vHwt",
"date":"2012-12-07 16:02:22"
},
{
"kids":[
"z8EKwn36p"
],
"uid":"2636627683",
"parent":"z8EGBbB2Q",
"text":"",
"mid":"z8EHRdTJY",
"date":"2012-12-07 16:01:51"
},
{
"kids":[
"z8EOUxeUm",
"z8EL5fnm7",
"z8EIL2HtX"
],
"uid":"universaljames",
"parent":"",
"text":"[生病]",
"mid":"z8EHCpUHq",
"date":"2012-12-07 16:01:14"
},
{
"kids":[
"z8EI4vHwt"
],
"uid":"1691461920",
"parent":"z8EGNBftZ",
"text":"",
"mid":"z8EHy08EW",
"date":"2012-12-07 16:01:05"
},
{
"kids":[
"z8M08wGgI",
"z8FCQ8Dix",
"z8EHy08EW"
],
"uid":"shiliqin",
"parent":"z8EEpz8Xe",
"text":"回复@东海冰冰:建设银行上海分行也遭到同样问题！",
"mid":"z8EGNBftZ",
"date":"2012-12-07 15:59:15"
},
{
"kids":[
"z8ERm7hEh",
"z8EHRdTJY"
],
"uid":"3139651777",
"parent":"z8EFNxLPd",
"text":"",
"mid":"z8EGBbB2Q",
"date":"2012-12-07 15:58:45"
},
{
"kids":[
"z8EMPnLKw"
],
"uid":"shcj54",
"parent":"",
"text":"[吃惊][吃惊][吃惊]",
"mid":"z8EGwrMod",
"date":"2012-12-07 15:58:34"
},
{
"kids":[
"z8EGBbB2Q"
],
"uid":"1801563162",
"parent":"",
"text":"",
"mid":"z8EFNxLPd",
"date":"2012-12-07 15:56:47"
},
{
"kids":[],
"uid":"2173470717",
"parent":"",
"text":"",
"mid":"z8EF1qfa0",
"date":"2012-12-07 15:54:52"
},
{
"kids":[
"z8EGNBftZ"
],
"uid":"207159090",
"parent":"",
"text":"是理财产品惹得祸？",
"mid":"z8EEpz8Xe",
"date":"2012-12-07 15:53:22"
}
]