[
{
"kids":[],
"uid":"2358590305",
"parent":"z82wnzyl2",
"text":"[吃惊][吃惊]好恐怖",
"mid":"zdmkFaBfS",
"date":"2013-01-07 14:26:46"
},
{
"kids":[],
"uid":"2919562872",
"parent":"z81LDadE5",
"text":"",
"mid":"zd0AS51p4",
"date":"2013-01-05 07:06:16"
},
{
"kids":[],
"uid":"2919938044",
"parent":"z81LDadE5",
"text":"",
"mid":"zcXoJ1XSL",
"date":"2013-01-04 22:58:05"
},
{
"kids":[],
"uid":"1582684932",
"parent":"z81LDadE5",
"text":"",
"mid":"zafWT7fQr",
"date":"2012-12-18 04:40:49"
},
{
"kids":[],
"uid":"2804155114",
"parent":"z9hx8a0tz",
"text":"",
"mid":"zaelieqq1",
"date":"2012-12-18 00:35:26"
},
{
"kids":[],
"uid":"1583779733",
"parent":"z824HqjI4",
"text":"",
"mid":"zaaWDbvDs",
"date":"2012-12-17 15:56:25"
},
{
"kids":[],
"uid":"2920195074",
"parent":"z9hx8a0tz",
"text":"",
"mid":"za8blv7dH",
"date":"2012-12-17 08:54:27"
},
{
"kids":[],
"uid":"2809361592",
"parent":"z81LDadE5",
"text":"",
"mid":"za5JqnBwF",
"date":"2012-12-17 02:40:11"
},
{
"kids":[],
"uid":"1583109813",
"parent":"z81Qj1yNv",
"text":"",
"mid":"za2AbxeD0",
"date":"2012-12-16 18:39:08"
},
{
"kids":[],
"uid":"2919306142",
"parent":"z81AxeZmp",
"text":"",
"mid":"za0P3FBEr",
"date":"2012-12-16 14:10:18"
},
{
"kids":[],
"uid":"2810488050",
"parent":"z824HqjI4",
"text":"",
"mid":"z9VQTr3Pp",
"date":"2012-12-16 01:31:07"
},
{
"kids":[],
"uid":"2804509272",
"parent":"z824HqjI4",
"text":"",
"mid":"z9VQTr3Oo",
"date":"2012-12-16 01:31:07"
},
{
"kids":[],
"uid":"2919980752",
"parent":"z81Qj1yNv",
"text":"",
"mid":"z9OsnlsMF",
"date":"2012-12-15 06:41:28"
},
{
"kids":[],
"uid":"1582703974",
"parent":"z81Qj1yNv",
"text":"",
"mid":"z9OsnlsM8",
"date":"2012-12-15 06:41:28"
},
{
"kids":[],
"uid":"pingpingbobo",
"parent":"",
"text":"八戒",
"mid":"z9BpTfAwa",
"date":"2012-12-13 21:29:39"
},
{
"kids":[],
"uid":"1583303677",
"parent":"z9hx8a0tz",
"text":"",
"mid":"z9mqaafmn",
"date":"2012-12-12 07:19:07"
},
{
"kids":[],
"uid":"1583061540",
"parent":"z9hx8a0tz",
"text":"",
"mid":"z9mqa9gCQ",
"date":"2012-12-12 07:19:07"
},
{
"kids":[],
"uid":"1724586971",
"parent":"z81LDadE5",
"text":"",
"mid":"z9lAu8vWV",
"date":"2012-12-12 05:11:48"
},
{
"kids":[],
"uid":"2803354750",
"parent":"z81LDadE5",
"text":"",
"mid":"z9lAu8vWt",
"date":"2012-12-12 05:11:48"
},
{
"kids":[],
"uid":"2168499003",
"parent":"z9hx8a0tz",
"text":"",
"mid":"z9i8D5MYk",
"date":"2012-12-11 20:24:56"
},
{
"kids":[
"zaelieqq1",
"za8blv7dH",
"z9mqaafmn",
"z9mqa9gCQ",
"z9i8D5MYk"
],
"uid":"1723154592",
"parent":"",
"text":"值得深思",
"mid":"z9hx8a0tz",
"date":"2012-12-11 18:52:31"
},
{
"kids":[],
"uid":"2920369972",
"parent":"z81LDadE5",
"text":"",
"mid":"z9h3VodTF",
"date":"2012-12-11 17:40:35"
},
{
"kids":[],
"uid":"2805606384",
"parent":"z81LDadE5",
"text":"",
"mid":"z9h3V6CKj",
"date":"2012-12-11 17:40:34"
},
{
"kids":[],
"uid":"2920398902",
"parent":"z824HqjI4",
"text":"",
"mid":"z9e1O1UJD",
"date":"2012-12-11 09:57:07"
},
{
"kids":[],
"uid":"1440468701",
"parent":"z824HqjI4",
"text":"",
"mid":"z95GD0565",
"date":"2012-12-10 12:42:57"
},
{
"kids":[],
"uid":"1588519895",
"parent":"z824HqjI4",
"text":"",
"mid":"z95GD0546",
"date":"2012-12-10 12:42:58"
},
{
"kids":[],
"uid":"2919582770",
"parent":"z81Qj1yNv",
"text":"",
"mid":"z93OrcvEE",
"date":"2012-12-10 07:56:44"
},
{
"kids":[],
"uid":"1582729162",
"parent":"z81LDadE5",
"text":"",
"mid":"z8TXszI1r",
"date":"2012-12-09 06:51:29"
},
{
"kids":[],
"uid":"2919571044",
"parent":"z81Qj1yNv",
"text":"",
"mid":"z8SjMzzfA",
"date":"2012-12-09 02:41:00"
},
{
"kids":[],
"uid":"2919276792",
"parent":"z81Qj1yNv",
"text":"",
"mid":"z8SjMzzeX",
"date":"2012-12-09 02:41:00"
},
{
"kids":[],
"uid":"2810877650",
"parent":"z81LDadE5",
"text":"",
"mid":"z8LC8qpBg",
"date":"2012-12-08 09:36:59"
},
{
"kids":[],
"uid":"2789836762",
"parent":"z81AxeZmp",
"text":"",
"mid":"z8ztmlats",
"date":"2012-12-07 02:42:24"
},
{
"kids":[],
"uid":"2809746674",
"parent":"z81AxeZmp",
"text":"",
"mid":"z8ztmlasL",
"date":"2012-12-07 02:42:24"
},
{
"kids":[],
"uid":"2803099270",
"parent":"z81LDadE5",
"text":"",
"mid":"z8sHYdNTa",
"date":"2012-12-06 09:29:10"
},
{
"kids":[],
"uid":"2803962584",
"parent":"z81LDadE5",
"text":"",
"mid":"z8sHYcqYj",
"date":"2012-12-06 09:29:09"
},
{
"kids":[],
"uid":"2919635482",
"parent":"z81AxeZmp",
"text":"",
"mid":"z8pEmEg89",
"date":"2012-12-06 01:42:03"
},
{
"kids":[],
"uid":"1802670407",
"parent":"",
"text":"[吃惊][吃惊][吃惊] 天哪！",
"mid":"z8mw6nvY5",
"date":"2012-12-05 17:43:26"
},
{
"kids":[],
"uid":"1726427140",
"parent":"z81HzmAGB",
"text":"",
"mid":"z8m1h9Geb",
"date":"2012-12-05 16:27:30"
},
{
"kids":[],
"uid":"2789849454",
"parent":"z81HzmAGB",
"text":"",
"mid":"z8m1gza6P",
"date":"2012-12-05 16:27:30"
},
{
"kids":[],
"uid":"2168636767",
"parent":"z8360raYJ",
"text":"",
"mid":"z8eZoCyq6",
"date":"2012-12-04 22:33:39"
},
{
"kids":[],
"uid":"2920015004",
"parent":"z81LDadE5",
"text":"",
"mid":"z8emksGro",
"date":"2012-12-04 20:57:21"
},
{
"kids":[],
"uid":"1342361585",
"parent":"",
"text":"这啥事啊[疑问]",
"mid":"z8clu7Df6",
"date":"2012-12-04 15:49:48"
},
{
"kids":[],
"uid":"2174807270",
"parent":"",
"text":"@肉山国国王 戴威瀚是不是你干的好事！",
"mid":"z88WQfsA6",
"date":"2012-12-04 07:10:52"
},
{
"kids":[],
"uid":"1770251957",
"parent":"",
"text":"",
"mid":"z85QDlcSF",
"date":"2012-12-03 23:17:20"
},
{
"kids":[],
"uid":"bubblylife",
"parent":"",
"text":"[酷]",
"mid":"z84rqnfAS",
"date":"2012-12-03 19:42:30"
},
{
"kids":[],
"uid":"1764983570",
"parent":"",
"text":"这世界无奇不有",
"mid":"z841sfDG7",
"date":"2012-12-03 18:38:30"
},
{
"kids":[],
"uid":"2684815801",
"parent":"z83SOyNRr",
"text":"肯定是假的",
"mid":"z83XRcOU7",
"date":"2012-12-03 18:29:38"
},
{
"kids":[],
"uid":"1162701060",
"parent":"",
"text":"",
"mid":"z83VittDw",
"date":"2012-12-03 18:23:21"
},
{
"kids":[
"z83XRcOU7"
],
"uid":"2345861000",
"parent":"",
"text":"真的假的",
"mid":"z83SOyNRr",
"date":"2012-12-03 18:17:12"
},
{
"kids":[],
"uid":"2399216255",
"parent":"z81JmrQZC",
"text":"不会吧？",
"mid":"z83Nt23hx",
"date":"2012-12-03 18:04:02"
},
{
"kids":[],
"uid":"1797273357",
"parent":"",
"text":"这是怎么个境………",
"mid":"z83HY0A1a",
"date":"2012-12-03 17:50:29"
},
{
"kids":[],
"uid":"1974602731",
"parent":"",
"text":"真不敢相信啊！！！！！！！",
"mid":"z83DQFrma",
"date":"2012-12-03 17:40:21"
},
{
"kids":[],
"uid":"2035969365",
"parent":"",
"text":"太不靠谱了，母猪都是躺在特定围栏里喂小猪的",
"mid":"z83wWyget",
"date":"2012-12-03 17:23:20"
},
{
"kids":[],
"uid":"2810318755",
"parent":"",
"text":"http:",
"mid":"z83tP0S2J",
"date":"2012-12-03 17:15:38"
},
{
"kids":[],
"uid":"1583232320",
"parent":"",
"text":"",
"mid":"z83twDQwp",
"date":"2012-12-03 17:14:56"
},
{
"kids":[],
"uid":"2920661714",
"parent":"",
"text":"",
"mid":"z83twDbAO",
"date":"2012-12-03 17:14:53"
},
{
"kids":[],
"uid":"3167342567",
"parent":"",
"text":"",
"mid":"z83t3oCly",
"date":"2012-12-03 17:13:45"
},
{
"kids":[],
"uid":"2206477604",
"parent":"",
"text":"被强奸了？？？",
"mid":"z83sKeWRO",
"date":"2012-12-03 17:13:00"
},
{
"kids":[],
"uid":"1939967487",
"parent":"",
"text":"",
"mid":"z83rL1orK",
"date":"2012-12-03 17:10:33"
},
{
"kids":[],
"uid":"321238411",
"parent":"",
"text":"不过既然传了那就传的更火一点吧",
"mid":"z83iJoJj0",
"date":"2012-12-03 16:48:18"
},
{
"kids":[],
"uid":"321238411",
"parent":"",
"text":"大家同学一场，既然肖经纬把事犯下了 那咱们就帮他把事瞒下来 怎么能发微博呢！",
"mid":"z83gXtwCo",
"date":"2012-12-03 16:43:57"
},
{
"kids":[
"z8eZoCyq6"
],
"uid":"2294430864",
"parent":"z82QKy9jh",
"text":"[熊猫][晕]逆天了！",
"mid":"z8360raYJ",
"date":"2012-12-03 16:16:58"
},
{
"kids":[],
"uid":"2875732232",
"parent":"",
"text":"@张赢511 kidding me",
"mid":"z832osD8R",
"date":"2012-12-03 16:08:04"
},
{
"kids":[],
"uid":"207089292",
"parent":"z82mztSvC",
"text":"是不是传说中被某男强奸的猪。。。",
"mid":"z82XFyk38",
"date":"2012-12-03 15:56:26"
},
{
"kids":[],
"uid":"2050124093",
"parent":"z82oB5cDY",
"text":"这尼玛。。",
"mid":"z82TkmZki",
"date":"2012-12-03 15:45:45"
},
{
"kids":[],
"uid":"melodynana",
"parent":"z82QKy9jh",
"text":"不敢相信~~[汗]",
"mid":"z82SUFX4w",
"date":"2012-12-03 15:44:43"
},
{
"kids":[],
"uid":"3dheha",
"parent":"",
"text":"每次我看到这种类似的新闻，都会觉得该条新闻的制作者特弱智，一点生物常识都没有[打哈气]",
"mid":"z82SEt5JA",
"date":"2012-12-03 15:44:03"
},
{
"kids":[
"z8360raYJ",
"z82SUFX4w"
],
"uid":"may0228",
"parent":"",
"text":"[熊猫][晕]逆天了！",
"mid":"z82QKy9jh",
"date":"2012-12-03 15:39:22"
},
{
"kids":[],
"uid":"2993136087",
"parent":"z82Kpz3cX",
"text":"哈把喔",
"mid":"z82LkxLe0",
"date":"2012-12-03 15:26:02"
},
{
"kids":[
"z82LkxLe0"
],
"uid":"2783375933",
"parent":"",
"text":"假的吧？！我才不信。",
"mid":"z82Kpz3cX",
"date":"2012-12-03 15:23:46"
},
{
"kids":[],
"uid":"2199065031",
"parent":"",
"text":"转发微博。",
"mid":"z82wHrhre",
"date":"2012-12-03 14:49:58"
},
{
"kids":[
"zdmkFaBfS"
],
"uid":"1583134547",
"parent":"",
"text":"",
"mid":"z82wnzyl2",
"date":"2012-12-03 14:49:12"
},
{
"kids":[
"z82TkmZki"
],
"uid":"2084416842",
"parent":"z828HhVCy",
"text":"[吃惊][吃惊][吃惊]",
"mid":"z82oB5cDY",
"date":"2012-12-03 14:30:01"
},
{
"kids":[],
"uid":"2641131101",
"parent":"",
"text":"开玩笑了吧[吃惊]@胡敏huhu @Alice-园 @lanyi0103 @山西旅游付龙 @陈磊爱精灵 @hey李沛",
"mid":"z82o8nXdP",
"date":"2012-12-03 14:28:51"
},
{
"kids":[],
"uid":"1905830605",
"parent":"",
"text":"",
"mid":"z82nGjAwv",
"date":"2012-12-03 14:27:46"
},
{
"kids":[],
"uid":"2067674833",
"parent":"",
"text":"",
"mid":"z82n2qoOH",
"date":"2012-12-03 14:26:11"
},
{
"kids":[
"z82XFyk38"
],
"uid":"207422234",
"parent":"z81Clxp9y",
"text":"。。。。",
"mid":"z82mztSvC",
"date":"2012-12-03 14:25:02"
},
{
"kids":[],
"uid":"2901299242",
"parent":"",
"text":"猪的主人一直在保持沉默",
"mid":"z82l5y28p",
"date":"2012-12-03 14:21:22"
},
{
"kids":[],
"uid":"1659446662",
"parent":"",
"text":"[闭嘴]",
"mid":"z82kGaX9g",
"date":"2012-12-03 14:20:22"
},
{
"kids":[],
"uid":"1967116622",
"parent":"",
"text":"？[吃惊][吃惊][吃惊]",
"mid":"z82jemNAc",
"date":"2012-12-03 14:16:48"
},
{
"kids":[],
"uid":"2051579025",
"parent":"",
"text":"难道说。。。。OMG",
"mid":"z82g527sD",
"date":"2012-12-03 14:09:02"
},
{
"kids":[],
"uid":"1885982531",
"parent":"",
"text":"转发微博。",
"mid":"z82echXcE",
"date":"2012-12-03 14:04:25"
},
{
"kids":[
"z82oB5cDY"
],
"uid":"1917175474",
"parent":"z81Ajjo5A",
"text":"真假阿？[晕][汗]",
"mid":"z828HhVCy",
"date":"2012-12-03 13:50:51"
},
{
"kids":[],
"uid":"1852426335",
"parent":"",
"text":"[吃惊]",
"mid":"z828t8XAn",
"date":"2012-12-03 13:50:15"
},
{
"kids":[],
"uid":"1921590345",
"parent":"",
"text":"",
"mid":"z828boWse",
"date":"2012-12-03 13:49:33"
},
{
"kids":[],
"uid":"1993231577",
"parent":"",
"text":"骗人的吧",
"mid":"z825lj4tF",
"date":"2012-12-03 13:42:33"
},
{
"kids":[
"zaaWDbvDs",
"z9VQTr3Pp",
"z9VQTr3Oo",
"z9e1O1UJD",
"z95GD0565",
"z95GD0546"
],
"uid":"1969449375",
"parent":"",
"text":"[嘻嘻]",
"mid":"z824HqjI4",
"date":"2012-12-03 13:40:58"
},
{
"kids":[],
"uid":"2259422142",
"parent":"",
"text":"",
"mid":"z822TEF3L",
"date":"2012-12-03 13:36:34"
},
{
"kids":[],
"uid":"1999612983",
"parent":"",
"text":"真的吗",
"mid":"z81ZA3Ex4",
"date":"2012-12-03 13:28:23"
},
{
"kids":[],
"uid":"2639404941",
"parent":"z81x8w4M1",
"text":"奇了个怪",
"mid":"z81Z6sEE0",
"date":"2012-12-03 13:27:12"
},
{
"kids":[],
"uid":"2657126035",
"parent":"",
"text":"",
"mid":"z81Z6aDkP",
"date":"2012-12-03 13:27:13"
},
{
"kids":[],
"uid":"1014083681",
"parent":"z81N4F4Tf",
"text":"八戒八保胎",
"mid":"z81XJ7UPE",
"date":"2012-12-03 13:23:49"
},
{
"kids":[],
"uid":"2239712451",
"parent":"",
"text":"这个[疑问][吃惊]",
"mid":"z81W5qdnc",
"date":"2012-12-03 13:19:47"
},
{
"kids":[],
"uid":"1793739573",
"parent":"",
"text":"这张照片不是P的吧？太不可思议了[吃惊][书呆子]@时间狠关键 @小资ice @yoyo1042499402 @jenny-sunguizhi @amyx0216 @Eddy常 @巍-老爷",
"mid":"z81Vw0xRH",
"date":"2012-12-03 13:18:22"
},
{
"kids":[],
"uid":"2140369481",
"parent":"",
"text":"神奇！",
"mid":"z81UOg5rw",
"date":"2012-12-03 13:16:38"
},
{
"kids":[],
"uid":"2177809031",
"parent":"",
"text":"这个得问她家男主人~[嘘]",
"mid":"z81TOtJXG",
"date":"2012-12-03 13:14:09"
},
{
"kids":[],
"uid":"2135352964",
"parent":"",
"text":"",
"mid":"z81TGx6kk",
"date":"2012-12-03 13:13:52"
},
{
"kids":[],
"uid":"xjh666",
"parent":"",
"text":"母猪难道是被害人？！[吃惊][汗][晕]",
"mid":"z81TGwiDG",
"date":"2012-12-03 13:13:52"
},
{
"kids":[],
"uid":"1855898133",
"parent":"",
"text":"",
"mid":"z81TznZWF",
"date":"2012-12-03 13:13:33"
},
{
"kids":[],
"uid":"1792081471",
"parent":"",
"text":"生物学上没法完成的事全给这帮喜欢以讹传讹的人给完成了。",
"mid":"z81TguHDP",
"date":"2012-12-03 13:12:49"
},
{
"kids":[],
"uid":"2177445354",
"parent":"",
"text":"Oh No~",
"mid":"z81T23cN3",
"date":"2012-12-03 13:12:15"
},
{
"kids":[],
"uid":"2161606833",
"parent":"",
"text":"？[吃惊]",
"mid":"z81SkgkkL",
"date":"2012-12-03 13:10:32"
},
{
"kids":[],
"uid":"1915618650",
"parent":"z81EBixIA",
"text":"甘要喂人奶还是猪奶啊？[思考]",
"mid":"z81RIu3Bl",
"date":"2012-12-03 13:09:01"
},
{
"kids":[],
"uid":"2694593691",
"parent":"",
"text":"",
"mid":"z81REk2gG",
"date":"2012-12-03 13:08:51"
},
{
"kids":[],
"uid":"2014873387",
"parent":"",
"text":"88，从此取消关注",
"mid":"z81Ry7MlK",
"date":"2012-12-03 13:08:36"
},
{
"kids":[],
"uid":"1784183284",
"parent":"",
"text":"太假了",
"mid":"z81Rr2hoP",
"date":"2012-12-03 13:08:18"
},
{
"kids":[],
"uid":"2165362570",
"parent":"",
"text":"假的吧",
"mid":"z81QUvgGY",
"date":"2012-12-03 13:07:02"
},
{
"kids":[],
"uid":"1949513082",
"parent":"",
"text":"",
"mid":"z81QUdFoT",
"date":"2012-12-03 13:07:01"
},
{
"kids":[],
"uid":"1847301487",
"parent":"",
"text":"[吃惊][吃惊][吃惊]是真的吗",
"mid":"z81QF9Pxe",
"date":"2012-12-03 13:06:23"
},
{
"kids":[
"za2AbxeD0",
"z9OsnlsMF",
"z9OsnlsM8",
"z93OrcvEE",
"z8SjMzzfA",
"z8SjMzzeX"
],
"uid":"2002816450",
"parent":"",
"text":"[汗]",
"mid":"z81Qj1yNv",
"date":"2012-12-03 13:05:30"
},
{
"kids":[],
"uid":"2074549715",
"parent":"z81EBixIA",
"text":"问养它的男主人就知了",
"mid":"z81Qdqj3P",
"date":"2012-12-03 13:05:17"
},
{
"kids":[],
"uid":"1913837901",
"parent":"",
"text":"真的假的啊？",
"mid":"z81Pd1zZS",
"date":"2012-12-03 13:02:50"
},
{
"kids":[],
"uid":"1099905957",
"parent":"",
"text":"",
"mid":"z81P2n6UJ",
"date":"2012-12-03 13:02:25"
},
{
"kids":[],
"uid":"2001291327",
"parent":"",
"text":"我晕死…",
"mid":"z81Oc7grH",
"date":"2012-12-03 13:00:19"
},
{
"kids":[],
"uid":"rainyyus",
"parent":"",
"text":"",
"mid":"z81O1rUMT",
"date":"2012-12-03 12:59:56"
},
{
"kids":[],
"uid":"1412660817",
"parent":"",
"text":"不可能[吃惊][吃惊][吃惊][吃惊][吃惊][吃惊][吃惊][吃惊]",
"mid":"z81NwanLf",
"date":"2012-12-03 12:58:39"
},
{
"kids":[
"z81XJ7UPE"
],
"uid":"yuyixin",
"parent":"z81AYqeAR",
"text":"猪妖还差不多[晕]",
"mid":"z81N4F4Tf",
"date":"2012-12-03 12:57:34"
},
{
"kids":[],
"uid":"1240588180",
"parent":"",
"text":"额，以后更不敢吃猪肉了~~~[黑线]",
"mid":"z81MMBpzH",
"date":"2012-12-03 12:56:53"
},
{
"kids":[],
"uid":"2101426911",
"parent":"z81EBixIA",
"text":"真的吗?[吃惊][吃惊][吃惊]",
"mid":"z81LY7tVg",
"date":"2012-12-03 12:54:51"
},
{
"kids":[
"zd0AS51p4",
"zcXoJ1XSL",
"zafWT7fQr",
"za5JqnBwF",
"z9lAu8vWV",
"z9lAu8vWt",
"z9h3VodTF",
"z9h3V6CKj",
"z8TXszI1r",
"z8LC8qpBg",
"z8sHYdNTa",
"z8sHYcqYj",
"z8emksGro"
],
"uid":"2045211175",
"parent":"",
"text":"母猪很强！公猪更强啊！！",
"mid":"z81LDadE5",
"date":"2012-12-03 12:54:01"
},
{
"kids":[],
"uid":"1950629032",
"parent":"",
"text":"这个世界咋地了[汗]",
"mid":"z81LCdxCF",
"date":"2012-12-03 12:53:59"
},
{
"kids":[],
"uid":"1999271243",
"parent":"",
"text":"又出现个未解之谜，奥妙！",
"mid":"z81Kd78Ji",
"date":"2012-12-03 12:50:31"
},
{
"kids":[],
"uid":"2170935590",
"parent":"",
"text":"@小ok的春天",
"mid":"z81JAFHPb",
"date":"2012-12-03 12:48:59"
},
{
"kids":[
"z83Nt23hx"
],
"uid":"1933669200",
"parent":"",
"text":"[吃惊，，，[疑问]，，，[偷笑]，唉！俺也觉得是假新闻！",
"mid":"z81JmrQZC",
"date":"2012-12-03 12:48:26"
},
{
"kids":[],
"uid":"206669711",
"parent":"z81A2sFAu",
"text":"[吃惊][疑问]",
"mid":"z81HJ877l",
"date":"2012-12-03 12:44:23"
},
{
"kids":[
"z8m1h9Geb",
"z8m1gza6P"
],
"uid":"1867382925",
"parent":"",
"text":"大千世界无奇不有",
"mid":"z81HzmAGB",
"date":"2012-12-03 12:44:01"
},
{
"kids":[],
"uid":"2048229124",
"parent":"",
"text":"不相信。。。。",
"mid":"z81HtqrMA",
"date":"2012-12-03 12:43:45"
},
{
"kids":[],
"uid":"1752171382",
"parent":"",
"text":"好壮观啊[晕]",
"mid":"z81GsdEdd",
"date":"2012-12-03 12:41:16"
},
{
"kids":[],
"uid":"1773952202",
"parent":"",
"text":"真的假的？气温轶事真是层出不穷啊。",
"mid":"z81Go5tAw",
"date":"2012-12-03 12:41:05"
},
{
"kids":[],
"uid":"2179650404",
"parent":"",
"text":"假的吧",
"mid":"z81FuyjKy",
"date":"2012-12-03 12:38:54"
},
{
"kids":[],
"uid":"2520416485",
"parent":"",
"text":"昨天看到有人操鸡，就猪生人，呵呵，难道有人操猪，野@江安安不安安安安安na @立志减肥的小胖子lalala",
"mid":"z81FgkTkh",
"date":"2012-12-03 12:38:20"
},
{
"kids":[],
"uid":"1774933257",
"parent":"",
"text":"太恐怖了。猪爹地是主人？[黑线][黑线][黑线]",
"mid":"z81F9heu7",
"date":"2012-12-03 12:38:03"
},
{
"kids":[
"z81RIu3Bl",
"z81Qdqj3P",
"z81LY7tVg"
],
"uid":"1922222795",
"parent":"",
"text":"[吃惊][吃惊][吃惊]",
"mid":"z81EBixIA",
"date":"2012-12-03 12:36:41"
},
{
"kids":[],
"uid":"1862177240",
"parent":"",
"text":"难以置信~",
"mid":"z81ElDGZv",
"date":"2012-12-03 12:36:05"
},
{
"kids":[],
"uid":"1877623631",
"parent":"",
"text":"假",
"mid":"z81Ei3ynf",
"date":"2012-12-03 12:35:56"
},
{
"kids":[],
"uid":"1830355734",
"parent":"",
"text":"又是假新闻！",
"mid":"z81CtbPPA",
"date":"2012-12-03 12:31:27"
},
{
"kids":[
"z82mztSvC"
],
"uid":"Fjaws",
"parent":"",
"text":"....",
"mid":"z81Clxp9y",
"date":"2012-12-03 12:31:09"
},
{
"kids":[],
"uid":"2080847433",
"parent":"",
"text":"",
"mid":"z81C8uxq5",
"date":"2012-12-03 12:30:38"
},
{
"kids":[],
"uid":"2095403513",
"parent":"",
"text":"转发微博。",
"mid":"z81C74Kuk",
"date":"2012-12-03 12:30:34"
},
{
"kids":[],
"uid":"lindaji2006",
"parent":"",
"text":"",
"mid":"z81BZCyti",
"date":"2012-12-03 12:30:17"
},
{
"kids":[],
"uid":"1745434167",
"parent":"",
"text":"@萨凡纳 @李茜cici @喳喳星人 真的假的？？？？？",
"mid":"z81BNye8l",
"date":"2012-12-03 12:29:47"
},
{
"kids":[],
"uid":"luckywang1980",
"parent":"",
"text":"[吃惊]",
"mid":"z81BM1J0o",
"date":"2012-12-03 12:29:44"
},
{
"kids":[],
"uid":"2008073031",
"parent":"",
"text":"吓人[哼]",
"mid":"z81BpAnPT",
"date":"2012-12-03 12:28:49"
},
{
"kids":[],
"uid":"1885333900",
"parent":"",
"text":"假的！！",
"mid":"z81Bm3Q5W",
"date":"2012-12-03 12:28:42"
},
{
"kids":[],
"uid":"2270707245",
"parent":"",
"text":"[吃惊]",
"mid":"z81Bm3Q5n",
"date":"2012-12-03 12:28:41"
},
{
"kids":[
"z81N4F4Tf"
],
"uid":"2117238653",
"parent":"",
"text":"哪个禽兽干的",
"mid":"z81AYqeAR",
"date":"2012-12-03 12:27:46"
},
{
"kids":[],
"uid":"1637574334",
"parent":"",
"text":"",
"mid":"z81AFbvMy",
"date":"2012-12-03 12:27:00"
},
{
"kids":[
"za0P3FBEr",
"z8ztmlats",
"z8ztmlasL",
"z8pEmEg89"
],
"uid":"1959012561",
"parent":"",
"text":"不是吧[晕]",
"mid":"z81AxeZmp",
"date":"2012-12-03 12:26:40"
},
{
"kids":[
"z828HhVCy"
],
"uid":"lovekamijo",
"parent":"",
"text":".......................",
"mid":"z81Ajjo5A",
"date":"2012-12-03 12:26:08"
},
{
"kids":[],
"uid":"mamadexiaonini",
"parent":"",
"text":"真的假的？",
"mid":"z81Ahz3qo",
"date":"2012-12-03 12:26:04"
},
{
"kids":[],
"uid":"katsu1225",
"parent":"",
"text":"八戒",
"mid":"z81AdaMaC",
"date":"2012-12-03 12:25:51"
},
{
"kids":[],
"uid":"ysfoever",
"parent":"z81yX6e4k",
"text":"！(◎_◎;)",
"mid":"z81A4gCPX",
"date":"2012-12-03 12:25:31"
},
{
"kids":[
"z81HJ877l"
],
"uid":"1698772807",
"parent":"",
"text":"[吃惊]",
"mid":"z81A2sFAu",
"date":"2012-12-03 12:25:29"
},
{
"kids":[],
"uid":"241165660",
"parent":"",
"text":"我们这里一个老太太9个女儿，没儿子！",
"mid":"z81zeg0ZZ",
"date":"2012-12-03 12:23:28"
},
{
"kids":[],
"uid":"1742945523",
"parent":"",
"text":"[晕]",
"mid":"z81z8DoRG",
"date":"2012-12-03 12:23:14"
},
{
"kids":[
"z81A4gCPX"
],
"uid":"robinfj",
"parent":"",
"text":"试管婴儿代孕测试╮(╯_╰)╭",
"mid":"z81yX6e4k",
"date":"2012-12-03 12:22:45"
},
{
"kids":[],
"uid":"1832782977",
"parent":"",
"text":"",
"mid":"z81yygL07",
"date":"2012-12-03 12:21:48"
},
{
"kids":[],
"uid":"339161118",
"parent":"",
"text":"骗人的吧？！[思考]",
"mid":"z81yuqbyE",
"date":"2012-12-03 12:21:39"
},
{
"kids":[],
"uid":"2042673585",
"parent":"",
"text":"谁这么厉害，母猪都不放过！",
"mid":"z81ygzE3b",
"date":"2012-12-03 12:21:06"
},
{
"kids":[
"z81Z6sEE0"
],
"uid":"2140587081",
"parent":"",
"text":"太恶心了",
"mid":"z81x8w4M1",
"date":"2012-12-03 12:18:18"
},
{
"kids":[],
"uid":"kexy2027",
"parent":"",
"text":"牛逼",
"mid":"z81x8h8Nh",
"date":"2012-12-03 12:18:18"
},
{
"kids":[],
"uid":"webjeff",
"parent":"",
"text":"heavy taste.",
"mid":"z81wXA0Mg",
"date":"2012-12-03 12:17:53"
},
{
"kids":[],
"uid":"1944061155",
"parent":"",
"text":"我被吓的只想吐",
"mid":"z81wHkWj3",
"date":"2012-12-03 12:17:14"
},
{
"kids":[],
"uid":"bingchengzhiyu",
"parent":"",
"text":"这事是真的吗？[疑问]",
"mid":"z81wDcLQb",
"date":"2012-12-03 12:17:04"
},
{
"kids":[],
"uid":"1581728151",
"parent":"",
"text":"有内容",
"mid":"z81wtrbSI",
"date":"2012-12-03 12:16:41"
},
{
"kids":[],
"uid":"2701971500",
"parent":"",
"text":"",
"mid":"z81wt9XdT",
"date":"2012-12-03 12:16:40"
},
{
"kids":[],
"uid":"2657276963",
"parent":"",
"text":"啊哪个男银这么可怕。。",
"mid":"z81wk2Qcq",
"date":"2012-12-03 12:16:18"
}
]