[
{
"kids":[],
"uid":"2137552552",
"parent":"ADy7ezYvg",
"text":"抄的",
"mid":"AEo1O19jv",
"date":"2014-04-06 07:08:19"
},
{
"kids":[],
"uid":"jiazhong1008",
"parent":"ADxh25YeL",
"text":"辟谣：假的，“高晓松”的致歉信是假的，是某省某警察写着玩的。",
"mid":"ADPJT8Bd5",
"date":"2014-04-02 15:50:46"
},
{
"kids":[],
"uid":"2034288905",
"parent":"",
"text":"我的天~~~哎~~~",
"mid":"ADG5w7t9A",
"date":"2014-04-01 15:16:35"
},
{
"kids":[],
"uid":"2543585215",
"parent":"ADEtq8REg",
"text":"不是同一家公关公司，而是同一个小编",
"mid":"ADEAWpYFa",
"date":"2014-04-01 11:28:33"
},
{
"kids":[
"ADEAWpYFa"
],
"uid":"maggie2008",
"parent":"ADEf8etsE",
"text":"真的是一样的呀！",
"mid":"ADEtq8REg",
"date":"2014-04-01 11:10:00"
},
{
"kids":[
"ADEAWpYFa",
"ADEtq8REg"
],
"uid":"2106063361",
"parent":"ADyirz4A2",
"text":"大家不要怪文章抄袭高晓松的。。他俩只是用了同一个公关团队的同一个模板而已。。。莫惊怪",
"mid":"ADEf8etsE",
"date":"2014-04-01 10:34:48"
},
{
"kids":[],
"uid":"1404059692",
"parent":"",
"text":"公关公司是在默默的坑他[偷笑]",
"mid":"ADDns9DO4",
"date":"2014-04-01 08:22:33"
},
{
"kids":[],
"uid":"1645697673",
"parent":"",
"text":"@乖巧的鱼",
"mid":"ADzBUbdtD",
"date":"2014-03-31 22:47:10"
},
{
"kids":[],
"uid":"2278731807",
"parent":"",
"text":"",
"mid":"ADzjvx9ku",
"date":"2014-03-31 22:01:51"
},
{
"kids":[],
"uid":"1446092544",
"parent":"",
"text":"道歉都那么随意，没有诚意，你是否还想……[吃惊]@芯派-婉露 看来娱乐圈很混乱[晕]",
"mid":"ADz5MvkN7",
"date":"2014-03-31 21:28:02"
},
{
"kids":[],
"uid":"annatu",
"parent":"ADxcGz5SM",
"text":"出轨本身就可耻，不要说遇到真爱了，你娶她时若不是真爱何必娶，既然娶了，就要负责，因为出轨而离婚就是不负责。小三也不要说他们之间已经没有感情了，你又不是他们，你怎么知道？在妻子怀孕期间出轨的老公和小三不值得原谅",
"mid":"ADyRGtmKu",
"date":"2014-03-31 20:53:18"
},
{
"kids":[],
"uid":"2138046301",
"parent":"ADxcGz5SM",
"text":"靠•••",
"mid":"ADyDtktE1",
"date":"2014-03-31 20:18:17"
},
{
"kids":[],
"uid":"shanyemuge",
"parent":"",
"text":"这是什么情况，同一家公关公司写的么，万能的格式啊，应该被收录教科书里！！！",
"mid":"ADyBm8PDY",
"date":"2014-03-31 20:13:04"
},
{
"kids":[],
"uid":"edwardzhangxu",
"parent":"ADx4zoEwJ",
"text":"",
"mid":"ADyubEAOa",
"date":"2014-03-31 19:55:25"
},
{
"kids":[],
"uid":"2015289921",
"parent":"",
"text":"牛逼的文章，没有救了",
"mid":"ADyo0ajeq",
"date":"2014-03-31 19:40:10"
},
{
"kids":[],
"uid":"2491600492",
"parent":"",
"text":"这就更可恶了……",
"mid":"ADylYAFEE",
"date":"2014-03-31 19:35:10"
},
{
"kids":[
"ADEAWpYFa",
"ADEtq8REg",
"ADEf8etsE"
],
"uid":"2105885362",
"parent":"ADxh25YeL",
"text":"这也可以啊",
"mid":"ADyirz4A2",
"date":"2014-03-31 19:26:29"
},
{
"kids":[],
"uid":"315998999",
"parent":"",
"text":"[嘻嘻]",
"mid":"ADygFn78D",
"date":"2014-03-31 19:22:06"
},
{
"kids":[],
"uid":"2381300271",
"parent":"",
"text":"#周一见# 逆天，道歉麻烦有些诚意，文章你坑天下爹啊。@Happy张江 @阿良哥哥 @港怂萨沙",
"mid":"ADybInH9K",
"date":"2014-03-31 19:09:54"
},
{
"kids":[],
"uid":"2022439615",
"parent":"",
"text":"无话可说.",
"mid":"ADy9r73gs",
"date":"2014-03-31 19:04:17"
},
{
"kids":[],
"uid":"2748929763",
"parent":"",
"text":"",
"mid":"ADy8HzyCc",
"date":"2014-03-31 19:02:29"
},
{
"kids":[
"AEo1O19jv"
],
"uid":"2957978851",
"parent":"",
"text":"靠",
"mid":"ADy7ezYvg",
"date":"2014-03-31 18:58:52"
},
{
"kids":[],
"uid":"3197557441",
"parent":"",
"text":"",
"mid":"ADy5K8Qka",
"date":"2014-03-31 18:55:11"
},
{
"kids":[],
"uid":"2008137691",
"parent":"",
"text":"",
"mid":"ADxLG5qFF",
"date":"2014-03-31 18:05:45"
},
{
"kids":[],
"uid":"1283216461",
"parent":"",
"text":"回复@qinjianxiang:晕！以讹传讹了，删！",
"mid":"ADxIhp4BY",
"date":"2014-03-31 17:57:23"
},
{
"kids":[],
"uid":"0824MM",
"parent":"",
"text":"我去~~~[怒]",
"mid":"ADxHSfJiW",
"date":"2014-03-31 17:56:23"
},
{
"kids":[],
"uid":"1405370953",
"parent":"ADxfIi3St",
"text":"我的天，，，",
"mid":"ADxENpDsu",
"date":"2014-03-31 17:48:47"
},
{
"kids":[],
"uid":"xingo110",
"parent":"",
"text":"@陈智__ @陆小飞2014",
"mid":"ADxAMyxMJ",
"date":"2014-03-31 17:38:55"
},
{
"kids":[],
"uid":"1690090642",
"parent":"",
"text":"稀烂，这个也剽窃，封杀之",
"mid":"ADxAl8jGC",
"date":"2014-03-31 17:37:49"
},
{
"kids":[],
"uid":"2198970777",
"parent":"",
"text":"",
"mid":"ADxyyANJp",
"date":"2014-03-31 17:33:26"
},
{
"kids":[],
"uid":"fengxueli101",
"parent":"",
"text":"纳尼？连这个都抄袭，真心没话说了…[怒][怒][怒]",
"mid":"ADxvLr16t",
"date":"2014-03-31 17:26:33"
},
{
"kids":[],
"uid":"1795263620",
"parent":"ADx4igoyQ",
"text":"我丢，还能这样。",
"mid":"ADxuKgdiu",
"date":"2014-03-31 17:24:02"
},
{
"kids":[],
"uid":"qikeli",
"parent":"",
"text":"真没诚意",
"mid":"ADxuJ3laj",
"date":"2014-03-31 17:23:59"
},
{
"kids":[],
"uid":"1971739912",
"parent":"",
"text":"",
"mid":"ADxubAv3H",
"date":"2014-03-31 17:22:40"
},
{
"kids":[],
"uid":"3598175093",
"parent":"",
"text":"",
"mid":"ADxu7sjOw",
"date":"2014-03-31 17:22:30"
},
{
"kids":[],
"uid":"2991020914",
"parent":"ADxio1eU4",
"text":"[good]",
"mid":"ADxsYB0Ro",
"date":"2014-03-31 17:19:41"
},
{
"kids":[],
"uid":"2826051490",
"parent":"ADxr4Fe23",
"text":"我去，真TM混蛋！[怒]",
"mid":"ADxsyxvwy",
"date":"2014-03-31 17:18:39"
},
{
"kids":[],
"uid":"3904630337",
"parent":"ADxc6xDWN",
"text":"乱",
"mid":"ADxrFzrBZ",
"date":"2014-03-31 17:16:28"
},
{
"kids":[],
"uid":"1869917205",
"parent":"",
"text":"额。。。。。。",
"mid":"ADxrFzrz8",
"date":"2014-03-31 17:16:28"
},
{
"kids":[],
"uid":"1958656647",
"parent":"",
"text":"受不了",
"mid":"ADxrm5pAX",
"date":"2014-03-31 17:15:41"
},
{
"kids":[
"ADxsyxvwy"
],
"uid":"2426032704",
"parent":"",
"text":"",
"mid":"ADxr4Fe23",
"date":"2014-03-31 17:14:59"
},
{
"kids":[],
"uid":"zengdehao",
"parent":"",
"text":"哈哈…能严肃点吗？",
"mid":"ADxqddyVI",
"date":"2014-03-31 17:12:51"
},
{
"kids":[],
"uid":"2713576280",
"parent":"",
"text":"",
"mid":"ADxmI0cHa",
"date":"2014-03-31 17:04:14"
},
{
"kids":[],
"uid":"2203329154",
"parent":"",
"text":"劳资！这是什么节奏？雷焦了！",
"mid":"ADxmdBKRQ",
"date":"2014-03-31 17:03:02"
},
{
"kids":[],
"uid":"2407800711",
"parent":"",
"text":"",
"mid":"ADxkxfx5i",
"date":"2014-03-31 16:58:53"
},
{
"kids":[],
"uid":"hzr0527",
"parent":"",
"text":"这是真的假的？",
"mid":"ADxk8v454",
"date":"2014-03-31 16:57:54"
},
{
"kids":[],
"uid":"1748300804",
"parent":"",
"text":"[吃惊]",
"mid":"ADxjymOXX",
"date":"2014-03-31 16:56:28"
},
{
"kids":[
"ADxsYB0Ro"
],
"uid":"2709973572",
"parent":"",
"text":"@黑黑的小小胖 这个毫无诚意！",
"mid":"ADxio1eU4",
"date":"2014-03-31 16:53:35"
},
{
"kids":[],
"uid":"2681785671",
"parent":"",
"text":"",
"mid":"ADxin5CL2",
"date":"2014-03-31 16:53:33"
},
{
"kids":[],
"uid":"2549907982",
"parent":"",
"text":"",
"mid":"ADxi6fUAj",
"date":"2014-03-31 16:52:53"
},
{
"kids":[],
"uid":"528857890",
"parent":"",
"text":"",
"mid":"ADxhJxPxU",
"date":"2014-03-31 16:51:59"
},
{
"kids":[],
"uid":"2939263905",
"parent":"",
"text":"我去，无法原谅",
"mid":"ADxhIBf4U",
"date":"2014-03-31 16:51:57"
},
{
"kids":[],
"uid":"528857890",
"parent":"",
"text":"",
"mid":"ADxhtkhrC",
"date":"2014-03-31 16:51:19"
},
{
"kids":[],
"uid":"aliceyouyan",
"parent":"",
"text":"尼玛，你道歉有点诚意好不？连道歉书都要抄袭！@文章同學",
"mid":"ADxhq2pVc",
"date":"2014-03-31 16:51:12"
},
{
"kids":[],
"uid":"1307502990",
"parent":"",
"text":"哦哟没诚意噁心",
"mid":"ADxhf4lpo",
"date":"2014-03-31 16:50:46"
},
{
"kids":[
"ADPJT8Bd5",
"ADEAWpYFa",
"ADEtq8REg",
"ADEf8etsE",
"ADyirz4A2"
],
"uid":"jiazhong1008",
"parent":"",
"text":"",
"mid":"ADxh25YeL",
"date":"2014-03-31 16:50:15"
},
{
"kids":[],
"uid":"3186651472",
"parent":"",
"text":"",
"mid":"ADxgpBM6K",
"date":"2014-03-31 16:48:44"
},
{
"kids":[],
"uid":"1830073404",
"parent":"",
"text":"[哈哈]",
"mid":"ADxg8edU2",
"date":"2014-03-31 16:48:02"
},
{
"kids":[],
"uid":"2645181544",
"parent":"",
"text":"[汗]",
"mid":"ADxg7DIsL",
"date":"2014-03-31 16:48:01"
},
{
"kids":[],
"uid":"2378565263",
"parent":"",
"text":"@文章同学",
"mid":"ADxfNf1IY",
"date":"2014-03-31 16:47:12"
},
{
"kids":[
"ADxENpDsu"
],
"uid":"1699672295",
"parent":"ADxdSaJTg",
"text":"@容么么Quentina @头发乱了的猫 这男人还有诚意吗？负分！滚粗！",
"mid":"ADxfIi3St",
"date":"2014-03-31 16:47:00"
},
{
"kids":[],
"uid":"3049119013",
"parent":"",
"text":"哎",
"mid":"ADxfmnA8s",
"date":"2014-03-31 16:46:07"
},
{
"kids":[],
"uid":"3582002902",
"parent":"",
"text":"",
"mid":"ADxeTEh8J",
"date":"2014-03-31 16:45:00"
},
{
"kids":[],
"uid":"3626313815",
"parent":"",
"text":"",
"mid":"ADxepzDDp",
"date":"2014-03-31 16:43:47"
},
{
"kids":[],
"uid":"1824441792",
"parent":"",
"text":"[汗]",
"mid":"ADxemhQLC",
"date":"2014-03-31 16:43:40"
},
{
"kids":[],
"uid":"2660881051",
"parent":"",
"text":"抄的真好，网友的力量是无穷的~~[威武]",
"mid":"ADxem34Hz",
"date":"2014-03-31 16:43:39"
},
{
"kids":[],
"uid":"3056194031",
"parent":"",
"text":"哎呦，我去啊，难道是出自同一家公司？",
"mid":"ADxe9ydt2",
"date":"2014-03-31 16:43:09"
},
{
"kids":[],
"uid":"2674978947",
"parent":"",
"text":"",
"mid":"ADxe8r9Rr",
"date":"2014-03-31 16:43:06"
},
{
"kids":[],
"uid":"2320088600",
"parent":"",
"text":"",
"mid":"ADxe7xUp3",
"date":"2014-03-31 16:43:05"
},
{
"kids":[
"ADxENpDsu",
"ADxfIi3St"
],
"uid":"mcfnxc",
"parent":"",
"text":"@Eymi",
"mid":"ADxdSaJTg",
"date":"2014-03-31 16:42:28"
},
{
"kids":[],
"uid":"279115501",
"parent":"",
"text":"呵呵",
"mid":"ADxdLmL1K",
"date":"2014-03-31 16:42:12"
},
{
"kids":[],
"uid":"2113764342",
"parent":"",
"text":"",
"mid":"ADxdtAkKM",
"date":"2014-03-31 16:41:29"
},
{
"kids":[],
"uid":"314627776",
"parent":"",
"text":"",
"mid":"ADxdoB7ZI",
"date":"2014-03-31 16:41:17"
},
{
"kids":[],
"uid":"xiaocuismilemagic",
"parent":"",
"text":"[泪]真的好像",
"mid":"ADxdehHN3",
"date":"2014-03-31 16:40:53"
},
{
"kids":[
"ADyRGtmKu",
"ADyDtktE1"
],
"uid":"1761651607",
"parent":"",
"text":"擦。。。",
"mid":"ADxcGz5SM",
"date":"2014-03-31 16:39:33"
},
{
"kids":[],
"uid":"2771745337",
"parent":"",
"text":"",
"mid":"ADxczcJk1",
"date":"2014-03-31 16:39:15"
},
{
"kids":[],
"uid":"123840128",
"parent":"",
"text":"[怒骂]",
"mid":"ADxcuaymr",
"date":"2014-03-31 16:39:03"
},
{
"kids":[],
"uid":"1929861715",
"parent":"",
"text":"郁闷",
"mid":"ADxcqkF3Z",
"date":"2014-03-31 16:38:54"
},
{
"kids":[],
"uid":"3153824352",
"parent":"",
"text":"很不诚恳",
"mid":"ADxciEFxe",
"date":"2014-03-31 16:38:36"
},
{
"kids":[],
"uid":"3220099104",
"parent":"",
"text":"是真是假？[哼]",
"mid":"ADxc80LIK",
"date":"2014-03-31 16:38:10"
},
{
"kids":[
"ADxrFzrBZ"
],
"uid":"2625303613",
"parent":"",
"text":"。。。贵圈太乱[衰][衰]",
"mid":"ADxc6xDWN",
"date":"2014-03-31 16:38:06"
},
{
"kids":[],
"uid":"jixiaoye405811272",
"parent":"",
"text":"我靠，这样都行[鄙视]",
"mid":"ADxc5mF2v",
"date":"2014-03-31 16:38:03"
},
{
"kids":[],
"uid":"5048107322",
"parent":"",
"text":"目前还不敢相信，我也不像相信是真的吗？",
"mid":"ADxbTuDzF",
"date":"2014-03-31 16:37:36"
},
{
"kids":[],
"uid":"2881848912",
"parent":"",
"text":"",
"mid":"ADxbSFdx0",
"date":"2014-03-31 16:37:34"
},
{
"kids":[],
"uid":"1750151903",
"parent":"",
"text":"",
"mid":"ADxbPp1yo",
"date":"2014-03-31 16:37:26"
},
{
"kids":[],
"uid":"1991531514",
"parent":"",
"text":"这个世界太混乱了",
"mid":"ADxbLzEM6",
"date":"2014-03-31 16:37:17"
},
{
"kids":[],
"uid":"2686997",
"parent":"",
"text":"。。。。",
"mid":"ADxbLgOtM",
"date":"2014-03-31 16:37:16"
},
{
"kids":[],
"uid":"2815396260",
"parent":"",
"text":"这个猛料哇",
"mid":"ADxbGwX1U",
"date":"2014-03-31 16:37:05"
},
{
"kids":[],
"uid":"2557740197",
"parent":"",
"text":"鄙视[鄙视]",
"mid":"ADxbG1bFv",
"date":"2014-03-31 16:37:02"
},
{
"kids":[],
"uid":"2298309804",
"parent":"",
"text":"",
"mid":"ADxbv1z5m",
"date":"2014-03-31 16:36:36"
},
{
"kids":[],
"uid":"2061046585",
"parent":"",
"text":"",
"mid":"ADxbtcFA2",
"date":"2014-03-31 16:36:33"
},
{
"kids":[],
"uid":"ysbsz",
"parent":"",
"text":"不是吧。。。",
"mid":"ADxbf1DQ9",
"date":"2014-03-31 16:35:59"
},
{
"kids":[],
"uid":"2193947732",
"parent":"",
"text":"啊？",
"mid":"ADxb1rXUK",
"date":"2014-03-31 16:35:27"
},
{
"kids":[],
"uid":"3304219241",
"parent":"",
"text":"",
"mid":"ADxaU4Nbp",
"date":"2014-03-31 16:35:09"
},
{
"kids":[],
"uid":"3189877341",
"parent":"",
"text":"",
"mid":"ADxaOsLPW",
"date":"2014-03-31 16:34:56"
},
{
"kids":[],
"uid":"yyjacline",
"parent":"",
"text":"",
"mid":"ADx9tqJj9",
"date":"2014-03-31 16:31:37"
},
{
"kids":[],
"uid":"334641446",
"parent":"",
"text":"这是假的好么，是一交警劝人别酒驾些的。都不核实就发。而且你消息好慢啊！这都是上午已经澄清了的。",
"mid":"ADx9jCYkN",
"date":"2014-03-31 16:31:15"
},
{
"kids":[],
"uid":"2032592605",
"parent":"ADx4zoEwJ",
"text":"洪大师说到关键点了！这捉急的智商啊",
"mid":"ADx97i34Z",
"date":"2014-03-31 16:30:45"
},
{
"kids":[],
"uid":"2862629962",
"parent":"",
"text":"这也要抄,敢不敢有点诚意[鄙视]",
"mid":"ADx8Ek4yf",
"date":"2014-03-31 16:29:36"
},
{
"kids":[],
"uid":"5066001423",
"parent":"",
"text":"凌乱了[伤心][伤心][伤心]",
"mid":"ADx8bnhl2",
"date":"2014-03-31 16:28:27"
},
{
"kids":[],
"uid":"yanglan0913",
"parent":"",
"text":"[衰]我去，这也行。。。",
"mid":"ADx7WCBMZ",
"date":"2014-03-31 16:27:52"
},
{
"kids":[],
"uid":"2036228697",
"parent":"",
"text":"这也可以[怒]",
"mid":"ADx7Rx70c",
"date":"2014-03-31 16:27:40"
},
{
"kids":[],
"uid":"2556036230",
"parent":"",
"text":"我的妈呀，笑死我了。我就说我在哪里看到过[哈哈][哈哈]",
"mid":"ADx6PaqRu",
"date":"2014-03-31 16:25:05"
},
{
"kids":[],
"uid":"2520339620",
"parent":"",
"text":"一声“呵呵”结束。。。",
"mid":"ADx6ti5FV",
"date":"2014-03-31 16:24:14"
},
{
"kids":[],
"uid":"jtanyy",
"parent":"ADx4zoEwJ",
"text":"[哈哈][哈哈][哈哈][哈哈]",
"mid":"ADx699XCc",
"date":"2014-03-31 16:23:26"
},
{
"kids":[],
"uid":"2384973181",
"parent":"",
"text":"",
"mid":"ADx68hyt4",
"date":"2014-03-31 16:23:23"
},
{
"kids":[],
"uid":"301165012",
"parent":"",
"text":"(⊙o⊙)哦",
"mid":"ADx5ij096",
"date":"2014-03-31 16:21:20"
},
{
"kids":[],
"uid":"2882454427",
"parent":"",
"text":"真是赤裸裸的copy",
"mid":"ADx5b9nNo",
"date":"2014-03-31 16:21:03"
},
{
"kids":[],
"uid":"329956723",
"parent":"ADx4e6mDk",
"text":"毁了我心目中那个模范好男人",
"mid":"ADx5aAjYa",
"date":"2014-03-31 16:21:01"
},
{
"kids":[],
"uid":"huating1231",
"parent":"",
"text":"哈哈哈!好好笑",
"mid":"ADx4CkMzA",
"date":"2014-03-31 16:19:40"
},
{
"kids":[
"ADyubEAOa",
"ADx97i34Z",
"ADx699XCc"
],
"uid":"271137799",
"parent":"",
"text":"哈哈，学生写论文也知道多找几篇来抄啊，有点儿智商好么！",
"mid":"ADx4zoEwJ",
"date":"2014-03-31 16:19:33"
},
{
"kids":[
"ADxuKgdiu"
],
"uid":"1933784394",
"parent":"",
"text":"",
"mid":"ADx4igoyQ",
"date":"2014-03-31 16:18:52"
},
{
"kids":[
"ADx5aAjYa"
],
"uid":"3143009121",
"parent":"",
"text":"哇日，抄的？那就是冒得诚意啊",
"mid":"ADx4e6mDk",
"date":"2014-03-31 16:18:42"
},
{
"kids":[],
"uid":"1888953893",
"parent":"",
"text":"搞笑吗",
"mid":"ADx45xnGT",
"date":"2014-03-31 16:18:22"
},
{
"kids":[],
"uid":"111983921",
"parent":"",
"text":"[哈哈][哈哈][哈哈]这周一我好累！",
"mid":"ADx44AAoB",
"date":"2014-03-31 16:18:20"
},
{
"kids":[],
"uid":"acebearxp",
"parent":"",
"text":"哈哈",
"mid":"ADx3g97t3",
"date":"2014-03-31 16:16:19"
},
{
"kids":[],
"uid":"2838235787",
"parent":"",
"text":"真假？如果是真的，那就太恶心了••",
"mid":"ADx37dQaZ",
"date":"2014-03-31 16:15:57"
},
{
"kids":[],
"uid":"1795678745",
"parent":"",
"text":"",
"mid":"ADx34zGlk",
"date":"2014-03-31 16:15:52"
},
{
"kids":[],
"uid":"1834770791",
"parent":"",
"text":"你这消息真慢，已经说了是安徽一交警改的。",
"mid":"ADx2T5Oqv",
"date":"2014-03-31 16:15:24"
}
]