[
{
"kids":[],
"uid":"2790070144",
"parent":"",
"text":"",
"mid":"zbbzkemqg",
"date":"2012-12-24 07:22:04"
},
{
"kids":[],
"uid":"2919946160",
"parent":"",
"text":"",
"mid":"zb2VYb8LP",
"date":"2012-12-23 09:23:10"
},
{
"kids":[],
"uid":"1778119752",
"parent":"zaaX20YdE",
"text":"",
"mid":"zaZmx1V1Y",
"date":"2012-12-23 00:17:33"
},
{
"kids":[],
"uid":"2919531944",
"parent":"zaaX20YdE",
"text":"",
"mid":"zaQv5elhG",
"date":"2012-12-22 01:43:57"
},
{
"kids":[],
"uid":"2919284472",
"parent":"zaboiyj7y",
"text":"",
"mid":"zaQsRefZe",
"date":"2012-12-22 01:38:27"
},
{
"kids":[],
"uid":"2919911794",
"parent":"zaboiyj7y",
"text":"",
"mid":"zaGss9VDi",
"date":"2012-12-21 00:09:58"
},
{
"kids":[],
"uid":"535674605",
"parent":"",
"text":"赶快转发",
"mid":"zalLbbdR3",
"date":"2012-12-18 19:28:26"
},
{
"kids":[],
"uid":"2789727100",
"parent":"zaaLYtfOq",
"text":"",
"mid":"zakkUkNVB",
"date":"2012-12-18 15:50:59"
},
{
"kids":[],
"uid":"2789935684",
"parent":"zaaLYtfOq",
"text":"",
"mid":"zakkUkNUa",
"date":"2012-12-18 15:50:59"
},
{
"kids":[],
"uid":"2162865690",
"parent":"",
"text":"[走你]#热门微博# http:",
"mid":"zajjlowyH",
"date":"2012-12-18 13:14:21"
},
{
"kids":[],
"uid":"1823003787",
"parent":"",
"text":"#热门微博# http:",
"mid":"zajeAu0pE",
"date":"2012-12-18 13:02:41"
},
{
"kids":[],
"uid":"2499556310",
"parent":"",
"text":"#热门微博# http:",
"mid":"zaj7s8Q6C",
"date":"2012-12-18 12:45:05"
},
{
"kids":[],
"uid":"3184626263",
"parent":"",
"text":"#热门微博# http:",
"mid":"zaiXxuht9",
"date":"2012-12-18 12:20:40"
},
{
"kids":[],
"uid":"1760274593",
"parent":"",
"text":"#热门微博# http:",
"mid":"zait7EHAt",
"date":"2012-12-18 11:05:43"
},
{
"kids":[],
"uid":"2280800351",
"parent":"",
"text":"",
"mid":"zai3QmyOl",
"date":"2012-12-18 10:03:27"
},
{
"kids":[],
"uid":"szxzj",
"parent":"",
"text":"一定要看管好我们的小baby哦",
"mid":"zahKFiVDg",
"date":"2012-12-18 09:16:11"
},
{
"kids":[],
"uid":"1352579980",
"parent":"zaayhdl6A",
"text":"",
"mid":"zahCLEWtP",
"date":"2012-12-18 08:56:45"
},
{
"kids":[],
"uid":"1440415553",
"parent":"zaayhdl6A",
"text":"",
"mid":"zahCLDV5i",
"date":"2012-12-18 08:56:44"
},
{
"kids":[],
"uid":"2920129934",
"parent":"zaa6EhfyC",
"text":"",
"mid":"zahpSEqZA",
"date":"2012-12-18 08:25:00"
},
{
"kids":[],
"uid":"2804147732",
"parent":"",
"text":"",
"mid":"zag8fhYpF",
"date":"2012-12-18 05:08:48"
},
{
"kids":[],
"uid":"2911612093",
"parent":"",
"text":"@中远物流天荣公司王世君",
"mid":"zafV3DD2u",
"date":"2012-12-18 04:36:19"
},
{
"kids":[],
"uid":"2808789280",
"parent":"zablbyN9l",
"text":"",
"mid":"zafRz4fDw",
"date":"2012-12-18 04:27:42"
},
{
"kids":[],
"uid":"1583937691",
"parent":"zaaRe8KBw",
"text":"",
"mid":"zaek0r3Ai",
"date":"2012-12-18 00:32:18"
},
{
"kids":[],
"uid":"2169536967",
"parent":"zaaRe8KBw",
"text":"",
"mid":"zaek0qfTY",
"date":"2012-12-18 00:32:18"
},
{
"kids":[],
"uid":"2920235944",
"parent":"",
"text":"",
"mid":"zaeeuyGqG",
"date":"2012-12-18 00:18:42"
},
{
"kids":[],
"uid":"xiexinru918",
"parent":"",
"text":"草！！",
"mid":"zadcHqev1",
"date":"2012-12-17 21:41:32"
},
{
"kids":[],
"uid":"2642819031",
"parent":"",
"text":"#热门微博# http:",
"mid":"zad0Le3m1",
"date":"2012-12-17 21:12:08"
},
{
"kids":[],
"uid":"1115463411",
"parent":"zabc2xieQ",
"text":"好怕怕[衰][衰][衰][衰]",
"mid":"zacwNpFYE",
"date":"2012-12-17 19:58:18"
},
{
"kids":[],
"uid":"3191998825",
"parent":"",
"text":"#热门微博# http:",
"mid":"zacs42iNu",
"date":"2012-12-17 19:46:37"
},
{
"kids":[],
"uid":"sweetheartz",
"parent":"",
"text":"@贝贝的番茄 @超级无敌小粉粉猪 @月亮趴趴",
"mid":"zaceEuGFo",
"date":"2012-12-17 19:13:36"
},
{
"kids":[],
"uid":"gzp861210",
"parent":"",
"text":"谨防宝宝被拐",
"mid":"zace2F4at",
"date":"2012-12-17 19:12:07"
},
{
"kids":[],
"uid":"sunjing1986",
"parent":"",
"text":"@芝华_俊",
"mid":"zace2nsTx",
"date":"2012-12-17 19:12:05"
},
{
"kids":[],
"uid":"1678912974",
"parent":"",
"text":"好恐怖~~",
"mid":"zacdN1CxI",
"date":"2012-12-17 19:11:26"
},
{
"kids":[],
"uid":"2920091782",
"parent":"zablbyN9l",
"text":"",
"mid":"zac7VyHFf",
"date":"2012-12-17 18:57:03"
},
{
"kids":[],
"uid":"2920615624",
"parent":"zaa9Z7jgp",
"text":"",
"mid":"zabU63jc2",
"date":"2012-12-17 18:22:57"
},
{
"kids":[],
"uid":"2920640904",
"parent":"zaa9Z7jgp",
"text":"",
"mid":"zabU5rFtF",
"date":"2012-12-17 18:22:54"
},
{
"kids":[],
"uid":"1787863482",
"parent":"",
"text":"@Yan_女女 @太小犬 @陈苑琳-NICOLE @LU-LIU :谨防宝宝被拐",
"mid":"zabMNlLRK",
"date":"2012-12-17 18:04:58"
},
{
"kids":[],
"uid":"1931527661",
"parent":"zaaXw9rS6",
"text":"@junyis @巴黎五月 @Yuki--zhang @射手老太 @天蝎鱼pphoebe @维夕的blog",
"mid":"zabw5E5gH",
"date":"2012-12-17 17:23:49"
},
{
"kids":[],
"uid":"2694983291",
"parent":"",
"text":"我滴个妈呀……忒恐怖了……[吃惊]",
"mid":"zabqA3fPx",
"date":"2012-12-17 17:10:14"
},
{
"kids":[],
"uid":"ngxiaowa",
"parent":"",
"text":"谨防宝宝被拐...",
"mid":"zabp0vS8x",
"date":"2012-12-17 17:06:21"
},
{
"kids":[
"zaQsRefZe",
"zaGss9VDi"
],
"uid":"vivianhans",
"parent":"",
"text":"带孩子出门要小心!!",
"mid":"zaboiyj7y",
"date":"2012-12-17 17:04:38"
},
{
"kids":[
"zafRz4fDw",
"zac7VyHFf"
],
"uid":"2610034663",
"parent":"",
"text":"孩儿爸孩儿妈们，出门一定看紧孩子！！太可怕了！！",
"mid":"zablbyN9l",
"date":"2012-12-17 16:56:57"
},
{
"kids":[],
"uid":"2885815147",
"parent":"",
"text":"",
"mid":"zabiTs6e7",
"date":"2012-12-17 16:51:16"
},
{
"kids":[],
"uid":"1440267865",
"parent":"",
"text":"人贩子招真高！欠虐！[怒]",
"mid":"zabi2z3xc",
"date":"2012-12-17 16:49:10"
},
{
"kids":[],
"uid":"2347521625",
"parent":"",
"text":"@鱼泡泡飞飞 @白羊cindyhan @小罗-duan @端端正正cc @木子二水 姐妹们小心啊[吃惊]江湖太险恶",
"mid":"zabh7tD68",
"date":"2012-12-17 16:46:57"
},
{
"kids":[],
"uid":"1279105507",
"parent":"",
"text":"太可怕了，警惕再警惕啊",
"mid":"zabg04bSZ",
"date":"2012-12-17 16:44:10"
},
{
"kids":[],
"uid":"2490584810",
"parent":"",
"text":"妈妈们，谨慎！",
"mid":"zabcp05Ac",
"date":"2012-12-17 16:35:18"
},
{
"kids":[
"zacwNpFYE"
],
"uid":"zhaiangel",
"parent":"",
"text":"太恐怖了",
"mid":"zabc2xieQ",
"date":"2012-12-17 16:34:25"
},
{
"kids":[],
"uid":"going8888",
"parent":"",
"text":"",
"mid":"zabbq5ZUw",
"date":"2012-12-17 16:32:54"
},
{
"kids":[],
"uid":"2180369100",
"parent":"",
"text":"",
"mid":"zabaUuXws",
"date":"2012-12-17 16:31:36"
},
{
"kids":[],
"uid":"2176535813",
"parent":"",
"text":"@看入了戏 @芷安妈妈 好害怕",
"mid":"zab7J6xro",
"date":"2012-12-17 16:23:47"
},
{
"kids":[],
"uid":"2520303812",
"parent":"",
"text":"",
"mid":"zab7xjh2W",
"date":"2012-12-17 16:23:17"
},
{
"kids":[],
"uid":"catherinedancing",
"parent":"",
"text":"@杨陈子墨",
"mid":"zab50lnJ5",
"date":"2012-12-17 16:17:05"
},
{
"kids":[],
"uid":"2011754395",
"parent":"",
"text":"太可怕了。。。#热门微博# http:",
"mid":"zab4311uO",
"date":"2012-12-17 16:14:43"
},
{
"kids":[],
"uid":"2477372715",
"parent":"",
"text":"",
"mid":"zab3DAX4O",
"date":"2012-12-17 16:13:41"
},
{
"kids":[],
"uid":"1810322290",
"parent":"",
"text":"转发微博。",
"mid":"zab2GaKeD",
"date":"2012-12-17 16:11:19"
},
{
"kids":[],
"uid":"2723267283",
"parent":"",
"text":"转发微博。",
"mid":"zab0hvff2",
"date":"2012-12-17 16:05:27"
},
{
"kids":[],
"uid":"2522521310",
"parent":"",
"text":"",
"mid":"zaaZVFBAu",
"date":"2012-12-17 16:04:35"
},
{
"kids":[
"zabw5E5gH"
],
"uid":"oucyan",
"parent":"",
"text":"各位，谨防宝宝被拐！@喜儿奶爸 @smallfish曼 @sakya_li @lovelecen @saga_gogo @锴轩亭 @小鲁de妈 @卡鲁鲁的地盘 @独立kilin",
"mid":"zaaXw9rS6",
"date":"2012-12-17 15:58:38"
},
{
"kids":[
"zaZmx1V1Y",
"zaQv5elhG"
],
"uid":"2044222375",
"parent":"",
"text":"家长们注意啦!好恐怖的人贩子啊[话筒]",
"mid":"zaaX20YdE",
"date":"2012-12-17 15:57:26"
},
{
"kids":[],
"uid":"1968828295",
"parent":"",
"text":"",
"mid":"zaaVUixsK",
"date":"2012-12-17 15:54:38"
},
{
"kids":[],
"uid":"2727012685",
"parent":"",
"text":"",
"mid":"zaaVDoUVj",
"date":"2012-12-17 15:54:00"
},
{
"kids":[],
"uid":"eliseqq",
"parent":"",
"text":"@洛洛B妈妈 @蔡ZHEN雄",
"mid":"zaaVfsHe3",
"date":"2012-12-17 15:53:03"
},
{
"kids":[
"zaek0r3Ai",
"zaek0qfTY"
],
"uid":"2033238225",
"parent":"zaaOX9vbF",
"text":"[熊猫][泪]",
"mid":"zaaRe8KBw",
"date":"2012-12-17 15:43:06"
},
{
"kids":[
"zaaRe8KBw"
],
"uid":"flykite",
"parent":"",
"text":"[吃惊][吃惊][吃惊][吃惊]",
"mid":"zaaOX9vbF",
"date":"2012-12-17 15:37:32"
},
{
"kids":[],
"uid":"2178236230",
"parent":"",
"text":"带宝宝出门一定要多注意安全！",
"mid":"zaaOueegL",
"date":"2012-12-17 15:36:21"
},
{
"kids":[],
"uid":"enyababy777777777777",
"parent":"",
"text":"@算你厉害吧 @鄙人兔子 @TenderPoison-小七禾页 @勤奋的丁小妞",
"mid":"zaaNf5iEs",
"date":"2012-12-17 15:33:19"
},
{
"kids":[],
"uid":"2730055843",
"parent":"zaagOyIBH",
"text":"",
"mid":"zaaMDgiSB",
"date":"2012-12-17 15:31:50"
},
{
"kids":[
"zakkUkNVB",
"zakkUkNUa"
],
"uid":"xm1919",
"parent":"",
"text":"家长要注意了！",
"mid":"zaaLYtfOq",
"date":"2012-12-17 15:30:11"
},
{
"kids":[],
"uid":"2143436221",
"parent":"zaagOyIBH",
"text":"@光头小雯雯 @兔宝的鱼妈",
"mid":"zaaHZqYio",
"date":"2012-12-17 15:20:21"
},
{
"kids":[],
"uid":"2731043065",
"parent":"zaagOyIBH",
"text":"",
"mid":"zaaFPjxJp",
"date":"2012-12-17 15:15:03"
},
{
"kids":[],
"uid":"2257610433",
"parent":"",
"text":"注意安全，抓到就地正法就没人敢人贩子了",
"mid":"zaaERl9Ab",
"date":"2012-12-17 15:12:40"
},
{
"kids":[],
"uid":"2592610742",
"parent":"",
"text":"人贩子团伙太恐怖了，家长带小孩外出一定要非常谨慎，一定！！！！",
"mid":"zaaDUb8CS",
"date":"2012-12-17 15:10:18"
},
{
"kids":[],
"uid":"1231535165",
"parent":"",
"text":"回复@老顾大叔:真是什么鸟人啊！该杀。引巳为戎吧。[话筒]",
"mid":"zaazJBEGN",
"date":"2012-12-17 15:00:02"
},
{
"kids":[
"zahCLEWtP",
"zahCLDV5i"
],
"uid":"2373539064",
"parent":"",
"text":"这世道。。。哎。。真让人无语。。",
"mid":"zaayhdl6A",
"date":"2012-12-17 14:56:26"
},
{
"kids":[],
"uid":"1770652987",
"parent":"",
"text":"@aprotosser",
"mid":"zaawjaAfX",
"date":"2012-12-17 14:51:37"
},
{
"kids":[],
"uid":"lixiao1213",
"parent":"",
"text":"",
"mid":"zaasTB1Rr",
"date":"2012-12-17 14:43:13"
},
{
"kids":[],
"uid":"fandn",
"parent":"zaas6A2Nr",
"text":"[吃惊]额 是天津的 非常有可能",
"mid":"zaasvoT7y",
"date":"2012-12-17 14:42:14"
},
{
"kids":[],
"uid":"1879997344",
"parent":"",
"text":"@sallysally5 @chouchou_lily @Jacky-LA @Kosa小女兒 @熊大美女72变 @eugenia_项文婷 太不是人了[抓狂][怒]",
"mid":"zaasuthLR",
"date":"2012-12-17 14:42:12"
},
{
"kids":[],
"uid":"2672079331",
"parent":"",
"text":"太可怕了，这种人贩抓到就应该枪毙。[怒][怒][怒]",
"mid":"zaas9uoYB",
"date":"2012-12-17 14:41:22"
},
{
"kids":[
"zaasvoT7y"
],
"uid":"feiht",
"parent":"zaaofvGbY",
"text":"[吃惊]不会是沃尔玛吧，上周五在天津沃尔玛买东西，广播忽然通知：值班室请将摄像头对准2号、4号、6号区域。莫非是找孩子？",
"mid":"zaas6A2Nr",
"date":"2012-12-17 14:41:15"
},
{
"kids":[],
"uid":"2553937112",
"parent":"zaagOyIBH",
"text":"",
"mid":"zaaqH6MwG",
"date":"2012-12-17 14:37:46"
},
{
"kids":[
"zaas6A2Nr"
],
"uid":"fandn",
"parent":"zaagOyIBH",
"text":"",
"mid":"zaaofvGbY",
"date":"2012-12-17 14:31:44"
},
{
"kids":[],
"uid":"zhanglu929",
"parent":"",
"text":"转发微博。",
"mid":"zaakLfmCv",
"date":"2012-12-17 14:23:09"
},
{
"kids":[],
"uid":"cnxzkids",
"parent":"",
"text":"【再次提醒：谨防宝宝被拐】天津阿姨家邻居带着3岁的儿子去超市，付账的片刻发现孩子不见了，立即找保安求助。保安很给力，马上对讲机通知关闭所有入口进行排查。最后找到了小孩，头发被剃了，衣服被换了。人贩子团伙太恐怖了，家长带小孩外出一定要非常谨慎，一定！！！！",
"mid":"zaajRo4qF",
"date":"2012-12-17 14:20:56"
},
{
"kids":[],
"uid":"1862317810",
"parent":"",
"text":"[抓狂][奥特曼][威武]",
"mid":"zaajj5ldJ",
"date":"2012-12-17 14:19:32"
},
{
"kids":[],
"uid":"1457001681",
"parent":"",
"text":"@真心开始努力减肥的suki @涵宝妈咪Polly",
"mid":"zaaiR3ZLE",
"date":"2012-12-17 14:18:27"
},
{
"kids":[],
"uid":"2716240740",
"parent":"",
"text":"",
"mid":"zaai64Hic",
"date":"2012-12-17 14:16:35"
},
{
"kids":[],
"uid":"dlhdream",
"parent":"",
"text":"转发微博。",
"mid":"zaahJxkiF",
"date":"2012-12-17 14:15:41"
},
{
"kids":[],
"uid":"2879692630",
"parent":"",
"text":"谨慎啊~",
"mid":"zaagZtXJM",
"date":"2012-12-17 14:13:52"
},
{
"kids":[
"zaaMDgiSB",
"zaaHZqYio",
"zaaFPjxJp",
"zaaqH6MwG",
"zaaofvGbY"
],
"uid":"yipinyu",
"parent":"",
"text":"亲们，过节了，带着孩子出门购物小心人贩子哦！~",
"mid":"zaagOyIBH",
"date":"2012-12-17 14:13:24"
},
{
"kids":[],
"uid":"immrsx",
"parent":"",
"text":"这么速度在超市里面剃头发换衣服？",
"mid":"zaagBg4JT",
"date":"2012-12-17 14:12:53"
},
{
"kids":[],
"uid":"1411316782",
"parent":"zaaf1qmXE",
"text":"扯蛋，开始是家乐福，现在又邻居，又天津，注意安全是应该的，别特么人云亦云破坏河蟹",
"mid":"zaagetiJV",
"date":"2012-12-17 14:12:00"
},
{
"kids":[],
"uid":"1858208582",
"parent":"",
"text":"最近各地公安均发布此为谣言，但大多群众仍信其真实，包括我。是我们无知还是GA无能？大家用慧眼观察下。",
"mid":"zaag0lAiS",
"date":"2012-12-17 14:11:24"
},
{
"kids":[
"zaagetiJV"
],
"uid":"2544226201",
"parent":"",
"text":"",
"mid":"zaaf1qmXE",
"date":"2012-12-17 14:09:01"
},
{
"kids":[],
"uid":"1204911470",
"parent":"",
"text":"",
"mid":"zaaeOrOgS",
"date":"2012-12-17 14:08:29"
},
{
"kids":[],
"uid":"1992123105",
"parent":"",
"text":"警剔啊@柒月猫咪 @不倒翁给的依偎 @iam水夫人",
"mid":"zaadSyoC3",
"date":"2012-12-17 14:06:12"
},
{
"kids":[],
"uid":"1752183681",
"parent":"",
"text":"",
"mid":"zaacQmNxs",
"date":"2012-12-17 14:03:39"
},
{
"kids":[],
"uid":"ccbb20101006",
"parent":"",
"text":"人贩子团伙太恐怖了，家长带小孩外出一定要非常谨慎，一定！！！！",
"mid":"zaabWf6SK",
"date":"2012-12-17 14:01:25"
},
{
"kids":[],
"uid":"2835298234",
"parent":"",
"text":"",
"mid":"zaaaEsm0s",
"date":"2012-12-17 13:58:15"
},
{
"kids":[],
"uid":"2875821700",
"parent":"",
"text":"谨防宝宝被拐",
"mid":"zaaa6sFgH",
"date":"2012-12-17 13:56:52"
},
{
"kids":[],
"uid":"1900142653",
"parent":"",
"text":"",
"mid":"zaaa19EtY",
"date":"2012-12-17 13:56:39"
},
{
"kids":[
"zabU63jc2",
"zabU5rFtF"
],
"uid":"1944933252",
"parent":"",
"text":"@大臭臭和小猪仔 @瘸腿旭",
"mid":"zaa9Z7jgp",
"date":"2012-12-17 13:56:34"
},
{
"kids":[],
"uid":"206662923",
"parent":"",
"text":"",
"mid":"zaa9UF6eJ",
"date":"2012-12-17 13:56:25"
},
{
"kids":[],
"uid":"1882459442",
"parent":"",
"text":"有小孩的要注意啊",
"mid":"zaa9BcTtI",
"date":"2012-12-17 13:55:38"
},
{
"kids":[],
"uid":"mikodono",
"parent":"",
"text":"@雨村秋阳 @敏家小甜 @哭哭抱抱 @王大乐的妈妈 @夏朵yoyo @阳光下的大琳琳 有宝宝的妈妈们也看看提高警惕",
"mid":"zaa9viegH",
"date":"2012-12-17 13:55:25"
},
{
"kids":[],
"uid":"1828273530",
"parent":"",
"text":"这么恐怖的说....",
"mid":"zaa9syYdi",
"date":"2012-12-17 13:55:18"
},
{
"kids":[],
"uid":"228wonderful",
"parent":"",
"text":"过年了，坏人们又在蠢蠢欲动了，请各位妈妈一定要看好自己的小孩～～～[思考]",
"mid":"zaa9oaWuF",
"date":"2012-12-17 13:55:08"
},
{
"kids":[],
"uid":"1867984763",
"parent":"",
"text":"",
"mid":"zaa9guBBt",
"date":"2012-12-17 13:54:48"
},
{
"kids":[],
"uid":"1863915032",
"parent":"",
"text":"这速度",
"mid":"zaa9cnnMm",
"date":"2012-12-17 13:54:40"
},
{
"kids":[],
"uid":"wengxuemei",
"parent":"",
"text":"",
"mid":"zaa8r4Qqb",
"date":"2012-12-17 13:52:47"
},
{
"kids":[],
"uid":"1729029921",
"parent":"",
"text":"@环保风水佬 太恐怖了",
"mid":"zaa8o99NZ",
"date":"2012-12-17 13:52:39"
},
{
"kids":[],
"uid":"1162170631",
"parent":"",
"text":"@大地L",
"mid":"zaa7UjjMV",
"date":"2012-12-17 13:51:27"
},
{
"kids":[],
"uid":"1742153855",
"parent":"",
"text":"[怒][话筒]",
"mid":"zaa7B4eks",
"date":"2012-12-17 13:50:42"
},
{
"kids":[],
"uid":"wylvvvvv",
"parent":"",
"text":"我靠@selina_ooO @寒孟波 @射手与摩羯 @徐春宁1979  带小孩出门要当心，太可怕了～",
"mid":"zaa7zBZiJ",
"date":"2012-12-17 13:50:40"
},
{
"kids":[],
"uid":"2016409871",
"parent":"",
"text":"人贩子就该被枪毙",
"mid":"zaa6LEmK5",
"date":"2012-12-17 13:48:40"
},
{
"kids":[
"zahpSEqZA"
],
"uid":"2157595452",
"parent":"",
"text":"[吃惊][吃惊][吃惊][吃惊][吃惊][吃惊]",
"mid":"zaa6EhfyC",
"date":"2012-12-17 13:48:21"
},
{
"kids":[],
"uid":"xieyihan",
"parent":"",
"text":"",
"mid":"zaa5NESiG",
"date":"2012-12-17 13:46:18"
},
{
"kids":[],
"uid":"1637820124",
"parent":"",
"text":"@阿庸88 @sweet潍坊萝卜皮 @糖糖网",
"mid":"zaa5EdFvY",
"date":"2012-12-17 13:45:53"
}
]