[
{
"kids":[],
"uid":"hamhamlee",
"parent":"",
"text":"天啊！比猪还能生！伟大！",
"mid":"yuS3t3nu1",
"date":"2012-07-30 19:43:11"
},
{
"kids":[],
"uid":"1915411693",
"parent":"",
"text":"[吃惊]",
"mid":"yuOwWbh6X",
"date":"2012-07-30 10:44:48"
},
{
"kids":[],
"uid":"2057597822",
"parent":"",
"text":"",
"mid":"yu3sL4US2",
"date":"2012-07-25 10:55:24"
},
{
"kids":[],
"uid":"2740862942",
"parent":"ytMb00cNP",
"text":"养不活啊= =",
"mid":"ytNbyj1Yy",
"date":"2012-07-23 17:29:01"
},
{
"kids":[],
"uid":"2835345860",
"parent":"",
"text":"ma ya",
"mid":"ytMwcBSii",
"date":"2012-07-23 15:47:12"
},
{
"kids":[],
"uid":"2704324811",
"parent":"ytMb00cNP",
"text":"",
"mid":"ytMbF3yyH",
"date":"2012-07-23 14:56:33"
},
{
"kids":[
"ytNbyj1Yy",
"ytMbF3yyH"
],
"uid":"2654363197",
"parent":"",
"text":"好猛哇[good]世界记录",
"mid":"ytMb00cNP",
"date":"2012-07-23 14:54:55"
},
{
"kids":[],
"uid":"2251322440",
"parent":"ypzWABcBO",
"text":"[good]",
"mid":"ytFlgEiFe",
"date":"2012-07-22 21:31:00"
},
{
"kids":[],
"uid":"2653461461",
"parent":"ypgtebX4V",
"text":"",
"mid":"ytcEv961t",
"date":"2012-07-19 20:28:42"
},
{
"kids":[],
"uid":"2045485625",
"parent":"yrxtgcZtQ",
"text":"",
"mid":"yrEET0M2O",
"date":"2012-07-09 16:05:59"
},
{
"kids":[
"yrEET0M2O"
],
"uid":"2145502981",
"parent":"yrxbRDtlC",
"text":"",
"mid":"yrxtgcZtQ",
"date":"2012-07-08 21:48:05"
},
{
"kids":[
"yrxtgcZtQ"
],
"uid":"2196089882",
"parent":"",
"text":"[good]",
"mid":"yrxbRDtlC",
"date":"2012-07-08 21:05:16"
},
{
"kids":[],
"uid":"2617781045",
"parent":"",
"text":"犀利过狗哦[吃惊]",
"mid":"yrtxGuQOp",
"date":"2012-07-08 11:48:03"
},
{
"kids":[],
"uid":"2602262902",
"parent":"",
"text":"",
"mid":"yrdtQ1IwI",
"date":"2012-07-06 18:54:35"
},
{
"kids":[],
"uid":"gracefofo",
"parent":"",
"text":"厉害，但每个多重呢？能有几个是活的呢？",
"mid":"yr1Ybl1xs",
"date":"2012-07-05 13:36:25"
},
{
"kids":[],
"uid":"2498841734",
"parent":"yqUA20sa1",
"text":"[汗]生猪仔吗",
"mid":"yqUBpnObf",
"date":"2012-07-04 18:51:05"
},
{
"kids":[
"yqUBpnObf"
],
"uid":"2405042017",
"parent":"yqUmbi5Sk",
"text":"天啊！彻底被雷到",
"mid":"yqUA20sa1",
"date":"2012-07-04 18:47:41"
},
{
"kids":[
"yqUA20sa1"
],
"uid":"2464050411",
"parent":"yqTZtgiFc",
"text":"OMG...",
"mid":"yqUmbi5Sk",
"date":"2012-07-04 18:13:34"
},
{
"kids":[
"yqUmbi5Sk"
],
"uid":"1082896263",
"parent":"ypgtebX4V",
"text":"神人也",
"mid":"yqTZtgiFc",
"date":"2012-07-04 17:17:38"
},
{
"kids":[],
"uid":"328620101",
"parent":"",
"text":"[吃惊]",
"mid":"yqR9x8aP0",
"date":"2012-07-04 10:04:10"
},
{
"kids":[],
"uid":"sasbwen",
"parent":"yqM9Hvhmv",
"text":"实在是强悍~",
"mid":"yqMaT6RmV",
"date":"2012-07-03 21:23:43"
},
{
"kids":[
"yqMaT6RmV"
],
"uid":"evayaoyao1314",
"parent":"yqBJycb5g",
"text":"@梦xiao莹 产科也 hold不住",
"mid":"yqM9Hvhmv",
"date":"2012-07-03 21:20:48"
},
{
"kids":[],
"uid":"2168290600",
"parent":"yqHN5cVEh",
"text":"",
"mid":"yqIPcrcIX",
"date":"2012-07-03 12:52:06"
},
{
"kids":[],
"uid":"2177520634",
"parent":"ypgtebX4V",
"text":"/哇哇！/@广州兼职资讯汇:转发微博",
"mid":"yqIGM2GZZ",
"date":"2012-07-03 12:31:20"
},
{
"kids":[],
"uid":"1740664757",
"parent":"",
"text":"",
"mid":"yqHVYyt5l",
"date":"2012-07-03 10:36:04"
},
{
"kids":[
"yqIPcrcIX"
],
"uid":"2617336281",
"parent":"",
"text":"",
"mid":"yqHN5cVEh",
"date":"2012-07-03 10:14:08"
},
{
"kids":[],
"uid":"2787338114",
"parent":"",
"text":"",
"mid":"yqF7Vv1Tv",
"date":"2012-07-03 03:27:15"
},
{
"kids":[],
"uid":"1911383775",
"parent":"yqDz5oIhQ",
"text":"强大！",
"mid":"yqDMP2b7A",
"date":"2012-07-03 00:02:28"
},
{
"kids":[
"yqDMP2b7A"
],
"uid":"2083001922",
"parent":"yqDypqzPx",
"text":"正所谓饮奶都要排队。",
"mid":"yqDz5oIhQ",
"date":"2012-07-02 23:28:40"
},
{
"kids":[
"yqDz5oIhQ"
],
"uid":"2254912972",
"parent":"",
"text":"有排距养大咯",
"mid":"yqDypqzPx",
"date":"2012-07-02 23:27:01"
},
{
"kids":[],
"uid":"2507560347",
"parent":"yqCLKbwqf",
"text":"你同你老公努力下都得噶[给力][笑哈哈]",
"mid":"yqCNpipd4",
"date":"2012-07-02 21:31:13"
},
{
"kids":[
"yqCNpipd4"
],
"uid":"2193346052",
"parent":"yqBCGoxpH",
"text":"厉害！",
"mid":"yqCLKbwqf",
"date":"2012-07-02 21:27:07"
},
{
"kids":[],
"uid":"1930984415",
"parent":"yqBCGoxpH",
"text":"",
"mid":"yqCHy8mEG",
"date":"2012-07-02 21:16:47"
},
{
"kids":[],
"uid":"2588281644",
"parent":"yqBCGoxpH",
"text":"真正葛猪辣@灬謝幕灬程",
"mid":"yqCmmmYyj",
"date":"2012-07-02 20:24:33"
},
{
"kids":[],
"uid":"1911405217",
"parent":"yqBJycb5g",
"text":"[暈][暈][暈][暈][暈][暈][暈][暈]猪妈",
"mid":"yqBRRf2jM",
"date":"2012-07-02 19:09:27"
},
{
"kids":[],
"uid":"1962676753",
"parent":"yqBCGoxpH",
"text":"好恐怖啊",
"mid":"yqBMQnWBK",
"date":"2012-07-02 18:57:06"
},
{
"kids":[
"yqM9Hvhmv",
"yqBRRf2jM"
],
"uid":"2557870144",
"parent":"yqBCGoxpH",
"text":"@有个小敏是吃货 @倚Su @TEUK姚米奇",
"mid":"yqBJycb5g",
"date":"2012-07-02 18:48:56"
},
{
"kids":[
"yqCLKbwqf",
"yqCHy8mEG",
"yqCmmmYyj",
"yqBMQnWBK",
"yqBJycb5g"
],
"uid":"2420816392",
"parent":"",
"text":"[吃惊]",
"mid":"yqBCGoxpH",
"date":"2012-07-02 18:32:01"
},
{
"kids":[],
"uid":"2063964391",
"parent":"",
"text":"哇。足球队都出来了。",
"mid":"yqtv7h4oo",
"date":"2012-07-01 21:51:26"
},
{
"kids":[],
"uid":"1997735173",
"parent":"",
"text":"有人要挑战我耶，你说怎么办。@明明日记小窝",
"mid":"yqsrGaB7f",
"date":"2012-07-01 19:10:09"
},
{
"kids":[],
"uid":"2818858245",
"parent":"",
"text":"",
"mid":"yqqF3bkeP",
"date":"2012-07-01 14:37:38"
},
{
"kids":[],
"uid":"2381790065",
"parent":"",
"text":"太神奇了、这位妈妈也太牛了吧、、[吃惊]",
"mid":"yqiTlfDKD",
"date":"2012-06-30 18:50:53"
},
{
"kids":[],
"uid":"1951515562",
"parent":"yq9Gh6dd1",
"text":"",
"mid":"yqilJr9mH",
"date":"2012-06-30 17:28:02"
},
{
"kids":[],
"uid":"1951515562",
"parent":"yq9Gh6dd1",
"text":"我只想说..妈妈你是神哪",
"mid":"yqilsAmou",
"date":"2012-06-30 17:27:26"
},
{
"kids":[],
"uid":"1693096212",
"parent":"yq9x836ii",
"text":"",
"mid":"yqf3hpqmu",
"date":"2012-06-30 09:04:22"
},
{
"kids":[],
"uid":"mochengmo",
"parent":"",
"text":"[good]",
"mid":"yqajM8s2s",
"date":"2012-06-29 21:01:14"
},
{
"kids":[],
"uid":"2543757547",
"parent":"",
"text":"不像真事",
"mid":"yqai395AC",
"date":"2012-06-29 20:57:02"
},
{
"kids":[],
"uid":"2437810841",
"parent":"",
"text":"[吃惊][吃惊][吃惊][吃惊][吃惊][吃惊][吃惊][吃惊][吃惊][吃惊][吃惊][吃惊]",
"mid":"yqaf5CsfP",
"date":"2012-06-29 20:49:45"
},
{
"kids":[],
"uid":"1954953217",
"parent":"yq9SjcSmQ",
"text":"",
"mid":"yqabIaIOm",
"date":"2012-06-29 20:41:22"
},
{
"kids":[
"yqabIaIOm"
],
"uid":"2696092870",
"parent":"",
"text":"",
"mid":"yq9SjcSmQ",
"date":"2012-06-29 19:53:37"
},
{
"kids":[],
"uid":"fillers",
"parent":"",
"text":"爸爸好厉害",
"mid":"yq9Q7hd6t",
"date":"2012-06-29 19:48:13"
},
{
"kids":[
"yqilJr9mH",
"yqilsAmou"
],
"uid":"hongjunjijiv",
"parent":"",
"text":"",
"mid":"yq9Gh6dd1",
"date":"2012-06-29 19:23:56"
},
{
"kids":[
"yqf3hpqmu"
],
"uid":"gepingyu",
"parent":"yq9njkNTi",
"text":"比猪还能生啊！",
"mid":"yq9x836ii",
"date":"2012-06-29 19:01:26"
},
{
"kids":[],
"uid":"2419893583",
"parent":"yq9smgVam",
"text":"太牛了[吃惊]",
"mid":"yq9sXtG62",
"date":"2012-06-29 18:51:10"
},
{
"kids":[
"yq9sXtG62"
],
"uid":"2524104114",
"parent":"yq9pW8T7s",
"text":"@丁丽芝 @大唐之班 @竺亦星MM @我爱香蕉我怕谁-许晓敏",
"mid":"yq9smgVam",
"date":"2012-06-29 18:49:41"
},
{
"kids":[
"yq9smgVam"
],
"uid":"2410986107",
"parent":"",
"text":"[吃惊]",
"mid":"yq9pW8T7s",
"date":"2012-06-29 18:43:43"
},
{
"kids":[],
"uid":"1840820671",
"parent":"",
"text":"",
"mid":"yq9pNytFK",
"date":"2012-06-29 18:43:23"
},
{
"kids":[
"yq9x836ii"
],
"uid":"206781107",
"parent":"",
"text":"我接受唔到咯",
"mid":"yq9njkNTi",
"date":"2012-06-29 18:37:14"
},
{
"kids":[],
"uid":"teenry",
"parent":"",
"text":"互粉平台互粉交流： 印度一妇女一次产下11胞胎，创世界记录！ 恭喜恭喜",
"mid":"yq9lPraEL",
"date":"2012-06-29 18:33:36"
},
{
"kids":[],
"uid":"teenry",
"parent":"",
"text":"印度一妇女一次产下11胞胎，创世界记录！ 恭喜恭喜",
"mid":"yq9jMF5zI",
"date":"2012-06-29 18:28:34"
},
{
"kids":[],
"uid":"724817345",
"parent":"ypXA645dA",
"text":"",
"mid":"yq05Zjpib",
"date":"2012-06-28 18:59:51"
},
{
"kids":[],
"uid":"2149173634",
"parent":"ypXBR6jSC",
"text":"[吃惊][吃惊][吃惊][威武][威武]",
"mid":"ypXKXslEY",
"date":"2012-06-28 13:02:33"
},
{
"kids":[],
"uid":"2629408345",
"parent":"",
"text":"太牛了[给力][给力]",
"mid":"ypXHB9m4m",
"date":"2012-06-28 12:54:16"
},
{
"kids":[],
"uid":"2236140337",
"parent":"ypWTdvFkJ",
"text":"哇；BB像狗仔，好可怕吖",
"mid":"ypXEzdKJw",
"date":"2012-06-28 12:46:48"
},
{
"kids":[
"ypXKXslEY"
],
"uid":"724817345",
"parent":"ypXA645dA",
"text":"也太夸张了吧！！！！世事无奇不有……",
"mid":"ypXBR6jSC",
"date":"2012-06-28 12:40:07"
},
{
"kids":[
"yq05Zjpib",
"ypXBR6jSC"
],
"uid":"2510509234",
"parent":"ypdPAuDxj",
"text":"等他们长大后就把他们分成两支篮球队，一个裁判",
"mid":"ypXA645dA",
"date":"2012-06-28 12:35:47"
},
{
"kids":[
"ypXEzdKJw"
],
"uid":"2419939410",
"parent":"ypWDfC073",
"text":"印度一下子有了一支足球队",
"mid":"ypWTdvFkJ",
"date":"2012-06-28 10:50:07"
},
{
"kids":[
"ypWTdvFkJ"
],
"uid":"2194940660",
"parent":"",
"text":"我的妈啊，未免太强大了！。。。[吃惊][吃惊][吃惊]",
"mid":"ypWDfC073",
"date":"2012-06-28 10:10:49"
},
{
"kids":[],
"uid":"jackingling",
"parent":"ypSCbtQ9S",
"text":"你确定这是人？[吃惊]",
"mid":"ypTzJmtZQ",
"date":"2012-06-28 02:23:54"
},
{
"kids":[
"ypTzJmtZQ"
],
"uid":"1731729782",
"parent":"",
"text":"肚子撑得好痛啊~不过宝宝好可爱~11个小小的",
"mid":"ypSCbtQ9S",
"date":"2012-06-27 23:57:12"
},
{
"kids":[],
"uid":"1772780920",
"parent":"ypSvwEW9k",
"text":"[吃惊][吃惊][吃惊]",
"mid":"ypSy6fZfL",
"date":"2012-06-27 23:47:06"
},
{
"kids":[
"ypSy6fZfL"
],
"uid":"wasapibb",
"parent":"ypgtebX4V",
"text":"太...夸张了......[圍觀]",
"mid":"ypSvwEW9k",
"date":"2012-06-27 23:40:44"
},
{
"kids":[],
"uid":"petdoctorlyl",
"parent":"",
"text":"",
"mid":"ypRZDdqQ2",
"date":"2012-06-27 22:22:13"
},
{
"kids":[],
"uid":"1767312812",
"parent":"",
"text":"[吃惊]@Lusaky猫",
"mid":"ypIlfliTF",
"date":"2012-06-26 21:47:58"
},
{
"kids":[],
"uid":"mistthe",
"parent":"ypc7xtOwC",
"text":"岩岩一支足球队[晕]",
"mid":"ypFUUkHxC",
"date":"2012-06-26 15:37:37"
},
{
"kids":[],
"uid":"1909766215",
"parent":"ypzTjk3PP",
"text":"[爱你]主保佑世上伟大妈妈",
"mid":"ypBTx2BRW",
"date":"2012-06-26 05:23:13"
},
{
"kids":[
"ytFlgEiFe"
],
"uid":"2210075650",
"parent":"ypzGYynoB",
"text":"[汗]",
"mid":"ypzWABcBO",
"date":"2012-06-26 00:25:18"
},
{
"kids":[
"ypBTx2BRW"
],
"uid":"2157679422",
"parent":"ypzGYynoB",
"text":"太不可思议了吧[挖鼻屎]",
"mid":"ypzTjk3PP",
"date":"2012-06-26 00:17:10"
},
{
"kids":[
"ypzWABcBO",
"ypzTjk3PP"
],
"uid":"2659115910",
"parent":"ypyyXu6Ee",
"text":"秒杀＂十兄弟＂",
"mid":"ypzGYynoB",
"date":"2012-06-25 23:46:49"
},
{
"kids":[],
"uid":"2001062665",
"parent":"ypfZtq8wa",
"text":"",
"mid":"ypyAXgDCo",
"date":"2012-06-25 20:59:15"
},
{
"kids":[
"ypzGYynoB"
],
"uid":"2576262033",
"parent":"",
"text":"",
"mid":"ypyyXu6Ee",
"date":"2012-06-25 20:54:18"
},
{
"kids":[],
"uid":"2684790040",
"parent":"",
"text":"",
"mid":"ypynufTFj",
"date":"2012-06-25 20:26:01"
},
{
"kids":[],
"uid":"2646850433",
"parent":"",
"text":"",
"mid":"ypym3zExm",
"date":"2012-06-25 20:22:32"
},
{
"kids":[],
"uid":"2788956251",
"parent":"ypfdlgpwC",
"text":"哗…厉害",
"mid":"ypyfF4Q39",
"date":"2012-06-25 20:06:44"
},
{
"kids":[],
"uid":"2267749693",
"parent":"",
"text":"甘大个肚连我都可以装得落啰[吃惊]",
"mid":"ypwPhaJ2D",
"date":"2012-06-25 16:28:59"
},
{
"kids":[],
"uid":"2408203865",
"parent":"",
"text":"一个足球队[哈哈][哈哈][哈哈][哈哈][哈哈][哈哈] 中国十二个，谁来接力",
"mid":"ypvxyaOfk",
"date":"2012-06-25 13:12:36"
},
{
"kids":[],
"uid":"1588282563",
"parent":"ypgjlkSV9",
"text":"",
"mid":"ypv18v8Vy",
"date":"2012-06-25 11:52:44"
},
{
"kids":[],
"uid":"1736486777",
"parent":"yppyfviQm",
"text":"",
"mid":"ypucX0OfX",
"date":"2012-06-25 09:49:04"
},
{
"kids":[],
"uid":"2217796024",
"parent":"",
"text":"额..那我们就慢慢来，两个两个生",
"mid":"ypruV9ts6",
"date":"2012-06-25 02:55:08"
},
{
"kids":[],
"uid":"2063407470",
"parent":"ypmdXbwuW",
"text":"世界真奇妙![哈哈]",
"mid":"yppVlwMBO",
"date":"2012-06-24 22:54:45"
},
{
"kids":[],
"uid":"2361062954",
"parent":"ypgtebX4V",
"text":"[黑线]",
"mid":"yppGmulif",
"date":"2012-06-24 22:17:50"
},
{
"kids":[
"ypucX0OfX"
],
"uid":"2471541600",
"parent":"yphj58PYU",
"text":"强大",
"mid":"yppyfviQm",
"date":"2012-06-24 21:57:51"
},
{
"kids":[],
"uid":"univarpan",
"parent":"",
"text":"= =[good]",
"mid":"ypoy4g2Qv",
"date":"2012-06-24 19:24:40"
},
{
"kids":[],
"uid":"1911611611",
"parent":"yphpE3yD7",
"text":"[衰][衰][衰]",
"mid":"ypo6WBje5",
"date":"2012-06-24 18:17:48"
},
{
"kids":[],
"uid":"520z1l",
"parent":"",
"text":"额,,好犀利啊......如果糸中国,,要交好多钱握...",
"mid":"ypnRh35pJ",
"date":"2012-06-24 17:39:13"
},
{
"kids":[],
"uid":"christyyan1314",
"parent":"",
"text":"真心为据感到辛苦 生1个已经无力啦 仲要连续....",
"mid":"ypmK8DGbv",
"date":"2012-06-24 14:48:54"
},
{
"kids":[],
"uid":"2747459067",
"parent":"ypebmj3St",
"text":"你们都错啦！要是有男孩又有女孩就不能成立一支足球队啦！怎么这么笨，你们都没想到这个呢？！哈哈！不过那个妈妈的肚子真的圆的像个球…汗！",
"mid":"ypmfdcLdG",
"date":"2012-06-24 13:32:40"
},
{
"kids":[
"yppVlwMBO"
],
"uid":"1958729874",
"parent":"ypeFNBuTO",
"text":"[good] 厉害",
"mid":"ypmdXbwuW",
"date":"2012-06-24 13:29:36"
},
{
"kids":[],
"uid":"1854771695",
"parent":"",
"text":"吃惊，表示相当吃惊[bed凌乱]",
"mid":"yplXE2K8R",
"date":"2012-06-24 12:49:24"
},
{
"kids":[],
"uid":"1631667923",
"parent":"ypbYUm7DR",
"text":"",
"mid":"yplKY0PND",
"date":"2012-06-24 12:18:11"
},
{
"kids":[],
"uid":"1934131733",
"parent":"ypgpFaLwY",
"text":"好厉害[good]",
"mid":"ypl4JEtDP",
"date":"2012-06-24 10:34:09"
},
{
"kids":[],
"uid":"2390414632",
"parent":"yphXJ6Jer",
"text":"",
"mid":"ypkmwnfQu",
"date":"2012-06-24 08:45:12"
},
{
"kids":[],
"uid":"leilei24qwc",
"parent":"",
"text":"太牛人了！",
"mid":"ypk8HaiNU",
"date":"2012-06-24 08:11:08"
},
{
"kids":[],
"uid":"matthew219",
"parent":"",
"text":"一胎就一队足球队[强][强]",
"mid":"ypiufxaRt",
"date":"2012-06-24 03:58:46"
},
{
"kids":[
"ypkmwnfQu"
],
"uid":"318869993",
"parent":"",
"text":"服了",
"mid":"yphXJ6Jer",
"date":"2012-06-24 02:38:38"
},
{
"kids":[],
"uid":"2300307380",
"parent":"ypgWcu7jj",
"text":"[吃惊]",
"mid":"yphQktZIw",
"date":"2012-06-24 02:20:24"
},
{
"kids":[],
"uid":"2486963467",
"parent":"ypgWcu7jj",
"text":"梗,世界记录哇 一胎11個bdby,!![good]",
"mid":"yphyQlrUD",
"date":"2012-06-24 01:37:20"
},
{
"kids":[
"ypo6WBje5"
],
"uid":"520vvtang",
"parent":"ypfHZxUHi",
"text":"@Rong_Xx0811",
"mid":"yphpE3yD7",
"date":"2012-06-24 01:14:40"
},
{
"kids":[
"yppyfviQm"
],
"uid":"2114517412",
"parent":"",
"text":"呵呵！无奇不有！",
"mid":"yphj58PYU",
"date":"2012-06-24 00:58:30"
},
{
"kids":[],
"uid":"2085794271",
"parent":"",
"text":"[good]",
"mid":"yph0ovKUN",
"date":"2012-06-24 00:12:29"
},
{
"kids":[],
"uid":"1880625242",
"parent":"ypgr3rEwS",
"text":"额…这个是80的10次方几率？？我有记错么…",
"mid":"yph05ktaF",
"date":"2012-06-24 00:11:39"
},
{
"kids":[],
"uid":"523475820",
"parent":"ypgWcu7jj",
"text":"",
"mid":"ypgYXhDjY",
"date":"2012-06-24 00:08:54"
},
{
"kids":[
"yphQktZIw",
"yphyQlrUD",
"ypgYXhDjY"
],
"uid":"1797531781",
"parent":"",
"text":"",
"mid":"ypgWcu7jj",
"date":"2012-06-24 00:02:05"
},
{
"kids":[],
"uid":"2062050415",
"parent":"ypgpFaLwY",
"text":"吃左几多促排卵药啊？",
"mid":"ypgTh5k68",
"date":"2012-06-23 23:54:54"
},
{
"kids":[],
"uid":"qq25324727",
"parent":"ypgtebX4V",
"text":"怎么可能",
"mid":"ypgIrpNke",
"date":"2012-06-23 23:28:14"
},
{
"kids":[],
"uid":"2688966291",
"parent":"ypfq2bbyT",
"text":"",
"mid":"ypgG2bxtr",
"date":"2012-06-23 23:22:18"
},
{
"kids":[],
"uid":"2217796024",
"parent":"",
"text":"你想打破她的记录？",
"mid":"ypgFT1S1b",
"date":"2012-06-23 23:21:56"
},
{
"kids":[],
"uid":"hlily8004",
"parent":"",
"text":"吓死人，猪都无她犀利[汗]",
"mid":"ypgCseCHz",
"date":"2012-06-23 23:13:29"
},
{
"kids":[],
"uid":"2639646972",
"parent":"ypgtebX4V",
"text":"牛啊！！！！",
"mid":"ypgxCmE2r",
"date":"2012-06-23 23:01:32"
},
{
"kids":[
"ytcEv961t",
"yqTZtgiFc",
"yqIGM2GZZ",
"ypSvwEW9k",
"yppGmulif",
"ypgIrpNke",
"ypgxCmE2r"
],
"uid":"2829025700",
"parent":"",
"text":"",
"mid":"ypgtebX4V",
"date":"2012-06-23 22:50:44"
},
{
"kids":[
"yph05ktaF"
],
"uid":"2042574944",
"parent":"ypgpFaLwY",
"text":"",
"mid":"ypgr3rEwS",
"date":"2012-06-23 22:45:23"
},
{
"kids":[],
"uid":"2635332502",
"parent":"ypc2OEcsn",
"text":"纯属炒作吧，不可能的事",
"mid":"ypgq5rCiU",
"date":"2012-06-23 22:43:01"
},
{
"kids":[
"ypl4JEtDP",
"ypgTh5k68",
"ypgr3rEwS"
],
"uid":"argun",
"parent":"ypgns4IMd",
"text":"哇靠~~~",
"mid":"ypgpFaLwY",
"date":"2012-06-23 22:41:56"
},
{
"kids":[],
"uid":"2081884581",
"parent":"",
"text":"好小啊………厉害啊……",
"mid":"ypgoMcmpO",
"date":"2012-06-23 22:39:47"
},
{
"kids":[],
"uid":"2470378522",
"parent":"ypebmj3St",
"text":"好伟大 一支足球队~[good]",
"mid":"ypgoee8NS",
"date":"2012-06-23 22:38:25"
},
{
"kids":[],
"uid":"522789277",
"parent":"",
"text":"难以想象。。。。。[g头晕]",
"mid":"ypgnYy8wx",
"date":"2012-06-23 22:37:46"
},
{
"kids":[
"ypgpFaLwY"
],
"uid":"1682237244",
"parent":"",
"text":"痴线咖，现在是重质不重量的吖",
"mid":"ypgns4IMd",
"date":"2012-06-23 22:36:28"
},
{
"kids":[],
"uid":"1745109394",
"parent":"ypgjlkSV9",
"text":"猪乸啊…",
"mid":"ypgm6q8HJ",
"date":"2012-06-23 22:33:12"
},
{
"kids":[],
"uid":"1941034960",
"parent":"",
"text":"",
"mid":"ypglSxJph",
"date":"2012-06-23 22:32:39"
},
{
"kids":[],
"uid":"2421381027",
"parent":"",
"text":"够劲",
"mid":"ypglne9WV",
"date":"2012-06-23 22:31:23"
},
{
"kids":[
"ypv18v8Vy",
"ypgm6q8HJ"
],
"uid":"1884624493",
"parent":"",
"text":"厉害[赞]",
"mid":"ypgjlkSV9",
"date":"2012-06-23 22:26:22"
},
{
"kids":[],
"uid":"carol228",
"parent":"ypb9409y9",
"text":"怎么塞啊！？",
"mid":"ypgiLjhER",
"date":"2012-06-23 22:24:56"
},
{
"kids":[],
"uid":"zyc96169",
"parent":"",
"text":"真是神马事都有...",
"mid":"ypgg43ULK",
"date":"2012-06-23 22:18:16"
},
{
"kids":[],
"uid":"2816026232",
"parent":"",
"text":"",
"mid":"ypgdusXYI",
"date":"2012-06-23 22:11:59"
},
{
"kids":[],
"uid":"2521525400",
"parent":"ypej6sYbG",
"text":"猪母来了吗",
"mid":"ypg8FagoM",
"date":"2012-06-23 22:00:05"
},
{
"kids":[],
"uid":"2293643850",
"parent":"ypeSXrPj2",
"text":"金妹可以的，随便都十几个啦[做鬼脸][做鬼脸][做鬼脸]",
"mid":"ypg7YiMyC",
"date":"2012-06-23 21:58:23"
},
{
"kids":[],
"uid":"1745649494",
"parent":"",
"text":"",
"mid":"ypg7y0GWW",
"date":"2012-06-23 21:57:20"
},
{
"kids":[],
"uid":"1971096497",
"parent":"ypfJPlyQq",
"text":"",
"mid":"ypg6nAZjb",
"date":"2012-06-23 21:54:28"
},
{
"kids":[],
"uid":"2606160250",
"parent":"",
"text":"[吃惊][吃惊]",
"mid":"ypg5tad4G",
"date":"2012-06-23 21:52:12"
},
{
"kids":[],
"uid":"1888445267",
"parent":"",
"text":"oh , my god，这是人类中的母猪吧",
"mid":"ypg4l8DFO",
"date":"2012-06-23 21:49:25"
},
{
"kids":[],
"uid":"2623127513",
"parent":"ype5zxlju",
"text":"太牛了吧！",
"mid":"ypg3I904Q",
"date":"2012-06-23 21:47:53"
},
{
"kids":[],
"uid":"1833611773",
"parent":"ypeIDobYf",
"text":"个肚想爆",
"mid":"ypg34f0Su",
"date":"2012-06-23 21:46:18"
},
{
"kids":[
"ypyAXgDCo"
],
"uid":"2349038047",
"parent":"",
"text":"一胎就解决了想要多孩子的问题",
"mid":"ypfZtq8wa",
"date":"2012-06-23 21:37:26"
},
{
"kids":[],
"uid":"2680446613",
"parent":"",
"text":"这要是11个一起哭了...",
"mid":"ypfWtyTX3",
"date":"2012-06-23 21:30:02"
},
{
"kids":[],
"uid":"2175660680",
"parent":"ypej6sYbG",
"text":"@哇塞，厉害！！",
"mid":"ypfSAbgsC",
"date":"2012-06-23 21:20:28"
},
{
"kids":[],
"uid":"1921024594",
"parent":"ypbPgxWdD",
"text":"哇哇哇~~！！",
"mid":"ypfRTjvA4",
"date":"2012-06-23 21:18:46"
},
{
"kids":[],
"uid":"2713372801",
"parent":"",
"text":"[给力]",
"mid":"ypfOrnfji",
"date":"2012-06-23 21:10:16"
},
{
"kids":[],
"uid":"2655760873",
"parent":"",
"text":"@怎样跳槽才hold得住 @KISS留有余味 @女性健康美容护肤 @全球女生创意时尚 @Wandy-蚊叮 @玫瑰的千金 @Suen-Hong @木可小萍 @凉凉拌面 @baby-Cch",
"mid":"ypfL4c9LI",
"date":"2012-06-23 21:01:55"
},
{
"kids":[
"ypg6nAZjb"
],
"uid":"kathleenyip",
"parent":"ypfrnrcN4",
"text":"[生病]",
"mid":"ypfJPlyQq",
"date":"2012-06-23 20:58:51"
},
{
"kids":[],
"uid":"yeeleung",
"parent":"ypfHZxUHi",
"text":"好犀利呀[鼓掌][鼓掌]",
"mid":"ypfJ2yy0p",
"date":"2012-06-23 20:56:58"
},
{
"kids":[
"yphpE3yD7",
"ypfJ2yy0p"
],
"uid":"zoelueng",
"parent":"ypfpi4CSX",
"text":"好强大的妈妈呀[good]",
"mid":"ypfHZxUHi",
"date":"2012-06-23 20:54:23"
},
{
"kids":[],
"uid":"2504245050",
"parent":"",
"text":"人家怀七胞胎到六七个月时都不能下地走动了...她很强大！",
"mid":"ypfGO1lkZ",
"date":"2012-06-23 20:51:24"
},
{
"kids":[],
"uid":"2109708722",
"parent":"",
"text":"[吃惊][吃惊]",
"mid":"ypfrSuT90",
"date":"2012-06-23 20:14:39"
},
{
"kids":[
"ypfJPlyQq"
],
"uid":"conjugate",
"parent":"",
"text":"[赞]",
"mid":"ypfrnrcN4",
"date":"2012-06-23 20:13:27"
},
{
"kids":[
"ypgG2bxtr"
],
"uid":"1957311737",
"parent":"",
"text":"[吃惊][吃惊]“母猪生猪仔”",
"mid":"ypfq2bbyT",
"date":"2012-06-23 20:10:08"
},
{
"kids":[
"ypfHZxUHi"
],
"uid":"1769161912",
"parent":"",
"text":"佢佬公厲害[good][good]",
"mid":"ypfpi4CSX",
"date":"2012-06-23 20:08:18"
},
{
"kids":[],
"uid":"1943641472",
"parent":"",
"text":"犀利",
"mid":"ypflVrGuJ",
"date":"2012-06-23 20:00:00"
},
{
"kids":[],
"uid":"keven500",
"parent":"",
"text":"强！～",
"mid":"ypflrAEBY",
"date":"2012-06-23 19:58:49"
},
{
"kids":[],
"uid":"ohmiyasatonari",
"parent":"",
"text":"这就是传说中的足球队啊！！！",
"mid":"ypfk32Abd",
"date":"2012-06-23 19:55:23"
},
{
"kids":[],
"uid":"1883302471",
"parent":"ypfhUlCOI",
"text":"",
"mid":"ypfjhszN7",
"date":"2012-06-23 19:53:30"
},
{
"kids":[],
"uid":"keelyyan",
"parent":"",
"text":"哇……豬母",
"mid":"ypfiUDxS1",
"date":"2012-06-23 19:52:36"
},
{
"kids":[
"ypfjhszN7"
],
"uid":"cancantong",
"parent":"ypej6sYbG",
"text":"哇！肚子是有多大呀~~~",
"mid":"ypfhUlCOI",
"date":"2012-06-23 19:50:07"
},
{
"kids":[],
"uid":"2149552407",
"parent":"",
"text":"",
"mid":"ypfgG6Oz9",
"date":"2012-06-23 19:47:04"
},
{
"kids":[
"ypyfF4Q39"
],
"uid":"2671424623",
"parent":"",
"text":"噢",
"mid":"ypfdlgpwC",
"date":"2012-06-23 19:38:50"
},
{
"kids":[],
"uid":"2597373067",
"parent":"",
"text":"牛，这位妈[good]",
"mid":"ypf9ksV9A",
"date":"2012-06-23 19:28:59"
},
{
"kids":[],
"uid":"2056479143",
"parent":"",
"text":"",
"mid":"ypf983sW2",
"date":"2012-06-23 19:28:27"
},
{
"kids":[],
"uid":"1918487490",
"parent":"",
"text":"[鼓掌]",
"mid":"ypf0Lr9Lj",
"date":"2012-06-23 19:07:53"
},
{
"kids":[],
"uid":"2615485007",
"parent":"",
"text":"[吃惊]强大的妈妈、、",
"mid":"ypeZJlQUY",
"date":"2012-06-23 19:05:20"
},
{
"kids":[],
"uid":"littleyen123",
"parent":"ypej6sYbG",
"text":"我擦",
"mid":"ypeYipz22",
"date":"2012-06-23 19:01:49"
},
{
"kids":[],
"uid":"2124918250",
"parent":"ypbaXzOqR",
"text":"[吃惊][吃惊]",
"mid":"ypeXwwljq",
"date":"2012-06-23 18:59:54"
},
{
"kids":[],
"uid":"2494181091",
"parent":"ypej6sYbG",
"text":"愿孩子都好！",
"mid":"ypeWCoY7o",
"date":"2012-06-23 18:57:37"
},
{
"kids":[],
"uid":"tuumm",
"parent":"",
"text":"[挖鼻屎]@gipfelbaum 要是卿儿生了11个你咋办·····",
"mid":"ypeWpDcsq",
"date":"2012-06-23 18:57:10"
},
{
"kids":[],
"uid":"1869437942",
"parent":"",
"text":"牛，不容易的妈妈啊、、、",
"mid":"ypeVz5NYg",
"date":"2012-06-23 18:55:04"
},
{
"kids":[],
"uid":"leizi213",
"parent":"",
"text":"真的假的？",
"mid":"ypeVczNkj",
"date":"2012-06-23 18:54:12"
},
{
"kids":[],
"uid":"2196165440",
"parent":"ypej6sYbG",
"text":"吓死人啦···@日新其德-林夏丹",
"mid":"ypeUuzTTM",
"date":"2012-06-23 18:52:24"
},
{
"kids":[],
"uid":"2047060575",
"parent":"",
"text":"",
"mid":"ypeU5sJQz",
"date":"2012-06-23 18:51:26"
},
{
"kids":[],
"uid":"2582804521",
"parent":"",
"text":"",
"mid":"ypeTAss5Z",
"date":"2012-06-23 18:50:12"
},
{
"kids":[
"ypg7YiMyC"
],
"uid":"208884038",
"parent":"",
"text":"@金妹妹0 你也要加油啊,争取12个,取名字就取十二星座的第一个字[din推撞]",
"mid":"ypeSXrPj2",
"date":"2012-06-23 18:48:40"
},
{
"kids":[],
"uid":"2681316684",
"parent":"ypeIDobYf",
"text":"肚子怎么挤11个的？[吃惊]",
"mid":"ypeSAojG3",
"date":"2012-06-23 18:47:44"
},
{
"kids":[],
"uid":"1837980544",
"parent":"ypexUfNNi",
"text":"[吃惊]11个小猪",
"mid":"ypeOl8Xyh",
"date":"2012-06-23 18:37:16"
},
{
"kids":[
"ypg34f0Su",
"ypeSAojG3"
],
"uid":"1836340114",
"parent":"",
"text":"幸好没在中国生，不然引产11个那没命鸟。。",
"mid":"ypeIDobYf",
"date":"2012-06-23 18:23:12"
},
{
"kids":[
"ypmdXbwuW"
],
"uid":"106720555",
"parent":"ypezdd4w4",
"text":"这肚子。。。。",
"mid":"ypeFNBuTO",
"date":"2012-06-23 18:16:12"
},
{
"kids":[],
"uid":"1943358923",
"parent":"ype6wDEhh",
"text":"不得了",
"mid":"ypeDuiL7f",
"date":"2012-06-23 18:10:30"
},
{
"kids":[],
"uid":"1957389514",
"parent":"",
"text":"终于看到妈妈的肚子了。。。确实。。。[给力]",
"mid":"ypeBYjZ05",
"date":"2012-06-23 18:06:48"
},
{
"kids":[
"ypeFNBuTO"
],
"uid":"1849536314",
"parent":"",
"text":"偶的娘唉",
"mid":"ypezdd4w4",
"date":"2012-06-23 18:00:00"
},
{
"kids":[],
"uid":"iroce",
"parent":"",
"text":"印度要赶超天朝了吗？不是说好了一胎生一个吗？",
"mid":"ypeykxNWR",
"date":"2012-06-23 17:57:50"
},
{
"kids":[
"ypeOl8Xyh"
],
"uid":"1926808221",
"parent":"",
"text":"[吃惊][吃惊]",
"mid":"ypexUfNNi",
"date":"2012-06-23 17:56:47"
},
{
"kids":[],
"uid":"2585332542",
"parent":"",
"text":"",
"mid":"ypewewTCC",
"date":"2012-06-23 17:52:38"
},
{
"kids":[],
"uid":"1411318385",
"parent":"",
"text":"有点恐怖……",
"mid":"ypew035Wo",
"date":"2012-06-23 17:52:06"
},
{
"kids":[],
"uid":"2522909262",
"parent":"",
"text":"压力好大啊[哈哈]",
"mid":"yperEyNtt",
"date":"2012-06-23 17:41:23"
},
{
"kids":[],
"uid":"cx20091529",
"parent":"",
"text":"混合？",
"mid":"ypeqXqPgg",
"date":"2012-06-23 17:39:38"
},
{
"kids":[],
"uid":"quan123456789",
"parent":"",
"text":"跟豬有得比",
"mid":"ypeqRdJyD",
"date":"2012-06-23 17:39:25"
},
{
"kids":[],
"uid":"2169834840",
"parent":"",
"text":"好恐怖啊！！",
"mid":"ypeqQ3Hu5",
"date":"2012-06-23 17:39:22"
},
{
"kids":[],
"uid":"1971768480",
"parent":"",
"text":"厉害，恭喜这位妈妈啦，生了一支足球队[围观][围观][围观]",
"mid":"ypeqk7OnX",
"date":"2012-06-23 17:38:05"
},
{
"kids":[],
"uid":"1926550920",
"parent":"ypej6sYbG",
"text":"地球又有负担了",
"mid":"ypepRtyZK",
"date":"2012-06-23 17:36:58"
},
{
"kids":[],
"uid":"2742275990",
"parent":"ypaMWiGGy",
"text":"欠揍[奥特曼]",
"mid":"ypepFmBGk",
"date":"2012-06-23 17:36:30"
},
{
"kids":[],
"uid":"2175634467",
"parent":"ypejr6DSX",
"text":"难以想像",
"mid":"ypep0hTpS",
"date":"2012-06-23 17:34:50"
},
{
"kids":[],
"uid":"2436951594",
"parent":"ypebmj3St",
"text":"好劲啊！ 牛人！好伟大 一支足球队~[good]",
"mid":"ypemm1gaq",
"date":"2012-06-23 17:28:18"
},
{
"kids":[
"ypep0hTpS"
],
"uid":"xiexiaoluan",
"parent":"",
"text":"@payenny",
"mid":"ypejr6DSX",
"date":"2012-06-23 17:21:08"
},
{
"kids":[
"ypg8FagoM",
"ypfSAbgsC",
"ypfhUlCOI",
"ypeYipz22",
"ypeWCoY7o",
"ypeUuzTTM",
"ypepRtyZK"
],
"uid":"61258088",
"parent":"",
"text":"",
"mid":"ypej6sYbG",
"date":"2012-06-23 17:20:18"
},
{
"kids":[],
"uid":"1977631657",
"parent":"ypegXd4XJ",
"text":"[good]",
"mid":"ypehE2E4N",
"date":"2012-06-23 17:16:43"
},
{
"kids":[
"ypehE2E4N"
],
"uid":"2106451931",
"parent":"ypc7jjALH",
"text":"哎呦喂～～",
"mid":"ypegXd4XJ",
"date":"2012-06-23 17:15:01"
},
{
"kids":[],
"uid":"2796929050",
"parent":"",
"text":"好假哦，足球队喔",
"mid":"ypefTzW8s",
"date":"2012-06-23 17:12:25"
},
{
"kids":[],
"uid":"z848266204",
"parent":"",
"text":"不可思议啊！",
"mid":"ypef9dMjP",
"date":"2012-06-23 17:10:34"
},
{
"kids":[],
"uid":"333564222",
"parent":"",
"text":"佢哋太厉害了[吃惊]",
"mid":"ypeeWdzCX",
"date":"2012-06-23 17:10:03"
},
{
"kids":[
"ypmfdcLdG",
"ypgoee8NS",
"ypemm1gaq"
],
"uid":"2351237595",
"parent":"",
"text":"",
"mid":"ypebmj3St",
"date":"2012-06-23 17:01:14"
},
{
"kids":[],
"uid":"siting886",
"parent":"",
"text":"[晕]",
"mid":"ype7wpUQE",
"date":"2012-06-23 16:51:47"
},
{
"kids":[
"ypeDuiL7f"
],
"uid":"1759320437",
"parent":"",
"text":"[巨汗]牛啊",
"mid":"ype6wDEhh",
"date":"2012-06-23 16:49:18"
},
{
"kids":[],
"uid":"2079195635",
"parent":"",
"text":"组个印度混合足球队。",
"mid":"ype6mktC3",
"date":"2012-06-23 16:48:55"
},
{
"kids":[
"ypg3I904Q"
],
"uid":"1909401871",
"parent":"",
"text":"[围观]",
"mid":"ype5zxlju",
"date":"2012-06-23 16:46:57"
},
{
"kids":[],
"uid":"lxp1209",
"parent":"ypc2OEcsn",
"text":"不可思议[晕]",
"mid":"ype5o3iLE",
"date":"2012-06-23 16:46:31"
},
{
"kids":[],
"uid":"lovesnowberry",
"parent":"",
"text":"唔知道系咪卑人串得多了",
"mid":"ype3K6SqM",
"date":"2012-06-23 16:42:28"
},
{
"kids":[],
"uid":"1848278132",
"parent":"",
"text":"",
"mid":"ype2FktHu",
"date":"2012-06-23 16:39:47"
},
{
"kids":[],
"uid":"2441417827",
"parent":"",
"text":"她是有多厉害…",
"mid":"ype2xkwBY",
"date":"2012-06-23 16:39:30"
},
{
"kids":[],
"uid":"1919166275",
"parent":"",
"text":"牛啊。",
"mid":"ype2ihpPD",
"date":"2012-06-23 16:38:55"
},
{
"kids":[],
"uid":"2418899284",
"parent":"",
"text":"",
"mid":"ype0Jkbih",
"date":"2012-06-23 16:35:02"
},
{
"kids":[],
"uid":"1839568332",
"parent":"",
"text":"印度足球。有望了。。11人刚好。心有灵犀的。",
"mid":"ypdZ8l7VE",
"date":"2012-06-23 16:31:04"
},
{
"kids":[],
"uid":"2064527200",
"parent":"",
"text":"超生游击队！！",
"mid":"ypdZ3BiDG",
"date":"2012-06-23 16:30:56"
},
{
"kids":[],
"uid":"2527315044",
"parent":"",
"text":"哇。。貌似一窝小猪。。。劲！！",
"mid":"ypdYF4Tky",
"date":"2012-06-23 16:29:57"
},
{
"kids":[],
"uid":"1625015351",
"parent":"",
"text":"[吃惊][闭嘴]好厉害喔",
"mid":"ypdYof0D3",
"date":"2012-06-23 16:29:17"
},
{
"kids":[
"ypXA645dA"
],
"uid":"1733724413",
"parent":"",
"text":"好恐怖……",
"mid":"ypdPAuDxj",
"date":"2012-06-23 16:07:34"
},
{
"kids":[],
"uid":"h924076308",
"parent":"",
"text":"[神马] 女英雄啊!!!",
"mid":"ypdvsjQxC",
"date":"2012-06-23 15:18:00"
},
{
"kids":[],
"uid":"gwysam",
"parent":"",
"text":"牛人一个",
"mid":"ypdub990K",
"date":"2012-06-23 15:14:49"
},
{
"kids":[],
"uid":"2297018191",
"parent":"ypaZxzqxa",
"text":"点生呀?劲[good]",
"mid":"ypdr0kJc6",
"date":"2012-06-23 15:07:03"
},
{
"kids":[],
"uid":"2442429933",
"parent":"",
"text":"哇塞！！",
"mid":"ypdgg0OOt",
"date":"2012-06-23 14:40:33"
},
{
"kids":[],
"uid":"1836662132",
"parent":"ypd0kb8dm",
"text":"11个，还一口气？？？有没有上吉尼斯记录榜啊？",
"mid":"ypd6Ftc39",
"date":"2012-06-23 14:16:55"
},
{
"kids":[
"ypd6Ftc39"
],
"uid":"lzf5700",
"parent":"",
"text":"印度吖三！你吖的！想赶超中国也不用这么急吧！",
"mid":"ypd0kb8dm",
"date":"2012-06-23 14:01:17"
},
{
"kids":[],
"uid":"lz90888640651",
"parent":"",
"text":"我只能说她老公真牛[哈哈]",
"mid":"ypcYR9hBH",
"date":"2012-06-23 13:57:39"
},
{
"kids":[],
"uid":"qiujielei",
"parent":"",
"text":"[吃惊][吃惊][吃惊][吃惊]阴公咯。。。。。。。。。。天下奇闻啊。。。。。。",
"mid":"ypcSMo5xv",
"date":"2012-06-23 13:42:43"
},
{
"kids":[],
"uid":"qiujielei",
"parent":"",
"text":"[吃惊][吃惊][吃惊][吃惊]阴公咯。。。。。。。。。。",
"mid":"ypcSunERO",
"date":"2012-06-23 13:41:58"
},
{
"kids":[],
"uid":"2468716855",
"parent":"",
"text":"真的假的啊？@笨蛋式微笑_ZF @冯木林 @懒懒的WXP @SylvianGao @Sugin就是徐建 @宝萍爱吃棒棒糖 @平凡的人生傻乎乎",
"mid":"ypcNDzpDe",
"date":"2012-06-23 13:30:02"
},
{
"kids":[],
"uid":"pophe",
"parent":"ypcE3kB4n",
"text":"尼瑪傳說中的夢之隊",
"mid":"ypcMX1bfY",
"date":"2012-06-23 13:28:21"
},
{
"kids":[],
"uid":"zhou78",
"parent":"",
"text":"这还真是足球队啊[给力]",
"mid":"ypcMvuh2w",
"date":"2012-06-23 13:27:16"
},
{
"kids":[],
"uid":"2429776281",
"parent":"",
"text":"[吃惊][吃惊][good]",
"mid":"ypcG2wdFr",
"date":"2012-06-23 13:11:20"
},
{
"kids":[],
"uid":"1927186113",
"parent":"",
"text":"[吃惊]，what the fuck",
"mid":"ypcFYF78v",
"date":"2012-06-23 13:11:09"
},
{
"kids":[],
"uid":"2265750634",
"parent":"",
"text":"哇！11胞胎！犀利啊！[",
"mid":"ypcELlzUm",
"date":"2012-06-23 13:08:10"
},
{
"kids":[
"ypcMX1bfY"
],
"uid":"648916046",
"parent":"ypcDwwffm",
"text":"下次争取生够替补+教练+助教等等",
"mid":"ypcE3kB4n",
"date":"2012-06-23 13:06:24"
},
{
"kids":[
"ypcE3kB4n"
],
"uid":"2114171695",
"parent":"ypcAm3mJ0",
"text":"足球队……",
"mid":"ypcDwwffm",
"date":"2012-06-23 13:05:09"
},
{
"kids":[],
"uid":"2388020667",
"parent":"",
"text":"神哪",
"mid":"ypcCh8mQ8",
"date":"2012-06-23 13:02:03"
},
{
"kids":[
"ypcDwwffm"
],
"uid":"1928875747",
"parent":"ypcyV5mJG",
"text":"靠！仲差個教練",
"mid":"ypcAm3mJ0",
"date":"2012-06-23 12:57:17"
},
{
"kids":[
"ypcAm3mJ0"
],
"uid":"inamess",
"parent":"",
"text":"一支足球队哟",
"mid":"ypcyV5mJG",
"date":"2012-06-23 12:53:45"
},
{
"kids":[],
"uid":"1787875255",
"parent":"",
"text":"猪么？",
"mid":"ypcyo0vyS",
"date":"2012-06-23 12:52:28"
},
{
"kids":[],
"uid":"2449977584",
"parent":"",
"text":"恐怖！绝对奇人奇事",
"mid":"ypcxuqFJH",
"date":"2012-06-23 12:50:16"
},
{
"kids":[],
"uid":"2532027992",
"parent":"",
"text":"[吃惊]不可思议",
"mid":"ypcsBxmDM",
"date":"2012-06-23 12:38:14"
},
{
"kids":[],
"uid":"1128lkp",
"parent":"ypc1j0tUM",
"text":"[汗]",
"mid":"ypcqQvk1t",
"date":"2012-06-23 12:33:53"
},
{
"kids":[],
"uid":"2549300917",
"parent":"",
"text":"你赢了 ··[吃惊]",
"mid":"ypcoYp61h",
"date":"2012-06-23 12:29:16"
},
{
"kids":[],
"uid":"2616177921",
"parent":"",
"text":"哇，好厉害啊[鼓掌]",
"mid":"ypcnlC7Kb",
"date":"2012-06-23 12:25:16"
},
{
"kids":[],
"uid":"2803926892",
"parent":"",
"text":"不是人来",
"mid":"ypcn83ZR6",
"date":"2012-06-23 12:24:45"
},
{
"kids":[],
"uid":"1869079921",
"parent":"",
"text":"[g头晕] 点养啊。。甘犀利。。。",
"mid":"ypclP5drz",
"date":"2012-06-23 12:21:31"
},
{
"kids":[],
"uid":"2031332873",
"parent":"",
"text":"好难想象",
"mid":"ypcgWc1pR",
"date":"2012-06-23 12:09:29"
},
{
"kids":[],
"uid":"1777745542",
"parent":"",
"text":"",
"mid":"ypcgA3ixV",
"date":"2012-06-23 12:08:35"
},
{
"kids":[],
"uid":"samc1018",
"parent":"",
"text":"猪乸[暈]",
"mid":"ypcci5vR3",
"date":"2012-06-23 11:58:02"
},
{
"kids":[],
"uid":"1870307290",
"parent":"ypbY7zDOn",
"text":"[吃惊]",
"mid":"ypcceeVu2",
"date":"2012-06-23 11:57:53"
},
{
"kids":[],
"uid":"2351862753",
"parent":"",
"text":"好夸张@！==@@流月刃",
"mid":"ypc7L4yZE",
"date":"2012-06-23 11:46:52"
},
{
"kids":[],
"uid":"1753139547",
"parent":"",
"text":"[吃惊]",
"mid":"ypc7JBCH6",
"date":"2012-06-23 11:46:49"
},
{
"kids":[
"ypFUUkHxC"
],
"uid":"722348064",
"parent":"ypbYUm7DR",
"text":"还真像。。哈",
"mid":"ypc7xtOwC",
"date":"2012-06-23 11:46:20"
},
{
"kids":[
"ypegXd4XJ"
],
"uid":"1597438933",
"parent":"",
"text":"燕妮你一次生12个给她看看[哈哈]",
"mid":"ypc7jjALH",
"date":"2012-06-23 11:45:46"
},
{
"kids":[],
"uid":"stchen1102",
"parent":"ypbAtlRRv",
"text":"不会吧？",
"mid":"ypc6Q3oGv",
"date":"2012-06-23 11:44:35"
},
{
"kids":[],
"uid":"2671522103",
"parent":"ypc4X2CP3",
"text":"猪！大母猪！！",
"mid":"ypc5VkDbz",
"date":"2012-06-23 11:42:19"
},
{
"kids":[],
"uid":"2831503944",
"parent":"",
"text":"",
"mid":"ypc5QjcmH",
"date":"2012-06-23 11:42:08"
},
{
"kids":[],
"uid":"2125749237",
"parent":"",
"text":"",
"mid":"ypc5IC1aM",
"date":"2012-06-23 11:41:51"
},
{
"kids":[
"ypc5VkDbz"
],
"uid":"2484803954",
"parent":"ypbyQ17gE",
"text":"好得吃哦",
"mid":"ypc4X2CP3",
"date":"2012-06-23 11:39:58"
},
{
"kids":[],
"uid":"2463078751",
"parent":"",
"text":"恐怖啊，这是人吗[吃惊]",
"mid":"ypc2QpZeJ",
"date":"2012-06-23 11:34:46"
},
{
"kids":[
"ypgq5rCiU",
"ype5o3iLE"
],
"uid":"2399430977",
"parent":"",
"text":"这样的话计划生育办才拿你没蛰",
"mid":"ypc2OEcsn",
"date":"2012-06-23 11:34:42"
},
{
"kids":[],
"uid":"2635732380",
"parent":"",
"text":"一支足球队？",
"mid":"ypc1x9MFI",
"date":"2012-06-23 11:31:32"
},
{
"kids":[
"ypcqQvk1t"
],
"uid":"519924775",
"parent":"",
"text":"[汗]",
"mid":"ypc1j0tUM",
"date":"2012-06-23 11:30:58"
},
{
"kids":[],
"uid":"savvyly",
"parent":"",
"text":"天吖！太恐怖了！",
"mid":"ypbZTf0Fk",
"date":"2012-06-23 11:27:29"
},
{
"kids":[],
"uid":"2525747112",
"parent":"ypb09qr0y",
"text":"我》。。。。。。勒个去",
"mid":"ypbZObRy7",
"date":"2012-06-23 11:27:16"
},
{
"kids":[
"yplKY0PND",
"ypc7xtOwC"
],
"uid":"208202030",
"parent":"",
"text":"金针菇牛肉卷[偷笑][偷笑][偷笑][偷笑]",
"mid":"ypbYUm7DR",
"date":"2012-06-23 11:25:02"
},
{
"kids":[],
"uid":"2656397462",
"parent":"",
"text":"[震惊][震惊]Oh my lady ga ga !!!",
"mid":"ypbYfitBH",
"date":"2012-06-23 11:23:26"
},
{
"kids":[
"ypcceeVu2"
],
"uid":"1881367917",
"parent":"",
"text":"这下足球队诞生了。。。[鼓掌]",
"mid":"ypbY7zDOn",
"date":"2012-06-23 11:23:07"
},
{
"kids":[],
"uid":"1985189153",
"parent":"ypbGmz2sQ",
"text":"[吃驚]",
"mid":"ypbXe3m7Y",
"date":"2012-06-23 11:20:56"
},
{
"kids":[],
"uid":"1978564035",
"parent":"ypbST9Kqc",
"text":"印度足球有希望咯；11包胎，组成的球队，默契有多高[哈哈][哈哈]",
"mid":"ypbU6cah0",
"date":"2012-06-23 11:13:12"
},
{
"kids":[
"ypbU6cah0"
],
"uid":"luoonly",
"parent":"ypbHxhe7s",
"text":"全家都是足球队= =",
"mid":"ypbST9Kqc",
"date":"2012-06-23 11:10:14"
},
{
"kids":[],
"uid":"2085116547",
"parent":"",
"text":"养猪子样",
"mid":"ypbPUbBBH",
"date":"2012-06-23 11:02:53"
},
{
"kids":[],
"uid":"2043576640",
"parent":"",
"text":"",
"mid":"ypbPTwwx6",
"date":"2012-06-23 11:02:52"
},
{
"kids":[
"ypfRTjvA4"
],
"uid":"2030613661",
"parent":"ypbsLwQXX",
"text":"[吃惊][吃惊][吃惊]",
"mid":"ypbPgxWdD",
"date":"2012-06-23 11:01:19"
},
{
"kids":[],
"uid":"2087816055",
"parent":"",
"text":"碉堡了",
"mid":"ypbMzk8VW",
"date":"2012-06-23 10:54:40"
},
{
"kids":[],
"uid":"loggot",
"parent":"",
"text":"",
"mid":"ypbLcuN3T",
"date":"2012-06-23 10:51:18"
},
{
"kids":[
"ypbST9Kqc"
],
"uid":"narcissuslee",
"parent":"",
"text":"印度足球从此崛起~~",
"mid":"ypbHxhe7s",
"date":"2012-06-23 10:42:15"
},
{
"kids":[],
"uid":"2661233863",
"parent":"",
"text":"",
"mid":"ypbHdufEt",
"date":"2012-06-23 10:41:28"
},
{
"kids":[],
"uid":"smtao617452870",
"parent":"",
"text":"好强大，稀饭稀饭，应该要采访这位足球队教练是如何早就出来的。。。[围观][鼓掌]",
"mid":"ypbGWDs6q",
"date":"2012-06-23 10:40:49"
},
{
"kids":[],
"uid":"2655141791",
"parent":"",
"text":"[吃惊][吃惊]",
"mid":"ypbGHgprM",
"date":"2012-06-23 10:40:12"
},
{
"kids":[
"ypbXe3m7Y"
],
"uid":"hh891017",
"parent":"ypbEUbrZt",
"text":"她老公真强大...[bed淩亂]",
"mid":"ypbGmz2sQ",
"date":"2012-06-23 10:39:22"
},
{
"kids":[],
"uid":"xingaxing",
"parent":"",
"text":"个个出生都这么大，11个，肚子装得下？怀疑怀疑",
"mid":"ypbFZftiM",
"date":"2012-06-23 10:38:26"
},
{
"kids":[
"ypbGmz2sQ"
],
"uid":"1905489817",
"parent":"",
"text":"厉害。。。。[给力]",
"mid":"ypbEUbrZt",
"date":"2012-06-23 10:35:48"
},
{
"kids":[
"ypc6Q3oGv"
],
"uid":"2037859333",
"parent":"",
"text":"伟大！",
"mid":"ypbAtlRRv",
"date":"2012-06-23 10:24:51"
},
{
"kids":[],
"uid":"2396429513",
"parent":"",
"text":"一胎就有支足球队，生多几胎就有支军队啦！！！要加油呀",
"mid":"ypbzDjZZT",
"date":"2012-06-23 10:22:49"
},
{
"kids":[],
"uid":"2310052255",
"parent":"",
"text":"屌暴了",
"mid":"ypbz0Cl0T",
"date":"2012-06-23 10:21:16"
},
{
"kids":[],
"uid":"2049653481",
"parent":"",
"text":"猪啊？",
"mid":"ypbyX6DL1",
"date":"2012-06-23 10:21:07"
},
{
"kids":[
"ypc4X2CP3"
],
"uid":"2579896421",
"parent":"",
"text":"哎耶，好恐怖，好恶心。黎明，我看珊可以再创记录，生一支足球队加上替补哦，你懂得啦[亲亲]努力哈",
"mid":"ypbyQ17gE",
"date":"2012-06-23 10:20:49"
},
{
"kids":[],
"uid":"1762766802",
"parent":"",
"text":"希望所有bb都能渡过难关，仲有政府可以的话就资助下，不然就真系悲剧啊啊啊啊啊啊啊啊， ！",
"mid":"ypbyLzOdf",
"date":"2012-06-23 10:20:40"
},
{
"kids":[],
"uid":"2438468622",
"parent":"",
"text":"[吃惊][吃惊]",
"mid":"ypbx5zilR",
"date":"2012-06-23 10:16:32"
},
{
"kids":[],
"uid":"512375968",
"parent":"",
"text":"哇··哇··是真的 嗎？",
"mid":"ypbwMDy3m",
"date":"2012-06-23 10:15:47"
},
{
"kids":[
"ypbPgxWdD"
],
"uid":"2360677304",
"parent":"ypaZUCpTu",
"text":"是不是你的目标啊[偷笑]@LML-玲:",
"mid":"ypbsLwQXX",
"date":"2012-06-23 10:05:53"
},
{
"kids":[],
"uid":"hongxun49",
"parent":"",
"text":"[挤眼]",
"mid":"ypbpXdwfG",
"date":"2012-06-23 09:58:56"
},
{
"kids":[],
"uid":"1878379143",
"parent":"",
"text":"先祝福，然后我觉得好恐怖啊",
"mid":"ypboojij1",
"date":"2012-06-23 09:55:05"
},
{
"kids":[],
"uid":"2430338392",
"parent":"",
"text":"[偷笑]",
"mid":"ypbmIh7CQ",
"date":"2012-06-23 09:50:58"
},
{
"kids":[],
"uid":"2678975380",
"parent":"",
"text":"/太厉害了吧！有点恐怖！[黑线]/@肥鸡仔凤:[呵呵][呵呵][呵呵]",
"mid":"ypbmuFibM",
"date":"2012-06-23 09:50:26"
},
{
"kids":[],
"uid":"1568861261",
"parent":"",
"text":"[晕]甘强悍？犀飞利啊！",
"mid":"ypbjPdyDd",
"date":"2012-06-23 09:43:50"
},
{
"kids":[],
"uid":"mtxyz",
"parent":"",
"text":"[吃惊]足球队？",
"mid":"ypbjD62Er",
"date":"2012-06-23 09:43:22"
},
{
"kids":[],
"uid":"2022348397",
"parent":"",
"text":"好恐",
"mid":"ypbjw16gY",
"date":"2012-06-23 09:43:05"
},
{
"kids":[],
"uid":"2036073084",
"parent":"",
"text":"多子多福！",
"mid":"ypbgUmnQE",
"date":"2012-06-23 09:36:40"
},
{
"kids":[],
"uid":"1890100511",
"parent":"",
"text":"哇，好神奇啊。祝福！",
"mid":"ypbfopoAt",
"date":"2012-06-23 09:32:55"
},
{
"kids":[],
"uid":"2023913894",
"parent":"",
"text":"哇..",
"mid":"ypbdapVso",
"date":"2012-06-23 09:27:26"
},
{
"kids":[
"ypeXwwljq"
],
"uid":"2030892127",
"parent":"",
"text":"",
"mid":"ypbaXzOqR",
"date":"2012-06-23 09:22:01"
},
{
"kids":[],
"uid":"1955325802",
"parent":"",
"text":"",
"mid":"ypbazF471",
"date":"2012-06-23 09:21:03"
},
{
"kids":[],
"uid":"2416755470",
"parent":"",
"text":"",
"mid":"ypb9ItvUC",
"date":"2012-06-23 09:18:57"
},
{
"kids":[],
"uid":"connietang88",
"parent":"",
"text":"轉發微博",
"mid":"ypb9pyFSx",
"date":"2012-06-23 09:18:12"
},
{
"kids":[],
"uid":"cwj628",
"parent":"ypb4daTzB",
"text":"[汗][汗]好夸张啊。11个[晕]",
"mid":"ypb9900sT",
"date":"2012-06-23 09:17:32"
},
{
"kids":[
"ypgiLjhER"
],
"uid":"1761155762",
"parent":"",
"text":"[鼓掌]母亲就是拥有能人所不容的伟大！[给力]",
"mid":"ypb9409y9",
"date":"2012-06-23 09:17:20"
},
{
"kids":[],
"uid":"2430338392",
"parent":"",
"text":"你又想咩 哈哈",
"mid":"ypb6a1SkV",
"date":"2012-06-23 09:10:11"
},
{
"kids":[],
"uid":"2214731192",
"parent":"",
"text":"居然站得起来！！重心不会不稳吗",
"mid":"ypb6a1SfB",
"date":"2012-06-23 09:10:11"
},
{
"kids":[],
"uid":"1001068461",
"parent":"",
"text":"太恐怖了",
"mid":"ypb5HEQNi",
"date":"2012-06-23 09:09:03"
},
{
"kids":[
"ypb9900sT"
],
"uid":"2353528733",
"parent":"",
"text":"太恐怖了，猪母啊",
"mid":"ypb4daTzB",
"date":"2012-06-23 09:05:22"
},
{
"kids":[],
"uid":"1771922274",
"parent":"ypaXlmG9V",
"text":"我梦寐以求既足球队…",
"mid":"ypb3YpEVE",
"date":"2012-06-23 09:04:48"
},
{
"kids":[],
"uid":"2357309797",
"parent":"ypb09qr0y",
"text":"[吃惊]",
"mid":"ypb3UxFvk",
"date":"2012-06-23 09:04:38"
},
{
"kids":[],
"uid":"bonnie2500",
"parent":"",
"text":"[吃惊][吃惊][吃惊]神马概念！！！！光是喂奶就有够忙了吧…",
"mid":"ypb2npqMU",
"date":"2012-06-23 09:00:52"
},
{
"kids":[],
"uid":"2448402457",
"parent":"ypaVF2c1V",
"text":"恭喜你咯",
"mid":"ypb1alMsM",
"date":"2012-06-23 08:57:53"
},
{
"kids":[],
"uid":"lingdaoyemen",
"parent":"ypaW2pJTm",
"text":"足球队……？",
"mid":"ypb0TePtr",
"date":"2012-06-23 08:57:12"
},
{
"kids":[],
"uid":"531601228",
"parent":"",
"text":"[good][good][good][嘘]",
"mid":"ypb0tuJ58",
"date":"2012-06-23 08:56:12"
},
{
"kids":[
"ypbZObRy7",
"ypb3UxFvk"
],
"uid":"2084978487",
"parent":"",
"text":"11胞胎！太神奇[吃惊]",
"mid":"ypb09qr0y",
"date":"2012-06-23 08:55:22"
},
{
"kids":[],
"uid":"1896135763",
"parent":"ypaRjhVla",
"text":"OMG",
"mid":"ypaZYsZfK",
"date":"2012-06-23 08:54:57"
},
{
"kids":[],
"uid":"2387345123",
"parent":"",
"text":"生仔机器……",
"mid":"ypaZXjvZZ",
"date":"2012-06-23 08:54:54"
},
{
"kids":[
"ypbsLwQXX"
],
"uid":"2035683185",
"parent":"",
"text":"[鼓掌][鼓掌][鼓掌][鼓掌][鼓掌][鼓掌][鼓掌]",
"mid":"ypaZUCpTu",
"date":"2012-06-23 08:54:48"
},
{
"kids":[
"ypdr0kJc6"
],
"uid":"ysviki",
"parent":"",
"text":"厉害啊！！！",
"mid":"ypaZxzqxa",
"date":"2012-06-23 08:53:53"
},
{
"kids":[],
"uid":"2698044761",
"parent":"",
"text":"靠！猪咩？一次生甘多点养？",
"mid":"ypaYR3Mp2",
"date":"2012-06-23 08:52:11"
},
{
"kids":[
"ypb3YpEVE"
],
"uid":"584860462weiwei",
"parent":"",
"text":"好似老鼠仔感啊[生病]",
"mid":"ypaXlmG9V",
"date":"2012-06-23 08:48:28"
},
{
"kids":[],
"uid":"2642816035",
"parent":"",
"text":"太厉害day。[吃惊][偷笑][偷笑]",
"mid":"ypaWcsznO",
"date":"2012-06-23 08:45:38"
},
{
"kids":[
"ypb0TePtr"
],
"uid":"liuwanben",
"parent":"",
"text":"",
"mid":"ypaW2pJTm",
"date":"2012-06-23 08:45:15"
},
{
"kids":[
"ypb1alMsM"
],
"uid":"2625243781",
"parent":"",
"text":"",
"mid":"ypaVF2c1V",
"date":"2012-06-23 08:44:19"
},
{
"kids":[],
"uid":"2563589934",
"parent":"",
"text":"就像猪仔一样排排放在一起，壮观！看来印度人口超中国指日可望！",
"mid":"ypaSgFDaa",
"date":"2012-06-23 08:35:58"
},
{
"kids":[],
"uid":"344877178",
"parent":"",
"text":"哇。。超劲。好似猪仔甘[汗]",
"mid":"ypaRT3s4X",
"date":"2012-06-23 08:35:00"
},
{
"kids":[
"ypaZYsZfK"
],
"uid":"yangngm",
"parent":"",
"text":"母猪吗。好牛啊[偷笑]",
"mid":"ypaRjhVla",
"date":"2012-06-23 08:33:36"
},
{
"kids":[],
"uid":"2514944502",
"parent":"",
"text":"请问是怎么出来的？",
"mid":"ypaQGyStI",
"date":"2012-06-23 08:32:04"
},
{
"kids":[],
"uid":"2036842315",
"parent":"",
"text":"[吃惊]刚好是一支球队",
"mid":"ypaOpCB29",
"date":"2012-06-23 08:26:28"
},
{
"kids":[],
"uid":"2176606764",
"parent":"",
"text":"我5需要太多，2个就够了",
"mid":"ypaNw4cKl",
"date":"2012-06-23 08:24:15"
},
{
"kids":[],
"uid":"1813354904",
"parent":"",
"text":"哇⊙o⊙！！！这是人吗这？？？[晕][晕][晕][晕]",
"mid":"ypaN0qR5N",
"date":"2012-06-23 08:23:00"
},
{
"kids":[
"ypepFmBGk"
],
"uid":"1952771760",
"parent":"",
"text":"祝我认识的每个要生宝宝的女人都这么厉害，嘻嘻",
"mid":"ypaMWiGGy",
"date":"2012-06-23 08:22:50"
},
{
"kids":[],
"uid":"halaling",
"parent":"",
"text":"……",
"mid":"ypaMKd2XV",
"date":"2012-06-23 08:22:20"
},
{
"kids":[],
"uid":"523473376",
"parent":"",
"text":"+1",
"mid":"ypaKlgDj2",
"date":"2012-06-23 08:16:26"
},
{
"kids":[],
"uid":"2167880940",
"parent":"",
"text":"胜利11人。。还真是刚好凑够一支足球队了。。打篮球的话，可以开全场了，外加一个裁判。打半场至少可以分三批。。[lb雷][lb厉害]",
"mid":"ypaK7nfiB",
"date":"2012-06-23 08:15:53"
},
{
"kids":[],
"uid":"1758481243",
"parent":"",
"text":"嗯嗯呃。。",
"mid":"ypaImCir0",
"date":"2012-06-23 08:11:34"
},
{
"kids":[],
"uid":"2147563897",
"parent":"",
"text":"我的天！！",
"mid":"ypaI14dKg",
"date":"2012-06-23 08:10:42"
},
{
"kids":[],
"uid":"kangzige",
"parent":"",
"text":"这样下去'印度肯定是第一人口大国了[酷]",
"mid":"ypaHHgbAl",
"date":"2012-06-23 08:09:55"
},
{
"kids":[],
"uid":"1770676493",
"parent":"",
"text":"[吃惊]",
"mid":"ypaGwxbAH",
"date":"2012-06-23 08:07:02"
},
{
"kids":[],
"uid":"1969526273",
"parent":"",
"text":"哇塞………真系好似猪婆，甘生得[偷笑][偷笑][偷笑][偷笑]",
"mid":"ypaFbgPbS",
"date":"2012-06-23 08:03:43"
},
{
"kids":[],
"uid":"1897899147",
"parent":"",
"text":"刚好一支足球队",
"mid":"ypaF03asa",
"date":"2012-06-23 08:03:16"
},
{
"kids":[],
"uid":"2662511682",
"parent":"",
"text":"母猪咩～～～～～",
"mid":"ypaEKm56g",
"date":"2012-06-23 08:02:38"
},
{
"kids":[],
"uid":"1774527374",
"parent":"",
"text":"",
"mid":"ypaExna8X",
"date":"2012-06-23 08:02:08"
}
]