[
{
"kids":[],
"uid":"2930380353",
"parent":"yCOKemGfV",
"text":"就死了?!。。。一路走好",
"mid":"yEIe1gd5m",
"date":"2012-10-03 13:04:45"
},
{
"kids":[],
"uid":"2920508164",
"parent":"yCO5Zew31",
"text":"",
"mid":"yDKOi79Lg",
"date":"2012-09-27 05:49:18"
},
{
"kids":[],
"uid":"daisylololo",
"parent":"yCS70nXgR",
"text":"[吃惊]",
"mid":"yDGKai1Tn",
"date":"2012-09-26 19:28:09"
},
{
"kids":[],
"uid":"2920571032",
"parent":"yCO5Zew31",
"text":"",
"mid":"yDEqTvL5W",
"date":"2012-09-26 13:35:10"
},
{
"kids":[],
"uid":"2789785150",
"parent":"yCO5Zew31",
"text":"",
"mid":"yDEqTcQID",
"date":"2012-09-26 13:35:08"
},
{
"kids":[],
"uid":"1844069633",
"parent":"yDdrI0nsW",
"text":"前两天还听说自杀，这次真没了",
"mid":"yDdvr3aXa",
"date":"2012-09-23 17:02:12"
},
{
"kids":[
"yDdvr3aXa"
],
"uid":"1945369283",
"parent":"yCVR3inW5",
"text":"芙蓉姐姐开辟了一个时代，追求个性、窜红网络的时代，娱乐大众化的时代，她是前无来者的。等她真的谢幕了，可以立碑。",
"mid":"yDdrI0nsW",
"date":"2012-09-23 16:53:01"
},
{
"kids":[],
"uid":"1226011394",
"parent":"yCRZPk84a",
"text":"真的假的啊，不是炒作？",
"mid":"yD70N2EB0",
"date":"2012-09-23 00:30:12"
},
{
"kids":[],
"uid":"777198702",
"parent":"",
"text":"太意外了。再看着好的人，也会突然出问题。世事难料。@芙蓉姐姐",
"mid":"yD2AAaUGD",
"date":"2012-09-22 13:14:40"
},
{
"kids":[],
"uid":"1968545540",
"parent":"",
"text":"关注",
"mid":"yD2w96fB3",
"date":"2012-09-22 13:03:44"
},
{
"kids":[],
"uid":"2622351147",
"parent":"",
"text":"[偷笑]",
"mid":"yD2rW7mLm",
"date":"2012-09-22 12:53:21"
},
{
"kids":[],
"uid":"1954530184",
"parent":"yCNxespHr",
"text":"是非成败转头空，青山依旧在，几度夕阳红！在世时几多争议，这盖棺定论，安息吧",
"mid":"yD0mWjZu6",
"date":"2012-09-22 07:35:34"
},
{
"kids":[],
"uid":"2804580352",
"parent":"yCS6odJc9",
"text":"",
"mid":"yCYXH6Mh5",
"date":"2012-09-22 04:00:37"
},
{
"kids":[],
"uid":"2804941704",
"parent":"yCS6odJc9",
"text":"",
"mid":"yCYXGv8y7",
"date":"2012-09-22 04:00:35"
},
{
"kids":[],
"uid":"2012749841",
"parent":"yCOD8BFNB",
"text":"",
"mid":"yCXwxkFfg",
"date":"2012-09-22 00:20:56"
},
{
"kids":[],
"uid":"2008730625",
"parent":"yCWyx69dl",
"text":"[吃惊][右哼哼][左哼哼]",
"mid":"yCWz3zrxw",
"date":"2012-09-21 21:54:26"
},
{
"kids":[
"yCWz3zrxw"
],
"uid":"1713623732",
"parent":"",
"text":"@区区小小虫 原来是不实信息",
"mid":"yCWyx69dl",
"date":"2012-09-21 21:53:05"
},
{
"kids":[],
"uid":"2511516310",
"parent":"yCRWK9QC1",
"text":"[晕]",
"mid":"yCWiLzWWk",
"date":"2012-09-21 21:14:18"
},
{
"kids":[],
"uid":"2299846974",
"parent":"yCTxlkb70",
"text":"不会吧！",
"mid":"yCWhF1TyC",
"date":"2012-09-21 21:11:35"
},
{
"kids":[],
"uid":"2009087541",
"parent":"",
"text":"额额?",
"mid":"yCVYsu2Iz",
"date":"2012-09-21 20:24:16"
},
{
"kids":[],
"uid":"2099728053",
"parent":"",
"text":"不敢相信",
"mid":"yCVUJqyTx",
"date":"2012-09-21 20:15:05"
},
{
"kids":[],
"uid":"zhaobolawyer",
"parent":"yCVR3inW5",
"text":"回复@我是欧志敏:@芙蓉姐姐 其实没多少错，她不过是另类一些，关键是跟随她的媒体，不该放大她的言行。",
"mid":"yCVThiisT",
"date":"2012-09-21 20:11:30"
},
{
"kids":[
"yDdrI0nsW",
"yCVThiisT"
],
"uid":"zhaobolawyer",
"parent":"yCTcuh2Ny",
"text":"已经辟谣",
"mid":"yCVR3inW5",
"date":"2012-09-21 20:06:01"
},
{
"kids":[],
"uid":"lovelaughsvicky",
"parent":"",
"text":"真的呀[吃惊]",
"mid":"yCVIRmlE8",
"date":"2012-09-21 19:45:50"
},
{
"kids":[],
"uid":"1971084203",
"parent":"",
"text":"這是什麽情況？",
"mid":"yCVe0kwto",
"date":"2012-09-21 18:29:49"
},
{
"kids":[],
"uid":"2920424840",
"parent":"yCS6odJc9",
"text":"",
"mid":"yCVaT41iK",
"date":"2012-09-21 18:22:06"
},
{
"kids":[],
"uid":"1583385723",
"parent":"yCS6odJc9",
"text":"",
"mid":"yCVaSsnBU",
"date":"2012-09-21 18:22:05"
},
{
"kids":[],
"uid":"1846283244",
"parent":"",
"text":"芙蓉姐姐不死都对不起大家。",
"mid":"yCV0ukRuS",
"date":"2012-09-21 17:56:31"
},
{
"kids":[],
"uid":"1743869895",
"parent":"yCUGu7NGH",
"text":"不是早上澄清说她没事嘛，怎么中午就又挂啦？！",
"mid":"yCUX3hjmi",
"date":"2012-09-21 17:48:02"
},
{
"kids":[],
"uid":"tiggerc",
"parent":"yCRUDgRtg",
"text":"是真的吗?励志姐就这么走了么?",
"mid":"yCUGzoPoL",
"date":"2012-09-21 17:07:27"
},
{
"kids":[
"yCUX3hjmi"
],
"uid":"1771900674",
"parent":"yCRJ9rNy3",
"text":"吾是挂？前些时候还开演唱会",
"mid":"yCUGu7NGH",
"date":"2012-09-21 17:07:14"
},
{
"kids":[],
"uid":"1737922011",
"parent":"yCTzChebG",
"text":"[疑问]",
"mid":"yCUxRxDKc",
"date":"2012-09-21 16:46:00"
},
{
"kids":[],
"uid":"1700909740",
"parent":"yCSOy0eXO",
"text":"",
"mid":"yCUqcqdhJ",
"date":"2012-09-21 16:27:07"
},
{
"kids":[],
"uid":"2685530913",
"parent":"yCUlIlrvK",
"text":"三牛哥时尚达人啊",
"mid":"yCUpX4j7O",
"date":"2012-09-21 16:26:30"
},
{
"kids":[
"yCUpX4j7O"
],
"uid":"1855090132",
"parent":"",
"text":"真的假的？",
"mid":"yCUlIlrvK",
"date":"2012-09-21 16:16:04"
},
{
"kids":[],
"uid":"2639213211",
"parent":"",
"text":"",
"mid":"yCUk3xPAe",
"date":"2012-09-21 16:11:59"
},
{
"kids":[],
"uid":"xiaoyuanzi8557",
"parent":"",
"text":"纳尼？！",
"mid":"yCUjAiEsb",
"date":"2012-09-21 16:10:49"
},
{
"kids":[],
"uid":"2476162277",
"parent":"",
"text":"嘿嘿，小妃挺关心芙蓉[偷笑]",
"mid":"yCUg276iH",
"date":"2012-09-21 16:02:04"
},
{
"kids":[],
"uid":"2472283541",
"parent":"",
"text":"真的哇[吃惊]",
"mid":"yCUfaET7A",
"date":"2012-09-21 15:59:55"
},
{
"kids":[],
"uid":"1704647091",
"parent":"yCSkZmonz",
"text":"说不清道不明？？？？？？？？？？？？？？？？",
"mid":"yCU9f4m6x",
"date":"2012-09-21 15:45:20"
},
{
"kids":[],
"uid":"472213458",
"parent":"",
"text":"这条脑残的不实信息超过十二小时咯。。。。。。。没人处理？@微博小秘书 那啥，下面骂的人别闲着了，点举报吧。",
"mid":"yCU8Qwx5I",
"date":"2012-09-21 15:44:20"
},
{
"kids":[],
"uid":"2476162277",
"parent":"yCU1XvFuz",
"text":"还是不知道是真是假",
"mid":"yCU31pyD8",
"date":"2012-09-21 15:30:02"
},
{
"kids":[
"yCU31pyD8"
],
"uid":"1171672072",
"parent":"",
"text":"",
"mid":"yCU1XvFuz",
"date":"2012-09-21 15:27:25"
},
{
"kids":[],
"uid":"1869894694",
"parent":"",
"text":"",
"mid":"yCU00pW94",
"date":"2012-09-21 15:22:34"
},
{
"kids":[],
"uid":"junjunyang00",
"parent":"",
"text":"轉發微博",
"mid":"yCTZwhbFV",
"date":"2012-09-21 15:21:23"
},
{
"kids":[],
"uid":"triwater4whatuno",
"parent":"yCTzChebG",
"text":"没有就算没有，懂的自然懂",
"mid":"yCTYn5a2l",
"date":"2012-09-21 15:18:33"
},
{
"kids":[],
"uid":"2932268183",
"parent":"yCSOy0eXO",
"text":"不会吧…",
"mid":"yCTXc5aVw",
"date":"2012-09-21 15:15:38"
},
{
"kids":[],
"uid":"1735497130",
"parent":"yCTE8E4m7",
"text":"[吃惊]求真相",
"mid":"yCTWU1bfe",
"date":"2012-09-21 15:14:56"
},
{
"kids":[],
"uid":"1783947585",
"parent":"yCTUjBgTR",
"text":"@娜1019 @V-Constantin @狐狸狐狸狐狸酱 张辰你乌鸦嘴，芙蓉姐真死了！！！还是自杀的！～～",
"mid":"yCTUHxzXH",
"date":"2012-09-21 15:09:29"
},
{
"kids":[
"yCTUHxzXH"
],
"uid":"1783947585",
"parent":"",
"text":"张辰你乌鸦嘴，芙蓉姐真死了！！！还是自杀的！～～",
"mid":"yCTUjBgTR",
"date":"2012-09-21 15:08:32"
},
{
"kids":[],
"uid":"1800368835",
"parent":"",
"text":"我就是想不明白，对于芙蓉姐姐来说，活着的意义究竟是为了什么呢？我们从小学习要做一个对社会有用的人，做一些有意义的事情，这位姐姐的志向到底是要做什么呢？",
"mid":"yCTUdCJV0",
"date":"2012-09-21 15:08:18"
},
{
"kids":[],
"uid":"2218685975",
"parent":"yCSSgaqwz",
"text":"每个人有每个人的审美观，何必非要那自己审美强加给别人。别人更不该强加给你。",
"mid":"yCTSh67be",
"date":"2012-09-21 15:03:31"
},
{
"kids":[],
"uid":"1799799987",
"parent":"yCTQR2vxU",
"text":"",
"mid":"yCTSe9jMO",
"date":"2012-09-21 15:03:25"
},
{
"kids":[
"yCTSe9jMO"
],
"uid":"2163276851",
"parent":"yCTOy3PhY",
"text":"真是意外",
"mid":"yCTQR2vxU",
"date":"2012-09-21 15:00:02"
},
{
"kids":[
"yCTQR2vxU"
],
"uid":"1563329981",
"parent":"yCTyYm1Pq",
"text":"她怎么会自杀呢",
"mid":"yCTOy3PhY",
"date":"2012-09-21 14:54:19"
},
{
"kids":[],
"uid":"zy1000e",
"parent":"",
"text":"今早不是有人说没事吗？@管鹏",
"mid":"yCTLe5KGF",
"date":"2012-09-21 14:46:10"
},
{
"kids":[],
"uid":"2500756357",
"parent":"yCTIH9kTF",
"text":"",
"mid":"yCTJBDhh3",
"date":"2012-09-21 14:42:11"
},
{
"kids":[],
"uid":"2791774783",
"parent":"yCSOy0eXO",
"text":"我也想轻生……却找不到一个必死的理由……算了，先活着吧",
"mid":"yCTJA9iDQ",
"date":"2012-09-21 14:42:06"
},
{
"kids":[
"yCTJBDhh3"
],
"uid":"472213458",
"parent":"yCTHNCrAA",
"text":"下面那图是某韩国女星自杀身亡的图。这楼主行不行吖。博转发也不要这样嘛。[鄙视]",
"mid":"yCTIH9kTF",
"date":"2012-09-21 14:39:55"
},
{
"kids":[
"yCTIH9kTF"
],
"uid":"1647732327",
"parent":"yCTE8E4m7",
"text":"芙蓉姐姐助理有澄清",
"mid":"yCTHNCrAA",
"date":"2012-09-21 14:37:44"
},
{
"kids":[
"yCTWU1bfe",
"yCTHNCrAA"
],
"uid":"1444823520",
"parent":"",
"text":"啊？",
"mid":"yCTE8E4m7",
"date":"2012-09-21 14:28:43"
},
{
"kids":[
"yCUxRxDKc",
"yCTYn5a2l"
],
"uid":"1896641633",
"parent":"yCRJHpn6u",
"text":"[疑问]",
"mid":"yCTzChebG",
"date":"2012-09-21 14:17:34"
},
{
"kids":[
"yCTOy3PhY"
],
"uid":"2071945120",
"parent":"yCSkZmonz",
"text":"内心那么强大的人怎么会自杀？",
"mid":"yCTyYm1Pq",
"date":"2012-09-21 14:16:00"
},
{
"kids":[],
"uid":"1258714812",
"parent":"yCSnqE1DU",
"text":"回复@陈野风:拿死炒作，可恶!",
"mid":"yCTyPvlXy",
"date":"2012-09-21 14:15:38"
},
{
"kids":[
"yCWhF1TyC"
],
"uid":"2260380573",
"parent":"",
"text":"真的假的？不会吧@小心-小莹 @恋蜜ing @candysmile33 @盈儿的繁星点点 @丨灬刺青 @六豹___ @唐丽霞0918 @尛酒涡德丫头 @常小洁童学 @独爱大虫R-JimY @喱喱小姐520 @Arlene-莹",
"mid":"yCTxlkb70",
"date":"2012-09-21 14:11:58"
},
{
"kids":[],
"uid":"2436536255",
"parent":"yCThanurD",
"text":"",
"mid":"yCTpvxZfn",
"date":"2012-09-21 13:52:40"
},
{
"kids":[],
"uid":"1084682213",
"parent":"yCSxTekcE",
"text":"不是早就澄清是假的嘛。[汗]",
"mid":"yCTn338rz",
"date":"2012-09-21 13:46:36"
},
{
"kids":[],
"uid":"2083819775",
"parent":"yCSkZmonz",
"text":"炒作！",
"mid":"yCTi1yRVg",
"date":"2012-09-21 13:34:14"
},
{
"kids":[
"yCTpvxZfn"
],
"uid":"2396801147",
"parent":"yCNnPaDDR",
"text":"让人惋惜！",
"mid":"yCThanurD",
"date":"2012-09-21 13:32:08"
},
{
"kids":[
"yCVR3inW5"
],
"uid":"1945369283",
"parent":"yCSxTekcE",
"text":"真的吗？等主流媒体求证",
"mid":"yCTcuh2Ny",
"date":"2012-09-21 13:20:35"
},
{
"kids":[],
"uid":"mrluolaoluo",
"parent":"yCRPl0xFc",
"text":"姐姐真的走了？",
"mid":"yCTcrBjb4",
"date":"2012-09-21 13:20:29"
},
{
"kids":[],
"uid":"2093039987",
"parent":"yCT2jmXZE",
"text":"",
"mid":"yCT95fn9S",
"date":"2012-09-21 13:12:12"
},
{
"kids":[],
"uid":"meryqing",
"parent":"yCSkZmonz",
"text":"哈！？昨天還真看到個叫芙蓉姐姐助理的說什麽要離開",
"mid":"yCT72sLBa",
"date":"2012-09-21 13:07:09"
},
{
"kids":[],
"uid":"1044350217",
"parent":"yCNzugsYE",
"text":"就这样挂了吗？[泪]",
"mid":"yCT6t2C7Q",
"date":"2012-09-21 13:05:46"
},
{
"kids":[],
"uid":"1394157352",
"parent":"yCSS7jdYY",
"text":"真的自杀了？",
"mid":"yCT5yjZTT",
"date":"2012-09-21 13:03:28"
},
{
"kids":[],
"uid":"2388468552",
"parent":"",
"text":"真的？有这么强大心理素质的人也自杀了！安息！[蜡烛]",
"mid":"yCT53yvno",
"date":"2012-09-21 13:02:17"
},
{
"kids":[],
"uid":"2188096152",
"parent":"",
"text":"这 不能吧。。。[衰][衰]",
"mid":"yCT3RoRrc",
"date":"2012-09-21 12:59:20"
},
{
"kids":[],
"uid":"1880933504",
"parent":"yCQGUcJ6p",
"text":"知道吗？",
"mid":"yCT2ukoEq",
"date":"2012-09-21 12:55:56"
},
{
"kids":[
"yCT95fn9S"
],
"uid":"1448425120",
"parent":"",
"text":"",
"mid":"yCT2jmXZE",
"date":"2012-09-21 12:55:29"
},
{
"kids":[],
"uid":"2823237794",
"parent":"",
"text":"真的？徦的？求真相？",
"mid":"yCT1JBfxb",
"date":"2012-09-21 12:54:05"
},
{
"kids":[],
"uid":"1823138095",
"parent":"",
"text":"请真相",
"mid":"yCT0mc1jC",
"date":"2012-09-21 12:50:42"
},
{
"kids":[],
"uid":"2554232257",
"parent":"yCSWoBSwE",
"text":"转发微博。",
"mid":"yCSXfwS2j",
"date":"2012-09-21 12:43:03"
},
{
"kids":[],
"uid":"1228622767",
"parent":"yCSjJDOI5",
"text":"怎么这样啊!减肥成功后在我心目中就是励志姐!可惜了",
"mid":"yCSWxtQHc",
"date":"2012-09-21 12:41:18"
},
{
"kids":[
"yCSXfwS2j"
],
"uid":"1877492197",
"parent":"yCNWuhIOb",
"text":"自杀需要勇气",
"mid":"yCSWoBSwE",
"date":"2012-09-21 12:40:56"
},
{
"kids":[],
"uid":"yingyin9222",
"parent":"yCSkZmonz",
"text":"不能吧，作秀闹剧吧。",
"mid":"yCSWmhoYK",
"date":"2012-09-21 12:40:51"
},
{
"kids":[],
"uid":"bigyuk",
"parent":"yCSkZmonz",
"text":"人，果然是经得起一无所有，但当得到的越多，压力则越大…",
"mid":"yCSVWidDa",
"date":"2012-09-21 12:39:47"
},
{
"kids":[],
"uid":"1722883492",
"parent":"yCSkZmonz",
"text":"@饮大食饱 @说不出的--名字 [蜡烛]",
"mid":"yCSVi7PcZ",
"date":"2012-09-21 12:38:12"
},
{
"kids":[],
"uid":"1916363613",
"parent":"yCSOy0eXO",
"text":"真的假的啊？",
"mid":"yCSUcswzt",
"date":"2012-09-21 12:35:31"
},
{
"kids":[
"yCTSh67be"
],
"uid":"2230566374",
"parent":"yCSReB1Xj",
"text":"走好。",
"mid":"yCSSgaqwz",
"date":"2012-09-21 12:30:44"
},
{
"kids":[
"yCT5yjZTT"
],
"uid":"904677013",
"parent":"yCSPHe4PX",
"text":"又少了一个人才。。",
"mid":"yCSS7jdYY",
"date":"2012-09-21 12:30:22"
},
{
"kids":[],
"uid":"1812962603",
"parent":"yCSOy0eXO",
"text":"为啥 啊……",
"mid":"yCSRItE0i",
"date":"2012-09-21 12:29:24"
},
{
"kids":[
"yCSSgaqwz"
],
"uid":"1508061324",
"parent":"",
"text":"一代神女已去，虽然曾经骂过、鄙视过，但这样的结局的确让人有种人生幻灭感，悲哉芙蓉，祝愿你在天国更美。",
"mid":"yCSReB1Xj",
"date":"2012-09-21 12:28:14"
},
{
"kids":[],
"uid":"tinaljm9613",
"parent":"yCQHVqSwn",
"text":"真实性？",
"mid":"yCSQZzqEI",
"date":"2012-09-21 12:27:38"
},
{
"kids":[],
"uid":"1805018644",
"parent":"",
"text":"不是吧？求真相，求辟谣啊",
"mid":"yCSQMzdGK",
"date":"2012-09-21 12:27:07"
},
{
"kids":[],
"uid":"2929039251",
"parent":"yCSOy0eXO",
"text":"这么有勇气的人会自杀？",
"mid":"yCSQl6lEs",
"date":"2012-09-21 12:26:01"
},
{
"kids":[],
"uid":"sangandrain",
"parent":"yCSOy0eXO",
"text":"真的还是假的，前几天不是还看到她陪儿子游天安门吗",
"mid":"yCSPY129q",
"date":"2012-09-21 12:25:06"
},
{
"kids":[
"yCSS7jdYY"
],
"uid":"2006653131",
"parent":"yCOD8BFNB",
"text":"@張禮LAL @周明亮_ @忠阳nicola @德新微浪 @SURE杜龙",
"mid":"yCSPHe4PX",
"date":"2012-09-21 12:24:26"
},
{
"kids":[],
"uid":"1196952590",
"parent":"yCSOy0eXO",
"text":"什么谣都可以造，这种谣不能造，咱们不能缺德啊[围观]",
"mid":"yCSPB1Nsd",
"date":"2012-09-21 12:24:10"
},
{
"kids":[
"yCUqcqdhJ",
"yCTXc5aVw",
"yCTJA9iDQ",
"yCSUcswzt",
"yCSRItE0i",
"yCSQl6lEs",
"yCSPY129q",
"yCSPB1Nsd"
],
"uid":"liaozb",
"parent":"yCSEUwmHB",
"text":"[吃惊]",
"mid":"yCSOy0eXO",
"date":"2012-09-21 12:21:36"
},
{
"kids":[],
"uid":"wonderful124",
"parent":"yCSGAwS8P",
"text":"[吃惊]",
"mid":"yCSK3DkxX",
"date":"2012-09-21 12:10:32"
},
{
"kids":[],
"uid":"2447834513",
"parent":"yCSkZmonz",
"text":"怎么情况，真假啊，芙蓉姐姐怎么个情况啊",
"mid":"yCSJX8PxG",
"date":"2012-09-21 12:10:17"
},
{
"kids":[],
"uid":"laivincent",
"parent":"",
"text":"求真？？？？",
"mid":"yCSH3vV2L",
"date":"2012-09-21 12:03:09"
},
{
"kids":[
"yCSK3DkxX"
],
"uid":"carol1024",
"parent":"yCSkZmonz",
"text":"[吃驚]",
"mid":"yCSGAwS8P",
"date":"2012-09-21 12:02:00"
},
{
"kids":[],
"uid":"honeymooncoffee",
"parent":"yCSuHhk70",
"text":"不是说第2张图片是假的么，这事到底试真是假？[思考]",
"mid":"yCSFE2bvJ",
"date":"2012-09-21 11:59:38"
},
{
"kids":[],
"uid":"336206888",
"parent":"yCSkZmonz",
"text":"",
"mid":"yCSFw1Pnc",
"date":"2012-09-21 11:59:21"
},
{
"kids":[
"yCSOy0eXO"
],
"uid":"1752122127",
"parent":"yCRBM1RsX",
"text":"[吃惊]同问",
"mid":"yCSEUwmHB",
"date":"2012-09-21 11:57:52"
},
{
"kids":[],
"uid":"1828513142",
"parent":"yCSkZmonz",
"text":"不信",
"mid":"yCSDYixBI",
"date":"2012-09-21 11:55:33"
},
{
"kids":[],
"uid":"1970672205",
"parent":"yCSuzzgLV",
"text":"",
"mid":"yCSBDvCXa",
"date":"2012-09-21 11:49:48"
},
{
"kids":[],
"uid":"1976850697",
"parent":"yCSuzzgLV",
"text":"[吃惊][吃惊]",
"mid":"yCSz4cFAc",
"date":"2012-09-21 11:43:28"
},
{
"kids":[],
"uid":"373323486",
"parent":"yCSkZmonz",
"text":"怎回事?[吃惊]",
"mid":"yCSyYCgPE",
"date":"2012-09-21 11:43:15"
},
{
"kids":[],
"uid":"todorovgoal",
"parent":"yCSkZmonz",
"text":"甭管真假，原微博博主目的达到了",
"mid":"yCSy0mbfx",
"date":"2012-09-21 11:40:51"
},
{
"kids":[
"yCTn338rz",
"yCTcuh2Ny"
],
"uid":"1400439347",
"parent":"yCRK3h5R3",
"text":"[吃惊]",
"mid":"yCSxTekcE",
"date":"2012-09-21 11:40:32"
},
{
"kids":[],
"uid":"1419517184",
"parent":"",
"text":"",
"mid":"yCSxiATsG",
"date":"2012-09-21 11:39:06"
},
{
"kids":[],
"uid":"576814080",
"parent":"yCSkZmonz",
"text":"[蜡烛]求真相",
"mid":"yCSv63nwA",
"date":"2012-09-21 11:33:41"
},
{
"kids":[
"yCSFE2bvJ"
],
"uid":"wendygemini",
"parent":"yCNu9jik1",
"text":"昨天还不信这事，看来是真的了",
"mid":"yCSuHhk70",
"date":"2012-09-21 11:32:42"
},
{
"kids":[
"yCSBDvCXa",
"yCSz4cFAc"
],
"uid":"2519146723",
"parent":"yCSkZmonz",
"text":"？？[吃惊]",
"mid":"yCSuzzgLV",
"date":"2012-09-21 11:32:23"
},
{
"kids":[],
"uid":"1660716985",
"parent":"yCSkZmonz",
"text":"真的假的啊",
"mid":"yCStlBcqc",
"date":"2012-09-21 11:29:23"
},
{
"kids":[],
"uid":"houshuai",
"parent":"yCSkZmonz",
"text":"假的吧，@芙蓉姐姐 最后一条微博是昨天下午17点20分发布的，如何在13点左右自杀？除非其他人用了芙蓉姐姐的微博",
"mid":"yCStewJ5K",
"date":"2012-09-21 11:29:05"
},
{
"kids":[],
"uid":"abeilyc",
"parent":"yCSkZmonz",
"text":"",
"mid":"yCSsX6PiB",
"date":"2012-09-21 11:28:24"
},
{
"kids":[],
"uid":"1043125715",
"parent":"",
"text":"[蜡烛]",
"mid":"yCSsteZab",
"date":"2012-09-21 11:27:13"
},
{
"kids":[],
"uid":"1768239572",
"parent":"yCSkZmonz",
"text":"肿嘛了!",
"mid":"yCSrUqbe0",
"date":"2012-09-21 11:25:49"
},
{
"kids":[],
"uid":"2850082634",
"parent":"",
"text":"[衰]不是吧",
"mid":"yCSrpm4ki",
"date":"2012-09-21 11:24:35"
},
{
"kids":[],
"uid":"572211282",
"parent":"",
"text":"@微博小秘书 请辟谣！",
"mid":"yCSrdy1t4",
"date":"2012-09-21 11:24:08"
},
{
"kids":[],
"uid":"2637436963",
"parent":"yCSkZmonz",
"text":"内心这么强大的人会走？不信",
"mid":"yCSqAfLfQ",
"date":"2012-09-21 11:22:33"
},
{
"kids":[],
"uid":"1198922655",
"parent":"yCSlSBaYH",
"text":"你们这帮带V的还有点廉耻么？整天就知道造个谣生个势，多赚点击量，良心都让猪拱了。",
"mid":"yCSqquuhV",
"date":"2012-09-21 11:22:11"
},
{
"kids":[],
"uid":"2611805407",
"parent":"yCSkZmonz",
"text":"这…",
"mid":"yCSqphJqM",
"date":"2012-09-21 11:22:08"
},
{
"kids":[],
"uid":"1971813581",
"parent":"",
"text":"真的假的？",
"mid":"yCSq5xx8b",
"date":"2012-09-21 11:21:19"
},
{
"kids":[],
"uid":"1678845725",
"parent":"",
"text":"",
"mid":"yCSpB3G78",
"date":"2012-09-21 11:20:08"
},
{
"kids":[],
"uid":"208567013",
"parent":"yCSkZmonz",
"text":"",
"mid":"yCSpy9XyN",
"date":"2012-09-21 11:20:01"
},
{
"kids":[],
"uid":"2748154823",
"parent":"yCSkZmonz",
"text":"？",
"mid":"yCSpj5EyX",
"date":"2012-09-21 11:19:25"
},
{
"kids":[],
"uid":"1159390960",
"parent":"yCSkZmonz",
"text":"泥煤，劳资还没举报过，第一次弄就说我举报太多频繁？！@微博小秘书 你这个举报是形同虚设还是名不副实啊？",
"mid":"yCSoTkscf",
"date":"2012-09-21 11:18:23"
},
{
"kids":[],
"uid":"lqy480108",
"parent":"yCSkZmonz",
"text":"还真的走了，这朵乐观自信的牵牛花。",
"mid":"yCSoj0WSh",
"date":"2012-09-21 11:16:55"
},
{
"kids":[],
"uid":"wzymeng",
"parent":"yCSkZmonz",
"text":"假的！！",
"mid":"yCSo079b6",
"date":"2012-09-21 11:16:11"
},
{
"kids":[
"yCTyPvlXy"
],
"uid":"1258714812",
"parent":"yCSkZmonz",
"text":"真的吗？昨天看到她微博上说自己要走了，以为是离开北京呢",
"mid":"yCSnqE1DU",
"date":"2012-09-21 11:14:48"
},
{
"kids":[],
"uid":"qiushoudao",
"parent":"yCSkZmonz",
"text":"右边不够严谨啊",
"mid":"yCSn3zWXh",
"date":"2012-09-21 11:13:53"
},
{
"kids":[],
"uid":"1866707664",
"parent":"yCSkZmonz",
"text":"真走了？求证实！@NBTV看看看",
"mid":"yCSn0l0vH",
"date":"2012-09-21 11:13:45"
},
{
"kids":[],
"uid":"kesoujia",
"parent":"",
"text":"求辟谣。",
"mid":"yCSmPFTWG",
"date":"2012-09-21 11:13:20"
},
{
"kids":[],
"uid":"2268871142",
"parent":"yCSkZmonz",
"text":"我觉得她不会的。求真相。",
"mid":"yCSmer12j",
"date":"2012-09-21 11:11:51"
},
{
"kids":[],
"uid":"kasychen1982",
"parent":"yCS70nXgR",
"text":"真的假的?",
"mid":"yCSm8zKh4",
"date":"2012-09-21 11:11:35"
},
{
"kids":[],
"uid":"914060517",
"parent":"yCSkZmonz",
"text":"",
"mid":"yCSm5CpeZ",
"date":"2012-09-21 11:11:30"
},
{
"kids":[],
"uid":"xiaoheib",
"parent":"",
"text":"好无聊的啊",
"mid":"yCSm5z39O",
"date":"2012-09-21 11:11:28"
},
{
"kids":[],
"uid":"723412694",
"parent":"yCSkZmonz",
"text":"",
"mid":"yCSm3gI2f",
"date":"2012-09-21 11:11:24"
},
{
"kids":[],
"uid":"2929879827",
"parent":"yCSkZmonz",
"text":"乱了！[奥特曼]",
"mid":"yCSlUD0e3",
"date":"2012-09-21 11:11:02"
},
{
"kids":[
"yCSqquuhV"
],
"uid":"1824575710",
"parent":"yCSkZmonz",
"text":"假的",
"mid":"yCSlSBaYH",
"date":"2012-09-21 11:10:59"
},
{
"kids":[],
"uid":"zzyzyy",
"parent":"",
"text":"放尼玛的屁！她要是能自杀！罗玉凤就能登上月球！",
"mid":"yCSlRo52q",
"date":"2012-09-21 11:10:56"
},
{
"kids":[],
"uid":"1796923223",
"parent":"yCSkZmonz",
"text":"",
"mid":"yCSlLf3hH",
"date":"2012-09-21 11:10:40"
},
{
"kids":[],
"uid":"ksnt",
"parent":"yCSkZmonz",
"text":"又一个“被”死",
"mid":"yCSlE8vnf",
"date":"2012-09-21 11:10:24"
},
{
"kids":[],
"uid":"monsterwenqin",
"parent":"yCSkZmonz",
"text":"什么？！！",
"mid":"yCSlgdbTz",
"date":"2012-09-21 11:09:26"
},
{
"kids":[],
"uid":"thesecondspring",
"parent":"",
"text":"",
"mid":"yCSl3cYGP",
"date":"2012-09-21 11:08:56"
},
{
"kids":[
"yCU9f4m6x",
"yCTyYm1Pq",
"yCTi1yRVg",
"yCT72sLBa",
"yCSWmhoYK",
"yCSVWidDa",
"yCSVi7PcZ",
"yCSJX8PxG",
"yCSGAwS8P",
"yCSFw1Pnc",
"yCSDYixBI",
"yCSyYCgPE",
"yCSy0mbfx",
"yCSv63nwA",
"yCSuzzgLV",
"yCStlBcqc",
"yCStewJ5K",
"yCSsX6PiB",
"yCSrUqbe0",
"yCSqAfLfQ",
"yCSqphJqM",
"yCSpy9XyN",
"yCSpj5EyX",
"yCSoTkscf",
"yCSoj0WSh",
"yCSo079b6",
"yCSnqE1DU",
"yCSn3zWXh",
"yCSn0l0vH",
"yCSmer12j",
"yCSm5CpeZ",
"yCSm3gI2f",
"yCSlUD0e3",
"yCSlSBaYH",
"yCSlLf3hH",
"yCSlE8vnf",
"yCSlgdbTz"
],
"uid":"youbaotiantiandu",
"parent":"",
"text":"回复@R罗克:假？",
"mid":"yCSkZmonz",
"date":"2012-09-21 11:08:47"
},
{
"kids":[
"yCSWxtQHc"
],
"uid":"1974194641",
"parent":"",
"text":"减肥减抑郁了吧…",
"mid":"yCSjJDOI5",
"date":"2012-09-21 11:05:42"
},
{
"kids":[],
"uid":"1769109425",
"parent":"",
"text":"",
"mid":"yCSissMFz",
"date":"2012-09-21 11:02:32"
},
{
"kids":[],
"uid":"2340685665",
"parent":"",
"text":"连生死都能拿来操，你妹的！跪了！",
"mid":"yCShus3cs",
"date":"2012-09-21 11:00:10"
},
{
"kids":[],
"uid":"2281394844",
"parent":"yCS1kskyy",
"text":"励志姐 您可不能走",
"mid":"yCSfkiN93",
"date":"2012-09-21 10:54:51"
},
{
"kids":[],
"uid":"317309666",
"parent":"",
"text":"是不是真的！！！[吃惊]",
"mid":"yCSfffymm",
"date":"2012-09-21 10:54:38"
},
{
"kids":[],
"uid":"laradreamcometrue",
"parent":"",
"text":"@yolanda燕子--",
"mid":"yCSeKycX1",
"date":"2012-09-21 10:53:25"
},
{
"kids":[],
"uid":"rebeyanan",
"parent":"",
"text":"我理解[蜡烛]",
"mid":"yCS8jll7p",
"date":"2012-09-21 10:37:33"
},
{
"kids":[
"yDGKai1Tn",
"yCSm8zKh4"
],
"uid":"pennyworld",
"parent":"yCRUDgRtg",
"text":"啊？不会吧，一个这么励志的姐以这样的方式结束了？求真相",
"mid":"yCS70nXgR",
"date":"2012-09-21 10:34:19"
},
{
"kids":[
"yCYXH6Mh5",
"yCYXGv8y7",
"yCVaT41iK",
"yCVaSsnBU"
],
"uid":"1851627425",
"parent":"yCRGr1WQn",
"text":"[吃惊]",
"mid":"yCS6odJc9",
"date":"2012-09-21 10:32:49"
},
{
"kids":[],
"uid":"1961120187",
"parent":"yCR1Uav0l",
"text":"[吃惊]",
"mid":"yCS67qRUd",
"date":"2012-09-21 10:32:09"
},
{
"kids":[],
"uid":"2790953430",
"parent":"",
"text":"不会吧！~真的假的啊？",
"mid":"yCS2J2TJG",
"date":"2012-09-21 10:23:47"
},
{
"kids":[],
"uid":"wzymeng",
"parent":"",
"text":"擦，假的，那个图片是韩国明星自杀的。@微博小秘书 ，要求关博主到小黑屋。",
"mid":"yCS22unZO",
"date":"2012-09-21 10:22:05"
},
{
"kids":[
"yCSfkiN93"
],
"uid":"milkralph",
"parent":"yCRSaej47",
"text":"这么有自信的人都走了=。=",
"mid":"yCS1kskyy",
"date":"2012-09-21 10:20:21"
},
{
"kids":[],
"uid":"1732352707",
"parent":"yCRyMqcPw",
"text":"芙蓉也买了票上船啦……",
"mid":"yCS0d2B9l",
"date":"2012-09-21 10:17:35"
},
{
"kids":[],
"uid":"2832742950",
"parent":"yCRSaej47",
"text":"终于落幕了啊 ，昨天就传出要自杀的消息了。。",
"mid":"yCS01tut2",
"date":"2012-09-21 10:17:08"
},
{
"kids":[
"yD70N2EB0"
],
"uid":"2315344177",
"parent":"yCQrFx7WW",
"text":"哎~虽然生前不看好她，但是还是祝愿她一路走好吧~",
"mid":"yCRZPk84a",
"date":"2012-09-21 10:16:39"
},
{
"kids":[],
"uid":"herons",
"parent":"",
"text":"真的假的？ @CY的海市蜃楼 @figobook",
"mid":"yCRXFuWF3",
"date":"2012-09-21 10:11:19"
},
{
"kids":[],
"uid":"1040086471",
"parent":"yCRSaej47",
"text":"真实情况到底如何请继续关注",
"mid":"yCRXB2vsG",
"date":"2012-09-21 10:11:09"
},
{
"kids":[
"yCWiLzWWk"
],
"uid":"yeshosen",
"parent":"yCRKa75Vj",
"text":"额...",
"mid":"yCRWK9QC1",
"date":"2012-09-21 10:09:03"
},
{
"kids":[],
"uid":"orz962464",
"parent":"",
"text":"肿么就死了。。。",
"mid":"yCRW7tsrM",
"date":"2012-09-21 10:07:30"
},
{
"kids":[],
"uid":"cocoaijay",
"parent":"",
"text":"不会吧？？@__Elin",
"mid":"yCRVHsJvo",
"date":"2012-09-21 10:06:28"
},
{
"kids":[],
"uid":"aprilninth",
"parent":"yCRJa2W5e",
"text":"不会吧，前两天不是说她去了加拿大吗？",
"mid":"yCRUTw0rr",
"date":"2012-09-21 10:04:30"
},
{
"kids":[],
"uid":"1792582315",
"parent":"",
"text":"昨天不是还有辟谣的呢，怎么还是死了。@丫丫要做片霸阿亲 真的假的，信不信嘛@xting1km @公子小白27 [吃惊]",
"mid":"yCRUTcLc3",
"date":"2012-09-21 10:04:29"
},
{
"kids":[
"yCUGzoPoL",
"yCS70nXgR"
],
"uid":"huqingjing",
"parent":"yCRKMaiti",
"text":"啊。。。。",
"mid":"yCRUDgRtg",
"date":"2012-09-21 10:03:50"
},
{
"kids":[],
"uid":"1859492964",
"parent":"",
"text":"那条微薄是真的……[蜡烛]",
"mid":"yCRUjs5m9",
"date":"2012-09-21 10:03:03"
},
{
"kids":[],
"uid":"2889065320",
"parent":"",
"text":"真的？",
"mid":"yCRTH4Rzr",
"date":"2012-09-21 10:01:32"
},
{
"kids":[],
"uid":"1636355505",
"parent":"",
"text":"真的假的啊？",
"mid":"yCRSQaN0U",
"date":"2012-09-21 09:59:26"
},
{
"kids":[],
"uid":"172055203",
"parent":"yCRKa75Vj",
"text":"娱乐圈真乱啊",
"mid":"yCRSHkepT",
"date":"2012-09-21 09:59:05"
},
{
"kids":[
"yCS1kskyy",
"yCS01tut2",
"yCRXB2vsG"
],
"uid":"313335808",
"parent":"yCRQlzE76",
"text":"啊，真的吗？",
"mid":"yCRSaej47",
"date":"2012-09-21 09:57:45"
},
{
"kids":[],
"uid":"1958059824",
"parent":"",
"text":"额，真的假的？",
"mid":"yCRS5arcS",
"date":"2012-09-21 09:57:34"
},
{
"kids":[],
"uid":"2056038704",
"parent":"yCNAqtRvq",
"text":"@不是围脖控 看图",
"mid":"yCRQzvlZJ",
"date":"2012-09-21 09:53:50"
},
{
"kids":[
"yCRSaej47"
],
"uid":"2277038332",
"parent":"yCRKa75Vj",
"text":"",
"mid":"yCRQlzE76",
"date":"2012-09-21 09:53:18"
},
{
"kids":[],
"uid":"wuxiaowan",
"parent":"",
"text":"？求证实",
"mid":"yCRQkr3MZ",
"date":"2012-09-21 09:53:16"
},
{
"kids":[],
"uid":"1768114512",
"parent":"yCRqlogUC",
"text":"我去，骗人的吧",
"mid":"yCRPSmkwT",
"date":"2012-09-21 09:52:08"
},
{
"kids":[
"yCTcrBjb4"
],
"uid":"1908642383",
"parent":"yCRii2eXU",
"text":"不要把，感觉她比凤姐好多了，简直就是女神级别了",
"mid":"yCRPl0xFc",
"date":"2012-09-21 09:50:47"
},
{
"kids":[],
"uid":"2698812702",
"parent":"",
"text":"是不是真的啊？",
"mid":"yCROaB5mD",
"date":"2012-09-21 09:47:56"
},
{
"kids":[],
"uid":"ojjoy",
"parent":"yCR79twZB",
"text":"人生高这样，短暂，能疯狂一时足已",
"mid":"yCRNR6zx4",
"date":"2012-09-21 09:47:09"
},
{
"kids":[],
"uid":"1932223345",
"parent":"",
"text":"鸭梨山大",
"mid":"yCRMJ5Gtk",
"date":"2012-09-21 09:44:22"
},
{
"kids":[],
"uid":"hkihk",
"parent":"yCRKa75Vj",
"text":"前几天不只是说退出演艺圈的啊 [失望]",
"mid":"yCRLO1Uaj",
"date":"2012-09-21 09:42:05"
},
{
"kids":[],
"uid":"2279279670",
"parent":"yCRK3h5R3",
"text":"[吃惊][吃惊][吃惊]什么?励志姐死了?",
"mid":"yCRLxui1t",
"date":"2012-09-21 09:41:27"
},
{
"kids":[],
"uid":"2607048235",
"parent":"yCRa1mmr0",
"text":"阿尼哦~~",
"mid":"yCRLb2Std",
"date":"2012-09-21 09:40:33"
},
{
"kids":[
"yCRUDgRtg"
],
"uid":"2101543311",
"parent":"yCRK3h5R3",
"text":"真的假的？",
"mid":"yCRKMaiti",
"date":"2012-09-21 09:39:34"
},
{
"kids":[
"yCRWK9QC1",
"yCRSHkepT",
"yCRQlzE76",
"yCRLO1Uaj"
],
"uid":"crystalptt",
"parent":"yCREAEzWX",
"text":"@P大皮高",
"mid":"yCRKa75Vj",
"date":"2012-09-21 09:38:02"
},
{
"kids":[
"yCSxTekcE",
"yCRLxui1t",
"yCRKMaiti"
],
"uid":"1404269842",
"parent":"yCRyMqcPw",
"text":"[吃惊]",
"mid":"yCRK3h5R3",
"date":"2012-09-21 09:37:46"
},
{
"kids":[
"yCTzChebG"
],
"uid":"2135265914",
"parent":"yCRskDD5A",
"text":"?",
"mid":"yCRJHpn6u",
"date":"2012-09-21 09:36:55"
},
{
"kids":[],
"uid":"1461258804",
"parent":"",
"text":"[吃惊][蜡烛]",
"mid":"yCRJub2Pn",
"date":"2012-09-21 09:36:22"
},
{
"kids":[
"yCRUTw0rr"
],
"uid":"bigjack",
"parent":"yCRGr1WQn",
"text":"可惜，一直觉得她是一个很励志的例子。",
"mid":"yCRJa2W5e",
"date":"2012-09-21 09:35:35"
},
{
"kids":[
"yCUGu7NGH"
],
"uid":"oys839",
"parent":"yCRGr1WQn",
"text":"",
"mid":"yCRJ9rNy3",
"date":"2012-09-21 09:35:34"
},
{
"kids":[],
"uid":"geyikang",
"parent":"yCR1qxJdw",
"text":"人才又没有留住。",
"mid":"yCRHDaW5j",
"date":"2012-09-21 09:31:48"
},
{
"kids":[],
"uid":"1902985074",
"parent":"",
"text":"真的吗？好不容易走出了一条路，就放弃了，可惜！也许她有不得已的苦衷，让我们尊重她的选择，逝者安息！",
"mid":"yCRHzDAnQ",
"date":"2012-09-21 09:31:40"
},
{
"kids":[],
"uid":"vikkichuh",
"parent":"",
"text":"以芙蓉这么强大的抗击打能力，是怎样的稻草压垮了她啊……但愿是个假新闻，如果不是，愿逝者安息",
"mid":"yCRHsePvb",
"date":"2012-09-21 09:31:23"
},
{
"kids":[],
"uid":"1871540647",
"parent":"yCRcrtzyA",
"text":"啊？真假？",
"mid":"yCRGrzcPO",
"date":"2012-09-21 09:28:55"
},
{
"kids":[
"yCS6odJc9",
"yCRJa2W5e",
"yCRJ9rNy3"
],
"uid":"liulaichao",
"parent":"yCRyMqcPw",
"text":"一个单亲妈妈，为生存，竭力扭曲自已的身体与精神。中国多了些围观嘲弄，少了些尊重认同。",
"mid":"yCRGr1WQn",
"date":"2012-09-21 09:28:52"
},
{
"kids":[],
"uid":"1227046287",
"parent":"",
"text":"真的假的！?",
"mid":"yCRGq8HF7",
"date":"2012-09-21 09:28:49"
},
{
"kids":[],
"uid":"2670945327",
"parent":"",
"text":"真滴假滴",
"mid":"yCRGnr2Mk",
"date":"2012-09-21 09:28:43"
},
{
"kids":[
"yCRKa75Vj"
],
"uid":"sarafu",
"parent":"yCRl90Smo",
"text":"不是救回来了吗？据说状态很不好，，，",
"mid":"yCREAEzWX",
"date":"2012-09-21 09:24:20"
},
{
"kids":[],
"uid":"2127315640",
"parent":"yCRyMqcPw",
"text":"呃，震惊",
"mid":"yCREc8uPd",
"date":"2012-09-21 09:23:20"
},
{
"kids":[],
"uid":"315875666",
"parent":"",
"text":"[蜡烛][蜡烛][蜡烛]",
"mid":"yCRE47kmr",
"date":"2012-09-21 09:23:02"
},
{
"kids":[],
"uid":"1975048152",
"parent":"",
"text":"惊讶。。。人怎么就这么没了",
"mid":"yCRDF3aa0",
"date":"2012-09-21 09:22:02"
},
{
"kids":[],
"uid":"sliencesummer",
"parent":"yCOYHsYcs",
"text":"芙蓉姐姐到底咋回事呀？",
"mid":"yCRDr984Z",
"date":"2012-09-21 09:21:28"
},
{
"kids":[],
"uid":"acc128",
"parent":"yCRBM1RsX",
"text":"人家经纪人还没做最后回应的~下面那张图是某韩星自杀后抬出来的图~",
"mid":"yCRDfzXgS",
"date":"2012-09-21 09:21:01"
},
{
"kids":[],
"uid":"1253692935",
"parent":"yCR9rBRxO",
"text":"这是真的吗？",
"mid":"yCRDa0JZc",
"date":"2012-09-21 09:20:48"
},
{
"kids":[],
"uid":"1828470865",
"parent":"yCRtted8A",
"text":"真的假的",
"mid":"yCRBVbtGk",
"date":"2012-09-21 09:17:45"
},
{
"kids":[],
"uid":"1768148194",
"parent":"yCRvsdAkU",
"text":"真的假的???!!!!",
"mid":"yCRBSe8QK",
"date":"2012-09-21 09:17:38"
},
{
"kids":[
"yCSEUwmHB",
"yCRDfzXgS"
],
"uid":"ls2929",
"parent":"yCRyMqcPw",
"text":"真的假的？",
"mid":"yCRBM1RsX",
"date":"2012-09-21 09:17:23"
},
{
"kids":[],
"uid":"1781070591",
"parent":"",
"text":"厄''原来那天她微薄说再见这个世界是真的",
"mid":"yCRBw4kfp",
"date":"2012-09-21 09:16:45"
},
{
"kids":[],
"uid":"2258582873",
"parent":"yCQXRxkLZ",
"text":"姐姐走了，你娶她没有希望了 [泪]",
"mid":"yCRBglTAT",
"date":"2012-09-21 09:16:07"
},
{
"kids":[],
"uid":"2257484005",
"parent":"yCQoFB7Y5",
"text":"可惜了",
"mid":"yCRARygpj",
"date":"2012-09-21 09:15:08"
},
{
"kids":[],
"uid":"101170101",
"parent":"yCRqlogUC",
"text":"这是假的[汗][汗]",
"mid":"yCRAd6Ulm",
"date":"2012-09-21 09:13:31"
},
{
"kids":[],
"uid":"1279074955",
"parent":"",
"text":"啊!真死啦[汗]",
"mid":"yCRAcapVu",
"date":"2012-09-21 09:13:30"
},
{
"kids":[],
"uid":"2352806132",
"parent":"",
"text":"吾昨日夜观天象，见芙蓉星西坠！便知今日有此一劫，哎，天命矣@遥远的啊富 ，阿富，你心目中的女生二去其一，吾劝你好好把握凤姊姊！！！",
"mid":"yCRzYBPbh",
"date":"2012-09-21 09:12:58"
},
{
"kids":[],
"uid":"1792455035",
"parent":"yCRl90Smo",
"text":"",
"mid":"yCRzAFwJI",
"date":"2012-09-21 09:12:01"
},
{
"kids":[],
"uid":"1986473047",
"parent":"yCRjmf8pn",
"text":"@傅傅03 @黄秀珍在线 @陈璐1209 @凮残淩度-lq @厦门新景祥林爱珍 我们昨天中午还在聊着这事，就真的发生了。[闭嘴]@胡锦红在线: 不是吧？昨天中午吃饭的时候我们饭团还聊到她呢[吃惊][吃惊][吃惊。",
"mid":"yCRzxrf3F",
"date":"2012-09-21 09:11:53"
},
{
"kids":[],
"uid":"panhelin",
"parent":"yCRyMqcPw",
"text":"真的吗?什么原因?",
"mid":"yCRzht3C5",
"date":"2012-09-21 09:11:16"
},
{
"kids":[
"yCS0d2B9l",
"yCRK3h5R3",
"yCRGr1WQn",
"yCREc8uPd",
"yCRBM1RsX",
"yCRzht3C5"
],
"uid":"1916882503",
"parent":"",
"text":"[吃惊]",
"mid":"yCRyMqcPw",
"date":"2012-09-21 09:10:01"
},
{
"kids":[],
"uid":"1682853654",
"parent":"yCR7tAeop",
"text":"不会吧？那么自信的一个人会自杀？装出来的？",
"mid":"yCRyC6MxT",
"date":"2012-09-21 09:09:36"
},
{
"kids":[],
"uid":"qinbaolong",
"parent":"yCRmu6B39",
"text":"不是辟过谣了吗！到底是真是假啊",
"mid":"yCRy7DkKn",
"date":"2012-09-21 09:08:24"
},
{
"kids":[],
"uid":"1053681944",
"parent":"yCQP7kNHp",
"text":"[吃惊]",
"mid":"yCRy3uvhK",
"date":"2012-09-21 09:08:14"
},
{
"kids":[],
"uid":"1818322092",
"parent":"",
"text":"是谣言，姐姐她在录制新歌呢",
"mid":"yCRxBsBJd",
"date":"2012-09-21 09:07:07"
},
{
"kids":[],
"uid":"2084650531",
"parent":"",
"text":"假的吧。",
"mid":"yCRwgo1at",
"date":"2012-09-21 09:03:48"
},
{
"kids":[],
"uid":"yufeng891106",
"parent":"",
"text":"擦！我的女神",
"mid":"yCRvPcVka",
"date":"2012-09-21 09:02:44"
},
{
"kids":[],
"uid":"2019439545",
"parent":"",
"text":"真的吗?",
"mid":"yCRvFrIx0",
"date":"2012-09-21 09:02:20"
},
{
"kids":[],
"uid":"2616712397",
"parent":"",
"text":"上帝呀，把凤姐也带走吧",
"mid":"yCRvz1v6c",
"date":"2012-09-21 09:02:05"
},
{
"kids":[
"yCRBSe8QK"
],
"uid":"ymlovesj13",
"parent":"yCRhP5Nim",
"text":"假的吧[衰]",
"mid":"yCRvsdAkU",
"date":"2012-09-21 09:01:48"
},
{
"kids":[],
"uid":"1863638790",
"parent":"yCRl90Smo",
"text":"很难相信。。。",
"mid":"yCRvpw1OF",
"date":"2012-09-21 09:01:42"
},
{
"kids":[],
"uid":"1774736627",
"parent":"yCQT4AYL7",
"text":"不是去加拿大了么",
"mid":"yCRvntLhV",
"date":"2012-09-21 09:01:38"
},
{
"kids":[],
"uid":"2861974030",
"parent":"",
"text":"",
"mid":"yCRv7vvRq",
"date":"2012-09-21 09:01:00"
},
{
"kids":[],
"uid":"1100438610",
"parent":"",
"text":"真的假的啊。。",
"mid":"yCRv2rl9L",
"date":"2012-09-21 09:00:48"
},
{
"kids":[],
"uid":"1938792211",
"parent":"",
"text":"[蜡烛]",
"mid":"yCRuB200f",
"date":"2012-09-21 08:59:41"
},
{
"kids":[],
"uid":"1259983947",
"parent":"yCRre57oR",
"text":"真的吗",
"mid":"yCRtD2w4Q",
"date":"2012-09-21 08:57:19"
},
{
"kids":[
"yCRBVbtGk"
],
"uid":"gaoshan1014",
"parent":"yCP24kOF4",
"text":"[蜡烛]",
"mid":"yCRtted8A",
"date":"2012-09-21 08:56:55"
},
{
"kids":[],
"uid":"raysvjq",
"parent":"yCOJPxgy2",
"text":"[吃惊]",
"mid":"yCRt9aOIJ",
"date":"2012-09-21 08:56:08"
},
{
"kids":[
"yCRJHpn6u"
],
"uid":"2133483014",
"parent":"yCRbJa59d",
"text":"这个...",
"mid":"yCRskDD5A",
"date":"2012-09-21 08:54:07"
},
{
"kids":[],
"uid":"2338092364",
"parent":"yCNXLbHVu",
"text":"[神马]",
"mid":"yCRrH3SVE",
"date":"2012-09-21 08:52:33"
},
{
"kids":[],
"uid":"2121304485",
"parent":"yCQLgzSib",
"text":"[蜡烛]虽没喜欢过，可还是很心痛。。",
"mid":"yCRrr6mOB",
"date":"2012-09-21 08:51:54"
},
{
"kids":[
"yCRtD2w4Q"
],
"uid":"1826160600",
"parent":"yCQrb5MdW",
"text":"[吃惊]",
"mid":"yCRre57oR",
"date":"2012-09-21 08:51:24"
},
{
"kids":[],
"uid":"2106789742",
"parent":"",
"text":"真的？假的？[吃惊][吃惊][吃惊][吃惊]",
"mid":"yCRr67qEN",
"date":"2012-09-21 08:51:04"
},
{
"kids":[],
"uid":"1879950565",
"parent":"yCR7tAeop",
"text":"为什么？",
"mid":"yCRr2gQKv",
"date":"2012-09-21 08:50:55"
},
{
"kids":[],
"uid":"1798185075",
"parent":"yCOIilpkB",
"text":"是真的吗",
"mid":"yCRqt6198",
"date":"2012-09-21 08:49:31"
},
{
"kids":[
"yCRPSmkwT",
"yCRAd6Ulm"
],
"uid":"yangmaybe",
"parent":"",
"text":"真假=-=[蜡烛]",
"mid":"yCRqlogUC",
"date":"2012-09-21 08:49:14"
},
{
"kids":[],
"uid":"1847444155",
"parent":"",
"text":"@Annesu舒",
"mid":"yCRpyFRRa",
"date":"2012-09-21 08:47:18"
},
{
"kids":[],
"uid":"jecyyu",
"parent":"yCQod1rgY",
"text":"真的假的",
"mid":"yCRpex59F",
"date":"2012-09-21 08:46:30"
},
{
"kids":[],
"uid":"mrshyukhae04041015",
"parent":"",
"text":"天啦~~她真的走了。。我还以为她隐退了[蜡烛]",
"mid":"yCRoy2ikh",
"date":"2012-09-21 08:44:48"
},
{
"kids":[],
"uid":"longus",
"parent":"",
"text":"真心难过！",
"mid":"yCRnTxIBb",
"date":"2012-09-21 08:43:12"
},
{
"kids":[],
"uid":"2118510180",
"parent":"",
"text":"???",
"mid":"yCRnICJF8",
"date":"2012-09-21 08:42:46"
},
{
"kids":[],
"uid":"1820630453",
"parent":"",
"text":"[吃惊][吃惊]",
"mid":"yCRndAYsQ",
"date":"2012-09-21 08:41:32"
},
{
"kids":[],
"uid":"xiaojingwansui",
"parent":"yCRl90Smo",
"text":"[失望]",
"mid":"yCRn25GEd",
"date":"2012-09-21 08:41:04"
},
{
"kids":[
"yCRy7DkKn"
],
"uid":"ziyanmenling",
"parent":"",
"text":"[吃惊][泪]",
"mid":"yCRmu6B39",
"date":"2012-09-21 08:39:42"
},
{
"kids":[
"yCREAEzWX",
"yCRzAFwJI",
"yCRvpw1OF",
"yCRn25GEd"
],
"uid":"1886650054",
"parent":"yCR0Dgqkk",
"text":"[吃惊][吃惊]",
"mid":"yCRl90Smo",
"date":"2012-09-21 08:36:25"
},
{
"kids":[],
"uid":"1765671372",
"parent":"",
"text":"大早上的这闹的是哪出啊，不会吧",
"mid":"yCRkZ0scH",
"date":"2012-09-21 08:36:01"
},
{
"kids":[],
"uid":"1782084343",
"parent":"",
"text":"不是吧？",
"mid":"yCRkpvUbJ",
"date":"2012-09-21 08:34:37"
},
{
"kids":[],
"uid":"2399787044",
"parent":"",
"text":"@开半天猪耳朵 原来她爱的是陶指导!",
"mid":"yCRkjkdUT",
"date":"2012-09-21 08:34:22"
},
{
"kids":[],
"uid":"freewasteland",
"parent":"yCRiecSG4",
"text":"@wangjue_cx",
"mid":"yCRk4zyOL",
"date":"2012-09-21 08:33:48"
},
{
"kids":[
"yCRzxrf3F"
],
"uid":"yamla",
"parent":"yCR6X30A1",
"text":"不是吧？昨天中午吃饭的时候我们饭团还聊到她呢[吃惊][吃惊][吃惊]",
"mid":"yCRjmf8pn",
"date":"2012-09-21 08:32:00"
},
{
"kids":[],
"uid":"1457015562",
"parent":"yCOerFkJm",
"text":"",
"mid":"yCRiJweNd",
"date":"2012-09-21 08:30:28"
},
{
"kids":[],
"uid":"2798521943",
"parent":"yCR9XdoWe",
"text":"假的！",
"mid":"yCRiI1U8a",
"date":"2012-09-21 08:30:25"
},
{
"kids":[
"yCRPl0xFc"
],
"uid":"zhanch",
"parent":"yCOoYbHtc",
"text":"真的死了",
"mid":"yCRii2eXU",
"date":"2012-09-21 08:29:23"
},
{
"kids":[
"yCRk4zyOL"
],
"uid":"freewasteland",
"parent":"yCQJdboSF",
"text":"是真的还是假的，当大家对他的印象开始转变时",
"mid":"yCRiecSG4",
"date":"2012-09-21 08:29:13"
},
{
"kids":[],
"uid":"1747873101",
"parent":"yCRcrtzyA",
"text":"天啊，不会吧。。@赵女女找到了北",
"mid":"yCRi7FoLb",
"date":"2012-09-21 08:28:58"
},
{
"kids":[
"yCRvsdAkU"
],
"uid":"bibao13",
"parent":"",
"text":"OMG~是真是假啊？[蠟燭]",
"mid":"yCRhP5Nim",
"date":"2012-09-21 08:28:14"
},
{
"kids":[],
"uid":"2846923815",
"parent":"yCR79twZB",
"text":"",
"mid":"yCRgW9Qa3",
"date":"2012-09-21 08:26:02"
},
{
"kids":[],
"uid":"leidenmedia",
"parent":"yCR0Dgqkk",
"text":"",
"mid":"yCRfKyE5h",
"date":"2012-09-21 08:23:07"
},
{
"kids":[],
"uid":"fannylinfy",
"parent":"yCQrGp0Bh",
"text":"天哪![蜡烛]",
"mid":"yCRfDt8VF",
"date":"2012-09-21 08:22:51"
},
{
"kids":[],
"uid":"1799537095",
"parent":"yCRcrtzyA",
"text":"[吃惊]",
"mid":"yCRdmuwtn",
"date":"2012-09-21 08:17:15"
},
{
"kids":[],
"uid":"518221222",
"parent":"",
"text":"昨晚就看到这个消息了~·[蜡烛]",
"mid":"yCRdhbfVc",
"date":"2012-09-21 08:17:02"
},
{
"kids":[
"yCRGrzcPO",
"yCRi7FoLb",
"yCRdmuwtn"
],
"uid":"amamiyuki",
"parent":"",
"text":"为什么？",
"mid":"yCRcrtzyA",
"date":"2012-09-21 08:14:59"
},
{
"kids":[
"yCRskDD5A"
],
"uid":"zhuxichun",
"parent":"",
"text":"不会吧？",
"mid":"yCRbJa59d",
"date":"2012-09-21 08:13:13"
},
{
"kids":[],
"uid":"1097522717",
"parent":"yCR9rBRxO",
"text":"真的假的",
"mid":"yCRbcCuKY",
"date":"2012-09-21 08:11:56"
},
{
"kids":[],
"uid":"1748419660",
"parent":"",
"text":"不可能吧？",
"mid":"yCRb2y34x",
"date":"2012-09-21 08:11:32"
},
{
"kids":[],
"uid":"2268771175",
"parent":"yCQjZcGcy",
"text":"求证，这是真的吗?求真相。",
"mid":"yCRaj7lrT",
"date":"2012-09-21 08:09:43"
},
{
"kids":[
"yCRLb2Std"
],
"uid":"qieqieying",
"parent":"",
"text":"纳尼。。。。。",
"mid":"yCRa1mmr0",
"date":"2012-09-21 08:09:01"
},
{
"kids":[
"yCRiI1U8a"
],
"uid":"waj66",
"parent":"yCR7tAeop",
"text":"说走咱就走啊 ！",
"mid":"yCR9XdoWe",
"date":"2012-09-21 08:08:50"
},
{
"kids":[
"yCRDa0JZc",
"yCRbcCuKY"
],
"uid":"1776600451",
"parent":"yCNLD7XgO",
"text":"呃",
"mid":"yCR9rBRxO",
"date":"2012-09-21 08:07:36"
},
{
"kids":[],
"uid":"cici851101",
"parent":"yCNDThKb8",
"text":"不是表现给大众的就是她本身的样子，在现在的社会自杀太正常了，只是有没勇气的问题",
"mid":"yCR8Uetby",
"date":"2012-09-21 08:06:16"
},
{
"kids":[],
"uid":"2593881652",
"parent":"yCQLanted",
"text":"",
"mid":"yCR8OiMeV",
"date":"2012-09-21 08:06:02"
},
{
"kids":[],
"uid":"1405760973",
"parent":"",
"text":"我老婆评论:怎么可能，全国人民都死光了，她和凤姐都不带死的。",
"mid":"yCR8htuCd",
"date":"2012-09-21 08:04:43"
},
{
"kids":[
"yCRyC6MxT",
"yCRr2gQKv",
"yCR9XdoWe"
],
"uid":"2042605695",
"parent":"yCNDThKb8",
"text":"[吃惊]不是吧，有点突然",
"mid":"yCR7tAeop",
"date":"2012-09-21 08:02:44"
},
{
"kids":[
"yCRNR6zx4",
"yCRgW9Qa3"
],
"uid":"2798668700",
"parent":"yCP24kOF4",
"text":"",
"mid":"yCR79twZB",
"date":"2012-09-21 08:01:56"
},
{
"kids":[
"yCRjmf8pn"
],
"uid":"2190853744",
"parent":"yCP24kOF4",
"text":"真的？如果是真的，可能就是一个人把自己伪装得越强大越自信，其实他的内心是越脆弱越自卑。",
"mid":"yCR6X30A1",
"date":"2012-09-21 08:01:27"
},
{
"kids":[],
"uid":"kikingdom",
"parent":"",
"text":"really?",
"mid":"yCR6pFbGf",
"date":"2012-09-21 08:00:08"
},
{
"kids":[],
"uid":"1863551193",
"parent":"yCQK75dEY",
"text":"不……会……吧……",
"mid":"yCR69q714",
"date":"2012-09-21 07:59:29"
},
{
"kids":[],
"uid":"1068744604",
"parent":"",
"text":"信不信[吃惊]",
"mid":"yCR5AhjQj",
"date":"2012-09-21 07:58:05"
},
{
"kids":[],
"uid":"322825252",
"parent":"",
"text":"我不信！",
"mid":"yCR5jqBKT",
"date":"2012-09-21 07:57:24"
},
{
"kids":[],
"uid":"2679543555",
"parent":"",
"text":"如果别去美国,以其心理素质能长命百岁.人人的向往的通向天堂捷径.",
"mid":"yCR4XezcA",
"date":"2012-09-21 07:56:32"
},
{
"kids":[],
"uid":"2294338830",
"parent":"yCNINCFd0",
"text":"再也不信爱情了",
"mid":"yCR4WmyZU",
"date":"2012-09-21 07:56:30"
},
{
"kids":[],
"uid":"2239196523",
"parent":"yCQ1qvHz3",
"text":"要马上证实。。",
"mid":"yCR4Irs3L",
"date":"2012-09-21 07:55:57"
},
{
"kids":[],
"uid":"1152613527",
"parent":"yCQEDykel",
"text":"",
"mid":"yCR4mkxn9",
"date":"2012-09-21 07:55:03"
},
{
"kids":[],
"uid":"1579015245",
"parent":"",
"text":"假的！下面的图是韩国什么明星的图！个人认为这是赤裸裸的炒作！一个不惜践踏尊严来出名的人内心是多么的强大，怎么可能突然自杀",
"mid":"yCR4ff2NG",
"date":"2012-09-21 07:54:47"
},
{
"kids":[],
"uid":"1094829605",
"parent":"",
"text":"真的啊？好突然！一路走好～",
"mid":"yCR3SuMsX",
"date":"2012-09-21 07:53:52"
},
{
"kids":[],
"uid":"1937908561",
"parent":"",
"text":"真的？假的？",
"mid":"yCR3MA8bQ",
"date":"2012-09-21 07:53:39"
},
{
"kids":[],
"uid":"572233018",
"parent":"",
"text":"@微博客服 @微博搜索 这个人散布谣言大家不要相信他",
"mid":"yCR2F8ymR",
"date":"2012-09-21 07:50:53"
},
{
"kids":[],
"uid":"2320746801",
"parent":"yCOBjcNji",
"text":"[吃惊][蜡烛]",
"mid":"yCR2ptNct",
"date":"2012-09-21 07:50:15"
},
{
"kids":[
"yCS67qRUd"
],
"uid":"1867007905",
"parent":"",
"text":"真的假的？",
"mid":"yCR1Uav0l",
"date":"2012-09-21 07:49:01"
},
{
"kids":[],
"uid":"zhouzhoudsl",
"parent":"",
"text":"只有出现这种不知是不是谣言的谣言的时候我们才知道我们有多么爱戴她。即使她真歇菜了看看评论也放心了哈哈哈哈",
"mid":"yCR1SFCj3",
"date":"2012-09-21 07:48:58"
},
{
"kids":[
"yCRHDaW5j"
],
"uid":"1991491833",
"parent":"yCQTfx1SD",
"text":"",
"mid":"yCR1qxJdw",
"date":"2012-09-21 07:47:51"
},
{
"kids":[],
"uid":"1272672084",
"parent":"",
"text":"",
"mid":"yCR0GcCvv",
"date":"2012-09-21 07:46:00"
},
{
"kids":[
"yCRl90Smo",
"yCRfKyE5h"
],
"uid":"fm913",
"parent":"yCNWR56p5",
"text":"[吃惊][吃惊]",
"mid":"yCR0Dgqkk",
"date":"2012-09-21 07:45:53"
},
{
"kids":[],
"uid":"dtyt",
"parent":"yCOIilpkB",
"text":"天，原来是真的啊。。。",
"mid":"yCR0cDmYQ",
"date":"2012-09-21 07:44:50"
},
{
"kids":[],
"uid":"lipingjiang",
"parent":"",
"text":"真假的？",
"mid":"yCQZxA0t4",
"date":"2012-09-21 07:43:11"
},
{
"kids":[],
"uid":"1574458911",
"parent":"yCQESjCY7",
"text":"不是吧。。。",
"mid":"yCQZ2v2Sb",
"date":"2012-09-21 07:41:58"
},
{
"kids":[],
"uid":"2262408504",
"parent":"",
"text":"今天的大消息，只是这是真的吗？",
"mid":"yCQY7eIjI",
"date":"2012-09-21 07:39:41"
},
{
"kids":[],
"uid":"2212142611",
"parent":"",
"text":"太惊讶了。蜡烛",
"mid":"yCQXRyQMs",
"date":"2012-09-21 07:39:03"
},
{
"kids":[
"yCRBglTAT"
],
"uid":"2141667513",
"parent":"",
"text":"一代妖邪就此陨落！",
"mid":"yCQXRxkLZ",
"date":"2012-09-21 07:39:04"
},
{
"kids":[],
"uid":"im788",
"parent":"",
"text":"不大可能。",
"mid":"yCQXK8Fwz",
"date":"2012-09-21 07:38:46"
},
{
"kids":[],
"uid":"1809124353",
"parent":"yCPt0tQMM",
"text":"[吃惊][吃惊]",
"mid":"yCQXg4tv6",
"date":"2012-09-21 07:37:34"
},
{
"kids":[],
"uid":"yeqqs",
"parent":"",
"text":"真的？？？？",
"mid":"yCQUU5F5T",
"date":"2012-09-21 07:31:45"
},
{
"kids":[],
"uid":"2095749695",
"parent":"yCQGUcJ6p",
"text":"[蜡烛][蜡烛][蜡烛]",
"mid":"yCQTGFnvh",
"date":"2012-09-21 07:28:46"
},
{
"kids":[
"yCR1qxJdw"
],
"uid":"2426449161",
"parent":"",
"text":"何必呢？都是出来混的……这么早就还何必呢？",
"mid":"yCQTfx1SD",
"date":"2012-09-21 07:27:41"
},
{
"kids":[],
"uid":"11hehuaer",
"parent":"yCQRI7qHj",
"text":"真的吗？",
"mid":"yCQT9kMFT",
"date":"2012-09-21 07:27:26"
},
{
"kids":[
"yCRvntLhV"
],
"uid":"2505854912",
"parent":"yCNXhjPjm",
"text":"@大黄小黄都是黄",
"mid":"yCQT4AYL7",
"date":"2012-09-21 07:27:15"
},
{
"kids":[],
"uid":"2631160831",
"parent":"",
"text":"之前新闻已经报道她失踪10小时了，还在微博上发永别了这个世界...应该是真的",
"mid":"yCQSWB36c",
"date":"2012-09-21 07:26:57"
},
{
"kids":[
"yCQT9kMFT"
],
"uid":"2505854912",
"parent":"yCNXhjPjm",
"text":"不相信",
"mid":"yCQRI7qHj",
"date":"2012-09-21 07:23:53"
},
{
"kids":[],
"uid":"1762271384",
"parent":"",
"text":"真的假的？之前好像有说要自杀。。大家都以为使炒作",
"mid":"yCQQhaAbo",
"date":"2012-09-21 07:20:22"
},
{
"kids":[],
"uid":"pipichaamy",
"parent":"",
"text":"真的？假的？",
"mid":"yCQPZ5x2q",
"date":"2012-09-21 07:19:38"
},
{
"kids":[],
"uid":"1906566995",
"parent":"yCOqlh0AL",
"text":"@酉告马户 心碎了",
"mid":"yCQPh7eTt",
"date":"2012-09-21 07:17:53"
},
{
"kids":[
"yCRy3uvhK"
],
"uid":"1898292357",
"parent":"",
"text":"啊？一早就听到一个那么励志的人离开！前阵子还看到她新闻的啊。[吃惊][蜡烛]",
"mid":"yCQP7kNHp",
"date":"2012-09-21 07:17:30"
},
{
"kids":[],
"uid":"1395919444",
"parent":"",
"text":"啊~~~~~",
"mid":"yCQNDagGf",
"date":"2012-09-21 07:13:50"
},
{
"kids":[],
"uid":"2035106682",
"parent":"yCQLN3ibu",
"text":"八卦一下，不问真假。",
"mid":"yCQNbDqAp",
"date":"2012-09-21 07:12:45"
},
{
"kids":[],
"uid":"1824103087",
"parent":"yCQmgFkUr",
"text":"啊？！没想到这样心性的女人会选这条路？",
"mid":"yCQMl49t1",
"date":"2012-09-21 07:10:40"
},
{
"kids":[
"yCQNbDqAp"
],
"uid":"1937887744",
"parent":"yCOXteJCp",
"text":"@cooky_静 这就是芙蓉姐姐",
"mid":"yCQLN3ibu",
"date":"2012-09-21 07:09:19"
},
{
"kids":[],
"uid":"80monkeytang",
"parent":"",
"text":"谣言止于智者，未经证实就急着转发未免体现出认知上的缺陷和不足",
"mid":"yCQLJxiEl",
"date":"2012-09-21 07:09:11"
},
{
"kids":[
"yCRrr6mOB"
],
"uid":"1935119663",
"parent":"",
"text":"真的假的   我一直觉得你还满励志  结果你怎么选了这条路  唉   真真的可惜了[蜡烛]",
"mid":"yCQLgzSib",
"date":"2012-09-21 07:08:02"
},
{
"kids":[
"yCR8OiMeV"
],
"uid":"2271039265",
"parent":"yCOfEtDcu",
"text":"不会吧？",
"mid":"yCQLanted",
"date":"2012-09-21 07:07:47"
},
{
"kids":[],
"uid":"415170386",
"parent":"yCO9s2mP2",
"text":"",
"mid":"yCQKNkx6s",
"date":"2012-09-21 07:06:52"
},
{
"kids":[],
"uid":"imlzj",
"parent":"yCOHQBt9y",
"text":"[吃惊][蜡烛]把勇气都拿来自杀了…",
"mid":"yCQKMaXhn",
"date":"2012-09-21 07:06:48"
},
{
"kids":[],
"uid":"2080000095",
"parent":"yCP0G5D5c",
"text":"真死啦？",
"mid":"yCQKv2Fly",
"date":"2012-09-21 07:06:08"
},
{
"kids":[],
"uid":"1093014077",
"parent":"",
"text":"",
"mid":"yCQKnD8Jv",
"date":"2012-09-21 07:05:51"
},
{
"kids":[
"yCR69q714"
],
"uid":"alwaysbejoy",
"parent":"",
"text":"不是吧！！！",
"mid":"yCQK75dEY",
"date":"2012-09-21 07:05:10"
},
{
"kids":[
"yCRiecSG4"
],
"uid":"fangguoping",
"parent":"yCQBXtPtd",
"text":"娱乐头版～～～芙蓉姐姐自杀！！[思考]",
"mid":"yCQJdboSF",
"date":"2012-09-21 07:02:58"
},
{
"kids":[],
"uid":"2032075420",
"parent":"",
"text":"",
"mid":"yCQICzqL1",
"date":"2012-09-21 07:01:30"
},
{
"kids":[
"yCSQZzqEI"
],
"uid":"2279271232",
"parent":"",
"text":"卧槽",
"mid":"yCQHVqSwn",
"date":"2012-09-21 06:59:48"
},
{
"kids":[],
"uid":"2043346401",
"parent":"yCOz93gNY",
"text":"真的啊？[蜡烛]",
"mid":"yCQHirN0V",
"date":"2012-09-21 06:58:15"
},
{
"kids":[
"yCT2ukoEq",
"yCQTGFnvh"
],
"uid":"mxq001",
"parent":"",
"text":"该走的没走。一路走好，妳！[蜡烛]",
"mid":"yCQGUcJ6p",
"date":"2012-09-21 06:57:17"
},
{
"kids":[],
"uid":"leilin53",
"parent":"",
"text":"励志女神啊，皈依神位了么？",
"mid":"yCQFflft8",
"date":"2012-09-21 06:53:12"
},
{
"kids":[
"yCQZ2v2Sb"
],
"uid":"strauberry",
"parent":"",
"text":"假的吧[衰]",
"mid":"yCQESjCY7",
"date":"2012-09-21 06:52:16"
},
{
"kids":[
"yCR4mkxn9"
],
"uid":"2661987033",
"parent":"",
"text":"不会吧？？？[悲伤][悲伤]秘Me小璐:难以置信..[蜡烛]",
"mid":"yCQEDykel",
"date":"2012-09-21 06:51:42"
},
{
"kids":[],
"uid":"2546706037",
"parent":"",
"text":"转发微博。",
"mid":"yCQCM04Pp",
"date":"2012-09-21 06:47:06"
},
{
"kids":[],
"uid":"2848130613",
"parent":"yCNtdENiP",
"text":"",
"mid":"yCQCKdB7Q",
"date":"2012-09-21 06:47:02"
},
{
"kids":[],
"uid":"2193573941",
"parent":"yCOerFkJm",
"text":"哈啊？！",
"mid":"yCQCqpC8M",
"date":"2012-09-21 06:46:15"
},
{
"kids":[
"yCQJdboSF"
],
"uid":"1794130974",
"parent":"",
"text":"[吃惊]真的吗？超自信自恋的芙蓉姐姐会选择自杀？？？她一直都是那么的不屈不挠坚定不移，如果是真的，那这结果击垮了所有我们对坚强的想象！@968唐梅 @动听968",
"mid":"yCQBXtPtd",
"date":"2012-09-21 06:45:06"
},
{
"kids":[],
"uid":"2260990233",
"parent":"yCOhO2prT",
"text":"次奥！该走的那个姐不走！",
"mid":"yCQBJkbF1",
"date":"2012-09-21 06:44:31"
},
{
"kids":[],
"uid":"2290216910",
"parent":"",
"text":"悲哀的网络[蜡烛][蜡烛][蜡烛]阿弥陀佛@请输入用户名",
"mid":"yCQB7tkOp",
"date":"2012-09-21 06:43:01"
},
{
"kids":[],
"uid":"2011544054",
"parent":"",
"text":"你这是提前登船么！！！！？？！！",
"mid":"yCQzY0d0w",
"date":"2012-09-21 06:40:11"
},
{
"kids":[],
"uid":"1616254440",
"parent":"",
"text":"有她迈不过去的坎儿？不信！①等辟谣②等破案。",
"mid":"yCQzIADfU",
"date":"2012-09-21 06:39:35"
},
{
"kids":[],
"uid":"2532961922",
"parent":"",
"text":"又一个想不开的",
"mid":"yCQzdyZhk",
"date":"2012-09-21 06:38:20"
},
{
"kids":[],
"uid":"maomao5",
"parent":"yCQ1qvHz3",
"text":"",
"mid":"yCQxItGLk",
"date":"2012-09-21 06:34:39"
},
{
"kids":[],
"uid":"librazy",
"parent":"",
"text":"什么？！",
"mid":"yCQwgkFkX",
"date":"2012-09-21 06:31:04"
},
{
"kids":[],
"uid":"grltc",
"parent":"",
"text":"@ 一串名人明显心虚",
"mid":"yCQvXbr2L",
"date":"2012-09-21 06:30:18"
},
{
"kids":[],
"uid":"2433142374",
"parent":"",
"text":"芙蓉姐姐就这么走了？？？",
"mid":"yCQuweG8f",
"date":"2012-09-21 06:26:46"
},
{
"kids":[],
"uid":"2464269754",
"parent":"",
"text":"我靠！最后的夺人眼球吗？不用这样啊！我们在拥护凤姐的时候，从来没有忘记你，就好像拥护曾哥的时候也不会忘记春一样啊！！！你永远都会是我们心中切K的人啊！！！",
"mid":"yCQsW8n7P",
"date":"2012-09-21 06:22:51"
},
{
"kids":[
"yCRfDt8VF"
],
"uid":"gnudoyng",
"parent":"yCQoVB19r",
"text":"希望又是炒作",
"mid":"yCQrGp0Bh",
"date":"2012-09-21 06:19:47"
},
{
"kids":[
"yCRZPk84a"
],
"uid":"1429127595",
"parent":"",
"text":"不论怎么说也是一条人命，可惜。",
"mid":"yCQrFx7WW",
"date":"2012-09-21 06:19:44"
},
{
"kids":[],
"uid":"fankunbo",
"parent":"yCQoFB7Y5",
"text":"不会吧，感觉是个假新闻似的。大清早的听到这个消息很不幸啊。",
"mid":"yCQrl9VU1",
"date":"2012-09-21 06:18:56"
},
{
"kids":[
"yCRre57oR"
],
"uid":"1757159707",
"parent":"yCNWuhIOb",
"text":"同问～",
"mid":"yCQrb5MdW",
"date":"2012-09-21 06:18:32"
},
{
"kids":[],
"uid":"reezy",
"parent":"yCOaHbile",
"text":"",
"mid":"yCQqKciUJ",
"date":"2012-09-21 06:17:28"
},
{
"kids":[],
"uid":"2375270792",
"parent":"yCQgg7YIK",
"text":"[吃惊][吃惊][吃惊][吃惊][吃惊]",
"mid":"yCQqxdxZs",
"date":"2012-09-21 06:16:57"
},
{
"kids":[
"yCQrGp0Bh"
],
"uid":"1240889584",
"parent":"",
"text":"真的假的@虎揪可乐 @阿蛋神经了 @阿聪kcliao ？？？？",
"mid":"yCQoVB19r",
"date":"2012-09-21 06:13:00"
},
{
"kids":[
"yCRARygpj",
"yCQrl9VU1"
],
"uid":"2129927424",
"parent":"",
"text":"哀悼。芙蓉姐姐你还是不错的。你的 自信和 善良。[蜡烛][蜡烛][蜡烛]",
"mid":"yCQoFB7Y5",
"date":"2012-09-21 06:12:22"
},
{
"kids":[
"yCRpex59F"
],
"uid":"1349180012",
"parent":"",
"text":"[蜡烛]",
"mid":"yCQod1rgY",
"date":"2012-09-21 06:11:13"
},
{
"kids":[],
"uid":"2337100987",
"parent":"yCO0exErg",
"text":"可惜了[蜡烛]",
"mid":"yCQn4BGbH",
"date":"2012-09-21 06:08:26"
},
{
"kids":[],
"uid":"2247047442",
"parent":"",
"text":"不是吧！",
"mid":"yCQmTqqsM",
"date":"2012-09-21 06:07:58"
},
{
"kids":[
"yCQMl49t1"
],
"uid":"1792227864",
"parent":"yCP24kOF4",
"text":"没想到是真的，虽然不喜欢她，但是毕竟是条生命，是别人的女儿，是个男孩儿的妈妈。一路走好。来生不要再进娱乐圈了。[蜡烛]",
"mid":"yCQmgFkUr",
"date":"2012-09-21 06:06:27"
},
{
"kids":[
"yCRaj7lrT"
],
"uid":"1813804612",
"parent":"yCNYh6S7V",
"text":"真不敢想。那么大压力都过来了。什么事想不开",
"mid":"yCQjZcGcy",
"date":"2012-09-21 06:00:49"
},
{
"kids":[],
"uid":"1218858087",
"parent":"yCOYHsYcs",
"text":"为了儿子她也不应该选择自杀",
"mid":"yCQjPFtpy",
"date":"2012-09-21 06:00:27"
},
{
"kids":[
"yCQqxdxZs"
],
"uid":"panliya",
"parent":"",
"text":"励志姐姐'有什么过不去呢？",
"mid":"yCQgg7YIK",
"date":"2012-09-21 05:51:37"
},
{
"kids":[],
"uid":"yangyitender",
"parent":"",
"text":"不可能吧，就这么死了她能甘心吗。[吃惊]",
"mid":"yCQeqDdJE",
"date":"2012-09-21 05:47:08"
},
{
"kids":[],
"uid":"smallkeyhome",
"parent":"",
"text":"神马？",
"mid":"yCQ9wADBE",
"date":"2012-09-21 05:35:03"
},
{
"kids":[],
"uid":"2919456554",
"parent":"yCOac7xkH",
"text":"",
"mid":"yCQ3jwLhy",
"date":"2012-09-21 05:19:45"
},
{
"kids":[
"yCR4Irs3L",
"yCQxItGLk"
],
"uid":"1746499045",
"parent":"",
"text":"",
"mid":"yCQ1qvHz3",
"date":"2012-09-21 05:15:06"
},
{
"kids":[],
"uid":"2801031924",
"parent":"yCOXteJCp",
"text":"这个玩笑有点大，不会是真的吧？",
"mid":"yCPXIjQ8l",
"date":"2012-09-21 05:05:57"
},
{
"kids":[],
"uid":"fiona1437",
"parent":"",
"text":"[吃惊]",
"mid":"yCPX48XKp",
"date":"2012-09-21 05:04:21"
},
{
"kids":[],
"uid":"yueyue0130",
"parent":"",
"text":"[蜡烛]",
"mid":"yCPETqHYk",
"date":"2012-09-21 04:19:35"
},
{
"kids":[
"yCQXg4tv6"
],
"uid":"10001314",
"parent":"",
"text":"[吃惊]",
"mid":"yCPt0tQMM",
"date":"2012-09-21 03:50:19"
},
{
"kids":[],
"uid":"1228122685",
"parent":"yCPlztp0B",
"text":"不会吧，真的啊?",
"mid":"yCPmtDcsF",
"date":"2012-09-21 03:34:13"
},
{
"kids":[
"yCPmtDcsF"
],
"uid":"2231745987",
"parent":"yCPjQ0jPX",
"text":"@艾米的富茜 你第一时间发现了。",
"mid":"yCPlztp0B",
"date":"2012-09-21 03:31:59"
},
{
"kids":[
"yCPlztp0B"
],
"uid":"11906663",
"parent":"yCPghwaSb",
"text":"图是2011韩国的。但是芙蓉传媒总经理她的助理也发微博了。应该不会拿人命炒作。",
"mid":"yCPjQ0jPX",
"date":"2012-09-21 03:27:42"
},
{
"kids":[],
"uid":"1833132525",
"parent":"yCP24kOF4",
"text":"以她的风格会娱乐至死的。",
"mid":"yCPiPBD5f",
"date":"2012-09-21 03:25:13"
},
{
"kids":[],
"uid":"1833132525",
"parent":"yCP24kOF4",
"text":"怎么会,难以置信。",
"mid":"yCPhZkYof",
"date":"2012-09-21 03:23:09"
},
{
"kids":[
"yCPjQ0jPX"
],
"uid":"11906663",
"parent":"yCP31sC6b",
"text":"可能是真的，姐姐19日曾经发过永别了，这个世界。",
"mid":"yCPghwaSb",
"date":"2012-09-21 03:18:57"
},
{
"kids":[],
"uid":"2352387042",
"parent":"",
"text":"kao，多好一个人啊，就这样就走了！",
"mid":"yCPfd3a6M",
"date":"2012-09-21 03:16:17"
},
{
"kids":[],
"uid":"1458429152",
"parent":"yCP6IuLdr",
"text":"天啊",
"mid":"yCPcSvzJf",
"date":"2012-09-21 03:10:34"
},
{
"kids":[],
"uid":"2701280834",
"parent":"",
"text":"假的吧？",
"mid":"yCPbLpGNP",
"date":"2012-09-21 03:07:49"
},
{
"kids":[],
"uid":"youngtse131",
"parent":"",
"text":"",
"mid":"yCP7ldvIE",
"date":"2012-09-21 02:56:55"
},
{
"kids":[
"yCPcSvzJf"
],
"uid":"upwindbutterfly",
"parent":"yCP24kOF4",
"text":"假新闻，前面有帖子说下图死者是韩国艺人。@微博辟谣",
"mid":"yCP6IuLdr",
"date":"2012-09-21 02:55:22"
},
{
"kids":[
"yCPghwaSb"
],
"uid":"2279177690",
"parent":"",
"text":"这样造谣有意思吗?",
"mid":"yCP31sC6b",
"date":"2012-09-21 02:46:17"
},
{
"kids":[],
"uid":"1295541612",
"parent":"",
"text":"到底是“谁”杀了她？",
"mid":"yCP2B8TDt",
"date":"2012-09-21 02:45:14"
},
{
"kids":[
"yCRtted8A",
"yCR79twZB",
"yCR6X30A1",
"yCQmgFkUr",
"yCPiPBD5f",
"yCPhZkYof",
"yCP6IuLdr"
],
"uid":"calvinhyu",
"parent":"",
"text":"@平安北京 没有及时重视",
"mid":"yCP24kOF4",
"date":"2012-09-21 02:43:56"
},
{
"kids":[],
"uid":"1890186217",
"parent":"",
"text":"造谣的。下图是韩国人自杀的图片。",
"mid":"yCP1Jn9ZL",
"date":"2012-09-21 02:43:06"
},
{
"kids":[],
"uid":"1777894202",
"parent":"yCOyq7EL4",
"text":"",
"mid":"yCP1ekoRs",
"date":"2012-09-21 02:41:52"
},
{
"kids":[],
"uid":"2246073415",
"parent":"",
"text":"[落叶][泪]",
"mid":"yCP0PwbFo",
"date":"2012-09-21 02:40:53"
},
{
"kids":[
"yCQKv2Fly"
],
"uid":"vp7770000",
"parent":"yCO9s2mP2",
"text":"假的吧？",
"mid":"yCP0G5D5c",
"date":"2012-09-21 02:40:30"
},
{
"kids":[],
"uid":"1846228045",
"parent":"",
"text":"[吃惊]真的假的？？大风大浪都经历过来了，为嘛现在瘦身成功了反而想不开～～",
"mid":"yCOZqnY4w",
"date":"2012-09-21 02:37:25"
},
{
"kids":[],
"uid":"1169157534",
"parent":"",
"text":"唉!无外乎遇人不淑!",
"mid":"yCOYNC8K3",
"date":"2012-09-21 02:35:53"
},
{
"kids":[
"yCRDr984Z",
"yCQjPFtpy"
],
"uid":"taoduanfang",
"parent":"",
"text":"还在转这张韩国照片？死生人之大事，岂能如此炒作？那些借机上位的营销号都洗洗睡吧",
"mid":"yCOYHsYcs",
"date":"2012-09-21 02:35:38"
},
{
"kids":[],
"uid":"2279853362",
"parent":"",
"text":"太吃惊了!",
"mid":"yCOXJqMk8",
"date":"2012-09-21 02:33:15"
},
{
"kids":[
"yCQLN3ibu",
"yCPXIjQ8l"
],
"uid":"xiaoyichen2000",
"parent":"",
"text":"假的",
"mid":"yCOXteJCp",
"date":"2012-09-21 02:32:36"
},
{
"kids":[],
"uid":"123890318",
"parent":"",
"text":"真的假的",
"mid":"yCOVED2kr",
"date":"2012-09-21 02:28:08"
},
{
"kids":[],
"uid":"1365257527",
"parent":"",
"text":"真的假的<",
"mid":"yCOUXvZbK",
"date":"2012-09-21 02:26:25"
},
{
"kids":[],
"uid":"206050593",
"parent":"yCNXJqCgP",
"text":"芙蓉的改变，哎……自杀的应该是凤姐才对",
"mid":"yCOS8gFp3",
"date":"2012-09-21 02:19:27"
},
{
"kids":[],
"uid":"ozilbaby",
"parent":"yCOE6l6BX",
"text":"别介啊！姐姐多励志啊。。。[泪]",
"mid":"yCOR7BJa7",
"date":"2012-09-21 02:16:58"
},
{
"kids":[],
"uid":"2655008820",
"parent":"yCOjFhsTs",
"text":"[惊恐][惊恐][惊恐][惊恐][惊恐]励志姐真的自杀了？？",
"mid":"yCOMdywXc",
"date":"2012-09-21 02:04:52"
},
{
"kids":[],
"uid":"2499162742",
"parent":"",
"text":"",
"mid":"yCOLNyhpP",
"date":"2012-09-21 02:03:51"
},
{
"kids":[
"yEIe1gd5m"
],
"uid":"loosensky",
"parent":"",
"text":"这[衰]",
"mid":"yCOKemGfV",
"date":"2012-09-21 01:59:59"
},
{
"kids":[
"yCRt9aOIJ"
],
"uid":"2169072503",
"parent":"yCNVJ26oA",
"text":"励志明星就这么走了！？！？",
"mid":"yCOJPxgy2",
"date":"2012-09-21 01:58:59"
},
{
"kids":[
"yCRqt6198",
"yCR0cDmYQ"
],
"uid":"280824",
"parent":"",
"text":"不是才带儿子出去玩么？",
"mid":"yCOIilpkB",
"date":"2012-09-21 01:55:13"
},
{
"kids":[
"yCQKMaXhn"
],
"uid":"etonglin",
"parent":"",
"text":"R.I.P[蜡烛].....其实我想说的是人生苦短!还是那句话,能拿出这么大的勇气自杀...怎么就不能拿一点点的勇气站起来呢~",
"mid":"yCOHQBt9y",
"date":"2012-09-21 01:54:06"
},
{
"kids":[],
"uid":"2908236604",
"parent":"",
"text":"下面那张照片是假的吧！连她都自杀了的话....她那么的骄傲！！！！",
"mid":"yCOFPAaxc",
"date":"2012-09-21 01:49:09"
},
{
"kids":[
"yCOR7BJa7"
],
"uid":"mushroomying",
"parent":"",
"text":"不是真的吧。。。。。。。。。",
"mid":"yCOE6l6BX",
"date":"2012-09-21 01:44:53"
},
{
"kids":[
"yCXwxkFfg",
"yCSPHe4PX"
],
"uid":"1901104385",
"parent":"yCOz8a1O4",
"text":"真的假的？只晓得她发微薄说永别还真死啦",
"mid":"yCOD8BFNB",
"date":"2012-09-21 01:42:31"
},
{
"kids":[
"yCR2ptNct"
],
"uid":"2241954547",
"parent":"yCOtFvcoM",
"text":"天堂是没有烦恼的，去吧？[蜡烛][蜡烛]",
"mid":"yCOBjcNji",
"date":"2012-09-21 01:38:00"
},
{
"kids":[
"yCQHirN0V"
],
"uid":"1861016133",
"parent":"",
"text":"昨天看了她的微博永别了，没想到成真了[蜡烛]",
"mid":"yCOz93gNY",
"date":"2012-09-21 01:32:40"
},
{
"kids":[
"yCOD8BFNB"
],
"uid":"yun121",
"parent":"",
"text":"真的假的？",
"mid":"yCOz8a1O4",
"date":"2012-09-21 01:32:38"
},
{
"kids":[
"yCP1ekoRs"
],
"uid":"2794535373",
"parent":"",
"text":"真的假的、",
"mid":"yCOyq7EL4",
"date":"2012-09-21 01:30:53"
},
{
"kids":[],
"uid":"1571324081",
"parent":"",
"text":"啊啊啊啊啊 真的假的？[吃惊][蜡烛]",
"mid":"yCOtPy1ij",
"date":"2012-09-21 01:19:35"
},
{
"kids":[
"yCOBjcNji"
],
"uid":"1112205783",
"parent":"",
"text":"真的假的？不会吧？",
"mid":"yCOtFvcoM",
"date":"2012-09-21 01:19:11"
},
{
"kids":[],
"uid":"2032631677",
"parent":"",
"text":"/怎么会这样啊？？？[泪][泪]/@福州民生:[蜡烛]什么事都想开谢，我还是很喜欢你的！[蜡烛][蜡烛][蜡烛]",
"mid":"yCOscegZb",
"date":"2012-09-21 01:15:33"
},
{
"kids":[],
"uid":"1836625217",
"parent":"",
"text":"悲剧",
"mid":"yCOs6jCvQ",
"date":"2012-09-21 01:15:18"
},
{
"kids":[],
"uid":"jingjingtiffanyxu",
"parent":"yCOiLqdfZ",
"text":"",
"mid":"yCOqACQyI",
"date":"2012-09-21 01:11:36"
},
{
"kids":[
"yCQPh7eTt"
],
"uid":"1914861782",
"parent":"",
"text":"",
"mid":"yCOqlh0AL",
"date":"2012-09-21 01:10:59"
},
{
"kids":[],
"uid":"zhangqihenry",
"parent":"",
"text":"芙蓉姐姐一路走好！[祈福]",
"mid":"yCOpepGil",
"date":"2012-09-21 01:08:15"
},
{
"kids":[
"yCRii2eXU"
],
"uid":"adorawong44",
"parent":"yCOlWe6Ah",
"text":"[疑问]",
"mid":"yCOoYbHtc",
"date":"2012-09-21 01:07:36"
},
{
"kids":[],
"uid":"suclelin",
"parent":"yCOlF5LB0",
"text":"不会是又一次的脱胎换骨吧!",
"mid":"yCOobFOmy",
"date":"2012-09-21 01:05:40"
},
{
"kids":[],
"uid":"1877298687",
"parent":"",
"text":"这是真的吗？芙蓉姐姐。。。",
"mid":"yCOnAadFf",
"date":"2012-09-21 01:04:11"
},
{
"kids":[],
"uid":"2018329730",
"parent":"",
"text":"真的假的？[吃惊][吃惊] @香水与高跟鞋 @甲饱欲",
"mid":"yCOn59zUK",
"date":"2012-09-21 01:02:56"
},
{
"kids":[],
"uid":"gala",
"parent":"yCOkuDAYf",
"text":"炒作无底线！",
"mid":"yCOmSrJL2",
"date":"2012-09-21 01:02:27"
},
{
"kids":[],
"uid":"suxiaoyang2199",
"parent":"yCO6J1Wrb",
"text":"不是吧[黑线][书呆子]",
"mid":"yCOmB1NYO",
"date":"2012-09-21 01:01:45"
},
{
"kids":[],
"uid":"xx0130",
"parent":"yCOcY7d6B",
"text":"好像是假的",
"mid":"yCOmqEW0J",
"date":"2012-09-21 01:01:21"
},
{
"kids":[
"yCOoYbHtc"
],
"uid":"rong518",
"parent":"yCO5SqAUn",
"text":"真的假的？[衰][衰]",
"mid":"yCOlWe6Ah",
"date":"2012-09-21 01:00:08"
},
{
"kids":[
"yCOobFOmy"
],
"uid":"1795466917",
"parent":"yCO0Uucq0",
"text":"据说是假的",
"mid":"yCOlF5LB0",
"date":"2012-09-21 00:59:24"
},
{
"kids":[],
"uid":"2387242194",
"parent":"",
"text":"我勒个X",
"mid":"yCOlDk1tT",
"date":"2012-09-21 00:59:22"
},
{
"kids":[
"yCOmSrJL2"
],
"uid":"wushuangwushuang",
"parent":"yCOiJCoxZ",
"text":"回复@微博搜索:好吧靠谱的小搜我对不起你，关注太多淹没了。。。。以后一天看你28次去。。。。要么有八卦狗血麻烦您受累At我下[偷笑][偷笑][偷笑]免得我这个惦记",
"mid":"yCOkuDAYf",
"date":"2012-09-21 00:56:34"
},
{
"kids":[
"yCOMdywXc"
],
"uid":"1935169312",
"parent":"",
"text":"真的假的。[蜡烛]",
"mid":"yCOjFhsTs",
"date":"2012-09-21 00:54:30"
},
{
"kids":[],
"uid":"2670929613",
"parent":"",
"text":"死了？",
"mid":"yCOj4l2PS",
"date":"2012-09-21 00:53:04"
},
{
"kids":[
"yCOqACQyI"
],
"uid":"2796376831",
"parent":"",
"text":"天呐。。为什么",
"mid":"yCOiLqdfZ",
"date":"2012-09-21 00:52:19"
},
{
"kids":[
"yCOkuDAYf"
],
"uid":"wushuangwushuang",
"parent":"",
"text":"@我是张小弛 阵Shi了[衰]",
"mid":"yCOiJCoxZ",
"date":"2012-09-21 00:52:15"
},
{
"kids":[],
"uid":"2670882251",
"parent":"yCO0G30sZ",
"text":"真的假的啊？可惜了？",
"mid":"yCOi9jKzx",
"date":"2012-09-21 00:50:44"
},
{
"kids":[],
"uid":"1144297052",
"parent":"",
"text":"假的啊？囧。影响很大啊。！！@Flowers茉莉",
"mid":"yCOhXtBSz",
"date":"2012-09-21 00:50:20"
},
{
"kids":[
"yCQBJkbF1"
],
"uid":"2092574377",
"parent":"yCObcuHuG",
"text":"@卤蛋黄好吃不腻 @演武上弦 @GIGOMY桌游咖啡-罗sir @王小樂思密达",
"mid":"yCOhO2prT",
"date":"2012-09-21 00:49:56"
},
{
"kids":[],
"uid":"1722207262",
"parent":"yCO2qbUCB",
"text":"还有风姐",
"mid":"yCOhKug4S",
"date":"2012-09-21 00:49:48"
},
{
"kids":[],
"uid":"2053305327",
"parent":"",
"text":"",
"mid":"yCOgUd4MR",
"date":"2012-09-21 00:47:40"
},
{
"kids":[],
"uid":"weiqiaobing",
"parent":"",
"text":"[蜡烛] [蜡烛]",
"mid":"yCOglzH61",
"date":"2012-09-21 00:46:22"
},
{
"kids":[],
"uid":"1652640801",
"parent":"",
"text":"",
"mid":"yCOgd4nvv",
"date":"2012-09-21 00:46:01"
},
{
"kids":[
"yCQLanted"
],
"uid":"1929201073",
"parent":"yCOeu6JLS",
"text":"哪尼???[可怜]",
"mid":"yCOfEtDcu",
"date":"2012-09-21 00:44:36"
},
{
"kids":[
"yCOfEtDcu"
],
"uid":"1846541701",
"parent":"",
"text":"[衰]虽然不喜欢芙蓉姐姐 但是这个消息还是很震惊！生命可贵啊！",
"mid":"yCOeu6JLS",
"date":"2012-09-21 00:41:46"
},
{
"kids":[
"yCRiJweNd",
"yCQCqpC8M"
],
"uid":"helenjoyce",
"parent":"",
"text":"这是真的么？",
"mid":"yCOerFkJm",
"date":"2012-09-21 00:41:41"
},
{
"kids":[],
"uid":"ironandfairy",
"parent":"",
"text":"坐等明早新闻",
"mid":"yCOdQc34l",
"date":"2012-09-21 00:40:11"
},
{
"kids":[],
"uid":"2662931323",
"parent":"yCOcY7d6B",
"text":"真的吗？",
"mid":"yCOdAewKz",
"date":"2012-09-21 00:39:33"
},
{
"kids":[],
"uid":"1735176675",
"parent":"",
"text":"???怎么了？怪不得之前说永别~悲剧~",
"mid":"yCOdz2I2R",
"date":"2012-09-21 00:39:30"
},
{
"kids":[
"yCOmqEW0J",
"yCOdAewKz"
],
"uid":"1985522015",
"parent":"",
"text":"@cules午夜阳光",
"mid":"yCOcY7d6B",
"date":"2012-09-21 00:38:01"
},
{
"kids":[],
"uid":"joanna0507",
"parent":"yCO555vsh",
"text":"真的假的",
"mid":"yCOcY7d2y",
"date":"2012-09-21 00:38:00"
},
{
"kids":[],
"uid":"no197",
"parent":"",
"text":"芙蓉姐姐真的挂了咩，求真相",
"mid":"yCOcvarnO",
"date":"2012-09-21 00:36:49"
},
{
"kids":[],
"uid":"fjnuboke",
"parent":"",
"text":"不是吧",
"mid":"yCOcl7ADe",
"date":"2012-09-21 00:36:29"
},
{
"kids":[
"yCOhO2prT"
],
"uid":"2063695472",
"parent":"yCO6J1Wrb",
"text":"真的？",
"mid":"yCObcuHuG",
"date":"2012-09-21 00:33:40"
},
{
"kids":[],
"uid":"2169602555",
"parent":"",
"text":"是不是真的，下个是凤姐了？",
"mid":"yCOaLA5lu",
"date":"2012-09-21 00:32:37"
},
{
"kids":[
"yCQqKciUJ"
],
"uid":"yelemon1987",
"parent":"yCNZwwQAP",
"text":"不是吧，早上看她发微博以为是说说而已~",
"mid":"yCOaHbile",
"date":"2012-09-21 00:32:26"
},
{
"kids":[],
"uid":"2671342710",
"parent":"yCO9DxFTr",
"text":"",
"mid":"yCOaBdp3l",
"date":"2012-09-21 00:32:08"
},
{
"kids":[],
"uid":"heibaixuanlv",
"parent":"",
"text":"？？？？？？？真的假的？？？？[疑问]多励志一个人啊",
"mid":"yCOax8rdg",
"date":"2012-09-21 00:32:02"
},
{
"kids":[],
"uid":"lo510",
"parent":"",
"text":"芙蓉姐姐自杀了？？？",
"mid":"yCOannbGA",
"date":"2012-09-21 00:31:38"
},
{
"kids":[
"yCQ3jwLhy"
],
"uid":"1421742132",
"parent":"",
"text":"求证实！",
"mid":"yCOac7xkH",
"date":"2012-09-21 00:31:09"
},
{
"kids":[],
"uid":"1905077144",
"parent":"",
"text":"真的啊？真的悲悼下[失望]",
"mid":"yCO9Gv0Oc",
"date":"2012-09-21 00:29:57"
},
{
"kids":[
"yCOaBdp3l"
],
"uid":"2525512074",
"parent":"",
"text":"[吃惊]",
"mid":"yCO9DxFTr",
"date":"2012-09-21 00:29:50"
},
{
"kids":[],
"uid":"518suyan",
"parent":"",
"text":"[汗]真的假的",
"mid":"yCO9sBzmc",
"date":"2012-09-21 00:29:24"
},
{
"kids":[],
"uid":"1924912723",
"parent":"",
"text":"走好啊芙蓉姐姐",
"mid":"yCO9sAT7n",
"date":"2012-09-21 00:29:24"
},
{
"kids":[
"yCQKNkx6s",
"yCP0G5D5c"
],
"uid":"abby1117023904",
"parent":"",
"text":"先给你点上蜡烛[蜡烛][蜡烛][蜡烛]'假如你没走，那很多人会愤怒，假如你走了，很多人只会一声叹息。人算什么，和蚂蚁一样的。宇宙的孤独，只有姐懂",
"mid":"yCO9s2mP2",
"date":"2012-09-21 00:29:22"
},
{
"kids":[],
"uid":"1406365824",
"parent":"",
"text":"[哼][哼][哼][蜡烛][蜡烛][蜡烛]",
"mid":"yCO97ATPu",
"date":"2012-09-21 00:28:34"
},
{
"kids":[],
"uid":"14169299",
"parent":"",
"text":"怪不得最晚她写的东西怪怪的，以为她只是退出而已，真没想到啊！[泪]可怜人！",
"mid":"yCO8MEK6S",
"date":"2012-09-21 00:27:42"
},
{
"kids":[],
"uid":"1995232761",
"parent":"",
"text":"really？？？@忽然之间-2011 @Wenson-tao @阁楼上的小喵 @陈希 @Cara-林 @颖子betty @Lilyfoc",
"mid":"yCO8HmLb1",
"date":"2012-09-21 00:27:31"
},
{
"kids":[],
"uid":"2396172994",
"parent":"",
"text":"[蜡烛][蜡烛]",
"mid":"yCO8sitvK",
"date":"2012-09-21 00:26:52"
},
{
"kids":[],
"uid":"1865020320",
"parent":"yCNYh6S7V",
"text":"@寂寞小水怪 今天你还在还我说他微博说他走了什么的就真的死了",
"mid":"yCO8gbwzW",
"date":"2012-09-21 00:26:26"
},
{
"kids":[],
"uid":"2027858725",
"parent":"",
"text":"",
"mid":"yCO817eMz",
"date":"2012-09-21 00:25:49"
},
{
"kids":[],
"uid":"1725668057",
"parent":"",
"text":"是不是真的……",
"mid":"yCO7zASaa",
"date":"2012-09-21 00:24:44"
},
{
"kids":[
"yCOmB1NYO",
"yCObcuHuG"
],
"uid":"1878360874",
"parent":"yCNZwwQAP",
"text":"这这这……[蜡烛][蜡烛][蜡烛][蜡烛]",
"mid":"yCO6J1Wrb",
"date":"2012-09-21 00:22:38"
},
{
"kids":[],
"uid":"aenuen",
"parent":"yCNYdxSyG",
"text":"[晕]",
"mid":"yCO6ugmfF",
"date":"2012-09-21 00:22:04"
},
{
"kids":[],
"uid":"1711634364",
"parent":"",
"text":"这张图不是辟谣了吗？",
"mid":"yCO6okyPw",
"date":"2012-09-21 00:21:50"
},
{
"kids":[],
"uid":"537678758",
"parent":"",
"text":"假的，这图是原来韩国明星自杀后的图。",
"mid":"yCO6exCUo",
"date":"2012-09-21 00:21:24"
},
{
"kids":[],
"uid":"1665347851",
"parent":"",
"text":"[蜡烛]",
"mid":"yCO662rxA",
"date":"2012-09-21 00:21:07"
},
{
"kids":[
"yDKOi79Lg",
"yDEqTvL5W",
"yDEqTcQID"
],
"uid":"2166557227",
"parent":"yCO0exErg",
"text":"担心凤姐",
"mid":"yCO5Zew31",
"date":"2012-09-21 00:20:50"
},
{
"kids":[],
"uid":"2424177602",
"parent":"",
"text":"哇,真的假的,",
"mid":"yCO5T16Cm",
"date":"2012-09-21 00:20:32"
},
{
"kids":[
"yCOlWe6Ah"
],
"uid":"1493205727",
"parent":"",
"text":"原来那天她发的微薄是⋯[吃惊]",
"mid":"yCO5SqAUn",
"date":"2012-09-21 00:20:35"
},
{
"kids":[],
"uid":"d2back",
"parent":"",
"text":"[蠟燭]",
"mid":"yCO5Jxrq7",
"date":"2012-09-21 00:20:13"
},
{
"kids":[],
"uid":"1724836325",
"parent":"",
"text":"原来是真的",
"mid":"yCO5EeoNf",
"date":"2012-09-21 00:19:59"
},
{
"kids":[],
"uid":"2125078807",
"parent":"",
"text":"真惊骇啊，人珍有旦夕祸福@LynnLin_Atm @王美贤fox @zz_吱吱 @Miss-Joyce-",
"mid":"yCO5B0B0t",
"date":"2012-09-21 00:19:52"
},
{
"kids":[],
"uid":"2769220215",
"parent":"yCNzugsYE",
"text":"",
"mid":"yCO5s8zVz",
"date":"2012-09-21 00:19:31"
},
{
"kids":[
"yCOcY7d2y"
],
"uid":"1748823192",
"parent":"",
"text":"不是吧！怎么会这样！",
"mid":"yCO555vsh",
"date":"2012-09-21 00:18:33"
},
{
"kids":[],
"uid":"277877116",
"parent":"",
"text":"额！怎么了？愿走好！",
"mid":"yCO4TxKwU",
"date":"2012-09-21 00:18:09"
},
{
"kids":[],
"uid":"xiaowei71910957",
"parent":"yCNZwwQAP",
"text":"这。。真的假的？",
"mid":"yCO4zbvQz",
"date":"2012-09-21 00:17:20"
},
{
"kids":[],
"uid":"1784576394",
"parent":"",
"text":"其实这样的结局该反省的是所有人，不要再利用自己的乐趣打扰别人生活。[蜡烛][蜡烛][蜡烛]",
"mid":"yCO4dASK9",
"date":"2012-09-21 00:16:30"
},
{
"kids":[],
"uid":"pig860613",
"parent":"",
"text":"啊。。减肥减半死怎么会去自杀啊。。",
"mid":"yCO3XC8QC",
"date":"2012-09-21 00:15:51"
},
{
"kids":[],
"uid":"flhongly4yiyi",
"parent":"",
"text":"真的假的！那凤姐呢？",
"mid":"yCO3EpDK8",
"date":"2012-09-21 00:15:05"
},
{
"kids":[],
"uid":"1937862061",
"parent":"",
"text":"天哪不会吧~~",
"mid":"yCO3dxakA",
"date":"2012-09-21 00:14:01"
},
{
"kids":[],
"uid":"2456394295",
"parent":"yCNXNfO0t",
"text":"[吃惊][吃惊][吃惊]",
"mid":"yCO321Qlo",
"date":"2012-09-21 00:13:33"
},
{
"kids":[],
"uid":"alianermiko",
"parent":"",
"text":"这是真的吗?真不敢相信!@英为众生 @菜猩猩 @劲力Ben @當0尜星x_0不再閃耀時 @BWKen",
"mid":"yCO2Z4vkp",
"date":"2012-09-21 00:13:24"
},
{
"kids":[],
"uid":"1274123554",
"parent":"",
"text":"不知真假，只能说意外无时无刻不在发生。人永远不知道下一秒会发生什么。会有什么发生。。",
"mid":"yCO2KhFwH",
"date":"2012-09-21 00:12:51"
},
{
"kids":[],
"uid":"linwenhua",
"parent":"",
"text":"不管美或丑；真实亦虚假；勇敢还是懦弱，当一个生命以这样的方式消亡，让人感到的是悲伤。",
"mid":"yCO2wocxg",
"date":"2012-09-21 00:12:18"
},
{
"kids":[],
"uid":"2438586757",
"parent":"",
"text":"芙蓉姐姐拜拜了",
"mid":"yCO2syQCS",
"date":"2012-09-21 00:12:06"
},
{
"kids":[
"yCOhKug4S"
],
"uid":"1828815420",
"parent":"",
"text":"@张潇_堂吉诃德 你最爱的姐姐就这么走了！[蜡烛]珍爱生命！",
"mid":"yCO2qbUCB",
"date":"2012-09-21 00:12:03"
},
{
"kids":[],
"uid":"1906607661",
"parent":"",
"text":"唉，为何不是凤姐呢···",
"mid":"yCO1NcuTE",
"date":"2012-09-21 00:10:30"
},
{
"kids":[],
"uid":"2370439652",
"parent":"",
"text":"",
"mid":"yCO1gDTe2",
"date":"2012-09-21 00:09:10"
},
{
"kids":[],
"uid":"1861171112",
"parent":"",
"text":"不是吧",
"mid":"yCO19Acir",
"date":"2012-09-21 00:08:53"
},
{
"kids":[
"yCOlF5LB0"
],
"uid":"1895828534",
"parent":"",
"text":"什么情况？really？",
"mid":"yCO0Uucq0",
"date":"2012-09-21 00:08:20"
},
{
"kids":[],
"uid":"2975664974",
"parent":"",
"text":"小心弄假成真！",
"mid":"yCO0KsNZ0",
"date":"2012-09-21 00:07:56"
},
{
"kids":[
"yCOi9jKzx"
],
"uid":"1876141475",
"parent":"",
"text":"真的假的啊？可惜了？",
"mid":"yCO0G30sZ",
"date":"2012-09-21 00:07:43"
},
{
"kids":[],
"uid":"2108436583",
"parent":"",
"text":"",
"mid":"yCO0vpMl8",
"date":"2012-09-21 00:07:19"
},
{
"kids":[],
"uid":"wenzi1112",
"parent":"",
"text":"假的",
"mid":"yCO0t44Ug",
"date":"2012-09-21 00:07:13"
},
{
"kids":[],
"uid":"2975664974",
"parent":"",
"text":"真不要脸，想红也不是拿死来折腾人，还是别人离世的照片，真龌龊[哼]",
"mid":"yCO0sr8hL",
"date":"2012-09-21 00:07:10"
},
{
"kids":[],
"uid":"1962719450",
"parent":"",
"text":"什么时候轮到@罗玉凤",
"mid":"yCO0j1cjS",
"date":"2012-09-21 00:06:50"
},
{
"kids":[
"yCQn4BGbH",
"yCO5Zew31"
],
"uid":"2166557227",
"parent":"",
"text":"不是吧[衰]",
"mid":"yCO0exErg",
"date":"2012-09-21 00:06:39"
},
{
"kids":[],
"uid":"1779881391",
"parent":"",
"text":"[晕]@芙蓉姐姐 最后的微博是这个意思……",
"mid":"yCO0b2pUM",
"date":"2012-09-21 00:06:32"
},
{
"kids":[],
"uid":"alan0591",
"parent":"",
"text":"真的假的？",
"mid":"yCNZzs1PX",
"date":"2012-09-21 00:05:03"
},
{
"kids":[],
"uid":"salai",
"parent":"",
"text":"[吃惊]这是真的吗？",
"mid":"yCNZzbfKm",
"date":"2012-09-21 00:05:02"
},
{
"kids":[
"yCOaHbile",
"yCO6J1Wrb",
"yCO4zbvQz"
],
"uid":"husipaopao",
"parent":"yCNYKjBlB",
"text":"人的生命太脆弱了[蜡烛]",
"mid":"yCNZwwQAP",
"date":"2012-09-21 00:04:54"
},
{
"kids":[],
"uid":"317296669",
"parent":"",
"text":"[吃惊][吃惊][吃惊]",
"mid":"yCNZppYrU",
"date":"2012-09-21 00:04:38"
},
{
"kids":[],
"uid":"brothertree",
"parent":"",
"text":"真假的。。。。。。",
"mid":"yCNZnmYyi",
"date":"2012-09-21 00:04:33"
},
{
"kids":[],
"uid":"1853147265",
"parent":"yCNAqtRvq",
"text":"不是吧？",
"mid":"yCNZf6An0",
"date":"2012-09-21 00:04:12"
},
{
"kids":[],
"uid":"hhash",
"parent":"",
"text":"@叶子豆花^什么情况?",
"mid":"yCNZal0sP",
"date":"2012-09-21 00:04:02"
},
{
"kids":[
"yCNZwwQAP"
],
"uid":"yinlyueer",
"parent":"",
"text":"[蜡烛][蜡烛][蜡烛]",
"mid":"yCNYKjBlB",
"date":"2012-09-21 00:03:01"
},
{
"kids":[],
"uid":"2121436081",
"parent":"",
"text":"@无忧古城",
"mid":"yCNYDylDZ",
"date":"2012-09-21 00:02:44"
},
{
"kids":[],
"uid":"avatang",
"parent":"",
"text":"真的假的[蜡烛]",
"mid":"yCNYxm3qG",
"date":"2012-09-21 00:02:30"
},
{
"kids":[
"yCQjZcGcy",
"yCO8gbwzW"
],
"uid":"1943345367",
"parent":"",
"text":"我靠…来真的啊…凤姐都没死，您怎么能死在她前头…",
"mid":"yCNYh6S7V",
"date":"2012-09-21 00:01:47"
},
{
"kids":[
"yCO6ugmfF"
],
"uid":"208883641",
"parent":"",
"text":"看来是真的了~~~",
"mid":"yCNYdxSyG",
"date":"2012-09-21 00:01:39"
},
{
"kids":[],
"uid":"1678651572",
"parent":"",
"text":"[蜡烛]",
"mid":"yCNY99t89",
"date":"2012-09-21 00:01:31"
},
{
"kids":[],
"uid":"2606932603",
"parent":"",
"text":"[蜡烛]这个消息有点～哎～",
"mid":"yCNXP1dC9",
"date":"2012-09-21 00:00:42"
},
{
"kids":[
"yCO321Qlo"
],
"uid":"1914275023",
"parent":"",
"text":"[吃惊]",
"mid":"yCNXNfO0t",
"date":"2012-09-21 00:00:39"
},
{
"kids":[],
"uid":"2066486693",
"parent":"",
"text":"太可怕了~~世事无常！珍惜眼前~~",
"mid":"yCNXM6mel",
"date":"2012-09-21 00:00:35"
},
{
"kids":[
"yCRrH3SVE"
],
"uid":"206800808",
"parent":"",
"text":"晕 真的死了啊....",
"mid":"yCNXLbHVu",
"date":"2012-09-21 00:00:34"
},
{
"kids":[
"yCOS8gFp3"
],
"uid":"1993227767",
"parent":"",
"text":"虽然生前不怎么关注、为死者默哀",
"mid":"yCNXJqCgP",
"date":"2012-09-21 00:00:29"
},
{
"kids":[],
"uid":"fzleishen",
"parent":"",
"text":"真的假的。虽然我讨厌这个人，但是听到这样的消息还是挺意外的。",
"mid":"yCNXDvVpt",
"date":"2012-09-21 00:00:16"
},
{
"kids":[],
"uid":"2037582933",
"parent":"",
"text":"",
"mid":"yCNXmCPGM",
"date":"2012-09-20 23:59:36"
},
{
"kids":[
"yCQT4AYL7",
"yCQRI7qHj"
],
"uid":"1943330275",
"parent":"",
"text":"真的假的啊，我刚刚对芙蓉姐姐的印象有改观她就~~~~~~~~~",
"mid":"yCNXhjPjm",
"date":"2012-09-20 23:59:22"
},
{
"kids":[],
"uid":"riversweet",
"parent":"",
"text":"不是吧。。之前说与世界分别什么的。。我以为她只是要告别微薄什么的。。挺可惜了。。不是还有个孩子吗。。最近她不是还不错的吗。。。",
"mid":"yCNXdvsY1",
"date":"2012-09-20 23:59:12"
},
{
"kids":[],
"uid":"1704858562",
"parent":"",
"text":"那条告别的微博居然是真的",
"mid":"yCNX8dwg3",
"date":"2012-09-20 23:59:00"
},
{
"kids":[],
"uid":"1870946500",
"parent":"yCNVJ26oA",
"text":"我操，可惜了",
"mid":"yCNX8afXp",
"date":"2012-09-20 23:59:00"
},
{
"kids":[],
"uid":"1612032140",
"parent":"",
"text":"[吃惊]what？",
"mid":"yCNX7h13o",
"date":"2012-09-20 23:58:59"
},
{
"kids":[],
"uid":"1901691247",
"parent":"",
"text":"",
"mid":"yCNX69qfx",
"date":"2012-09-20 23:58:53"
},
{
"kids":[],
"uid":"1761831312",
"parent":"",
"text":"真的假的!一直覺得她挻樂觀的[蜡烛]",
"mid":"yCNX5gbaF",
"date":"2012-09-20 23:58:52"
},
{
"kids":[],
"uid":"zhaojy0917",
"parent":"",
"text":"真的假的？！",
"mid":"yCNX0djgi",
"date":"2012-09-20 23:58:42"
},
{
"kids":[],
"uid":"1886381847",
"parent":"yCNBo7mdI",
"text":"[吃惊]",
"mid":"yCNWUhYWf",
"date":"2012-09-20 23:58:28"
},
{
"kids":[],
"uid":"2147567465",
"parent":"yCNPaqx2S",
"text":"假的，芙蓉姐姐刚刚还跟我在吃夜宵",
"mid":"yCNWRlgJL",
"date":"2012-09-20 23:58:21"
},
{
"kids":[
"yCR0Dgqkk"
],
"uid":"rubyallen",
"parent":"",
"text":"啊？真的假的？",
"mid":"yCNWR56p5",
"date":"2012-09-20 23:58:20"
},
{
"kids":[],
"uid":"1351608195",
"parent":"",
"text":"",
"mid":"yCNWPyLXS",
"date":"2012-09-20 23:58:17"
},
{
"kids":[],
"uid":"1901691247",
"parent":"",
"text":"居然假的",
"mid":"yCNWMCRGY",
"date":"2012-09-20 23:58:10"
},
{
"kids":[
"yCSWoBSwE",
"yCQrb5MdW"
],
"uid":"1900225317",
"parent":"yCNVArFoa",
"text":"真的假的？",
"mid":"yCNWuhIOb",
"date":"2012-09-20 23:57:25"
},
{
"kids":[
"yCOJPxgy2",
"yCNX8afXp"
],
"uid":"1912168037",
"parent":"",
"text":"芙蓉就用这种方式复出所",
"mid":"yCNVJ26oA",
"date":"2012-09-20 23:55:33"
},
{
"kids":[
"yCNWuhIOb"
],
"uid":"1946155200",
"parent":"",
"text":"@海盗眼儿 @沉思沉思辰鸶",
"mid":"yCNVArFoa",
"date":"2012-09-20 23:55:13"
},
{
"kids":[],
"uid":"2472310937",
"parent":"",
"text":"早就说恶性减肥对身心是不健康的",
"mid":"yCNV5oZ3T",
"date":"2012-09-20 23:53:59"
},
{
"kids":[],
"uid":"2673456901",
"parent":"yCNsrcI5u",
"text":"不可不吧？",
"mid":"yCNQ90fon",
"date":"2012-09-20 23:41:48"
},
{
"kids":[],
"uid":"1443191570",
"parent":"yCNDThKb8",
"text":"真的吗 不会是因为关于她有孩子的报道吧",
"mid":"yCNPWhBiN",
"date":"2012-09-20 23:41:18"
},
{
"kids":[],
"uid":"2367571612",
"parent":"",
"text":"真死了？",
"mid":"yCNPzxLTj",
"date":"2012-09-20 23:40:24"
},
{
"kids":[
"yCNWRlgJL"
],
"uid":"1880066767",
"parent":"yCNINCFd0",
"text":"这是真的么~",
"mid":"yCNPaqx2S",
"date":"2012-09-20 23:39:24"
},
{
"kids":[],
"uid":"1585057987",
"parent":"yCNsrcI5u",
"text":"[蜡烛]",
"mid":"yCNM7Bk35",
"date":"2012-09-20 23:31:54"
},
{
"kids":[
"yCR9rBRxO"
],
"uid":"klayer",
"parent":"yCNCxFd9W",
"text":"这。。。希望只是炒作。。。",
"mid":"yCNLD7XgO",
"date":"2012-09-20 23:30:41"
},
{
"kids":[],
"uid":"qingchenkimi",
"parent":"",
"text":"@阳光明媚的WBlog",
"mid":"yCNKSu8YH",
"date":"2012-09-20 23:28:50"
},
{
"kids":[],
"uid":"1402802833",
"parent":"",
"text":"不胜唏嘘。。[蜡烛]",
"mid":"yCNKstD7Y",
"date":"2012-09-20 23:27:48"
},
{
"kids":[],
"uid":"1778615875",
"parent":"",
"text":"Really?",
"mid":"yCNJa6Dq6",
"date":"2012-09-20 23:24:36"
},
{
"kids":[
"yCR4WmyZU",
"yCNPaqx2S"
],
"uid":"2041584595",
"parent":"yCNFb4O28",
"text":"我不会相信的。",
"mid":"yCNINCFd0",
"date":"2012-09-20 23:23:40"
},
{
"kids":[],
"uid":"1881207201",
"parent":"yCNzWjUhl",
"text":"虽然我对她无感，但是依然惋惜！沟通好重要，可以化解误会，排除忧愁，珍惜身边的人，无论何时何事务必保持必要的沟通，莫让自己抱憾终生！",
"mid":"yCNG8bmxq",
"date":"2012-09-20 23:17:07"
},
{
"kids":[
"yCNINCFd0"
],
"uid":"2502594040",
"parent":"",
"text":"芙蓉姐姐又不是没市场！什么情况！又一 真。女屌丝 阵亡？",
"mid":"yCNFb4O28",
"date":"2012-09-20 23:14:48"
},
{
"kids":[
"yCR8Uetby",
"yCR7tAeop",
"yCNPWhBiN"
],
"uid":"candice2506",
"parent":"yCNzWjUhl",
"text":"人在的时候很多人只会打击她 现在人走了都说她好有什么用 [蜡烛][蜡烛]",
"mid":"yCNDThKb8",
"date":"2012-09-20 23:11:37"
},
{
"kids":[],
"uid":"1439018471",
"parent":"",
"text":"不是前两天还说好好的吗～",
"mid":"yCNCIBnrb",
"date":"2012-09-20 23:08:41"
},
{
"kids":[
"yCNLD7XgO"
],
"uid":"flowerxflower2",
"parent":"",
"text":"。。。。。",
"mid":"yCNCxFd9W",
"date":"2012-09-20 23:08:15"
},
{
"kids":[
"yCNWUhYWf"
],
"uid":"2274351757",
"parent":"yCNr5A5kQ",
"text":"吃惊",
"mid":"yCNBo7mdI",
"date":"2012-09-20 23:05:27"
},
{
"kids":[
"yCRQzvlZJ",
"yCNZf6An0"
],
"uid":"tongxintracy",
"parent":"yCNzugsYE",
"text":"啊？？？？？？",
"mid":"yCNAqtRvq",
"date":"2012-09-20 23:03:05"
},
{
"kids":[],
"uid":"1852467254",
"parent":"",
"text":"凤姐应该学习下",
"mid":"yCNA5tzTq",
"date":"2012-09-20 23:02:15"
},
{
"kids":[
"yCNG8bmxq",
"yCNDThKb8"
],
"uid":"wangjue790430",
"parent":"yCNzugsYE",
"text":"",
"mid":"yCNzWjUhl",
"date":"2012-09-20 23:01:53"
},
{
"kids":[],
"uid":"2786246365",
"parent":"",
"text":"不可能吧？？？",
"mid":"yCNzuy4y2",
"date":"2012-09-20 23:00:45"
},
{
"kids":[
"yCT6t2C7Q",
"yCO5s8zVz",
"yCNAqtRvq",
"yCNzWjUhl"
],
"uid":"ditiantian",
"parent":"yCNxqy9ms",
"text":"哎，晚上看到这个消息，忽然有些失落。水木清华，从此再无奇迹。芙蓉走好",
"mid":"yCNzugsYE",
"date":"2012-09-20 23:00:46"
},
{
"kids":[],
"uid":"1912162341",
"parent":"",
"text":"求证@平安北京",
"mid":"yCNyW0AFp",
"date":"2012-09-20 22:59:21"
},
{
"kids":[],
"uid":"zolowang",
"parent":"yCNsrcI5u",
"text":"求证？？？",
"mid":"yCNyUbXN6",
"date":"2012-09-20 22:59:20"
},
{
"kids":[],
"uid":"2887505792",
"parent":"",
"text":"真的假的？",
"mid":"yCNyF9HzE",
"date":"2012-09-20 22:58:44"
},
{
"kids":[],
"uid":"1840922365",
"parent":"yCNsrcI5u",
"text":"真的？真相？",
"mid":"yCNyA8flP",
"date":"2012-09-20 22:58:33"
},
{
"kids":[
"yCNzugsYE"
],
"uid":"1988875745",
"parent":"",
"text":"表示震惊，原来她并不像表现出来的那样不在乎……",
"mid":"yCNxqy9ms",
"date":"2012-09-20 22:55:42"
},
{
"kids":[
"yD0mWjZu6"
],
"uid":"fyones",
"parent":"yCNsrcI5u",
"text":"？？",
"mid":"yCNxespHr",
"date":"2012-09-20 22:55:10"
},
{
"kids":[],
"uid":"chenxiaojun1022",
"parent":"yCNtdENiP",
"text":"[吃惊]",
"mid":"yCNvIeP9A",
"date":"2012-09-20 22:51:26"
},
{
"kids":[],
"uid":"zihai515",
"parent":"",
"text":"芙蓉姐姐自杀了？不是吧？？？",
"mid":"yCNv68lR8",
"date":"2012-09-20 22:49:57"
},
{
"kids":[
"yCSuHhk70"
],
"uid":"1993644467",
"parent":"yCNqtcnt9",
"text":"其实她的确活的挺累的，估计自己苦的也只能走上这条路了。",
"mid":"yCNu9jik1",
"date":"2012-09-20 22:47:37"
},
{
"kids":[],
"uid":"1738811147",
"parent":"yCNsS7TQo",
"text":"@厦门浪",
"mid":"yCNtRhgHj",
"date":"2012-09-20 22:46:54"
},
{
"kids":[
"yCQCKdB7Q",
"yCNvIeP9A"
],
"uid":"xctongcheng",
"parent":"",
"text":"真的？求真相！",
"mid":"yCNtdENiP",
"date":"2012-09-20 22:45:20"
},
{
"kids":[],
"uid":"2671007701",
"parent":"yCNsrcI5u",
"text":"她承担了太多的包袱，也许发生了很大的事情让她走上了这条路",
"mid":"yCNsX7DVP",
"date":"2012-09-20 22:44:41"
},
{
"kids":[
"yCNtRhgHj"
],
"uid":"0189d",
"parent":"",
"text":"看来，是真的。可惜了。登高的路努力可达、返回的路却是没有归途。",
"mid":"yCNsS7TQo",
"date":"2012-09-20 22:44:28"
},
{
"kids":[],
"uid":"xzjjessica",
"parent":"",
"text":"不是吧！！不是说她写那句话只是因为厌倦娱乐圈了么？怎么会。。。。。不敢相信。。。。芙蓉姐姐你可是励志姐啊！！哎，女人终究是脆弱的，不管怎样，一路走好[蜡烛][蜡烛][蜡烛]",
"mid":"yCNsy3a52",
"date":"2012-09-20 22:43:40"
},
{
"kids":[
"yCNQ90fon",
"yCNM7Bk35",
"yCNyUbXN6",
"yCNyA8flP",
"yCNxespHr",
"yCNsX7DVP"
],
"uid":"2083993537",
"parent":"yCNncacRS",
"text":"宝贝，这是真的吗？活着，活下去，才是生命的意义！[汗]",
"mid":"yCNsrcI5u",
"date":"2012-09-20 22:43:24"
},
{
"kids":[
"yCNBo7mdI"
],
"uid":"1035938010",
"parent":"yCNniE3Li",
"text":"求证",
"mid":"yCNr5A5kQ",
"date":"2012-09-20 22:40:05"
},
{
"kids":[
"yCNu9jik1"
],
"uid":"cherrydongdong",
"parent":"",
"text":"@microrain",
"mid":"yCNqtcnt9",
"date":"2012-09-20 22:38:33"
},
{
"kids":[
"yCThanurD"
],
"uid":"1960723302",
"parent":"yCNm5hKSP",
"text":"她小孩咋办？[泪]",
"mid":"yCNnPaDDR",
"date":"2012-09-20 22:32:02"
},
{
"kids":[
"yCNr5A5kQ"
],
"uid":"zdflm0912",
"parent":"yCNm5hKSP",
"text":"",
"mid":"yCNniE3Li",
"date":"2012-09-20 22:30:45"
},
{
"kids":[
"yCNsrcI5u"
],
"uid":"2263122627",
"parent":"yCNmI2rKi",
"text":"",
"mid":"yCNncacRS",
"date":"2012-09-20 22:30:29"
},
{
"kids":[],
"uid":"2232765931",
"parent":"",
"text":"真走了？[蜡烛]虽然一开始不喜欢她，不过后面的经历也算蛮励志的了",
"mid":"yCNmRtIFj",
"date":"2012-09-20 22:29:40"
},
{
"kids":[
"yCNncacRS"
],
"uid":"0189d",
"parent":"yCNkxi3eC",
"text":"回复@prettygirl_ma:一切的褒贬，都成云烟了",
"mid":"yCNmI2rKi",
"date":"2012-09-20 22:29:17"
},
{
"kids":[],
"uid":"2671007701",
"parent":"yCNkxi3eC",
"text":"感觉她还是很有毅力的一个人",
"mid":"yCNmij448",
"date":"2012-09-20 22:28:13"
},
{
"kids":[
"yCNnPaDDR",
"yCNniE3Li"
],
"uid":"caroshi",
"parent":"yCNkxi3eC",
"text":"为什么？",
"mid":"yCNm5hKSP",
"date":"2012-09-20 22:27:44"
},
{
"kids":[
"yCNmI2rKi",
"yCNmij448",
"yCNm5hKSP"
],
"uid":"0189d",
"parent":"",
"text":"风华正茂、可惜了。",
"mid":"yCNkxi3eC",
"date":"2012-09-20 22:23:57"
},
{
"kids":[],
"uid":"0189d",
"parent":"",
"text":"真的吗？？？",
"mid":"yCNjXfGuY",
"date":"2012-09-20 22:22:30"
},
{
"kids":[],
"uid":"2436460313",
"parent":"",
"text":"[蜡烛]为什么这么突然？之前有什么征兆吗？",
"mid":"yCNjfdpEd",
"date":"2012-09-20 22:20:44"
}
]