[
{
"kids":[],
"uid":"2810116272",
"parent":"yCsVL6k9T",
"text":"",
"mid":"z0onYndHS",
"date":"2012-10-14 07:46:29"
},
{
"kids":[],
"uid":"2920604020",
"parent":"yCsVL6k9T",
"text":"",
"mid":"z0gFxqnm6",
"date":"2012-10-13 12:07:46"
},
{
"kids":[],
"uid":"2809816742",
"parent":"yCsVL6k9T",
"text":"",
"mid":"yFqHMo0eX",
"date":"2012-10-08 06:18:56"
},
{
"kids":[],
"uid":"2803041484",
"parent":"yCsVL6k9T",
"text":"",
"mid":"yFqHMo0e8",
"date":"2012-10-08 06:18:56"
},
{
"kids":[],
"uid":"2920031684",
"parent":"yCsVL6k9T",
"text":"",
"mid":"yFigriVwU",
"date":"2012-10-07 08:49:35"
},
{
"kids":[],
"uid":"1778328541",
"parent":"yCsVL6k9T",
"text":"",
"mid":"yFigqpGzQ",
"date":"2012-10-07 08:49:33"
},
{
"kids":[],
"uid":"1443928052",
"parent":"",
"text":"",
"mid":"yF4uRxXku",
"date":"2012-10-05 21:46:40"
},
{
"kids":[],
"uid":"1440482590",
"parent":"",
"text":"",
"mid":"yF4uRhNF1",
"date":"2012-10-05 21:46:41"
},
{
"kids":[],
"uid":"1583373863",
"parent":"yCsVL6k9T",
"text":"",
"mid":"yEtXqrZoo",
"date":"2012-10-02 00:45:23"
},
{
"kids":[],
"uid":"2803753470",
"parent":"yCsVL6k9T",
"text":"",
"mid":"yEtXqq2zS",
"date":"2012-10-02 00:45:25"
},
{
"kids":[],
"uid":"doradcy",
"parent":"yCrsFEAQm",
"text":"@Z_张俊彦",
"mid":"yEsPaxKGs",
"date":"2012-10-01 21:52:20"
},
{
"kids":[],
"uid":"2804420070",
"parent":"yCsVL6k9T",
"text":"",
"mid":"yErhrCACS",
"date":"2012-10-01 17:56:30"
},
{
"kids":[],
"uid":"2790049800",
"parent":"yCsVL6k9T",
"text":"",
"mid":"yErhrCAzt",
"date":"2012-10-01 17:56:27"
},
{
"kids":[],
"uid":"2790053770",
"parent":"yCsviv8bu",
"text":"",
"mid":"yDVaozp4T",
"date":"2012-09-28 08:11:13"
},
{
"kids":[],
"uid":"2919838800",
"parent":"yCsviv8bu",
"text":"",
"mid":"yDVaozp2K",
"date":"2012-09-28 08:11:14"
},
{
"kids":[],
"uid":"1776558434",
"parent":"yCsviv8bu",
"text":"",
"mid":"yDNqRmeou",
"date":"2012-09-27 12:29:48"
},
{
"kids":[],
"uid":"1589516277",
"parent":"yCsviv8bu",
"text":"",
"mid":"yDNqR4Ddd",
"date":"2012-09-27 12:29:47"
},
{
"kids":[],
"uid":"2919949464",
"parent":"yCsviv8bu",
"text":"",
"mid":"yDwSgna0i",
"date":"2012-09-25 18:20:39"
},
{
"kids":[],
"uid":"2919310382",
"parent":"yCsviv8bu",
"text":"",
"mid":"yDtTteLjO",
"date":"2012-09-25 10:45:21"
},
{
"kids":[],
"uid":"2641832621",
"parent":"yCuQLtxNQ",
"text":"",
"mid":"yDbh68oJA",
"date":"2012-09-23 11:21:23"
},
{
"kids":[],
"uid":"2163257814",
"parent":"yCrK82Rh2",
"text":"",
"mid":"yCSwxjT7O",
"date":"2012-09-21 11:37:13"
},
{
"kids":[],
"uid":"2460935340",
"parent":"yCrG8pxJs",
"text":"",
"mid":"yCMVmc6VU",
"date":"2012-09-20 21:21:51"
},
{
"kids":[],
"uid":"51577383",
"parent":"",
"text":"这到底是无锡？还是成都？！！！！",
"mid":"yCK5bDMn4",
"date":"2012-09-20 14:07:53"
},
{
"kids":[],
"uid":"2808061342",
"parent":"yCsM2j2KI",
"text":"",
"mid":"yCCLl8mpv",
"date":"2012-09-19 19:29:42"
},
{
"kids":[],
"uid":"2919312254",
"parent":"yCsM2j2KI",
"text":"",
"mid":"yCCLkvHIY",
"date":"2012-09-19 19:29:44"
},
{
"kids":[],
"uid":"2919445370",
"parent":"yCsM2j2KI",
"text":"",
"mid":"yCzQsixvF",
"date":"2012-09-19 12:04:07"
},
{
"kids":[],
"uid":"2920526530",
"parent":"yCsGjFIgb",
"text":"",
"mid":"yCxWSusLe",
"date":"2012-09-19 07:14:26"
},
{
"kids":[],
"uid":"1581949302",
"parent":"yCsGjFIgb",
"text":"",
"mid":"yCxWSusKR",
"date":"2012-09-19 07:14:27"
},
{
"kids":[],
"uid":"1581757380",
"parent":"yCsM2j2KI",
"text":"",
"mid":"yCxT1r2wm",
"date":"2012-09-19 07:04:57"
},
{
"kids":[],
"uid":"2804837354",
"parent":"yCsM2j2KI",
"text":"",
"mid":"yCxT18ECg",
"date":"2012-09-19 07:04:57"
},
{
"kids":[],
"uid":"2802817552",
"parent":"yCsviv8bu",
"text":"",
"mid":"yCxHneJ5C",
"date":"2012-09-19 06:36:15"
},
{
"kids":[],
"uid":"1777582980",
"parent":"yCsviv8bu",
"text":"",
"mid":"yCxHneJ5n",
"date":"2012-09-19 06:36:14"
},
{
"kids":[],
"uid":"1770202972",
"parent":"",
"text":"9.18天河正佳广场门前",
"mid":"yCuRDjZFI",
"date":"2012-09-18 23:23:17"
},
{
"kids":[
"yDbh68oJA"
],
"uid":"1461879100",
"parent":"yCuMH8YM0",
"text":"真心热血沸腾！",
"mid":"yCuQLtxNQ",
"date":"2012-09-18 23:21:08"
},
{
"kids":[
"yCuQLtxNQ"
],
"uid":"1912692565",
"parent":"yCrLn7tvv",
"text":"呵!!!!不热吗???",
"mid":"yCuMH8YM0",
"date":"2012-09-18 23:11:03"
},
{
"kids":[],
"uid":"snowicer",
"parent":"yCu5xcrzV",
"text":"[吃惊][吃惊][吃惊]",
"mid":"yCuwso18f",
"date":"2012-09-18 22:31:07"
},
{
"kids":[],
"uid":"2476148110",
"parent":"yCu5xcrzV",
"text":"@paopaorou",
"mid":"yCugq6Erd",
"date":"2012-09-18 21:51:36"
},
{
"kids":[],
"uid":"bioz",
"parent":"yCu5xcrzV",
"text":"。。。。",
"mid":"yCu9gySbf",
"date":"2012-09-18 21:33:59"
},
{
"kids":[
"yCuwso18f",
"yCugq6Erd",
"yCu9gySbf"
],
"uid":"2462271565",
"parent":"yCrHNuJyw",
"text":"我靠，这才叫@裙摆飘飘Ivy菁菁 @是serval @-白云朵朵- @-s_Smile肥肥 @",
"mid":"yCu5xcrzV",
"date":"2012-09-18 21:24:47"
},
{
"kids":[],
"uid":"2104780571",
"parent":"",
"text":"",
"mid":"yCtYq47eh",
"date":"2012-09-18 21:07:13"
},
{
"kids":[],
"uid":"momoly0326",
"parent":"yCryfE7VU",
"text":"@ztroma 我说，还好吗！",
"mid":"yCtUG5fVM",
"date":"2012-09-18 20:57:58"
},
{
"kids":[],
"uid":"532573801",
"parent":"yCsrm94SO",
"text":"",
"mid":"yCtILizss",
"date":"2012-09-18 20:28:42"
},
{
"kids":[],
"uid":"1105017031",
"parent":"yCsNkEOjE",
"text":"啊?![吃惊]",
"mid":"yCtx9c0hk",
"date":"2012-09-18 20:00:03"
},
{
"kids":[],
"uid":"2516925874",
"parent":"yCsIN3Jec",
"text":"",
"mid":"yCts2b0Te",
"date":"2012-09-18 19:47:28"
},
{
"kids":[],
"uid":"wkc0909",
"parent":"yCtoDbuwz",
"text":"造谣的人去屎",
"mid":"yCtriBOKh",
"date":"2012-09-18 19:45:41"
},
{
"kids":[],
"uid":"zhouyulovefir",
"parent":"",
"text":"介系要爪子！[神马]",
"mid":"yCtqbuSPL",
"date":"2012-09-18 19:42:56"
},
{
"kids":[
"yCtriBOKh"
],
"uid":"2108740674",
"parent":"",
"text":"注意，这不是成都!",
"mid":"yCtoDbuwz",
"date":"2012-09-18 19:39:05"
},
{
"kids":[],
"uid":"swasantworker",
"parent":"yCsMO98eJ",
"text":"",
"mid":"yCtki12m8",
"date":"2012-09-18 19:28:22"
},
{
"kids":[],
"uid":"1803364253",
"parent":"yCti7ghaM",
"text":"看到这么多人的时候，总是会冥想，一颗陨石砸在中间，我是不是太变态了",
"mid":"yCtjMFabA",
"date":"2012-09-18 19:27:09"
},
{
"kids":[],
"uid":"2005403397",
"parent":"yCsjVbqQP",
"text":"刚才看了另一个微博说是无锡",
"mid":"yCtiODL1G",
"date":"2012-09-18 19:24:47"
},
{
"kids":[
"yCtjMFabA"
],
"uid":"qieqiede",
"parent":"",
"text":"这个麦当劳像正佳哇？@时光消瘦兔",
"mid":"yCti7ghaM",
"date":"2012-09-18 19:23:00"
},
{
"kids":[],
"uid":"roselee1120",
"parent":"yCrtyApmy",
"text":"@小切_Cherub",
"mid":"yCthdlJqq",
"date":"2012-09-18 19:20:48"
},
{
"kids":[],
"uid":"2697840335",
"parent":"yCsviv8bu",
"text":"成都不愧为麻辣城！",
"mid":"yCt5uv3Pm",
"date":"2012-09-18 18:51:56"
},
{
"kids":[],
"uid":"ajliu",
"parent":"",
"text":"九成看热闹",
"mid":"yCt56dA2N",
"date":"2012-09-18 18:50:58"
},
{
"kids":[],
"uid":"henry7640",
"parent":"yCsSO9syr",
"text":"再次说明，改图并非成都",
"mid":"yCt0HwRfl",
"date":"2012-09-18 18:40:05"
},
{
"kids":[
"z0onYndHS",
"z0gFxqnm6",
"yFqHMo0eX",
"yFqHMo0e8",
"yFigriVwU",
"yFigqpGzQ",
"yEtXqrZoo",
"yEtXqq2zS",
"yErhrCACS",
"yErhrCAzt"
],
"uid":"2135894430",
"parent":"yCsrm94SO",
"text":"给力      http:",
"mid":"yCsVL6k9T",
"date":"2012-09-18 18:27:54"
},
{
"kids":[],
"uid":"1768447910",
"parent":"yCrlGr7uO",
"text":"",
"mid":"yCsV6jfep",
"date":"2012-09-18 18:26:18"
},
{
"kids":[
"yCt0HwRfl"
],
"uid":"afanqq",
"parent":"yCsrm94SO",
"text":"这是成都嘛？[吃惊]",
"mid":"yCsSO9syr",
"date":"2012-09-18 18:20:41"
},
{
"kids":[],
"uid":"2835336893",
"parent":"yCsco2trR",
"text":"",
"mid":"yCsRSxB4s",
"date":"2012-09-18 18:18:24"
},
{
"kids":[],
"uid":"meituan01",
"parent":"yCrlGr7uO",
"text":"",
"mid":"yCsRAftdV",
"date":"2012-09-18 18:17:38"
},
{
"kids":[],
"uid":"1210052190",
"parent":"",
"text":"好多人！",
"mid":"yCsR95lng",
"date":"2012-09-18 18:16:35"
},
{
"kids":[],
"uid":"2736358100",
"parent":"",
"text":"这几天好好待着吧！！广州好恐怖",
"mid":"yCsQezRlN",
"date":"2012-09-18 18:14:21"
},
{
"kids":[],
"uid":"1961629547",
"parent":"",
"text":"",
"mid":"yCsP3hYDG",
"date":"2012-09-18 18:11:26"
},
{
"kids":[
"yCtx9c0hk"
],
"uid":"1256380285",
"parent":"yCrqrm5Nm",
"text":"[吃惊]",
"mid":"yCsNkEOjE",
"date":"2012-09-18 18:07:12"
},
{
"kids":[
"yCtki12m8"
],
"uid":"dianazuo",
"parent":"yCsM2j2KI",
"text":"",
"mid":"yCsMO98eJ",
"date":"2012-09-18 18:05:53"
},
{
"kids":[
"yCCLl8mpv",
"yCCLkvHIY",
"yCzQsixvF",
"yCxT1r2wm",
"yCxT18ECg",
"yCsMO98eJ"
],
"uid":"1195155973",
"parent":"",
"text":"成都的公交不是这样五颜六色的！！！！！！清醒些吧，网民们，小心某些别有用心的坏人！！！！！！！",
"mid":"yCsM2j2KI",
"date":"2012-09-18 18:03:58"
},
{
"kids":[],
"uid":"1953475932",
"parent":"yCrlP3kPd",
"text":"",
"mid":"yCsLt61Md",
"date":"2012-09-18 18:02:36"
},
{
"kids":[],
"uid":"2410371510",
"parent":"",
"text":"不是成都吧！",
"mid":"yCsJ9dyv5",
"date":"2012-09-18 17:56:53"
},
{
"kids":[],
"uid":"313197771",
"parent":"",
"text":"",
"mid":"yCsJ053Rs",
"date":"2012-09-18 17:56:29"
},
{
"kids":[
"yCts2b0Te"
],
"uid":"butterflychun",
"parent":"",
"text":"@元宵927 看吧~",
"mid":"yCsIN3Jec",
"date":"2012-09-18 17:56:00"
},
{
"kids":[],
"uid":"1909282307",
"parent":"yCrkIsiqo",
"text":"[衰]这也太多了吧~！",
"mid":"yCsGrFBH7",
"date":"2012-09-18 17:50:15"
},
{
"kids":[
"yCxWSusLe",
"yCxWSusKR"
],
"uid":"blueberryscd",
"parent":"yCrlGr7uO",
"text":"春熙路的桥哪里去了？欺负外地人啊？",
"mid":"yCsGjFIgb",
"date":"2012-09-18 17:49:52"
},
{
"kids":[],
"uid":"sheisthequeen",
"parent":"",
"text":"都疯了吧",
"mid":"yCsFKgkcM",
"date":"2012-09-18 17:48:30"
},
{
"kids":[],
"uid":"2653505361",
"parent":"",
"text":"[闭嘴][闭嘴][闭嘴]",
"mid":"yCsCplOQU",
"date":"2012-09-18 17:40:16"
},
{
"kids":[],
"uid":"1957923171",
"parent":"yCrprg8BX",
"text":"春熙路发生了什么……@浮躁的心需要沉淀: [衰]",
"mid":"yCsCfjZJK",
"date":"2012-09-18 17:39:50"
},
{
"kids":[],
"uid":"1800514910",
"parent":"yCspYsOKP",
"text":"哗 甘搞比日本仔揾D人去搞搞米好易内战，恐怖。",
"mid":"yCsBFzshE",
"date":"2012-09-18 17:38:29"
},
{
"kids":[],
"uid":"zhangyu67",
"parent":"",
"text":"@吴娇925 求鉴定。@琥珀飞鸟 @四娃笑个 看下这个正仗",
"mid":"yCsBemrv9",
"date":"2012-09-18 17:37:23"
},
{
"kids":[],
"uid":"2188764832",
"parent":"",
"text":"[国旗]",
"mid":"yCsB21RHm",
"date":"2012-09-18 17:36:53"
},
{
"kids":[],
"uid":"2172129454",
"parent":"yCsrm94SO",
"text":"这是P过的吗，怎么下班啊？？？",
"mid":"yCszStpNx",
"date":"2012-09-18 17:34:03"
},
{
"kids":[],
"uid":"2709503763",
"parent":"",
"text":"转发微博。",
"mid":"yCsxdzAIk",
"date":"2012-09-18 17:27:30"
},
{
"kids":[],
"uid":"tang0152",
"parent":"yCssTfELS",
"text":"这是不是都算参加社会活动？",
"mid":"yCsx0yrTc",
"date":"2012-09-18 17:27:00"
},
{
"kids":[],
"uid":"wdmmay",
"parent":"yCrlGr7uO",
"text":"造谣可耻!!!!",
"mid":"yCswFj0lO",
"date":"2012-09-18 17:26:08"
},
{
"kids":[],
"uid":"aoxiaojun",
"parent":"yCstKtjQk",
"text":"滚出钓鱼岛！！",
"mid":"yCswu7HP6",
"date":"2012-09-18 17:25:42"
},
{
"kids":[],
"uid":"xiejx",
"parent":"yCsrm94SO",
"text":"删了吧，明显PS过的图~有此人就是唯恐天下不乱……",
"mid":"yCsvlaROz",
"date":"2012-09-18 17:22:52"
},
{
"kids":[
"yDVaozp4T",
"yDVaozp2K",
"yDNqRmeou",
"yDNqR4Ddd",
"yDwSgna0i",
"yDtTteLjO",
"yCxHneJ5C",
"yCxHneJ5n",
"yCt5uv3Pm"
],
"uid":"2296744393",
"parent":"",
"text":"还是成都给力啊@向阳花花",
"mid":"yCsviv8bu",
"date":"2012-09-18 17:22:44"
},
{
"kids":[],
"uid":"LinH1991",
"parent":"",
"text":"这个是08.5.7奥运火炬传递",
"mid":"yCsuY9YWR",
"date":"2012-09-18 17:21:57"
},
{
"kids":[
"yCswu7HP6"
],
"uid":"2004084615",
"parent":"yCsrP6Q7R",
"text":"",
"mid":"yCstKtjQk",
"date":"2012-09-18 17:18:57"
},
{
"kids":[],
"uid":"1713662561",
"parent":"yCsrm94SO",
"text":"",
"mid":"yCstFsYqo",
"date":"2012-09-18 17:18:43"
},
{
"kids":[
"yCsx0yrTc"
],
"uid":"2708497957",
"parent":"yCrP7qwuq",
"text":"今天是都休假么？？？",
"mid":"yCssTfELS",
"date":"2012-09-18 17:16:47"
},
{
"kids":[
"yCstKtjQk"
],
"uid":"2078908185",
"parent":"yCrzZdEss",
"text":"",
"mid":"yCsrP6Q7R",
"date":"2012-09-18 17:14:12"
},
{
"kids":[
"yCtILizss",
"yCsVL6k9T",
"yCsSO9syr",
"yCszStpNx",
"yCsvlaROz",
"yCstFsYqo"
],
"uid":"gongxinran",
"parent":"yCspYsOKP",
"text":"和918无关的图片~虚张声势用！",
"mid":"yCsrm94SO",
"date":"2012-09-18 17:13:00"
},
{
"kids":[],
"uid":"2013115893",
"parent":"yCrsrtxxC",
"text":"这是在干什么啊？",
"mid":"yCsresZqw",
"date":"2012-09-18 17:12:46"
},
{
"kids":[
"yCsBFzshE",
"yCsrm94SO"
],
"uid":"sqr5",
"parent":"yCsmQiXC9",
"text":"下面的链接不能保证是这张图片的源头，但至少说明它和918无关。http:",
"mid":"yCspYsOKP",
"date":"2012-09-18 17:09:37"
},
{
"kids":[
"yCspYsOKP"
],
"uid":"1238880677",
"parent":"yCrLjCsFP",
"text":"",
"mid":"yCsmQiXC9",
"date":"2012-09-18 17:01:56"
},
{
"kids":[],
"uid":"821120666",
"parent":"yCsklcUNa",
"text":"",
"mid":"yCsmm8AwJ",
"date":"2012-09-18 17:00:42"
},
{
"kids":[],
"uid":"41820463",
"parent":"yCsklcUNa",
"text":"不是深圳么？……",
"mid":"yCskU35FO",
"date":"2012-09-18 16:57:09"
},
{
"kids":[
"yCsmm8AwJ",
"yCskU35FO"
],
"uid":"1864475067",
"parent":"yCryV0CsA",
"text":"@滕老忙",
"mid":"yCsklcUNa",
"date":"2012-09-18 16:55:46"
},
{
"kids":[
"yCtiODL1G"
],
"uid":"1808543252",
"parent":"yCsfpmguv",
"text":"回复@贺炜--钓鱼岛是中国的:918呀，勿忘国耻哦！",
"mid":"yCsjVbqQP",
"date":"2012-09-18 16:54:44"
},
{
"kids":[],
"uid":"2246442280",
"parent":"yCrQdCTHz",
"text":"啪啪满啊",
"mid":"yCshrvFyF",
"date":"2012-09-18 16:48:37"
},
{
"kids":[],
"uid":"2158527687",
"parent":"",
"text":"其实吧 我还没看到全部 我已经被雷到了 只想说 我去容易 回来难啊",
"mid":"yCsfH6jjF",
"date":"2012-09-18 16:44:19"
},
{
"kids":[],
"uid":"1377915527",
"parent":"",
"text":"太壮观了啊！这些人都不上班吗",
"mid":"yCsfz7x5q",
"date":"2012-09-18 16:44:00"
},
{
"kids":[
"yCsjVbqQP"
],
"uid":"1808543252",
"parent":"",
"text":"高楼拍下去的这么多人啊",
"mid":"yCsfpmguv",
"date":"2012-09-18 16:43:35"
},
{
"kids":[],
"uid":"1861772340",
"parent":"",
"text":"好壮观！",
"mid":"yCsfaeICc",
"date":"2012-09-18 16:43:01"
},
{
"kids":[],
"uid":"2586797651",
"parent":"",
"text":"[晕]",
"mid":"yCseK123n",
"date":"2012-09-18 16:41:58"
},
{
"kids":[
"yCsRSxB4s"
],
"uid":"2859120854",
"parent":"yCs37yvbz",
"text":"",
"mid":"yCsco2trR",
"date":"2012-09-18 16:36:10"
},
{
"kids":[],
"uid":"2671192964",
"parent":"yCs7D5vjT",
"text":"@本殿-陌问 你看右边是谁→_→",
"mid":"yCsadzetR",
"date":"2012-09-18 16:30:48"
},
{
"kids":[],
"uid":"2716797081",
"parent":"",
"text":"可惜我也在上班！",
"mid":"yCs966pbU",
"date":"2012-09-18 16:28:04"
},
{
"kids":[],
"uid":"2129037231",
"parent":"yCs1lEdBe",
"text":"@彻子 你学车蛮悠闲啊，我男朋友当时电话都不接我的，看来是他对我态度不行啊",
"mid":"yCs8Lr0HP",
"date":"2012-09-18 16:27:16"
},
{
"kids":[
"yCsadzetR"
],
"uid":"2952006265",
"parent":"",
"text":"爱国人士真的有很多！",
"mid":"yCs7D5vjT",
"date":"2012-09-18 16:24:27"
},
{
"kids":[],
"uid":"geyuanming",
"parent":"yCrlP3kPd",
"text":"",
"mid":"yCs6xqfhw",
"date":"2012-09-18 16:21:46"
},
{
"kids":[
"yCsco2trR"
],
"uid":"2834041883",
"parent":"yCs0rwiNQ",
"text":"[吃惊][吃惊][吃惊][吃惊]",
"mid":"yCs37yvbz",
"date":"2012-09-18 16:13:19"
},
{
"kids":[],
"uid":"2846503651",
"parent":"yCrlKhGkS",
"text":"",
"mid":"yCs2TF2WL",
"date":"2012-09-18 16:12:49"
},
{
"kids":[],
"uid":"qsas",
"parent":"",
"text":"浩大",
"mid":"yCs2GlnNV",
"date":"2012-09-18 16:12:17"
},
{
"kids":[],
"uid":"1408397285",
"parent":"",
"text":"[吃惊]我去，这是？四川人哎，大多是凑热闹的",
"mid":"yCs2jk9Qk",
"date":"2012-09-18 16:11:19"
},
{
"kids":[
"yCs8Lr0HP"
],
"uid":"special",
"parent":"yCrSrEnra",
"text":"@邓宇FisH",
"mid":"yCs1lEdBe",
"date":"2012-09-18 16:09:00"
},
{
"kids":[
"yCs37yvbz"
],
"uid":"2832609245",
"parent":"",
"text":"[吃惊]",
"mid":"yCs0rwiNQ",
"date":"2012-09-18 16:06:45"
},
{
"kids":[],
"uid":"09267004",
"parent":"yCrqrm5Nm",
"text":"[晕][晕]",
"mid":"yCrZH8y72",
"date":"2012-09-18 16:04:53"
},
{
"kids":[],
"uid":"1425840122",
"parent":"yCrTTt4LB",
"text":"不过我倒蛮好奇这是哪里因为什么而聚集有没有踩死人[草泥马]",
"mid":"yCrZbds9p",
"date":"2012-09-18 16:03:36"
},
{
"kids":[],
"uid":"2540943502",
"parent":"yCrlGr7uO",
"text":"这些人唯恐天下不乱，乱了对谁也没有好处。",
"mid":"yCrZ5AnB7",
"date":"2012-09-18 16:03:25"
},
{
"kids":[],
"uid":"1767097995",
"parent":"yCrUJd4ca",
"text":"这是神马情况@张黎1983",
"mid":"yCrXTFb5Z",
"date":"2012-09-18 16:00:29"
},
{
"kids":[],
"uid":"2949985964",
"parent":"",
"text":"图片上不是成都吧！！！！！！乱说",
"mid":"yCrWR1pqx",
"date":"2012-09-18 15:57:55"
},
{
"kids":[
"yCrXTFb5Z"
],
"uid":"1746566064",
"parent":"",
"text":"你妹儿给你说这是春熙路！",
"mid":"yCrUJd4ca",
"date":"2012-09-18 15:52:38"
},
{
"kids":[
"yCrZbds9p"
],
"uid":"1678624085",
"parent":"yCrqFgIqC",
"text":"",
"mid":"yCrTTt4LB",
"date":"2012-09-18 15:50:37"
},
{
"kids":[],
"uid":"1591199410",
"parent":"yCrHshRtp",
"text":"哪只眼睛看得出来这个是春熙路？！乱扯",
"mid":"yCrSHCIj7",
"date":"2012-09-18 15:47:40"
},
{
"kids":[
"yCs1lEdBe"
],
"uid":"2129037231",
"parent":"yCrqrm5Nm",
"text":"密集恐惧症...",
"mid":"yCrSrEnra",
"date":"2012-09-18 15:47:04"
},
{
"kids":[],
"uid":"wm15719",
"parent":"yCrBo8lds",
"text":"太多人了麻",
"mid":"yCrQQnH4W",
"date":"2012-09-18 15:43:05"
},
{
"kids":[],
"uid":"1752906883",
"parent":"",
"text":"[吃惊]",
"mid":"yCrQNqmcM",
"date":"2012-09-18 15:42:59"
},
{
"kids":[
"yCshrvFyF"
],
"uid":"dyo1px",
"parent":"",
"text":"一看吓一跳。。。原来爱国人士还真是多啊。。",
"mid":"yCrQdCTHz",
"date":"2012-09-18 15:41:34"
},
{
"kids":[
"yCssTfELS"
],
"uid":"1674489525",
"parent":"",
"text":"伊藤洋华堂不会又被洗劫了吧？",
"mid":"yCrP7qwuq",
"date":"2012-09-18 15:38:51"
},
{
"kids":[],
"uid":"2550098017",
"parent":"yCrkj3gSR",
"text":"把小日本拍死在沙滩上！",
"mid":"yCrN4DOZx",
"date":"2012-09-18 15:33:49"
},
{
"kids":[],
"uid":"1862988934",
"parent":"yCrG8pxJs",
"text":"本来就烦，还要造谣[怒]",
"mid":"yCrM38jSt",
"date":"2012-09-18 15:31:18"
},
{
"kids":[],
"uid":"wuzuncalvinchen",
"parent":"yCrH6nrPK",
"text":"这图忽悠了多少人，刚看广州用这图，现在这又用[衰]",
"mid":"yCrLV9xyI",
"date":"2012-09-18 15:30:58"
},
{
"kids":[],
"uid":"2398736031",
"parent":"",
"text":"居心叵测",
"mid":"yCrLw3sSh",
"date":"2012-09-18 15:29:58"
},
{
"kids":[],
"uid":"2406234387",
"parent":"yCrlGr7uO",
"text":"这是广州正佳广场！",
"mid":"yCrLuyzP9",
"date":"2012-09-18 15:29:53"
},
{
"kids":[
"yCuMH8YM0"
],
"uid":"lemon0120",
"parent":"yCrI2k39Y",
"text":"造谣可耻！",
"mid":"yCrLn7tvv",
"date":"2012-09-18 15:29:35"
},
{
"kids":[
"yCsmQiXC9"
],
"uid":"1821136873",
"parent":"yCrH4D8Yz",
"text":"",
"mid":"yCrLjCsFP",
"date":"2012-09-18 15:29:27"
},
{
"kids":[],
"uid":"2918249301",
"parent":"yCrGUiG3D",
"text":"太密集了！！！",
"mid":"yCrLex6P3",
"date":"2012-09-18 15:29:17"
},
{
"kids":[],
"uid":"1982130421",
"parent":"",
"text":"",
"mid":"yCrL59NKL",
"date":"2012-09-18 15:28:53"
},
{
"kids":[],
"uid":"2352098763",
"parent":"yCrqrm5Nm",
"text":"[吃惊]",
"mid":"yCrKrxxbv",
"date":"2012-09-18 15:27:20"
},
{
"kids":[
"yCSwxjT7O"
],
"uid":"1699315932",
"parent":"yCrG8pxJs",
"text":"坚决抵制造假者",
"mid":"yCrK82Rh2",
"date":"2012-09-18 15:26:33"
},
{
"kids":[],
"uid":"1752823062",
"parent":"",
"text":"",
"mid":"yCrJVkPbd",
"date":"2012-09-18 15:26:03"
},
{
"kids":[],
"uid":"1661197997",
"parent":"yCrG7wMrU",
"text":"向敢于戳穿美帝阴谋的炮哥致敬",
"mid":"yCrJmrOYV",
"date":"2012-09-18 15:24:39"
},
{
"kids":[
"yCrLn7tvv"
],
"uid":"1959596415",
"parent":"",
"text":"造谣可耻",
"mid":"yCrI2k39Y",
"date":"2012-09-18 15:21:22"
},
{
"kids":[
"yCu5xcrzV"
],
"uid":"cz1017",
"parent":"yCrkb5RK9",
"text":"成都不是这公交车哦。",
"mid":"yCrHNuJyw",
"date":"2012-09-18 15:20:47"
},
{
"kids":[],
"uid":"1909121352",
"parent":"",
"text":"[汗][汗][汗]",
"mid":"yCrHvwO1y",
"date":"2012-09-18 15:20:07"
},
{
"kids":[
"yCrSHCIj7"
],
"uid":"pacelion",
"parent":"",
"text":"沸腾个屁，假照片满天飞！",
"mid":"yCrHshRtp",
"date":"2012-09-18 15:19:57"
},
{
"kids":[],
"uid":"1997799487",
"parent":"",
"text":"手机没电，照片都没有",
"mid":"yCrHk1uhE",
"date":"2012-09-18 15:19:38"
},
{
"kids":[],
"uid":"2718738141",
"parent":"yCrlGr7uO",
"text":"应该追究造谣者！",
"mid":"yCrHjpQtJ",
"date":"2012-09-18 15:19:38"
},
{
"kids":[],
"uid":"334594988",
"parent":"yCrGMBveS",
"text":"该图片是2008年奥运火炬在我市天河体育中心附近传递时的照片",
"mid":"yCrH88Fe6",
"date":"2012-09-18 15:19:10"
},
{
"kids":[
"yCrLV9xyI"
],
"uid":"juanjuan5201988",
"parent":"",
"text":"[衰]这图好受用。哪个城市都这么拥挤…广州那边也用",
"mid":"yCrH6nrPK",
"date":"2012-09-18 15:19:06"
},
{
"kids":[
"yCrLjCsFP"
],
"uid":"henry7640",
"parent":"",
"text":"此次转发只为提醒看到该图片的人，图片并非918成都景象，广州公安局也辟谣称该照片并非广州场景。感谢理性而不盲从的公民为社会秩序的贡献！",
"mid":"yCrH4D8Yz",
"date":"2012-09-18 15:19:00"
},
{
"kids":[],
"uid":"2310712472",
"parent":"yCrlGr7uO",
"text":"打假！",
"mid":"yCrH3qH2b",
"date":"2012-09-18 15:18:57"
},
{
"kids":[
"yCrLex6P3"
],
"uid":"2214853135",
"parent":"yCrrJqhqq",
"text":"",
"mid":"yCrGUiG3D",
"date":"2012-09-18 15:18:35"
},
{
"kids":[
"yCrH88Fe6"
],
"uid":"guiwu17",
"parent":"yCrG8pxJs",
"text":"造谣要不得！",
"mid":"yCrGMBveS",
"date":"2012-09-18 15:18:19"
},
{
"kids":[
"yCMVmc6VU",
"yCrM38jSt",
"yCrK82Rh2",
"yCrGMBveS"
],
"uid":"scgajjw",
"parent":"",
"text":"此为造谣图片，请勿传谣，后果自负。",
"mid":"yCrG8pxJs",
"date":"2012-09-18 15:16:43"
},
{
"kids":[
"yCrJmrOYV"
],
"uid":"swrodandtea",
"parent":"",
"text":"锤子哦，这儿根本就不是春熙路，你娃传谣嗦！！[怒][怒][怒]",
"mid":"yCrG7wMrU",
"date":"2012-09-18 15:16:40"
},
{
"kids":[],
"uid":"1180069767",
"parent":"",
"text":"这个游行太恐怖了[汗]",
"mid":"yCrG7eH7e",
"date":"2012-09-18 15:16:39"
},
{
"kids":[],
"uid":"2918953647",
"parent":"yCrlGr7uO",
"text":"",
"mid":"yCrFD65L2",
"date":"2012-09-18 15:15:28"
},
{
"kids":[],
"uid":"1804581617",
"parent":"yCrywu6Qj",
"text":"这是假的",
"mid":"yCrEx7J3H",
"date":"2012-09-18 15:12:46"
},
{
"kids":[],
"uid":"2637525881",
"parent":"yCrlGr7uO",
"text":"这图也同时出现在深圳！",
"mid":"yCrDZa4mc",
"date":"2012-09-18 15:11:25"
},
{
"kids":[],
"uid":"64438913",
"parent":"yCryslWJd",
"text":"",
"mid":"yCrDYwo14",
"date":"2012-09-18 15:11:22"
},
{
"kids":[],
"uid":"2607113565",
"parent":"yCrlGr7uO",
"text":"确实造谣，我们都在春熙路上班",
"mid":"yCrD1p6va",
"date":"2012-09-18 15:09:02"
},
{
"kids":[],
"uid":"1982573704",
"parent":"yCrlGr7uO",
"text":"这就是那些想制造混乱，抵毁成都的别有用心的人散布的，成都人是理智的",
"mid":"yCrChD8nR",
"date":"2012-09-18 15:07:12"
},
{
"kids":[],
"uid":"2671192964",
"parent":"yCrqrm5Nm",
"text":"@本殿-陌问 [奥特曼]",
"mid":"yCrBIsiyS",
"date":"2012-09-18 15:05:49"
},
{
"kids":[
"yCrQQnH4W"
],
"uid":"yjsgg",
"parent":"yCrlGr7uO",
"text":"春熙路啥时候长了这么多树出来?",
"mid":"yCrBo8lds",
"date":"2012-09-18 15:04:59"
},
{
"kids":[],
"uid":"1239224295",
"parent":"yCrlGr7uO",
"text":"妖言惑众[鄙视] @微博辟谣",
"mid":"yCrAsurem",
"date":"2012-09-18 15:02:44"
},
{
"kids":[
"yCsrP6Q7R"
],
"uid":"qiuxinye",
"parent":"",
"text":"这哪儿是春熙路啊",
"mid":"yCrzZdEss",
"date":"2012-09-18 15:01:33"
},
{
"kids":[],
"uid":"2302941170",
"parent":"",
"text":"[吃惊]",
"mid":"yCrzQEEUm",
"date":"2012-09-18 15:01:14"
},
{
"kids":[],
"uid":"1740812582",
"parent":"",
"text":"哇塞",
"mid":"yCryYhOvA",
"date":"2012-09-18 14:59:04"
},
{
"kids":[
"yCsklcUNa"
],
"uid":"1864285363",
"parent":"yCryfE7VU",
"text":"都不用上班么。。",
"mid":"yCryV0CsA",
"date":"2012-09-18 14:58:56"
},
{
"kids":[],
"uid":"sc517",
"parent":"yCrlGr7uO",
"text":"",
"mid":"yCryOcJyi",
"date":"2012-09-18 14:58:39"
},
{
"kids":[
"yCrEx7J3H"
],
"uid":"pinkyangela",
"parent":"yCrpfqQKs",
"text":"假的吧，我在成都怎么不知道",
"mid":"yCrywu6Qj",
"date":"2012-09-18 14:57:58"
},
{
"kids":[
"yCrDYwo14"
],
"uid":"1917351644",
"parent":"",
"text":"失业的人这么多！？",
"mid":"yCryslWJd",
"date":"2012-09-18 14:57:48"
},
{
"kids":[],
"uid":"1861097713",
"parent":"yCrlGr7uO",
"text":"这不是成都春熙路",
"mid":"yCrymtqV0",
"date":"2012-09-18 14:57:33"
},
{
"kids":[],
"uid":"2140819693",
"parent":"",
"text":"好多人 真的假的？！",
"mid":"yCryliAim",
"date":"2012-09-18 14:57:31"
},
{
"kids":[
"yCtUG5fVM",
"yCryV0CsA"
],
"uid":"mxjz",
"parent":"",
"text":"",
"mid":"yCryfE7VU",
"date":"2012-09-18 14:57:18"
},
{
"kids":[],
"uid":"1463937422",
"parent":"yCrqrm5Nm",
"text":"假的假的假的",
"mid":"yCry8zYoN",
"date":"2012-09-18 14:57:01"
},
{
"kids":[],
"uid":"2419152521",
"parent":"yCrprg8BX",
"text":"[汗]",
"mid":"yCrxwqMT6",
"date":"2012-09-18 14:55:30"
},
{
"kids":[],
"uid":"2062400243",
"parent":"yCrlGr7uO",
"text":"成都人一看就知道这不是春熙路！",
"mid":"yCrwuDujg",
"date":"2012-09-18 14:52:58"
},
{
"kids":[],
"uid":"2101953542",
"parent":"",
"text":"昨天去了是有很多警察可是完全没有这样。[挖鼻屎]",
"mid":"yCrwawqzr",
"date":"2012-09-18 14:52:10"
},
{
"kids":[],
"uid":"1681808492",
"parent":"yCrusbtUm",
"text":"人···人···人···全是人···",
"mid":"yCrw6FQ7N",
"date":"2012-09-18 14:52:00"
},
{
"kids":[],
"uid":"1659234945",
"parent":"yCrlEFnOl",
"text":"[群体围观]",
"mid":"yCrvDrADy",
"date":"2012-09-18 14:50:51"
},
{
"kids":[],
"uid":"2284151562",
"parent":"",
"text":"[草泥马]",
"mid":"yCrvelJiY",
"date":"2012-09-18 14:49:52"
},
{
"kids":[],
"uid":"suklovejing",
"parent":"yCrqrm5Nm",
"text":"[衰]走的出去吗？",
"mid":"yCrv4hyPc",
"date":"2012-09-18 14:49:25"
},
{
"kids":[],
"uid":"1768232842",
"parent":"yCrlGr7uO",
"text":"冷静分析，莫添乱",
"mid":"yCruT58Pr",
"date":"2012-09-18 14:48:58"
},
{
"kids":[],
"uid":"s333j",
"parent":"",
"text":"娘们是何居心？造假是要大家操作你自己？还是唯恐天下不乱？瓜婆娘！[鄙视][鄙视][鄙视]",
"mid":"yCruO3HP1",
"date":"2012-09-18 14:48:47"
},
{
"kids":[],
"uid":"2322672714",
"parent":"yCrlKhGkS",
"text":"春熙路？？？春熙路长这个样子吗？胡扯啦！",
"mid":"yCruJ2h2v",
"date":"2012-09-18 14:48:36"
},
{
"kids":[],
"uid":"yoyo244",
"parent":"",
"text":"[衰]",
"mid":"yCruI5Rpi",
"date":"2012-09-18 14:48:32"
},
{
"kids":[],
"uid":"2857147824",
"parent":"yCrlEFnOl",
"text":"[汗]人多得像小蚂蚁一样...",
"mid":"yCruDDSVU",
"date":"2012-09-18 14:48:24"
},
{
"kids":[
"yCrw6FQ7N"
],
"uid":"ciciusa",
"parent":"",
"text":"哇！我惊到了！",
"mid":"yCrusbtUm",
"date":"2012-09-18 14:47:57"
},
{
"kids":[],
"uid":"2540943502",
"parent":"yCrlGr7uO",
"text":"这些人唯恐天下不乱，乱了对谁也没有好处。",
"mid":"yCrur0Dd8",
"date":"2012-09-18 14:47:53"
},
{
"kids":[],
"uid":"2469542895",
"parent":"yCrlGr7uO",
"text":"",
"mid":"yCrue0qwr",
"date":"2012-09-18 14:47:20"
},
{
"kids":[],
"uid":"s333j",
"parent":"yCrlGr7uO",
"text":"",
"mid":"yCrtzdj5X",
"date":"2012-09-18 14:45:45"
},
{
"kids":[
"yCthdlJqq"
],
"uid":"yangjie0505",
"parent":"yCrkb5RK9",
"text":"@威武的番茄女王",
"mid":"yCrtyApmy",
"date":"2012-09-18 14:45:45"
},
{
"kids":[],
"uid":"1108061774",
"parent":"yCrpfqQKs",
"text":"",
"mid":"yCrtq3xhT",
"date":"2012-09-18 14:45:23"
},
{
"kids":[],
"uid":"2621121651",
"parent":"",
"text":"吓人[吃惊]",
"mid":"yCrtoyEfi",
"date":"2012-09-18 14:45:21"
},
{
"kids":[],
"uid":"609246234",
"parent":"yCrrJqhqq",
"text":"太恐怖了吧~[给力]",
"mid":"yCrsNDmMS",
"date":"2012-09-18 14:43:52"
},
{
"kids":[],
"uid":"qiqilovesuk",
"parent":"yCrpfqQKs",
"text":"[熊猫]",
"mid":"yCrsNC8cI",
"date":"2012-09-18 14:43:52"
},
{
"kids":[],
"uid":"2751935650",
"parent":"",
"text":"那是春熙路啊，这妹娃子去过春熙路没",
"mid":"yCrsIj6kA",
"date":"2012-09-18 14:43:39"
},
{
"kids":[
"yEsPaxKGs"
],
"uid":"iiisweet",
"parent":"",
"text":"密集恐惧症[书呆子]",
"mid":"yCrsFEAQm",
"date":"2012-09-18 14:43:32"
},
{
"kids":[
"yCsresZqw"
],
"uid":"1763215684",
"parent":"yCrlEFnOl",
"text":"额。。。。。。天！！！！！",
"mid":"yCrsrtxxC",
"date":"2012-09-18 14:42:59"
},
{
"kids":[],
"uid":"2628741915",
"parent":"yCrkj3gSR",
"text":"这场景，还有十三亿啊。估计把日本也踩平。/@一二一喜剧坊---红旭:天啊！日本人看了会吓死的",
"mid":"yCrsfCaNY",
"date":"2012-09-18 14:42:31"
},
{
"kids":[],
"uid":"1543641425",
"parent":"yCrlGr7uO",
"text":"请不要造谣",
"mid":"yCrs9qGu6",
"date":"2012-09-18 14:42:16"
},
{
"kids":[
"yCrGUiG3D",
"yCrsNDmMS"
],
"uid":"loveokok",
"parent":"yCrpfqQKs",
"text":"[衰]这不是广州嘛~刚才看到说是广州啊~",
"mid":"yCrrJqhqq",
"date":"2012-09-18 14:41:15"
},
{
"kids":[],
"uid":"2483935832",
"parent":"yCrjCdrv0",
"text":"",
"mid":"yCrrx1IPz",
"date":"2012-09-18 14:40:44"
},
{
"kids":[],
"uid":"2705633073",
"parent":"",
"text":"[吃惊]",
"mid":"yCrrffUcS",
"date":"2012-09-18 14:40:02"
},
{
"kids":[],
"uid":"208129291",
"parent":"yCrmEoZJI",
"text":"要不要这么多人。。。。[挖鼻屎]",
"mid":"yCrrc3QQZ",
"date":"2012-09-18 14:39:53"
},
{
"kids":[],
"uid":"1373570260",
"parent":"",
"text":"这是干嘛啦[汗]",
"mid":"yCrr1plPz",
"date":"2012-09-18 14:39:30"
},
{
"kids":[],
"uid":"2319895225",
"parent":"yCrlGr7uO",
"text":"这是08年地震照片!",
"mid":"yCrqYpdaZ",
"date":"2012-09-18 14:39:22"
},
{
"kids":[
"yCrTTt4LB"
],
"uid":"zhouwei33",
"parent":"yCrlGr7uO",
"text":"造谣！",
"mid":"yCrqFgIqC",
"date":"2012-09-18 14:38:36"
},
{
"kids":[],
"uid":"1821154051",
"parent":"yCrprg8BX",
"text":"ohmygod",
"mid":"yCrqwoHlc",
"date":"2012-09-18 14:38:13"
},
{
"kids":[],
"uid":"2614422987",
"parent":"yCrjCdrv0",
"text":"堵的那么多？p过没有？",
"mid":"yCrqsvEEm",
"date":"2012-09-18 14:38:06"
},
{
"kids":[
"yCsNkEOjE",
"yCrZH8y72",
"yCrSrEnra",
"yCrKrxxbv",
"yCrBIsiyS",
"yCry8zYoN",
"yCrv4hyPc"
],
"uid":"2349396470",
"parent":"yCrpfqQKs",
"text":"这这这。。。[晕][晕][晕]",
"mid":"yCrqrm5Nm",
"date":"2012-09-18 14:38:04"
},
{
"kids":[],
"uid":"2024045961",
"parent":"yCrlGr7uO",
"text":"这哪儿是成都哦，莫乱说哈",
"mid":"yCrq6Cd3A",
"date":"2012-09-18 14:37:12"
},
{
"kids":[],
"uid":"2757596727",
"parent":"yCrlGr7uO",
"text":"是哪里？",
"mid":"yCrq6lXA6",
"date":"2012-09-18 14:37:11"
},
{
"kids":[],
"uid":"2165498092",
"parent":"yCrnMsMwb",
"text":"",
"mid":"yCrpxvRoo",
"date":"2012-09-18 14:35:50"
},
{
"kids":[
"yCsCfjZJK",
"yCrxwqMT6",
"yCrqwoHlc"
],
"uid":"lovejksforever",
"parent":"",
"text":"这个恐怕得出动PLA才能控制场面了吧？[衰]",
"mid":"yCrprg8BX",
"date":"2012-09-18 14:35:35"
},
{
"kids":[],
"uid":"2242049354",
"parent":"yCrkj3gSR",
"text":"",
"mid":"yCrpnboy0",
"date":"2012-09-18 14:35:25"
},
{
"kids":[
"yCrywu6Qj",
"yCrtq3xhT",
"yCrsNC8cI",
"yCrrJqhqq",
"yCrqrm5Nm"
],
"uid":"gabi",
"parent":"yCrm8eLqP",
"text":"我有密集恐惧症啊，这情况，蚂蚁都塞不进吧",
"mid":"yCrpfqQKs",
"date":"2012-09-18 14:35:07"
},
{
"kids":[],
"uid":"yeahang",
"parent":"yCrlGr7uO",
"text":"成都公交车没这么多彩…",
"mid":"yCrpejnea",
"date":"2012-09-18 14:35:04"
},
{
"kids":[],
"uid":"1200765932",
"parent":"",
"text":"@风之苍茫",
"mid":"yCroX9QET",
"date":"2012-09-18 14:34:21"
},
{
"kids":[],
"uid":"410221939",
"parent":"yCrlGr7uO",
"text":"这图是假的",
"mid":"yCroMfY0f",
"date":"2012-09-18 14:33:57"
},
{
"kids":[],
"uid":"1684237371",
"parent":"yCrlGr7uO",
"text":"不是成都市春熙路。",
"mid":"yCro2qjKb",
"date":"2012-09-18 14:32:07"
},
{
"kids":[],
"uid":"1907562224",
"parent":"yCrlGr7uO",
"text":"成都春熙路没这么宽",
"mid":"yCrnZ9zQJ",
"date":"2012-09-18 14:32:00"
},
{
"kids":[],
"uid":"1914026850",
"parent":"",
"text":"不像是在俺的成都！",
"mid":"yCrnTgHxe",
"date":"2012-09-18 14:31:46"
},
{
"kids":[],
"uid":"1708823902",
"parent":"yCrkIsiqo",
"text":"",
"mid":"yCrnQ1Lga",
"date":"2012-09-18 14:31:36"
},
{
"kids":[
"yCrpxvRoo"
],
"uid":"oliver8622",
"parent":"yCrlGr7uO",
"text":"春熙路有天桥。@恒乐雅卓",
"mid":"yCrnMsMwb",
"date":"2012-09-18 14:31:30"
},
{
"kids":[],
"uid":"huiminer",
"parent":"yCrlGr7uO",
"text":"这个图不晓得好老的了，并且不是成都，没那么大的口子",
"mid":"yCrnEu0IM",
"date":"2012-09-18 14:31:11"
},
{
"kids":[],
"uid":"2412622141",
"parent":"yCrlGr7uO",
"text":"明显ps,这不是成都,春熙路很好，只是车不能进，害怕有人捣乱。",
"mid":"yCrnDz53U",
"date":"2012-09-18 14:31:07"
},
{
"kids":[],
"uid":"1784253592",
"parent":"yCrh0hpth",
"text":"這是要幹嘛@左腳踏麒麟 @我木明",
"mid":"yCrnBdoNC",
"date":"2012-09-18 14:31:02"
},
{
"kids":[],
"uid":"2073324275",
"parent":"",
"text":"居心叵测，转，让政府查办",
"mid":"yCrnyAqBC",
"date":"2012-09-18 14:30:56"
},
{
"kids":[],
"uid":"hxl1318",
"parent":"yCrlGr7uO",
"text":"[赞]",
"mid":"yCrnp874N",
"date":"2012-09-18 14:30:33"
},
{
"kids":[],
"uid":"1688152355",
"parent":"",
"text":"哪个城市？这场面，晶啊",
"mid":"yCrn3gYF2",
"date":"2012-09-18 14:29:42"
},
{
"kids":[],
"uid":"1930324393",
"parent":"yCrlEFnOl",
"text":"[衰]",
"mid":"yCrmX2aAE",
"date":"2012-09-18 14:29:27"
},
{
"kids":[],
"uid":"qqgou",
"parent":"yCrlGr7uO",
"text":"是成都人都晓得不是春熙路。",
"mid":"yCrmTtcTr",
"date":"2012-09-18 14:29:19"
},
{
"kids":[],
"uid":"2370489617",
"parent":"yCrkj3gSR",
"text":"",
"mid":"yCrmRqxFn",
"date":"2012-09-18 14:29:14"
},
{
"kids":[
"yCrrc3QQZ"
],
"uid":"1317078132",
"parent":"yCrlEFnOl",
"text":"[晕][晕][黑线]",
"mid":"yCrmEoZJI",
"date":"2012-09-18 14:28:42"
},
{
"kids":[],
"uid":"2644643811",
"parent":"yCrlGr7uO",
"text":"向米总致敬！大是大非问题上必须说真话，这和我们平时批评政府是两码事！@米瑞蓉",
"mid":"yCrmx5nRW",
"date":"2012-09-18 14:28:25"
},
{
"kids":[],
"uid":"2272146841",
"parent":"yCrlGr7uO",
"text":"这哪里是春熙路嘛,莫球造谣哦!",
"mid":"yCrmx5nQQ",
"date":"2012-09-18 14:28:25"
},
{
"kids":[],
"uid":"2735236133",
"parent":"yCrlGr7uO",
"text":"真是闲的，又有什么企图？！",
"mid":"yCrmn2w5w",
"date":"2012-09-18 14:28:01"
},
{
"kids":[],
"uid":"1808059720",
"parent":"",
"text":"造谣！！！这不是成都，这是08年深圳火炬传递。",
"mid":"yCrmhonwJ",
"date":"2012-09-18 14:27:48"
},
{
"kids":[],
"uid":"1839693384",
"parent":"yCrlGr7uO",
"text":"这个是湖南衡阳，请不要造谣..",
"mid":"yCrmcmWSb",
"date":"2012-09-18 14:27:36"
},
{
"kids":[],
"uid":"2717740757",
"parent":"yCrlGr7uO",
"text":"造谣可耻！",
"mid":"yCrmaAstz",
"date":"2012-09-18 14:27:31"
},
{
"kids":[],
"uid":"dy189",
"parent":"yCrlGr7uO",
"text":"假滴哦",
"mid":"yCrma1fRm",
"date":"2012-09-18 14:27:30"
},
{
"kids":[
"yCrpfqQKs"
],
"uid":"1922436262",
"parent":"yCrlEFnOl",
"text":"[生病]对不起~太恶心了~",
"mid":"yCrm8eLqP",
"date":"2012-09-18 14:27:26"
},
{
"kids":[
"yCsLt61Md",
"yCs6xqfhw"
],
"uid":"derekzhu",
"parent":"yCrhp7UIH",
"text":"哇塞。。。",
"mid":"yCrlP3kPd",
"date":"2012-09-18 14:26:40"
},
{
"kids":[
"yCs2TF2WL",
"yCruJ2h2v"
],
"uid":"2745867471",
"parent":"yCrlEFnOl",
"text":"",
"mid":"yCrlKhGkS",
"date":"2012-09-18 14:26:29"
},
{
"kids":[
"yCsV6jfep",
"yCsRAftdV",
"yCsGjFIgb",
"yCswFj0lO",
"yCrZ5AnB7",
"yCrLuyzP9",
"yCrHjpQtJ",
"yCrH3qH2b",
"yCrFD65L2",
"yCrDZa4mc",
"yCrD1p6va",
"yCrChD8nR",
"yCrBo8lds",
"yCrAsurem",
"yCryOcJyi",
"yCrymtqV0",
"yCrwuDujg",
"yCruT58Pr",
"yCrur0Dd8",
"yCrue0qwr",
"yCrtzdj5X",
"yCrs9qGu6",
"yCrqYpdaZ",
"yCrqFgIqC",
"yCrq6Cd3A",
"yCrq6lXA6",
"yCrpejnea",
"yCroMfY0f",
"yCro2qjKb",
"yCrnZ9zQJ",
"yCrnMsMwb",
"yCrnEu0IM",
"yCrnDz53U",
"yCrnp874N",
"yCrmTtcTr",
"yCrmx5nRW",
"yCrmx5nQQ",
"yCrmn2w5w",
"yCrmcmWSb",
"yCrmaAstz",
"yCrma1fRm"
],
"uid":"1517916214",
"parent":"",
"text":"造谣！这不是成都！希望在这样的时候不要造谣惑众！去过春熙路的人都知道这不是！！",
"mid":"yCrlGr7uO",
"date":"2012-09-18 14:26:20"
},
{
"kids":[
"yCrvDrADy",
"yCruDDSVU",
"yCrsrtxxC",
"yCrmX2aAE",
"yCrmEoZJI",
"yCrm8eLqP",
"yCrlKhGkS"
],
"uid":"sukscat",
"parent":"yCrkIsiqo",
"text":"好多",
"mid":"yCrlEFnOl",
"date":"2012-09-18 14:26:14"
},
{
"kids":[
"yCsGrFBH7",
"yCrnQ1Lga",
"yCrlEFnOl"
],
"uid":"1893519672",
"parent":"yCrgK16YR",
"text":"密集恐惧症[衰]",
"mid":"yCrkIsiqo",
"date":"2012-09-18 14:23:56"
},
{
"kids":[],
"uid":"1956111673",
"parent":"yCrjCdrv0",
"text":"[威武][威武][给力][给力]",
"mid":"yCrkuAY1E",
"date":"2012-09-18 14:23:24"
},
{
"kids":[
"yCrN4DOZx",
"yCrsfCaNY",
"yCrpnboy0",
"yCrmRqxFn"
],
"uid":"2177437857",
"parent":"yCrjCdrv0",
"text":"天啊！日本人看了会吓死的",
"mid":"yCrkj3gSR",
"date":"2012-09-18 14:22:57"
},
{
"kids":[
"yCrHNuJyw",
"yCrtyApmy"
],
"uid":"hellomiazhang",
"parent":"yCrjCdrv0",
"text":"介也？！太。。。。",
"mid":"yCrkb5RK9",
"date":"2012-09-18 14:22:38"
},
{
"kids":[
"yCrrx1IPz",
"yCrqsvEEm",
"yCrkuAY1E",
"yCrkj3gSR",
"yCrkb5RK9"
],
"uid":"82815435",
"parent":"",
"text":"这是哪？怎么拍的？",
"mid":"yCrjCdrv0",
"date":"2012-09-18 14:21:14"
},
{
"kids":[],
"uid":"1583509885",
"parent":"",
"text":"+1",
"mid":"yCriBz5Pm",
"date":"2012-09-18 14:18:45"
},
{
"kids":[],
"uid":"2620933427",
"parent":"",
"text":"臥槽！！！！我敢保證這麼多人裡面沒幾個是成！都！本！地！的！",
"mid":"yCrhTxay3",
"date":"2012-09-18 14:17:00"
},
{
"kids":[
"yCrlP3kPd"
],
"uid":"1770445651",
"parent":"",
"text":"好吓人@BillArch",
"mid":"yCrhp7UIH",
"date":"2012-09-18 14:15:47"
},
{
"kids":[
"yCrnBdoNC"
],
"uid":"djy62",
"parent":"yCrgivYqT",
"text":"轉發微博",
"mid":"yCrh0hpth",
"date":"2012-09-18 14:14:48"
},
{
"kids":[
"yCrkIsiqo"
],
"uid":"eelyun",
"parent":"yCrg97LkR",
"text":"足以证明我四川人口确实很多、[黑線]",
"mid":"yCrgK16YR",
"date":"2012-09-18 14:14:10"
},
{
"kids":[
"yCrh0hpth"
],
"uid":"1231558842",
"parent":"",
"text":"转发微博。",
"mid":"yCrgivYqT",
"date":"2012-09-18 14:13:03"
},
{
"kids":[
"yCrgK16YR"
],
"uid":"d13568885084",
"parent":"",
"text":"我的天 这密密麻麻的都是什么",
"mid":"yCrg97LkR",
"date":"2012-09-18 14:12:39"
}
]