[
{
"kids":[],
"uid":"1858662051",
"parent":"",
"text":"貌似前段时间 雷锋 的票房为0 是真的",
"mid":"zrtXNtmt3",
"date":"2013-04-10 11:36:41"
},
{
"kids":[],
"uid":"2919782900",
"parent":"zpGcYfYLx",
"text":"",
"mid":"zrr9JeLeL",
"date":"2013-04-10 04:27:50"
},
{
"kids":[],
"uid":"1777391490",
"parent":"",
"text":"",
"mid":"zrqR97hQT",
"date":"2013-04-10 03:42:02"
},
{
"kids":[],
"uid":"2920047754",
"parent":"zpGcYfYLx",
"text":"",
"mid":"zri3cuDy8",
"date":"2013-04-09 05:17:01"
},
{
"kids":[],
"uid":"1583943250",
"parent":"zpGcYfYLx",
"text":"",
"mid":"zri3cbPDB",
"date":"2013-04-09 05:17:01"
},
{
"kids":[],
"uid":"1778119820",
"parent":"",
"text":"",
"mid":"zrhu2kvBL",
"date":"2013-04-09 03:50:24"
},
{
"kids":[],
"uid":"2804124964",
"parent":"",
"text":"",
"mid":"zrhu2kvAd",
"date":"2013-04-09 03:50:24"
},
{
"kids":[],
"uid":"2808864432",
"parent":"",
"text":"",
"mid":"zqF1kvDHS",
"date":"2013-04-05 01:55:18"
},
{
"kids":[],
"uid":"2809364174",
"parent":"",
"text":"",
"mid":"zqyA1k4Vu",
"date":"2013-04-04 09:31:30"
},
{
"kids":[],
"uid":"1584092903",
"parent":"",
"text":"",
"mid":"zqyzYmjd0",
"date":"2013-04-04 09:31:25"
},
{
"kids":[],
"uid":"2789954312",
"parent":"zpGcYfYLx",
"text":"",
"mid":"zqxqqqBzM",
"date":"2013-04-04 06:35:09"
},
{
"kids":[],
"uid":"2920477400",
"parent":"",
"text":"",
"mid":"zqxinDiUC",
"date":"2013-04-04 06:15:20"
},
{
"kids":[],
"uid":"1440501690",
"parent":"",
"text":"",
"mid":"zqxinDiTs",
"date":"2013-04-04 06:15:19"
},
{
"kids":[],
"uid":"2919399734",
"parent":"",
"text":"",
"mid":"zqwYjkWWn",
"date":"2013-04-04 05:25:53"
},
{
"kids":[],
"uid":"2789887150",
"parent":"zpGcYfYLx",
"text":"",
"mid":"zqsKfpw8d",
"date":"2013-04-03 18:40:14"
},
{
"kids":[],
"uid":"2920626774",
"parent":"zpGcYfYLx",
"text":"",
"mid":"zqsKf7UXj",
"date":"2013-04-03 18:40:14"
},
{
"kids":[],
"uid":"2919387984",
"parent":"",
"text":"",
"mid":"zqsBMkK5g",
"date":"2013-04-03 18:19:23"
},
{
"kids":[],
"uid":"2804188782",
"parent":"",
"text":"",
"mid":"zqsBMkK2k",
"date":"2013-04-03 18:19:23"
},
{
"kids":[],
"uid":"2760628097",
"parent":"",
"text":"支持",
"mid":"zqaDD8kE8",
"date":"2013-04-01 20:34:29"
},
{
"kids":[],
"uid":"539482567",
"parent":"",
"text":"OK！！！[怒]",
"mid":"zq1Zgu8vq",
"date":"2013-03-31 22:33:05"
},
{
"kids":[],
"uid":"sweet730160416",
"parent":"",
"text":"南京大屠杀是12.13好吧，人家日本再抵制中国也不会这样的啦！理智爱国很重要。。。",
"mid":"zq0M83JD6",
"date":"2013-03-31 19:27:58"
},
{
"kids":[],
"uid":"2805576891",
"parent":"zpYeEpYGt",
"text":"",
"mid":"zq0J6qGIR",
"date":"2013-03-31 19:20:31"
},
{
"kids":[],
"uid":"3084423173",
"parent":"",
"text":"不看不看！！",
"mid":"zq0DIuWMg",
"date":"2013-03-31 19:07:15"
},
{
"kids":[],
"uid":"2869985204",
"parent":"zpYlVj4J0",
"text":"",
"mid":"zq0mRED0F",
"date":"2013-03-31 18:25:42"
},
{
"kids":[],
"uid":"1795570625",
"parent":"",
"text":"好主意！反正我永远都唔会捧鬼片场噶~",
"mid":"zpZSAFog5",
"date":"2013-03-31 17:11:09"
},
{
"kids":[],
"uid":"2127359207",
"parent":"",
"text":"不去",
"mid":"zpZSy0J7Z",
"date":"2013-03-31 17:11:02"
},
{
"kids":[],
"uid":"2948478787",
"parent":"",
"text":"不看！！！",
"mid":"zpZLdgRT8",
"date":"2013-03-31 16:52:57"
},
{
"kids":[],
"uid":"2956337374",
"parent":"zpZ66DGB8",
"text":"[吃惊]12月13日才是南京大屠杀纪念日，但5月12日上映却是不会去看的[挖鼻屎]感觉日本的商家要是有脑子也会换时间上映的",
"mid":"zpZnj4Q1x",
"date":"2013-03-31 15:54:05"
},
{
"kids":[],
"uid":"1787158012",
"parent":"zpYru8Xle",
"text":"",
"mid":"zpZn0cswH",
"date":"2013-03-31 15:53:19"
},
{
"kids":[],
"uid":"2029404680",
"parent":"",
"text":"看贞子？切。。。。日本不是被人搞就是被鬼搞",
"mid":"zpZldkVsX",
"date":"2013-03-31 15:48:55"
},
{
"kids":[],
"uid":"2939611641",
"parent":"",
"text":"",
"mid":"zpZl0C98c",
"date":"2013-03-31 15:48:25"
},
{
"kids":[],
"uid":"2992003281",
"parent":"",
"text":"@不要那么傻317",
"mid":"zpZfVERdy",
"date":"2013-03-31 15:35:53"
},
{
"kids":[],
"uid":"rabiet0",
"parent":"zpZ66DGB8",
"text":"[睡觉]很好，坚决唔去",
"mid":"zpZfP9K9g",
"date":"2013-03-31 15:35:37"
},
{
"kids":[],
"uid":"2883323464",
"parent":"zpY764pHO",
"text":"",
"mid":"zpZcw4FMj",
"date":"2013-03-31 15:27:27"
},
{
"kids":[
"zpZnj4Q1x",
"zpZfP9K9g"
],
"uid":"234634887",
"parent":"",
"text":"转起[给力]",
"mid":"zpZ66DGB8",
"date":"2013-03-31 15:11:42"
},
{
"kids":[],
"uid":"2440275597",
"parent":"",
"text":"不看",
"mid":"zpYTikSAk",
"date":"2013-03-31 14:40:06"
},
{
"kids":[],
"uid":"2439790794",
"parent":"zpYru8Xle",
"text":"",
"mid":"zpYB2is2F",
"date":"2013-03-31 13:55:09"
},
{
"kids":[],
"uid":"akizxq",
"parent":"",
"text":"哈哈哈哈，512南京大屠杀，这是要搞哪样？",
"mid":"zpYvlesg4",
"date":"2013-03-31 13:41:07"
},
{
"kids":[],
"uid":"2675872960",
"parent":"",
"text":"果断不看",
"mid":"zpYu0bRXl",
"date":"2013-03-31 13:37:47"
},
{
"kids":[
"zpZn0cswH",
"zpYB2is2F"
],
"uid":"2094182042",
"parent":"",
"text":"怎么我的512那么多灾难....[泪]",
"mid":"zpYru8Xle",
"date":"2013-03-31 13:31:37"
},
{
"kids":[
"zq0mRED0F"
],
"uid":"1849198010",
"parent":"",
"text":"必须转",
"mid":"zpYlVj4J0",
"date":"2013-03-31 13:17:56"
},
{
"kids":[],
"uid":"thekingofbl",
"parent":"",
"text":"恐怖片这种东西...[生病]还是不沾为好",
"mid":"zpYilr5eC",
"date":"2013-03-31 13:09:04"
},
{
"kids":[],
"uid":"2113168364",
"parent":"zpYeEpYGt",
"text":"挑战智商么撒比PO主",
"mid":"zpYh61wgY",
"date":"2013-03-31 13:06:01"
},
{
"kids":[],
"uid":"3197321784",
"parent":"",
"text":"鬼片'''不看",
"mid":"zpYgf4MR3",
"date":"2013-03-31 13:03:53"
},
{
"kids":[
"zq0J6qGIR",
"zpYh61wgY"
],
"uid":"1948207683",
"parent":"zpY9m5Pvu",
"text":"哈哈哈哈哈哈512大屠杀@哀僿俄比亚白人@_-我是星杰我会乱说么@你这是作死你知道吗",
"mid":"zpYeEpYGt",
"date":"2013-03-31 12:59:59"
},
{
"kids":[],
"uid":"2068429771",
"parent":"zpY764pHO",
"text":"绝对不看",
"mid":"zpYd0sdD8",
"date":"2013-03-31 12:55:57"
},
{
"kids":[],
"uid":"LiangShuKai",
"parent":"",
"text":"恭喜恭喜。",
"mid":"zpYc0pGWb",
"date":"2013-03-31 12:53:29"
},
{
"kids":[
"zpYeEpYGt"
],
"uid":"lensongaga",
"parent":"",
"text":"笑死，南京大屠杀是12月份的...还勿忘国耻",
"mid":"zpY9m5Pvu",
"date":"2013-03-31 12:46:55"
},
{
"kids":[],
"uid":"2160507042",
"parent":"",
"text":"有什么好看的额",
"mid":"zpY8g7IGl",
"date":"2013-03-31 12:44:14"
},
{
"kids":[
"zpZcw4FMj",
"zpYd0sdD8"
],
"uid":"2046672761",
"parent":"",
"text":"",
"mid":"zpY764pHO",
"date":"2013-03-31 12:41:22"
},
{
"kids":[],
"uid":"only23333333",
"parent":"zpY59awES",
"text":"3D贞子?看过了= =我会说我很喜欢贞子?",
"mid":"zpY6UddnZ",
"date":"2013-03-31 12:40:55"
},
{
"kids":[
"zpY6UddnZ"
],
"uid":"martint",
"parent":"",
"text":"纪念日在五月？",
"mid":"zpY59awES",
"date":"2013-03-31 12:36:33"
},
{
"kids":[],
"uid":"2682064663",
"parent":"",
"text":"",
"mid":"zpXKAoXFx",
"date":"2013-03-31 11:45:56"
},
{
"kids":[],
"uid":"2682064663",
"parent":"",
"text":"",
"mid":"zpXKuuj1p",
"date":"2013-03-31 11:45:40"
},
{
"kids":[],
"uid":"2196507755",
"parent":"",
"text":"必须的吧",
"mid":"zpXEI59YL",
"date":"2013-03-31 11:31:26"
},
{
"kids":[],
"uid":"2470252494",
"parent":"",
"text":"惊鬼片[挖鼻屎]",
"mid":"zpXysENVW",
"date":"2013-03-31 11:16:03"
},
{
"kids":[],
"uid":"2602910644",
"parent":"zpTtBnHL8",
"text":"快播一日不删，日本依旧天天“杀人”",
"mid":"zpX8e0Bb4",
"date":"2013-03-31 10:11:25"
},
{
"kids":[],
"uid":"514319123",
"parent":"zpWlRnCRv",
"text":"",
"mid":"zpX2nc7CY",
"date":"2013-03-31 09:57:00"
},
{
"kids":[
"zpX2nc7CY"
],
"uid":"1768690367",
"parent":"zpTCEeed6",
"text":"好，！转起！@霖Linnnn唯爱许嵩",
"mid":"zpWlRnCRv",
"date":"2013-03-31 08:12:15"
},
{
"kids":[],
"uid":"1884464212",
"parent":"zpTtBnHL8",
"text":"",
"mid":"zpWh2iPgd",
"date":"2013-03-31 08:00:23"
},
{
"kids":[
"zpWlRnCRv"
],
"uid":"2708920887",
"parent":"zpTtBnHL8",
"text":"",
"mid":"zpTCEeed6",
"date":"2013-03-31 01:15:23"
},
{
"kids":[
"zpX8e0Bb4",
"zpWh2iPgd",
"zpTCEeed6"
],
"uid":"LiangShuKai",
"parent":"",
"text":"[蜡烛]",
"mid":"zpTtBnHL8",
"date":"2013-03-31 00:53:05"
},
{
"kids":[],
"uid":"2312017282",
"parent":"",
"text":"",
"mid":"zpSt5893A",
"date":"2013-03-30 22:19:04"
},
{
"kids":[],
"uid":"2029857243",
"parent":"zpRJjsL8z",
"text":"",
"mid":"zpSafj1EO",
"date":"2013-03-30 21:32:40"
},
{
"kids":[],
"uid":"1506718183",
"parent":"",
"text":"",
"mid":"zpRYE50WK",
"date":"2013-03-30 21:04:05"
},
{
"kids":[],
"uid":"2199699301",
"parent":"zpRJjsL8z",
"text":"不去，不去。",
"mid":"zpRKNnzP2",
"date":"2013-03-30 20:29:55"
},
{
"kids":[
"zpSafj1EO",
"zpRKNnzP2"
],
"uid":"juniboo",
"parent":"",
"text":"不去",
"mid":"zpRJjsL8z",
"date":"2013-03-30 20:26:19"
},
{
"kids":[],
"uid":"1739478152",
"parent":"",
"text":"",
"mid":"zpRuvnrUO",
"date":"2013-03-30 19:49:50"
},
{
"kids":[],
"uid":"2845280154",
"parent":"zpQKtdOY6",
"text":"",
"mid":"zpRlxxTAl",
"date":"2013-03-30 19:27:44"
},
{
"kids":[],
"uid":"2410216997",
"parent":"",
"text":"",
"mid":"zpRjcc5ad",
"date":"2013-03-30 19:21:56"
},
{
"kids":[],
"uid":"1773279687",
"parent":"zpQREzfqq",
"text":"[围观][围观][围观]根本没兴趣",
"mid":"zpRgdf0gi",
"date":"2013-03-30 19:14:37"
},
{
"kids":[],
"uid":"2658600572",
"parent":"",
"text":"",
"mid":"zpR4gpLhi",
"date":"2013-03-30 18:45:10"
},
{
"kids":[],
"uid":"2855043662",
"parent":"",
"text":"",
"mid":"zpQVGeqHp",
"date":"2013-03-30 18:24:00"
},
{
"kids":[],
"uid":"3174908281",
"parent":"",
"text":"",
"mid":"zpQTvd28p",
"date":"2013-03-30 18:18:38"
},
{
"kids":[
"zpRgdf0gi"
],
"uid":"2308340290",
"parent":"",
"text":"坚持不去",
"mid":"zpQREzfqq",
"date":"2013-03-30 18:14:07"
},
{
"kids":[],
"uid":"1835713337",
"parent":"",
"text":"坚决不看[酷][酷][酷]",
"mid":"zpQLUe5R6",
"date":"2013-03-30 17:59:57"
},
{
"kids":[
"zpRlxxTAl"
],
"uid":"2216425615",
"parent":"",
"text":"",
"mid":"zpQKtdOY6",
"date":"2013-03-30 17:56:23"
},
{
"kids":[],
"uid":"2808335005",
"parent":"",
"text":"[弱][弱][弱]",
"mid":"zpQEKo8Fp",
"date":"2013-03-30 17:42:17"
},
{
"kids":[],
"uid":"123nange",
"parent":"",
"text":"",
"mid":"zpQxNdkxe",
"date":"2013-03-30 17:25:08"
},
{
"kids":[],
"uid":"2633281310",
"parent":"zpPJ3aKoc",
"text":"这是上年的了[汗]",
"mid":"zpQvsbDJz",
"date":"2013-03-30 17:19:25"
},
{
"kids":[],
"uid":"xuejiahao6",
"parent":"",
"text":"不去！",
"mid":"zpQlHfZ0V",
"date":"2013-03-30 16:55:20"
},
{
"kids":[],
"uid":"2583380021",
"parent":"",
"text":"",
"mid":"zpPU4iwFH",
"date":"2013-03-30 15:47:18"
},
{
"kids":[
"zpQvsbDJz"
],
"uid":"1784858351",
"parent":"zpPAofDbZ",
"text":"",
"mid":"zpPJ3aKoc",
"date":"2013-03-30 15:20:10"
},
{
"kids":[],
"uid":"1975367964",
"parent":"",
"text":"[弱]",
"mid":"zpPIqaaVZ",
"date":"2013-03-30 15:18:38"
},
{
"kids":[
"zpPJ3aKoc"
],
"uid":"2709348043",
"parent":"",
"text":"",
"mid":"zpPAofDbZ",
"date":"2013-03-30 14:58:48"
},
{
"kids":[],
"uid":"2877556260",
"parent":"zpP7SyL1v",
"text":"!!!!!!!!!!!!!!!!!!1",
"mid":"zpPuPF8Cb",
"date":"2013-03-30 14:45:09"
},
{
"kids":[],
"uid":"voic2s",
"parent":"",
"text":"",
"mid":"zpPi39l3v",
"date":"2013-03-30 14:13:39"
},
{
"kids":[],
"uid":"papatoetoe",
"parent":"",
"text":"",
"mid":"zpPdEb8Eg",
"date":"2013-03-30 14:02:48"
},
{
"kids":[
"zpPuPF8Cb"
],
"uid":"2182276634",
"parent":"",
"text":"！！！！！",
"mid":"zpP7SyL1v",
"date":"2013-03-30 13:48:36"
},
{
"kids":[],
"uid":"2265535975",
"parent":"",
"text":"我们要出一份力",
"mid":"zpOY5E2oU",
"date":"2013-03-30 13:24:29"
},
{
"kids":[],
"uid":"2093561891",
"parent":"",
"text":"",
"mid":"zpOKFwImU",
"date":"2013-03-30 12:51:25"
},
{
"kids":[],
"uid":"2242768442",
"parent":"",
"text":"同感！！！",
"mid":"zpOF4jQSI",
"date":"2013-03-30 12:37:35"
},
{
"kids":[],
"uid":"574085058",
"parent":"",
"text":"",
"mid":"zpODZi3i6",
"date":"2013-03-30 12:34:57"
},
{
"kids":[],
"uid":"sharonot",
"parent":"zpOlOwwJr",
"text":"",
"mid":"zpOvviIO9",
"date":"2013-03-30 12:14:03"
},
{
"kids":[
"zpOvviIO9"
],
"uid":"2265831952",
"parent":"",
"text":"",
"mid":"zpOlOwwJr",
"date":"2013-03-30 11:50:10"
},
{
"kids":[],
"uid":"2639286634",
"parent":"",
"text":"[给力][给力]",
"mid":"zpNyoiEQK",
"date":"2013-03-30 09:48:24"
},
{
"kids":[],
"uid":"2919956642",
"parent":"zpGcYfYLx",
"text":"",
"mid":"zpIlBcMZl",
"date":"2013-03-29 20:33:10"
},
{
"kids":[
"zrr9JeLeL",
"zri3cuDy8",
"zri3cbPDB",
"zqxqqqBzM",
"zqsKfpw8d",
"zqsKf7UXj",
"zpIlBcMZl"
],
"uid":"3170396333",
"parent":"zpvUNi5Dx",
"text":"",
"mid":"zpGcYfYLx",
"date":"2013-03-29 15:06:25"
},
{
"kids":[],
"uid":"3273955915",
"parent":"zpydDtVHo",
"text":"",
"mid":"zpyfSmHWR",
"date":"2013-03-28 18:51:36"
},
{
"kids":[
"zpyfSmHWR"
],
"uid":"3273955915",
"parent":"zphls3NF1",
"text":"@女人要懂的那些事 @蔡康永 @陈数 @杜汶泽 @范冰冰工作室 @房祖名 @高圆圆 @梁咏琪 @李连杰 @李嘉欣Michele @黄晓明 @劉嘉玲 @潘石屹",
"mid":"zpydDtVHo",
"date":"2013-03-28 18:46:03"
},
{
"kids":[],
"uid":"2864145042",
"parent":"",
"text":"",
"mid":"zpw0rs1Er",
"date":"2013-03-28 13:08:05"
},
{
"kids":[
"zpGcYfYLx"
],
"uid":"2234761777",
"parent":"zpg1DiqHP",
"text":"",
"mid":"zpvUNi5Dx",
"date":"2013-03-28 12:54:10"
},
{
"kids":[],
"uid":"3231369370",
"parent":"",
"text":"没得讲，必须转。[得意地笑]",
"mid":"zpqkR0NUH",
"date":"2013-03-27 22:41:53"
},
{
"kids":[],
"uid":"2992268160",
"parent":"zplMB7dky",
"text":"",
"mid":"zpoRLgPXA",
"date":"2013-03-27 18:57:26"
},
{
"kids":[],
"uid":"1997413323",
"parent":"zpomxsNDV",
"text":"",
"mid":"zpoxHw6rY",
"date":"2013-03-27 18:08:02"
},
{
"kids":[
"zpoxHw6rY"
],
"uid":"bbaiphone5",
"parent":"",
"text":"是中国人就转起",
"mid":"zpomxsNDV",
"date":"2013-03-27 17:40:33"
},
{
"kids":[
"zpoRLgPXA"
],
"uid":"1802479163",
"parent":"zplJ6aO8q",
"text":"",
"mid":"zplMB7dky",
"date":"2013-03-27 11:06:29"
},
{
"kids":[
"zplMB7dky"
],
"uid":"2041023514",
"parent":"",
"text":"",
"mid":"zplJ6aO8q",
"date":"2013-03-27 10:57:52"
},
{
"kids":[],
"uid":"2920235234",
"parent":"zpfAdmcZA",
"text":"",
"mid":"zpkc3rgnp",
"date":"2013-03-27 07:03:44"
},
{
"kids":[],
"uid":"2919651824",
"parent":"zpfAdmcZA",
"text":"",
"mid":"zpkc3rglj",
"date":"2013-03-27 07:03:44"
},
{
"kids":[],
"uid":"2151219891",
"parent":"zphzgDq7a",
"text":"[围观][围观]",
"mid":"zphFtpxyA",
"date":"2013-03-27 00:37:55"
},
{
"kids":[
"zphFtpxyA"
],
"uid":"2493964693",
"parent":"",
"text":"[赞]同意",
"mid":"zphzgDq7a",
"date":"2013-03-27 00:22:41"
},
{
"kids":[
"zpydDtVHo"
],
"uid":"2171015721",
"parent":"",
"text":"抵制小日本！[怒][怒][怒]@华灯吉吉 @黄嘉vin @Amy神明 @开心melody兔兔 @美食健康顾问 @爱玉工坊 @大爱清远 @女人要懂的那些事",
"mid":"zphls3NF1",
"date":"2013-03-26 23:48:38"
},
{
"kids":[],
"uid":"2314010175",
"parent":"",
"text":"",
"mid":"zphj63AAI",
"date":"2013-03-26 23:42:51"
},
{
"kids":[],
"uid":"2685340643",
"parent":"",
"text":"是中国就不要看！[怒]",
"mid":"zph887wN3",
"date":"2013-03-26 23:15:48"
},
{
"kids":[],
"uid":"2115692900",
"parent":"",
"text":"[围观][围观]@Sonny_Chan @震惊视频热电影 @-Rueee",
"mid":"zpgI4nI8B",
"date":"2013-03-26 22:11:36"
},
{
"kids":[],
"uid":"2884933411",
"parent":"",
"text":"看的不是人。",
"mid":"zpg5wannt",
"date":"2013-03-26 20:36:36"
},
{
"kids":[
"zpvUNi5Dx"
],
"uid":"1948492864",
"parent":"",
"text":"",
"mid":"zpg1DiqHP",
"date":"2013-03-26 20:27:09"
},
{
"kids":[
"zpkc3rgnp",
"zpkc3rglj"
],
"uid":"2536314351",
"parent":"",
"text":"",
"mid":"zpfAdmcZA",
"date":"2013-03-26 19:19:31"
},
{
"kids":[],
"uid":"2500364297",
"parent":"",
"text":"",
"mid":"zpft8z7nf",
"date":"2013-03-26 19:02:05"
},
{
"kids":[],
"uid":"2366284084",
"parent":"",
"text":"支持国产[good]",
"mid":"zpfcwsCO9",
"date":"2013-03-26 18:21:08"
}
]