[
{
"kids":[],
"uid":"1795790677",
"parent":"zuAlV7Tfc",
"text":"",
"mid":"A8yO5pbnt",
"date":"2013-09-08 23:45:01"
},
{
"kids":[],
"uid":"3299168870",
"parent":"zuAlV7Tfc",
"text":"",
"mid":"zDoPbAbNC",
"date":"2013-06-27 20:35:23"
},
{
"kids":[],
"uid":"ccbeijun",
"parent":"zuB17ExcF",
"text":"@尜Jun军 [生病][生病]",
"mid":"zzj37jAM2",
"date":"2013-05-31 22:31:59"
},
{
"kids":[],
"uid":"1852785675",
"parent":"",
"text":"震惊@宾k10",
"mid":"zvQIpdg0x",
"date":"2013-05-09 04:53:09"
},
{
"kids":[],
"uid":"1987686827",
"parent":"",
"text":"@找钻石的K0oo0K",
"mid":"zvNa14Hes",
"date":"2013-05-08 19:50:12"
},
{
"kids":[],
"uid":"2659283575",
"parent":"",
"text":"果断转，虽然本来就不怎么吃小龙虾",
"mid":"zvyEK7Ktw",
"date":"2013-05-07 06:54:41"
},
{
"kids":[],
"uid":"2920348332",
"parent":"",
"text":"",
"mid":"zv7WedUQa",
"date":"2013-05-04 10:53:36"
},
{
"kids":[],
"uid":"2789728772",
"parent":"",
"text":"",
"mid":"zv7WdCh6t",
"date":"2013-05-04 10:53:35"
},
{
"kids":[],
"uid":"2988140795",
"parent":"",
"text":"@疯狂唐三藏",
"mid":"zv6Xa6wR1",
"date":"2013-05-04 08:23:08"
},
{
"kids":[],
"uid":"2805533460",
"parent":"zuAwMxD4I",
"text":"",
"mid":"zv6ULsPDh",
"date":"2013-05-04 08:17:14"
},
{
"kids":[],
"uid":"1582642144",
"parent":"zuAwMxD4I",
"text":"",
"mid":"zv6ULsb6I",
"date":"2013-05-04 08:17:14"
},
{
"kids":[],
"uid":"3044800760",
"parent":"zuEFIgb1P",
"text":"",
"mid":"zv6G6eneF",
"date":"2013-05-04 07:41:07"
},
{
"kids":[],
"uid":"2810237600",
"parent":"zuEFIgb1P",
"text":"",
"mid":"zv6G6enbF",
"date":"2013-05-04 07:41:06"
},
{
"kids":[],
"uid":"1776584024",
"parent":"",
"text":"",
"mid":"zv6ll5QVm",
"date":"2013-05-04 06:49:58"
},
{
"kids":[],
"uid":"2919749822",
"parent":"",
"text":"",
"mid":"zv6ll5QTm",
"date":"2013-05-04 06:49:58"
},
{
"kids":[],
"uid":"3043811200",
"parent":"zuE9WuRNn",
"text":"",
"mid":"zv3losfOg",
"date":"2013-05-03 23:11:48"
},
{
"kids":[],
"uid":"2790114494",
"parent":"zuE9WuRNn",
"text":"",
"mid":"zv3loqzsx",
"date":"2013-05-03 23:11:49"
},
{
"kids":[],
"uid":"2789805924",
"parent":"zuAuNk6gj",
"text":"",
"mid":"zv12x4Ps5",
"date":"2013-05-03 17:19:54"
},
{
"kids":[],
"uid":"2805458274",
"parent":"zuAuNk6gj",
"text":"",
"mid":"zv12wtbJn",
"date":"2013-05-03 17:19:54"
},
{
"kids":[],
"uid":"2817014762",
"parent":"",
"text":"小龙虾非常脏，不易食",
"mid":"zuZBh7dpt",
"date":"2013-05-03 13:39:59"
},
{
"kids":[],
"uid":"3045037702",
"parent":"zuAz5yhLq",
"text":"",
"mid":"zuZbo00xe",
"date":"2013-05-03 12:36:13"
},
{
"kids":[],
"uid":"2920630192",
"parent":"zuAz5yhLq",
"text":"",
"mid":"zuZbnFbHt",
"date":"2013-05-03 12:36:13"
},
{
"kids":[],
"uid":"2789830664",
"parent":"zuCpVaDwX",
"text":"",
"mid":"zuWqG49KG",
"date":"2013-05-03 05:35:39"
},
{
"kids":[],
"uid":"3044163940",
"parent":"zuCpVaDwX",
"text":"",
"mid":"zuWqG2Rb6",
"date":"2013-05-03 05:35:39"
},
{
"kids":[],
"uid":"jessie266",
"parent":"",
"text":"",
"mid":"zuU7fg3dt",
"date":"2013-05-02 23:42:18"
},
{
"kids":[],
"uid":"3044287800",
"parent":"",
"text":"",
"mid":"zuRqarxqJ",
"date":"2013-05-02 16:50:40"
},
{
"kids":[],
"uid":"2920487832",
"parent":"",
"text":"",
"mid":"zuRqaqDc3",
"date":"2013-05-02 16:50:40"
},
{
"kids":[],
"uid":"3044360580",
"parent":"",
"text":"",
"mid":"zuNGlp2c8",
"date":"2013-05-02 07:19:32"
},
{
"kids":[],
"uid":"1589041843",
"parent":"zuApowS0s",
"text":"",
"mid":"zuMuzum48",
"date":"2013-05-02 04:17:47"
},
{
"kids":[],
"uid":"2920524240",
"parent":"zuApowS0s",
"text":"",
"mid":"zuMuzum1o",
"date":"2013-05-02 04:17:46"
},
{
"kids":[],
"uid":"2920615982",
"parent":"zuInpcaYG",
"text":"",
"mid":"zuMtH8M7p",
"date":"2013-05-02 04:15:37"
},
{
"kids":[],
"uid":"2789801310",
"parent":"zuAVMnMO9",
"text":"",
"mid":"zuLMgjEvf",
"date":"2013-05-02 02:28:37"
},
{
"kids":[],
"uid":"2919550482",
"parent":"",
"text":"",
"mid":"zuLFX5Q9H",
"date":"2013-05-02 02:13:04"
},
{
"kids":[],
"uid":"2919605792",
"parent":"",
"text":"",
"mid":"zuLFX4IHj",
"date":"2013-05-02 02:13:04"
},
{
"kids":[],
"uid":"2789711342",
"parent":"zuFzxjsOT",
"text":"",
"mid":"zuKY4aYb5",
"date":"2013-05-02 00:24:57"
},
{
"kids":[
"zuMtH8M7p"
],
"uid":"maguaiguai",
"parent":"zuAoea6Uc",
"text":"@mzyljw 真的假的？",
"mid":"zuInpcaYG",
"date":"2013-05-01 17:49:08"
},
{
"kids":[],
"uid":"1828514004",
"parent":"zuFWsC2S0",
"text":"",
"mid":"zuHWbjRNZ",
"date":"2013-05-01 16:42:05"
},
{
"kids":[],
"uid":"1949078615",
"parent":"zuG0dseLB",
"text":"@niu-haha",
"mid":"zuHadsMOU",
"date":"2013-05-01 14:43:53"
},
{
"kids":[],
"uid":"2243802494",
"parent":"zuEFIgb1P",
"text":"我也不好这口许久了",
"mid":"zuH6nD1bT",
"date":"2013-05-01 14:34:27"
},
{
"kids":[],
"uid":"1763269564",
"parent":"zuFWsC2S0",
"text":"",
"mid":"zuGLhsn30",
"date":"2013-05-01 13:42:26"
},
{
"kids":[],
"uid":"2140550265",
"parent":"zuAz5yhLq",
"text":"早就知道小龙虾很脏，所以活到现在吃了几只都数的清楚[转发]",
"mid":"zuGCHgieU",
"date":"2013-05-01 13:21:19"
},
{
"kids":[],
"uid":"2393688580",
"parent":"",
"text":"@小珍珍Jane 幸亏我不吃哈哈",
"mid":"zuGzKFKRw",
"date":"2013-05-01 13:14:02"
},
{
"kids":[],
"uid":"iceblue057",
"parent":"zuG2xmwcC",
"text":"@Nicole_wxh 还想吃么？",
"mid":"zuGlIa3xF",
"date":"2013-05-01 12:39:27"
},
{
"kids":[
"zuGlIa3xF"
],
"uid":"minnie2ang",
"parent":"zuFWsC2S0",
"text":"曾经的日本领导超爱吃小龙虾的说～觉得在内地吃划算～日本很贵的～",
"mid":"zuG2xmwcC",
"date":"2013-05-01 11:52:13"
},
{
"kids":[
"zuHadsMOU"
],
"uid":"1965281304",
"parent":"zuFWsC2S0",
"text":"",
"mid":"zuG0dseLB",
"date":"2013-05-01 11:46:31"
},
{
"kids":[],
"uid":"3044357110",
"parent":"zuFWsC2S0",
"text":"",
"mid":"zuG0chodG",
"date":"2013-05-01 11:46:27"
},
{
"kids":[],
"uid":"2807729030",
"parent":"zuFWsC2S0",
"text":"",
"mid":"zuG0c19Sm",
"date":"2013-05-01 11:46:27"
},
{
"kids":[],
"uid":"2713046473",
"parent":"",
"text":"",
"mid":"zuFYApoto",
"date":"2013-05-01 11:42:29"
},
{
"kids":[
"zuHWbjRNZ",
"zuGLhsn30",
"zuG2xmwcC",
"zuG0dseLB",
"zuG0chodG",
"zuG0c19Sm"
],
"uid":"1758354463",
"parent":"",
"text":"",
"mid":"zuFWsC2S0",
"date":"2013-05-01 11:37:16"
},
{
"kids":[],
"uid":"2673573613",
"parent":"",
"text":"小龙虾来历原来是这样，突然很倒胃口[抓狂]",
"mid":"zuFVQd6iX",
"date":"2013-05-01 11:35:43"
},
{
"kids":[],
"uid":"1562309387",
"parent":"zuB8A5qo7",
"text":"",
"mid":"zuFMli4nq",
"date":"2013-05-01 11:12:20"
},
{
"kids":[],
"uid":"cindy1111",
"parent":"",
"text":"",
"mid":"zuFLK54eJ",
"date":"2013-05-01 11:10:51"
},
{
"kids":[],
"uid":"3058801123",
"parent":"",
"text":"",
"mid":"zuFF2jPl0",
"date":"2013-05-01 10:54:19"
},
{
"kids":[
"zuKY4aYb5"
],
"uid":"1594633594",
"parent":"zuAlV7Tfc",
"text":"",
"mid":"zuFzxjsOT",
"date":"2013-05-01 10:40:47"
},
{
"kids":[],
"uid":"1293326930",
"parent":"zuDE83JcN",
"text":"mark@烨天竹",
"mid":"zuFyr3xr8",
"date":"2013-05-01 10:38:05"
},
{
"kids":[],
"uid":"2659304087",
"parent":"zuFbIrhXQ",
"text":"[汗][汗]这年头牛奶不能喝，奶粉不能喝，小龙虾不能吃，还有什么不能吃喝的全都发出来，以后光吃青菜，等到青菜也不能吃的时候，就是白饭，饭也不能吃的时候就等死吧！",
"mid":"zuFtAy89j",
"date":"2013-05-01 10:26:07"
},
{
"kids":[],
"uid":"3044515570",
"parent":"zuAsG6wEh",
"text":"",
"mid":"zuFk1teRV",
"date":"2013-05-01 10:02:34"
},
{
"kids":[],
"uid":"3208136124",
"parent":"zuAMSpRly",
"text":"[怒]",
"mid":"zuFjS21Hj",
"date":"2013-05-01 10:02:11"
},
{
"kids":[],
"uid":"2919784270",
"parent":"",
"text":"",
"mid":"zuFhPfvYv",
"date":"2013-05-01 09:57:09"
},
{
"kids":[],
"uid":"2025197041",
"parent":"",
"text":"以后不要再吃小龙虾了！前几天我们医院还收了个洗虾粉中毒的急诊病人！",
"mid":"zuFfgAI43",
"date":"2013-05-01 09:50:51"
},
{
"kids":[],
"uid":"3045117592",
"parent":"zuAoFBpk9",
"text":"",
"mid":"zuFdqdB5O",
"date":"2013-05-01 09:46:18"
},
{
"kids":[],
"uid":"3043619432",
"parent":"zuDE83JcN",
"text":"",
"mid":"zuFc2foWa",
"date":"2013-05-01 09:42:52"
},
{
"kids":[
"zuFtAy89j"
],
"uid":"2352869332",
"parent":"zuFaXrWek",
"text":"好么…我一辈子也不沾龙虾了 [衰] [吐]",
"mid":"zuFbIrhXQ",
"date":"2013-05-01 09:42:05"
},
{
"kids":[
"zuFbIrhXQ"
],
"uid":"2789763782",
"parent":"zuAMb0l8r",
"text":"",
"mid":"zuFaXrWek",
"date":"2013-05-01 09:40:13"
},
{
"kids":[],
"uid":"evapotato",
"parent":"zuCI8xzXO",
"text":"[吐][吐][吐]",
"mid":"zuF3vkMOe",
"date":"2013-05-01 09:21:51"
},
{
"kids":[],
"uid":"2641259572",
"parent":"",
"text":"",
"mid":"zuEO6iGt7",
"date":"2013-05-01 08:43:53"
},
{
"kids":[],
"uid":"piaopiaoai",
"parent":"",
"text":"",
"mid":"zuEJj1AH4",
"date":"2013-05-01 08:32:04"
},
{
"kids":[
"zv6G6eneF",
"zv6G6enbF",
"zuH6nD1bT"
],
"uid":"2734640930",
"parent":"zuAoea6Uc",
"text":"姐不好这口！ @非颜祸众",
"mid":"zuEFIgb1P",
"date":"2013-05-01 08:23:15"
},
{
"kids":[],
"uid":"1778538962",
"parent":"zuApowS0s",
"text":"",
"mid":"zuEDlD8P6",
"date":"2013-05-01 08:17:25"
},
{
"kids":[],
"uid":"2042309630",
"parent":"zuB7lhd6S",
"text":"",
"mid":"zuEBU8tFd",
"date":"2013-05-01 08:13:51"
},
{
"kids":[],
"uid":"1762536905",
"parent":"",
"text":"@sunny白白小白白",
"mid":"zuEyjksiX",
"date":"2013-05-01 08:05:00"
},
{
"kids":[],
"uid":"3043749070",
"parent":"zuALY04sQ",
"text":"",
"mid":"zuEhUdHI2",
"date":"2013-05-01 07:24:35"
},
{
"kids":[],
"uid":"2212488031",
"parent":"zuAn5fiwd",
"text":"看有办法毁灭这种异形码@洋槐树下的小妖精 @赵媛_Cindy @小小小小倩 @冉伟Will @蔡瀾 @幸福猪小朋友",
"mid":"zuEcHgU9Q",
"date":"2013-05-01 07:11:45"
},
{
"kids":[],
"uid":"274015511",
"parent":"zuBxHkehy",
"text":"瞎说，一直有和霓虹的人 去吃好么。[挖鼻屎][挖鼻屎][挖鼻屎]",
"mid":"zuEcsui0S",
"date":"2013-05-01 07:11:11"
},
{
"kids":[
"zv3losfOg",
"zv3loqzsx"
],
"uid":"2059453213",
"parent":"",
"text":"",
"mid":"zuE9WuRNn",
"date":"2013-05-01 07:04:58"
},
{
"kids":[],
"uid":"2790084750",
"parent":"zuAqjiemx",
"text":"",
"mid":"zuE3MFsL8",
"date":"2013-05-01 06:49:48"
},
{
"kids":[],
"uid":"672012720",
"parent":"zuAlV7Tfc",
"text":"太恶心了！",
"mid":"zuDRJq5Fg",
"date":"2013-05-01 06:20:07"
},
{
"kids":[],
"uid":"2177561380",
"parent":"",
"text":"",
"mid":"zuDQ929qi",
"date":"2013-05-01 06:16:11"
},
{
"kids":[],
"uid":"1626886012",
"parent":"",
"text":"转",
"mid":"zuDNDxtEw",
"date":"2013-05-01 06:10:02"
},
{
"kids":[],
"uid":"1626886012",
"parent":"",
"text":"幸亏一直不喜欢吃！",
"mid":"zuDNtuEVB",
"date":"2013-05-01 06:09:38"
},
{
"kids":[],
"uid":"1583131313",
"parent":"zuAz5yhLq",
"text":"",
"mid":"zuDLSvPb0",
"date":"2013-05-01 06:05:41"
},
{
"kids":[],
"uid":"1412156623",
"parent":"zuBvktR7r",
"text":"好恶心！",
"mid":"zuDLavE6Y",
"date":"2013-05-01 06:03:57"
},
{
"kids":[],
"uid":"xmyjs",
"parent":"zuAlV7Tfc",
"text":"我基本不吃",
"mid":"zuDJ3jzTy",
"date":"2013-05-01 05:58:44"
},
{
"kids":[
"zuFyr3xr8",
"zuFc2foWa"
],
"uid":"marcoborriello",
"parent":"zuBw6CKdB",
"text":"这篇东西我大概10年前就看到过了",
"mid":"zuDE83JcN",
"date":"2013-05-01 05:46:35"
},
{
"kids":[],
"uid":"2919344700",
"parent":"",
"text":"",
"mid":"zuCYX0WFa",
"date":"2013-05-01 04:05:08"
},
{
"kids":[],
"uid":"3043613594",
"parent":"zuAlV7Tfc",
"text":"",
"mid":"zuCTmnIPk",
"date":"2013-05-01 03:51:23"
},
{
"kids":[],
"uid":"3044994504",
"parent":"zuB5EkZD7",
"text":"",
"mid":"zuCOyeZrG",
"date":"2013-05-01 03:39:32"
},
{
"kids":[],
"uid":"3045223884",
"parent":"zuB5EkZD7",
"text":"",
"mid":"zuCOxDlIs",
"date":"2013-05-01 03:39:31"
},
{
"kids":[],
"uid":"3044063944",
"parent":"",
"text":"",
"mid":"zuCNdu4uG",
"date":"2013-05-01 03:36:14"
},
{
"kids":[],
"uid":"2919716632",
"parent":"zuBDCBupH",
"text":"",
"mid":"zuCJPpi65",
"date":"2013-05-01 03:27:54"
},
{
"kids":[
"zuF3vkMOe"
],
"uid":"1786935483",
"parent":"",
"text":"[生病][吐]",
"mid":"zuCI8xzXO",
"date":"2013-05-01 03:23:43"
},
{
"kids":[],
"uid":"3172181825",
"parent":"zuBg3764i",
"text":"",
"mid":"zuCEmvcS5",
"date":"2013-05-01 03:14:26"
},
{
"kids":[
"zuWqG49KG",
"zuWqG2Rb6"
],
"uid":"2123016950",
"parent":"zuAlV7Tfc",
"text":"不知道欧洲这边的小龙虾是怎样个情况？一直想买来着。。。。",
"mid":"zuCpVaDwX",
"date":"2013-05-01 02:38:51"
},
{
"kids":[],
"uid":"2071479481",
"parent":"zuBIRnkg6",
"text":"",
"mid":"zuChnlZ8d",
"date":"2013-05-01 02:17:47"
},
{
"kids":[],
"uid":"2805453444",
"parent":"zuAuNk6gj",
"text":"",
"mid":"zuC5h4Hb7",
"date":"2013-05-01 01:47:58"
},
{
"kids":[],
"uid":"3044315782",
"parent":"zuAsT6Heo",
"text":"",
"mid":"zuC1LyIgl",
"date":"2013-05-01 01:39:21"
},
{
"kids":[],
"uid":"3044169790",
"parent":"zuB7lhd6S",
"text":"",
"mid":"zuBZ1Ewkx",
"date":"2013-05-01 01:32:36"
},
{
"kids":[],
"uid":"3043547972",
"parent":"",
"text":"",
"mid":"zuBYXeJGG",
"date":"2013-05-01 01:32:25"
},
{
"kids":[],
"uid":"2920663224",
"parent":"zuBpl47gH",
"text":"",
"mid":"zuBWc8MMj",
"date":"2013-05-01 01:25:37"
},
{
"kids":[],
"uid":"3043635484",
"parent":"zuBpl47gH",
"text":"",
"mid":"zuBWc8MIm",
"date":"2013-05-01 01:25:36"
},
{
"kids":[],
"uid":"3043546394",
"parent":"zuB5EkZD7",
"text":"",
"mid":"zuBSg4G41",
"date":"2013-05-01 01:15:54"
},
{
"kids":[],
"uid":"2920072462",
"parent":"",
"text":"",
"mid":"zuBIWmlgN",
"date":"2013-05-01 00:52:57"
},
{
"kids":[
"zuChnlZ8d"
],
"uid":"rainbow121",
"parent":"zuBvktR7r",
"text":"@楠楠kobe 别吃啦",
"mid":"zuBIRnkg6",
"date":"2013-05-01 00:52:42"
},
{
"kids":[],
"uid":"2919639860",
"parent":"zuBpl47gH",
"text":"",
"mid":"zuBGDCS0W",
"date":"2013-05-01 00:47:15"
},
{
"kids":[
"zuCJPpi65"
],
"uid":"2100816763",
"parent":"zuAZJlR1Y",
"text":"好恐怖。@Cc_蔯晨@Z-lvo廖钊",
"mid":"zuBDCBupH",
"date":"2013-05-01 00:39:52"
},
{
"kids":[],
"uid":"2919795920",
"parent":"zuB8A5qo7",
"text":"",
"mid":"zuBC9jAuZ",
"date":"2013-05-01 00:36:13"
},
{
"kids":[],
"uid":"3045070894",
"parent":"zuB8A5qo7",
"text":"",
"mid":"zuBC90dtr",
"date":"2013-05-01 00:36:10"
},
{
"kids":[],
"uid":"yukilife",
"parent":"zuBvktR7r",
"text":"",
"mid":"zuBz252JA",
"date":"2013-05-01 00:28:31"
},
{
"kids":[],
"uid":"amyxiaomai",
"parent":"zuBvktR7r",
"text":"",
"mid":"zuBxRnMKu",
"date":"2013-05-01 00:25:36"
},
{
"kids":[
"zuEcsui0S"
],
"uid":"spongebob1986",
"parent":"zuBvktR7r",
"text":"[衰]",
"mid":"zuBxHkehy",
"date":"2013-05-01 00:25:17"
},
{
"kids":[],
"uid":"fishloveforyou",
"parent":"zuBvktR7r",
"text":"[衰]还好木有吃过",
"mid":"zuBwst9gU",
"date":"2013-05-01 00:22:10"
},
{
"kids":[
"zuDE83JcN"
],
"uid":"206127893",
"parent":"zuBvktR7r",
"text":"开玩笑，谁说日本人不吃，寿宁路日本人多了去了。。。何况跟大天朝其他食物比，小龙虾说不定算好的",
"mid":"zuBw6CKdB",
"date":"2013-05-01 00:21:22"
},
{
"kids":[
"zuDLavE6Y",
"zuBIRnkg6",
"zuBz252JA",
"zuBxRnMKu",
"zuBxHkehy",
"zuBwst9gU",
"zuBw6CKdB"
],
"uid":"hktraveller",
"parent":"zuAlV7Tfc",
"text":"",
"mid":"zuBvktR7r",
"date":"2013-05-01 00:19:24"
},
{
"kids":[],
"uid":"2045096952",
"parent":"zuBg3764i",
"text":"@fishbloganna 侬看看，奈能吃，又要面神经中毒了，似乎一年了，我此生记得你！[怒]",
"mid":"zuBrkgaku",
"date":"2013-05-01 00:09:31"
},
{
"kids":[
"zuBWc8MMj",
"zuBWc8MIm",
"zuBGDCS0W"
],
"uid":"2249585593",
"parent":"zuAoea6Uc",
"text":"龙虾太恐怖了@嘮嗑瞎掰八卦",
"mid":"zuBpl47gH",
"date":"2013-05-01 00:04:37"
},
{
"kids":[],
"uid":"2249585593",
"parent":"zuAoea6Uc",
"text":"还是别吃龙虾了@嘮嗑瞎掰八卦",
"mid":"zuBoTh6Nm",
"date":"2013-05-01 00:03:34"
},
{
"kids":[],
"uid":"1799262633",
"parent":"",
"text":"@周二麻子宁",
"mid":"zuBidA04Q",
"date":"2013-04-30 23:47:08"
},
{
"kids":[],
"uid":"2296313483",
"parent":"",
"text":"今还去吃了呢 那人啊。。。。",
"mid":"zuBi6b4LM",
"date":"2013-04-30 23:46:51"
},
{
"kids":[],
"uid":"2639965863",
"parent":"zuABNF9ap",
"text":"不知道真假，但我反正不能吃@张华华烨 @永远范特西 @雪隐溪山 @C帆想吐槽 @絮儿1116 @彪悍的懒猫 @陈舰-2012",
"mid":"zuBhUF1UW",
"date":"2013-04-30 23:46:20"
},
{
"kids":[
"zuCEmvcS5",
"zuBrkgaku"
],
"uid":"2116699004",
"parent":"",
"text":"很久没吃了",
"mid":"zuBg3764i",
"date":"2013-04-30 23:41:45"
},
{
"kids":[],
"uid":"tonionline",
"parent":"zuAoea6Uc",
"text":"我也就是在合肥出差时吃过一两次。。。",
"mid":"zuBcCDjCP",
"date":"2013-04-30 23:33:21"
},
{
"kids":[],
"uid":"2274572272",
"parent":"zuAlV7Tfc",
"text":"[生病]我不吃了",
"mid":"zuBb4D6eH",
"date":"2013-04-30 23:29:30"
},
{
"kids":[
"zuFMli4nq",
"zuBC9jAuZ",
"zuBC90dtr"
],
"uid":"2628068021",
"parent":"zuAZJlR1Y",
"text":"[吃惊]O My  Good，之前只知道不干净，原来这么脏，@小美妍妍 以后还是不要吃了",
"mid":"zuB8A5qo7",
"date":"2013-04-30 23:23:21"
},
{
"kids":[
"zuEBU8tFd",
"zuBZ1Ewkx"
],
"uid":"1599342243",
"parent":"zuAoea6Uc",
"text":"没吃过。。",
"mid":"zuB7lhd6S",
"date":"2013-04-30 23:20:18"
},
{
"kids":[
"zuCOyeZrG",
"zuCOxDlIs",
"zuBSg4G41"
],
"uid":"1585460011",
"parent":"zuABNF9ap",
"text":"小龙虾脏不脏我不清楚，但是DNA的双螺旋结构1953年才被发现 这个时候新中国都成立了，文中说的二战时期对小龙虾基因改造是怎么改的呢[衰][衰][衰]",
"mid":"zuB5EkZD7",
"date":"2013-04-30 23:16:10"
},
{
"kids":[],
"uid":"1997765762",
"parent":"",
"text":"",
"mid":"zuB2Md6yB",
"date":"2013-04-30 23:09:05"
},
{
"kids":[
"zzj37jAM2"
],
"uid":"qq881100",
"parent":"zuAqjiemx",
"text":"[生病][生病][生病]不敢吃了，要轉發給更多的人知道！！！",
"mid":"zuB17ExcF",
"date":"2013-04-30 23:05:01"
},
{
"kids":[
"zuBDCBupH",
"zuB8A5qo7"
],
"uid":"2153933612",
"parent":"",
"text":"难怪每次吃都不舒服，还好我嫌它脏",
"mid":"zuAZJlR1Y",
"date":"2013-04-30 23:01:35"
},
{
"kids":[
"zuLMgjEvf"
],
"uid":"3029300187",
"parent":"zuAlV7Tfc",
"text":"",
"mid":"zuAVMnMO9",
"date":"2013-04-30 22:51:52"
},
{
"kids":[],
"uid":"2913714215",
"parent":"zuAoea6Uc",
"text":"",
"mid":"zuATW4nmf",
"date":"2013-04-30 22:47:16"
},
{
"kids":[],
"uid":"1862459380",
"parent":"",
"text":"@酷牙在做白日梦 @麦客-系带上的潴潴   话不多说了[阴险]",
"mid":"zuATE26rL",
"date":"2013-04-30 22:46:32"
},
{
"kids":[],
"uid":"2757577935",
"parent":"",
"text":"长了20年，一口没吃过……",
"mid":"zuARTxaZL",
"date":"2013-04-30 22:42:17"
},
{
"kids":[],
"uid":"1820609333",
"parent":"zuAoea6Uc",
"text":"",
"mid":"zuARF5hIt",
"date":"2013-04-30 22:41:42"
},
{
"kids":[],
"uid":"invi44",
"parent":"zuAwMxD4I",
"text":"1、日本人来中国不吃麻辣小龙虾是因为辣，你给他们清水煮小龙虾他们是吃的……2、小龙虾早就人工养殖了……3、小龙虾真心各种病毒最好不要吃",
"mid":"zuARC7Xbt",
"date":"2013-04-30 22:41:32"
},
{
"kids":[],
"uid":"bingbinghai",
"parent":"",
"text":"小时候吃过一两次，这下它卖龙虾的要受影响了，真的假的啊，美国那边也吃啊？",
"mid":"zuAN9xAw3",
"date":"2013-04-30 22:30:36"
},
{
"kids":[
"zuFjS21Hj"
],
"uid":"petbud",
"parent":"zuAKhEu8N",
"text":"合肥每年都消耗，很多龙虾！还是少吃为好！",
"mid":"zuAMSpRly",
"date":"2013-04-30 22:29:55"
},
{
"kids":[
"zuFaXrWek"
],
"uid":"1229883814",
"parent":"zuAlV7Tfc",
"text":"太恶心了，偶尔吃的我，再也不敢吃了",
"mid":"zuAMb0l8r",
"date":"2013-04-30 22:28:09"
},
{
"kids":[
"zuEhUdHI2"
],
"uid":"2650142767",
"parent":"",
"text":"@小萝卜爸",
"mid":"zuALY04sQ",
"date":"2013-04-30 22:27:37"
},
{
"kids":[],
"uid":"2906615655",
"parent":"",
"text":"还好吃不起",
"mid":"zuALRaSuP",
"date":"2013-04-30 22:27:24"
},
{
"kids":[],
"uid":"leizizhu",
"parent":"",
"text":"可怕，不敢吃了",
"mid":"zuALN4KK4",
"date":"2013-04-30 22:27:12"
},
{
"kids":[],
"uid":"1308658460",
"parent":"zuAlV7Tfc",
"text":"真的假的？昨天刚吃过[吃惊][吐]",
"mid":"zuALJuUuo",
"date":"2013-04-30 22:27:04"
},
{
"kids":[
"zuAMSpRly"
],
"uid":"2929579082",
"parent":"",
"text":"别吃寄了！！@哼唱歌的大疯纸ivy @LEAVE_Si @骨小头 @宠萌宠物 @合肥金毛互动群 @海藻luby老娘 @跑跑回来啦 @皖依依 @毛豆母后丶",
"mid":"zuAKhEu8N",
"date":"2013-04-30 22:23:31"
},
{
"kids":[],
"uid":"2551921067",
"parent":"zuAlV7Tfc",
"text":"我们家也不吃！",
"mid":"zuAHjBqkn",
"date":"2013-04-30 22:16:11"
},
{
"kids":[],
"uid":"1653257667",
"parent":"zuAoea6Uc",
"text":"@糖糖1604 @虫子xw",
"mid":"zuAEydsoJ",
"date":"2013-04-30 22:09:22"
},
{
"kids":[],
"uid":"1767899241",
"parent":"",
"text":"[害羞][吃惊]",
"mid":"zuAEdvYhw",
"date":"2013-04-30 22:08:32"
},
{
"kids":[],
"uid":"1992824030",
"parent":"",
"text":"@飞颺的影子",
"mid":"zuADzArBm",
"date":"2013-04-30 22:07:00"
},
{
"kids":[
"zuBhUF1UW",
"zuB5EkZD7"
],
"uid":"wbb0701",
"parent":"",
"text":"@神游侠2012 @O吾将O 别吃了还是~",
"mid":"zuABNF9ap",
"date":"2013-04-30 22:02:36"
},
{
"kids":[],
"uid":"2433905047",
"parent":"zuAlV7Tfc",
"text":"",
"mid":"zuABi5hYv",
"date":"2013-04-30 22:01:20"
},
{
"kids":[
"zuZbo00xe",
"zuZbnFbHt",
"zuGCHgieU",
"zuDLSvPb0"
],
"uid":"2270321660",
"parent":"",
"text":"这几年已经吃的少了",
"mid":"zuAz5yhLq",
"date":"2013-04-30 21:55:57"
},
{
"kids":[],
"uid":"2132131804",
"parent":"zuAoea6Uc",
"text":"昨天刚吃[吐][吐][吐][吐]",
"mid":"zuAxQsqzV",
"date":"2013-04-30 21:52:51"
},
{
"kids":[],
"uid":"2118953693",
"parent":"",
"text":"@路人甲童鞋的围脖 @嘉誠lee @木米亚 @哈咯龙龙 @蓝莓8366 @lee嘉麗",
"mid":"zuAxsuF8i",
"date":"2013-04-30 21:51:56"
},
{
"kids":[
"zv6ULsPDh",
"zv6ULsb6I",
"zuARC7Xbt"
],
"uid":"2838024372",
"parent":"zuAlV7Tfc",
"text":"@@吃相难看 @殷维同学",
"mid":"zuAwMxD4I",
"date":"2013-04-30 21:50:16"
},
{
"kids":[],
"uid":"806991678",
"parent":"",
"text":"",
"mid":"zuAwbCmD4",
"date":"2013-04-30 21:48:48"
},
{
"kids":[
"zv12x4Ps5",
"zv12wtbJn",
"zuC5h4Hb7"
],
"uid":"1986232980",
"parent":"",
"text":"[吃惊]",
"mid":"zuAuNk6gj",
"date":"2013-04-30 21:45:19"
},
{
"kids":[],
"uid":"1805083672",
"parent":"",
"text":"[吃惊]",
"mid":"zuAt8bFnv",
"date":"2013-04-30 21:41:14"
},
{
"kids":[
"zuC1LyIgl"
],
"uid":"1925010241",
"parent":"",
"text":"[吐][吐]",
"mid":"zuAsT6Heo",
"date":"2013-04-30 21:40:40"
},
{
"kids":[],
"uid":"missrosebullet",
"parent":"",
"text":"求辟谣[泪][泪][泪]",
"mid":"zuAsLsmAo",
"date":"2013-04-30 21:40:19"
},
{
"kids":[
"zuFk1teRV"
],
"uid":"2010081294",
"parent":"",
"text":"@爱吃爱睡的小强 @蔡龙冰 虽然人已进化到食物链的顶端，但真的不是什么都可以吃的！！",
"mid":"zuAsG6wEh",
"date":"2013-04-30 21:40:09"
},
{
"kids":[],
"uid":"1954099827",
"parent":"zuAoea6Uc",
"text":"@wingjer @marco-zhang 不能吃啊!不管是真是假!",
"mid":"zuArw3bhR",
"date":"2013-04-30 21:37:17"
},
{
"kids":[],
"uid":"1963423237",
"parent":"",
"text":"",
"mid":"zuAqI6h3u",
"date":"2013-04-30 21:35:16"
},
{
"kids":[
"zzj37jAM2",
"zuE3MFsL8",
"zuB17ExcF"
],
"uid":"hinsmama",
"parent":"zuAlV7Tfc",
"text":"@琪琪琪琪琪哥仔",
"mid":"zuAqjiemx",
"date":"2013-04-30 21:34:17"
},
{
"kids":[
"zuMuzum48",
"zuMuzum1o",
"zuEDlD8P6"
],
"uid":"1684819983",
"parent":"",
"text":"",
"mid":"zuApowS0s",
"date":"2013-04-30 21:32:03"
},
{
"kids":[],
"uid":"chenyuanyuan212",
"parent":"zuAoea6Uc",
"text":"",
"mid":"zuApmtiEx",
"date":"2013-04-30 21:31:57"
},
{
"kids":[],
"uid":"2621641737",
"parent":"",
"text":"@BugerFly @Yiyeo_仙 @LFBJ枫",
"mid":"zuAoR9cFH",
"date":"2013-04-30 21:30:44"
},
{
"kids":[
"zuFdqdB5O"
],
"uid":"1869472932",
"parent":"zuAlV7Tfc",
"text":"超恶心[闭嘴]",
"mid":"zuAoFBpk9",
"date":"2013-04-30 21:30:17"
},
{
"kids":[],
"uid":"719861211",
"parent":"",
"text":"@峻泽麻麻",
"mid":"zuAoCE0HB",
"date":"2013-04-30 21:30:10"
},
{
"kids":[],
"uid":"1314466637",
"parent":"zuAlV7Tfc",
"text":"没胃口了，今天的下一秒戒龙虾",
"mid":"zuAoou2Yc",
"date":"2013-04-30 21:29:33"
},
{
"kids":[
"zuInpcaYG",
"zuEFIgb1P",
"zuBpl47gH",
"zuBoTh6Nm",
"zuBcCDjCP",
"zuB7lhd6S",
"zuATW4nmf",
"zuARF5hIt",
"zuAEydsoJ",
"zuAxQsqzV",
"zuArw3bhR",
"zuApmtiEx"
],
"uid":"pepsibear",
"parent":"",
"text":"从来不吃@靠谱的朋友 @新浪美食",
"mid":"zuAoea6Uc",
"date":"2013-04-30 21:29:11"
},
{
"kids":[],
"uid":"cyylovewxk",
"parent":"",
"text":"[衰]",
"mid":"zuAnYsEFE",
"date":"2013-04-30 21:28:34"
},
{
"kids":[],
"uid":"3237371842",
"parent":"",
"text":"",
"mid":"zuAnpzBc0",
"date":"2013-04-30 21:27:08"
},
{
"kids":[
"zuEcHgU9Q"
],
"uid":"sasa8067",
"parent":"zuAlV7Tfc",
"text":"@chefandrew",
"mid":"zuAn5fiwd",
"date":"2013-04-30 21:26:22"
},
{
"kids":[],
"uid":"2455823653",
"parent":"zuAlV7Tfc",
"text":"",
"mid":"zuAmUA8Hx",
"date":"2013-04-30 21:25:56"
},
{
"kids":[],
"uid":"3174230800",
"parent":"",
"text":"@儿童大  @大春的游乐场  戒了吧……",
"mid":"zuAmpybNa",
"date":"2013-04-30 21:24:42"
},
{
"kids":[
"A8yO5pbnt",
"zDoPbAbNC",
"zuFzxjsOT",
"zuDRJq5Fg",
"zuDJ3jzTy",
"zuCTmnIPk",
"zuCpVaDwX",
"zuBvktR7r",
"zuBb4D6eH",
"zuAVMnMO9",
"zuAMb0l8r",
"zuALJuUuo",
"zuAHjBqkn",
"zuABi5hYv",
"zuAwMxD4I",
"zuAqjiemx",
"zuAoFBpk9",
"zuAoou2Yc",
"zuAn5fiwd",
"zuAmUA8Hx"
],
"uid":"516056714",
"parent":"",
"text":"太恶心了！[衰] 幸好本来就不怎么吃……",
"mid":"zuAlV7Tfc",
"date":"2013-04-30 21:23:28"
}
]