[
{
"kids":[],
"uid":"2614815767",
"parent":"",
"text":"转发微博。",
"mid":"B6UL5dafp",
"date":"2014-06-01 02:41:44"
},
{
"kids":[],
"uid":"3044008474",
"parent":"A5tEMdNnD",
"text":"",
"mid":"A5AfEb4l8",
"date":"2013-08-20 09:54:43"
},
{
"kids":[],
"uid":"3044267310",
"parent":"A5tEMdNnD",
"text":"",
"mid":"A5zA7hXU2",
"date":"2013-08-20 08:12:26"
},
{
"kids":[
"A5AfEb4l8",
"A5zA7hXU2"
],
"uid":"3722778530",
"parent":"",
"text":"",
"mid":"A5tEMdNnD",
"date":"2013-08-19 17:07:25"
},
{
"kids":[],
"uid":"2012454987",
"parent":"zxb9EF4IH",
"text":"",
"mid":"A3DPiufkG",
"date":"2013-08-07 15:20:13"
},
{
"kids":[],
"uid":"2810688392",
"parent":"",
"text":"@haq-yq 听说过九段线么？ 还有 别造谣 别传谣OK？ 有人辟谣 OK ？ 现在 新浪狗总部都确定了不实消息 好么？",
"mid":"zErum8tQ9",
"date":"2013-07-04 17:12:36"
},
{
"kids":[],
"uid":"2409027000",
"parent":"",
"text":"",
"mid":"zDwI92p3u",
"date":"2013-06-28 16:40:00"
},
{
"kids":[],
"uid":"diunigexxnimei",
"parent":"",
"text":"两国＂友谊＂",
"mid":"zAf288l8z",
"date":"2013-06-07 02:08:53"
},
{
"kids":[],
"uid":"2012454987",
"parent":"zxb9EF4IH",
"text":"",
"mid":"zAa3QdIFW",
"date":"2013-06-06 13:29:22"
},
{
"kids":[],
"uid":"2808543657",
"parent":"",
"text":"唉",
"mid":"zzUX7DsTG",
"date":"2013-06-04 23:01:35"
},
{
"kids":[],
"uid":"2678650022",
"parent":"",
"text":"天朝外交〜",
"mid":"zzjje32VC",
"date":"2013-05-31 23:11:41"
},
{
"kids":[],
"uid":"2865933532",
"parent":"",
"text":"外交之真相",
"mid":"zyXOMss3i",
"date":"2013-05-29 16:28:58"
},
{
"kids":[],
"uid":"3165441500",
"parent":"",
"text":"",
"mid":"zyQ8yBLfV",
"date":"2013-05-28 20:55:43"
},
{
"kids":[],
"uid":"1915604115",
"parent":"",
"text":"",
"mid":"zyJeR7IjB",
"date":"2013-05-28 03:22:02"
},
{
"kids":[],
"uid":"2512291597",
"parent":"",
"text":"",
"mid":"zyku22dEx",
"date":"2013-05-25 12:20:44"
},
{
"kids":[],
"uid":"2392089011",
"parent":"zxqhilfn3",
"text":"真乃天下不公,世道不平,为此我被封住了嘴",
"mid":"zydKOpnkt",
"date":"2013-05-24 19:12:50"
},
{
"kids":[],
"uid":"3306399144",
"parent":"",
"text":"",
"mid":"zxVWkqrO4",
"date":"2013-05-22 21:51:48"
},
{
"kids":[],
"uid":"2439297997",
"parent":"zxqhilfn3",
"text":"",
"mid":"zxTNPuJ7X",
"date":"2013-05-22 16:25:18"
},
{
"kids":[],
"uid":"3065293791",
"parent":"zxqhilfn3",
"text":"",
"mid":"zxTHjgtza",
"date":"2013-05-22 16:09:19"
},
{
"kids":[],
"uid":"2642049263",
"parent":"",
"text":"",
"mid":"zxRaYvVUB",
"date":"2013-05-22 09:44:08"
},
{
"kids":[],
"uid":"2740883495",
"parent":"",
"text":"",
"mid":"zxCv46qev",
"date":"2013-05-20 20:22:24"
},
{
"kids":[],
"uid":"2117925851",
"parent":"",
"text":"买了个表的党国",
"mid":"zxAc7nxFw",
"date":"2013-05-20 14:30:14"
},
{
"kids":[],
"uid":"579534949",
"parent":"zxqhilfn3",
"text":"@2012级音乐生芳苓",
"mid":"zxvVdm9g4",
"date":"2013-05-20 03:37:38"
},
{
"kids":[],
"uid":"2679404893",
"parent":"zxrIGxNiN",
"text":"",
"mid":"zxsgJfcOt",
"date":"2013-05-19 18:19:39"
},
{
"kids":[],
"uid":"1712383951",
"parent":"zxrIGxNiN",
"text":"",
"mid":"zxs060Wvl",
"date":"2013-05-19 17:38:40"
},
{
"kids":[],
"uid":"3032982901",
"parent":"zxqhilfn3",
"text":"",
"mid":"zxrOhdfIB",
"date":"2013-05-19 17:09:32"
},
{
"kids":[],
"uid":"pos8888",
"parent":"zxqhilfn3",
"text":"",
"mid":"zxrNdABlz",
"date":"2013-05-19 17:06:56"
},
{
"kids":[],
"uid":"3334665344",
"parent":"zxrIGxNiN",
"text":"",
"mid":"zxrKXwPrZ",
"date":"2013-05-19 17:01:21"
},
{
"kids":[],
"uid":"2036033817",
"parent":"zxqhilfn3",
"text":"@中国卡王: 真乃天下不公,世道不平,为此我被封住了嘴",
"mid":"zxrKFdAuw",
"date":"2013-05-19 17:00:37"
},
{
"kids":[
"zxsgJfcOt",
"zxs060Wvl",
"zxrKXwPrZ"
],
"uid":"52229999",
"parent":"zxqhilfn3",
"text":"再推老友！[话筒]",
"mid":"zxrIGxNiN",
"date":"2013-05-19 16:55:44"
},
{
"kids":[],
"uid":"1105342763",
"parent":"",
"text":"",
"mid":"zxrDEx8sf",
"date":"2013-05-19 16:43:22"
},
{
"kids":[],
"uid":"303108888",
"parent":"zxqhilfn3",
"text":"",
"mid":"zxr3cj7Ma",
"date":"2013-05-19 15:13:34"
},
{
"kids":[],
"uid":"2710117143",
"parent":"zxqhilfn3",
"text":"",
"mid":"zxqXe34RT",
"date":"2013-05-19 14:58:50"
},
{
"kids":[],
"uid":"3032982901",
"parent":"zxqhilfn3",
"text":"",
"mid":"zxqPK7MQc",
"date":"2013-05-19 14:40:25"
},
{
"kids":[],
"uid":"pos8888",
"parent":"zxqhilfn3",
"text":"",
"mid":"zxqN4Fg1D",
"date":"2013-05-19 14:33:50"
},
{
"kids":[],
"uid":"330010000",
"parent":"zxqhilfn3",
"text":"",
"mid":"zxqBKgnjO",
"date":"2013-05-19 14:05:54"
},
{
"kids":[],
"uid":"3094264703",
"parent":"zxqhilfn3",
"text":"",
"mid":"zxqAMjpUM",
"date":"2013-05-19 14:03:33"
},
{
"kids":[],
"uid":"2138469197",
"parent":"zxqs2Ecoi",
"text":"",
"mid":"zxqtCr94b",
"date":"2013-05-19 13:45:56"
},
{
"kids":[
"zxqtCr94b"
],
"uid":"303108888",
"parent":"zxqhilfn3",
"text":"汉奸不如@中国卡王:真乃天下不公,世道不平,为此我被封住了嘴",
"mid":"zxqs2Ecoi",
"date":"2013-05-19 13:42:00"
},
{
"kids":[],
"uid":"2136857491",
"parent":"zxqhilfn3",
"text":"",
"mid":"zxqkoEIm4",
"date":"2013-05-19 13:23:11"
},
{
"kids":[],
"uid":"icbcliucy",
"parent":"zxqhilfn3",
"text":"",
"mid":"zxqhS4A9Q",
"date":"2013-05-19 13:16:58"
},
{
"kids":[
"zydKOpnkt",
"zxTNPuJ7X",
"zxTHjgtza",
"zxvVdm9g4",
"zxrOhdfIB",
"zxrNdABlz",
"zxrKFdAuw",
"zxrIGxNiN",
"zxr3cj7Ma",
"zxqXe34RT",
"zxqPK7MQc",
"zxqN4Fg1D",
"zxqBKgnjO",
"zxqAMjpUM",
"zxqs2Ecoi",
"zxqkoEIm4",
"zxqhS4A9Q"
],
"uid":"zhongguokawang",
"parent":"zxgvl9mdT",
"text":"真乃天下不公,世道不平,为此我被封住了嘴",
"mid":"zxqhilfn3",
"date":"2013-05-19 13:15:32"
},
{
"kids":[],
"uid":"2649173195",
"parent":"zxavGnuBs",
"text":"",
"mid":"zxpYz0Yiu",
"date":"2013-05-19 12:29:24"
},
{
"kids":[],
"uid":"2649173195",
"parent":"zxavGnuBs",
"text":"",
"mid":"zxpYuzfmN",
"date":"2013-05-19 12:29:13"
},
{
"kids":[],
"uid":"2161946707",
"parent":"zxaGlr1ZA",
"text":"",
"mid":"zxoNAsh2j",
"date":"2013-05-19 09:29:37"
},
{
"kids":[],
"uid":"1762936481",
"parent":"",
"text":"",
"mid":"zxl0rsi8d",
"date":"2013-05-18 23:50:17"
},
{
"kids":[],
"uid":"2629823623",
"parent":"zxaA4fp12",
"text":"神经病",
"mid":"zxkFjyIcq",
"date":"2013-05-18 22:58:13"
},
{
"kids":[],
"uid":"1745503000",
"parent":"zxaEoyiK7",
"text":"哪里不实？",
"mid":"zxjXHdl7J",
"date":"2013-05-18 21:10:45"
},
{
"kids":[],
"uid":"2397820394",
"parent":"",
"text":"",
"mid":"zxj2DfyVI",
"date":"2013-05-18 18:50:10"
},
{
"kids":[],
"uid":"xiaohongtea",
"parent":"",
"text":"",
"mid":"zxiTAbiIf",
"date":"2013-05-18 18:27:54"
},
{
"kids":[],
"uid":"3197759002",
"parent":"",
"text":"",
"mid":"zxivg00J7",
"date":"2013-05-18 17:27:55"
},
{
"kids":[],
"uid":"2891044011",
"parent":"",
"text":"怀柔政策，你越柔，越是激起了人家的欲望！",
"mid":"zxhuUAvZp",
"date":"2013-05-18 14:54:21"
},
{
"kids":[],
"uid":"xianxianshi",
"parent":"",
"text":"回复@自由Eric1992:改成一年后吧！水军太多，咋老百姓还是肚吞吧！",
"mid":"zxhjla2C2",
"date":"2013-05-18 14:25:52"
},
{
"kids":[],
"uid":"2873190575",
"parent":"zxapu0pmx",
"text":"",
"mid":"zxhhzyt6O",
"date":"2013-05-18 14:21:31"
},
{
"kids":[],
"uid":"2722892921",
"parent":"",
"text":"花钱养狼，东郭先生。",
"mid":"zxgQqnXH9",
"date":"2013-05-18 13:14:37"
},
{
"kids":[],
"uid":"2920578120",
"parent":"",
"text":"",
"mid":"zxgKF8BQr",
"date":"2013-05-18 13:00:25"
},
{
"kids":[],
"uid":"hirou",
"parent":"",
"text":"",
"mid":"zxgIKEyFo",
"date":"2013-05-18 12:55:43"
},
{
"kids":[],
"uid":"3098135801",
"parent":"",
"text":"",
"mid":"zxgIyy2bn",
"date":"2013-05-18 12:55:14"
},
{
"kids":[
"zydKOpnkt",
"zxqhilfn3"
],
"uid":"2692898894",
"parent":"",
"text":"此消息内容基本属实，我们有印象，只是表述不够精确！",
"mid":"zxgvl9mdT",
"date":"2013-05-18 12:22:41"
},
{
"kids":[],
"uid":"2452113295",
"parent":"",
"text":"转发微博。",
"mid":"zxgoNsk8m",
"date":"2013-05-18 12:06:34"
},
{
"kids":[],
"uid":"3291394424",
"parent":"",
"text":"",
"mid":"zxglOazUC",
"date":"2013-05-18 11:59:10"
},
{
"kids":[],
"uid":"579534949",
"parent":"",
"text":"",
"mid":"zxgieyhRC",
"date":"2013-05-18 11:50:25"
},
{
"kids":[],
"uid":"2053779391",
"parent":"",
"text":"卖国贼",
"mid":"zxggp43Lb",
"date":"2013-05-18 11:45:52"
},
{
"kids":[],
"uid":"1690382194",
"parent":"",
"text":"",
"mid":"zxg3Qcpd0",
"date":"2013-05-18 11:14:55"
},
{
"kids":[],
"uid":"2404373817",
"parent":"",
"text":"我去年买了个包",
"mid":"zxg1HbY9z",
"date":"2013-05-18 11:09:40"
},
{
"kids":[],
"uid":"chanwing001",
"parent":"zxfEYzn15",
"text":"无厘头七既天朝",
"mid":"zxfXmB3vv",
"date":"2013-05-18 10:58:59"
},
{
"kids":[],
"uid":"2330283630",
"parent":"",
"text":"这点钱算什么，何况都是这些P民的。不知道要是吵起来D就会亡吗！！谁让你们自己不闹，瞎胡闹什么！",
"mid":"zxfSh12hV",
"date":"2013-05-18 10:46:25"
},
{
"kids":[],
"uid":"2638149590",
"parent":"zxapu0pmx",
"text":"骨气哪儿去了？''",
"mid":"zxfO1rTgl",
"date":"2013-05-18 10:35:57"
},
{
"kids":[],
"uid":"1187579773",
"parent":"",
"text":"韬光养晦，有点过分了",
"mid":"zxfHMm5fi",
"date":"2013-05-18 10:20:35"
},
{
"kids":[
"zxfXmB3vv"
],
"uid":"1759049845",
"parent":"",
"text":"叼",
"mid":"zxfEYzn15",
"date":"2013-05-18 10:13:41"
},
{
"kids":[],
"uid":"2682657293",
"parent":"zxfw935ev",
"text":"蒋玲:怎么感觉跟清政府慈禧太后似的，受人欺负了一",
"mid":"zxfwU1fCW",
"date":"2013-05-18 09:53:47"
},
{
"kids":[
"zxfwU1fCW"
],
"uid":"1770101530",
"parent":"",
"text":"",
"mid":"zxfw935ev",
"date":"2013-05-18 09:51:55"
},
{
"kids":[],
"uid":"2482894531",
"parent":"zxaG9hvGH",
"text":"[怒骂]",
"mid":"zxfvLqgCt",
"date":"2013-05-18 09:50:59"
},
{
"kids":[],
"uid":"2482894531",
"parent":"zxaG9hvGH",
"text":"[怒骂 ]",
"mid":"zxfvE38Gs",
"date":"2013-05-18 09:50:41"
},
{
"kids":[],
"uid":"2669313701",
"parent":"zxbCJxvDg",
"text":"",
"mid":"zxfvzAUzo",
"date":"2013-05-18 09:50:30"
},
{
"kids":[],
"uid":"2671511637",
"parent":"zxeTPhNre",
"text":"中国向来很二！估计上面谁的辫子被人家抓住了！",
"mid":"zxfktFFQJ",
"date":"2013-05-18 09:23:09"
},
{
"kids":[],
"uid":"2255606830",
"parent":"zxavGnuBs",
"text":"",
"mid":"zxfhaktsu",
"date":"2013-05-18 09:15:00"
},
{
"kids":[],
"uid":"51320906",
"parent":"",
"text":"",
"mid":"zxfgyvQRn",
"date":"2013-05-18 09:13:31"
},
{
"kids":[],
"uid":"1922318820",
"parent":"",
"text":"这是怎样的2B精神啊！",
"mid":"zxfcvhLvb",
"date":"2013-05-18 09:03:32"
},
{
"kids":[],
"uid":"1820290334",
"parent":"zxdMlB4zu",
"text":"",
"mid":"zxfbOqGT8",
"date":"2013-05-18 09:01:49"
},
{
"kids":[],
"uid":"1957815405",
"parent":"zxaqHkV8v",
"text":"不知我国高层这样做是出于什么高深莫测的考虑，但我等平民看着着实不爽…",
"mid":"zxfaLrj1L",
"date":"2013-05-18 08:59:15"
},
{
"kids":[],
"uid":"1683958401",
"parent":"",
"text":"",
"mid":"zxfa6FpzF",
"date":"2013-05-18 08:57:38"
},
{
"kids":[],
"uid":"sexart",
"parent":"",
"text":"艹",
"mid":"zxf5e8zCg",
"date":"2013-05-18 08:45:36"
},
{
"kids":[],
"uid":"cenjunyi88888888",
"parent":"zxbSIg3OA",
"text":"丧失尊严的外交政策！",
"mid":"zxf34wWGm",
"date":"2013-05-18 08:40:18"
},
{
"kids":[],
"uid":"2042210117",
"parent":"",
"text":"宁赠友邦，不予家奴——慈禧",
"mid":"zxeZl97iT",
"date":"2013-05-18 08:31:06"
},
{
"kids":[],
"uid":"nofayenolive",
"parent":"zxbEBD2ct",
"text":"",
"mid":"zxeY2bYu4",
"date":"2013-05-18 08:27:53"
},
{
"kids":[],
"uid":"3226359817",
"parent":"",
"text":"",
"mid":"zxeX8lPRy",
"date":"2013-05-18 08:25:40"
},
{
"kids":[],
"uid":"nopublictrust",
"parent":"",
"text":"",
"mid":"zxeWutruu",
"date":"2013-05-18 08:24:05"
},
{
"kids":[],
"uid":"huangluyun",
"parent":"",
"text":"把以德报怨体现得淋漓尽致",
"mid":"zxeW2p0AM",
"date":"2013-05-18 08:22:57"
},
{
"kids":[
"zxfktFFQJ"
],
"uid":"2709901120",
"parent":"zxeJ73Dlu",
"text":"原来菲人缺钱了就杀中国人",
"mid":"zxeTPhNre",
"date":"2013-05-18 08:17:30"
},
{
"kids":[],
"uid":"1984101963",
"parent":"zxapu0pmx",
"text":"怎么感觉跟清政府慈禧太后似的，受人欺负了一味割地赔款〜!",
"mid":"zxeSnriRc",
"date":"2013-05-18 08:13:57"
},
{
"kids":[],
"uid":"1767048471",
"parent":"zxezVilut",
"text":"",
"mid":"zxeRgzUjV",
"date":"2013-05-18 08:11:12"
},
{
"kids":[],
"uid":"1578276763",
"parent":"zxbg7FKv4",
"text":"只要是欺压中华民众、残害中华民众的事，都会令他心生欢喜，自然就送钱去了。而民族遭受灾难，外国要来救援时，他都会拒绝。",
"mid":"zxePX4GWV",
"date":"2013-05-18 08:07:58"
},
{
"kids":[],
"uid":"2399661712",
"parent":"zxapu0pmx",
"text":"怎么感觉跟清政府慈禧太后似的，受人欺负了一味割地赔款〜!",
"mid":"zxeP3dsm0",
"date":"2013-05-18 08:05:44"
},
{
"kids":[],
"uid":"3144878137",
"parent":"zxcba7oIV",
"text":"",
"mid":"zxeOuiYgJ",
"date":"2013-05-18 08:04:22"
},
{
"kids":[],
"uid":"2167610921",
"parent":"zxdMlB4zu",
"text":"",
"mid":"zxeLcstnn",
"date":"2013-05-18 07:56:16"
},
{
"kids":[
"zxeTPhNre"
],
"uid":"1400749505",
"parent":"zxefFqyxI",
"text":"图片不对啊，是非洲",
"mid":"zxeJ73Dlu",
"date":"2013-05-18 07:51:06"
},
{
"kids":[],
"uid":"2786554893",
"parent":"",
"text":"[抓狂]",
"mid":"zxeIM4Jrg",
"date":"2013-05-18 07:50:17"
},
{
"kids":[],
"uid":"1936619337",
"parent":"",
"text":"像菲佣这样的龟儿子的打但让它在地球上消失",
"mid":"zxeI4zOzN",
"date":"2013-05-18 07:48:34"
},
{
"kids":[
"zxeRgzUjV"
],
"uid":"1926182351",
"parent":"zxaX4Aevo",
"text":"",
"mid":"zxezVilut",
"date":"2013-05-18 07:28:28"
},
{
"kids":[],
"uid":"3112009245",
"parent":"",
"text":"",
"mid":"zxeweiRp0",
"date":"2013-05-18 07:19:23"
},
{
"kids":[],
"uid":"1673661782",
"parent":"",
"text":"",
"mid":"zxeuSoq0W",
"date":"2013-05-18 07:16:03"
},
{
"kids":[],
"uid":"1495231372",
"parent":"zxavGnuBs",
"text":"",
"mid":"zxeu53yhe",
"date":"2013-05-18 07:14:04"
},
{
"kids":[],
"uid":"dxnyxfh",
"parent":"",
"text":"",
"mid":"zxetjrOQJ",
"date":"2013-05-18 07:12:12"
},
{
"kids":[],
"uid":"3202820700",
"parent":"zxapu0pmx",
"text":"",
"mid":"zxetebhqC",
"date":"2013-05-18 07:11:59"
},
{
"kids":[],
"uid":"1408310094",
"parent":"",
"text":"浪费钱！",
"mid":"zxer1lT6e",
"date":"2013-05-18 07:06:33"
},
{
"kids":[],
"uid":"3258468692",
"parent":"",
"text":"",
"mid":"zxepmwEfz",
"date":"2013-05-18 07:02:27"
},
{
"kids":[],
"uid":"1064629381",
"parent":"zxeiX2IMS",
"text":"",
"mid":"zxekA8FTQ",
"date":"2013-05-18 06:50:41"
},
{
"kids":[
"zxekA8FTQ"
],
"uid":"actionlouder",
"parent":"zxaQq5yli",
"text":"",
"mid":"zxeiX2IMS",
"date":"2013-05-18 06:46:40"
},
{
"kids":[],
"uid":"1568459807",
"parent":"",
"text":"",
"mid":"zxehybHj7",
"date":"2013-05-18 06:43:12"
},
{
"kids":[
"zxeJ73Dlu"
],
"uid":"2935406044",
"parent":"zxdSf69CA",
"text":"",
"mid":"zxefFqyxI",
"date":"2013-05-18 06:38:38"
},
{
"kids":[],
"uid":"dumplingkk",
"parent":"zxe7Rshk4",
"text":"是愚蠢[哼]",
"mid":"zxed9bG3H",
"date":"2013-05-18 06:32:21"
},
{
"kids":[
"zxed9bG3H"
],
"uid":"gf3911",
"parent":"",
"text":"中国穷吗?还是•••弱!",
"mid":"zxe7Rshk4",
"date":"2013-05-18 06:19:20"
},
{
"kids":[],
"uid":"1146118511",
"parent":"",
"text":"两岸血浓于水？",
"mid":"zxdSljTiz",
"date":"2013-05-18 05:41:07"
},
{
"kids":[
"zxefFqyxI"
],
"uid":"2617929723",
"parent":"zxbUyj1zd",
"text":"把佣人国养肥了，好宰！",
"mid":"zxdSf69CA",
"date":"2013-05-18 05:40:52"
},
{
"kids":[
"zxfbOqGT8",
"zxeLcstnn"
],
"uid":"thepureland",
"parent":"",
"text":"对外奴颜卑屈，撒金搞行贿外交。对内穷凶极恶，盘剥搞恐怖治国。",
"mid":"zxdMlB4zu",
"date":"2013-05-18 05:26:21"
},
{
"kids":[],
"uid":"1557209225",
"parent":"zxatQkteU",
"text":"",
"mid":"zxdt16EJ2",
"date":"2013-05-18 04:38:43"
},
{
"kids":[],
"uid":"1912598634",
"parent":"",
"text":"",
"mid":"zxd8Wabab",
"date":"2013-05-18 03:49:14"
},
{
"kids":[],
"uid":"3360022432",
"parent":"",
"text":"就是那么回事",
"mid":"zxcZLCGn7",
"date":"2013-05-18 03:26:40"
},
{
"kids":[],
"uid":"1508168797",
"parent":"zxcDUeZl1",
"text":"所以乞求真相。",
"mid":"zxcSN3lUJ",
"date":"2013-05-18 03:09:28"
},
{
"kids":[],
"uid":"3215250827",
"parent":"",
"text":"[怒][怒]",
"mid":"zxcGOrmBf",
"date":"2013-05-18 02:39:57"
},
{
"kids":[
"zxcSN3lUJ"
],
"uid":"1203683340",
"parent":"",
"text":"福建有很多菲华侨亲属，与菲国经济有着几个世纪延续的紧密联系。今天菲成为中国外交一个次阻力，菲华侨说：是国家近10年整体外交方向出了问题，攀附美英法，降低国格。",
"mid":"zxcDUeZl1",
"date":"2013-05-18 02:32:48"
},
{
"kids":[],
"uid":"1749016275",
"parent":"",
"text":"回复@zhangwei33530:[愤怒][愤怒][愤怒]",
"mid":"zxcDryY1R",
"date":"2013-05-18 02:31:40"
},
{
"kids":[],
"uid":"1485689884",
"parent":"",
"text":"",
"mid":"zxcADe70W",
"date":"2013-05-18 02:24:44"
},
{
"kids":[],
"uid":"1508168797",
"parent":"",
"text":"真相——想说爱你并不是很容易的事。",
"mid":"zxcq0xhOK",
"date":"2013-05-18 01:58:34"
},
{
"kids":[],
"uid":"3189158641",
"parent":"",
"text":"",
"mid":"zxcclnaw7",
"date":"2013-05-18 01:24:54"
},
{
"kids":[],
"uid":"1746078251",
"parent":"zxcba7oIV",
"text":"只是天朝喂不熟…",
"mid":"zxcbI7GlY",
"date":"2013-05-18 01:23:20"
},
{
"kids":[
"zxeOuiYgJ",
"zxcbI7GlY"
],
"uid":"2453524574",
"parent":"zxca2oV5Q",
"text":"菲就是条喂不熟的狗",
"mid":"zxcba7oIV",
"date":"2013-05-18 01:21:59"
},
{
"kids":[],
"uid":"2724473713",
"parent":"",
"text":"我擦",
"mid":"zxcaVBbK5",
"date":"2013-05-18 01:21:25"
},
{
"kids":[],
"uid":"1406841613",
"parent":"",
"text":"",
"mid":"zxcawdLoN",
"date":"2013-05-18 01:20:24"
},
{
"kids":[],
"uid":"jerryxuxu",
"parent":"",
"text":"",
"mid":"zxcamd0JO",
"date":"2013-05-18 01:20:00"
},
{
"kids":[
"zxcba7oIV"
],
"uid":"1746078251",
"parent":"zxc4qgBGE",
"text":"真的是贱皮子",
"mid":"zxca2oV5Q",
"date":"2013-05-18 01:19:13"
},
{
"kids":[],
"uid":"1849832804",
"parent":"",
"text":"",
"mid":"zxc7tEspx",
"date":"2013-05-18 01:12:55"
},
{
"kids":[],
"uid":"3181103024",
"parent":"",
"text":"愿意去帮别人舔屎也不愿救国内穷人…",
"mid":"zxc5Qme8j",
"date":"2013-05-18 01:08:53"
},
{
"kids":[],
"uid":"3108760731",
"parent":"zxbCJxvDg",
"text":"嚴正抗議不夠，還送錢...[挖鼻屎]",
"mid":"zxc532jNs",
"date":"2013-05-18 01:06:55"
},
{
"kids":[
"zxca2oV5Q"
],
"uid":"2453524574",
"parent":"",
"text":"夹着尾巴做狗，不如挺起胸膛做人",
"mid":"zxc4qgBGE",
"date":"2013-05-18 01:05:23"
},
{
"kids":[],
"uid":"2318596222",
"parent":"",
"text":"",
"mid":"zxc3NjQNf",
"date":"2013-05-18 01:03:50"
},
{
"kids":[],
"uid":"3067828381",
"parent":"",
"text":"",
"mid":"zxbVqFd2t",
"date":"2013-05-18 00:43:13"
},
{
"kids":[
"zxdSf69CA"
],
"uid":"1798146535",
"parent":"zxaIjaNLA",
"text":"是中国太二……",
"mid":"zxbUyj1zd",
"date":"2013-05-18 00:41:05"
},
{
"kids":[],
"uid":"2914629420",
"parent":"",
"text":"",
"mid":"zxbTnEsip",
"date":"2013-05-18 00:38:09"
},
{
"kids":[
"zxf34wWGm"
],
"uid":"jianyinghanxiang",
"parent":"",
"text":"【人的生命；民族的尊严才是最重要的；而不是什么狗屁经济利益；这一点马英九就做得非常棒！。。。[围观]】",
"mid":"zxbSIg3OA",
"date":"2013-05-18 00:36:28"
},
{
"kids":[],
"uid":"cxf99",
"parent":"zxbGjpr9u",
"text":"",
"mid":"zxbRW52IO",
"date":"2013-05-18 00:34:37"
},
{
"kids":[],
"uid":"2177385613",
"parent":"zxaK9dqtV",
"text":"",
"mid":"zxbQj1bsa",
"date":"2013-05-18 00:30:33"
},
{
"kids":[],
"uid":"1903790557",
"parent":"zxaE7qZ4N",
"text":"还真是贱得让人颇费思量~~~",
"mid":"zxbP7ra1Q",
"date":"2013-05-18 00:27:39"
},
{
"kids":[],
"uid":"angieloveyou",
"parent":"zxbJzeMwY",
"text":"发神经",
"mid":"zxbP3iZwA",
"date":"2013-05-18 00:27:30"
},
{
"kids":[],
"uid":"3007676130",
"parent":"zxaDX32uj",
"text":"还想说句，咋回去了，还不如满清了！@曹保印啦啦啦",
"mid":"zxbMXhsxM",
"date":"2013-05-18 00:22:17"
},
{
"kids":[],
"uid":"2415793184",
"parent":"zxaB0qgGP",
"text":"",
"mid":"zxbMGqJnn",
"date":"2013-05-18 00:21:41"
},
{
"kids":[],
"uid":"2828098715",
"parent":"zxbKyn6lK",
"text":"",
"mid":"zxbKVsmlt",
"date":"2013-05-18 00:17:20"
},
{
"kids":[],
"uid":"1943655691",
"parent":"zxbHFjm0t",
"text":"",
"mid":"zxbKJ3LCu",
"date":"2013-05-18 00:16:49"
},
{
"kids":[
"zxbKVsmlt"
],
"uid":"boyuanwang",
"parent":"zxboEzdDb",
"text":"",
"mid":"zxbKyn6lK",
"date":"2013-05-18 00:16:26"
},
{
"kids":[],
"uid":"1203703687",
"parent":"zxbHFjm0t",
"text":"？？",
"mid":"zxbJQm794",
"date":"2013-05-18 00:14:41"
},
{
"kids":[],
"uid":"hhh5554",
"parent":"zxbAVvnBU",
"text":"看了此次台湾的动作确信了国军抗日说",
"mid":"zxbJLiXdg",
"date":"2013-05-18 00:14:29"
},
{
"kids":[
"zxbP3iZwA"
],
"uid":"1860782622",
"parent":"",
"text":"泱泱大国，到底怕它什么呢？真的搞不懂",
"mid":"zxbJzeMwY",
"date":"2013-05-18 00:14:00"
},
{
"kids":[],
"uid":"2183735544",
"parent":"zxbEBD2ct",
"text":"",
"mid":"zxbJut5tl",
"date":"2013-05-18 00:13:49"
},
{
"kids":[],
"uid":"1417138973",
"parent":"zxbAVvnBU",
"text":"",
"mid":"zxbJee0gq",
"date":"2013-05-18 00:13:10"
},
{
"kids":[],
"uid":"3059690265",
"parent":"",
"text":"",
"mid":"zxbIBcH6J",
"date":"2013-05-18 00:11:37"
},
{
"kids":[],
"uid":"1238812452",
"parent":"",
"text":"那抹总会挂在脸上的吊诡微笑，不管总统的，还是发言人的，是什么意思？－－“冤大头！没脑又贱气！我们是国际社会被尊重的一员，你们？切？”应该就是这个意思。",
"mid":"zxbHYceHZ",
"date":"2013-05-18 00:10:02"
},
{
"kids":[
"zxbKJ3LCu",
"zxbJQm794"
],
"uid":"2807264115",
"parent":"",
"text":"",
"mid":"zxbHFjm0t",
"date":"2013-05-18 00:09:19"
},
{
"kids":[],
"uid":"1017826167",
"parent":"zxbAVvnBU",
"text":"",
"mid":"zxbGNdPpQ",
"date":"2013-05-18 00:07:08"
},
{
"kids":[
"zxbRW52IO"
],
"uid":"911513510",
"parent":"zxbCJxvDg",
"text":"",
"mid":"zxbGjpr9u",
"date":"2013-05-18 00:05:56"
},
{
"kids":[],
"uid":"zrenhit",
"parent":"",
"text":"",
"mid":"zxbFToWX4",
"date":"2013-05-18 00:04:58"
},
{
"kids":[
"zxeY2bYu4",
"zxbJut5tl"
],
"uid":"wywywayne",
"parent":"zxbCJxvDg",
"text":"",
"mid":"zxbEBD2ct",
"date":"2013-05-18 00:01:47"
},
{
"kids":[],
"uid":"cudicini",
"parent":"",
"text":"[弱][弱]无能",
"mid":"zxbEv5moj",
"date":"2013-05-18 00:01:28"
},
{
"kids":[],
"uid":"1747724327",
"parent":"zxaB0qgGP",
"text":"",
"mid":"zxbE34wNN",
"date":"2013-05-18 00:00:23"
},
{
"kids":[],
"uid":"2097681203",
"parent":"",
"text":"",
"mid":"zxbE05uIq",
"date":"2013-05-18 00:00:17"
},
{
"kids":[],
"uid":"madasalut",
"parent":"zxbAVvnBU",
"text":"",
"mid":"zxbDSp0QQ",
"date":"2013-05-17 23:59:59"
},
{
"kids":[],
"uid":"1642503552",
"parent":"zxbtn8zPg",
"text":"撒子也不说了，中国撅起",
"mid":"zxbDPvktf",
"date":"2013-05-17 23:59:49"
},
{
"kids":[],
"uid":"1559867157",
"parent":"",
"text":"党怂怂一国。",
"mid":"zxbDdme4m",
"date":"2013-05-17 23:58:22"
},
{
"kids":[
"zxfvzAUzo",
"zxc532jNs",
"zxbGjpr9u",
"zxbEBD2ct"
],
"uid":"2835464292",
"parent":"",
"text":"被洗腦的中国人還說「中央替香港出頭了」，顯出多麼的白癡！/@灭日魔神: 港人世世代代會記得中央恩典",
"mid":"zxbCJxvDg",
"date":"2013-05-17 23:57:07"
},
{
"kids":[],
"uid":"2766540137",
"parent":"",
"text":"",
"mid":"zxbCIkgOK",
"date":"2013-05-17 23:57:07"
},
{
"kids":[],
"uid":"2530174647",
"parent":"",
"text":"",
"mid":"zxbC0xJos",
"date":"2013-05-17 23:55:23"
},
{
"kids":[
"zxbJLiXdg",
"zxbJee0gq",
"zxbGNdPpQ",
"zxbDSp0QQ"
],
"uid":"yedu",
"parent":"",
"text":"",
"mid":"zxbAVvnBU",
"date":"2013-05-17 23:52:41"
},
{
"kids":[],
"uid":"3171796100",
"parent":"zxbz6imH2",
"text":"",
"mid":"zxbzr2dhT",
"date":"2013-05-17 23:49:00"
},
{
"kids":[
"zxbzr2dhT"
],
"uid":"1748551224",
"parent":"",
"text":"",
"mid":"zxbz6imH2",
"date":"2013-05-17 23:48:13"
},
{
"kids":[],
"uid":"3317260003",
"parent":"zxboJCtOT",
"text":"",
"mid":"zxbz3DiPO",
"date":"2013-05-17 23:48:04"
},
{
"kids":[],
"uid":"1171032317",
"parent":"zxbtn8zPg",
"text":"与国之力，结友邦欢",
"mid":"zxbyGiHZk",
"date":"2013-05-17 23:47:10"
},
{
"kids":[],
"uid":"liangkalvin",
"parent":"",
"text":"傻逼无能懦弱的政府",
"mid":"zxby83rqG",
"date":"2013-05-17 23:45:49"
},
{
"kids":[],
"uid":"2695454917",
"parent":"",
"text":"",
"mid":"zxbx6t1l0",
"date":"2013-05-17 23:43:18"
},
{
"kids":[],
"uid":"732112337",
"parent":"",
"text":"",
"mid":"zxbwC6lAm",
"date":"2013-05-17 23:42:02"
},
{
"kids":[],
"uid":"hhi227",
"parent":"",
"text":"",
"mid":"zxbwBsZWs",
"date":"2013-05-17 23:42:03"
},
{
"kids":[],
"uid":"1679940334",
"parent":"",
"text":"[怒][怒]",
"mid":"zxbvFA2Kt",
"date":"2013-05-17 23:39:44"
},
{
"kids":[],
"uid":"2494481765",
"parent":"zxaKDCRMc",
"text":"怒了",
"mid":"zxbu624ty",
"date":"2013-05-17 23:35:51"
},
{
"kids":[],
"uid":"3117075842",
"parent":"zxboJCtOT",
"text":"",
"mid":"zxbu3pCHi",
"date":"2013-05-17 23:35:48"
},
{
"kids":[],
"uid":"1787063564",
"parent":"zxaUc8Y9d",
"text":"祝天朝和宾宾友谊长存",
"mid":"zxbtXtVRZ",
"date":"2013-05-17 23:35:32"
},
{
"kids":[
"zxbDPvktf",
"zxbyGiHZk"
],
"uid":"2271245972",
"parent":"",
"text":"贱！",
"mid":"zxbtn8zPg",
"date":"2013-05-17 23:34:06"
},
{
"kids":[],
"uid":"1625016083",
"parent":"zxaD8goqy",
"text":"中国就是牛",
"mid":"zxbsCrXI9",
"date":"2013-05-17 23:32:15"
},
{
"kids":[],
"uid":"youmoshenghuo",
"parent":"",
"text":"",
"mid":"zxbszalVp",
"date":"2013-05-17 23:32:08"
},
{
"kids":[],
"uid":"2881285045",
"parent":"",
"text":"",
"mid":"zxbsa4mNY",
"date":"2013-05-17 23:31:07"
},
{
"kids":[],
"uid":"lindaql",
"parent":"zxatc7EWu",
"text":"[鄙视]",
"mid":"zxbru6xE0",
"date":"2013-05-17 23:29:25"
},
{
"kids":[],
"uid":"201257969",
"parent":"zxbcmeMqo",
"text":"小内奸再不跳，后面还怎么玩吖？",
"mid":"zxbqxDiN3",
"date":"2013-05-17 23:27:06"
},
{
"kids":[],
"uid":"1828395022",
"parent":"",
"text":"价值观的问题，你对我不好，我非用我的善良感化你，让你觉得不好意思再那样对我。",
"mid":"zxbpzBLug",
"date":"2013-05-17 23:24:45"
},
{
"kids":[],
"uid":"gz593",
"parent":"",
"text":"",
"mid":"zxbppxm1U",
"date":"2013-05-17 23:24:21"
},
{
"kids":[],
"uid":"1785544840",
"parent":"zxblXjyN1",
"text":"傻B中國正腐！[愤怒][愤怒][愤怒][愤怒]",
"mid":"zxbpmkzYp",
"date":"2013-05-17 23:24:12"
},
{
"kids":[
"zxbz3DiPO",
"zxbu3pCHi"
],
"uid":"1281639253",
"parent":"zxbn81xfU",
"text":"",
"mid":"zxboJCtOT",
"date":"2013-05-17 23:22:41"
},
{
"kids":[
"zxbKyn6lK"
],
"uid":"1912057632",
"parent":"zxbn81xfU",
"text":"",
"mid":"zxboEzdDb",
"date":"2013-05-17 23:22:30"
},
{
"kids":[],
"uid":"1723462527",
"parent":"zxbmrelYo",
"text":"中非还是中菲？配图能敬业点儿吗",
"mid":"zxboA9TVM",
"date":"2013-05-17 23:22:17"
},
{
"kids":[],
"uid":"2258852145",
"parent":"zxapu0pmx",
"text":"[怒]",
"mid":"zxboehJUN",
"date":"2013-05-17 23:21:23"
},
{
"kids":[
"zxboJCtOT",
"zxboEzdDb"
],
"uid":"1935292274",
"parent":"zxaUEad6z",
"text":"",
"mid":"zxbn81xfU",
"date":"2013-05-17 23:18:43"
},
{
"kids":[
"zxboA9TVM"
],
"uid":"1036374810",
"parent":"",
"text":"我能说脏话吗？",
"mid":"zxbmrelYo",
"date":"2013-05-17 23:16:59"
},
{
"kids":[
"zxbpmkzYp"
],
"uid":"2163516415",
"parent":"",
"text":"",
"mid":"zxblXjyN1",
"date":"2013-05-17 23:15:47"
},
{
"kids":[],
"uid":"2641040200",
"parent":"",
"text":"？？？！！",
"mid":"zxbkmmBk5",
"date":"2013-05-17 23:11:53"
},
{
"kids":[],
"uid":"2166922501",
"parent":"zxapu0pmx",
"text":"",
"mid":"zxbjJkfKv",
"date":"2013-05-17 23:10:18"
},
{
"kids":[],
"uid":"711766567",
"parent":"zxaX4Aevo",
"text":"",
"mid":"zxbjt59Af",
"date":"2013-05-17 23:09:41"
},
{
"kids":[],
"uid":"1082394880",
"parent":"",
"text":"",
"mid":"zxbiUf3zn",
"date":"2013-05-17 23:08:20"
},
{
"kids":[],
"uid":"2733966995",
"parent":"",
"text":"你们拿我们的钱捐款经过我们纳税人同意了吗",
"mid":"zxbhkoRuC",
"date":"2013-05-17 23:04:26"
},
{
"kids":[],
"uid":"2781689513",
"parent":"zxaZDyrEE",
"text":"",
"mid":"zxbhje175",
"date":"2013-05-17 23:04:23"
},
{
"kids":[],
"uid":"1784089575",
"parent":"zxaB0qgGP",
"text":"",
"mid":"zxbgzrMN0",
"date":"2013-05-17 23:02:34"
},
{
"kids":[
"zxePX4GWV"
],
"uid":"2310447212",
"parent":"",
"text":"[吐]",
"mid":"zxbg7FKv4",
"date":"2013-05-17 23:01:25"
},
{
"kids":[],
"uid":"shunzhai",
"parent":"zxaGlr1ZA",
"text":"真的假的？",
"mid":"zxbfB8zfj",
"date":"2013-05-17 23:00:10"
},
{
"kids":[],
"uid":"muyuyunyan",
"parent":"zxapu0pmx",
"text":"",
"mid":"zxbdQ8cTH",
"date":"2013-05-17 22:55:51"
},
{
"kids":[],
"uid":"1058146033",
"parent":"",
"text":"",
"mid":"zxbdekYPi",
"date":"2013-05-17 22:54:21"
},
{
"kids":[],
"uid":"1923517113",
"parent":"zxb0Li1UF",
"text":"",
"mid":"zxbcLEH06",
"date":"2013-05-17 22:53:12"
},
{
"kids":[
"zxbqxDiN3"
],
"uid":"2462751030",
"parent":"zxaTQew78",
"text":"",
"mid":"zxbcmeMqo",
"date":"2013-05-17 22:52:11"
},
{
"kids":[],
"uid":"1276808483",
"parent":"",
"text":"",
"mid":"zxbcgzoXb",
"date":"2013-05-17 22:51:59"
},
{
"kids":[],
"uid":"1707044005",
"parent":"",
"text":"Fuck",
"mid":"zxbbI4dWf",
"date":"2013-05-17 22:50:35"
},
{
"kids":[],
"uid":"2797413912",
"parent":"",
"text":"",
"mid":"zxbbD2LFK",
"date":"2013-05-17 22:50:23"
},
{
"kids":[],
"uid":"2836566805",
"parent":"zxayHr9gU",
"text":"怎么感觉跟清政府慈禧太后似的，受人欺负了一味割地赔款〜!",
"mid":"zxbbpagKy",
"date":"2013-05-17 22:49:50"
},
{
"kids":[],
"uid":"2747428101",
"parent":"",
"text":"",
"mid":"zxbaR9U0A",
"date":"2013-05-17 22:48:29"
},
{
"kids":[],
"uid":"fengqiyunyong2007",
"parent":"",
"text":"",
"mid":"zxbaJc7cs",
"date":"2013-05-17 22:48:08"
},
{
"kids":[],
"uid":"1213193241",
"parent":"",
"text":"失败的外交",
"mid":"zxbask45T",
"date":"2013-05-17 22:47:29"
},
{
"kids":[],
"uid":"1670412684",
"parent":"",
"text":"有理由相信有人慷国家之慨，谋私人之利。",
"mid":"zxbaayPLT",
"date":"2013-05-17 22:46:51"
},
{
"kids":[],
"uid":"2281458765",
"parent":"",
"text":"",
"mid":"zxb9NvPD4",
"date":"2013-05-17 22:45:50"
},
{
"kids":[
"A3DPiufkG",
"zAa3QdIFW"
],
"uid":"319691888",
"parent":"",
"text":"[吃惊]",
"mid":"zxb9EF4IH",
"date":"2013-05-17 22:45:30"
},
{
"kids":[],
"uid":"2144289393",
"parent":"",
"text":"",
"mid":"zxb938elo",
"date":"2013-05-17 22:44:02"
},
{
"kids":[],
"uid":"2743933582",
"parent":"",
"text":"文人执政求和平求稳.",
"mid":"zxb90sv76",
"date":"2013-05-17 22:43:56"
},
{
"kids":[],
"uid":"1891494015",
"parent":"",
"text":"",
"mid":"zxb8oCQeu",
"date":"2013-05-17 22:42:23"
},
{
"kids":[],
"uid":"2679100627",
"parent":"",
"text":"毛病啊",
"mid":"zxb81jkD5",
"date":"2013-05-17 22:41:30"
},
{
"kids":[],
"uid":"2504220655",
"parent":"zxaSFgDb8",
"text":"",
"mid":"zxb7QEQGf",
"date":"2013-05-17 22:41:05"
},
{
"kids":[],
"uid":"1966049773",
"parent":"zxaX4Aevo",
"text":"脑袋大",
"mid":"zxb7xtBhD",
"date":"2013-05-17 22:40:18"
},
{
"kids":[],
"uid":"1017747742",
"parent":"",
"text":"",
"mid":"zxb7t3OTg",
"date":"2013-05-17 22:40:05"
},
{
"kids":[],
"uid":"1825088301",
"parent":"zxaWctiSG",
"text":"",
"mid":"zxb6Mt9yy",
"date":"2013-05-17 22:38:25"
},
{
"kids":[],
"uid":"3206706774",
"parent":"",
"text":"",
"mid":"zxb597wvs",
"date":"2013-05-17 22:34:22"
},
{
"kids":[],
"uid":"3321012202",
"parent":"",
"text":"割地赔款，卖国求荣~",
"mid":"zxb4H4c6e",
"date":"2013-05-17 22:33:16"
},
{
"kids":[],
"uid":"2034944325",
"parent":"zxata53fq",
"text":"……",
"mid":"zxb3VthPl",
"date":"2013-05-17 22:31:25"
},
{
"kids":[],
"uid":"1791161771",
"parent":"zxapu0pmx",
"text":"小国的流氓政治，是立身之本",
"mid":"zxb3trtzz",
"date":"2013-05-17 22:30:18"
},
{
"kids":[],
"uid":"baiyunshanren",
"parent":"",
"text":"贱",
"mid":"zxb32yKSU",
"date":"2013-05-17 22:29:13"
},
{
"kids":[],
"uid":"2901827225",
"parent":"zxavGnuBs",
"text":"有病",
"mid":"zxb2q8zmz",
"date":"2013-05-17 22:27:40"
},
{
"kids":[],
"uid":"laoxiong65",
"parent":"",
"text":"无",
"mid":"zxb257tQ2",
"date":"2013-05-17 22:26:52"
},
{
"kids":[],
"uid":"3201401133",
"parent":"zxapu0pmx",
"text":"",
"mid":"zxb23kZGy",
"date":"2013-05-17 22:26:45"
},
{
"kids":[],
"uid":"hglddzlp88",
"parent":"",
"text":"",
"mid":"zxb1mw3Vk",
"date":"2013-05-17 22:25:06"
},
{
"kids":[],
"uid":"1737586011",
"parent":"",
"text":"尼玛的",
"mid":"zxb1lBLK5",
"date":"2013-05-17 22:25:01"
},
{
"kids":[],
"uid":"1365523532",
"parent":"",
"text":"",
"mid":"zxb1heJxK",
"date":"2013-05-17 22:24:51"
},
{
"kids":[],
"uid":"1045738565",
"parent":"",
"text":"",
"mid":"zxb1b0Mah",
"date":"2013-05-17 22:24:39"
},
{
"kids":[
"zxbcLEH06"
],
"uid":"1131450345",
"parent":"",
"text":"",
"mid":"zxb0Li1UF",
"date":"2013-05-17 22:23:37"
},
{
"kids":[],
"uid":"1642454310",
"parent":"",
"text":"惭愧，我们都淡忘了！",
"mid":"zxb0FmkEN",
"date":"2013-05-17 22:23:21"
},
{
"kids":[],
"uid":"zhangheming",
"parent":"",
"text":"",
"mid":"zxb0Et5ub",
"date":"2013-05-17 22:23:21"
},
{
"kids":[],
"uid":"1802124431",
"parent":"zxauBAcEr",
"text":"",
"mid":"zxb0za4aY",
"date":"2013-05-17 22:23:07"
},
{
"kids":[],
"uid":"1874932441",
"parent":"zxaBPzeEI",
"text":"喂狗啦，喂狗啦!喂不饱了就宰了[怒][怒]",
"mid":"zxaZHmTMk",
"date":"2013-05-17 22:20:57"
},
{
"kids":[
"zxbhje175"
],
"uid":"3103837003",
"parent":"",
"text":"做人哥有骨气，一个国家更应如此！",
"mid":"zxaZDyrEE",
"date":"2013-05-17 22:20:50"
},
{
"kids":[],
"uid":"1854710745",
"parent":"",
"text":"",
"mid":"zxaZw9dtG",
"date":"2013-05-17 22:20:30"
},
{
"kids":[],
"uid":"3275222481",
"parent":"",
"text":"",
"mid":"zxaZnie4W",
"date":"2013-05-17 22:20:12"
},
{
"kids":[],
"uid":"1167246613",
"parent":"",
"text":"此非非彼菲，图片有误吧？",
"mid":"zxaZile1s",
"date":"2013-05-17 22:19:56"
},
{
"kids":[],
"uid":"sichuangaoyulin",
"parent":"",
"text":"[怒]",
"mid":"zxaZh5XHN",
"date":"2013-05-17 22:19:57"
},
{
"kids":[],
"uid":"2152661093",
"parent":"",
"text":"不打不成交！[鄙视]",
"mid":"zxaZfkqh7",
"date":"2013-05-17 22:19:51"
},
{
"kids":[],
"uid":"robertfrost",
"parent":"",
"text":"人言不足恤，当拗相公被稳-神灵魂附体之时，一切便匪夷所思了",
"mid":"zxaZ17stG",
"date":"2013-05-17 22:19:18"
},
{
"kids":[],
"uid":"2813687051",
"parent":"",
"text":"",
"mid":"zxaYmFPwV",
"date":"2013-05-17 22:17:43"
},
{
"kids":[],
"uid":"1846716750",
"parent":"",
"text":"",
"mid":"zxaYemOF9",
"date":"2013-05-17 22:17:23"
},
{
"kids":[],
"uid":"3151042524",
"parent":"",
"text":"",
"mid":"zxaY3bFmH",
"date":"2013-05-17 22:16:55"
},
{
"kids":[],
"uid":"s76753",
"parent":"",
"text":"",
"mid":"zxaXxwHu9",
"date":"2013-05-17 22:15:41"
},
{
"kids":[],
"uid":"1918837083",
"parent":"",
"text":"",
"mid":"zxaXxwHsI",
"date":"2013-05-17 22:15:37"
},
{
"kids":[
"zxezVilut",
"zxbjt59Af",
"zxb7xtBhD"
],
"uid":"715267820",
"parent":"",
"text":"[可怜][悲伤][汗]",
"mid":"zxaX4Aevo",
"date":"2013-05-17 22:14:30"
},
{
"kids":[],
"uid":"1875375071",
"parent":"",
"text":"",
"mid":"zxaWmx52V",
"date":"2013-05-17 22:12:45"
},
{
"kids":[],
"uid":"2637187453",
"parent":"",
"text":"对内强必对外弱,反过来也一样,万事万物是平衡的.........",
"mid":"zxaWf92eQ",
"date":"2013-05-17 22:12:27"
},
{
"kids":[
"zxb6Mt9yy"
],
"uid":"fanruitingflwy",
"parent":"",
"text":"[闪电][闪电]",
"mid":"zxaWctiSG",
"date":"2013-05-17 22:12:21"
},
{
"kids":[],
"uid":"wufuyijie",
"parent":"zxaHKxfC4",
"text":"",
"mid":"zxaVN4BY3",
"date":"2013-05-17 22:11:19"
},
{
"kids":[],
"uid":"3273539504",
"parent":"",
"text":"你妈混蛋",
"mid":"zxaVL1rXf",
"date":"2013-05-17 22:11:18"
},
{
"kids":[],
"uid":"3264402065",
"parent":"",
"text":"婊子做法。",
"mid":"zxaV3zOAZ",
"date":"2013-05-17 22:09:35"
},
{
"kids":[
"zxbn81xfU"
],
"uid":"qcsy863119240",
"parent":"zxaEq0GDR",
"text":"",
"mid":"zxaUEad6z",
"date":"2013-05-17 22:08:33"
},
{
"kids":[],
"uid":"2959596170",
"parent":"",
"text":"[怒]",
"mid":"zxaUD1DIt",
"date":"2013-05-17 22:08:27"
},
{
"kids":[],
"uid":"1205647721",
"parent":"",
"text":"站着撒泡尿，把手背后面，行不行。",
"mid":"zxaUC8ooy",
"date":"2013-05-17 22:08:28"
},
{
"kids":[],
"uid":"3191861833",
"parent":"",
"text":"",
"mid":"zxaUq06fl",
"date":"2013-05-17 22:07:59"
},
{
"kids":[
"zxbtXtVRZ"
],
"uid":"2120455135",
"parent":"",
"text":"",
"mid":"zxaUc8Y9d",
"date":"2013-05-17 22:07:23"
},
{
"kids":[
"zxbcmeMqo"
],
"uid":"liujunhongshuai",
"parent":"",
"text":"",
"mid":"zxaTQew78",
"date":"2013-05-17 22:06:34"
},
{
"kids":[],
"uid":"wopaile",
"parent":"zxaB0qgGP",
"text":"脑子有病！",
"mid":"zxaTPlh9d",
"date":"2013-05-17 22:06:31"
},
{
"kids":[],
"uid":"1167945743",
"parent":"",
"text":"",
"mid":"zxaTLuHuo",
"date":"2013-05-17 22:06:22"
},
{
"kids":[],
"uid":"1927446683",
"parent":"",
"text":"",
"mid":"zxaTKlY8r",
"date":"2013-05-17 22:06:19"
},
{
"kids":[],
"uid":"running329",
"parent":"zxaIi13wP",
"text":"助纣为虐！！跪惯了！！站不起来了！只能看民国给我们出气了！！",
"mid":"zxaTCBP2T",
"date":"2013-05-17 22:06:02"
},
{
"kids":[],
"uid":"hlj8888",
"parent":"",
"text":"[怒]菲律宾当局就是个无赖，必遭天谴！",
"mid":"zxaTyuwS8",
"date":"2013-05-17 22:05:49"
},
{
"kids":[],
"uid":"2885334007",
"parent":"zxaSoEUzw",
"text":"赞同",
"mid":"zxaTyc2Y6",
"date":"2013-05-17 22:05:48"
},
{
"kids":[],
"uid":"linlili18",
"parent":"",
"text":"只转不说。。",
"mid":"zxaTldD8P",
"date":"2013-05-17 22:05:18"
},
{
"kids":[],
"uid":"3290804374",
"parent":"",
"text":"小马哥这次长脸了,唱了一出'硬汉歌'.",
"mid":"zxaT0cY8y",
"date":"2013-05-17 22:04:27"
},
{
"kids":[
"zxb7QEQGf"
],
"uid":"chenbo1976",
"parent":"",
"text":"",
"mid":"zxaSFgDb8",
"date":"2013-05-17 22:03:38"
},
{
"kids":[],
"uid":"1811853333",
"parent":"",
"text":"",
"mid":"zxaSBoldI",
"date":"2013-05-17 22:03:29"
},
{
"kids":[
"zxaTyc2Y6"
],
"uid":"pingyutinfeng",
"parent":"",
"text":"中国政府只会培养出一个又一个流氓政府,越南,朝鲜,阿尔巴尼亚,菲律宾.........支持的独裁政权一个个土崩瓦解,南斯拉夫,伊拉克,利比亚,.........中国政府还不反思吗?",
"mid":"zxaSoEUzw",
"date":"2013-05-17 22:02:59"
},
{
"kids":[],
"uid":"1271848000",
"parent":"",
"text":"贱到极致！",
"mid":"zxaSj6ffs",
"date":"2013-05-17 22:02:46"
},
{
"kids":[],
"uid":"1585632667",
"parent":"zxaNfypzb",
"text":"",
"mid":"zxaSciMNh",
"date":"2013-05-17 22:02:31"
},
{
"kids":[],
"uid":"jinfengguoo",
"parent":"",
"text":"",
"mid":"zxaSbqCBE",
"date":"2013-05-17 22:02:26"
},
{
"kids":[],
"uid":"tanhuizhi",
"parent":"",
"text":"",
"mid":"zxaRu03VK",
"date":"2013-05-17 22:00:45"
},
{
"kids":[],
"uid":"tangjf2011",
"parent":"zxaHqtkxK",
"text":"",
"mid":"zxaQFsB0u",
"date":"2013-05-17 21:58:44"
},
{
"kids":[
"zxeiX2IMS"
],
"uid":"1769892925",
"parent":"",
"text":"贱！贱!",
"mid":"zxaQq5yli",
"date":"2013-05-17 21:58:06"
},
{
"kids":[],
"uid":"2653803514",
"parent":"",
"text":"",
"mid":"zxaPreHvR",
"date":"2013-05-17 21:55:44"
},
{
"kids":[],
"uid":"w7171",
"parent":"zxaB0qgGP",
"text":"噢，卖糕的。",
"mid":"zxaPfpiRJ",
"date":"2013-05-17 21:55:15"
},
{
"kids":[],
"uid":"1857337244",
"parent":"",
"text":"",
"mid":"zxaPaDZVZ",
"date":"2013-05-17 21:55:08"
},
{
"kids":[],
"uid":"2439706260",
"parent":"zxapu0pmx",
"text":"揉碎国人、港人的心。",
"mid":"zxaOK2A9k",
"date":"2013-05-17 21:54:00"
},
{
"kids":[],
"uid":"2168960767",
"parent":"",
"text":"转发微博。",
"mid":"zxaNRFFmt",
"date":"2013-05-17 21:51:48"
},
{
"kids":[],
"uid":"1411880137",
"parent":"",
"text":"",
"mid":"zxaNPBzZ0",
"date":"2013-05-17 21:51:45"
},
{
"kids":[],
"uid":"3153912561",
"parent":"",
"text":"",
"mid":"zxaNqcTfJ",
"date":"2013-05-17 21:50:43"
},
{
"kids":[],
"uid":"jeepsaker",
"parent":"",
"text":"咋感觉菲是哪个领导家后宫开的三产？[晕]",
"mid":"zxaNlbtfO",
"date":"2013-05-17 21:50:30"
},
{
"kids":[],
"uid":"1429038127",
"parent":"",
"text":"我不知道说什么",
"mid":"zxaNkBGX3",
"date":"2013-05-17 21:50:30"
},
{
"kids":[
"zxaSciMNh"
],
"uid":"123456808cfcy",
"parent":"",
"text":"这就是战无不胜的毛泽东思想？@司马南@郭松民@孔庆东",
"mid":"zxaNfypzb",
"date":"2013-05-17 21:50:17"
},
{
"kids":[],
"uid":"3188432552",
"parent":"zxapu0pmx",
"text":"",
"mid":"zxaN8biVk",
"date":"2013-05-17 21:50:02"
},
{
"kids":[],
"uid":"1926199381",
"parent":"",
"text":"",
"mid":"zxaN18DR6",
"date":"2013-05-17 21:49:43"
},
{
"kids":[],
"uid":"1148790842",
"parent":"zxapu0pmx",
"text":"匪夷所思！",
"mid":"zxaMZ4xxT",
"date":"2013-05-17 21:49:38"
},
{
"kids":[],
"uid":"1950806562",
"parent":"zxaCU3TZZ",
"text":"",
"mid":"zxaMRnlrI",
"date":"2013-05-17 21:49:21"
},
{
"kids":[],
"uid":"2735500747",
"parent":"",
"text":"2013.5.9，菲律宾枪击台湾渔民致一人死亡。中国大陆政府谴责，台湾政府示威抗议制裁 。",
"mid":"zxaMJlOHz",
"date":"2013-05-17 21:49:00"
},
{
"kids":[],
"uid":"dody",
"parent":"",
"text":"",
"mid":"zxaMhyZWR",
"date":"2013-05-17 21:47:55"
},
{
"kids":[],
"uid":"2387761104",
"parent":"",
"text":"",
"mid":"zxaMffQW1",
"date":"2013-05-17 21:47:49"
},
{
"kids":[],
"uid":"2685033873",
"parent":"",
"text":"量中华之物力，结与国之欢心[汗][汗][汗]",
"mid":"zxaM4Bjkz",
"date":"2013-05-17 21:47:25"
},
{
"kids":[],
"uid":"2664759301",
"parent":"",
"text":"",
"mid":"zxaLD79Ll",
"date":"2013-05-17 21:46:19"
},
{
"kids":[],
"uid":"2495628672",
"parent":"",
"text":"",
"mid":"zxaLBCgZe",
"date":"2013-05-17 21:46:18"
},
{
"kids":[],
"uid":"3003299671",
"parent":"",
"text":"",
"mid":"zxaL7am7a",
"date":"2013-05-17 21:45:04"
},
{
"kids":[],
"uid":"1838094240",
"parent":"zxatQkteU",
"text":"[怒][愤怒]",
"mid":"zxaL6jWeR",
"date":"2013-05-17 21:45:00"
},
{
"kids":[],
"uid":"ppccxiaopeng",
"parent":"",
"text":"",
"mid":"zxaL06F94",
"date":"2013-05-17 21:44:45"
},
{
"kids":[],
"uid":"ihahe",
"parent":"",
"text":"中共是猪党无疑",
"mid":"zxaKHtrnu",
"date":"2013-05-17 21:44:01"
},
{
"kids":[
"zxbu624ty"
],
"uid":"1130547764",
"parent":"",
"text":"",
"mid":"zxaKDCRMc",
"date":"2013-05-17 21:43:50"
},
{
"kids":[],
"uid":"2004538427",
"parent":"",
"text":"真是贱",
"mid":"zxaKC9IDc",
"date":"2013-05-17 21:43:49"
},
{
"kids":[],
"uid":"1924694944",
"parent":"zxapu0pmx",
"text":"",
"mid":"zxaKs7Asj",
"date":"2013-05-17 21:43:24"
},
{
"kids":[],
"uid":"1436320901",
"parent":"zxapu0pmx",
"text":"大国慷慨",
"mid":"zxaKgzaIM",
"date":"2013-05-17 21:43:00"
},
{
"kids":[
"zxbQj1bsa"
],
"uid":"2257946315",
"parent":"zxapu0pmx",
"text":"",
"mid":"zxaK9dqtV",
"date":"2013-05-17 21:42:39"
},
{
"kids":[],
"uid":"737703789",
"parent":"",
"text":"真的假的？不敢相信",
"mid":"zxaK1eD4i",
"date":"2013-05-17 21:42:21"
},
{
"kids":[],
"uid":"2634425150",
"parent":"",
"text":"",
"mid":"zxaK0E5xj",
"date":"2013-05-17 21:42:19"
},
{
"kids":[],
"uid":"2663113913",
"parent":"",
"text":"这是真的吗？求辟谣！",
"mid":"zxaJKpZzP",
"date":"2013-05-17 21:41:39"
},
{
"kids":[],
"uid":"1992291087",
"parent":"",
"text":"",
"mid":"zxaIWbwpT",
"date":"2013-05-17 21:39:40"
},
{
"kids":[],
"uid":"1393376864",
"parent":"",
"text":"这是真的？？",
"mid":"zxaIUmC4V",
"date":"2013-05-17 21:39:37"
},
{
"kids":[],
"uid":"2913214695",
"parent":"",
"text":"糟蹋",
"mid":"zxaIOukT9",
"date":"2013-05-17 21:39:24"
},
{
"kids":[],
"uid":"webster",
"parent":"zxaE7qZ4N",
"text":"图片不是菲律宾，是非洲吧？",
"mid":"zxaIC5JMZ",
"date":"2013-05-17 21:38:51"
},
{
"kids":[],
"uid":"3211082710",
"parent":"",
"text":"",
"mid":"zxaIAghJX",
"date":"2013-05-17 21:38:50"
},
{
"kids":[
"zxbUyj1zd"
],
"uid":"2339204660",
"parent":"",
"text":"蛮夷之国",
"mid":"zxaIjaNLA",
"date":"2013-05-17 21:38:10"
},
{
"kids":[
"zxaTCBP2T"
],
"uid":"zuiseng",
"parent":"",
"text":"比侮辱清政府和慈禧啦。别拿人和畜生们比。",
"mid":"zxaIi13wP",
"date":"2013-05-17 21:38:04"
},
{
"kids":[
"zxaVN4BY3"
],
"uid":"1400277332",
"parent":"zxaEq0GDR",
"text":"",
"mid":"zxaHKxfC4",
"date":"2013-05-17 21:36:50"
},
{
"kids":[],
"uid":"2895963735",
"parent":"",
"text":"贱人",
"mid":"zxaHHCxf2",
"date":"2013-05-17 21:36:40"
},
{
"kids":[],
"uid":"hzycl",
"parent":"",
"text":"",
"mid":"zxaHHkVOM",
"date":"2013-05-17 21:36:39"
},
{
"kids":[
"zxaQFsB0u"
],
"uid":"laotangingz",
"parent":"",
"text":"因为腐败，所以对外软弱，对人民强悍。",
"mid":"zxaHqtkxK",
"date":"2013-05-17 21:36:00"
},
{
"kids":[],
"uid":"1936757131",
"parent":"",
"text":"",
"mid":"zxaGYnbpi",
"date":"2013-05-17 21:34:49"
},
{
"kids":[],
"uid":"3042853877",
"parent":"",
"text":"金牌教练3305474947:上联:量中华之财物，下联:结异邦之欢心。横批:脑残！",
"mid":"zxaGY92c5",
"date":"2013-05-17 21:34:51"
},
{
"kids":[],
"uid":"2948924180",
"parent":"",
"text":"",
"mid":"zxaGRCHrO",
"date":"2013-05-17 21:34:36"
},
{
"kids":[],
"uid":"3091963181",
"parent":"",
"text":"这方面的事情已经无法用逻辑说清楚，背后的真相难求",
"mid":"zxaGLpil4",
"date":"2013-05-17 21:34:20"
},
{
"kids":[],
"uid":"3222273612",
"parent":"",
"text":"",
"mid":"zxaGJ4GPB",
"date":"2013-05-17 21:34:13"
},
{
"kids":[],
"uid":"2613506233",
"parent":"",
"text":"[怒骂]",
"mid":"zxaGEkQCM",
"date":"2013-05-17 21:34:05"
},
{
"kids":[],
"uid":"2634425150",
"parent":"",
"text":"",
"mid":"zxaGBnv3Q",
"date":"2013-05-17 21:33:56"
},
{
"kids":[],
"uid":"arphan",
"parent":"",
"text":"滚！！",
"mid":"zxaGAcEiY",
"date":"2013-05-17 21:33:51"
},
{
"kids":[],
"uid":"3059022973",
"parent":"",
"text":"媚详！！",
"mid":"zxaGz1NC2",
"date":"2013-05-17 21:33:48"
},
{
"kids":[],
"uid":"208759993",
"parent":"",
"text":"天朝变天艹！被被搞了，别人不给钱，还主动给别人发票！",
"mid":"zxaGpenAg",
"date":"2013-05-17 21:33:28"
},
{
"kids":[],
"uid":"3091632523",
"parent":"zxapu0pmx",
"text":"",
"mid":"zxaGp01mv",
"date":"2013-05-17 21:33:24"
},
{
"kids":[
"zxoNAsh2j",
"zxbfB8zfj"
],
"uid":"2036033817",
"parent":"",
"text":"@包拯微闻:为别人服务！",
"mid":"zxaGlr1ZA",
"date":"2013-05-17 21:33:17"
},
{
"kids":[
"zxfvLqgCt",
"zxfvE38Gs"
],
"uid":"dengshanyong",
"parent":"zxapu0pmx",
"text":"",
"mid":"zxaG9hvGH",
"date":"2013-05-17 21:32:50"
},
{
"kids":[],
"uid":"3198129142",
"parent":"",
"text":"",
"mid":"zxaFYmNDZ",
"date":"2013-05-17 21:32:25"
},
{
"kids":[],
"uid":"3256418755",
"parent":"",
"text":"",
"mid":"zxaFUcEiD",
"date":"2013-05-17 21:32:11"
},
{
"kids":[],
"uid":"3305472713",
"parent":"",
"text":"[怒]",
"mid":"zxaFN93vy",
"date":"2013-05-17 21:31:55"
},
{
"kids":[],
"uid":"2531161101",
"parent":"zxapu0pmx",
"text":"",
"mid":"zxaFKrq1O",
"date":"2013-05-17 21:31:48"
},
{
"kids":[],
"uid":"3104981547",
"parent":"",
"text":"",
"mid":"zxaFInWGt",
"date":"2013-05-17 21:31:46"
},
{
"kids":[],
"uid":"2904220654",
"parent":"zxavwEvfs",
"text":"中国政府，烂！",
"mid":"zxaFsb8YV",
"date":"2013-05-17 21:31:05"
},
{
"kids":[],
"uid":"1713487550",
"parent":"",
"text":"穿越回100面前了吧[怒]",
"mid":"zxaEJyrvK",
"date":"2013-05-17 21:29:21"
},
{
"kids":[],
"uid":"2914416687",
"parent":"",
"text":"继续转发",
"mid":"zxaEBzEhs",
"date":"2013-05-17 21:29:00"
},
{
"kids":[],
"uid":"271009930",
"parent":"",
"text":"",
"mid":"zxaEwfurH",
"date":"2013-05-17 21:28:50"
},
{
"kids":[],
"uid":"3194593655",
"parent":"",
"text":"",
"mid":"zxaEt1Ex1",
"date":"2013-05-17 21:28:39"
},
{
"kids":[
"zxaUEad6z",
"zxaHKxfC4"
],
"uid":"1935594760",
"parent":"",
"text":"",
"mid":"zxaEq0GDR",
"date":"2013-05-17 21:28:34"
},
{
"kids":[
"zxjXHdl7J"
],
"uid":"1745503000",
"parent":"",
"text":"[哈哈][哈哈]",
"mid":"zxaEoyiK7",
"date":"2013-05-17 21:28:30"
},
{
"kids":[],
"uid":"579534949",
"parent":"",
"text":"",
"mid":"zxaEn5QyN",
"date":"2013-05-17 21:28:28"
},
{
"kids":[],
"uid":"1573717145",
"parent":"",
"text":"",
"mid":"zxaEgj1iK",
"date":"2013-05-17 21:28:09"
},
{
"kids":[],
"uid":"chenruijijin",
"parent":"",
"text":"",
"mid":"zxaE9tXWb",
"date":"2013-05-17 21:27:54"
},
{
"kids":[
"zxbP7ra1Q",
"zxaIC5JMZ"
],
"uid":"hubinatbj",
"parent":"zxaCahLSn",
"text":"",
"mid":"zxaE7qZ4N",
"date":"2013-05-17 21:27:48"
},
{
"kids":[],
"uid":"534508688",
"parent":"zxaBSeYP1",
"text":"",
"mid":"zxaE4rP3z",
"date":"2013-05-17 21:27:43"
},
{
"kids":[],
"uid":"2574881861",
"parent":"",
"text":"",
"mid":"zxaE0jEbG",
"date":"2013-05-17 21:27:31"
},
{
"kids":[
"zxbMXhsxM"
],
"uid":"3007676130",
"parent":"zxawk27q6",
"text":"@曹保印啦啦啦",
"mid":"zxaDX32uj",
"date":"2013-05-17 21:27:25"
},
{
"kids":[],
"uid":"2158962111",
"parent":"zxavGnuBs",
"text":"我记得资中筠说过的一句话：一百年了，上面还是慈禧，下面还是义和团，这才是某国最悲哀的地方。",
"mid":"zxaDWbtvY",
"date":"2013-05-17 21:27:23"
},
{
"kids":[],
"uid":"2932321874",
"parent":"zxaBPzeEI",
"text":"不咋地，[弱]",
"mid":"zxaDUnjkn",
"date":"2013-05-17 21:27:17"
},
{
"kids":[],
"uid":"2682998803",
"parent":"",
"text":"",
"mid":"zxaDN1SO7",
"date":"2013-05-17 21:26:59"
},
{
"kids":[],
"uid":"1410309935",
"parent":"",
"text":"",
"mid":"zxaDKC509",
"date":"2013-05-17 21:26:56"
},
{
"kids":[],
"uid":"1457756994",
"parent":"",
"text":"这是真正的普世价值！[good]",
"mid":"zxaDwb9jU",
"date":"2013-05-17 21:26:18"
},
{
"kids":[
"zxbsCrXI9"
],
"uid":"123840415",
"parent":"zxaB0qgGP",
"text":"真娘的有钱",
"mid":"zxaD8goqy",
"date":"2013-05-17 21:25:23"
},
{
"kids":[],
"uid":"3300958534",
"parent":"",
"text":"小小菲佣，都不敢动，大国颜面何存？",
"mid":"zxaCZ7RuE",
"date":"2013-05-17 21:25:02"
},
{
"kids":[],
"uid":"3218533634",
"parent":"",
"text":"朝鲜官员就是犯贱！",
"mid":"zxaCX3Lut",
"date":"2013-05-17 21:24:54"
},
{
"kids":[
"zxaMRnlrI"
],
"uid":"522562678",
"parent":"",
"text":"",
"mid":"zxaCU3TZZ",
"date":"2013-05-17 21:24:46"
},
{
"kids":[],
"uid":"2269769777",
"parent":"",
"text":"",
"mid":"zxaCR7XqO",
"date":"2013-05-17 21:24:43"
},
{
"kids":[],
"uid":"2272434467",
"parent":"",
"text":"",
"mid":"zxaCKCJQb",
"date":"2013-05-17 21:24:26"
},
{
"kids":[],
"uid":"1854624571",
"parent":"",
"text":"太后吉祥！",
"mid":"zxaCCBwFw",
"date":"2013-05-17 21:24:10"
},
{
"kids":[],
"uid":"1734437237",
"parent":"",
"text":"小时候上学，班里有同学缺心眼，学习也不好，没人愿意和他玩，他为了讨好同学，经常送别人东西。",
"mid":"zxaCnf7WJ",
"date":"2013-05-17 21:23:32"
},
{
"kids":[
"zxaE7qZ4N"
],
"uid":"tangtang96",
"parent":"",
"text":"冤大头",
"mid":"zxaCahLSn",
"date":"2013-05-17 21:22:59"
},
{
"kids":[],
"uid":"nameezhang",
"parent":"zxatx6z8J",
"text":"",
"mid":"zxaBUj4Yp",
"date":"2013-05-17 21:22:21"
},
{
"kids":[
"zxaE4rP3z"
],
"uid":"1007294053",
"parent":"",
"text":"历史会记住的，人民也不会忘记！",
"mid":"zxaBSeYP1",
"date":"2013-05-17 21:22:17"
},
{
"kids":[],
"uid":"1912487802",
"parent":"zxaB0qgGP",
"text":"",
"mid":"zxaBQ9QsN",
"date":"2013-05-17 21:22:14"
},
{
"kids":[
"zxaZHmTMk",
"zxaDUnjkn"
],
"uid":"lzlzcs",
"parent":"zxaB0qgGP",
"text":"",
"mid":"zxaBPzeEI",
"date":"2013-05-17 21:22:12"
},
{
"kids":[],
"uid":"2147949144",
"parent":"",
"text":"",
"mid":"zxaBMjgVS",
"date":"2013-05-17 21:22:02"
},
{
"kids":[],
"uid":"2300686725",
"parent":"",
"text":"[威武][good]",
"mid":"zxaBCA6k6",
"date":"2013-05-17 21:21:40"
},
{
"kids":[],
"uid":"2722510147",
"parent":"",
"text":"以为人家也把钱看得那么重呗",
"mid":"zxaBBpfIQ",
"date":"2013-05-17 21:21:37"
},
{
"kids":[],
"uid":"2161887793",
"parent":"zxaB0qgGP",
"text":"",
"mid":"zxaBxw5Bd",
"date":"2013-05-17 21:21:29"
},
{
"kids":[],
"uid":"2706717957",
"parent":"",
"text":"",
"mid":"zxaBxiaES",
"date":"2013-05-17 21:21:28"
},
{
"kids":[],
"uid":"3305474947",
"parent":"",
"text":"上联:量中华之财物，下联:结异邦之欢心。横批:脑残！",
"mid":"zxaBrkmoc",
"date":"2013-05-17 21:21:14"
},
{
"kids":[],
"uid":"uc43009019",
"parent":"zxaqMAI3V",
"text":"[吃惊]",
"mid":"zxaBpfK7O",
"date":"2013-05-17 21:21:12"
},
{
"kids":[],
"uid":"3211020974",
"parent":"",
"text":"",
"mid":"zxaBntfYF",
"date":"2013-05-17 21:21:02"
},
{
"kids":[],
"uid":"1944461032",
"parent":"zxauD70TO",
"text":"/贱入骨髓？谁为私人利益出卖了国家名誉和风骨？",
"mid":"zxaBcfAdK",
"date":"2013-05-17 21:20:38"
},
{
"kids":[],
"uid":"2104541432",
"parent":"zxapu0pmx",
"text":"",
"mid":"zxaB1B6WI",
"date":"2013-05-17 21:20:12"
},
{
"kids":[
"zxbMGqJnn",
"zxbE34wNN",
"zxbgzrMN0",
"zxaTPlh9d",
"zxaPfpiRJ",
"zxaD8goqy",
"zxaBQ9QsN",
"zxaBPzeEI",
"zxaBxw5Bd"
],
"uid":"1892433591",
"parent":"",
"text":"",
"mid":"zxaB0qgGP",
"date":"2013-05-17 21:20:09"
},
{
"kids":[],
"uid":"1976421853",
"parent":"zxauBAcEr",
"text":"去年买了个表",
"mid":"zxaAMwRIo",
"date":"2013-05-17 21:19:37"
},
{
"kids":[],
"uid":"liaocf",
"parent":"",
"text":"",
"mid":"zxaAFtCkV",
"date":"2013-05-17 21:19:18"
},
{
"kids":[],
"uid":"571907777",
"parent":"",
"text":"[弱]",
"mid":"zxaAvq9cW",
"date":"2013-05-17 21:18:56"
},
{
"kids":[],
"uid":"230104789",
"parent":"",
"text":"这要有多不要脸才做得出来？3",
"mid":"zxaAt2QAd",
"date":"2013-05-17 21:18:47"
},
{
"kids":[],
"uid":"1836340350",
"parent":"",
"text":"",
"mid":"zxaA7cKEN",
"date":"2013-05-17 21:17:58"
},
{
"kids":[
"zxkFjyIcq"
],
"uid":"1841961453",
"parent":"",
"text":"",
"mid":"zxaA4fp12",
"date":"2013-05-17 21:17:50"
},
{
"kids":[],
"uid":"1803699140",
"parent":"",
"text":"天朝究竟是怎么呢？中华民族的血性去哪了？对菲律宾都要靠取悦，强盛的汉唐元朝都是靠武力征服震胁世界的，犯我强汉者，虽远必诛！只有宋代和晚清靠送钱的政府结果都被奴役屈服的，中国太被动了，奴性太强烈了，一个不断捐款世界，却又在国际得不到尊重的国家肯定要反省了！",
"mid":"zxazEuEqr",
"date":"2013-05-17 21:16:50"
},
{
"kids":[],
"uid":"1793162372",
"parent":"zxapu0pmx",
"text":"",
"mid":"zxazBAhXq",
"date":"2013-05-17 21:16:40"
},
{
"kids":[],
"uid":"kiddinggod",
"parent":"",
"text":"",
"mid":"zxazwxvfL",
"date":"2013-05-17 21:16:31"
},
{
"kids":[],
"uid":"lixin110",
"parent":"zxask5xLI",
"text":"[浮云][浮云][浮云]",
"mid":"zxaztl1ch",
"date":"2013-05-17 21:16:23"
},
{
"kids":[],
"uid":"1914995033",
"parent":"",
"text":"次奥",
"mid":"zxazqBfru",
"date":"2013-05-17 21:16:15"
},
{
"kids":[],
"uid":"1408856421",
"parent":"",
"text":"",
"mid":"zxazprZZA",
"date":"2013-05-17 21:16:14"
},
{
"kids":[],
"uid":"1354148511",
"parent":"zxapu0pmx",
"text":"",
"mid":"zxazoBb02",
"date":"2013-05-17 21:16:12"
},
{
"kids":[],
"uid":"1092008142",
"parent":"zxawk27q6",
"text":"",
"mid":"zxazmd4fq",
"date":"2013-05-17 21:16:06"
},
{
"kids":[],
"uid":"2992700133",
"parent":"",
"text":"贱",
"mid":"zxaz823Pp",
"date":"2013-05-17 21:15:30"
},
{
"kids":[],
"uid":"1867068831",
"parent":"",
"text":"",
"mid":"zxaz0DGig",
"date":"2013-05-17 21:15:13"
},
{
"kids":[],
"uid":"512295583",
"parent":"",
"text":"",
"mid":"zxayXn61s",
"date":"2013-05-17 21:15:07"
},
{
"kids":[],
"uid":"1403382642",
"parent":"",
"text":"敢动中国，奖品，必须的！",
"mid":"zxayWdSx6",
"date":"2013-05-17 21:15:02"
},
{
"kids":[
"zxbbpagKy"
],
"uid":"2085718134",
"parent":"zxatQkteU",
"text":"[抓狂]",
"mid":"zxayHr9gU",
"date":"2013-05-17 21:14:26"
},
{
"kids":[],
"uid":"1554801233",
"parent":"",
"text":"",
"mid":"zxayxpnyx",
"date":"2013-05-17 21:14:02"
},
{
"kids":[],
"uid":"2118177470",
"parent":"zxapu0pmx",
"text":"",
"mid":"zxayx7Mm6",
"date":"2013-05-17 21:14:03"
},
{
"kids":[],
"uid":"223222",
"parent":"zxaxshTfE",
"text":"配图上错",
"mid":"zxayp8Zin",
"date":"2013-05-17 21:13:43"
},
{
"kids":[],
"uid":"2375079091",
"parent":"zxawrpg1K",
"text":"[疑问]",
"mid":"zxayh7GFD",
"date":"2013-05-17 21:13:22"
},
{
"kids":[],
"uid":"2492764597",
"parent":"",
"text":"[怒][怒][怒]是哪个王八犊子干的？",
"mid":"zxay1ac9d",
"date":"2013-05-17 21:12:45"
},
{
"kids":[],
"uid":"1232295074",
"parent":"",
"text":"中菲友谊 [吐]",
"mid":"zxay0AX8K",
"date":"2013-05-17 21:12:46"
},
{
"kids":[],
"uid":"111853794",
"parent":"",
"text":"图上的“非”字很诡异啊！",
"mid":"zxaxUDTGQ",
"date":"2013-05-17 21:12:30"
},
{
"kids":[],
"uid":"1915457361",
"parent":"zxavGnuBs",
"text":"",
"mid":"zxaxQvJ0a",
"date":"2013-05-17 21:12:23"
},
{
"kids":[],
"uid":"2602045320",
"parent":"",
"text":"真爽歪歪！",
"mid":"zxaxN1vSh",
"date":"2013-05-17 21:12:13"
},
{
"kids":[],
"uid":"2748448020",
"parent":"zxauD70TO",
"text":"",
"mid":"zxaxJqdQI",
"date":"2013-05-17 21:12:04"
},
{
"kids":[],
"uid":"1795466917",
"parent":"",
"text":"金元外交",
"mid":"zxaxFkkmB",
"date":"2013-05-17 21:11:56"
},
{
"kids":[],
"uid":"2545195900",
"parent":"",
"text":"土狗不亡，天理难容",
"mid":"zxaxBrtKK",
"date":"2013-05-17 21:11:47"
},
{
"kids":[],
"uid":"3175242950",
"parent":"",
"text":"[怒]",
"mid":"zxaxxD8JC",
"date":"2013-05-17 21:11:36"
},
{
"kids":[],
"uid":"1832994247",
"parent":"zxar94uDh",
"text":"中国对菲的政策就像孙子对爷，欺软(国内百姓)怕硬(美日韩越菲)/@南京蒋玲:怎么感觉跟清政府慈禧太后似的，受人欺负了一味割地赔款〜!",
"mid":"zxaxu7I8F",
"date":"2013-05-17 21:11:27"
},
{
"kids":[
"zxayp8Zin"
],
"uid":"2602697695",
"parent":"",
"text":"",
"mid":"zxaxshTfE",
"date":"2013-05-17 21:11:24"
},
{
"kids":[],
"uid":"573875500",
"parent":"",
"text":"猪脑子",
"mid":"zxaxcC0iL",
"date":"2013-05-17 21:10:47"
},
{
"kids":[],
"uid":"1959454191",
"parent":"zxavNcAUD",
"text":"[抓狂]",
"mid":"zxawYcyyQ",
"date":"2013-05-17 21:10:12"
},
{
"kids":[],
"uid":"1654787325",
"parent":"",
"text":"",
"mid":"zxawXzMVv",
"date":"2013-05-17 21:10:10"
},
{
"kids":[],
"uid":"1646677733",
"parent":"zxapu0pmx",
"text":"",
"mid":"zxawEES0J",
"date":"2013-05-17 21:09:27"
},
{
"kids":[],
"uid":"2255774302",
"parent":"zxapu0pmx",
"text":"",
"mid":"zxawCyRob",
"date":"2013-05-17 21:09:21"
},
{
"kids":[
"zxayh7GFD"
],
"uid":"1832994247",
"parent":"",
"text":"",
"mid":"zxawrpg1K",
"date":"2013-05-17 21:08:52"
},
{
"kids":[
"zxaDX32uj",
"zxazmd4fq"
],
"uid":"3078497672",
"parent":"",
"text":"",
"mid":"zxawk27q6",
"date":"2013-05-17 21:08:35"
},
{
"kids":[],
"uid":"3167422377",
"parent":"",
"text":"天朝上国",
"mid":"zxawhjTsz",
"date":"2013-05-17 21:08:31"
},
{
"kids":[],
"uid":"1679889332",
"parent":"",
"text":"",
"mid":"zxaw5vRUS",
"date":"2013-05-17 21:08:03"
},
{
"kids":[],
"uid":"2295130960",
"parent":"zxapu0pmx",
"text":"",
"mid":"zxaw2zEaC",
"date":"2013-05-17 21:07:56"
},
{
"kids":[],
"uid":"multimediavision",
"parent":"",
"text":"不如，慈禧知道是她家的",
"mid":"zxavWmefu",
"date":"2013-05-17 21:07:40"
},
{
"kids":[],
"uid":"bioecosphere",
"parent":"zxamnzQVE",
"text":"1、香港游客枪杀案发生在2010年8月, 阿基诺三世访华是2011年9月。2、配图是\"中非友谊\",是中国和非洲，不是\"中菲友谊\",中菲建交是1992年,周恩来没访问过菲律宾,中菲也没所谓传统友谊。面对战略敌人米国,对菲越战术上拉打结合,这和娃儿们闹别扭不是一码事哦。",
"mid":"zxavQvaLE",
"date":"2013-05-17 21:07:27"
},
{
"kids":[
"zxawYcyyQ"
],
"uid":"1546782611",
"parent":"",
"text":"天必诛之`",
"mid":"zxavNcAUD",
"date":"2013-05-17 21:07:16"
},
{
"kids":[],
"uid":"zhubaijia",
"parent":"",
"text":"车轮持续倒退。和谐中国！",
"mid":"zxavJm0bL",
"date":"2013-05-17 21:07:09"
},
{
"kids":[
"zxpYz0Yiu",
"zxpYuzfmN",
"zxfhaktsu",
"zxeu53yhe",
"zxb2q8zmz",
"zxaDWbtvY",
"zxaxQvJ0a"
],
"uid":"wang37463278",
"parent":"zxask5xLI",
"text":"",
"mid":"zxavGnuBs",
"date":"2013-05-17 21:07:03"
},
{
"kids":[],
"uid":"321591717",
"parent":"zxaut484j",
"text":"脑残弱智的外交政策",
"mid":"zxavEzu2D",
"date":"2013-05-17 21:06:59"
},
{
"kids":[],
"uid":"lihenghaodelei",
"parent":"",
"text":"",
"mid":"zxavAsput",
"date":"2013-05-17 21:06:47"
},
{
"kids":[],
"uid":"2275864112",
"parent":"zxaqMAI3V",
"text":"",
"mid":"zxavzBQwP",
"date":"2013-05-17 21:06:48"
},
{
"kids":[],
"uid":"1877859673",
"parent":"",
"text":"",
"mid":"zxavypRTb",
"date":"2013-05-17 21:06:44"
},
{
"kids":[
"zxaFsb8YV"
],
"uid":"1825985960",
"parent":"",
"text":"宁愿喂狗，但是，菲律宾还不如一条狗。",
"mid":"zxavwEvfs",
"date":"2013-05-17 21:06:37"
},
{
"kids":[],
"uid":"1978770287",
"parent":"",
"text":"呸，气煞了。[怒]怪不得菲律宾胆大妄为了，唉！怪不得有那么多人要移民，穷苦人群弱势群体只能认命了。",
"mid":"zxavtnkCb",
"date":"2013-05-17 21:06:32"
},
{
"kids":[],
"uid":"2391882697",
"parent":"",
"text":"",
"mid":"zxavt5Jji",
"date":"2013-05-17 21:06:30"
},
{
"kids":[],
"uid":"1894361355",
"parent":"zxapu0pmx",
"text":"",
"mid":"zxavqpA5g",
"date":"2013-05-17 21:06:24"
},
{
"kids":[],
"uid":"fengweiii",
"parent":"",
"text":"现代历史课",
"mid":"zxavoD610",
"date":"2013-05-17 21:06:20"
},
{
"kids":[],
"uid":"3211020974",
"parent":"",
"text":"中国领导这是为哪般？舔腚呀？[怒][怒][怒]",
"mid":"zxavoluQf",
"date":"2013-05-17 21:06:19"
},
{
"kids":[],
"uid":"1737609020",
"parent":"",
"text":"",
"mid":"zxavo6vzf",
"date":"2013-05-17 21:06:19"
},
{
"kids":[],
"uid":"2736845115",
"parent":"",
"text":"",
"mid":"zxavhy0YA",
"date":"2013-05-17 21:06:03"
},
{
"kids":[],
"uid":"1847878597",
"parent":"",
"text":"",
"mid":"zxavdpqss",
"date":"2013-05-17 21:05:55"
},
{
"kids":[],
"uid":"2625873647",
"parent":"",
"text":"",
"mid":"zxav3p6aR",
"date":"2013-05-17 21:05:28"
},
{
"kids":[],
"uid":"234127506",
"parent":"zxapu0pmx",
"text":"",
"mid":"zxauZw1Ja",
"date":"2013-05-17 21:05:22"
},
{
"kids":[],
"uid":"2860775981",
"parent":"",
"text":"",
"mid":"zxauTBmV9",
"date":"2013-05-17 21:05:07"
},
{
"kids":[],
"uid":"2736069893",
"parent":"",
"text":"",
"mid":"zxauJyxz1",
"date":"2013-05-17 21:04:43"
},
{
"kids":[],
"uid":"fhqqqq",
"parent":"",
"text":"",
"mid":"zxauJyxxB",
"date":"2013-05-17 21:04:40"
},
{
"kids":[],
"uid":"1768678884",
"parent":"",
"text":"",
"mid":"zxauG2pO7",
"date":"2013-05-17 21:04:34"
},
{
"kids":[],
"uid":"1938811712",
"parent":"",
"text":"[怒骂]",
"mid":"zxauD715e",
"date":"2013-05-17 21:04:27"
},
{
"kids":[
"zxaBcfAdK",
"zxaxJqdQI"
],
"uid":"zhouyun",
"parent":"zxatynj3h",
"text":"贱入骨髓？谁为私人利益出卖了国家名誉和风骨？",
"mid":"zxauD70TO",
"date":"2013-05-17 21:04:25"
},
{
"kids":[],
"uid":"2869414910",
"parent":"",
"text":"无语中，有难处吗？拿出来说说看，老百姓给出点主意",
"mid":"zxauCvmXx",
"date":"2013-05-17 21:04:24"
},
{
"kids":[
"zxb0za4aY",
"zxaAMwRIo"
],
"uid":"0916hznews",
"parent":"zxasgcm7M",
"text":"",
"mid":"zxauBAcEr",
"date":"2013-05-17 21:04:25"
},
{
"kids":[],
"uid":"1747091850",
"parent":"zxapu0pmx",
"text":"",
"mid":"zxauA9Fue",
"date":"2013-05-17 21:04:20"
},
{
"kids":[],
"uid":"2050894835",
"parent":"",
"text":"下贱",
"mid":"zxauyFUcg",
"date":"2013-05-17 21:04:14"
},
{
"kids":[
"zxavEzu2D"
],
"uid":"1769799853",
"parent":"",
"text":"尼马的引狼人室，，武大。",
"mid":"zxaut484j",
"date":"2013-05-17 21:04:03"
},
{
"kids":[],
"uid":"2276984425",
"parent":"",
"text":"麻辣隔壁。",
"mid":"zxaupbhu0",
"date":"2013-05-17 21:03:54"
},
{
"kids":[],
"uid":"522520678",
"parent":"zxapu0pmx",
"text":"",
"mid":"zxauoirmP",
"date":"2013-05-17 21:03:52"
},
{
"kids":[],
"uid":"sdxmsy",
"parent":"",
"text":"",
"mid":"zxaud4LuZ",
"date":"2013-05-17 21:03:26"
},
{
"kids":[],
"uid":"2213015640",
"parent":"zxask5xLI",
"text":"",
"mid":"zxaublchl",
"date":"2013-05-17 21:03:22"
},
{
"kids":[],
"uid":"1011235610",
"parent":"",
"text":"宁给友邦，不与家奴",
"mid":"zxau7uBqr",
"date":"2013-05-17 21:03:12"
},
{
"kids":[],
"uid":"339790006",
"parent":"",
"text":"丢人啊",
"mid":"zxau7sO6v",
"date":"2013-05-17 21:03:12"
},
{
"kids":[],
"uid":"2438315010",
"parent":"zxapu0pmx",
"text":"",
"mid":"zxatYhIU6",
"date":"2013-05-17 21:02:50"
},
{
"kids":[],
"uid":"3106144703",
"parent":"",
"text":"[伤心]",
"mid":"zxatVFecB",
"date":"2013-05-17 21:02:42"
},
{
"kids":[],
"uid":"737873458",
"parent":"",
"text":"",
"mid":"zxatVDuob",
"date":"2013-05-17 21:02:41"
},
{
"kids":[],
"uid":"1013862601",
"parent":"",
"text":"",
"mid":"zxatV4hQD",
"date":"2013-05-17 21:02:42"
},
{
"kids":[
"zxdt16EJ2",
"zxaL6jWeR",
"zxayHr9gU"
],
"uid":"622009335",
"parent":"zxatx6z8J",
"text":"",
"mid":"zxatQkteU",
"date":"2013-05-17 21:02:31"
},
{
"kids":[],
"uid":"2943576100",
"parent":"",
"text":"",
"mid":"zxatN7ert",
"date":"2013-05-17 21:02:21"
},
{
"kids":[],
"uid":"2463534930",
"parent":"",
"text":"",
"mid":"zxatLBdc1",
"date":"2013-05-17 21:02:20"
},
{
"kids":[],
"uid":"reipeng0502",
"parent":"",
"text":"中国就像一个贱女人，人家强奸她后，她还笑嘻嘻的给人家炖汤喝",
"mid":"zxatLAEMz",
"date":"2013-05-17 21:02:21"
},
{
"kids":[],
"uid":"2884131301",
"parent":"",
"text":"窝囊废！",
"mid":"zxatI5N2d",
"date":"2013-05-17 21:02:09"
},
{
"kids":[],
"uid":"1655442642",
"parent":"",
"text":"[愤怒]",
"mid":"zxatEvFE8",
"date":"2013-05-17 21:02:01"
},
{
"kids":[],
"uid":"3152227970",
"parent":"zxamnzQVE",
"text":"贱[怒]",
"mid":"zxatD1dRk",
"date":"2013-05-17 21:01:58"
},
{
"kids":[
"zxauD70TO"
],
"uid":"1257263270",
"parent":"zxapu0pmx",
"text":"还是国民党的台湾有骨气",
"mid":"zxatynj3h",
"date":"2013-05-17 21:01:47"
},
{
"kids":[
"zxaBUj4Yp",
"zxatQkteU"
],
"uid":"1922952403",
"parent":"zxasZqzmm",
"text":"",
"mid":"zxatx6z8J",
"date":"2013-05-17 21:01:43"
},
{
"kids":[],
"uid":"1075585082",
"parent":"",
"text":"",
"mid":"zxatuqPZm",
"date":"2013-05-17 21:01:40"
},
{
"kids":[],
"uid":"1674017130",
"parent":"",
"text":"[怒]",
"mid":"zxatlAkX1",
"date":"2013-05-17 21:01:18"
},
{
"kids":[],
"uid":"2709683122",
"parent":"",
"text":"",
"mid":"zxatlAkW1",
"date":"2013-05-17 21:01:15"
},
{
"kids":[],
"uid":"1064517714",
"parent":"",
"text":"",
"mid":"zxatghjIJ",
"date":"2013-05-17 21:01:02"
},
{
"kids":[],
"uid":"1548063005",
"parent":"",
"text":"",
"mid":"zxatfo4At",
"date":"2013-05-17 21:01:02"
},
{
"kids":[
"zxbru6xE0"
],
"uid":"2680620423",
"parent":"",
"text":"[怒]",
"mid":"zxatc7EWu",
"date":"2013-05-17 21:00:55"
},
{
"kids":[],
"uid":"1280099424",
"parent":"",
"text":"",
"mid":"zxatbyYOn",
"date":"2013-05-17 21:00:52"
},
{
"kids":[
"zxb3VthPl"
],
"uid":"1959878097",
"parent":"",
"text":"",
"mid":"zxata53fq",
"date":"2013-05-17 21:00:50"
},
{
"kids":[],
"uid":"2859338634",
"parent":"",
"text":"王八蛋当政的兽行。",
"mid":"zxat8iTGj",
"date":"2013-05-17 21:00:46"
},
{
"kids":[],
"uid":"lovinyou0613",
"parent":"",
"text":"",
"mid":"zxat8h5iP",
"date":"2013-05-17 21:00:46"
},
{
"kids":[],
"uid":"1408781693",
"parent":"",
"text":"慈禧都没天朝这么弱吧",
"mid":"zxat5nM03",
"date":"2013-05-17 21:00:39"
},
{
"kids":[],
"uid":"3174277622",
"parent":"",
"text":"为什么我们这么没地位？",
"mid":"zxat2E1ze",
"date":"2013-05-17 21:00:33"
},
{
"kids":[],
"uid":"1896650473",
"parent":"",
"text":"对外要脸不要钱，对内要钱不要脸",
"mid":"zxat28OLB",
"date":"2013-05-17 21:00:29"
},
{
"kids":[],
"uid":"1817607830",
"parent":"",
"text":"",
"mid":"zxat1bzV9",
"date":"2013-05-17 21:00:29"
},
{
"kids":[
"zxatx6z8J"
],
"uid":"1904226787",
"parent":"zxaqMAI3V",
"text":"友谊你大爷，根本就是卖国，想起毛垂涎马克思夫人的样子[吐]",
"mid":"zxasZqzmm",
"date":"2013-05-17 21:00:23"
},
{
"kids":[],
"uid":"fornane",
"parent":"",
"text":"",
"mid":"zxasYfJ1r",
"date":"2013-05-17 21:00:23"
},
{
"kids":[],
"uid":"1780373071",
"parent":"",
"text":"[怒][怒][怒]干！",
"mid":"zxasXoY83",
"date":"2013-05-17 21:00:20"
},
{
"kids":[],
"uid":"2287638255",
"parent":"",
"text":"",
"mid":"zxasWbDxT",
"date":"2013-05-17 21:00:15"
},
{
"kids":[],
"uid":"2192390097",
"parent":"",
"text":"资中筠: 一百年过去了, 上面还是慈禧, 下面还是义和团! [衰]",
"mid":"zxasVzZCt",
"date":"2013-05-17 21:00:14"
},
{
"kids":[],
"uid":"2258295512",
"parent":"",
"text":"中国，，，，当官，，，脑子里进水了",
"mid":"zxasI0D1w",
"date":"2013-05-17 20:59:43"
},
{
"kids":[],
"uid":"2535871363",
"parent":"",
"text":"外交就是援交。",
"mid":"zxasEcrgY",
"date":"2013-05-17 20:59:33"
},
{
"kids":[],
"uid":"2489237204",
"parent":"",
"text":"[晕][抓狂]",
"mid":"zxasC7das",
"date":"2013-05-17 20:59:28"
},
{
"kids":[],
"uid":"hntvmedia",
"parent":"zxapu0pmx",
"text":"…",
"mid":"zxasqfbuN",
"date":"2013-05-17 20:59:01"
},
{
"kids":[],
"uid":"1833271322",
"parent":"zxapu0pmx",
"text":"一百年了 上边还是慈禧 下边还是义和团",
"mid":"zxasnzsmK",
"date":"2013-05-17 20:58:56"
},
{
"kids":[
"zxaztl1ch",
"zxavGnuBs",
"zxaublchl"
],
"uid":"2284824187",
"parent":"zxarCl1Ds",
"text":"",
"mid":"zxask5xLI",
"date":"2013-05-17 20:58:44"
},
{
"kids":[],
"uid":"2008336921",
"parent":"zxaqHkV8v",
"text":"",
"mid":"zxasgwyAK",
"date":"2013-05-17 20:58:37"
},
{
"kids":[
"zxauBAcEr"
],
"uid":"huangheqingshui",
"parent":"",
"text":"[怒骂]",
"mid":"zxasgcm7M",
"date":"2013-05-17 20:58:37"
},
{
"kids":[],
"uid":"1896650473",
"parent":"",
"text":"",
"mid":"zxasdguDB",
"date":"2013-05-17 20:58:30"
},
{
"kids":[],
"uid":"2878943487",
"parent":"zxapu0pmx",
"text":"麻辣隔壁的",
"mid":"zxarZFJQJ",
"date":"2013-05-17 20:57:59"
},
{
"kids":[],
"uid":"caomurun",
"parent":"zxapu0pmx",
"text":"求证",
"mid":"zxarYaMzT",
"date":"2013-05-17 20:57:51"
},
{
"kids":[],
"uid":"3171450132",
"parent":"",
"text":"@新派老猫",
"mid":"zxarSAcwg",
"date":"2013-05-17 20:57:42"
},
{
"kids":[],
"uid":"fh5988",
"parent":"zxapu0pmx",
"text":"",
"mid":"zxarLc5fm",
"date":"2013-05-17 20:57:24"
},
{
"kids":[],
"uid":"2529281784",
"parent":"zxapCupT9",
"text":"[怒][怒]",
"mid":"zxarCBla3",
"date":"2013-05-17 20:57:03"
},
{
"kids":[
"zxask5xLI"
],
"uid":"1408896040",
"parent":"zxaqMAI3V",
"text":"量中华之物力结异国之欢心",
"mid":"zxarCl1Ds",
"date":"2013-05-17 20:57:01"
},
{
"kids":[],
"uid":"1738360917",
"parent":"zxapu0pmx",
"text":"求证.匪夷所思!",
"mid":"zxark2Rd7",
"date":"2013-05-17 20:56:19"
},
{
"kids":[],
"uid":"1227719644",
"parent":"zxapu0pmx",
"text":"求辟谣",
"mid":"zxardwwyf",
"date":"2013-05-17 20:56:02"
},
{
"kids":[],
"uid":"2696060263",
"parent":"zxapu0pmx",
"text":"",
"mid":"zxarc5cWr",
"date":"2013-05-17 20:55:59"
},
{
"kids":[
"zxaxu7I8F"
],
"uid":"2586308937",
"parent":"zxapu0pmx",
"text":"",
"mid":"zxar94uDh",
"date":"2013-05-17 20:55:50"
},
{
"kids":[],
"uid":"1951588740",
"parent":"zxapu0pmx",
"text":"",
"mid":"zxar5egAt",
"date":"2013-05-17 20:55:43"
},
{
"kids":[],
"uid":"2088815081",
"parent":"",
"text":"",
"mid":"zxar46qhe",
"date":"2013-05-17 20:55:41"
},
{
"kids":[],
"uid":"2955303502",
"parent":"",
"text":"",
"mid":"zxar2BwYv",
"date":"2013-05-17 20:55:37"
},
{
"kids":[],
"uid":"1883588980",
"parent":"zxapCupT9",
"text":"那是我们的钱啊,有人征求过我们的意见么？",
"mid":"zxaqUzs5l",
"date":"2013-05-17 20:55:19"
},
{
"kids":[],
"uid":"2251830307",
"parent":"",
"text":"",
"mid":"zxaqR2VhE",
"date":"2013-05-17 20:55:07"
},
{
"kids":[
"zxaBpfK7O",
"zxavzBQwP",
"zxasZqzmm",
"zxarCl1Ds"
],
"uid":"3175540220",
"parent":"zxapCupT9",
"text":"",
"mid":"zxaqMAI3V",
"date":"2013-05-17 20:54:59"
},
{
"kids":[
"zxfaLrj1L",
"zxasgwyAK"
],
"uid":"fuckmenow",
"parent":"zxapu0pmx",
"text":"",
"mid":"zxaqHkV8v",
"date":"2013-05-17 20:54:47"
},
{
"kids":[],
"uid":"1723885592",
"parent":"zxapu0pmx",
"text":"",
"mid":"zxaqwEEUX",
"date":"2013-05-17 20:54:19"
},
{
"kids":[],
"uid":"2875913574",
"parent":"",
"text":"@晓玲有话说@司马南 @丁来峰 @袁裕来律师 @中文台张婉 @张泉灵",
"mid":"zxaqisdNg",
"date":"2013-05-17 20:53:47"
},
{
"kids":[],
"uid":"1995754827",
"parent":"zxapu0pmx",
"text":"",
"mid":"zxaqadNkY",
"date":"2013-05-17 20:53:27"
},
{
"kids":[],
"uid":"2273007674",
"parent":"",
"text":"",
"mid":"zxaq4hdGx",
"date":"2013-05-17 20:53:11"
},
{
"kids":[],
"uid":"2020316023",
"parent":"zxapu0pmx",
"text":"",
"mid":"zxaq0qEdR",
"date":"2013-05-17 20:53:04"
},
{
"kids":[],
"uid":"2628024860",
"parent":"zxapu0pmx",
"text":"Sb外交",
"mid":"zxapXeHXC",
"date":"2013-05-17 20:52:56"
},
{
"kids":[
"zxarCBla3",
"zxaqUzs5l",
"zxaqMAI3V"
],
"uid":"zhoutaode",
"parent":"",
"text":"和小马哥比比！",
"mid":"zxapCupT9",
"date":"2013-05-17 20:52:07"
},
{
"kids":[
"zxhhzyt6O",
"zxfO1rTgl",
"zxeSnriRc",
"zxeP3dsm0",
"zxetebhqC",
"zxboehJUN",
"zxbjJkfKv",
"zxbdQ8cTH",
"zxb3trtzz",
"zxb23kZGy",
"zxaOK2A9k",
"zxaN8biVk",
"zxaMZ4xxT",
"zxaKs7Asj",
"zxaKgzaIM",
"zxaK9dqtV",
"zxaGp01mv",
"zxaG9hvGH",
"zxaFKrq1O",
"zxaB1B6WI",
"zxazBAhXq",
"zxazoBb02",
"zxayx7Mm6",
"zxawEES0J",
"zxawCyRob",
"zxaw2zEaC",
"zxavqpA5g",
"zxauZw1Ja",
"zxauA9Fue",
"zxauoirmP",
"zxatYhIU6",
"zxatynj3h",
"zxasqfbuN",
"zxasnzsmK",
"zxarZFJQJ",
"zxarYaMzT",
"zxarLc5fm",
"zxark2Rd7",
"zxardwwyf",
"zxarc5cWr",
"zxar94uDh",
"zxar5egAt",
"zxaqHkV8v",
"zxaqwEEUX",
"zxaqadNkY",
"zxaq0qEdR",
"zxapXeHXC"
],
"uid":"318783777",
"parent":"",
"text":"",
"mid":"zxapu0pmx",
"date":"2013-05-17 20:51:45"
},
{
"kids":[],
"uid":"2573224910",
"parent":"",
"text":"",
"mid":"zxapjjpA0",
"date":"2013-05-17 20:51:22"
},
{
"kids":[],
"uid":"3207618070",
"parent":"",
"text":"",
"mid":"zxaoIoa0w",
"date":"2013-05-17 20:49:52"
},
{
"kids":[],
"uid":"jiang8111",
"parent":"",
"text":"",
"mid":"zxao31Mr2",
"date":"2013-05-17 20:48:12"
},
{
"kids":[
"zxavQvaLE",
"zxatD1dRk"
],
"uid":"336729666",
"parent":"",
"text":"",
"mid":"zxamnzQVE",
"date":"2013-05-17 20:44:08"
},
{
"kids":[],
"uid":"1893747135",
"parent":"",
"text":"中国反省",
"mid":"zxalAdBb2",
"date":"2013-05-17 20:42:11"
}
]