[
{
"kids":[],
"uid":"2919756964",
"parent":"z0yGyt0rO",
"text":"",
"mid":"z7YEg6spC",
"date":"2012-12-03 04:57:36"
},
{
"kids":[],
"uid":"2808261712",
"parent":"z0yGyt0rO",
"text":"",
"mid":"z7TYVFlLP",
"date":"2012-12-02 17:04:46"
},
{
"kids":[],
"uid":"2803578544",
"parent":"z0yGyt0rO",
"text":"",
"mid":"z7TYVmofG",
"date":"2012-12-02 17:04:47"
},
{
"kids":[],
"uid":"2789766464",
"parent":"z0zgn7fUt",
"text":"",
"mid":"z5Vuz487G",
"date":"2012-11-19 17:14:50"
},
{
"kids":[],
"uid":"2920028244",
"parent":"z0zgn7fUt",
"text":"",
"mid":"z5Mm1kB1n",
"date":"2012-11-18 17:59:05"
},
{
"kids":[],
"uid":"2920628934",
"parent":"z0zgn7fUt",
"text":"",
"mid":"z5Gdnfq7k",
"date":"2012-11-18 02:21:20"
},
{
"kids":[],
"uid":"2810459202",
"parent":"z0zgn7fUt",
"text":"",
"mid":"z5Asji97I",
"date":"2012-11-17 11:41:38"
},
{
"kids":[],
"uid":"2790049514",
"parent":"z0zgn7fUt",
"text":"",
"mid":"z5AsjhuEI",
"date":"2012-11-17 11:41:39"
},
{
"kids":[],
"uid":"1581772771",
"parent":"z0zgn7fUt",
"text":"",
"mid":"z4UzUAXU8",
"date":"2012-11-13 01:05:01"
},
{
"kids":[],
"uid":"2919549554",
"parent":"z0zgn7fUt",
"text":"",
"mid":"z4UzUAl2B",
"date":"2012-11-13 01:05:01"
},
{
"kids":[],
"uid":"1723975942",
"parent":"z0zgn7fUt",
"text":"",
"mid":"z4L9edY9Q",
"date":"2012-11-12 01:04:33"
},
{
"kids":[],
"uid":"2616320475",
"parent":"z0AHnnMZH",
"text":"@博博博字叔宇 @芦大猪 @夜夜夜夜当新郎 @嘉嘉爱GuoAn",
"mid":"z4ffmuZt1",
"date":"2012-11-08 15:51:46"
},
{
"kids":[],
"uid":"2789667450",
"parent":"z0AfxoMLZ",
"text":"",
"mid":"z46Ogt86F",
"date":"2012-11-07 18:23:00"
},
{
"kids":[],
"uid":"2802863584",
"parent":"z0zgn7fUt",
"text":"",
"mid":"z3ZZBEbdj",
"date":"2012-11-07 01:01:45"
},
{
"kids":[],
"uid":"1723160562",
"parent":"z0zgn7fUt",
"text":"",
"mid":"z3ZZBEbcE",
"date":"2012-11-07 01:01:45"
},
{
"kids":[],
"uid":"2803820102",
"parent":"z0L46xh0O",
"text":"",
"mid":"z3ZJMC9kt",
"date":"2012-11-07 00:22:43"
},
{
"kids":[],
"uid":"1584054295",
"parent":"z0L46xh0O",
"text":"",
"mid":"z3ZJMC9iX",
"date":"2012-11-07 00:22:43"
},
{
"kids":[],
"uid":"2920328250",
"parent":"z0zgn7fUt",
"text":"",
"mid":"z3YIGBevx",
"date":"2012-11-06 21:47:19"
},
{
"kids":[],
"uid":"1723900417",
"parent":"z0zgn7fUt",
"text":"",
"mid":"z3YIGiJzu",
"date":"2012-11-06 21:47:18"
},
{
"kids":[],
"uid":"2919878294",
"parent":"z0L46xh0O",
"text":"",
"mid":"z3XDogDAh",
"date":"2012-11-06 19:01:29"
},
{
"kids":[],
"uid":"2790067754",
"parent":"z0L46xh0O",
"text":"",
"mid":"z3XDoflA5",
"date":"2012-11-06 19:01:31"
},
{
"kids":[],
"uid":"2920392004",
"parent":"z0AfxoMLZ",
"text":"",
"mid":"z37PrjxJY",
"date":"2012-11-01 07:08:21"
},
{
"kids":[],
"uid":"1440495795",
"parent":"z0yXC3sbp",
"text":"",
"mid":"z36hilEkV",
"date":"2012-11-01 03:11:30"
},
{
"kids":[],
"uid":"1727836273",
"parent":"z0AfxoMLZ",
"text":"",
"mid":"z32Ni4piR",
"date":"2012-10-31 18:19:20"
},
{
"kids":[],
"uid":"1776557164",
"parent":"z0AfxoMLZ",
"text":"",
"mid":"z32Ni4phM",
"date":"2012-10-31 18:19:18"
},
{
"kids":[],
"uid":"2575852457",
"parent":"z0yJo1kbH",
"text":"嘿",
"mid":"z2R4n34qg",
"date":"2012-10-30 12:28:25"
},
{
"kids":[],
"uid":"2810678274",
"parent":"",
"text":"",
"mid":"z2PxFikFm",
"date":"2012-10-30 08:35:08"
},
{
"kids":[],
"uid":"2789981800",
"parent":"",
"text":"",
"mid":"z2Gx48AIl",
"date":"2012-10-29 09:38:55"
},
{
"kids":[],
"uid":"2789954000",
"parent":"",
"text":"",
"mid":"z2Gx48AH7",
"date":"2012-10-29 09:38:56"
},
{
"kids":[],
"uid":"2145839004",
"parent":"z0yYkBwAw",
"text":"",
"mid":"z2CtJ6CNq",
"date":"2012-10-28 23:19:43"
},
{
"kids":[],
"uid":"1929427800",
"parent":"",
"text":"@加洲阳光860205 @趴趴懿 @菩提树下念圣经1010",
"mid":"z2h8bqPOX",
"date":"2012-10-26 16:58:58"
},
{
"kids":[],
"uid":"2920270442",
"parent":"z0yXC3sbp",
"text":"",
"mid":"z2c1J5bnb",
"date":"2012-10-26 03:59:18"
},
{
"kids":[],
"uid":"1583087162",
"parent":"z0IytgyB6",
"text":"",
"mid":"z1T8csTtf",
"date":"2012-10-24 03:53:05"
},
{
"kids":[],
"uid":"2919456374",
"parent":"z0IytgyB6",
"text":"",
"mid":"z1QfpEeAW",
"date":"2012-10-23 20:32:37"
},
{
"kids":[],
"uid":"1519976277",
"parent":"z0IytgyB6",
"text":"",
"mid":"z1QfpEezW",
"date":"2012-10-23 20:32:34"
},
{
"kids":[],
"uid":"2805199357",
"parent":"",
"text":"",
"mid":"z1JbdzMrx",
"date":"2012-10-23 02:33:03"
},
{
"kids":[],
"uid":"2789668280",
"parent":"z0JbLzy1R",
"text":"",
"mid":"z1IXTCIwk",
"date":"2012-10-23 02:00:14"
},
{
"kids":[],
"uid":"1582971445",
"parent":"z0JbLzy1R",
"text":"",
"mid":"z1IXTCIvz",
"date":"2012-10-23 02:00:14"
},
{
"kids":[],
"uid":"2919471434",
"parent":"z0JbLzy1R",
"text":"",
"mid":"z1CLAC1Lz",
"date":"2012-10-22 10:13:24"
},
{
"kids":[],
"uid":"2920020222",
"parent":"z0IytgyB6",
"text":"",
"mid":"z1AZxpNDA",
"date":"2012-10-22 05:42:18"
},
{
"kids":[],
"uid":"2919987640",
"parent":"z0IytgyB6",
"text":"",
"mid":"z1sTUB4dy",
"date":"2012-10-21 09:06:28"
},
{
"kids":[],
"uid":"2809930944",
"parent":"z0IytgyB6",
"text":"",
"mid":"z1sTUB4cy",
"date":"2012-10-21 09:06:28"
},
{
"kids":[],
"uid":"2804234112",
"parent":"z0zgPsvgM",
"text":"",
"mid":"z1sNU0vxa",
"date":"2012-10-21 08:51:37"
},
{
"kids":[],
"uid":"2789947364",
"parent":"z0yWmkXuD",
"text":"",
"mid":"z1rHDCNoG",
"date":"2012-10-21 06:03:29"
},
{
"kids":[],
"uid":"1583717625",
"parent":"z0yXC3sbp",
"text":"",
"mid":"z1qQMmDik",
"date":"2012-10-21 03:53:15"
},
{
"kids":[],
"uid":"2790061604",
"parent":"z0yXC3sbp",
"text":"",
"mid":"z1qQMlmGB",
"date":"2012-10-21 03:53:15"
},
{
"kids":[],
"uid":"2920204192",
"parent":"",
"text":"",
"mid":"z1knRfN7J",
"date":"2012-10-20 11:25:31"
},
{
"kids":[],
"uid":"2810413782",
"parent":"z0zgPsvgM",
"text":"",
"mid":"z1j2oki10",
"date":"2012-10-20 07:59:52"
},
{
"kids":[],
"uid":"2920134690",
"parent":"z0zgPsvgM",
"text":"",
"mid":"z1j2okhZJ",
"date":"2012-10-20 07:59:52"
},
{
"kids":[],
"uid":"2809448640",
"parent":"",
"text":"",
"mid":"z1d3WBdVA",
"date":"2012-10-19 16:47:12"
},
{
"kids":[],
"uid":"2920056984",
"parent":"",
"text":"",
"mid":"z1d3WA3na",
"date":"2012-10-19 16:47:14"
},
{
"kids":[],
"uid":"2790035450",
"parent":"z0yHvhGMu",
"text":"",
"mid":"z1bgrhMdg",
"date":"2012-10-19 12:12:29"
},
{
"kids":[],
"uid":"1778346060",
"parent":"",
"text":"",
"mid":"z18dQD3im",
"date":"2012-10-19 04:27:54"
},
{
"kids":[],
"uid":"2919603910",
"parent":"z0yHvhGMu",
"text":"",
"mid":"z15iJD1pR",
"date":"2012-10-18 21:01:40"
},
{
"kids":[],
"uid":"2919540600",
"parent":"z0yHvhGMu",
"text":"",
"mid":"z15iJD1nU",
"date":"2012-10-18 21:01:43"
},
{
"kids":[],
"uid":"1440666793",
"parent":"",
"text":"",
"mid":"z0YpYFJ39",
"date":"2012-10-18 03:30:19"
},
{
"kids":[],
"uid":"2920436512",
"parent":"",
"text":"",
"mid":"z0YpYFJ1O",
"date":"2012-10-18 03:30:19"
},
{
"kids":[],
"uid":"1582531924",
"parent":"z0JbLzy1R",
"text":"",
"mid":"z0QLkkXS2",
"date":"2012-10-17 08:00:55"
},
{
"kids":[],
"uid":"2920101554",
"parent":"z0JbLzy1R",
"text":"",
"mid":"z0QLk58d5",
"date":"2012-10-17 08:00:54"
},
{
"kids":[],
"uid":"1844961792",
"parent":"",
"text":"",
"mid":"z0NUruwiu",
"date":"2012-10-17 00:45:09"
},
{
"kids":[
"z3ZJMC9kt",
"z3ZJMC9iX",
"z3XDogDAh",
"z3XDoflA5"
],
"uid":"2106958341",
"parent":"z0A3F5XU2",
"text":"@你猜怎么着_scc小飞是我汉子",
"mid":"z0L46xh0O",
"date":"2012-10-16 17:30:43"
},
{
"kids":[],
"uid":"2284958271",
"parent":"",
"text":"转发微博。",
"mid":"z0Jmn52bk",
"date":"2012-10-16 13:10:13"
},
{
"kids":[
"z1IXTCIwk",
"z1IXTCIvz",
"z1CLAC1Lz",
"z0QLkkXS2",
"z0QLk58d5"
],
"uid":"2952909904",
"parent":"",
"text":"",
"mid":"z0JbLzy1R",
"date":"2012-10-16 12:44:04"
},
{
"kids":[
"z1T8csTtf",
"z1QfpEeAW",
"z1QfpEezW",
"z1AZxpNDA",
"z1sTUB4dy",
"z1sTUB4cy"
],
"uid":"1854124057",
"parent":"",
"text":"[吃惊][吃惊]不是吧·[挖鼻屎][挖鼻屎]",
"mid":"z0IytgyB6",
"date":"2012-10-16 11:07:17"
},
{
"kids":[],
"uid":"2639665501",
"parent":"",
"text":"",
"mid":"z0I9o6ocr",
"date":"2012-10-16 10:05:29"
},
{
"kids":[],
"uid":"1589464430",
"parent":"z0zWob3ve",
"text":"",
"mid":"z0I2KsOBa",
"date":"2012-10-16 09:49:07"
},
{
"kids":[],
"uid":"2485849101",
"parent":"",
"text":"",
"mid":"z0HLPtdzc",
"date":"2012-10-16 09:07:27"
},
{
"kids":[],
"uid":"2919983540",
"parent":"z0yHoukcu",
"text":"",
"mid":"z0HaekSF3",
"date":"2012-10-16 07:34:48"
},
{
"kids":[],
"uid":"2242077410",
"parent":"",
"text":"@Luc吕克 @陈文华的微博 @贵阳路人甲 @小正- 真的假的哦？",
"mid":"z0EWMElfW",
"date":"2012-10-16 01:56:12"
},
{
"kids":[],
"uid":"2510818015",
"parent":"",
"text":"",
"mid":"z0EDAnvM5",
"date":"2012-10-16 01:08:54"
},
{
"kids":[],
"uid":"1733734150",
"parent":"",
"text":"压缩穷人的生存空间，有钱人可以用钱摆平这—切",
"mid":"z0EucBgec",
"date":"2012-10-16 00:45:47"
},
{
"kids":[],
"uid":"2522633050",
"parent":"",
"text":"我擦、、、、、、、",
"mid":"z0EtZA6VH",
"date":"2012-10-16 00:45:16"
},
{
"kids":[],
"uid":"2085224711",
"parent":"",
"text":"开车的，以后要长点记性了。。",
"mid":"z0Ejzkuwk",
"date":"2012-10-16 00:19:36"
},
{
"kids":[],
"uid":"2042343423",
"parent":"",
"text":"",
"mid":"z0EfqzfTh",
"date":"2012-10-16 00:09:19"
},
{
"kids":[],
"uid":"2014298120",
"parent":"",
"text":"",
"mid":"z0E5c8Kkf",
"date":"2012-10-15 23:44:10"
},
{
"kids":[],
"uid":"1884847394",
"parent":"",
"text":"",
"mid":"z0DWcyoWL",
"date":"2012-10-15 23:21:59"
},
{
"kids":[],
"uid":"2210060395",
"parent":"",
"text":"",
"mid":"z0DWauiHC",
"date":"2012-10-15 23:21:54"
},
{
"kids":[],
"uid":"1885041494",
"parent":"",
"text":"不能打电话了",
"mid":"z0DvczWOf",
"date":"2012-10-15 22:15:27"
},
{
"kids":[],
"uid":"2684807127",
"parent":"",
"text":"",
"mid":"z0DmxEETV",
"date":"2012-10-15 21:54:11"
},
{
"kids":[],
"uid":"1913216992",
"parent":"z0zuNfZUK",
"text":"",
"mid":"z0D2TFc4b",
"date":"2012-10-15 21:05:42"
},
{
"kids":[],
"uid":"2522076971",
"parent":"",
"text":"",
"mid":"z0CXri8SF",
"date":"2012-10-15 20:52:19"
},
{
"kids":[],
"uid":"1771273293",
"parent":"",
"text":"",
"mid":"z0CVDDL5k",
"date":"2012-10-15 20:47:52"
},
{
"kids":[],
"uid":"2597470687",
"parent":"",
"text":"",
"mid":"z0CU5AZCw",
"date":"2012-10-15 20:44:03"
},
{
"kids":[],
"uid":"2720251091",
"parent":"",
"text":"",
"mid":"z0CS1n0cV",
"date":"2012-10-15 20:38:58"
},
{
"kids":[],
"uid":"2429829145",
"parent":"",
"text":"[衰]",
"mid":"z0CJUqQyF",
"date":"2012-10-15 20:18:57"
},
{
"kids":[],
"uid":"2140020783",
"parent":"z0A6IdgTf",
"text":"五开就五使扣分了",
"mid":"z0CE3zCEj",
"date":"2012-10-15 20:04:34"
},
{
"kids":[],
"uid":"2789838050",
"parent":"z0yHoukcu",
"text":"",
"mid":"z0CCb7QP5",
"date":"2012-10-15 19:59:54"
},
{
"kids":[],
"uid":"2804504764",
"parent":"z0yHoukcu",
"text":"",
"mid":"z0CCb6TP9",
"date":"2012-10-15 19:59:57"
},
{
"kids":[],
"uid":"2869567422",
"parent":"",
"text":"",
"mid":"z0CB412Q8",
"date":"2012-10-15 19:57:11"
},
{
"kids":[],
"uid":"2079967023",
"parent":"",
"text":"",
"mid":"z0CzyCzS1",
"date":"2012-10-15 19:53:30"
},
{
"kids":[],
"uid":"1781911941",
"parent":"",
"text":"可以稳代扣分，据说一分100",
"mid":"z0CsJsWSu",
"date":"2012-10-15 19:36:40"
},
{
"kids":[],
"uid":"1146728745",
"parent":"",
"text":"",
"mid":"z0CooAr75",
"date":"2012-10-15 19:25:57"
},
{
"kids":[],
"uid":"cctvlxl",
"parent":"z0CaWEeQn",
"text":"虽说是不实消息，但是明年交规确实有不少变动。各位亲规规矩矩开车最好",
"mid":"z0CmYxp2k",
"date":"2012-10-15 19:22:29"
},
{
"kids":[],
"uid":"2101817181",
"parent":"",
"text":"开车的，以后要长点记性了。。",
"mid":"z0ChjtjlG",
"date":"2012-10-15 19:08:32"
},
{
"kids":[],
"uid":"2658863945",
"parent":"",
"text":"",
"mid":"z0CcK7qhy",
"date":"2012-10-15 18:57:16"
},
{
"kids":[
"z0CmYxp2k"
],
"uid":"lizhen0428",
"parent":"",
"text":"天啊",
"mid":"z0CaWEeQn",
"date":"2012-10-15 18:52:51"
},
{
"kids":[],
"uid":"2714315304",
"parent":"",
"text":"",
"mid":"z0C2MfA9S",
"date":"2012-10-15 18:32:43"
},
{
"kids":[],
"uid":"2925920555",
"parent":"",
"text":"老子以后开电动的了。",
"mid":"z0BYM1yTJ",
"date":"2012-10-15 18:22:51"
},
{
"kids":[],
"uid":"1994878223",
"parent":"",
"text":"",
"mid":"z0BYDb6ri",
"date":"2012-10-15 18:22:30"
},
{
"kids":[],
"uid":"339509444",
"parent":"",
"text":"@等着沾酱的葱",
"mid":"z0BYkdele",
"date":"2012-10-15 18:21:43"
},
{
"kids":[],
"uid":"1960115675",
"parent":"",
"text":"[鄙视][鄙视]",
"mid":"z0BWWxRZX",
"date":"2012-10-15 18:18:21"
},
{
"kids":[],
"uid":"2683689261",
"parent":"",
"text":"",
"mid":"z0BVs3P3w",
"date":"2012-10-15 18:14:40"
},
{
"kids":[],
"uid":"1731399264",
"parent":"",
"text":"@林仰谦Lim",
"mid":"z0BRlko32",
"date":"2012-10-15 18:04:33"
},
{
"kids":[],
"uid":"2743393725",
"parent":"",
"text":"",
"mid":"z0BQbfRPs",
"date":"2012-10-15 18:01:41"
},
{
"kids":[],
"uid":"2172774500",
"parent":"",
"text":"请输入转发理由傷得起麼",
"mid":"z0BP4owY6",
"date":"2012-10-15 17:58:57"
},
{
"kids":[],
"uid":"2970714052",
"parent":"",
"text":"",
"mid":"z0BOkA3yw",
"date":"2012-10-15 17:57:07"
},
{
"kids":[],
"uid":"kzly",
"parent":"",
"text":"",
"mid":"z0BO65ieN",
"date":"2012-10-15 17:56:33"
},
{
"kids":[],
"uid":"2701019460",
"parent":"",
"text":"傷得起麼[汗][汗]",
"mid":"z0BMo2UN9",
"date":"2012-10-15 17:52:20"
},
{
"kids":[],
"uid":"2787869477",
"parent":"",
"text":"",
"mid":"z0BLJy3xS",
"date":"2012-10-15 17:50:45"
},
{
"kids":[],
"uid":"1937850380",
"parent":"",
"text":"@汕头天龙",
"mid":"z0BJXlhvw",
"date":"2012-10-15 17:46:21"
},
{
"kids":[],
"uid":"yibaosuyan",
"parent":"",
"text":"",
"mid":"z0BJTuaWR",
"date":"2012-10-15 17:46:12"
},
{
"kids":[],
"uid":"2721864917",
"parent":"",
"text":"这还能开车嘛",
"mid":"z0BHOlvAV",
"date":"2012-10-15 17:41:02"
},
{
"kids":[],
"uid":"2191012370",
"parent":"",
"text":"@俊杰小粉团",
"mid":"z0BHEh5vv",
"date":"2012-10-15 17:40:40"
},
{
"kids":[],
"uid":"2287068185",
"parent":"",
"text":"@瞬间hight @偷嘴鱼bobo @小小凌琨 消息是假的",
"mid":"z0BFWvlLf",
"date":"2012-10-15 17:36:27"
},
{
"kids":[],
"uid":"2838312191",
"parent":"",
"text":"这回来真格的了！",
"mid":"z0BFzaNFm",
"date":"2012-10-15 17:35:32"
},
{
"kids":[],
"uid":"1685870504",
"parent":"",
"text":"",
"mid":"z0BF19Y7V",
"date":"2012-10-15 17:34:09"
},
{
"kids":[],
"uid":"2463518023",
"parent":"",
"text":"真够狠，！压力啊！！  [奥特曼][晕]@2min倫倫 @AaRonChan丶陳文豪 @Odyssey_张健祖 @吴木栋 @Crown邱文冠",
"mid":"z0BDuCH5f",
"date":"2012-10-15 17:30:26"
},
{
"kids":[],
"uid":"2029386797",
"parent":"",
"text":"转发微博。",
"mid":"z0BDmlxWE",
"date":"2012-10-15 17:30:06"
},
{
"kids":[],
"uid":"subaruwrxsti",
"parent":"",
"text":"",
"mid":"z0BDhCux7",
"date":"2012-10-15 17:29:53"
},
{
"kids":[],
"uid":"2156437261",
"parent":"z0BBQESS0",
"text":"那事实是神马？[疑问]",
"mid":"z0BCAuOha",
"date":"2012-10-15 17:28:10"
},
{
"kids":[],
"uid":"zhouhuilele",
"parent":"",
"text":"转发微博。",
"mid":"z0BCfvQkX",
"date":"2012-10-15 17:27:22"
},
{
"kids":[],
"uid":"2438006005",
"parent":"",
"text":"@二才有范儿 @鸿舸 @闲登小阁看新睛",
"mid":"z0BC88IiE",
"date":"2012-10-15 17:27:04"
},
{
"kids":[
"z0BCAuOha"
],
"uid":"stephanie8881",
"parent":"",
"text":"@2009_sunny 内容不实",
"mid":"z0BBQESS0",
"date":"2012-10-15 17:26:23"
},
{
"kids":[],
"uid":"1697372141",
"parent":"",
"text":"@AaronLohas @叶绿5 @聂小茜童鞋的围脖",
"mid":"z0BBBzWWc",
"date":"2012-10-15 17:25:47"
},
{
"kids":[],
"uid":"2052565357",
"parent":"",
"text":"@猴子萌萌",
"mid":"z0BBwgWxP",
"date":"2012-10-15 17:25:34"
},
{
"kids":[],
"uid":"2029043115",
"parent":"",
"text":"开车的，以后要长点记性了。。",
"mid":"z0BBgD2lQ",
"date":"2012-10-15 17:24:57"
},
{
"kids":[],
"uid":"2096991522",
"parent":"",
"text":"开车的，以后要长点记性了。。",
"mid":"z0BB3CQ51",
"date":"2012-10-15 17:24:25"
},
{
"kids":[],
"uid":"dengbenlei",
"parent":"",
"text":"草泥马，一包烟不够抽完分就扣完了。。。",
"mid":"z0BAVE4AP",
"date":"2012-10-15 17:24:07"
},
{
"kids":[],
"uid":"1985265780",
"parent":"",
"text":"",
"mid":"z0BAMtlYW",
"date":"2012-10-15 17:23:45"
},
{
"kids":[],
"uid":"2104574063",
"parent":"",
"text":"",
"mid":"z0BADAFuz",
"date":"2012-10-15 17:23:24"
},
{
"kids":[],
"uid":"1686268021",
"parent":"",
"text":"这罚款罚的。。跟加州没法比啊。。",
"mid":"z0BzWd9Qd",
"date":"2012-10-15 17:21:40"
},
{
"kids":[],
"uid":"2654929173",
"parent":"",
"text":"",
"mid":"z0Bzl0gPs",
"date":"2012-10-15 17:20:11"
},
{
"kids":[],
"uid":"2784069525",
"parent":"",
"text":"",
"mid":"z0Bzh9GlK",
"date":"2012-10-15 17:20:00"
},
{
"kids":[],
"uid":"2651606730",
"parent":"",
"text":"",
"mid":"z0BySzYIe",
"date":"2012-10-15 17:19:01"
},
{
"kids":[],
"uid":"0817leoyao",
"parent":"",
"text":"[闭嘴]",
"mid":"z0ByLsGry",
"date":"2012-10-15 17:18:47"
},
{
"kids":[],
"uid":"2763797101",
"parent":"",
"text":"@月下夜光曲 看看喔",
"mid":"z0ByJs6eH",
"date":"2012-10-15 17:18:41"
},
{
"kids":[],
"uid":"2448937682",
"parent":"",
"text":"",
"mid":"z0By6q0bV",
"date":"2012-10-15 17:17:07"
},
{
"kids":[],
"uid":"2330155360",
"parent":"",
"text":"",
"mid":"z0BwNsRS4",
"date":"2012-10-15 17:13:55"
},
{
"kids":[],
"uid":"2037985407",
"parent":"",
"text":"",
"mid":"z0BwJChRH",
"date":"2012-10-15 17:13:46"
},
{
"kids":[],
"uid":"1874564235",
"parent":"",
"text":"",
"mid":"z0BwG4MlV",
"date":"2012-10-15 17:13:38"
},
{
"kids":[],
"uid":"1768212594",
"parent":"",
"text":"切记 切记",
"mid":"z0Bwugox7",
"date":"2012-10-15 17:13:10"
},
{
"kids":[],
"uid":"1907627377",
"parent":"",
"text":"",
"mid":"z0BwnaRIb",
"date":"2012-10-15 17:12:53"
},
{
"kids":[],
"uid":"2419109222",
"parent":"",
"text":"",
"mid":"z0Bwgm72y",
"date":"2012-10-15 17:12:34"
},
{
"kids":[],
"uid":"2176151832",
"parent":"",
"text":"看来我的宝马要放家里了",
"mid":"z0BvZykMt",
"date":"2012-10-15 17:11:58"
},
{
"kids":[],
"uid":"2427640385",
"parent":"",
"text":"@桃公子_",
"mid":"z0BvQ62D1",
"date":"2012-10-15 17:11:32"
},
{
"kids":[],
"uid":"2833294491",
"parent":"",
"text":"[晕]",
"mid":"z0BvJxXIG",
"date":"2012-10-15 17:11:19"
},
{
"kids":[],
"uid":"1933445161",
"parent":"z0Ah4ghKv",
"text":"看看！@菲腾爸",
"mid":"z0Btxnw7Y",
"date":"2012-10-15 17:05:54"
},
{
"kids":[],
"uid":"1933445161",
"parent":"z0Ah4ghKv",
"text":"看看。@幾米的小小世界",
"mid":"z0Btmrp6w",
"date":"2012-10-15 17:05:27"
},
{
"kids":[],
"uid":"1889965954",
"parent":"",
"text":"哇哦，噶严格的啊",
"mid":"z0BjqjRYM",
"date":"2012-10-15 16:40:58"
},
{
"kids":[],
"uid":"1778992841",
"parent":"",
"text":"",
"mid":"z0BhMDiqC",
"date":"2012-10-15 16:36:58"
},
{
"kids":[],
"uid":"2420635254",
"parent":"z0ArArggH",
"text":"[怒骂][挖鼻屎][黑线]",
"mid":"z0BdyAqpB",
"date":"2012-10-15 16:26:30"
},
{
"kids":[],
"uid":"2988571721",
"parent":"z0AP7AzyD",
"text":"",
"mid":"z0Bc9ERqV",
"date":"2012-10-15 16:23:06"
},
{
"kids":[],
"uid":"1732430084",
"parent":"",
"text":"",
"mid":"z0B2Qi5Ob",
"date":"2012-10-15 16:00:05"
},
{
"kids":[],
"uid":"2988571721",
"parent":"z0AP7AzyD",
"text":"675716269",
"mid":"z0B2FnteW",
"date":"2012-10-15 15:59:40"
},
{
"kids":[],
"uid":"1413219632",
"parent":"",
"text":"开车的，以后要长点记性了。。",
"mid":"z0AX5lLwj",
"date":"2012-10-15 15:45:57"
},
{
"kids":[],
"uid":"2125553373",
"parent":"",
"text":"",
"mid":"z0AVhCEQR",
"date":"2012-10-15 15:41:31"
},
{
"kids":[],
"uid":"2395797340",
"parent":"",
"text":"被坑死",
"mid":"z0AUh1iaV",
"date":"2012-10-15 15:39:01"
},
{
"kids":[],
"uid":"2649796544",
"parent":"",
"text":"",
"mid":"z0AU3psnQ",
"date":"2012-10-15 15:38:30"
},
{
"kids":[],
"uid":"2259412440",
"parent":"",
"text":"",
"mid":"z0ATloxRG",
"date":"2012-10-15 15:36:44"
},
{
"kids":[],
"uid":"2163850113",
"parent":"",
"text":"大家注意起来@R-ama谧臭崬玺 @肖艺Alex",
"mid":"z0ATceVSO",
"date":"2012-10-15 15:36:21"
},
{
"kids":[],
"uid":"2711065544",
"parent":"",
"text":"",
"mid":"z0AT5ovK0",
"date":"2012-10-15 15:36:06"
},
{
"kids":[],
"uid":"jessi1006",
"parent":"",
"text":"",
"mid":"z0ASY1Xm4",
"date":"2012-10-15 15:35:47"
},
{
"kids":[],
"uid":"2649395207",
"parent":"",
"text":"",
"mid":"z0APUmrWa",
"date":"2012-10-15 15:28:16"
},
{
"kids":[],
"uid":"2429466150",
"parent":"",
"text":"",
"mid":"z0APOrLSo",
"date":"2012-10-15 15:28:02"
},
{
"kids":[
"z0Bc9ERqV",
"z0B2FnteW"
],
"uid":"2721974857",
"parent":"",
"text":"",
"mid":"z0AP7AzyD",
"date":"2012-10-15 15:26:20"
},
{
"kids":[],
"uid":"1059947614",
"parent":"",
"text":"",
"mid":"z0AOaah5j",
"date":"2012-10-15 15:23:58"
},
{
"kids":[],
"uid":"donggua1206",
"parent":"",
"text":"都留神，做文明司机。",
"mid":"z0AMjfTpQ",
"date":"2012-10-15 15:19:24"
},
{
"kids":[],
"uid":"1787070761",
"parent":"",
"text":"",
"mid":"z0AManYyK",
"date":"2012-10-15 15:19:03"
},
{
"kids":[],
"uid":"2396749052",
"parent":"z0AyjCQFx",
"text":"她尼车早就被在交警大队了…哈哈",
"mid":"z0AJFxtq1",
"date":"2012-10-15 15:12:53"
},
{
"kids":[],
"uid":"lidan88",
"parent":"",
"text":"严的很了",
"mid":"z0AJtrBSJ",
"date":"2012-10-15 15:12:25"
},
{
"kids":[],
"uid":"1310085123",
"parent":"",
"text":"",
"mid":"z0AJj78QD",
"date":"2012-10-15 15:12:00"
},
{
"kids":[],
"uid":"2085292645",
"parent":"",
"text":"@LL摄影制作 @摄影师--Alex",
"mid":"z0AIPwHvt",
"date":"2012-10-15 15:10:50"
},
{
"kids":[],
"uid":"2130030795",
"parent":"",
"text":"",
"mid":"z0AIcx9yz",
"date":"2012-10-15 15:09:15"
},
{
"kids":[],
"uid":"2163965435",
"parent":"",
"text":"哎 长点心吧",
"mid":"z0AIb2EjO",
"date":"2012-10-15 15:09:11"
},
{
"kids":[
"z4ffmuZt1"
],
"uid":"2616320475",
"parent":"",
"text":"@amanda-文韬武略 @Amy_白小心 @@momo桃子小姐",
"mid":"z0AHnnMZH",
"date":"2012-10-15 15:07:15"
},
{
"kids":[],
"uid":"comeling",
"parent":"",
"text":"+1",
"mid":"z0AEk0ZbQ",
"date":"2012-10-15 14:59:44"
},
{
"kids":[],
"uid":"duke61",
"parent":"",
"text":"给点厉害你瞧瞧。。",
"mid":"z0AE6q0Vi",
"date":"2012-10-15 14:59:11"
},
{
"kids":[],
"uid":"2067668273",
"parent":"",
"text":"@ericskynono",
"mid":"z0ADXxZRL",
"date":"2012-10-15 14:58:49"
},
{
"kids":[],
"uid":"1596603364",
"parent":"z0AwdD2eB",
"text":"给有驾照的留一下[嘻嘻]",
"mid":"z0ADI8JRt",
"date":"2012-10-15 14:58:13"
},
{
"kids":[],
"uid":"1495870815",
"parent":"",
"text":"@kuizi333 @杨皓予-Henrry",
"mid":"z0ADHAsrw",
"date":"2012-10-15 14:58:10"
},
{
"kids":[],
"uid":"lovetx",
"parent":"",
"text":"@Jacky松",
"mid":"z0ACT1riM",
"date":"2012-10-15 14:56:11"
},
{
"kids":[],
"uid":"covivi",
"parent":"",
"text":"",
"mid":"z0ACLDtw1",
"date":"2012-10-15 14:55:54"
},
{
"kids":[],
"uid":"1830213695",
"parent":"",
"text":"@玛丽隔壁的隔壁啊   有钱人啊 好好看看",
"mid":"z0ACE1lGe",
"date":"2012-10-15 14:55:36"
},
{
"kids":[],
"uid":"2168498745",
"parent":"",
"text":"闯红灯和超速扣那么多分。。。。。",
"mid":"z0ACehL9h",
"date":"2012-10-15 14:54:34"
},
{
"kids":[],
"uid":"2013364723",
"parent":"",
"text":"",
"mid":"z0ACbC1yO",
"date":"2012-10-15 14:54:28"
},
{
"kids":[],
"uid":"2684997857",
"parent":"",
"text":"",
"mid":"z0AB80vFO",
"date":"2012-10-15 14:51:51"
},
{
"kids":[],
"uid":"2278947454",
"parent":"",
"text":"这样的好事，一定要支持，不然道路安全真令人担心",
"mid":"z0AAQ241H",
"date":"2012-10-15 14:51:08"
},
{
"kids":[],
"uid":"1889870953",
"parent":"",
"text":"",
"mid":"z0AAMrfOq",
"date":"2012-10-15 14:50:58"
},
{
"kids":[],
"uid":"2150910797",
"parent":"",
"text":"@FENG-峰",
"mid":"z0AAwc7DY",
"date":"2012-10-15 14:50:19"
},
{
"kids":[],
"uid":"samaster",
"parent":"",
"text":"",
"mid":"z0AAs3Wmt",
"date":"2012-10-15 14:50:09"
},
{
"kids":[],
"uid":"1793290280",
"parent":"",
"text":"记住！记住！",
"mid":"z0AAq1F2f",
"date":"2012-10-15 14:50:06"
},
{
"kids":[],
"uid":"2928167161",
"parent":"",
"text":"@陈-凯-哥 @MA克_陈 @丸子lyy 开车的，以后要长点记性了。。",
"mid":"z0AAodm7H",
"date":"2012-10-15 14:50:02"
},
{
"kids":[],
"uid":"2135905520",
"parent":"",
"text":"",
"mid":"z0AAggoUU",
"date":"2012-10-15 14:49:43"
},
{
"kids":[],
"uid":"1707131350",
"parent":"",
"text":"",
"mid":"z0AzWshbV",
"date":"2012-10-15 14:48:56"
},
{
"kids":[],
"uid":"1889615092",
"parent":"",
"text":"",
"mid":"z0AzObdw3",
"date":"2012-10-15 14:48:36"
},
{
"kids":[],
"uid":"575577363",
"parent":"z0AsWnwkH",
"text":"",
"mid":"z0AzKjFiK",
"date":"2012-10-15 14:48:27"
},
{
"kids":[],
"uid":"2056695290",
"parent":"",
"text":"哎，要求越来越高了……还好我不抽烟，不喝酒！@墩墩和dundun",
"mid":"z0AzbseTv",
"date":"2012-10-15 14:47:03"
},
{
"kids":[],
"uid":"babycat0716",
"parent":"",
"text":"@超频圣殿G336",
"mid":"z0AyVuIe7",
"date":"2012-10-15 14:46:25"
},
{
"kids":[],
"uid":"1648072275",
"parent":"",
"text":"太坑爹了，这以后还让不让人开车了",
"mid":"z0AyU1wrY",
"date":"2012-10-15 14:46:22"
},
{
"kids":[],
"uid":"2943761343",
"parent":"",
"text":"",
"mid":"z0AyM1f5F",
"date":"2012-10-15 14:46:03"
},
{
"kids":[],
"uid":"1857025420",
"parent":"",
"text":"",
"mid":"z0Ayz53bt",
"date":"2012-10-15 14:45:30"
},
{
"kids":[],
"uid":"baojw",
"parent":"",
"text":"乱转是不好的，很多都是错误的[din推撞]",
"mid":"z0Ayvw4cy",
"date":"2012-10-15 14:45:21"
},
{
"kids":[
"z0AJFxtq1"
],
"uid":"xiechangchang",
"parent":"",
"text":"@奎睆 @曲豆--堂澧 太狠了..",
"mid":"z0AyjCQFx",
"date":"2012-10-15 14:44:56"
},
{
"kids":[],
"uid":"momo861009",
"parent":"z0AxjzuVl",
"text":"@april村长  @艳子1574123",
"mid":"z0AxG4MWX",
"date":"2012-10-15 14:43:20"
},
{
"kids":[],
"uid":"2328910622",
"parent":"",
"text":"",
"mid":"z0AxFvgB0",
"date":"2012-10-15 14:43:20"
},
{
"kids":[],
"uid":"537656750",
"parent":"",
"text":"",
"mid":"z0AxxeTmE",
"date":"2012-10-15 14:43:00"
},
{
"kids":[],
"uid":"wangmuzi880825",
"parent":"",
"text":"@Lyran汪立媛",
"mid":"z0Axnc28y",
"date":"2012-10-15 14:42:37"
},
{
"kids":[
"z0AxG4MWX"
],
"uid":"zhangisthebearbear",
"parent":"",
"text":"",
"mid":"z0AxjzuVl",
"date":"2012-10-15 14:42:26"
},
{
"kids":[],
"uid":"aiyiyiaifanfan",
"parent":"",
"text":"整得这么厉害。",
"mid":"z0Axi8Bab",
"date":"2012-10-15 14:42:24"
},
{
"kids":[],
"uid":"1650956414",
"parent":"",
"text":"@旭日尔东升 你可长点心吧",
"mid":"z0Ax6CgIO",
"date":"2012-10-15 14:41:57"
},
{
"kids":[],
"uid":"2363588411",
"parent":"z0AsxeLF5",
"text":"开车的你们注意。",
"mid":"z0AwXpNf8",
"date":"2012-10-15 14:41:33"
},
{
"kids":[],
"uid":"1007166881",
"parent":"",
"text":"以后不系安全带的别上我的车自己叫差头。[挖鼻屎]",
"mid":"z0AwHskJA",
"date":"2012-10-15 14:40:57"
},
{
"kids":[],
"uid":"1891665310",
"parent":"",
"text":"娘比！~",
"mid":"z0AwHe5ES",
"date":"2012-10-15 14:40:54"
},
{
"kids":[
"z0ADI8JRt"
],
"uid":"2080066681",
"parent":"",
"text":"",
"mid":"z0AwdD2eB",
"date":"2012-10-15 14:39:46"
},
{
"kids":[],
"uid":"2360070094",
"parent":"",
"text":"",
"mid":"z0Aw6h2QR",
"date":"2012-10-15 14:39:28"
},
{
"kids":[],
"uid":"2671053125",
"parent":"",
"text":"@Edwin小小刘 @王盼盼bluepanda @L延龙 还开车干嘛？？！！",
"mid":"z0AvzsJvd",
"date":"2012-10-15 14:38:08"
},
{
"kids":[],
"uid":"cappadocia",
"parent":"",
"text":"",
"mid":"z0Avyzupb",
"date":"2012-10-15 14:38:09"
},
{
"kids":[],
"uid":"1852476614",
"parent":"",
"text":"",
"mid":"z0Av24raF",
"date":"2012-10-15 14:36:50"
},
{
"kids":[],
"uid":"2169150627",
"parent":"",
"text":"",
"mid":"z0AusCLPG",
"date":"2012-10-15 14:35:24"
},
{
"kids":[],
"uid":"2167735583",
"parent":"",
"text":"哗！[吃惊]",
"mid":"z0AuouAhl",
"date":"2012-10-15 14:35:16"
},
{
"kids":[],
"uid":"1910292623",
"parent":"",
"text":"",
"mid":"z0AugtFqo",
"date":"2012-10-15 14:34:57"
},
{
"kids":[],
"uid":"1431648713",
"parent":"",
"text":"转发微博。",
"mid":"z0Attryka",
"date":"2012-10-15 14:32:59"
},
{
"kids":[],
"uid":"babixiaoxiang",
"parent":"",
"text":"",
"mid":"z0AtsAcyh",
"date":"2012-10-15 14:32:58"
},
{
"kids":[],
"uid":"cs168",
"parent":"",
"text":"其实是为了大家好",
"mid":"z0Atj78N7",
"date":"2012-10-15 14:32:35"
},
{
"kids":[],
"uid":"2672992615",
"parent":"",
"text":"@___X_rui @嫖老丝 @叶其鑫 @大大大大双双 @兰芳可乐8 @兰芳可乐吧艺术总监 怕都要着注意着点咯",
"mid":"z0AsXwQMK",
"date":"2012-10-15 14:31:44"
},
{
"kids":[
"z0AzKjFiK"
],
"uid":"2091229887",
"parent":"",
"text":"",
"mid":"z0AsWnwkH",
"date":"2012-10-15 14:31:41"
},
{
"kids":[],
"uid":"richie6363",
"parent":"",
"text":"这车怎么开啊。。",
"mid":"z0AsPxUbi",
"date":"2012-10-15 14:31:25"
},
{
"kids":[],
"uid":"2696410123",
"parent":"",
"text":"",
"mid":"z0AsLodym",
"date":"2012-10-15 14:31:15"
},
{
"kids":[
"z0AwXpNf8"
],
"uid":"raptracy",
"parent":"",
"text":"",
"mid":"z0AsxeLF5",
"date":"2012-10-15 14:30:41"
},
{
"kids":[],
"uid":"1801990183",
"parent":"",
"text":"收到了@雏菊田田 @Wen嘉惠 @--冯丹华 @张悦-星",
"mid":"z0Asm2fVQ",
"date":"2012-10-15 14:30:14"
},
{
"kids":[],
"uid":"1783002824",
"parent":"z0A8BaCLD",
"text":"@新疆国际大巴扎周志勤 多么多么担忧田同学",
"mid":"z0ArYCBAN",
"date":"2012-10-15 14:29:19"
},
{
"kids":[
"z0BdyAqpB"
],
"uid":"2711795500",
"parent":"",
"text":"记性要好啊！",
"mid":"z0ArArggH",
"date":"2012-10-15 14:28:19"
},
{
"kids":[],
"uid":"2709715361",
"parent":"",
"text":":开车的，以后要长点记性了。。",
"mid":"z0AryoDbn",
"date":"2012-10-15 14:28:16"
},
{
"kids":[],
"uid":"1916919587",
"parent":"",
"text":"",
"mid":"z0ArjiSVl",
"date":"2012-10-15 14:27:39"
},
{
"kids":[],
"uid":"2054454345",
"parent":"",
"text":"哎。。。本来昆明开车就难啦。。新交规更难= =洗洗睡了= =",
"mid":"z0AoJ9whq",
"date":"2012-10-15 14:21:18"
},
{
"kids":[],
"uid":"2439611412",
"parent":"",
"text":"嗡[衰]",
"mid":"z0AnRnAjD",
"date":"2012-10-15 14:19:08"
},
{
"kids":[],
"uid":"chrisstian",
"parent":"z0AdyefFb",
"text":"这，乱世之下当用重典啊…憋屈些也支持。",
"mid":"z0AnKwYRt",
"date":"2012-10-15 14:18:54"
},
{
"kids":[],
"uid":"1893574745",
"parent":"z0A8BaCLD",
"text":"",
"mid":"z0An16hLi",
"date":"2012-10-15 14:17:05"
},
{
"kids":[],
"uid":"2304624272",
"parent":"",
"text":"",
"mid":"z0Amom1Jk",
"date":"2012-10-15 14:15:32"
},
{
"kids":[],
"uid":"1864401647",
"parent":"",
"text":"",
"mid":"z0Am1iu76",
"date":"2012-10-15 14:14:39"
},
{
"kids":[],
"uid":"ssuhh",
"parent":"",
"text":"纳尼，先这样的规则。我还不要开多远都没分了！！！！[怒][怒][怒][怒][怒][哼][哼][哼]",
"mid":"z0Ai3qnQe",
"date":"2012-10-15 14:04:50"
},
{
"kids":[],
"uid":"1052479013",
"parent":"",
"text":"@兔宝87 @大方小璐 @Joyce-君君W @孙天天真的很二 @一柯真心只炜有你",
"mid":"z0Ai2AdnB",
"date":"2012-10-15 14:04:50"
},
{
"kids":[],
"uid":"xielang",
"parent":"",
"text":"驾车的朋友要注意！",
"mid":"z0AhOE95v",
"date":"2012-10-15 14:04:17"
},
{
"kids":[],
"uid":"van890512",
"parent":"",
"text":"处罚力度还是太小，除了不系安全带以外应该全部处吊销驾照，任何可能危及他人安全的行为必须处以最严厉的处罚！",
"mid":"z0AhJmEus",
"date":"2012-10-15 14:04:04"
},
{
"kids":[],
"uid":"tonyzsh",
"parent":"",
"text":"按照新规，司机没系安全带驾驶机动车在高速公路或者城市快速路上行驶才会被扣分，而且扣分分值是2分，而非网帖所传的扣3分。副驾驶未系安全带不扣分。谣言止于智者~",
"mid":"z0AhHBfe2",
"date":"2012-10-15 14:03:59"
},
{
"kids":[],
"uid":"2096690963",
"parent":"z0z2M58Fw",
"text":"回复 @Gemini_CC0620宸:你怎么这么厉害，那不是要学习去啦？",
"mid":"z0Ahpx7k0",
"date":"2012-10-15 14:03:16"
},
{
"kids":[],
"uid":"liujiaen",
"parent":"",
"text":"",
"mid":"z0Ahl9ONz",
"date":"2012-10-15 14:03:05"
},
{
"kids":[
"z0Btxnw7Y",
"z0Btmrp6w"
],
"uid":"wangjianan0704",
"parent":"z0AaDFVHc",
"text":"[震惊]@高学文summer @珍惜每天2011 @宋俊伊 @往事随风Sunny",
"mid":"z0Ah4ghKv",
"date":"2012-10-15 14:02:25"
},
{
"kids":[
"z46Ogt86F",
"z37PrjxJY",
"z32Ni4piR",
"z32Ni4phM"
],
"uid":"2081595907",
"parent":"",
"text":"",
"mid":"z0AfxoMLZ",
"date":"2012-10-15 13:58:40"
},
{
"kids":[],
"uid":"1846955324",
"parent":"",
"text":"@Ace_Lau @淡定的小崔崔 @ddfy321",
"mid":"z0AeP7xrN",
"date":"2012-10-15 13:56:54"
},
{
"kids":[
"z0AnKwYRt"
],
"uid":"1904062741",
"parent":"",
"text":"@流浪歌手_1983",
"mid":"z0AdyefFb",
"date":"2012-10-15 13:53:46"
},
{
"kids":[],
"uid":"2447733651",
"parent":"",
"text":"q",
"mid":"z0Acr3Xty",
"date":"2012-10-15 13:50:59"
},
{
"kids":[],
"uid":"1404108270",
"parent":"",
"text":"开车的，以后要长点记性了。。",
"mid":"z0AbL7cFD",
"date":"2012-10-15 13:49:21"
},
{
"kids":[],
"uid":"2784456500",
"parent":"",
"text":"开车的，以后要长点记性了。。",
"mid":"z0AbgFH27",
"date":"2012-10-15 13:48:07"
},
{
"kids":[],
"uid":"206919190",
"parent":"",
"text":"",
"mid":"z0AaHv18t",
"date":"2012-10-15 13:46:45"
},
{
"kids":[
"z0Ah4ghKv"
],
"uid":"2482561150",
"parent":"",
"text":"",
"mid":"z0AaDFVHc",
"date":"2012-10-15 13:46:36"
},
{
"kids":[],
"uid":"2147579187",
"parent":"",
"text":"醉酒驾车5年内不能领驾照,副驾驶未系安全带不扣分, 没有规定副驾驶不系安全带扣1分，行驶途中抽烟扣1分。司机没系安全带驾驶机动车在高速公路或者城市快速路上行驶才会被扣分，而且扣分2分，而非扣3分。,超速50%以上会被扣12分",
"mid":"z0AaB1PaC",
"date":"2012-10-15 13:46:29"
},
{
"kids":[],
"uid":"2168208515",
"parent":"",
"text":"启东闯红灯罚200的",
"mid":"z0Aab1qYc",
"date":"2012-10-15 13:45:27"
},
{
"kids":[],
"uid":"1959083195",
"parent":"",
"text":"",
"mid":"z0A9xr54c",
"date":"2012-10-15 13:43:53"
},
{
"kids":[],
"uid":"2194491531",
"parent":"",
"text":"",
"mid":"z0A8IAnTY",
"date":"2012-10-15 13:41:50"
},
{
"kids":[
"z0ArYCBAN",
"z0An16hLi"
],
"uid":"songxinyangangela",
"parent":"z0A4djGDD",
"text":"",
"mid":"z0A8BaCLD",
"date":"2012-10-15 13:41:34"
},
{
"kids":[],
"uid":"1820683904",
"parent":"",
"text":"",
"mid":"z0A8k3LnE",
"date":"2012-10-15 13:40:53"
},
{
"kids":[],
"uid":"2086283125",
"parent":"",
"text":"好耍了嘛",
"mid":"z0A83wqER",
"date":"2012-10-15 13:40:15"
},
{
"kids":[],
"uid":"1322484960",
"parent":"",
"text":"",
"mid":"z0A72hewc",
"date":"2012-10-15 13:37:43"
},
{
"kids":[
"z0CE3zCEj"
],
"uid":"2143218017",
"parent":"",
"text":"",
"mid":"z0A6IdgTf",
"date":"2012-10-15 13:36:55"
},
{
"kids":[],
"uid":"1914839164",
"parent":"",
"text":"",
"mid":"z0A6lacQG",
"date":"2012-10-15 13:36:00"
},
{
"kids":[],
"uid":"2768638761",
"parent":"",
"text":"",
"mid":"z0A5ntk7p",
"date":"2012-10-15 13:33:38"
},
{
"kids":[],
"uid":"1684912672",
"parent":"",
"text":"步步是地雷啊，童鞋们，都得当心了",
"mid":"z0A5ioszJ",
"date":"2012-10-15 13:33:24"
},
{
"kids":[],
"uid":"1899267123",
"parent":"",
"text":"光哥你醒定呢！@小光998",
"mid":"z0A5exTwt",
"date":"2012-10-15 13:33:18"
},
{
"kids":[],
"uid":"2608712065",
"parent":"",
"text":"@盅盅er",
"mid":"z0A529J0n",
"date":"2012-10-15 13:32:46"
},
{
"kids":[],
"uid":"1779340225",
"parent":"",
"text":"开车的，最好你们都比较没有品，这样马路就安全多了！",
"mid":"z0A4CqIFX",
"date":"2012-10-15 13:31:46"
},
{
"kids":[],
"uid":"1858950160",
"parent":"",
"text":"",
"mid":"z0A4zdjPO",
"date":"2012-10-15 13:31:38"
},
{
"kids":[],
"uid":"1750572035",
"parent":"",
"text":"@狮子挽歌 @乖乖的尼可 @mjx2002 @Yuenwa @同车时代DJKEN …………",
"mid":"z0A4yk4uf",
"date":"2012-10-15 13:31:35"
},
{
"kids":[
"z0A8BaCLD"
],
"uid":"2120496197",
"parent":"",
"text":"",
"mid":"z0A4djGDD",
"date":"2012-10-15 13:30:46"
},
{
"kids":[],
"uid":"1827985482",
"parent":"",
"text":"",
"mid":"z0A3Lifva",
"date":"2012-10-15 13:29:38"
},
{
"kids":[],
"uid":"2137802643",
"parent":"",
"text":"很好！",
"mid":"z0A3I3j0e",
"date":"2012-10-15 13:29:31"
},
{
"kids":[
"z0L46xh0O"
],
"uid":"1131351580",
"parent":"",
"text":"",
"mid":"z0A3F5XU2",
"date":"2012-10-15 13:29:23"
},
{
"kids":[],
"uid":"1290873360",
"parent":"",
"text":"",
"mid":"z0A26aqwF",
"date":"2012-10-15 13:25:32"
},
{
"kids":[],
"uid":"1588467831",
"parent":"",
"text":"",
"mid":"z0A1x0RGP",
"date":"2012-10-15 13:24:08"
},
{
"kids":[],
"uid":"1850583513",
"parent":"",
"text":"",
"mid":"z0A1nu1lV",
"date":"2012-10-15 13:23:45"
},
{
"kids":[],
"uid":"1900744221",
"parent":"",
"text":"不系安全带抽着烟打着电话闯红灯，圆满了。",
"mid":"z0A0Iasg6",
"date":"2012-10-15 13:22:08"
},
{
"kids":[],
"uid":"1677531632",
"parent":"",
"text":"@奶糖ww",
"mid":"z0A0zir88",
"date":"2012-10-15 13:21:45"
},
{
"kids":[],
"uid":"jimmychen726",
"parent":"",
"text":"@-_-站长的镜片会反光-_- @桃纸咕咕 @柳畅SunshineImage @Aaron-Lrm @",
"mid":"z0A0j4NHF",
"date":"2012-10-15 13:21:09"
},
{
"kids":[],
"uid":"2104508582",
"parent":"",
"text":"",
"mid":"z0A0fed9b",
"date":"2012-10-15 13:20:59"
},
{
"kids":[],
"uid":"2269443480",
"parent":"",
"text":"@王乐NPU",
"mid":"z0zZUwrqp",
"date":"2012-10-15 13:20:09"
},
{
"kids":[],
"uid":"2423004921",
"parent":"",
"text":"",
"mid":"z0zZOictw",
"date":"2012-10-15 13:19:55"
},
{
"kids":[],
"uid":"yqlfuji",
"parent":"",
"text":"",
"mid":"z0zZq4peJ",
"date":"2012-10-15 13:18:57"
},
{
"kids":[],
"uid":"2847517055",
"parent":"",
"text":"@请输入用户名",
"mid":"z0zZktwLs",
"date":"2012-10-15 13:18:43"
},
{
"kids":[],
"uid":"1831811374",
"parent":"",
"text":"[晕][晕][晕][晕][晕][晕]",
"mid":"z0zYyA4rO",
"date":"2012-10-15 13:16:50"
},
{
"kids":[],
"uid":"1831811374",
"parent":"",
"text":"转发微博。",
"mid":"z0zYet2rk",
"date":"2012-10-15 13:16:02"
},
{
"kids":[],
"uid":"2726955151",
"parent":"",
"text":"",
"mid":"z0zXMa448",
"date":"2012-10-15 13:14:53"
},
{
"kids":[
"z0I2KsOBa"
],
"uid":"2091010347",
"parent":"",
"text":"[晕]",
"mid":"z0zWob3ve",
"date":"2012-10-15 13:11:27"
},
{
"kids":[],
"uid":"2269825114",
"parent":"z0z2ZmX4S",
"text":"",
"mid":"z0zVuAYXH",
"date":"2012-10-15 13:09:17"
},
{
"kids":[],
"uid":"3028758635",
"parent":"",
"text":"转发微博。",
"mid":"z0zUb39Xm",
"date":"2012-10-15 13:06:00"
},
{
"kids":[],
"uid":"2086910677",
"parent":"",
"text":"2013不开车！",
"mid":"z0zPI9yyk",
"date":"2012-10-15 12:55:02"
},
{
"kids":[],
"uid":"2879301747",
"parent":"",
"text":"",
"mid":"z0zO29wv1",
"date":"2012-10-15 12:50:53"
},
{
"kids":[],
"uid":"2002278960",
"parent":"",
"text":"",
"mid":"z0zMwtwJ9",
"date":"2012-10-15 12:47:10"
},
{
"kids":[],
"uid":"jmwykj",
"parent":"",
"text":"真的吗",
"mid":"z0zLwacg8",
"date":"2012-10-15 12:44:41"
},
{
"kids":[],
"uid":"2835037595",
"parent":"",
"text":"大家看看2013年新交通规则吧！[吃惊][吃惊]",
"mid":"z0zJR2MfW",
"date":"2012-10-15 12:40:36"
},
{
"kids":[],
"uid":"2321511384",
"parent":"",
"text":"转发微博。",
"mid":"z0zJLEdAB",
"date":"2012-10-15 12:40:24"
},
{
"kids":[],
"uid":"2279670963",
"parent":"",
"text":"",
"mid":"z0zJqqH5G",
"date":"2012-10-15 12:39:33"
},
{
"kids":[],
"uid":"2625647581",
"parent":"",
"text":"这车没法开了。。。。。[伤心]",
"mid":"z0zJnqq4B",
"date":"2012-10-15 12:39:26"
},
{
"kids":[],
"uid":"2793278242",
"parent":"",
"text":"交通新规，以后要注意鸟[晕][晕]",
"mid":"z0zHv49du",
"date":"2012-10-15 12:34:48"
},
{
"kids":[],
"uid":"2102132557",
"parent":"",
"text":"转发微博。",
"mid":"z0zEe2G6U",
"date":"2012-10-15 12:26:44"
},
{
"kids":[],
"uid":"andy19920831",
"parent":"",
"text":"为开车的朋友转发！",
"mid":"z0zDft8DH",
"date":"2012-10-15 12:24:21"
},
{
"kids":[],
"uid":"277557385",
"parent":"",
"text":"",
"mid":"z0zB52p04",
"date":"2012-10-15 12:18:59"
},
{
"kids":[],
"uid":"2924546793",
"parent":"",
"text":"好狠啊！",
"mid":"z0zB1bOJq",
"date":"2012-10-15 12:18:48"
},
{
"kids":[],
"uid":"1763813752",
"parent":"",
"text":"我的摩托没有安全带怎么办？？",
"mid":"z0zxBBRUS",
"date":"2012-10-15 12:10:26"
},
{
"kids":[],
"uid":"1828690724",
"parent":"z0zuNfZUK",
"text":"不开了",
"mid":"z0zxy3Ptb",
"date":"2012-10-15 12:10:18"
},
{
"kids":[],
"uid":"2819884853",
"parent":"z0zsJhrCO",
"text":"我操 以后这车怎么开啊 12分一天还不就没了",
"mid":"z0zx0DdKV",
"date":"2012-10-15 12:08:58"
},
{
"kids":[],
"uid":"1957849505",
"parent":"",
"text":"以后还是打车吧",
"mid":"z0zvw8xSG",
"date":"2012-10-15 12:05:15"
},
{
"kids":[],
"uid":"2010998755",
"parent":"",
"text":"广而告之",
"mid":"z0zv0xMVK",
"date":"2012-10-15 12:04:01"
},
{
"kids":[
"z0D2TFc4b",
"z0zxy3Ptb"
],
"uid":"1868567202",
"parent":"z0yQxfLzb",
"text":"嗯",
"mid":"z0zuNfZUK",
"date":"2012-10-15 12:03:29"
},
{
"kids":[],
"uid":"2387225165",
"parent":"",
"text":"好吧，不开最好",
"mid":"z0zu2zEDk",
"date":"2012-10-15 12:01:39"
},
{
"kids":[],
"uid":"2748786957",
"parent":"",
"text":"我看着呢",
"mid":"z0ztDaTy3",
"date":"2012-10-15 12:00:38"
},
{
"kids":[
"z0zx0DdKV"
],
"uid":"2913325305",
"parent":"z0zcVqd7q",
"text":"@姜小昊JHH",
"mid":"z0zsJhrCO",
"date":"2012-10-15 11:58:25"
},
{
"kids":[],
"uid":"2623936155",
"parent":"",
"text":"'''",
"mid":"z0zsjiSsB",
"date":"2012-10-15 11:57:23"
},
{
"kids":[],
"uid":"1911638323",
"parent":"",
"text":"1月1日开始",
"mid":"z0zqrbuAh",
"date":"2012-10-15 11:52:46"
},
{
"kids":[],
"uid":"2738479910",
"parent":"",
"text":"一定要记住诶！！明年开始要注意了，开车需谨记",
"mid":"z0zpLdzWW",
"date":"2012-10-15 11:51:06"
},
{
"kids":[],
"uid":"2471708863",
"parent":"",
"text":"转！",
"mid":"z0zpfiw5u",
"date":"2012-10-15 11:49:50"
},
{
"kids":[],
"uid":"2659664853",
"parent":"",
"text":"有车的朋友请关注，并完善行为！",
"mid":"z0zoekVjT",
"date":"2012-10-15 11:47:19"
},
{
"kids":[],
"uid":"2185885764",
"parent":"",
"text":"",
"mid":"z0zob5ZZS",
"date":"2012-10-15 11:47:12"
},
{
"kids":[],
"uid":"2318599143",
"parent":"",
"text":"重罚降事故，只能这样吗？我草！其目的是摊钱吧！",
"mid":"z0znwDtLs",
"date":"2012-10-15 11:45:36"
},
{
"kids":[],
"uid":"swing2505",
"parent":"",
"text":"转发微博。",
"mid":"z0zmt3frV",
"date":"2012-10-15 11:42:57"
},
{
"kids":[],
"uid":"1873939051",
"parent":"",
"text":"",
"mid":"z0zjwpVCo",
"date":"2012-10-15 11:35:42"
},
{
"kids":[],
"uid":"2709489901",
"parent":"",
"text":"严点好。。。",
"mid":"z0ziMjO8h",
"date":"2012-10-15 11:33:54"
},
{
"kids":[],
"uid":"2354289482",
"parent":"",
"text":"@David-随风",
"mid":"z0ziM3aZO",
"date":"2012-10-15 11:33:53"
},
{
"kids":[],
"uid":"2036334515",
"parent":"",
"text":"@Lucas_Su @Michael_明 开车要注意了！",
"mid":"z0ziyrkhr",
"date":"2012-10-15 11:33:21"
},
{
"kids":[],
"uid":"2105581560",
"parent":"",
"text":"@柒孔流血YY",
"mid":"z0zimzDKx",
"date":"2012-10-15 11:32:53"
},
{
"kids":[],
"uid":"2686477475",
"parent":"",
"text":"[蜡烛]让车祸从此减少",
"mid":"z0zhbkIRL",
"date":"2012-10-15 11:29:58"
},
{
"kids":[
"z1sNU0vxa",
"z1j2oki10",
"z1j2okhZJ"
],
"uid":"2701648112",
"parent":"",
"text":"@e_ell @芬芬钟小窝 @hellowei_ @HelloxiaoKuiooooo @刘小卉 @MiaLin_啊妹 @无牙婆仔 @猪古力yxh @佐倫右伱",
"mid":"z0zgPsvgM",
"date":"2012-10-15 11:29:05"
},
{
"kids":[],
"uid":"y060708",
"parent":"z0yKymafz",
"text":"科一还没有考，不知道题目会怎么变！",
"mid":"z0zgrcArb",
"date":"2012-10-15 11:28:08"
},
{
"kids":[
"z5Vuz487G",
"z5Mm1kB1n",
"z5Gdnfq7k",
"z5Asji97I",
"z5AsjhuEI",
"z4UzUAXU8",
"z4UzUAl2B",
"z4L9edY9Q",
"z3ZZBEbdj",
"z3ZZBEbcE",
"z3YIGBevx",
"z3YIGiJzu"
],
"uid":"korosee",
"parent":"",
"text":"越来越严了！这是好是，早就应该这样！",
"mid":"z0zgn7fUt",
"date":"2012-10-15 11:27:58"
},
{
"kids":[],
"uid":"2571126507",
"parent":"",
"text":"",
"mid":"z0zgiF1wh",
"date":"2012-10-15 11:27:47"
},
{
"kids":[],
"uid":"2614890284",
"parent":"",
"text":"完了，惨了，蒙了，",
"mid":"z0zggzjSh",
"date":"2012-10-15 11:27:44"
},
{
"kids":[],
"uid":"2305675291",
"parent":"z0yKcwzZw",
"text":"",
"mid":"z0zfNEfLS",
"date":"2012-10-15 11:26:32"
},
{
"kids":[],
"uid":"2658519633",
"parent":"",
"text":"",
"mid":"z0zfurKvM",
"date":"2012-10-15 11:25:48"
},
{
"kids":[],
"uid":"liyuanfang0328",
"parent":"",
"text":"转发微博。",
"mid":"z0zftyv6G",
"date":"2012-10-15 11:25:46"
},
{
"kids":[],
"uid":"2656719881",
"parent":"",
"text":"[衰][衰][衰]",
"mid":"z0zezmawL",
"date":"2012-10-15 11:23:32"
},
{
"kids":[],
"uid":"2590931345",
"parent":"",
"text":"@张靖昊在伯纳乌 @扯污先生 @陈若屿0301 @兰语萧 @咋子整嘛 越整越严了",
"mid":"z0zdJDcgl",
"date":"2012-10-15 11:21:29"
},
{
"kids":[],
"uid":"veronicayunyun",
"parent":"",
"text":"@Stefan-T  得回家再练练手再开",
"mid":"z0zde6dwK",
"date":"2012-10-15 11:20:12"
},
{
"kids":[
"z0zsJhrCO"
],
"uid":"1834406655",
"parent":"z0z53jSsi",
"text":"@不再让李陌陌有恐惧症的科阿辰 看看",
"mid":"z0zcVqd7q",
"date":"2012-10-15 11:19:29"
},
{
"kids":[],
"uid":"1295864412",
"parent":"z0z7Y7MiF",
"text":"[黑线]",
"mid":"z0zcRzDUW",
"date":"2012-10-15 11:19:20"
},
{
"kids":[],
"uid":"1959518503",
"parent":"",
"text":"转发微博。",
"mid":"z0zcQpYln",
"date":"2012-10-15 11:19:16"
},
{
"kids":[],
"uid":"jerichostop",
"parent":"",
"text":"@Sir-Bin",
"mid":"z0zcj3ero",
"date":"2012-10-15 11:17:57"
},
{
"kids":[],
"uid":"2375695082",
"parent":"",
"text":"@伟航哥哥",
"mid":"z0zcabTJb",
"date":"2012-10-15 11:17:36"
},
{
"kids":[],
"uid":"2971823263",
"parent":"",
"text":"",
"mid":"z0zbBkxU0",
"date":"2012-10-15 11:16:12"
},
{
"kids":[],
"uid":"2450477134",
"parent":"",
"text":"",
"mid":"z0zbl3DLz",
"date":"2012-10-15 11:15:34"
},
{
"kids":[],
"uid":"2371552000",
"parent":"",
"text":"",
"mid":"z0zaZu7lc",
"date":"2012-10-15 11:14:43"
},
{
"kids":[],
"uid":"2429264375",
"parent":"",
"text":"真不够，是有多缺钱呀！",
"mid":"z0zaKqrfM",
"date":"2012-10-15 11:14:07"
},
{
"kids":[],
"uid":"2086694421",
"parent":"",
"text":"fuck··",
"mid":"z0zaweLiZ",
"date":"2012-10-15 11:13:33"
},
{
"kids":[],
"uid":"1191883562",
"parent":"",
"text":"[呵呵]",
"mid":"z0z9S3ivt",
"date":"2012-10-15 11:11:58"
},
{
"kids":[],
"uid":"2466772122",
"parent":"",
"text":"[汗]",
"mid":"z0z818gj4",
"date":"2012-10-15 11:07:23"
},
{
"kids":[
"z0zcRzDUW"
],
"uid":"2344653825",
"parent":"z0yUVlsTx",
"text":"",
"mid":"z0z7Y7MiF",
"date":"2012-10-15 11:07:16"
},
{
"kids":[],
"uid":"2014519215",
"parent":"",
"text":"",
"mid":"z0z7IbLWY",
"date":"2012-10-15 11:06:38"
},
{
"kids":[],
"uid":"2310648542",
"parent":"",
"text":"",
"mid":"z0z7uBvzo",
"date":"2012-10-15 11:06:06"
},
{
"kids":[],
"uid":"2651001902",
"parent":"",
"text":"现在真是严格[汗]@某某的旺旺",
"mid":"z0z63DGQX",
"date":"2012-10-15 11:02:34"
},
{
"kids":[
"z0zcVqd7q"
],
"uid":"1092526494",
"parent":"z0z4p8oYb",
"text":"早该如此 严惩不贷！",
"mid":"z0z53jSsi",
"date":"2012-10-15 11:00:05"
},
{
"kids":[],
"uid":"siqiaike",
"parent":"",
"text":"",
"mid":"z0z4Yfbrk",
"date":"2012-10-15 10:59:54"
},
{
"kids":[],
"uid":"2345391235",
"parent":"",
"text":"没有驾照的人表示爱咋地咋地！",
"mid":"z0z4wbWUG",
"date":"2012-10-15 10:58:45"
},
{
"kids":[
"z0z53jSsi"
],
"uid":"2466978112",
"parent":"z0yOdkzHU",
"text":"@sally鱼宝宝的草生活 @元晓元儿",
"mid":"z0z4p8oYb",
"date":"2012-10-15 10:58:27"
},
{
"kids":[],
"uid":"2885393274",
"parent":"",
"text":"呃呃呃",
"mid":"z0z3C4zVq",
"date":"2012-10-15 10:56:32"
},
{
"kids":[],
"uid":"yy355886838",
"parent":"",
"text":"加小心了！",
"mid":"z0z3yufrS",
"date":"2012-10-15 10:56:24"
},
{
"kids":[
"z0zVuAYXH"
],
"uid":"fengyue07",
"parent":"",
"text":"天啊，@徐婷婷777 [吃惊]",
"mid":"z0z2ZmX4S",
"date":"2012-10-15 10:55:00"
},
{
"kids":[
"z0Ahpx7k0"
],
"uid":"2096690963",
"parent":"z0yZvktCF",
"text":"额，我现在已经被扣5分了",
"mid":"z0z2M58Fw",
"date":"2012-10-15 10:54:27"
},
{
"kids":[],
"uid":"2521970124",
"parent":"",
"text":"[抓狂]",
"mid":"z0z2wpbFz",
"date":"2012-10-15 10:53:49"
},
{
"kids":[],
"uid":"2277248932",
"parent":"",
"text":"",
"mid":"z0z2u3e0u",
"date":"2012-10-15 10:53:45"
},
{
"kids":[],
"uid":"2579537092",
"parent":"",
"text":"转发微博。",
"mid":"z0z1V8O9v",
"date":"2012-10-15 10:52:22"
},
{
"kids":[],
"uid":"2626337995",
"parent":"",
"text":"[泪]",
"mid":"z0z1Na4zX",
"date":"2012-10-15 10:52:03"
},
{
"kids":[],
"uid":"1644774431",
"parent":"",
"text":"记得啊！笨蛋…交规痴！@LeehomBaijinghua",
"mid":"z0z1CyRap",
"date":"2012-10-15 10:51:38"
},
{
"kids":[],
"uid":"qufudujuan",
"parent":"",
"text":"",
"mid":"z0z1hf8Ci",
"date":"2012-10-15 10:50:47"
},
{
"kids":[],
"uid":"2188783167",
"parent":"",
"text":"这样也好……",
"mid":"z0z0OAfJV",
"date":"2012-10-15 10:49:39"
},
{
"kids":[],
"uid":"zzy2636262",
"parent":"",
"text":"[衰][衰][衰]",
"mid":"z0z0I6oYm",
"date":"2012-10-15 10:49:21"
},
{
"kids":[],
"uid":"xiaoxiadi",
"parent":"",
"text":"",
"mid":"z0z0AFKti",
"date":"2012-10-15 10:49:06"
},
{
"kids":[],
"uid":"1768087423",
"parent":"",
"text":"@---TT---NN---",
"mid":"z0z0j12mE",
"date":"2012-10-15 10:48:23"
},
{
"kids":[],
"uid":"1118197571",
"parent":"",
"text":"",
"mid":"z0yZyBWug",
"date":"2012-10-15 10:46:33"
},
{
"kids":[
"z0z2M58Fw"
],
"uid":"2436404401",
"parent":"",
"text":"我觉得我真得申请张100分的卡了",
"mid":"z0yZvktCF",
"date":"2012-10-15 10:46:24"
},
{
"kids":[],
"uid":"524634598",
"parent":"",
"text":"[汽车]围观",
"mid":"z0yZdAwPv",
"date":"2012-10-15 10:45:43"
},
{
"kids":[],
"uid":"cjwdxnq",
"parent":"",
"text":"这是针对全国的么？开车的朋友们要留心了。",
"mid":"z0yZ1tD13",
"date":"2012-10-15 10:45:14"
},
{
"kids":[
"z2CtJ6CNq"
],
"uid":"2475701604",
"parent":"",
"text":"@Gabrielle_Mu @为政委 @永俊萍 @Suzy_Yang113 @波澜云影",
"mid":"z0yYkBwAw",
"date":"2012-10-15 10:43:32"
},
{
"kids":[],
"uid":"1884010451",
"parent":"",
"text":"@木目金昆",
"mid":"z0yYbcn6k",
"date":"2012-10-15 10:43:09"
},
{
"kids":[],
"uid":"2641585884",
"parent":"",
"text":"转发微博。",
"mid":"z0yXLsLRa",
"date":"2012-10-15 10:42:08"
},
{
"kids":[
"z36hilEkV",
"z2c1J5bnb",
"z1qQMmDik",
"z1qQMlmGB"
],
"uid":"2386605925",
"parent":"",
"text":"",
"mid":"z0yXC3sbp",
"date":"2012-10-15 10:41:44"
},
{
"kids":[],
"uid":"wolfdog",
"parent":"",
"text":"转发微博。",
"mid":"z0yXznIyd",
"date":"2012-10-15 10:41:38"
},
{
"kids":[],
"uid":"lzl15808933888",
"parent":"",
"text":"请记住新交规。遵守交规，规范驾驶。",
"mid":"z0yX4CSLA",
"date":"2012-10-15 10:40:25"
},
{
"kids":[],
"uid":"rlud",
"parent":"",
"text":"哇！不用开车了",
"mid":"z0yX4lSvs",
"date":"2012-10-15 10:40:24"
},
{
"kids":[],
"uid":"2939452707",
"parent":"",
"text":"新規",
"mid":"z0yWT6wbw",
"date":"2012-10-15 10:39:56"
},
{
"kids":[],
"uid":"2977685450",
"parent":"",
"text":"",
"mid":"z0yWMkfhD",
"date":"2012-10-15 10:39:41"
},
{
"kids":[],
"uid":"1955867561",
"parent":"z0yGVes2Q",
"text":"",
"mid":"z0yWCivqS",
"date":"2012-10-15 10:39:18"
},
{
"kids":[],
"uid":"2536083013",
"parent":"",
"text":"",
"mid":"z0yWxx6K6",
"date":"2012-10-15 10:39:07"
},
{
"kids":[],
"uid":"2025670211",
"parent":"",
"text":"",
"mid":"z0yWphbsu",
"date":"2012-10-15 10:38:46"
},
{
"kids":[
"z1rHDCNoG"
],
"uid":"1159449212",
"parent":"",
"text":"好",
"mid":"z0yWmkXuD",
"date":"2012-10-15 10:38:39"
},
{
"kids":[],
"uid":"2817029650",
"parent":"",
"text":"惨",
"mid":"z0yW65O02",
"date":"2012-10-15 10:38:00"
},
{
"kids":[],
"uid":"2634304200",
"parent":"",
"text":"@夏烟5208",
"mid":"z0yVWjaYY",
"date":"2012-10-15 10:37:38"
},
{
"kids":[],
"uid":"1442097573",
"parent":"",
"text":"乘车要系安全带。。。什么破规定",
"mid":"z0yVQqXmc",
"date":"2012-10-15 10:37:23"
},
{
"kids":[],
"uid":"lynsunny",
"parent":"",
"text":"@黄黄黄黄黄老邪 @黄桃罐头起子 @温顺de虎妞 @TOG_已婚的阿飞 @lixuhua",
"mid":"z0yVG46ZK",
"date":"2012-10-15 10:37:00"
},
{
"kids":[],
"uid":"yajwei",
"parent":"",
"text":"各种严厉，我明年开始骑回自行车[泪]",
"mid":"z0yVmxGgE",
"date":"2012-10-15 10:36:13"
},
{
"kids":[
"z0z7Y7MiF"
],
"uid":"206667213",
"parent":"",
"text":"",
"mid":"z0yUVlsTx",
"date":"2012-10-15 10:35:08"
},
{
"kids":[],
"uid":"2285948941",
"parent":"",
"text":"",
"mid":"z0yUspUfg",
"date":"2012-10-15 10:33:58"
},
{
"kids":[],
"uid":"1769006730",
"parent":"",
"text":"",
"mid":"z0yUbhwj0",
"date":"2012-10-15 10:33:18"
},
{
"kids":[],
"uid":"2397609534",
"parent":"",
"text":"@肖豆豆 安全带？ [抓狂][抓狂][抓狂]",
"mid":"z0yTx4j2O",
"date":"2012-10-15 10:31:42"
},
{
"kids":[],
"uid":"2240691727",
"parent":"",
"text":"",
"mid":"z0yTqBQjl",
"date":"2012-10-15 10:31:26"
},
{
"kids":[],
"uid":"1008995943",
"parent":"",
"text":"转，开车必看",
"mid":"z0yTmtEHc",
"date":"2012-10-15 10:31:16"
},
{
"kids":[],
"uid":"1490967437",
"parent":"z0yOdkzHU",
"text":"这得转给死马啊！！！@胖五爷 @小胖小鹅",
"mid":"z0yTf6wCg",
"date":"2012-10-15 10:30:58"
},
{
"kids":[],
"uid":"2711936617",
"parent":"",
"text":"[思考]",
"mid":"z0ySobuBA",
"date":"2012-10-15 10:28:52"
},
{
"kids":[],
"uid":"2659708561",
"parent":"",
"text":"your big grandpa  ,什么都扣分",
"mid":"z0ySo8Xy4",
"date":"2012-10-15 10:28:53"
},
{
"kids":[],
"uid":"gtergg54325f34gvfs",
"parent":"",
"text":"还是不够狠，酒驾应该判刑两年，醉酒视情节5-15年",
"mid":"z0yS7kIjm",
"date":"2012-10-15 10:28:12"
},
{
"kids":[],
"uid":"2811252270",
"parent":"",
"text":"",
"mid":"z0yS4ojFl",
"date":"2012-10-15 10:28:06"
},
{
"kids":[],
"uid":"2728491222",
"parent":"",
"text":"2013.1.1起实施",
"mid":"z0yS43kcz",
"date":"2012-10-15 10:28:05"
},
{
"kids":[],
"uid":"1371309641",
"parent":"",
"text":"",
"mid":"z0yROpPWo",
"date":"2012-10-15 10:27:27"
},
{
"kids":[],
"uid":"zuochenxu",
"parent":"",
"text":"好严啊！",
"mid":"z0yRlcvr2",
"date":"2012-10-15 10:26:17"
},
{
"kids":[],
"uid":"2356600172",
"parent":"",
"text":"[熊猫][熊猫]",
"mid":"z0yRhCBVU",
"date":"2012-10-15 10:26:09"
},
{
"kids":[],
"uid":"2446268257",
"parent":"",
"text":"这还打不打算让人开车拉！！！！！[抓狂]",
"mid":"z0yR7AEu7",
"date":"2012-10-15 10:25:46"
},
{
"kids":[],
"uid":"2946931121",
"parent":"",
"text":"转发微博。",
"mid":"z0yQToHrB",
"date":"2012-10-15 10:25:12"
},
{
"kids":[],
"uid":"2641383112",
"parent":"",
"text":"",
"mid":"z0yQPfwgq",
"date":"2012-10-15 10:25:02"
},
{
"kids":[],
"uid":"2052604087",
"parent":"",
"text":"转发微博。",
"mid":"z0yQKvIb8",
"date":"2012-10-15 10:24:51"
},
{
"kids":[
"z0zuNfZUK"
],
"uid":"cyy0915",
"parent":"",
"text":"@一曲日已沉 @我是ccb男 @蛋蛋-EGGGGz",
"mid":"z0yQxfLzb",
"date":"2012-10-15 10:24:19"
},
{
"kids":[],
"uid":"2715360271",
"parent":"",
"text":"",
"mid":"z0yQwDffL",
"date":"2012-10-15 10:24:18"
},
{
"kids":[],
"uid":"2254390010",
"parent":"",
"text":"明年果断走起来，老子从乌鲁木齐走着来上学。",
"mid":"z0yQoDB4D",
"date":"2012-10-15 10:23:58"
},
{
"kids":[],
"uid":"liqian1311",
"parent":"",
"text":"",
"mid":"z0yQnc1GC",
"date":"2012-10-15 10:23:55"
},
{
"kids":[],
"uid":"1111407040",
"parent":"",
"text":"转发微博。",
"mid":"z0yPOjCGD",
"date":"2012-10-15 10:22:31"
},
{
"kids":[],
"uid":"2705846941",
"parent":"",
"text":"",
"mid":"z0yPo3zcp",
"date":"2012-10-15 10:21:29"
},
{
"kids":[],
"uid":"2203434524",
"parent":"",
"text":"[嘻嘻][嘻嘻]",
"mid":"z0yPmwK3C",
"date":"2012-10-15 10:21:25"
},
{
"kids":[],
"uid":"63890514",
"parent":"z0yLhiVAt",
"text":"轉一個先！雖然峩都不曉得啥子時候才用得上！哈哈哈！[路過這兒]",
"mid":"z0yPlFqMC",
"date":"2012-10-15 10:21:24"
},
{
"kids":[],
"uid":"1748987504",
"parent":"",
"text":"好好看看吧@Mandy一诺千金 @龙祺lovely @綦欣没什么大想法",
"mid":"z0yP8DiyR",
"date":"2012-10-15 10:20:52"
},
{
"kids":[],
"uid":"2899687040",
"parent":"",
"text":"",
"mid":"z0yP6hBvj",
"date":"2012-10-15 10:20:45"
},
{
"kids":[],
"uid":"2130170544",
"parent":"",
"text":"",
"mid":"z0yOK7kzF",
"date":"2012-10-15 10:19:54"
},
{
"kids":[],
"uid":"2787869477",
"parent":"",
"text":"",
"mid":"z0yOIE0de",
"date":"2012-10-15 10:19:50"
},
{
"kids":[],
"uid":"1706285541",
"parent":"",
"text":"",
"mid":"z0yOwutD3",
"date":"2012-10-15 10:19:22"
},
{
"kids":[],
"uid":"2255913183",
"parent":"",
"text":"@-一起走过 @木头的天空2012",
"mid":"z0yOv36E4",
"date":"2012-10-15 10:19:18"
},
{
"kids":[],
"uid":"2641489755",
"parent":"",
"text":"",
"mid":"z0yOtiV2q",
"date":"2012-10-15 10:19:13"
},
{
"kids":[],
"uid":"2652099591",
"parent":"",
"text":"有车的孩子们莫冲动！",
"mid":"z0yOghUIu",
"date":"2012-10-15 10:18:43"
},
{
"kids":[],
"uid":"guangrui1012",
"parent":"",
"text":"转发微博。",
"mid":"z0yOewdE2",
"date":"2012-10-15 10:18:39"
},
{
"kids":[
"z0z4p8oYb",
"z0yTf6wCg"
],
"uid":"2247812591",
"parent":"",
"text":"转发微博。",
"mid":"z0yOdkzHU",
"date":"2012-10-15 10:18:35"
},
{
"kids":[],
"uid":"2036402134",
"parent":"",
"text":"",
"mid":"z0yNx3Oz1",
"date":"2012-10-15 10:16:55"
},
{
"kids":[],
"uid":"2210093915",
"parent":"",
"text":"[围观][围观][围观]",
"mid":"z0yNw9vp1",
"date":"2012-10-15 10:16:53"
},
{
"kids":[],
"uid":"1898013010",
"parent":"",
"text":"[呵呵]",
"mid":"z0yNouD7A",
"date":"2012-10-15 10:16:35"
},
{
"kids":[],
"uid":"vogel",
"parent":"",
"text":"转发微博。",
"mid":"z0yNgtDUb",
"date":"2012-10-15 10:16:16"
},
{
"kids":[],
"uid":"2187551735",
"parent":"",
"text":"转发微博。",
"mid":"z0yN8vYuQ",
"date":"2012-10-15 10:15:56"
},
{
"kids":[],
"uid":"2697321480",
"parent":"",
"text":"太坑爹了吧   各种习惯都有",
"mid":"z0yMW7tvz",
"date":"2012-10-15 10:15:27"
},
{
"kids":[],
"uid":"2139495633",
"parent":"",
"text":"转发微博。",
"mid":"z0yMKl2bb",
"date":"2012-10-15 10:14:59"
},
{
"kids":[],
"uid":"2293610971",
"parent":"",
"text":"",
"mid":"z0yMvuulF",
"date":"2012-10-15 10:14:24"
},
{
"kids":[],
"uid":"pch923927",
"parent":"",
"text":"哎，真坑爹[怒][怒][怒]",
"mid":"z0yMmoIRK",
"date":"2012-10-15 10:14:02"
},
{
"kids":[],
"uid":"2150156461",
"parent":"",
"text":"哈哈完了！",
"mid":"z0yMkBvs7",
"date":"2012-10-15 10:13:58"
},
{
"kids":[],
"uid":"1936259997",
"parent":"",
"text":"转发微博。",
"mid":"z0yLJEgiN",
"date":"2012-10-15 10:12:30"
},
{
"kids":[],
"uid":"2734086297",
"parent":"",
"text":"",
"mid":"z0yLsdicd",
"date":"2012-10-15 10:11:47"
},
{
"kids":[
"z0yPlFqMC"
],
"uid":"sophiaghost",
"parent":"",
"text":"",
"mid":"z0yLhiVAt",
"date":"2012-10-15 10:11:22"
},
{
"kids":[],
"uid":"2449320721",
"parent":"",
"text":"小心啦!!!!",
"mid":"z0yL9BLlJ",
"date":"2012-10-15 10:11:04"
},
{
"kids":[],
"uid":"1246258514",
"parent":"",
"text":"酒驾这项碉堡了",
"mid":"z0yL3puux",
"date":"2012-10-15 10:10:50"
},
{
"kids":[],
"uid":"1914661873",
"parent":"",
"text":"",
"mid":"z0yL1EMmE",
"date":"2012-10-15 10:10:45"
},
{
"kids":[],
"uid":"littleflower13",
"parent":"",
"text":"开车不能抽烟。。。什么破规定",
"mid":"z0yL1naZy",
"date":"2012-10-15 10:10:44"
},
{
"kids":[],
"uid":"2310855715",
"parent":"",
"text":"转发微博。",
"mid":"z0yL08VQ2",
"date":"2012-10-15 10:10:41"
},
{
"kids":[],
"uid":"209095982",
"parent":"",
"text":"哟、蔑狼死！",
"mid":"z0yKVaTLY",
"date":"2012-10-15 10:10:27"
},
{
"kids":[],
"uid":"gooday1027",
"parent":"",
"text":"转发微博。",
"mid":"z0yKQnIoN",
"date":"2012-10-15 10:10:18"
},
{
"kids":[],
"uid":"1364436277",
"parent":"",
"text":"[哼][吃惊][吃惊]",
"mid":"z0yKJ3Wtq",
"date":"2012-10-15 10:09:59"
},
{
"kids":[
"z0zgrcArb"
],
"uid":"2125172061",
"parent":"",
"text":"车震扣几分[疑问][疑问]",
"mid":"z0yKymafz",
"date":"2012-10-15 10:09:34"
},
{
"kids":[],
"uid":"2730932694",
"parent":"",
"text":"",
"mid":"z0yKxtYRR",
"date":"2012-10-15 10:09:33"
},
{
"kids":[],
"uid":"2711340371",
"parent":"",
"text":"这，，，，很好",
"mid":"z0yKhwvJb",
"date":"2012-10-15 10:08:56"
},
{
"kids":[
"z0zfNEfLS"
],
"uid":"gntj",
"parent":"",
"text":"",
"mid":"z0yKcwzZw",
"date":"2012-10-15 10:08:42"
},
{
"kids":[],
"uid":"2100233801",
"parent":"",
"text":"@丁扬81 @楷哥我儿 @马灵鼠他爸 @混小沫 @黑白方格2011 @爱笑的小TT",
"mid":"z0yK1AtRU",
"date":"2012-10-15 10:08:15"
},
{
"kids":[],
"uid":"2634475751",
"parent":"",
"text":"",
"mid":"z0yJVFOff",
"date":"2012-10-15 10:08:03"
},
{
"kids":[],
"uid":"1831106297",
"parent":"",
"text":"",
"mid":"z0yJEy4gm",
"date":"2012-10-15 10:07:22"
},
{
"kids":[],
"uid":"2052258193",
"parent":"",
"text":"",
"mid":"z0yJxpxlR",
"date":"2012-10-15 10:07:04"
},
{
"kids":[],
"uid":"2413010672",
"parent":"",
"text":"真了小心咯!",
"mid":"z0yJwxlMi",
"date":"2012-10-15 10:07:03"
},
{
"kids":[],
"uid":"207071560",
"parent":"",
"text":"。。。",
"mid":"z0yJql6bZ",
"date":"2012-10-15 10:06:48"
},
{
"kids":[
"z2R4n34qg"
],
"uid":"2285824271",
"parent":"",
"text":"",
"mid":"z0yJo1kbH",
"date":"2012-10-15 10:06:40"
},
{
"kids":[],
"uid":"2352871712",
"parent":"",
"text":"@离岸and小鱼",
"mid":"z0yJnp3OD",
"date":"2012-10-15 10:06:40"
},
{
"kids":[],
"uid":"2631436141",
"parent":"",
"text":"[呵呵]有点小严，开车打手机太普遍了",
"mid":"z0yJmedvZ",
"date":"2012-10-15 10:06:38"
},
{
"kids":[],
"uid":"1573920604",
"parent":"",
"text":"算了，哥们打算不买车了，开小绵羊得了！",
"mid":"z0yJlDc4s",
"date":"2012-10-15 10:06:37"
},
{
"kids":[],
"uid":"2674763771",
"parent":"",
"text":"",
"mid":"z0yJfqiEn",
"date":"2012-10-15 10:06:22"
},
{
"kids":[],
"uid":"2497268821",
"parent":"",
"text":"",
"mid":"z0yJbzIyq",
"date":"2012-10-15 10:06:13"
},
{
"kids":[],
"uid":"2052258193",
"parent":"",
"text":"",
"mid":"z0yJ54CNg",
"date":"2012-10-15 10:05:57"
},
{
"kids":[],
"uid":"2620608957",
"parent":"",
"text":"安全第一",
"mid":"z0yIDCgIU",
"date":"2012-10-15 10:04:52"
},
{
"kids":[],
"uid":"1585794711",
"parent":"",
"text":"还要不要人开车啦[汗]",
"mid":"z0yIDAzud",
"date":"2012-10-15 10:04:52"
},
{
"kids":[],
"uid":"2152949370",
"parent":"",
"text":"",
"mid":"z0yIzso8u",
"date":"2012-10-15 10:04:42"
},
{
"kids":[],
"uid":"2644820153",
"parent":"",
"text":"转发微博。",
"mid":"z0yIjwxVo",
"date":"2012-10-15 10:04:03"
},
{
"kids":[],
"uid":"1743077565",
"parent":"",
"text":"啊 这么严啊",
"mid":"z0yIermIG",
"date":"2012-10-15 10:03:52"
},
{
"kids":[],
"uid":"hsy7566",
"parent":"",
"text":"以后坐我车要系安全带。否则拒载。[鼓掌][鼓掌][鼓掌][鼓掌]安全第一。",
"mid":"z0yIdy7LA",
"date":"2012-10-15 10:03:50"
},
{
"kids":[],
"uid":"2724589641",
"parent":"",
"text":"",
"mid":"z0yI8ArvL",
"date":"2012-10-15 10:03:37"
},
{
"kids":[],
"uid":"2840388480",
"parent":"",
"text":"",
"mid":"z0yI77ZGc",
"date":"2012-10-15 10:03:34"
},
{
"kids":[],
"uid":"2387487083",
"parent":"",
"text":"",
"mid":"z0yI74h0v",
"date":"2012-10-15 10:03:32"
},
{
"kids":[],
"uid":"2068928561",
"parent":"",
"text":"[汗]开个车不容易啊",
"mid":"z0yHGvo7n",
"date":"2012-10-15 10:02:30"
},
{
"kids":[],
"uid":"2193031503",
"parent":"",
"text":"[哈哈]~~~~必须重罚~~还应该学学国外，连带违规路人一起罚~~",
"mid":"z0yHFz7cm",
"date":"2012-10-15 10:02:27"
},
{
"kids":[],
"uid":"1104996403",
"parent":"",
"text":"千万记住！[泪][泪][晕][晕][晕]",
"mid":"z0yHxiMGp",
"date":"2012-10-15 10:02:09"
},
{
"kids":[
"z1bgrhMdg",
"z15iJD1pR",
"z15iJD1nU"
],
"uid":"2396974232",
"parent":"",
"text":"",
"mid":"z0yHvhGMu",
"date":"2012-10-15 10:02:04"
},
{
"kids":[],
"uid":"1918697015",
"parent":"",
"text":"[吃惊]",
"mid":"z0yHttguY",
"date":"2012-10-15 10:01:58"
},
{
"kids":[],
"uid":"2416992647",
"parent":"",
"text":"[熊猫][抓狂]",
"mid":"z0yHra3PO",
"date":"2012-10-15 10:01:53"
},
{
"kids":[],
"uid":"1947321461",
"parent":"",
"text":"转发微博。",
"mid":"z0yHqyq2J",
"date":"2012-10-15 10:01:53"
},
{
"kids":[],
"uid":"2798565795",
"parent":"",
"text":"",
"mid":"z0yHqdify",
"date":"2012-10-15 10:01:52"
},
{
"kids":[
"z0HaekSF3",
"z0CCb7QP5",
"z0CCb6TP9"
],
"uid":"2175142431",
"parent":"",
"text":"",
"mid":"z0yHoukcu",
"date":"2012-10-15 10:01:47"
},
{
"kids":[],
"uid":"1807709061",
"parent":"",
"text":"",
"mid":"z0yHklAFC",
"date":"2012-10-15 10:01:37"
},
{
"kids":[],
"uid":"1933725290",
"parent":"",
"text":"",
"mid":"z0yHjslqy",
"date":"2012-10-15 10:01:35"
},
{
"kids":[],
"uid":"ellenchung",
"parent":"",
"text":"@培婷培婷 @-黄芳- @hzy燕子 突然感觉刚刚提出的交通很有必要！[江南style]",
"mid":"z0yHgv0FG",
"date":"2012-10-15 10:01:28"
},
{
"kids":[],
"uid":"2646712807",
"parent":"",
"text":"",
"mid":"z0yHfhezR",
"date":"2012-10-15 10:01:26"
},
{
"kids":[],
"uid":"apple2500",
"parent":"z0yGCgNB5",
"text":"",
"mid":"z0yHb94f5",
"date":"2012-10-15 10:01:17"
},
{
"kids":[],
"uid":"1323689550",
"parent":"",
"text":"好！",
"mid":"z0yHajhF2",
"date":"2012-10-15 10:01:14"
},
{
"kids":[],
"uid":"201267672",
"parent":"",
"text":"班死摩托佬仲唔扑街...",
"mid":"z0yH8fbPz",
"date":"2012-10-15 10:01:09"
},
{
"kids":[],
"uid":"2598135500",
"parent":"",
"text":"[怒] ~~~",
"mid":"z0yH4oBHk",
"date":"2012-10-15 10:00:59"
},
{
"kids":[],
"uid":"1115018413",
"parent":"",
"text":"开车的。。你可长点心吧。。。",
"mid":"z0yH2jYkp",
"date":"2012-10-15 10:00:54"
},
{
"kids":[
"z0yWCivqS"
],
"uid":"1863383465",
"parent":"",
"text":"@yhh_xin @提子杨 @杨思凡1",
"mid":"z0yGVes2Q",
"date":"2012-10-15 10:00:37"
},
{
"kids":[],
"uid":"2860975820",
"parent":"",
"text":"趁还没到2013年，赶紧练车~~~",
"mid":"z0yGOqxaL",
"date":"2012-10-15 10:00:22"
},
{
"kids":[],
"uid":"1965074021",
"parent":"",
"text":"",
"mid":"z0yGL8M9B",
"date":"2012-10-15 10:00:14"
},
{
"kids":[],
"uid":"345910306",
"parent":"",
"text":"转发微博。",
"mid":"z0yGKzhmM",
"date":"2012-10-15 10:00:12"
},
{
"kids":[],
"uid":"2889141743",
"parent":"",
"text":"@semywang @哥为正义而活",
"mid":"z0yGFvIWQ",
"date":"2012-10-15 10:00:00"
},
{
"kids":[],
"uid":"2508192231",
"parent":"",
"text":"哇！这么严~[吃惊]",
"mid":"z0yGEFhjT",
"date":"2012-10-15 09:59:58"
},
{
"kids":[],
"uid":"stany918",
"parent":"",
"text":"@雙子熊LUCKY @我叫蜂蜜绿茶",
"mid":"z0yGE64Ie",
"date":"2012-10-15 09:59:57"
},
{
"kids":[],
"uid":"2034201330",
"parent":"",
"text":"唉~ 抽烟的 打电话的 副驾驶不系安全带的@喜马拉雅亮 @小沢",
"mid":"z0yGDuXIr",
"date":"2012-10-15 09:59:55"
},
{
"kids":[],
"uid":"312089555",
"parent":"",
"text":"转发微博。",
"mid":"z0yGDcPCV",
"date":"2012-10-15 09:59:55"
},
{
"kids":[
"z0yHb94f5"
],
"uid":"maggie0916",
"parent":"",
"text":"背下来",
"mid":"z0yGCgNB5",
"date":"2012-10-15 09:59:52"
},
{
"kids":[],
"uid":"1460607552",
"parent":"",
"text":"就应该这么严格，但是也针对特殊号牌车辆么",
"mid":"z0yGAdOEK",
"date":"2012-10-15 09:59:48"
},
{
"kids":[],
"uid":"1937922232",
"parent":"",
"text":"神奇哈哈，抽烟打电话的注意了 哈哈",
"mid":"z0yGzDQYv",
"date":"2012-10-15 09:59:47"
},
{
"kids":[
"z7YEg6spC",
"z7TYVFlLP",
"z7TYVmofG"
],
"uid":"1973123565",
"parent":"",
"text":"",
"mid":"z0yGyt0rO",
"date":"2012-10-15 09:59:44"
},
{
"kids":[],
"uid":"1858875470",
"parent":"",
"text":"",
"mid":"z0yGybpbz",
"date":"2012-10-15 09:59:43"
},
{
"kids":[],
"uid":"2982518484",
"parent":"",
"text":"[泪]无法开车了！自行车违章为虾米不管！汽车违章也有自行车的帮助！[伤心]",
"mid":"z0yGxBnZ3",
"date":"2012-10-15 09:59:42"
},
{
"kids":[],
"uid":"2730785995",
"parent":"",
"text":"",
"mid":"z0yGvvFII",
"date":"2012-10-15 09:59:37"
},
{
"kids":[],
"uid":"537135670",
"parent":"",
"text":"保障百姓人身安全，值得发扬！",
"mid":"z0yGtqY2L",
"date":"2012-10-15 09:59:32"
},
{
"kids":[],
"uid":"1836889310",
"parent":"",
"text":"@亮仔仔宝贝 真狠",
"mid":"z0yGt9YE4",
"date":"2012-10-15 09:59:29"
},
{
"kids":[],
"uid":"2261848433",
"parent":"",
"text":"转发微博。",
"mid":"z0yGswGjU",
"date":"2012-10-15 09:59:30"
},
{
"kids":[],
"uid":"1931475202",
"parent":"",
"text":"@五天四夜Roger 好好看看哈",
"mid":"z0yGrnulC",
"date":"2012-10-15 09:59:27"
},
{
"kids":[],
"uid":"bb21500429",
"parent":"",
"text":"呢个新规好啊!!!!!",
"mid":"z0yGrnujt",
"date":"2012-10-15 09:59:26"
},
{
"kids":[],
"uid":"2562838657",
"parent":"",
"text":"[衰]@Jae_0710 @elvis_K7 @Wish_琪 @zzzz龑",
"mid":"z0yGix6c7",
"date":"2012-10-15 09:59:05"
},
{
"kids":[],
"uid":"1773143985",
"parent":"",
"text":"[吃惊]",
"mid":"z0yGiuUh2",
"date":"2012-10-15 09:59:06"
},
{
"kids":[],
"uid":"2952587984",
"parent":"",
"text":"不是吧  真的假的……        反正我木有车",
"mid":"z0yGg9dPF",
"date":"2012-10-15 09:59:00"
},
{
"kids":[],
"uid":"1604180537",
"parent":"",
"text":"",
"mid":"z0yGemJTE",
"date":"2012-10-15 09:58:56"
},
{
"kids":[],
"uid":"luckymm9017",
"parent":"",
"text":"[鄙视][鄙视]",
"mid":"z0yGc1BCm",
"date":"2012-10-15 09:58:49"
},
{
"kids":[],
"uid":"wodewodeweibo",
"parent":"",
"text":"@陈___Monkey 记记劳啊",
"mid":"z0yGbon5L",
"date":"2012-10-15 09:58:49"
},
{
"kids":[],
"uid":"2169381261",
"parent":"",
"text":"",
"mid":"z0yGaf7iS",
"date":"2012-10-15 09:58:46"
},
{
"kids":[],
"uid":"2329079182",
"parent":"",
"text":"",
"mid":"z0yG7AZGk",
"date":"2012-10-15 09:58:40"
},
{
"kids":[],
"uid":"2681557243",
"parent":"",
"text":"",
"mid":"z0yG7gcKC",
"date":"2012-10-15 09:58:38"
},
{
"kids":[],
"uid":"2140955103",
"parent":"",
"text":"",
"mid":"z0yG5wTYQ",
"date":"2012-10-15 09:58:34"
},
{
"kids":[],
"uid":"2027868213",
"parent":"",
"text":"@黄埠在线 @吉隆黄埠新闻",
"mid":"z0yG2glX1",
"date":"2012-10-15 09:58:25"
},
{
"kids":[],
"uid":"1830946817",
"parent":"",
"text":"",
"mid":"z0yFZA7b0",
"date":"2012-10-15 09:58:20"
},
{
"kids":[],
"uid":"2650641847",
"parent":"",
"text":"",
"mid":"z0yFZ31ta",
"date":"2012-10-15 09:58:19"
},
{
"kids":[],
"uid":"1831804574",
"parent":"",
"text":"转发微博。",
"mid":"z0yFV9j5C",
"date":"2012-10-15 09:58:10"
},
{
"kids":[],
"uid":"2377321582",
"parent":"",
"text":"",
"mid":"z0yFKwlbo",
"date":"2012-10-15 09:57:44"
}
]