[
{
"kids":[],
"uid":"207331237",
"parent":"",
"text":"。。。。",
"mid":"zybnhqWTg",
"date":"2013-05-24 13:09:24"
},
{
"kids":[],
"uid":"lovemebyme",
"parent":"",
"text":"吓~~",
"mid":"zxfxU5Ks0",
"date":"2013-05-18 09:56:14"
},
{
"kids":[],
"uid":"lily19980505",
"parent":"",
"text":"诶哟我去~",
"mid":"zxfo0m8qh",
"date":"2013-05-18 09:31:50"
},
{
"kids":[],
"uid":"2445323010",
"parent":"zwRyi8Gfg",
"text":"不会再爱了。。。",
"mid":"zx7DBBfUy",
"date":"2013-05-17 13:48:18"
},
{
"kids":[],
"uid":"2090663087",
"parent":"zwY4HcDKE",
"text":"@我个法号叫vivi",
"mid":"zx1DEvkfn",
"date":"2013-05-16 22:31:59"
},
{
"kids":[],
"uid":"1809014895",
"parent":"",
"text":"@zaitian @走霄逐云 @吾尔歹鬼 @歇许塞壬 @叼得逆天 @我是宋小新 [生病][吐][吐][吐][吐]",
"mid":"zx1u0b0tG",
"date":"2013-05-16 22:08:10"
},
{
"kids":[],
"uid":"2363759877",
"parent":"",
"text":"妈的，真有这事么",
"mid":"zx110nkDD",
"date":"2013-05-16 20:56:43"
},
{
"kids":[],
"uid":"1949845234",
"parent":"zwWry2qoO",
"text":"@咭囡芓 这个东东你看可行不？",
"mid":"zwZTMmyWD",
"date":"2013-05-16 18:06:11"
},
{
"kids":[],
"uid":"naenae",
"parent":"zwYDVwzY2",
"text":"我了个去",
"mid":"zwYO8ciA4",
"date":"2013-05-16 15:19:30"
},
{
"kids":[],
"uid":"2632429601",
"parent":"zwRFuAnoF",
"text":".....................",
"mid":"zwYNxd82e",
"date":"2013-05-16 15:18:04"
},
{
"kids":[],
"uid":"2468781401",
"parent":"",
"text":"看来有餐馆这么做啊[衰][衰][衰]@______LIU77 @大冬瓜nb @C_C_hao_ @南爧",
"mid":"zwYEf2A7b",
"date":"2013-05-16 14:55:10"
},
{
"kids":[
"zwYO8ciA4"
],
"uid":"easonguo",
"parent":"",
"text":"再也不吃笋干了",
"mid":"zwYDVwzY2",
"date":"2013-05-16 14:54:24"
},
{
"kids":[],
"uid":"2046380781",
"parent":"",
"text":"[吐]@大牟儿",
"mid":"zwYcawGKY",
"date":"2013-05-16 13:46:02"
},
{
"kids":[
"zx1DEvkfn"
],
"uid":"xhs2010",
"parent":"zwTbNh13j",
"text":"终于发出来了！@小气的彩儿 证明我一直系度吃筷子！",
"mid":"zwY4HcDKE",
"date":"2013-05-16 13:27:35"
},
{
"kids":[],
"uid":"2319413527",
"parent":"",
"text":"晚上炒一盘",
"mid":"zwY0NvGqw",
"date":"2013-05-16 13:18:00"
},
{
"kids":[],
"uid":"1836024547",
"parent":"",
"text":"",
"mid":"zwXCmxNqY",
"date":"2013-05-16 12:17:47"
},
{
"kids":[],
"uid":"jessieyandong",
"parent":"",
"text":"天，神乎其技阿",
"mid":"zwXpWa8Em",
"date":"2013-05-16 11:47:12"
},
{
"kids":[],
"uid":"2170990550",
"parent":"",
"text":"看瞎啦。。。笋干也沦陷了莫。。[衰][衰]",
"mid":"zwXlzwNZk",
"date":"2013-05-16 11:36:25"
},
{
"kids":[],
"uid":"2022514401",
"parent":"",
"text":"吃不吃 我跟你们做@别抢我的肉 @啤酒与RECALL",
"mid":"zwWPQ7pNT",
"date":"2013-05-16 10:18:15"
},
{
"kids":[],
"uid":"ooiccoo",
"parent":"zwWfjcfpD",
"text":"不可思议",
"mid":"zwWDccMeF",
"date":"2013-05-16 09:47:06"
},
{
"kids":[],
"uid":"1990238072",
"parent":"zwWry2qoO",
"text":"[怒骂][怒骂][怒骂]",
"mid":"zwWvqvPZj",
"date":"2013-05-16 09:27:58"
},
{
"kids":[
"zwZTMmyWD",
"zwWvqvPZj"
],
"uid":"chenliyu1981",
"parent":"zwRuTcgUm",
"text":"[汗]",
"mid":"zwWry2qoO",
"date":"2013-05-16 09:18:23"
},
{
"kids":[],
"uid":"2184214674",
"parent":"",
"text":"壮哉我天朝人民[推荐][推荐]",
"mid":"zwWoXhjO3",
"date":"2013-05-16 09:12:01"
},
{
"kids":[],
"uid":"1326980042",
"parent":"",
"text":"回头我们吃着吃着就进化成树了。。。",
"mid":"zwWiWBjPH",
"date":"2013-05-16 08:57:13"
},
{
"kids":[],
"uid":"2027698613",
"parent":"zwSYXtey0",
"text":"眞掂",
"mid":"zwWgIlQaQ",
"date":"2013-05-16 08:51:43"
},
{
"kids":[
"zwWDccMeF"
],
"uid":"1744705340",
"parent":"",
"text":"什么？？？？！~~！！[晕]",
"mid":"zwWfjcfpD",
"date":"2013-05-16 08:48:14"
},
{
"kids":[],
"uid":"1589632045",
"parent":"zwRrL0x4o",
"text":"",
"mid":"zwW6WhWYw",
"date":"2013-05-16 08:27:38"
},
{
"kids":[],
"uid":"3043860930",
"parent":"zwRrL0x4o",
"text":"",
"mid":"zwW6WgR1Y",
"date":"2013-05-16 08:27:38"
},
{
"kids":[],
"uid":"2143963223",
"parent":"",
"text":"@seven是芥末妈 @蔑哈哈 @阿兰兰兰妞-要崛起的姑娘 @豆ice @陈琦2011天蝎",
"mid":"zwVCsBQVp",
"date":"2013-05-16 07:12:33"
},
{
"kids":[],
"uid":"1765512404",
"parent":"",
"text":"总觉得怪怪的！",
"mid":"zwVwznV7E",
"date":"2013-05-16 06:58:02"
},
{
"kids":[],
"uid":"1845570473",
"parent":"",
"text":"擦！晚上刚吃了梅菜笋丝！",
"mid":"zwTfMfIXW",
"date":"2013-05-16 01:11:10"
},
{
"kids":[
"zwY4HcDKE"
],
"uid":"2198471182",
"parent":"",
"text":"传说中分子料理！",
"mid":"zwTbNh13j",
"date":"2013-05-16 01:01:21"
},
{
"kids":[],
"uid":"weavegirl",
"parent":"zwSVM5fe2",
"text":"@卷心鱼 @小红艳 不恶心，但很恐怖",
"mid":"zwTbroQMW",
"date":"2013-05-16 01:00:29"
},
{
"kids":[],
"uid":"1800072620",
"parent":"",
"text":"尼玛！！！尼玛！！！",
"mid":"zwT38CGDd",
"date":"2013-05-16 00:40:00"
},
{
"kids":[
"zwWgIlQaQ"
],
"uid":"2012745725",
"parent":"",
"text":"这。。。。。。无语了",
"mid":"zwSYXtey0",
"date":"2013-05-16 00:29:42"
},
{
"kids":[
"zwTbroQMW"
],
"uid":"2476074104",
"parent":"",
"text":"国人为何只爱愚弄国人？",
"mid":"zwSVM5fe2",
"date":"2013-05-16 00:21:53"
},
{
"kids":[],
"uid":"yudi112",
"parent":"",
"text":"晕",
"mid":"zwSUzBWG6",
"date":"2013-05-16 00:18:56"
},
{
"kids":[],
"uid":"328252121",
"parent":"zwRs7davd",
"text":"oh no",
"mid":"zwSR6cqXZ",
"date":"2013-05-16 00:10:22"
},
{
"kids":[],
"uid":"1055369850",
"parent":"zwRGRaBlL",
"text":"既然是用白酒泡，成本优势就消失了……一次性筷子是竹子做的？@BrigitteBear",
"mid":"zwSOPhOZK",
"date":"2013-05-16 00:04:46"
},
{
"kids":[],
"uid":"callmekami",
"parent":"zwSzEoKQK",
"text":"牛逼~~~~~~",
"mid":"zwSNj2oqM",
"date":"2013-05-16 00:01:00"
},
{
"kids":[],
"uid":"idiocyq",
"parent":"",
"text":"",
"mid":"zwSJRBM8t",
"date":"2013-05-15 23:52:33"
},
{
"kids":[],
"uid":"1136561037",
"parent":"",
"text":"黑暗料理界人才辈出啊",
"mid":"zwSHQnUXi",
"date":"2013-05-15 23:47:35"
},
{
"kids":[],
"uid":"2425691312",
"parent":"",
"text":"",
"mid":"zwSBPpEvD",
"date":"2013-05-15 23:32:41"
},
{
"kids":[
"zwSNj2oqM"
],
"uid":"wangxin357",
"parent":"",
"text":"@__看__那朵向日葵 @哼哼哈嘿-嘿 @CallMeKAMI @宝宝榴莲很臭 @曹小雯子 @北一元帅 @新奥尔良小毛线",
"mid":"zwSzEoKQK",
"date":"2013-05-15 23:27:20"
},
{
"kids":[],
"uid":"2631080283",
"parent":"",
"text":"",
"mid":"zwSx2awbW",
"date":"2013-05-15 23:20:57"
},
{
"kids":[],
"uid":"1974805203",
"parent":"",
"text":"",
"mid":"zwSuS2JpX",
"date":"2013-05-15 23:15:37"
},
{
"kids":[],
"uid":"1812104933",
"parent":"",
"text":"好恶心~",
"mid":"zwSunzaHn",
"date":"2013-05-15 23:14:21"
},
{
"kids":[],
"uid":"bujinbajie",
"parent":"",
"text":"毁三观[黑线]",
"mid":"zwSuepzOa",
"date":"2013-05-15 23:14:02"
},
{
"kids":[],
"uid":"2668516067",
"parent":"",
"text":"真的假的喔",
"mid":"zwSp5Ca5A",
"date":"2013-05-15 23:01:21"
},
{
"kids":[],
"uid":"1958976391",
"parent":"",
"text":"[吃惊][吃惊][吃惊][神马][神马][神马]这是真的吗？我都不知道说什么好了！",
"mid":"zwSnbr5up",
"date":"2013-05-15 22:56:38"
},
{
"kids":[],
"uid":"1831668254",
"parent":"",
"text":"还有啥能吃？",
"mid":"zwSlv5tFM",
"date":"2013-05-15 22:52:30"
},
{
"kids":[],
"uid":"2531064877",
"parent":"",
"text":"[生病]",
"mid":"zwShEjC54",
"date":"2013-05-15 22:43:00"
},
{
"kids":[],
"uid":"1752284961",
"parent":"",
"text":"额[汗]",
"mid":"zwShC037b",
"date":"2013-05-15 22:42:56"
},
{
"kids":[],
"uid":"1999607537",
"parent":"",
"text":"@Freerider570 @且行且自在 在外面不要吃这个了",
"mid":"zwSgOBjg4",
"date":"2013-05-15 22:40:59"
},
{
"kids":[],
"uid":"2565591164",
"parent":"",
"text":"[汗][汗][汗][汗]",
"mid":"zwSfQEWDH",
"date":"2013-05-15 22:38:36"
},
{
"kids":[],
"uid":"2440193522",
"parent":"",
"text":"",
"mid":"zwSdqfK6I",
"date":"2013-05-15 22:32:38"
},
{
"kids":[],
"uid":"1912849507",
"parent":"",
"text":"[衰]这有人敢吃？",
"mid":"zwSaFasq3",
"date":"2013-05-15 22:25:47"
},
{
"kids":[],
"uid":"1920420367",
"parent":"",
"text":"这也行[汗]",
"mid":"zwSaw068t",
"date":"2013-05-15 22:25:26"
},
{
"kids":[],
"uid":"2122947111",
"parent":"",
"text":"@俗人孙欣成",
"mid":"zwS4x9tvM",
"date":"2013-05-15 22:10:41"
},
{
"kids":[],
"uid":"2258259492",
"parent":"",
"text":"",
"mid":"zwS2h4jpE",
"date":"2013-05-15 22:05:09"
},
{
"kids":[],
"uid":"1708718261",
"parent":"",
"text":"@o落落兔o 这是真的。。。[吐]",
"mid":"zwS1XAgQj",
"date":"2013-05-15 22:04:23"
},
{
"kids":[],
"uid":"2282706851",
"parent":"",
"text":"",
"mid":"zwRZZeoob",
"date":"2013-05-15 21:59:28"
},
{
"kids":[],
"uid":"finebyao",
"parent":"",
"text":"以假乱真啊",
"mid":"zwRZ1wAph",
"date":"2013-05-15 21:57:07"
},
{
"kids":[],
"uid":"tggandbbt",
"parent":"",
"text":"",
"mid":"zwRYLhuus",
"date":"2013-05-15 21:56:30"
},
{
"kids":[],
"uid":"1887986507",
"parent":"",
"text":"真恶心",
"mid":"zwRYADy7R",
"date":"2013-05-15 21:56:02"
},
{
"kids":[],
"uid":"1941726767",
"parent":"",
"text":"",
"mid":"zwRW94RdJ",
"date":"2013-05-15 21:50:03"
},
{
"kids":[],
"uid":"2092159113",
"parent":"",
"text":"[懒得理你][吐]",
"mid":"zwRVDbyMI",
"date":"2013-05-15 21:48:48"
},
{
"kids":[],
"uid":"2244980692",
"parent":"zwRS51mho",
"text":"告诉我这不是真的！！[泪]",
"mid":"zwRSFDgcp",
"date":"2013-05-15 21:41:27"
},
{
"kids":[
"zwRSFDgcp"
],
"uid":"277552586",
"parent":"",
"text":"这些年在外面吃的是筷子吧。。。。[吃惊]",
"mid":"zwRS51mho",
"date":"2013-05-15 21:40:02"
},
{
"kids":[],
"uid":"2623066763",
"parent":"",
"text":"还真是回归。",
"mid":"zwRRU6Kuh",
"date":"2013-05-15 21:39:36"
},
{
"kids":[],
"uid":"1802571815",
"parent":"",
"text":"天呐",
"mid":"zwRRxB1uc",
"date":"2013-05-15 21:38:39"
},
{
"kids":[],
"uid":"2285700470",
"parent":"",
"text":"",
"mid":"zwRQTaKmX",
"date":"2013-05-15 21:37:03"
},
{
"kids":[],
"uid":"1684545864",
"parent":"",
"text":"真惊了！",
"mid":"zwRQc3jSO",
"date":"2013-05-15 21:35:21"
},
{
"kids":[],
"uid":"alvissharp",
"parent":"",
"text":"怎么这么恶心啊",
"mid":"zwRNog5Vv",
"date":"2013-05-15 21:28:30"
},
{
"kids":[],
"uid":"1495731415",
"parent":"",
"text":"",
"mid":"zwRLFAZ4e",
"date":"2013-05-15 21:24:13"
},
{
"kids":[],
"uid":"1981232370",
"parent":"",
"text":"我靠〜",
"mid":"zwRLh3AFS",
"date":"2013-05-15 21:23:16"
},
{
"kids":[],
"uid":"1805843423",
"parent":"zwRwgwCtE",
"text":"[衰]",
"mid":"zwRKEDoOz",
"date":"2013-05-15 21:21:45"
},
{
"kids":[],
"uid":"1875673725",
"parent":"zwRGRaBlL",
"text":"[吃惊]",
"mid":"zwRJR1ONm",
"date":"2013-05-15 21:19:46"
},
{
"kids":[],
"uid":"1364727591",
"parent":"",
"text":"[吃惊]",
"mid":"zwRII7tFs",
"date":"2013-05-15 21:16:56"
},
{
"kids":[],
"uid":"yujie777",
"parent":"",
"text":"又一黑暗料理",
"mid":"zwRI78XVg",
"date":"2013-05-15 21:15:27"
},
{
"kids":[],
"uid":"1406819814",
"parent":"",
"text":"真恶心",
"mid":"zwRHK5CyU",
"date":"2013-05-15 21:14:34"
},
{
"kids":[],
"uid":"52cao",
"parent":"",
"text":"这能吃吗",
"mid":"zwRGXCWag",
"date":"2013-05-15 21:12:39"
},
{
"kids":[
"zwSOPhOZK",
"zwRJR1ONm"
],
"uid":"1741517413",
"parent":"zwRsD6x49",
"text":"喜闻乐见",
"mid":"zwRGRaBlL",
"date":"2013-05-15 21:12:23"
},
{
"kids":[
"zwYNxd82e"
],
"uid":"1080575131",
"parent":"",
"text":"以后连笋干炒肉都不敢吃了……",
"mid":"zwRFuAnoF",
"date":"2013-05-15 21:09:00"
},
{
"kids":[],
"uid":"2189484460",
"parent":"",
"text":"@qwz_fjfz 再也不想吃笋干了[衰]",
"mid":"zwREo48PL",
"date":"2013-05-15 21:06:18"
},
{
"kids":[],
"uid":"2647229881",
"parent":"",
"text":"",
"mid":"zwRE7vjvG",
"date":"2013-05-15 21:05:36"
},
{
"kids":[],
"uid":"2575864297",
"parent":"",
"text":"这也能吃、、、、、",
"mid":"zwRDBBqwX",
"date":"2013-05-15 21:04:20"
},
{
"kids":[],
"uid":"2161887793",
"parent":"zwRxOB5Xd",
"text":"这成本和买真笋干也差不多了。",
"mid":"zwRDBA1Uz",
"date":"2013-05-15 21:04:20"
},
{
"kids":[],
"uid":"lvqiuqin",
"parent":"",
"text":"[黑线]",
"mid":"zwRCZvCST",
"date":"2013-05-15 21:02:49"
},
{
"kids":[],
"uid":"1293464280",
"parent":"",
"text":"我靠！以后只吃新鲜的！道德沦丧啦！！！我才不要吃木头呢！",
"mid":"zwRCLjaEI",
"date":"2013-05-15 21:02:18"
},
{
"kids":[],
"uid":"2396282667",
"parent":"",
"text":"……",
"mid":"zwRCgg2N2",
"date":"2013-05-15 21:01:03"
},
{
"kids":[],
"uid":"clover6s",
"parent":"",
"text":"最后肯定使用了置换功能。。。",
"mid":"zwRBRaYfz",
"date":"2013-05-15 21:00:04"
},
{
"kids":[],
"uid":"2132707603",
"parent":"",
"text":"重口…",
"mid":"zwRBlyXsC",
"date":"2013-05-15 20:58:49"
},
{
"kids":[],
"uid":"2401098085",
"parent":"",
"text":"给力",
"mid":"zwRBe8tcT",
"date":"2013-05-15 20:58:28"
},
{
"kids":[],
"uid":"1805038042",
"parent":"",
"text":"一次性筷子本上就有毒，还这样搞....",
"mid":"zwRAquSMV",
"date":"2013-05-15 20:56:31"
},
{
"kids":[],
"uid":"2289461291",
"parent":"",
"text":"",
"mid":"zwRzjn0sW",
"date":"2013-05-15 20:53:48"
},
{
"kids":[],
"uid":"1824895405",
"parent":"",
"text":"",
"mid":"zwRzd9oqM",
"date":"2013-05-15 20:53:32"
},
{
"kids":[],
"uid":"2949131074",
"parent":"",
"text":"@深蓝星球的海豚 @芋人码头 @幸福树Dan",
"mid":"zwRyI90jb",
"date":"2013-05-15 20:52:17"
},
{
"kids":[],
"uid":"1962727717",
"parent":"",
"text":"",
"mid":"zwRyzh110",
"date":"2013-05-15 20:51:55"
},
{
"kids":[
"zx7DBBfUy"
],
"uid":"2126194750",
"parent":"",
"text":"[汗]@刘赵杰- @王琳和朋友在一起很快乐 @763爱潘玮柏 @-爱吃甜品的垚小垚- @权妖孽怪兽龙宁静 @高瑞琦爱单反爱拜仁 @破小庄在去战场的路上 @何必政而巴经",
"mid":"zwRyi8Gfg",
"date":"2013-05-15 20:51:17"
},
{
"kids":[],
"uid":"2551467715",
"parent":"",
"text":"",
"mid":"zwRxWzSJv",
"date":"2013-05-15 20:50:24"
},
{
"kids":[
"zwRDBA1Uz"
],
"uid":"1984242935",
"parent":"",
"text":"笋干也不能吃了[泪]",
"mid":"zwRxOB5Xd",
"date":"2013-05-15 20:50:04"
},
{
"kids":[],
"uid":"1827840447",
"parent":"",
"text":"这能吃？[吃惊]",
"mid":"zwRxlk8qQ",
"date":"2013-05-15 20:48:57"
},
{
"kids":[],
"uid":"1662210791",
"parent":"",
"text":"该不会，有些笋干就是这么做出来的吧~~[吃惊]",
"mid":"zwRxdCLih",
"date":"2013-05-15 20:48:36"
},
{
"kids":[],
"uid":"2194757294",
"parent":"",
"text":"@奉奉小豆 @胖子_爱美丽 @安妮de美梦 @LynchLMJ @盼Serena",
"mid":"zwRx8EBES",
"date":"2013-05-15 20:48:25"
},
{
"kids":[],
"uid":"1264755941",
"parent":"",
"text":"@judyping2011 ...还敢不敢吃？",
"mid":"zwRx8Blx1",
"date":"2013-05-15 20:48:27"
},
{
"kids":[],
"uid":"2195464245",
"parent":"",
"text":"",
"mid":"zwRwWd3of",
"date":"2013-05-15 20:47:57"
},
{
"kids":[],
"uid":"2667937603",
"parent":"",
"text":"跪了……",
"mid":"zwRwHrNI7",
"date":"2013-05-15 20:47:22"
},
{
"kids":[],
"uid":"2207807953",
"parent":"",
"text":"",
"mid":"zwRwHqbvo",
"date":"2013-05-15 20:47:22"
},
{
"kids":[
"zwRKEDoOz"
],
"uid":"1757604833",
"parent":"",
"text":"尼玛~~~",
"mid":"zwRwgwCtE",
"date":"2013-05-15 20:46:18"
},
{
"kids":[],
"uid":"2303180117",
"parent":"",
"text":"鬼才信[鄙视]",
"mid":"zwRvhnHPq",
"date":"2013-05-15 20:43:52"
},
{
"kids":[],
"uid":"1984814015",
"parent":"",
"text":"[衰]",
"mid":"zwRuWoNL6",
"date":"2013-05-15 20:43:03"
},
{
"kids":[
"zwWry2qoO"
],
"uid":"leonhart0112",
"parent":"",
"text":"[哈哈]",
"mid":"zwRuTcgUm",
"date":"2013-05-15 20:42:54"
},
{
"kids":[],
"uid":"ljgod",
"parent":"",
"text":"啊啊啊啊啊我操...",
"mid":"zwRu44DGw",
"date":"2013-05-15 20:40:52"
},
{
"kids":[],
"uid":"1912625587",
"parent":"",
"text":"[吃惊][吃惊][吃惊]卧次奥！",
"mid":"zwRtVatSo",
"date":"2013-05-15 20:40:30"
},
{
"kids":[],
"uid":"2435971461",
"parent":"",
"text":"[神马]",
"mid":"zwRtM2z2p",
"date":"2013-05-15 20:40:09"
},
{
"kids":[],
"uid":"2459552581",
"parent":"",
"text":"[衰][衰][衰][衰][衰]",
"mid":"zwRtFtiE1",
"date":"2013-05-15 20:39:54"
},
{
"kids":[],
"uid":"2461286940",
"parent":"",
"text":"@我才是牛仔小弟 好恶心了",
"mid":"zwRtz2L01",
"date":"2013-05-15 20:39:39"
},
{
"kids":[],
"uid":"1725332180",
"parent":"",
"text":"",
"mid":"zwRtwl0be",
"date":"2013-05-15 20:39:32"
},
{
"kids":[],
"uid":"angela222",
"parent":"",
"text":"我的天啊",
"mid":"zwRsPfg4e",
"date":"2013-05-15 20:37:46"
},
{
"kids":[],
"uid":"2157858597",
"parent":"",
"text":"我靠。。。",
"mid":"zwRsI8dgv",
"date":"2013-05-15 20:37:32"
},
{
"kids":[
"zwRGRaBlL"
],
"uid":"2720921133",
"parent":"",
"text":"。。。",
"mid":"zwRsD6x49",
"date":"2013-05-15 20:37:20"
},
{
"kids":[],
"uid":"2167150227",
"parent":"",
"text":"尼馬！太坑人了！",
"mid":"zwRsw2KLg",
"date":"2013-05-15 20:37:01"
},
{
"kids":[],
"uid":"1905474791",
"parent":"",
"text":"饿疯了么……",
"mid":"zwRslnPb5",
"date":"2013-05-15 20:36:36"
},
{
"kids":[
"zwSR6cqXZ"
],
"uid":"2037132057",
"parent":"",
"text":"我再也不吃竹笋炒肉了~~~~~[泪]",
"mid":"zwRs7davd",
"date":"2013-05-15 20:36:02"
},
{
"kids":[],
"uid":"531237668",
"parent":"",
"text":"我勒个去！",
"mid":"zwRs2bJhP",
"date":"2013-05-15 20:35:49"
},
{
"kids":[],
"uid":"sunshine0719",
"parent":"",
"text":"这不是真的吧",
"mid":"zwRs2a8pU",
"date":"2013-05-15 20:35:50"
},
{
"kids":[
"zwW6WhWYw",
"zwW6WgR1Y"
],
"uid":"3279058695",
"parent":"",
"text":"",
"mid":"zwRrL0x4o",
"date":"2013-05-15 20:35:11"
},
{
"kids":[],
"uid":"2123071600",
"parent":"",
"text":"老板，来一盘",
"mid":"zwRrzbduN",
"date":"2013-05-15 20:34:43"
}
]