[
{
"kids":[],
"uid":"2920374840",
"parent":"ywHKOFryS",
"text":"",
"mid":"yBpUNivpD",
"date":"2012-09-11 20:56:59"
},
{
"kids":[],
"uid":"2920380124",
"parent":"ywHKOFryS",
"text":"",
"mid":"yA2FQiG1I",
"date":"2012-09-02 19:56:41"
},
{
"kids":[],
"uid":"2920368490",
"parent":"ywHKOFryS",
"text":"",
"mid":"yzSMzhODG",
"date":"2012-09-01 18:45:46"
},
{
"kids":[],
"uid":"2789918100",
"parent":"ywIPGpXpc",
"text":"",
"mid":"yxSLGsFgR",
"date":"2012-08-19 15:03:02"
},
{
"kids":[],
"uid":"2789874662",
"parent":"ywIPGpXpc",
"text":"",
"mid":"yxJcmCRl8",
"date":"2012-08-18 14:41:17"
},
{
"kids":[],
"uid":"1338419664",
"parent":"",
"text":"真与假，别乱放消息",
"mid":"yx0bC6cwE",
"date":"2012-08-13 20:05:49"
},
{
"kids":[],
"uid":"1931553931",
"parent":"",
"text":"号外号外，大新闻，等待证实",
"mid":"ywZhmpDVC",
"date":"2012-08-13 17:47:15"
},
{
"kids":[],
"uid":"melodyoyo",
"parent":"ywZ1poHEV",
"text":"我。欺骗我。[怒]",
"mid":"ywZ1NigIH",
"date":"2012-08-13 17:08:54"
},
{
"kids":[
"ywZ1NigIH"
],
"uid":"melodyoyo",
"parent":"",
"text":"",
"mid":"ywZ1poHEV",
"date":"2012-08-13 17:07:56"
},
{
"kids":[],
"uid":"1792890855",
"parent":"",
"text":"暴头哥抓住了![鼓掌]",
"mid":"ywQRC0OBg",
"date":"2012-08-12 20:21:50"
},
{
"kids":[],
"uid":"1669070345",
"parent":"",
"text":"相信是真的",
"mid":"ywQPi6VyL",
"date":"2012-08-12 20:16:04"
},
{
"kids":[],
"uid":"2262936073",
"parent":"",
"text":"妈的，假消息！ [怒][怒][怒]",
"mid":"ywPLtAEzu",
"date":"2012-08-12 17:33:59"
},
{
"kids":[],
"uid":"kron0928",
"parent":"ywJkcvY2e",
"text":"还是等官方的出来说真假吧",
"mid":"ywPKGxtj6",
"date":"2012-08-12 17:32:02"
},
{
"kids":[],
"uid":"1827172432",
"parent":"",
"text":"",
"mid":"ywOtVxaUf",
"date":"2012-08-12 14:18:00"
},
{
"kids":[],
"uid":"cqford",
"parent":"",
"text":"在写小說吗！",
"mid":"ywObXAox0",
"date":"2012-08-12 13:33:44"
},
{
"kids":[],
"uid":"2863355760",
"parent":"",
"text":"重庆特警比南京特警厉害",
"mid":"ywO9B1PB8",
"date":"2012-08-12 13:27:54"
},
{
"kids":[],
"uid":"xinjiangheiwawa",
"parent":"ywHtjmfgi",
"text":"回复@朱雀飞天虎:重庆警察，辛苦了,希望是你抓住的，呵呵！",
"mid":"ywO7ajD23",
"date":"2012-08-12 13:21:54"
},
{
"kids":[],
"uid":"1847425593",
"parent":"ywMWWrrcR",
"text":"五十万离我而去……[泪][泪]",
"mid":"ywNOo6ruX",
"date":"2012-08-12 12:35:37"
},
{
"kids":[],
"uid":"2233235162",
"parent":"",
"text":"真的吗！",
"mid":"ywNEnfEjG",
"date":"2012-08-12 12:10:59"
},
{
"kids":[],
"uid":"1840830475",
"parent":"ywMWWrrcR",
"text":"抓到个锤子。。",
"mid":"ywNkEvaUh",
"date":"2012-08-12 11:22:24"
},
{
"kids":[],
"uid":"2824964207",
"parent":"ywMUUvFcw",
"text":"[good]",
"mid":"ywNjIfb3D",
"date":"2012-08-12 11:20:05"
},
{
"kids":[],
"uid":"1800921681",
"parent":"ywMUtFi25",
"text":"假的！",
"mid":"ywNewvxAY",
"date":"2012-08-12 11:07:18"
},
{
"kids":[],
"uid":"iamfishyu",
"parent":"ywMWWrrcR",
"text":"以证实假的假的!!!",
"mid":"ywN8os3LH",
"date":"2012-08-12 10:52:11"
},
{
"kids":[],
"uid":"2286219200",
"parent":"ywN5T3saW",
"text":"我刚看了，昨天辟谣的新闻出了，刚好针对的就是这条。假的",
"mid":"ywN8jbNPq",
"date":"2012-08-12 10:51:59"
},
{
"kids":[],
"uid":"2019413453",
"parent":"ywMVejvpf",
"text":"",
"mid":"ywN6Cz4DN",
"date":"2012-08-12 10:47:50"
},
{
"kids":[
"ywN8jbNPq"
],
"uid":"2263717412",
"parent":"ywMYnmTQM",
"text":"求证实…",
"mid":"ywN5T3saW",
"date":"2012-08-12 10:46:01"
},
{
"kids":[],
"uid":"heng708",
"parent":"ywMWWrrcR",
"text":"安，才过几秒钟就抓到了。。[赞][赞][赞]",
"mid":"ywN16ESX7",
"date":"2012-08-12 10:34:14"
},
{
"kids":[],
"uid":"1827603527",
"parent":"",
"text":"",
"mid":"ywN0Kf3dw",
"date":"2012-08-12 10:33:20"
},
{
"kids":[
"ywN5T3saW"
],
"uid":"2286219200",
"parent":"ywMVejvpf",
"text":"@重庆交巡警 求证实",
"mid":"ywMYnmTQM",
"date":"2012-08-12 10:27:31"
},
{
"kids":[
"ywNOo6ruX",
"ywNkEvaUh",
"ywN8os3LH",
"ywN16ESX7"
],
"uid":"crish",
"parent":"ywMUUvFcw",
"text":"纳尼？！？！？！",
"mid":"ywMWWrrcR",
"date":"2012-08-12 10:23:59"
},
{
"kids":[],
"uid":"2097331700",
"parent":"ywIPGpXpc",
"text":"太平了吗？[挖鼻屎][挖鼻屎]",
"mid":"ywMVYrXBp",
"date":"2012-08-12 10:21:35"
},
{
"kids":[
"ywN6Cz4DN",
"ywMYnmTQM"
],
"uid":"2405736955",
"parent":"ywIpRtfL1",
"text":"真的假的哟？",
"mid":"ywMVejvpf",
"date":"2012-08-12 10:19:46"
},
{
"kids":[
"ywNjIfb3D",
"ywMWWrrcR"
],
"uid":"1962831243",
"parent":"",
"text":"当真抓到老",
"mid":"ywMUUvFcw",
"date":"2012-08-12 10:18:59"
},
{
"kids":[
"ywNewvxAY"
],
"uid":"kikilsk",
"parent":"ywIpRtfL1",
"text":"假的吧 正面图[挖鼻屎]",
"mid":"ywMUtFi25",
"date":"2012-08-12 10:17:53"
},
{
"kids":[],
"uid":"1735163422",
"parent":"ywKUl02YP",
"text":"求真相",
"mid":"ywMNVE0jS",
"date":"2012-08-12 10:01:47"
},
{
"kids":[],
"uid":"2011099751",
"parent":"",
"text":"转发微博。",
"mid":"ywMGe6aqk",
"date":"2012-08-12 09:42:47"
},
{
"kids":[],
"uid":"2866928900",
"parent":"ywHxG2KKG",
"text":"求真相",
"mid":"ywMEb68Wv",
"date":"2012-08-12 09:37:45"
},
{
"kids":[],
"uid":"2679677804",
"parent":"ywLZNmkRF",
"text":"这人怎么了[思考]",
"mid":"ywMuhkquE",
"date":"2012-08-12 09:13:22"
},
{
"kids":[],
"uid":"venture777",
"parent":"",
"text":"应该是假的哟.这种人不像是要自杀的哦.",
"mid":"ywMsB2FT1",
"date":"2012-08-12 09:09:11"
},
{
"kids":[],
"uid":"carolinesafin",
"parent":"ywMdgrN5f",
"text":"这次是真的假的？",
"mid":"ywMmTluNI",
"date":"2012-08-12 08:55:10"
},
{
"kids":[],
"uid":"1863430180",
"parent":"ywMdgrN5f",
"text":"很有故事情節，排電影吧！",
"mid":"ywMfsmhuq",
"date":"2012-08-12 08:36:51"
},
{
"kids":[
"ywMmTluNI",
"ywMfsmhuq"
],
"uid":"kkzidane",
"parent":"ywLUv2Nfs",
"text":"房子哪够啊~",
"mid":"ywMdgrN5f",
"date":"2012-08-12 08:31:27"
},
{
"kids":[],
"uid":"2013878712",
"parent":"ywIPGpXpc",
"text":"假新闻吧！",
"mid":"ywM9fl0zQ",
"date":"2012-08-12 08:21:33"
},
{
"kids":[],
"uid":"2143533015",
"parent":"ywM2X1vGJ",
"text":"[鼓掌]",
"mid":"ywM85bJqs",
"date":"2012-08-12 08:18:41"
},
{
"kids":[],
"uid":"2468256150",
"parent":"ywIBjvZex",
"text":"真的抓到老亞[疑问]",
"mid":"ywM5P8Tk3",
"date":"2012-08-12 08:13:07"
},
{
"kids":[],
"uid":"gujincun",
"parent":"ywHv5xNGa",
"text":"假的，一铁警被打死",
"mid":"ywM30wW4M",
"date":"2012-08-12 08:06:12"
},
{
"kids":[
"ywM85bJqs"
],
"uid":"2268621352",
"parent":"",
"text":"希望是真的",
"mid":"ywM2X1vGJ",
"date":"2012-08-12 08:06:02"
},
{
"kids":[],
"uid":"2268628940",
"parent":"ywIPGpXpc",
"text":"",
"mid":"ywM03lkQK",
"date":"2012-08-12 07:58:54"
},
{
"kids":[
"ywMuhkquE"
],
"uid":"2302439882",
"parent":"",
"text":"天杀的。",
"mid":"ywLZNmkRF",
"date":"2012-08-12 07:58:15"
},
{
"kids":[],
"uid":"renyun1984",
"parent":"",
"text":"[思考]真的？",
"mid":"ywLZi34yM",
"date":"2012-08-12 07:57:00"
},
{
"kids":[],
"uid":"1234965804",
"parent":"ywLhx9V7g",
"text":"吃怕中国警察没得啷个凶哟…[偷笑]",
"mid":"ywLXWqmi4",
"date":"2012-08-12 07:53:41"
},
{
"kids":[],
"uid":"44827327",
"parent":"ywLf1oKCs",
"text":"此消息为假的。。。。。",
"mid":"ywLXM6oCo",
"date":"2012-08-12 07:53:16"
},
{
"kids":[
"ywMdgrN5f"
],
"uid":"2133921294",
"parent":"ywIF5zSgq",
"text":"这节奏，抓到人的得奖励房子了吧",
"mid":"ywLUv2Nfs",
"date":"2012-08-12 07:45:13"
},
{
"kids":[],
"uid":"2701096933",
"parent":"",
"text":"姐敢出门了",
"mid":"ywLPd609M",
"date":"2012-08-12 07:32:11"
},
{
"kids":[],
"uid":"2573550691",
"parent":"ywHuKzSkO",
"text":"原来是假的！但有个铁路警察牺牲了",
"mid":"ywLvZCx5h",
"date":"2012-08-12 06:44:51"
},
{
"kids":[
"ywLXWqmi4"
],
"uid":"97sy",
"parent":"ywJ8Nno2I",
"text":"真的抓到了吗？求真实！",
"mid":"ywLhx9V7g",
"date":"2012-08-12 06:09:13"
},
{
"kids":[
"ywLXM6oCo"
],
"uid":"2288554934",
"parent":"ywHqzbTS0",
"text":"官方还没证实吧，好像是烟雾弹啊",
"mid":"ywLf1oKCs",
"date":"2012-08-12 06:03:02"
},
{
"kids":[
"ywMNVE0jS"
],
"uid":"cqyuwei",
"parent":"ywKIlwDXn",
"text":"是不是哟？求真相",
"mid":"ywKUl02YP",
"date":"2012-08-12 05:12:04"
},
{
"kids":[],
"uid":"xyllh9281104",
"parent":"ywIinwSwB",
"text":"神速",
"mid":"ywKSukspD",
"date":"2012-08-12 05:07:31"
},
{
"kids":[
"ywKUl02YP"
],
"uid":"209593932",
"parent":"",
"text":"求真相~",
"mid":"ywKIlwDXn",
"date":"2012-08-12 04:42:32"
},
{
"kids":[],
"uid":"coffeeworkshop",
"parent":"ywIpRtfL1",
"text":"真的迈？",
"mid":"ywJCECnoJ",
"date":"2012-08-12 01:55:46"
},
{
"kids":[],
"uid":"1904565573",
"parent":"",
"text":"好样的！警察辛苦了！@空调房穿棉袄 娘亲可以安心了",
"mid":"ywJt2C8Mu",
"date":"2012-08-12 01:32:05"
},
{
"kids":[],
"uid":"2600335084",
"parent":"",
"text":"",
"mid":"ywJrTr6BL",
"date":"2012-08-12 01:29:15"
},
{
"kids":[],
"uid":"unheart",
"parent":"ywIMiCppH",
"text":"扯~",
"mid":"ywJqYD190",
"date":"2012-08-12 01:27:00"
},
{
"kids":[],
"uid":"2238400480",
"parent":"ywIfeg5tn",
"text":"到底抓到没有，今天还再关卡检查，求真相@兔阿兔阿飞 @陈大鑫Tmac",
"mid":"ywJqe0q40",
"date":"2012-08-12 01:25:08"
},
{
"kids":[],
"uid":"1727222604",
"parent":"",
"text":"那他离我家真的很近了哟。歌乐山脚",
"mid":"ywJnuowr8",
"date":"2012-08-12 01:18:24"
},
{
"kids":[
"ywPKGxtj6"
],
"uid":"weicheng930216",
"parent":"",
"text":"真的假的？",
"mid":"ywJkcvY2e",
"date":"2012-08-12 01:10:18"
},
{
"kids":[],
"uid":"2905785543",
"parent":"ywJ8Nno2I",
"text":"好，终于被抓了",
"mid":"ywJd6ddag",
"date":"2012-08-12 00:52:49"
},
{
"kids":[],
"uid":"2445301812",
"parent":"ywJ4KcJ7S",
"text":"是不是哟",
"mid":"ywJcUFsnR",
"date":"2012-08-12 00:52:18"
},
{
"kids":[
"ywLhx9V7g",
"ywJd6ddag"
],
"uid":"2347835444",
"parent":"",
"text":"是那个爆头哥抓到了吗？",
"mid":"ywJ8Nno2I",
"date":"2012-08-12 00:42:10"
},
{
"kids":[
"ywJcUFsnR"
],
"uid":"2051081933",
"parent":"",
"text":"可以安心眯瞌睡老?那我把80块私房从孩柜头拿出来了哟!",
"mid":"ywJ4KcJ7S",
"date":"2012-08-12 00:32:14"
},
{
"kids":[],
"uid":"2437034501",
"parent":"ywIuKkued",
"text":"真的哇？",
"mid":"ywJ3thEME",
"date":"2012-08-12 00:29:05"
},
{
"kids":[],
"uid":"2856437562",
"parent":"",
"text":"活该你个大坏蛋[哈哈][哈哈][哈哈]",
"mid":"ywJ2Ed9ym",
"date":"2012-08-12 00:27:04"
},
{
"kids":[],
"uid":"xiaolingli325",
"parent":"ywHwu7Sh0",
"text":"",
"mid":"ywJ2k4L8h",
"date":"2012-08-12 00:26:15"
},
{
"kids":[],
"uid":"2092864795",
"parent":"ywIZ35cvY",
"text":"假的",
"mid":"ywJ224hp7",
"date":"2012-08-12 00:25:33"
},
{
"kids":[],
"uid":"2238626993",
"parent":"",
"text":"",
"mid":"ywJ1Lcxvk",
"date":"2012-08-12 00:24:53"
},
{
"kids":[
"ywJ224hp7"
],
"uid":"1865212751",
"parent":"",
"text":"求真相",
"mid":"ywIZ35cvY",
"date":"2012-08-12 00:18:11"
},
{
"kids":[],
"uid":"537156345",
"parent":"ywIfVDt9M",
"text":"真的假的？",
"mid":"ywIX5ET03",
"date":"2012-08-12 00:13:20"
},
{
"kids":[],
"uid":"yingpopo0716",
"parent":"ywHCykrm3",
"text":"确定吗?明天终于可以放心出门了",
"mid":"ywIVdfrYz",
"date":"2012-08-12 00:08:43"
},
{
"kids":[],
"uid":"1456256811",
"parent":"ywIyNvi3J",
"text":"",
"mid":"ywISkqlL6",
"date":"2012-08-12 00:01:38"
},
{
"kids":[
"yxSLGsFgR",
"yxJcmCRl8",
"ywMVYrXBp",
"ywM9fl0zQ",
"ywM03lkQK"
],
"uid":"1930345954",
"parent":"ywHl5l9fx",
"text":"太好了，这下太平了[威武][威武]",
"mid":"ywIPGpXpc",
"date":"2012-08-11 23:55:07"
},
{
"kids":[],
"uid":"2510482772",
"parent":"ywHoidKy4",
"text":"",
"mid":"ywIOmkSlb",
"date":"2012-08-11 23:51:51"
},
{
"kids":[],
"uid":"sadienan",
"parent":"ywHl5l9fx",
"text":"具知情人士透露这个是假的撒",
"mid":"ywINsbFVi",
"date":"2012-08-11 23:49:36"
},
{
"kids":[],
"uid":"2091971670",
"parent":"ywIKWaRpd",
"text":"好像说了是假的样。",
"mid":"ywIMYjT0x",
"date":"2012-08-11 23:48:26"
},
{
"kids":[
"ywJqYD190"
],
"uid":"1ezgone",
"parent":"ywIKw8uAg",
"text":"尼玛太复杂了",
"mid":"ywIMiCppH",
"date":"2012-08-11 23:46:48"
},
{
"kids":[
"ywIMYjT0x"
],
"uid":"wys131",
"parent":"ywIBjvZex",
"text":"假的哦 刚刚到家 回来路上还有好多警察设岗检查 真的抓住了恐怕也不会检查了唷",
"mid":"ywIKWaRpd",
"date":"2012-08-11 23:43:25"
},
{
"kids":[
"ywIMiCppH"
],
"uid":"2667811613",
"parent":"ywIEw5W90",
"text":"官网发布了，这是虚假消息.还没抓到",
"mid":"ywIKw8uAg",
"date":"2012-08-11 23:42:23"
},
{
"kids":[],
"uid":"1580402442",
"parent":"",
"text":"@朕困了-biabia",
"mid":"ywIJRmrHv",
"date":"2012-08-11 23:40:44"
},
{
"kids":[],
"uid":"1936926204",
"parent":"",
"text":"Yes。",
"mid":"ywIIi7lNn",
"date":"2012-08-11 23:36:54"
},
{
"kids":[],
"uid":"520yxx",
"parent":"",
"text":"南京警方不是号称很牛逼的么，唉！",
"mid":"ywII3FpxQ",
"date":"2012-08-11 23:36:20"
},
{
"kids":[],
"uid":"2184556862",
"parent":"ywHvvy4gj",
"text":"求证",
"mid":"ywIGZrTj1",
"date":"2012-08-11 23:33:41"
},
{
"kids":[],
"uid":"318883948",
"parent":"",
"text":"[哈哈]必须扩散 @陈小懒猫 @Elinor妹儿各种淑女范 @陈莹是个小美人儿_",
"mid":"ywIGIE8V0",
"date":"2012-08-11 23:33:02"
},
{
"kids":[],
"uid":"1448213051",
"parent":"",
"text":"这些狗比唯恐天下不乱",
"mid":"ywIGF6Wzk",
"date":"2012-08-11 23:32:49"
},
{
"kids":[],
"uid":"1858871837",
"parent":"ywIFCnfBR",
"text":"是滴是滴'哥哥所言极是",
"mid":"ywIGhsLP6",
"date":"2012-08-11 23:31:55"
},
{
"kids":[
"ywIGhsLP6"
],
"uid":"2591148721",
"parent":"ywIAU9Dr3",
"text":"是你太善良了[哈哈][哈哈]",
"mid":"ywIFCnfBR",
"date":"2012-08-11 23:30:20"
},
{
"kids":[
"ywLUv2Nfs"
],
"uid":"2621241513",
"parent":"ywIzS1BaC",
"text":"实时战况更新么~抓了4年终于抓到了?~[围观]",
"mid":"ywIF5zSgq",
"date":"2012-08-11 23:29:02"
},
{
"kids":[
"ywIKw8uAg"
],
"uid":"1ezgone",
"parent":"",
"text":"[嘻嘻]",
"mid":"ywIEw5W90",
"date":"2012-08-11 23:27:34"
},
{
"kids":[],
"uid":"1907386432",
"parent":"ywItqw4e6",
"text":"已经辟谣了，是假消息，还没抓到",
"mid":"ywIE7hwxs",
"date":"2012-08-11 23:26:36"
},
{
"kids":[],
"uid":"lihongcch",
"parent":"ywID0tkXE",
"text":"真的还是假的噢，版本太多了嘛........",
"mid":"ywIDT8piz",
"date":"2012-08-11 23:26:04"
},
{
"kids":[],
"uid":"2401300565",
"parent":"ywHmTBsNs",
"text":"终于抓到了[给力]",
"mid":"ywIDCz8UD",
"date":"2012-08-11 23:25:24"
},
{
"kids":[],
"uid":"1406569105",
"parent":"ywIbeB1s9",
"text":"假的",
"mid":"ywIDyrz57",
"date":"2012-08-11 23:25:14"
},
{
"kids":[],
"uid":"2022962583",
"parent":"ywIAgfCx7",
"text":"求证！",
"mid":"ywIDr1ahK",
"date":"2012-08-11 23:24:57"
},
{
"kids":[],
"uid":"2715915925",
"parent":"ywIfeg5tn",
"text":"",
"mid":"ywID9zPRv",
"date":"2012-08-11 23:24:16"
},
{
"kids":[
"ywIDT8piz"
],
"uid":"qiuqixyz",
"parent":"ywIyafNba",
"text":"不是吧",
"mid":"ywID0tkXE",
"date":"2012-08-11 23:23:53"
},
{
"kids":[],
"uid":"1773374445",
"parent":"ywHs3kEd1",
"text":"真滴假滴啊？",
"mid":"ywICe0GjU",
"date":"2012-08-11 23:21:57"
},
{
"kids":[],
"uid":"2121381555",
"parent":"",
"text":"结果官方辟谣了 。。。。",
"mid":"ywIBxqnHw",
"date":"2012-08-11 23:20:13"
},
{
"kids":[
"ywM5P8Tk3",
"ywIKWaRpd"
],
"uid":"206902555",
"parent":"",
"text":"那说明重庆警察还是得行[good]",
"mid":"ywIBjvZex",
"date":"2012-08-11 23:19:41"
},
{
"kids":[],
"uid":"1143168390",
"parent":"ywItqw4e6",
"text":"真的么假的哦！？",
"mid":"ywIBbiHvA",
"date":"2012-08-11 23:19:23"
},
{
"kids":[],
"uid":"eleamessi",
"parent":"",
"text":"假的吧。。。。",
"mid":"ywIB0Bc7q",
"date":"2012-08-11 23:18:58"
},
{
"kids":[
"ywIFCnfBR"
],
"uid":"1858871837",
"parent":"ywHZYnv4e",
"text":"太不靠谱啦！[怒][怒][怒]",
"mid":"ywIAU9Dr3",
"date":"2012-08-11 23:18:42"
},
{
"kids":[
"ywIDr1ahK"
],
"uid":"1634847371",
"parent":"ywIinwSwB",
"text":"可能是哦，昨天整了全重庆人民一天，还没得点成效啷个对得起广大群众嘛！",
"mid":"ywIAgfCx7",
"date":"2012-08-11 23:17:03"
},
{
"kids":[
"ywIF5zSgq"
],
"uid":"1113713111",
"parent":"ywIyNvi3J",
"text":"",
"mid":"ywIzS1BaC",
"date":"2012-08-11 23:16:09"
},
{
"kids":[],
"uid":"2625420605",
"parent":"",
"text":"批哈儿，造谣死一户口本。",
"mid":"ywIzhFexK",
"date":"2012-08-11 23:14:43"
},
{
"kids":[
"ywISkqlL6",
"ywIzS1BaC"
],
"uid":"1758651057",
"parent":"",
"text":"[good]",
"mid":"ywIyNvi3J",
"date":"2012-08-11 23:13:30"
},
{
"kids":[
"ywID0tkXE"
],
"uid":"danandbobo",
"parent":"ywItqw4e6",
"text":"此事件的结局版本也太多了吧，有被击毙的，有逃出重庆的，还有如下。结果到底怎样还是等看新闻联播或者悬赏告示吧。",
"mid":"ywIyafNba",
"date":"2012-08-11 23:11:58"
},
{
"kids":[],
"uid":"vllq",
"parent":"",
"text":"到底遭抓没的哟?",
"mid":"ywIvTyrUr",
"date":"2012-08-11 23:06:22"
},
{
"kids":[],
"uid":"1954324625",
"parent":"ywIuOdc2L",
"text":"真的假的哦！",
"mid":"ywIvk90ID",
"date":"2012-08-11 23:04:57"
},
{
"kids":[],
"uid":"1353918705",
"parent":"ywImKtFNb",
"text":"好像是假的。这个爆头哥，确实让人胆颤心惊了。",
"mid":"ywIv9usno",
"date":"2012-08-11 23:04:32"
},
{
"kids":[
"ywIvk90ID"
],
"uid":"2722811060",
"parent":"",
"text":"假的",
"mid":"ywIuOdc2L",
"date":"2012-08-11 23:03:39"
},
{
"kids":[],
"uid":"1854172847",
"parent":"ywHDwiYV5",
"text":"他能看到我转贴了吗？",
"mid":"ywIuLfPZo",
"date":"2012-08-11 23:03:31"
},
{
"kids":[
"ywJ3thEME"
],
"uid":"2069262685",
"parent":"ywIpRtfL1",
"text":"是不是真的哟",
"mid":"ywIuKkued",
"date":"2012-08-11 23:03:33"
},
{
"kids":[],
"uid":"aaronbai1024",
"parent":"ywIpRtfL1",
"text":"真假？不是去西安的高速上？",
"mid":"ywIuvxRFm",
"date":"2012-08-11 23:02:57"
},
{
"kids":[],
"uid":"1426774233",
"parent":"ywItvwWQX",
"text":"终于抓到了啊",
"mid":"ywIui21LL",
"date":"2012-08-11 23:02:24"
},
{
"kids":[
"ywIui21LL"
],
"uid":"milansky1899",
"parent":"ywIt704OC",
"text":"红都威武～",
"mid":"ywItvwWQX",
"date":"2012-08-11 23:00:29"
},
{
"kids":[
"ywIE7hwxs",
"ywIBbiHvA",
"ywIyafNba"
],
"uid":"qiuqixyz",
"parent":"",
"text":"",
"mid":"ywItqw4e6",
"date":"2012-08-11 23:00:17"
},
{
"kids":[
"ywItvwWQX"
],
"uid":"2826362887",
"parent":"",
"text":"@我不会高兴的你这个混蛋 @HPEAlec @我会连她那份一起变强 @HPEAlec 抓到了。。。。",
"mid":"ywIt704OC",
"date":"2012-08-11 22:59:30"
},
{
"kids":[],
"uid":"1286989593",
"parent":"ywIhw5iSU",
"text":"真的迈假的？",
"mid":"ywIrNbV2X",
"date":"2012-08-11 22:56:14"
},
{
"kids":[],
"uid":"2733276097",
"parent":"ywHyypjgt",
"text":"希望是真的！",
"mid":"ywIqQBT8R",
"date":"2012-08-11 22:53:55"
},
{
"kids":[],
"uid":"skylinelost",
"parent":"ywHuunafb",
"text":"假的",
"mid":"ywIqLkTlp",
"date":"2012-08-11 22:53:43"
},
{
"kids":[
"ywMVejvpf",
"ywMUtFi25",
"ywJCECnoJ",
"ywIuKkued",
"ywIuvxRFm"
],
"uid":"1404878510",
"parent":"ywI5lFxMJ",
"text":"抓到啦[疑问]",
"mid":"ywIpRtfL1",
"date":"2012-08-11 22:51:30"
},
{
"kids":[],
"uid":"bahiya",
"parent":"ywHxG2KKG",
"text":"要真抓着了早就发抓人的照片了。。",
"mid":"ywIp8hfuG",
"date":"2012-08-11 22:49:42"
},
{
"kids":[
"ywIv9usno"
],
"uid":"2392343784",
"parent":"ywIbkuGRP",
"text":"可能是真的哦！我今天准备去森林公园的，结果封路了。看到很多警车，被告知正在搜捕。",
"mid":"ywImKtFNb",
"date":"2012-08-11 22:43:49"
},
{
"kids":[],
"uid":"mfyu",
"parent":"",
"text":"",
"mid":"ywImcvKLq",
"date":"2012-08-11 22:42:29"
},
{
"kids":[],
"uid":"2661373711",
"parent":"",
"text":"辛苦特警们啦~~~[呵呵]",
"mid":"ywIkqlPtg",
"date":"2012-08-11 22:38:04"
},
{
"kids":[],
"uid":"2661373711",
"parent":"",
"text":"这抓到了？给力！！",
"mid":"ywIk79gpb",
"date":"2012-08-11 22:37:20"
},
{
"kids":[],
"uid":"maoyue",
"parent":"",
"text":"求真相",
"mid":"ywIjLvsWD",
"date":"2012-08-11 22:36:29"
},
{
"kids":[],
"uid":"xtoo7",
"parent":"",
"text":"求证实？",
"mid":"ywIjxC54D",
"date":"2012-08-11 22:35:55"
},
{
"kids":[],
"uid":"apple711",
"parent":"ywIcbnoHn",
"text":"回复@荆棘之灵MM:啊~！！！快点抓到嘛 我这两天好提心吊胆的 生怕碰到他",
"mid":"ywIjqhm75",
"date":"2012-08-11 22:35:39"
},
{
"kids":[],
"uid":"2157741157",
"parent":"ywIhP1SAc",
"text":"[鼓掌][鼓掌][鼓掌]希望是真的!",
"mid":"ywIj7FCKb",
"date":"2012-08-11 22:34:54"
},
{
"kids":[],
"uid":"2308267890",
"parent":"ywHIPt4tS",
"text":"[good][good][good]@Petroway",
"mid":"ywIiZ5Z29",
"date":"2012-08-11 22:34:33"
},
{
"kids":[
"ywKSukspD",
"ywIAgfCx7"
],
"uid":"1793082672",
"parent":"ywHpyvuZb",
"text":"求证求证@重庆网警 @重庆交巡警  [鼓掌][鼓掌]",
"mid":"ywIinwSwB",
"date":"2012-08-11 22:33:04"
},
{
"kids":[],
"uid":"1075096552",
"parent":"",
"text":"这消息是假的！！",
"mid":"ywIimDDBc",
"date":"2012-08-11 22:33:00"
},
{
"kids":[],
"uid":"2470811794",
"parent":"ywIbo4DuZ",
"text":"really？",
"mid":"ywIifimEu",
"date":"2012-08-11 22:32:41"
},
{
"kids":[],
"uid":"1885284705",
"parent":"ywIdBr38d",
"text":"南京警察脸挂不住了！",
"mid":"ywIi6nA7E",
"date":"2012-08-11 22:32:22"
},
{
"kids":[
"ywIj7FCKb"
],
"uid":"1867939804",
"parent":"",
"text":"真的呀?",
"mid":"ywIhP1SAc",
"date":"2012-08-11 22:31:42"
},
{
"kids":[
"ywIrNbV2X"
],
"uid":"210009480",
"parent":"ywIdCEYyH",
"text":"求真相",
"mid":"ywIhw5iSU",
"date":"2012-08-11 22:30:55"
},
{
"kids":[],
"uid":"cqddk",
"parent":"ywIcaxwZW",
"text":"回复@赤痕TATTOO:你不能八卦，你只能用阳光！[偷笑]",
"mid":"ywIgjjP3K",
"date":"2012-08-11 22:27:58"
},
{
"kids":[
"ywIX5ET03"
],
"uid":"521578234",
"parent":"ywIdBr38d",
"text":"这货跟80年代初的时候东北二王有的一拼~~~",
"mid":"ywIfVDt9M",
"date":"2012-08-11 22:27:02"
},
{
"kids":[],
"uid":"2512984540",
"parent":"",
"text":"",
"mid":"ywIff8OTD",
"date":"2012-08-11 22:25:17"
},
{
"kids":[
"ywJqe0q40",
"ywID9zPRv"
],
"uid":"yejiangshan",
"parent":"ywIch3ngb",
"text":"真抓到 了？",
"mid":"ywIfeg5tn",
"date":"2012-08-11 22:25:18"
},
{
"kids":[],
"uid":"2361337033",
"parent":"ywIbeB1s9",
"text":"抓到就好",
"mid":"ywIeLjkQA",
"date":"2012-08-11 22:24:09"
},
{
"kids":[],
"uid":"2281966922",
"parent":"ywIdBr38d",
"text":"",
"mid":"ywIesonVD",
"date":"2012-08-11 22:23:24"
},
{
"kids":[],
"uid":"1908intermilan",
"parent":"ywIdBr38d",
"text":"这是假消息吧",
"mid":"ywIekpA1B",
"date":"2012-08-11 22:23:02"
},
{
"kids":[
"ywIhw5iSU"
],
"uid":"206082888",
"parent":"",
"text":"真的还是假的哟，求真相",
"mid":"ywIdCEYyH",
"date":"2012-08-11 22:21:17"
},
{
"kids":[
"ywIi6nA7E",
"ywIfVDt9M",
"ywIesonVD",
"ywIekpA1B"
],
"uid":"maxwell1987",
"parent":"",
"text":"终于逮住了！",
"mid":"ywIdBr38d",
"date":"2012-08-11 22:21:19"
},
{
"kids":[],
"uid":"2910291820",
"parent":"ywIc7zGgh",
"text":"",
"mid":"ywIdpEIEV",
"date":"2012-08-11 22:20:50"
},
{
"kids":[],
"uid":"1890199065",
"parent":"ywIbvcb2c",
"text":"不可能被活捉",
"mid":"ywIdpk9qD",
"date":"2012-08-11 22:20:48"
},
{
"kids":[],
"uid":"2117046245",
"parent":"ywI1GsqGh",
"text":"凌尺处死[怒]",
"mid":"ywIcVcGGm",
"date":"2012-08-11 22:19:36"
},
{
"kids":[
"ywIfeg5tn"
],
"uid":"321769898",
"parent":"",
"text":"真的假的？",
"mid":"ywIch3ngb",
"date":"2012-08-11 22:18:01"
},
{
"kids":[
"ywIjqhm75"
],
"uid":"zymcl",
"parent":"",
"text":"真的抓到啦？[鼓掌][鼓掌][鼓掌]",
"mid":"ywIcbnoHn",
"date":"2012-08-11 22:17:48"
},
{
"kids":[
"ywIgjjP3K"
],
"uid":"cqddk",
"parent":"",
"text":"真的小易？",
"mid":"ywIcaxwZW",
"date":"2012-08-11 22:17:46"
},
{
"kids":[
"ywIdpEIEV"
],
"uid":"532341714",
"parent":"ywIaVqn6s",
"text":"[噢耶] 好求 可以不用带头盔取钱了",
"mid":"ywIc7zGgh",
"date":"2012-08-11 22:17:38"
},
{
"kids":[
"ywIdpk9qD"
],
"uid":"2591148721",
"parent":"ywHZYnv4e",
"text":"周克华，请你不要侮辱我们的智慧，你以为自己发篇微博出来就跑脱了迈？",
"mid":"ywIbvcb2c",
"date":"2012-08-11 22:16:07"
},
{
"kids":[
"ywIifimEu"
],
"uid":"harism",
"parent":"ywHEB6xMx",
"text":"曾的吗??。。今天终于可以一个人安心睡觉了@靳-秋 @竹由Deva-Gloria @湮尘鸢 @我看我还是叫waiting好了  @顾颦颦",
"mid":"ywIbo4DuZ",
"date":"2012-08-11 22:15:50"
},
{
"kids":[
"ywImKtFNb"
],
"uid":"1974790594",
"parent":"",
"text":"靠，还 没得到证实又是假消息",
"mid":"ywIbkuGRP",
"date":"2012-08-11 22:15:41"
},
{
"kids":[
"ywIDyrz57",
"ywIeLjkQA"
],
"uid":"1769111952",
"parent":"",
"text":"[鼓掌][鼓掌][鼓掌]",
"mid":"ywIbeB1s9",
"date":"2012-08-11 22:15:29"
},
{
"kids":[
"ywIc7zGgh"
],
"uid":"youngtaoo",
"parent":"",
"text":"@超级吃货李弱弱 ！",
"mid":"ywIaVqn6s",
"date":"2012-08-11 22:14:42"
},
{
"kids":[],
"uid":"1839388902",
"parent":"ywHmqnPcE",
"text":"",
"mid":"ywIai96Vh",
"date":"2012-08-11 22:13:08"
},
{
"kids":[],
"uid":"1998569313",
"parent":"",
"text":"终于可以去取钱了。。[偷笑][偷笑]/@冉大帅RioSlim矮帅潮穷:我的50万哪, 泡汤老啊...[泪][泪][泪]",
"mid":"ywI9CsCkO",
"date":"2012-08-11 22:11:30"
},
{
"kids":[],
"uid":"1896654467",
"parent":"ywHT9f0gS",
"text":"是不是真的哦？",
"mid":"ywI8ObopV",
"date":"2012-08-11 22:09:25"
},
{
"kids":[],
"uid":"2081478585",
"parent":"",
"text":"真的？",
"mid":"ywI8ratYS",
"date":"2012-08-11 22:08:32"
},
{
"kids":[],
"uid":"1130524764",
"parent":"",
"text":"假消息。",
"mid":"ywI7PDKG5",
"date":"2012-08-11 22:07:02"
},
{
"kids":[],
"uid":"10690615",
"parent":"",
"text":"假的吧，刚刚上山的时候看到，有两辆装甲车开下山了。",
"mid":"ywI65bCHq",
"date":"2012-08-11 22:02:46"
},
{
"kids":[
"ywIpRtfL1"
],
"uid":"207888719",
"parent":"ywI2kmOFr",
"text":"是真是假",
"mid":"ywI5lFxMJ",
"date":"2012-08-11 22:00:57"
},
{
"kids":[],
"uid":"2036282260",
"parent":"ywHqzqtuO",
"text":"是不是真的哦？",
"mid":"ywI50oTzV",
"date":"2012-08-11 22:00:04"
},
{
"kids":[],
"uid":"tz5148888",
"parent":"",
"text":"",
"mid":"ywI3TzIVV",
"date":"2012-08-11 21:57:23"
},
{
"kids":[],
"uid":"2876243174",
"parent":"ywHZtEFfb",
"text":"照片好像看不出文字所描述的状况吔。",
"mid":"ywI3GhSDu",
"date":"2012-08-11 21:56:52"
},
{
"kids":[],
"uid":"1886656731",
"parent":"ywHZYnv4e",
"text":"啥子才是真的哦",
"mid":"ywI3xmtUI",
"date":"2012-08-11 21:56:30"
},
{
"kids":[],
"uid":"1950566342",
"parent":"ywHIPt4tS",
"text":"不是说没抓到吗？",
"mid":"ywI2FApEO",
"date":"2012-08-11 21:54:23"
},
{
"kids":[],
"uid":"1854023323",
"parent":"ywI1LsMkC",
"text":"啊啊，被骗了！",
"mid":"ywI2uobTT",
"date":"2012-08-11 21:53:55"
},
{
"kids":[
"ywI5lFxMJ"
],
"uid":"1675338852",
"parent":"",
"text":"那哈儿不是说没有抓到的嘛，这个图片早上都有了",
"mid":"ywI2kmOFr",
"date":"2012-08-11 21:53:29"
},
{
"kids":[
"ywI2uobTT"
],
"uid":"1970407665",
"parent":"ywI1galuZ",
"text":"还没有，是假消息",
"mid":"ywI1LsMkC",
"date":"2012-08-11 21:52:08"
},
{
"kids":[
"ywIcVcGGm"
],
"uid":"incarel",
"parent":"ywI0O7gau",
"text":"这回是真的0了吧",
"mid":"ywI1GsqGh",
"date":"2012-08-11 21:51:56"
},
{
"kids":[
"ywI1LsMkC"
],
"uid":"1854023323",
"parent":"ywI0O7gau",
"text":"抓到了！",
"mid":"ywI1galuZ",
"date":"2012-08-11 21:50:53"
},
{
"kids":[],
"uid":"mango141242",
"parent":"",
"text":"@热点热报，你是在安慰民众还是你自己在＂看图说话＂！或许是你替我们表达这个美好的愿望。到目前，重庆市公安局，或是重庆市政府，没有宣布＂周克华＂已经被抓捕",
"mid":"ywI12zXxG",
"date":"2012-08-11 21:50:18"
},
{
"kids":[
"ywI1GsqGh",
"ywI1galuZ"
],
"uid":"1105586273",
"parent":"",
"text":"浪个还有错别字哟！[书呆子]",
"mid":"ywI0O7gau",
"date":"2012-08-11 21:49:45"
},
{
"kids":[],
"uid":"2674675543",
"parent":"ywHIPt4tS",
"text":"特警必须给力！平安重庆必须继续！[奥特曼][奥特曼][奥特曼]",
"mid":"ywI0z0UQ6",
"date":"2012-08-11 21:49:07"
},
{
"kids":[],
"uid":"1999781191",
"parent":"ywHyt7oxy",
"text":"真的抓到了吗？",
"mid":"ywI0jBGHA",
"date":"2012-08-11 21:48:35"
},
{
"kids":[
"ywIAU9Dr3",
"ywIbvcb2c",
"ywI3xmtUI"
],
"uid":"1858871837",
"parent":"ywHZtEFfb",
"text":"给重庆人民鼓掌",
"mid":"ywHZYnv4e",
"date":"2012-08-11 21:47:43"
},
{
"kids":[],
"uid":"1926137537",
"parent":"",
"text":"链接上说是谣言，没捉到呢",
"mid":"ywHZy3lc9",
"date":"2012-08-11 21:46:41"
},
{
"kids":[
"ywI3GhSDu",
"ywHZYnv4e"
],
"uid":"1886656731",
"parent":"ywHlqzCng",
"text":"威武[鼓掌]",
"mid":"ywHZtEFfb",
"date":"2012-08-11 21:46:27"
},
{
"kids":[],
"uid":"2169783442",
"parent":"",
"text":"真的假的？[思考][思考]",
"mid":"ywHXsDjvC",
"date":"2012-08-11 21:41:30"
},
{
"kids":[],
"uid":"2397370361",
"parent":"ywHUUheYh",
"text":"[鼓掌][鼓掌] 终于不再祸害人了！",
"mid":"ywHX18qkE",
"date":"2012-08-11 21:40:24"
},
{
"kids":[],
"uid":"1704049713",
"parent":"ywHVbpFTO",
"text":"是不是真的哟，可以出门了哟[闭嘴] @西西高",
"mid":"ywHW4kWd2",
"date":"2012-08-11 21:38:06"
},
{
"kids":[],
"uid":"csdnlitao",
"parent":"ywHyt7oxy",
"text":"",
"mid":"ywHW42nef",
"date":"2012-08-11 21:38:05"
},
{
"kids":[],
"uid":"2684438741",
"parent":"ywHDwiYV5",
"text":"[围观][围观][围观][围观]",
"mid":"ywHW2xuvK",
"date":"2012-08-11 21:37:59"
},
{
"kids":[],
"uid":"1414288584",
"parent":"ywHmqnPcE",
"text":"",
"mid":"ywHVrjyKS",
"date":"2012-08-11 21:36:29"
},
{
"kids":[
"ywHW4kWd2"
],
"uid":"lt929",
"parent":"",
"text":"真假？",
"mid":"ywHVbpFTO",
"date":"2012-08-11 21:35:52"
},
{
"kids":[
"ywHX18qkE"
],
"uid":"1905007137",
"parent":"",
"text":"歌乐山院墙垮了？",
"mid":"ywHUUheYh",
"date":"2012-08-11 21:35:14"
},
{
"kids":[],
"uid":"2172321973",
"parent":"",
"text":"辛苦了搜捕的战士们，你们是好样的，老百姓得以安心，全靠你们",
"mid":"ywHUMi6Y2",
"date":"2012-08-11 21:34:53"
},
{
"kids":[],
"uid":"1257597845",
"parent":"",
"text":"嫂子，我很遗憾地告诉你，这是假的！，不过我希望他自己掉粪凼安死",
"mid":"ywHTYBhVH",
"date":"2012-08-11 21:32:56"
},
{
"kids":[],
"uid":"woaimogutou",
"parent":"",
"text":"假的！",
"mid":"ywHTS8p5a",
"date":"2012-08-11 21:32:42"
},
{
"kids":[],
"uid":"2231697200",
"parent":"ywHr25xgW",
"text":"现代快报说这新闻是假的",
"mid":"ywHTJyy1o",
"date":"2012-08-11 21:32:22"
},
{
"kids":[
"ywI8ObopV"
],
"uid":"beibei930",
"parent":"ywHMjec2O",
"text":"等于说五十W是遭除脱老。。。",
"mid":"ywHT9f0gS",
"date":"2012-08-11 21:30:54"
},
{
"kids":[],
"uid":"2749311727",
"parent":"",
"text":"是不是真的哦",
"mid":"ywHSzqSOZ",
"date":"2012-08-11 21:29:30"
},
{
"kids":[],
"uid":"2045741531",
"parent":"ywHRfzuQi",
"text":"回复@雨天--源:额，可是他也有呀，反正你小心点[猪头][猪头]",
"mid":"ywHS6cDSv",
"date":"2012-08-11 21:28:18"
},
{
"kids":[],
"uid":"2036383974",
"parent":"",
"text":"真的假的[浮云][浮云]",
"mid":"ywHS5joUy",
"date":"2012-08-11 21:28:17"
},
{
"kids":[],
"uid":"1166713664",
"parent":"",
"text":"",
"mid":"ywHRN2nJM",
"date":"2012-08-11 21:27:33"
},
{
"kids":[],
"uid":"1889354021",
"parent":"",
"text":"@chenoly 这个上面说滴",
"mid":"ywHRHoZTc",
"date":"2012-08-11 21:27:20"
},
{
"kids":[],
"uid":"2218677593",
"parent":"ywHJScJS1",
"text":"@范炜 求证",
"mid":"ywHRlwJty",
"date":"2012-08-11 21:26:28"
},
{
"kids":[
"ywHS6cDSv"
],
"uid":"2045741531",
"parent":"ywHPW4d6z",
"text":"回复@雨天--源:哦，还说举报你呢[哈哈][哈哈]有人说已经跑出重庆了，还在歌乐山上呀？你小心点哦[可爱]",
"mid":"ywHRfzuQi",
"date":"2012-08-11 21:26:15"
},
{
"kids":[],
"uid":"1982289352",
"parent":"",
"text":"",
"mid":"ywHRflPRk",
"date":"2012-08-11 21:26:14"
},
{
"kids":[],
"uid":"2542794957",
"parent":"ywHxG2KKG",
"text":"他们说是假的",
"mid":"ywHRercln",
"date":"2012-08-11 21:26:09"
},
{
"kids":[],
"uid":"2121381555",
"parent":"ywHCykrm3",
"text":"抓到了啊？？？？",
"mid":"ywHQOonHd",
"date":"2012-08-11 21:25:07"
},
{
"kids":[],
"uid":"2165311752",
"parent":"",
"text":"@不知所云1397 你看嘛",
"mid":"ywHQxjGaX",
"date":"2012-08-11 21:24:28"
},
{
"kids":[],
"uid":"tangke26",
"parent":"ywHlH8IhG",
"text":"真的假的[吃惊][吃惊]早晓得没事去歌乐山转转哟！说不定还可以拿奖金[抓狂][抓狂]",
"mid":"ywHQm5Wev",
"date":"2012-08-11 21:24:01"
},
{
"kids":[
"ywHRfzuQi"
],
"uid":"2045741531",
"parent":"ywHPd999i",
"text":"你胆子大哟，又带手机",
"mid":"ywHPW4d6z",
"date":"2012-08-11 21:23:00"
},
{
"kids":[
"ywHPW4d6z"
],
"uid":"2045741531",
"parent":"ywHwWtP4u",
"text":"回复@雨天--源:额，那我又被忽悠了",
"mid":"ywHPd999i",
"date":"2012-08-11 21:21:11"
},
{
"kids":[],
"uid":"1247912224",
"parent":"ywHG74jbB",
"text":"真的假的？ 谣言太多",
"mid":"ywHP38hyC",
"date":"2012-08-11 21:20:45"
},
{
"kids":[],
"uid":"tulipever",
"parent":"",
"text":"不是说是谣传的嘛",
"mid":"ywHOT42MH",
"date":"2012-08-11 21:20:22"
},
{
"kids":[],
"uid":"2464304384",
"parent":"",
"text":"[鼓掌][鼓掌][鼓掌]",
"mid":"ywHODmHdx",
"date":"2012-08-11 21:19:47"
},
{
"kids":[],
"uid":"2231697200",
"parent":"ywHr25xgW",
"text":"给力",
"mid":"ywHOqpbbv",
"date":"2012-08-11 21:19:15"
},
{
"kids":[],
"uid":"2188398812",
"parent":"ywHqlA2nz",
"text":"一代匪雄陨落",
"mid":"ywHO08cD3",
"date":"2012-08-11 21:18:13"
},
{
"kids":[],
"uid":"2714776030",
"parent":"ywHwYxUbr",
"text":"祸害终于活不了千年了…市民[鼓掌][鼓掌]愿天下平安！公安刑警辛苦了",
"mid":"ywHNThKNx",
"date":"2012-08-11 21:17:58"
},
{
"kids":[],
"uid":"2090757501",
"parent":"",
"text":"现在重庆真可怕，哪个还敢出门了呢？警察是干什么的，我们纳税，却只能让暴徒欺负平民，要你们何用",
"mid":"ywHNQC1TE",
"date":"2012-08-11 21:17:51"
},
{
"kids":[],
"uid":"1914965873",
"parent":"ywHDwiYV5",
"text":"[围观]",
"mid":"ywHN3AVTA",
"date":"2012-08-11 21:15:54"
},
{
"kids":[],
"uid":"cddq",
"parent":"ywHLE9puk",
"text":"拉个替死鬼来销案，缓解紧张气氛而已，呵呵",
"mid":"ywHMJdyAO",
"date":"2012-08-11 21:15:05"
},
{
"kids":[
"ywHT9f0gS"
],
"uid":"2305002734",
"parent":"",
"text":"这个绝对有假！",
"mid":"ywHMjec2O",
"date":"2012-08-11 21:14:03"
},
{
"kids":[
"ywHMJdyAO"
],
"uid":"zhudebanyeqianxia",
"parent":"ywHGTcVoq",
"text":"抓了嗎？剛看新聞頻道也木提[思考]三個城市都是同一人作案",
"mid":"ywHLE9puk",
"date":"2012-08-11 21:12:22"
},
{
"kids":[],
"uid":"2862695504",
"parent":"",
"text":"[鼓掌]",
"mid":"ywHLe7F5C",
"date":"2012-08-11 21:11:23"
},
{
"kids":[],
"uid":"lawyertim",
"parent":"ywHkqfC7e",
"text":"励害",
"mid":"ywHL8eh9w",
"date":"2012-08-11 21:11:07"
},
{
"kids":[],
"uid":"2417189595",
"parent":"ywHwAm9KY",
"text":"",
"mid":"ywHKUA5Jj",
"date":"2012-08-11 21:10:37"
},
{
"kids":[],
"uid":"2511879721",
"parent":"",
"text":"废话 假的",
"mid":"ywHKSds8M",
"date":"2012-08-11 21:10:31"
},
{
"kids":[
"yBpUNivpD",
"yA2FQiG1I",
"yzSMzhODG"
],
"uid":"1721661107",
"parent":"",
"text":"为民除害。好",
"mid":"ywHKOFryS",
"date":"2012-08-11 21:10:22"
},
{
"kids":[
"ywHRlwJty"
],
"uid":"2218677593",
"parent":"ywHnIs4Gu",
"text":"大快人心",
"mid":"ywHJScJS1",
"date":"2012-08-11 21:08:00"
},
{
"kids":[],
"uid":"2092048320",
"parent":"ywHExvJWN",
"text":"@I-M-JASON 求内幕",
"mid":"ywHJeiQvi",
"date":"2012-08-11 21:06:27"
},
{
"kids":[],
"uid":"2384906601",
"parent":"",
"text":"是周克华强大，还是有关部门不作为？奇怪的是明知他作案，还能回家看孩子，挺人性化！",
"mid":"ywHJ6CWAT",
"date":"2012-08-11 21:06:10"
},
{
"kids":[
"ywIiZ5Z29",
"ywI2FApEO",
"ywI0z0UQ6"
],
"uid":"2259551355",
"parent":"ywHmqnPcE",
"text":"[耶][耶][耶]安心出门了！[嘻嘻][哈哈][哈哈][哈哈]",
"mid":"ywHIPt4tS",
"date":"2012-08-11 21:05:26"
},
{
"kids":[],
"uid":"1873272160",
"parent":"ywHEOpzyy",
"text":"拉出去五马分尸！[怒]",
"mid":"ywHIynelX",
"date":"2012-08-11 21:04:46"
},
{
"kids":[],
"uid":"ccmanshit",
"parent":"",
"text":"真的假的？",
"mid":"ywHImeZvN",
"date":"2012-08-11 21:04:19"
},
{
"kids":[],
"uid":"levinhsu",
"parent":"ywHExvJWN",
"text":"作案后是高危期，要低调。",
"mid":"ywHI1fZMG",
"date":"2012-08-11 21:03:30"
},
{
"kids":[],
"uid":"1769775484",
"parent":"ywHs2chER",
"text":"[酷][good][鼓掌][鼓掌]",
"mid":"ywHHV3HY3",
"date":"2012-08-11 21:03:13"
},
{
"kids":[],
"uid":"208086067",
"parent":"",
"text":"同求！",
"mid":"ywHHPoMsA",
"date":"2012-08-11 21:02:57"
},
{
"kids":[],
"uid":"2084130573",
"parent":"ywHmqnPcE",
"text":"好的'可以不堵车了",
"mid":"ywHHGwOiB",
"date":"2012-08-11 21:02:40"
},
{
"kids":[],
"uid":"2667641694",
"parent":"ywHFNvAdg",
"text":"我靠！听说是假消息[睡觉][睡觉][睡觉]真无聊",
"mid":"ywHHi34pv",
"date":"2012-08-11 21:01:39"
},
{
"kids":[],
"uid":"2433173541",
"parent":"",
"text":"厉害",
"mid":"ywHHbetsO",
"date":"2012-08-11 21:01:21"
},
{
"kids":[
"ywHLE9puk"
],
"uid":"1434701141",
"parent":"ywHxG2KKG",
"text":"这名悍匪不杀贪官 专杀平民 浪费了自己的好枪法 必须要消灭掉！不过我一直觉得中国的这些军警装扮一点不霸气威猛 像是来玩儿真人CS的。。。",
"mid":"ywHGTcVoq",
"date":"2012-08-11 21:00:42"
},
{
"kids":[],
"uid":"2206105497",
"parent":"ywHzYsmVa",
"text":"[鼓掌][鼓掌]",
"mid":"ywHGxFbmw",
"date":"2012-08-11 20:59:51"
},
{
"kids":[
"ywHP38hyC"
],
"uid":"yo2s",
"parent":"",
"text":"不是说逃到西安切老得嘛~？再说老~如果真的抓到老还报道得嫩个低调》》》》？？？？",
"mid":"ywHG74jbB",
"date":"2012-08-11 20:58:47"
},
{
"kids":[
"ywHHi34pv"
],
"uid":"2667641694",
"parent":"ywHrQ5jw4",
"text":"成功了[耶][耶][耶][耶]",
"mid":"ywHFNvAdg",
"date":"2012-08-11 20:58:02"
},
{
"kids":[],
"uid":"1183287475",
"parent":"ywHDwiYV5",
"text":"Really",
"mid":"ywHFMFJLi",
"date":"2012-08-11 20:57:55"
},
{
"kids":[],
"uid":"2047986494",
"parent":"ywHEOpzyy",
"text":"求真相[挖鼻屎][挖鼻屎]@胖笋子瘦竹子 @Cho克士多啤梨 @樱花妞",
"mid":"ywHFHD4zC",
"date":"2012-08-11 20:57:47"
},
{
"kids":[],
"uid":"tenzsure",
"parent":"ywHnib2DR",
"text":"给力！不过2004年就有持枪抢劫命案2005年就服刑的人，怎么还有机会释放，还有机会在2011年办理离婚？这减刑是不是太快了？",
"mid":"ywHFEo88h",
"date":"2012-08-11 20:57:37"
},
{
"kids":[
"ywHIynelX",
"ywHFHD4zC"
],
"uid":"1000751872",
"parent":"ywHlqzCng",
"text":"是不是哟???",
"mid":"ywHEOpzyy",
"date":"2012-08-11 20:55:35"
},
{
"kids":[
"ywIbo4DuZ"
],
"uid":"2722694661",
"parent":"",
"text":"真的啊'?",
"mid":"ywHEB6xMx",
"date":"2012-08-11 20:55:00"
},
{
"kids":[
"ywHJeiQvi",
"ywHI1fZMG"
],
"uid":"2129601391",
"parent":"ywHDwiYV5",
"text":"歌乐山应该没错，如真如描述的没自杀成，就惨了",
"mid":"ywHExvJWN",
"date":"2012-08-11 20:54:56"
},
{
"kids":[],
"uid":"hmily1006",
"parent":"",
"text":"据说这是谣言，这两张照片今天早上就出现过",
"mid":"ywHEg5QlR",
"date":"2012-08-11 20:54:13"
},
{
"kids":[],
"uid":"huangjingyun69",
"parent":"ywHwQjC1R",
"text":"真的假的哦..大神已经遭抓了啊..我的50万。。[泪][泪]",
"mid":"ywHE6mhN8",
"date":"2012-08-11 20:53:47"
},
{
"kids":[],
"uid":"1949700212",
"parent":"",
"text":"",
"mid":"ywHDMzlfO",
"date":"2012-08-11 20:53:00"
},
{
"kids":[],
"uid":"2092696481",
"parent":"",
"text":"我不相信~",
"mid":"ywHDHxUdr",
"date":"2012-08-11 20:52:51"
},
{
"kids":[
"ywIuLfPZo",
"ywHW2xuvK",
"ywHN3AVTA",
"ywHFMFJLi",
"ywHExvJWN"
],
"uid":"njreds",
"parent":"ywHrDknND",
"text":"[围观][围观]",
"mid":"ywHDwiYV5",
"date":"2012-08-11 20:52:23"
},
{
"kids":[],
"uid":"2231061765",
"parent":"",
"text":"不要放些假消息出来好不好？ 进出银行存取款时，仍然要穿上防弹衣，头带干盔帽子，平安重庆的第一枪才打响，哪里那样快就结束了？太高估那几爷子的能力了…[怒][怒][怒]",
"mid":"ywHD6jK8Z",
"date":"2012-08-11 20:51:22"
},
{
"kids":[],
"uid":"2431624135",
"parent":"",
"text":"终于抓到了",
"mid":"ywHD5quJl",
"date":"2012-08-11 20:51:19"
},
{
"kids":[
"ywIVdfrYz",
"ywHQOonHd"
],
"uid":"1836033491",
"parent":"ywHusyl1V",
"text":"终于不堵车了[太开心][太开心][太开心]",
"mid":"ywHCykrm3",
"date":"2012-08-11 20:50:01"
},
{
"kids":[],
"uid":"2807597877",
"parent":"",
"text":"",
"mid":"ywHCfFicn",
"date":"2012-08-11 20:49:17"
},
{
"kids":[],
"uid":"222010817",
"parent":"",
"text":"",
"mid":"ywHC4uBJn",
"date":"2012-08-11 20:48:50"
},
{
"kids":[],
"uid":"1935289374",
"parent":"ywHAp4rHn",
"text":"真的假的？官方消息还没出来",
"mid":"ywHC0CQbZ",
"date":"2012-08-11 20:48:41"
},
{
"kids":[],
"uid":"2846578704",
"parent":"",
"text":"",
"mid":"ywHBF4DK0",
"date":"2012-08-11 20:47:49"
},
{
"kids":[],
"uid":"1502843137",
"parent":"ywHnIs4Gu",
"text":"最近大片素材很多",
"mid":"ywHBx72gM",
"date":"2012-08-11 20:47:30"
},
{
"kids":[],
"uid":"2569208302",
"parent":"ywHvC6Xms",
"text":"[赞][鼓掌][哈哈]",
"mid":"ywHBwcCmh",
"date":"2012-08-11 20:47:28"
},
{
"kids":[],
"uid":"2624687451",
"parent":"",
"text":"估计没这么快，比较怀疑真实性...",
"mid":"ywHB50T6y",
"date":"2012-08-11 20:46:23"
},
{
"kids":[],
"uid":"1148538390",
"parent":"",
"text":"[耶]",
"mid":"ywHARrK9x",
"date":"2012-08-11 20:45:49"
},
{
"kids":[],
"uid":"2338024537",
"parent":"",
"text":"终于绳之以法啦，重庆警察厉害。[围观][围观][围观]",
"mid":"ywHAunufq",
"date":"2012-08-11 20:44:53"
},
{
"kids":[],
"uid":"2117121890",
"parent":"ywHyypjgt",
"text":"可能是假的。",
"mid":"ywHAtrZHc",
"date":"2012-08-11 20:44:51"
},
{
"kids":[],
"uid":"whenandwhereandhow",
"parent":"ywHp7lfiV",
"text":"盟主财大气粗",
"mid":"ywHAqvC2c",
"date":"2012-08-11 20:44:48"
},
{
"kids":[
"ywHC0CQbZ"
],
"uid":"1866283725",
"parent":"",
"text":"",
"mid":"ywHAp4rHn",
"date":"2012-08-11 20:44:40"
},
{
"kids":[
"ywHGxFbmw"
],
"uid":"2466794572",
"parent":"",
"text":"真的真的？终于安心了，可以放心了。该死的，拉去枪毙，",
"mid":"ywHzYsmVa",
"date":"2012-08-11 20:43:40"
},
{
"kids":[],
"uid":"ivyivy0903",
"parent":"",
"text":"就是！照片呢！",
"mid":"ywHzj61xa",
"date":"2012-08-11 20:42:01"
},
{
"kids":[],
"uid":"q3runner",
"parent":"ywHr25xgW",
"text":"[good]",
"mid":"ywHz9DuRf",
"date":"2012-08-11 20:41:38"
},
{
"kids":[
"ywIqQBT8R",
"ywHAtrZHc"
],
"uid":"1854905777",
"parent":"ywHsojvqK",
"text":"这是真的还是假的阿？求官方消息阿！哇撒这是丛林围剿战么",
"mid":"ywHyypjgt",
"date":"2012-08-11 20:40:10"
},
{
"kids":[
"ywI0jBGHA",
"ywHW42nef"
],
"uid":"pharaohlin",
"parent":"ywHnib2DR",
"text":"抓到了？警察辛苦了。[吃惊]",
"mid":"ywHyt7oxy",
"date":"2012-08-11 20:39:56"
},
{
"kids":[],
"uid":"1735955244",
"parent":"",
"text":"[鼓掌][鼓掌][鼓掌]但愿这消息是真的~",
"mid":"ywHygFg4n",
"date":"2012-08-11 20:39:26"
},
{
"kids":[],
"uid":"2808852292",
"parent":"ywHwu7Sh0",
"text":"",
"mid":"ywHxV4Iqu",
"date":"2012-08-11 20:38:36"
},
{
"kids":[
"ywMEb68Wv",
"ywIp8hfuG",
"ywHRercln",
"ywHGTcVoq"
],
"uid":"207891218",
"parent":"ywHwQjC1R",
"text":"是不是真的哦？",
"mid":"ywHxG2KKG",
"date":"2012-08-11 20:38:01"
},
{
"kids":[],
"uid":"zhennidaozhu",
"parent":"",
"text":"终于被抓住了，看来这件事情就是简单的惯犯抢劫杀人了。 @莎莎mi",
"mid":"ywHxBiV0A",
"date":"2012-08-11 20:37:49"
},
{
"kids":[],
"uid":"1820717681",
"parent":"ywHv5xNGa",
"text":"这次效率不错，南京的公安丢脸了！！！",
"mid":"ywHwYAZL3",
"date":"2012-08-11 20:36:17"
},
{
"kids":[
"ywHNThKNx"
],
"uid":"2440589662",
"parent":"",
"text":"真的吗？",
"mid":"ywHwYxUbr",
"date":"2012-08-11 20:36:18"
},
{
"kids":[
"ywHPd999i"
],
"uid":"2045741531",
"parent":"",
"text":"是不是哟？求鉴定？",
"mid":"ywHwWtP4u",
"date":"2012-08-11 20:36:12"
},
{
"kids":[],
"uid":"1902721011",
"parent":"ywHvvy4gj",
"text":"求证，但愿。",
"mid":"ywHwWgpwO",
"date":"2012-08-11 20:36:11"
},
{
"kids":[
"ywHE6mhN8",
"ywHxG2KKG"
],
"uid":"violetbee",
"parent":"ywHmTBsNs",
"text":"是下午么？那浪个晚上六点下山时警察还在排查也？",
"mid":"ywHwQjC1R",
"date":"2012-08-11 20:35:57"
},
{
"kids":[],
"uid":"2604521983",
"parent":"",
"text":"真的吗?还木有官方消息啊",
"mid":"ywHwBdmr0",
"date":"2012-08-11 20:35:18"
},
{
"kids":[
"ywHKUA5Jj"
],
"uid":"2236375305",
"parent":"",
"text":"",
"mid":"ywHwAm9KY",
"date":"2012-08-11 20:35:20"
},
{
"kids":[],
"uid":"liuruibnu",
"parent":"",
"text":"取巨款一般有2个原因吧 1）出于避税或其它undertable原因的现金交易 2）省银行手续费。澳洲的银行收费不便宜，但是跨行转账一律免费。我觉得银行不应该在转账上设置这种收费门槛，放大普通老百姓的转账风险。另外，各种支票的使用貌似在国内也应该普及，买车用了一次，感觉很方便。",
"mid":"ywHwA6zCZ",
"date":"2012-08-11 20:35:18"
},
{
"kids":[
"ywJ2k4L8h",
"ywHxV4Iqu"
],
"uid":"1841002165",
"parent":"ywHp7lfiV",
"text":"",
"mid":"ywHwu7Sh0",
"date":"2012-08-11 20:35:04"
},
{
"kids":[],
"uid":"chengyemao",
"parent":"",
"text":"yes",
"mid":"ywHw2oYFy",
"date":"2012-08-11 20:33:58"
},
{
"kids":[],
"uid":"1686516825",
"parent":"",
"text":"为什么没有嫌疑人照片。。。",
"mid":"ywHvV0Kyo",
"date":"2012-08-11 20:33:39"
},
{
"kids":[],
"uid":"1313983234",
"parent":"",
"text":"真的吗？",
"mid":"ywHvNiWvG",
"date":"2012-08-11 20:33:22"
},
{
"kids":[],
"uid":"201285630",
"parent":"",
"text":"是不是真的   求证实",
"mid":"ywHvHnmrD",
"date":"2012-08-11 20:33:08"
},
{
"kids":[
"ywHBwcCmh"
],
"uid":"1845579661",
"parent":"ywHp7lfiV",
"text":"[嘻嘻]",
"mid":"ywHvC6Xms",
"date":"2012-08-11 20:32:52"
},
{
"kids":[
"ywIGZrTj1",
"ywHwWgpwO"
],
"uid":"1873925413",
"parent":"ywHnib2DR",
"text":"向红都tx求证！",
"mid":"ywHvvy4gj",
"date":"2012-08-11 20:32:40"
},
{
"kids":[
"ywM30wW4M",
"ywHwYAZL3"
],
"uid":"wss1018",
"parent":"",
"text":"希望是真的",
"mid":"ywHv5xNGa",
"date":"2012-08-11 20:31:38"
},
{
"kids":[],
"uid":"2063008802",
"parent":"",
"text":"真的？",
"mid":"ywHv23FrY",
"date":"2012-08-11 20:31:26"
},
{
"kids":[],
"uid":"1741923337",
"parent":"",
"text":"求真相[可怜]",
"mid":"ywHuM68ci",
"date":"2012-08-11 20:30:49"
},
{
"kids":[
"ywLvZCx5h"
],
"uid":"2573550691",
"parent":"",
"text":"终于被抓到了！",
"mid":"ywHuKzSkO",
"date":"2012-08-11 20:30:49"
},
{
"kids":[],
"uid":"1597862572",
"parent":"",
"text":"",
"mid":"ywHuB7M0K",
"date":"2012-08-11 20:30:26"
},
{
"kids":[
"ywIqLkTlp"
],
"uid":"siv329",
"parent":"",
"text":"求证实",
"mid":"ywHuunafb",
"date":"2012-08-11 20:30:09"
},
{
"kids":[
"ywHCykrm3"
],
"uid":"babi520",
"parent":"ywHnKcHuI",
"text":"[威武][威武]终于抓住了",
"mid":"ywHusyl1V",
"date":"2012-08-11 20:30:05"
},
{
"kids":[],
"uid":"2295632814",
"parent":"",
"text":"[鼓掌]警察叔叔你们辛苦了！",
"mid":"ywHu9n5NY",
"date":"2012-08-11 20:29:18"
},
{
"kids":[
"ywO7ajD23"
],
"uid":"xinjiangheiwawa",
"parent":"ywHp7lfiV",
"text":"希望是真的！虽然我佩服此人，也可恨此人只对普通民众下手！",
"mid":"ywHtjmfgi",
"date":"2012-08-11 20:27:14"
},
{
"kids":[],
"uid":"1951263777",
"parent":"",
"text":"[哈哈]法网恢恢疏而不漏 真是大快人心！",
"mid":"ywHtcwClO",
"date":"2012-08-11 20:26:59"
},
{
"kids":[
"ywHyypjgt"
],
"uid":"1224334210",
"parent":"",
"text":"真假",
"mid":"ywHsojvqK",
"date":"2012-08-11 20:25:00"
},
{
"kids":[],
"uid":"2075503317",
"parent":"",
"text":"最有应得",
"mid":"ywHsmgYr5",
"date":"2012-08-11 20:24:55"
},
{
"kids":[],
"uid":"2049096262",
"parent":"",
"text":"回复@虫虫使劲飞:求官方哟",
"mid":"ywHsdnsfX",
"date":"2012-08-11 20:24:32"
},
{
"kids":[],
"uid":"1031209383",
"parent":"",
"text":"是不是真的哟[挖鼻屎][挖鼻屎]",
"mid":"ywHs58zwV",
"date":"2012-08-11 20:24:13"
},
{
"kids":[
"ywICe0GjU"
],
"uid":"2003267677",
"parent":"ywHrQ5jw4",
"text":"但是据说此消息还有待证实",
"mid":"ywHs3kEd1",
"date":"2012-08-11 20:24:10"
},
{
"kids":[
"ywHHV3HY3"
],
"uid":"1921519297",
"parent":"",
"text":"[鼓掌]",
"mid":"ywHs2chER",
"date":"2012-08-11 20:24:07"
},
{
"kids":[],
"uid":"xiaodianyy",
"parent":"",
"text":"抓到变态老…[酷][酷][酷]",
"mid":"ywHs1xezW",
"date":"2012-08-11 20:24:05"
},
{
"kids":[],
"uid":"zys1120",
"parent":"",
"text":"这是真的麽？？[疑问][疑问][疑问]",
"mid":"ywHrTgUja",
"date":"2012-08-11 20:23:46"
},
{
"kids":[
"ywHFNvAdg",
"ywHs3kEd1"
],
"uid":"1939645780",
"parent":"ywHqlA2nz",
"text":"太给力了！[good][good][good]",
"mid":"ywHrQ5jw4",
"date":"2012-08-11 20:23:37"
},
{
"kids":[
"ywHDwiYV5"
],
"uid":"jeronchu",
"parent":"",
"text":"歌乐山?",
"mid":"ywHrDknND",
"date":"2012-08-11 20:23:07"
},
{
"kids":[
"ywHTJyy1o",
"ywHOqpbbv",
"ywHz9DuRf"
],
"uid":"hotchl",
"parent":"ywHnib2DR",
"text":"[给力][威武]",
"mid":"ywHr25xgW",
"date":"2012-08-11 20:21:37"
},
{
"kids":[],
"uid":"1542317401",
"parent":"",
"text":"应该还没有吧？",
"mid":"ywHqGdqND",
"date":"2012-08-11 20:20:46"
},
{
"kids":[
"ywI50oTzV"
],
"uid":"2185254010",
"parent":"",
"text":"大家欢呼[威武][威武][威武][威武]",
"mid":"ywHqzqtuO",
"date":"2012-08-11 20:20:27"
},
{
"kids":[
"ywLf1oKCs"
],
"uid":"2833035692",
"parent":"",
"text":"是真的吗？[鼓掌]",
"mid":"ywHqzbTS0",
"date":"2012-08-11 20:20:29"
},
{
"kids":[
"ywHO08cD3",
"ywHrQ5jw4"
],
"uid":"2003267677",
"parent":"ywHp7lfiV",
"text":"@Kevin他爸 ，这个特警立功了",
"mid":"ywHqlA2nz",
"date":"2012-08-11 20:19:57"
},
{
"kids":[],
"uid":"800400023",
"parent":"ywHkqfC7e",
"text":"此条微博还未得到证实！",
"mid":"ywHpR8b4a",
"date":"2012-08-11 20:18:40"
},
{
"kids":[
"ywIinwSwB"
],
"uid":"2171354565",
"parent":"ywHmqnPcE",
"text":"求证?",
"mid":"ywHpyvuZb",
"date":"2012-08-11 20:18:01"
},
{
"kids":[
"ywHAqvC2c",
"ywHwu7Sh0",
"ywHvC6Xms",
"ywHtjmfgi",
"ywHqlA2nz"
],
"uid":"xhzuo",
"parent":"ywHnib2DR",
"text":"终于能去取钱了[奥特曼]",
"mid":"ywHp7lfiV",
"date":"2012-08-11 20:16:55"
},
{
"kids":[],
"uid":"1411488143",
"parent":"ywHnib2DR",
"text":"这个要是真的就牛了！",
"mid":"ywHoWo7CY",
"date":"2012-08-11 20:16:29"
},
{
"kids":[
"ywIOmkSlb"
],
"uid":"1975202295",
"parent":"",
"text":"",
"mid":"ywHoidKy4",
"date":"2012-08-11 20:14:53"
},
{
"kids":[],
"uid":"2096550253",
"parent":"ywHmqnPcE",
"text":"[鼓掌] 这次神速啊",
"mid":"ywHocyDV3",
"date":"2012-08-11 20:14:40"
},
{
"kids":[
"ywHusyl1V"
],
"uid":"1893651203",
"parent":"ywHlH8IhG",
"text":"终于抓到起了，这下道路畅通了",
"mid":"ywHnKcHuI",
"date":"2012-08-11 20:13:32"
},
{
"kids":[],
"uid":"2260295843",
"parent":"",
"text":"[鼓掌][鼓掌][鼓掌][鼓掌][鼓掌]",
"mid":"ywHnJ4HVO",
"date":"2012-08-11 20:13:26"
},
{
"kids":[
"ywHJScJS1",
"ywHBx72gM"
],
"uid":"qinlin123",
"parent":"ywHnib2DR",
"text":"重庆给力",
"mid":"ywHnIs4Gu",
"date":"2012-08-11 20:13:26"
},
{
"kids":[
"ywHFEo88h",
"ywHyt7oxy",
"ywHvvy4gj",
"ywHr25xgW",
"ywHp7lfiV",
"ywHoWo7CY",
"ywHnIs4Gu"
],
"uid":"evelong",
"parent":"ywHlSmmBs",
"text":"[给力]",
"mid":"ywHnib2DR",
"date":"2012-08-11 20:12:25"
},
{
"kids":[
"ywIDCz8UD",
"ywHwQjC1R"
],
"uid":"1961014535",
"parent":"ywHkqfC7e",
"text":"终于抓到了，敢去银行了哇哇哇",
"mid":"ywHmTBsNs",
"date":"2012-08-11 20:11:27"
},
{
"kids":[],
"uid":"1847276447",
"parent":"",
"text":"搞定了！！可以不堵车了！！",
"mid":"ywHmRitrO",
"date":"2012-08-11 20:11:20"
},
{
"kids":[
"ywIai96Vh",
"ywHVrjyKS",
"ywHIPt4tS",
"ywHHGwOiB",
"ywHpyvuZb",
"ywHocyDV3"
],
"uid":"huangyi1021",
"parent":"ywHlqzCng",
"text":"",
"mid":"ywHmqnPcE",
"date":"2012-08-11 20:10:17"
},
{
"kids":[
"ywHnib2DR"
],
"uid":"1667481525",
"parent":"",
"text":"[威武][威武][威武]",
"mid":"ywHlSmmBs",
"date":"2012-08-11 20:08:56"
},
{
"kids":[
"ywHQm5Wev",
"ywHnKcHuI"
],
"uid":"1974906475",
"parent":"ywHkqfC7e",
"text":"@皮特儿陈SIR [赞][赞][赞]",
"mid":"ywHlH8IhG",
"date":"2012-08-11 20:08:26"
},
{
"kids":[
"ywHZtEFfb",
"ywHEOpzyy",
"ywHmqnPcE"
],
"uid":"2132598857",
"parent":"",
"text":"",
"mid":"ywHlqzCng",
"date":"2012-08-11 20:07:50"
},
{
"kids":[
"ywIPGpXpc",
"ywINsbFVi"
],
"uid":"marco0510",
"parent":"ywHkqfC7e",
"text":"一段传奇结束了",
"mid":"ywHl5l9fx",
"date":"2012-08-11 20:06:57"
},
{
"kids":[],
"uid":"2573313205",
"parent":"",
"text":"",
"mid":"ywHkVjeHY",
"date":"2012-08-11 20:06:34"
},
{
"kids":[
"ywHL8eh9w",
"ywHpR8b4a",
"ywHmTBsNs",
"ywHlH8IhG",
"ywHl5l9fx"
],
"uid":"1959671143",
"parent":"",
"text":"[失望][鼓掌][鼓掌][鼓掌]",
"mid":"ywHkqfC7e",
"date":"2012-08-11 20:05:21"
},
{
"kids":[],
"uid":"malagebicaonima",
"parent":"",
"text":"",
"mid":"ywHgDl7rV",
"date":"2012-08-11 19:56:00"
}
]