[
{
"kids":[],
"uid":"828207444",
"parent":"",
"text":"刚看到原来这几天刘老湿悲剧了。。。。",
"mid":"zm32AaKfZ",
"date":"2013-03-05 17:52:46"
},
{
"kids":[],
"uid":"1583174417",
"parent":"",
"text":"",
"mid":"zlOr2n5BX",
"date":"2013-03-04 04:41:50"
},
{
"kids":[],
"uid":"1582750567",
"parent":"",
"text":"",
"mid":"zlGquwKhn",
"date":"2013-03-03 08:18:30"
},
{
"kids":[],
"uid":"youdianlengdexiaoan",
"parent":"",
"text":"卧槽北京户口这么有用？完蛋了我办晚了。。估计办不上了。。",
"mid":"zkYn4h7e2",
"date":"2013-02-26 16:09:13"
},
{
"kids":[],
"uid":"liwenchao11",
"parent":"",
"text":"",
"mid":"zkYa3iEt8",
"date":"2013-02-26 15:37:08"
},
{
"kids":[],
"uid":"terryak",
"parent":"zkQr0cHeU",
"text":"这就可以不对其进行法律制裁了吗？他触犯的是刑事犯罪，不是民事，民不举官就不究了？",
"mid":"zkXDJgEFV",
"date":"2013-02-26 14:17:29"
},
{
"kids":[],
"uid":"1854691165",
"parent":"zkSbQo6v5",
"text":"才一个户口、一套房产就搞定了[疑问][怒骂][吐]",
"mid":"zkW1Kp1GV",
"date":"2013-02-26 10:11:12"
},
{
"kids":[],
"uid":"1868118511",
"parent":"zkQyI09fE",
"text":"[怒][怒][怒]逃的了一次 逃的了下次吗",
"mid":"zkVK8jGTL",
"date":"2013-02-26 09:27:47"
},
{
"kids":[],
"uid":"playpig007",
"parent":"zkSrk76u4",
"text":"另外四个是什么人物！！",
"mid":"zkULygMoi",
"date":"2013-02-26 06:58:33"
},
{
"kids":[],
"uid":"2920213550",
"parent":"zkR3PhhAN",
"text":"",
"mid":"zkSADd1iR",
"date":"2013-02-26 01:26:09"
},
{
"kids":[
"zkULygMoi"
],
"uid":"1437397955",
"parent":"",
"text":"",
"mid":"zkSrk76u4",
"date":"2013-02-26 01:03:13"
},
{
"kids":[],
"uid":"2144706053",
"parent":"zkQuI8aqS",
"text":"刑案为国家公诉，此消息不可信。此事双江摆不平！",
"mid":"zkShZhFiI",
"date":"2013-02-26 00:40:12"
},
{
"kids":[
"zkW1Kp1GV"
],
"uid":"carolynpp",
"parent":"",
"text":"[浮云]",
"mid":"zkSbQo6v5",
"date":"2013-02-26 00:25:02"
},
{
"kids":[],
"uid":"2099139981",
"parent":"zkS1l6BMu",
"text":"我支持你！",
"mid":"zkS5mtPY5",
"date":"2013-02-26 00:09:07"
},
{
"kids":[
"zkS5mtPY5"
],
"uid":"208237773",
"parent":"zkS0eflIL",
"text":"哈哈。我倒是很想替他去势",
"mid":"zkS1l6BMu",
"date":"2013-02-25 23:59:13"
},
{
"kids":[
"zkS1l6BMu"
],
"uid":"2099139981",
"parent":"zkQE8zI6X",
"text":"天一哥这样的，抓进去是对他的保护。放出来直接接受人民的审判，那就惨了，早晚要被去势！",
"mid":"zkS0eflIL",
"date":"2013-02-25 23:56:24"
},
{
"kids":[],
"uid":"youngys",
"parent":"zkQLHvhOL",
"text":"原来现在流行求轮奸？",
"mid":"zkRKg3ueK",
"date":"2013-02-25 23:17:08"
},
{
"kids":[],
"uid":"wuzhen05",
"parent":"",
"text":"无底线啊无底线，不过能看出来在北京生活的艰难",
"mid":"zkRHclhiH",
"date":"2013-02-25 23:09:36"
},
{
"kids":[],
"uid":"37du1",
"parent":"zkQLHvhOL",
"text":"好吧，这样社会价值观才导致这些有钱人肆无忌惮",
"mid":"zkREX9EWr",
"date":"2013-02-25 23:04:00"
},
{
"kids":[],
"uid":"314130008",
"parent":"zkQW58dwG",
"text":"",
"mid":"zkRw3sghj",
"date":"2013-02-25 22:42:07"
},
{
"kids":[],
"uid":"2038838285",
"parent":"",
"text":"哇噻........牛!.....北京有户口的女士们,求你们轮奸我一下行不?我不在乎你是歪瓜裂枣邪眼儿单瞪,只要有北京户口就行![江南style][江南style][江南style]",
"mid":"zkRtHdfQ2",
"date":"2013-02-25 22:36:19"
},
{
"kids":[],
"uid":"vanedong1201",
"parent":"zkR1uuEZg",
"text":"哎",
"mid":"zkRr3fHFv",
"date":"2013-02-25 22:29:46"
},
{
"kids":[],
"uid":"2707595847",
"parent":"zkQW58dwG",
"text":"看过教父吗？要用教父考里昂的手段惩罚罪犯，而不是让冗长而又黑暗的法律来解决问题。",
"mid":"zkRo1zDoh",
"date":"2013-02-25 22:22:17"
},
{
"kids":[],
"uid":"1066515421",
"parent":"zkRh5kOlc",
"text":"谈条件就撤诉，我觉得接下来应该曝光一下受害人信息了，看看她用贞操换来的工作如何？",
"mid":"zkRmm8nze",
"date":"2013-02-25 22:18:14"
},
{
"kids":[],
"uid":"1782417761",
"parent":"zkR9zo1m6",
"text":"[晕]",
"mid":"zkRhRfHBE",
"date":"2013-02-25 22:07:09"
},
{
"kids":[
"zkRmm8nze"
],
"uid":"1009554125",
"parent":"zkQlJnLZm",
"text":"没劲 曝光半天就这么个结果",
"mid":"zkRh5kOlc",
"date":"2013-02-25 22:05:14"
},
{
"kids":[],
"uid":"2162190763",
"parent":"",
"text":"轮奸这词终于从为人不齿转为令人神往，神啊，求求你，轮奸我吧，啊，我是男的，我恨男人！",
"mid":"zkRfvxwyt",
"date":"2013-02-25 22:01:22"
},
{
"kids":[],
"uid":"itutu212",
"parent":"zkQuljVj9",
"text":"",
"mid":"zkRajrANg",
"date":"2013-02-25 21:48:35"
},
{
"kids":[],
"uid":"philip0803",
"parent":"",
"text":"无耻！",
"mid":"zkR9E3L3I",
"date":"2013-02-25 21:46:52"
},
{
"kids":[
"zkRhRfHBE"
],
"uid":"1880632602",
"parent":"zkQiXpHRN",
"text":"李家门外姑娘们排长队，举棋呐喊，来QJ我吧！！！",
"mid":"zkR9zo1m6",
"date":"2013-02-25 21:46:45"
},
{
"kids":[],
"uid":"1961612031",
"parent":"zkR6V5XbI",
"text":"没事就晃荡在酒吧里，等星二代来强暴！",
"mid":"zkR8ejkB0",
"date":"2013-02-25 21:43:23"
},
{
"kids":[
"zkR8ejkB0"
],
"uid":"1651072487",
"parent":"zkQf2xIUP",
"text":"不吃饭了，打车去湖北大厦",
"mid":"zkR6V5XbI",
"date":"2013-02-25 21:40:09"
},
{
"kids":[],
"uid":"1213227001",
"parent":"zkQuljVj9",
"text":"策划性轮奸案？",
"mid":"zkR4k3XzQ",
"date":"2013-02-25 21:33:48"
},
{
"kids":[
"zkSADd1iR"
],
"uid":"1735814945",
"parent":"",
"text":"有个将军爹真是好，什么都可以去做。",
"mid":"zkR3PhhAN",
"date":"2013-02-25 21:32:35"
},
{
"kids":[
"zkRr3fHFv"
],
"uid":"1720091970",
"parent":"zkQzi52XF",
"text":"",
"mid":"zkR1uuEZg",
"date":"2013-02-25 21:26:50"
},
{
"kids":[],
"uid":"207279898",
"parent":"zkQg4kjt6",
"text":"有钱真好",
"mid":"zkR0BeJyj",
"date":"2013-02-25 21:24:38"
},
{
"kids":[],
"uid":"liujason",
"parent":"zkQiXpHRN",
"text":"哦,好吧",
"mid":"zkQYPAuLq",
"date":"2013-02-25 21:20:17"
},
{
"kids":[],
"uid":"1969430791",
"parent":"zkQPC7PMl",
"text":"这是什么社会。。。",
"mid":"zkQWOibUW",
"date":"2013-02-25 21:15:15"
},
{
"kids":[
"zkRw3sghj",
"zkRo1zDoh"
],
"uid":"471588886",
"parent":"zkQ6ZspSN",
"text":"意料之中",
"mid":"zkQW58dwG",
"date":"2013-02-25 21:13:28"
},
{
"kids":[],
"uid":"608182888",
"parent":"zkQo2sRNX",
"text":"[哈哈] 不知私有企业可以解决北京户口不，如果不是，那工作和户口不就又变成。。。。。。。。。。。。。",
"mid":"zkQTu3ptF",
"date":"2013-02-25 21:07:04"
},
{
"kids":[
"zkQWOibUW"
],
"uid":"huqiangs",
"parent":"zkQLHvhOL",
"text":"套 。。。。",
"mid":"zkQPC7PMl",
"date":"2013-02-25 20:57:35"
},
{
"kids":[
"zkRKg3ueK",
"zkREX9EWr",
"zkQPC7PMl"
],
"uid":"fox0124",
"parent":"zkQlM3uRC",
"text":"。。。那得多少套",
"mid":"zkQLHvhOL",
"date":"2013-02-25 20:47:56"
},
{
"kids":[],
"uid":"cixinbj",
"parent":"zkQuljVj9",
"text":"也就这样了",
"mid":"zkQLwBg2i",
"date":"2013-02-25 20:47:30"
},
{
"kids":[],
"uid":"dataotao",
"parent":"zkQA1inX2",
"text":"p民 没钱请守法",
"mid":"zkQJU7HeV",
"date":"2013-02-25 20:43:29"
},
{
"kids":[],
"uid":"playpig007",
"parent":"",
"text":"这一炮，值了！！！",
"mid":"zkQIZoptl",
"date":"2013-02-25 20:41:12"
},
{
"kids":[],
"uid":"facezhuangdian",
"parent":"zkQHkjo6S",
"text":"碉堡了，和我当时的分析一模一样",
"mid":"zkQHYaaAA",
"date":"2013-02-25 20:38:42"
},
{
"kids":[
"zkQHYaaAA"
],
"uid":"chen840929",
"parent":"zkQlM3uRC",
"text":"湖北大厦会成为新的旅游景点么？",
"mid":"zkQHkjo6S",
"date":"2013-02-25 20:37:08"
},
{
"kids":[],
"uid":"2100086475",
"parent":"zkQphdwCK",
"text":"你洗干净了吗",
"mid":"zkQFXrJX3",
"date":"2013-02-25 20:33:45"
},
{
"kids":[
"zkS0eflIL"
],
"uid":"208237773",
"parent":"zkQpq6ddO",
"text":"哈哈。韩哥看不过去了。",
"mid":"zkQE8zI6X",
"date":"2013-02-25 20:29:19"
},
{
"kids":[],
"uid":"2318985774",
"parent":"zkQf2xIUP",
"text":"强奸是刑事案件，公安侦查，检察院代表国家公诉，不是受害人想撤就撤的。造谣的死一户口本。",
"mid":"zkQBL9rB1",
"date":"2013-02-25 20:23:26"
},
{
"kids":[],
"uid":"dl66",
"parent":"zkQzi52XF",
"text":"刑事案也能撤诉啊[偷笑] 太瞧不起检控部门了[鄙视][鄙视][鄙视]",
"mid":"zkQAi7l7z",
"date":"2013-02-25 20:19:47"
},
{
"kids":[],
"uid":"vickieyu31",
"parent":"",
"text":"我靠！",
"mid":"zkQA7d3Rd",
"date":"2013-02-25 20:19:21"
},
{
"kids":[],
"uid":"1945800730",
"parent":"zkQuljVj9",
"text":"",
"mid":"zkQA6zDHQ",
"date":"2013-02-25 20:19:21"
},
{
"kids":[
"zkQJU7HeV"
],
"uid":"antonii",
"parent":"zkQo2sRNX",
"text":"人肉买卖！穷人无话语权啊！",
"mid":"zkQA1inX2",
"date":"2013-02-25 20:19:09"
},
{
"kids":[],
"uid":"xhslyf",
"parent":"zkQf2xIUP",
"text":"",
"mid":"zkQzD28to",
"date":"2013-02-25 20:18:08"
},
{
"kids":[],
"uid":"soleencounter",
"parent":"zkQq4yn4e",
"text":"",
"mid":"zkQzk9CiP",
"date":"2013-02-25 20:17:26"
},
{
"kids":[
"zkR1uuEZg",
"zkQAi7l7z"
],
"uid":"fred826",
"parent":"zkQuljVj9",
"text":"",
"mid":"zkQzi52XF",
"date":"2013-02-25 20:17:21"
},
{
"kids":[
"zkVK8jGTL"
],
"uid":"333021663",
"parent":"zkQf2xIUP",
"text":"啥时强奸案不归检察院了？受害人撤诉？！伸马情况！",
"mid":"zkQyI09fE",
"date":"2013-02-25 20:15:54"
},
{
"kids":[],
"uid":"laoxiongbaobao",
"parent":"zkQo2sRNX",
"text":"这交易[怒]",
"mid":"zkQyDBTRe",
"date":"2013-02-25 20:15:45"
},
{
"kids":[],
"uid":"curlsky",
"parent":"",
"text":"天朝 天朝",
"mid":"zkQwOojly",
"date":"2013-02-25 20:11:15"
},
{
"kids":[],
"uid":"1826341133",
"parent":"",
"text":"",
"mid":"zkQwKgQc1",
"date":"2013-02-25 20:11:04"
},
{
"kids":[],
"uid":"1489227882",
"parent":"zkQ8D65Aj",
"text":"回复@巴赫_MIst:对。但和撤诉不判是两个概念。我们反对李天一这样的败类！也决不允许司法不公。但也不能纵容造谣。",
"mid":"zkQve0USf",
"date":"2013-02-25 20:07:20"
},
{
"kids":[
"zkShZhFiI"
],
"uid":"2021957533",
"parent":"zkQf2xIUP",
"text":"",
"mid":"zkQuI8aqS",
"date":"2013-02-25 20:06:04"
},
{
"kids":[
"zkRajrANg",
"zkR4k3XzQ",
"zkQLwBg2i",
"zkQA6zDHQ",
"zkQzi52XF"
],
"uid":"piger0822",
"parent":"zkQpv6UtC",
"text":"",
"mid":"zkQuljVj9",
"date":"2013-02-25 20:05:10"
},
{
"kids":[],
"uid":"1645685205",
"parent":"zkQf2xIUP",
"text":"少年，还是用手吧",
"mid":"zkQsyvZtD",
"date":"2013-02-25 20:00:46"
},
{
"kids":[],
"uid":"gavinquan",
"parent":"",
"text":"求辟谣！",
"mid":"zkQrDd7oG",
"date":"2013-02-25 19:58:29"
},
{
"kids":[
"zkXDJgEFV"
],
"uid":"2698022345",
"parent":"zkQlM3uRC",
"text":"",
"mid":"zkQr0cHeU",
"date":"2013-02-25 19:56:55"
},
{
"kids":[
"zkQzk9CiP"
],
"uid":"1652810762",
"parent":"zkQnNmgqG",
"text":"当然，主要他脑残，还要这样玩",
"mid":"zkQq4yn4e",
"date":"2013-02-25 19:54:40"
},
{
"kids":[],
"uid":"522437896",
"parent":"zkQmagzV7",
"text":"低端黑。这V是傻逼",
"mid":"zkQpDEQn8",
"date":"2013-02-25 19:53:35"
},
{
"kids":[
"zkQuljVj9"
],
"uid":"adinikebaleno",
"parent":"zkQdZdYFU",
"text":"",
"mid":"zkQpv6UtC",
"date":"2013-02-25 19:53:15"
},
{
"kids":[],
"uid":"iarale",
"parent":"zkQiXpHRN",
"text":"",
"mid":"zkQprh3sr",
"date":"2013-02-25 19:53:05"
},
{
"kids":[],
"uid":"yiwenguai",
"parent":"zkQiXpHRN",
"text":"好吧。。",
"mid":"zkQpqEHuU",
"date":"2013-02-25 19:53:02"
},
{
"kids":[
"zkQE8zI6X"
],
"uid":"2099139981",
"parent":"zkQ63d5Mg",
"text":"这谣造的……刑事案件怎么和解？最多就是附带的民事赔偿诉讼",
"mid":"zkQpq6ddO",
"date":"2013-02-25 19:53:01"
},
{
"kids":[
"zkQFXrJX3"
],
"uid":"tym5771",
"parent":"zkQg4nQfH",
"text":"真假",
"mid":"zkQphdwCK",
"date":"2013-02-25 19:52:41"
},
{
"kids":[
"zkQTu3ptF",
"zkQA1inX2",
"zkQyDBTRe"
],
"uid":"huihoo",
"parent":"",
"text":"又一买卖可能成交，持续关注。",
"mid":"zkQo2sRNX",
"date":"2013-02-25 19:49:37"
},
{
"kids":[
"zkQq4yn4e"
],
"uid":"farleyfang",
"parent":"zkQmU4TES",
"text":"有实力是不一样啊",
"mid":"zkQnNmgqG",
"date":"2013-02-25 19:49:02"
},
{
"kids":[],
"uid":"1983640451",
"parent":"",
"text":"",
"mid":"zkQntftqY",
"date":"2013-02-25 19:48:14"
},
{
"kids":[],
"uid":"oupeng",
"parent":"",
"text":"右边是好问题。涉嫌妨碍司法公正。另外，大清律（真是大清不是天朝）规定，奸出妇人口……嗯",
"mid":"zkQn2Dy7s",
"date":"2013-02-25 19:47:11"
},
{
"kids":[
"zkQnNmgqG"
],
"uid":"1652810762",
"parent":"",
"text":"没什么弯弯。房姐四个户口都有",
"mid":"zkQmU4TES",
"date":"2013-02-25 19:46:50"
},
{
"kids":[],
"uid":"jordanwang",
"parent":"",
"text":"中国就是一个没有法律的国度",
"mid":"zkQmgvIdX",
"date":"2013-02-25 19:45:16"
},
{
"kids":[],
"uid":"laojiu199",
"parent":"",
"text":"自诉案件如此处理没问题，公诉案件就另当别论了！这些人都懂法啊，高人！",
"mid":"zkQmgsPAQ",
"date":"2013-02-25 19:45:16"
},
{
"kids":[
"zkQpDEQn8"
],
"uid":"1572862664",
"parent":"",
"text":"吐槽一下是否重判跟醉酒有何关系。。。",
"mid":"zkQmagzV7",
"date":"2013-02-25 19:45:00"
},
{
"kids":[],
"uid":"1652810762",
"parent":"",
"text":"根据天朝常识，应该没问题，何况这赔偿额度。。。",
"mid":"zkQm4Efxt",
"date":"2013-02-25 19:44:48"
},
{
"kids":[
"zkQLHvhOL",
"zkQHkjo6S",
"zkQr0cHeU"
],
"uid":"huqiangs",
"parent":"zkQiXpHRN",
"text":"我擦，求轮奸",
"mid":"zkQlM3uRC",
"date":"2013-02-25 19:44:03"
},
{
"kids":[
"zkRh5kOlc"
],
"uid":"810804999",
"parent":"zkQiXpHRN",
"text":"你以为把名字马赛克了大家就不知道这帖子的原创是@大鹏看天下 了吗？哈哈！",
"mid":"zkQlJnLZm",
"date":"2013-02-25 19:43:54"
},
{
"kids":[],
"uid":"2270844147",
"parent":"zkQf2xIUP",
"text":"[衰]",
"mid":"zkQluiPg3",
"date":"2013-02-25 19:43:21"
},
{
"kids":[],
"uid":"2453859357",
"parent":"",
"text":"[哈哈][哈哈][围观][围观]",
"mid":"zkQky6JoL",
"date":"2013-02-25 19:41:01"
},
{
"kids":[],
"uid":"974565405",
"parent":"",
"text":"有需临朐户口的青年请速洗干净到樱桃市场报名咨询！著名女士也可报名！",
"mid":"zkQk1CQUM",
"date":"2013-02-25 19:39:45"
},
{
"kids":[
"zkR9zo1m6",
"zkQYPAuLq",
"zkQprh3sr",
"zkQpqEHuU",
"zkQlM3uRC",
"zkQlJnLZm"
],
"uid":"1688842382",
"parent":"zkQf2xIUP",
"text":"",
"mid":"zkQiXpHRN",
"date":"2013-02-25 19:37:04"
},
{
"kids":[],
"uid":"2394559772",
"parent":"zkQhp6AVp",
"text":"",
"mid":"zkQhS2Aps",
"date":"2013-02-25 19:34:25"
},
{
"kids":[
"zkQhS2Aps"
],
"uid":"caorenjie1988",
"parent":"zkQh8gXLS",
"text":"",
"mid":"zkQhp6AVp",
"date":"2013-02-25 19:33:17"
},
{
"kids":[
"zkQhp6AVp"
],
"uid":"2269443552",
"parent":"zkQg4nQfH",
"text":"",
"mid":"zkQh8gXLS",
"date":"2013-02-25 19:32:37"
},
{
"kids":[],
"uid":"328215733",
"parent":"",
"text":"次奥，户口，工作，住房！",
"mid":"zkQgquLAJ",
"date":"2013-02-25 19:30:53"
},
{
"kids":[
"zkQphdwCK",
"zkQh8gXLS"
],
"uid":"234517497",
"parent":"zkQ8D65Aj",
"text":"发出此微博的人为一歌手，请大家自行判断其可信度。另外：如若此次信息传播为恶意造谣，希望严惩，就是因为惩罚轻所以所有人都有恃无恐。另外，请案件侦办部门提升信息透明度，以真实击溃谣言，并对造谣者绳之以法。",
"mid":"zkQg4nQfH",
"date":"2013-02-25 19:30:00"
},
{
"kids":[
"zkR0BeJyj"
],
"uid":"caizeng",
"parent":"zkQf2xIUP",
"text":"法律在特权阶层眼里就像玩过家家般简单",
"mid":"zkQg4kjt6",
"date":"2013-02-25 19:29:59"
},
{
"kids":[
"zkR6V5XbI",
"zkQBL9rB1",
"zkQzD28to",
"zkQyI09fE",
"zkQuI8aqS",
"zkQsyvZtD",
"zkQluiPg3",
"zkQiXpHRN",
"zkQg4kjt6"
],
"uid":"bourne",
"parent":"",
"text":"户口、工作、住房。。。",
"mid":"zkQf2xIUP",
"date":"2013-02-25 19:27:27"
},
{
"kids":[],
"uid":"oupeng",
"parent":"",
"text":"刑事有和解这说吗？",
"mid":"zkQeGkJeN",
"date":"2013-02-25 19:26:35"
},
{
"kids":[
"zkQpv6UtC"
],
"uid":"kingstarquake",
"parent":"",
"text":"",
"mid":"zkQdZdYFU",
"date":"2013-02-25 19:24:49"
},
{
"kids":[],
"uid":"ortun",
"parent":"",
"text":"",
"mid":"zkQdTCbbO",
"date":"2013-02-25 19:24:37"
},
{
"kids":[],
"uid":"1896489720",
"parent":"",
"text":"一定是谣言",
"mid":"zkQdOxGeR",
"date":"2013-02-25 19:24:27"
},
{
"kids":[],
"uid":"shoubanbanjiao",
"parent":"",
"text":"Mark",
"mid":"zkQaZD3kM",
"date":"2013-02-25 19:17:30"
},
{
"kids":[],
"uid":"1661051932",
"parent":"",
"text":"",
"mid":"zkQ97uhAv",
"date":"2013-02-25 19:12:53"
},
{
"kids":[],
"uid":"1497576970",
"parent":"",
"text":"骂人！",
"mid":"zkQ8MhPjp",
"date":"2013-02-25 19:12:01"
},
{
"kids":[
"zkQve0USf",
"zkQg4nQfH"
],
"uid":"1489227882",
"parent":"zkQ8dF0FV",
"text":"刑事案件无法撤诉。。",
"mid":"zkQ8D65Aj",
"date":"2013-02-25 19:11:40"
},
{
"kids":[
"zkQ8D65Aj"
],
"uid":"zhaoyucww",
"parent":"",
"text":"不要造谣。",
"mid":"zkQ8dF0FV",
"date":"2013-02-25 19:10:40"
},
{
"kids":[],
"uid":"1884879405",
"parent":"",
"text":"",
"mid":"zkQ7Nn88j",
"date":"2013-02-25 19:09:37"
},
{
"kids":[
"zkQW58dwG"
],
"uid":"daliangolf",
"parent":"zkQ6k4yri",
"text":"",
"mid":"zkQ6ZspSN",
"date":"2013-02-25 19:07:38"
},
{
"kids":[
"zkQ6ZspSN"
],
"uid":"vipcui",
"parent":"",
"text":"",
"mid":"zkQ6k4yri",
"date":"2013-02-25 19:05:59"
},
{
"kids":[],
"uid":"1762399582",
"parent":"",
"text":"",
"mid":"zkQ6eucnp",
"date":"2013-02-25 19:05:44"
},
{
"kids":[
"zkQpq6ddO"
],
"uid":"208237773",
"parent":"",
"text":"额。这么好，无节操的大家走起~~",
"mid":"zkQ63d5Mg",
"date":"2013-02-25 19:05:19"
}
]