[
{
"kids":[],
"uid":"1583562783",
"parent":"",
"text":"",
"mid":"zwX7BqaI4",
"date":"2013-05-16 11:01:59"
},
{
"kids":[],
"uid":"3045027272",
"parent":"",
"text":"",
"mid":"zwX7BoYPY",
"date":"2013-05-16 11:02:01"
},
{
"kids":[],
"uid":"3044941104",
"parent":"",
"text":"",
"mid":"zwdoOvMJU",
"date":"2013-05-11 14:38:02"
},
{
"kids":[],
"uid":"2789835924",
"parent":"",
"text":"",
"mid":"zvZwsiJS3",
"date":"2013-05-10 03:18:26"
},
{
"kids":[],
"uid":"1440408570",
"parent":"",
"text":"",
"mid":"zvZwsh8TT",
"date":"2013-05-10 03:18:26"
},
{
"kids":[],
"uid":"3044011650",
"parent":"zsVjI7Ncy",
"text":"",
"mid":"zuMgMlLWK",
"date":"2013-05-02 03:43:48"
},
{
"kids":[],
"uid":"3043587064",
"parent":"zsVjI7Ncy",
"text":"",
"mid":"zuDhLiIyd",
"date":"2013-05-01 04:51:29"
},
{
"kids":[],
"uid":"2789972094",
"parent":"zsVjI7Ncy",
"text":"",
"mid":"zuDhL06rz",
"date":"2013-05-01 04:51:28"
},
{
"kids":[],
"uid":"2804461484",
"parent":"",
"text":"",
"mid":"ztZYn85Nu",
"date":"2013-04-27 00:46:36"
},
{
"kids":[],
"uid":"2920143422",
"parent":"",
"text":"",
"mid":"ztZYn7nic",
"date":"2013-04-27 00:46:33"
},
{
"kids":[],
"uid":"2790013452",
"parent":"zsVjI7Ncy",
"text":"",
"mid":"ztQzalq71",
"date":"2013-04-26 00:49:46"
},
{
"kids":[],
"uid":"xieming1106",
"parent":"",
"text":"",
"mid":"ztN1UfIDG",
"date":"2013-04-25 15:49:34"
},
{
"kids":[],
"uid":"2804505810",
"parent":"zsVjI7Ncy",
"text":"",
"mid":"ztKzNiqHo",
"date":"2013-04-25 09:34:51"
},
{
"kids":[],
"uid":"2790138184",
"parent":"zsCSusNri",
"text":"",
"mid":"ztI2Hirz4",
"date":"2013-04-25 03:07:48"
},
{
"kids":[],
"uid":"3044072372",
"parent":"zsCSusNri",
"text":"",
"mid":"ztEHg28KA",
"date":"2013-04-24 18:36:41"
},
{
"kids":[],
"uid":"1727826923",
"parent":"zsCSusNri",
"text":"",
"mid":"ztEHf86pi",
"date":"2013-04-24 18:36:41"
},
{
"kids":[],
"uid":"2919680830",
"parent":"",
"text":"",
"mid":"zty6869A4",
"date":"2013-04-24 01:48:48"
},
{
"kids":[],
"uid":"2809749850",
"parent":"",
"text":"",
"mid":"zty685aw8",
"date":"2013-04-24 01:48:48"
},
{
"kids":[],
"uid":"1769290945",
"parent":"",
"text":"@三步之内有你在_",
"mid":"ztf6UEEPr",
"date":"2013-04-22 01:28:33"
},
{
"kids":[],
"uid":"2805041640",
"parent":"",
"text":"",
"mid":"zt5mClPDg",
"date":"2013-04-21 00:39:45"
},
{
"kids":[],
"uid":"3043548242",
"parent":"",
"text":"",
"mid":"zt5mCl305",
"date":"2013-04-21 00:39:42"
},
{
"kids":[],
"uid":"2740851312",
"parent":"",
"text":"回复@yao精的国度:可是如果不是他，又会是谁会向饮水机内投毒，而林为什么又没中毒，一般只有自己寝室的人才有投毒的机会，但林在警方查出饮水机内毒物期间(10天)他有足够的时间来消灭证据。而如果我是凶手，我除了给另一个室友发短信提醒他，我也会给自己发一条，(这不是此处无银三百两嘛)所以我觉得",
"mid":"zt40oo2g3",
"date":"2013-04-20 21:12:16"
},
{
"kids":[],
"uid":"1891833855",
"parent":"",
"text":"[吃惊]",
"mid":"zt0ROoTjn",
"date":"2013-04-20 13:12:52"
},
{
"kids":[],
"uid":"2561199323",
"parent":"",
"text":"作为学生，如果研究某种化学物品写论文的话，通常会直接去学校图书馆查询专业的书籍，会这样一点专业术语都没有的在这里问？而且学医这么多年，能连那些药品的基本情况都不知道？还需要在网上问这些最基本的东西？",
"mid":"zsWd4h6YH",
"date":"2013-04-20 01:21:31"
},
{
"kids":[],
"uid":"2625637287",
"parent":"",
"text":"这太可怕了！",
"mid":"zsWau8B4Y",
"date":"2013-04-20 01:15:08"
},
{
"kids":[],
"uid":"missxuanxuanlove",
"parent":"",
"text":"",
"mid":"zsW920FK3",
"date":"2013-04-20 01:11:34"
},
{
"kids":[],
"uid":"2172334187",
"parent":"",
"text":"",
"mid":"zsVoTl77B",
"date":"2013-04-19 23:17:54"
},
{
"kids":[
"zuMgMlLWK",
"zuDhLiIyd",
"zuDhL06rz",
"ztQzalq71",
"ztKzNiqHo"
],
"uid":"sapphire6",
"parent":"",
"text":"",
"mid":"zsVjI7Ncy",
"date":"2013-04-19 23:05:09"
},
{
"kids":[],
"uid":"2615006242",
"parent":"",
"text":"",
"mid":"zsSQk47YO",
"date":"2013-04-19 16:47:13"
},
{
"kids":[],
"uid":"3305622605",
"parent":"",
"text":"此消息靠谱吗？！",
"mid":"zsSersDFj",
"date":"2013-04-19 15:13:55"
},
{
"kids":[],
"uid":"daicidezhu",
"parent":"",
"text":"为什么不能选择正常的渠道去解决问题……而必须让人丧失生命呢……",
"mid":"zsQZNkUH0",
"date":"2013-04-19 12:05:05"
},
{
"kids":[],
"uid":"2453035143",
"parent":"",
"text":"",
"mid":"zsQGwo17U",
"date":"2013-04-19 11:17:35"
},
{
"kids":[],
"uid":"2608753062",
"parent":"",
"text":"@Diana_仲仲不懂爱 人在做天在看、不管谁想害谁、最后断送了别人自己却还活着的人、都会遭到应有的报应！！！",
"mid":"zsQFkdme3",
"date":"2013-04-19 11:14:38"
},
{
"kids":[],
"uid":"2957312974",
"parent":"zsQowCkp3",
"text":"承让，承让 /[握手][握手]/@Damon_lsy:@baby夏夏雪 感谢当年不杀之恩！！[泪]",
"mid":"zsQq95Tcg",
"date":"2013-04-19 10:37:15"
},
{
"kids":[
"zsQq95Tcg"
],
"uid":"2691923981",
"parent":"",
"text":"@baby夏夏雪 感谢当年不杀之恩！！[泪]",
"mid":"zsQowCkp3",
"date":"2013-04-19 10:33:16"
},
{
"kids":[],
"uid":"3270947184",
"parent":"",
"text":"",
"mid":"zsQmdzHIU",
"date":"2013-04-19 10:27:35"
},
{
"kids":[],
"uid":"2911525632",
"parent":"",
"text":"貌似已经有真相帝指出宿舍第三人不叫姜成，越发扑朔迷离。不过这个度娘里的“诛姜成”也说不定是另外一个秘密策划阴谋的人，叫姜成的人最近都要小心了，咔咔",
"mid":"zsQbnm9xP",
"date":"2013-04-19 10:00:52"
},
{
"kids":[],
"uid":"1302706773",
"parent":"",
"text":"[汗]",
"mid":"zsQ6YBepu",
"date":"2013-04-19 09:50:01"
},
{
"kids":[],
"uid":"234124971",
"parent":"",
"text":"室友遭殃。。。[汗]",
"mid":"zsQ1S6dJw",
"date":"2013-04-19 09:37:26"
},
{
"kids":[],
"uid":"2171004872",
"parent":"",
"text":"",
"mid":"zsPOM6Wcb",
"date":"2013-04-19 09:05:11"
},
{
"kids":[],
"uid":"ysunshiney",
"parent":"",
"text":"同宿舍并没有人叫姜成的[疑问]",
"mid":"zsPErtQvL",
"date":"2013-04-19 08:39:43"
},
{
"kids":[],
"uid":"2890807971",
"parent":"",
"text":"不论怎样都是犯法的！管他多还是少！",
"mid":"zsOi8gntI",
"date":"2013-04-19 05:12:01"
},
{
"kids":[],
"uid":"3043923884",
"parent":"",
"text":"",
"mid":"zsNMrbBE4",
"date":"2013-04-19 03:53:55"
},
{
"kids":[],
"uid":"323516868",
"parent":"",
"text":"[衰][衰][衰]",
"mid":"zsNHrdk6v",
"date":"2013-04-19 03:41:36"
},
{
"kids":[],
"uid":"2809792470",
"parent":"zszvW1qWa",
"text":"",
"mid":"zsMZg1x3C",
"date":"2013-04-19 01:52:46"
},
{
"kids":[],
"uid":"2919626514",
"parent":"zszvW1qWa",
"text":"",
"mid":"zsMZg1x1m",
"date":"2013-04-19 01:52:46"
},
{
"kids":[],
"uid":"steinsgateepc",
"parent":"",
"text":"姜成是谁？另一个室友姓葛好么。",
"mid":"zsME41qr2",
"date":"2013-04-19 01:00:33"
},
{
"kids":[],
"uid":"3044739950",
"parent":"zsFzYBU8S",
"text":"",
"mid":"zsMzNcMyf",
"date":"2013-04-19 00:50:02"
},
{
"kids":[],
"uid":"2920429854",
"parent":"",
"text":"",
"mid":"zsMpTazca",
"date":"2013-04-19 00:25:38"
},
{
"kids":[],
"uid":"3043646650",
"parent":"",
"text":"",
"mid":"zsMpTaz8V",
"date":"2013-04-19 00:25:38"
},
{
"kids":[],
"uid":"2287163970",
"parent":"",
"text":"你真的应了一句造谣一时爽 全家火葬场[怒]",
"mid":"zsMfh7Hyv",
"date":"2013-04-18 23:59:25"
},
{
"kids":[],
"uid":"2949427061",
"parent":"",
"text":"",
"mid":"zsLYgvphF",
"date":"2013-04-18 23:17:35"
},
{
"kids":[],
"uid":"3221232842",
"parent":"",
"text":"",
"mid":"zsLKJjqXN",
"date":"2013-04-18 22:44:14"
},
{
"kids":[],
"uid":"3094011317",
"parent":"",
"text":"",
"mid":"zsLsHrEFu",
"date":"2013-04-18 21:59:49"
},
{
"kids":[],
"uid":"1936829352",
"parent":"",
"text":"",
"mid":"zsLoAbbZ0",
"date":"2013-04-18 21:49:37"
},
{
"kids":[],
"uid":"1769458837",
"parent":"",
"text":"",
"mid":"zsLiOALpm",
"date":"2013-04-18 21:35:25"
},
{
"kids":[],
"uid":"1890826804",
"parent":"zsKzamOiz",
"text":"学医的惹不起啊，看你不爽直接干掉、、、",
"mid":"zsLccslOO",
"date":"2013-04-18 21:19:07"
},
{
"kids":[],
"uid":"1985635103",
"parent":"",
"text":"没文化真可怕，有文化更可怕啊o(╯□╰)o",
"mid":"zsL838ICh",
"date":"2013-04-18 21:08:56"
},
{
"kids":[],
"uid":"1931470577",
"parent":"zsKKQ4kad",
"text":"据说是假新闻",
"mid":"zsKLglDgI",
"date":"2013-04-18 20:12:45"
},
{
"kids":[
"zsKLglDgI"
],
"uid":"2090347313",
"parent":"",
"text":"",
"mid":"zsKKQ4kad",
"date":"2013-04-18 20:11:43"
},
{
"kids":[],
"uid":"2122624687",
"parent":"",
"text":"生命本不该是这样的",
"mid":"zsKFv53pd",
"date":"2013-04-18 19:58:33"
},
{
"kids":[],
"uid":"1973138465",
"parent":"",
"text":"[吃惊][吃惊][吃惊][汗][汗][汗]",
"mid":"zsKCEmXGs",
"date":"2013-04-18 19:51:35"
},
{
"kids":[
"zsLccslOO"
],
"uid":"2002202264",
"parent":"zsJOospsV",
"text":"就是甄嬛传嘛`~",
"mid":"zsKzamOiz",
"date":"2013-04-18 19:42:57"
},
{
"kids":[],
"uid":"3265716154",
"parent":"",
"text":"@blacktea静",
"mid":"zsKtPqwfU",
"date":"2013-04-18 19:29:51"
},
{
"kids":[],
"uid":"2316859743",
"parent":"",
"text":"以前常听人说…没文化，真可怕…现在才醒悟，原来，有文化，更可怕！！[泪]@SunnyChang_晴 @LYZ阿柱 @彬sir_2011 @黄旺729 @婷婷亭兒",
"mid":"zsKdwAvui",
"date":"2013-04-18 18:49:39"
},
{
"kids":[],
"uid":"wanghui1996",
"parent":"",
"text":"去死。去陪葬！",
"mid":"zsK28mdba",
"date":"2013-04-18 18:21:36"
},
{
"kids":[],
"uid":"3220218734",
"parent":"",
"text":"",
"mid":"zsJPqxpfd",
"date":"2013-04-18 17:50:19"
},
{
"kids":[
"zsKzamOiz"
],
"uid":"1751095814",
"parent":"",
"text":"好可怕",
"mid":"zsJOospsV",
"date":"2013-04-18 17:47:46"
},
{
"kids":[],
"uid":"xlcyz",
"parent":"",
"text":"我国某些居民喜欢食用腌制食品，该食品中容易产生一种物质为二甲基亚硝胺，化学式为(CH3)2NNO，它与癌症高发有关，长期食用会慢性中毒。-------就这句话表明，我们潮汕地区对腌制品的热爱是绝对表错情！",
"mid":"zsJNNtv0t",
"date":"2013-04-18 17:46:16"
},
{
"kids":[],
"uid":"2938035953",
"parent":"",
"text":"@修话筒的条子姜Sir 杀你噢:[吃惊][吃惊]",
"mid":"zsIXo0bbd",
"date":"2013-04-18 15:37:09"
},
{
"kids":[],
"uid":"3009706587",
"parent":"",
"text":"",
"mid":"zsIWYwn0X",
"date":"2013-04-18 15:36:10"
},
{
"kids":[],
"uid":"1791186661",
"parent":"",
"text":"坑爹啊……",
"mid":"zsIPsAvQJ",
"date":"2013-04-18 15:17:37"
},
{
"kids":[],
"uid":"2027111020",
"parent":"",
"text":"以为带猥就了不起，警方都没有下定论，你凭什么胡乱猜测？",
"mid":"zsIvTxW7Q",
"date":"2013-04-18 14:29:27"
},
{
"kids":[],
"uid":"2172116180",
"parent":"",
"text":"[鄙视]",
"mid":"zsIpOxcCw",
"date":"2013-04-18 14:14:28"
},
{
"kids":[],
"uid":"2882632584",
"parent":"",
"text":"脑残怎么得了",
"mid":"zsI5b5DlQ",
"date":"2013-04-18 13:23:35"
},
{
"kids":[],
"uid":"2363423712",
"parent":"",
"text":"",
"mid":"zsHKr2s5E",
"date":"2013-04-18 12:32:31"
},
{
"kids":[],
"uid":"1828622531",
"parent":"",
"text":"",
"mid":"zsHEfeiYC",
"date":"2013-04-18 12:17:16"
},
{
"kids":[],
"uid":"1778190737",
"parent":"zsHxXri1k",
"text":"TVB剧情………",
"mid":"zsHE0t0Yz",
"date":"2013-04-18 12:16:41"
},
{
"kids":[],
"uid":"3269689370",
"parent":"",
"text":"",
"mid":"zsHAEqLoe",
"date":"2013-04-18 12:08:24"
},
{
"kids":[
"zsHE0t0Yz"
],
"uid":"313818880",
"parent":"",
"text":"让我想起法证了………",
"mid":"zsHxXri1k",
"date":"2013-04-18 12:01:46"
},
{
"kids":[],
"uid":"1783948383",
"parent":"",
"text":"",
"mid":"zsHqCExI5",
"date":"2013-04-18 11:43:43"
},
{
"kids":[],
"uid":"1979297654",
"parent":"",
"text":"当真?",
"mid":"zsHpngl6l",
"date":"2013-04-18 11:40:38"
},
{
"kids":[],
"uid":"2724585413",
"parent":"",
"text":"",
"mid":"zsH5Ue0oi",
"date":"2013-04-18 10:52:39"
},
{
"kids":[],
"uid":"1583901200",
"parent":"zsEucbPIx",
"text":"",
"mid":"zsH1q77qM",
"date":"2013-04-18 10:41:35"
},
{
"kids":[],
"uid":"roffee",
"parent":"",
"text":"",
"mid":"zsGMu71p5",
"date":"2013-04-18 10:04:48"
},
{
"kids":[],
"uid":"queendc",
"parent":"",
"text":"专业知识学得不过硬啊",
"mid":"zsGFElKrU",
"date":"2013-04-18 09:47:58"
},
{
"kids":[],
"uid":"11240818",
"parent":"",
"text":"他曾经做过这方面的研究，还发表过相关文章，他还需要上网提问咨询吗？",
"mid":"zsGC1awCs",
"date":"2013-04-18 09:39:02"
},
{
"kids":[],
"uid":"2700502040",
"parent":"zsCqmtEF9",
"text":"@跑风达人 @hwang_wah @龙吉鼠 @吃的太饱会变笨",
"mid":"zsGAjEjTT",
"date":"2013-04-18 09:34:50"
},
{
"kids":[],
"uid":"1788719262",
"parent":"",
"text":"人心阿[蜡烛][蜡烛][蜡烛]",
"mid":"zsGyOhaZ4",
"date":"2013-04-18 09:31:08"
},
{
"kids":[],
"uid":"huailaoyu",
"parent":"",
"text":"我想说的是医院诊断从来都是缺乏严谨性，感冒症状就打针挂盐水多喝水，肚子痛么就是食物中毒，又是打针挂盐水，黄的就诊过程中，他自己都说可能水有问题，医生就说水里有细菌，食物中毒，打针挂盐水，妈的能不能先从水里，呕吐物里采集样本再定性，猪一样的医生[怒]",
"mid":"zsGgV3eVn",
"date":"2013-04-18 08:47:03"
},
{
"kids":[],
"uid":"1841548131",
"parent":"",
"text":"你是在秀自己的无知吗？药物致死剂量搜一下数据库就出来了用的着百度上问吗？",
"mid":"zsGcQ72AC",
"date":"2013-04-18 08:37:00"
},
{
"kids":[],
"uid":"sangqifeng",
"parent":"",
"text":"你被买通了吗?",
"mid":"zsGbDB42s",
"date":"2013-04-18 08:34:02"
},
{
"kids":[],
"uid":"1899597291",
"parent":"",
"text":"个人认为，在事件还没调查清楚前，以猜测判别人死刑，是否过分了点？林还是嫌疑人，如果他是真凶，你们再语论他会迟吗？如果他清白，你们的语论猜疑很可能会压垮他。换位思考，如果你是他，你能接受这样吗？不是针对，只是希望事情没清楚前，大家不要乱猜",
"mid":"zsG1aFWwH",
"date":"2013-04-18 08:08:16"
},
{
"kids":[],
"uid":"1725581017",
"parent":"",
"text":"",
"mid":"zsFUK7y46",
"date":"2013-04-18 07:52:25"
},
{
"kids":[],
"uid":"qiulovekitty",
"parent":"",
"text":"",
"mid":"zsFJq2RMX",
"date":"2013-04-18 07:24:31"
},
{
"kids":[],
"uid":"1347362880",
"parent":"",
"text":"",
"mid":"zsFHytjlX",
"date":"2013-04-18 07:19:55"
},
{
"kids":[
"zsMzNcMyf"
],
"uid":"3057587362",
"parent":"",
"text":"一切都在网中",
"mid":"zsFzYBU8S",
"date":"2013-04-18 07:01:15"
},
{
"kids":[],
"uid":"2919622972",
"parent":"zsxu8caEM",
"text":"",
"mid":"zsFxCD73d",
"date":"2013-04-18 06:55:28"
},
{
"kids":[],
"uid":"2105910544",
"parent":"",
"text":"真相可能是这样的",
"mid":"zsFsLgvfu",
"date":"2013-04-18 06:43:29"
},
{
"kids":[],
"uid":"rainbowjiand",
"parent":"",
"text":"大V总是频频在秀自己的智商下限啊！求证之前不发表会死啊！！",
"mid":"zsFmAC5gO",
"date":"2013-04-18 06:28:16"
},
{
"kids":[],
"uid":"2892304695",
"parent":"",
"text":"转发微博。",
"mid":"zsFgZ84md",
"date":"2013-04-18 06:14:27"
},
{
"kids":[],
"uid":"2282729043",
"parent":"",
"text":"求杀人动机",
"mid":"zsF2nrAfF",
"date":"2013-04-18 05:38:29"
},
{
"kids":[
"zsH1q77qM"
],
"uid":"1733372365",
"parent":"",
"text":"",
"mid":"zsEucbPIx",
"date":"2013-04-18 04:14:15"
},
{
"kids":[],
"uid":"satake",
"parent":"",
"text":"[汗]",
"mid":"zsEc3evvT",
"date":"2013-04-18 03:29:33"
},
{
"kids":[],
"uid":"2403748225",
"parent":"",
"text":"",
"mid":"zsDL4alYb",
"date":"2013-04-18 02:23:04"
},
{
"kids":[],
"uid":"2014549143",
"parent":"",
"text":"总之都可惜了。。。",
"mid":"zsDKF3lG5",
"date":"2013-04-18 02:22:05"
},
{
"kids":[],
"uid":"3044146394",
"parent":"",
"text":"",
"mid":"zsDwDESnr",
"date":"2013-04-18 01:47:33"
},
{
"kids":[],
"uid":"2803138310",
"parent":"",
"text":"",
"mid":"zsDwDDCxN",
"date":"2013-04-18 01:47:33"
},
{
"kids":[],
"uid":"2083248827",
"parent":"",
"text":"是皇上最近专宠他么，还是他怀了皇上的骨肉，至于这么苦苦相逼.....[哈哈]",
"mid":"zsDkuuFUF",
"date":"2013-04-18 01:17:37"
},
{
"kids":[],
"uid":"4617333",
"parent":"",
"text":"毒源其实并不是目前查明的这种。提示短信也许只是有人想让警方按照他设计的方向锁定“凶手”，毕竟从受害人体内检测有没有一种具体的毒，比检测中什么毒，要容易很多，而一旦检测到这种毒的存在，根据短信暗示，凶手也顺理成章浮出水面，于是某些人的目的达到了。",
"mid":"zsDfMwRpL",
"date":"2013-04-18 01:06:01"
},
{
"kids":[],
"uid":"1412268630",
"parent":"",
"text":"还是等调查结果吧，必须证据确认，别象叔侄强奸案一样，简单推理。",
"mid":"zsDehrIiL",
"date":"2013-04-18 01:02:18"
},
{
"kids":[],
"uid":"yujianbin",
"parent":"",
"text":"你做为一个媒体人，在没有案件调查清楚前不要误导公众，在这件事上说话要有良心和确凿证据。",
"mid":"zsDdVzzMT",
"date":"2013-04-18 01:01:27"
},
{
"kids":[],
"uid":"1771506282",
"parent":"",
"text":"太狗血了。。。",
"mid":"zsD0SeCGf",
"date":"2013-04-18 00:29:17"
},
{
"kids":[],
"uid":"1877947784",
"parent":"",
"text":"感觉确实扑朔迷离",
"mid":"zsCZNaHEr",
"date":"2013-04-18 00:26:36"
},
{
"kids":[],
"uid":"2450081670",
"parent":"",
"text":"",
"mid":"zsCXQzsyL",
"date":"2013-04-18 00:21:50"
},
{
"kids":[],
"uid":"1015002465",
"parent":"",
"text":"如果真是如此，也太冤了吧！感谢我中学以及大学的室友，这么多年让我平安度过！",
"mid":"zsCXErSJP",
"date":"2013-04-18 00:21:21"
},
{
"kids":[],
"uid":"2498993633",
"parent":"",
"text":"尼玛，中枪啊！",
"mid":"zsCTbk04c",
"date":"2013-04-18 00:10:16"
},
{
"kids":[
"ztI2Hirz4",
"ztEHg28KA",
"ztEHf86pi"
],
"uid":"3021191265",
"parent":"zsCduE0Ye",
"text":"真相到底是什么？希望能赶快查清",
"mid":"zsCSusNri",
"date":"2013-04-18 00:08:39"
},
{
"kids":[],
"uid":"voguemc",
"parent":"",
"text":"无语，还是要公正看 案件没有侦破前，不要乱扣帽子",
"mid":"zsCPE40qq",
"date":"2013-04-18 00:01:37"
},
{
"kids":[],
"uid":"545640612",
"parent":"",
"text":"",
"mid":"zsCOdo9sD",
"date":"2013-04-17 23:58:08"
},
{
"kids":[],
"uid":"1839881400",
"parent":"",
"text":"[衰][怒]",
"mid":"zsCMKobcu",
"date":"2013-04-17 23:54:27"
},
{
"kids":[],
"uid":"sherry03079",
"parent":"",
"text":"正解！！",
"mid":"zsCMjwGaO",
"date":"2013-04-17 23:53:26"
},
{
"kids":[],
"uid":"1783602095",
"parent":"zsCD1j5yw",
"text":"",
"mid":"zsCKC0VP0",
"date":"2013-04-17 23:49:13"
},
{
"kids":[],
"uid":"2212792595",
"parent":"",
"text":"好可怕",
"mid":"zsCJPhATm",
"date":"2013-04-17 23:47:16"
},
{
"kids":[],
"uid":"ladylilisa",
"parent":"",
"text":"簡直不是人！",
"mid":"zsCJw2OyZ",
"date":"2013-04-17 23:46:31"
},
{
"kids":[],
"uid":"1837029432",
"parent":"",
"text":"似乎能说得通",
"mid":"zsCJnawFc",
"date":"2013-04-17 23:46:10"
},
{
"kids":[],
"uid":"2384524211",
"parent":"",
"text":"",
"mid":"zsCFBs2J5",
"date":"2013-04-17 23:36:53"
},
{
"kids":[],
"uid":"cici2gui",
"parent":"",
"text":"",
"mid":"zsCF71Egi",
"date":"2013-04-17 23:35:40"
},
{
"kids":[],
"uid":"linjenny3988",
"parent":"zsC949ev0",
"text":"[吃惊] 这不冤死了啊…[晕]害人的这个人啥心理啊[汗]嗯…关注真相…[话筒]",
"mid":"zsCDhyYie",
"date":"2013-04-17 23:31:09"
},
{
"kids":[
"zsCKC0VP0"
],
"uid":"11076298",
"parent":"",
"text":"",
"mid":"zsCD1j5yw",
"date":"2013-04-17 23:30:28"
},
{
"kids":[],
"uid":"2279230431",
"parent":"",
"text":"",
"mid":"zsCCL3SLp",
"date":"2013-04-17 23:29:53"
},
{
"kids":[],
"uid":"1855341877",
"parent":"",
"text":"",
"mid":"zsCCyDx50",
"date":"2013-04-17 23:29:21"
},
{
"kids":[],
"uid":"3168380804",
"parent":"",
"text":"@小新不再年轻 @陈晓岚fog @陈伟龙--Long-- 你相信吗",
"mid":"zsCBEvrXF",
"date":"2013-04-17 23:27:07"
},
{
"kids":[],
"uid":"pingbao2010",
"parent":"",
"text":"回复@MKKJH8788:同意！",
"mid":"zsCBDiY0d",
"date":"2013-04-17 23:27:03"
},
{
"kids":[],
"uid":"1812256107",
"parent":"",
"text":"草〜合着杀错了是吧[吃驚][吃驚]",
"mid":"zsCBAnfv1",
"date":"2013-04-17 23:26:56"
},
{
"kids":[],
"uid":"jaytin",
"parent":"",
"text":"网友找到林森浩的微博好像是@大汉漠北， 里面有说黄屌丝的呼噜声，应该是黄洋",
"mid":"zsCBrcSfR",
"date":"2013-04-17 23:26:35"
},
{
"kids":[],
"uid":"pingbao2010",
"parent":"",
"text":"这个感觉有点没那么简单。。。。",
"mid":"zsCBn3RSN",
"date":"2013-04-17 23:26:27"
},
{
"kids":[],
"uid":"2027111020",
"parent":"",
"text":"据说这不是最后的定论，只是怀疑，并没有证据",
"mid":"zsCzYcb5t",
"date":"2013-04-17 23:22:58"
},
{
"kids":[],
"uid":"3072370787",
"parent":"",
"text":"现在又有人说另外一个人根本不姓姜。一切都是猜测，并没有形成证据链证明这位网名是他本人，也没有证明另外一名室友的真实身份。下任何定论对这位林某都不公平。现在掌握最多证据的是公安，而我们能做的无非是要求侦查合法、审判公开。",
"mid":"zsCzUj8Yt",
"date":"2013-04-17 23:22:48"
},
{
"kids":[],
"uid":"1661604281",
"parent":"",
"text":"故事原来是这样的",
"mid":"zsCw5mThz",
"date":"2013-04-17 23:13:25"
},
{
"kids":[],
"uid":"1402597590",
"parent":"",
"text":"剧情越来越扑朔迷离了。。。",
"mid":"zsCulvjYh",
"date":"2013-04-17 23:09:06"
},
{
"kids":[],
"uid":"2785562910",
"parent":"zsCrCu8ED",
"text":"学医的放错了剂量？这个可能性大概不比厨师分不清鸡鸭肉的几率大多少。",
"mid":"zsCtxyntP",
"date":"2013-04-17 23:07:10"
},
{
"kids":[],
"uid":"jsblog",
"parent":"",
"text":"未证实消息",
"mid":"zsCsQ7hp0",
"date":"2013-04-17 23:05:25"
},
{
"kids":[
"zsCtxyntP"
],
"uid":"2632586995",
"parent":"",
"text":"若是事实，可能不算是误杀，毒药投到宿舍公用饮水机里，不可能想不到黄也有饮水的可能性",
"mid":"zsCrCu8ED",
"date":"2013-04-17 23:02:25"
},
{
"kids":[],
"uid":"1402592802",
"parent":"zsCqmtEF9",
"text":"谣言满天飞啊",
"mid":"zsCrl35Nc",
"date":"2013-04-17 23:01:44"
},
{
"kids":[],
"uid":"2553922667",
"parent":"",
"text":"复旦又出新闻了。@眯着眼的猪",
"mid":"zsCrjAc42",
"date":"2013-04-17 23:01:40"
},
{
"kids":[],
"uid":"1861759644",
"parent":"",
"text":"",
"mid":"zsCqFoyPm",
"date":"2013-04-17 23:00:01"
},
{
"kids":[
"zsGAjEjTT",
"zsCrl35Nc"
],
"uid":"1841224867",
"parent":"zsCoLu5ln",
"text":"这么天真的蠢人也进得了复旦[鄙视][鄙视]",
"mid":"zsCqmtEF9",
"date":"2013-04-17 22:59:20"
},
{
"kids":[],
"uid":"271609955",
"parent":"",
"text":"@小肥兜的妈",
"mid":"zsCoRoNhm",
"date":"2013-04-17 22:55:36"
},
{
"kids":[
"zsCqmtEF9"
],
"uid":"2013535063",
"parent":"",
"text":"原来是这样[衰]",
"mid":"zsCoLu5ln",
"date":"2013-04-17 22:55:22"
},
{
"kids":[],
"uid":"3190526844",
"parent":"",
"text":"[围观]",
"mid":"zsCnfd06p",
"date":"2013-04-17 22:51:39"
},
{
"kids":[],
"uid":"2169245164",
"parent":"",
"text":"更可怕！",
"mid":"zsCmV8xWB",
"date":"2013-04-17 22:50:51"
},
{
"kids":[],
"uid":"1996482381",
"parent":"",
"text":"错杀",
"mid":"zsClPc9pc",
"date":"2013-04-17 22:48:07"
},
{
"kids":[],
"uid":"2494848460",
"parent":"zsCduE0Ye",
"text":"",
"mid":"zsCkZpg1B",
"date":"2013-04-17 22:46:03"
},
{
"kids":[],
"uid":"234388968",
"parent":"",
"text":"哎心里真是太变态了世上怎么会有这样的人，本是同根生,相煎何太急啊",
"mid":"zsCkYgFTj",
"date":"2013-04-17 22:46:02"
},
{
"kids":[],
"uid":"2217189490",
"parent":"",
"text":"越看越像是一个圈套，看来复旦大学水很深",
"mid":"zsCkQ1mIr",
"date":"2013-04-17 22:45:43"
},
{
"kids":[],
"uid":"1821458694",
"parent":"",
"text":"有这么复杂吗",
"mid":"zsCjiynuo",
"date":"2013-04-17 22:41:55"
},
{
"kids":[],
"uid":"faye198975",
"parent":"",
"text":"转发微博。",
"mid":"zsCiO830h",
"date":"2013-04-17 22:40:43"
},
{
"kids":[],
"uid":"2187860783",
"parent":"",
"text":"@易斯_Deuces",
"mid":"zsCe7kHZP",
"date":"2013-04-17 22:29:10"
},
{
"kids":[],
"uid":"1845602472",
"parent":"",
"text":"",
"mid":"zsCdxyBtB",
"date":"2013-04-17 22:27:43"
},
{
"kids":[
"zsCSusNri",
"zsCkZpg1B"
],
"uid":"woaijingboran",
"parent":"",
"text":"",
"mid":"zsCduE0Ye",
"date":"2013-04-17 22:27:39"
},
{
"kids":[],
"uid":"1972907053",
"parent":"",
"text":"希望早日真相大白[蜡烛][蜡烛]",
"mid":"zsCc4AI1U",
"date":"2013-04-17 22:24:06"
},
{
"kids":[],
"uid":"roywwt",
"parent":"",
"text":"[衰]",
"mid":"zsC9SlZHg",
"date":"2013-04-17 22:18:43"
},
{
"kids":[
"zsCDhyYie"
],
"uid":"xmxiaoyi",
"parent":"",
"text":"真相一定要快点出来",
"mid":"zsC949ev0",
"date":"2013-04-17 22:16:41"
},
{
"kids":[],
"uid":"2157663931",
"parent":"zsC53BPjx",
"text":"事态发展的越来越狗血了",
"mid":"zsC8lfhuz",
"date":"2013-04-17 22:14:56"
},
{
"kids":[],
"uid":"1799536072",
"parent":"",
"text":"真相？",
"mid":"zsC7eF4pO",
"date":"2013-04-17 22:12:10"
},
{
"kids":[
"zsC8lfhuz"
],
"uid":"2707946360",
"parent":"",
"text":"[吃惊][吃惊]",
"mid":"zsC53BPjx",
"date":"2013-04-17 22:06:51"
},
{
"kids":[],
"uid":"2275700195",
"parent":"",
"text":"",
"mid":"zsC4d1P3q",
"date":"2013-04-17 22:04:43"
},
{
"kids":[],
"uid":"chenqinerzhuzhu",
"parent":"",
"text":"[汗][吃惊]",
"mid":"zsC3ViE3u",
"date":"2013-04-17 22:04:01"
},
{
"kids":[],
"uid":"1862609570",
"parent":"",
"text":"",
"mid":"zsC2R8bAM",
"date":"2013-04-17 22:01:25"
},
{
"kids":[],
"uid":"crystallanlan",
"parent":"",
"text":"东野奎吾附身吗[晕]",
"mid":"zsC0Zz1pG",
"date":"2013-04-17 21:56:49"
},
{
"kids":[],
"uid":"scofield925",
"parent":"",
"text":"@蓝色沙发 @hazerhz",
"mid":"zsC0vao6V",
"date":"2013-04-17 21:55:35"
},
{
"kids":[],
"uid":"youyuedelhy",
"parent":"",
"text":"纳尼!@小丸子Cherry_LU @兴兴哥-大牛会飞",
"mid":"zsBYJwuaI",
"date":"2013-04-17 21:51:16"
},
{
"kids":[],
"uid":"1996835663",
"parent":"",
"text":"",
"mid":"zsBUDm0Zy",
"date":"2013-04-17 21:41:10"
},
{
"kids":[],
"uid":"3193645527",
"parent":"",
"text":"黃洋好可憐啊 你一路走好[心]",
"mid":"zsBSMabOE",
"date":"2013-04-17 21:36:33"
},
{
"kids":[],
"uid":"candybhl",
"parent":"",
"text":"[吃惊]",
"mid":"zsBRFgHaP",
"date":"2013-04-17 21:33:49"
},
{
"kids":[],
"uid":"2696030340",
"parent":"",
"text":"黄洋和十一年前清华的朱令何其相似，一样的风华正茂，才华横溢，惟一的区别是黄洋走了，而朱令还在残喘的度着余生，想到他们以及他们的父母，心里有点难过，对朱令投毒的凶手目前还在逍遥法外，[怒]希望能还他们一个公道，当然也别冤枉好人吧",
"mid":"zsBPQ9beh",
"date":"2013-04-17 21:29:21"
},
{
"kids":[],
"uid":"lvsmile",
"parent":"",
"text":"@沈lj",
"mid":"zsBPL7JXP",
"date":"2013-04-17 21:29:08"
},
{
"kids":[],
"uid":"2171806177",
"parent":"",
"text":"贱人",
"mid":"zsBOqlIdv",
"date":"2013-04-17 21:25:52"
},
{
"kids":[],
"uid":"1973950147",
"parent":"",
"text":"啊啊啊啊 高智商犯罪真可怕",
"mid":"zsBNAAG03",
"date":"2013-04-17 21:23:47"
},
{
"kids":[],
"uid":"3221720487",
"parent":"",
"text":"",
"mid":"zsBIOhiNA",
"date":"2013-04-17 21:12:01"
},
{
"kids":[],
"uid":"1776212251",
"parent":"",
"text":"",
"mid":"zsBDQkpnV",
"date":"2013-04-17 20:59:48"
},
{
"kids":[],
"uid":"1284413197",
"parent":"",
"text":"这是肿么了？？",
"mid":"zsBAgrybY",
"date":"2013-04-17 20:51:00"
},
{
"kids":[],
"uid":"hlc92",
"parent":"",
"text":"",
"mid":"zsBzBnTAL",
"date":"2013-04-17 20:49:19"
},
{
"kids":[],
"uid":"1047beauty",
"parent":"",
"text":"真相没有大白之前，还是不要乱说，如果不是那岂不是毁了另外一个高材生",
"mid":"zsBwTybgu",
"date":"2013-04-17 20:42:38"
},
{
"kids":[],
"uid":"kiie",
"parent":"zsB9p43N2",
"text":"[蜡烛]",
"mid":"zsBuVvVt3",
"date":"2013-04-17 20:37:50"
},
{
"kids":[],
"uid":"zhunaacom",
"parent":"",
"text":"杯具",
"mid":"zsBuvbQYF",
"date":"2013-04-17 20:36:47"
},
{
"kids":[],
"uid":"3059478287",
"parent":"zsBrFFKmG",
"text":"",
"mid":"zsBsWxdKP",
"date":"2013-04-17 20:32:54"
},
{
"kids":[],
"uid":"235672416",
"parent":"",
"text":"",
"mid":"zsBs4vuG9",
"date":"2013-04-17 20:30:49"
},
{
"kids":[],
"uid":"xudong1231",
"parent":"",
"text":"",
"mid":"zsBrJdxS5",
"date":"2013-04-17 20:29:57"
},
{
"kids":[
"zsBsWxdKP"
],
"uid":"3234055254",
"parent":"",
"text":"为什么要杀人？",
"mid":"zsBrFFKmG",
"date":"2013-04-17 20:29:49"
},
{
"kids":[],
"uid":"3163754710",
"parent":"",
"text":"",
"mid":"zsBq71lxK",
"date":"2013-04-17 20:25:58"
},
{
"kids":[],
"uid":"juliazhou0609",
"parent":"",
"text":"这个就是真相？。？",
"mid":"zsBpp2Dxc",
"date":"2013-04-17 20:24:14"
},
{
"kids":[],
"uid":"2827804175",
"parent":"",
"text":"柯南原来被案件拴在我国了。",
"mid":"zsBoQ8i27",
"date":"2013-04-17 20:22:50"
},
{
"kids":[],
"uid":"2762378873",
"parent":"",
"text":"。。",
"mid":"zsBncsKTf",
"date":"2013-04-17 20:18:48"
},
{
"kids":[],
"uid":"3162450417",
"parent":"zsAYahSeQ",
"text":"",
"mid":"zsBml3mG0",
"date":"2013-04-17 20:16:40"
},
{
"kids":[],
"uid":"2953226357",
"parent":"",
"text":"有道理",
"mid":"zsBiEkTB1",
"date":"2013-04-17 20:07:33"
},
{
"kids":[],
"uid":"2661920113",
"parent":"",
"text":"话说事情一出，说法千百",
"mid":"zsBfhpvYa",
"date":"2013-04-17 19:59:15"
},
{
"kids":[],
"uid":"2110163051",
"parent":"",
"text":"林就是研究这的，还会上百度问？网络力量真大这都给人肉出来。结果到底是什么，还是等JC结案吧",
"mid":"zsB9FgQRc",
"date":"2013-04-17 19:45:25"
},
{
"kids":[
"zsBuVvVt3"
],
"uid":"bearbearbear101",
"parent":"",
"text":"[思考]线索错综复杂，案情峰回路转。恐怕狄仁杰再世也难断，更不用问元芳了〜",
"mid":"zsB9p43N2",
"date":"2013-04-17 19:44:48"
},
{
"kids":[],
"uid":"2300733980",
"parent":"",
"text":"应该是这样得@Midoshen",
"mid":"zsB74i2rf",
"date":"2013-04-17 19:39:01"
},
{
"kids":[],
"uid":"cherry729",
"parent":"",
"text":"这个。。。如果是真的，黄洋太可惜啦！",
"mid":"zsB3dbIWc",
"date":"2013-04-17 19:29:33"
},
{
"kids":[
"zsBml3mG0"
],
"uid":"linyu86",
"parent":"",
"text":"事情又有了很大的转变",
"mid":"zsAYahSeQ",
"date":"2013-04-17 19:17:05"
},
{
"kids":[],
"uid":"3218306601",
"parent":"",
"text":"病入膏肓的中国人。",
"mid":"zsAUTj2IP",
"date":"2013-04-17 19:09:01"
},
{
"kids":[],
"uid":"yuyuma100",
"parent":"",
"text":"[怒]",
"mid":"zsATDxDRT",
"date":"2013-04-17 19:05:58"
},
{
"kids":[],
"uid":"1733281395",
"parent":"",
"text":"除了痛心还是痛心",
"mid":"zsACvg0to",
"date":"2013-04-17 18:23:43"
},
{
"kids":[],
"uid":"2302076900",
"parent":"",
"text":"",
"mid":"zsAyD4LUj",
"date":"2013-04-17 18:14:12"
},
{
"kids":[],
"uid":"1953922577",
"parent":"",
"text":"原来不是那么简单，真相只有一个！！多半是姜成，不是林…",
"mid":"zsA9PkoOe",
"date":"2013-04-17 17:13:04"
},
{
"kids":[],
"uid":"272754444",
"parent":"",
"text":"",
"mid":"zsA7342Jt",
"date":"2013-04-17 17:06:13"
},
{
"kids":[],
"uid":"douhuawangdao",
"parent":"",
"text":"[泪][泪]",
"mid":"zszIXzWlS",
"date":"2013-04-17 16:06:55"
},
{
"kids":[],
"uid":"2523156691",
"parent":"",
"text":"",
"mid":"zszEy1hqv",
"date":"2013-04-17 15:56:01"
},
{
"kids":[],
"uid":"1749639862",
"parent":"",
"text":"悲剧了，好像是四川荣县人，家境也不是太好。",
"mid":"zszBxeRCY",
"date":"2013-04-17 15:48:35"
},
{
"kids":[],
"uid":"2870797640",
"parent":"",
"text":"读了那么多年的书，诶",
"mid":"zszyS3Xs3",
"date":"2013-04-17 15:42:03"
},
{
"kids":[],
"uid":"yumaodan",
"parent":"",
"text":"",
"mid":"zszyahL7z",
"date":"2013-04-17 15:40:19"
},
{
"kids":[],
"uid":"1830327873",
"parent":"zsxhR289i",
"text":"这情节，太 ....无语了",
"mid":"zszxU6xJp",
"date":"2013-04-17 15:39:39"
},
{
"kids":[
"zsMZg1x3C",
"zsMZg1x1m"
],
"uid":"3327680530",
"parent":"",
"text":"",
"mid":"zszvW1qWa",
"date":"2013-04-17 15:34:49"
},
{
"kids":[],
"uid":"2518561701",
"parent":"",
"text":"可怜孩[汗]",
"mid":"zszsBuUeY",
"date":"2013-04-17 15:26:37"
},
{
"kids":[],
"uid":"2347408131",
"parent":"",
"text":"",
"mid":"zszjQENhD",
"date":"2013-04-17 15:05:03"
},
{
"kids":[],
"uid":"2651182144",
"parent":"",
"text":"@EvenKoo @大大潘DP",
"mid":"zsz3JilWy",
"date":"2013-04-17 14:25:20"
},
{
"kids":[],
"uid":"1272310600",
"parent":"",
"text":"",
"mid":"zsySY6a2I",
"date":"2013-04-17 13:58:48"
},
{
"kids":[],
"uid":"rx7923",
"parent":"zsxMSovlY",
"text":"呀血勒个太心狠手辣佬",
"mid":"zsyEFz5WB",
"date":"2013-04-17 13:23:36"
},
{
"kids":[],
"uid":"1981239301",
"parent":"",
"text":"",
"mid":"zsyvudpzv",
"date":"2013-04-17 13:00:58"
},
{
"kids":[],
"uid":"2624618397",
"parent":"",
"text":"还是蓄意谋杀",
"mid":"zsynQurVZ",
"date":"2013-04-17 12:42:09"
},
{
"kids":[],
"uid":"2949065740",
"parent":"",
"text":"",
"mid":"zsykpuJND",
"date":"2013-04-17 12:33:41"
},
{
"kids":[],
"uid":"2511419121",
"parent":"",
"text":"逝者安息，生者节哀。希望天堂的黄洋还是这么优秀。",
"mid":"zsyfioVYX",
"date":"2013-04-17 12:21:05"
},
{
"kids":[],
"uid":"3267560374",
"parent":"",
"text":"不管怎样的深仇大恨也不能随意剥夺别人的生命！这时可能就是另一个生命的哀悼和事件的警醒了 ，只是害了无辜者！",
"mid":"zsyf6j58z",
"date":"2013-04-17 12:20:35"
},
{
"kids":[],
"uid":"tjy520hj325",
"parent":"",
"text":"。。。",
"mid":"zsycul8hz",
"date":"2013-04-17 12:14:10"
},
{
"kids":[],
"uid":"1834506753",
"parent":"",
"text":"",
"mid":"zsybzAHcC",
"date":"2013-04-17 12:11:53"
},
{
"kids":[],
"uid":"camel0408",
"parent":"",
"text":"又是一个神剧情",
"mid":"zsya9zE6S",
"date":"2013-04-17 12:08:25"
},
{
"kids":[],
"uid":"ohohchloe",
"parent":"zsxGKmiE5",
"text":"真的假的[生病][蜡烛]",
"mid":"zsy9N6FoG",
"date":"2013-04-17 12:07:31"
},
{
"kids":[],
"uid":"2948446483",
"parent":"",
"text":"",
"mid":"zsy2UqP37",
"date":"2013-04-17 11:50:33"
},
{
"kids":[],
"uid":"2796761133",
"parent":"zsxBTfIT5",
"text":"靠，他娘的，这么点肚量还是爷们儿么",
"mid":"zsy2CEmZp",
"date":"2013-04-17 11:49:52"
},
{
"kids":[],
"uid":"suzar",
"parent":"",
"text":"謀殺與誤殺，判刑分別可以好大[吃惊]",
"mid":"zsy0QcqgK",
"date":"2013-04-17 11:45:27"
},
{
"kids":[],
"uid":"1684661874",
"parent":"zsxGNmpcN",
"text":"",
"mid":"zsxUAbCGz",
"date":"2013-04-17 11:30:02"
},
{
"kids":[],
"uid":"1462978605",
"parent":"zsxATch03",
"text":"回复@Justin_Blog:真是，这件事肯定会在校园里掀起一股暗流，吓人",
"mid":"zsxU6Ckop",
"date":"2013-04-17 11:28:52"
},
{
"kids":[],
"uid":"1450366614",
"parent":"",
"text":"可恨啊",
"mid":"zsxU2cyrr",
"date":"2013-04-17 11:28:41"
},
{
"kids":[],
"uid":"1416533627",
"parent":"zsxMWwH55",
"text":"回复@青春掉了秋裤在:你是物理学霸，你牛逼！你都不用去@ 冷猫，他娃对这些完全不感兴趣，你看他微博一般就探讨下波多老湿和苍老湿等等",
"mid":"zsxTArMje",
"date":"2013-04-17 11:27:36"
},
{
"kids":[],
"uid":"2670041045",
"parent":"",
"text":"",
"mid":"zsxTxurge",
"date":"2013-04-17 11:27:28"
},
{
"kids":[],
"uid":"3307542933",
"parent":"",
"text":"",
"mid":"zsxT6gtLu",
"date":"2013-04-17 11:26:24"
},
{
"kids":[],
"uid":"abigtailfish",
"parent":"zsxzhlUW1",
"text":"放错了剂量，基础不扎实啊",
"mid":"zsxShaWyU",
"date":"2013-04-17 11:24:23"
},
{
"kids":[],
"uid":"2891864492",
"parent":"",
"text":"误杀  有杀人动机 唉！希望这样的事别再发生了！",
"mid":"zsxSdDXGB",
"date":"2013-04-17 11:24:14"
},
{
"kids":[],
"uid":"2696579254",
"parent":"",
"text":"轉發微博",
"mid":"zsxQn1oFN",
"date":"2013-04-17 11:19:39"
},
{
"kids":[],
"uid":"530100606",
"parent":"",
"text":"[衰]",
"mid":"zsxQh6ITd",
"date":"2013-04-17 11:19:27"
},
{
"kids":[],
"uid":"2662275895",
"parent":"",
"text":"是这样吗？",
"mid":"zsxQdeKGN",
"date":"2013-04-17 11:19:17"
},
{
"kids":[],
"uid":"1590609404",
"parent":"",
"text":"真相帝啊",
"mid":"zsxNwimXm",
"date":"2013-04-17 11:12:38"
},
{
"kids":[
"zsxTArMje"
],
"uid":"1416533627",
"parent":"zsxsv8g3J",
"text":"心理扭曲的人学物理也很恐怖，时不时给你搞个神马放射性物质[偷笑]",
"mid":"zsxMWwH55",
"date":"2013-04-17 11:11:14"
},
{
"kids":[
"zsyEFz5WB"
],
"uid":"jiao1023",
"parent":"zsxMs6ukb",
"text":"@浮生小馨",
"mid":"zsxMSovlY",
"date":"2013-04-17 11:11:04"
},
{
"kids":[
"zsxMSovlY"
],
"uid":"2029883951",
"parent":"",
"text":"@公子似小白 @金夫人JJ @可能的存在sunshine @程老板娘",
"mid":"zsxMs6ukb",
"date":"2013-04-17 11:10:01"
},
{
"kids":[],
"uid":"2617128803",
"parent":"",
"text":"",
"mid":"zsxLxDr47",
"date":"2013-04-17 11:07:45"
},
{
"kids":[],
"uid":"2451274070",
"parent":"zsxGKmiE5",
"text":"郭 你也小心点啊 浙大也人才辈出啊@阿库拉玛塔塔Radcliffe",
"mid":"zsxIXshTU",
"date":"2013-04-17 11:01:23"
},
{
"kids":[],
"uid":"lhhduoduo",
"parent":"",
"text":"",
"mid":"zsxHP8sQr",
"date":"2013-04-17 10:58:37"
},
{
"kids":[
"zsxUAbCGz"
],
"uid":"1658931870",
"parent":"",
"text":"[衰][衰][衰][吃惊]",
"mid":"zsxGNmpcN",
"date":"2013-04-17 10:56:04"
},
{
"kids":[
"zsy9N6FoG",
"zsxIXshTU"
],
"uid":"radcliffeguo",
"parent":"zsxBTfIT5",
"text":"[生病][生病][生病]",
"mid":"zsxGKmiE5",
"date":"2013-04-17 10:55:57"
},
{
"kids":[],
"uid":"1462978605",
"parent":"zsxATch03",
"text":"背后到底是什么恩怨情仇，悬疑，恐怖",
"mid":"zsxGihU1X",
"date":"2013-04-17 10:54:50"
},
{
"kids":[],
"uid":"1888405611",
"parent":"",
"text":"是真的这样吗？",
"mid":"zsxFyfyZY",
"date":"2013-04-17 10:53:00"
},
{
"kids":[
"zsy2CEmZp",
"zsxGKmiE5"
],
"uid":"2020501221",
"parent":"",
"text":"[吃惊][蜡烛][蜡烛][蜡烛]",
"mid":"zsxBTfIT5",
"date":"2013-04-17 10:44:00"
},
{
"kids":[
"zsxU6Ckop",
"zsxGihU1X"
],
"uid":"markhomer",
"parent":"",
"text":"恐怖！",
"mid":"zsxATch03",
"date":"2013-04-17 10:41:32"
},
{
"kids":[
"zsxShaWyU"
],
"uid":"2607826733",
"parent":"",
"text":"",
"mid":"zsxzhlUW1",
"date":"2013-04-17 10:37:33"
},
{
"kids":[],
"uid":"1431767982",
"parent":"",
"text":"不是说第三个室友根本不住宿舍么，那他干嘛往宿舍的水投毒去毒一个根本不来宿舍的人，还有那神秘短信是谁发的......",
"mid":"zsxyFd4Co",
"date":"2013-04-17 10:36:03"
},
{
"kids":[],
"uid":"1818389881",
"parent":"",
"text":"种种事件让我觉得学医的人很危险。。。",
"mid":"zsxym0F5G",
"date":"2013-04-17 10:35:17"
},
{
"kids":[],
"uid":"1141491925",
"parent":"",
"text":"真的假的……",
"mid":"zsxwY2rxw",
"date":"2013-04-17 10:31:52"
},
{
"kids":[],
"uid":"1285083472",
"parent":"",
"text":"真相在哪里~",
"mid":"zsxuholYv",
"date":"2013-04-17 10:25:15"
},
{
"kids":[
"zsFxCD73d"
],
"uid":"1262253880",
"parent":"",
"text":"",
"mid":"zsxu8caEM",
"date":"2013-04-17 10:24:53"
},
{
"kids":[],
"uid":"2664062533",
"parent":"",
"text":"@若月璎珞 @朱小圆恨Dementor 橙子躺着也中枪啊…",
"mid":"zsxt7ysu1",
"date":"2013-04-17 10:22:24"
},
{
"kids":[
"zsxMWwH55"
],
"uid":"1688570407",
"parent":"",
"text":"心理扭曲的人去学化学，太恐怖了",
"mid":"zsxsv8g3J",
"date":"2013-04-17 10:20:53"
},
{
"kids":[],
"uid":"2692302843",
"parent":"",
"text":"赶快查明真相让黄洋安息吧",
"mid":"zsxrOC5iT",
"date":"2013-04-17 10:19:11"
},
{
"kids":[],
"uid":"1016150163",
"parent":"",
"text":"莫非真是马加爵的回归？真相只有一个，求真相帝[神马][神马][神马]",
"mid":"zsxoydbPw",
"date":"2013-04-17 10:11:08"
},
{
"kids":[],
"uid":"2416584341",
"parent":"",
"text":"",
"mid":"zsxou50hQ",
"date":"2013-04-17 10:10:57"
},
{
"kids":[],
"uid":"lsy19830721",
"parent":"",
"text":"[汗]",
"mid":"zsxo68HNv",
"date":"2013-04-17 10:10:00"
},
{
"kids":[],
"uid":"yellowong9071",
"parent":"",
"text":"",
"mid":"zsxnWF3hx",
"date":"2013-04-17 10:09:39"
},
{
"kids":[],
"uid":"1834806783",
"parent":"",
"text":"",
"mid":"zsxnQrsNG",
"date":"2013-04-17 10:09:24"
},
{
"kids":[],
"uid":"2697864411",
"parent":"",
"text":"",
"mid":"zsxkAD3Ks",
"date":"2013-04-17 10:01:24"
},
{
"kids":[],
"uid":"2712068823",
"parent":"",
"text":"剧情离奇，异象环生……[汗]",
"mid":"zsxi5d8hi",
"date":"2013-04-17 09:55:11"
},
{
"kids":[
"zszxU6xJp"
],
"uid":"2308061591",
"parent":"",
"text":"",
"mid":"zsxhR289i",
"date":"2013-04-17 09:54:36"
},
{
"kids":[],
"uid":"2707143053",
"parent":"",
"text":"[蜡烛]",
"mid":"zsxhM27A1",
"date":"2013-04-17 09:54:25"
}
]