[
{
"kids":[],
"uid":"1978731327",
"parent":"",
"text":"",
"mid":"yDYSKzufV",
"date":"2012-09-28 17:38:44"
},
{
"kids":[],
"uid":"2805408094",
"parent":"",
"text":"",
"mid":"yCylVAWaH",
"date":"2012-09-19 08:16:10"
},
{
"kids":[],
"uid":"2807941090",
"parent":"",
"text":"",
"mid":"yCylVz91j",
"date":"2012-09-19 08:16:09"
},
{
"kids":[],
"uid":"2920491214",
"parent":"yCusLqHff",
"text":"",
"mid":"yCy1rxNsP",
"date":"2012-09-19 07:25:41"
},
{
"kids":[],
"uid":"1583204974",
"parent":"yCusLqHff",
"text":"",
"mid":"yCy1rgckf",
"date":"2012-09-19 07:25:41"
},
{
"kids":[],
"uid":"1583968390",
"parent":"",
"text":"",
"mid":"yCx4vwjQ3",
"date":"2012-09-19 05:00:30"
},
{
"kids":[],
"uid":"2789965080",
"parent":"",
"text":"",
"mid":"yCx4vulhg",
"date":"2012-09-19 05:00:30"
},
{
"kids":[],
"uid":"2107000195",
"parent":"",
"text":"正佳真成这样了[汗][汗][汗][疑问][疑问][疑问]",
"mid":"yCvvO1lQo",
"date":"2012-09-19 01:02:15"
},
{
"kids":[],
"uid":"1907939050",
"parent":"yCunntyTL",
"text":"",
"mid":"yCuWX5yYa",
"date":"2012-09-18 23:36:21"
},
{
"kids":[],
"uid":"2168983213",
"parent":"",
"text":"@笨笨笨猪杏 @-小小-酱 @callme-喵喵",
"mid":"yCuHmbLvP",
"date":"2012-09-18 22:57:59"
},
{
"kids":[],
"uid":"517891514",
"parent":"",
"text":"有没有搞错？",
"mid":"yCuGA37BO",
"date":"2012-09-18 22:56:03"
},
{
"kids":[],
"uid":"2001095825",
"parent":"",
"text":"[吃惊][吃惊]",
"mid":"yCuB79TOo",
"date":"2012-09-18 22:42:35"
},
{
"kids":[],
"uid":"1769310300",
"parent":"",
"text":"今天广州到底发生了些什么?",
"mid":"yCuAh6jS2",
"date":"2012-09-18 22:40:31"
},
{
"kids":[
"yCy1rxNsP",
"yCy1rgckf"
],
"uid":"2019882737",
"parent":"yCu5q7Swy",
"text":"",
"mid":"yCusLqHff",
"date":"2012-09-18 22:22:00"
},
{
"kids":[],
"uid":"1916667225",
"parent":"yCu5q7Swy",
"text":"",
"mid":"yCusjBbyS",
"date":"2012-09-18 22:20:56"
},
{
"kids":[],
"uid":"1420404444",
"parent":"",
"text":"好夸张",
"mid":"yCuq0mb6O",
"date":"2012-09-18 22:15:13"
},
{
"kids":[],
"uid":"2514726734",
"parent":"yCu5q7Swy",
"text":"",
"mid":"yCupU7goO",
"date":"2012-09-18 22:14:57"
},
{
"kids":[],
"uid":"2207794807",
"parent":"yCu5q7Swy",
"text":"",
"mid":"yCuoU3TuU",
"date":"2012-09-18 22:12:30"
},
{
"kids":[
"yCuWX5yYa"
],
"uid":"1959907497",
"parent":"yCu5q7Swy",
"text":"妈呀，这人，吓死了[吃惊]",
"mid":"yCunntyTL",
"date":"2012-09-18 22:08:44"
},
{
"kids":[],
"uid":"333066608",
"parent":"yCu5q7Swy",
"text":"这。。。。。",
"mid":"yCumf9PgZ",
"date":"2012-09-18 22:05:57"
},
{
"kids":[],
"uid":"xiuyingluo",
"parent":"yCtkYgAFe",
"text":"不是吧~~~~国庆哪都别想去了。。。。。",
"mid":"yCukT0e3v",
"date":"2012-09-18 22:02:33"
},
{
"kids":[],
"uid":"2581149910",
"parent":"yCt0b2ADb",
"text":"",
"mid":"yCujhFMWG",
"date":"2012-09-18 21:58:38"
},
{
"kids":[],
"uid":"2485834943",
"parent":"yCu5q7Swy",
"text":"这么多人",
"mid":"yCuikiHUN",
"date":"2012-09-18 21:56:17"
},
{
"kids":[],
"uid":"2471964061",
"parent":"yCu5q7Swy",
"text":"",
"mid":"yCueQzEkU",
"date":"2012-09-18 21:47:44"
},
{
"kids":[],
"uid":"1983193530",
"parent":"",
"text":"转发微博。",
"mid":"yCubUgMGn",
"date":"2012-09-18 21:40:29"
},
{
"kids":[],
"uid":"2053570340",
"parent":"",
"text":"9.18",
"mid":"yCuaQ5Of1",
"date":"2012-09-18 21:37:52"
},
{
"kids":[],
"uid":"2270691171",
"parent":"yCu5q7Swy",
"text":"",
"mid":"yCuaBhXpw",
"date":"2012-09-18 21:37:17"
},
{
"kids":[],
"uid":"2270691171",
"parent":"",
"text":"918",
"mid":"yCuad3FHQ",
"date":"2012-09-18 21:36:18"
},
{
"kids":[],
"uid":"lchzhlchzh",
"parent":"",
"text":"@瑠璃色lin 没这么夸张吧",
"mid":"yCu9Xoinp",
"date":"2012-09-18 21:35:41"
},
{
"kids":[],
"uid":"2270691171",
"parent":"yCu5q7Swy",
"text":"918，行车在广州市，真的是塞怕了。。。。。。",
"mid":"yCu9Pp4sL",
"date":"2012-09-18 21:35:22"
},
{
"kids":[
"yCusLqHff",
"yCusjBbyS",
"yCupU7goO",
"yCuoU3TuU",
"yCunntyTL",
"yCumf9PgZ",
"yCuikiHUN",
"yCueQzEkU",
"yCuaBhXpw",
"yCu9Pp4sL"
],
"uid":"1952639581",
"parent":"yCthoBvB5",
"text":"918，行车在广州市，真的是塞怕了。。。。。。",
"mid":"yCu5q7Swy",
"date":"2012-09-18 21:24:30"
},
{
"kids":[],
"uid":"2407736792",
"parent":"",
"text":"",
"mid":"yCu4zvo6v",
"date":"2012-09-18 21:22:25"
},
{
"kids":[],
"uid":"1808274582",
"parent":"",
"text":"在家睡觉最好",
"mid":"yCtZpcAzt",
"date":"2012-09-18 21:09:42"
},
{
"kids":[],
"uid":"2086815613",
"parent":"",
"text":"那边那么多车，交警辛苦了。。",
"mid":"yCtJEj5tT",
"date":"2012-09-18 20:30:52"
},
{
"kids":[],
"uid":"2516676571",
"parent":"yCttu1CkM",
"text":"这么多人的",
"mid":"yCtCqk6oC",
"date":"2012-09-18 20:13:03"
},
{
"kids":[],
"uid":"czsushuo",
"parent":"",
"text":"[国旗]",
"mid":"yCtC0CzEq",
"date":"2012-09-18 20:12:03"
},
{
"kids":[],
"uid":"2440202583",
"parent":"",
"text":"壮观呀！",
"mid":"yCtBIkm4y",
"date":"2012-09-18 20:11:17"
},
{
"kids":[],
"uid":"henwing520",
"parent":"yCt5Q5Fqb",
"text":"甘紧要好似打仗甘[惊恐]",
"mid":"yCtwgg2d2",
"date":"2012-09-18 19:57:54"
},
{
"kids":[],
"uid":"dododododosmoking",
"parent":"",
"text":"",
"mid":"yCtuZ4ktJ",
"date":"2012-09-18 19:54:43"
},
{
"kids":[],
"uid":"2158105444",
"parent":"",
"text":"幻觉。相机产生幻觉了",
"mid":"yCttO4W3w",
"date":"2012-09-18 19:51:51"
},
{
"kids":[
"yCtCqk6oC"
],
"uid":"2152532813",
"parent":"yCt5N8kqC",
"text":"看日本还能坚持多久",
"mid":"yCttu1CkM",
"date":"2012-09-18 19:51:03"
},
{
"kids":[],
"uid":"yuchangyao",
"parent":"",
"text":"早打晚打都是打还不如早点打",
"mid":"yCtmHw4Q8",
"date":"2012-09-18 19:34:17"
},
{
"kids":[],
"uid":"1890769050",
"parent":"",
"text":"[",
"mid":"yCtm6zyQo",
"date":"2012-09-18 19:32:52"
},
{
"kids":[
"yCukT0e3v"
],
"uid":"jazz182829",
"parent":"",
"text":"[国旗]",
"mid":"yCtkYgAFe",
"date":"2012-09-18 19:30:02"
},
{
"kids":[
"yCu5q7Swy"
],
"uid":"2435940062",
"parent":"yCsVl72EF",
"text":"[吃惊][吃惊]难怪今天塞车那么厉害",
"mid":"yCthoBvB5",
"date":"2012-09-18 19:21:13"
},
{
"kids":[],
"uid":"1890769050",
"parent":"",
"text":"[",
"mid":"yCtgYCcA0",
"date":"2012-09-18 19:20:14"
},
{
"kids":[],
"uid":"2081535581",
"parent":"yCt82xRoD",
"text":"游行，到底要到什么时候呢！？",
"mid":"yCtdm2g0k",
"date":"2012-09-18 19:11:19"
},
{
"kids":[],
"uid":"luoqianyue",
"parent":"yCsO2o5UP",
"text":"回复@多叻叻:那太好了~",
"mid":"yCta9d0eD",
"date":"2012-09-18 19:03:22"
},
{
"kids":[],
"uid":"206068106",
"parent":"",
"text":"当年奥运会可真壮观！",
"mid":"yCt97CBAx",
"date":"2012-09-18 19:00:53"
},
{
"kids":[
"yCtdm2g0k"
],
"uid":"2153840731",
"parent":"yCt0b2ADb",
"text":"恐怖，密集恐惧",
"mid":"yCt82xRoD",
"date":"2012-09-18 18:58:13"
},
{
"kids":[
"yCtwgg2d2"
],
"uid":"2040553673",
"parent":"",
"text":"你妹的，还好我不在广州",
"mid":"yCt5Q5Fqb",
"date":"2012-09-18 18:52:47"
},
{
"kids":[
"yCttu1CkM"
],
"uid":"2586623322",
"parent":"",
"text":"太可怕了~！！！可惜我不在呀！9.18，不忘国耻！@zhang华灵 @海敏Sally @伟燕chan_ge @Liu_晓斌",
"mid":"yCt5N8kqC",
"date":"2012-09-18 18:52:40"
},
{
"kids":[
"yCujhFMWG",
"yCt82xRoD"
],
"uid":"2435264910",
"parent":"",
"text":"",
"mid":"yCt0b2ADb",
"date":"2012-09-18 18:38:48"
},
{
"kids":[],
"uid":"1044210007",
"parent":"yCsPfrVjp",
"text":"[吃惊]",
"mid":"yCsZedSUQ",
"date":"2012-09-18 18:36:28"
},
{
"kids":[],
"uid":"2396913425",
"parent":"",
"text":"",
"mid":"yCsYHqFST",
"date":"2012-09-18 18:35:12"
},
{
"kids":[],
"uid":"2395664643",
"parent":"yCrzb0pOh",
"text":"这是真的吗?[吃惊][吃惊]",
"mid":"yCsVJ2erM",
"date":"2012-09-18 18:27:52"
},
{
"kids":[],
"uid":"1452609261",
"parent":"",
"text":"好心D人就唔好造谣生事啦，呢张相喺08年圣火传递到广州的盛况，我都有存低呢张相、麻烦转发辟谣啦",
"mid":"yCsVloE8z",
"date":"2012-09-18 18:26:56"
},
{
"kids":[
"yCthoBvB5"
],
"uid":"2373517191",
"parent":"",
"text":"广州高度警戒···[衰]",
"mid":"yCsVl72EF",
"date":"2012-09-18 18:26:55"
},
{
"kids":[
"yCsZedSUQ"
],
"uid":"2013061811",
"parent":"",
"text":"@卓绝H馨律",
"mid":"yCsPfrVjp",
"date":"2012-09-18 18:11:55"
},
{
"kids":[],
"uid":"1966417602",
"parent":"yCsxYzpKT",
"text":"",
"mid":"yCsObhe5h",
"date":"2012-09-18 18:09:17"
},
{
"kids":[
"yCta9d0eD"
],
"uid":"luoqianyue",
"parent":"yCsMbsF0U",
"text":"不去上班果然是正确的T^T",
"mid":"yCsO2o5UP",
"date":"2012-09-18 18:08:56"
},
{
"kids":[],
"uid":"momoleo",
"parent":"yCsNtfdzh",
"text":"同同问！",
"mid":"yCsNPniVD",
"date":"2012-09-18 18:08:25"
},
{
"kids":[
"yCsNPniVD"
],
"uid":"akisays",
"parent":"yCsMbsF0U",
"text":"同问！",
"mid":"yCsNtfdzh",
"date":"2012-09-18 18:07:30"
},
{
"kids":[
"yCsO2o5UP",
"yCsNtfdzh"
],
"uid":"1750573815",
"parent":"",
"text":"@翔飞丁锐  你还活着么？[衰]",
"mid":"yCsMbsF0U",
"date":"2012-09-18 18:04:21"
},
{
"kids":[],
"uid":"my9ir",
"parent":"yCsm02G0l",
"text":"甘大阵像。。。。",
"mid":"yCsKJkwxr",
"date":"2012-09-18 18:00:47"
},
{
"kids":[],
"uid":"chenkkkk",
"parent":"",
"text":"",
"mid":"yCsJYBaXL",
"date":"2012-09-18 17:58:56"
},
{
"kids":[],
"uid":"blackfrog",
"parent":"",
"text":"假的吧...前两天才去正佳...没这么多人....",
"mid":"yCsGlbJ1k",
"date":"2012-09-18 17:49:58"
},
{
"kids":[],
"uid":"zhususui",
"parent":"yCszXxSxB",
"text":"当年传火炬的啦...",
"mid":"yCsDaosg6",
"date":"2012-09-18 17:42:09"
},
{
"kids":[],
"uid":"317989333",
"parent":"",
"text":"[吃惊][吃惊][吃惊]抗议？[吃惊]",
"mid":"yCsCXn8KX",
"date":"2012-09-18 17:41:36"
},
{
"kids":[],
"uid":"201282883",
"parent":"",
"text":"不会吧？",
"mid":"yCsA42hs8",
"date":"2012-09-18 17:34:28"
},
{
"kids":[
"yCsDaosg6"
],
"uid":"2145472787",
"parent":"yCsm02G0l",
"text":"[围观]我擦！！",
"mid":"yCszXxSxB",
"date":"2012-09-18 17:34:15"
},
{
"kids":[],
"uid":"1940111735",
"parent":"",
"text":"密集恐惧症！！",
"mid":"yCszOmkYC",
"date":"2012-09-18 17:33:53"
},
{
"kids":[
"yCsObhe5h"
],
"uid":"1911560403",
"parent":"yCsm02G0l",
"text":"太夸张",
"mid":"yCsxYzpKT",
"date":"2012-09-18 17:29:22"
},
{
"kids":[],
"uid":"1867433052",
"parent":"yCscpdk2i",
"text":"",
"mid":"yCssNFEuL",
"date":"2012-09-18 17:16:37"
},
{
"kids":[],
"uid":"yazima",
"parent":"",
"text":"開日貨車的可得小心吖[可怜][可怜]",
"mid":"yCsrOwhmg",
"date":"2012-09-18 17:14:09"
},
{
"kids":[],
"uid":"2192560402",
"parent":"",
"text":"[吃惊]",
"mid":"yCsqZ8beK",
"date":"2012-09-18 17:12:08"
},
{
"kids":[
"yCsKJkwxr",
"yCszXxSxB",
"yCsxYzpKT"
],
"uid":"1831279961",
"parent":"yCscpdk2i",
"text":"",
"mid":"yCsm02G0l",
"date":"2012-09-18 16:59:51"
},
{
"kids":[],
"uid":"xxjjian",
"parent":"",
"text":"蚂蚁来的[衰]",
"mid":"yCsi9g8VH",
"date":"2012-09-18 16:50:20"
},
{
"kids":[],
"uid":"2645313931",
"parent":"",
"text":"",
"mid":"yCsg4pXBe",
"date":"2012-09-18 16:45:15"
},
{
"kids":[
"yCssNFEuL",
"yCsm02G0l"
],
"uid":"243165843",
"parent":"yCrrDwO1o",
"text":"成班傻西。懒感吴爱国感",
"mid":"yCscpdk2i",
"date":"2012-09-18 16:36:13"
},
{
"kids":[],
"uid":"2287010715",
"parent":"yCrBO7EIx",
"text":"靠，我应该去正佳才对，上午去岗顶是没有用的！！！",
"mid":"yCsc6iqCi",
"date":"2012-09-18 16:35:28"
},
{
"kids":[],
"uid":"2769137087",
"parent":"yCs0ew64J",
"text":"人多力量大派上用场了[嘻嘻][嘻嘻]",
"mid":"yCs7jjSIr",
"date":"2012-09-18 16:23:40"
},
{
"kids":[],
"uid":"318666200",
"parent":"yCs1DofW9",
"text":"卧槽！！",
"mid":"yCs3MmAQh",
"date":"2012-09-18 16:14:58"
},
{
"kids":[
"yCs3MmAQh"
],
"uid":"2409451807",
"parent":"",
"text":"@double-00",
"mid":"yCs1DofW9",
"date":"2012-09-18 16:09:40"
},
{
"kids":[
"yCs7jjSIr"
],
"uid":"2281501620",
"parent":"",
"text":"厉害!",
"mid":"yCs0ew64J",
"date":"2012-09-18 16:06:14"
},
{
"kids":[],
"uid":"2718601961",
"parent":"",
"text":"很厉害的暴力。。。。[衰]",
"mid":"yCrW4e9Zz",
"date":"2012-09-18 15:55:56"
},
{
"kids":[],
"uid":"2210118580",
"parent":"",
"text":"这是08北京奥运会传递圣火时的广州盛况。。。@广州公安 已经公开辟谣了，请勿再转发传播，以免误导国人。",
"mid":"yCrSYsHLQ",
"date":"2012-09-18 15:48:20"
},
{
"kids":[],
"uid":"2804104642",
"parent":"",
"text":"是需要打战了吗?那我们快点逃吧![太开心][太开心]",
"mid":"yCrKPbF6d",
"date":"2012-09-18 15:28:15"
},
{
"kids":[],
"uid":"111015520",
"parent":"",
"text":"有啲假啰",
"mid":"yCrKtBCY3",
"date":"2012-09-18 15:27:23"
},
{
"kids":[],
"uid":"yanho0401",
"parent":"",
"text":"根本就是那张！！！同一张照片，刚刚看到有人说是深圳华强北。。。现在的人智商就只去到这水平？！",
"mid":"yCrJND59x",
"date":"2012-09-18 15:25:43"
},
{
"kids":[],
"uid":"1763404943",
"parent":"",
"text":"哇喔[生病][生病][生病]",
"mid":"yCrH5cBJk",
"date":"2012-09-18 15:19:03"
},
{
"kids":[],
"uid":"2534901062",
"parent":"",
"text":"哇塞,[xb压力]",
"mid":"yCrGyoQWh",
"date":"2012-09-18 15:17:43"
},
{
"kids":[
"yCsc6iqCi"
],
"uid":"lid1992",
"parent":"",
"text":"我勒个去 在学校好安全！！",
"mid":"yCrBO7EIx",
"date":"2012-09-18 15:06:03"
},
{
"kids":[],
"uid":"ladylovers",
"parent":"",
"text":"这个图片是08年北京奥运会时，传递圣火时的盛况，根本不是今天的，请勿听信谣传！！！！我觉得也是 之前就看过 大家不要去传播这种事情，@广州公安 删除吧 不要传播 不要扩散  真的会后果很严重的 谁都无法控制的。",
"mid":"yCrBJF3AH",
"date":"2012-09-18 15:05:53"
},
{
"kids":[
"yCsVJ2erM"
],
"uid":"2256445247",
"parent":"",
"text":"@bearbear系钉子户",
"mid":"yCrzb0pOh",
"date":"2012-09-18 14:59:32"
},
{
"kids":[],
"uid":"2362923430",
"parent":"",
"text":"[衰]@L-淑冰 或许你的猜想是对的。。。",
"mid":"yCrwEF1lS",
"date":"2012-09-18 14:53:22"
},
{
"kids":[],
"uid":"mchao003",
"parent":"",
"text":"很好，就需要这样的情绪!! 希望打仗的时候大家也能保持这个情绪!!!",
"mid":"yCrsx3akH",
"date":"2012-09-18 14:43:12"
},
{
"kids":[
"yCscpdk2i"
],
"uid":"ccccmp",
"parent":"yCqRA9HwV",
"text":"",
"mid":"yCrrDwO1o",
"date":"2012-09-18 14:40:59"
},
{
"kids":[],
"uid":"liu345614207",
"parent":"yCr2nqtPz",
"text":"",
"mid":"yCrot2mxV",
"date":"2012-09-18 14:33:09"
},
{
"kids":[
"yCrot2mxV"
],
"uid":"coralwoo",
"parent":"",
"text":"@一个人的天荒地老_柔桑桑-土豆猫 你看这图多少年了还屡用不爽。。明明就是奥运传圣火时候的",
"mid":"yCr2nqtPz",
"date":"2012-09-18 13:38:46"
},
{
"kids":[],
"uid":"1822576000",
"parent":"",
"text":"哇 好恐怖",
"mid":"yCr1yioa9",
"date":"2012-09-18 13:36:42"
},
{
"kids":[],
"uid":"2023117962",
"parent":"",
"text":"",
"mid":"yCqXlkJp1",
"date":"2012-09-18 13:26:23"
},
{
"kids":[
"yCrrDwO1o"
],
"uid":"1818604980",
"parent":"yCqFUs7Ta",
"text":"恐怖。",
"mid":"yCqRA9HwV",
"date":"2012-09-18 13:12:10"
},
{
"kids":[],
"uid":"littlelittleray",
"parent":"yCqI5uJUb",
"text":"勿忘国耻，理智抗日！小日本一天不承认历史，一天不会得到被侵略国的宽恕！",
"mid":"yCqQd2NJw",
"date":"2012-09-18 13:08:47"
},
{
"kids":[],
"uid":"2048480795",
"parent":"",
"text":"[神马]",
"mid":"yCqN7y8v7",
"date":"2012-09-18 13:01:11"
},
{
"kids":[
"yCqQd2NJw"
],
"uid":"daniellefishlee",
"parent":"yCqEKEb76",
"text":"真定假吖!",
"mid":"yCqI5uJUb",
"date":"2012-09-18 12:48:46"
},
{
"kids":[
"yCqRA9HwV"
],
"uid":"1790751665",
"parent":"yCqAJy75T",
"text":"牛，踏上日本，践踏",
"mid":"yCqFUs7Ta",
"date":"2012-09-18 12:43:23"
},
{
"kids":[
"yCqI5uJUb"
],
"uid":"1714537920",
"parent":"yCqCy9aLq",
"text":"哇靠，这得上万人，有没有？",
"mid":"yCqEKEb76",
"date":"2012-09-18 12:40:33"
},
{
"kids":[],
"uid":"kimiyi",
"parent":"yCqCy9aLq",
"text":"真噶定P噶?",
"mid":"yCqCZlvqG",
"date":"2012-09-18 12:36:13"
},
{
"kids":[
"yCqEKEb76",
"yCqCZlvqG"
],
"uid":"1749607247",
"parent":"yCqAJy75T",
"text":"甘犀利？！",
"mid":"yCqCy9aLq",
"date":"2012-09-18 12:35:07"
},
{
"kids":[
"yCqFUs7Ta",
"yCqCy9aLq"
],
"uid":"avicha",
"parent":"",
"text":"什么情况！！！",
"mid":"yCqAJy75T",
"date":"2012-09-18 12:30:40"
}
]