[
{
"kids":[],
"uid":"oscarshine",
"parent":"zfvSmmVgw",
"text":"难怪阿~~老是说不存在[挖鼻屎]",
"mid":"zfvYJsu2a",
"date":"2013-01-21 18:40:49"
},
{
"kids":[],
"uid":"favorhao",
"parent":"zfvSmmVgw",
"text":"原来如此。我还以为我手机坏了呢。@穿婚纱的玉米",
"mid":"zfvYz818O",
"date":"2013-01-21 18:40:25"
},
{
"kids":[],
"uid":"daomumz",
"parent":"zfvbiCadj",
"text":"有这个情况???",
"mid":"zfvXFg6tz",
"date":"2013-01-21 18:38:12"
},
{
"kids":[],
"uid":"0xiao5",
"parent":"zfvSmmVgw",
"text":"原来是这样啊？害得我各种重启手机...",
"mid":"zfvXuB7Vu",
"date":"2013-01-21 18:37:47"
},
{
"kids":[],
"uid":"sxy8841",
"parent":"zfvVUd000",
"text":"囧",
"mid":"zfvWujGxY",
"date":"2013-01-21 18:35:18"
},
{
"kids":[],
"uid":"208887013",
"parent":"",
"text":"@五角的苹果核 中午本准备大骂[酷]",
"mid":"zfvVWjQ4O",
"date":"2013-01-21 18:33:56"
},
{
"kids":[
"zfvWujGxY"
],
"uid":"huangzhn",
"parent":"zfv6Gg4j9",
"text":"硬盘……",
"mid":"zfvVUd000",
"date":"2013-01-21 18:33:52"
},
{
"kids":[],
"uid":"2519524547",
"parent":"zfvSmmVgw",
"text":"",
"mid":"zfvVJkjoy",
"date":"2013-01-21 18:33:24"
},
{
"kids":[],
"uid":"1852476583",
"parent":"zfuTm838O",
"text":"威武大CL啊！1024〜",
"mid":"zfvVjzQ9j",
"date":"2013-01-21 18:32:26"
},
{
"kids":[],
"uid":"1716287910",
"parent":"zfvSmmVgw",
"text":"恍然大悟！！",
"mid":"zfvUP8b8v",
"date":"2013-01-21 18:31:13"
},
{
"kids":[],
"uid":"wuweiwei1974",
"parent":"zfvSmmVgw",
"text":"原来如此〜@全须全尾儿的理想",
"mid":"zfvUEc7e7",
"date":"2013-01-21 18:30:45"
},
{
"kids":[],
"uid":"1846546475",
"parent":"",
"text":"原来如比啊！！！42G，还是爱情动作片，无语了[挖鼻屎][挖鼻屎][挖鼻屎][挖鼻屎]",
"mid":"zfvUl1jhA",
"date":"2013-01-21 18:29:59"
},
{
"kids":[],
"uid":"remwof",
"parent":"",
"text":"当时，我还以为我的账号被封了~~",
"mid":"zfvU5jQcq",
"date":"2013-01-21 18:29:23"
},
{
"kids":[],
"uid":"1405690442",
"parent":"zfvSmmVgw",
"text":"难怪",
"mid":"zfvTObwwu",
"date":"2013-01-21 18:28:41"
},
{
"kids":[],
"uid":"onlinecode",
"parent":"zfvSmmVgw",
"text":"哈哈，苦逼的技术。@老猫李然 @尘与土_任珂",
"mid":"zfvTmainU",
"date":"2013-01-21 18:27:33"
},
{
"kids":[],
"uid":"woipad",
"parent":"zfuZ0eeHy",
"text":"蛋疼",
"mid":"zfvTizhnt",
"date":"2013-01-21 18:27:27"
},
{
"kids":[
"zfvYJsu2a",
"zfvYz818O",
"zfvXuB7Vu",
"zfvVJkjoy",
"zfvUP8b8v",
"zfvUEc7e7",
"zfvTObwwu",
"zfvTmainU"
],
"uid":"doujeafarm",
"parent":"zfvKCw3KL",
"text":"难怪中午老是抱歉页面不存在~~~敢情是酱紫~~",
"mid":"zfvSmmVgw",
"date":"2013-01-21 18:25:08"
},
{
"kids":[],
"uid":"1787537307",
"parent":"",
"text":"我大CL威武啊，1024！最爱的论坛，没有之一",
"mid":"zfvS2gNfz",
"date":"2013-01-21 18:24:20"
},
{
"kids":[],
"uid":"fanshude",
"parent":"",
"text":"真的假的？",
"mid":"zfvRGp97D",
"date":"2013-01-21 18:23:28"
},
{
"kids":[],
"uid":"2375083384",
"parent":"",
"text":"别的不说，求共享[哈哈]",
"mid":"zfvR1Egit",
"date":"2013-01-21 18:21:51"
},
{
"kids":[],
"uid":"gexingguayuming",
"parent":"zfvjhxUBM",
"text":"不明真相的群众重启了浏览器两次[挖鼻屎]",
"mid":"zfvQis73F",
"date":"2013-01-21 18:20:01"
},
{
"kids":[],
"uid":"3034494375",
"parent":"zfvK8DB9N",
"text":"cl网是啥网",
"mid":"zfvPEzmJj",
"date":"2013-01-21 18:18:27"
},
{
"kids":[],
"uid":"1702225117",
"parent":"",
"text":"",
"mid":"zfvPincBI",
"date":"2013-01-21 18:17:35"
},
{
"kids":[],
"uid":"746545621",
"parent":"",
"text":"",
"mid":"zfvLjD4Ya",
"date":"2013-01-21 18:07:44"
},
{
"kids":[],
"uid":"1897247471",
"parent":"",
"text":"己知。",
"mid":"zfvKHeh9q",
"date":"2013-01-21 18:06:15"
},
{
"kids":[
"zfvSmmVgw"
],
"uid":"wxrbobi",
"parent":"zfvaUm0ha",
"text":"原来如此",
"mid":"zfvKCw3KL",
"date":"2013-01-21 18:06:04"
},
{
"kids":[
"zfvPEzmJj"
],
"uid":"xiangyuc",
"parent":"",
"text":"轉發微博",
"mid":"zfvK8DB9N",
"date":"2013-01-21 18:04:53"
},
{
"kids":[],
"uid":"1281639253",
"parent":"",
"text":"[吃惊]新浪的管理这么差啊？",
"mid":"zfvJl2qbb",
"date":"2013-01-21 18:02:51"
},
{
"kids":[],
"uid":"hongchao73",
"parent":"zfv2Gl89M",
"text":"俺算了一下，大约15555kb/s，俺4M带宽大约400kb/s，也就占用150多M带宽，每时每刻多少人在刷啊，这点带宽的占用不足以吧？",
"mid":"zfvJi3miZ",
"date":"2013-01-21 18:02:47"
},
{
"kids":[],
"uid":"2288243240",
"parent":"zfuZFzgrM",
"text":"难怪！@微笑的老徐 你的疑问解决了！",
"mid":"zfvH22982",
"date":"2013-01-21 17:57:13"
},
{
"kids":[],
"uid":"monkeypost",
"parent":"",
"text":"可怜的孩子",
"mid":"zfvDgwI19",
"date":"2013-01-21 17:47:56"
},
{
"kids":[],
"uid":"sunnyrainsunny",
"parent":"zfvzuwGka",
"text":"1分钟1个G![汗]",
"mid":"zfvDaFiKZ",
"date":"2013-01-21 17:47:42"
},
{
"kids":[],
"uid":"712357507",
"parent":"",
"text":"留几手 手哥，你看这个能给几分？求评~",
"mid":"zfvD1cotG",
"date":"2013-01-21 17:47:20"
},
{
"kids":[],
"uid":"910216789",
"parent":"",
"text":"好网速！[哈哈]",
"mid":"zfvBe5HR3",
"date":"2013-01-21 17:42:55"
},
{
"kids":[],
"uid":"1834269747",
"parent":"zfvwzFqpi",
"text":"",
"mid":"zfvBbrwME",
"date":"2013-01-21 17:42:49"
},
{
"kids":[],
"uid":"208773444",
"parent":"",
"text":"[思考]不是已经辟谣了吗？",
"mid":"zfvArk3el",
"date":"2013-01-21 17:40:59"
},
{
"kids":[],
"uid":"lovezx326",
"parent":"zfvuH07Bi",
"text":"[哼]",
"mid":"zfvzKb2hc",
"date":"2013-01-21 17:39:16"
},
{
"kids":[
"zfvDaFiKZ"
],
"uid":"1675663442",
"parent":"",
"text":"42G！",
"mid":"zfvzuwGka",
"date":"2013-01-21 17:38:39"
},
{
"kids":[],
"uid":"3216694623",
"parent":"",
"text":"",
"mid":"zfvzcdvih",
"date":"2013-01-21 17:37:54"
},
{
"kids":[],
"uid":"wanzi326",
"parent":"zfv3Xx88f",
"text":"@梦幻精灵 你看",
"mid":"zfvwVxy8K",
"date":"2013-01-21 17:32:20"
},
{
"kids":[],
"uid":"1409592731",
"parent":"zfvuJB13A",
"text":"目前徐某已被停职，所下载的影片硬盘已被领导没收。（人家45分钟下了42G，果然是大公司） [哈哈][哈哈][哈哈]",
"mid":"zfvwME503",
"date":"2013-01-21 17:31:58"
},
{
"kids":[
"zfvBbrwME"
],
"uid":"1680342695",
"parent":"zfvjcwv6h",
"text":"",
"mid":"zfvwzFqpi",
"date":"2013-01-21 17:31:26"
},
{
"kids":[],
"uid":"3204611417",
"parent":"",
"text":"很多人说是因为auntie zhao",
"mid":"zfvwjoRuG",
"date":"2013-01-21 17:30:49"
},
{
"kids":[],
"uid":"flyriver",
"parent":"",
"text":"[赞]",
"mid":"zfvvPz5K7",
"date":"2013-01-21 17:29:37"
},
{
"kids":[
"zfvwME503"
],
"uid":"1409592731",
"parent":"",
"text":"[哈哈][哈哈][哈哈]",
"mid":"zfvuJB13A",
"date":"2013-01-21 17:26:55"
},
{
"kids":[
"zfvzKb2hc"
],
"uid":"1832850235",
"parent":"",
"text":"新浪威武。",
"mid":"zfvuH07Bi",
"date":"2013-01-21 17:26:49"
},
{
"kids":[],
"uid":"nervcn",
"parent":"zfuUfEkA9",
"text":"[lxhx笑]",
"mid":"zfvtXaREx",
"date":"2013-01-21 17:24:58"
},
{
"kids":[],
"uid":"1670287531",
"parent":"zfuU76lXH",
"text":"cl是什么？我很纯洁的",
"mid":"zfvt0oLz4",
"date":"2013-01-21 17:22:39"
},
{
"kids":[],
"uid":"1067362104",
"parent":"",
"text":"",
"mid":"zfvsA4teE",
"date":"2013-01-21 17:21:36"
},
{
"kids":[],
"uid":"2136253137",
"parent":"",
"text":"回复@山缪:[哈哈]",
"mid":"zfvsmsGfP",
"date":"2013-01-21 17:21:03"
},
{
"kids":[],
"uid":"33483956",
"parent":"",
"text":"真的啊？",
"mid":"zfvrYg9a3",
"date":"2013-01-21 17:20:08"
},
{
"kids":[],
"uid":"fangleiren",
"parent":"zfvjcwv6h",
"text":"",
"mid":"zfvru6oGx",
"date":"2013-01-21 17:18:56"
},
{
"kids":[],
"uid":"lovepeijian",
"parent":"",
"text":"[汗] [汗] [汗]",
"mid":"zfvrf1Nxg",
"date":"2013-01-21 17:18:17"
},
{
"kids":[],
"uid":"2682784543",
"parent":"",
"text":"[嘻嘻]",
"mid":"zfvq3c7Yw",
"date":"2013-01-21 17:15:23"
},
{
"kids":[],
"uid":"1759888443",
"parent":"",
"text":"碉堡！",
"mid":"zfvq20shQ",
"date":"2013-01-21 17:15:20"
},
{
"kids":[],
"uid":"alexonmr",
"parent":"zfvhHcmSy",
"text":"",
"mid":"zfvpxe7Gw",
"date":"2013-01-21 17:14:04"
},
{
"kids":[],
"uid":"kuaizi",
"parent":"",
"text":"",
"mid":"zfvpscIgk",
"date":"2013-01-21 17:13:56"
},
{
"kids":[],
"uid":"phoenix9829",
"parent":"zfv5ob6id",
"text":"这是原因",
"mid":"zfvpfe1sM",
"date":"2013-01-21 17:13:21"
},
{
"kids":[],
"uid":"2279170070",
"parent":"zfvbABnbV",
"text":"爱情动作片[哈哈]",
"mid":"zfvoL5yzi",
"date":"2013-01-21 17:12:11"
},
{
"kids":[],
"uid":"distent",
"parent":"",
"text":"果然是大公司",
"mid":"zfvoeiKSb",
"date":"2013-01-21 17:10:54"
},
{
"kids":[],
"uid":"2452118022",
"parent":"zfv6F88tD",
"text":"[汗]",
"mid":"zfvnZd8aP",
"date":"2013-01-21 17:10:18"
},
{
"kids":[],
"uid":"1789793427",
"parent":"",
"text":"难怪有一会儿我微博怎么也刷不出来",
"mid":"zfvnyzJUd",
"date":"2013-01-21 17:09:13"
},
{
"kids":[],
"uid":"dikaios",
"parent":"zfvmWc2rr",
"text":"",
"mid":"zfvnt0zWj",
"date":"2013-01-21 17:08:59"
},
{
"kids":[],
"uid":"1758635547",
"parent":"",
"text":"真是孙子！看A片要上班时间下",
"mid":"zfvnptB1Z",
"date":"2013-01-21 17:08:53"
},
{
"kids":[],
"uid":"1767739080",
"parent":"",
"text":"新浪说：此内容为不实消息",
"mid":"zfvn286Hd",
"date":"2013-01-21 17:07:55"
},
{
"kids":[],
"uid":"1290446480",
"parent":"zfv9wmnF0",
"text":"你肯定知道内幕",
"mid":"zfvn0kcYm",
"date":"2013-01-21 17:07:53"
},
{
"kids":[
"zfvnt0zWj"
],
"uid":"1272556137",
"parent":"",
"text":"",
"mid":"zfvmWc2rr",
"date":"2013-01-21 17:07:41"
},
{
"kids":[],
"uid":"vincewang15",
"parent":"zfuYzm3oG",
"text":"[挖鼻屎]",
"mid":"zfvmHpKT6",
"date":"2013-01-21 17:07:08"
},
{
"kids":[],
"uid":"1494914161",
"parent":"",
"text":"哎，还以为发生啥大事了呢",
"mid":"zfvlYujtr",
"date":"2013-01-21 17:05:21"
},
{
"kids":[],
"uid":"1584103493",
"parent":"",
"text":"我棱，今天很忙，一直没看微博，好奇葩的事故啊",
"mid":"zfvlDvLO0",
"date":"2013-01-21 17:04:31"
},
{
"kids":[],
"uid":"1548107001",
"parent":"",
"text":"领导没收~~~这是亮点啊~~",
"mid":"zfvla02FK",
"date":"2013-01-21 17:03:20"
},
{
"kids":[],
"uid":"333241888",
"parent":"zfv6FFOpM",
"text":"[哈哈]",
"mid":"zfvl8v9Ub",
"date":"2013-01-21 17:03:14"
},
{
"kids":[],
"uid":"111197908",
"parent":"zfv9wmnF0",
"text":"哈哈哈 人才",
"mid":"zfvl0eP1I",
"date":"2013-01-21 17:02:56"
},
{
"kids":[],
"uid":"2541029282",
"parent":"zfvhMssha",
"text":"难怪我当时@崔林_Lynn 的时候反馈失败，原来是这么回事",
"mid":"zfvkTqVzt",
"date":"2013-01-21 17:02:42"
},
{
"kids":[],
"uid":"1853979267",
"parent":"zfvbc8hhb",
"text":"噗",
"mid":"zfvkOpw0v",
"date":"2013-01-21 17:02:29"
},
{
"kids":[],
"uid":"1268965885",
"parent":"zfuWHfXIa",
"text":"",
"mid":"zfvkM3Pxe",
"date":"2013-01-21 17:02:22"
},
{
"kids":[],
"uid":"manofsteel",
"parent":"zfvhHcmSy",
"text":"没品啊。。。45分钟下载42G，跪了。。。壮哉1024 @长官来了",
"mid":"zfvkm3xte",
"date":"2013-01-21 17:01:21"
},
{
"kids":[],
"uid":"1746057731",
"parent":"zfvhHcmSy",
"text":"",
"mid":"zfvjODHJJ",
"date":"2013-01-21 16:59:59"
},
{
"kids":[],
"uid":"521012618",
"parent":"",
"text":"45分钟下了42G，果然是大公司！",
"mid":"zfvjO4vhW",
"date":"2013-01-21 17:00:00"
},
{
"kids":[],
"uid":"1919419261",
"parent":"",
"text":"1、IT运维的内控很重要；2、信息安全的架构有漏洞；3、问题的处理以及应急预案未经过演练。",
"mid":"zfvjr1x5l",
"date":"2013-01-21 16:59:02"
},
{
"kids":[
"zfvQis73F"
],
"uid":"1863021671",
"parent":"zfvhHcmSy",
"text":"",
"mid":"zfvjhxUBM",
"date":"2013-01-21 16:58:44"
},
{
"kids":[
"zfvwzFqpi",
"zfvru6oGx"
],
"uid":"ericdotliu",
"parent":"zfvhHcmSy",
"text":"原来是酱紫。。。",
"mid":"zfvjcwv6h",
"date":"2013-01-21 16:58:31"
},
{
"kids":[],
"uid":"haovivi",
"parent":"zfuWT1Vpk",
"text":"今天中午新浪微博的确出了问题，提示帐号异常无法登录。",
"mid":"zfvj8qgln",
"date":"2013-01-21 16:58:20"
},
{
"kids":[],
"uid":"chuangyicaogen",
"parent":"zfvhHcmSy",
"text":"强大啊！新浪微博的管理员是有多寂寞啊！",
"mid":"zfviGiwd4",
"date":"2013-01-21 16:57:13"
},
{
"kids":[],
"uid":"2247362550",
"parent":"zfvhHcmSy",
"text":"[哈哈]",
"mid":"zfvit523c",
"date":"2013-01-21 16:56:40"
},
{
"kids":[],
"uid":"314387000",
"parent":"",
"text":"爱情动作片是亮点啊！",
"mid":"zfvij0fhi",
"date":"2013-01-21 16:56:17"
},
{
"kids":[],
"uid":"316334059",
"parent":"zfvhHcmSy",
"text":"#感觉无力再爱了#",
"mid":"zfvi7uoKm",
"date":"2013-01-21 16:55:51"
},
{
"kids":[],
"uid":"1969300550",
"parent":"zfv5ob6id",
"text":"爱情动作片42G？",
"mid":"zfvhWe0sM",
"date":"2013-01-21 16:55:22"
},
{
"kids":[],
"uid":"2260028210",
"parent":"zfuYczkMh",
"text":"爱情动作片42G，对得起自己的肾吧",
"mid":"zfvhNDiyd",
"date":"2013-01-21 16:55:03"
},
{
"kids":[
"zfvkTqVzt"
],
"uid":"martindou",
"parent":"zfv6F88tD",
"text":"[囧]",
"mid":"zfvhMssha",
"date":"2013-01-21 16:55:01"
},
{
"kids":[
"zfvpxe7Gw",
"zfvkm3xte",
"zfvjODHJJ",
"zfvjhxUBM",
"zfvjcwv6h",
"zfviGiwd4",
"zfvit523c",
"zfvi7uoKm"
],
"uid":"xinrebang",
"parent":"",
"text":"#感觉无力再爱了#",
"mid":"zfvhHcmSy",
"date":"2013-01-21 16:54:46"
},
{
"kids":[],
"uid":"lolikiller",
"parent":"",
"text":"支持测试，并公布测试结果。",
"mid":"zfvhFET56",
"date":"2013-01-21 16:54:42"
},
{
"kids":[],
"uid":"2098011911",
"parent":"",
"text":"难怪当时微博打不开。。。",
"mid":"zfvgFCz7c",
"date":"2013-01-21 16:52:17"
},
{
"kids":[],
"uid":"2683232964",
"parent":"",
"text":"@大狗丁很高兴",
"mid":"zfvgE8HnK",
"date":"2013-01-21 16:52:13"
},
{
"kids":[],
"uid":"helou",
"parent":"",
"text":"靠谱的回答",
"mid":"zfvgfkUAY",
"date":"2013-01-21 16:51:14"
},
{
"kids":[],
"uid":"dzefone",
"parent":"zfvdmfUY5",
"text":"草*榴",
"mid":"zfvg2j6lV",
"date":"2013-01-21 16:50:42"
},
{
"kids":[],
"uid":"2396275301",
"parent":"",
"text":"大叔，业务部门和技术部门不同的，权限不可能重叠。",
"mid":"zfvg00VsH",
"date":"2013-01-21 16:50:38"
},
{
"kids":[],
"uid":"1911207375",
"parent":"",
"text":"CL有啥意思，SIS的要不要？",
"mid":"zfvfX1vKI",
"date":"2013-01-21 16:50:29"
},
{
"kids":[],
"uid":"2997615982",
"parent":"zfuZ0h9c6",
"text":"",
"mid":"zfvfQtNsu",
"date":"2013-01-21 16:50:13"
},
{
"kids":[],
"uid":"dede0710",
"parent":"",
"text":"额。。。",
"mid":"zfvfJ87t3",
"date":"2013-01-21 16:49:57"
},
{
"kids":[],
"uid":"chunshuiwuxiang",
"parent":"zfvdscZUH",
"text":"真的假的啊",
"mid":"zfvfFxJtc",
"date":"2013-01-21 16:49:49"
},
{
"kids":[],
"uid":"1649856855",
"parent":"",
"text":"如一会儿新浪说此为不实消息，那说明是真的。",
"mid":"zfvfAwjZw",
"date":"2013-01-21 16:49:35"
},
{
"kids":[],
"uid":"1911207375",
"parent":"zfvdmz5e7",
"text":"",
"mid":"zfvfpAg6R",
"date":"2013-01-21 16:49:11"
},
{
"kids":[],
"uid":"1862726677",
"parent":"zfvbiCadj",
"text":"",
"mid":"zfvffj7u9",
"date":"2013-01-21 16:48:44"
},
{
"kids":[],
"uid":"1400253730",
"parent":"zfuY0tMve",
"text":"好员工。",
"mid":"zfveJCupJ",
"date":"2013-01-21 16:47:31"
},
{
"kids":[],
"uid":"1402314257",
"parent":"zfvdRze8i",
"text":"岛国的？",
"mid":"zfveAsUtr",
"date":"2013-01-21 16:47:09"
},
{
"kids":[],
"uid":"2070670701",
"parent":"zfvaUm0ha",
"text":"我说怎么刷不了呢",
"mid":"zfvevsUIp",
"date":"2013-01-21 16:46:54"
},
{
"kids":[],
"uid":"wjiaen",
"parent":"zfv9wmnF0",
"text":"鬼话",
"mid":"zfveh2ZPN",
"date":"2013-01-21 16:46:20"
},
{
"kids":[],
"uid":"vinsonway",
"parent":"zfvbABnbV",
"text":"我还以为被关小黑屋了呢，一直登陆不上，显示账户异常！原来如此，这哥们会被开除？",
"mid":"zfve7hIYk",
"date":"2013-01-21 16:45:58"
},
{
"kids":[],
"uid":"1736733602",
"parent":"",
"text":"",
"mid":"zfve2cheN",
"date":"2013-01-21 16:45:46"
},
{
"kids":[
"zfveAsUtr"
],
"uid":"208202098",
"parent":"zfvbNlkfK",
"text":"缩滴似捏",
"mid":"zfvdRze8i",
"date":"2013-01-21 16:45:20"
},
{
"kids":[],
"uid":"1964067053",
"parent":"zfuYtal9d",
"text":"我也上不去",
"mid":"zfvdB2eMs",
"date":"2013-01-21 16:44:40"
},
{
"kids":[
"zfvfFxJtc"
],
"uid":"ilovebabyliu",
"parent":"zfv7mgXiJ",
"text":"是不是吧？！我说上不去了呢。",
"mid":"zfvdscZUH",
"date":"2013-01-21 16:44:20"
},
{
"kids":[],
"uid":"1242013304",
"parent":"zfvbABnbV",
"text":"[哼][哼][哼]",
"mid":"zfvdoBBnA",
"date":"2013-01-21 16:44:13"
},
{
"kids":[
"zfvfpAg6R"
],
"uid":"yett",
"parent":"",
"text":"知道中午那会儿微博哪会儿闹情绪是啥情况了~",
"mid":"zfvdmz5e7",
"date":"2013-01-21 16:44:08"
},
{
"kids":[
"zfvg2j6lV"
],
"uid":"yaoraoyaoyao",
"parent":"zfv6F88tD",
"text":"此事要火，顺带求CL网全称",
"mid":"zfvdmfUY5",
"date":"2013-01-21 16:44:07"
},
{
"kids":[],
"uid":"hubinatbj",
"parent":"",
"text":"",
"mid":"zfvcQDYIO",
"date":"2013-01-21 16:42:52"
},
{
"kids":[],
"uid":"eko727",
"parent":"zfvbc8hhb",
"text":"够15个人看半个月的了！",
"mid":"zfvcMuoDk",
"date":"2013-01-21 16:42:40"
},
{
"kids":[],
"uid":"austinwo",
"parent":"",
"text":"很好奇这42G的爱情动作片[挖鼻屎]",
"mid":"zfvcv4tHa",
"date":"2013-01-21 16:41:59"
},
{
"kids":[],
"uid":"114158030",
"parent":"zfvbiCadj",
"text":"难怪。。。",
"mid":"zfvcoghhQ",
"date":"2013-01-21 16:41:44"
},
{
"kids":[],
"uid":"xinwrong",
"parent":"",
"text":"牛！",
"mid":"zfvceyxdI",
"date":"2013-01-21 16:41:20"
},
{
"kids":[],
"uid":"liberty9780",
"parent":"",
"text":"",
"mid":"zfvccqYpB",
"date":"2013-01-21 16:41:16"
},
{
"kids":[],
"uid":"1654265252",
"parent":"zfvaUm0ha",
"text":"擦，网速真快",
"mid":"zfvbQjLhD",
"date":"2013-01-21 16:40:23"
},
{
"kids":[
"zfvdRze8i"
],
"uid":"laden911romario",
"parent":"zfvbc8hhb",
"text":"",
"mid":"zfvbNlkfK",
"date":"2013-01-21 16:40:15"
},
{
"kids":[
"zfvoL5yzi",
"zfve7hIYk",
"zfvdoBBnA"
],
"uid":"liudong60",
"parent":"zfv87d1fi",
"text":"[哈哈]",
"mid":"zfvbABnbV",
"date":"2013-01-21 16:39:45"
},
{
"kids":[],
"uid":"1407899677",
"parent":"zfv9dupcv",
"text":"",
"mid":"zfvbs4Q74",
"date":"2013-01-21 16:39:23"
},
{
"kids":[
"zfvXFg6tz",
"zfvffj7u9",
"zfvcoghhQ"
],
"uid":"234518560",
"parent":"",
"text":"原来中午微博就是这样被崩溃的...",
"mid":"zfvbiCadj",
"date":"2013-01-21 16:39:02"
},
{
"kids":[
"zfvkOpw0v",
"zfvcMuoDk",
"zfvbNlkfK"
],
"uid":"universaljames",
"parent":"zfvaUm0ha",
"text":"呵呵呵呵呵",
"mid":"zfvbc8hhb",
"date":"2013-01-21 16:38:45"
},
{
"kids":[],
"uid":"1871732921",
"parent":"",
"text":"[xb压力]",
"mid":"zfvb5zFqw",
"date":"2013-01-21 16:38:30"
},
{
"kids":[],
"uid":"goldboy",
"parent":"zfuUfEkA9",
"text":"[哈哈]",
"mid":"zfvb1biK1",
"date":"2013-01-21 16:38:22"
},
{
"kids":[
"zfvKCw3KL",
"zfvevsUIp",
"zfvbQjLhD",
"zfvbc8hhb"
],
"uid":"unray",
"parent":"",
"text":"CL网 cao liu 思密达",
"mid":"zfvaUm0ha",
"date":"2013-01-21 16:38:05"
},
{
"kids":[],
"uid":"scmroad",
"parent":"zfv86jMfo",
"text":"爱情动作片。。。。笑死个人啊[笑哈哈]",
"mid":"zfvaU7tCz",
"date":"2013-01-21 16:38:03"
},
{
"kids":[],
"uid":"1403129743",
"parent":"zfuTm838O",
"text":"什么鸟人[哼]",
"mid":"zfvaRq4Xy",
"date":"2013-01-21 16:37:58"
},
{
"kids":[],
"uid":"ds3888888888888888",
"parent":"",
"text":"我勒个去~这也行[偷笑]",
"mid":"zfvaEtdqA",
"date":"2013-01-21 16:37:24"
},
{
"kids":[],
"uid":"3009314072",
"parent":"zfv5Of9OI",
"text":"同求种子",
"mid":"zfvarqttW",
"date":"2013-01-21 16:36:54"
},
{
"kids":[],
"uid":"601547816",
"parent":"",
"text":"[哈哈]",
"mid":"zfvanzdqc",
"date":"2013-01-21 16:36:47"
},
{
"kids":[],
"uid":"1912005465",
"parent":"zfuTm838O",
"text":"",
"mid":"zfv9H2f2M",
"date":"2013-01-21 16:35:05"
},
{
"kids":[],
"uid":"1477303957",
"parent":"",
"text":"原因找到了",
"mid":"zfv9FvXEk",
"date":"2013-01-21 16:35:01"
},
{
"kids":[
"zfvn0kcYm",
"zfvl0eP1I",
"zfveh2ZPN"
],
"uid":"234539928",
"parent":"zfv3Xx88f",
"text":"太扯了",
"mid":"zfv9wmnF0",
"date":"2013-01-21 16:34:41"
},
{
"kids":[
"zfvbs4Q74"
],
"uid":"1904503037",
"parent":"zfv4KhpuB",
"text":"有猫腻",
"mid":"zfv9dupcv",
"date":"2013-01-21 16:33:55"
},
{
"kids":[],
"uid":"1933458527",
"parent":"zfv5ob6id",
"text":"不会吧，如此饥渴？",
"mid":"zfv9bF62v",
"date":"2013-01-21 16:33:51"
},
{
"kids":[],
"uid":"573062277",
"parent":"zfuTUlg3c",
"text":"知道为啥那会登录不了了。。。",
"mid":"zfv8FtWkD",
"date":"2013-01-21 16:32:34"
},
{
"kids":[],
"uid":"2291899707",
"parent":"",
"text":"这孩子对爱情太渴望了，新浪就别砸他饭碗，怪可怜的。[泪]",
"mid":"zfv8EAHmZ",
"date":"2013-01-21 16:32:32"
},
{
"kids":[],
"uid":"oeay",
"parent":"zfv6reGej",
"text":"这欺负人没常识吧。",
"mid":"zfv8jjV9G",
"date":"2013-01-21 16:31:41"
},
{
"kids":[
"zfvbABnbV"
],
"uid":"2156382887",
"parent":"zfv4KhpuB",
"text":"毛骗害人啊[偷乐]",
"mid":"zfv87d1fi",
"date":"2013-01-21 16:31:12"
},
{
"kids":[
"zfvaU7tCz"
],
"uid":"62675306",
"parent":"zfv521n91",
"text":"这",
"mid":"zfv86jMfo",
"date":"2013-01-21 16:31:08"
},
{
"kids":[],
"uid":"qiuhb2014",
"parent":"",
"text":"果然是大公司啊……网速就是不一般[哈哈]",
"mid":"zfv7sq5Fy",
"date":"2013-01-21 16:29:35"
},
{
"kids":[
"zfvdscZUH"
],
"uid":"1225708314",
"parent":"",
"text":"[吃惊]@刘不错",
"mid":"zfv7mgXiJ",
"date":"2013-01-21 16:29:20"
},
{
"kids":[
"zfvVUd000"
],
"uid":"flykeysky",
"parent":"",
"text":"网传据说该员工被炒，硬盘被领导没收了，没收了",
"mid":"zfv6Gg4j9",
"date":"2013-01-21 16:27:39"
},
{
"kids":[
"zfvl8v9Ub"
],
"uid":"libin1",
"parent":"zfv521n91",
"text":"按照这个速度也没跑满，平均100Mb/s",
"mid":"zfv6FFOpM",
"date":"2013-01-21 16:27:39"
},
{
"kids":[
"zfvnZd8aP",
"zfvhMssha",
"zfvdmfUY5"
],
"uid":"hamvorinf",
"parent":"",
"text":"[囧]",
"mid":"zfv6F88tD",
"date":"2013-01-21 16:27:36"
},
{
"kids":[],
"uid":"lijiaming007",
"parent":"zfuUNB0qx",
"text":"是炒作吧！",
"mid":"zfv6EtAl2",
"date":"2013-01-21 16:27:37"
},
{
"kids":[],
"uid":"ericchen07",
"parent":"zfuXNshAh",
"text":"我了个去的...",
"mid":"zfv6Bg2EG",
"date":"2013-01-21 16:27:27"
},
{
"kids":[
"zfv8jjV9G"
],
"uid":"1861691364",
"parent":"zfv5ob6id",
"text":"走你",
"mid":"zfv6reGej",
"date":"2013-01-21 16:27:04"
},
{
"kids":[],
"uid":"wayto214",
"parent":"",
"text":"@estone @有多少人叫陈礼辉 @木子文滔 ...",
"mid":"zfv6dA2Vj",
"date":"2013-01-21 16:26:30"
},
{
"kids":[],
"uid":"2478982447",
"parent":"",
"text":"怪不得中午上不了微博[汗]",
"mid":"zfv5Z7smj",
"date":"2013-01-21 16:25:55"
},
{
"kids":[
"zfvarqttW"
],
"uid":"2802272303",
"parent":"",
"text":"求种子",
"mid":"zfv5Of9OI",
"date":"2013-01-21 16:25:30"
},
{
"kids":[
"zfvpfe1sM",
"zfvhWe0sM",
"zfv9bF62v",
"zfv6reGej"
],
"uid":"pennkwok",
"parent":"zfv3w47m2",
"text":"[哈哈]",
"mid":"zfv5ob6id",
"date":"2013-01-21 16:24:29"
},
{
"kids":[],
"uid":"gagegao",
"parent":"",
"text":"@宣克炅",
"mid":"zfv5gxzkF",
"date":"2013-01-21 16:24:12"
},
{
"kids":[
"zfv86jMfo",
"zfv6FFOpM"
],
"uid":"32226393",
"parent":"zfv3Xx88f",
"text":"这太扯了",
"mid":"zfv521n91",
"date":"2013-01-21 16:23:36"
},
{
"kids":[],
"uid":"1451068790",
"parent":"zfv2Gl89M",
"text":"网络异常的原因？",
"mid":"zfv51r6QA",
"date":"2013-01-21 16:23:35"
},
{
"kids":[],
"uid":"zhanlimin",
"parent":"",
"text":"[怒]",
"mid":"zfv519vAd",
"date":"2013-01-21 16:23:31"
},
{
"kids":[],
"uid":"thecoreofthesun",
"parent":"zfuTm838O",
"text":"此哥要火！",
"mid":"zfv4Zn1Di",
"date":"2013-01-21 16:23:28"
},
{
"kids":[
"zfv9dupcv",
"zfv87d1fi"
],
"uid":"2084321182",
"parent":"zfv3Xx88f",
"text":"",
"mid":"zfv4KhpuB",
"date":"2013-01-21 16:22:51"
},
{
"kids":[
"zfvwVxy8K",
"zfv9wmnF0",
"zfv521n91",
"zfv4KhpuB"
],
"uid":"samche",
"parent":"",
"text":"杜撰的吧？？要是一台服务器跑到线速就把整个网弄挂了，那我们都可以回家了。。。@刘子正 真证实了？？我才不信呢。。。",
"mid":"zfv3Xx88f",
"date":"2013-01-21 16:20:59"
},
{
"kids":[],
"uid":"stevezhanggeek",
"parent":"zfuWnpVnv",
"text":"",
"mid":"zfv3Sgava",
"date":"2013-01-21 16:20:43"
},
{
"kids":[],
"uid":"kenthuang72",
"parent":"zfuTm838O",
"text":"",
"mid":"zfv3MANaK",
"date":"2013-01-21 16:20:32"
},
{
"kids":[],
"uid":"222851013",
"parent":"zfuTm838O",
"text":"借刀杀CL？？",
"mid":"zfv3Jm8Gp",
"date":"2013-01-21 16:20:23"
},
{
"kids":[],
"uid":"2164895292",
"parent":"",
"text":"把种子留下啊！[哈哈]",
"mid":"zfv3xzERU",
"date":"2013-01-21 16:19:55"
},
{
"kids":[
"zfv5ob6id"
],
"uid":"1408933902",
"parent":"zfuTm838O",
"text":"[汗]",
"mid":"zfv3w47m2",
"date":"2013-01-21 16:19:52"
},
{
"kids":[],
"uid":"cndev",
"parent":"",
"text":"[嘻嘻]有鼻子有眼的，难道是真的吗？",
"mid":"zfv31lnVB",
"date":"2013-01-21 16:18:39"
},
{
"kids":[],
"uid":"xun7",
"parent":"",
"text":"如果是真的，那跟12306拖垮github一样有意思",
"mid":"zfv2W3Vkg",
"date":"2013-01-21 16:18:26"
},
{
"kids":[
"zfvJi3miZ",
"zfv51r6QA"
],
"uid":"stephonisme",
"parent":"zfuY0tMve",
"text":"@来去之间 求辟谣....",
"mid":"zfv2Gl89M",
"date":"2013-01-21 16:17:50"
},
{
"kids":[],
"uid":"lafur",
"parent":"zfuY8swal",
"text":"[笑哈哈]原来说是这么回事~",
"mid":"zfv2BjIIN",
"date":"2013-01-21 16:17:37"
},
{
"kids":[],
"uid":"1885089411",
"parent":"",
"text":"",
"mid":"zfv2sbvIM",
"date":"2013-01-21 16:17:15"
},
{
"kids":[],
"uid":"111820316",
"parent":"",
"text":"新浪居然不删此博？",
"mid":"zfv2oBaSs",
"date":"2013-01-21 16:17:06"
},
{
"kids":[],
"uid":"2035751364",
"parent":"zfv10ljDK",
"text":"砖家v5",
"mid":"zfv2078g8",
"date":"2013-01-21 16:16:06"
},
{
"kids":[],
"uid":"kenshin54",
"parent":"",
"text":"我靠 这么奇葩",
"mid":"zfv1Kb5Bw",
"date":"2013-01-21 16:15:30"
},
{
"kids":[],
"uid":"20090909married",
"parent":"",
"text":"靠，把种子挂出来！[挖鼻屎]",
"mid":"zfv1D6r4Z",
"date":"2013-01-21 16:15:12"
},
{
"kids":[],
"uid":"hnxdj",
"parent":"zfuZmFz2i",
"text":"",
"mid":"zfv1aqhJE",
"date":"2013-01-21 16:14:03"
},
{
"kids":[],
"uid":"yuanyz",
"parent":"zfuXo4YLD",
"text":"1024",
"mid":"zfv18BEHK",
"date":"2013-01-21 16:13:59"
},
{
"kids":[
"zfv2078g8"
],
"uid":"septon",
"parent":"zfuZmFz2i",
"text":"肯定是忽悠的，我去看了，CL哪有这么大的种子合集啊，估计是其他PT站的[嘻嘻]",
"mid":"zfv10ljDK",
"date":"2013-01-21 16:13:39"
},
{
"kids":[],
"uid":"1844727934",
"parent":"",
"text":"CL要火了~",
"mid":"zfv0Rvp27",
"date":"2013-01-21 16:13:19"
},
{
"kids":[],
"uid":"1404061933",
"parent":"",
"text":"那段时间上不去微博",
"mid":"zfv0FFaMu",
"date":"2013-01-21 16:12:50"
},
{
"kids":[],
"uid":"angusjim",
"parent":"",
"text":"求分享撒！",
"mid":"zfv0F4PA8",
"date":"2013-01-21 16:12:49"
},
{
"kids":[],
"uid":"1747976397",
"parent":"zfuYzm3oG",
"text":"谁提供片源？",
"mid":"zfv0alJwM",
"date":"2013-01-21 16:11:36"
},
{
"kids":[],
"uid":"hejiangbing",
"parent":"zfuYzm3oG",
"text":"这~~",
"mid":"zfv03ibdC",
"date":"2013-01-21 16:11:20"
},
{
"kids":[
"zfvH22982"
],
"uid":"2032692454",
"parent":"zfuTm838O",
"text":"搞什么搞！CL出名啦！！",
"mid":"zfuZFzgrM",
"date":"2013-01-21 16:10:24"
},
{
"kids":[],
"uid":"seegooseo",
"parent":"",
"text":"果真“无心浪，不微勃”呀……求拷贝，同求片源，求去新浪微博工作",
"mid":"zfuZAB9Ne",
"date":"2013-01-21 16:10:10"
},
{
"kids":[
"zfv1aqhJE",
"zfv10ljDK"
],
"uid":"317935111",
"parent":"zfuVVkd7b",
"text":"[挖鼻屎]",
"mid":"zfuZmFz2i",
"date":"2013-01-21 16:09:38"
},
{
"kids":[
"zfvfQtNsu"
],
"uid":"massflt",
"parent":"",
"text":"",
"mid":"zfuZ0h9c6",
"date":"2013-01-21 16:08:43"
},
{
"kids":[
"zfvTizhnt"
],
"uid":"kenbeching",
"parent":"",
"text":"呵呵",
"mid":"zfuZ0eeHy",
"date":"2013-01-21 16:08:44"
},
{
"kids":[],
"uid":"hongchiye",
"parent":"",
"text":"我勒个去，我说中午那会怎么搜索没内容呢！果然是大公司啊。",
"mid":"zfuYYuEM2",
"date":"2013-01-21 16:08:39"
},
{
"kids":[],
"uid":"1624767671",
"parent":"",
"text":"[汗]",
"mid":"zfuYMl6no",
"date":"2013-01-21 16:08:12"
},
{
"kids":[],
"uid":"xuaofeng",
"parent":"",
"text":"多关心下程序猿、技术男吧~~",
"mid":"zfuYM3fkJ",
"date":"2013-01-21 16:08:10"
},
{
"kids":[],
"uid":"240020",
"parent":"",
"text":"应该是微博登陆认证服务这里出问题了。当时的情况是已登录的用户可以访问微博话题、热门微博等，但无法刷新首页，提示登录错误。",
"mid":"zfuYIcG8q",
"date":"2013-01-21 16:08:00"
},
{
"kids":[
"zfvmHpKT6",
"zfv0alJwM",
"zfv03ibdC"
],
"uid":"keloot",
"parent":"zfuY0tMve",
"text":"难怪。",
"mid":"zfuYzm3oG",
"date":"2013-01-21 16:07:41"
},
{
"kids":[
"zfvdB2eMs"
],
"uid":"supermuggle",
"parent":"zfuUkly9o",
"text":"[挖鼻屎]",
"mid":"zfuYtal9d",
"date":"2013-01-21 16:07:25"
},
{
"kids":[],
"uid":"eatorange",
"parent":"zfuVLBaBh",
"text":"OPs[威武]",
"mid":"zfuYe4dx3",
"date":"2013-01-21 16:06:50"
},
{
"kids":[
"zfvhNDiyd"
],
"uid":"1831869544",
"parent":"zfuVp7F80",
"text":"@鸭梨的亲家_宗宗  是有问题",
"mid":"zfuYczkMh",
"date":"2013-01-21 16:06:47"
},
{
"kids":[],
"uid":"iamlolicon",
"parent":"",
"text":"",
"mid":"zfuYavfuy",
"date":"2013-01-21 16:06:41"
},
{
"kids":[
"zfv2BjIIN"
],
"uid":"zh1943",
"parent":"",
"text":"CL的逆袭？1024",
"mid":"zfuY8swal",
"date":"2013-01-21 16:06:36"
},
{
"kids":[
"zfveJCupJ",
"zfv2Gl89M",
"zfuYzm3oG"
],
"uid":"aconquija",
"parent":"zfuVVkd7b",
"text":"Good point.",
"mid":"zfuY0tMve",
"date":"2013-01-21 16:06:17"
},
{
"kids":[
"zfv6Bg2EG"
],
"uid":"neiltweets",
"parent":"zfuTm838O",
"text":"[衰]",
"mid":"zfuXNshAh",
"date":"2013-01-21 16:05:47"
},
{
"kids":[],
"uid":"cjun87",
"parent":"",
"text":"",
"mid":"zfuXxuOfW",
"date":"2013-01-21 16:05:09"
},
{
"kids":[],
"uid":"flykey",
"parent":"",
"text":"世界真奇妙！",
"mid":"zfuXtmDOh",
"date":"2013-01-21 16:04:59"
},
{
"kids":[
"zfv18BEHK"
],
"uid":"1403255734",
"parent":"",
"text":"求cl网解释。。。",
"mid":"zfuXo4YLD",
"date":"2013-01-21 16:04:44"
},
{
"kids":[],
"uid":"nychenguo",
"parent":"",
"text":"42g  高清画质啊[哈哈]",
"mid":"zfuXe29PR",
"date":"2013-01-21 16:04:22"
},
{
"kids":[],
"uid":"2803204594",
"parent":"",
"text":"额额。。。",
"mid":"zfuXdqw1F",
"date":"2013-01-21 16:04:20"
},
{
"kids":[],
"uid":"3gphotos",
"parent":"",
"text":"哈哈哈。那会儿确实登陆不了了。",
"mid":"zfuX7egkZ",
"date":"2013-01-21 16:04:05"
},
{
"kids":[],
"uid":"imidc",
"parent":"",
"text":"[笑哈哈]",
"mid":"zfuX0p1lT",
"date":"2013-01-21 16:03:50"
},
{
"kids":[
"zfvj8qgln"
],
"uid":"shier",
"parent":"",
"text":"",
"mid":"zfuWT1Vpk",
"date":"2013-01-21 16:03:33"
},
{
"kids":[],
"uid":"sohuzxx",
"parent":"",
"text":"服务器的带宽真好~哈哈~ 45分钟下载了42G~~~~~",
"mid":"zfuWS8Go0",
"date":"2013-01-21 16:03:29"
},
{
"kids":[],
"uid":"523499719",
"parent":"",
"text":"[哈哈][哈哈][哈哈]",
"mid":"zfuWJ1A7Q",
"date":"2013-01-21 16:03:07"
},
{
"kids":[
"zfvkM3Pxe"
],
"uid":"zachfan",
"parent":"zfuTm838O",
"text":"1024今天有什么资源这么火？新浪管理这么混乱？",
"mid":"zfuWHfXIa",
"date":"2013-01-21 16:03:04"
},
{
"kids":[],
"uid":"2035751364",
"parent":"zfuVVkd7b",
"text":"good point[good][good][哈哈][哈哈]",
"mid":"zfuWtAPDF",
"date":"2013-01-21 16:02:31"
},
{
"kids":[
"zfv3Sgava"
],
"uid":"1401456294",
"parent":"",
"text":"@五分之五 私信我答案呗[偷笑]",
"mid":"zfuWnpVnv",
"date":"2013-01-21 16:02:16"
},
{
"kids":[],
"uid":"201200023",
"parent":"zfuTm838O",
"text":"那段时间首页怎么刷新是空白的…… [瞧瞧] 这和公车私用本质上没差别。",
"mid":"zfuWinay5",
"date":"2013-01-21 16:02:05"
},
{
"kids":[],
"uid":"tounymeng",
"parent":"",
"text":"要是真的，就太搞了！还好是动作片！",
"mid":"zfuWg3OWG",
"date":"2013-01-21 16:01:59"
},
{
"kids":[],
"uid":"cclab1123",
"parent":"",
"text":"",
"mid":"zfuWg2Pym",
"date":"2013-01-21 16:01:57"
},
{
"kids":[
"zfuZmFz2i",
"zfuY0tMve",
"zfuWtAPDF"
],
"uid":"gamalot",
"parent":"zfuUIzB3H",
"text":"靠！种子呢？！[可怜]",
"mid":"zfuVVkd7b",
"date":"2013-01-21 16:01:10"
},
{
"kids":[
"zfuYe4dx3"
],
"uid":"yanting83",
"parent":"zfuTm838O",
"text":"",
"mid":"zfuVLBaBh",
"date":"2013-01-21 16:00:47"
},
{
"kids":[],
"uid":"810777176",
"parent":"",
"text":"我勒个去",
"mid":"zfuVqiviu",
"date":"2013-01-21 15:59:56"
},
{
"kids":[
"zfuYczkMh"
],
"uid":"xiaoleluo",
"parent":"zfuUfEkA9",
"text":"三刻钟还没下完，太慢。。。[酷]",
"mid":"zfuVp7F80",
"date":"2013-01-21 15:59:53"
},
{
"kids":[],
"uid":"1076867172",
"parent":"zfuTm838O",
"text":"就42g就导致服务器瘫痪了啊",
"mid":"zfuV80GHv",
"date":"2013-01-21 15:59:11"
},
{
"kids":[
"zfv6EtAl2"
],
"uid":"tounymeng",
"parent":"",
"text":"求证？？？可笑，会出这种事？！这么菜的网络架构？@王泽旭V @管鹏 @龚文祥 @鲍叔叔",
"mid":"zfuUNB0qx",
"date":"2013-01-21 15:58:21"
},
{
"kids":[
"zfuVVkd7b"
],
"uid":"2035751364",
"parent":"",
"text":"[哈哈][哈哈]",
"mid":"zfuUIzB3H",
"date":"2013-01-21 15:58:11"
},
{
"kids":[],
"uid":"haoliumang",
"parent":"zfuTm838O",
"text":"那么饥渴。。。",
"mid":"zfuUpmXA8",
"date":"2013-01-21 15:57:27"
},
{
"kids":[
"zfuYtal9d"
],
"uid":"foxmate",
"parent":"zfuTm838O",
"text":"怪不得中午微薄用不了，原来下片儿去了[挖鼻屎][鄙视][鄙视][鄙视]",
"mid":"zfuUkly9o",
"date":"2013-01-21 15:57:13"
},
{
"kids":[],
"uid":"mylongisbug",
"parent":"",
"text":"果然是这个..",
"mid":"zfuUi06qA",
"date":"2013-01-21 15:57:08"
},
{
"kids":[
"zfvtXaREx",
"zfvb1biK1",
"zfuVp7F80"
],
"uid":"mantouboji",
"parent":"zfuTm838O",
"text":"[偷笑]",
"mid":"zfuUfEkA9",
"date":"2013-01-21 15:57:01"
},
{
"kids":[
"zfvt0oLz4"
],
"uid":"naozhujuan",
"parent":"",
"text":"求种子[偷笑]",
"mid":"zfuU76lXH",
"date":"2013-01-21 15:56:42"
},
{
"kids":[
"zfv8FtWkD"
],
"uid":"donaldxu",
"parent":"zfuTm838O",
"text":"[黑线]",
"mid":"zfuTUlg3c",
"date":"2013-01-21 15:56:12"
},
{
"kids":[],
"uid":"zhuxiangjlu",
"parent":"zfuTm838O",
"text":"@曹小操 ？？？？？？",
"mid":"zfuTMFsvK",
"date":"2013-01-21 15:55:54"
},
{
"kids":[
"zfvVjzQ9j",
"zfvaRq4Xy",
"zfv9H2f2M",
"zfv4Zn1Di",
"zfv3MANaK",
"zfv3Jm8Gp",
"zfv3w47m2",
"zfuZFzgrM",
"zfuXNshAh",
"zfuWHfXIa",
"zfuWinay5",
"zfuVLBaBh",
"zfuV80GHv",
"zfuUpmXA8",
"zfuUkly9o",
"zfuUfEkA9",
"zfuTUlg3c",
"zfuTMFsvK"
],
"uid":"curtner",
"parent":"",
"text":"[吃惊]",
"mid":"zfuTm838O",
"date":"2013-01-21 15:54:50"
}
]