[
{
"kids":[],
"uid":"2929933605",
"parent":"ze6ThA2mq",
"text":"@乱煞流光渡 @月落星光723 @瑞雪飘零Riki",
"mid":"zpz9hc3xA",
"date":"2013-03-28 21:08:05"
},
{
"kids":[],
"uid":"kltaotao",
"parent":"zeampcQo7",
"text":"",
"mid":"zlfT4Bo5L",
"date":"2013-02-28 12:44:45"
},
{
"kids":[],
"uid":"2789985010",
"parent":"ze6ofl8dN",
"text":"",
"mid":"zfNyKw4Ed",
"date":"2013-01-23 15:26:16"
},
{
"kids":[],
"uid":"2805500160",
"parent":"ze6ofl8dN",
"text":"",
"mid":"zfAPeuIfQ",
"date":"2013-01-22 07:01:10"
},
{
"kids":[],
"uid":"2919918292",
"parent":"ze6ofl8dN",
"text":"",
"mid":"zeOaxh2Dd",
"date":"2013-01-17 03:09:03"
},
{
"kids":[],
"uid":"2789797342",
"parent":"ze6ofl8dN",
"text":"",
"mid":"zeLbb1dym",
"date":"2013-01-16 19:32:23"
},
{
"kids":[],
"uid":"2919407920",
"parent":"",
"text":"",
"mid":"zeFhef1ko",
"date":"2013-01-16 04:30:49"
},
{
"kids":[],
"uid":"1439659651",
"parent":"",
"text":"",
"mid":"zeEkxeY6U",
"date":"2013-01-16 02:06:13"
},
{
"kids":[],
"uid":"2789875200",
"parent":"",
"text":"",
"mid":"zeBET7pAu",
"date":"2013-01-15 19:18:06"
},
{
"kids":[],
"uid":"2713267113",
"parent":"",
"text":"",
"mid":"zeApVw9vw",
"date":"2013-01-15 16:08:29"
},
{
"kids":[],
"uid":"1939977075",
"parent":"zes0DetnQ",
"text":"@薇薇的成长世界 ，你姐让我@你， 注意啦！",
"mid":"zeykHx2pp",
"date":"2013-01-15 10:50:08"
},
{
"kids":[],
"uid":"2804368054",
"parent":"",
"text":"",
"mid":"zeuM2xtnN",
"date":"2013-01-15 01:46:31"
},
{
"kids":[],
"uid":"annycheng",
"parent":"",
"text":"[话筒][话筒][电影]",
"mid":"zeukTbvMm",
"date":"2013-01-15 00:39:36"
},
{
"kids":[
"zeykHx2pp"
],
"uid":"2636040633",
"parent":"zekGrqwCo",
"text":"转发微博。",
"mid":"zes0DetnQ",
"date":"2013-01-14 18:44:13"
},
{
"kids":[],
"uid":"2053224085",
"parent":"zeokK0kMx",
"text":"藏",
"mid":"zeoshrEOM",
"date":"2013-01-14 09:41:20"
},
{
"kids":[],
"uid":"2049580170",
"parent":"zeo3oEKBB",
"text":"扩散扩散",
"mid":"zeomh5vGC",
"date":"2013-01-14 09:26:32"
},
{
"kids":[
"zeoshrEOM"
],
"uid":"leidachuang",
"parent":"zeojApnSR",
"text":"",
"mid":"zeokK0kMx",
"date":"2013-01-14 09:22:45"
},
{
"kids":[
"zeokK0kMx"
],
"uid":"1940496734",
"parent":"zeo3oEKBB",
"text":"",
"mid":"zeojApnSR",
"date":"2013-01-14 09:19:56"
},
{
"kids":[
"zeomh5vGC",
"zeojApnSR"
],
"uid":"angela626",
"parent":"",
"text":"扩散，谨防假币！",
"mid":"zeo3oEKBB",
"date":"2013-01-14 08:40:03"
},
{
"kids":[],
"uid":"2804128030",
"parent":"ze67Z6Eia",
"text":"",
"mid":"zemCyFE3J",
"date":"2013-01-14 05:01:11"
},
{
"kids":[],
"uid":"2790059582",
"parent":"",
"text":"",
"mid":"zelBcnEbn",
"date":"2013-01-14 02:25:05"
},
{
"kids":[],
"uid":"2919746132",
"parent":"ze67c2Lgp",
"text":"",
"mid":"zekYa1xGY",
"date":"2013-01-14 00:48:52"
},
{
"kids":[],
"uid":"2789982920",
"parent":"zeampcQo7",
"text":"",
"mid":"zekWHzPNq",
"date":"2013-01-14 00:45:19"
},
{
"kids":[],
"uid":"mimichou",
"parent":"ze6yKidSd",
"text":"",
"mid":"zekGShPDl",
"date":"2013-01-14 00:06:19"
},
{
"kids":[
"zes0DetnQ"
],
"uid":"1880325522",
"parent":"zekoHje9p",
"text":"@敗犬女王部落格 @菱亂儿 @小魔囡_Lucky @蓉蓉-1In 注意了",
"mid":"zekGrqwCo",
"date":"2013-01-14 00:05:12"
},
{
"kids":[
"zekGrqwCo"
],
"uid":"2115552982",
"parent":"zefpoaZmi",
"text":"@遇见小雪了 @colincan 收钱注意啦[怒]",
"mid":"zekoHje9p",
"date":"2013-01-13 23:21:32"
},
{
"kids":[],
"uid":"2099665105",
"parent":"",
"text":"又来[生病]",
"mid":"zefUdokf4",
"date":"2013-01-13 11:55:28"
},
{
"kids":[],
"uid":"2605204061",
"parent":"",
"text":"!!!!!!!!@知足常乐LIN",
"mid":"zefMhnwA1",
"date":"2013-01-13 11:35:53"
},
{
"kids":[],
"uid":"3049743787",
"parent":"",
"text":"",
"mid":"zefGXl2Fd",
"date":"2013-01-13 11:22:47"
},
{
"kids":[],
"uid":"2325343711",
"parent":"",
"text":"大家注意啦！",
"mid":"zefsOCHP2",
"date":"2013-01-13 10:47:57"
},
{
"kids":[
"zekoHje9p"
],
"uid":"lingling0505",
"parent":"",
"text":"注意啦",
"mid":"zefpoaZmi",
"date":"2013-01-13 10:39:29"
},
{
"kids":[],
"uid":"1589760511",
"parent":"ze67Z6Eia",
"text":"",
"mid":"zefh7qyGB",
"date":"2013-01-13 10:19:07"
},
{
"kids":[],
"uid":"2920265224",
"parent":"ze64T3O9X",
"text":"",
"mid":"zefaeaDDI",
"date":"2013-01-13 10:02:09"
},
{
"kids":[],
"uid":"1726794941",
"parent":"zeampcQo7",
"text":"",
"mid":"zedpXssy9",
"date":"2013-01-13 05:35:25"
},
{
"kids":[],
"uid":"2919362512",
"parent":"zea3wsAqk",
"text":"",
"mid":"zecL8h7nv",
"date":"2013-01-13 03:54:49"
},
{
"kids":[],
"uid":"2920406560",
"parent":"ze67c2Lgp",
"text":"",
"mid":"zebOvrq8v",
"date":"2013-01-13 01:30:24"
},
{
"kids":[],
"uid":"2359180610",
"parent":"",
"text":"收钱要注意",
"mid":"zebBWhEyl",
"date":"2013-01-13 00:59:23"
},
{
"kids":[],
"uid":"2435205624",
"parent":"",
"text":"",
"mid":"zebjEbxI8",
"date":"2013-01-13 00:14:22"
},
{
"kids":[],
"uid":"208222976",
"parent":"",
"text":"",
"mid":"zeaDzzbRA",
"date":"2013-01-12 22:30:43"
},
{
"kids":[
"zlfT4Bo5L",
"zekWHzPNq",
"zedpXssy9"
],
"uid":"2101518417",
"parent":"ze9WFxwct",
"text":"",
"mid":"zeampcQo7",
"date":"2013-01-12 21:48:22"
},
{
"kids":[],
"uid":"1939397467",
"parent":"ze9qGsADH",
"text":"转载，真的吗？",
"mid":"zeacJ55aE",
"date":"2013-01-12 21:24:34"
},
{
"kids":[
"zecL8h7nv"
],
"uid":"1229587101",
"parent":"",
"text":"",
"mid":"zea3wsAqk",
"date":"2013-01-12 21:01:52"
},
{
"kids":[
"zeampcQo7"
],
"uid":"2772619473",
"parent":"",
"text":"注意点哦，赚点小钱不容易，大家莫要上当喽",
"mid":"ze9WFxwct",
"date":"2013-01-12 20:45:00"
},
{
"kids":[],
"uid":"2919561394",
"parent":"ze64T3O9X",
"text":"",
"mid":"ze9VudquR",
"date":"2013-01-12 20:42:06"
},
{
"kids":[
"zeacJ55aE"
],
"uid":"1747615793",
"parent":"ze68eaeQf",
"text":"",
"mid":"ze9qGsADH",
"date":"2013-01-12 19:26:11"
},
{
"kids":[],
"uid":"2685213243",
"parent":"",
"text":"大家看看！",
"mid":"ze983pRYN",
"date":"2013-01-12 18:40:19"
},
{
"kids":[],
"uid":"2624384551",
"parent":"",
"text":"",
"mid":"ze95F5dET",
"date":"2013-01-12 18:34:25"
},
{
"kids":[],
"uid":"3195987791",
"parent":"",
"text":"假币？",
"mid":"ze938aHe0",
"date":"2013-01-12 18:28:09"
},
{
"kids":[],
"uid":"2538675752",
"parent":"ze6efFp9Z",
"text":"",
"mid":"ze8WOlG78",
"date":"2013-01-12 18:12:35"
},
{
"kids":[],
"uid":"zkflover",
"parent":"",
"text":"",
"mid":"ze8EzseYz",
"date":"2013-01-12 17:27:41"
},
{
"kids":[],
"uid":"3214507155",
"parent":"",
"text":"[话筒][话筒]",
"mid":"ze8ocdeYJ",
"date":"2013-01-12 16:47:21"
},
{
"kids":[],
"uid":"1770048805",
"parent":"",
"text":"",
"mid":"ze8eNrlUn",
"date":"2013-01-12 16:24:11"
},
{
"kids":[],
"uid":"2131697291",
"parent":"ze7xPhzwl",
"text":"",
"mid":"ze8apzj8p",
"date":"2013-01-12 16:13:23"
},
{
"kids":[],
"uid":"2141833435",
"parent":"",
"text":"",
"mid":"ze83PgeMV",
"date":"2013-01-12 15:57:08"
},
{
"kids":[],
"uid":"2172753520",
"parent":"",
"text":"",
"mid":"ze808eTly",
"date":"2013-01-12 15:48:04"
},
{
"kids":[],
"uid":"shijingqiu",
"parent":"",
"text":"赶紧把上次那个疑似拿出来确认下！@米兰海水",
"mid":"ze7ZxiOvb",
"date":"2013-01-12 15:46:35"
},
{
"kids":[],
"uid":"1625037197",
"parent":"",
"text":"",
"mid":"ze7K6dIWH",
"date":"2013-01-12 15:08:33"
},
{
"kids":[],
"uid":"bingyihai",
"parent":"ze6IvqiuE",
"text":"",
"mid":"ze7Itp6tH",
"date":"2013-01-12 15:04:32"
},
{
"kids":[],
"uid":"2550164943",
"parent":"",
"text":"",
"mid":"ze7Inusll",
"date":"2013-01-12 15:04:19"
},
{
"kids":[],
"uid":"2884740932",
"parent":"",
"text":"看起来满真的嘛@恬漠望舒 @绿屋的-Annie @凤凰晴天瓜瓜 @麦小薏",
"mid":"ze7y3syjO",
"date":"2013-01-12 14:38:53"
},
{
"kids":[
"ze8apzj8p"
],
"uid":"1731045221",
"parent":"",
"text":"",
"mid":"ze7xPhzwl",
"date":"2013-01-12 14:38:17"
},
{
"kids":[],
"uid":"1837196027",
"parent":"ze6Typg8o",
"text":"",
"mid":"ze7jVl6sz",
"date":"2013-01-12 14:04:04"
},
{
"kids":[],
"uid":"1529715007",
"parent":"",
"text":"",
"mid":"ze7hj9x1X",
"date":"2013-01-12 13:57:37"
},
{
"kids":[],
"uid":"339676780",
"parent":"",
"text":"",
"mid":"ze7fYmven",
"date":"2013-01-12 13:54:20"
},
{
"kids":[],
"uid":"1806828707",
"parent":"",
"text":"",
"mid":"ze7cw9N2l",
"date":"2013-01-12 13:45:50"
},
{
"kids":[],
"uid":"3195987791",
"parent":"",
"text":"",
"mid":"ze7a0qMlU",
"date":"2013-01-12 13:39:38"
},
{
"kids":[],
"uid":"2864046632",
"parent":"",
"text":"",
"mid":"ze75EpCM5",
"date":"2013-01-12 13:28:52"
},
{
"kids":[],
"uid":"2958237285",
"parent":"ze6fozBSk",
"text":"",
"mid":"ze74arfEf",
"date":"2013-01-12 13:25:15"
},
{
"kids":[],
"uid":"2360664640",
"parent":"ze65eBYdm",
"text":"",
"mid":"ze6ZY97sM",
"date":"2013-01-12 13:14:53"
},
{
"kids":[],
"uid":"1927951367",
"parent":"ze64LjkBF",
"text":"",
"mid":"ze6Y1B1fZ",
"date":"2013-01-12 13:10:06"
},
{
"kids":[],
"uid":"1959442821",
"parent":"",
"text":"",
"mid":"ze6Vlt6mX",
"date":"2013-01-12 13:03:30"
},
{
"kids":[
"ze7jVl6sz"
],
"uid":"1856660882",
"parent":"",
"text":"",
"mid":"ze6Typg8o",
"date":"2013-01-12 12:59:04"
},
{
"kids":[
"zpz9hc3xA"
],
"uid":"2598856931",
"parent":"",
"text":"",
"mid":"ze6ThA2mq",
"date":"2013-01-12 12:58:24"
},
{
"kids":[],
"uid":"2352486904",
"parent":"ze6j8eDmZ",
"text":"[鄙视]",
"mid":"ze6RdlDsa",
"date":"2013-01-12 12:53:20"
},
{
"kids":[],
"uid":"333064666",
"parent":"ze6yKidSd",
"text":"扩散。。。",
"mid":"ze6Q1pbHU",
"date":"2013-01-12 12:50:22"
},
{
"kids":[],
"uid":"2199871337",
"parent":"",
"text":"",
"mid":"ze6PUD7mX",
"date":"2013-01-12 12:50:08"
},
{
"kids":[],
"uid":"2064551461",
"parent":"",
"text":"@现在不需要 @水木的家2011 @而已的幸福",
"mid":"ze6NjBYhw",
"date":"2013-01-12 12:43:44"
},
{
"kids":[],
"uid":"2611022897",
"parent":"",
"text":"",
"mid":"ze6MnosGx",
"date":"2013-01-12 12:41:26"
},
{
"kids":[],
"uid":"guoyt",
"parent":"",
"text":"转啊转",
"mid":"ze6Ma8cQN",
"date":"2013-01-12 12:40:54"
},
{
"kids":[],
"uid":"jocelyn3",
"parent":"",
"text":"我去~连认钱都要背",
"mid":"ze6LSFMsj",
"date":"2013-01-12 12:40:10"
},
{
"kids":[],
"uid":"1768995984",
"parent":"",
"text":"",
"mid":"ze6Lx65rH",
"date":"2013-01-12 12:39:19"
},
{
"kids":[],
"uid":"2024907110",
"parent":"",
"text":"",
"mid":"ze6KHpvZF",
"date":"2013-01-12 12:37:15"
},
{
"kids":[],
"uid":"710696012",
"parent":"",
"text":"小心了，小心了。。。",
"mid":"ze6IEC2lZ",
"date":"2013-01-12 12:32:14"
},
{
"kids":[
"ze7Itp6tH"
],
"uid":"1730734055",
"parent":"",
"text":"[害羞][吃惊]",
"mid":"ze6IvqiuE",
"date":"2013-01-12 12:31:52"
},
{
"kids":[],
"uid":"274117791",
"parent":"",
"text":"[围观]",
"mid":"ze6GV2Vg4",
"date":"2013-01-12 12:27:58"
},
{
"kids":[],
"uid":"2171913114",
"parent":"ze6fdmftw",
"text":"大家要注意啊，赚的都是辛苦钱！[吃惊]",
"mid":"ze6E45do2",
"date":"2013-01-12 12:20:55"
},
{
"kids":[],
"uid":"tiantian2327",
"parent":"",
"text":"[话筒][话筒][话筒][话筒][话筒][话筒]",
"mid":"ze6AJf7Gb",
"date":"2013-01-12 12:12:43"
},
{
"kids":[],
"uid":"JavieYang",
"parent":"",
"text":"",
"mid":"ze6AxlY1s",
"date":"2013-01-12 12:12:14"
},
{
"kids":[],
"uid":"2837913580",
"parent":"",
"text":"",
"mid":"ze6AgfQh6",
"date":"2013-01-12 12:11:34"
},
{
"kids":[],
"uid":"210003831",
"parent":"",
"text":"",
"mid":"ze6zr7qIH",
"date":"2013-01-12 12:09:33"
},
{
"kids":[],
"uid":"1029369011",
"parent":"",
"text":"还是刷卡吧。",
"mid":"ze6yYddNA",
"date":"2013-01-12 12:08:22"
},
{
"kids":[
"zekGShPDl",
"ze6Q1pbHU"
],
"uid":"xuemin087",
"parent":"",
"text":"大家注意…扩散…@龙板栗 @芒ki芒ki_亞 @驼驼别 @霸气外漏的肥肥姐 @柈嗄哋液 @愁小姐 @顾小宇2924250783 @简单生活lf @LL_Lucia @林lin嘉 @某小滴滴 @Sweet唂唂 @太小太太 @小鱼宝0713 @楊超小少爷 @木头嫲嫲 @Ms_曉菇涼思密達",
"mid":"ze6yKidSd",
"date":"2013-01-12 12:07:50"
},
{
"kids":[],
"uid":"3046741793",
"parent":"",
"text":"",
"mid":"ze6xHzWZ7",
"date":"2013-01-12 12:05:14"
},
{
"kids":[],
"uid":"2150944837",
"parent":"",
"text":"[怒]",
"mid":"ze6xr1oo0",
"date":"2013-01-12 12:04:35"
},
{
"kids":[],
"uid":"wzjsword",
"parent":"",
"text":"次奥",
"mid":"ze6un1MNm",
"date":"2013-01-12 11:57:03"
},
{
"kids":[],
"uid":"1969324612",
"parent":"",
"text":"",
"mid":"ze6tigT4V",
"date":"2013-01-12 11:54:22"
},
{
"kids":[],
"uid":"3128247121",
"parent":"",
"text":"[哼]别啊",
"mid":"ze6rQ8hWD",
"date":"2013-01-12 11:50:50"
},
{
"kids":[],
"uid":"208008789",
"parent":"",
"text":"用不到这么大的面额，不担心",
"mid":"ze6oPD2Ru",
"date":"2013-01-12 11:43:25"
},
{
"kids":[],
"uid":"2167820180",
"parent":"",
"text":"[圍觀]",
"mid":"ze6oHF2NX",
"date":"2013-01-12 11:43:06"
},
{
"kids":[
"zfNyKw4Ed",
"zfAPeuIfQ",
"zeOaxh2Dd",
"zeLbb1dym"
],
"uid":"339154541",
"parent":"",
"text":"",
"mid":"ze6ofl8dN",
"date":"2013-01-12 11:41:57"
},
{
"kids":[],
"uid":"2833931851",
"parent":"ze6koynUP",
"text":"难怪昨天买东西时被质疑[汗][汗]",
"mid":"ze6nzmIXw",
"date":"2013-01-12 11:40:18"
},
{
"kids":[],
"uid":"1971690834",
"parent":"",
"text":"新版假币来了",
"mid":"ze6nelHrq",
"date":"2013-01-12 11:39:26"
},
{
"kids":[],
"uid":"2457063562",
"parent":"",
"text":"",
"mid":"ze6mnc844",
"date":"2013-01-12 11:37:21"
},
{
"kids":[],
"uid":"caixiaoshu",
"parent":"",
"text":"",
"mid":"ze6lXaK9F",
"date":"2013-01-12 11:36:19"
},
{
"kids":[],
"uid":"1616638043",
"parent":"ze69imKNE",
"text":"我觉得我获得假币的唯一渠道就是银行。",
"mid":"ze6lyE0rJ",
"date":"2013-01-12 11:35:22"
},
{
"kids":[
"ze6nzmIXw"
],
"uid":"1883851652",
"parent":"",
"text":"来势凶猛！[抓狂]",
"mid":"ze6koynUP",
"date":"2013-01-12 11:32:28"
},
{
"kids":[],
"uid":"2304915974",
"parent":"ze65g6RiE",
"text":"",
"mid":"ze6jlhnAU",
"date":"2013-01-12 11:29:53"
},
{
"kids":[
"ze6RdlDsa"
],
"uid":"1885890757",
"parent":"ze6f1yv3a",
"text":"",
"mid":"ze6j8eDmZ",
"date":"2013-01-12 11:29:22"
},
{
"kids":[],
"uid":"2810811795",
"parent":"",
"text":"",
"mid":"ze6j2E7b1",
"date":"2013-01-12 11:29:07"
},
{
"kids":[],
"uid":"1919201287",
"parent":"ze6eZaY4X",
"text":"",
"mid":"ze6ij99zO",
"date":"2013-01-12 11:27:19"
},
{
"kids":[
"ze74arfEf"
],
"uid":"1766830727",
"parent":"ze6d2BzoI",
"text":"@欢子言言 @遮香木兰儿 @Tine2011 @嘉_Lu-love彤0 @五月天的愉池",
"mid":"ze6fozBSk",
"date":"2013-01-12 11:20:08"
},
{
"kids":[
"ze6E45do2"
],
"uid":"2629357427",
"parent":"",
"text":"[思考]没有通知嘛",
"mid":"ze6fdmftw",
"date":"2013-01-12 11:19:43"
},
{
"kids":[
"ze6j8eDmZ"
],
"uid":"1770711800",
"parent":"",
"text":"爸爸。。估计你是不会看微博的了 @风雨同路SIX",
"mid":"ze6f1yv3a",
"date":"2013-01-12 11:19:15"
},
{
"kids":[
"ze6ij99zO"
],
"uid":"2137941487",
"parent":"",
"text":"",
"mid":"ze6eZaY4X",
"date":"2013-01-12 11:19:09"
},
{
"kids":[],
"uid":"1956622495",
"parent":"",
"text":"",
"mid":"ze6eWft12",
"date":"2013-01-12 11:19:02"
},
{
"kids":[],
"uid":"1446037920",
"parent":"",
"text":"",
"mid":"ze6eLjmxd",
"date":"2013-01-12 11:18:35"
},
{
"kids":[],
"uid":"2499400950",
"parent":"ze67c2Lgp",
"text":"传递，注意了[怒][怒]",
"mid":"ze6eGhqZV",
"date":"2013-01-12 11:18:24"
},
{
"kids":[],
"uid":"2094321201",
"parent":"",
"text":"",
"mid":"ze6eyfC3O",
"date":"2013-01-12 11:18:05"
},
{
"kids":[
"ze8WOlG78"
],
"uid":"2801745044",
"parent":"ze6cltTHT",
"text":"@精英团主持人阳光 @冯家班主持人陈虎 @主持人冯飞f @司仪家族王骁萌 @冯家班主持人家珺 @司仪家族冯家班苏戈",
"mid":"ze6efFp9Z",
"date":"2013-01-12 11:17:21"
},
{
"kids":[],
"uid":"2921767791",
"parent":"ze6ddxFSh",
"text":"@仔仔姥姥哟",
"mid":"ze6e1umzH",
"date":"2013-01-12 11:16:47"
},
{
"kids":[],
"uid":"michellewren",
"parent":"",
"text":"[衰]遇到假币不记得拿微博出来看啊...",
"mid":"ze6dQwtX6",
"date":"2013-01-12 11:16:21"
},
{
"kids":[],
"uid":"1445179194",
"parent":"",
"text":"[话筒]",
"mid":"ze6dC4DhK",
"date":"2013-01-12 11:15:46"
},
{
"kids":[
"ze6e1umzH"
],
"uid":"luluranran",
"parent":"",
"text":"",
"mid":"ze6ddxFSh",
"date":"2013-01-12 11:14:48"
},
{
"kids":[
"ze6fozBSk"
],
"uid":"2391917132",
"parent":"",
"text":"[怒]这个一定要转@尤美彩妆王月皎 @尤美彩妆马媛媛 @尤美彩妆sukin @尤美彩妆柯小含 @尤美彩妆vivi @尤美彩妆 @-墨衻-",
"mid":"ze6d2BzoI",
"date":"2013-01-12 11:14:20"
},
{
"kids":[
"ze6efFp9Z"
],
"uid":"2991588290",
"parent":"",
"text":"@爱Love小薇 @八两Q小Y @大爱潮人ing @清沂Snow @司仪家族冯家班徐伟",
"mid":"ze6cltTHT",
"date":"2013-01-12 11:12:39"
},
{
"kids":[],
"uid":"2676415301",
"parent":"",
"text":"新版假币又来了!千万不要上当了！@北极熊欢欢 @dier-yuer @358温馨的小家",
"mid":"ze6bXelO7",
"date":"2013-01-12 11:11:41"
},
{
"kids":[],
"uid":"3194706071",
"parent":"",
"text":"[汗]",
"mid":"ze6bVrRPp",
"date":"2013-01-12 11:11:37"
},
{
"kids":[],
"uid":"523478180",
"parent":"",
"text":"[熊猫]",
"mid":"ze6bODeVm",
"date":"2013-01-12 11:11:21"
},
{
"kids":[],
"uid":"521692012",
"parent":"ze64LjkBF",
"text":"",
"mid":"ze6bHisC0",
"date":"2013-01-12 11:11:03"
},
{
"kids":[
"ze6lyE0rJ"
],
"uid":"1850367667",
"parent":"",
"text":"@Tiger在远方 @昶哥是我嘞 @Creek86-西郡亭 @Jungl_风 @lyne玲 @挠挠-Cici @特洛伊木猪 @一休大士 @LIOveni-vidi-vici    亲们眼睛睁大点看仔细哈~",
"mid":"ze69imKNE",
"date":"2013-01-12 11:05:08"
},
{
"kids":[],
"uid":"2676796322",
"parent":"ze68eaeQf",
"text":"",
"mid":"ze68n1tun",
"date":"2013-01-12 11:02:52"
},
{
"kids":[],
"uid":"liaolixia",
"parent":"ze67br7qu",
"text":"",
"mid":"ze68k49kG",
"date":"2013-01-12 11:02:44"
},
{
"kids":[
"ze9qGsADH",
"ze68n1tun"
],
"uid":"zhaoxiaozhu0728",
"parent":"ze65g6RiE",
"text":"",
"mid":"ze68eaeQf",
"date":"2013-01-12 11:02:30"
},
{
"kids":[
"zemCyFE3J",
"zefh7qyGB"
],
"uid":"2634953382",
"parent":"",
"text":"[话筒]",
"mid":"ze67Z6Eia",
"date":"2013-01-12 11:01:53"
},
{
"kids":[],
"uid":"712368830",
"parent":"",
"text":"",
"mid":"ze67NfYpS",
"date":"2013-01-12 11:01:26"
},
{
"kids":[],
"uid":"2419668224",
"parent":"",
"text":"这个必须转~@nb悍匪",
"mid":"ze67H6DFw",
"date":"2013-01-12 11:01:09"
},
{
"kids":[],
"uid":"1901788281",
"parent":"ze65g6RiE",
"text":"",
"mid":"ze67rFs8J",
"date":"2013-01-12 11:00:35"
},
{
"kids":[
"zekYa1xGY",
"zebOvrq8v",
"ze6eGhqZV"
],
"uid":"805178997",
"parent":"",
"text":"@Shao_邵少 @Tina张2011",
"mid":"ze67c2Lgp",
"date":"2013-01-12 10:59:57"
},
{
"kids":[
"ze68k49kG"
],
"uid":"3175692787",
"parent":"",
"text":"注意哦",
"mid":"ze67br7qu",
"date":"2013-01-12 10:59:54"
},
{
"kids":[],
"uid":"xiaoqiao0609",
"parent":"",
"text":"@ccl向日葵 @西乞良梦 @纠结的小尾鱼 @广龙笑风 @911的蓝胖纸 表破财哦",
"mid":"ze676a8RN",
"date":"2013-01-12 10:59:43"
},
{
"kids":[],
"uid":"szyanzhilei",
"parent":"",
"text":"",
"mid":"ze66Iwypz",
"date":"2013-01-12 10:58:47"
},
{
"kids":[],
"uid":"2365606772",
"parent":"",
"text":"@糖果很甜哒 @牛仔很忙哒 @不吃鱼的猫Ge",
"mid":"ze66GaRrC",
"date":"2013-01-12 10:58:41"
},
{
"kids":[],
"uid":"3028761201",
"parent":"ze66kwzxl",
"text":"真的假的",
"mid":"ze66B5GiA",
"date":"2013-01-12 10:58:28"
},
{
"kids":[
"ze66B5GiA"
],
"uid":"2857620071",
"parent":"",
"text":"大家注意了。",
"mid":"ze66kwzxl",
"date":"2013-01-12 10:57:49"
},
{
"kids":[],
"uid":"1985656271",
"parent":"",
"text":"@流口水的宝宝 关注一下",
"mid":"ze66gopfe",
"date":"2013-01-12 10:57:40"
},
{
"kids":[],
"uid":"2502414762",
"parent":"",
"text":"Be careful",
"mid":"ze660bkFS",
"date":"2013-01-12 10:57:00"
},
{
"kids":[],
"uid":"2960421010",
"parent":"",
"text":"看看。。。",
"mid":"ze65YqsFL",
"date":"2013-01-12 10:56:57"
},
{
"kids":[],
"uid":"3206054133",
"parent":"",
"text":"哎.",
"mid":"ze65yq4QP",
"date":"2013-01-12 10:55:55"
},
{
"kids":[],
"uid":"1770955805",
"parent":"",
"text":"转",
"mid":"ze65q9c2V",
"date":"2013-01-12 10:55:35"
},
{
"kids":[],
"uid":"2043990902",
"parent":"",
"text":"",
"mid":"ze65jzWL3",
"date":"2013-01-12 10:55:18"
},
{
"kids":[
"ze6jlhnAU",
"ze68eaeQf",
"ze67rFs8J"
],
"uid":"2036071233",
"parent":"",
"text":"",
"mid":"ze65g6RiE",
"date":"2013-01-12 10:55:11"
},
{
"kids":[
"ze6ZY97sM"
],
"uid":"1844114550",
"parent":"",
"text":"",
"mid":"ze65eBYdm",
"date":"2013-01-12 10:55:07"
},
{
"kids":[],
"uid":"1951297265",
"parent":"",
"text":"",
"mid":"ze659hmXn",
"date":"2013-01-12 10:54:55"
},
{
"kids":[],
"uid":"linhaibo1981",
"parent":"",
"text":"。。。。。",
"mid":"ze655aKPU",
"date":"2013-01-12 10:54:43"
},
{
"kids":[
"zefaeaDDI",
"ze9VudquR"
],
"uid":"1030597510",
"parent":"",
"text":"",
"mid":"ze64T3O9X",
"date":"2013-01-12 10:54:15"
},
{
"kids":[
"ze6Y1B1fZ",
"ze6bHisC0"
],
"uid":"cherrychan623",
"parent":"",
"text":"",
"mid":"ze64LjkBF",
"date":"2013-01-12 10:53:56"
}
]