[
{
"kids":[],
"uid":"1776533140",
"parent":"ypdu4iiFi",
"text":"",
"mid":"zp5jJgoIP",
"date":"2013-03-25 17:11:25"
},
{
"kids":[],
"uid":"2810225220",
"parent":"ypdu4iiFi",
"text":"",
"mid":"zp5jIEL0k",
"date":"2013-03-25 17:11:25"
},
{
"kids":[],
"uid":"2809673724",
"parent":"ypdu4iiFi",
"text":"",
"mid":"zoUIE4sfO",
"date":"2013-03-24 14:12:36"
},
{
"kids":[],
"uid":"1723212547",
"parent":"ypdu4iiFi",
"text":"",
"mid":"zoUIE3eJM",
"date":"2013-03-24 14:12:35"
},
{
"kids":[],
"uid":"2804611392",
"parent":"zlsCobCH9",
"text":"",
"mid":"zmrDR5FOD",
"date":"2013-03-08 08:30:32"
},
{
"kids":[],
"uid":"1581997250",
"parent":"zlsCobCH9",
"text":"",
"mid":"zmiBwEUce",
"date":"2013-03-07 09:30:05"
},
{
"kids":[],
"uid":"1583758677",
"parent":"zlsCobCH9",
"text":"",
"mid":"zlxaSi8Bd",
"date":"2013-03-02 08:45:19"
},
{
"kids":[
"zmrDR5FOD",
"zmiBwEUce",
"zlxaSi8Bd"
],
"uid":"1913763377",
"parent":"",
"text":"@贤崽",
"mid":"zlsCobCH9",
"date":"2013-03-01 21:09:20"
},
{
"kids":[],
"uid":"2803756150",
"parent":"ypdMMpP6A",
"text":"",
"mid":"ytlW8DCT6",
"date":"2012-07-20 20:06:56"
},
{
"kids":[],
"uid":"2803606940",
"parent":"ypdMMpP6A",
"text":"",
"mid":"ytcgbwe1p",
"date":"2012-07-19 19:28:50"
},
{
"kids":[],
"uid":"2647631561",
"parent":"ypexMzElj",
"text":"牛X",
"mid":"yt3vQisZw",
"date":"2012-07-18 21:12:42"
},
{
"kids":[],
"uid":"1589487284",
"parent":"ypdS8yXSv",
"text":"",
"mid":"yr2vEyjix",
"date":"2012-07-05 14:58:53"
},
{
"kids":[],
"uid":"2491560133",
"parent":"yphOgyuT5",
"text":"",
"mid":"yqZk1o22L",
"date":"2012-07-05 06:51:58"
},
{
"kids":[],
"uid":"1589487284",
"parent":"ypdS8yXSv",
"text":"",
"mid":"yqU8ZEcAV",
"date":"2012-07-04 17:41:04"
},
{
"kids":[],
"uid":"1439992241",
"parent":"",
"text":"",
"mid":"yq7TNAwlw",
"date":"2012-06-29 14:51:48"
},
{
"kids":[],
"uid":"putuoshanbojue",
"parent":"ypFkV5gIX",
"text":"",
"mid":"ypFn0vZB2",
"date":"2012-06-26 14:14:05"
},
{
"kids":[
"ypFn0vZB2"
],
"uid":"2084890517",
"parent":"yptPZAnoE",
"text":"",
"mid":"ypFkV5gIX",
"date":"2012-06-26 14:08:56"
},
{
"kids":[],
"uid":"1778235712",
"parent":"ypdS8yXSv",
"text":"",
"mid":"ypvW5lk7t",
"date":"2012-06-25 14:13:02"
},
{
"kids":[],
"uid":"2399175692",
"parent":"",
"text":"",
"mid":"ypvTCj2TJ",
"date":"2012-06-25 14:06:58"
},
{
"kids":[],
"uid":"1197238255",
"parent":"",
"text":"不知是否有用",
"mid":"yptSRbnSH",
"date":"2012-06-25 08:59:36"
},
{
"kids":[],
"uid":"2135312910",
"parent":"",
"text":"mark",
"mid":"yptSsnwwP",
"date":"2012-06-25 08:58:36"
},
{
"kids":[
"ypFkV5gIX"
],
"uid":"dxmengy",
"parent":"ypdPiboQ4",
"text":"留存备用",
"mid":"yptPZAnoE",
"date":"2012-06-25 08:52:33"
},
{
"kids":[],
"uid":"mzding",
"parent":"",
"text":"",
"mid":"ypnNbdzqi",
"date":"2012-06-24 17:29:08"
},
{
"kids":[],
"uid":"2637512551",
"parent":"",
"text":"转发微博。",
"mid":"yplLt2GcF",
"date":"2012-06-24 12:19:25"
},
{
"kids":[],
"uid":"1191864283",
"parent":"",
"text":"",
"mid":"ypkP6o6wk",
"date":"2012-06-24 09:55:37"
},
{
"kids":[],
"uid":"1903731423",
"parent":"",
"text":"",
"mid":"ypkOVdZPP",
"date":"2012-06-24 09:55:11"
},
{
"kids":[
"yqZk1o22L"
],
"uid":"1742846352",
"parent":"ypdPiboQ4",
"text":"",
"mid":"yphOgyuT5",
"date":"2012-06-24 02:15:20"
},
{
"kids":[],
"uid":"537990345",
"parent":"",
"text":"",
"mid":"yphDa3C7t",
"date":"2012-06-24 01:47:58"
},
{
"kids":[],
"uid":"1464171837",
"parent":"",
"text":"转发微博。",
"mid":"yphng1bKp",
"date":"2012-06-24 01:08:47"
},
{
"kids":[],
"uid":"2324438130",
"parent":"ypdPiboQ4",
"text":"",
"mid":"ypgtmtKDM",
"date":"2012-06-23 22:51:05"
},
{
"kids":[],
"uid":"2182802534",
"parent":"",
"text":"",
"mid":"ypg6FDOOu",
"date":"2012-06-23 21:55:11"
},
{
"kids":[],
"uid":"2462456290",
"parent":"",
"text":"[good]留着有用",
"mid":"ypg52hzsi",
"date":"2012-06-23 21:51:09"
},
{
"kids":[],
"uid":"2169791040",
"parent":"",
"text":"",
"mid":"ypfW4tosQ",
"date":"2012-06-23 21:29:03"
},
{
"kids":[],
"uid":"1867799854",
"parent":"",
"text":"",
"mid":"ypfPCnwh3",
"date":"2012-06-23 21:13:10"
},
{
"kids":[],
"uid":"zbxnjackbing",
"parent":"ypfEhDbGT",
"text":"",
"mid":"ypfEN0wUd",
"date":"2012-06-23 20:46:28"
},
{
"kids":[
"ypfEN0wUd"
],
"uid":"1913763377",
"parent":"ypelxaDkr",
"text":"",
"mid":"ypfEhDbGT",
"date":"2012-06-23 20:45:15"
},
{
"kids":[],
"uid":"1766027101",
"parent":"",
"text":"",
"mid":"ypfvbA2D7",
"date":"2012-06-23 20:22:50"
},
{
"kids":[],
"uid":"jinduoduo1028",
"parent":"",
"text":"",
"mid":"ypfsB8DVM",
"date":"2012-06-23 20:16:27"
},
{
"kids":[],
"uid":"2113560250",
"parent":"",
"text":"技术帖啊",
"mid":"ypfq3Cbo0",
"date":"2012-06-23 20:10:10"
},
{
"kids":[],
"uid":"mizuixian",
"parent":"ypdwqgVOC",
"text":"你试过么",
"mid":"ypfmIvt4e",
"date":"2012-06-23 20:01:57"
},
{
"kids":[],
"uid":"babygemnini",
"parent":"",
"text":"我果断滴收藏鸟！",
"mid":"ypfhduo0j",
"date":"2012-06-23 19:48:25"
},
{
"kids":[],
"uid":"daibaocai",
"parent":"ypeFcDM4N",
"text":"",
"mid":"ypfdpE8Gz",
"date":"2012-06-23 19:39:03"
},
{
"kids":[],
"uid":"2669634587",
"parent":"",
"text":"",
"mid":"ypf9uvNx5",
"date":"2012-06-23 19:29:23"
},
{
"kids":[],
"uid":"831067887",
"parent":"ypeUb447A",
"text":"",
"mid":"ypeUVtyfS",
"date":"2012-06-23 18:53:29"
},
{
"kids":[
"ypeUVtyfS"
],
"uid":"1971840455",
"parent":"",
"text":"应该会有用吧…",
"mid":"ypeUb447A",
"date":"2012-06-23 18:51:39"
},
{
"kids":[
"ypfdpE8Gz"
],
"uid":"chuangwai110",
"parent":"",
"text":"",
"mid":"ypeFcDM4N",
"date":"2012-06-23 18:14:46"
},
{
"kids":[],
"uid":"1865291850",
"parent":"",
"text":"转发微博。",
"mid":"ypeCs9Qby",
"date":"2012-06-23 18:07:59"
},
{
"kids":[
"yt3vQisZw"
],
"uid":"2635184994",
"parent":"",
"text":"[给力]",
"mid":"ypexMzElj",
"date":"2012-06-23 17:56:29"
},
{
"kids":[],
"uid":"zhujinyu1124",
"parent":"",
"text":"转发微博。",
"mid":"ypewDE3q2",
"date":"2012-06-23 17:53:38"
},
{
"kids":[],
"uid":"2297199764",
"parent":"",
"text":"@肉包小猪",
"mid":"ypet3qUbU",
"date":"2012-06-23 17:44:50"
},
{
"kids":[],
"uid":"1727472777",
"parent":"",
"text":"",
"mid":"ypepVzSYm",
"date":"2012-06-23 17:37:08"
},
{
"kids":[],
"uid":"1449817580",
"parent":"",
"text":"",
"mid":"ypeoFiaDv",
"date":"2012-06-23 17:34:01"
},
{
"kids":[],
"uid":"1785807522",
"parent":"",
"text":"",
"mid":"ypeoCCqTk",
"date":"2012-06-23 17:33:55"
},
{
"kids":[],
"uid":"1783545961",
"parent":"",
"text":"",
"mid":"ypenNf6hA",
"date":"2012-06-23 17:31:52"
},
{
"kids":[],
"uid":"1987320410",
"parent":"",
"text":"",
"mid":"ypembkYEv",
"date":"2012-06-23 17:27:53"
},
{
"kids":[
"ypfEhDbGT"
],
"uid":"2432281200",
"parent":"",
"text":"",
"mid":"ypelxaDkr",
"date":"2012-06-23 17:26:16"
},
{
"kids":[],
"uid":"2497680291",
"parent":"",
"text":"转了",
"mid":"ypei432Lt",
"date":"2012-06-23 17:17:46"
},
{
"kids":[],
"uid":"2721139555",
"parent":"",
"text":"转发微博。",
"mid":"ypegtkJtj",
"date":"2012-06-23 17:13:47"
},
{
"kids":[],
"uid":"2304385694",
"parent":"",
"text":"",
"mid":"ypefTikO5",
"date":"2012-06-23 17:12:22"
},
{
"kids":[],
"uid":"2203787054",
"parent":"ypdsMv6s2",
"text":"留着以后用",
"mid":"ypef7rhWw",
"date":"2012-06-23 17:10:28"
},
{
"kids":[],
"uid":"1919135294",
"parent":"",
"text":"转发微博。",
"mid":"ypeeyyRsg",
"date":"2012-06-23 17:09:05"
},
{
"kids":[],
"uid":"1805451555",
"parent":"",
"text":"转发微博。",
"mid":"ypecB6Rs4",
"date":"2012-06-23 17:04:17"
},
{
"kids":[],
"uid":"lizhuoliang",
"parent":"",
"text":"收藏了",
"mid":"ype8EaKQV",
"date":"2012-06-23 16:54:33"
},
{
"kids":[],
"uid":"whl679798",
"parent":"",
"text":"",
"mid":"ype7M4wiZ",
"date":"2012-06-23 16:52:24"
},
{
"kids":[],
"uid":"1919505835",
"parent":"",
"text":"留着",
"mid":"ype6LqkER",
"date":"2012-06-23 16:49:55"
},
{
"kids":[],
"uid":"1875314253",
"parent":"",
"text":"留着，有用的",
"mid":"ype4TAwah",
"date":"2012-06-23 16:45:19"
},
{
"kids":[],
"uid":"1884151042",
"parent":"",
"text":"",
"mid":"ype3rsojY",
"date":"2012-06-23 16:41:42"
},
{
"kids":[],
"uid":"2072910741",
"parent":"",
"text":"删错文件，并且回收站也清空，如何找回！...",
"mid":"ype37FtE2",
"date":"2012-06-23 16:40:57"
},
{
"kids":[],
"uid":"2102665375",
"parent":"",
"text":"",
"mid":"ype33w5VM",
"date":"2012-06-23 16:40:47"
},
{
"kids":[],
"uid":"1358884750",
"parent":"",
"text":"",
"mid":"ype2PDKWv",
"date":"2012-06-23 16:40:14"
},
{
"kids":[],
"uid":"i4788",
"parent":"",
"text":"只要三步，你就能找回你删掉并清空回收站的东西（转）",
"mid":"ype05syKa",
"date":"2012-06-23 16:33:26"
},
{
"kids":[],
"uid":"1887935295",
"parent":"",
"text":"",
"mid":"ype00nyXC",
"date":"2012-06-23 16:33:16"
},
{
"kids":[],
"uid":"2001016353",
"parent":"",
"text":"",
"mid":"ypdZ7qO9K",
"date":"2012-06-23 16:31:05"
},
{
"kids":[],
"uid":"ziyoubenfang",
"parent":"",
"text":"",
"mid":"ypdXclEx1",
"date":"2012-06-23 16:26:20"
},
{
"kids":[],
"uid":"2236109077",
"parent":"",
"text":"",
"mid":"ypdXbspFP",
"date":"2012-06-23 16:26:17"
},
{
"kids":[],
"uid":"1772338960",
"parent":"ypdwFm0m2",
"text":"mark一下",
"mid":"ypdX0dKzQ",
"date":"2012-06-23 16:25:52"
},
{
"kids":[],
"uid":"2301627874",
"parent":"",
"text":"",
"mid":"ypdVYr75H",
"date":"2012-06-23 16:23:20"
},
{
"kids":[],
"uid":"1859025520",
"parent":"ypdt4yZ0t",
"text":"@咔咔jerry 哈哈",
"mid":"ypdVSxr7R",
"date":"2012-06-23 16:23:06"
},
{
"kids":[],
"uid":"leejunle",
"parent":"",
"text":"嗯[good]",
"mid":"ypdT9uYnh",
"date":"2012-06-23 16:16:23"
},
{
"kids":[
"yr2vEyjix",
"yqU8ZEcAV",
"ypvW5lk7t"
],
"uid":"2137997380",
"parent":"",
"text":"",
"mid":"ypdS8yXSv",
"date":"2012-06-23 16:13:53"
},
{
"kids":[],
"uid":"2269729832",
"parent":"",
"text":"",
"mid":"ypdS1rUHT",
"date":"2012-06-23 16:13:36"
},
{
"kids":[],
"uid":"2831986850",
"parent":"",
"text":"",
"mid":"ypdRPlB6C",
"date":"2012-06-23 16:13:06"
},
{
"kids":[],
"uid":"1830690290",
"parent":"",
"text":"",
"mid":"ypdR19gg7",
"date":"2012-06-23 16:11:05"
},
{
"kids":[],
"uid":"2208321084",
"parent":"",
"text":"",
"mid":"ypdQX0dpA",
"date":"2012-06-23 16:10:55"
},
{
"kids":[],
"uid":"2079218673",
"parent":"",
"text":"转发微博。",
"mid":"ypdQW7PtH",
"date":"2012-06-23 16:10:55"
},
{
"kids":[],
"uid":"1588262947",
"parent":"",
"text":"",
"mid":"ypdQM4XVZ",
"date":"2012-06-23 16:10:31"
},
{
"kids":[],
"uid":"1933439471",
"parent":"",
"text":"",
"mid":"ypdQM4XPE",
"date":"2012-06-23 16:10:31"
},
{
"kids":[],
"uid":"1995337073",
"parent":"",
"text":"",
"mid":"ypdQu2tQk",
"date":"2012-06-23 16:09:48"
},
{
"kids":[],
"uid":"1602091490",
"parent":"",
"text":"注册表还有这么凶残的能力？",
"mid":"ypdQt9eA0",
"date":"2012-06-23 16:09:44"
},
{
"kids":[],
"uid":"1065442874",
"parent":"",
"text":"",
"mid":"ypdQ1EN0K",
"date":"2012-06-23 16:08:40"
},
{
"kids":[],
"uid":"2518039000",
"parent":"",
"text":"",
"mid":"ypdPVa4Is",
"date":"2012-06-23 16:08:25"
},
{
"kids":[],
"uid":"2494864933",
"parent":"",
"text":"",
"mid":"ypdPQ8DYa",
"date":"2012-06-23 16:08:13"
},
{
"kids":[],
"uid":"1974495353",
"parent":"ypdPiboQ4",
"text":"mark",
"mid":"ypdPPfoOa",
"date":"2012-06-23 16:08:08"
},
{
"kids":[],
"uid":"2103185885",
"parent":"",
"text":"",
"mid":"ypdPwmrTd",
"date":"2012-06-23 16:07:24"
},
{
"kids":[],
"uid":"1918402847",
"parent":"",
"text":"",
"mid":"ypdPmyvY3",
"date":"2012-06-23 16:07:03"
},
{
"kids":[
"yptPZAnoE",
"yphOgyuT5",
"ypgtmtKDM",
"ypdPPfoOa"
],
"uid":"telelive",
"parent":"",
"text":"只需三步，收回误删的文件",
"mid":"ypdPiboQ4",
"date":"2012-06-23 16:06:50"
},
{
"kids":[],
"uid":"gr2149",
"parent":"",
"text":"留着备用，不知道好使不。",
"mid":"ypdOHbv0Y",
"date":"2012-06-23 16:05:24"
},
{
"kids":[],
"uid":"maoyunlong321",
"parent":"",
"text":"",
"mid":"ypdNSFKtR",
"date":"2012-06-23 16:03:24"
},
{
"kids":[],
"uid":"1946500224",
"parent":"",
"text":"",
"mid":"ypdNAljov",
"date":"2012-06-23 16:02:39"
},
{
"kids":[],
"uid":"2624264737",
"parent":"",
"text":"",
"mid":"ypdNwwHI4",
"date":"2012-06-23 16:02:31"
},
{
"kids":[],
"uid":"2091624564",
"parent":"",
"text":"",
"mid":"ypdN8zDFO",
"date":"2012-06-23 16:01:35"
},
{
"kids":[],
"uid":"zlzl2027",
"parent":"ypdsF8SgZ",
"text":"",
"mid":"ypdN7qDQR",
"date":"2012-06-23 16:01:29"
},
{
"kids":[],
"uid":"1906980525",
"parent":"ypdBq0FgV",
"text":"",
"mid":"ypdMTvlC0",
"date":"2012-06-23 16:00:58"
},
{
"kids":[
"ytlW8DCT6",
"ytcgbwe1p"
],
"uid":"2005395847",
"parent":"",
"text":"",
"mid":"ypdMMpP6A",
"date":"2012-06-23 16:00:39"
},
{
"kids":[],
"uid":"2091793427",
"parent":"",
"text":"",
"mid":"ypdLMnhe2",
"date":"2012-06-23 15:58:13"
},
{
"kids":[],
"uid":"1946954015",
"parent":"ypdsMv6s2",
"text":"收藏",
"mid":"ypdLeFIJR",
"date":"2012-06-23 15:56:53"
},
{
"kids":[],
"uid":"2591476843",
"parent":"",
"text":"转发微博。",
"mid":"ypdL2iXYD",
"date":"2012-06-23 15:56:21"
},
{
"kids":[],
"uid":"yaoyao8852166",
"parent":"",
"text":"留着备用",
"mid":"ypdKxyJEB",
"date":"2012-06-23 15:55:10"
},
{
"kids":[],
"uid":"210103171",
"parent":"",
"text":"试试",
"mid":"ypdKe3Zc2",
"date":"2012-06-23 15:54:22"
},
{
"kids":[],
"uid":"2297282437",
"parent":"",
"text":"",
"mid":"ypdKbEMAi",
"date":"2012-06-23 15:54:15"
},
{
"kids":[],
"uid":"2612595927",
"parent":"",
"text":"",
"mid":"ypdK5sxNo",
"date":"2012-06-23 15:54:03"
},
{
"kids":[],
"uid":"2658115604",
"parent":"",
"text":"",
"mid":"ypdIZejBj",
"date":"2012-06-23 15:51:18"
},
{
"kids":[],
"uid":"1946838147",
"parent":"",
"text":"[cai开心]",
"mid":"ypdISp99g",
"date":"2012-06-23 15:51:04"
},
{
"kids":[],
"uid":"2282094044",
"parent":"",
"text":"",
"mid":"ypdIqEBpK",
"date":"2012-06-23 15:49:58"
},
{
"kids":[],
"uid":"bluemouse",
"parent":"",
"text":"[兔子]",
"mid":"ypdI1vqz9",
"date":"2012-06-23 15:48:56"
},
{
"kids":[],
"uid":"yuanmengyi",
"parent":"",
"text":"转发微博。",
"mid":"ypdHPoy7x",
"date":"2012-06-23 15:48:29"
},
{
"kids":[],
"uid":"2287702343",
"parent":"",
"text":"",
"mid":"ypdHlxKDp",
"date":"2012-06-23 15:47:18"
},
{
"kids":[],
"uid":"2081710727",
"parent":"",
"text":"",
"mid":"ypdGXjZCK",
"date":"2012-06-23 15:46:20"
},
{
"kids":[],
"uid":"535941232",
"parent":"",
"text":"",
"mid":"ypdGzmU4I",
"date":"2012-06-23 15:45:23"
},
{
"kids":[],
"uid":"2255428114",
"parent":"",
"text":"收藏~~~~",
"mid":"ypdFYtTp5",
"date":"2012-06-23 15:43:53"
},
{
"kids":[],
"uid":"2700110752",
"parent":"",
"text":"",
"mid":"ypdF8aXLu",
"date":"2012-06-23 15:41:48"
},
{
"kids":[],
"uid":"1648419661",
"parent":"",
"text":"",
"mid":"ypdEVq2h1",
"date":"2012-06-23 15:41:20"
},
{
"kids":[],
"uid":"2804755380",
"parent":"",
"text":"[good]",
"mid":"ypdErjNQ4",
"date":"2012-06-23 15:40:08"
},
{
"kids":[],
"uid":"ismeng111",
"parent":"",
"text":"",
"mid":"ypdE7tDNS",
"date":"2012-06-23 15:39:21"
},
{
"kids":[],
"uid":"1800445023",
"parent":"",
"text":"",
"mid":"ypdDWhZ7Y",
"date":"2012-06-23 15:38:54"
},
{
"kids":[],
"uid":"1626339090",
"parent":"",
"text":"是真的么?@王志誉IT",
"mid":"ypdDMe7tR",
"date":"2012-06-23 15:38:31"
},
{
"kids":[],
"uid":"2481770662",
"parent":"",
"text":"",
"mid":"ypdDKsDxZ",
"date":"2012-06-23 15:38:24"
},
{
"kids":[],
"uid":"2568789923",
"parent":"",
"text":"转发微博。",
"mid":"ypdDJ1Mqv",
"date":"2012-06-23 15:38:22"
},
{
"kids":[],
"uid":"1795748165",
"parent":"",
"text":"",
"mid":"ypdD7tDbI",
"date":"2012-06-23 15:36:53"
},
{
"kids":[],
"uid":"1943844424",
"parent":"",
"text":"实用",
"mid":"ypdD0o6Bf",
"date":"2012-06-23 15:36:36"
},
{
"kids":[],
"uid":"guizhongxun",
"parent":"",
"text":"@KT無憂丶無慮",
"mid":"ypdCZuRiZ",
"date":"2012-06-23 15:36:34"
},
{
"kids":[],
"uid":"2271924361",
"parent":"",
"text":"共享。",
"mid":"ypdCVB5R6",
"date":"2012-06-23 15:36:26"
},
{
"kids":[],
"uid":"1883910705",
"parent":"",
"text":"有用",
"mid":"ypdCNDhHm",
"date":"2012-06-23 15:36:04"
},
{
"kids":[],
"uid":"2453746852",
"parent":"",
"text":"",
"mid":"ypdCKqzcI",
"date":"2012-06-23 15:35:58"
},
{
"kids":[],
"uid":"1879312543",
"parent":"",
"text":"技术帖~~~转！！！！！",
"mid":"ypdCyBdjH",
"date":"2012-06-23 15:35:30"
},
{
"kids":[],
"uid":"1882145260",
"parent":"",
"text":"这是真的不",
"mid":"ypdCl1m4U",
"date":"2012-06-23 15:34:57"
},
{
"kids":[],
"uid":"2434527844",
"parent":"",
"text":"",
"mid":"ypdC6wgWJ",
"date":"2012-06-23 15:34:23"
},
{
"kids":[],
"uid":"mickyying",
"parent":"",
"text":"",
"mid":"ypdBI0LxV",
"date":"2012-06-23 15:33:23"
},
{
"kids":[],
"uid":"1891443253",
"parent":"",
"text":"",
"mid":"ypdBDgWiG",
"date":"2012-06-23 15:33:13"
},
{
"kids":[],
"uid":"ralphzhang",
"parent":"",
"text":"",
"mid":"ypdBq0Flb",
"date":"2012-06-23 15:32:39"
},
{
"kids":[
"ypdMTvlC0"
],
"uid":"2025193300",
"parent":"",
"text":"",
"mid":"ypdBq0FgV",
"date":"2012-06-23 15:32:41"
},
{
"kids":[],
"uid":"hereny",
"parent":"",
"text":"收藏了",
"mid":"ypdBnB0s2",
"date":"2012-06-23 15:32:37"
},
{
"kids":[],
"uid":"529923443",
"parent":"",
"text":"",
"mid":"ypdBm8ywT",
"date":"2012-06-23 15:32:32"
},
{
"kids":[],
"uid":"206725550",
"parent":"",
"text":"收藏了！",
"mid":"ypdAzFpdN",
"date":"2012-06-23 15:30:37"
},
{
"kids":[],
"uid":"1938582963",
"parent":"ypdvIzeSO",
"text":"",
"mid":"ypdAumnfl",
"date":"2012-06-23 15:30:25"
},
{
"kids":[],
"uid":"2179685861",
"parent":"",
"text":"",
"mid":"ypdAj8F3J",
"date":"2012-06-23 15:29:57"
},
{
"kids":[],
"uid":"aaronvk",
"parent":"",
"text":"转发微博。",
"mid":"ypdAf0tH6",
"date":"2012-06-23 15:29:45"
},
{
"kids":[],
"uid":"heiyeyingtao",
"parent":"",
"text":"",
"mid":"ypdzWlpYp",
"date":"2012-06-23 15:29:03"
},
{
"kids":[],
"uid":"1727356993",
"parent":"",
"text":"",
"mid":"ypdzL7Mke",
"date":"2012-06-23 15:28:34"
},
{
"kids":[],
"uid":"2140023695",
"parent":"",
"text":"转发微博。",
"mid":"ypdzmjtKk",
"date":"2012-06-23 15:27:37"
},
{
"kids":[],
"uid":"1937101781",
"parent":"",
"text":"",
"mid":"ypdzjmCBf",
"date":"2012-06-23 15:27:29"
},
{
"kids":[],
"uid":"luoyanxin",
"parent":"",
"text":"转发微博。",
"mid":"ypdz0rKv3",
"date":"2012-06-23 15:26:43"
},
{
"kids":[],
"uid":"1777560135",
"parent":"",
"text":"转发微博。",
"mid":"ypdytDhjl",
"date":"2012-06-23 15:25:27"
},
{
"kids":[],
"uid":"2298754455",
"parent":"",
"text":"",
"mid":"ypdypwGWa",
"date":"2012-06-23 15:25:18"
},
{
"kids":[],
"uid":"like0rice",
"parent":"",
"text":"@__cherrybaby",
"mid":"ypdy3lrdl",
"date":"2012-06-23 15:24:23"
},
{
"kids":[],
"uid":"2030045203",
"parent":"",
"text":"",
"mid":"ypdxXrS5Z",
"date":"2012-06-23 15:24:11"
},
{
"kids":[],
"uid":"williambai28",
"parent":"",
"text":"",
"mid":"ypdxuvxSm",
"date":"2012-06-23 15:23:01"
},
{
"kids":[],
"uid":"1818637071",
"parent":"",
"text":"",
"mid":"ypdxgj5LN",
"date":"2012-06-23 15:22:27"
},
{
"kids":[],
"uid":"2051220643",
"parent":"",
"text":"转发微博。",
"mid":"ypdxegoUq",
"date":"2012-06-23 15:22:22"
},
{
"kids":[],
"uid":"wangjinpei",
"parent":"",
"text":"",
"mid":"ypdxd5yoh",
"date":"2012-06-23 15:22:19"
},
{
"kids":[],
"uid":"2454693653",
"parent":"",
"text":"转发",
"mid":"ypdx8BVxd",
"date":"2012-06-23 15:22:09"
},
{
"kids":[],
"uid":"2035893203",
"parent":"",
"text":"",
"mid":"ypdx0jY0b",
"date":"2012-06-23 15:21:49"
},
{
"kids":[],
"uid":"maomao070106",
"parent":"",
"text":"哦",
"mid":"ypdwV2wBw",
"date":"2012-06-23 15:21:34"
},
{
"kids":[],
"uid":"1135502905",
"parent":"",
"text":"这个实用，哈哈",
"mid":"ypdwOeBzd",
"date":"2012-06-23 15:21:21"
},
{
"kids":[
"ypdX0dKzQ"
],
"uid":"1880306547",
"parent":"",
"text":"",
"mid":"ypdwFm0m2",
"date":"2012-06-23 15:20:59"
},
{
"kids":[
"ypfmIvt4e"
],
"uid":"1669389271",
"parent":"",
"text":"",
"mid":"ypdwqgVOC",
"date":"2012-06-23 15:20:23"
},
{
"kids":[],
"uid":"1898709420",
"parent":"",
"text":"",
"mid":"ypdwhrEML",
"date":"2012-06-23 15:20:00"
},
{
"kids":[],
"uid":"2206299724",
"parent":"",
"text":"删错文件，并且回收站也清空，如何找回！...",
"mid":"ypdvWaP2t",
"date":"2012-06-23 15:19:11"
},
{
"kids":[],
"uid":"2600192300",
"parent":"",
"text":"先收下",
"mid":"ypdvVzrkl",
"date":"2012-06-23 15:19:10"
},
{
"kids":[],
"uid":"virtuousdevil",
"parent":"",
"text":"",
"mid":"ypdvVzb7n",
"date":"2012-06-23 15:19:10"
},
{
"kids":[],
"uid":"234940305",
"parent":"",
"text":"",
"mid":"ypdvSArMq",
"date":"2012-06-23 15:19:04"
},
{
"kids":[],
"uid":"rain1127wing",
"parent":"",
"text":"",
"mid":"ypdvPEvod",
"date":"2012-06-23 15:18:56"
},
{
"kids":[],
"uid":"nameco911",
"parent":"",
"text":"[围观]试试",
"mid":"ypdvMpz5G",
"date":"2012-06-23 15:18:48"
},
{
"kids":[],
"uid":"1707203767",
"parent":"ypdsSbHjT",
"text":"这个功能太变态了···",
"mid":"ypdvJ8pZm",
"date":"2012-06-23 15:18:40"
},
{
"kids":[
"ypdAumnfl"
],
"uid":"2721981732",
"parent":"",
"text":"",
"mid":"ypdvIzeSO",
"date":"2012-06-23 15:18:39"
},
{
"kids":[],
"uid":"fifaking777",
"parent":"",
"text":"",
"mid":"ypdvH5cWD",
"date":"2012-06-23 15:18:35"
},
{
"kids":[],
"uid":"1575286603",
"parent":"",
"text":"",
"mid":"ypdvBsar0",
"date":"2012-06-23 15:18:20"
},
{
"kids":[],
"uid":"2616742343",
"parent":"",
"text":"",
"mid":"ypdvxlhk3",
"date":"2012-06-23 15:18:10"
},
{
"kids":[],
"uid":"2651710852",
"parent":"",
"text":"",
"mid":"ypdvx3Vvd",
"date":"2012-06-23 15:18:09"
},
{
"kids":[],
"uid":"1643908644",
"parent":"",
"text":"",
"mid":"ypdvtd5Jm",
"date":"2012-06-23 15:18:02"
},
{
"kids":[],
"uid":"1738690080",
"parent":"",
"text":"转发微博。",
"mid":"ypdvrpmWl",
"date":"2012-06-23 15:17:58"
},
{
"kids":[],
"uid":"1736969503",
"parent":"",
"text":"",
"mid":"ypdvobFcz",
"date":"2012-06-23 15:17:50"
},
{
"kids":[],
"uid":"1822052984",
"parent":"",
"text":"",
"mid":"ypdvhp5x9",
"date":"2012-06-23 15:17:34"
},
{
"kids":[],
"uid":"2425401557",
"parent":"",
"text":"",
"mid":"ypdvfkZLN",
"date":"2012-06-23 15:17:29"
},
{
"kids":[],
"uid":"2371127673",
"parent":"",
"text":"@那些年我们一起追的大舒",
"mid":"ypdvfjEBl",
"date":"2012-06-23 15:17:28"
},
{
"kids":[],
"uid":"1344466332",
"parent":"",
"text":"真的咩？？",
"mid":"ypdv96fnj",
"date":"2012-06-23 15:17:12"
},
{
"kids":[],
"uid":"1768222114",
"parent":"",
"text":"",
"mid":"ypduT9QLR",
"date":"2012-06-23 15:16:35"
},
{
"kids":[],
"uid":"2465006977",
"parent":"",
"text":"",
"mid":"ypduQvrFi",
"date":"2012-06-23 15:16:28"
},
{
"kids":[],
"uid":"dwhothat",
"parent":"",
"text":"",
"mid":"ypduK1yYh",
"date":"2012-06-23 15:16:14"
},
{
"kids":[],
"uid":"2093034477",
"parent":"",
"text":"",
"mid":"ypduJpV9n",
"date":"2012-06-23 15:16:11"
},
{
"kids":[],
"uid":"336563535",
"parent":"",
"text":"先转了",
"mid":"ypduItv32",
"date":"2012-06-23 15:16:11"
},
{
"kids":[],
"uid":"1803500821",
"parent":"",
"text":"",
"mid":"ypduHC6zq",
"date":"2012-06-23 15:16:08"
},
{
"kids":[],
"uid":"2807030172",
"parent":"",
"text":"试试",
"mid":"ypduFgpny",
"date":"2012-06-23 15:16:02"
},
{
"kids":[],
"uid":"2209799100",
"parent":"",
"text":"",
"mid":"ypduCBZRh",
"date":"2012-06-23 15:15:57"
},
{
"kids":[],
"uid":"2402114582",
"parent":"",
"text":"",
"mid":"ypduC1thv",
"date":"2012-06-23 15:15:55"
},
{
"kids":[],
"uid":"1097466582",
"parent":"",
"text":"",
"mid":"ypduycd0z",
"date":"2012-06-23 15:15:46"
},
{
"kids":[],
"uid":"1831174753",
"parent":"",
"text":"",
"mid":"ypduy96io",
"date":"2012-06-23 15:15:47"
},
{
"kids":[],
"uid":"2191307054",
"parent":"",
"text":"转发微博。",
"mid":"ypdupkc8m",
"date":"2012-06-23 15:15:25"
},
{
"kids":[],
"uid":"xibeile",
"parent":"",
"text":"",
"mid":"ypdultBYr",
"date":"2012-06-23 15:15:14"
},
{
"kids":[],
"uid":"1289542932",
"parent":"",
"text":"",
"mid":"ypduddeMc",
"date":"2012-06-23 15:14:56"
},
{
"kids":[],
"uid":"1840316144",
"parent":"",
"text":"",
"mid":"ypdubqKmG",
"date":"2012-06-23 15:14:52"
},
{
"kids":[
"zp5jJgoIP",
"zp5jIEL0k",
"zoUIE4sfO",
"zoUIE3eJM"
],
"uid":"2167431643",
"parent":"",
"text":"",
"mid":"ypdu4iiFi",
"date":"2012-06-23 15:14:36"
},
{
"kids":[],
"uid":"1151769927",
"parent":"",
"text":"转发微博。",
"mid":"ypdu43CzT",
"date":"2012-06-23 15:14:34"
},
{
"kids":[],
"uid":"1930201091",
"parent":"",
"text":"",
"mid":"ypdu3rYEj",
"date":"2012-06-23 15:14:31"
},
{
"kids":[],
"uid":"1745260704",
"parent":"",
"text":"",
"mid":"ypdu2xqFa",
"date":"2012-06-23 15:14:31"
},
{
"kids":[],
"uid":"1751848795",
"parent":"",
"text":"~~~",
"mid":"ypdu0sBaU",
"date":"2012-06-23 15:14:26"
},
{
"kids":[],
"uid":"yiqwert",
"parent":"",
"text":"",
"mid":"ypdtT7vSS",
"date":"2012-06-23 15:14:06"
},
{
"kids":[],
"uid":"1935633005",
"parent":"",
"text":"",
"mid":"ypdtSegHe",
"date":"2012-06-23 15:14:06"
},
{
"kids":[],
"uid":"chenyudeweibo",
"parent":"",
"text":"有用[睡觉]",
"mid":"ypdtQpNza",
"date":"2012-06-23 15:14:02"
},
{
"kids":[],
"uid":"2211929370",
"parent":"",
"text":"",
"mid":"ypdtPywZm",
"date":"2012-06-23 15:14:00"
},
{
"kids":[],
"uid":"2517059373",
"parent":"",
"text":"觉得有用的就转了吧！",
"mid":"ypdtMBbZb",
"date":"2012-06-23 15:13:51"
},
{
"kids":[],
"uid":"peiruo117",
"parent":"",
"text":"转发微博。",
"mid":"ypdtEjwRw",
"date":"2012-06-23 15:13:33"
},
{
"kids":[],
"uid":"1929338037",
"parent":"",
"text":"",
"mid":"ypdtyq92l",
"date":"2012-06-23 15:13:20"
},
{
"kids":[],
"uid":"hanhanboy",
"parent":"",
"text":"",
"mid":"ypdtv8v7L",
"date":"2012-06-23 15:13:09"
},
{
"kids":[],
"uid":"zhxd0812",
"parent":"",
"text":"",
"mid":"ypdtuwRpT",
"date":"2012-06-23 15:13:11"
},
{
"kids":[],
"uid":"1988367601",
"parent":"",
"text":"",
"mid":"ypdtsvt6O",
"date":"2012-06-23 15:13:03"
},
{
"kids":[],
"uid":"2030900911",
"parent":"",
"text":"",
"mid":"ypdtrC2gn",
"date":"2012-06-23 15:13:03"
},
{
"kids":[],
"uid":"1906510113",
"parent":"",
"text":"",
"mid":"ypdtpgwE6",
"date":"2012-06-23 15:12:57"
},
{
"kids":[],
"uid":"1432723897",
"parent":"",
"text":"转发微博。",
"mid":"ypdtmAN87",
"date":"2012-06-23 15:12:50"
},
{
"kids":[],
"uid":"2588647514",
"parent":"",
"text":"",
"mid":"ypdthzbeX",
"date":"2012-06-23 15:12:39"
},
{
"kids":[],
"uid":"2496456523",
"parent":"",
"text":"",
"mid":"ypdthhKZ6",
"date":"2012-06-23 15:12:36"
},
{
"kids":[],
"uid":"1912297517",
"parent":"",
"text":"",
"mid":"ypdtg6JjP",
"date":"2012-06-23 15:12:33"
},
{
"kids":[
"ypdVSxr7R"
],
"uid":"1046128563",
"parent":"",
"text":"",
"mid":"ypdt4yZ0t",
"date":"2012-06-23 15:12:08"
},
{
"kids":[],
"uid":"2318298863",
"parent":"",
"text":"转发微博。",
"mid":"ypdt413pF",
"date":"2012-06-23 15:12:04"
},
{
"kids":[],
"uid":"haohaodj",
"parent":"",
"text":"",
"mid":"ypdt2waeN",
"date":"2012-06-23 15:12:01"
},
{
"kids":[],
"uid":"2351867003",
"parent":"",
"text":"",
"mid":"ypdsXtsDR",
"date":"2012-06-23 15:11:50"
},
{
"kids":[],
"uid":"xiaobentou22",
"parent":"",
"text":"",
"mid":"ypdsVFvWf",
"date":"2012-06-23 15:11:47"
},
{
"kids":[],
"uid":"2468447592",
"parent":"",
"text":"[呵呵]",
"mid":"ypdsSs26M",
"date":"2012-06-23 15:11:39"
},
{
"kids":[
"ypdvJ8pZm"
],
"uid":"831486222",
"parent":"",
"text":"",
"mid":"ypdsSbHjT",
"date":"2012-06-23 15:11:38"
},
{
"kids":[],
"uid":"512336335",
"parent":"",
"text":"转发微博。",
"mid":"ypdsSbHi8",
"date":"2012-06-23 15:11:38"
},
{
"kids":[],
"uid":"38dianwu",
"parent":"",
"text":"",
"mid":"ypdsR0QIj",
"date":"2012-06-23 15:11:35"
},
{
"kids":[],
"uid":"1870446394",
"parent":"",
"text":"",
"mid":"ypdsNrS0Q",
"date":"2012-06-23 15:11:27"
},
{
"kids":[
"ypef7rhWw",
"ypdLeFIJR"
],
"uid":"1472636517",
"parent":"",
"text":"这个厉害",
"mid":"ypdsMv6s2",
"date":"2012-06-23 15:11:24"
},
{
"kids":[],
"uid":"1698717292",
"parent":"",
"text":"",
"mid":"ypdsIExJB",
"date":"2012-06-23 15:11:15"
},
{
"kids":[],
"uid":"2486774837",
"parent":"",
"text":"",
"mid":"ypdsI5lol",
"date":"2012-06-23 15:11:12"
},
{
"kids":[
"ypdN7qDQR"
],
"uid":"1405042721",
"parent":"",
"text":"转发微博。",
"mid":"ypdsF8SgZ",
"date":"2012-06-23 15:11:08"
},
{
"kids":[],
"uid":"gxm523",
"parent":"",
"text":"转发微博。",
"mid":"ypdsEzQYU",
"date":"2012-06-23 15:11:06"
},
{
"kids":[],
"uid":"2257844737",
"parent":"",
"text":"转发微博。",
"mid":"ypdsEifwv",
"date":"2012-06-23 15:11:03"
}
]