[
{
"kids":[],
"uid":"2493096952",
"parent":"zamZRzY8b",
"text":"",
"mid":"zarZYF1qM",
"date":"2012-12-19 11:21:23"
},
{
"kids":[
"zarZYF1qM"
],
"uid":"2920261690",
"parent":"yABGVyZQ7",
"text":"",
"mid":"zamZRzY8b",
"date":"2012-12-18 22:37:23"
},
{
"kids":[],
"uid":"1727615975",
"parent":"yABGVyZQ7",
"text":"",
"mid":"zamZRimWr",
"date":"2012-12-18 22:37:23"
},
{
"kids":[],
"uid":"2789671792",
"parent":"yABGVyZQ7",
"text":"",
"mid":"zaeJIjQ3d",
"date":"2012-12-18 01:35:37"
},
{
"kids":[],
"uid":"1583737435",
"parent":"yABGVyZQ7",
"text":"",
"mid":"za5wIBicT",
"date":"2012-12-17 02:08:53"
},
{
"kids":[],
"uid":"2808142460",
"parent":"yABGVyZQ7",
"text":"",
"mid":"za5wIBibE",
"date":"2012-12-17 02:08:53"
},
{
"kids":[],
"uid":"1781167527",
"parent":"yAFfCCUdI",
"text":"",
"mid":"z9Jx9tYIv",
"date":"2012-12-14 18:09:30"
},
{
"kids":[],
"uid":"2919581742",
"parent":"yABGVyZQ7",
"text":"",
"mid":"z9lIEhOYI",
"date":"2012-12-12 05:31:54"
},
{
"kids":[],
"uid":"2919776740",
"parent":"yABGVyZQ7",
"text":"",
"mid":"z9i4YaBtm",
"date":"2012-12-11 20:15:53"
},
{
"kids":[],
"uid":"2809672542",
"parent":"yABGVyZQ7",
"text":"",
"mid":"z9i4Y9sXW",
"date":"2012-12-11 20:15:54"
},
{
"kids":[],
"uid":"2789826924",
"parent":"yABGVyZQ7",
"text":"",
"mid":"z99sbzqGK",
"date":"2012-12-10 22:18:21"
},
{
"kids":[],
"uid":"2920553412",
"parent":"yABGVyZQ7",
"text":"",
"mid":"z99sb0ecL",
"date":"2012-12-10 22:18:22"
},
{
"kids":[],
"uid":"1778304975",
"parent":"yABGVyZQ7",
"text":"",
"mid":"z8WrFfiTH",
"date":"2012-12-09 13:11:24"
},
{
"kids":[],
"uid":"2919612992",
"parent":"",
"text":"",
"mid":"z8t4c7dDl",
"date":"2012-12-06 10:23:55"
},
{
"kids":[],
"uid":"1582861652",
"parent":"",
"text":"",
"mid":"z8t4c5T6R",
"date":"2012-12-06 10:23:54"
},
{
"kids":[],
"uid":"2804085184",
"parent":"yABGVyZQ7",
"text":"",
"mid":"z8c6Bxc3k",
"date":"2012-12-04 15:13:08"
},
{
"kids":[],
"uid":"2808908722",
"parent":"yABGVyZQ7",
"text":"",
"mid":"z8c6BwvNy",
"date":"2012-12-04 15:13:10"
},
{
"kids":[],
"uid":"2919640440",
"parent":"yABGVyZQ7",
"text":"",
"mid":"z80v8CYzD",
"date":"2012-12-03 09:40:38"
},
{
"kids":[],
"uid":"2803673750",
"parent":"yABGVyZQ7",
"text":"",
"mid":"z7fcsCuPa",
"date":"2012-11-28 09:15:31"
},
{
"kids":[],
"uid":"2920301714",
"parent":"yABGVyZQ7",
"text":"",
"mid":"z7fcskTzY",
"date":"2012-11-28 09:15:30"
},
{
"kids":[],
"uid":"2920108632",
"parent":"yABGVyZQ7",
"text":"",
"mid":"z7b87exnn",
"date":"2012-11-27 22:53:48"
},
{
"kids":[],
"uid":"2920154230",
"parent":"yABGVyZQ7",
"text":"",
"mid":"z7b87dkXg",
"date":"2012-11-27 22:53:46"
},
{
"kids":[],
"uid":"2920412472",
"parent":"yABYd0hK3",
"text":"",
"mid":"z5J77r9Nr",
"date":"2012-11-18 09:44:09"
},
{
"kids":[],
"uid":"2919819904",
"parent":"yABYd0hK3",
"text":"",
"mid":"z5J77qLDo",
"date":"2012-11-18 09:44:09"
},
{
"kids":[],
"uid":"2808671730",
"parent":"yABYd0hK3",
"text":"",
"mid":"z5BDvrnn4",
"date":"2012-11-17 14:41:59"
},
{
"kids":[],
"uid":"1582772204",
"parent":"yABYd0hK3",
"text":"",
"mid":"z5BDvrnlz",
"date":"2012-11-17 14:41:57"
},
{
"kids":[],
"uid":"2920140430",
"parent":"yABYd0hK3",
"text":"",
"mid":"z44umnzkR",
"date":"2012-11-07 12:28:29"
},
{
"kids":[],
"uid":"1722508193",
"parent":"yABYd0hK3",
"text":"",
"mid":"z44umnzj8",
"date":"2012-11-07 12:28:28"
},
{
"kids":[],
"uid":"2803193452",
"parent":"yABYd0hK3",
"text":"",
"mid":"z3Wn51snf",
"date":"2012-11-06 15:48:33"
},
{
"kids":[],
"uid":"2919480504",
"parent":"yABYd0hK3",
"text":"",
"mid":"z3EeSDSQS",
"date":"2012-11-04 17:38:57"
},
{
"kids":[],
"uid":"2804341830",
"parent":"yABYd0hK3",
"text":"",
"mid":"z3EeSmhHg",
"date":"2012-11-04 17:38:54"
},
{
"kids":[],
"uid":"2919886342",
"parent":"yABYd0hK3",
"text":"",
"mid":"z3vDbsbPk",
"date":"2012-11-03 19:44:06"
},
{
"kids":[],
"uid":"2790025314",
"parent":"yABYd0hK3",
"text":"",
"mid":"z35acAqZG",
"date":"2012-11-01 00:21:17"
},
{
"kids":[],
"uid":"2919617714",
"parent":"yABYd0hK3",
"text":"",
"mid":"z35aczgzA",
"date":"2012-11-01 00:21:14"
},
{
"kids":[],
"uid":"2789850854",
"parent":"yABYd0hK3",
"text":"",
"mid":"z2WS6r7D4",
"date":"2012-10-31 03:14:43"
},
{
"kids":[],
"uid":"2805015452",
"parent":"yABYd0hK3",
"text":"",
"mid":"z2JyNySOI",
"date":"2012-10-29 17:21:25"
},
{
"kids":[],
"uid":"2920201564",
"parent":"yABYd0hK3",
"text":"",
"mid":"z2JyNySNM",
"date":"2012-10-29 17:21:25"
},
{
"kids":[],
"uid":"2810058222",
"parent":"yABYd0hK3",
"text":"",
"mid":"z2CDcdEd8",
"date":"2012-10-28 23:43:04"
},
{
"kids":[],
"uid":"2810130514",
"parent":"yABYd0hK3",
"text":"",
"mid":"z2dhve26N",
"date":"2012-10-26 07:10:55"
},
{
"kids":[],
"uid":"1583518450",
"parent":"yABYd0hK3",
"text":"",
"mid":"z2dhve26n",
"date":"2012-10-26 07:10:55"
},
{
"kids":[],
"uid":"1776568370",
"parent":"yABYd0hK3",
"text":"",
"mid":"z26ZI64in",
"date":"2012-10-25 15:10:37"
},
{
"kids":[],
"uid":"2789787970",
"parent":"yABYd0hK3",
"text":"",
"mid":"z26ZI64h8",
"date":"2012-10-25 15:10:37"
},
{
"kids":[],
"uid":"2804649330",
"parent":"yABYd0hK3",
"text":"",
"mid":"z1JHxgRMP",
"date":"2012-10-23 03:52:40"
},
{
"kids":[],
"uid":"2804408782",
"parent":"yABYd0hK3",
"text":"",
"mid":"z1JHwFe3d",
"date":"2012-10-23 03:52:38"
},
{
"kids":[],
"uid":"2789900662",
"parent":"yABYd0hK3",
"text":"",
"mid":"z1C5cg8mF",
"date":"2012-10-22 08:28:59"
},
{
"kids":[],
"uid":"2919424242",
"parent":"yABYd0hK3",
"text":"",
"mid":"z1C5ce9ag",
"date":"2012-10-22 08:28:59"
},
{
"kids":[],
"uid":"2532938052",
"parent":"yACpGwEER",
"text":"",
"mid":"z1fRK4yjM",
"date":"2012-10-19 23:55:24"
},
{
"kids":[],
"uid":"2808314104",
"parent":"yABGVyZQ7",
"text":"",
"mid":"z04dPk9Yf",
"date":"2012-10-12 04:26:33"
},
{
"kids":[],
"uid":"2789740160",
"parent":"yABGVyZQ7",
"text":"",
"mid":"yFU9Bzd92",
"date":"2012-10-11 09:17:08"
},
{
"kids":[],
"uid":"2508712060",
"parent":"",
"text":"",
"mid":"yFdZuAzgh",
"date":"2012-10-06 21:56:50"
},
{
"kids":[],
"uid":"2987855442",
"parent":"",
"text":"@可児有一颗大叔心 @O丽君 @徐思琪Pisces-47 @王苏瑶_Lv @wwr才不是面什么的 @A_estheticism @BoySmell @插入你的菊花我的屌 @腐女直播间 @钙片攻厂 @钙片那点事 @环球音乐榜 @拿AK47的妞 @夏重 @终极猥琐教主 @基友集中营",
"mid":"yFdNr0RcO",
"date":"2012-10-06 21:27:06"
},
{
"kids":[],
"uid":"2919632374",
"parent":"yABGVyZQ7",
"text":"",
"mid":"yF64sEoow",
"date":"2012-10-06 01:47:08"
},
{
"kids":[],
"uid":"2920292960",
"parent":"yABGVyZQ7",
"text":"",
"mid":"yF64sDpkq",
"date":"2012-10-06 01:47:08"
},
{
"kids":[],
"uid":"2920344292",
"parent":"yABGVyZQ7",
"text":"",
"mid":"yEWXVklj6",
"date":"2012-10-05 02:36:18"
},
{
"kids":[],
"uid":"2920272400",
"parent":"yABGVyZQ7",
"text":"",
"mid":"yEWXVj5v4",
"date":"2012-10-05 02:36:18"
},
{
"kids":[],
"uid":"2919650342",
"parent":"yABGVyZQ7",
"text":"",
"mid":"yEcN11Dmg",
"date":"2012-09-30 05:03:03"
},
{
"kids":[],
"uid":"2789819962",
"parent":"yABGVyZQ7",
"text":"",
"mid":"yEcN0pZF6",
"date":"2012-09-30 05:03:03"
},
{
"kids":[],
"uid":"2804296650",
"parent":"yABGVyZQ7",
"text":"",
"mid":"yE6wXtn0h",
"date":"2012-09-29 13:07:02"
},
{
"kids":[],
"uid":"2920567462",
"parent":"yABGVyZQ7",
"text":"",
"mid":"yE6wXtmU9",
"date":"2012-09-29 13:07:00"
},
{
"kids":[],
"uid":"2727037883",
"parent":"",
"text":"转了",
"mid":"yCRg8uSI9",
"date":"2012-09-21 08:24:04"
},
{
"kids":[],
"uid":"1588565920",
"parent":"yABgvEVJp",
"text":"",
"mid":"yClVzc6cY",
"date":"2012-09-18 00:38:15"
},
{
"kids":[],
"uid":"2919850892",
"parent":"yACs0azpc",
"text":"",
"mid":"yClPikuTT",
"date":"2012-09-18 00:22:49"
},
{
"kids":[],
"uid":"2789913494",
"parent":"yABo0csr0",
"text":"",
"mid":"yCl8YlVkd",
"date":"2012-09-17 22:38:29"
},
{
"kids":[],
"uid":"2919720242",
"parent":"yAC0zgOvC",
"text":"",
"mid":"yCjQepplQ",
"date":"2012-09-17 19:19:36"
},
{
"kids":[],
"uid":"1777533772",
"parent":"",
"text":"",
"mid":"yCcTi31Vx",
"date":"2012-09-17 01:37:55"
},
{
"kids":[],
"uid":"2804705530",
"parent":"yAtkG5fRb",
"text":"",
"mid":"yC8yDpEkf",
"date":"2012-09-16 14:36:01"
},
{
"kids":[],
"uid":"2646539430",
"parent":"",
"text":"",
"mid":"yC7rMrH8W",
"date":"2012-09-16 11:46:24"
},
{
"kids":[],
"uid":"2136982147",
"parent":"",
"text":"",
"mid":"yC6OQgr2E",
"date":"2012-09-16 10:10:29"
},
{
"kids":[],
"uid":"1582898517",
"parent":"yAKVgBKFE",
"text":"",
"mid":"yC2suvhyG",
"date":"2012-09-15 23:04:23"
},
{
"kids":[],
"uid":"2804858212",
"parent":"yAtkG5fRb",
"text":"",
"mid":"yBYZmAewa",
"date":"2012-09-15 14:14:24"
},
{
"kids":[],
"uid":"1583678360",
"parent":"yBIxUeI7U",
"text":"",
"mid":"yBSXSkOPs",
"date":"2012-09-14 22:54:16"
},
{
"kids":[],
"uid":"1582898582",
"parent":"yAKVgBKFE",
"text":"",
"mid":"yBSGH5OoU",
"date":"2012-09-14 22:11:54"
},
{
"kids":[],
"uid":"1978698295",
"parent":"",
"text":"@马伊琍 拜托帮忙转",
"mid":"yBKFp7eOR",
"date":"2012-09-14 01:46:47"
},
{
"kids":[],
"uid":"2919952340",
"parent":"",
"text":"",
"mid":"yBKjXqwFP",
"date":"2012-09-14 00:53:55"
},
{
"kids":[
"yBSXSkOPs"
],
"uid":"2191574520",
"parent":"",
"text":"",
"mid":"yBIxUeI7U",
"date":"2012-09-13 20:22:49"
},
{
"kids":[],
"uid":"1581796087",
"parent":"yACbD7vxY",
"text":"",
"mid":"yBGq67yIX",
"date":"2012-09-13 14:58:04"
},
{
"kids":[],
"uid":"2920243150",
"parent":"yABAZ6chz",
"text":"",
"mid":"yBAkkfsdp",
"date":"2012-09-12 23:27:23"
},
{
"kids":[],
"uid":"2920071050",
"parent":"",
"text":"",
"mid":"yBdzyvA1h",
"date":"2012-09-10 13:31:45"
},
{
"kids":[],
"uid":"2728965111",
"parent":"",
"text":"[泪][泪][泪]天杀的人贩子",
"mid":"yB83NkCAT",
"date":"2012-09-09 23:29:46"
},
{
"kids":[],
"uid":"2272632572",
"parent":"",
"text":"转!",
"mid":"yB7AFBoBR",
"date":"2012-09-09 22:18:01"
},
{
"kids":[],
"uid":"2065404641",
"parent":"",
"text":"",
"mid":"yB5zsaDeG",
"date":"2012-09-09 17:09:31"
},
{
"kids":[],
"uid":"2789795254",
"parent":"",
"text":"",
"mid":"yB5nBgKl2",
"date":"2012-09-09 16:40:17"
},
{
"kids":[],
"uid":"2920030792",
"parent":"",
"text":"",
"mid":"yB57lm1fm",
"date":"2012-09-09 16:00:16"
},
{
"kids":[],
"uid":"2206314844",
"parent":"yB2Jxu4gY",
"text":"[心][心][心]",
"mid":"yB2N7psWI",
"date":"2012-09-09 10:04:57"
},
{
"kids":[
"yB2N7psWI"
],
"uid":"2426648724",
"parent":"",
"text":"[心][握手]",
"mid":"yB2Jxu4gY",
"date":"2012-09-09 09:56:08"
},
{
"kids":[],
"uid":"2920572960",
"parent":"",
"text":"",
"mid":"yB0losRr5",
"date":"2012-09-09 03:51:09"
},
{
"kids":[],
"uid":"2919837630",
"parent":"yACs0azpc",
"text":"",
"mid":"yAZVI4K4f",
"date":"2012-09-09 02:47:52"
},
{
"kids":[],
"uid":"2919733520",
"parent":"",
"text":"",
"mid":"yAZMj4VUy",
"date":"2012-09-09 02:24:42"
},
{
"kids":[],
"uid":"2919762042",
"parent":"yAC0zgOvC",
"text":"",
"mid":"yAZMb6cAK",
"date":"2012-09-09 02:24:23"
},
{
"kids":[],
"uid":"2804868132",
"parent":"yABSvBKgi",
"text":"",
"mid":"yAYVLwYL9",
"date":"2012-09-09 00:15:13"
},
{
"kids":[],
"uid":"2106251853",
"parent":"yADRliJyJ",
"text":"W",
"mid":"yASYMuTZ1",
"date":"2012-09-08 09:06:13"
},
{
"kids":[],
"uid":"1583394815",
"parent":"yABQz4nf7",
"text":"",
"mid":"yAQ0f6Frm",
"date":"2012-09-08 01:31:34"
},
{
"kids":[],
"uid":"2919265110",
"parent":"yABgIkwkP",
"text":"",
"mid":"yAPXoous5",
"date":"2012-09-08 01:24:33"
},
{
"kids":[],
"uid":"1778207800",
"parent":"yABgvEVJp",
"text":"",
"mid":"yAPQOCnQ1",
"date":"2012-09-08 01:08:20"
},
{
"kids":[],
"uid":"2919878750",
"parent":"yACs0azpc",
"text":"",
"mid":"yAPOGf0Lz",
"date":"2012-09-08 01:03:04"
},
{
"kids":[],
"uid":"1727852133",
"parent":"",
"text":"",
"mid":"yAPDPnUDt",
"date":"2012-09-08 00:36:22"
},
{
"kids":[],
"uid":"1776522532",
"parent":"yAAXax7VK",
"text":"",
"mid":"yAPB4ALcJ",
"date":"2012-09-08 00:29:30"
},
{
"kids":[],
"uid":"2789956072",
"parent":"yABo0csr0",
"text":"",
"mid":"yAPpBDv69",
"date":"2012-09-08 00:01:19"
},
{
"kids":[],
"uid":"1116261584",
"parent":"",
"text":"",
"mid":"yAPmdfa72",
"date":"2012-09-07 23:52:55"
},
{
"kids":[],
"uid":"2920571720",
"parent":"",
"text":"",
"mid":"yAPjNsc05",
"date":"2012-09-07 23:47:01"
},
{
"kids":[],
"uid":"2804868164",
"parent":"yABSvBKgi",
"text":"",
"mid":"yAP0CnCdp",
"date":"2012-09-07 22:59:42"
},
{
"kids":[],
"uid":"2789893740",
"parent":"",
"text":"",
"mid":"yAOTAy9dL",
"date":"2012-09-07 22:42:24"
},
{
"kids":[],
"uid":"2629311613",
"parent":"yAAgeb4Pa",
"text":"",
"mid":"yAOThly57",
"date":"2012-09-07 22:41:41"
},
{
"kids":[],
"uid":"2737457184",
"parent":"yACWnzQvI",
"text":"",
"mid":"yAOzF4VkE",
"date":"2012-09-07 21:53:20"
},
{
"kids":[],
"uid":"2789921622",
"parent":"yABuQu9a1",
"text":"",
"mid":"yAOrdaSuL",
"date":"2012-09-07 21:32:28"
},
{
"kids":[],
"uid":"2540505305",
"parent":"",
"text":"",
"mid":"yAO9eyc96",
"date":"2012-09-07 20:48:13"
},
{
"kids":[],
"uid":"1766822984",
"parent":"",
"text":"快转",
"mid":"yAO0IevN3",
"date":"2012-09-07 20:27:14"
},
{
"kids":[],
"uid":"2023576093",
"parent":"",
"text":"转发微博。",
"mid":"yANzYxNSA",
"date":"2012-09-07 19:21:21"
},
{
"kids":[],
"uid":"2919720334",
"parent":"",
"text":"",
"mid":"yANwpcp0E",
"date":"2012-09-07 19:12:33"
},
{
"kids":[],
"uid":"2919720234",
"parent":"yAC0zgOvC",
"text":"",
"mid":"yANwhwkET",
"date":"2012-09-07 19:12:17"
},
{
"kids":[],
"uid":"gh1234",
"parent":"",
"text":"",
"mid":"yAMSQB22j",
"date":"2012-09-07 17:35:05"
},
{
"kids":[],
"uid":"2756380887",
"parent":"",
"text":"转发博文",
"mid":"yAMKCi9XR",
"date":"2012-09-07 17:14:51"
},
{
"kids":[],
"uid":"2788659685",
"parent":"yACE15nYt",
"text":"又是可恶的人贩子。",
"mid":"yAMogqTFy",
"date":"2012-09-07 16:19:46"
},
{
"kids":[],
"uid":"1651551360",
"parent":"yAAgeb4Pa",
"text":"@邓宁",
"mid":"yALNGylgG",
"date":"2012-09-07 14:49:39"
},
{
"kids":[],
"uid":"1776795827",
"parent":"yABeJpNz6",
"text":"",
"mid":"yALnk8UEC",
"date":"2012-09-07 13:44:41"
},
{
"kids":[],
"uid":"2457918792",
"parent":"",
"text":"",
"mid":"yAL84yQCu",
"date":"2012-09-07 13:07:08"
},
{
"kids":[
"yC2suvhyG",
"yBSGH5OoU"
],
"uid":"2132238573",
"parent":"",
"text":"",
"mid":"yAKVgBKFE",
"date":"2012-09-07 12:35:35"
},
{
"kids":[],
"uid":"xyqqisme",
"parent":"yAEQY46dj",
"text":"",
"mid":"yAKp5q0Nl",
"date":"2012-09-07 11:16:18"
},
{
"kids":[],
"uid":"2681466837",
"parent":"yAE6wapf3",
"text":"转发",
"mid":"yAKiTjkBL",
"date":"2012-09-07 11:01:02"
},
{
"kids":[],
"uid":"2538405362",
"parent":"",
"text":"",
"mid":"yAKgEaH5T",
"date":"2012-09-07 10:55:29"
},
{
"kids":[],
"uid":"2878895181",
"parent":"",
"text":"转发",
"mid":"yAJKkoFiT",
"date":"2012-09-07 09:35:52"
},
{
"kids":[],
"uid":"2484423103",
"parent":"yAE6wapf3",
"text":"帮帮忙啊",
"mid":"yAJnLwoV0",
"date":"2012-09-07 08:40:18"
},
{
"kids":[],
"uid":"2379316575",
"parent":"",
"text":"",
"mid":"yAJnklYQB",
"date":"2012-09-07 08:39:13"
},
{
"kids":[],
"uid":"1405903074",
"parent":"",
"text":"",
"mid":"yAJlAeBpj",
"date":"2012-09-07 08:34:54"
},
{
"kids":[],
"uid":"2495902925",
"parent":"",
"text":"",
"mid":"yAJdRwjFd",
"date":"2012-09-07 08:15:54"
},
{
"kids":[],
"uid":"1583395077",
"parent":"yABQz4nf7",
"text":"",
"mid":"yAH3zqEty",
"date":"2012-09-07 02:45:03"
},
{
"kids":[],
"uid":"1298360831",
"parent":"yABgvEVJp",
"text":"",
"mid":"yAGS6bD15",
"date":"2012-09-07 02:16:46"
},
{
"kids":[],
"uid":"1776564294",
"parent":"yABPsugDE",
"text":"",
"mid":"yAGNs5Ruf",
"date":"2012-09-07 02:05:20"
},
{
"kids":[],
"uid":"1776533850",
"parent":"",
"text":"",
"mid":"yAGyKdGHw",
"date":"2012-09-07 01:29:06"
},
{
"kids":[],
"uid":"1776599784",
"parent":"yAAXax7VK",
"text":"",
"mid":"yAGwnD5Sh",
"date":"2012-09-07 01:23:17"
},
{
"kids":[],
"uid":"2919879972",
"parent":"yABMh7Z3W",
"text":"",
"mid":"yAGvPmsd9",
"date":"2012-09-07 01:21:54"
},
{
"kids":[],
"uid":"2919751670",
"parent":"",
"text":"",
"mid":"yAGlwdTJj",
"date":"2012-09-07 00:56:29"
},
{
"kids":[],
"uid":"2429750655",
"parent":"",
"text":"",
"mid":"yAFRiuqha",
"date":"2012-09-06 23:42:04"
},
{
"kids":[],
"uid":"2287708557",
"parent":"",
"text":"",
"mid":"yAFlNAT5r",
"date":"2012-09-06 22:24:25"
},
{
"kids":[
"z9Jx9tYIv"
],
"uid":"2457814161",
"parent":"yAvZthtKQ",
"text":"",
"mid":"yAFfCCUdI",
"date":"2012-09-06 22:09:15"
},
{
"kids":[],
"uid":"2298371892",
"parent":"",
"text":"",
"mid":"yAEXl8ltz",
"date":"2012-09-06 21:24:13"
},
{
"kids":[
"yAKp5q0Nl"
],
"uid":"2739534512",
"parent":"",
"text":"",
"mid":"yAEQY46dj",
"date":"2012-09-06 21:08:27"
},
{
"kids":[],
"uid":"1870229334",
"parent":"",
"text":"",
"mid":"yAEPlyN4N",
"date":"2012-09-06 21:04:28"
},
{
"kids":[],
"uid":"2200724673",
"parent":"",
"text":"兜妈，看和兜宝多像。@兜宝的生命日记",
"mid":"yAEHrEMCj",
"date":"2012-09-06 20:45:03"
},
{
"kids":[],
"uid":"2106246687",
"parent":"yADRliJyJ",
"text":"",
"mid":"yAECC0F6C",
"date":"2012-09-06 20:33:08"
},
{
"kids":[],
"uid":"1937429857",
"parent":"",
"text":"",
"mid":"yAEsgvefG",
"date":"2012-09-06 20:07:39"
},
{
"kids":[],
"uid":"2106924425",
"parent":"yADRliJyJ",
"text":"",
"mid":"yAEmR5DWK",
"date":"2012-09-06 19:54:19"
},
{
"kids":[],
"uid":"1892930981",
"parent":"",
"text":"",
"mid":"yAEiX8Vtz",
"date":"2012-09-06 19:44:42"
},
{
"kids":[],
"uid":"1638193040",
"parent":"yADRliJyJ",
"text":"",
"mid":"yAEiviTEH",
"date":"2012-09-06 19:43:34"
},
{
"kids":[
"yAKiTjkBL",
"yAJnLwoV0"
],
"uid":"2201466921",
"parent":"yACpGwEER",
"text":"",
"mid":"yAE6wapf3",
"date":"2012-09-06 19:14:03"
},
{
"kids":[
"yASYMuTZ1",
"yAECC0F6C",
"yAEmR5DWK",
"yAEiviTEH"
],
"uid":"2106250673",
"parent":"",
"text":"",
"mid":"yADRliJyJ",
"date":"2012-09-06 18:36:41"
},
{
"kids":[],
"uid":"1910377997",
"parent":"yABIYD8dT",
"text":"",
"mid":"yADOYqKtV",
"date":"2012-09-06 18:30:50"
},
{
"kids":[],
"uid":"1785551692",
"parent":"",
"text":"",
"mid":"yADFrccnI",
"date":"2012-09-06 18:07:21"
},
{
"kids":[],
"uid":"2711576945",
"parent":"yAAgeb4Pa",
"text":"",
"mid":"yADAsnvnk",
"date":"2012-09-06 17:55:02"
},
{
"kids":[],
"uid":"2650599291",
"parent":"yABykudIO",
"text":"",
"mid":"yADvQlMJq",
"date":"2012-09-06 17:43:42"
},
{
"kids":[],
"uid":"1438491913",
"parent":"",
"text":"",
"mid":"yADqw1zmP",
"date":"2012-09-06 17:30:33"
},
{
"kids":[],
"uid":"2206035751",
"parent":"yACE15nYt",
"text":"#请插入话题名称#",
"mid":"yADmGs0Yd",
"date":"2012-09-06 17:21:06"
},
{
"kids":[],
"uid":"2059506613",
"parent":"",
"text":"",
"mid":"yADjyyn3B",
"date":"2012-09-06 17:13:27"
},
{
"kids":[],
"uid":"2790784693",
"parent":"",
"text":"",
"mid":"yADiIB1ut",
"date":"2012-09-06 17:11:20"
},
{
"kids":[],
"uid":"2286022961",
"parent":"",
"text":"3岁3个月怎么只有4颗牙齿？骗取转发和关注量吗？可恶！",
"mid":"yAD7Eac0Z",
"date":"2012-09-06 16:44:06"
},
{
"kids":[],
"uid":"2083847247",
"parent":"yACE15nYt",
"text":"",
"mid":"yACZZzxk4",
"date":"2012-09-06 16:25:15"
},
{
"kids":[
"yAOzF4VkE"
],
"uid":"2130473727",
"parent":"yACE15nYt",
"text":"可恶",
"mid":"yACWnzQvI",
"date":"2012-09-06 16:16:21"
},
{
"kids":[],
"uid":"1957810725",
"parent":"",
"text":"大家 转[抓狂]",
"mid":"yACVay1cE",
"date":"2012-09-06 16:13:20"
},
{
"kids":[],
"uid":"2306369590",
"parent":"",
"text":"",
"mid":"yACTzyRVs",
"date":"2012-09-06 16:09:26"
},
{
"kids":[],
"uid":"wang8713",
"parent":"",
"text":"帮助找孩子，请朋友转！",
"mid":"yACNmdShS",
"date":"2012-09-06 15:54:07"
},
{
"kids":[],
"uid":"2610586037",
"parent":"",
"text":"",
"mid":"yACMrdq8K",
"date":"2012-09-06 15:51:49"
},
{
"kids":[],
"uid":"313928666",
"parent":"",
"text":"回复@梵音静思2012:支持封杀发布假信息的@蒙台梭利早教 账号。",
"mid":"yACIwApHv",
"date":"2012-09-06 15:42:12"
},
{
"kids":[],
"uid":"1834285221",
"parent":"yACpGwEER",
"text":"",
"mid":"yACEPBxdX",
"date":"2012-09-06 15:33:07"
},
{
"kids":[],
"uid":"2179187681",
"parent":"yACE15nYt",
"text":"",
"mid":"yACEvwTug",
"date":"2012-09-06 15:32:17"
},
{
"kids":[
"yAMogqTFy",
"yADmGs0Yd",
"yACZZzxk4",
"yACWnzQvI",
"yACEvwTug"
],
"uid":"2105489654",
"parent":"yACpGwEER",
"text":"可恶的人贩子",
"mid":"yACE15nYt",
"date":"2012-09-06 15:31:06"
},
{
"kids":[],
"uid":"1956193602",
"parent":"yACpGwEER",
"text":"",
"mid":"yACCary73",
"date":"2012-09-06 15:26:32"
},
{
"kids":[],
"uid":"2646694541",
"parent":"",
"text":"",
"mid":"yACAu5sEt",
"date":"2012-09-06 15:22:24"
},
{
"kids":[],
"uid":"1861151144",
"parent":"yAC0pgeNm",
"text":"",
"mid":"yACAk5eLX",
"date":"2012-09-06 15:21:59"
},
{
"kids":[],
"uid":"2889819911",
"parent":"",
"text":"",
"mid":"yACzMCT6D",
"date":"2012-09-06 15:20:41"
},
{
"kids":[],
"uid":"2789913720",
"parent":"yAB8XgQkf",
"text":"",
"mid":"yACzGbn76",
"date":"2012-09-06 15:20:25"
},
{
"kids":[],
"uid":"1976847727",
"parent":"",
"text":"",
"mid":"yACxIami0",
"date":"2012-09-06 15:15:33"
},
{
"kids":[],
"uid":"1986857083",
"parent":"",
"text":"",
"mid":"yACwedSc8",
"date":"2012-09-06 15:11:56"
},
{
"kids":[],
"uid":"1807026733",
"parent":"",
"text":"",
"mid":"yACvwc6xG",
"date":"2012-09-06 15:10:08"
},
{
"kids":[],
"uid":"2265940870",
"parent":"",
"text":"",
"mid":"yACuKDx2x",
"date":"2012-09-06 15:08:17"
},
{
"kids":[],
"uid":"paulboris",
"parent":"",
"text":"",
"mid":"yACtivjuA",
"date":"2012-09-06 15:04:43"
},
{
"kids":[],
"uid":"doubleo1212",
"parent":"yAzQ7t7op",
"text":"",
"mid":"yACsJl0fo",
"date":"2012-09-06 15:03:17"
},
{
"kids":[
"yClPikuTT",
"yAZVI4K4f",
"yAPOGf0Lz"
],
"uid":"1749950032",
"parent":"",
"text":"",
"mid":"yACs0azpc",
"date":"2012-09-06 15:01:28"
},
{
"kids":[],
"uid":"sasayeran",
"parent":"",
"text":"",
"mid":"yACrZyVx1",
"date":"2012-09-06 15:01:30"
},
{
"kids":[],
"uid":"104740474",
"parent":"yACi2yUVA",
"text":"微博上总有这么些不是人的人在利用别人的爱心在骗人！此消息已经经公安部的陈士渠主任核实后证明是假的！但还是有人在故意制造谣言蛊惑人心！向这些发布这个虚假信息的这些没良心的骗子们郑重地表示一下：“呸”！",
"mid":"yACqQ2gMy",
"date":"2012-09-06 14:58:38"
},
{
"kids":[
"z1fRK4yjM",
"yAE6wapf3",
"yACEPBxdX",
"yACE15nYt",
"yACCary73"
],
"uid":"1802584883",
"parent":"yACoaA1BK",
"text":"什么世道",
"mid":"yACpGwEER",
"date":"2012-09-06 14:55:46"
},
{
"kids":[
"yACpGwEER"
],
"uid":"2132760633",
"parent":"",
"text":"",
"mid":"yACoaA1BK",
"date":"2012-09-06 14:52:04"
},
{
"kids":[],
"uid":"2050951953",
"parent":"",
"text":"",
"mid":"yACmt70HO",
"date":"2012-09-06 14:47:50"
},
{
"kids":[],
"uid":"2188907322",
"parent":"",
"text":"团结就是力量！！！！让那些人贩无处可逃",
"mid":"yACm36ATM",
"date":"2012-09-06 14:46:50"
},
{
"kids":[],
"uid":"277223178",
"parent":"",
"text":"打假!@陈士渠@微博小秘书",
"mid":"yAClioN37",
"date":"2012-09-06 14:44:58"
},
{
"kids":[],
"uid":"2286081272",
"parent":"",
"text":"",
"mid":"yACl5oA5Y",
"date":"2012-09-06 14:44:28"
},
{
"kids":[],
"uid":"1408012300",
"parent":"",
"text":"",
"mid":"yACjA2vKS",
"date":"2012-09-06 14:40:45"
},
{
"kids":[],
"uid":"1915028421",
"parent":"",
"text":"",
"mid":"yACij70aF",
"date":"2012-09-06 14:37:37"
},
{
"kids":[
"yACqQ2gMy"
],
"uid":"2579051961",
"parent":"",
"text":"又是这个寻人贴？这个消息5号就被证实是虚假消息，望博主即刻删帖，不用愚弄广大网友的爱心。鄙视一切利用微博营销的帐号[弱]",
"mid":"yACi2yUVA",
"date":"2012-09-06 14:36:56"
},
{
"kids":[],
"uid":"2670659031",
"parent":"",
"text":"",
"mid":"yACfEfFp3",
"date":"2012-09-06 14:31:05"
},
{
"kids":[],
"uid":"2433149622",
"parent":"",
"text":"",
"mid":"yACfcb9hR",
"date":"2012-09-06 14:29:57"
},
{
"kids":[],
"uid":"920121213",
"parent":"yACbLocwW",
"text":"",
"mid":"yACduncNd",
"date":"2012-09-06 14:25:44"
},
{
"kids":[],
"uid":"1717157143",
"parent":"yACbLocwW",
"text":"",
"mid":"yACdlbdsl",
"date":"2012-09-06 14:25:23"
},
{
"kids":[],
"uid":"1941486201",
"parent":"",
"text":"",
"mid":"yACcVaY8T",
"date":"2012-09-06 14:24:21"
},
{
"kids":[],
"uid":"2200194867",
"parent":"",
"text":"",
"mid":"yACc1nIOu",
"date":"2012-09-06 14:22:09"
},
{
"kids":[],
"uid":"1663299064",
"parent":"",
"text":"",
"mid":"yACbUgdBV",
"date":"2012-09-06 14:21:51"
},
{
"kids":[
"yACduncNd",
"yACdlbdsl"
],
"uid":"2231683390",
"parent":"",
"text":"",
"mid":"yACbLocwW",
"date":"2012-09-06 14:21:26"
},
{
"kids":[
"yBGq67yIX"
],
"uid":"1814935680",
"parent":"",
"text":"",
"mid":"yACbD7vxY",
"date":"2012-09-06 14:21:10"
},
{
"kids":[],
"uid":"1829210815",
"parent":"",
"text":"",
"mid":"yACb6i0nz",
"date":"2012-09-06 14:19:50"
},
{
"kids":[],
"uid":"1829551467",
"parent":"",
"text":"",
"mid":"yACazcgIo",
"date":"2012-09-06 14:18:32"
},
{
"kids":[],
"uid":"2804705494",
"parent":"yAtkG5fRb",
"text":"",
"mid":"yACav6s6s",
"date":"2012-09-06 14:18:21"
},
{
"kids":[],
"uid":"1852354224",
"parent":"",
"text":"",
"mid":"yACanq8ed",
"date":"2012-09-06 14:18:05"
},
{
"kids":[],
"uid":"2181774455",
"parent":"",
"text":"",
"mid":"yACalAvbk",
"date":"2012-09-06 14:18:01"
},
{
"kids":[],
"uid":"1142892891",
"parent":"",
"text":"",
"mid":"yAC9A67VP",
"date":"2012-09-06 14:16:06"
},
{
"kids":[],
"uid":"512430234",
"parent":"",
"text":"紧急转发。。。",
"mid":"yAC8uow5N",
"date":"2012-09-06 14:13:26"
},
{
"kids":[],
"uid":"2301770521",
"parent":"",
"text":"",
"mid":"yAC800e0f",
"date":"2012-09-06 14:12:12"
},
{
"kids":[],
"uid":"1928414577",
"parent":"",
"text":"",
"mid":"yAC73t49W",
"date":"2012-09-06 14:09:54"
},
{
"kids":[],
"uid":"2919477304",
"parent":"yAwqIhrJq",
"text":"",
"mid":"yAC5YnWjI",
"date":"2012-09-06 14:07:14"
},
{
"kids":[],
"uid":"2108888044",
"parent":"",
"text":"",
"mid":"yAC5V8dcc",
"date":"2012-09-06 14:07:06"
},
{
"kids":[],
"uid":"2133661020",
"parent":"",
"text":"",
"mid":"yAC5B4mvP",
"date":"2012-09-06 14:06:18"
},
{
"kids":[],
"uid":"christinaraewu",
"parent":"",
"text":"",
"mid":"yAC4yjeEQ",
"date":"2012-09-06 14:03:42"
},
{
"kids":[],
"uid":"chinadghwb",
"parent":"",
"text":"[绿丝带][话筒]",
"mid":"yAC40iViS",
"date":"2012-09-06 14:02:22"
},
{
"kids":[],
"uid":"1731428365",
"parent":"",
"text":"",
"mid":"yAC2SBVZs",
"date":"2012-09-06 13:59:37"
},
{
"kids":[
"yCjQepplQ",
"yAZMb6cAK",
"yANwhwkET"
],
"uid":"1772867707",
"parent":"",
"text":"",
"mid":"yAC0zgOvC",
"date":"2012-09-06 13:53:55"
},
{
"kids":[
"yACAk5eLX"
],
"uid":"jindoufarm",
"parent":"yABUkulgP",
"text":"",
"mid":"yAC0pgeNm",
"date":"2012-09-06 13:53:30"
},
{
"kids":[
"z5J77r9Nr",
"z5J77qLDo",
"z5BDvrnn4",
"z5BDvrnlz",
"z44umnzkR",
"z44umnzj8",
"z3Wn51snf",
"z3EeSDSQS",
"z3EeSmhHg",
"z3vDbsbPk",
"z35acAqZG",
"z35aczgzA",
"z2WS6r7D4",
"z2JyNySOI",
"z2JyNySNM",
"z2CDcdEd8",
"z2dhve26N",
"z2dhve26n",
"z26ZI64in",
"z26ZI64h8",
"z1JHxgRMP",
"z1JHwFe3d",
"z1C5cg8mF",
"z1C5ce9ag"
],
"uid":"2117027573",
"parent":"",
"text":"",
"mid":"yABYd0hK3",
"date":"2012-09-06 13:48:04"
},
{
"kids":[],
"uid":"2594728573",
"parent":"yABUkulgP",
"text":"",
"mid":"yABY0AFo7",
"date":"2012-09-06 13:47:37"
},
{
"kids":[],
"uid":"2553216153",
"parent":"",
"text":"",
"mid":"yABXv1Xbu",
"date":"2012-09-06 13:46:21"
},
{
"kids":[],
"uid":"bianjuluhong",
"parent":"",
"text":"早日找到！",
"mid":"yABWCzSth",
"date":"2012-09-06 13:44:12"
},
{
"kids":[],
"uid":"huangqx520",
"parent":"",
"text":"",
"mid":"yABVbp1QB",
"date":"2012-09-06 13:40:39"
},
{
"kids":[],
"uid":"2419660793",
"parent":"",
"text":"转！",
"mid":"yABUArTeb",
"date":"2012-09-06 13:39:10"
},
{
"kids":[
"yAC0pgeNm",
"yABY0AFo7"
],
"uid":"wuconglin",
"parent":"",
"text":"",
"mid":"yABUkulgP",
"date":"2012-09-06 13:38:33"
},
{
"kids":[],
"uid":"2346745017",
"parent":"",
"text":"渭南@幸运的四叶草x615:[爱心传递]@天使觅妈 @honeyfss @大S @文章同學",
"mid":"yABU86n4Y",
"date":"2012-09-06 13:38:03"
},
{
"kids":[],
"uid":"2011395175",
"parent":"",
"text":"",
"mid":"yABTg0QDq",
"date":"2012-09-06 13:35:54"
},
{
"kids":[],
"uid":"1830306307",
"parent":"yABRnjiau",
"text":"",
"mid":"yABSS3Ll3",
"date":"2012-09-06 13:34:57"
},
{
"kids":[
"yAYVLwYL9",
"yAP0CnCdp"
],
"uid":"1743902080",
"parent":"",
"text":"",
"mid":"yABSvBKgi",
"date":"2012-09-06 13:34:04"
},
{
"kids":[],
"uid":"1976312493",
"parent":"",
"text":"",
"mid":"yABSetU4O",
"date":"2012-09-06 13:33:23"
},
{
"kids":[
"yABSS3Ll3"
],
"uid":"1517325921",
"parent":"yABFybUWC",
"text":"",
"mid":"yABRnjiau",
"date":"2012-09-06 13:31:16"
},
{
"kids":[],
"uid":"1881600142",
"parent":"",
"text":"",
"mid":"yABR69fkI",
"date":"2012-09-06 13:30:35"
},
{
"kids":[],
"uid":"1990615875",
"parent":"",
"text":"",
"mid":"yABR5wg94",
"date":"2012-09-06 13:30:32"
},
{
"kids":[
"yAQ0f6Frm",
"yAH3zqEty"
],
"uid":"1807863457",
"parent":"",
"text":"",
"mid":"yABQz4nf7",
"date":"2012-09-06 13:29:14"
},
{
"kids":[
"yAGNs5Ruf"
],
"uid":"meiguifuren",
"parent":"yABHYyZOm",
"text":"",
"mid":"yABPsugDE",
"date":"2012-09-06 13:26:32"
},
{
"kids":[],
"uid":"2084780561",
"parent":"yABHYyZOm",
"text":"",
"mid":"yABNMvedI",
"date":"2012-09-06 13:22:25"
},
{
"kids":[],
"uid":"2703566723",
"parent":"",
"text":"",
"mid":"yABNLzyTw",
"date":"2012-09-06 13:22:23"
},
{
"kids":[],
"uid":"1782845052",
"parent":"",
"text":"",
"mid":"yABNkqHfv",
"date":"2012-09-06 13:21:16"
},
{
"kids":[],
"uid":"2090059477",
"parent":"yABL3aien",
"text":"",
"mid":"yABMXD7n3",
"date":"2012-09-06 13:20:22"
},
{
"kids":[],
"uid":"1747744114",
"parent":"",
"text":"转！",
"mid":"yABMIxE7h",
"date":"2012-09-06 13:19:48"
},
{
"kids":[
"yAGvPmsd9"
],
"uid":"rebeccakang",
"parent":"yABCcqI1X",
"text":"",
"mid":"yABMh7Z3W",
"date":"2012-09-06 13:18:42"
},
{
"kids":[],
"uid":"1818719121",
"parent":"",
"text":"",
"mid":"yABMeacsm",
"date":"2012-09-06 13:18:35"
},
{
"kids":[
"yABMXD7n3"
],
"uid":"1468193797",
"parent":"",
"text":"",
"mid":"yABL3aien",
"date":"2012-09-06 13:15:40"
},
{
"kids":[],
"uid":"1769838557",
"parent":"",
"text":"",
"mid":"yABKCfZjb",
"date":"2012-09-06 13:14:36"
},
{
"kids":[],
"uid":"wangyou521",
"parent":"",
"text":"",
"mid":"yABJmgorE",
"date":"2012-09-06 13:11:30"
},
{
"kids":[],
"uid":"2151705425",
"parent":"",
"text":"",
"mid":"yABJln96I",
"date":"2012-09-06 13:11:29"
},
{
"kids":[],
"uid":"1796639033",
"parent":"",
"text":"",
"mid":"yABJa8ka1",
"date":"2012-09-06 13:11:01"
},
{
"kids":[],
"uid":"2884573130",
"parent":"",
"text":"@张翰 @谢娜 @戚薇 @何炅 @何晟铭 @hi朱梓骁",
"mid":"yABJ9zfV1",
"date":"2012-09-06 13:10:59"
},
{
"kids":[],
"uid":"1864689533",
"parent":"",
"text":"",
"mid":"yABJ7aRfE",
"date":"2012-09-06 13:10:53"
},
{
"kids":[
"yADOYqKtV"
],
"uid":"2381496263",
"parent":"",
"text":"",
"mid":"yABIYD8dT",
"date":"2012-09-06 13:10:35"
},
{
"kids":[],
"uid":"1853986554",
"parent":"",
"text":"转一下",
"mid":"yABIX9i9H",
"date":"2012-09-06 13:10:31"
},
{
"kids":[],
"uid":"1938121312",
"parent":"yAzQ7t7op",
"text":"",
"mid":"yABIhbzGI",
"date":"2012-09-06 13:08:51"
},
{
"kids":[
"yABPsugDE",
"yABNMvedI"
],
"uid":"2084102373",
"parent":"",
"text":"",
"mid":"yABHYyZOm",
"date":"2012-09-06 13:08:07"
},
{
"kids":[],
"uid":"2896794311",
"parent":"",
"text":"真想帮帮他",
"mid":"yABHAkCdj",
"date":"2012-09-06 13:07:09"
},
{
"kids":[],
"uid":"2703115081",
"parent":"",
"text":"@姚晨 @张庆紫 @张翰 @吴奇隆 @何炅@谢娜",
"mid":"yABHqiaGv",
"date":"2012-09-06 13:06:45"
},
{
"kids":[],
"uid":"1861338812",
"parent":"",
"text":"不是说这个消息是假的吗？",
"mid":"yABGX3SRT",
"date":"2012-09-06 13:05:35"
},
{
"kids":[
"zamZRzY8b",
"zamZRimWr",
"zaeJIjQ3d",
"za5wIBicT",
"za5wIBibE",
"z9lIEhOYI",
"z9i4YaBtm",
"z9i4Y9sXW",
"z99sbzqGK",
"z99sb0ecL",
"z8WrFfiTH",
"z8c6Bxc3k",
"z8c6BwvNy",
"z80v8CYzD",
"z7fcsCuPa",
"z7fcskTzY",
"z7b87exnn",
"z7b87dkXg",
"z04dPk9Yf",
"yFU9Bzd92",
"yF64sEoow",
"yF64sDpkq",
"yEWXVklj6",
"yEWXVj5v4",
"yEcN11Dmg",
"yEcN0pZF6",
"yE6wXtn0h",
"yE6wXtmU9"
],
"uid":"2074403487",
"parent":"",
"text":"好可爱",
"mid":"yABGVyZQ7",
"date":"2012-09-06 13:05:32"
},
{
"kids":[],
"uid":"1702496184",
"parent":"",
"text":"@张杰 @谢娜 @何炅",
"mid":"yABGU5hZN",
"date":"2012-09-06 13:05:28"
},
{
"kids":[],
"uid":"2908502331",
"parent":"",
"text":"",
"mid":"yABGM6yMM",
"date":"2012-09-06 13:05:09"
},
{
"kids":[],
"uid":"2022010231",
"parent":"",
"text":"转发微博。",
"mid":"yABGGd4Hz",
"date":"2012-09-06 13:04:55"
},
{
"kids":[],
"uid":"2695140090",
"parent":"",
"text":"",
"mid":"yABGrabbf",
"date":"2012-09-06 13:04:19"
},
{
"kids":[],
"uid":"2606809291",
"parent":"yABDjiFE5",
"text":"[话筒]",
"mid":"yABG4ng5a",
"date":"2012-09-06 13:03:25"
},
{
"kids":[],
"uid":"2364934864",
"parent":"",
"text":"",
"mid":"yABFB7RpW",
"date":"2012-09-06 13:02:14"
},
{
"kids":[
"yABRnjiau"
],
"uid":"2787223420",
"parent":"",
"text":"",
"mid":"yABFybUWC",
"date":"2012-09-06 13:02:08"
},
{
"kids":[],
"uid":"206464619",
"parent":"",
"text":"",
"mid":"yABFibalv",
"date":"2012-09-06 13:01:30"
},
{
"kids":[],
"uid":"kgy19950817",
"parent":"",
"text":"",
"mid":"yABEacPs5",
"date":"2012-09-06 12:58:42"
},
{
"kids":[
"yABG4ng5a"
],
"uid":"2033605770",
"parent":"",
"text":"",
"mid":"yABDjiFE5",
"date":"2012-09-06 12:56:37"
},
{
"kids":[],
"uid":"1895946644",
"parent":"",
"text":"",
"mid":"yABD1i6fb",
"date":"2012-09-06 12:55:54"
},
{
"kids":[],
"uid":"2520868207",
"parent":"",
"text":"",
"mid":"yABCX6JwA",
"date":"2012-09-06 12:55:44"
},
{
"kids":[],
"uid":"2286317284",
"parent":"",
"text":"",
"mid":"yABCtAsAA",
"date":"2012-09-06 12:54:34"
},
{
"kids":[],
"uid":"1173909425",
"parent":"",
"text":"赶紧的转起来",
"mid":"yABCrbVNl",
"date":"2012-09-06 12:54:28"
},
{
"kids":[],
"uid":"2696613445",
"parent":"",
"text":"",
"mid":"yABCpsgAN",
"date":"2012-09-06 12:54:23"
},
{
"kids":[
"yABMh7Z3W"
],
"uid":"1466003610",
"parent":"yAAgeb4Pa",
"text":"",
"mid":"yABCcqI1X",
"date":"2012-09-06 12:53:52"
},
{
"kids":[],
"uid":"1845773325",
"parent":"",
"text":"@艾朵果",
"mid":"yABBGuiDl",
"date":"2012-09-06 12:52:37"
},
{
"kids":[],
"uid":"1778662524",
"parent":"",
"text":"",
"mid":"yABBobac8",
"date":"2012-09-06 12:51:53"
},
{
"kids":[],
"uid":"2121035060",
"parent":"",
"text":"我愿意把生日的人品分出来，大家帮忙!",
"mid":"yABBi2pXf",
"date":"2012-09-06 12:51:37"
},
{
"kids":[],
"uid":"2082504767",
"parent":"",
"text":"转发微博。",
"mid":"yABB0iluR",
"date":"2012-09-06 12:50:56"
},
{
"kids":[
"yBAkkfsdp"
],
"uid":"lina1226",
"parent":"",
"text":"",
"mid":"yABAZ6chz",
"date":"2012-09-06 12:50:51"
},
{
"kids":[],
"uid":"1817295545",
"parent":"",
"text":"",
"mid":"yABAP2x29",
"date":"2012-09-06 12:50:29"
},
{
"kids":[],
"uid":"tvxqyan",
"parent":"",
"text":"",
"mid":"yABAqtvDn",
"date":"2012-09-06 12:49:31"
},
{
"kids":[],
"uid":"1771567193",
"parent":"",
"text":"",
"mid":"yABAgaPEw",
"date":"2012-09-06 12:49:06"
},
{
"kids":[],
"uid":"1818721092",
"parent":"",
"text":"",
"mid":"yABzzjk3Z",
"date":"2012-09-06 12:47:23"
},
{
"kids":[],
"uid":"1720757150",
"parent":"",
"text":"",
"mid":"yABztoFXp",
"date":"2012-09-06 12:47:10"
},
{
"kids":[],
"uid":"577552397",
"parent":"",
"text":"",
"mid":"yABznvjmj",
"date":"2012-09-06 12:46:56"
},
{
"kids":[],
"uid":"1543588975",
"parent":"",
"text":"",
"mid":"yABzneYcr",
"date":"2012-09-06 12:46:55"
},
{
"kids":[
"yADvQlMJq"
],
"uid":"juanhoho",
"parent":"",
"text":"",
"mid":"yABykudIO",
"date":"2012-09-06 12:44:21"
},
{
"kids":[],
"uid":"2521971511",
"parent":"",
"text":"",
"mid":"yABxIFv4g",
"date":"2012-09-06 12:42:49"
},
{
"kids":[],
"uid":"dear1125",
"parent":"",
"text":"",
"mid":"yABxFqyq6",
"date":"2012-09-06 12:42:43"
},
{
"kids":[],
"uid":"1785203055",
"parent":"yAAgeb4Pa",
"text":"",
"mid":"yABxoAYa2",
"date":"2012-09-06 12:42:02"
},
{
"kids":[],
"uid":"2121483144",
"parent":"",
"text":"",
"mid":"yABx2pTTI",
"date":"2012-09-06 12:41:10"
},
{
"kids":[],
"uid":"chocolatememo",
"parent":"",
"text":"",
"mid":"yABwACY7K",
"date":"2012-09-06 12:40:04"
},
{
"kids":[],
"uid":"heibitou",
"parent":"",
"text":"",
"mid":"yABvEq1v2",
"date":"2012-09-06 12:37:45"
},
{
"kids":[],
"uid":"ulrica1",
"parent":"yABmCbqem",
"text":"[话筒]",
"mid":"yABvnjGEg",
"date":"2012-09-06 12:37:02"
},
{
"kids":[],
"uid":"1308621087",
"parent":"",
"text":"",
"mid":"yABvlfALt",
"date":"2012-09-06 12:36:59"
},
{
"kids":[],
"uid":"2913820855",
"parent":"",
"text":"",
"mid":"yABvc2UwR",
"date":"2012-09-06 12:36:37"
},
{
"kids":[
"yAOrdaSuL"
],
"uid":"1840388903",
"parent":"",
"text":"",
"mid":"yABuQu9a1",
"date":"2012-09-06 12:35:45"
},
{
"kids":[],
"uid":"2047163671",
"parent":"",
"text":"",
"mid":"yABulrTO3",
"date":"2012-09-06 12:34:30"
},
{
"kids":[],
"uid":"1968076952",
"parent":"",
"text":"",
"mid":"yABsPcVRN",
"date":"2012-09-06 12:30:47"
},
{
"kids":[],
"uid":"2018445222",
"parent":"",
"text":"[泪]",
"mid":"yABsJxQKd",
"date":"2012-09-06 12:30:34"
},
{
"kids":[],
"uid":"1986pp",
"parent":"",
"text":"",
"mid":"yABsy4wni",
"date":"2012-09-06 12:30:06"
},
{
"kids":[],
"uid":"1823562097",
"parent":"",
"text":"",
"mid":"yABrwfpJ1",
"date":"2012-09-06 12:27:34"
},
{
"kids":[],
"uid":"11031023",
"parent":"",
"text":"",
"mid":"yABr4c03S",
"date":"2012-09-06 12:26:27"
},
{
"kids":[],
"uid":"2064197155",
"parent":"",
"text":"",
"mid":"yABqakz43",
"date":"2012-09-06 12:24:15"
},
{
"kids":[],
"uid":"2253097902",
"parent":"",
"text":"",
"mid":"yABpF2bSz",
"date":"2012-09-06 12:22:59"
},
{
"kids":[],
"uid":"2644002820",
"parent":"yABhhfYdj",
"text":"",
"mid":"yABpuCmSp",
"date":"2012-09-06 12:22:33"
},
{
"kids":[],
"uid":"1682245403",
"parent":"",
"text":"",
"mid":"yABosdkpy",
"date":"2012-09-06 12:20:01"
},
{
"kids":[],
"uid":"1648508551",
"parent":"",
"text":"",
"mid":"yABocijL8",
"date":"2012-09-06 12:19:21"
},
{
"kids":[
"yCl8YlVkd",
"yAPpBDv69"
],
"uid":"1838946785",
"parent":"",
"text":"",
"mid":"yABo0csr0",
"date":"2012-09-06 12:18:54"
},
{
"kids":[],
"uid":"2302097065",
"parent":"",
"text":"",
"mid":"yABnZzM1c",
"date":"2012-09-06 12:18:52"
},
{
"kids":[],
"uid":"2751783461",
"parent":"",
"text":"",
"mid":"yABnEjc45",
"date":"2012-09-06 12:18:01"
},
{
"kids":[],
"uid":"1804266631",
"parent":"",
"text":"",
"mid":"yABnmz9MA",
"date":"2012-09-06 12:17:20"
},
{
"kids":[],
"uid":"2524704505",
"parent":"",
"text":"",
"mid":"yABmF6OCX",
"date":"2012-09-06 12:15:35"
},
{
"kids":[
"yABvnjGEg"
],
"uid":"1213046055",
"parent":"",
"text":"",
"mid":"yABmCbqem",
"date":"2012-09-06 12:15:29"
},
{
"kids":[],
"uid":"1825529215",
"parent":"",
"text":"",
"mid":"yABkz5xsc",
"date":"2012-09-06 12:10:26"
},
{
"kids":[],
"uid":"1818166781",
"parent":"yABiY8N9x",
"text":"@在西安",
"mid":"yABjyaX47",
"date":"2012-09-06 12:07:56"
},
{
"kids":[
"yABjyaX47"
],
"uid":"1814101990",
"parent":"",
"text":"@挡不住的白菜心 @马松 @momo心碎乌托邦 @墨语墨语墨语 @王丶肉肉 @葳泽some @享受现在生活哒__淼子 西安的村民扩一个",
"mid":"yABiY8N9x",
"date":"2012-09-06 12:06:30"
},
{
"kids":[],
"uid":"1823406782",
"parent":"yABi7fGw4",
"text":"[爱心传递]",
"mid":"yABiOkHHB",
"date":"2012-09-06 12:06:06"
},
{
"kids":[],
"uid":"1773015593",
"parent":"",
"text":"",
"mid":"yABiu19gw",
"date":"2012-09-06 12:05:18"
},
{
"kids":[],
"uid":"1799071371",
"parent":"",
"text":"",
"mid":"yABirC4Gu",
"date":"2012-09-06 12:05:13"
},
{
"kids":[],
"uid":"1848243473",
"parent":"",
"text":"",
"mid":"yABioEJBj",
"date":"2012-09-06 12:05:04"
},
{
"kids":[
"yABiOkHHB"
],
"uid":"2044528153",
"parent":"",
"text":"[话筒][话筒]",
"mid":"yABi7fGw4",
"date":"2012-09-06 12:04:24"
},
{
"kids":[],
"uid":"1760713022",
"parent":"",
"text":"",
"mid":"yABi61jlC",
"date":"2012-09-06 12:04:21"
},
{
"kids":[
"yABpuCmSp"
],
"uid":"jenny1028",
"parent":"",
"text":"@邹俊峰 @摩羯座16 @青青我我-808",
"mid":"yABhhfYdj",
"date":"2012-09-06 12:02:18"
},
{
"kids":[
"yAPXoous5"
],
"uid":"1756482053",
"parent":"",
"text":"",
"mid":"yABgIkwkP",
"date":"2012-09-06 12:00:57"
},
{
"kids":[
"yClVzc6cY",
"yAPQOCnQ1",
"yAGS6bD15"
],
"uid":"2569228654",
"parent":"",
"text":"",
"mid":"yABgvEVJp",
"date":"2012-09-06 12:00:26"
},
{
"kids":[],
"uid":"1944684912",
"parent":"",
"text":"",
"mid":"yABglhAay",
"date":"2012-09-06 12:00:01"
},
{
"kids":[],
"uid":"vision1986222121",
"parent":"",
"text":"",
"mid":"yABgi4BFg",
"date":"2012-09-06 11:59:52"
},
{
"kids":[],
"uid":"only13mandy",
"parent":"",
"text":"",
"mid":"yABg79oCZ",
"date":"2012-09-06 11:59:27"
},
{
"kids":[],
"uid":"2668298364",
"parent":"",
"text":"转发微博。",
"mid":"yABfF2hqB",
"date":"2012-09-06 11:58:21"
},
{
"kids":[],
"uid":"1843634757",
"parent":"",
"text":"",
"mid":"yABff36qP",
"date":"2012-09-06 11:57:19"
},
{
"kids":[],
"uid":"315836222",
"parent":"",
"text":"",
"mid":"yABf5zuGZ",
"date":"2012-09-06 11:56:57"
},
{
"kids":[
"yALnk8UEC"
],
"uid":"daphnelee",
"parent":"",
"text":"",
"mid":"yABeJpNz6",
"date":"2012-09-06 11:56:04"
},
{
"kids":[],
"uid":"521880821",
"parent":"",
"text":"",
"mid":"yABe0dakN",
"date":"2012-09-06 11:54:16"
},
{
"kids":[],
"uid":"1993641677",
"parent":"",
"text":"",
"mid":"yABdW66AG",
"date":"2012-09-06 11:54:06"
},
{
"kids":[],
"uid":"1891939752",
"parent":"",
"text":"",
"mid":"yABdL8Xdv",
"date":"2012-09-06 11:53:40"
},
{
"kids":[],
"uid":"luolaolao",
"parent":"",
"text":"",
"mid":"yABcZAUiN",
"date":"2012-09-06 11:51:47"
},
{
"kids":[],
"uid":"fryw12",
"parent":"",
"text":"",
"mid":"yABcugCnn",
"date":"2012-09-06 11:50:31"
},
{
"kids":[],
"uid":"2672527201",
"parent":"",
"text":"",
"mid":"yABc8pdAl",
"date":"2012-09-06 11:49:40"
},
{
"kids":[],
"uid":"2276620120",
"parent":"",
"text":"",
"mid":"yABc35lTm",
"date":"2012-09-06 11:49:27"
},
{
"kids":[],
"uid":"1616421690",
"parent":"",
"text":"",
"mid":"yABbEfMT9",
"date":"2012-09-06 11:48:28"
},
{
"kids":[],
"uid":"1216a",
"parent":"",
"text":"",
"mid":"yABbtC5VQ",
"date":"2012-09-06 11:48:03"
},
{
"kids":[],
"uid":"2328459495",
"parent":"",
"text":"",
"mid":"yABbs6sw4",
"date":"2012-09-06 11:47:59"
},
{
"kids":[],
"uid":"ouyangzb",
"parent":"",
"text":"[圍觀][圍觀]",
"mid":"yABbmvKl3",
"date":"2012-09-06 11:47:45"
},
{
"kids":[],
"uid":"1803561123",
"parent":"",
"text":"",
"mid":"yABaNFdMV",
"date":"2012-09-06 11:46:23"
},
{
"kids":[],
"uid":"1973525193",
"parent":"",
"text":"",
"mid":"yABaLjwG0",
"date":"2012-09-06 11:46:16"
},
{
"kids":[],
"uid":"1322253074",
"parent":"",
"text":"",
"mid":"yAB9AjGWV",
"date":"2012-09-06 11:43:23"
},
{
"kids":[],
"uid":"2744595522",
"parent":"",
"text":"",
"mid":"yAB9yvNMa",
"date":"2012-09-06 11:43:19"
},
{
"kids":[],
"uid":"1894681782",
"parent":"",
"text":"",
"mid":"yAB9ttlAq",
"date":"2012-09-06 11:43:07"
},
{
"kids":[
"yACzGbn76"
],
"uid":"XIRUIJUN",
"parent":"",
"text":"帮帮忙",
"mid":"yAB8XgQkf",
"date":"2012-09-06 11:41:49"
},
{
"kids":[],
"uid":"1440025191",
"parent":"",
"text":"",
"mid":"yAB8pAv0u",
"date":"2012-09-06 11:40:30"
},
{
"kids":[],
"uid":"2659004847",
"parent":"",
"text":"",
"mid":"yAB8hDNau",
"date":"2012-09-06 11:40:10"
},
{
"kids":[],
"uid":"1361263281",
"parent":"",
"text":"回复@hello阿扬:大家伸手！！！！！",
"mid":"yAB7O4ZbP",
"date":"2012-09-06 11:39:01"
},
{
"kids":[],
"uid":"2645712703",
"parent":"",
"text":"",
"mid":"yAB7dbnlh",
"date":"2012-09-06 11:37:31"
},
{
"kids":[],
"uid":"1840210890",
"parent":"",
"text":"",
"mid":"yAB74fFKZ",
"date":"2012-09-06 11:37:10"
},
{
"kids":[],
"uid":"1732227801",
"parent":"",
"text":"",
"mid":"yAB6S9OW9",
"date":"2012-09-06 11:36:42"
},
{
"kids":[],
"uid":"1901474941",
"parent":"",
"text":"",
"mid":"yAB6rzAhY",
"date":"2012-09-06 11:35:39"
},
{
"kids":[],
"uid":"1744508917",
"parent":"",
"text":"@小沈阳 @何炅 @谢娜 @吴昕 @杜海涛Hito @李维嘉 @韩庚",
"mid":"yAB6r1744",
"date":"2012-09-06 11:35:37"
},
{
"kids":[],
"uid":"2270013370",
"parent":"",
"text":"",
"mid":"yAB69xW0d",
"date":"2012-09-06 11:34:55"
},
{
"kids":[],
"uid":"2906995647",
"parent":"",
"text":"",
"mid":"yAB67aHea",
"date":"2012-09-06 11:34:50"
},
{
"kids":[],
"uid":"1772034693",
"parent":"",
"text":"",
"mid":"yAB5Vknhs",
"date":"2012-09-06 11:34:23"
},
{
"kids":[],
"uid":"1827221962",
"parent":"",
"text":"[爱心传递][爱心传递][爱心传递]",
"mid":"yAB5I53S5",
"date":"2012-09-06 11:33:50"
},
{
"kids":[],
"uid":"2090471751",
"parent":"",
"text":"",
"mid":"yAB5HbOFJ",
"date":"2012-09-06 11:33:46"
},
{
"kids":[],
"uid":"2631688461",
"parent":"",
"text":"希望大家帮忙一下",
"mid":"yAB5k8JIC",
"date":"2012-09-06 11:32:53"
},
{
"kids":[],
"uid":"1807822924",
"parent":"",
"text":"",
"mid":"yAB5b0VnP",
"date":"2012-09-06 11:32:32"
},
{
"kids":[],
"uid":"2809042805",
"parent":"",
"text":"",
"mid":"yAB58jnoe",
"date":"2012-09-06 11:32:25"
},
{
"kids":[],
"uid":"lclqcl",
"parent":"",
"text":"",
"mid":"yAB4V1yTj",
"date":"2012-09-06 11:31:53"
},
{
"kids":[],
"uid":"1746556187",
"parent":"",
"text":"",
"mid":"yAB4s4TGx",
"date":"2012-09-06 11:30:44"
},
{
"kids":[],
"uid":"1752171222",
"parent":"",
"text":"",
"mid":"yAB4lhF6A",
"date":"2012-09-06 11:30:28"
},
{
"kids":[],
"uid":"206262771",
"parent":"yAAgeb4Pa",
"text":"",
"mid":"yAB19jcfO",
"date":"2012-09-06 11:22:37"
},
{
"kids":[
"yAPB4ALcJ",
"yAGwnD5Sh"
],
"uid":"1378967045",
"parent":"",
"text":"",
"mid":"yAAXax7VK",
"date":"2012-09-06 11:12:48"
},
{
"kids":[],
"uid":"1963557535",
"parent":"",
"text":"这小孩挺可爱的 扩散扩散",
"mid":"yAAX7Brrt",
"date":"2012-09-06 11:12:40"
},
{
"kids":[],
"uid":"2743064537",
"parent":"",
"text":"",
"mid":"yAAVE0bVX",
"date":"2012-09-06 11:09:02"
},
{
"kids":[],
"uid":"jjdeqingtian",
"parent":"",
"text":"",
"mid":"yAASPEChb",
"date":"2012-09-06 11:02:07"
},
{
"kids":[],
"uid":"2501635233",
"parent":"yAAgeb4Pa",
"text":"",
"mid":"yAAKwBLZu",
"date":"2012-09-06 10:41:38"
},
{
"kids":[],
"uid":"1865498320",
"parent":"yAAgeb4Pa",
"text":"非常可爱的小孩[可怜]",
"mid":"yAAG0b8CB",
"date":"2012-09-06 10:30:30"
},
{
"kids":[],
"uid":"2160990751",
"parent":"",
"text":"必须转",
"mid":"yAAtbkF6u",
"date":"2012-09-06 09:58:53"
},
{
"kids":[],
"uid":"ymhuang111",
"parent":"yAAgeb4Pa",
"text":"",
"mid":"yAAsAo981",
"date":"2012-09-06 09:57:27"
},
{
"kids":[],
"uid":"2643118694",
"parent":"yAAgeb4Pa",
"text":"",
"mid":"yAApuCeJG",
"date":"2012-09-06 09:49:50"
},
{
"kids":[],
"uid":"2538084937",
"parent":"",
"text":"",
"mid":"yAAojBkh7",
"date":"2012-09-06 09:46:56"
},
{
"kids":[],
"uid":"jenjo",
"parent":"",
"text":"",
"mid":"yAAneyt2A",
"date":"2012-09-06 09:44:16"
},
{
"kids":[],
"uid":"2129515457",
"parent":"yAAgeb4Pa",
"text":"",
"mid":"yAAmslL7e",
"date":"2012-09-06 09:42:21"
},
{
"kids":[],
"uid":"xibaobaoqd",
"parent":"yAAgeb4Pa",
"text":"曦曦快回家",
"mid":"yAAmgdRbG",
"date":"2012-09-06 09:41:52"
},
{
"kids":[],
"uid":"2090473920",
"parent":"",
"text":"帮忙传下去",
"mid":"yAAlU6mg4",
"date":"2012-09-06 09:40:58"
},
{
"kids":[],
"uid":"1905053083",
"parent":"yAAgeb4Pa",
"text":"",
"mid":"yAAkTsa5f",
"date":"2012-09-06 09:38:30"
},
{
"kids":[],
"uid":"1736013672",
"parent":"yAAgeb4Pa",
"text":"",
"mid":"yAAjwD2Qp",
"date":"2012-09-06 09:35:08"
},
{
"kids":[],
"uid":"2639718623",
"parent":"",
"text":"",
"mid":"yAAgn0yfA",
"date":"2012-09-06 09:27:21"
},
{
"kids":[
"yAOThly57",
"yALNGylgG",
"yADAsnvnk",
"yABCcqI1X",
"yABxoAYa2",
"yAB19jcfO",
"yAAKwBLZu",
"yAAG0b8CB",
"yAAsAo981",
"yAApuCeJG",
"yAAmslL7e",
"yAAmgdRbG",
"yAAkTsa5f",
"yAAjwD2Qp"
],
"uid":"linqingyiguo",
"parent":"yAvZ55fUs",
"text":"也叫曦的孩子。。[悲伤]",
"mid":"yAAgeb4Pa",
"date":"2012-09-06 09:26:59"
},
{
"kids":[
"yACsJl0fo",
"yABIhbzGI"
],
"uid":"1970559523",
"parent":"yAvZX8CHb",
"text":"",
"mid":"yAzQ7t7op",
"date":"2012-09-06 08:22:40"
},
{
"kids":[],
"uid":"2803742092",
"parent":"yAsG55y4w",
"text":"",
"mid":"yAxrGktHz",
"date":"2012-09-06 02:16:58"
},
{
"kids":[],
"uid":"1784797803",
"parent":"",
"text":"帮转",
"mid":"yAx3vDjaV",
"date":"2012-09-06 01:17:26"
},
{
"kids":[],
"uid":"1273808603",
"parent":"yAvJv6XXr",
"text":"",
"mid":"yAwtNvuES",
"date":"2012-09-05 23:49:28"
},
{
"kids":[
"yAC5YnWjI"
],
"uid":"1666998213",
"parent":"",
"text":"抽筋扒皮",
"mid":"yAwqIhrJq",
"date":"2012-09-05 23:41:51"
},
{
"kids":[],
"uid":"2492816473",
"parent":"yAw7dsKUW",
"text":"",
"mid":"yAwcfu1QP",
"date":"2012-09-05 23:06:13"
},
{
"kids":[],
"uid":"2927244595",
"parent":"yAw9oe73U",
"text":"",
"mid":"yAwbsqMbt",
"date":"2012-09-05 23:04:13"
},
{
"kids":[
"yAwbsqMbt"
],
"uid":"1498203060",
"parent":"yAtkG5fRb",
"text":"转转转",
"mid":"yAw9oe73U",
"date":"2012-09-05 22:59:10"
},
{
"kids":[
"yAwcfu1QP"
],
"uid":"yusi412",
"parent":"yAvN52sHn",
"text":"",
"mid":"yAw7dsKUW",
"date":"2012-09-05 22:53:45"
},
{
"kids":[
"yAzQ7t7op"
],
"uid":"2462486594",
"parent":"",
"text":"",
"mid":"yAvZX8CHb",
"date":"2012-09-05 22:35:55"
},
{
"kids":[
"yAFfCCUdI"
],
"uid":"pinkrosie",
"parent":"",
"text":"@fi一般 @老鼎 @幸福帅哥妈",
"mid":"yAvZthtKQ",
"date":"2012-09-05 22:34:44"
},
{
"kids":[
"yAAgeb4Pa"
],
"uid":"pinkrosie",
"parent":"",
"text":"@林青依果Eagle",
"mid":"yAvZ55fUs",
"date":"2012-09-05 22:33:46"
},
{
"kids":[
"yAw7dsKUW"
],
"uid":"1169045274",
"parent":"yAsG55y4w",
"text":"",
"mid":"yAvN52sHn",
"date":"2012-09-05 22:04:09"
},
{
"kids":[],
"uid":"1944411392",
"parent":"yAvKmiRDE",
"text":"",
"mid":"yAvKRBlmV",
"date":"2012-09-05 21:58:42"
},
{
"kids":[
"yAvKRBlmV"
],
"uid":"1976714510",
"parent":"yAvJv6XXr",
"text":"转",
"mid":"yAvKmiRDE",
"date":"2012-09-05 21:57:29"
},
{
"kids":[
"yAwtNvuES",
"yAvKmiRDE"
],
"uid":"1927911715",
"parent":"yAvjMyZfq",
"text":"",
"mid":"yAvJv6XXr",
"date":"2012-09-05 21:55:23"
},
{
"kids":[
"yAvJv6XXr"
],
"uid":"2825443315",
"parent":"",
"text":"",
"mid":"yAvjMyZfq",
"date":"2012-09-05 20:52:01"
},
{
"kids":[],
"uid":"2575769570",
"parent":"yArqgg7v8",
"text":"",
"mid":"yAuKBj1s6",
"date":"2012-09-05 19:25:20"
},
{
"kids":[],
"uid":"1838956171",
"parent":"",
"text":"",
"mid":"yAuIm6E80",
"date":"2012-09-05 19:19:50"
},
{
"kids":[],
"uid":"2135755354",
"parent":"yAsI57Mhj",
"text":"",
"mid":"yAuE9aFyz",
"date":"2012-09-05 19:09:28"
},
{
"kids":[],
"uid":"2790097444",
"parent":"yArqgg7v8",
"text":"",
"mid":"yAu7WeNwo",
"date":"2012-09-05 17:50:06"
},
{
"kids":[],
"uid":"2462366760",
"parent":"yAtaP01mk",
"text":"",
"mid":"yAtRY4Gl9",
"date":"2012-09-05 17:10:45"
},
{
"kids":[],
"uid":"1897090834",
"parent":"yArqgg7v8",
"text":"",
"mid":"yAtRq7HsF",
"date":"2012-09-05 17:09:24"
},
{
"kids":[],
"uid":"1879628322",
"parent":"yAt6rqmnd",
"text":"",
"mid":"yAtOIuxLR",
"date":"2012-09-05 17:02:46"
},
{
"kids":[
"yC8yDpEkf",
"yBYZmAewa",
"yACav6s6s",
"yAw9oe73U"
],
"uid":"1103000152",
"parent":"",
"text":"大家帮帮他",
"mid":"yAtkG5fRb",
"date":"2012-09-05 15:48:42"
},
{
"kids":[],
"uid":"2537727904",
"parent":"yAt6rqmnd",
"text":"转发微博。",
"mid":"yAteBAFUn",
"date":"2012-09-05 15:33:47"
},
{
"kids":[
"yAtRY4Gl9"
],
"uid":"1939762260",
"parent":"yArFazC3n",
"text":"",
"mid":"yAtaP01mk",
"date":"2012-09-05 15:24:26"
},
{
"kids":[],
"uid":"dljxhl",
"parent":"yArhJl57b",
"text":"",
"mid":"yAt91fvpJ",
"date":"2012-09-05 15:20:01"
},
{
"kids":[
"yAtOIuxLR",
"yAteBAFUn"
],
"uid":"2377305601",
"parent":"yAs7kDtDw",
"text":"@lydia的小宇宙@猫爪鱼头 @王人平 @亲子周刊",
"mid":"yAt6rqmnd",
"date":"2012-09-05 15:13:40"
},
{
"kids":[],
"uid":"329926268",
"parent":"yAsdmpBjv",
"text":"",
"mid":"yAsXaq049",
"date":"2012-09-05 14:50:50"
},
{
"kids":[],
"uid":"1917748521",
"parent":"",
"text":"",
"mid":"yAsPTaQH5",
"date":"2012-09-05 14:32:53"
},
{
"kids":[
"yAuE9aFyz"
],
"uid":"2280085487",
"parent":"yArSes9mP",
"text":"",
"mid":"yAsI57Mhj",
"date":"2012-09-05 14:13:39"
},
{
"kids":[
"yAxrGktHz",
"yAvN52sHn"
],
"uid":"1665871745",
"parent":"",
"text":"",
"mid":"yAsG55y4w",
"date":"2012-09-05 14:08:43"
},
{
"kids":[],
"uid":"1135498557",
"parent":"yAs5Puu3T",
"text":"@小番茄de爸爸 哪都不太平[晕]这么可爱的娃家人得急死了。",
"mid":"yAsrpwjlF",
"date":"2012-09-05 13:32:34"
},
{
"kids":[],
"uid":"2927440883",
"parent":"",
"text":"",
"mid":"yAsqBj458",
"date":"2012-09-05 13:30:34"
},
{
"kids":[],
"uid":"tcc007",
"parent":"",
"text":"",
"mid":"yAskTB8oz",
"date":"2012-09-05 13:16:30"
},
{
"kids":[],
"uid":"2484257691",
"parent":"yArzivPfe",
"text":"帮转",
"mid":"yAseABNvS",
"date":"2012-09-05 13:01:00"
},
{
"kids":[
"yAsXaq049"
],
"uid":"2393371770",
"parent":"yAs5Puu3T",
"text":"转",
"mid":"yAsdmpBjv",
"date":"2012-09-05 12:57:57"
},
{
"kids":[],
"uid":"1944948557",
"parent":"yAs5Puu3T",
"text":"",
"mid":"yAsbB5UCY",
"date":"2012-09-05 12:53:37"
},
{
"kids":[
"yAt6rqmnd"
],
"uid":"2185766700",
"parent":"yAs5Puu3T",
"text":"@麻麻心语 @白羊倩 @妞宝Catharine @小鱼丸子001 @宝贝番茄妈",
"mid":"yAs7kDtDw",
"date":"2012-09-05 12:43:05"
},
{
"kids":[],
"uid":"2661658050",
"parent":"",
"text":"",
"mid":"yAs7hkzYu",
"date":"2012-09-05 12:42:57"
},
{
"kids":[],
"uid":"2425661973",
"parent":"",
"text":"",
"mid":"yAs5YpPBv",
"date":"2012-09-05 12:39:46"
},
{
"kids":[
"yAsrpwjlF",
"yAsdmpBjv",
"yAsbB5UCY",
"yAs7kDtDw"
],
"uid":"honeystudio",
"parent":"",
"text":"",
"mid":"yAs5Puu3T",
"date":"2012-09-05 12:39:25"
},
{
"kids":[],
"uid":"1752590631",
"parent":"yArSes9mP",
"text":"",
"mid":"yAs5u0GV8",
"date":"2012-09-05 12:38:33"
},
{
"kids":[],
"uid":"1835574881",
"parent":"yArtZkrYs",
"text":"",
"mid":"yArYsFvLI",
"date":"2012-09-05 12:21:16"
},
{
"kids":[],
"uid":"1656337222",
"parent":"",
"text":"",
"mid":"yArXH8WsG",
"date":"2012-09-05 12:19:22"
},
{
"kids":[],
"uid":"melbsky",
"parent":"yArB02dMb",
"text":"这么可爱的娃，可恶的人贩子",
"mid":"yArWbsTIt",
"date":"2012-09-05 12:15:38"
},
{
"kids":[],
"uid":"2807554165",
"parent":"",
"text":"",
"mid":"yArT9y1ln",
"date":"2012-09-05 12:08:11"
},
{
"kids":[
"yAsI57Mhj",
"yAs5u0GV8"
],
"uid":"1691043271",
"parent":"yArtZkrYs",
"text":"",
"mid":"yArSes9mP",
"date":"2012-09-05 12:05:55"
},
{
"kids":[],
"uid":"2589588954",
"parent":"yArCt2GSj",
"text":"@宝木結結 @看看新闻网 @妈妈网微博",
"mid":"yArOscBkI",
"date":"2012-09-05 11:56:36"
},
{
"kids":[],
"uid":"1744655637",
"parent":"yAroNvxku",
"text":"",
"mid":"yArLrqJaW",
"date":"2012-09-05 11:49:11"
},
{
"kids":[],
"uid":"psloveguagua",
"parent":"",
"text":"盼望快点回家。",
"mid":"yArJ6EcZ6",
"date":"2012-09-05 11:43:26"
},
{
"kids":[],
"uid":"lululuelaine",
"parent":"",
"text":"",
"mid":"yArFPCdZH",
"date":"2012-09-05 11:35:21"
},
{
"kids":[],
"uid":"liyangfang",
"parent":"",
"text":"",
"mid":"yArFKzEXq",
"date":"2012-09-05 11:35:10"
},
{
"kids":[
"yAtaP01mk"
],
"uid":"1835706910",
"parent":"yArCt2GSj",
"text":"",
"mid":"yArFazC3n",
"date":"2012-09-05 11:33:43"
},
{
"kids":[
"yArOscBkI",
"yArFazC3n"
],
"uid":"1056573474",
"parent":"",
"text":"@Snowice414 @rhgao @米米蟹儿 @麻麻心语 @乔安娜同学 @宝木梨 @不良中年2012 @不再作梦的鱼鱼 @儿童教育专家谭老师 @鬼咒风 @千帆育儿网 @清华大学微博协会 @yjf417 @御目出糖",
"mid":"yArCt2GSj",
"date":"2012-09-05 11:27:04"
},
{
"kids":[
"yArWbsTIt"
],
"uid":"1795412513",
"parent":"yArzXhRAx",
"text":"",
"mid":"yArB02dMb",
"date":"2012-09-05 11:23:27"
},
{
"kids":[
"yArB02dMb"
],
"uid":"heatherdance",
"parent":"yAru8vPCh",
"text":"",
"mid":"yArzXhRAx",
"date":"2012-09-05 11:20:53"
},
{
"kids":[
"yAseABNvS"
],
"uid":"1580276204",
"parent":"",
"text":"拐卖孩子的被雷劈",
"mid":"yArzivPfe",
"date":"2012-09-05 11:19:16"
},
{
"kids":[],
"uid":"2612278137",
"parent":"",
"text":"我们国家对人贩子，更多只算他们非法获利多少，就不想想给受害者带来的伤害有多大",
"mid":"yArxIqE1Z",
"date":"2012-09-05 11:15:20"
},
{
"kids":[],
"uid":"1714978882",
"parent":"",
"text":"",
"mid":"yAruyuvbq",
"date":"2012-09-05 11:07:35"
},
{
"kids":[
"yArzXhRAx"
],
"uid":"jasmine1101",
"parent":"",
"text":"转发微博。",
"mid":"yAru8vPCh",
"date":"2012-09-05 11:06:32"
},
{
"kids":[],
"uid":"88dodoyoyo",
"parent":"",
"text":"愿宝宝平安",
"mid":"yAru8aLtu",
"date":"2012-09-05 11:06:33"
},
{
"kids":[],
"uid":"2409511200",
"parent":"",
"text":"",
"mid":"yAru4lT3T",
"date":"2012-09-05 11:06:22"
},
{
"kids":[
"yArYsFvLI",
"yArSes9mP"
],
"uid":"1889638490",
"parent":"",
"text":"",
"mid":"yArtZkrYs",
"date":"2012-09-05 11:06:11"
},
{
"kids":[],
"uid":"1435203147",
"parent":"",
"text":"",
"mid":"yArqKqnU4",
"date":"2012-09-05 10:58:12"
},
{
"kids":[
"yAuKBj1s6",
"yAu7WeNwo",
"yAtRq7HsF"
],
"uid":"1481774044",
"parent":"",
"text":"",
"mid":"yArqgg7v8",
"date":"2012-09-05 10:56:59"
},
{
"kids":[],
"uid":"2462802615",
"parent":"",
"text":"",
"mid":"yArpklGhH",
"date":"2012-09-05 10:54:42"
},
{
"kids":[
"yArLrqJaW"
],
"uid":"2279904383",
"parent":"",
"text":"",
"mid":"yAroNvxku",
"date":"2012-09-05 10:53:24"
},
{
"kids":[],
"uid":"2598424677",
"parent":"",
"text":"",
"mid":"yArnZ1mjD",
"date":"2012-09-05 10:51:23"
},
{
"kids":[],
"uid":"2631985373",
"parent":"",
"text":"",
"mid":"yArnT5fW9",
"date":"2012-09-05 10:51:10"
},
{
"kids":[],
"uid":"1934229991",
"parent":"",
"text":"这么可爱的宝宝，果断帮转！",
"mid":"yArmv6B1q",
"date":"2012-09-05 10:47:43"
},
{
"kids":[],
"uid":"2044317404",
"parent":"",
"text":"人多力量大！",
"mid":"yArmgAK47",
"date":"2012-09-05 10:47:10"
},
{
"kids":[],
"uid":"2805930702",
"parent":"",
"text":"",
"mid":"yArlY1L5i",
"date":"2012-09-05 10:46:25"
},
{
"kids":[],
"uid":"2617394635",
"parent":"",
"text":"转发微博。",
"mid":"yArks424h",
"date":"2012-09-05 10:42:42"
},
{
"kids":[],
"uid":"nbgymbaby",
"parent":"",
"text":"",
"mid":"yAripzyK1",
"date":"2012-09-05 10:37:40"
},
{
"kids":[
"yAt91fvpJ"
],
"uid":"bbc360",
"parent":"",
"text":"",
"mid":"yArhJl57b",
"date":"2012-09-05 10:35:57"
},
{
"kids":[],
"uid":"2735177165",
"parent":"",
"text":"[愛心傳遞]",
"mid":"yArhG68HW",
"date":"2012-09-05 10:35:51"
},
{
"kids":[],
"uid":"1770704347",
"parent":"",
"text":"",
"mid":"yArhFscmu",
"date":"2012-09-05 10:35:51"
},
{
"kids":[],
"uid":"1346076184",
"parent":"",
"text":"",
"mid":"yArh4xXJ5",
"date":"2012-09-05 10:34:22"
},
{
"kids":[],
"uid":"1806218272",
"parent":"",
"text":"转发微博。",
"mid":"yArgZxRYf",
"date":"2012-09-05 10:34:10"
}
]