[
{
"kids":[],
"uid":"5698098986",
"parent":"",
"text":"",
"mid":"E7tRpgXoj",
"date":"09月09日 16:16"
},
{
"kids":[],
"uid":"2548267577",
"parent":"",
"text":"灭绝人性！",
"mid":"A869jDq6V",
"date":"2013-09-05 22:47:39"
},
{
"kids":[],
"uid":"1965341025",
"parent":"",
"text":"",
"mid":"A67J3b156",
"date":"2013-08-23 23:07:50"
},
{
"kids":[],
"uid":"520622789",
"parent":"",
"text":"[悲伤]",
"mid":"A627P8yhx",
"date":"2013-08-23 08:52:22"
},
{
"kids":[],
"uid":"2790031464",
"parent":"z0SbbbyxI",
"text":"",
"mid":"zpncNrpQE",
"date":"2013-03-27 14:43:47"
},
{
"kids":[],
"uid":"1583882145",
"parent":"z0SbbbyxI",
"text":"",
"mid":"zp94wgBK6",
"date":"2013-03-26 02:44:57"
},
{
"kids":[],
"uid":"2920413854",
"parent":"z0SDnk8eE",
"text":"",
"mid":"zoH5X7A9B",
"date":"2013-03-23 03:31:34"
},
{
"kids":[],
"uid":"2920139602",
"parent":"z0SDnk8eE",
"text":"",
"mid":"zoH5X7iHK",
"date":"2013-03-23 03:31:34"
},
{
"kids":[],
"uid":"2919710850",
"parent":"z0SbbbyxI",
"text":"",
"mid":"zofnGgLdt",
"date":"2013-03-20 04:58:20"
},
{
"kids":[],
"uid":"2808216290",
"parent":"z0SDnk8eE",
"text":"",
"mid":"zgMSb8ntI",
"date":"2013-01-30 03:31:41"
},
{
"kids":[],
"uid":"2809221244",
"parent":"z0SDnk8eE",
"text":"",
"mid":"zgDEq8d4w",
"date":"2013-01-29 04:03:03"
},
{
"kids":[],
"uid":"2920449974",
"parent":"z0SDnk8eE",
"text":"",
"mid":"zfTs1lfKA",
"date":"2013-01-24 06:26:10"
},
{
"kids":[],
"uid":"2919559204",
"parent":"z0SDnk8eE",
"text":"",
"mid":"zfLfvec0g",
"date":"2013-01-23 09:33:21"
},
{
"kids":[],
"uid":"1777819914",
"parent":"z0SbbbyxI",
"text":"",
"mid":"zePoWiYJ7",
"date":"2013-01-17 06:17:16"
},
{
"kids":[],
"uid":"2920191670",
"parent":"z0SbbbyxI",
"text":"",
"mid":"zeGdvue6R",
"date":"2013-01-16 06:54:23"
},
{
"kids":[],
"uid":"2804553204",
"parent":"z0SbbbyxI",
"text":"",
"mid":"zdTwMnXTt",
"date":"2013-01-11 02:57:17"
},
{
"kids":[],
"uid":"2920544980",
"parent":"z0SbbbyxI",
"text":"",
"mid":"zdP7qrepj",
"date":"2013-01-10 15:43:50"
},
{
"kids":[],
"uid":"2789944572",
"parent":"z0SDnk8eE",
"text":"",
"mid":"zdLEB9eVf",
"date":"2013-01-10 06:54:33"
},
{
"kids":[],
"uid":"2804289680",
"parent":"z0SDnk8eE",
"text":"",
"mid":"zdLEAwurC",
"date":"2013-01-10 06:54:33"
},
{
"kids":[],
"uid":"2808182374",
"parent":"z0SbbbyxI",
"text":"",
"mid":"zcnOd2EaN",
"date":"2013-01-01 04:22:01"
},
{
"kids":[],
"uid":"1778238214",
"parent":"z0SDnk8eE",
"text":"",
"mid":"zc5OveOF6",
"date":"2012-12-30 06:33:17"
},
{
"kids":[],
"uid":"1776619633",
"parent":"z0SDnk8eE",
"text":"",
"mid":"zbZBfs4zr",
"date":"2012-12-29 14:44:10"
},
{
"kids":[],
"uid":"2789977310",
"parent":"z0SDnk8eE",
"text":"",
"mid":"zbZBfs4xX",
"date":"2012-12-29 14:44:09"
},
{
"kids":[],
"uid":"2808415402",
"parent":"z0SbbbyxI",
"text":"",
"mid":"zbVp7trAb",
"date":"2012-12-29 04:03:17"
},
{
"kids":[],
"uid":"1583785847",
"parent":"z0SbbbyxI",
"text":"",
"mid":"zbQnxFzWi",
"date":"2012-12-28 15:15:39"
},
{
"kids":[],
"uid":"2810392480",
"parent":"zbvmpnc61",
"text":"",
"mid":"zbBvVedkd",
"date":"2012-12-27 01:25:07"
},
{
"kids":[
"zbBvVedkd"
],
"uid":"1859600702",
"parent":"zbui6tUwO",
"text":"",
"mid":"zbvmpnc61",
"date":"2012-12-26 09:45:12"
},
{
"kids":[
"zbvmpnc61"
],
"uid":"2808602064",
"parent":"z0SbbbyxI",
"text":"",
"mid":"zbui6tUwO",
"date":"2012-12-26 07:01:51"
},
{
"kids":[],
"uid":"2803470054",
"parent":"z0SbbbyxI",
"text":"",
"mid":"zaGuBoopk",
"date":"2012-12-21 00:15:19"
},
{
"kids":[],
"uid":"2789984682",
"parent":"z0SbbbyxI",
"text":"",
"mid":"zaGuBoomV",
"date":"2012-12-21 00:15:19"
},
{
"kids":[],
"uid":"1588614141",
"parent":"z0SbbbyxI",
"text":"",
"mid":"zaD1fASIu",
"date":"2012-12-20 15:24:43"
},
{
"kids":[],
"uid":"2920352972",
"parent":"z0SbbbyxI",
"text":"",
"mid":"zaD1fASGS",
"date":"2012-12-20 15:24:45"
},
{
"kids":[],
"uid":"2920427050",
"parent":"z0Nd7syvl",
"text":"",
"mid":"z9Wv3z12N",
"date":"2012-12-16 03:10:04"
},
{
"kids":[],
"uid":"2920054082",
"parent":"z0Nd7syvl",
"text":"",
"mid":"z9Wv3z11M",
"date":"2012-12-16 03:10:04"
},
{
"kids":[],
"uid":"2809366864",
"parent":"z0Nd7syvl",
"text":"",
"mid":"z9c8l2Zm3",
"date":"2012-12-11 05:07:45"
},
{
"kids":[],
"uid":"2810511384",
"parent":"z0Nd7syvl",
"text":"",
"mid":"z95NWzUBS",
"date":"2012-12-10 13:01:01"
},
{
"kids":[],
"uid":"1439660534",
"parent":"z0Nd7syvl",
"text":"",
"mid":"z95NWh3lZ",
"date":"2012-12-10 13:00:58"
},
{
"kids":[],
"uid":"1862953323",
"parent":"z0REDxfMv",
"text":"",
"mid":"z8DxBweVl",
"date":"2012-12-07 13:03:50"
},
{
"kids":[],
"uid":"1722565727",
"parent":"z0SDnk8eE",
"text":"",
"mid":"z6Q3IbNql",
"date":"2012-11-25 17:15:19"
},
{
"kids":[],
"uid":"2804127522",
"parent":"z0O0wgxm5",
"text":"",
"mid":"z6LMXBHVW",
"date":"2012-11-25 06:23:03"
},
{
"kids":[],
"uid":"2804996592",
"parent":"z0SDnk8eE",
"text":"",
"mid":"z6IkIEG5r",
"date":"2012-11-24 21:35:15"
},
{
"kids":[],
"uid":"2920202434",
"parent":"z0SDnk8eE",
"text":"",
"mid":"z6IkICPPz",
"date":"2012-11-24 21:35:14"
},
{
"kids":[],
"uid":"2804423044",
"parent":"z0O0wgxm5",
"text":"",
"mid":"z6GoWl7GH",
"date":"2012-11-24 16:40:08"
},
{
"kids":[],
"uid":"2919621280",
"parent":"z0O0wgxm5",
"text":"",
"mid":"z6GoWl7EU",
"date":"2012-11-24 16:40:06"
},
{
"kids":[],
"uid":"doosolar",
"parent":"z6lUTCnbm",
"text":"愤怒！",
"mid":"z6lXr7SNb",
"date":"2012-11-22 12:37:26"
},
{
"kids":[
"z6lXr7SNb"
],
"uid":"3007909694",
"parent":"",
"text":"残忍",
"mid":"z6lUTCnbm",
"date":"2012-11-22 12:31:11"
},
{
"kids":[],
"uid":"2790025150",
"parent":"z0SDnk8eE",
"text":"",
"mid":"z5TH6nTyu",
"date":"2012-11-19 12:40:15"
},
{
"kids":[],
"uid":"2920397614",
"parent":"z0SDnk8eE",
"text":"",
"mid":"z5GCS87Vp",
"date":"2012-11-18 03:24:09"
},
{
"kids":[],
"uid":"2920182542",
"parent":"z0SDnk8eE",
"text":"",
"mid":"z5GCS87UH",
"date":"2012-11-18 03:24:09"
},
{
"kids":[],
"uid":"ahgqwe",
"parent":"z5lgwkHFU",
"text":"",
"mid":"z5t0Jugxf",
"date":"2012-11-16 16:44:29"
},
{
"kids":[],
"uid":"2789882130",
"parent":"z4TpLcZZ3",
"text":"",
"mid":"z5mI0qoVI",
"date":"2012-11-16 00:41:49"
},
{
"kids":[],
"uid":"2804273484",
"parent":"z4TpLcZZ3",
"text":"",
"mid":"z5mI0qoUs",
"date":"2012-11-16 00:41:49"
},
{
"kids":[],
"uid":"2627362333",
"parent":"z5lgwkHFU",
"text":"没有买卖就没有杀害，请保护动物，珍爱生命！",
"mid":"z5luh6DeY",
"date":"2012-11-15 21:35:17"
},
{
"kids":[
"z5t0Jugxf",
"z5luh6DeY"
],
"uid":"1923613491",
"parent":"z0VIuy8PX",
"text":"这些人真T M d 不是人。请允许我骂人[怒][泪]",
"mid":"z5lgwkHFU",
"date":"2012-11-15 21:01:24"
},
{
"kids":[],
"uid":"2920551182",
"parent":"z0SDnk8eE",
"text":"",
"mid":"z4WRG1Yl6",
"date":"2012-11-13 06:54:16"
},
{
"kids":[
"z5mI0qoVI",
"z5mI0qoUs"
],
"uid":"1676114867",
"parent":"",
"text":"",
"mid":"z4TpLcZZ3",
"date":"2012-11-12 22:07:16"
},
{
"kids":[],
"uid":"1560972273",
"parent":"z0SDnk8eE",
"text":"",
"mid":"z4Rz00maE",
"date":"2012-11-12 17:24:31"
},
{
"kids":[],
"uid":"2920050862",
"parent":"",
"text":"",
"mid":"z4s937DN8",
"date":"2012-11-10 00:41:52"
},
{
"kids":[],
"uid":"2919671182",
"parent":"",
"text":"",
"mid":"z4s937DM9",
"date":"2012-11-10 00:41:52"
},
{
"kids":[],
"uid":"2707449413",
"parent":"z0VIuy8PX",
"text":"感动",
"mid":"z4mhMr58W",
"date":"2012-11-09 09:46:57"
},
{
"kids":[],
"uid":"2920143562",
"parent":"",
"text":"",
"mid":"z4iM2zDld",
"date":"2012-11-09 00:50:31"
},
{
"kids":[],
"uid":"1588988262",
"parent":"z0SDnk8eE",
"text":"",
"mid":"z3NQ91suD",
"date":"2012-11-05 18:05:29"
},
{
"kids":[],
"uid":"2804552572",
"parent":"z0SDnk8eE",
"text":"",
"mid":"z3CMOs1Ab",
"date":"2012-11-04 13:57:03"
},
{
"kids":[],
"uid":"2920229040",
"parent":"z0SDnk8eE",
"text":"",
"mid":"z3CMOr47t",
"date":"2012-11-04 13:57:02"
},
{
"kids":[],
"uid":"1574650704",
"parent":"",
"text":"",
"mid":"z3A4qpQEf",
"date":"2012-11-04 07:02:11"
},
{
"kids":[],
"uid":"2919380962",
"parent":"",
"text":"",
"mid":"z3A4q7zvX",
"date":"2012-11-04 07:02:11"
},
{
"kids":[],
"uid":"2804962792",
"parent":"",
"text":"",
"mid":"z3pjbvr6P",
"date":"2012-11-03 03:38:21"
},
{
"kids":[],
"uid":"1440412351",
"parent":"",
"text":"",
"mid":"z3nnblG55",
"date":"2012-11-02 22:42:42"
},
{
"kids":[],
"uid":"1581805280",
"parent":"",
"text":"",
"mid":"z3nnb29a0",
"date":"2012-11-02 22:42:41"
},
{
"kids":[],
"uid":"2789915664",
"parent":"",
"text":"",
"mid":"z3eR76SG5",
"date":"2012-11-02 01:01:43"
},
{
"kids":[],
"uid":"2803605420",
"parent":"",
"text":"",
"mid":"z3cz8pjUm",
"date":"2012-11-01 19:11:53"
},
{
"kids":[],
"uid":"2920172952",
"parent":"",
"text":"",
"mid":"z3cz87IKJ",
"date":"2012-11-01 19:11:53"
},
{
"kids":[],
"uid":"2808735324",
"parent":"z0SDnk8eE",
"text":"",
"mid":"z2Mvu67nL",
"date":"2012-10-30 00:51:29"
},
{
"kids":[],
"uid":"1438901582",
"parent":"z0SDnk8eE",
"text":"",
"mid":"z2E4pewRV",
"date":"2012-10-29 03:22:50"
},
{
"kids":[],
"uid":"2920522782",
"parent":"",
"text":"",
"mid":"z2DWGeYvT",
"date":"2012-10-29 03:03:48"
},
{
"kids":[],
"uid":"1778298665",
"parent":"",
"text":"",
"mid":"z2DWFDQLe",
"date":"2012-10-29 03:03:47"
},
{
"kids":[],
"uid":"2919565334",
"parent":"",
"text":"",
"mid":"z2Cl1dR45",
"date":"2012-10-28 22:58:13"
},
{
"kids":[],
"uid":"2805225510",
"parent":"",
"text":"",
"mid":"z2Cl1dR20",
"date":"2012-10-28 22:58:12"
},
{
"kids":[],
"uid":"2790073130",
"parent":"",
"text":"",
"mid":"z2c1vtqqF",
"date":"2012-10-26 03:58:46"
},
{
"kids":[],
"uid":"1778341621",
"parent":"",
"text":"",
"mid":"z2c1vbDFJ",
"date":"2012-10-26 03:58:46"
},
{
"kids":[],
"uid":"2531279153",
"parent":"",
"text":"唉，大晚上的看见这个，心痛心寒/@笔月风水师:妈妈赴刑场，猴儿紧抱娘，为何这悲伤，人心毒如狼。",
"mid":"z2aT8gnuc",
"date":"2012-10-26 01:05:24"
},
{
"kids":[],
"uid":"2705338612",
"parent":"",
"text":"[泪][泪]太残忍了",
"mid":"z228S5nhZ",
"date":"2012-10-25 02:49:27"
},
{
"kids":[],
"uid":"1582762094",
"parent":"z0SDnk8eE",
"text":"",
"mid":"z1RSJfNrk",
"date":"2012-10-24 00:42:09"
},
{
"kids":[],
"uid":"1589632660",
"parent":"z0SDnk8eE",
"text":"",
"mid":"z1PXavNon",
"date":"2012-10-23 19:47:38"
},
{
"kids":[],
"uid":"2789730080",
"parent":"z0SDnk8eE",
"text":"",
"mid":"z1PXavNnn",
"date":"2012-10-23 19:47:41"
},
{
"kids":[],
"uid":"2920309834",
"parent":"z0T3qcMCU",
"text":"",
"mid":"z1MFFC7eL",
"date":"2012-10-23 11:26:17"
},
{
"kids":[],
"uid":"1583399630",
"parent":"z0T3qcMCU",
"text":"",
"mid":"z1MFFkw5l",
"date":"2012-10-23 11:26:17"
},
{
"kids":[],
"uid":"2790011870",
"parent":"z0T3qcMCU",
"text":"",
"mid":"z1KcqE79C",
"date":"2012-10-23 05:08:46"
},
{
"kids":[],
"uid":"2805394374",
"parent":"z0QCRzMIc",
"text":"",
"mid":"z1K4baGn3",
"date":"2012-10-23 04:48:27"
},
{
"kids":[],
"uid":"1359004541",
"parent":"z0QCRzMIc",
"text":"",
"mid":"z1K4baGmu",
"date":"2012-10-23 04:48:26"
},
{
"kids":[],
"uid":"2919683820",
"parent":"z0SbbbyxI",
"text":"",
"mid":"z1IGwitjD",
"date":"2012-10-23 01:17:25"
},
{
"kids":[],
"uid":"2919615912",
"parent":"z0SbbbyxI",
"text":"",
"mid":"z1IGwitiH",
"date":"2012-10-23 01:17:25"
},
{
"kids":[],
"uid":"2249306070",
"parent":"",
"text":"",
"mid":"z1GNPcoWl",
"date":"2012-10-22 20:29:56"
},
{
"kids":[],
"uid":"2919794374",
"parent":"z0SbbbyxI",
"text":"",
"mid":"z1AnjhqNg",
"date":"2012-10-22 04:08:07"
},
{
"kids":[],
"uid":"2920099060",
"parent":"z0T3qcMCU",
"text":"",
"mid":"z1AgS6HJc",
"date":"2012-10-22 03:52:14"
},
{
"kids":[],
"uid":"2919339942",
"parent":"z0T3qcMCU",
"text":"",
"mid":"z1AgS6HIA",
"date":"2012-10-22 03:52:14"
},
{
"kids":[],
"uid":"1890127777",
"parent":"z0QYwjwRc",
"text":"不敢相信是真的。",
"mid":"z1fK6mhAK",
"date":"2012-10-19 23:36:35"
},
{
"kids":[],
"uid":"2789078132",
"parent":"z0OQScbgf",
"text":"",
"mid":"z1e0mcEJp",
"date":"2012-10-19 19:11:05"
},
{
"kids":[],
"uid":"1740784421",
"parent":"",
"text":"如果是真的，我真想拿刀砍死那个人，猴子跟人是一样的，希望只是开玩笑的，这两只猴子可以安好。",
"mid":"z1d3R1a1U",
"date":"2012-10-19 16:47:00"
},
{
"kids":[],
"uid":"2598064130",
"parent":"z0QYwjwRc",
"text":"",
"mid":"z1bppov8x",
"date":"2012-10-19 12:34:37"
},
{
"kids":[],
"uid":"2919956094",
"parent":"z0SgJ93Ll",
"text":"",
"mid":"z1an35lie",
"date":"2012-10-19 09:56:02"
},
{
"kids":[],
"uid":"2920471574",
"parent":"z16lqlH3K",
"text":"",
"mid":"z1a3PCJnr",
"date":"2012-10-19 09:08:43"
},
{
"kids":[],
"uid":"2789656522",
"parent":"",
"text":"",
"mid":"z17dppAZ0",
"date":"2012-10-19 01:54:04"
},
{
"kids":[
"z1a3PCJnr"
],
"uid":"2317472065",
"parent":"",
"text":"爱护动物不仅仅是嘴，更是心",
"mid":"z16lqlH3K",
"date":"2012-10-18 23:41:05"
},
{
"kids":[],
"uid":"2790040242",
"parent":"z0UoboHN9",
"text":"",
"mid":"z168Sk11v",
"date":"2012-10-18 23:10:09"
},
{
"kids":[],
"uid":"2789831514",
"parent":"z0UoboHN9",
"text":"",
"mid":"z168S2pRJ",
"date":"2012-10-18 23:10:05"
},
{
"kids":[],
"uid":"1582042013",
"parent":"z0SgJ93Ll",
"text":"",
"mid":"z15bmeMMd",
"date":"2012-10-18 20:43:31"
},
{
"kids":[],
"uid":"2919737304",
"parent":"z0SgJ93Ll",
"text":"",
"mid":"z15bmeML6",
"date":"2012-10-18 20:43:29"
},
{
"kids":[],
"uid":"rourouyun",
"parent":"",
"text":"[泪]请手下留情～",
"mid":"z13XRlrtQ",
"date":"2012-10-18 17:37:31"
},
{
"kids":[],
"uid":"3052943855",
"parent":"",
"text":"",
"mid":"z12FcbzGC",
"date":"2012-10-18 14:18:47"
},
{
"kids":[],
"uid":"2426628033",
"parent":"",
"text":"他妈了个逼。",
"mid":"z11GyhWNT",
"date":"2012-10-18 11:49:22"
},
{
"kids":[],
"uid":"amandazhang001",
"parent":"",
"text":"",
"mid":"z11bB8lT6",
"date":"2012-10-18 10:33:07"
},
{
"kids":[],
"uid":"2808876154",
"parent":"",
"text":"",
"mid":"z10eS2Za3",
"date":"2012-10-18 08:08:26"
},
{
"kids":[],
"uid":"2808301794",
"parent":"",
"text":"",
"mid":"z10eRqa6b",
"date":"2012-10-18 08:08:24"
},
{
"kids":[],
"uid":"1655889393",
"parent":"z0W5HiJc9",
"text":"",
"mid":"z0ZZw0NLa",
"date":"2012-10-18 07:30:36"
},
{
"kids":[],
"uid":"331866161",
"parent":"z0Xlieb7y",
"text":"",
"mid":"z0ZUHdDGN",
"date":"2012-10-18 07:18:44"
},
{
"kids":[],
"uid":"2819765923",
"parent":"",
"text":"",
"mid":"z0ZIx8AUZ",
"date":"2012-10-18 06:48:46"
},
{
"kids":[],
"uid":"1587996324",
"parent":"z0QCRzMIc",
"text":"",
"mid":"z0YzNoHoR",
"date":"2012-10-18 03:54:30"
},
{
"kids":[],
"uid":"2808091090",
"parent":"z0UNiE9IH",
"text":"",
"mid":"z0Yg7kOYk",
"date":"2012-10-18 03:06:00"
},
{
"kids":[],
"uid":"1153693564",
"parent":"z0Wo01GTI",
"text":"有点心酸",
"mid":"z0XRRAZGC",
"date":"2012-10-18 02:06:16"
},
{
"kids":[],
"uid":"1939407902",
"parent":"z0Xlieb7y",
"text":"太可怜了",
"mid":"z0XmS20cX",
"date":"2012-10-18 00:49:54"
},
{
"kids":[
"z0ZUHdDGN",
"z0XmS20cX"
],
"uid":"mermaidsun",
"parent":"z0QYwjwRc",
"text":"[泪][泪][泪][泪][泪]",
"mid":"z0Xlieb7y",
"date":"2012-10-18 00:46:02"
},
{
"kids":[],
"uid":"91869141",
"parent":"z0WfW3sEZ",
"text":"某些带V的人说话都不经过大脑的！",
"mid":"z0WWQCzzu",
"date":"2012-10-17 23:45:47"
},
{
"kids":[],
"uid":"zhangsu198888",
"parent":"z0WqJ0UlE",
"text":"我们人类太残忍了~现在开始吃素吧",
"mid":"z0WWjuFCi",
"date":"2012-10-17 23:44:30"
},
{
"kids":[],
"uid":"2334801230",
"parent":"",
"text":"[泪][泪][泪]",
"mid":"z0WHKe2su",
"date":"2012-10-17 23:08:35"
},
{
"kids":[
"z0WWjuFCi"
],
"uid":"2356560975",
"parent":"z0We3AiNV",
"text":"小猴纸在哭[泪][伤心]",
"mid":"z0WqJ0UlE",
"date":"2012-10-17 22:26:38"
},
{
"kids":[],
"uid":"2767185325",
"parent":"",
"text":"",
"mid":"z0WoouiYo",
"date":"2012-10-17 22:20:55"
},
{
"kids":[
"z0XRRAZGC"
],
"uid":"2766502697",
"parent":"",
"text":"人类没有啥事干不出来，说不定哪天会报出哪哪用真人做实验呢，最残忍的就是人了",
"mid":"z0Wo01GTI",
"date":"2012-10-17 22:19:55"
},
{
"kids":[],
"uid":"minnie1024",
"parent":"",
"text":"人类真的是太残忍。。。",
"mid":"z0WmToFPC",
"date":"2012-10-17 22:17:12"
},
{
"kids":[],
"uid":"1441122420",
"parent":"z0WjYBHkJ",
"text":"好残忍",
"mid":"z0WmjokqX",
"date":"2012-10-17 22:15:47"
},
{
"kids":[
"z0WmjokqX"
],
"uid":"WallStPanTu",
"parent":"z0W5HiJc9",
"text":"回复@期货小人物:是吗？请问广东童鞋，还有活吃猴脑吗？",
"mid":"z0WjYBHkJ",
"date":"2012-10-17 22:10:02"
},
{
"kids":[],
"uid":"1841585065",
"parent":"",
"text":"",
"mid":"z0Wjl1HxU",
"date":"2012-10-17 22:08:27"
},
{
"kids":[],
"uid":"2821651414",
"parent":"",
"text":"人啊哎",
"mid":"z0Wif48gP",
"date":"2012-10-17 22:05:45"
},
{
"kids":[],
"uid":"2699009890",
"parent":"",
"text":"他们丫的都不人R出来的！",
"mid":"z0WhSgV9F",
"date":"2012-10-17 22:04:51"
},
{
"kids":[
"z0WWQCzzu"
],
"uid":"nicelly",
"parent":"z0W9GjROk",
"text":"我认识的所有广东人没有吃猴脑的，也没有餐厅有这道菜，绝绝大多数的百姓吃的是正常的食物，可能香港电影看多了会有这样的误解，请大家明辨是非！",
"mid":"z0WfW3sEZ",
"date":"2012-10-17 22:00:02"
},
{
"kids":[
"z0WqJ0UlE"
],
"uid":"2000958925",
"parent":"z0UNiE9IH",
"text":"小猴纸[泪][泪]",
"mid":"z0We3AiNV",
"date":"2012-10-17 21:55:26"
},
{
"kids":[],
"uid":"2785547463",
"parent":"",
"text":"",
"mid":"z0WdqAEYr",
"date":"2012-10-17 21:53:54"
},
{
"kids":[
"z0WfW3sEZ"
],
"uid":"demonhunter759",
"parent":"z0U4vliTR",
"text":"话说这吃法是谁发明的啊",
"mid":"z0W9GjROk",
"date":"2012-10-17 21:44:41"
},
{
"kids":[],
"uid":"1133732617",
"parent":"z0W5HiJc9",
"text":"同右",
"mid":"z0W8tgWwn",
"date":"2012-10-17 21:41:41"
},
{
"kids":[
"z0ZZw0NLa",
"z0WjYBHkJ",
"z0W8tgWwn"
],
"uid":"WallStPanTu",
"parent":"",
"text":"草泥马的，活取猴脑的还在进行啊？这种人应该被口水淹死。谁吃过别跟我说哈，因为我不会把你当人看的。[怒][怒骂][生病]",
"mid":"z0W5HiJc9",
"date":"2012-10-17 21:34:49"
},
{
"kids":[],
"uid":"1974552451",
"parent":"z0VEhAAUZ",
"text":"无知的人类真残忍！",
"mid":"z0W0X0UsH",
"date":"2012-10-17 21:23:09"
},
{
"kids":[],
"uid":"1710670822",
"parent":"z0U0MdDq3",
"text":"回复@JasonBourne_罗: 就因为你们把猴子及任何野生动物都当成饲养的牲畜才什么都吃, 这才是根本的毛病.",
"mid":"z0W0ncwD3",
"date":"2012-10-17 21:21:41"
},
{
"kids":[],
"uid":"2970797667",
"parent":"z0SxYc9NX",
"text":"太感动了，人们怎么可以如此残忍！",
"mid":"z0VRN3qA6",
"date":"2012-10-17 21:00:35"
},
{
"kids":[
"z5lgwkHFU",
"z4mhMr58W"
],
"uid":"2368087414",
"parent":"z0ReLCDLk",
"text":"[泪] 人类太残酷了",
"mid":"z0VIuy8PX",
"date":"2012-10-17 20:37:40"
},
{
"kids":[
"z0W0X0UsH"
],
"uid":"2310614421",
"parent":"z0UNiE9IH",
"text":"人在做天在看[怒]",
"mid":"z0VEhAAUZ",
"date":"2012-10-17 20:27:19"
},
{
"kids":[],
"uid":"2172238907",
"parent":"",
"text":"为中国人悲哀",
"mid":"z0VDNs8Dp",
"date":"2012-10-17 20:26:04"
},
{
"kids":[],
"uid":"2164063640",
"parent":"z0RFQimaO",
"text":"少爷经常说：“ 你们人类在自取灭亡”/@董超在现场:不知该说啥了",
"mid":"z0Vwk7VfE",
"date":"2012-10-17 20:07:42"
},
{
"kids":[],
"uid":"2362186001",
"parent":"",
"text":"",
"mid":"z0VpqisSq",
"date":"2012-10-17 19:50:42"
},
{
"kids":[],
"uid":"2285501341",
"parent":"z0Nvsfgiu",
"text":"暴殄",
"mid":"z0V6EAUni",
"date":"2012-10-17 19:04:26"
},
{
"kids":[],
"uid":"1796830663",
"parent":"z0Tzq8UYw",
"text":"请人类要自重，不要滥杀！[怒][怒]",
"mid":"z0UQPhAEf",
"date":"2012-10-17 18:25:29"
},
{
"kids":[
"z0Yg7kOYk",
"z0We3AiNV",
"z0VEhAAUZ"
],
"uid":"2276893980",
"parent":"z0UCVmP9s",
"text":"[泪]",
"mid":"z0UNiE9IH",
"date":"2012-10-17 18:16:44"
},
{
"kids":[],
"uid":"1778363737",
"parent":"z0StxrtSx",
"text":"额……我以为是猪脑……",
"mid":"z0UJv8yTs",
"date":"2012-10-17 18:07:23"
},
{
"kids":[],
"uid":"1778363737",
"parent":"z0StxrtSx",
"text":"当然好吃啦！下次火锅必须点这个",
"mid":"z0UJmA354",
"date":"2012-10-17 18:07:03"
},
{
"kids":[
"z0UNiE9IH"
],
"uid":"zhangsu198888",
"parent":"z0UoboHN9",
"text":"[泪]看不下去了",
"mid":"z0UCVmP9s",
"date":"2012-10-17 17:51:13"
},
{
"kids":[],
"uid":"1411323607",
"parent":"",
"text":"",
"mid":"z0UBX4uEO",
"date":"2012-10-17 17:48:47"
},
{
"kids":[
"z168Sk11v",
"z168S2pRJ",
"z0UCVmP9s"
],
"uid":"2287153420",
"parent":"",
"text":"残忍伐！",
"mid":"z0UoboHN9",
"date":"2012-10-17 17:14:54"
},
{
"kids":[],
"uid":"2548980850",
"parent":"z0U4vliTR",
"text":"TM有那么馋么？！",
"mid":"z0Un9zEH0",
"date":"2012-10-17 17:12:21"
},
{
"kids":[],
"uid":"2374996814",
"parent":"z0NNJpmcR",
"text":"好可怜啊！[可怜]",
"mid":"z0UkIjiJD",
"date":"2012-10-17 17:06:19"
},
{
"kids":[],
"uid":"2682392261",
"parent":"",
"text":"@秘密警察2011 我又想到那只被狮子咬掉半个屁股半条腿的母鸡了。555",
"mid":"z0UgQkt8o",
"date":"2012-10-17 16:56:49"
},
{
"kids":[],
"uid":"1353482770",
"parent":"",
"text":"中国人最不讲道德，吃猴脑，喝小孩汤，无耻之极。",
"mid":"z0UglAolJ",
"date":"2012-10-17 16:55:36"
},
{
"kids":[],
"uid":"2395840720",
"parent":"",
"text":"眼泪马上掉了下来  心酸",
"mid":"z0U8JpLGR",
"date":"2012-10-17 16:36:49"
},
{
"kids":[
"z0W9GjROk",
"z0Un9zEH0"
],
"uid":"kuntascully",
"parent":"z0U0MdDq3",
"text":"好可怜[泪][泪][泪]",
"mid":"z0U4vliTR",
"date":"2012-10-17 16:26:24"
},
{
"kids":[],
"uid":"2713746851",
"parent":"",
"text":"怎么能忍心呢？",
"mid":"z0U3BsrZq",
"date":"2012-10-17 16:24:12"
},
{
"kids":[],
"uid":"2516429475",
"parent":"z0NFTliTG",
"text":"",
"mid":"z0U34E7K3",
"date":"2012-10-17 16:22:54"
},
{
"kids":[
"z0W0ncwD3",
"z0U4vliTR"
],
"uid":"1710670822",
"parent":"",
"text":"又是tm的广东人？他们丫不得sars谁得？！",
"mid":"z0U0MdDq3",
"date":"2012-10-17 16:17:13"
},
{
"kids":[],
"uid":"2808924190",
"parent":"z0SUecnLH",
"text":"",
"mid":"z0U08ENba",
"date":"2012-10-17 16:15:40"
},
{
"kids":[],
"uid":"2658536713",
"parent":"",
"text":"人性在哪里？。",
"mid":"z0TMDdgWD",
"date":"2012-10-17 15:42:21"
},
{
"kids":[],
"uid":"1867773480",
"parent":"z0Nvsfgiu",
"text":"",
"mid":"z0TKY672a",
"date":"2012-10-17 15:38:17"
},
{
"kids":[],
"uid":"1880139092",
"parent":"z0Ngs2Hwd",
"text":"食食食，食屎啦！[怒][怒][怒]",
"mid":"z0TDFpKbv",
"date":"2012-10-17 15:20:18"
},
{
"kids":[
"z0UQPhAEf"
],
"uid":"1977633273",
"parent":"",
"text":"好残忍。以前听的时候，好想试下，而家睇到。。。[晕][鄙视]",
"mid":"z0Tzq8UYw",
"date":"2012-10-17 15:09:50"
},
{
"kids":[],
"uid":"2689251133",
"parent":"",
"text":"",
"mid":"z0TyK9I7S",
"date":"2012-10-17 15:08:09"
},
{
"kids":[],
"uid":"aileen1188",
"parent":"",
"text":"这些人渣！",
"mid":"z0TmzsloI",
"date":"2012-10-17 14:38:11"
},
{
"kids":[],
"uid":"severustrison",
"parent":"z0T9ixJOr",
"text":"Just food chain",
"mid":"z0Tigle6T",
"date":"2012-10-17 14:27:34"
},
{
"kids":[],
"uid":"1049235415",
"parent":"",
"text":"真想骂大街！！！[怒]",
"mid":"z0Tf8sCfj",
"date":"2012-10-17 14:19:53"
},
{
"kids":[],
"uid":"2169739743",
"parent":"z0SUecnLH",
"text":"",
"mid":"z0Tf0vyrl",
"date":"2012-10-17 14:19:33"
},
{
"kids":[],
"uid":"cdchaogu888",
"parent":"z0SUecnLH",
"text":"这个照片是以色列一个研究机构要把母后拿去做研究时的照片，已经被辟谣了的，一些人除了反华就是造谣，真是可恶的很。",
"mid":"z0Tca8xmf",
"date":"2012-10-17 14:12:31"
},
{
"kids":[],
"uid":"mei0may",
"parent":"z0S4kw3ej",
"text":"怎么可以！",
"mid":"z0TbggP5E",
"date":"2012-10-17 14:10:17"
},
{
"kids":[],
"uid":"2785809927",
"parent":"z0SUecnLH",
"text":"",
"mid":"z0Tah7QdE",
"date":"2012-10-17 14:07:52"
},
{
"kids":[],
"uid":"1656730850",
"parent":"z0SUecnLH",
"text":"",
"mid":"z0T9Oq4kb",
"date":"2012-10-17 14:06:45"
},
{
"kids":[
"z0Tigle6T"
],
"uid":"1883742052",
"parent":"z0NFTliTG",
"text":"报应不止在当世",
"mid":"z0T9ixJOr",
"date":"2012-10-17 14:05:29"
},
{
"kids":[],
"uid":"2129590691",
"parent":"z0T45htd7",
"text":"拍照的人救下了猴子吗？",
"mid":"z0T9fiNvo",
"date":"2012-10-17 14:05:21"
},
{
"kids":[],
"uid":"memory0v0",
"parent":"z0SUecnLH",
"text":"我艹！人性被这些没人性的人变成狗屎了！！！",
"mid":"z0T9fhs6W",
"date":"2012-10-17 14:05:20"
},
{
"kids":[],
"uid":"514578987",
"parent":"",
"text":"vv",
"mid":"z0T83pNoa",
"date":"2012-10-17 14:02:24"
},
{
"kids":[],
"uid":"2704636347",
"parent":"",
"text":"人猿星球[浮云]",
"mid":"z0T6T1wK8",
"date":"2012-10-17 13:59:32"
},
{
"kids":[],
"uid":"1800412580",
"parent":"",
"text":"会有报应的！",
"mid":"z0T5Eu2n7",
"date":"2012-10-17 13:56:29"
},
{
"kids":[],
"uid":"1700780442",
"parent":"z0SUecnLH",
"text":"[伤心]",
"mid":"z0T5gveYs",
"date":"2012-10-17 13:55:33"
},
{
"kids":[],
"uid":"2507290130",
"parent":"",
"text":"",
"mid":"z0T4M7upM",
"date":"2012-10-17 13:54:20"
},
{
"kids":[
"z0T9fiNvo"
],
"uid":"ruyistone",
"parent":"",
"text":"造孽啊！多转转吧！人心啊！阿弥陀佛！",
"mid":"z0T45htd7",
"date":"2012-10-17 13:52:38"
},
{
"kids":[
"z1MFFC7eL",
"z1MFFkw5l",
"z1KcqE79C",
"z1AgS6HJc",
"z1AgS6HIA"
],
"uid":"2608448402",
"parent":"z0SUecnLH",
"text":"",
"mid":"z0T3qcMCU",
"date":"2012-10-17 13:51:00"
},
{
"kids":[],
"uid":"2559045511",
"parent":"",
"text":"这些人去死吧，可恶！",
"mid":"z0T3pB8II",
"date":"2012-10-17 13:50:59"
},
{
"kids":[],
"uid":"2195588995",
"parent":"",
"text":"邪恶的死发！更邪恶的人心！",
"mid":"z0T0Xqr5Z",
"date":"2012-10-17 13:44:55"
},
{
"kids":[],
"uid":"1811187940",
"parent":"",
"text":"猴脑有什么好吃的啊，人渣啊",
"mid":"z0SZIAejn",
"date":"2012-10-17 13:41:53"
},
{
"kids":[],
"uid":"2662939781",
"parent":"",
"text":"",
"mid":"z0SZ2iY7m",
"date":"2012-10-17 13:40:12"
},
{
"kids":[],
"uid":"xuzilin",
"parent":"z0SUecnLH",
"text":"[可怜]",
"mid":"z0SXu05uI",
"date":"2012-10-17 13:36:22"
},
{
"kids":[],
"uid":"2140896873",
"parent":"z0SHysRpT",
"text":"人啊，，",
"mid":"z0SWVrs7f",
"date":"2012-10-17 13:34:59"
},
{
"kids":[],
"uid":"2606815775",
"parent":"z0SVlDcDZ",
"text":"伤感",
"mid":"z0SW9gq3k",
"date":"2012-10-17 13:33:05"
},
{
"kids":[
"z0SW9gq3k"
],
"uid":"eaglexuan",
"parent":"z0SUecnLH",
"text":"少杀生积德[祈祷]",
"mid":"z0SVlDcDZ",
"date":"2012-10-17 13:31:07"
},
{
"kids":[],
"uid":"viviancreate",
"parent":"z0SUecnLH",
"text":"@司马_於铁雄 口味清淡点，对谁都好啊",
"mid":"z0SUAAmhv",
"date":"2012-10-17 13:29:14"
},
{
"kids":[
"z0U08ENba",
"z0Tf0vyrl",
"z0Tca8xmf",
"z0Tah7QdE",
"z0T9Oq4kb",
"z0T9fhs6W",
"z0T5gveYs",
"z0T3qcMCU",
"z0SXu05uI",
"z0SVlDcDZ",
"z0SUAAmhv"
],
"uid":"laomopiping",
"parent":"",
"text":"[衰]",
"mid":"z0SUecnLH",
"date":"2012-10-17 13:28:20"
},
{
"kids":[],
"uid":"2653238913",
"parent":"",
"text":"[泪]",
"mid":"z0STJaxfA",
"date":"2012-10-17 13:27:07"
},
{
"kids":[],
"uid":"duiduige",
"parent":"",
"text":"看了这个，你还吃吗？",
"mid":"z0SSu0UhG",
"date":"2012-10-17 13:24:04"
},
{
"kids":[],
"uid":"2081371667",
"parent":"",
"text":"",
"mid":"z0SRZB0GO",
"date":"2012-10-17 13:22:51"
},
{
"kids":[],
"uid":"2752310295",
"parent":"",
"text":"让那些野蛮的人看看吧！[鄙视]",
"mid":"z0SRMiAyN",
"date":"2012-10-17 13:22:19"
},
{
"kids":[],
"uid":"cafajinxin",
"parent":"z0REDxfMv",
"text":"诅咒那些野人被活开脑盖！！！",
"mid":"z0SODwf1l",
"date":"2012-10-17 13:14:35"
},
{
"kids":[],
"uid":"1459952877",
"parent":"",
"text":"",
"mid":"z0SNX0nlp",
"date":"2012-10-17 13:12:54"
},
{
"kids":[],
"uid":"2158950797",
"parent":"",
"text":"",
"mid":"z0SMRloZr",
"date":"2012-10-17 13:10:12"
},
{
"kids":[],
"uid":"1465269021",
"parent":"",
"text":"唉，人类有的时候真的很残忍",
"mid":"z0SKew3Qz",
"date":"2012-10-17 13:03:42"
},
{
"kids":[],
"uid":"2212436375",
"parent":"",
"text":"取猴脑的人可恶！吃的人更可恶[怒]",
"mid":"z0SJQ1D78",
"date":"2012-10-17 13:02:45"
},
{
"kids":[],
"uid":"1931254847",
"parent":"z0NVRyj2W",
"text":"可恶！",
"mid":"z0SJ1teIe",
"date":"2012-10-17 13:00:44"
},
{
"kids":[],
"uid":"2500504425",
"parent":"",
"text":"",
"mid":"z0SI0fMep",
"date":"2012-10-17 12:58:13"
},
{
"kids":[
"z0SWVrs7f"
],
"uid":"pegionking",
"parent":"",
"text":"[吃惊][怒][衰]",
"mid":"z0SHysRpT",
"date":"2012-10-17 12:57:08"
},
{
"kids":[],
"uid":"2377236295",
"parent":"",
"text":"",
"mid":"z0SHngmPN",
"date":"2012-10-17 12:56:40"
},
{
"kids":[],
"uid":"2711848323",
"parent":"",
"text":"",
"mid":"z0SGfcghN",
"date":"2012-10-17 12:53:54"
},
{
"kids":[],
"uid":"1914293795",
"parent":"",
"text":"",
"mid":"z0SFLmL2r",
"date":"2012-10-17 12:52:43"
},
{
"kids":[],
"uid":"2945510387",
"parent":"",
"text":"",
"mid":"z0SFD7vCR",
"date":"2012-10-17 12:52:21"
},
{
"kids":[],
"uid":"3045819483",
"parent":"",
"text":"",
"mid":"z0SEV2dTx",
"date":"2012-10-17 12:50:37"
},
{
"kids":[],
"uid":"2129381323",
"parent":"",
"text":"[泪]",
"mid":"z0SEOht4t",
"date":"2012-10-17 12:50:22"
},
{
"kids":[],
"uid":"1780527254",
"parent":"",
"text":"这些邪恶的人",
"mid":"z0SE9tgMd",
"date":"2012-10-17 12:48:43"
},
{
"kids":[],
"uid":"yi18star",
"parent":"",
"text":"人人都要邪恶的一面，面对了才有可能学会控制，不面对必然会纵容",
"mid":"z0SDKodDE",
"date":"2012-10-17 12:47:42"
},
{
"kids":[],
"uid":"2645531493",
"parent":"",
"text":"",
"mid":"z0SDqit63",
"date":"2012-10-17 12:46:57"
},
{
"kids":[
"zoH5X7A9B",
"zoH5X7iHK",
"zgMSb8ntI",
"zgDEq8d4w",
"zfTs1lfKA",
"zfLfvec0g",
"zdLEB9eVf",
"zdLEAwurC",
"zc5OveOF6",
"zbZBfs4zr",
"zbZBfs4xX",
"z6Q3IbNql",
"z6IkIEG5r",
"z6IkICPPz",
"z5TH6nTyu",
"z5GCS87Vp",
"z5GCS87UH",
"z4WRG1Yl6",
"z4Rz00maE",
"z3NQ91suD",
"z3CMOs1Ab",
"z3CMOr47t",
"z2Mvu67nL",
"z2E4pewRV",
"z1RSJfNrk",
"z1PXavNon",
"z1PXavNnn"
],
"uid":"1782488567",
"parent":"",
"text":"",
"mid":"z0SDnk8eE",
"date":"2012-10-17 12:46:51"
},
{
"kids":[],
"uid":"2439844034",
"parent":"z0RFQimaO",
"text":"善待生命，，，它们也会痛苦",
"mid":"z0SDf3L2J",
"date":"2012-10-17 12:46:28"
},
{
"kids":[],
"uid":"oninochihiro",
"parent":"z0SxYc9NX",
"text":"[怒]",
"mid":"z0SBDbnGv",
"date":"2012-10-17 12:42:31"
},
{
"kids":[
"z0VRN3qA6",
"z0SBDbnGv"
],
"uid":"1903630493",
"parent":"",
"text":"[泪]",
"mid":"z0SxYc9NX",
"date":"2012-10-17 12:33:32"
},
{
"kids":[],
"uid":"2475071343",
"parent":"z0RFQimaO",
"text":"畜生不如的人们",
"mid":"z0SvZ1mBj",
"date":"2012-10-17 12:28:35"
},
{
"kids":[],
"uid":"311151766",
"parent":"",
"text":"残忍！！！！流泪……",
"mid":"z0SuhwvSJ",
"date":"2012-10-17 12:24:24"
},
{
"kids":[
"z0UJv8yTs",
"z0UJmA354"
],
"uid":"1914610745",
"parent":"",
"text":"猴脑有啥好吃的！",
"mid":"z0StxrtSx",
"date":"2012-10-17 12:22:36"
},
{
"kids":[],
"uid":"1110289355",
"parent":"",
"text":"真是有病",
"mid":"z0Sr4nvOv",
"date":"2012-10-17 12:16:30"
},
{
"kids":[],
"uid":"332525691",
"parent":"z0R7Et2fH",
"text":"[伤心]",
"mid":"z0So0n5Ke",
"date":"2012-10-17 12:08:57"
},
{
"kids":[],
"uid":"boheyuling",
"parent":"z0REDxfMv",
"text":"[泪]",
"mid":"z0Sm74QNp",
"date":"2012-10-17 12:04:18"
},
{
"kids":[],
"uid":"skilaaa",
"parent":"",
"text":"",
"mid":"z0Slszn0e",
"date":"2012-10-17 12:02:41"
},
{
"kids":[],
"uid":"33988676",
"parent":"",
"text":"[怒骂]没人性啊",
"mid":"z0SkArgd0",
"date":"2012-10-17 12:00:33"
},
{
"kids":[],
"uid":"1459952877",
"parent":"",
"text":"2B，没有人性的畜生，把他们也活取了脑子",
"mid":"z0SkhywlZ",
"date":"2012-10-17 11:59:46"
},
{
"kids":[],
"uid":"1823972212",
"parent":"",
"text":"震撼！",
"mid":"z0SgMlOoS",
"date":"2012-10-17 11:51:10"
},
{
"kids":[
"z1an35lie",
"z15bmeMMd",
"z15bmeML6"
],
"uid":"2792108922",
"parent":"",
"text":"有时候人是最凶残的动物，太恐怖了。",
"mid":"z0SgJ93Ll",
"date":"2012-10-17 11:51:02"
},
{
"kids":[],
"uid":"yoyo2qiqi",
"parent":"z0RFQimaO",
"text":"[泪]为什么会有人吃猴脑啊。。。。不是人啊",
"mid":"z0SeirICZ",
"date":"2012-10-17 11:45:01"
},
{
"kids":[],
"uid":"2660461923",
"parent":"z0Rpo0wXg",
"text":"人性之恶毒！",
"mid":"z0ScSmC6Z",
"date":"2012-10-17 11:41:31"
},
{
"kids":[],
"uid":"yoleyo",
"parent":"",
"text":"太残忍了，心情不好受！",
"mid":"z0Sbq00Cq",
"date":"2012-10-17 11:37:56"
},
{
"kids":[
"zpncNrpQE",
"zp94wgBK6",
"zofnGgLdt",
"zePoWiYJ7",
"zeGdvue6R",
"zdTwMnXTt",
"zdP7qrepj",
"zcnOd2EaN",
"zbVp7trAb",
"zbQnxFzWi",
"zbui6tUwO",
"zaGuBoopk",
"zaGuBoomV",
"zaD1fASIu",
"zaD1fASGS",
"z1IGwitjD",
"z1IGwitiH",
"z1AnjhqNg"
],
"uid":"2076856027",
"parent":"",
"text":"",
"mid":"z0SbbbyxI",
"date":"2012-10-17 11:37:21"
},
{
"kids":[],
"uid":"2335453213",
"parent":"",
"text":"",
"mid":"z0S9mgG9s",
"date":"2012-10-17 11:32:53"
},
{
"kids":[],
"uid":"1632015280",
"parent":"z0RwdrOz2",
"text":"",
"mid":"z0S8jBh0L",
"date":"2012-10-17 11:30:18"
},
{
"kids":[],
"uid":"1052159425",
"parent":"",
"text":"",
"mid":"z0S7d3gc2",
"date":"2012-10-17 11:27:33"
},
{
"kids":[
"z0TbggP5E"
],
"uid":"1969795655",
"parent":"",
"text":"声讨！",
"mid":"z0S4kw3ej",
"date":"2012-10-17 11:20:28"
},
{
"kids":[],
"uid":"alma0616",
"parent":"z0RqzhR0T",
"text":"真的太过分了，小猴都哭了[泪]",
"mid":"z0S334Kth",
"date":"2012-10-17 11:17:18"
},
{
"kids":[],
"uid":"1713241994",
"parent":"z0RRgirr5",
"text":"吃客怎么下得去筷子",
"mid":"z0S0qhijv",
"date":"2012-10-17 11:10:52"
},
{
"kids":[],
"uid":"2027903520",
"parent":"z0R9gCi2L",
"text":"",
"mid":"z0RZu5fbS",
"date":"2012-10-17 11:08:34"
},
{
"kids":[],
"uid":"1227227887",
"parent":"z0RwdrOz2",
"text":"靠。。",
"mid":"z0RXUyuEX",
"date":"2012-10-17 11:04:40"
},
{
"kids":[],
"uid":"1842368947",
"parent":"z0Nvsfgiu",
"text":"@知知爸爸我看到照片想起知知昨晚了。 @黑猫咪的blog  怎麼能這麼殘忍，看看母子倆的眼神，那相依為命的相擁。猴子是最有靈性的動物，這與吃人腦無異，有立法禁止嗎？",
"mid":"z0RVPEK3d",
"date":"2012-10-17 10:59:34"
},
{
"kids":[],
"uid":"2023665113",
"parent":"z0RFQimaO",
"text":"为什么要这么残忍…你会遭天遣的！[泪][泪]",
"mid":"z0RRwz6LA",
"date":"2012-10-17 10:48:56"
},
{
"kids":[
"z0S0qhijv"
],
"uid":"2499681583",
"parent":"",
"text":"残忍",
"mid":"z0RRgirr5",
"date":"2012-10-17 10:48:19"
},
{
"kids":[],
"uid":"2078647265",
"parent":"",
"text":"",
"mid":"z0RPC5Xp9",
"date":"2012-10-17 10:44:14"
},
{
"kids":[],
"uid":"2279142252",
"parent":"",
"text":"怎么可以那么残忍！",
"mid":"z0RNu0YQV",
"date":"2012-10-17 10:38:59"
},
{
"kids":[],
"uid":"2796852250",
"parent":"",
"text":"@三味忏",
"mid":"z0RKxmzc6",
"date":"2012-10-17 10:31:44"
},
{
"kids":[],
"uid":"2505570470",
"parent":"",
"text":"救得过来吗？@封新城 @薛蛮子 @邓飞",
"mid":"z0RJSEV0p",
"date":"2012-10-17 10:30:07"
},
{
"kids":[],
"uid":"1647151653",
"parent":"",
"text":"好心酸的一幕，希望残忍的人类不要再这样犯错！",
"mid":"z0RJvh1P2",
"date":"2012-10-17 10:29:11"
},
{
"kids":[],
"uid":"1444386465",
"parent":"z0RFQimaO",
"text":"已经证实是不实图片了呀",
"mid":"z0RJc4ylI",
"date":"2012-10-17 10:28:25"
},
{
"kids":[],
"uid":"2244956462",
"parent":"",
"text":"[委屈]比半旗更让人难过！@北京厨子 @幽壹 @不一样的心理学",
"mid":"z0RJayVaY",
"date":"2012-10-17 10:28:22"
},
{
"kids":[],
"uid":"2061027540",
"parent":"",
"text":"昨天转过，再次看见后又忍不住的难受",
"mid":"z0RIsh1Ip",
"date":"2012-10-17 10:26:34"
},
{
"kids":[],
"uid":"1117581520",
"parent":"",
"text":"人类的确做过一些不道德的事，但这张照片的标题是造谣。",
"mid":"z0RI6Frbt",
"date":"2012-10-17 10:25:45"
},
{
"kids":[],
"uid":"1690401084",
"parent":"z0RFQimaO",
"text":"[泪]",
"mid":"z0RHTnDE0",
"date":"2012-10-17 10:25:13"
},
{
"kids":[],
"uid":"1957454880",
"parent":"",
"text":"昨日见北京现斗狗赌博，人性退化到变态快感的角斗士的奴隶社会，不知文明国家的法律会容忍这些变态行为不？",
"mid":"z0RHODOml",
"date":"2012-10-17 10:25:01"
},
{
"kids":[],
"uid":"laihaofeng",
"parent":"z0RFQimaO",
"text":"",
"mid":"z0RHG7SJG",
"date":"2012-10-17 10:24:41"
},
{
"kids":[],
"uid":"2269858832",
"parent":"z0RFQimaO",
"text":"期望猴妈平安",
"mid":"z0RHEjlKB",
"date":"2012-10-17 10:24:35"
},
{
"kids":[],
"uid":"2721517894",
"parent":"z0RFQimaO",
"text":"如果是真的，那真的残酷和没有人性",
"mid":"z0RHzByGd",
"date":"2012-10-17 10:24:25"
},
{
"kids":[],
"uid":"1939188562",
"parent":"",
"text":"cao。。",
"mid":"z0RH12fwS",
"date":"2012-10-17 10:23:02"
},
{
"kids":[],
"uid":"2734957631",
"parent":"",
"text":"[伤心][伤心][伤心][伤心][伤心][怒骂][怒骂][怒骂][怒骂][怒骂]",
"mid":"z0RGNqppL",
"date":"2012-10-17 10:22:31"
},
{
"kids":[],
"uid":"xiejunbo",
"parent":"",
"text":"请永远记住吃掉你妈妈大脑的东西们，当然，这张照片不一定就是取脑",
"mid":"z0RGsaIcv",
"date":"2012-10-17 10:21:39"
},
{
"kids":[],
"uid":"2040702807",
"parent":"",
"text":"",
"mid":"z0RG1w0U4",
"date":"2012-10-17 10:20:36"
},
{
"kids":[
"z0Vwk7VfE",
"z0SDf3L2J",
"z0SvZ1mBj",
"z0SeirICZ",
"z0RRwz6LA",
"z0RJc4ylI",
"z0RHTnDE0",
"z0RHG7SJG",
"z0RHEjlKB",
"z0RHzByGd"
],
"uid":"dongchao119",
"parent":"",
"text":"不知该说啥了",
"mid":"z0RFQimaO",
"date":"2012-10-17 10:20:10"
},
{
"kids":[],
"uid":"cindytm",
"parent":"",
"text":"",
"mid":"z0RFEuLbK",
"date":"2012-10-17 10:19:42"
},
{
"kids":[],
"uid":"1963164935",
"parent":"",
"text":"放开那只母㺅",
"mid":"z0RFA4YqQ",
"date":"2012-10-17 10:19:31"
},
{
"kids":[],
"uid":"1977692301",
"parent":"",
"text":"",
"mid":"z0RFztkwj",
"date":"2012-10-17 10:19:29"
},
{
"kids":[],
"uid":"2474691657",
"parent":"",
"text":"",
"mid":"z0RFdiKrz",
"date":"2012-10-17 10:18:37"
},
{
"kids":[],
"uid":"1260670330",
"parent":"",
"text":"",
"mid":"z0REKCKdr",
"date":"2012-10-17 10:17:29"
},
{
"kids":[
"z8DxBweVl",
"z0SODwf1l",
"z0Sm74QNp"
],
"uid":"2379608875",
"parent":"z0QXs7SpG",
"text":"什么时候能停止这么残忍得行径？！吃猴脑在南方很流行！醒醒吧，那些什么都敢吃得野人们！",
"mid":"z0REDxfMv",
"date":"2012-10-17 10:17:12"
},
{
"kids":[],
"uid":"stiflermin",
"parent":"",
"text":"",
"mid":"z0REx5QHB",
"date":"2012-10-17 10:16:55"
},
{
"kids":[],
"uid":"zwqcj",
"parent":"",
"text":"",
"mid":"z0REqyM0n",
"date":"2012-10-17 10:16:41"
},
{
"kids":[],
"uid":"206278980",
"parent":"z0RDx18Rs",
"text":"我妹就是正义！说的好！严重支持！",
"mid":"z0RE2lB8w",
"date":"2012-10-17 10:15:41"
},
{
"kids":[],
"uid":"1262334153",
"parent":"",
"text":"",
"mid":"z0RDE5x7A",
"date":"2012-10-17 10:14:45"
},
{
"kids":[
"z0RE2lB8w"
],
"uid":"2461970923",
"parent":"z0R73uKPP",
"text":"太残忍了，不吃猴脑能死啊？祝愿吃猴脑得脑癌，早死早去伺候猴鬼们。",
"mid":"z0RDx18Rs",
"date":"2012-10-17 10:14:26"
},
{
"kids":[],
"uid":"1765502682",
"parent":"",
"text":"[哼][哼][哼][哼]",
"mid":"z0RDfAOix",
"date":"2012-10-17 10:13:47"
},
{
"kids":[],
"uid":"2007497774",
"parent":"z0R7Et2fH",
"text":"最残忍的动物莫过于叫做[围观]",
"mid":"z0Rzc6pli",
"date":"2012-10-17 10:03:47"
},
{
"kids":[],
"uid":"1782498287",
"parent":"z0Rpo0wXg",
"text":"看小猴子的表情多么哀伤...555",
"mid":"z0RxJo7pk",
"date":"2012-10-17 10:00:11"
},
{
"kids":[
"z0S8jBh0L",
"z0RXUyuEX"
],
"uid":"sanjiaqi2001",
"parent":"z0QXs7SpG",
"text":"[草泥马]",
"mid":"z0RwdrOz2",
"date":"2012-10-17 09:56:26"
},
{
"kids":[],
"uid":"2064568557",
"parent":"",
"text":"吃猴脑，杀猴子者都得脑癌，让你们没良心！！！",
"mid":"z0Rw2tLyj",
"date":"2012-10-17 09:55:59"
},
{
"kids":[],
"uid":"1965730625",
"parent":"",
"text":"",
"mid":"z0Rusmw9d",
"date":"2012-10-17 09:52:07"
},
{
"kids":[],
"uid":"1625974003",
"parent":"",
"text":"无语",
"mid":"z0RtF3y3z",
"date":"2012-10-17 09:50:09"
},
{
"kids":[],
"uid":"1770528647",
"parent":"z0R7Et2fH",
"text":"",
"mid":"z0Rt4pUBh",
"date":"2012-10-17 09:48:42"
},
{
"kids":[],
"uid":"1978586851",
"parent":"z0QPVfhxt",
"text":"",
"mid":"z0RsOaLHB",
"date":"2012-10-17 09:48:03"
},
{
"kids":[
"z0S334Kth"
],
"uid":"2663214843",
"parent":"",
"text":"为什么这些人要这样？说他没人性都是轻的，实在找不到词可以形容。[怒]",
"mid":"z0RqzhR0T",
"date":"2012-10-17 09:42:30"
},
{
"kids":[
"z0ScSmC6Z",
"z0RxJo7pk"
],
"uid":"2587305595",
"parent":"",
"text":"",
"mid":"z0Rpo0wXg",
"date":"2012-10-17 09:39:37"
},
{
"kids":[],
"uid":"1740306313",
"parent":"",
"text":"",
"mid":"z0Rlj4qUU",
"date":"2012-10-17 09:29:34"
},
{
"kids":[],
"uid":"1752045951",
"parent":"z0QXs7SpG",
"text":"畜生所为",
"mid":"z0RkR0NW2",
"date":"2012-10-17 09:28:26"
},
{
"kids":[],
"uid":"2068582723",
"parent":"",
"text":"[淚][淚]那王八蛋挨千刀的 TMD不是人",
"mid":"z0RjDmpDk",
"date":"2012-10-17 09:25:27"
},
{
"kids":[],
"uid":"2755007410",
"parent":"",
"text":"",
"mid":"z0RiQ0BG8",
"date":"2012-10-17 09:23:29"
},
{
"kids":[],
"uid":"1108957710",
"parent":"",
"text":"",
"mid":"z0Rhsiiwu",
"date":"2012-10-17 09:20:05"
},
{
"kids":[],
"uid":"222838019",
"parent":"",
"text":"动物通性！[笑哈哈]",
"mid":"z0Rhm4MDk",
"date":"2012-10-17 09:19:50"
},
{
"kids":[],
"uid":"2774911460",
"parent":"",
"text":"",
"mid":"z0Rg3qfrE",
"date":"2012-10-17 09:16:38"
},
{
"kids":[],
"uid":"1688414394",
"parent":"",
"text":"[泪]人心毒如狼",
"mid":"z0RfVs6wg",
"date":"2012-10-17 09:16:19"
},
{
"kids":[
"z0VIuy8PX"
],
"uid":"1157288141",
"parent":"",
"text":"[泪][泪][泪]都是些个不是人的东西",
"mid":"z0ReLCDLk",
"date":"2012-10-17 09:13:28"
},
{
"kids":[],
"uid":"2638318411",
"parent":"",
"text":"@南化四小小熊猫 @志志-846 @小野猫莉 @夏日秦淮",
"mid":"z0ReioYJq",
"date":"2012-10-17 09:12:17"
},
{
"kids":[],
"uid":"2207878750",
"parent":"",
"text":"",
"mid":"z0Re335Wd",
"date":"2012-10-17 09:11:40"
},
{
"kids":[],
"uid":"1923209752",
"parent":"",
"text":"哎好可怜 人心真的毒如狼",
"mid":"z0RdWd9Mm",
"date":"2012-10-17 09:11:25"
},
{
"kids":[],
"uid":"1628941724",
"parent":"",
"text":"感动了",
"mid":"z0RdUb5tf",
"date":"2012-10-17 09:11:20"
},
{
"kids":[],
"uid":"2709746992",
"parent":"",
"text":"造孽啊！",
"mid":"z0RdTxqUe",
"date":"2012-10-17 09:11:18"
},
{
"kids":[],
"uid":"1757501237",
"parent":"",
"text":"",
"mid":"z0RdamAKZ",
"date":"2012-10-17 09:09:31"
},
{
"kids":[],
"uid":"1239545015",
"parent":"",
"text":"唉。。。",
"mid":"z0RcH6MeN",
"date":"2012-10-17 09:08:20"
},
{
"kids":[],
"uid":"1741372934",
"parent":"",
"text":"",
"mid":"z0RczpCly",
"date":"2012-10-17 09:08:03"
},
{
"kids":[],
"uid":"2437822845",
"parent":"",
"text":"",
"mid":"z0Rcvz2xA",
"date":"2012-10-17 09:07:53"
},
{
"kids":[],
"uid":"2051350693",
"parent":"",
"text":"[泪][泪][泪][泪]",
"mid":"z0RalnEjc",
"date":"2012-10-17 09:02:34"
},
{
"kids":[],
"uid":"moremoremoremoremore",
"parent":"z0R9gCi2L",
"text":"可惜感动不了刽子手 。。。。。 那个猴子的奶头原来这样啊",
"mid":"z0Ra89Rf1",
"date":"2012-10-17 09:02:01"
},
{
"kids":[],
"uid":"1918231827",
"parent":"",
"text":"艹！怎么还有人干这残忍的事儿！鄙视与诅咒齐飞[鄙视][鄙视][鄙视][怒][怒骂]",
"mid":"z0R9yDQ7p",
"date":"2012-10-17 09:00:38"
},
{
"kids":[
"z0RZu5fbS",
"z0Ra89Rf1"
],
"uid":"52371795",
"parent":"",
"text":"人类的确残暴无比",
"mid":"z0R9gCi2L",
"date":"2012-10-17 08:59:54"
},
{
"kids":[],
"uid":"quhuanjun",
"parent":"",
"text":"惨忍/@丰乳肥臀v:转发微博",
"mid":"z0R96xF8P",
"date":"2012-10-17 08:59:31"
},
{
"kids":[],
"uid":"1921783220",
"parent":"",
"text":"血腥！",
"mid":"z0R8XFH0B",
"date":"2012-10-17 08:59:10"
},
{
"kids":[],
"uid":"1863360043",
"parent":"",
"text":"",
"mid":"z0R8zvuoB",
"date":"2012-10-17 08:58:12"
},
{
"kids":[],
"uid":"2246748077",
"parent":"",
"text":"残忍的人啊！",
"mid":"z0R827ZNB",
"date":"2012-10-17 08:56:52"
},
{
"kids":[],
"uid":"nananinoo",
"parent":"",
"text":"真是畜生啊！！！[怒][怒][怒骂]",
"mid":"z0R7LxgFF",
"date":"2012-10-17 08:56:13"
},
{
"kids":[
"z0So0n5Ke",
"z0Rzc6pli",
"z0Rt4pUBh"
],
"uid":"chinachongqing",
"parent":"",
"text":"[抓狂]心好痛！",
"mid":"z0R7Et2fH",
"date":"2012-10-17 08:55:57"
},
{
"kids":[
"z0RDx18Rs"
],
"uid":"206278980",
"parent":"",
"text":"虐食者必遭天谴！",
"mid":"z0R73uKPP",
"date":"2012-10-17 08:54:28"
},
{
"kids":[],
"uid":"2936301507",
"parent":"z0QqinWGC",
"text":"人类早晚会被某种动物取代，如人猿星球[挖鼻屎]",
"mid":"z0R6XDhiO",
"date":"2012-10-17 08:54:13"
},
{
"kids":[],
"uid":"hsirl",
"parent":"",
"text":"[汗][汗]",
"mid":"z0R6UmZ9y",
"date":"2012-10-17 08:54:05"
},
{
"kids":[],
"uid":"1262334153",
"parent":"",
"text":"",
"mid":"z0R6LdnWC",
"date":"2012-10-17 08:53:43"
},
{
"kids":[],
"uid":"1909827331",
"parent":"z0QXs7SpG",
"text":"[怒][怒][怒][怒]我看这图时和看日本人侵华时残杀妇幼的图片时的感觉没什么两样！[怒][怒][怒][怒]",
"mid":"z0R55d694",
"date":"2012-10-17 08:49:36"
},
{
"kids":[
"z1fK6mhAK",
"z1bppov8x",
"z0Xlieb7y"
],
"uid":"zhaoruiying",
"parent":"z0QXs7SpG",
"text":"惨。。。不忍看",
"mid":"z0QYwjwRc",
"date":"2012-10-17 08:33:26"
},
{
"kids":[
"z0REDxfMv",
"z0RwdrOz2",
"z0RkR0NW2",
"z0R55d694",
"z0QYwjwRc"
],
"uid":"shermanlxm",
"parent":"",
"text":"残暴！[怒]",
"mid":"z0QXs7SpG",
"date":"2012-10-17 08:30:48"
},
{
"kids":[
"z0RsOaLHB"
],
"uid":"lomozz",
"parent":"",
"text":"操",
"mid":"z0QPVfhxt",
"date":"2012-10-17 08:12:15"
},
{
"kids":[],
"uid":"2574134097",
"parent":"z0NL7cDSA",
"text":"不是不报，时候快到[衰]",
"mid":"z0QNXc7lL",
"date":"2012-10-17 08:07:24"
},
{
"kids":[],
"uid":"2920079400",
"parent":"z0NGVtNRF",
"text":"",
"mid":"z0QJDrQav",
"date":"2012-10-17 07:56:45"
},
{
"kids":[],
"uid":"1588607972",
"parent":"z0NGVtNRF",
"text":"",
"mid":"z0QJDrQ9C",
"date":"2012-10-17 07:56:46"
},
{
"kids":[],
"uid":"2810856824",
"parent":"z0NN17BEl",
"text":"",
"mid":"z0QFRpD6d",
"date":"2012-10-17 07:47:28"
},
{
"kids":[],
"uid":"2921461457",
"parent":"z0O0X7Fnx",
"text":"",
"mid":"z0QEHCTXA",
"date":"2012-10-17 07:44:37"
},
{
"kids":[
"z1K4baGn3",
"z1K4baGmu",
"z0YzNoHoR"
],
"uid":"2411429527",
"parent":"z0NxV0z31",
"text":"真可怜，我们能做的就是不吃，不做这些伤害他们的事情",
"mid":"z0QCRzMIc",
"date":"2012-10-17 07:40:04"
},
{
"kids":[],
"uid":"2166821042",
"parent":"z0NaLuAjN",
"text":"[泪][泪][泪][泪][泪][泪]",
"mid":"z0QBiFW16",
"date":"2012-10-17 07:36:13"
},
{
"kids":[],
"uid":"2874548704",
"parent":"z0Nvsfgiu",
"text":"会有报应的",
"mid":"z0QAC68R0",
"date":"2012-10-17 07:34:32"
},
{
"kids":[],
"uid":"maomole",
"parent":"z0OQScbgf",
"text":"为什么吃猴脑啊，有点良心的看着这个也不忍心吧",
"mid":"z0QxZjvNF",
"date":"2012-10-17 07:28:04"
},
{
"kids":[],
"uid":"1822708533",
"parent":"",
"text":"太残忍了，下辈子让他转世为猴。",
"mid":"z0QqrcG0w",
"date":"2012-10-17 07:09:28"
},
{
"kids":[],
"uid":"rez0041",
"parent":"z0NxV0z31",
"text":"好可怜，惨无人道。[泪]",
"mid":"z0QqnoQOb",
"date":"2012-10-17 07:09:18"
},
{
"kids":[
"z0R6XDhiO"
],
"uid":"iamquanquan",
"parent":"z0NT9qoj5",
"text":"人类已经不要脸到极至了！！！！！！！[怒][怒][怒][怒][怒]",
"mid":"z0QqinWGC",
"date":"2012-10-17 07:09:06"
},
{
"kids":[],
"uid":"1400187534",
"parent":"",
"text":"",
"mid":"z0QpqiRYG",
"date":"2012-10-17 07:06:57"
},
{
"kids":[],
"uid":"2476384395",
"parent":"z0NxV0z31",
"text":"[抓狂]",
"mid":"z0QmhfzdX",
"date":"2012-10-17 06:59:13"
},
{
"kids":[],
"uid":"1826122807",
"parent":"",
"text":"上网让人崩溃",
"mid":"z0Q8i2cEL",
"date":"2012-10-17 06:24:44"
},
{
"kids":[],
"uid":"2344822694",
"parent":"",
"text":"可怕的人类！",
"mid":"z0Q3K7xdh",
"date":"2012-10-17 06:13:33"
},
{
"kids":[],
"uid":"sibo0330",
"parent":"z0NFTliTG",
"text":"报应不止在当世",
"mid":"z0PImf8k3",
"date":"2012-10-17 05:20:52"
},
{
"kids":[],
"uid":"1892941207",
"parent":"z0NFRiXPe",
"text":"人的嘴真可怕",
"mid":"z0PusgWBB",
"date":"2012-10-17 04:46:37"
},
{
"kids":[],
"uid":"2919658100",
"parent":"z0Ok3q4c3",
"text":"",
"mid":"z0Pq6bM6Y",
"date":"2012-10-17 04:35:52"
},
{
"kids":[],
"uid":"1776558860",
"parent":"z0Ok3q4c3",
"text":"",
"mid":"z0Pq5zjMr",
"date":"2012-10-17 04:35:52"
},
{
"kids":[],
"uid":"1638192195",
"parent":"",
"text":"凄惨！好难过！",
"mid":"z0Pn10zdL",
"date":"2012-10-17 04:28:17"
},
{
"kids":[],
"uid":"2809230974",
"parent":"",
"text":"",
"mid":"z0P8O8EyY",
"date":"2012-10-17 03:53:17"
},
{
"kids":[],
"uid":"2171639452",
"parent":"",
"text":"抓、杀、吃猴的人畜牲不如！",
"mid":"z0P8J9TAp",
"date":"2012-10-17 03:53:05"
},
{
"kids":[],
"uid":"1864934082",
"parent":"z0Nvsfgiu",
"text":"[呵呵]",
"mid":"z0OYm8VnP",
"date":"2012-10-17 03:27:32"
},
{
"kids":[
"z1e0mcEJp",
"z0QxZjvNF"
],
"uid":"elflock",
"parent":"z0NFTliTG",
"text":"疼！！",
"mid":"z0OQScbgf",
"date":"2012-10-17 03:09:06"
},
{
"kids":[],
"uid":"2734202525",
"parent":"",
"text":"",
"mid":"z0OH20oV1",
"date":"2012-10-17 02:44:51"
},
{
"kids":[],
"uid":"2351624152",
"parent":"z0NICoNA0",
"text":"",
"mid":"z0OAz3y02",
"date":"2012-10-17 02:28:55"
},
{
"kids":[
"z0Pq6bM6Y",
"z0Pq5zjMr"
],
"uid":"sunofautumn",
"parent":"z0NEOhRnp",
"text":"",
"mid":"z0Ok3q4c3",
"date":"2012-10-17 01:48:14"
},
{
"kids":[],
"uid":"1762551802",
"parent":"z0NX91r3z",
"text":"人类才是最可怕的[可怜]",
"mid":"z0Of7BWAv",
"date":"2012-10-17 01:36:06"
},
{
"kids":[],
"uid":"2397370194",
"parent":"z0NxV0z31",
"text":"不能不能不能接受的！！！！！！！！",
"mid":"z0Oer6IZg",
"date":"2012-10-17 01:34:24"
},
{
"kids":[],
"uid":"jagatemaha",
"parent":"z0NKZdUP1",
"text":"卖萌么，说什么都信 还这么多愁善感一个个、、、",
"mid":"z0OdPvPM7",
"date":"2012-10-17 01:32:55"
},
{
"kids":[],
"uid":"1497581420",
"parent":"",
"text":"为什么这么残忍，真让人受不了",
"mid":"z0O756lLV",
"date":"2012-10-17 01:16:17"
},
{
"kids":[],
"uid":"lujf2050",
"parent":"",
"text":"他妈的！！！",
"mid":"z0O6X7DdA",
"date":"2012-10-17 01:15:58"
},
{
"kids":[],
"uid":"yjyoyo",
"parent":"z0NyYzMEA",
"text":"哦，邓老师的灵感来自这里！",
"mid":"z0O2U0HZx",
"date":"2012-10-17 01:05:59"
},
{
"kids":[],
"uid":"wuhuazi",
"parent":"",
"text":"作为 人 的耻辱",
"mid":"z0O2adI35",
"date":"2012-10-17 01:04:10"
},
{
"kids":[],
"uid":"1821501460",
"parent":"",
"text":"心酸的畫面[淚]",
"mid":"z0O1GEqBO",
"date":"2012-10-17 01:03:00"
},
{
"kids":[],
"uid":"1849150834",
"parent":"",
"text":"[怒]",
"mid":"z0O1ueBkn",
"date":"2012-10-17 01:02:29"
},
{
"kids":[],
"uid":"sdceo",
"parent":"",
"text":"心生凄凉",
"mid":"z0O1i6wcu",
"date":"2012-10-17 01:02:01"
},
{
"kids":[],
"uid":"1650674077",
"parent":"z0NC3re9i",
"text":"",
"mid":"z0O1cd2xZ",
"date":"2012-10-17 01:01:47"
},
{
"kids":[
"z0QEHCTXA"
],
"uid":"geliwen91",
"parent":"",
"text":"前晚中央九套纪录片的「人类星球」节目中介绍了几个原始部落，他们在雨林中与世隔绝，主要食物是猴子，他们甚至学会了十几种猴子的叫声以引诱他们并击中。这种行为与我们食猴脑有很大区别，前者生存在食物极度匮乏的热带雨林，只有从猴子身上获取蛋白质才能生存，这让食物极度丰富的我们情何以堪！？",
"mid":"z0O0X7Fnx",
"date":"2012-10-17 01:01:11"
},
{
"kids":[
"z6LMXBHVW",
"z6GoWl7GH",
"z6GoWl7EU"
],
"uid":"2029594800",
"parent":"z0Nvsfgiu",
"text":"为什么就不能放他们一马呢？赚这样的钱就真的能带来快乐吗？谁能救救这些动物 谁能救救这些被财富蒙蔽的人们 [泪][泪][泪]",
"mid":"z0O0wgxm5",
"date":"2012-10-17 01:00:06"
},
{
"kids":[],
"uid":"2674303277",
"parent":"",
"text":"",
"mid":"z0NY14UJu",
"date":"2012-10-17 00:53:58"
},
{
"kids":[
"z0Of7BWAv"
],
"uid":"shuhanglee",
"parent":"z0NW6A1MY",
"text":"[泪][泪][泪]",
"mid":"z0NX91r3z",
"date":"2012-10-17 00:51:48"
},
{
"kids":[],
"uid":"2397052433",
"parent":"",
"text":"保护动物！",
"mid":"z0NW8nXed",
"date":"2012-10-17 00:49:19"
},
{
"kids":[
"z0NX91r3z"
],
"uid":"1011807267",
"parent":"z0Nvsfgiu",
"text":"是谁在吃?",
"mid":"z0NW6A1MY",
"date":"2012-10-17 00:49:15"
},
{
"kids":[
"z0SJ1teIe"
],
"uid":"1842079551",
"parent":"",
"text":"人啊……",
"mid":"z0NVRyj2W",
"date":"2012-10-17 00:48:39"
},
{
"kids":[],
"uid":"1808867580",
"parent":"",
"text":"痛心更愤怒[怒]",
"mid":"z0NUnmltL",
"date":"2012-10-17 00:44:57"
},
{
"kids":[],
"uid":"1768064627",
"parent":"z0NFRiXPe",
"text":"会有报应的。。。[怒][怒][怒]",
"mid":"z0NTLxGl3",
"date":"2012-10-17 00:43:27"
},
{
"kids":[
"z0QqinWGC"
],
"uid":"diana827",
"parent":"z0NFRiXPe",
"text":"作孽啊！",
"mid":"z0NT9qoj5",
"date":"2012-10-17 00:41:54"
},
{
"kids":[
"z0UkIjiJD"
],
"uid":"potaraca",
"parent":"z0NKq6yfI",
"text":"[怒]",
"mid":"z0NNJpmcR",
"date":"2012-10-17 00:28:37"
},
{
"kids":[
"z0QFRpD6d"
],
"uid":"1070967132",
"parent":"z0NFTliTG",
"text":"我昨晚也看见小猴被杂耍的人，被迫逗人们笑，我摸了摸它那小小的手，不是温暖的，是凉的，想给予他温暖也给不了！只能对杂耍的人说，请好好对它！！",
"mid":"z0NN17BEl",
"date":"2012-10-17 00:26:51"
},
{
"kids":[],
"uid":"qianyiarts",
"parent":"z0Nvsfgiu",
"text":"一定[怒]",
"mid":"z0NMtq5pS",
"date":"2012-10-17 00:25:27"
},
{
"kids":[
"z0QNXc7lL"
],
"uid":"pearlzengzhu",
"parent":"z0NFTliTG",
"text":"现世报呀！",
"mid":"z0NL7cDSA",
"date":"2012-10-17 00:22:10"
},
{
"kids":[
"z0OdPvPM7"
],
"uid":"catwalks",
"parent":"z0Nvsfgiu",
"text":"[抓狂][抓狂][怒][怒]",
"mid":"z0NKZdUP1",
"date":"2012-10-17 00:21:50"
},
{
"kids":[],
"uid":"1829571762",
"parent":"",
"text":"",
"mid":"z0NKWfx4d",
"date":"2012-10-17 00:21:44"
},
{
"kids":[
"z0NNJpmcR"
],
"uid":"000xyz",
"parent":"z0NFTliTG",
"text":"哪里呀？现在还有这野蛮的吃法吗？阿门、阿弥陀佛、唵嘛呢叭咪吽、安拉。",
"mid":"z0NKq6yfI",
"date":"2012-10-17 00:20:26"
},
{
"kids":[],
"uid":"hushan15",
"parent":"z0NyYzMEA",
"text":"人类的残忍可见一斑",
"mid":"z0NKkttps",
"date":"2012-10-17 00:20:11"
},
{
"kids":[
"z0OAz3y02"
],
"uid":"1799328484",
"parent":"z0NEOhRnp",
"text":"作此恶者应堕入无间地狱",
"mid":"z0NICoNA0",
"date":"2012-10-17 00:15:58"
},
{
"kids":[],
"uid":"leonardguo",
"parent":"z0NFRiXPe",
"text":"南无大愿地藏王普萨",
"mid":"z0NIk49Ys",
"date":"2012-10-17 00:15:17"
},
{
"kids":[],
"uid":"2051520175",
"parent":"",
"text":"天朝从来都不缺少这个.",
"mid":"z0NHNfPoQ",
"date":"2012-10-17 00:13:56"
},
{
"kids":[
"z0QJDrQav",
"z0QJDrQ9C"
],
"uid":"2143354442",
"parent":"z0NFTliTG",
"text":"",
"mid":"z0NGVtNRF",
"date":"2012-10-17 00:11:51"
},
{
"kids":[],
"uid":"esteed",
"parent":"",
"text":"[泪]",
"mid":"z0NGO3v8Z",
"date":"2012-10-17 00:11:34"
},
{
"kids":[
"z0U34E7K3",
"z0T9ixJOr",
"z0PImf8k3",
"z0OQScbgf",
"z0NN17BEl",
"z0NL7cDSA",
"z0NKq6yfI",
"z0NGVtNRF"
],
"uid":"friendsofafrica",
"parent":"z0Nvsfgiu",
"text":"报应不止在当世",
"mid":"z0NFTliTG",
"date":"2012-10-17 00:09:18"
},
{
"kids":[
"z0PusgWBB",
"z0NTLxGl3",
"z0NT9qoj5",
"z0NIk49Ys"
],
"uid":"maggiexyj",
"parent":"z0NFl55hv",
"text":"吃的下去吗！",
"mid":"z0NFRiXPe",
"date":"2012-10-17 00:09:13"
},
{
"kids":[],
"uid":"2663918781",
"parent":"",
"text":"这些吃猴脑的人必遭天谴家破人亡！！！",
"mid":"z0NFQ5kBR",
"date":"2012-10-17 00:09:06"
},
{
"kids":[
"z0NFRiXPe"
],
"uid":"casperfang",
"parent":"z0Nvsfgiu",
"text":"[泪][泪]缺德啊！",
"mid":"z0NFl55hv",
"date":"2012-10-17 00:07:54"
},
{
"kids":[],
"uid":"2210864200",
"parent":"z0Nvsfgiu",
"text":"坏人去屎吧！",
"mid":"z0NFfa2Kw",
"date":"2012-10-17 00:07:41"
},
{
"kids":[
"z0Ok3q4c3",
"z0NICoNA0"
],
"uid":"1931801044",
"parent":"z0Nvsfgiu",
"text":"太残忍了，抵制！",
"mid":"z0NEOhRnp",
"date":"2012-10-17 00:06:38"
},
{
"kids":[],
"uid":"2966512854",
"parent":"z0NxV0z31",
"text":"",
"mid":"z0NDslVE3",
"date":"2012-10-17 00:03:18"
},
{
"kids":[
"z0O1cd2xZ"
],
"uid":"yuan2011",
"parent":"z0NxV0z31",
"text":"TMD,人类迟早是要还的",
"mid":"z0NC3re9i",
"date":"2012-10-16 23:59:50"
},
{
"kids":[],
"uid":"svvift",
"parent":"z0NxV0z31",
"text":"怎么能这样子",
"mid":"z0NBzl89X",
"date":"2012-10-16 23:58:38"
},
{
"kids":[],
"uid":"1913791942",
"parent":"",
"text":"",
"mid":"z0NAIawiZ",
"date":"2012-10-16 23:56:32"
},
{
"kids":[],
"uid":"1672073534",
"parent":"",
"text":"[抓狂][泪]",
"mid":"z0NAjlFpV",
"date":"2012-10-16 23:55:30"
},
{
"kids":[],
"uid":"1967843901",
"parent":"",
"text":"",
"mid":"z0NAcx02u",
"date":"2012-10-16 23:55:14"
},
{
"kids":[],
"uid":"207641345",
"parent":"",
"text":"[泪][怒]",
"mid":"z0NzpbmQR",
"date":"2012-10-16 23:53:16"
},
{
"kids":[
"z0O2U0HZx",
"z0NKkttps"
],
"uid":"1025887122",
"parent":"z0NxV0z31",
"text":"",
"mid":"z0NyYzMEA",
"date":"2012-10-16 23:52:14"
},
{
"kids":[],
"uid":"1705717702",
"parent":"z0Nvsfgiu",
"text":"oh my god[泪][衰][怒]",
"mid":"z0NyUtis2",
"date":"2012-10-16 23:52:06"
},
{
"kids":[],
"uid":"2321768932",
"parent":"z0NrjruiU",
"text":"",
"mid":"z0NyS4zHg",
"date":"2012-10-16 23:51:59"
},
{
"kids":[],
"uid":"2095074925",
"parent":"z0Nvsfgiu",
"text":"[怒]报应。。。咋么忍心。。。",
"mid":"z0Ny4skf9",
"date":"2012-10-16 23:50:00"
},
{
"kids":[
"z0QCRzMIc",
"z0QqnoQOb",
"z0QmhfzdX",
"z0Oer6IZg",
"z0NDslVE3",
"z0NC3re9i",
"z0NBzl89X",
"z0NyYzMEA"
],
"uid":"winsonma",
"parent":"",
"text":"其實用什麼手段來對待動物，經已是不人道。相信做這事的人死後就會成為最低等的動物。",
"mid":"z0NxV0z31",
"date":"2012-10-16 23:49:39"
},
{
"kids":[],
"uid":"1403107313",
"parent":"",
"text":"要不要这么残忍和愚昧？![抓狂]",
"mid":"z0NxlgoyC",
"date":"2012-10-16 23:48:14"
},
{
"kids":[],
"uid":"2144323764",
"parent":"",
"text":"",
"mid":"z0Nx6tE4w",
"date":"2012-10-16 23:47:40"
},
{
"kids":[],
"uid":"2482402697",
"parent":"",
"text":"残忍极致",
"mid":"z0Nwz60jg",
"date":"2012-10-16 23:46:19"
},
{
"kids":[
"z0V6EAUni",
"z0TKY672a",
"z0RVPEK3d",
"z0QAC68R0",
"z0OYm8VnP",
"z0O0wgxm5",
"z0NW6A1MY",
"z0NMtq5pS",
"z0NKZdUP1",
"z0NFTliTG",
"z0NFl55hv",
"z0NFfa2Kw",
"z0NEOhRnp",
"z0NyUtis2",
"z0Ny4skf9"
],
"uid":"2248556781",
"parent":"z0NrjruiU",
"text":"会有报应[怒骂]",
"mid":"z0Nvsfgiu",
"date":"2012-10-16 23:43:32"
},
{
"kids":[],
"uid":"1908175825",
"parent":"z0NjeAHd8",
"text":"",
"mid":"z0NtK7D9k",
"date":"2012-10-16 23:39:23"
},
{
"kids":[],
"uid":"1760995791",
"parent":"",
"text":"[泪]吃素吧 如果必须吃 请别虐杀。蒙古人杀死羊儿时会轻声安抚 待羊儿安静下来 轻声对他说'我不是生来挨饿，你不是生来痛苦'然后一刀切开喉管。让羊没有惊惧，最少痛苦。",
"mid":"z0NsOv0hB",
"date":"2012-10-16 23:37:05"
},
{
"kids":[],
"uid":"2233660212",
"parent":"",
"text":"",
"mid":"z0Ns6t9Ra",
"date":"2012-10-16 23:35:21"
},
{
"kids":[
"z0NyS4zHg",
"z0Nvsfgiu"
],
"uid":"1025887122",
"parent":"z0Ngs2Hwd",
"text":"@超Design @鄧梓峰patrick @鄭裕玲 @林学明shermanlxm @陆蓉之Viki_Lulu @DJ刘弘",
"mid":"z0NrjruiU",
"date":"2012-10-16 23:33:21"
},
{
"kids":[],
"uid":"1760995791",
"parent":"",
"text":"",
"mid":"z0Nr689Wt",
"date":"2012-10-16 23:32:50"
},
{
"kids":[],
"uid":"2005113695",
"parent":"z0NbdzcgE",
"text":"眼泪也要掉下来了",
"mid":"z0NmayFsv",
"date":"2012-10-16 23:20:42"
},
{
"kids":[],
"uid":"1864027954",
"parent":"z0Ngs2Hwd",
"text":"没有买卖，没有杀害！",
"mid":"z0NlJpBP5",
"date":"2012-10-16 23:19:38"
},
{
"kids":[
"z0NtK7D9k"
],
"uid":"1025887122",
"parent":"z0Ngs2Hwd",
"text":"@WWF世界自然基金会 @冯嘉安 @红专厂Alice",
"mid":"z0NjeAHd8",
"date":"2012-10-16 23:13:26"
},
{
"kids":[],
"uid":"1869659594",
"parent":"",
"text":"不忍",
"mid":"z0Nj1iObH",
"date":"2012-10-16 23:12:54"
},
{
"kids":[
"z0TDFpKbv",
"z0NrjruiU",
"z0NlJpBP5",
"z0NjeAHd8"
],
"uid":"1025887122",
"parent":"z0N9yoZcr",
"text":"怎麼能這麼殘忍，看看母子倆的眼神，那相依為命的相擁。猴子是最有靈性的動物，這與吃人腦無異，有立法禁止嗎？@詹媛 @陈小扁 @G4冯奔 @WinsonMa馬志雄 @我是邓勃",
"mid":"z0Ngs2Hwd",
"date":"2012-10-16 23:06:38"
},
{
"kids":[],
"uid":"1460442857",
"parent":"",
"text":"转发微博。",
"mid":"z0Ngj9UAC",
"date":"2012-10-16 23:06:16"
},
{
"kids":[],
"uid":"1900617637",
"parent":"",
"text":"畜生…",
"mid":"z0NfmEeQA",
"date":"2012-10-16 23:03:53"
},
{
"kids":[],
"uid":"2265233524",
"parent":"",
"text":"这帮畜生[怒]",
"mid":"z0Nffgv6X",
"date":"2012-10-16 23:03:40"
},
{
"kids":[
"z9Wv3z12N",
"z9Wv3z11M",
"z9c8l2Zm3",
"z95NWzUBS",
"z95NWh3lZ"
],
"uid":"2182976040",
"parent":"",
"text":"",
"mid":"z0Nd7syvl",
"date":"2012-10-16 22:58:25"
},
{
"kids":[
"z0NmayFsv"
],
"uid":"phoebecatyaya",
"parent":"z0N8Q8sSd",
"text":"MB吃着些的肠穿肚烂七窍流血浑身溃烂而亡[怒][怒]",
"mid":"z0NbdzcgE",
"date":"2012-10-16 22:53:44"
},
{
"kids":[],
"uid":"2953108725",
"parent":"",
"text":"不忍多看！吃猴脑的，你不得好死！我诅咒你！",
"mid":"z0Nb69Rcq",
"date":"2012-10-16 22:53:27"
},
{
"kids":[],
"uid":"2217198675",
"parent":"",
"text":"[泪]万恶的人类啊",
"mid":"z0Nb5z7dW",
"date":"2012-10-16 22:53:25"
},
{
"kids":[
"z0QBiFW16"
],
"uid":"2165476622",
"parent":"",
"text":"心太碎拉！太下的了手了[泪]",
"mid":"z0NaLuAjN",
"date":"2012-10-16 22:52:37"
},
{
"kids":[],
"uid":"1621797707",
"parent":"",
"text":"人类....",
"mid":"z0NavenYX",
"date":"2012-10-16 22:51:57"
},
{
"kids":[],
"uid":"1221657543",
"parent":"",
"text":"肮脏",
"mid":"z0Na5e570",
"date":"2012-10-16 22:50:56"
},
{
"kids":[],
"uid":"1617416303",
"parent":"",
"text":"现在还有吃猴脑?CTMD",
"mid":"z0Na15UCc",
"date":"2012-10-16 22:50:47"
},
{
"kids":[],
"uid":"2193871453",
"parent":"",
"text":"",
"mid":"z0N9SyeBd",
"date":"2012-10-16 22:50:24"
},
{
"kids":[],
"uid":"yangwy6060",
"parent":"",
"text":"[伤心]",
"mid":"z0N9SwdXe",
"date":"2012-10-16 22:50:23"
},
{
"kids":[
"z0Ngs2Hwd"
],
"uid":"1630606891",
"parent":"",
"text":"那些在消费活吃猴脑的人会得到报应。",
"mid":"z0N9yoZcr",
"date":"2012-10-16 22:49:38"
},
{
"kids":[
"z0NbdzcgE"
],
"uid":"1739411685",
"parent":"",
"text":"世上为什么会有那么多禽兽不如的东西",
"mid":"z0N8Q8sSd",
"date":"2012-10-16 22:47:52"
},
{
"kids":[],
"uid":"moonlightpalace",
"parent":"",
"text":"谁来救救妈妈！[泪][泪][泪]",
"mid":"z0N8Pchtw",
"date":"2012-10-16 22:47:50"
}
]