[
{
"kids":[],
"uid":"2804960072",
"parent":"",
"text":"",
"mid":"zEIjJe7ia",
"date":"2013-07-06 12:03:06"
},
{
"kids":[],
"uid":"3480132017",
"parent":"zEGqdivnk",
"text":"",
"mid":"zEGHlhP8I",
"date":"2013-07-06 07:55:48"
},
{
"kids":[
"zEGHlhP8I"
],
"uid":"3043882092",
"parent":"",
"text":"",
"mid":"zEGqdivnk",
"date":"2013-07-06 07:13:36"
},
{
"kids":[],
"uid":"3045052302",
"parent":"",
"text":"",
"mid":"zEBkQzi4M",
"date":"2013-07-05 18:16:39"
},
{
"kids":[],
"uid":"2919321652",
"parent":"",
"text":"",
"mid":"zDjKO5dIJ",
"date":"2013-06-27 07:40:51"
},
{
"kids":[],
"uid":"2919913732",
"parent":"",
"text":"",
"mid":"zDaPCjT8K",
"date":"2013-06-26 08:57:59"
},
{
"kids":[],
"uid":"2919385864",
"parent":"",
"text":"",
"mid":"zDaHa6Cfz",
"date":"2013-06-26 08:37:09"
},
{
"kids":[],
"uid":"2802940072",
"parent":"",
"text":"",
"mid":"zCqm8t4Cj",
"date":"2013-06-21 10:39:00"
},
{
"kids":[],
"uid":"3043706282",
"parent":"",
"text":"",
"mid":"zCdHjuuHF",
"date":"2013-06-20 02:25:28"
},
{
"kids":[],
"uid":"2119777801",
"parent":"",
"text":"",
"mid":"zCdsFcZRc",
"date":"2013-06-20 01:49:21"
},
{
"kids":[],
"uid":"3188748483",
"parent":"",
"text":"",
"mid":"zBIuszP8R",
"date":"2013-06-16 18:58:40"
},
{
"kids":[],
"uid":"3045105632",
"parent":"zAKuVbRd8",
"text":"",
"mid":"zBwOalYVP",
"date":"2013-06-15 13:14:12"
},
{
"kids":[],
"uid":"3044338434",
"parent":"",
"text":"",
"mid":"zBuUx1D8e",
"date":"2013-06-15 08:24:25"
},
{
"kids":[],
"uid":"1777203582",
"parent":"zAKuVbRd8",
"text":"",
"mid":"zBqYfh8Sx",
"date":"2013-06-14 22:22:32"
},
{
"kids":[],
"uid":"1449683733",
"parent":"",
"text":"",
"mid":"zBnYNokjg",
"date":"2013-06-14 14:45:40"
},
{
"kids":[],
"uid":"1584071275",
"parent":"",
"text":"",
"mid":"zBnKp0LX4",
"date":"2013-06-14 14:10:14"
},
{
"kids":[],
"uid":"1519706207",
"parent":"",
"text":"",
"mid":"zBm0Nnqbv",
"date":"2013-06-14 09:45:07"
},
{
"kids":[],
"uid":"2821267583",
"parent":"zAQtZAsmp",
"text":"还好南方木有樱桃卖。突然想起两周前吃了几个。。",
"mid":"zBhQneFDa",
"date":"2013-06-13 23:08:31"
},
{
"kids":[],
"uid":"xiasohi",
"parent":"zB8ROgKgi",
"text":"@郑少芬f 你看看。。",
"mid":"zBggU90LC",
"date":"2013-06-13 19:08:20"
},
{
"kids":[],
"uid":"2093952805",
"parent":"zB8ROgKgi",
"text":"@吖-丹",
"mid":"zBeoUtvfS",
"date":"2013-06-13 14:22:34"
},
{
"kids":[],
"uid":"2803614424",
"parent":"",
"text":"真是不敢买了……",
"mid":"zBeiY0t0G",
"date":"2013-06-13 14:07:55"
},
{
"kids":[],
"uid":"mxk412",
"parent":"zASvT1AVM",
"text":"@Mrs苏云朵 [生病][生病][生病]",
"mid":"zBdk82iYm",
"date":"2013-06-13 11:38:01"
},
{
"kids":[],
"uid":"2099074502",
"parent":"zANwf92wc",
"text":"OH MY GOD,我的樱桃啊[泪]@射手葵的游乐园 @阿小滚 早知道在澳洲时多吃点了",
"mid":"zBcM19AIl",
"date":"2013-06-13 10:13:59"
},
{
"kids":[],
"uid":"2166902762",
"parent":"",
"text":"@红桂鱼 @联新书店512 @lingquan的芳草地",
"mid":"zBbHABx2R",
"date":"2013-06-13 07:30:20"
},
{
"kids":[
"zBggU90LC",
"zBeoUtvfS"
],
"uid":"1760770600",
"parent":"zAU07Dn0J",
"text":"@SISISISU",
"mid":"zB8ROgKgi",
"date":"2013-06-13 00:17:15"
},
{
"kids":[],
"uid":"2488424110",
"parent":"",
"text":"我要吐了！前两天刚吃的！[生病]",
"mid":"zB8DHCJSi",
"date":"2013-06-12 23:42:32"
},
{
"kids":[],
"uid":"1742865644",
"parent":"zAU07Dn0J",
"text":"[生病][生病][吐][吐]",
"mid":"zB7qubbsH",
"date":"2013-06-12 20:37:10"
},
{
"kids":[],
"uid":"2421958213",
"parent":"zALvP4qys",
"text":"",
"mid":"zB2Qr9QlY",
"date":"2013-06-12 08:57:24"
},
{
"kids":[],
"uid":"molingjiangshi",
"parent":"",
"text":"",
"mid":"zB2Q74aaY",
"date":"2013-06-12 08:56:37"
},
{
"kids":[],
"uid":"2694738795",
"parent":"",
"text":"@晶晶的微博-惠儿",
"mid":"zAZZQglfy",
"date":"2013-06-12 01:42:20"
},
{
"kids":[],
"uid":"1702868100",
"parent":"zAYUz8mQq",
"text":"@liukate_17275",
"mid":"zAYZ9n1Yj",
"date":"2013-06-11 23:07:54"
},
{
"kids":[],
"uid":"2301539324",
"parent":"zAYUz8mQq",
"text":"@Zhang轶",
"mid":"zAYVrcsZZ",
"date":"2013-06-11 22:58:41"
},
{
"kids":[
"zAYZ9n1Yj",
"zAYVrcsZZ"
],
"uid":"1868309924",
"parent":"zAPNhFwLG",
"text":"@经理纬辞",
"mid":"zAYUz8mQq",
"date":"2013-06-11 22:56:35"
},
{
"kids":[],
"uid":"2884364930",
"parent":"zAVyi7ixJ",
"text":"[衰][衰][衰]",
"mid":"zAYrnu8QV",
"date":"2013-06-11 21:44:42"
},
{
"kids":[],
"uid":"1270687994",
"parent":"",
"text":"太恐怖了…",
"mid":"zAYlzknzX",
"date":"2013-06-11 21:30:23"
},
{
"kids":[],
"uid":"shanshantang33",
"parent":"zAU07Dn0J",
"text":"…冰哥你要小心啊@iceicepink",
"mid":"zAXKE9mpn",
"date":"2013-06-11 19:59:25"
},
{
"kids":[],
"uid":"1744674913",
"parent":"zAVyi7ixJ",
"text":"可以补充蛋白质[傻笑]",
"mid":"zAXDuAOGC",
"date":"2013-06-11 19:41:48"
},
{
"kids":[],
"uid":"2802536744",
"parent":"zAK7wiVky",
"text":"呕！",
"mid":"zAXkI4sHQ",
"date":"2013-06-11 18:55:31"
},
{
"kids":[],
"uid":"52122822",
"parent":"",
"text":"",
"mid":"zAWVrn7CJ",
"date":"2013-06-11 17:53:14"
},
{
"kids":[],
"uid":"1868900253",
"parent":"zATDjaZPU",
"text":"",
"mid":"zAWzZlSch",
"date":"2013-06-11 17:00:23"
},
{
"kids":[
"zAYrnu8QV",
"zAXDuAOGC"
],
"uid":"2091522833",
"parent":"zAPqo9tpy",
"text":"",
"mid":"zAVyi7ixJ",
"date":"2013-06-11 14:23:29"
},
{
"kids":[],
"uid":"2219280753",
"parent":"",
"text":"@-----David @跳出无限循环 @Mr-孩他爹",
"mid":"zAVms6T8L",
"date":"2013-06-11 13:54:19"
},
{
"kids":[],
"uid":"2910097012",
"parent":"",
"text":"前天才吃，恶",
"mid":"zAVdJB1Hv",
"date":"2013-06-11 13:32:51"
},
{
"kids":[],
"uid":"fayr1989",
"parent":"zAU07Dn0J",
"text":"咦～不会吧！好恶心！[生病][生病]",
"mid":"zAUoVpUg0",
"date":"2013-06-11 11:27:39"
},
{
"kids":[
"zBggU90LC",
"zBeoUtvfS",
"zB8ROgKgi",
"zB7qubbsH",
"zAXKE9mpn",
"zAUoVpUg0"
],
"uid":"1740362722",
"parent":"zASvT1AVM",
"text":"[晕][晕]要吐了。。",
"mid":"zAU07Dn0J",
"date":"2013-06-11 10:26:35"
},
{
"kids":[],
"uid":"2212734584",
"parent":"",
"text":"",
"mid":"zATYVbkb8",
"date":"2013-06-11 10:23:35"
},
{
"kids":[],
"uid":"1904654054",
"parent":"zATC0cxDI",
"text":"哇……好恶心！",
"mid":"zATXeA0U4",
"date":"2013-06-11 10:19:26"
},
{
"kids":[
"zAWzZlSch"
],
"uid":"2018486975",
"parent":"zALoJ5BiT",
"text":"oh my god",
"mid":"zATDjaZPU",
"date":"2013-06-11 09:30:20"
},
{
"kids":[
"zATXeA0U4"
],
"uid":"1392969583",
"parent":"zAK7wiVky",
"text":"@蛋奶星星星",
"mid":"zATC0cxDI",
"date":"2013-06-11 09:27:08"
},
{
"kids":[],
"uid":"1777906181",
"parent":"zAPqo9tpy",
"text":"不会吧？",
"mid":"zATvcuJDG",
"date":"2013-06-11 09:10:23"
},
{
"kids":[],
"uid":"1924921375",
"parent":"",
"text":"[衰][生病][震惊]@霖小小兔",
"mid":"zATomr5ua",
"date":"2013-06-11 08:53:32"
},
{
"kids":[],
"uid":"1315305142",
"parent":"",
"text":"可以绝食了！",
"mid":"zAT7Edsu5",
"date":"2013-06-11 08:12:20"
},
{
"kids":[],
"uid":"2836819007",
"parent":"zALcQ5M1N",
"text":"[吃惊][吃惊][吃惊][吃惊]我昨天还吃了不少",
"mid":"zASSKtCMK",
"date":"2013-06-11 07:35:39"
},
{
"kids":[
"zBggU90LC",
"zBeoUtvfS",
"zBdk82iYm",
"zB8ROgKgi",
"zB7qubbsH",
"zAXKE9mpn",
"zAUoVpUg0",
"zAU07Dn0J"
],
"uid":"1763358024",
"parent":"zAPNhFwLG",
"text":"@Miyuki时代 @达琳达琳李 @superwoman芷",
"mid":"zASvT1AVM",
"date":"2013-06-11 06:39:19"
},
{
"kids":[
"zBhQneFDa"
],
"uid":"1899274863",
"parent":"zAPNhFwLG",
"text":"[崩溃][崩溃][崩溃]/我吃了一盒你现在才说！！！@由浠 /@張譚o_O:[生病]",
"mid":"zAQtZAsmp",
"date":"2013-06-11 01:29:10"
},
{
"kids":[],
"uid":"1838156667",
"parent":"zAKuRjlWE",
"text":"太恐怖了，看来以后吃水果之前现用盐水泡一下！",
"mid":"zAQq4FRZe",
"date":"2013-06-11 01:19:31"
},
{
"kids":[],
"uid":"2182076114",
"parent":"zAL2Khc2M",
"text":"我被恶心到了",
"mid":"zAQmrvPMK",
"date":"2013-06-11 01:10:34"
},
{
"kids":[
"zBhQneFDa",
"zBggU90LC",
"zBeoUtvfS",
"zBdk82iYm",
"zB8ROgKgi",
"zB7qubbsH",
"zAYZ9n1Yj",
"zAYVrcsZZ",
"zAYUz8mQq",
"zAXKE9mpn",
"zAUoVpUg0",
"zAU07Dn0J",
"zASvT1AVM",
"zAQtZAsmp"
],
"uid":"trista198779",
"parent":"",
"text":"[生病]",
"mid":"zAPNhFwLG",
"date":"2013-06-10 23:43:54"
},
{
"kids":[],
"uid":"1741819354",
"parent":"zAPtt37Gz",
"text":"同，所谓虫子只是白点而已",
"mid":"zAPM0uwkb",
"date":"2013-06-10 23:40:49"
},
{
"kids":[],
"uid":"stellabbzi",
"parent":"zAPt7soKm",
"text":"就算浸佐出来比我都已经摆唔落口了",
"mid":"zAPyD45vE",
"date":"2013-06-10 23:07:50"
},
{
"kids":[
"zAPM0uwkb"
],
"uid":"1784650857",
"parent":"zAK7wiVky",
"text":"在家实践了一下 没有虫 大口吃[馋嘴]",
"mid":"zAPtt37Gz",
"date":"2013-06-10 22:55:06"
},
{
"kids":[
"zAPyD45vE"
],
"uid":"1888714933",
"parent":"zAPqo9tpy",
"text":"好恐怖遮，真系吃咩都要用盐浸下先",
"mid":"zAPt7soKm",
"date":"2013-06-10 22:54:14"
},
{
"kids":[
"zAYrnu8QV",
"zAXDuAOGC",
"zAVyi7ixJ",
"zATvcuJDG",
"zAPyD45vE",
"zAPt7soKm"
],
"uid":"370142218",
"parent":"zAPjQ8mTI",
"text":"[崩溃]完整无缺的都有。。。不止樱桃有，其他水果都会有。。。[崩溃]",
"mid":"zAPqo9tpy",
"date":"2013-06-10 22:47:30"
},
{
"kids":[
"zAYrnu8QV",
"zAXDuAOGC",
"zAVyi7ixJ",
"zATvcuJDG",
"zAPyD45vE",
"zAPt7soKm",
"zAPqo9tpy"
],
"uid":"2651787973",
"parent":"",
"text":"小心哦@唯依婚典安安 @唯依婚典-小星",
"mid":"zAPjQ8mTI",
"date":"2013-06-10 22:31:21"
},
{
"kids":[],
"uid":"2257141630",
"parent":"zAKuE1zX8",
"text":"",
"mid":"zAPgz9VJv",
"date":"2013-06-10 22:23:20"
},
{
"kids":[],
"uid":"2026736695",
"parent":"zAO53rsWR",
"text":"@狂奔的柯小新: 靠，我有种想把胃都倒出来的感觉。。。早知道我就不买了。。。",
"mid":"zAOEQzQkX",
"date":"2013-06-10 20:50:24"
},
{
"kids":[],
"uid":"wuhongsi520",
"parent":"zAO53rsWR",
"text":"",
"mid":"zAObLvskj",
"date":"2013-06-10 19:38:46"
},
{
"kids":[
"zAOEQzQkX",
"zAObLvskj"
],
"uid":"krugwoman",
"parent":"zALO0nSpi",
"text":"靠，我有种想把胃都倒出来的感觉。。。早知道我就不买了。。。",
"mid":"zAO53rsWR",
"date":"2013-06-10 19:22:12"
},
{
"kids":[],
"uid":"2731597582",
"parent":"zALUeydlh",
"text":"真的吗？好恶心啊！",
"mid":"zANTZCKYC",
"date":"2013-06-10 18:54:58"
},
{
"kids":[],
"uid":"liiyiigg",
"parent":"",
"text":"@吉神大爆发  果蝇能吃吗",
"mid":"zANz52l43",
"date":"2013-06-10 18:03:26"
},
{
"kids":[],
"uid":"2646549162",
"parent":"zANuz8Zun",
"text":"今年吃了不少樱桃，从来没正眼瞧过进嘴的东西，视线始终盯着ipad，还不知道*****[晕][晕][泪][泪]",
"mid":"zANwQpM35",
"date":"2013-06-10 17:57:57"
},
{
"kids":[
"zBcM19AIl"
],
"uid":"2256080125",
"parent":"",
"text":"啊欧！偶已经吃过了！[吐][吐][吐][吐][吐][吐][吐][吐][吐]",
"mid":"zANwf92wc",
"date":"2013-06-10 17:56:29"
},
{
"kids":[
"zANwQpM35"
],
"uid":"2207156533",
"parent":"zALVvt5eW",
"text":"[可怜]偷偷告诉你小秘密，，，杨梅也是如此！！！[委屈]",
"mid":"zANuz8Zun",
"date":"2013-06-10 17:52:18"
},
{
"kids":[],
"uid":"2742445021",
"parent":"zAMGYzwDl",
"text":"睇你地仲敢5敢食",
"mid":"zANj4reBh",
"date":"2013-06-10 17:23:59"
},
{
"kids":[],
"uid":"1919779005",
"parent":"zAM0gEUAd",
"text":"",
"mid":"zANcz5VnE",
"date":"2013-06-10 17:07:57"
},
{
"kids":[],
"uid":"1579803001",
"parent":"",
"text":"@辰大白 看看吧[生病]",
"mid":"zAMV9nhOc",
"date":"2013-06-10 16:25:04"
},
{
"kids":[],
"uid":"1820398120",
"parent":"zAMGYzwDl",
"text":"泪奔！",
"mid":"zAMO40xe0",
"date":"2013-06-10 16:07:35"
},
{
"kids":[
"zANj4reBh",
"zAMO40xe0"
],
"uid":"19860909yuan",
"parent":"zALLz5NZb",
"text":"我已经吃很多了[泪][泪][泪]",
"mid":"zAMGYzwDl",
"date":"2013-06-10 15:50:11"
},
{
"kids":[],
"uid":"1983320871",
"parent":"",
"text":"恶心的一笔阿",
"mid":"zAMEsgDUn",
"date":"2013-06-10 15:43:57"
},
{
"kids":[],
"uid":"2300559514",
"parent":"zALNZuD3n",
"text":"我中午才吃了啊[泪]",
"mid":"zAMz5v15s",
"date":"2013-06-10 15:30:44"
},
{
"kids":[],
"uid":"314471777",
"parent":"",
"text":"真的假的？",
"mid":"zAMufBZ7w",
"date":"2013-06-10 15:18:49"
},
{
"kids":[],
"uid":"chengsimeng",
"parent":"zALcQ5M1N",
"text":"好恶心，我刚才回来差点买[吃惊]",
"mid":"zAMsY6lGF",
"date":"2013-06-10 15:15:40"
},
{
"kids":[],
"uid":"2791915045",
"parent":"zALPe2mfO",
"text":"",
"mid":"zAMnIducj",
"date":"2013-06-10 15:02:41"
},
{
"kids":[],
"uid":"3090995917",
"parent":"zAKP9wA1Y",
"text":"我不知道真的假的，不过注意点好，生活在现代社会真心太危险哦[泪]",
"mid":"zAMlrguXx",
"date":"2013-06-10 14:57:06"
},
{
"kids":[],
"uid":"1059344982",
"parent":"zALcQ5M1N",
"text":"高蛋白夹心啊",
"mid":"zAMgv6WlY",
"date":"2013-06-10 14:44:55"
},
{
"kids":[],
"uid":"2551699087",
"parent":"",
"text":"昨天刚吃你给我讲这些",
"mid":"zAMchBksb",
"date":"2013-06-10 14:34:33"
},
{
"kids":[],
"uid":"3314869803",
"parent":"zAK3VunIg",
"text":"",
"mid":"zAM6j5OoH",
"date":"2013-06-10 14:19:47"
},
{
"kids":[],
"uid":"2265493703",
"parent":"zALO0nSpi",
"text":"天啊 疯了 真的假的啊",
"mid":"zAM5Y3Gau",
"date":"2013-06-10 14:18:59"
},
{
"kids":[],
"uid":"1937153725",
"parent":"zALUeydlh",
"text":"国人的无知，把所有的虫都称之为蛆，可见一斑。",
"mid":"zAM0BmhiK",
"date":"2013-06-10 14:05:45"
},
{
"kids":[
"zANcz5VnE"
],
"uid":"1855231660",
"parent":"zALUeydlh",
"text":"我要发疯了 我要发疯了",
"mid":"zAM0gEUAd",
"date":"2013-06-10 14:04:56"
},
{
"kids":[
"zANwQpM35",
"zANuz8Zun"
],
"uid":"2646549162",
"parent":"",
"text":"[吃惊]",
"mid":"zALVvt5eW",
"date":"2013-06-10 13:53:13"
},
{
"kids":[
"zANTZCKYC",
"zANcz5VnE",
"zAM0BmhiK",
"zAM0gEUAd"
],
"uid":"yolandahe",
"parent":"zALbRewnl",
"text":"@yeah哥伯 完了，都吃完了！",
"mid":"zALUeydlh",
"date":"2013-06-10 13:50:04"
},
{
"kids":[],
"uid":"2298946137",
"parent":"zALQtpL4l",
"text":"累觉不爱~喜大普奔~~~[转发]",
"mid":"zALT4rt63",
"date":"2013-06-10 13:47:13"
},
{
"kids":[],
"uid":"1958129810",
"parent":"",
"text":"",
"mid":"zALQHjO3E",
"date":"2013-06-10 13:41:22"
},
{
"kids":[
"zALT4rt63"
],
"uid":"1991805725",
"parent":"zAK7wiVky",
"text":"胃里已经翻江倒海了...@鬼灵精怪JS",
"mid":"zALQtpL4l",
"date":"2013-06-10 13:40:50"
},
{
"kids":[
"zAMnIducj"
],
"uid":"1107640225",
"parent":"zAKiqEWUi",
"text":"[汗][抓狂][抓狂]昨天还吃了。。。[黑线]",
"mid":"zALPe2mfO",
"date":"2013-06-10 13:37:43"
},
{
"kids":[
"zAOEQzQkX",
"zAObLvskj",
"zAO53rsWR",
"zAM5Y3Gau"
],
"uid":"qianbvb",
"parent":"zAKSCEu4u",
"text":"坚信我吃的没问题，不然当加餐",
"mid":"zALO0nSpi",
"date":"2013-06-10 13:34:44"
},
{
"kids":[
"zAMz5v15s"
],
"uid":"2630800120",
"parent":"",
"text":"叫老妈子别买了。。。",
"mid":"zALNZuD3n",
"date":"2013-06-10 13:34:42"
},
{
"kids":[
"zANj4reBh",
"zAMO40xe0",
"zAMGYzwDl"
],
"uid":"2245721472",
"parent":"",
"text":"呃……@圆圆圆_zouyuan @G倩琪",
"mid":"zALLz5NZb",
"date":"2013-06-10 13:28:43"
},
{
"kids":[],
"uid":"2118836525",
"parent":"zAKCh89Xm",
"text":"油～我妈看了鸡皮疙瘩说直死@木小妞的灿灿 艾特你妈一下",
"mid":"zALD3CDQg",
"date":"2013-06-10 13:07:45"
},
{
"kids":[],
"uid":"daidaiaiguagua",
"parent":"",
"text":"滚尼玛！！！还能吃什么啊！！！",
"mid":"zALBSkMHt",
"date":"2013-06-10 13:04:51"
},
{
"kids":[],
"uid":"cxx860111",
"parent":"",
"text":"@莫名晓筑 @瀦Y-ing",
"mid":"zALB1sbVo",
"date":"2013-06-10 13:02:44"
},
{
"kids":[
"zB2Qr9QlY"
],
"uid":"1904402970",
"parent":"",
"text":"OMG我们才吃了很多[吃惊][吃惊][闭嘴]@落地窗的小屋 @恩恩柠檬 @轨迹天涯83 @爱不是唯一bei @汪绾",
"mid":"zALvP4qys",
"date":"2013-06-10 12:49:55"
},
{
"kids":[],
"uid":"1695958892",
"parent":"",
"text":"[吃惊][吃惊]@小雨小轩小果子 @王欢的帅帅与安妮 @我是__空白 @我是邦妮熊 @小康轩儿童馆",
"mid":"zALvgrEdu",
"date":"2013-06-10 12:48:34"
},
{
"kids":[],
"uid":"2119156412",
"parent":"zAL8YuVHR",
"text":"骗人的！我天天吃都用盐水泡滴从来没见过虫子",
"mid":"zALv73NMb",
"date":"2013-06-10 12:48:11"
},
{
"kids":[],
"uid":"1785438033",
"parent":"",
"text":"",
"mid":"zALpC3OrO",
"date":"2013-06-10 12:34:37"
},
{
"kids":[
"zAWzZlSch",
"zATDjaZPU"
],
"uid":"1746038743",
"parent":"zALcQ5M1N",
"text":"[吐][生病][生病]",
"mid":"zALoJ5BiT",
"date":"2013-06-10 12:32:27"
},
{
"kids":[],
"uid":"623766868",
"parent":"",
"text":"@彭小又鸟 买点回来试验下吧[得意地笑]",
"mid":"zALoDa379",
"date":"2013-06-10 12:32:14"
},
{
"kids":[],
"uid":"3124113037",
"parent":"",
"text":"",
"mid":"zALgReaST",
"date":"2013-06-10 12:13:02"
},
{
"kids":[
"zAWzZlSch",
"zATDjaZPU",
"zASSKtCMK",
"zAMsY6lGF",
"zAMgv6WlY",
"zALoJ5BiT"
],
"uid":"jyj124",
"parent":"zALbRewnl",
"text":"还好这个夏天还么吃过……",
"mid":"zALcQ5M1N",
"date":"2013-06-10 12:03:09"
},
{
"kids":[
"zAWzZlSch",
"zATDjaZPU",
"zASSKtCMK",
"zANTZCKYC",
"zANcz5VnE",
"zAMsY6lGF",
"zAMgv6WlY",
"zAM0BmhiK",
"zAM0gEUAd",
"zALUeydlh",
"zALoJ5BiT",
"zALcQ5M1N"
],
"uid":"2181096075",
"parent":"",
"text":"[吃惊]",
"mid":"zALbRewnl",
"date":"2013-06-10 12:00:45"
},
{
"kids":[],
"uid":"1879306765",
"parent":"zAK7wiVky",
"text":"@Jason_mami",
"mid":"zAL9xkCOS",
"date":"2013-06-10 11:55:02"
},
{
"kids":[
"zALv73NMb"
],
"uid":"2214558053",
"parent":"",
"text":"@杨煜萌妈妈",
"mid":"zAL8YuVHR",
"date":"2013-06-10 11:53:40"
},
{
"kids":[
"zAQmrvPMK"
],
"uid":"miko123",
"parent":"",
"text":"尼玛，我天天吃樱桃的，烦不了，当补充蛋白质！",
"mid":"zAL2Khc2M",
"date":"2013-06-10 11:38:17"
},
{
"kids":[],
"uid":"2329494845",
"parent":"",
"text":"@妖小妖valentine",
"mid":"zAL0qnT8L",
"date":"2013-06-10 11:32:33"
},
{
"kids":[
"zAOEQzQkX",
"zAObLvskj",
"zAO53rsWR",
"zAM5Y3Gau",
"zALO0nSpi"
],
"uid":"tuantuanbo",
"parent":"zAK7wiVky",
"text":"回复@杨刚73924:我决定吃了 一不做二不休 做实验不给自己添堵么……洗樱桃去〜",
"mid":"zAKSCEu4u",
"date":"2013-06-10 11:13:22"
},
{
"kids":[
"zAMlrguXx"
],
"uid":"2505032773",
"parent":"zAKiqEWUi",
"text":"[汗] ……@单燕子 @Zi兿 @炎炎浊世 @-今天我是火星人",
"mid":"zAKP9wA1Y",
"date":"2013-06-10 11:04:48"
},
{
"kids":[],
"uid":"2640941921",
"parent":"",
"text":"[汗]",
"mid":"zAKIbvx8t",
"date":"2013-06-10 10:47:38"
},
{
"kids":[],
"uid":"2507677211",
"parent":"zAKiqEWUi",
"text":"",
"mid":"zAKGrnLEr",
"date":"2013-06-10 10:43:21"
},
{
"kids":[],
"uid":"3197501897",
"parent":"",
"text":"我擦",
"mid":"zAKG5uvGU",
"date":"2013-06-10 10:42:29"
},
{
"kids":[],
"uid":"1984916005",
"parent":"zAKBBqNh8",
"text":"",
"mid":"zAKDNDzFx",
"date":"2013-06-10 10:36:50"
},
{
"kids":[
"zALD3CDQg"
],
"uid":"2074876713",
"parent":"zAKiAFsjc",
"text":"@暖暖患者 有没有搞错啊！！！",
"mid":"zAKCh89Xm",
"date":"2013-06-10 10:33:05"
},
{
"kids":[],
"uid":"17268301",
"parent":"zAKiqEWUi",
"text":"高蛋白啊。吃吃更健康[哈哈]",
"mid":"zAKC5y8Nw",
"date":"2013-06-10 10:32:37"
},
{
"kids":[
"zAKDNDzFx"
],
"uid":"2665031244",
"parent":"",
"text":"",
"mid":"zAKBBqNh8",
"date":"2013-06-10 10:31:25"
},
{
"kids":[],
"uid":"1916987133",
"parent":"zAKvY9HJ7",
"text":"我弟还说从烟台给我发一箱过来呢，还好没让他发过来@为杰沉伦521",
"mid":"zAKxBvIbJ",
"date":"2013-06-10 10:21:34"
},
{
"kids":[],
"uid":"1814381513",
"parent":"zAKiqEWUi",
"text":"太恶心了，我今年吃了好多樱桃",
"mid":"zAKwx3k1v",
"date":"2013-06-10 10:18:55"
},
{
"kids":[],
"uid":"1195978851",
"parent":"zAKjN9W9s",
"text":"大清早，被恶心到了",
"mid":"zAKwh6I0R",
"date":"2013-06-10 10:18:18"
},
{
"kids":[
"zAKxBvIbJ"
],
"uid":"1449683733",
"parent":"zAKuVbRd8",
"text":"",
"mid":"zAKvY9HJ7",
"date":"2013-06-10 10:17:32"
},
{
"kids":[
"zBwOalYVP",
"zBqYfh8Sx",
"zAKxBvIbJ",
"zAKvY9HJ7"
],
"uid":"2304525023",
"parent":"",
"text":"恶心",
"mid":"zAKuVbRd8",
"date":"2013-06-10 10:14:57"
},
{
"kids":[
"zAQq4FRZe"
],
"uid":"523612315",
"parent":"zAKiqEWUi",
"text":"",
"mid":"zAKuRjlWE",
"date":"2013-06-10 10:14:48"
},
{
"kids":[
"zAPgz9VJv"
],
"uid":"sichenjessica",
"parent":"",
"text":"我要吐血了——————————————[衰]真的假的啊？",
"mid":"zAKuE1zX8",
"date":"2013-06-10 10:14:17"
},
{
"kids":[],
"uid":"2696581671",
"parent":"",
"text":"额，，真恶心",
"mid":"zAKsEvqXi",
"date":"2013-06-10 10:09:23"
},
{
"kids":[],
"uid":"elliottfei",
"parent":"zAKiqEWUi",
"text":"",
"mid":"zAKrNibuf",
"date":"2013-06-10 10:07:16"
},
{
"kids":[],
"uid":"3494348305",
"parent":"",
"text":"@doudoudoudoooo",
"mid":"zAKqZ6w4x",
"date":"2013-06-10 10:05:16"
},
{
"kids":[],
"uid":"1694150150",
"parent":"zAKaZ9xct",
"text":"慎点大图，好恶心呀",
"mid":"zAKpKxJmU",
"date":"2013-06-10 10:02:14"
},
{
"kids":[],
"uid":"2285853980",
"parent":"zAKiqEWUi",
"text":":再也不吃了[吐]",
"mid":"zAKlnig1R",
"date":"2013-06-10 09:51:26"
},
{
"kids":[],
"uid":"1618956832",
"parent":"",
"text":"幸好今年没买过[偷笑]",
"mid":"zAKkAeNSQ",
"date":"2013-06-10 09:49:30"
},
{
"kids":[],
"uid":"2293276440",
"parent":"",
"text":"[吐][吃惊]要吐了",
"mid":"zAKk5t7WD",
"date":"2013-06-10 09:48:17"
},
{
"kids":[
"zAKwh6I0R"
],
"uid":"2647815261",
"parent":"",
"text":"",
"mid":"zAKjN9W9s",
"date":"2013-06-10 09:47:33"
},
{
"kids":[],
"uid":"fbi0001",
"parent":"",
"text":"恐怖",
"mid":"zAKjhzP1H",
"date":"2013-06-10 09:46:18"
},
{
"kids":[],
"uid":"208034580",
"parent":"",
"text":"幸好不喜欢吃樱桃@Psycho葡萄干 @李赫海最最最萌_suju脆骨 @徐莞婷不想单着 @娇柔软妹子 @湉某某",
"mid":"zAKiMdb6Z",
"date":"2013-06-10 09:45:03"
},
{
"kids":[
"zALD3CDQg",
"zAKCh89Xm"
],
"uid":"2018271594",
"parent":"",
"text":"@echo暴暴",
"mid":"zAKiAFsjc",
"date":"2013-06-10 09:44:35"
},
{
"kids":[
"zAQq4FRZe",
"zAMnIducj",
"zAMlrguXx",
"zALPe2mfO",
"zAKP9wA1Y",
"zAKGrnLEr",
"zAKC5y8Nw",
"zAKwx3k1v",
"zAKuRjlWE",
"zAKrNibuf",
"zAKlnig1R"
],
"uid":"king707",
"parent":"",
"text":"还好我不吃水果[汗]",
"mid":"zAKiqEWUi",
"date":"2013-06-10 09:44:11"
},
{
"kids":[],
"uid":"bztcer",
"parent":"",
"text":"[生病][生病][生病]亏好我不怎么吃这玩意！！！",
"mid":"zAKi7aSwz",
"date":"2013-06-10 09:43:24"
},
{
"kids":[],
"uid":"1745158863",
"parent":"zAK47AbMJ",
"text":"尼玛肿么这样[汗]",
"mid":"zAKhPsMTi",
"date":"2013-06-10 09:42:42"
},
{
"kids":[],
"uid":"2441304792",
"parent":"zAKaZ9xct",
"text":"[吃惊]",
"mid":"zAKfCA5JJ",
"date":"2013-06-10 09:37:16"
},
{
"kids":[],
"uid":"1666612533",
"parent":"zAK8U0SrO",
"text":"好恶心。。",
"mid":"zAKcF6lED",
"date":"2013-06-10 09:29:58"
},
{
"kids":[],
"uid":"2315578894",
"parent":"",
"text":"@wa-ta-xi",
"mid":"zAKbdi5hS",
"date":"2013-06-10 09:26:25"
},
{
"kids":[],
"uid":"1446105034",
"parent":"",
"text":"假的吧，恶心死了，再过几年，人类真的灭亡了，行尸走肉不再是梦",
"mid":"zAKb9cnXq",
"date":"2013-06-10 09:26:15"
},
{
"kids":[
"zAKpKxJmU",
"zAKfCA5JJ"
],
"uid":"2826361215",
"parent":"",
"text":"",
"mid":"zAKaZ9xct",
"date":"2013-06-10 09:25:51"
},
{
"kids":[
"zAKcF6lED"
],
"uid":"2217610822",
"parent":"",
"text":"",
"mid":"zAK8U0SrO",
"date":"2013-06-10 09:20:43"
},
{
"kids":[],
"uid":"2047993220",
"parent":"",
"text":"@淡水山谷 看看[吃惊][吃惊]",
"mid":"zAK8LEOGW",
"date":"2013-06-10 09:20:24"
},
{
"kids":[],
"uid":"321040407",
"parent":"",
"text":"[抓狂]昨刚下肚@楚楚Kichu小青年 @澈夜微凉lovechen",
"mid":"zAK8ejNQh",
"date":"2013-06-10 09:19:03"
},
{
"kids":[],
"uid":"630825baba",
"parent":"zAK6ZthlJ",
"text":"这是啥玩意儿呀，恐怖的一米，才吃过！",
"mid":"zAK87xL0S",
"date":"2013-06-10 09:18:48"
},
{
"kids":[],
"uid":"2941004157",
"parent":"",
"text":"咦，",
"mid":"zAK83Fjb2",
"date":"2013-06-10 09:18:38"
},
{
"kids":[
"zAXkI4sHQ",
"zATXeA0U4",
"zATC0cxDI",
"zAPM0uwkb",
"zAPtt37Gz",
"zAOEQzQkX",
"zAObLvskj",
"zAO53rsWR",
"zAM5Y3Gau",
"zALT4rt63",
"zALQtpL4l",
"zALO0nSpi",
"zAL9xkCOS",
"zAKSCEu4u"
],
"uid":"john73924",
"parent":"",
"text":"",
"mid":"zAK7wiVky",
"date":"2013-06-10 09:17:19"
},
{
"kids":[],
"uid":"2179736062",
"parent":"",
"text":"",
"mid":"zAK785O5T",
"date":"2013-06-10 09:16:21"
},
{
"kids":[],
"uid":"1404300221",
"parent":"",
"text":"小心樱桃 蛆@眷眷草lulu @猪小仙2687 @我的悠然天地 @小乖乖乖妈 @月晒谷",
"mid":"zAK785NY7",
"date":"2013-06-10 09:16:20"
},
{
"kids":[],
"uid":"1922184387",
"parent":"",
"text":"今年的樱桃有蛆[生病][生病][生病]",
"mid":"zAK74fdXk",
"date":"2013-06-10 09:16:12"
},
{
"kids":[
"zAK87xL0S"
],
"uid":"1105460673",
"parent":"",
"text":"",
"mid":"zAK6ZthlJ",
"date":"2013-06-10 09:16:01"
},
{
"kids":[],
"uid":"1898569684",
"parent":"",
"text":"@浅草微语",
"mid":"zAK6rdTVJ",
"date":"2013-06-10 09:14:38"
},
{
"kids":[],
"uid":"2234683727",
"parent":"",
"text":"高蛋白",
"mid":"zAK4ye5mn",
"date":"2013-06-10 09:09:59"
},
{
"kids":[],
"uid":"2608633454",
"parent":"",
"text":"",
"mid":"zAK4qu3BT",
"date":"2013-06-10 09:09:42"
},
{
"kids":[],
"uid":"1652338172",
"parent":"",
"text":"已经吃了两次了，没怎么洗。。。。不敢想了",
"mid":"zAK4kBvrM",
"date":"2013-06-10 09:09:27"
},
{
"kids":[
"zAKhPsMTi"
],
"uid":"killerdeng",
"parent":"",
"text":"[衰]尼玛，太恶心了。",
"mid":"zAK47AbMJ",
"date":"2013-06-10 09:08:57"
},
{
"kids":[
"zAM6j5OoH"
],
"uid":"r1ce0fyq",
"parent":"",
"text":"@神经鱼的妈咪",
"mid":"zAK3VunIg",
"date":"2013-06-10 09:08:27"
}
]