[
{
"kids":[],
"uid":"2655686302",
"parent":"zhxDF4BIF",
"text":"",
"mid":"zhGWC9ldh",
"date":"2013-02-05 02:16:26"
},
{
"kids":[],
"uid":"2456933187",
"parent":"zhA43kFtX",
"text":"回复@李映棠是二逼啊:至于那样说我吗，我是真看不懂",
"mid":"zhFpus8o5",
"date":"2013-02-04 22:22:05"
},
{
"kids":[
"zhFpus8o5"
],
"uid":"2456933187",
"parent":"",
"text":"还是不会看",
"mid":"zhA43kFtX",
"date":"2013-02-04 08:45:31"
},
{
"kids":[],
"uid":"2919349374",
"parent":"zeBcjoZqw",
"text":"",
"mid":"zhz5jgjQA",
"date":"2013-02-04 06:15:52"
},
{
"kids":[
"zhGWC9ldh"
],
"uid":"1440662881",
"parent":"zhqfRiTgd",
"text":"",
"mid":"zhxDF4BIF",
"date":"2013-02-04 02:35:01"
},
{
"kids":[],
"uid":"1520003422",
"parent":"zhqfRiTgd",
"text":"",
"mid":"zhxDF4BIh",
"date":"2013-02-04 02:35:01"
},
{
"kids":[
"zhxDF4BIF",
"zhxDF4BIh"
],
"uid":"2556791904",
"parent":"",
"text":"",
"mid":"zhqfRiTgd",
"date":"2013-02-03 07:47:09"
},
{
"kids":[],
"uid":"2920438000",
"parent":"zeBcjoZqw",
"text":"",
"mid":"zhpoFhj7H",
"date":"2013-02-03 05:36:06"
},
{
"kids":[],
"uid":"2230435801",
"parent":"",
"text":"",
"mid":"zgPg6F0Xi",
"date":"2013-01-30 09:36:07"
},
{
"kids":[],
"uid":"1520175830",
"parent":"zejzDniUR",
"text":"",
"mid":"zgOycf7Dn",
"date":"2013-01-30 07:47:56"
},
{
"kids":[],
"uid":"2810406572",
"parent":"zejzDniUR",
"text":"",
"mid":"zgDsefV6l",
"date":"2013-01-29 03:33:02"
},
{
"kids":[],
"uid":"1583110534",
"parent":"zeBcjoZqw",
"text":"",
"mid":"zgCpKyOoo",
"date":"2013-01-29 00:54:12"
},
{
"kids":[],
"uid":"1440668684",
"parent":"zeBcjoZqw",
"text":"",
"mid":"zgtDloRlY",
"date":"2013-01-28 02:32:57"
},
{
"kids":[],
"uid":"2789870844",
"parent":"zejzDniUR",
"text":"",
"mid":"zfUbCjXZz",
"date":"2013-01-24 08:18:30"
},
{
"kids":[],
"uid":"2282479337",
"parent":"",
"text":"转发微博。",
"mid":"zfNXnmNh6",
"date":"2013-01-23 16:26:56"
},
{
"kids":[],
"uid":"1582528982",
"parent":"zeC9ojxkH",
"text":"",
"mid":"zeQMSjI2e",
"date":"2013-01-17 09:48:59"
},
{
"kids":[],
"uid":"2804843954",
"parent":"zerTCuTGm",
"text":"",
"mid":"zeQyDoXDh",
"date":"2013-01-17 09:13:54"
},
{
"kids":[],
"uid":"2803281910",
"parent":"zeBOmyPIX",
"text":"",
"mid":"zeQbf8AH1",
"date":"2013-01-17 08:16:17"
},
{
"kids":[],
"uid":"2919619570",
"parent":"zeHc3aHn5",
"text":"",
"mid":"zeNkl41W2",
"date":"2013-01-17 01:00:27"
},
{
"kids":[],
"uid":"2612323461",
"parent":"",
"text":"转发微博。",
"mid":"zeMpuaNqn",
"date":"2013-01-16 22:40:21"
},
{
"kids":[],
"uid":"555di1203",
"parent":"",
"text":"",
"mid":"zeJp5rwfZ",
"date":"2013-01-16 15:01:08"
},
{
"kids":[],
"uid":"2804994204",
"parent":"zerTCuTGm",
"text":"",
"mid":"zeJ8Xufn5",
"date":"2013-01-16 14:21:26"
},
{
"kids":[],
"uid":"3008583393",
"parent":"",
"text":"大家来找茬哈，",
"mid":"zeIKGhNS7",
"date":"2013-01-16 13:21:37"
},
{
"kids":[],
"uid":"2805090274",
"parent":"zejqfg2Ps",
"text":"",
"mid":"zeHVHnuKJ",
"date":"2013-01-16 11:16:01"
},
{
"kids":[],
"uid":"2919578270",
"parent":"zeHc3aHn5",
"text":"",
"mid":"zeHjDyO9M",
"date":"2013-01-16 09:42:15"
},
{
"kids":[
"zeNkl41W2",
"zeHjDyO9M"
],
"uid":"1933041175",
"parent":"",
"text":"",
"mid":"zeHc3aHn5",
"date":"2013-01-16 09:23:32"
},
{
"kids":[],
"uid":"2156982530",
"parent":"",
"text":"",
"mid":"zeH9Kq26A",
"date":"2013-01-16 09:17:53"
},
{
"kids":[],
"uid":"2919784080",
"parent":"zeBOmyPIX",
"text":"",
"mid":"zeH4Jxbe0",
"date":"2013-01-16 09:05:32"
},
{
"kids":[],
"uid":"2803772304",
"parent":"",
"text":"",
"mid":"zeEU2EgK4",
"date":"2013-01-16 03:33:42"
},
{
"kids":[],
"uid":"2920123140",
"parent":"zeAog9e8Y",
"text":"",
"mid":"zeEFglwiH",
"date":"2013-01-16 02:57:17"
},
{
"kids":[],
"uid":"1786872025",
"parent":"zeAqnzcpc",
"text":"",
"mid":"zeDxjpiOI",
"date":"2013-01-16 00:04:56"
},
{
"kids":[],
"uid":"2320871130",
"parent":"zeAkpnY5j",
"text":"",
"mid":"zeCLDkWPQ",
"date":"2013-01-15 22:07:29"
},
{
"kids":[],
"uid":"1748252072",
"parent":"",
"text":"",
"mid":"zeCHuwvXj",
"date":"2013-01-15 21:57:15"
},
{
"kids":[],
"uid":"2741568972",
"parent":"",
"text":"",
"mid":"zeCvq4iRF",
"date":"2013-01-15 21:27:32"
},
{
"kids":[
"zeQMSjI2e"
],
"uid":"2459445287",
"parent":"",
"text":"",
"mid":"zeC9ojxkH",
"date":"2013-01-15 20:33:15"
},
{
"kids":[],
"uid":"1941607412",
"parent":"",
"text":"",
"mid":"zeC1pE8Ua",
"date":"2013-01-15 20:13:37"
},
{
"kids":[
"zeQbf8AH1",
"zeH4Jxbe0"
],
"uid":"2286413485",
"parent":"",
"text":"",
"mid":"zeBOmyPIX",
"date":"2013-01-15 19:41:28"
},
{
"kids":[],
"uid":"1709192095",
"parent":"",
"text":"大家注意了啊！！！！！！！",
"mid":"zeBqaETku",
"date":"2013-01-15 18:41:52"
},
{
"kids":[],
"uid":"shehuamiko",
"parent":"",
"text":"",
"mid":"zeBmVp3Yh",
"date":"2013-01-15 18:33:52"
},
{
"kids":[
"zhz5jgjQA",
"zhpoFhj7H",
"zgCpKyOoo",
"zgtDloRlY"
],
"uid":"2136769684",
"parent":"",
"text":"",
"mid":"zeBcjoZqw",
"date":"2013-01-15 18:07:43"
},
{
"kids":[],
"uid":"52summer86",
"parent":"",
"text":"扩散",
"mid":"zeAZ78zft",
"date":"2013-01-15 17:35:13"
},
{
"kids":[],
"uid":"1887793115",
"parent":"",
"text":"",
"mid":"zeAVgnnT3",
"date":"2013-01-15 17:25:41"
},
{
"kids":[],
"uid":"1890825892",
"parent":"",
"text":"@景璟大爷 @某只老圆子 @大胖兔子粥粥 @漫漫无目的的问问",
"mid":"zeAOzvFxG",
"date":"2013-01-15 17:09:14"
},
{
"kids":[],
"uid":"tvxq1226kjj",
"parent":"",
"text":"",
"mid":"zeAK7v2QG",
"date":"2013-01-15 16:58:16"
},
{
"kids":[],
"uid":"1081047802",
"parent":"",
"text":"注意，注意了！",
"mid":"zeAH0goWN",
"date":"2013-01-15 16:50:35"
},
{
"kids":[],
"uid":"2199301785",
"parent":"zeAkpnY5j",
"text":"",
"mid":"zeAESdT7W",
"date":"2013-01-15 16:45:21"
},
{
"kids":[],
"uid":"1375401100",
"parent":"",
"text":"我不认识假钱啊-----------",
"mid":"zeACGxprK",
"date":"2013-01-15 16:39:57"
},
{
"kids":[],
"uid":"somonic",
"parent":"",
"text":"仿的这么真一定没有办法避免的",
"mid":"zeACzs7uT",
"date":"2013-01-15 16:39:39"
},
{
"kids":[],
"uid":"shinertuo",
"parent":"",
"text":"我草",
"mid":"zeAAX1Xcm",
"date":"2013-01-15 16:35:40"
},
{
"kids":[],
"uid":"2969008974",
"parent":"",
"text":"诶诶，这个确实值得好好学习，以防假币咯！！！",
"mid":"zeAAsA9oU",
"date":"2013-01-15 16:34:26"
},
{
"kids":[],
"uid":"1909846387",
"parent":"",
"text":"@-Miss张- 上班收钱时注意看啊！！",
"mid":"zeAy05KvL",
"date":"2013-01-15 16:28:24"
},
{
"kids":[],
"uid":"1599426183",
"parent":"",
"text":"",
"mid":"zeArXpPsq",
"date":"2013-01-15 16:13:31"
},
{
"kids":[
"zeDxjpiOI"
],
"uid":"mypintugapyear",
"parent":"zeApJr9aY",
"text":"",
"mid":"zeAqnzcpc",
"date":"2013-01-15 16:09:36"
},
{
"kids":[],
"uid":"1950246983",
"parent":"",
"text":"大家看看吧~",
"mid":"zeApRoRxi",
"date":"2013-01-15 16:08:21"
},
{
"kids":[
"zeAqnzcpc"
],
"uid":"anyandno",
"parent":"zeAk1nPag",
"text":"有钱人不担心假币，只有穷人最担心遇到假币",
"mid":"zeApJr9aY",
"date":"2013-01-15 16:08:02"
},
{
"kids":[],
"uid":"3085643301",
"parent":"",
"text":"",
"mid":"zeApla7qe",
"date":"2013-01-15 16:07:04"
},
{
"kids":[],
"uid":"1970657387",
"parent":"",
"text":"",
"mid":"zeAp7Cu05",
"date":"2013-01-15 16:06:30"
},
{
"kids":[
"zeEFglwiH"
],
"uid":"2714815211",
"parent":"",
"text":"",
"mid":"zeAog9e8Y",
"date":"2013-01-15 16:04:22"
},
{
"kids":[],
"uid":"2567532455",
"parent":"",
"text":"银行也会取到不？",
"mid":"zeAngELdy",
"date":"2013-01-15 16:01:58"
},
{
"kids":[],
"uid":"1712808103",
"parent":"zeAiQptc8",
"text":"",
"mid":"zeAlMa6us",
"date":"2013-01-15 15:58:17"
},
{
"kids":[],
"uid":"1512459520",
"parent":"",
"text":"",
"mid":"zeAlC7Zsg",
"date":"2013-01-15 15:57:53"
},
{
"kids":[],
"uid":"kjjzaqforever",
"parent":"",
"text":"",
"mid":"zeAlxpiFm",
"date":"2013-01-15 15:57:40"
},
{
"kids":[],
"uid":"1884655864",
"parent":"",
"text":"",
"mid":"zeAlihVhX",
"date":"2013-01-15 15:57:06"
},
{
"kids":[],
"uid":"1417779564",
"parent":"",
"text":"",
"mid":"zeAkEpAks",
"date":"2013-01-15 15:55:32"
},
{
"kids":[],
"uid":"2325373953",
"parent":"",
"text":"",
"mid":"zeAkx2uya",
"date":"2013-01-15 15:55:13"
},
{
"kids":[
"zeCLDkWPQ",
"zeAESdT7W"
],
"uid":"xpz273970839",
"parent":"",
"text":"",
"mid":"zeAkpnY5j",
"date":"2013-01-15 15:54:54"
},
{
"kids":[
"zeApJr9aY"
],
"uid":"1412845004",
"parent":"",
"text":"",
"mid":"zeAk1nPag",
"date":"2013-01-15 15:53:59"
},
{
"kids":[],
"uid":"2309363300",
"parent":"",
"text":"",
"mid":"zeAj7wGsG",
"date":"2013-01-15 15:51:44"
},
{
"kids":[
"zeAlMa6us"
],
"uid":"1777862732",
"parent":"",
"text":"",
"mid":"zeAiQptc8",
"date":"2013-01-15 15:51:04"
},
{
"kids":[],
"uid":"2802936090",
"parent":"",
"text":"",
"mid":"zezxsCzLs",
"date":"2013-01-15 13:54:21"
},
{
"kids":[],
"uid":"1750316690",
"parent":"",
"text":"",
"mid":"zezmQ0VyU",
"date":"2013-01-15 13:28:09"
},
{
"kids":[],
"uid":"1948100874",
"parent":"",
"text":"",
"mid":"zey2Muen3",
"date":"2013-01-15 10:06:00"
},
{
"kids":[],
"uid":"2427042564",
"parent":"",
"text":"大家小心点啊@怎么那么曼 @tiny_run @薄荷芳芳928 @严多多的Mama @阿童木vivian @caizi0 @开心杨梦梦",
"mid":"zet9b3RaS",
"date":"2013-01-14 21:37:58"
},
{
"kids":[
"zeQyDoXDh",
"zeJ8Xufn5"
],
"uid":"2293965203",
"parent":"zejJSEUyj",
"text":"[抓狂]",
"mid":"zerTCuTGm",
"date":"2013-01-14 18:26:55"
},
{
"kids":[],
"uid":"86415064jj",
"parent":"",
"text":"",
"mid":"zeqRXD2Ss",
"date":"2013-01-14 15:50:07"
},
{
"kids":[],
"uid":"2661364561",
"parent":"",
"text":"",
"mid":"zepqlwAUA",
"date":"2013-01-14 12:09:20"
},
{
"kids":[],
"uid":"2783921981",
"parent":"zeo4ulWan",
"text":"[吐]",
"mid":"zepdTpbzY",
"date":"2013-01-14 11:38:39"
},
{
"kids":[],
"uid":"2585042011",
"parent":"",
"text":"大家收钱要小心啦！",
"mid":"zep21kIU1",
"date":"2013-01-14 11:09:23"
},
{
"kids":[],
"uid":"gesangchun",
"parent":"zeoUVCZZH",
"text":"记不得啊啊啊啊啊啊啊",
"mid":"zeoXj4MAp",
"date":"2013-01-14 10:57:47"
},
{
"kids":[
"zeoXj4MAp"
],
"uid":"2559898655",
"parent":"zeoGQ8hKK",
"text":"这个是假的代号也记不住啊………",
"mid":"zeoUVCZZH",
"date":"2013-01-14 10:51:54"
},
{
"kids":[],
"uid":"3084334587",
"parent":"zejKefBLF",
"text":"",
"mid":"zeoMRD0dI",
"date":"2013-01-14 10:32:04"
},
{
"kids":[
"zeoUVCZZH"
],
"uid":"chch07",
"parent":"zejq3bA8N",
"text":"@viola_嫣 @薛雯骏丶exe @你微笑我最爱 @March_ORZ",
"mid":"zeoGQ8hKK",
"date":"2013-01-14 10:17:13"
},
{
"kids":[],
"uid":"touxihun",
"parent":"",
"text":"扩散",
"mid":"zeonqj4qy",
"date":"2013-01-14 09:29:23"
},
{
"kids":[],
"uid":"jstcby",
"parent":"zeolPjmNF",
"text":"",
"mid":"zeomP58xn",
"date":"2013-01-14 09:27:53"
},
{
"kids":[
"zeomP58xn"
],
"uid":"1682276791",
"parent":"",
"text":"",
"mid":"zeolPjmNF",
"date":"2013-01-14 09:25:27"
},
{
"kids":[],
"uid":"2645982924",
"parent":"zeo56byjk",
"text":"@songluyan @优加-- @未雨绸缪806 @ILOVE南京 @刘洁JANE @小子碳",
"mid":"zeolH328r",
"date":"2013-01-14 09:25:06"
},
{
"kids":[],
"uid":"mengchenchen",
"parent":"",
"text":"童鞋们注意啦！",
"mid":"zeoewD42y",
"date":"2013-01-14 09:07:28"
},
{
"kids":[],
"uid":"2258973917",
"parent":"zelc37JZi",
"text":"收钱时要注意啦！",
"mid":"zeodMeVXU",
"date":"2013-01-14 09:05:36"
},
{
"kids":[],
"uid":"kfltyouth",
"parent":"zeo4ulWan",
"text":"",
"mid":"zeo9mDm12",
"date":"2013-01-14 08:54:44"
},
{
"kids":[
"zeolH328r"
],
"uid":"2440723395",
"parent":"",
"text":"@富贵的妹妹Amy @fly鳳丫頭 @懒小猫b @香xiang快乐",
"mid":"zeo56byjk",
"date":"2013-01-14 08:44:14"
},
{
"kids":[
"zepdTpbzY",
"zeo9mDm12"
],
"uid":"2658700503",
"parent":"",
"text":"",
"mid":"zeo4ulWan",
"date":"2013-01-14 08:42:43"
},
{
"kids":[],
"uid":"nannan870915",
"parent":"",
"text":"",
"mid":"zenxcjalu",
"date":"2013-01-14 07:20:43"
},
{
"kids":[],
"uid":"1954011813",
"parent":"zejnLBOSe",
"text":"",
"mid":"zenuPsMkd",
"date":"2013-01-14 07:14:53"
},
{
"kids":[],
"uid":"2920519010",
"parent":"",
"text":"",
"mid":"zen76sJG6",
"date":"2013-01-14 06:16:25"
},
{
"kids":[],
"uid":"2183120580",
"parent":"zejfNxWIB",
"text":"",
"mid":"zemMBzMLT",
"date":"2013-01-14 05:25:56"
},
{
"kids":[
"zeodMeVXU"
],
"uid":"1670171507",
"parent":"zekADdWwl",
"text":"",
"mid":"zelc37JZi",
"date":"2013-01-14 01:23:07"
},
{
"kids":[],
"uid":"2933447443",
"parent":"",
"text":"皇帝大人管管吧",
"mid":"zel4BdRTO",
"date":"2013-01-14 01:04:46"
},
{
"kids":[],
"uid":"liuchengxuanzi",
"parent":"zekkKlETz",
"text":"",
"mid":"zekXP57q7",
"date":"2013-01-14 00:48:04"
},
{
"kids":[],
"uid":"raulpeng",
"parent":"zejpfdTrJ",
"text":"",
"mid":"zekQadNem",
"date":"2013-01-14 00:29:11"
},
{
"kids":[],
"uid":"2293057493",
"parent":"",
"text":"转发微博。",
"mid":"zekOdkoWM",
"date":"2013-01-14 00:24:23"
},
{
"kids":[],
"uid":"dannie1008",
"parent":"",
"text":"",
"mid":"zekNoekaV",
"date":"2013-01-14 00:22:23"
},
{
"kids":[],
"uid":"579231144",
"parent":"zeka3gUp5",
"text":"",
"mid":"zekBjtBun",
"date":"2013-01-13 23:52:38"
},
{
"kids":[
"zelc37JZi"
],
"uid":"2985434822",
"parent":"zekkKlETz",
"text":"亲，大家注意啦",
"mid":"zekADdWwl",
"date":"2013-01-13 23:50:57"
},
{
"kids":[],
"uid":"xiaoshuibao",
"parent":"",
"text":"",
"mid":"zeky3kZKD",
"date":"2013-01-13 23:44:35"
},
{
"kids":[],
"uid":"2381702124",
"parent":"zejnWvPxM",
"text":"",
"mid":"zekxhaEST",
"date":"2013-01-13 23:42:41"
},
{
"kids":[],
"uid":"2789510991",
"parent":"",
"text":"",
"mid":"zekwV0VBL",
"date":"2013-01-13 23:41:44"
},
{
"kids":[],
"uid":"2401469551",
"parent":"",
"text":"@小猪麻团 @Momoke_baby @小彬小彬小 @高露CPCXNJ @C-陈小兔 @芳尐陌_Winnie @Andelee @潘杨子pyz @九月xq @hisaya @Lacecome吳小蕾 @emily郭郭最OK @雯雯0769",
"mid":"zeksN8jnM",
"date":"2013-01-13 23:31:37"
},
{
"kids":[],
"uid":"1797107262",
"parent":"zejkPkdOX",
"text":"@蜜桃柚Aries 收钱注意哦。",
"mid":"zeksbzZIx",
"date":"2013-01-13 23:30:08"
},
{
"kids":[],
"uid":"1898384475",
"parent":"",
"text":"",
"mid":"zekoaanHq",
"date":"2013-01-13 23:20:13"
},
{
"kids":[
"zekXP57q7",
"zekADdWwl"
],
"uid":"1150140590",
"parent":"",
"text":"@柒本味创意饭团 收钱时要注意啦！",
"mid":"zekkKlETz",
"date":"2013-01-13 23:11:45"
},
{
"kids":[],
"uid":"2705457841",
"parent":"zek1BiUnq",
"text":"",
"mid":"zekjtajwC",
"date":"2013-01-13 23:08:39"
},
{
"kids":[],
"uid":"1772115165",
"parent":"",
"text":"记一下……",
"mid":"zekh05cFr",
"date":"2013-01-13 23:02:34"
},
{
"kids":[],
"uid":"1112036122",
"parent":"",
"text":"转发微博。",
"mid":"zeke9obTt",
"date":"2013-01-13 22:55:33"
},
{
"kids":[
"zekBjtBun"
],
"uid":"1250421134",
"parent":"",
"text":"",
"mid":"zeka3gUp5",
"date":"2013-01-13 22:45:24"
},
{
"kids":[],
"uid":"2249035674",
"parent":"",
"text":"",
"mid":"zek5BfkLD",
"date":"2013-01-13 22:34:30"
},
{
"kids":[],
"uid":"1739856213",
"parent":"",
"text":"",
"mid":"zek3ukubq",
"date":"2013-01-13 22:29:17"
},
{
"kids":[
"zekjtajwC"
],
"uid":"snowbaby0706",
"parent":"",
"text":"@RZ兜兜 @子涵Chloe @才才小包 @niceguoguo @RICE妞",
"mid":"zek1BiUnq",
"date":"2013-01-13 22:24:36"
},
{
"kids":[],
"uid":"2180393381",
"parent":"",
"text":"",
"mid":"zejTjcCz5",
"date":"2013-01-13 22:04:12"
},
{
"kids":[],
"uid":"1397020811",
"parent":"",
"text":"@范范i @凡人小卉 @蓝色星星6446 @勤快的姝君从不放假 @yuelijiao @",
"mid":"zejPYDePK",
"date":"2013-01-13 21:56:00"
},
{
"kids":[],
"uid":"2115106192",
"parent":"",
"text":"转发微博。",
"mid":"zejOLAgO2",
"date":"2013-01-13 21:52:58"
},
{
"kids":[],
"uid":"2201462437",
"parent":"",
"text":"转发微博。",
"mid":"zejOI2yZR",
"date":"2013-01-13 21:52:50"
},
{
"kids":[],
"uid":"1411782394",
"parent":"",
"text":"",
"mid":"zejOtgXZB",
"date":"2013-01-13 21:52:16"
},
{
"kids":[],
"uid":"2591824627",
"parent":"zejKefBLF",
"text":"大家要注意啊",
"mid":"zejKQlzeS",
"date":"2013-01-13 21:43:21"
},
{
"kids":[
"zeoMRD0dI",
"zejKQlzeS"
],
"uid":"3166811875",
"parent":"",
"text":"@Magic_yang__",
"mid":"zejKefBLF",
"date":"2013-01-13 21:41:51"
},
{
"kids":[
"zerTCuTGm"
],
"uid":"1902894051",
"parent":"",
"text":"",
"mid":"zejJSEUyj",
"date":"2013-01-13 21:40:56"
},
{
"kids":[],
"uid":"2799229182",
"parent":"zejwE7Xgh",
"text":"@xuezh @Gnana @wangyidong84 @NJ悠悠璐 @呼呼璨",
"mid":"zejGJ6K2H",
"date":"2013-01-13 21:33:11"
},
{
"kids":[],
"uid":"1758846791",
"parent":"",
"text":"有义务进行扩散",
"mid":"zejFq815W",
"date":"2013-01-13 21:29:56"
},
{
"kids":[],
"uid":"2402390332",
"parent":"",
"text":"小心啦",
"mid":"zejCKj8NA",
"date":"2013-01-13 21:23:21"
},
{
"kids":[],
"uid":"1842720482",
"parent":"",
"text":"",
"mid":"zejCe9oR2",
"date":"2013-01-13 21:22:07"
},
{
"kids":[],
"uid":"1823649713",
"parent":"",
"text":"",
"mid":"zejB5v7xM",
"date":"2013-01-13 21:19:20"
},
{
"kids":[
"zgOycf7Dn",
"zgDsefV6l",
"zfUbCjXZz"
],
"uid":"1166849425",
"parent":"",
"text":"",
"mid":"zejzDniUR",
"date":"2013-01-13 21:15:45"
},
{
"kids":[
"zejGJ6K2H"
],
"uid":"1004616637",
"parent":"",
"text":"收银时小心了@长颈鹿huan @王小慧爱睡觉 @Cherish方大仙仙仙 @呆呆黏黏獸喝伊利",
"mid":"zejwE7Xgh",
"date":"2013-01-13 21:08:22"
},
{
"kids":[],
"uid":"2518292854",
"parent":"",
"text":"#请插入话题名称#对转",
"mid":"zejwh4QkU",
"date":"2013-01-13 21:07:27"
},
{
"kids":[],
"uid":"2618821237",
"parent":"",
"text":"",
"mid":"zejvWput8",
"date":"2013-01-13 21:06:35"
},
{
"kids":[],
"uid":"1885644890",
"parent":"",
"text":"",
"mid":"zejvTovPM",
"date":"2013-01-13 21:06:28"
},
{
"kids":[],
"uid":"2698781000",
"parent":"",
"text":"@幕欧_MAX_TSH @与子才成说 @傻气懒丫头 @GiGi程 @小雨丶雨雨雨",
"mid":"zejvRo2S3",
"date":"2013-01-13 21:06:25"
},
{
"kids":[],
"uid":"2705706252",
"parent":"",
"text":"",
"mid":"zejuQr0Vr",
"date":"2013-01-13 21:03:56"
},
{
"kids":[],
"uid":"1885263210",
"parent":"",
"text":"",
"mid":"zejuOjFKW",
"date":"2013-01-13 21:03:51"
},
{
"kids":[],
"uid":"2761420351",
"parent":"",
"text":"",
"mid":"zejuFcld3",
"date":"2013-01-13 21:03:29"
},
{
"kids":[],
"uid":"2120991073",
"parent":"",
"text":"[怒][怒]",
"mid":"zejteyshl",
"date":"2013-01-13 20:59:58"
},
{
"kids":[],
"uid":"sheepig",
"parent":"",
"text":"@Wen8601",
"mid":"zejtbysxO",
"date":"2013-01-13 20:59:51"
},
{
"kids":[],
"uid":"47095094",
"parent":"",
"text":"每次又钱难道还要先瞅准数字？",
"mid":"zejsY1Geo",
"date":"2013-01-13 20:59:17"
},
{
"kids":[],
"uid":"1274841247",
"parent":"",
"text":"",
"mid":"zejsaEgco",
"date":"2013-01-13 20:57:22"
},
{
"kids":[],
"uid":"chenchongwei",
"parent":"",
"text":"",
"mid":"zejs51bEK",
"date":"2013-01-13 20:57:07"
},
{
"kids":[],
"uid":"2375125462",
"parent":"",
"text":"",
"mid":"zejs0iEdI",
"date":"2013-01-13 20:56:57"
},
{
"kids":[],
"uid":"clbeautyli",
"parent":"",
"text":"",
"mid":"zejrLgnln",
"date":"2013-01-13 20:56:20"
},
{
"kids":[],
"uid":"1780441644",
"parent":"",
"text":"",
"mid":"zejrvxgDd",
"date":"2013-01-13 20:55:44"
},
{
"kids":[],
"uid":"1792225233",
"parent":"",
"text":"@blueskyer @因为何为因",
"mid":"zejqGpUIC",
"date":"2013-01-13 20:53:41"
},
{
"kids":[],
"uid":"2787583734",
"parent":"",
"text":"",
"mid":"zejqE89Je",
"date":"2013-01-13 20:53:35"
},
{
"kids":[
"zeHVHnuKJ"
],
"uid":"2012852440",
"parent":"zejmrrYhH",
"text":"同志们可要睁大眼睛，仔细辨别哟[吃惊] @金一村新街口店 @金一村丁山店 @金一村萨家湾店 @金一村夫子庙店 @金一村五台山店 @金一村西厂门旅店",
"mid":"zejqfg2Ps",
"date":"2013-01-13 20:52:36"
},
{
"kids":[
"zeoGQ8hKK"
],
"uid":"ryanvan",
"parent":"",
"text":"@circle-cir-yy @腊甲 @严肃后的片刻柔情 @下方桥阿哥 @赣东北悍匪 @Aries枭 大家注意啦",
"mid":"zejq3bA8N",
"date":"2013-01-13 20:52:07"
},
{
"kids":[
"zekQadNem"
],
"uid":"1307667643",
"parent":"",
"text":"",
"mid":"zejpfdTrJ",
"date":"2013-01-13 20:50:06"
},
{
"kids":[],
"uid":"1751852024",
"parent":"",
"text":"[围观]",
"mid":"zejnZeyRT",
"date":"2013-01-13 20:47:02"
},
{
"kids":[
"zekxhaEST"
],
"uid":"1899130220",
"parent":"",
"text":"",
"mid":"zejnWvPxM",
"date":"2013-01-13 20:46:55"
},
{
"kids":[
"zenuPsMkd"
],
"uid":"ccyuan0811",
"parent":"",
"text":"#请插入话题名称#",
"mid":"zejnLBOSe",
"date":"2013-01-13 20:46:30"
},
{
"kids":[
"zejqfg2Ps"
],
"uid":"haozhuj",
"parent":"",
"text":"[汗]",
"mid":"zejmrrYhH",
"date":"2013-01-13 20:43:10"
},
{
"kids":[],
"uid":"2817501092",
"parent":"",
"text":"",
"mid":"zejlsiV3Z",
"date":"2013-01-13 20:40:49"
},
{
"kids":[
"zeksbzZIx"
],
"uid":"2922649514",
"parent":"zejfTb1Oh",
"text":"@元烨M",
"mid":"zejkPkdOX",
"date":"2013-01-13 20:39:13"
},
{
"kids":[],
"uid":"1774351815",
"parent":"",
"text":"[挖鼻屎][吃惊]",
"mid":"zejkJmG1N",
"date":"2013-01-13 20:38:59"
},
{
"kids":[],
"uid":"2325123410",
"parent":"",
"text":"@包子_蕾 @我不叫-馒头 @圣斗士十七 @微笑的活力宝贝 大家注意",
"mid":"zejkhi7l8",
"date":"2013-01-13 20:37:54"
},
{
"kids":[],
"uid":"iloveyanagi",
"parent":"",
"text":"",
"mid":"zejjGDwAv",
"date":"2013-01-13 20:36:27"
},
{
"kids":[],
"uid":"1310370444",
"parent":"",
"text":"要过年了，假币又开始了，大家千万要睁大眼睛啊~~~",
"mid":"zejje12i2",
"date":"2013-01-13 20:35:19"
},
{
"kids":[],
"uid":"1881335131",
"parent":"",
"text":"转发微博。",
"mid":"zejj7bRE6",
"date":"2013-01-13 20:35:02"
},
{
"kids":[],
"uid":"1008412283",
"parent":"zejihdLcW",
"text":"",
"mid":"zejiGBs3O",
"date":"2013-01-13 20:33:59"
},
{
"kids":[
"zejiGBs3O"
],
"uid":"2140784987",
"parent":"",
"text":"",
"mid":"zejihdLcW",
"date":"2013-01-13 20:32:58"
},
{
"kids":[],
"uid":"2371988484",
"parent":"",
"text":"",
"mid":"zejhZszSK",
"date":"2013-01-13 20:32:16"
},
{
"kids":[],
"uid":"1979701324",
"parent":"",
"text":"哎",
"mid":"zejhzaFW1",
"date":"2013-01-13 20:31:13"
},
{
"kids":[],
"uid":"2185057072",
"parent":"",
"text":"扩散",
"mid":"zejhmt3pO",
"date":"2013-01-13 20:30:41"
},
{
"kids":[],
"uid":"xinghui83",
"parent":"",
"text":"[汗][汗][汗][汗][汗][汗]",
"mid":"zejh5Bp1o",
"date":"2013-01-13 20:30:02"
},
{
"kids":[],
"uid":"1072459973",
"parent":"",
"text":"[怒][怒][怒]",
"mid":"zejh0CJbj",
"date":"2013-01-13 20:29:49"
},
{
"kids":[],
"uid":"1789872931",
"parent":"",
"text":"",
"mid":"zejgYuD7W",
"date":"2013-01-13 20:29:45"
},
{
"kids":[],
"uid":"1857871752",
"parent":"",
"text":"[xb压力]",
"mid":"zejgCmaXX",
"date":"2013-01-13 20:28:53"
},
{
"kids":[],
"uid":"2876165103",
"parent":"",
"text":"叫声朋友，提防，提防！",
"mid":"zejgi0BVJ",
"date":"2013-01-13 20:28:01"
},
{
"kids":[
"zejkPkdOX"
],
"uid":"2965268452",
"parent":"",
"text":"@至宝M",
"mid":"zejfTb1Oh",
"date":"2013-01-13 20:27:05"
},
{
"kids":[
"zemMBzMLT"
],
"uid":"1930974937",
"parent":"",
"text":"",
"mid":"zejfNxWIB",
"date":"2013-01-13 20:26:52"
},
{
"kids":[],
"uid":"1847653974",
"parent":"",
"text":"",
"mid":"zejfBqYuX",
"date":"2013-01-13 20:26:23"
},
{
"kids":[],
"uid":"duck7",
"parent":"",
"text":"括",
"mid":"zejf2ApId",
"date":"2013-01-13 20:24:59"
},
{
"kids":[],
"uid":"araymon",
"parent":"",
"text":"",
"mid":"zejeGqzfr",
"date":"2013-01-13 20:24:08"
}
]