[
{
"kids":[],
"uid":"wuayi",
"parent":"",
"text":"",
"mid":"AwljShfNA",
"date":"2014-02-12 09:32:09"
},
{
"kids":[],
"uid":"2173213885",
"parent":"",
"text":"太",
"mid":"AwnEjslti",
"date":"2014-02-12 15:28:01"
},
{
"kids":[],
"uid":"2469831912",
"parent":"",
"text":"@猫神传奇领养中心 @反对虐杀 @支持领养猫狗代替购买 @抵制吃流浪狗猫 @中国小动物保护志愿者 @希望小动物保护中心 @上海流浪天使救助行动 @爪园流浪动物救助-PPAR @下一站幸福宠物救助 @宠物互助站 @好狗好猫流浪狗义工团 @好狗好猫义工团上海站",
"mid":"AwluwnYhN",
"date":"2014-02-12 09:58:24"
},
{
"kids":[],
"uid":"2189602011",
"parent":"",
"text":"[good][good][good][good][good][good][good][good]",
"mid":"D83jKrYLT",
"date":"2015-12-12 11:48:01"
},
{
"kids":[],
"uid":"wwwww2b",
"parent":"",
"text":"小伙伴们都转发起来吧！！！[作揖][作揖][作揖]",
"mid":"D7ZuPwXYs",
"date":"2015-12-12 02:04:20"
},
{
"kids":[],
"uid":"2809769931",
"parent":"D72cn1tcm",
"text":"",
"mid":"D77R2qHKL",
"date":"2015-12-06 09:30:43"
},
{
"kids":[],
"uid":"1432542305",
"parent":"D72cn1tcm",
"text":"这个要转",
"mid":"D72v56RS4",
"date":"2015-12-05 19:52:52"
},
{
"kids":[],
"uid":"1292139713",
"parent":"D72cn1tcm",
"text":"",
"mid":"D72kzhct5",
"date":"2015-12-05 19:26:58"
},
{
"kids":[],
"uid":"3674590740",
"parent":"D72cn1tcm",
"text":"",
"mid":"D72fezQzW",
"date":"2015-12-05 19:13:51"
},
{
"kids":[],
"uid":"2840908195",
"parent":"D72cn1tcm",
"text":"",
"mid":"D72dNCKqk",
"date":"2015-12-05 19:10:19"
},
{
"kids":[],
"uid":"1429428950",
"parent":"D72cn1tcm",
"text":"[赞]",
"mid":"D72decCjw",
"date":"2015-12-05 19:08:53"
},
{
"kids":[
"D77R2qHKL",
"D72v56RS4",
"D72kzhct5",
"D72fezQzW",
"D72dNCKqk",
"D72decCjw"
],
"uid":"372346277",
"parent":"",
"text":"看这个@微笑的妞妞乐园",
"mid":"D72cn1tcm",
"date":"2015-12-05 19:06:46"
},
{
"kids":[],
"uid":"2920548494",
"parent":"AvJgtwS1B",
"text":"",
"mid":"AAMTuwbS3",
"date":"2014-03-13 15:05:17"
},
{
"kids":[],
"uid":"2790018770",
"parent":"AwnEjslti",
"text":"",
"mid":"AAMftAGnC",
"date":"2014-03-13 13:26:41"
},
{
"kids":[],
"uid":"3043820124",
"parent":"AwnEjslti",
"text":"",
"mid":"AAKpQahuq",
"date":"2014-03-13 08:46:44"
},
{
"kids":[],
"uid":"3044353984",
"parent":"AvJgtwS1B",
"text":"",
"mid":"AAukHj23u",
"date":"2014-03-11 15:50:07"
},
{
"kids":[],
"uid":"2789965574",
"parent":"AvJgtwS1B",
"text":"",
"mid":"AAcghy7pA",
"date":"2014-03-09 17:49:46"
},
{
"kids":[],
"uid":"2789877920",
"parent":"AvJgtwS1B",
"text":"",
"mid":"AA1zqvPUE",
"date":"2014-03-08 14:36:45"
},
{
"kids":[],
"uid":"2805143590",
"parent":"AwnEjslti",
"text":"",
"mid":"AzTxFkRoy",
"date":"2014-03-07 18:10:26"
},
{
"kids":[],
"uid":"2808980702",
"parent":"AwnEjslti",
"text":"",
"mid":"AzQHiDU8R",
"date":"2014-03-07 10:55:57"
},
{
"kids":[],
"uid":"2790065782",
"parent":"AwnEjslti",
"text":"",
"mid":"AzBpaDSvD",
"date":"2014-03-05 20:00:04"
},
{
"kids":[],
"uid":"1778350737",
"parent":"AwnEjslti",
"text":"",
"mid":"Azziz05FZ",
"date":"2014-03-05 14:38:18"
},
{
"kids":[],
"uid":"2804329540",
"parent":"AvJgtwS1B",
"text":"",
"mid":"Azz8TrUJX",
"date":"2014-03-05 14:14:29"
},
{
"kids":[],
"uid":"2802993590",
"parent":"AvJgtwS1B",
"text":"",
"mid":"AzxjQ5Q3C",
"date":"2014-03-05 09:35:56"
},
{
"kids":[],
"uid":"2804368554",
"parent":"AvJgtwS1B",
"text":"",
"mid":"AznXIubKR",
"date":"2014-03-04 09:46:44"
},
{
"kids":[],
"uid":"1778223932",
"parent":"AwnEjslti",
"text":"",
"mid":"Azh1OuSrY",
"date":"2014-03-03 16:07:35"
},
{
"kids":[],
"uid":"1778336565",
"parent":"AwnEjslti",
"text":"",
"mid":"AzetZ0xbr",
"date":"2014-03-03 09:38:43"
},
{
"kids":[],
"uid":"2808536370",
"parent":"AwnEjslti",
"text":"",
"mid":"Azenyo6Us",
"date":"2014-03-03 09:22:54"
},
{
"kids":[],
"uid":"1582606115",
"parent":"AvJgtwS1B",
"text":"",
"mid":"AyXXhAO5U",
"date":"2014-03-01 15:34:15"
},
{
"kids":[],
"uid":"3045438470",
"parent":"AvJgtwS1B",
"text":"",
"mid":"AyNEn9rM0",
"date":"2014-02-28 13:20:11"
},
{
"kids":[],
"uid":"3043747812",
"parent":"AvJgtwS1B",
"text":"",
"mid":"AyMIywknx",
"date":"2014-02-28 10:57:44"
},
{
"kids":[],
"uid":"3045356132",
"parent":"AwnEjslti",
"text":"",
"mid":"AyLZjpchs",
"date":"2014-02-28 09:06:16"
},
{
"kids":[],
"uid":"2811210132",
"parent":"AwnEjslti",
"text":"",
"mid":"AytpgcnMz",
"date":"2014-02-26 09:48:01"
},
{
"kids":[],
"uid":"2919286372",
"parent":"AvJgtwS1B",
"text":"",
"mid":"AybESo0Yd",
"date":"2014-02-24 12:37:03"
},
{
"kids":[],
"uid":"3045146932",
"parent":"AvJgtwS1B",
"text":"",
"mid":"AyaS6jQNw",
"date":"2014-02-24 10:36:52"
},
{
"kids":[],
"uid":"2805310360",
"parent":"AwnEjslti",
"text":"",
"mid":"Aya39vAdZ",
"date":"2014-02-24 08:31:20"
},
{
"kids":[],
"uid":"3023522523",
"parent":"Awnt6sGjG",
"text":"",
"mid":"Ay6oezjxM",
"date":"2014-02-23 23:12:19"
},
{
"kids":[],
"uid":"3043715782",
"parent":"AwnEjslti",
"text":"",
"mid":"Ay3GiiDah",
"date":"2014-02-23 16:18:33"
},
{
"kids":[],
"uid":"2802948432",
"parent":"AvJgtwS1B",
"text":"",
"mid":"Ay1OV2q6I",
"date":"2014-02-23 11:34:18"
},
{
"kids":[],
"uid":"2804874230",
"parent":"AwnEjslti",
"text":"",
"mid":"AxAlGrJLy",
"date":"2014-02-20 13:38:07"
},
{
"kids":[],
"uid":"2919549482",
"parent":"AwnEjslti",
"text":"",
"mid":"AxyGbeDPk",
"date":"2014-02-20 09:23:08"
},
{
"kids":[],
"uid":"2919418822",
"parent":"AwnEjslti",
"text":"",
"mid":"AxqxYgkQY",
"date":"2014-02-19 12:40:55"
},
{
"kids":[],
"uid":"2919886250",
"parent":"AwnEjslti",
"text":"",
"mid":"Ax9zox4Ce",
"date":"2014-02-17 17:27:41"
},
{
"kids":[],
"uid":"1582746814",
"parent":"Ax2lD4Ks6",
"text":"",
"mid":"Ax8t71Kr1",
"date":"2014-02-17 14:39:30"
},
{
"kids":[],
"uid":"2804861852",
"parent":"Ax2lD4Ks6",
"text":"",
"mid":"Ax8rZyzTQ",
"date":"2014-02-17 14:36:45"
},
{
"kids":[],
"uid":"1776596450",
"parent":"Ax2lD4Ks6",
"text":"",
"mid":"Ax80oFIF4",
"date":"2014-02-17 13:28:46"
},
{
"kids":[],
"uid":"2789955650",
"parent":"AwnEjslti",
"text":"",
"mid":"Ax7fknCWh",
"date":"2014-02-17 11:32:48"
},
{
"kids":[
"Ax8t71Kr1",
"Ax8rZyzTQ",
"Ax80oFIF4"
],
"uid":"3172656984",
"parent":"Ax04Agmc1",
"text":"",
"mid":"Ax2lD4Ks6",
"date":"2014-02-16 23:04:36"
},
{
"kids":[
"Ax8t71Kr1",
"Ax8rZyzTQ",
"Ax80oFIF4",
"Ax2lD4Ks6"
],
"uid":"3045068734",
"parent":"AwnEjslti",
"text":"",
"mid":"Ax04Agmc1",
"date":"2014-02-16 17:17:06"
},
{
"kids":[],
"uid":"2804867224",
"parent":"AwnEjslti",
"text":"",
"mid":"AwZuBzzO7",
"date":"2014-02-16 15:48:28"
},
{
"kids":[],
"uid":"2803985152",
"parent":"AwnEjslti",
"text":"",
"mid":"AwWyUgr2N",
"date":"2014-02-16 08:20:50"
},
{
"kids":[],
"uid":"2489550951",
"parent":"AwljShfNA",
"text":"是真的就好了",
"mid":"AwqtXdbW3",
"date":"2014-02-12 22:40:44"
},
{
"kids":[],
"uid":"1468530907",
"parent":"AwljShfNA",
"text":"",
"mid":"Awqa0kwwT",
"date":"2014-02-12 21:51:35"
},
{
"kids":[],
"uid":"2173014295",
"parent":"Awnt6sGjG",
"text":"北京啥时也这样呢，首都连这个觉悟都没有的话也太丢人了",
"mid":"Awq5N47Xr",
"date":"2014-02-12 21:41:12"
},
{
"kids":[],
"uid":"1891218830",
"parent":"Awn1C6JrK",
"text":"@徐晓静儿",
"mid":"AwpJWg4Fl",
"date":"2014-02-12 20:47:22"
},
{
"kids":[],
"uid":"2720408822",
"parent":"",
"text":"假消息狗奴竟然也信?",
"mid":"AwoKB0MAg",
"date":"2014-02-12 18:16:14"
},
{
"kids":[],
"uid":"1935084584",
"parent":"Awn1C6JrK",
"text":"",
"mid":"AwoFiqoeL",
"date":"2014-02-12 18:03:10"
},
{
"kids":[],
"uid":"3801038058",
"parent":"Awn1C6JrK",
"text":"",
"mid":"AwowjmEig",
"date":"2014-02-12 17:41:03"
},
{
"kids":[],
"uid":"3172176135",
"parent":"Awnt6sGjG",
"text":"",
"mid":"AwoiUc7lr",
"date":"2014-02-12 17:08:00"
},
{
"kids":[],
"uid":"1888469962",
"parent":"Awnt6sGjG",
"text":"",
"mid":"AwnWztU1K",
"date":"2014-02-12 16:13:00"
},
{
"kids":[],
"uid":"2101056037",
"parent":"Awnt6sGjG",
"text":"",
"mid":"AwnOckVoz",
"date":"2014-02-12 15:52:21"
},
{
"kids":[],
"uid":"2630655741",
"parent":"Awn1C6JrK",
"text":"",
"mid":"AwnLamSB7",
"date":"2014-02-12 15:44:54"
},
{
"kids":[
"AAMftAGnC",
"AAKpQahuq",
"AzTxFkRoy",
"AzQHiDU8R",
"AzBpaDSvD",
"Azziz05FZ",
"Azh1OuSrY",
"AzetZ0xbr",
"Azenyo6Us",
"AyLZjpchs",
"AytpgcnMz",
"Aya39vAdZ",
"Ay3GiiDah",
"AxAlGrJLy",
"AxyGbeDPk",
"AxqxYgkQY",
"Ax9zox4Ce",
"Ax8t71Kr1",
"Ax8rZyzTQ",
"Ax80oFIF4",
"Ax7fknCWh",
"Ax2lD4Ks6",
"Ax04Agmc1",
"AwZuBzzO7",
"AwWyUgr2N"
],
"uid":"2173213885",
"parent":"",
"text":"太",
"mid":"AwnEjslti",
"date":"2014-02-12 15:28:01"
},
{
"kids":[],
"uid":"3820877046",
"parent":"Awnt6sGjG",
"text":"[good][话筒][鼓掌]/@好狗好猫群爱社:",
"mid":"AwnCj3wFe",
"date":"2014-02-12 15:23:04"
},
{
"kids":[],
"uid":"2693572705",
"parent":"Awn1C6JrK",
"text":"",
"mid":"AwnBLn3Le",
"date":"2014-02-12 15:21:44"
},
{
"kids":[],
"uid":"1910470440",
"parent":"",
"text":"真的么。",
"mid":"Awnz6sIQ2",
"date":"2014-02-12 15:15:11"
},
{
"kids":[],
"uid":"tanyasco1002",
"parent":"Awnt6sGjG",
"text":"",
"mid":"AwnwLptkV",
"date":"2014-02-12 15:09:23"
},
{
"kids":[],
"uid":"1725486032",
"parent":"Awnt6sGjG",
"text":"",
"mid":"AwnvDCL4i",
"date":"2014-02-12 15:06:39"
},
{
"kids":[
"Ay6oezjxM",
"Awq5N47Xr",
"AwoiUc7lr",
"AwnWztU1K",
"AwnOckVoz",
"AwnCj3wFe",
"AwnwLptkV",
"AwnvDCL4i"
],
"uid":"idogicat",
"parent":"Awn1C6JrK",
"text":"",
"mid":"Awnt6sGjG",
"date":"2014-02-12 15:00:24"
},
{
"kids":[],
"uid":"3185264994",
"parent":"Awn1C6JrK",
"text":"",
"mid":"Awnskiwa7",
"date":"2014-02-12 14:58:29"
},
{
"kids":[],
"uid":"1664129001",
"parent":"Awn1C6JrK",
"text":"",
"mid":"AwnkY5qOa",
"date":"2014-02-12 14:40:21"
},
{
"kids":[],
"uid":"xiuuxiuu",
"parent":"Awn1C6JrK",
"text":"",
"mid":"AwngKflJG",
"date":"2014-02-12 14:29:56"
},
{
"kids":[],
"uid":"2042537112",
"parent":"",
"text":"",
"mid":"Awnf58bZc",
"date":"2014-02-12 14:25:51"
},
{
"kids":[],
"uid":"1835045497",
"parent":"Awn1C6JrK",
"text":"打击猫狗贩子",
"mid":"AwneVlfoV",
"date":"2014-02-12 14:25:28"
},
{
"kids":[],
"uid":"1738252044",
"parent":"",
"text":"业界良心！",
"mid":"AwneedzEc",
"date":"2014-02-12 14:23:45"
},
{
"kids":[],
"uid":"deeplovepet",
"parent":"Awn1C6JrK",
"text":"",
"mid":"AwncB9j2Q",
"date":"2014-02-12 14:19:44"
},
{
"kids":[],
"uid":"3516811321",
"parent":"Awn1C6JrK",
"text":"",
"mid":"AwnbZEpNc",
"date":"2014-02-12 14:18:16"
},
{
"kids":[],
"uid":"3008295711",
"parent":"",
"text":"[给力]",
"mid":"Awnbw6Uxy",
"date":"2014-02-12 14:17:04"
},
{
"kids":[],
"uid":"2763940607",
"parent":"Awn1C6JrK",
"text":"",
"mid":"AwnaYnJR8",
"date":"2014-02-12 14:15:44"
},
{
"kids":[],
"uid":"1727222654",
"parent":"Awn1C6JrK",
"text":"",
"mid":"AwnagobfT",
"date":"2014-02-12 14:13:59"
},
{
"kids":[],
"uid":"1868870604",
"parent":"Awn1C6JrK",
"text":"喜大普奔",
"mid":"Awn71qe3x",
"date":"2014-02-12 14:05:58"
},
{
"kids":[],
"uid":"50735317",
"parent":"Awn1C6JrK",
"text":"[给力]北京行吗",
"mid":"Awn6NfbGP",
"date":"2014-02-12 14:05:26"
},
{
"kids":[],
"uid":"king7979",
"parent":"",
"text":"[",
"mid":"Awn6HlZ5t",
"date":"2014-02-12 14:05:12"
},
{
"kids":[],
"uid":"1709812617",
"parent":"Awn1C6JrK",
"text":"",
"mid":"Awn5Xw1ff",
"date":"2014-02-12 14:03:23"
},
{
"kids":[
"Ay6oezjxM",
"Awq5N47Xr",
"AwpJWg4Fl",
"AwoFiqoeL",
"AwowjmEig",
"AwoiUc7lr",
"AwnWztU1K",
"AwnOckVoz",
"AwnLamSB7",
"AwnCj3wFe",
"AwnBLn3Le",
"AwnwLptkV",
"AwnvDCL4i",
"Awnt6sGjG",
"Awnskiwa7",
"AwnkY5qOa",
"AwngKflJG",
"AwneVlfoV",
"AwncB9j2Q",
"AwnbZEpNc",
"AwnaYnJR8",
"AwnagobfT",
"Awn71qe3x",
"Awn6NfbGP",
"Awn5Xw1ff"
],
"uid":"1830156607",
"parent":"AwlL7iOoM",
"text":"",
"mid":"Awn1C6JrK",
"date":"2014-02-12 13:52:40"
},
{
"kids":[],
"uid":"1958021051",
"parent":"AwljShfNA",
"text":"",
"mid":"AwmV3c9Jf",
"date":"2014-02-12 13:36:30"
},
{
"kids":[],
"uid":"miumiuloveme",
"parent":"",
"text":"谢谢谢谢！！！！！",
"mid":"Awmxzy4gm",
"date":"2014-02-12 12:38:40"
},
{
"kids":[],
"uid":"1787506250",
"parent":"AwlPb3Ti9",
"text":"12331 地下加工厂这下逃不了了 [拳头]",
"mid":"AwmpcqmFm",
"date":"2014-02-12 12:18:02"
},
{
"kids":[],
"uid":"2607990865",
"parent":"AwljShfNA",
"text":"",
"mid":"AwmoUF3DY",
"date":"2014-02-12 12:17:20"
},
{
"kids":[],
"uid":"2128227784",
"parent":"AwljShfNA",
"text":"",
"mid":"Awmiz48zk",
"date":"2014-02-12 12:01:41"
},
{
"kids":[],
"uid":"2323556710",
"parent":"",
"text":"南昌好多殺狗狗賣狗肉！該管管了！",
"mid":"Awmfk8KkR",
"date":"2014-02-12 11:53:42"
},
{
"kids":[],
"uid":"npapa",
"parent":"AwljShfNA",
"text":"",
"mid":"Awmd9Ez6C",
"date":"2014-02-12 11:48:22"
},
{
"kids":[],
"uid":"520311419",
"parent":"AwlwfDqtB",
"text":"",
"mid":"Awm1RmCcb",
"date":"2014-02-12 11:20:32"
},
{
"kids":[],
"uid":"sai1127",
"parent":"AwlPb3Ti9",
"text":"",
"mid":"Awm1KAuos",
"date":"2014-02-12 11:20:16"
},
{
"kids":[],
"uid":"2148280400",
"parent":"AwljShfNA",
"text":"",
"mid":"AwlSZaQmN",
"date":"2014-02-12 10:58:40"
},
{
"kids":[],
"uid":"3848455616",
"parent":"AwljShfNA",
"text":"",
"mid":"AwlQbFDlR",
"date":"2014-02-12 10:51:47"
},
{
"kids":[],
"uid":"1769323501",
"parent":"AwljShfNA",
"text":"",
"mid":"AwlQb7UfE",
"date":"2014-02-12 10:51:45"
},
{
"kids":[],
"uid":"2106846790",
"parent":"AwljShfNA",
"text":"",
"mid":"AwlPHgVfs",
"date":"2014-02-12 10:50:34"
},
{
"kids":[
"AwmpcqmFm",
"Awm1KAuos"
],
"uid":"thegoldencompass",
"parent":"AwljShfNA",
"text":"",
"mid":"AwlPb3Ti9",
"date":"2014-02-12 10:49:17"
},
{
"kids":[
"Ay6oezjxM",
"Awq5N47Xr",
"AwpJWg4Fl",
"AwoFiqoeL",
"AwowjmEig",
"AwoiUc7lr",
"AwnWztU1K",
"AwnOckVoz",
"AwnLamSB7",
"AwnCj3wFe",
"AwnBLn3Le",
"AwnwLptkV",
"AwnvDCL4i",
"Awnt6sGjG",
"Awnskiwa7",
"AwnkY5qOa",
"AwngKflJG",
"AwneVlfoV",
"AwncB9j2Q",
"AwnbZEpNc",
"AwnaYnJR8",
"AwnagobfT",
"Awn71qe3x",
"Awn6NfbGP",
"Awn5Xw1ff",
"Awn1C6JrK"
],
"uid":"1711438890",
"parent":"AwluwnYhN",
"text":"",
"mid":"AwlL7iOoM",
"date":"2014-02-12 10:39:17"
},
{
"kids":[],
"uid":"1879820777",
"parent":"AwljShfNA",
"text":"[威武]",
"mid":"AwlF39zcA",
"date":"2014-02-12 10:24:20"
},
{
"kids":[],
"uid":"1744474460",
"parent":"AwljShfNA",
"text":"[good]",
"mid":"AwlBdAONQ",
"date":"2014-02-12 10:14:53"
},
{
"kids":[],
"uid":"sung77",
"parent":"AwljShfNA",
"text":"",
"mid":"AwlAnj6ue",
"date":"2014-02-12 10:12:47"
},
{
"kids":[],
"uid":"chunjuan88",
"parent":"AwljShfNA",
"text":"[good]",
"mid":"AwlAltZKA",
"date":"2014-02-12 10:12:45"
},
{
"kids":[],
"uid":"1943247430",
"parent":"AwljShfNA",
"text":"[good]",
"mid":"AwlxaoYs4",
"date":"2014-02-12 10:04:55"
},
{
"kids":[
"Awm1RmCcb"
],
"uid":"teozhou",
"parent":"AwljShfNA",
"text":"",
"mid":"AwlwfDqtB",
"date":"2014-02-12 10:02:40"
},
{
"kids":[],
"uid":"lavendermomiji",
"parent":"AwljShfNA",
"text":"",
"mid":"Awlwdky2N",
"date":"2014-02-12 10:02:34"
},
{
"kids":[
"Ay6oezjxM",
"Awq5N47Xr",
"AwpJWg4Fl",
"AwoFiqoeL",
"AwowjmEig",
"AwoiUc7lr",
"AwnWztU1K",
"AwnOckVoz",
"AwnLamSB7",
"AwnCj3wFe",
"AwnBLn3Le",
"AwnwLptkV",
"AwnvDCL4i",
"Awnt6sGjG",
"Awnskiwa7",
"AwnkY5qOa",
"AwngKflJG",
"AwneVlfoV",
"AwncB9j2Q",
"AwnbZEpNc",
"AwnaYnJR8",
"AwnagobfT",
"Awn71qe3x",
"Awn6NfbGP",
"Awn5Xw1ff",
"Awn1C6JrK",
"AwlL7iOoM"
],
"uid":"2469831912",
"parent":"",
"text":"@猫神传奇领养中心 @反对虐杀 @支持领养猫狗代替购买 @抵制吃流浪狗猫 @中国小动物保护志愿者 @希望小动物保护中心 @上海流浪天使救助行动 @爪园流浪动物救助-PPAR @下一站幸福宠物救助 @宠物互助站 @好狗好猫流浪狗义工团 @好狗好猫义工团上海站",
"mid":"AwluwnYhN",
"date":"2014-02-12 09:58:24"
},
{
"kids":[],
"uid":"2152470343",
"parent":"AwljShfNA",
"text":"",
"mid":"AwlrQ4bJ5",
"date":"2014-02-12 09:51:46"
},
{
"kids":[],
"uid":"mu24783",
"parent":"AwljShfNA",
"text":"",
"mid":"AwloE4NEl",
"date":"2014-02-12 09:43:55"
},
{
"kids":[],
"uid":"1833417793",
"parent":"AwljShfNA",
"text":"",
"mid":"AwlnRiVbN",
"date":"2014-02-12 09:41:59"
},
{
"kids":[],
"uid":"3114369411",
"parent":"",
"text":"",
"mid":"AwlmK94Am",
"date":"2014-02-12 09:39:14"
},
{
"kids":[],
"uid":"1809898474",
"parent":"AwljShfNA",
"text":"",
"mid":"AwlmwyXPo",
"date":"2014-02-12 09:38:42"
},
{
"kids":[],
"uid":"1888198581",
"parent":"AwljShfNA",
"text":"引用吴阿姨流浪猫狗家园的转发理由:转发微博 同时作为给上海优活指南的评论发布.同时作为给吴阿姨流浪猫狗家园的评论发布.",
"mid":"Awlmb2t11",
"date":"2014-02-12 09:37:50"
},
{
"kids":[],
"uid":"1944646802",
"parent":"AwljShfNA",
"text":"",
"mid":"AwllDAOke",
"date":"2014-02-12 09:36:30"
},
{
"kids":[],
"uid":"1803514797",
"parent":"AwljShfNA",
"text":"",
"mid":"Awlljv4WV",
"date":"2014-02-12 09:35:43"
},
{
"kids":[],
"uid":"lagusiter",
"parent":"AwljShfNA",
"text":"",
"mid":"Awll6uS5D",
"date":"2014-02-12 09:35:12"
},
{
"kids":[],
"uid":"3424699452",
"parent":"",
"text":"这是小伙伴们的福音耶~",
"mid":"AwlkN0N9y",
"date":"2014-02-12 09:34:25"
},
{
"kids":[],
"uid":"zuiaiyubaobei",
"parent":"AwljShfNA",
"text":"",
"mid":"AwlkMrBXw",
"date":"2014-02-12 09:34:24"
},
{
"kids":[],
"uid":"kuma69",
"parent":"AwljShfNA",
"text":"这个赞的呀可以有",
"mid":"AwlkAzd6M",
"date":"2014-02-12 09:33:56"
},
{
"kids":[],
"uid":"1263348083",
"parent":"AwljShfNA",
"text":"",
"mid":"AwlkjuS5h",
"date":"2014-02-12 09:33:15"
},
{
"kids":[],
"uid":"2032899961",
"parent":"AwljShfNA",
"text":"",
"mid":"AwlkaANnG",
"date":"2014-02-12 09:32:54"
},
{
"kids":[],
"uid":"harryk",
"parent":"AwljShfNA",
"text":"",
"mid":"AwlkaAuwx",
"date":"2014-02-12 09:32:54"
},
{
"kids":[
"AwqtXdbW3",
"Awqa0kwwT",
"AwmV3c9Jf",
"AwmpcqmFm",
"AwmoUF3DY",
"Awmiz48zk",
"Awmd9Ez6C",
"Awm1RmCcb",
"Awm1KAuos",
"AwlSZaQmN",
"AwlQbFDlR",
"AwlQb7UfE",
"AwlPHgVfs",
"AwlPb3Ti9",
"AwlF39zcA",
"AwlBdAONQ",
"AwlAnj6ue",
"AwlAltZKA",
"AwlxaoYs4",
"AwlwfDqtB",
"Awlwdky2N",
"AwlrQ4bJ5",
"AwloE4NEl",
"AwlnRiVbN",
"AwlmwyXPo",
"Awlmb2t11",
"AwllDAOke",
"Awlljv4WV",
"Awll6uS5D",
"AwlkMrBXw",
"AwlkAzd6M",
"AwlkjuS5h",
"AwlkaANnG",
"AwlkaAuwx"
],
"uid":"wuayi",
"parent":"",
"text":"",
"mid":"AwljShfNA",
"date":"2014-02-12 09:32:09"
},
{
"kids":[],
"uid":"1583687101",
"parent":"AvmmYrAkj",
"text":"",
"mid":"AvLAH6mS4",
"date":"2014-02-08 14:34:42"
},
{
"kids":[],
"uid":"3044163152",
"parent":"",
"text":"",
"mid":"AvKwaBwB6",
"date":"2014-02-08 11:50:49"
},
{
"kids":[],
"uid":"3043423564",
"parent":"",
"text":"",
"mid":"AvK7Xwjv0",
"date":"2014-02-08 10:51:10"
},
{
"kids":[],
"uid":"2919989690",
"parent":"AvmmYrAkj",
"text":"",
"mid":"AvJCe8ry6",
"date":"2014-02-08 09:32:59"
},
{
"kids":[],
"uid":"2802817084",
"parent":"AvmmYrAkj",
"text":"",
"mid":"AvJmD13iR",
"date":"2014-02-08 08:54:34"
},
{
"kids":[
"AAMTuwbS3",
"AAukHj23u",
"AAcghy7pA",
"AA1zqvPUE",
"Azz8TrUJX",
"AzxjQ5Q3C",
"AznXIubKR",
"AyXXhAO5U",
"AyNEn9rM0",
"AyMIywknx",
"AybESo0Yd",
"AyaS6jQNw",
"Ay1OV2q6I"
],
"uid":"caroljiji",
"parent":"",
"text":"[威武]",
"mid":"AvJgtwS1B",
"date":"2014-02-08 08:39:25"
},
{
"kids":[],
"uid":"208396782",
"parent":"",
"text":"",
"mid":"AvAAf3Lcu",
"date":"2014-02-07 10:33:23"
},
{
"kids":[],
"uid":"2054408617",
"parent":"AvmLAE1Fs",
"text":"",
"mid":"AvukLdIEh",
"date":"2014-02-06 18:38:45"
},
{
"kids":[],
"uid":"1723686313",
"parent":"AvmmYrAkj",
"text":"",
"mid":"Avtg9oRUr",
"date":"2014-02-06 15:54:40"
},
{
"kids":[],
"uid":"1762575442",
"parent":"",
"text":"",
"mid":"AvsJKnGML",
"date":"2014-02-06 14:34:50"
},
{
"kids":[],
"uid":"1583515981",
"parent":"AvmmYrAkj",
"text":"",
"mid":"Avs4mBpaO",
"date":"2014-02-06 12:52:52"
},
{
"kids":[],
"uid":"2973778735",
"parent":"",
"text":"南京什么时候开通啊@在江苏 @南京零距离",
"mid":"Avrk9h0VH",
"date":"2014-02-06 10:59:01"
},
{
"kids":[],
"uid":"2919596414",
"parent":"AvmmYrAkj",
"text":"",
"mid":"Avr4BkpRd",
"date":"2014-02-06 10:20:42"
},
{
"kids":[],
"uid":"2531012484",
"parent":"",
"text":"轉發微博",
"mid":"Avr03s2bS",
"date":"2014-02-06 10:09:31"
},
{
"kids":[],
"uid":"1986604233",
"parent":"",
"text":"",
"mid":"AvqOT7Om3",
"date":"2014-02-06 09:42:00"
},
{
"kids":[],
"uid":"2435218394",
"parent":"",
"text":"",
"mid":"AvqxBC7cg",
"date":"2014-02-06 08:59:26"
},
{
"kids":[],
"uid":"1445911134",
"parent":"",
"text":"",
"mid":"AvpQR49so",
"date":"2014-02-06 07:14:06"
},
{
"kids":[],
"uid":"shengshengkong",
"parent":"AvlO65HCn",
"text":"",
"mid":"Avp9pmFP8",
"date":"2014-02-06 05:27:04"
},
{
"kids":[],
"uid":"zhaizombie011",
"parent":"AvlQD11n1",
"text":"",
"mid":"AvnLZ1OSp",
"date":"2014-02-06 01:56:36"
},
{
"kids":[],
"uid":"ilovef",
"parent":"",
"text":"",
"mid":"AvnzLEMif",
"date":"2014-02-06 01:26:31"
},
{
"kids":[],
"uid":"2092807073",
"parent":"Avmi25OPA",
"text":"",
"mid":"AvnnsFPbk",
"date":"2014-02-06 00:56:11"
},
{
"kids":[],
"uid":"tico",
"parent":"",
"text":"[good]",
"mid":"AvnmOdjYC",
"date":"2014-02-06 00:54:35"
},
{
"kids":[],
"uid":"2189589934",
"parent":"AvmEKDJVW",
"text":"",
"mid":"AvnmACzZv",
"date":"2014-02-06 00:54:02"
},
{
"kids":[],
"uid":"1674892524",
"parent":"",
"text":"",
"mid":"AvnlnyJTY",
"date":"2014-02-06 00:51:03"
},
{
"kids":[],
"uid":"1109238750",
"parent":"Avm37rN0O",
"text":"",
"mid":"AvniA7rA5",
"date":"2014-02-06 00:44:10"
},
{
"kids":[],
"uid":"2151880483",
"parent":"",
"text":"",
"mid":"AvnfIcolL",
"date":"2014-02-06 00:37:06"
},
{
"kids":[],
"uid":"ziyaangel",
"parent":"",
"text":"",
"mid":"Avn9rBFTv",
"date":"2014-02-06 00:21:40"
},
{
"kids":[],
"uid":"2077300063",
"parent":"",
"text":"上次去吃饭的时候正好看到了！！！",
"mid":"Avn2jgleG",
"date":"2014-02-06 00:04:05"
},
{
"kids":[],
"uid":"wuyanying109",
"parent":"",
"text":"[威武]",
"mid":"AvmYmlpTS",
"date":"2014-02-05 23:54:20"
},
{
"kids":[],
"uid":"3179591627",
"parent":"AvmtRc08a",
"text":"",
"mid":"AvmUbciqY",
"date":"2014-02-05 23:44:02"
},
{
"kids":[],
"uid":"24658662",
"parent":"",
"text":"[威武]",
"mid":"AvmQByIbp",
"date":"2014-02-05 23:35:14"
},
{
"kids":[],
"uid":"1773563311",
"parent":"",
"text":"",
"mid":"AvmMAtzp8",
"date":"2014-02-05 23:25:21"
},
{
"kids":[],
"uid":"1458044162",
"parent":"AvmLAE1Fs",
"text":"轉起來",
"mid":"AvmM6Bi0R",
"date":"2014-02-05 23:24:09"
},
{
"kids":[
"AvukLdIEh",
"AvmM6Bi0R"
],
"uid":"kittyshan",
"parent":"",
"text":"早该",
"mid":"AvmLAE1Fs",
"date":"2014-02-05 23:22:54"
},
{
"kids":[],
"uid":"haoaini0223",
"parent":"",
"text":"",
"mid":"AvmFDlYct",
"date":"2014-02-05 23:08:12"
},
{
"kids":[
"AvnmACzZv"
],
"uid":"1865343354",
"parent":"Avm4jAiKj",
"text":"",
"mid":"AvmEKDJVW",
"date":"2014-02-05 23:06:02"
},
{
"kids":[],
"uid":"1438399004",
"parent":"",
"text":"狗肉不能吃了吗？",
"mid":"AvmEF1OBz",
"date":"2014-02-05 23:05:49"
},
{
"kids":[],
"uid":"1799659460",
"parent":"",
"text":"",
"mid":"AvmBCycET",
"date":"2014-02-05 22:58:19"
},
{
"kids":[],
"uid":"kikki0114",
"parent":"",
"text":"",
"mid":"AvmAFqFbn",
"date":"2014-02-05 22:55:59"
},
{
"kids":[],
"uid":"1497516747",
"parent":"AvlPAx47W",
"text":"",
"mid":"Avmzcoefs",
"date":"2014-02-05 22:52:21"
},
{
"kids":[],
"uid":"319033308",
"parent":"Avmr9kJzt",
"text":"新年新气象！好！！",
"mid":"AvmzamZzU",
"date":"2014-02-05 22:52:16"
},
{
"kids":[],
"uid":"1654733932",
"parent":"AvlSoiWFl",
"text":"南京就木有嘛？好想举报家门口那家卖狗肉的！",
"mid":"AvmxivMmd",
"date":"2014-02-05 22:47:41"
},
{
"kids":[],
"uid":"1404749395",
"parent":"",
"text":"",
"mid":"AvmwacCBx",
"date":"2014-02-05 22:44:53"
},
{
"kids":[
"AvmUbciqY"
],
"uid":"1789335891",
"parent":"Avmr9kJzt",
"text":"",
"mid":"AvmtRc08a",
"date":"2014-02-05 22:39:12"
},
{
"kids":[],
"uid":"1917811985",
"parent":"",
"text":"[强]",
"mid":"Avmt9aR18",
"date":"2014-02-05 22:37:27"
},
{
"kids":[],
"uid":"209000690",
"parent":"",
"text":"这个好！必须转！",
"mid":"AvmrtoXD5",
"date":"2014-02-05 22:33:20"
},
{
"kids":[],
"uid":"1965614257",
"parent":"",
"text":"",
"mid":"Avmrc1mif",
"date":"2014-02-05 22:32:37"
},
{
"kids":[
"AvmUbciqY",
"AvmzamZzU",
"AvmtRc08a"
],
"uid":"summer0218",
"parent":"",
"text":"Mark",
"mid":"Avmr9kJzt",
"date":"2014-02-05 22:32:32"
},
{
"kids":[],
"uid":"2075448107",
"parent":"Avm4jAiKj",
"text":"@战-地-钟-声",
"mid":"AvmqB3JE8",
"date":"2014-02-05 22:31:10"
},
{
"kids":[],
"uid":"pocky1123",
"parent":"",
"text":"必须扩[爱你]",
"mid":"Avmqt66gN",
"date":"2014-02-05 22:30:51"
},
{
"kids":[],
"uid":"moniechow",
"parent":"",
"text":"",
"mid":"AvmoiBbE2",
"date":"2014-02-05 22:25:30"
},
{
"kids":[
"AvLAH6mS4",
"AvJCe8ry6",
"AvJmD13iR",
"Avtg9oRUr",
"Avs4mBpaO",
"Avr4BkpRd"
],
"uid":"1959153221",
"parent":"",
"text":"快留着",
"mid":"AvmmYrAkj",
"date":"2014-02-05 22:22:15"
},
{
"kids":[],
"uid":"1656662740",
"parent":"",
"text":"",
"mid":"AvmldpXWB",
"date":"2014-02-05 22:17:55"
},
{
"kids":[],
"uid":"fionalee65",
"parent":"",
"text":"",
"mid":"Avmk9yEtM",
"date":"2014-02-05 22:15:18"
},
{
"kids":[],
"uid":"3122794811",
"parent":"",
"text":"@厦门方医生 @厦门阿福流浪动物之家 @宠物医生莱克",
"mid":"AvmjY3hMs",
"date":"2014-02-05 22:14:50"
},
{
"kids":[],
"uid":"3122794811",
"parent":"",
"text":"",
"mid":"AvmjI4Y96",
"date":"2014-02-05 22:14:12"
},
{
"kids":[],
"uid":"1971802801",
"parent":"",
"text":"",
"mid":"AvmjcaRpj",
"date":"2014-02-05 22:12:55"
},
{
"kids":[],
"uid":"arashidayisuki",
"parent":"AvmeA9ejV",
"text":"",
"mid":"AvmiN4iq4",
"date":"2014-02-05 22:11:56"
},
{
"kids":[
"AvnnsFPbk"
],
"uid":"1714192434",
"parent":"",
"text":"[",
"mid":"Avmi25OPA",
"date":"2014-02-05 22:10:04"
},
{
"kids":[],
"uid":"2104834305",
"parent":"",
"text":"打電話必須的！吃貓狗，原始人沒進化啊？",
"mid":"Avmi0gZnU",
"date":"2014-02-05 22:10:00"
},
{
"kids":[],
"uid":"2843346461",
"parent":"",
"text":"",
"mid":"AvmePdAnJ",
"date":"2014-02-05 22:02:09"
},
{
"kids":[
"AvmiN4iq4"
],
"uid":"amnos1025",
"parent":"AvlOZCd0h",
"text":"",
"mid":"AvmeA9ejV",
"date":"2014-02-05 22:01:33"
},
{
"kids":[],
"uid":"1971049735",
"parent":"",
"text":"这个要转[威武][good]@我是一个残宝宝 @三脚狗姐姐 @请叫我大顺姐",
"mid":"AvmdSmsF7",
"date":"2014-02-05 21:59:49"
},
{
"kids":[],
"uid":"icesoul1989",
"parent":"AvmcAhpvG",
"text":"好消息~",
"mid":"AvmcNzaOI",
"date":"2014-02-05 21:57:11"
},
{
"kids":[],
"uid":"2433561175",
"parent":"",
"text":"",
"mid":"AvmcAi2Qs",
"date":"2014-02-05 21:56:39"
},
{
"kids":[
"AvmcNzaOI"
],
"uid":"snakexue",
"parent":"AvlQI05Ac",
"text":"",
"mid":"AvmcAhpvG",
"date":"2014-02-05 21:56:39"
},
{
"kids":[],
"uid":"2078767611",
"parent":"",
"text":"",
"mid":"AvmcereZQ",
"date":"2014-02-05 21:55:46"
},
{
"kids":[],
"uid":"1659699174",
"parent":"",
"text":"",
"mid":"Avmc7DiqY",
"date":"2014-02-05 21:55:31"
},
{
"kids":[],
"uid":"1979808643",
"parent":"",
"text":"",
"mid":"Avmaop4e6",
"date":"2014-02-05 21:51:15"
},
{
"kids":[],
"uid":"2493305313",
"parent":"AvlO2wHDb",
"text":"",
"mid":"Avm7GdoLB",
"date":"2014-02-05 21:44:33"
},
{
"kids":[],
"uid":"1941201141",
"parent":"",
"text":"",
"mid":"Avm7dzam8",
"date":"2014-02-05 21:43:26"
},
{
"kids":[],
"uid":"2198326010",
"parent":"",
"text":"",
"mid":"Avm6PB7eR",
"date":"2014-02-05 21:42:29"
},
{
"kids":[],
"uid":"1840023804",
"parent":"Avm52wbu6",
"text":"棒呆！",
"mid":"Avm5B68NK",
"date":"2014-02-05 21:39:26"
},
{
"kids":[],
"uid":"2255492774",
"parent":"Avm37rN0O",
"text":"码",
"mid":"Avm5pjGuH",
"date":"2014-02-05 21:38:58"
},
{
"kids":[
"Avm5B68NK"
],
"uid":"crystallinefish",
"parent":"",
"text":"真！的！吗！[鼓掌][鼓掌][鼓掌]",
"mid":"Avm52wbu6",
"date":"2014-02-05 21:38:03"
},
{
"kids":[],
"uid":"1825963257",
"parent":"Avm4jAiKj",
"text":"转起来",
"mid":"Avm4PfUod",
"date":"2014-02-05 21:37:31"
},
{
"kids":[
"AvnmACzZv",
"AvmEKDJVW",
"AvmqB3JE8",
"Avm4PfUod"
],
"uid":"2801906570",
"parent":"",
"text":"这个应该要扩散一下。[馋嘴][围观][围观][馋嘴]",
"mid":"Avm4jAiKj",
"date":"2014-02-05 21:36:17"
},
{
"kids":[],
"uid":"1787886670",
"parent":"",
"text":"",
"mid":"Avm3BjDYp",
"date":"2014-02-05 21:34:31"
},
{
"kids":[],
"uid":"1670973827",
"parent":"",
"text":"",
"mid":"Avm39y6Ky",
"date":"2014-02-05 21:33:25"
},
{
"kids":[
"AvniA7rA5",
"Avm5pjGuH"
],
"uid":"208885097",
"parent":"",
"text":"",
"mid":"Avm37rN0O",
"date":"2014-02-05 21:33:20"
},
{
"kids":[],
"uid":"yaojingkelly",
"parent":"",
"text":"",
"mid":"Avm2X83IK",
"date":"2014-02-05 21:32:54"
},
{
"kids":[],
"uid":"2656713071",
"parent":"",
"text":"真的吗？其实500元不500元的没什么。只要别再吃他们。我们人类的朋友就好了。",
"mid":"Avm2ogX9N",
"date":"2014-02-05 21:31:31"
},
{
"kids":[],
"uid":"matsuweiwei",
"parent":"",
"text":"[",
"mid":"Avm1SD1N5",
"date":"2014-02-05 21:30:17"
},
{
"kids":[],
"uid":"1716246847",
"parent":"",
"text":"[马上有对象]",
"mid":"Avm1km8zd",
"date":"2014-02-05 21:28:55"
},
{
"kids":[],
"uid":"pandall",
"parent":"AvlPAx47W",
"text":"",
"mid":"AvlZZjLwS",
"date":"2014-02-05 21:25:37"
},
{
"kids":[],
"uid":"2053866795",
"parent":"",
"text":"",
"mid":"AvlXZtAyB",
"date":"2014-02-05 21:20:42"
},
{
"kids":[],
"uid":"athornbird",
"parent":"",
"text":"",
"mid":"AvlWNmK4o",
"date":"2014-02-05 21:17:45"
},
{
"kids":[],
"uid":"anuuu",
"parent":"",
"text":"",
"mid":"AvlW9sy7r",
"date":"2014-02-05 21:16:10"
},
{
"kids":[],
"uid":"2377021293",
"parent":"AvlTpexUY",
"text":"",
"mid":"AvlW22meB",
"date":"2014-02-05 21:15:51"
},
{
"kids":[],
"uid":"2740995127",
"parent":"",
"text":"",
"mid":"AvlVvyzON",
"date":"2014-02-05 21:14:35"
},
{
"kids":[],
"uid":"1102215554",
"parent":"",
"text":"",
"mid":"AvlV1pT75",
"date":"2014-02-05 21:13:22"
},
{
"kids":[
"AvlW22meB"
],
"uid":"2095884831",
"parent":"",
"text":"",
"mid":"AvlTpexUY",
"date":"2014-02-05 21:09:24"
},
{
"kids":[],
"uid":"1767046102",
"parent":"",
"text":"",
"mid":"AvlTekKXo",
"date":"2014-02-05 21:08:57"
},
{
"kids":[],
"uid":"2640776053",
"parent":"",
"text":"",
"mid":"AvlSPdwwY",
"date":"2014-02-05 21:07:58"
},
{
"kids":[],
"uid":"shadowsos",
"parent":"",
"text":"",
"mid":"AvlSFauVr",
"date":"2014-02-05 21:07:34"
},
{
"kids":[],
"uid":"2682589073",
"parent":"",
"text":"[good]",
"mid":"AvlSvqrC2",
"date":"2014-02-05 21:07:10"
},
{
"kids":[],
"uid":"mxt100",
"parent":"",
"text":"",
"mid":"AvlSsr7is",
"date":"2014-02-05 21:07:08"
},
{
"kids":[],
"uid":"1946260283",
"parent":"",
"text":"顶！",
"mid":"AvlSsbuzH",
"date":"2014-02-05 21:07:02"
},
{
"kids":[
"AvmxivMmd"
],
"uid":"drei33",
"parent":"AvlQI05Ac",
"text":"",
"mid":"AvlSoiWFl",
"date":"2014-02-05 21:06:54"
},
{
"kids":[],
"uid":"2558274527",
"parent":"AvlO65HCn",
"text":"扩",
"mid":"AvlRGAkqs",
"date":"2014-02-05 21:05:10"
},
{
"kids":[],
"uid":"2675502834",
"parent":"",
"text":"真的？不是有很多地方还有狗肉火锅吗？先转了再说",
"mid":"AvlQXncPs",
"date":"2014-02-05 21:03:21"
},
{
"kids":[
"AvmxivMmd",
"AvmcNzaOI",
"AvmcAhpvG",
"AvlSoiWFl"
],
"uid":"346461140",
"parent":"",
"text":"",
"mid":"AvlQI05Ac",
"date":"2014-02-05 21:02:45"
},
{
"kids":[
"AvnLZ1OSp"
],
"uid":"ym88813",
"parent":"",
"text":"[鼓掌][鼓掌][鼓掌]喜大普奔",
"mid":"AvlQD11n1",
"date":"2014-02-05 21:02:32"
},
{
"kids":[],
"uid":"1941774930",
"parent":"",
"text":"",
"mid":"AvlPYaIXC",
"date":"2014-02-05 21:00:55"
},
{
"kids":[],
"uid":"3885044732",
"parent":"",
"text":"各个城市都应该有，快快开通吧",
"mid":"AvlPXisGl",
"date":"2014-02-05 21:00:54"
},
{
"kids":[],
"uid":"2117627260",
"parent":"",
"text":"",
"mid":"AvlPHmPAM",
"date":"2014-02-05 21:00:16"
},
{
"kids":[
"Avmzcoefs",
"AvlZZjLwS"
],
"uid":"676869108",
"parent":"AvlO65HCn",
"text":"",
"mid":"AvlPAx47W",
"date":"2014-02-05 21:00:00"
},
{
"kids":[],
"uid":"1258358034",
"parent":"",
"text":"",
"mid":"AvlP38EXk",
"date":"2014-02-05 20:58:40"
},
{
"kids":[
"AvmiN4iq4",
"AvmeA9ejV"
],
"uid":"laputaofrachel",
"parent":"",
"text":"嗲！",
"mid":"AvlOZCd0h",
"date":"2014-02-05 20:58:32"
},
{
"kids":[],
"uid":"zong77",
"parent":"",
"text":"[",
"mid":"AvlOzBtlZ",
"date":"2014-02-05 20:57:30"
},
{
"kids":[],
"uid":"1868192324",
"parent":"",
"text":"转！",
"mid":"AvlOqaquP",
"date":"2014-02-05 20:57:07"
},
{
"kids":[
"Avp9pmFP8",
"Avmzcoefs",
"AvlZZjLwS",
"AvlRGAkqs",
"AvlPAx47W"
],
"uid":"1924720303",
"parent":"",
"text":"",
"mid":"AvlO65HCn",
"date":"2014-02-05 20:56:19"
},
{
"kids":[
"Avm7GdoLB"
],
"uid":"1886938032",
"parent":"",
"text":"必须转[",
"mid":"AvlO2wHDb",
"date":"2014-02-05 20:56:10"
},
{
"kids":[],
"uid":"sakuraxw0119",
"parent":"",
"text":"顶顶顶",
"mid":"AvlNBmrIB",
"date":"2014-02-05 20:55:06"
},
{
"kids":[],
"uid":"1629582851",
"parent":"",
"text":"大家行动起来",
"mid":"AvlMT3FnV",
"date":"2014-02-05 20:53:19"
}
]