[
{
"kids":[],
"uid":"1356942894",
"parent":"z9L53CKWC",
"text":"",
"mid":"zedpTBU0g",
"date":"2013-01-13 05:35:15"
},
{
"kids":[],
"uid":"2803004370",
"parent":"z9L53CKWC",
"text":"",
"mid":"ze9WkxmEs",
"date":"2013-01-12 20:44:11"
},
{
"kids":[],
"uid":"1776536080",
"parent":"z9Sw6EIMp",
"text":"",
"mid":"zbu3CchGX",
"date":"2012-12-26 06:26:09"
},
{
"kids":[],
"uid":"2789890774",
"parent":"z9Sw6EIMp",
"text":"",
"mid":"zbkKzuLKw",
"date":"2012-12-25 06:44:31"
},
{
"kids":[],
"uid":"1778765211",
"parent":"z9QhB3ruB",
"text":"好好看哦，有图片，还不简单啊，直接上传到美寻社，http:",
"mid":"zaySO7NKB",
"date":"2012-12-20 04:52:57"
},
{
"kids":[],
"uid":"1583926601",
"parent":"",
"text":"",
"mid":"zaxS2rvFu",
"date":"2012-12-20 02:18:18"
},
{
"kids":[],
"uid":"2808007394",
"parent":"z9L6DaZOv",
"text":"",
"mid":"zaxttrEsx",
"date":"2012-12-20 01:17:48"
},
{
"kids":[],
"uid":"2789800442",
"parent":"z9Sw6EIMp",
"text":"",
"mid":"zaxqn6vuD",
"date":"2012-12-20 01:10:09"
},
{
"kids":[],
"uid":"1778320495",
"parent":"z9SuFqVWz",
"text":"",
"mid":"zatmif3KH",
"date":"2012-12-19 14:49:08"
},
{
"kids":[],
"uid":"2919470290",
"parent":"z9Sw6EIMp",
"text":"",
"mid":"zas4Q6ECm",
"date":"2012-12-19 11:33:22"
},
{
"kids":[],
"uid":"2919748154",
"parent":"z9Sw6EIMp",
"text":"",
"mid":"zas4Q5ElF",
"date":"2012-12-19 11:33:21"
},
{
"kids":[],
"uid":"2809521144",
"parent":"",
"text":"",
"mid":"zaqC6vctL",
"date":"2012-12-19 07:49:49"
},
{
"kids":[],
"uid":"1560964443",
"parent":"",
"text":"",
"mid":"zapPNFcDW",
"date":"2012-12-19 05:50:50"
},
{
"kids":[],
"uid":"2810500480",
"parent":"",
"text":"",
"mid":"zamJzjoRf",
"date":"2012-12-18 21:57:13"
},
{
"kids":[],
"uid":"1914486862",
"parent":"",
"text":"这个要引起我的注意了，我经常带着儿子出去晃荡，别人要求，也会帮别人拍照的，还好碰到的都是只是拍照而已",
"mid":"zak0bzBx1",
"date":"2012-12-18 14:59:56"
},
{
"kids":[],
"uid":"2920596762",
"parent":"z9SuFqVWz",
"text":"",
"mid":"zahkx88gW",
"date":"2012-12-18 08:11:49"
},
{
"kids":[],
"uid":"2919660190",
"parent":"z9SuFqVWz",
"text":"",
"mid":"zahkwvB4L",
"date":"2012-12-18 08:11:48"
},
{
"kids":[],
"uid":"1728127854",
"parent":"z9KPoCRme",
"text":"",
"mid":"zaf2tF6ev",
"date":"2012-12-18 02:21:51"
},
{
"kids":[],
"uid":"2143700623",
"parent":"",
"text":"",
"mid":"zabb4gcWG",
"date":"2012-12-17 16:31:59"
},
{
"kids":[],
"uid":"1582797495",
"parent":"z9KPoCRme",
"text":"",
"mid":"za8YZ3UAE",
"date":"2012-12-17 10:56:44"
},
{
"kids":[],
"uid":"2919502002",
"parent":"z9LTez7pO",
"text":"",
"mid":"za31z9AU4",
"date":"2012-12-16 19:46:37"
},
{
"kids":[],
"uid":"2274180995",
"parent":"z9KL7j82G",
"text":"",
"mid":"za1XuuxSA",
"date":"2012-12-16 17:03:51"
},
{
"kids":[],
"uid":"1582916687",
"parent":"z9Sw6EIMp",
"text":"",
"mid":"za1c9jQCj",
"date":"2012-12-16 15:07:11"
},
{
"kids":[],
"uid":"1581744910",
"parent":"z9OT7miGV",
"text":"",
"mid":"z9ZWAcDyp",
"date":"2012-12-16 11:56:05"
},
{
"kids":[],
"uid":"1334242140",
"parent":"",
"text":"@梦境谷129",
"mid":"z9YW5oQCI",
"date":"2012-12-16 09:22:08"
},
{
"kids":[],
"uid":"2595762841",
"parent":"z9La54VGQ",
"text":"",
"mid":"z9YFtDhE5",
"date":"2012-12-16 08:41:14"
},
{
"kids":[],
"uid":"2789796892",
"parent":"z9RUPCK5j",
"text":"",
"mid":"z9YxMFoNv",
"date":"2012-12-16 08:22:16"
},
{
"kids":[],
"uid":"2919970290",
"parent":"z9L7r6NOl",
"text":"",
"mid":"z9XOLtQqW",
"date":"2012-12-16 06:31:21"
},
{
"kids":[],
"uid":"2809421322",
"parent":"z9KEzyJob",
"text":"",
"mid":"z9XGxbwXD",
"date":"2012-12-16 06:11:04"
},
{
"kids":[],
"uid":"2920146444",
"parent":"z9Lo7D2ms",
"text":"",
"mid":"z9W41fqoc",
"date":"2012-12-16 02:03:27"
},
{
"kids":[],
"uid":"xiaoyinghappyangel",
"parent":"z9RlvqZmb",
"text":"这都是怎么了？？[怒][怒][怒]",
"mid":"z9V5vF6jA",
"date":"2012-12-15 23:34:19"
},
{
"kids":[],
"uid":"2072815412",
"parent":"",
"text":"MB~这些人都改应该灭九族[怒][怒][怒][怒][怒]",
"mid":"z9V579EjL",
"date":"2012-12-15 23:33:25"
},
{
"kids":[],
"uid":"1906221263",
"parent":"",
"text":"@远影J",
"mid":"z9UJegxcR",
"date":"2012-12-15 22:39:26"
},
{
"kids":[],
"uid":"jeanee",
"parent":"",
"text":"",
"mid":"z9Tn0lwWn",
"date":"2012-12-15 19:12:00"
},
{
"kids":[],
"uid":"hzfangjun",
"parent":"",
"text":"",
"mid":"z9SQBAATa",
"date":"2012-12-15 17:52:10"
},
{
"kids":[],
"uid":"2033347264",
"parent":"z9Lbo6pQl",
"text":"",
"mid":"z9SPu800p",
"date":"2012-12-15 17:49:24"
},
{
"kids":[],
"uid":"2804943080",
"parent":"",
"text":"",
"mid":"z9SMUgIbK",
"date":"2012-12-15 17:43:03"
},
{
"kids":[],
"uid":"2920503084",
"parent":"",
"text":"",
"mid":"z9SMTDXiF",
"date":"2012-12-15 17:43:03"
},
{
"kids":[],
"uid":"2986020341",
"parent":"z9PvW9WrC",
"text":"",
"mid":"z9SzHqZvw",
"date":"2012-12-15 17:10:30"
},
{
"kids":[
"zbu3CchGX",
"zbkKzuLKw",
"zaxqn6vuD",
"zas4Q6ECm",
"zas4Q5ElF",
"za1c9jQCj"
],
"uid":"1035561667",
"parent":"z9KOMdYTh",
"text":"@心若萱 @Monsoon777 @生如夏欣 @甜甜向上daydayup @smile-这一刻的离情别绪",
"mid":"z9Sw6EIMp",
"date":"2012-12-15 17:01:39"
},
{
"kids":[
"zatmif3KH",
"zahkx88gW",
"zahkwvB4L"
],
"uid":"2780770701",
"parent":"z9PaWwkol",
"text":"",
"mid":"z9SuFqVWz",
"date":"2012-12-15 16:58:07"
},
{
"kids":[],
"uid":"1770966810",
"parent":"z9KDCaWub",
"text":"",
"mid":"z9SoFEaAV",
"date":"2012-12-15 16:43:22"
},
{
"kids":[],
"uid":"1907579481",
"parent":"",
"text":"[话筒]",
"mid":"z9SfXfTQ3",
"date":"2012-12-15 16:21:51"
},
{
"kids":[],
"uid":"2919326390",
"parent":"",
"text":"",
"mid":"z9S8D4rom",
"date":"2012-12-15 16:03:49"
},
{
"kids":[
"z9YxMFoNv"
],
"uid":"2518847224",
"parent":"z9P8xg6vn",
"text":"@钱艾文",
"mid":"z9RUPCK5j",
"date":"2012-12-15 15:29:48"
},
{
"kids":[],
"uid":"2837134051",
"parent":"",
"text":"",
"mid":"z9RQK7zuJ",
"date":"2012-12-15 15:19:43"
},
{
"kids":[],
"uid":"1266366367",
"parent":"",
"text":"真的吗?顺手之劳也要思考",
"mid":"z9RNY8VAk",
"date":"2012-12-15 15:12:53"
},
{
"kids":[],
"uid":"2330969613",
"parent":"",
"text":"",
"mid":"z9RFZ8EIR",
"date":"2012-12-15 14:53:16"
},
{
"kids":[
"z9V5vF6jA"
],
"uid":"1412732340",
"parent":"z9PvW9WrC",
"text":"擦！这又是谁想出来的贱招！@孟嫣的微博 @阿斗木 @beijing-jingjing @肚肚2004 @韩舒彤",
"mid":"z9RlvqZmb",
"date":"2012-12-15 14:02:48"
},
{
"kids":[],
"uid":"1875313573",
"parent":"z9PgUcn2Q",
"text":"",
"mid":"z9Rkg133v",
"date":"2012-12-15 13:59:41"
},
{
"kids":[],
"uid":"1779326803",
"parent":"",
"text":"",
"mid":"z9Rh6nect",
"date":"2012-12-15 13:51:57"
},
{
"kids":[],
"uid":"1770813103",
"parent":"",
"text":"",
"mid":"z9RapdDgx",
"date":"2012-12-15 13:35:27"
},
{
"kids":[],
"uid":"1726294213",
"parent":"z9QQO8QD3",
"text":"[怒]",
"mid":"z9R4o1UcI",
"date":"2012-12-15 13:20:37"
},
{
"kids":[],
"uid":"2281958597",
"parent":"",
"text":"",
"mid":"z9R0vekc4",
"date":"2012-12-15 13:11:02"
},
{
"kids":[
"z9R4o1UcI"
],
"uid":"lovepipixixi",
"parent":"z9P8P02FA",
"text":"",
"mid":"z9QQO8QD3",
"date":"2012-12-15 12:47:10"
},
{
"kids":[],
"uid":"1793177013",
"parent":"z9PP62SX9",
"text":"",
"mid":"z9QPc2nEg",
"date":"2012-12-15 12:43:12"
},
{
"kids":[],
"uid":"2790195065",
"parent":"z9KC01gWj",
"text":"扩散 小心了！",
"mid":"z9QMP7QOM",
"date":"2012-12-15 12:37:21"
},
{
"kids":[],
"uid":"meadowheaven",
"parent":"z9OVfrE1O",
"text":"",
"mid":"z9QxWBLdL",
"date":"2012-12-15 12:00:42"
},
{
"kids":[],
"uid":"2986361787",
"parent":"z9QgeeC9k",
"text":"互转@罗门mini颖 @无题Mei @",
"mid":"z9QqWyp49",
"date":"2012-12-15 11:43:26"
},
{
"kids":[],
"uid":"2075792693",
"parent":"z9Ls7fYwA",
"text":"",
"mid":"z9QmrymuR",
"date":"2012-12-15 11:32:21"
},
{
"kids":[
"zaySO7NKB"
],
"uid":"2037097197",
"parent":"z9Q4PbXor",
"text":"那有这样的人寻求帮助还帮吗？[疑问][思考]",
"mid":"z9QhB3ruB",
"date":"2012-12-15 11:20:25"
},
{
"kids":[
"z9QqWyp49"
],
"uid":"2499478817",
"parent":"",
"text":"[moc转发]",
"mid":"z9QgeeC9k",
"date":"2012-12-15 11:17:03"
},
{
"kids":[],
"uid":"2890041305",
"parent":"",
"text":"",
"mid":"z9Qe0x326",
"date":"2012-12-15 11:11:35"
},
{
"kids":[],
"uid":"1872127665",
"parent":"",
"text":"@清汤挂面",
"mid":"z9QaF9pYw",
"date":"2012-12-15 11:03:18"
},
{
"kids":[
"z9QhB3ruB"
],
"uid":"2281049591",
"parent":"z9PnKwrew",
"text":"扩散",
"mid":"z9Q4PbXor",
"date":"2012-12-15 10:48:57"
},
{
"kids":[],
"uid":"1736447054",
"parent":"",
"text":"不管是否是真的，都要小心。",
"mid":"z9Q3RrjVa",
"date":"2012-12-15 10:46:35"
},
{
"kids":[],
"uid":"2792671260",
"parent":"z9PDsp4zf",
"text":"",
"mid":"z9Q1nd6C9",
"date":"2012-12-15 10:40:28"
},
{
"kids":[],
"uid":"1947649295",
"parent":"",
"text":"",
"mid":"z9PZsskXg",
"date":"2012-12-15 10:35:43"
},
{
"kids":[],
"uid":"2097105595",
"parent":"z9LjC6ZZE",
"text":"",
"mid":"z9PYbgp1M",
"date":"2012-12-15 10:32:34"
},
{
"kids":[],
"uid":"2809191342",
"parent":"z9L6DaZOv",
"text":"",
"mid":"z9PXJadYJ",
"date":"2012-12-15 10:31:26"
},
{
"kids":[],
"uid":"2321980057",
"parent":"",
"text":"",
"mid":"z9PW7j3Sd",
"date":"2012-12-15 10:27:30"
},
{
"kids":[],
"uid":"wangyanuileo",
"parent":"",
"text":"",
"mid":"z9PVaai3X",
"date":"2012-12-15 10:25:10"
},
{
"kids":[],
"uid":"2041125013",
"parent":"z9PgUcn2Q",
"text":"",
"mid":"z9PQdumF4",
"date":"2012-12-15 10:12:58"
},
{
"kids":[],
"uid":"1668600592",
"parent":"z9PFg8MtH",
"text":"好可怕啊[可怜] @绵羊爱海淘 @苏航BB @佳佳胖胖圆圆 @张小米xq",
"mid":"z9PPNaSCL",
"date":"2012-12-15 10:11:55"
},
{
"kids":[
"z9QPc2nEg"
],
"uid":"jiangfei2011",
"parent":"z9PwNmurW",
"text":"",
"mid":"z9PP62SX9",
"date":"2012-12-15 10:10:12"
},
{
"kids":[],
"uid":"2102513163",
"parent":"",
"text":"",
"mid":"z9POL5QVZ",
"date":"2012-12-15 10:09:22"
},
{
"kids":[],
"uid":"gegememe",
"parent":"",
"text":"",
"mid":"z9POfq2dG",
"date":"2012-12-15 10:08:07"
},
{
"kids":[],
"uid":"2805639127",
"parent":"",
"text":"@马伊琍 @新浪育儿",
"mid":"z9PLMoN2S",
"date":"2012-12-15 10:02:02"
},
{
"kids":[],
"uid":"2178298951",
"parent":"z9PqodeGC",
"text":"",
"mid":"z9PLwpaD8",
"date":"2012-12-15 10:01:24"
},
{
"kids":[],
"uid":"2952155995",
"parent":"",
"text":"",
"mid":"z9PLdumr6",
"date":"2012-12-15 10:00:39"
},
{
"kids":[],
"uid":"1449820060",
"parent":"z9P79Amzh",
"text":"",
"mid":"z9PL8sWKr",
"date":"2012-12-15 10:00:27"
},
{
"kids":[],
"uid":"1942670522",
"parent":"",
"text":"@SHBLE163 @小药兔孑",
"mid":"z9PJJ03gd",
"date":"2012-12-15 09:56:57"
},
{
"kids":[],
"uid":"2934967441",
"parent":"z9PqodeGC",
"text":"",
"mid":"z9PJwjlpn",
"date":"2012-12-15 09:56:28"
},
{
"kids":[],
"uid":"xuebaofeng",
"parent":"z9KKZBYJi",
"text":"",
"mid":"z9PJd55kG",
"date":"2012-12-15 09:55:42"
},
{
"kids":[],
"uid":"2714477597",
"parent":"",
"text":"照看好孩子，别被骗！！！带孩子出去游玩时，千万别让孩子离开你的视线，也别离你太远。",
"mid":"z9PGLwAP7",
"date":"2012-12-15 09:49:39"
},
{
"kids":[],
"uid":"1347870071",
"parent":"z9PqodeGC",
"text":"[吃惊][怒][抓@ yoyostar",
"mid":"z9PGLuVAQ",
"date":"2012-12-15 09:49:39"
},
{
"kids":[],
"uid":"2899594733",
"parent":"z9PFg8MtH",
"text":"",
"mid":"z9PFIczjQ",
"date":"2012-12-15 09:47:03"
},
{
"kids":[
"z9PPNaSCL",
"z9PFIczjQ"
],
"uid":"1735736535",
"parent":"",
"text":"",
"mid":"z9PFg8MtH",
"date":"2012-12-15 09:45:58"
},
{
"kids":[
"z9Q1nd6C9"
],
"uid":"liuying0520",
"parent":"z9PBAl8iN",
"text":"@晓北20110211",
"mid":"z9PDsp4zf",
"date":"2012-12-15 09:41:31"
},
{
"kids":[],
"uid":"1879764210",
"parent":"z9PogqiYj",
"text":"[怒]",
"mid":"z9PCpqaS9",
"date":"2012-12-15 09:38:57"
},
{
"kids":[
"z9PDsp4zf"
],
"uid":"tom0222",
"parent":"",
"text":"@珩壬",
"mid":"z9PBAl8iN",
"date":"2012-12-15 09:36:53"
},
{
"kids":[],
"uid":"1840751122",
"parent":"",
"text":"抓住立马拉出去毙了[怒]",
"mid":"z9PBs4MIc",
"date":"2012-12-15 09:36:35"
},
{
"kids":[],
"uid":"1068953661",
"parent":"z9PqodeGC",
"text":"",
"mid":"z9PAz6M1g",
"date":"2012-12-15 09:34:24"
},
{
"kids":[],
"uid":"kangchengma",
"parent":"z9PqodeGC",
"text":"[话筒][话筒]",
"mid":"z9PyYlEdN",
"date":"2012-12-15 09:30:29"
},
{
"kids":[],
"uid":"1775717322",
"parent":"z9P8R4Ous",
"text":"单独带孩子还给别人照相?",
"mid":"z9Pyz0RUO",
"date":"2012-12-15 09:29:27"
},
{
"kids":[],
"uid":"2498828534",
"parent":"z9PwNmurW",
"text":"扩散",
"mid":"z9Py7vEm4",
"date":"2012-12-15 09:28:23"
},
{
"kids":[],
"uid":"luguowei",
"parent":"z9PqodeGC",
"text":"",
"mid":"z9Py04JgN",
"date":"2012-12-15 09:28:04"
},
{
"kids":[],
"uid":"2940468463",
"parent":"z9PqodeGC",
"text":"[话筒][话筒][话筒]",
"mid":"z9PxAm2is",
"date":"2012-12-15 09:27:04"
},
{
"kids":[
"z9PP62SX9",
"z9Py7vEm4"
],
"uid":"1973277537",
"parent":"z9PnKwrew",
"text":"",
"mid":"z9PwNmurW",
"date":"2012-12-15 09:25:07"
},
{
"kids":[
"z9SzHqZvw",
"z9RlvqZmb"
],
"uid":"1159582753",
"parent":"z9P79Amzh",
"text":"",
"mid":"z9PvW9WrC",
"date":"2012-12-15 09:22:59"
},
{
"kids":[],
"uid":"2496838805",
"parent":"",
"text":"",
"mid":"z9PuHlWpq",
"date":"2012-12-15 09:19:57"
},
{
"kids":[],
"uid":"1586369650",
"parent":"z9P79Amzh",
"text":"",
"mid":"z9Pum4mzm",
"date":"2012-12-15 09:19:05"
},
{
"kids":[],
"uid":"2208901814",
"parent":"",
"text":"[怒]",
"mid":"z9Pu2hmH0",
"date":"2012-12-15 09:18:18"
},
{
"kids":[],
"uid":"2396151301",
"parent":"z9P661JdG",
"text":"",
"mid":"z9PsHdsFV",
"date":"2012-12-15 09:15:01"
},
{
"kids":[],
"uid":"lizheng1986",
"parent":"z9PqodeGC",
"text":"",
"mid":"z9Ps5FRDc",
"date":"2012-12-15 09:13:31"
},
{
"kids":[],
"uid":"2104030915",
"parent":"z9PlIiwJr",
"text":"骗术五花八门口",
"mid":"z9PrZsuIJ",
"date":"2012-12-15 09:13:17"
},
{
"kids":[],
"uid":"1143497100",
"parent":"",
"text":"",
"mid":"z9PrmudU7",
"date":"2012-12-15 09:11:43"
},
{
"kids":[],
"uid":"2713644615",
"parent":"z9P8roX9R",
"text":"",
"mid":"z9Prhrnm2",
"date":"2012-12-15 09:11:32"
},
{
"kids":[
"z9PLwpaD8",
"z9PJwjlpn",
"z9PGLuVAQ",
"z9PAz6M1g",
"z9PyYlEdN",
"z9Py04JgN",
"z9PxAm2is",
"z9Ps5FRDc"
],
"uid":"735955675",
"parent":"",
"text":"注意！",
"mid":"z9PqodeGC",
"date":"2012-12-15 09:09:20"
},
{
"kids":[],
"uid":"1894014077",
"parent":"z9P5wxQdd",
"text":"",
"mid":"z9Pp8sBf1",
"date":"2012-12-15 09:06:15"
},
{
"kids":[],
"uid":"dingdangmyson",
"parent":"z9KPEiLib",
"text":"安全第一",
"mid":"z9PoNboSu",
"date":"2012-12-15 09:05:22"
},
{
"kids":[
"z9PCpqaS9"
],
"uid":"1952785881",
"parent":"z9PnKwrew",
"text":"[吃惊]",
"mid":"z9PogqiYj",
"date":"2012-12-15 09:04:06"
},
{
"kids":[
"z9Q4PbXor",
"z9PwNmurW",
"z9PogqiYj"
],
"uid":"1923739530",
"parent":"",
"text":"@我爱Blue布鲁 @SalutonMando",
"mid":"z9PnKwrew",
"date":"2012-12-15 09:02:49"
},
{
"kids":[],
"uid":"2897194030",
"parent":"",
"text":"扩散~~@小芋头他娘 @lim-han 地球太可怕啦~~",
"mid":"z9PnDqWnw",
"date":"2012-12-15 09:02:33"
},
{
"kids":[],
"uid":"1931250087",
"parent":"z9P8lt35a",
"text":"吓人…",
"mid":"z9PnAaSBC",
"date":"2012-12-15 09:02:24"
},
{
"kids":[
"z9PrZsuIJ"
],
"uid":"1416183603",
"parent":"",
"text":"太可怕啦[汗]@秋色宜人_ @麻爸Latte @Aaron的宇宙 @风起-云随心 @Geniee_yin @思念的蜻蜓",
"mid":"z9PlIiwJr",
"date":"2012-12-15 08:57:49"
},
{
"kids":[],
"uid":"2317429520",
"parent":"",
"text":"",
"mid":"z9PktaVia",
"date":"2012-12-15 08:54:45"
},
{
"kids":[],
"uid":"2969410471",
"parent":"",
"text":"",
"mid":"z9Pkm68JB",
"date":"2012-12-15 08:54:27"
},
{
"kids":[],
"uid":"513692123",
"parent":"",
"text":"",
"mid":"z9Pjr5gBH",
"date":"2012-12-15 08:52:12"
},
{
"kids":[],
"uid":"xnyh",
"parent":"z9PhmdZtg",
"text":"",
"mid":"z9PjaeyTf",
"date":"2012-12-15 08:51:32"
},
{
"kids":[],
"uid":"hapimama",
"parent":"",
"text":"",
"mid":"z9PiTm36s",
"date":"2012-12-15 08:50:52"
},
{
"kids":[],
"uid":"1288104940",
"parent":"",
"text":"啥武器这么厉害",
"mid":"z9PhL5128",
"date":"2012-12-15 08:48:04"
},
{
"kids":[
"z9PjaeyTf"
],
"uid":"1723837473",
"parent":"",
"text":"",
"mid":"z9PhmdZtg",
"date":"2012-12-15 08:47:05"
},
{
"kids":[],
"uid":"pgxcm1982",
"parent":"",
"text":"@兔宝宝一伱好",
"mid":"z9Phi6wKN",
"date":"2012-12-15 08:46:54"
},
{
"kids":[
"z9Rkg133v",
"z9PQdumF4"
],
"uid":"1900299770",
"parent":"z9Lxzxnx3",
"text":"",
"mid":"z9PgUcn2Q",
"date":"2012-12-15 08:45:56"
},
{
"kids":[],
"uid":"1987963927",
"parent":"",
"text":"",
"mid":"z9PgAmiQP",
"date":"2012-12-15 08:45:11"
},
{
"kids":[],
"uid":"1200754817",
"parent":"",
"text":"",
"mid":"z9Pfqi5G6",
"date":"2012-12-15 08:42:19"
},
{
"kids":[],
"uid":"2400942490",
"parent":"z9PbxrrmE",
"text":"扩散！不要让悲剧重复上演！",
"mid":"z9Pf6v9aR",
"date":"2012-12-15 08:41:32"
},
{
"kids":[],
"uid":"1055231053",
"parent":"",
"text":"@最最亲爱929",
"mid":"z9Pf5yR8I",
"date":"2012-12-15 08:41:30"
},
{
"kids":[],
"uid":"2774958082",
"parent":"",
"text":"转发",
"mid":"z9PernB6p",
"date":"2012-12-15 08:39:54"
},
{
"kids":[],
"uid":"1479815425",
"parent":"",
"text":"",
"mid":"z9Pem3To8",
"date":"2012-12-15 08:39:41"
},
{
"kids":[],
"uid":"1055507614",
"parent":"",
"text":"",
"mid":"z9PdjmBki",
"date":"2012-12-15 08:37:07"
},
{
"kids":[],
"uid":"1734719297",
"parent":"z9P8xg6vn",
"text":"扩散，扩散!!!!!",
"mid":"z9Pdj6SEs",
"date":"2012-12-15 08:37:06"
},
{
"kids":[],
"uid":"1762893822",
"parent":"",
"text":"",
"mid":"z9PcJ2y3l",
"date":"2012-12-15 08:35:40"
},
{
"kids":[],
"uid":"2939764634",
"parent":"",
"text":"",
"mid":"z9Pcuv626",
"date":"2012-12-15 08:35:05"
},
{
"kids":[],
"uid":"1280967237",
"parent":"z9O4w6lRe",
"text":"@昕北北",
"mid":"z9Pcpc5FX",
"date":"2012-12-15 08:34:53"
},
{
"kids":[],
"uid":"123456liu",
"parent":"",
"text":"",
"mid":"z9Pcfuw0F",
"date":"2012-12-15 08:34:30"
},
{
"kids":[],
"uid":"2272435960",
"parent":"",
"text":"@eleven牧",
"mid":"z9PcfsFLR",
"date":"2012-12-15 08:34:30"
},
{
"kids":[],
"uid":"y97925",
"parent":"",
"text":"宁信其有",
"mid":"z9PbXr86t",
"date":"2012-12-15 08:33:47"
},
{
"kids":[],
"uid":"1915804590",
"parent":"z9PaC8XbP",
"text":"",
"mid":"z9PbVCQX6",
"date":"2012-12-15 08:33:43"
},
{
"kids":[],
"uid":"2393049094",
"parent":"z9P5IlvfC",
"text":"骗子招数太多了，真是防不胜防",
"mid":"z9PbBz18I",
"date":"2012-12-15 08:32:55"
},
{
"kids":[
"z9Pf6v9aR"
],
"uid":"fh5988",
"parent":"",
"text":"",
"mid":"z9PbxrrmE",
"date":"2012-12-15 08:32:44"
},
{
"kids":[],
"uid":"wscyxp",
"parent":"",
"text":"[吃惊]",
"mid":"z9PbhbMQe",
"date":"2012-12-15 08:32:06"
},
{
"kids":[],
"uid":"2372218733",
"parent":"",
"text":"",
"mid":"z9Pb9uEKR",
"date":"2012-12-15 08:31:48"
},
{
"kids":[],
"uid":"1024518617",
"parent":"",
"text":"",
"mid":"z9Pb9d3xX",
"date":"2012-12-15 08:31:47"
},
{
"kids":[],
"uid":"2001129757",
"parent":"z9P9h54Sr",
"text":"有这么神？",
"mid":"z9PaXnLfP",
"date":"2012-12-15 08:31:19"
},
{
"kids":[
"z9SuFqVWz"
],
"uid":"jhm345",
"parent":"",
"text":"转一下，不得不防。",
"mid":"z9PaWwkol",
"date":"2012-12-15 08:31:16"
},
{
"kids":[],
"uid":"3048507232",
"parent":"",
"text":"",
"mid":"z9PaEd2n7",
"date":"2012-12-15 08:30:33"
},
{
"kids":[],
"uid":"1892413417",
"parent":"",
"text":"",
"mid":"z9PaDBoAU",
"date":"2012-12-15 08:30:32"
},
{
"kids":[
"z9PbVCQX6"
],
"uid":"338397878",
"parent":"z9P8TpO49",
"text":"百度搜了下确系谣言，博主只为拉人气推广自己淘宝店，实乃小人",
"mid":"z9PaC8XbP",
"date":"2012-12-15 08:30:28"
},
{
"kids":[],
"uid":"2912290275",
"parent":"",
"text":"",
"mid":"z9Pa9qBM0",
"date":"2012-12-15 08:29:20"
},
{
"kids":[],
"uid":"1040256273",
"parent":"",
"text":"[话筒]",
"mid":"z9Pa53aru",
"date":"2012-12-15 08:29:07"
},
{
"kids":[],
"uid":"2508859185",
"parent":"",
"text":"可怕的世道！",
"mid":"z9P9C3fxt",
"date":"2012-12-15 08:28:00"
},
{
"kids":[],
"uid":"2294213807",
"parent":"",
"text":"",
"mid":"z9P9hEheg",
"date":"2012-12-15 08:27:12"
},
{
"kids":[
"z9PaXnLfP"
],
"uid":"1737112113",
"parent":"",
"text":"",
"mid":"z9P9h54Sr",
"date":"2012-12-15 08:27:10"
},
{
"kids":[],
"uid":"2126148631",
"parent":"",
"text":"",
"mid":"z9P98xydT",
"date":"2012-12-15 08:26:49"
},
{
"kids":[],
"uid":"2700838522",
"parent":"",
"text":"",
"mid":"z9P8WEJgI",
"date":"2012-12-15 08:26:22"
},
{
"kids":[
"z9PaC8XbP"
],
"uid":"1134361622",
"parent":"z9P8Dt2tb",
"text":"[good]",
"mid":"z9P8TpO49",
"date":"2012-12-15 08:26:14"
},
{
"kids":[],
"uid":"2689515962",
"parent":"z9P503IHA",
"text":"扩散",
"mid":"z9P8RmpH7",
"date":"2012-12-15 08:26:09"
},
{
"kids":[
"z9Pyz0RUO"
],
"uid":"5thbrother",
"parent":"",
"text":"这是什么技术？可信吗",
"mid":"z9P8R4Ous",
"date":"2012-12-15 08:26:06"
},
{
"kids":[
"z9QQO8QD3"
],
"uid":"1574228552",
"parent":"",
"text":"[怒]",
"mid":"z9P8P02FA",
"date":"2012-12-15 08:26:03"
},
{
"kids":[
"z9P8TpO49"
],
"uid":"1676613307",
"parent":"z9P7irW2t",
"text":"提高警惕，带好孩子",
"mid":"z9P8Dt2tb",
"date":"2012-12-15 08:25:35"
},
{
"kids":[
"z9RUPCK5j",
"z9Pdj6SEs"
],
"uid":"2172262432",
"parent":"",
"text":"@孙嘉妤 @小风1129 @门神bb",
"mid":"z9P8xg6vn",
"date":"2012-12-15 08:25:20"
},
{
"kids":[
"z9Prhrnm2"
],
"uid":"2881368874",
"parent":"",
"text":"",
"mid":"z9P8roX9R",
"date":"2012-12-15 08:25:07"
},
{
"kids":[
"z9PnAaSBC"
],
"uid":"2174406860",
"parent":"",
"text":"骗子的危害在于让更多的人因害怕再也不敢乐于助人,实在是蠧虫。",
"mid":"z9P8lt35a",
"date":"2012-12-15 08:24:52"
},
{
"kids":[],
"uid":"2814909622",
"parent":"",
"text":"",
"mid":"z9P7Svrhb",
"date":"2012-12-15 08:23:44"
},
{
"kids":[],
"uid":"1956268332",
"parent":"",
"text":"",
"mid":"z9P7KeGiR",
"date":"2012-12-15 08:23:24"
},
{
"kids":[
"z9P8Dt2tb"
],
"uid":"1134361622",
"parent":"z9P7070sA",
"text":"[ppb鼓掌]",
"mid":"z9P7irW2t",
"date":"2012-12-15 08:22:17"
},
{
"kids":[],
"uid":"2153109272",
"parent":"",
"text":"",
"mid":"z9P7ejLNq",
"date":"2012-12-15 08:22:08"
},
{
"kids":[
"z9PL8sWKr",
"z9PvW9WrC",
"z9Pum4mzm"
],
"uid":"1908490951",
"parent":"",
"text":"",
"mid":"z9P79Amzh",
"date":"2012-12-15 08:21:57"
},
{
"kids":[
"z9P7irW2t"
],
"uid":"338397878",
"parent":"z9P5hrj4Z",
"text":"Q群谣传，不可全信，但提高警惕",
"mid":"z9P7070sA",
"date":"2012-12-15 08:21:34"
},
{
"kids":[],
"uid":"2462691905",
"parent":"",
"text":"",
"mid":"z9P6O073l",
"date":"2012-12-15 08:21:05"
},
{
"kids":[],
"uid":"1408166584",
"parent":"",
"text":"",
"mid":"z9P6q5IpV",
"date":"2012-12-15 08:20:08"
},
{
"kids":[],
"uid":"smile365hello",
"parent":"",
"text":"[怒]",
"mid":"z9P6g4xCd",
"date":"2012-12-15 08:19:44"
},
{
"kids":[
"z9PsHdsFV"
],
"uid":"2180028554",
"parent":"",
"text":"",
"mid":"z9P661JdG",
"date":"2012-12-15 08:19:19"
},
{
"kids":[],
"uid":"2010835763",
"parent":"",
"text":"",
"mid":"z9P5OxKyo",
"date":"2012-12-15 08:18:39"
},
{
"kids":[],
"uid":"2633530781",
"parent":"",
"text":"转",
"mid":"z9P5Jwlq3",
"date":"2012-12-15 08:18:27"
},
{
"kids":[
"z9PbBz18I"
],
"uid":"1058327157",
"parent":"",
"text":"转",
"mid":"z9P5IlvfC",
"date":"2012-12-15 08:18:24"
},
{
"kids":[
"z9Pp8sBf1"
],
"uid":"2168841085",
"parent":"",
"text":"",
"mid":"z9P5wxQdd",
"date":"2012-12-15 08:17:54"
},
{
"kids":[
"z9P7070sA"
],
"uid":"1134361622",
"parent":"",
"text":"转！",
"mid":"z9P5hrj4Z",
"date":"2012-12-15 08:17:20"
},
{
"kids":[],
"uid":"1009210373",
"parent":"",
"text":"",
"mid":"z9P5ggsSb",
"date":"2012-12-15 08:17:16"
},
{
"kids":[],
"uid":"2610780741",
"parent":"",
"text":"",
"mid":"z9P5fEPa8",
"date":"2012-12-15 08:17:16"
},
{
"kids":[],
"uid":"1762932815",
"parent":"",
"text":"",
"mid":"z9P50CKam",
"date":"2012-12-15 08:16:39"
},
{
"kids":[
"z9P8RmpH7"
],
"uid":"wzdx1933",
"parent":"",
"text":"",
"mid":"z9P503IHA",
"date":"2012-12-15 08:16:38"
},
{
"kids":[],
"uid":"2425819833",
"parent":"",
"text":"",
"mid":"z9P4MqjSB",
"date":"2012-12-15 08:16:06"
},
{
"kids":[],
"uid":"2677917951",
"parent":"",
"text":"",
"mid":"z9P4M82jk",
"date":"2012-12-15 08:16:05"
},
{
"kids":[],
"uid":"zw1166",
"parent":"",
"text":"[吃惊]",
"mid":"z9P4BugJq",
"date":"2012-12-15 08:15:40"
},
{
"kids":[],
"uid":"2751359521",
"parent":"",
"text":"",
"mid":"z9P4ots36",
"date":"2012-12-15 08:15:09"
},
{
"kids":[],
"uid":"3005572815",
"parent":"",
"text":"操他娘的",
"mid":"z9P4ots2o",
"date":"2012-12-15 08:15:08"
},
{
"kids":[],
"uid":"2947250465",
"parent":"",
"text":"",
"mid":"z9P4e92Lt",
"date":"2012-12-15 08:14:44"
},
{
"kids":[],
"uid":"2610297655",
"parent":"",
"text":"",
"mid":"z9P46rUWr",
"date":"2012-12-15 08:14:27"
},
{
"kids":[],
"uid":"1977042221",
"parent":"",
"text":"",
"mid":"z9OZRc69p",
"date":"2012-12-15 08:03:57"
},
{
"kids":[],
"uid":"1898392694",
"parent":"",
"text":"",
"mid":"z9OX4m5qB",
"date":"2012-12-15 07:57:06"
},
{
"kids":[
"z9QxWBLdL"
],
"uid":"ntdwh",
"parent":"z9OFAcwfp",
"text":"",
"mid":"z9OVfrE1O",
"date":"2012-12-15 07:52:37"
},
{
"kids":[],
"uid":"2789920252",
"parent":"z9KCi5OJN",
"text":"",
"mid":"z9OTwrwqC",
"date":"2012-12-15 07:48:22"
},
{
"kids":[
"z9ZWAcDyp"
],
"uid":"2232495981",
"parent":"",
"text":"",
"mid":"z9OT7miGV",
"date":"2012-12-15 07:47:21"
},
{
"kids":[],
"uid":"3170498381",
"parent":"z9MPH5TJI",
"text":"骗子可恶",
"mid":"z9OQEjie3",
"date":"2012-12-15 07:41:16"
},
{
"kids":[],
"uid":"2323118102",
"parent":"z9LcZ5QJr",
"text":"",
"mid":"z9ONm9bZy",
"date":"2012-12-15 07:33:09"
},
{
"kids":[],
"uid":"1920759831",
"parent":"",
"text":"做人有时候不能太热心@团团妮妮 @白小兔地盘 @叮铛妈synthia立志要减肥 @祖海萍 @糖妈贝贝 @奶油V5 @宝宝叫范粒粒 @庞震1983 @秦颜夕",
"mid":"z9OMZ353r",
"date":"2012-12-15 07:32:15"
},
{
"kids":[
"z9OVfrE1O"
],
"uid":"infinite66",
"parent":"z9LcUCAEi",
"text":"",
"mid":"z9OFAcwfp",
"date":"2012-12-15 07:14:01"
},
{
"kids":[],
"uid":"212810",
"parent":"",
"text":"",
"mid":"z9ODMcyS4",
"date":"2012-12-15 07:09:34"
},
{
"kids":[],
"uid":"djyaojian",
"parent":"z9LWK5cOf",
"text":"早安正能量：扩散！扩散给做妈妈的，扩散给您身边或者朋友当妈妈的，一定要注意！时刻提高警惕！[话筒]",
"mid":"z9OCDgiZp",
"date":"2012-12-15 07:06:45"
},
{
"kids":[],
"uid":"chenweiafrica",
"parent":"z9Mp3jI1D",
"text":"",
"mid":"z9OolljD5",
"date":"2012-12-15 06:31:32"
},
{
"kids":[],
"uid":"1904332013",
"parent":"",
"text":"",
"mid":"z9OkRF4B6",
"date":"2012-12-15 06:22:59"
},
{
"kids":[],
"uid":"1975127291",
"parent":"z9M3I4xIj",
"text":"什么时候能上对这些家伙上重刑呀！！",
"mid":"z9O8ku33o",
"date":"2012-12-15 05:52:06"
},
{
"kids":[],
"uid":"1042718764",
"parent":"",
"text":"。。。。还有这种事 哎",
"mid":"z9O8ejxRd",
"date":"2012-12-15 05:51:51"
},
{
"kids":[
"z9Pcpc5FX"
],
"uid":"210105724",
"parent":"z9MiZqchC",
"text":"",
"mid":"z9O4w6lRe",
"date":"2012-12-15 05:42:42"
},
{
"kids":[],
"uid":"1205548867",
"parent":"z9L4S6Ukq",
"text":"现在骗子的招数真是千奇百怪啊[晕]",
"mid":"z9NS2xHrb",
"date":"2012-12-15 05:11:57"
},
{
"kids":[],
"uid":"fengchuifeixue",
"parent":"",
"text":"@-小白骨精- @果儿2916643605",
"mid":"z9NHB5Eg9",
"date":"2012-12-15 04:46:14"
},
{
"kids":[],
"uid":"baker1894",
"parent":"z9L69AXC9",
"text":"",
"mid":"z9NhRq3M2",
"date":"2012-12-15 03:42:50"
},
{
"kids":[
"z9OQEjie3"
],
"uid":"1588286161",
"parent":"z9LgV75CO",
"text":"",
"mid":"z9MPH5TJI",
"date":"2012-12-15 02:33:26"
},
{
"kids":[],
"uid":"2920368150",
"parent":"z9LgV75CO",
"text":"",
"mid":"z9MPH4dcn",
"date":"2012-12-15 02:33:26"
},
{
"kids":[],
"uid":"2607684283",
"parent":"z9KDmfCjP",
"text":"",
"mid":"z9MD4Bscp",
"date":"2012-12-15 02:02:21"
},
{
"kids":[],
"uid":"2568443237",
"parent":"",
"text":"@阿皮820 @一缕微风77",
"mid":"z9MD0sIPs",
"date":"2012-12-15 02:02:11"
},
{
"kids":[],
"uid":"xyzxufeng",
"parent":"z9KDmfCjP",
"text":"",
"mid":"z9MC1iEbA",
"date":"2012-12-15 01:59:45"
},
{
"kids":[
"z9OolljD5"
],
"uid":"zimdorothy",
"parent":"",
"text":"警惕!",
"mid":"z9Mp3jI1D",
"date":"2012-12-15 01:27:48"
},
{
"kids":[
"z9O4w6lRe"
],
"uid":"2712063170",
"parent":"",
"text":"",
"mid":"z9MiZqchC",
"date":"2012-12-15 01:12:52"
},
{
"kids":[],
"uid":"2723498181",
"parent":"",
"text":"",
"mid":"z9MhJ6Vl3",
"date":"2012-12-15 01:09:45"
},
{
"kids":[],
"uid":"2400961160",
"parent":"",
"text":"RT",
"mid":"z9McOrJx7",
"date":"2012-12-15 00:57:39"
},
{
"kids":[],
"uid":"1022673810",
"parent":"",
"text":"@比如虫子 @G201End",
"mid":"z9M6K1Vpt",
"date":"2012-12-15 00:42:38"
},
{
"kids":[],
"uid":"2272039274",
"parent":"",
"text":"",
"mid":"z9M5VvIGO",
"date":"2012-12-15 00:40:39"
},
{
"kids":[],
"uid":"2958708637",
"parent":"",
"text":"拐卖儿童者再不依法一律死刑，以后中国人养的都是别人的孩子了。呼吁立法严惩儿童拐卖。",
"mid":"z9M5Fu2DS",
"date":"2012-12-15 00:40:02"
},
{
"kids":[],
"uid":"1855561574",
"parent":"z9KBQxDAG",
"text":"",
"mid":"z9M4OjGvB",
"date":"2012-12-15 00:37:56"
},
{
"kids":[
"z9O8ku33o"
],
"uid":"2391931047",
"parent":"",
"text":"@melbourne-yh",
"mid":"z9M3I4xIj",
"date":"2012-12-15 00:35:13"
},
{
"kids":[],
"uid":"2870177463",
"parent":"",
"text":"",
"mid":"z9M23dBcB",
"date":"2012-12-15 00:31:07"
},
{
"kids":[],
"uid":"oldwawa",
"parent":"",
"text":"",
"mid":"z9LZ7u5Rp",
"date":"2012-12-15 00:23:55"
},
{
"kids":[],
"uid":"xyyskl",
"parent":"",
"text":"",
"mid":"z9LYoB3In",
"date":"2012-12-15 00:22:08"
},
{
"kids":[],
"uid":"fengdengdeng",
"parent":"",
"text":"转",
"mid":"z9LXodSGC",
"date":"2012-12-15 00:19:36"
},
{
"kids":[
"z9OCDgiZp"
],
"uid":"1863648683",
"parent":"",
"text":"扩散",
"mid":"z9LWK5cOf",
"date":"2012-12-15 00:18:00"
},
{
"kids":[],
"uid":"2416462373",
"parent":"",
"text":"转",
"mid":"z9LW9pqSj",
"date":"2012-12-15 00:16:36"
},
{
"kids":[],
"uid":"2182896690",
"parent":"",
"text":"",
"mid":"z9LTPvwtT",
"date":"2012-12-15 00:10:49"
},
{
"kids":[
"za31z9AU4"
],
"uid":"2559448603",
"parent":"",
"text":"",
"mid":"z9LTez7pO",
"date":"2012-12-15 00:09:25"
},
{
"kids":[],
"uid":"1740321863",
"parent":"",
"text":"[哼]",
"mid":"z9LS4edYq",
"date":"2012-12-15 00:06:31"
},
{
"kids":[],
"uid":"1316807321",
"parent":"",
"text":"",
"mid":"z9LRTf6M8",
"date":"2012-12-15 00:06:06"
},
{
"kids":[],
"uid":"1673874151",
"parent":"",
"text":"真吓人！",
"mid":"z9LNGAKMY",
"date":"2012-12-14 23:55:44"
},
{
"kids":[],
"uid":"2627005937",
"parent":"",
"text":"",
"mid":"z9LMQkHX6",
"date":"2012-12-14 23:53:40"
},
{
"kids":[],
"uid":"1366209330",
"parent":"",
"text":"真可恶，警方要给力啊",
"mid":"z9LJVvYft",
"date":"2012-12-14 23:46:27"
},
{
"kids":[],
"uid":"meejyong",
"parent":"z9Lafs4Sh",
"text":"",
"mid":"z9LJDugMz",
"date":"2012-12-14 23:45:46"
},
{
"kids":[],
"uid":"jiamu20011124",
"parent":"z9Lr0nEeA",
"text":"",
"mid":"z9LIOkNFy",
"date":"2012-12-14 23:43:45"
},
{
"kids":[],
"uid":"2280241317",
"parent":"",
"text":"@swing狮子 @伍狮 @昔日印记wwy @凡哥麻麻-杭州",
"mid":"z9LF2zTpY",
"date":"2012-12-14 23:34:27"
},
{
"kids":[],
"uid":"2489973752",
"parent":"",
"text":"小心小心",
"mid":"z9LEYrIFL",
"date":"2012-12-14 23:34:17"
},
{
"kids":[],
"uid":"2291705465",
"parent":"z9LoJ9JMd",
"text":"这个可怕？",
"mid":"z9LE5xnHr",
"date":"2012-12-14 23:32:06"
},
{
"kids":[],
"uid":"2734728053",
"parent":"z9LvqBgV5",
"text":"@葛纯玮Diana @沂蒙敬东狮兄",
"mid":"z9LD90Pyo",
"date":"2012-12-14 23:29:46"
},
{
"kids":[],
"uid":"2775693962",
"parent":"",
"text":"",
"mid":"z9LCctQ5B",
"date":"2012-12-14 23:27:27"
},
{
"kids":[],
"uid":"1640418491",
"parent":"z9LvFpmGa",
"text":"[抓狂]什么鸟事！",
"mid":"z9LC7c43M",
"date":"2012-12-14 23:27:14"
},
{
"kids":[],
"uid":"2149496894",
"parent":"z9Lb1hUmb",
"text":"收到。马上散播 。",
"mid":"z9LBapc7X",
"date":"2012-12-14 23:24:55"
},
{
"kids":[],
"uid":"2914546487",
"parent":"z9KDa6w7K",
"text":"注意了",
"mid":"z9LAVj44X",
"date":"2012-12-14 23:24:17"
},
{
"kids":[],
"uid":"2909485255",
"parent":"",
"text":"",
"mid":"z9LAMa5QQ",
"date":"2012-12-14 23:23:54"
},
{
"kids":[],
"uid":"1459348512",
"parent":"z9LykinGP",
"text":"",
"mid":"z9LzKjt5W",
"date":"2012-12-14 23:21:21"
},
{
"kids":[],
"uid":"2022967193",
"parent":"z9L7r6NOl",
"text":"",
"mid":"z9LzqwqRJ",
"date":"2012-12-14 23:20:36"
},
{
"kids":[
"z9LzKjt5W"
],
"uid":"2804710497",
"parent":"",
"text":"宁肯信其有！！",
"mid":"z9LykinGP",
"date":"2012-12-14 23:17:53"
},
{
"kids":[
"z9PgUcn2Q"
],
"uid":"1872520545",
"parent":"z9KC01gWj",
"text":"扩散",
"mid":"z9Lxzxnx3",
"date":"2012-12-14 23:16:03"
},
{
"kids":[],
"uid":"1912332157",
"parent":"z9KG6r0Ui",
"text":"",
"mid":"z9LxpwcNV",
"date":"2012-12-14 23:15:36"
},
{
"kids":[],
"uid":"1410553200",
"parent":"",
"text":"放开计划生育会不会好点？",
"mid":"z9LwXa9Nb",
"date":"2012-12-14 23:14:28"
},
{
"kids":[],
"uid":"clementinezhang",
"parent":"",
"text":"",
"mid":"z9LvSEpTY",
"date":"2012-12-14 23:11:51"
},
{
"kids":[
"z9LC7c43M"
],
"uid":"wenxinsiju",
"parent":"z9KDvEDzo",
"text":"@GarfyTT",
"mid":"z9LvFpmGa",
"date":"2012-12-14 23:11:18"
},
{
"kids":[],
"uid":"1587328630",
"parent":"",
"text":"",
"mid":"z9LvBw42l",
"date":"2012-12-14 23:11:12"
},
{
"kids":[
"z9LD90Pyo"
],
"uid":"2464133831",
"parent":"",
"text":"@令宇妈妈",
"mid":"z9LvqBgV5",
"date":"2012-12-14 23:10:45"
},
{
"kids":[],
"uid":"2834223640",
"parent":"z9KG6r0Ui",
"text":"",
"mid":"z9LtQul0G",
"date":"2012-12-14 23:06:51"
},
{
"kids":[],
"uid":"1851944504",
"parent":"",
"text":"扩散",
"mid":"z9LthDoZm",
"date":"2012-12-14 23:05:28"
},
{
"kids":[],
"uid":"2653532721",
"parent":"",
"text":"@刘海莹 @pluto_Ray",
"mid":"z9LsRjsAy",
"date":"2012-12-14 23:04:24"
},
{
"kids":[
"z9QmrymuR"
],
"uid":"oishi8888",
"parent":"z9LnejW7V",
"text":"",
"mid":"z9Ls7fYwA",
"date":"2012-12-14 23:02:36"
},
{
"kids":[
"z9LIOkNFy"
],
"uid":"1703027332",
"parent":"z9Lo7D2ms",
"text":"前阵子出现过，抓住他们，千刀万剐~[怒]",
"mid":"z9Lr0nEeA",
"date":"2012-12-14 22:59:52"
},
{
"kids":[],
"uid":"2005007584",
"parent":"",
"text":"",
"mid":"z9Lqrwv0R",
"date":"2012-12-14 22:58:29"
},
{
"kids":[],
"uid":"115702433",
"parent":"",
"text":"",
"mid":"z9LqecWsa",
"date":"2012-12-14 22:57:58"
},
{
"kids":[],
"uid":"1074012742",
"parent":"z9LlptiwI",
"text":"",
"mid":"z9LqdjHhq",
"date":"2012-12-14 22:57:52"
},
{
"kids":[
"z9LE5xnHr"
],
"uid":"2410872165",
"parent":"",
"text":"注意义",
"mid":"z9LoJ9JMd",
"date":"2012-12-14 22:54:14"
},
{
"kids":[],
"uid":"1560470462",
"parent":"z9KOjzxiw",
"text":"",
"mid":"z9LoBayxf",
"date":"2012-12-14 22:53:56"
},
{
"kids":[
"z9W41fqoc",
"z9Lr0nEeA"
],
"uid":"2041821897",
"parent":"",
"text":"注意！",
"mid":"z9Lo7D2ms",
"date":"2012-12-14 22:52:44"
},
{
"kids":[
"z9Ls7fYwA"
],
"uid":"2611605623",
"parent":"",
"text":"",
"mid":"z9LnejW7V",
"date":"2012-12-14 22:50:33"
},
{
"kids":[],
"uid":"1042623897",
"parent":"",
"text":"[吃惊]",
"mid":"z9LmhgTmJ",
"date":"2012-12-14 22:48:12"
},
{
"kids":[],
"uid":"1251131381",
"parent":"z9LlptiwI",
"text":"",
"mid":"z9LmbkJF7",
"date":"2012-12-14 22:48:00"
},
{
"kids":[],
"uid":"2276641937",
"parent":"",
"text":"",
"mid":"z9LlQ4cCb",
"date":"2012-12-14 22:47:08"
},
{
"kids":[],
"uid":"2008173027",
"parent":"z9LjC6ZZE",
"text":"",
"mid":"z9LlNnTyL",
"date":"2012-12-14 22:46:59"
},
{
"kids":[
"z9LqdjHhq",
"z9LmbkJF7"
],
"uid":"2146847783",
"parent":"",
"text":"",
"mid":"z9LlptiwI",
"date":"2012-12-14 22:46:05"
},
{
"kids":[],
"uid":"1910264677",
"parent":"",
"text":"",
"mid":"z9LjWtGAo",
"date":"2012-12-14 22:42:28"
},
{
"kids":[],
"uid":"2357156820",
"parent":"",
"text":"千万当心！[话筒][话筒]",
"mid":"z9LjSD5de",
"date":"2012-12-14 22:42:16"
},
{
"kids":[
"z9PYbgp1M",
"z9LlNnTyL"
],
"uid":"2382103390",
"parent":"",
"text":"",
"mid":"z9LjC6ZZE",
"date":"2012-12-14 22:41:39"
},
{
"kids":[],
"uid":"1563563072",
"parent":"",
"text":"",
"mid":"z9Ljf1Lhb",
"date":"2012-12-14 22:40:43"
},
{
"kids":[],
"uid":"2919589482",
"parent":"",
"text":"",
"mid":"z9LiUjQFS",
"date":"2012-12-14 22:39:53"
},
{
"kids":[],
"uid":"1717762343",
"parent":"",
"text":"一定多加防范。@会魔法的小妈妈 @小朱说事",
"mid":"z9LipjK5m",
"date":"2012-12-14 22:38:41"
},
{
"kids":[],
"uid":"2724014344",
"parent":"",
"text":"这么狠哪[怒]",
"mid":"z9LhncElO",
"date":"2012-12-14 22:36:08"
},
{
"kids":[],
"uid":"2060105241",
"parent":"",
"text":"",
"mid":"z9LhfeWBy",
"date":"2012-12-14 22:35:46"
},
{
"kids":[
"z9MPH5TJI",
"z9MPH4dcn"
],
"uid":"1892663061",
"parent":"",
"text":"",
"mid":"z9LgV75CO",
"date":"2012-12-14 22:35:00"
},
{
"kids":[],
"uid":"2256711603",
"parent":"",
"text":"人贩子死全家",
"mid":"z9Lg1xZON",
"date":"2012-12-14 22:32:49"
},
{
"kids":[],
"uid":"1961997427",
"parent":"z9LcUCAEi",
"text":"",
"mid":"z9LfL3lQ6",
"date":"2012-12-14 22:32:09"
},
{
"kids":[],
"uid":"1353779492",
"parent":"",
"text":"",
"mid":"z9LffpIEo",
"date":"2012-12-14 22:30:53"
},
{
"kids":[],
"uid":"2875850520",
"parent":"",
"text":"",
"mid":"z9Leike2J",
"date":"2012-12-14 22:28:33"
},
{
"kids":[],
"uid":"beckywhh",
"parent":"",
"text":"@momo668乐乐",
"mid":"z9LdBtQxT",
"date":"2012-12-14 22:26:51"
},
{
"kids":[
"z9ONm9bZy"
],
"uid":"1831076420",
"parent":"",
"text":"转转转",
"mid":"z9LcZ5QJr",
"date":"2012-12-14 22:25:19"
},
{
"kids":[
"z9OFAcwfp",
"z9LfL3lQ6"
],
"uid":"2109103630",
"parent":"z9Lbo6pQl",
"text":"",
"mid":"z9LcUCAEi",
"date":"2012-12-14 22:25:06"
},
{
"kids":[],
"uid":"1724634665",
"parent":"",
"text":"",
"mid":"z9Lc3rLpk",
"date":"2012-12-14 22:23:02"
},
{
"kids":[],
"uid":"1740482370",
"parent":"z9KC01gWj",
"text":"[怒]",
"mid":"z9LbWCcP7",
"date":"2012-12-14 22:22:45"
},
{
"kids":[],
"uid":"1684810105",
"parent":"",
"text":"",
"mid":"z9LbWCcJu",
"date":"2012-12-14 22:22:46"
},
{
"kids":[],
"uid":"dong555333",
"parent":"",
"text":"",
"mid":"z9LbHwgMd",
"date":"2012-12-14 22:22:10"
},
{
"kids":[
"z9SPu800p",
"z9LcUCAEi"
],
"uid":"2071304725",
"parent":"z9L8umAMH",
"text":"",
"mid":"z9Lbo6pQl",
"date":"2012-12-14 22:21:23"
},
{
"kids":[
"z9LBapc7X"
],
"uid":"2810408971",
"parent":"",
"text":"@俏捧捧",
"mid":"z9Lb1hUmb",
"date":"2012-12-14 22:20:27"
},
{
"kids":[],
"uid":"3101956383",
"parent":"",
"text":"",
"mid":"z9Lb0oF7e",
"date":"2012-12-14 22:20:26"
},
{
"kids":[],
"uid":"2293411347",
"parent":"",
"text":"",
"mid":"z9LavnrKs",
"date":"2012-12-14 22:19:13"
},
{
"kids":[],
"uid":"phoenixcy",
"parent":"",
"text":"",
"mid":"z9LamvrOB",
"date":"2012-12-14 22:18:48"
},
{
"kids":[
"z9LJDugMz"
],
"uid":"2917703245",
"parent":"",
"text":"",
"mid":"z9Lafs4Sh",
"date":"2012-12-14 22:18:35"
},
{
"kids":[
"z9YFtDhE5"
],
"uid":"galaxysky",
"parent":"z9L89oLt6",
"text":"不会吧",
"mid":"z9La54VGQ",
"date":"2012-12-14 22:18:07"
},
{
"kids":[],
"uid":"2704993344",
"parent":"",
"text":"",
"mid":"z9La30Qi3",
"date":"2012-12-14 22:18:05"
},
{
"kids":[],
"uid":"2094650863",
"parent":"",
"text":"",
"mid":"z9L9v5gJ3",
"date":"2012-12-14 22:16:44"
},
{
"kids":[],
"uid":"2448332667",
"parent":"",
"text":"",
"mid":"z9L9rcQhK",
"date":"2012-12-14 22:16:35"
},
{
"kids":[],
"uid":"1938923501",
"parent":"z9L7r6NOl",
"text":"噶危险呀",
"mid":"z9L954LRc",
"date":"2012-12-14 22:15:42"
},
{
"kids":[],
"uid":"feishu6666",
"parent":"",
"text":"保护好孩子@奶香小豆丁@快乐的李晓乐",
"mid":"z9L8WtaD8",
"date":"2012-12-14 22:15:22"
},
{
"kids":[],
"uid":"1558502514",
"parent":"",
"text":"",
"mid":"z9L8RrIvj",
"date":"2012-12-14 22:15:10"
},
{
"kids":[
"z9Lbo6pQl"
],
"uid":"1881715422",
"parent":"",
"text":"",
"mid":"z9L8umAMH",
"date":"2012-12-14 22:14:15"
},
{
"kids":[],
"uid":"gaoshang0625",
"parent":"",
"text":"太可怕了，转发给有宝宝的博友看啦~~~",
"mid":"z9L8sA6yp",
"date":"2012-12-14 22:14:11"
},
{
"kids":[],
"uid":"2267990307",
"parent":"",
"text":"@dory_1113",
"mid":"z9L8oakf8",
"date":"2012-12-14 22:13:59"
},
{
"kids":[
"z9La54VGQ"
],
"uid":"2148630912",
"parent":"",
"text":"",
"mid":"z9L89oLt6",
"date":"2012-12-14 22:13:25"
},
{
"kids":[],
"uid":"1053203503",
"parent":"",
"text":"注意",
"mid":"z9L869PsJ",
"date":"2012-12-14 22:13:14"
},
{
"kids":[],
"uid":"2454600410",
"parent":"",
"text":"[吃惊]",
"mid":"z9L7IvK7X",
"date":"2012-12-14 22:12:21"
},
{
"kids":[],
"uid":"2458862474",
"parent":"",
"text":"",
"mid":"z9L7Ga3q9",
"date":"2012-12-14 22:12:15"
},
{
"kids":[
"z9XOLtQqW",
"z9LzqwqRJ",
"z9L954LRc"
],
"uid":"2492389401",
"parent":"",
"text":"",
"mid":"z9L7r6NOl",
"date":"2012-12-14 22:11:39"
},
{
"kids":[],
"uid":"1875103974",
"parent":"",
"text":"国人的创意是无限的!",
"mid":"z9L7opux1",
"date":"2012-12-14 22:11:33"
},
{
"kids":[],
"uid":"1877259271",
"parent":"z9KDCaWub",
"text":"",
"mid":"z9L7g98dn",
"date":"2012-12-14 22:11:13"
},
{
"kids":[],
"uid":"2737084403",
"parent":"",
"text":"",
"mid":"z9L79ldWK",
"date":"2012-12-14 22:10:57"
},
{
"kids":[
"zaxttrEsx",
"z9PXJadYJ"
],
"uid":"2464362421",
"parent":"",
"text":"@陈锡鑫bingo @pp的夏天_0202 @ 果汁瓶子@黑妹牙膏",
"mid":"z9L6DaZOv",
"date":"2012-12-14 22:09:40"
},
{
"kids":[],
"uid":"2063552692",
"parent":"",
"text":"@莫凡造型Fanny",
"mid":"z9L6t7rCJ",
"date":"2012-12-14 22:09:16"
},
{
"kids":[],
"uid":"zhuanggaofeng2011",
"parent":"",
"text":"",
"mid":"z9L6rlAPC",
"date":"2012-12-14 22:09:11"
},
{
"kids":[
"z9NhRq3M2"
],
"uid":"1880040843",
"parent":"",
"text":"",
"mid":"z9L69AXC9",
"date":"2012-12-14 22:08:27"
},
{
"kids":[],
"uid":"1295051950",
"parent":"",
"text":"",
"mid":"z9L5TnyrT",
"date":"2012-12-14 22:07:48"
},
{
"kids":[],
"uid":"2827693660",
"parent":"",
"text":"[怒]",
"mid":"z9L5Hyack",
"date":"2012-12-14 22:07:23"
},
{
"kids":[],
"uid":"dong2268",
"parent":"",
"text":"[怒]",
"mid":"z9L5zzc98",
"date":"2012-12-14 22:07:04"
},
{
"kids":[],
"uid":"2682733147",
"parent":"",
"text":"",
"mid":"z9L5sc2t9",
"date":"2012-12-14 22:06:43"
},
{
"kids":[],
"uid":"3106842627",
"parent":"",
"text":"",
"mid":"z9L5peGJ4",
"date":"2012-12-14 22:06:36"
},
{
"kids":[],
"uid":"1423930140",
"parent":"",
"text":"",
"mid":"z9L5mel0e",
"date":"2012-12-14 22:06:32"
},
{
"kids":[],
"uid":"2087069284",
"parent":"",
"text":"",
"mid":"z9L56iufj",
"date":"2012-12-14 22:05:53"
},
{
"kids":[],
"uid":"1853914455",
"parent":"",
"text":"",
"mid":"z9L54w06u",
"date":"2012-12-14 22:05:50"
},
{
"kids":[
"zedpTBU0g",
"ze9WkxmEs"
],
"uid":"2036793155",
"parent":"",
"text":"@Hui-娴",
"mid":"z9L53CKWC",
"date":"2012-12-14 22:05:48"
},
{
"kids":[
"z9NS2xHrb"
],
"uid":"2630786315",
"parent":"",
"text":"转发微博。",
"mid":"z9L4S6Ukq",
"date":"2012-12-14 22:05:21"
},
{
"kids":[],
"uid":"1824796197",
"parent":"",
"text":"",
"mid":"z9L4OgkuX",
"date":"2012-12-14 22:05:08"
},
{
"kids":[],
"uid":"624024446",
"parent":"",
"text":"求辟谣",
"mid":"z9L4Ee2Vy",
"date":"2012-12-14 22:04:47"
},
{
"kids":[],
"uid":"2344100390",
"parent":"",
"text":"",
"mid":"z9L4wxWy8",
"date":"2012-12-14 22:04:29"
},
{
"kids":[],
"uid":"2653200993",
"parent":"z9L1Xy0lK",
"text":"",
"mid":"z9L37pgBL",
"date":"2012-12-14 22:01:01"
},
{
"kids":[
"z9L37pgBL"
],
"uid":"2751789697",
"parent":"z9KTB0v5B",
"text":"",
"mid":"z9L1Xy0lK",
"date":"2012-12-14 21:58:09"
},
{
"kids":[],
"uid":"2051409091",
"parent":"z9L0vaQsQ",
"text":"",
"mid":"z9L12ehEc",
"date":"2012-12-14 21:55:53"
},
{
"kids":[
"z9L12ehEc"
],
"uid":"yanweixing",
"parent":"z9KBQxDAG",
"text":"",
"mid":"z9L0vaQsQ",
"date":"2012-12-14 21:54:34"
},
{
"kids":[],
"uid":"2034498021",
"parent":"",
"text":"转发",
"mid":"z9KYqAex4",
"date":"2012-12-14 21:49:29"
},
{
"kids":[],
"uid":"2249770041",
"parent":"z9KyqomEn",
"text":"@Q-venisa @大青大青",
"mid":"z9KYnDrR2",
"date":"2012-12-14 21:49:19"
},
{
"kids":[],
"uid":"2136974033",
"parent":"",
"text":"",
"mid":"z9KW3bH1E",
"date":"2012-12-14 21:43:36"
},
{
"kids":[],
"uid":"2727886657",
"parent":"",
"text":"大家小心~！",
"mid":"z9KVOF7Ry",
"date":"2012-12-14 21:43:00"
},
{
"kids":[],
"uid":"1917644923",
"parent":"",
"text":"",
"mid":"z9KVuhQfm",
"date":"2012-12-14 21:42:10"
},
{
"kids":[
"z9L1Xy0lK"
],
"uid":"1707195434",
"parent":"",
"text":"",
"mid":"z9KTB0v5B",
"date":"2012-12-14 21:37:33"
},
{
"kids":[],
"uid":"yuanshx",
"parent":"",
"text":"",
"mid":"z9KTaq3Kj",
"date":"2012-12-14 21:36:27"
},
{
"kids":[],
"uid":"didio",
"parent":"z9KPEiLib",
"text":"",
"mid":"z9KRSiFea",
"date":"2012-12-14 21:33:20"
},
{
"kids":[],
"uid":"2802351493",
"parent":"",
"text":"真是花样百出啊",
"mid":"z9KQFyyub",
"date":"2012-12-14 21:30:22"
},
{
"kids":[],
"uid":"2902664413",
"parent":"",
"text":"",
"mid":"z9KQh2cOq",
"date":"2012-12-14 21:29:22"
},
{
"kids":[],
"uid":"woshuicangfeng",
"parent":"",
"text":"",
"mid":"z9KQcgLbx",
"date":"2012-12-14 21:29:11"
},
{
"kids":[
"z9PoNboSu",
"z9KRSiFea"
],
"uid":"777200520",
"parent":"z9KKrntp8",
"text":"大家都当心点",
"mid":"z9KPEiLib",
"date":"2012-12-14 21:27:50"
},
{
"kids":[],
"uid":"1989738770",
"parent":"z9KC01gWj",
"text":"[抓狂]",
"mid":"z9KPB61Ii",
"date":"2012-12-14 21:27:42"
},
{
"kids":[
"zaf2tF6ev",
"za8YZ3UAE"
],
"uid":"2061416701",
"parent":"",
"text":"@雨中生存的sunflower @酉西酉西 @ntywcx01 @princewu2006",
"mid":"z9KPoCRme",
"date":"2012-12-14 21:27:11"
},
{
"kids":[],
"uid":"2908446203",
"parent":"",
"text":"",
"mid":"z9KPeipVH",
"date":"2012-12-14 21:26:49"
},
{
"kids":[
"z9Sw6EIMp"
],
"uid":"1708670482",
"parent":"z9KDV7ng2",
"text":"@外星水瓶女",
"mid":"z9KOMdYTh",
"date":"2012-12-14 21:25:38"
},
{
"kids":[],
"uid":"2560196683",
"parent":"",
"text":"",
"mid":"z9KOnoueQ",
"date":"2012-12-14 21:24:41"
},
{
"kids":[
"z9LoBayxf"
],
"uid":"2757354513",
"parent":"z9KKrntp8",
"text":"转！",
"mid":"z9KOjzxiw",
"date":"2012-12-14 21:24:34"
},
{
"kids":[],
"uid":"2670050665",
"parent":"",
"text":"@鸯琴king",
"mid":"z9KNwxgYM",
"date":"2012-12-14 21:22:33"
},
{
"kids":[],
"uid":"2834974903",
"parent":"",
"text":"",
"mid":"z9KMCo9T2",
"date":"2012-12-14 21:20:19"
},
{
"kids":[
"za1XuuxSA"
],
"uid":"gaojianguo",
"parent":"z9KDCaWub",
"text":"",
"mid":"z9KL7j82G",
"date":"2012-12-14 21:16:40"
},
{
"kids":[
"z9PJd55kG"
],
"uid":"holyluzhu",
"parent":"z9KIPs6me",
"text":"卖孩子的枪毙！买孩子的全家枪毙！！",
"mid":"z9KKZBYJi",
"date":"2012-12-14 21:16:22"
},
{
"kids":[
"z9KPEiLib",
"z9KOjzxiw"
],
"uid":"170581717",
"parent":"z9KHS5q0P",
"text":"",
"mid":"z9KKrntp8",
"date":"2012-12-14 21:14:57"
},
{
"kids":[],
"uid":"1830137137",
"parent":"",
"text":"",
"mid":"z9KJt4fi7",
"date":"2012-12-14 21:12:34"
},
{
"kids":[],
"uid":"2988967137",
"parent":"",
"text":"",
"mid":"z9KJryQDB",
"date":"2012-12-14 21:12:30"
},
{
"kids":[
"z9KKZBYJi"
],
"uid":"houhou629",
"parent":"z9KyqomEn",
"text":"人贩子都不得好死！！！",
"mid":"z9KIPs6me",
"date":"2012-12-14 21:11:01"
},
{
"kids":[],
"uid":"bluewator",
"parent":"",
"text":"",
"mid":"z9KIxaRut",
"date":"2012-12-14 21:10:18"
},
{
"kids":[
"z9KKrntp8"
],
"uid":"2000211433",
"parent":"",
"text":"可恨的骗子，不得好死",
"mid":"z9KHS5q0P",
"date":"2012-12-14 21:08:40"
},
{
"kids":[],
"uid":"1931371187",
"parent":"",
"text":"",
"mid":"z9KHiCSUp",
"date":"2012-12-14 21:07:13"
},
{
"kids":[],
"uid":"523402040",
"parent":"",
"text":"",
"mid":"z9KH74ySD",
"date":"2012-12-14 21:06:45"
},
{
"kids":[
"z9LxpwcNV",
"z9LtQul0G"
],
"uid":"1357171084",
"parent":"",
"text":"爱心传递，骗子花样百出，强烈扩散！",
"mid":"z9KG6r0Ui",
"date":"2012-12-14 21:04:19"
},
{
"kids":[],
"uid":"2786995245",
"parent":"",
"text":"扩散。。。谨防上当······",
"mid":"z9KFP3gFq",
"date":"2012-12-14 21:03:37"
},
{
"kids":[],
"uid":"jizheshangziqiang",
"parent":"",
"text":"真的吗？",
"mid":"z9KEGmDQj",
"date":"2012-12-14 21:00:49"
},
{
"kids":[
"z9XGxbwXD"
],
"uid":"1039103625",
"parent":"z9KDCaWub",
"text":"@平安北京 是真是假？",
"mid":"z9KEzyJob",
"date":"2012-12-14 21:00:33"
},
{
"kids":[],
"uid":"yuanyuantry",
"parent":"z9KDCaWub",
"text":"不知真伪，宁信其有，扩散了！",
"mid":"z9KEv8X22",
"date":"2012-12-14 21:00:21"
},
{
"kids":[],
"uid":"1217155473",
"parent":"",
"text":"",
"mid":"z9KEcguPV",
"date":"2012-12-14 20:59:37"
},
{
"kids":[],
"uid":"2945328020",
"parent":"",
"text":"法律跟不上，太放纵了这些拐子佬，强烈要求枪毙他们",
"mid":"z9KE3DJaL",
"date":"2012-12-14 20:59:17"
},
{
"kids":[],
"uid":"2000202875",
"parent":"",
"text":"强烈扩散",
"mid":"z9KDVpGq1",
"date":"2012-12-14 20:58:57"
},
{
"kids":[
"z9KOMdYTh"
],
"uid":"1847043292",
"parent":"z9KDa6w7K",
"text":"真可怕",
"mid":"z9KDV7ng2",
"date":"2012-12-14 20:58:56"
},
{
"kids":[
"z9SoFEaAV",
"z9L7g98dn",
"z9KL7j82G",
"z9KEzyJob",
"z9KEv8X22"
],
"uid":"2003807357",
"parent":"",
"text":"",
"mid":"z9KDCaWub",
"date":"2012-12-14 20:58:12"
},
{
"kids":[],
"uid":"CHOUBA324526",
"parent":"",
"text":"骗术加上高科技，防不胜防呀！",
"mid":"z9KDBkXuU",
"date":"2012-12-14 20:58:09"
},
{
"kids":[
"z9LvFpmGa"
],
"uid":"223454231",
"parent":"",
"text":"@甜甜的味道2012",
"mid":"z9KDvEDzo",
"date":"2012-12-14 20:57:57"
},
{
"kids":[
"z9MD4Bscp",
"z9MC1iEbA"
],
"uid":"1609234120",
"parent":"z9KBQxDAG",
"text":"",
"mid":"z9KDmfCjP",
"date":"2012-12-14 20:57:33"
},
{
"kids":[],
"uid":"1049227097",
"parent":"",
"text":"",
"mid":"z9KDbyXBm",
"date":"2012-12-14 20:57:07"
},
{
"kids":[
"z9LAVj44X",
"z9KDV7ng2"
],
"uid":"1877588037",
"parent":"",
"text":"",
"mid":"z9KDa6w7K",
"date":"2012-12-14 20:57:05"
},
{
"kids":[],
"uid":"2480811647",
"parent":"",
"text":"[吃惊]",
"mid":"z9KD8k1RW",
"date":"2012-12-14 20:56:57"
},
{
"kids":[],
"uid":"2845498561",
"parent":"",
"text":"",
"mid":"z9KCVkXHn",
"date":"2012-12-14 20:56:29"
},
{
"kids":[
"z9OTwrwqC"
],
"uid":"2476538120",
"parent":"",
"text":"",
"mid":"z9KCi5OJN",
"date":"2012-12-14 20:54:55"
},
{
"kids":[],
"uid":"1751248182",
"parent":"z9KBQxDAG",
"text":"",
"mid":"z9KCdjx3y",
"date":"2012-12-14 20:54:41"
},
{
"kids":[],
"uid":"1841319121",
"parent":"",
"text":"[话筒][伤心]",
"mid":"z9KCa46K1",
"date":"2012-12-14 20:54:36"
},
{
"kids":[
"z9QMP7QOM",
"z9Lxzxnx3",
"z9LbWCcP7",
"z9KPB61Ii"
],
"uid":"2119883101",
"parent":"z9KBQxDAG",
"text":"",
"mid":"z9KC01gWj",
"date":"2012-12-14 20:54:13"
},
{
"kids":[],
"uid":"2648615382",
"parent":"",
"text":"",
"mid":"z9KBV2JaT",
"date":"2012-12-14 20:54:00"
},
{
"kids":[
"z9M4OjGvB",
"z9L0vaQsQ",
"z9KDmfCjP",
"z9KCdjx3y",
"z9KC01gWj"
],
"uid":"chaixinan",
"parent":"",
"text":"",
"mid":"z9KBQxDAG",
"date":"2012-12-14 20:53:50"
},
{
"kids":[],
"uid":"1047197495",
"parent":"",
"text":"[草泥马]",
"mid":"z9KBajMWO",
"date":"2012-12-14 20:52:09"
},
{
"kids":[],
"uid":"1952139293",
"parent":"",
"text":"这个要转",
"mid":"z9KzLb5xr",
"date":"2012-12-14 20:48:38"
},
{
"kids":[
"z9KYnDrR2",
"z9KIPs6me"
],
"uid":"2429728111",
"parent":"",
"text":"@厚厚629 @安安没在家 @山顶的幸福 @圣卤煮 @秋叶缘",
"mid":"z9KyqomEn",
"date":"2012-12-14 20:45:23"
}
]