[
{
"kids":[],
"uid":"2077387385",
"parent":"",
"text":"",
"mid":"zf1Ss45he",
"date":"2013-01-18 14:02:57"
},
{
"kids":[],
"uid":"2336863981",
"parent":"zcO3dg8hw",
"text":"我靠…司机越来越少啊",
"mid":"zdIcdBtmE",
"date":"2013-01-09 22:06:24"
},
{
"kids":[],
"uid":"1589004824",
"parent":"zcNTQ3eqo",
"text":"",
"mid":"zd8xxFlGZ",
"date":"2013-01-06 03:20:04"
},
{
"kids":[],
"uid":"2090529713",
"parent":"zcO1j3RT5",
"text":"@文十So",
"mid":"zd3dE22bd",
"date":"2013-01-05 13:47:18"
},
{
"kids":[],
"uid":"2919805402",
"parent":"",
"text":"",
"mid":"zd0nC1wEE",
"date":"2013-01-05 06:33:37"
},
{
"kids":[],
"uid":"1588972715",
"parent":"zcNQT9FGA",
"text":"",
"mid":"zcZTwiDFu",
"date":"2013-01-05 05:19:29"
},
{
"kids":[],
"uid":"2789744362",
"parent":"zcNTQ3eqo",
"text":"",
"mid":"zcY1Vp09y",
"date":"2013-01-05 00:34:42"
},
{
"kids":[],
"uid":"1671192431",
"parent":"",
"text":"记下记下@沙宣阿童木 @清新梧桐叶 @北极的雪--- @快乐的牛牛1103 @",
"mid":"zcXDF5tjT",
"date":"2013-01-04 23:34:56"
},
{
"kids":[],
"uid":"2802899870",
"parent":"zcNQT9FGA",
"text":"",
"mid":"zcXl2AqcH",
"date":"2013-01-04 22:49:01"
},
{
"kids":[],
"uid":"1212325277",
"parent":"",
"text":"广而告之",
"mid":"zcXhiBJyg",
"date":"2013-01-04 22:39:50"
},
{
"kids":[],
"uid":"2909234970",
"parent":"",
"text":"",
"mid":"zcXaslPzF",
"date":"2013-01-04 22:22:58"
},
{
"kids":[],
"uid":"sibylfun",
"parent":"zcVvegwLg",
"text":"丫以为这是tm HK",
"mid":"zcVIKg6wB",
"date":"2013-01-04 18:41:56"
},
{
"kids":[
"zcVIKg6wB"
],
"uid":"caressyao",
"parent":"",
"text":"@Aga小媛儿爷爱龙龙 对你的驾照表示十分担忧...",
"mid":"zcVvegwLg",
"date":"2013-01-04 18:08:39"
},
{
"kids":[],
"uid":"521236679",
"parent":"zcNDrg2s1",
"text":"@ihehui",
"mid":"zcUc1lriY",
"date":"2013-01-04 14:48:36"
},
{
"kids":[],
"uid":"falltung",
"parent":"",
"text":"@传记博睿 记住了。",
"mid":"zcThpdhWO",
"date":"2013-01-04 12:29:05"
},
{
"kids":[],
"uid":"zynzny",
"parent":"",
"text":"",
"mid":"zcT9wdcif",
"date":"2013-01-04 12:09:40"
},
{
"kids":[],
"uid":"201296444",
"parent":"",
"text":"@璇love斯",
"mid":"zcSxXF9n9",
"date":"2013-01-04 10:37:10"
},
{
"kids":[],
"uid":"1864185713",
"parent":"zcLuMwAKV",
"text":"@郭党党",
"mid":"zcSmouXAs",
"date":"2013-01-04 10:08:39"
},
{
"kids":[],
"uid":"3067587544",
"parent":"",
"text":"",
"mid":"zcS9MFwMJ",
"date":"2013-01-04 09:37:35"
},
{
"kids":[],
"uid":"2118866715",
"parent":"zcNBTdBHi",
"text":"",
"mid":"zcS7hdSe1",
"date":"2013-01-04 09:31:24"
},
{
"kids":[],
"uid":"lyfyxx",
"parent":"zcRV7phib",
"text":"[泪]@小P_Peggie: 转发微博",
"mid":"zcRXRD7n2",
"date":"2013-01-04 09:08:13"
},
{
"kids":[
"zcRXRD7n2"
],
"uid":"pygqf10518",
"parent":"zcNBTdBHi",
"text":"",
"mid":"zcRV7phib",
"date":"2013-01-04 09:01:26"
},
{
"kids":[],
"uid":"3180784907",
"parent":"",
"text":"",
"mid":"zcRQ9gAQy",
"date":"2013-01-04 08:49:12"
},
{
"kids":[],
"uid":"2128312993",
"parent":"zcNOsp1Mh",
"text":"@sherry_leiailing",
"mid":"zcRKgjFha",
"date":"2013-01-04 08:34:42"
},
{
"kids":[],
"uid":"1001495634",
"parent":"zcNPq5Lle",
"text":"@凡人烦人2013",
"mid":"zcRuFc1EW",
"date":"2013-01-04 07:56:16"
},
{
"kids":[],
"uid":"1440822194",
"parent":"",
"text":"有用~··",
"mid":"zcRnS4dbV",
"date":"2013-01-04 07:39:32"
},
{
"kids":[],
"uid":"3067344980",
"parent":"",
"text":"",
"mid":"zcRii4u9D",
"date":"2013-01-04 07:25:47"
},
{
"kids":[],
"uid":"zhanglin0302",
"parent":"zcNN9pj4b",
"text":"",
"mid":"zcQPH5UoH",
"date":"2013-01-04 06:15:20"
},
{
"kids":[],
"uid":"2710701814",
"parent":"zcNO1vrMV",
"text":"[晕]",
"mid":"zcPjM8Unk",
"date":"2013-01-04 02:23:57"
},
{
"kids":[],
"uid":"2168998680",
"parent":"zcNBTdBHi",
"text":"记着",
"mid":"zcPcPBmPZ",
"date":"2013-01-04 02:06:51"
},
{
"kids":[],
"uid":"merrylife85",
"parent":"",
"text":"",
"mid":"zcOUv8NVi",
"date":"2013-01-04 01:21:41"
},
{
"kids":[],
"uid":"1044796571",
"parent":"zcO5iF9oL",
"text":"太厉害了@uu的vv",
"mid":"zcOGfBizz",
"date":"2013-01-04 00:46:35"
},
{
"kids":[],
"uid":"2167277667",
"parent":"zcNBTdBHi",
"text":"@我是巨蟹妞 大姐，注意啦！",
"mid":"zcOwLBuYB",
"date":"2013-01-04 00:23:12"
},
{
"kids":[],
"uid":"2484880561",
"parent":"zcNBTdBHi",
"text":"",
"mid":"zcO90igmI",
"date":"2013-01-03 23:24:40"
},
{
"kids":[],
"uid":"1263315271",
"parent":"zcNBTdBHi",
"text":"百分制差不多。",
"mid":"zcO6G492a",
"date":"2013-01-03 23:18:57"
},
{
"kids":[
"zcOGfBizz"
],
"uid":"2340817543",
"parent":"zcNZfF3OY",
"text":"[哼]",
"mid":"zcO5iF9oL",
"date":"2013-01-03 23:15:33"
},
{
"kids":[
"zdIcdBtmE"
],
"uid":"sophia1105",
"parent":"",
"text":"我靠…司机越来越少啊",
"mid":"zcO3dg8hw",
"date":"2013-01-03 23:10:23"
},
{
"kids":[
"zd3dE22bd"
],
"uid":"1875937141",
"parent":"zcNTn3Ll1",
"text":"一号闯了两个红灯！保佑我没探头，以后再也不闯了…",
"mid":"zcO1j3RT5",
"date":"2013-01-03 23:05:42"
},
{
"kids":[],
"uid":"1015230491",
"parent":"zcNBTdBHi",
"text":"昨天遇到一位出租司机大哥，一边开车一边大冷天儿开着车窗嗑瓜子，请问元方，这怎么算 。",
"mid":"zcO1e0VwV",
"date":"2013-01-03 23:05:29"
},
{
"kids":[],
"uid":"1490521607",
"parent":"zcNN9pj4b",
"text":"[汗]",
"mid":"zcO0w0whx",
"date":"2013-01-03 23:03:45"
},
{
"kids":[],
"uid":"fishybt",
"parent":"zcNBTdBHi",
"text":"",
"mid":"zcO0ue29k",
"date":"2013-01-03 23:03:40"
},
{
"kids":[],
"uid":"2129252001",
"parent":"zcNXRnIaO",
"text":"",
"mid":"zcO09hwz5",
"date":"2013-01-03 23:02:50"
},
{
"kids":[
"zcO5iF9oL"
],
"uid":"pengmingming",
"parent":"",
"text":"嗷~~得记着啊！",
"mid":"zcNZfF3OY",
"date":"2013-01-03 23:00:40"
},
{
"kids":[],
"uid":"2320092281",
"parent":"zcNBTdBHi",
"text":"",
"mid":"zcNZ8lqS6",
"date":"2013-01-03 23:00:22"
},
{
"kids":[
"zcO09hwz5"
],
"uid":"wangbing2009",
"parent":"zcNFJD3Ml",
"text":"回复@Fighting_____Robenny:副驾不系真的罚司机。我今天接一位媒体编辑，你的小哥哥，开出一段距离，想起来了，赶紧让他系上。",
"mid":"zcNXRnIaO",
"date":"2013-01-03 22:57:13"
},
{
"kids":[],
"uid":"1076185623",
"parent":"",
"text":"",
"mid":"zcNWyquk3",
"date":"2013-01-03 22:54:00"
},
{
"kids":[],
"uid":"ermaxiaoyiparty",
"parent":"zcNBTdBHi",
"text":"",
"mid":"zcNVScRHv",
"date":"2013-01-03 22:52:20"
},
{
"kids":[],
"uid":"2350184480",
"parent":"",
"text":"[围观]",
"mid":"zcNVODz2F",
"date":"2013-01-03 22:52:08"
},
{
"kids":[],
"uid":"1759383403",
"parent":"zcNBTdBHi",
"text":"[闭嘴] 不予评价！/@帝都全攻略: 12分不禁呀！",
"mid":"zcNVOkuKi",
"date":"2013-01-03 22:52:10"
},
{
"kids":[],
"uid":"2607282351",
"parent":"zcNN9pj4b",
"text":"@王小肥儿 戒烟吧[嘻嘻]",
"mid":"zcNVO4FdH",
"date":"2013-01-03 22:52:09"
},
{
"kids":[],
"uid":"1852145775",
"parent":"zcNSuosAw",
"text":"",
"mid":"zcNUubjs4",
"date":"2013-01-03 22:48:54"
},
{
"kids":[
"zd8xxFlGZ",
"zcY1Vp09y"
],
"uid":"1457717604",
"parent":"zcNBTdBHi",
"text":"",
"mid":"zcNTQ3eqo",
"date":"2013-01-03 22:47:18"
},
{
"kids":[],
"uid":"1261864140",
"parent":"zcNBTdBHi",
"text":"车快没法开了...",
"mid":"zcNTHr1Xg",
"date":"2013-01-03 22:46:59"
},
{
"kids":[
"zcO1j3RT5"
],
"uid":"2315970937",
"parent":"zcNBTdBHi",
"text":"注意注意",
"mid":"zcNTn3Ll1",
"date":"2013-01-03 22:46:10"
},
{
"kids":[],
"uid":"2297660415",
"parent":"zcNBTdBHi",
"text":"够狠",
"mid":"zcNSUEXCG",
"date":"2013-01-03 22:45:02"
},
{
"kids":[
"zcNUubjs4"
],
"uid":"339320008",
"parent":"zcNBTdBHi",
"text":"就这14岁孩子怎么判定？！谁能告诉我！",
"mid":"zcNSuosAw",
"date":"2013-01-03 22:43:59"
},
{
"kids":[],
"uid":"shoumengzi",
"parent":"zcNO1vrMV",
"text":"@z博少",
"mid":"zcNR8rmub",
"date":"2013-01-03 22:40:39"
},
{
"kids":[
"zcZTwiDFu",
"zcXl2AqcH"
],
"uid":"2111337681",
"parent":"",
"text":"明码实价 透明消费！",
"mid":"zcNQT9FGA",
"date":"2013-01-03 22:40:02"
},
{
"kids":[],
"uid":"dnegjie",
"parent":"zcNBTdBHi",
"text":"",
"mid":"zcNPAqcqO",
"date":"2013-01-03 22:36:49"
},
{
"kids":[
"zcRuFc1EW"
],
"uid":"1001495634",
"parent":"zcNBTdBHi",
"text":"抽烟也扣分。[嘻嘻][嘻嘻][嘻嘻][嘻嘻]",
"mid":"zcNPq5Lle",
"date":"2013-01-03 22:36:25"
},
{
"kids":[],
"uid":"2651030475",
"parent":"",
"text":"哦！哥哥，我以为你让我系安全带是逗我玩儿呢！",
"mid":"zcNOF9q6t",
"date":"2013-01-03 22:34:33"
},
{
"kids":[],
"uid":"alexgeng",
"parent":"zcNBTdBHi",
"text":"@嘎嘎风",
"mid":"zcNOtAIij",
"date":"2013-01-03 22:34:05"
},
{
"kids":[
"zcRKgjFha"
],
"uid":"2743661073",
"parent":"zcNBTdBHi",
"text":"@acequan @肖Christy @爱睡觉的猪2007 12分禁不起啊！",
"mid":"zcNOsp1Mh",
"date":"2013-01-03 22:34:02"
},
{
"kids":[
"zcPjM8Unk",
"zcNR8rmub"
],
"uid":"208182000",
"parent":"zcNN9pj4b",
"text":"",
"mid":"zcNO1vrMV",
"date":"2013-01-03 22:33:00"
},
{
"kids":[
"zcQPH5UoH",
"zcO0w0whx",
"zcNVO4FdH",
"zcNO1vrMV"
],
"uid":"1798920935",
"parent":"zcNLRCVUk",
"text":"@图图粑粑 好好看看",
"mid":"zcNN9pj4b",
"date":"2013-01-03 22:30:47"
},
{
"kids":[],
"uid":"1492004065",
"parent":"zcNBTdBHi",
"text":"",
"mid":"zcNMycG6K",
"date":"2013-01-03 22:29:21"
},
{
"kids":[
"zcNN9pj4b"
],
"uid":"1873800391",
"parent":"",
"text":"你们都记住了么？",
"mid":"zcNLRCVUk",
"date":"2013-01-03 22:27:40"
},
{
"kids":[],
"uid":"2018471634",
"parent":"zcNBTdBHi",
"text":"@王老虎不是王老五",
"mid":"zcNKKtVmk",
"date":"2013-01-03 22:24:56"
},
{
"kids":[],
"uid":"1432205092",
"parent":"zcNBTdBHi",
"text":"",
"mid":"zcNK7eFvO",
"date":"2013-01-03 22:23:19"
},
{
"kids":[],
"uid":"1946325155",
"parent":"",
"text":"@cn51 @Dr_Vincent_M @焱悠公园 @天空之城的微博",
"mid":"zcNJ7r2rL",
"date":"2013-01-03 22:20:54"
},
{
"kids":[],
"uid":"110523123",
"parent":"",
"text":"@该名称被占用不换了   让你再抽烟！！这条我喜欢！！",
"mid":"zcNJ5mWWR",
"date":"2013-01-03 22:20:45"
},
{
"kids":[],
"uid":"534593782",
"parent":"zcNBTdBHi",
"text":"",
"mid":"zcNIxFtK0",
"date":"2013-01-03 22:19:28"
},
{
"kids":[],
"uid":"2702727530",
"parent":"zcNBTdBHi",
"text":"",
"mid":"zcNI53Xi9",
"date":"2013-01-03 22:18:16"
},
{
"kids":[],
"uid":"1727470665",
"parent":"zcNBTdBHi",
"text":"再转一次！",
"mid":"zcNGZmEvd",
"date":"2013-01-03 22:15:38"
},
{
"kids":[],
"uid":"yeye0226",
"parent":"zcNBTdBHi",
"text":"[熊猫]",
"mid":"zcNGIvV4M",
"date":"2013-01-03 22:15:00"
},
{
"kids":[
"zcNXRnIaO"
],
"uid":"wangbing2009",
"parent":"",
"text":"小编注意副驾安全带哦 @媒体人owen  关键是你不系，罚我们开车的[汗]",
"mid":"zcNFJD3Ml",
"date":"2013-01-03 22:12:35"
},
{
"kids":[],
"uid":"1283371200",
"parent":"zcNBTdBHi",
"text":"",
"mid":"zcNFcxdUs",
"date":"2013-01-03 22:11:14"
},
{
"kids":[],
"uid":"jy411",
"parent":"zcNBTdBHi",
"text":"@刚刚曾经沧海",
"mid":"zcNENq86L",
"date":"2013-01-03 22:10:15"
},
{
"kids":[],
"uid":"2367016944",
"parent":"",
"text":"@乐呵o乐呵 违犯了罚款从零花钱里面扣噢～～～脚下小心着～～～[酷][酷]",
"mid":"zcNE8Es8A",
"date":"2013-01-03 22:08:36"
},
{
"kids":[],
"uid":"xuenanli",
"parent":"zcNBTdBHi",
"text":"[汗]",
"mid":"zcNDOjaeZ",
"date":"2013-01-03 22:07:47"
},
{
"kids":[
"zcUc1lriY"
],
"uid":"1578555850",
"parent":"zcNBTdBHi",
"text":"转发微博。",
"mid":"zcNDrg2s1",
"date":"2013-01-03 22:06:53"
},
{
"kids":[],
"uid":"uniquesj1204",
"parent":"zcNBTdBHi",
"text":"留神吧[偷笑]",
"mid":"zcNCYy70G",
"date":"2013-01-03 22:05:46"
},
{
"kids":[],
"uid":"2721172585",
"parent":"zcNBTdBHi",
"text":"12分不禁呀！",
"mid":"zcNCBeEKP",
"date":"2013-01-03 22:04:50"
},
{
"kids":[],
"uid":"1403282345",
"parent":"",
"text":"",
"mid":"zcNCcFs43",
"date":"2013-01-03 22:03:52"
},
{
"kids":[
"zcS7hdSe1",
"zcRV7phib",
"zcPcPBmPZ",
"zcOwLBuYB",
"zcO90igmI",
"zcO6G492a",
"zcO1e0VwV",
"zcO0ue29k",
"zcNZ8lqS6",
"zcNVScRHv",
"zcNVOkuKi",
"zcNTQ3eqo",
"zcNTHr1Xg",
"zcNTn3Ll1",
"zcNSUEXCG",
"zcNSuosAw",
"zcNPAqcqO",
"zcNPq5Lle",
"zcNOtAIij",
"zcNOsp1Mh",
"zcNMycG6K",
"zcNKKtVmk",
"zcNK7eFvO",
"zcNIxFtK0",
"zcNI53Xi9",
"zcNGZmEvd",
"zcNGIvV4M",
"zcNFcxdUs",
"zcNENq86L",
"zcNDOjaeZ",
"zcNDrg2s1",
"zcNCYy70G",
"zcNCBeEKP"
],
"uid":"bjall",
"parent":"",
"text":"12分不禁呀！",
"mid":"zcNBTdBHi",
"date":"2013-01-03 22:03:04"
},
{
"kids":[],
"uid":"1464289833",
"parent":"",
"text":"",
"mid":"zcMJzrz45",
"date":"2013-01-03 19:49:16"
},
{
"kids":[],
"uid":"1073881025",
"parent":"",
"text":"",
"mid":"zcM0SCSMq",
"date":"2013-01-03 17:59:10"
},
{
"kids":[],
"uid":"1599835443",
"parent":"",
"text":"转发微博。",
"mid":"zcLxzClTq",
"date":"2013-01-03 16:46:57"
},
{
"kids":[
"zcSmouXAs"
],
"uid":"orchid1925",
"parent":"",
"text":"",
"mid":"zcLuMwAKV",
"date":"2013-01-03 16:40:05"
},
{
"kids":[],
"uid":"1863754991",
"parent":"",
"text":"[熊猫]",
"mid":"zcLuIlfkw",
"date":"2013-01-03 16:39:55"
},
{
"kids":[],
"uid":"1386012765",
"parent":"",
"text":"各位友情提示",
"mid":"zcLp0CGNj",
"date":"2013-01-03 16:25:50"
},
{
"kids":[],
"uid":"527053567",
"parent":"",
"text":"",
"mid":"zcLoeb4y0",
"date":"2013-01-03 16:23:56"
},
{
"kids":[],
"uid":"connie820315",
"parent":"zcL1U6It6",
"text":"12分太不禁扣了",
"mid":"zcL4cxA2O",
"date":"2013-01-03 15:34:36"
},
{
"kids":[
"zcL4cxA2O"
],
"uid":"2002832223",
"parent":"",
"text":"",
"mid":"zcL1U6It6",
"date":"2013-01-03 15:28:57"
},
{
"kids":[],
"uid":"jiangtao2010",
"parent":"",
"text":"回复@大涛十年:对否[疑问]",
"mid":"zcKYvpWhV",
"date":"2013-01-03 15:20:34"
}
]