[
{
"kids":[],
"uid":"2296084973",
"parent":"zkQY8ahj4",
"text":"",
"mid":"zCFG6yoyc",
"date":"2013-06-23 01:39:24"
},
{
"kids":[],
"uid":"1862319441",
"parent":"zkQY8ahj4",
"text":"",
"mid":"zn78tAaSs",
"date":"2013-03-12 18:08:36"
},
{
"kids":[],
"uid":"2919240922",
"parent":"",
"text":"",
"mid":"zlDsa68Rl",
"date":"2013-03-03 00:44:24"
},
{
"kids":[],
"uid":"1776260794",
"parent":"",
"text":"",
"mid":"zlwOfjr08",
"date":"2013-03-02 07:49:34"
},
{
"kids":[],
"uid":"2919327042",
"parent":"zkQwrm2Y7",
"text":"",
"mid":"zlcNWrR6o",
"date":"2013-02-28 04:53:53"
},
{
"kids":[],
"uid":"1954434903",
"parent":"zkQY8ahj4",
"text":"",
"mid":"zl6mEpNvb",
"date":"2013-02-27 12:30:09"
},
{
"kids":[],
"uid":"1718742463",
"parent":"zkQY8ahj4",
"text":"京哥转，咱也转发",
"mid":"zl6lT92ft",
"date":"2013-02-27 12:28:17"
},
{
"kids":[],
"uid":"2926055175",
"parent":"",
"text":"好可怜",
"mid":"zl4JXfO57",
"date":"2013-02-27 08:22:05"
},
{
"kids":[],
"uid":"2919243620",
"parent":"zkQwrm2Y7",
"text":"",
"mid":"zl3rhsb6o",
"date":"2013-02-27 05:03:20"
},
{
"kids":[],
"uid":"2919351360",
"parent":"zkWuScGHq",
"text":"",
"mid":"zl2A65Vkb",
"date":"2013-02-27 02:52:18"
},
{
"kids":[],
"uid":"wangguobiao1985",
"parent":"zkVTr5nuy",
"text":"",
"mid":"zl0s5i6zQ",
"date":"2013-02-26 21:27:04"
},
{
"kids":[],
"uid":"2202810250",
"parent":"zkYZwCKJK",
"text":"",
"mid":"zkZJ1Ffnc",
"date":"2013-02-26 19:36:04"
},
{
"kids":[
"zkZJ1Ffnc"
],
"uid":"1081084233",
"parent":"",
"text":"",
"mid":"zkYZwCKJK",
"date":"2013-02-26 17:43:58"
},
{
"kids":[],
"uid":"2708960423",
"parent":"zkSBGvfuw",
"text":"",
"mid":"zkYnJ2VSG",
"date":"2013-02-26 16:10:48"
},
{
"kids":[],
"uid":"1642567331",
"parent":"",
"text":"",
"mid":"zkYfNlAdr",
"date":"2013-02-26 15:51:18"
},
{
"kids":[],
"uid":"2209312543",
"parent":"zkVPf3A8Q",
"text":"我要多转。",
"mid":"zkYeWbgAs",
"date":"2013-02-26 15:49:11"
},
{
"kids":[],
"uid":"2209312543",
"parent":"",
"text":"",
"mid":"zkYeQgCm8",
"date":"2013-02-26 15:48:57"
},
{
"kids":[],
"uid":"nicolewang1983",
"parent":"",
"text":"[嘻嘻]转   但是为什么是腾讯公益   不是这里呢 [吃惊]",
"mid":"zkY7BrBQd",
"date":"2013-02-26 15:31:07"
},
{
"kids":[],
"uid":"2411001280",
"parent":"zkXCL22lP",
"text":"",
"mid":"zkXM2CvuU",
"date":"2013-02-26 14:38:00"
},
{
"kids":[
"zkXM2CvuU"
],
"uid":"1843602391",
"parent":"zkVXvaiUu",
"text":"怎么忍心啊？",
"mid":"zkXCL22lP",
"date":"2013-02-26 14:15:07"
},
{
"kids":[],
"uid":"1993746387",
"parent":"",
"text":"",
"mid":"zkXyKsmmS",
"date":"2013-02-26 14:05:14"
},
{
"kids":[],
"uid":"3175671947",
"parent":"",
"text":"",
"mid":"zkXgD0Mjn",
"date":"2013-02-26 13:20:36"
},
{
"kids":[],
"uid":"1913745805",
"parent":"zkWYsjmci",
"text":"",
"mid":"zkX2ziMaf",
"date":"2013-02-26 12:45:57"
},
{
"kids":[
"zkX2ziMaf"
],
"uid":"1094892101",
"parent":"",
"text":"",
"mid":"zkWYsjmci",
"date":"2013-02-26 12:35:49"
},
{
"kids":[],
"uid":"2204618603",
"parent":"zkTlbg866",
"text":"好可怜啊[泪]",
"mid":"zkWVMxaQ8",
"date":"2013-02-26 12:29:15"
},
{
"kids":[],
"uid":"2843346461",
"parent":"zkWkPgWZx",
"text":"",
"mid":"zkWVgiRpY",
"date":"2013-02-26 12:27:58"
},
{
"kids":[],
"uid":"1023632094",
"parent":"zkQY8ahj4",
"text":"",
"mid":"zkWBsy1qI",
"date":"2013-02-26 11:39:09"
},
{
"kids":[],
"uid":"norina",
"parent":"zkVTr5nuy",
"text":"",
"mid":"zkWvy8vHp",
"date":"2013-02-26 11:24:36"
},
{
"kids":[
"zl2A65Vkb"
],
"uid":"542118994",
"parent":"zkVPf3A8Q",
"text":"",
"mid":"zkWuScGHq",
"date":"2013-02-26 11:22:57"
},
{
"kids":[],
"uid":"bluelj",
"parent":"zkWgazcvn",
"text":"",
"mid":"zkWnd4LfE",
"date":"2013-02-26 11:04:02"
},
{
"kids":[
"zkWVgiRpY"
],
"uid":"1993829675",
"parent":"zkWgazcvn",
"text":"",
"mid":"zkWkPgWZx",
"date":"2013-02-26 10:58:12"
},
{
"kids":[
"zkWnd4LfE",
"zkWkPgWZx"
],
"uid":"joand",
"parent":"",
"text":"",
"mid":"zkWgazcvn",
"date":"2013-02-26 10:46:44"
},
{
"kids":[],
"uid":"2157850731",
"parent":"zkV2qCoTK",
"text":"",
"mid":"zkW3O85tA",
"date":"2013-02-26 10:16:14"
},
{
"kids":[],
"uid":"1836884594",
"parent":"zkVXvaiUu",
"text":"",
"mid":"zkW02nsFS",
"date":"2013-02-26 10:06:59"
},
{
"kids":[
"zkXCL22lP",
"zkW02nsFS"
],
"uid":"1705903505",
"parent":"zkV1N1QFg",
"text":"那二儿子可以去死了！",
"mid":"zkVXvaiUu",
"date":"2013-02-26 10:00:43"
},
{
"kids":[
"zl0s5i6zQ",
"zkWvy8vHp"
],
"uid":"emmatyy",
"parent":"zkV2qCoTK",
"text":"",
"mid":"zkVTr5nuy",
"date":"2013-02-26 09:50:42"
},
{
"kids":[],
"uid":"2742128720",
"parent":"zkQY8ahj4",
"text":"",
"mid":"zkVPA3qje",
"date":"2013-02-26 09:41:13"
},
{
"kids":[
"zkYeWbgAs",
"zkWuScGHq"
],
"uid":"wangjunfd",
"parent":"zkSuSeCKk",
"text":"",
"mid":"zkVPf3A8Q",
"date":"2013-02-26 09:40:23"
},
{
"kids":[],
"uid":"nightcold",
"parent":"",
"text":"棒棒她吧。",
"mid":"zkVOmES47",
"date":"2013-02-26 09:38:13"
},
{
"kids":[],
"uid":"1979521993",
"parent":"",
"text":"",
"mid":"zkVBt6vM7",
"date":"2013-02-26 09:06:26"
},
{
"kids":[],
"uid":"910329123",
"parent":"zkUz6aLrL",
"text":"举手之老做公益",
"mid":"zkVx4mhmO",
"date":"2013-02-26 08:55:37"
},
{
"kids":[],
"uid":"2965123593",
"parent":"zkQY8ahj4",
"text":"他们的儿子去哪了?",
"mid":"zkVi24ll3",
"date":"2013-02-26 08:18:34"
},
{
"kids":[],
"uid":"2808717220",
"parent":"zkRLJ58Z9",
"text":"",
"mid":"zkV2AnBnH",
"date":"2013-02-26 07:40:31"
},
{
"kids":[
"zkW3O85tA",
"zkVTr5nuy"
],
"uid":"2030489565",
"parent":"zkV1pESQl",
"text":"",
"mid":"zkV2qCoTK",
"date":"2013-02-26 07:40:08"
},
{
"kids":[
"zkVXvaiUu"
],
"uid":"1851312777",
"parent":"zkPk85IgZ",
"text":"中国的福利系统真差",
"mid":"zkV1N1QFg",
"date":"2013-02-26 07:38:32"
},
{
"kids":[
"zkV2qCoTK"
],
"uid":"unbelievable21",
"parent":"zkSyFatPM",
"text":"",
"mid":"zkV1pESQl",
"date":"2013-02-26 07:37:37"
},
{
"kids":[
"zkVx4mhmO"
],
"uid":"2808746600",
"parent":"",
"text":"",
"mid":"zkUz6aLrL",
"date":"2013-02-26 06:27:51"
},
{
"kids":[],
"uid":"2362486203",
"parent":"",
"text":"转发微博。",
"mid":"zkUroFcE2",
"date":"2013-02-26 06:08:53"
},
{
"kids":[],
"uid":"1727910020",
"parent":"",
"text":"",
"mid":"zkTYuuXY2",
"date":"2013-02-26 04:57:41"
},
{
"kids":[
"zkWVMxaQ8"
],
"uid":"1929253997",
"parent":"",
"text":"",
"mid":"zkTlbg866",
"date":"2013-02-26 03:20:50"
},
{
"kids":[
"zkYnJ2VSG"
],
"uid":"1870015617",
"parent":"zkSuSeCKk",
"text":"哎，真可怜，好心人帮帮她吧",
"mid":"zkSBGvfuw",
"date":"2013-02-26 01:28:45"
},
{
"kids":[
"zkV1pESQl"
],
"uid":"1681743587",
"parent":"zkSuSeCKk",
"text":"",
"mid":"zkSyFatPM",
"date":"2013-02-26 01:21:18"
},
{
"kids":[
"zkVPf3A8Q",
"zkSBGvfuw",
"zkSyFatPM"
],
"uid":"1996729217",
"parent":"zkSfEcIPZ",
"text":"[祈祷][祈祷][祈祷]",
"mid":"zkSuSeCKk",
"date":"2013-02-26 01:11:57"
},
{
"kids":[],
"uid":"1936303101",
"parent":"zkQY8ahj4",
"text":"",
"mid":"zkSh33jO4",
"date":"2013-02-26 00:37:54"
},
{
"kids":[
"zkSuSeCKk"
],
"uid":"1934373315",
"parent":"zkQY8ahj4",
"text":"",
"mid":"zkSfEcIPZ",
"date":"2013-02-26 00:34:28"
},
{
"kids":[],
"uid":"2628250945",
"parent":"zkQY8ahj4",
"text":"转发微博。",
"mid":"zkSc3FTc6",
"date":"2013-02-26 00:25:37"
},
{
"kids":[],
"uid":"dong691977329",
"parent":"zkQY8ahj4",
"text":"正能量",
"mid":"zkRX4EyvW",
"date":"2013-02-25 23:48:41"
},
{
"kids":[],
"uid":"2455299323",
"parent":"zkQY8ahj4",
"text":"",
"mid":"zkRUMbezj",
"date":"2013-02-25 23:42:59"
},
{
"kids":[],
"uid":"1296686733",
"parent":"",
"text":"",
"mid":"zkRUq32Mu",
"date":"2013-02-25 23:42:05"
},
{
"kids":[],
"uid":"2040548175",
"parent":"zkQY8ahj4",
"text":"好可怜",
"mid":"zkRRKxGLU",
"date":"2013-02-25 23:35:36"
},
{
"kids":[],
"uid":"1989658023",
"parent":"",
"text":"",
"mid":"zkRQwArVh",
"date":"2013-02-25 23:32:33"
},
{
"kids":[],
"uid":"muxinzhz",
"parent":"zkR1DC7cn",
"text":"",
"mid":"zkRPby9cY",
"date":"2013-02-25 23:29:17"
},
{
"kids":[
"zkV2AnBnH"
],
"uid":"1911241605",
"parent":"zkRGUChw2",
"text":"",
"mid":"zkRLJ58Z9",
"date":"2013-02-25 23:20:45"
},
{
"kids":[],
"uid":"1762342881",
"parent":"zkRGDroUC",
"text":"其实我也不想别人做善事自己却跑出来质疑。以前碰到寻找丢失儿童的微博见到必转。就有坏了良心的人发假微博贴出联系电话号码是骗话费的。我不轻易怀疑博主，只是从博主信息里并不能看出和腾讯公益有什么关系。",
"mid":"zkRLwkrf7",
"date":"2013-02-25 23:20:15"
},
{
"kids":[],
"uid":"1931859947",
"parent":"zkRAD9pve",
"text":"也是，以前还看到后续报告多少钱给了谁，只有一次，再就么有看到过。",
"mid":"zkRH2B4Lp",
"date":"2013-02-25 23:09:11"
},
{
"kids":[
"zkRLJ58Z9"
],
"uid":"rona619",
"parent":"",
"text":"",
"mid":"zkRGUChw2",
"date":"2013-02-25 23:08:53"
},
{
"kids":[
"zkRLwkrf7"
],
"uid":"xiaye165",
"parent":"zkRAD9pve",
"text":"转发量才九十多？很让人怀疑真实性",
"mid":"zkRGDroUC",
"date":"2013-02-25 23:08:12"
},
{
"kids":[],
"uid":"2413623651",
"parent":"",
"text":"怎么会脏了",
"mid":"zkREF85FM",
"date":"2013-02-25 23:03:20"
},
{
"kids":[],
"uid":"1812583367",
"parent":"",
"text":"这是真的吗？是真的的话，又岂能不转？！碰碰运气。",
"mid":"zkRCYBiKe",
"date":"2013-02-25 22:59:07"
},
{
"kids":[],
"uid":"2429703621",
"parent":"zkQY8ahj4",
"text":"转起来吧  为了老奶奶",
"mid":"zkRBp2RP3",
"date":"2013-02-25 22:55:18"
},
{
"kids":[],
"uid":"2702068442",
"parent":"",
"text":"老奶奶……[泪][泪][泪][泪]我们真的好幸福",
"mid":"zkRB66xCo",
"date":"2013-02-25 22:54:30"
},
{
"kids":[
"zkRH2B4Lp",
"zkRGDroUC"
],
"uid":"1762342881",
"parent":"",
"text":"可是，日后我们从哪里证实腾讯公益的确有捐款？",
"mid":"zkRAD9pve",
"date":"2013-02-25 22:53:25"
},
{
"kids":[],
"uid":"simaocoffee",
"parent":"zkQEusvTF",
"text":"",
"mid":"zkRABE1fR",
"date":"2013-02-25 22:53:20"
},
{
"kids":[],
"uid":"1799772162",
"parent":"zkQY8ahj4",
"text":"这才是最干净的！",
"mid":"zkRyImD5Q",
"date":"2013-02-25 22:48:42"
},
{
"kids":[],
"uid":"1431957210",
"parent":"",
"text":"",
"mid":"zkRx1d1cy",
"date":"2013-02-25 22:44:27"
},
{
"kids":[],
"uid":"1638803060",
"parent":"zkQY8ahj4",
"text":"转",
"mid":"zkRvpjpvq",
"date":"2013-02-25 22:40:32"
},
{
"kids":[],
"uid":"1771835622",
"parent":"zkQY8ahj4",
"text":"",
"mid":"zkRtF8DAL",
"date":"2013-02-25 22:36:13"
},
{
"kids":[],
"uid":"2169201807",
"parent":"zkQY8ahj4",
"text":"[蜡烛][蜡烛][蜡烛]",
"mid":"zkRrur3tK",
"date":"2013-02-25 22:30:49"
},
{
"kids":[],
"uid":"2115600234",
"parent":"",
"text":"",
"mid":"zkRrmqywb",
"date":"2013-02-25 22:30:32"
},
{
"kids":[],
"uid":"liufangming123",
"parent":"zkR8ValR6",
"text":"@薛蛮子",
"mid":"zkRqW9A5I",
"date":"2013-02-25 22:29:32"
},
{
"kids":[],
"uid":"caijunkiller",
"parent":"zkQY8ahj4",
"text":"",
"mid":"zkRogCM7N",
"date":"2013-02-25 22:22:58"
},
{
"kids":[],
"uid":"1222108753",
"parent":"zkRbJtCJw",
"text":"社会救助的制度一定要完善。",
"mid":"zkRndBrSN",
"date":"2013-02-25 22:20:23"
},
{
"kids":[],
"uid":"2090730011",
"parent":"",
"text":"",
"mid":"zkRlQf4Fq",
"date":"2013-02-25 22:16:58"
},
{
"kids":[],
"uid":"2298875157",
"parent":"zkQY8ahj4",
"text":"支持",
"mid":"zkRkXjKKL",
"date":"2013-02-25 22:14:47"
},
{
"kids":[],
"uid":"1787559850",
"parent":"",
"text":"",
"mid":"zkRjxy7u5",
"date":"2013-02-25 22:11:17"
},
{
"kids":[],
"uid":"2975989273",
"parent":"zkQY8ahj4",
"text":"",
"mid":"zkRiQlME4",
"date":"2013-02-25 22:09:33"
},
{
"kids":[],
"uid":"1630581935",
"parent":"zkR32hcsd",
"text":"",
"mid":"zkReSwQuH",
"date":"2013-02-25 21:59:49"
},
{
"kids":[],
"uid":"2149209927",
"parent":"zkQY8ahj4",
"text":"",
"mid":"zkReCz0wc",
"date":"2013-02-25 21:59:09"
},
{
"kids":[
"zkRndBrSN"
],
"uid":"1710539617",
"parent":"",
"text":"",
"mid":"zkRbJtCJw",
"date":"2013-02-25 21:52:04"
},
{
"kids":[
"zkRqW9A5I"
],
"uid":"517561678",
"parent":"",
"text":"[蜡烛]",
"mid":"zkR8ValR6",
"date":"2013-02-25 21:45:08"
},
{
"kids":[],
"uid":"3221158505",
"parent":"",
"text":"",
"mid":"zkR8GpKiN",
"date":"2013-02-25 21:44:33"
},
{
"kids":[],
"uid":"flyingbird1120",
"parent":"zkQY8ahj4",
"text":"",
"mid":"zkR87dex5",
"date":"2013-02-25 21:43:07"
},
{
"kids":[],
"uid":"2735474233",
"parent":"",
"text":"",
"mid":"zkR6Oyj9n",
"date":"2013-02-25 21:39:53"
},
{
"kids":[],
"uid":"1107729320",
"parent":"zkR32hcsd",
"text":"",
"mid":"zkR3vcEqz",
"date":"2013-02-25 21:31:47"
},
{
"kids":[
"zkReSwQuH",
"zkR3vcEqz"
],
"uid":"xwhzzzr",
"parent":"zkR2t5VQs",
"text":"",
"mid":"zkR32hcsd",
"date":"2013-02-25 21:30:38"
},
{
"kids":[],
"uid":"1736082231",
"parent":"zkQY8ahj4",
"text":"",
"mid":"zkR2WAXq8",
"date":"2013-02-25 21:30:24"
},
{
"kids":[
"zkR32hcsd"
],
"uid":"1959948435",
"parent":"",
"text":"",
"mid":"zkR2t5VQs",
"date":"2013-02-25 21:29:14"
},
{
"kids":[],
"uid":"celinawing",
"parent":"zkQY8ahj4",
"text":"感动",
"mid":"zkR2nu1K1",
"date":"2013-02-25 21:29:02"
},
{
"kids":[
"zkRPby9cY"
],
"uid":"hj8400",
"parent":"",
"text":"",
"mid":"zkR1DC7cn",
"date":"2013-02-25 21:27:09"
},
{
"kids":[],
"uid":"1721032307",
"parent":"zkQY8ahj4",
"text":"",
"mid":"zkQZQwwHz",
"date":"2013-02-25 21:22:43"
},
{
"kids":[],
"uid":"1614645905",
"parent":"",
"text":"可怜的老人。",
"mid":"zkQZJsDdJ",
"date":"2013-02-25 21:22:29"
},
{
"kids":[],
"uid":"577008795",
"parent":"zkQY8ahj4",
"text":"",
"mid":"zkQZIgOwZ",
"date":"2013-02-25 21:22:26"
},
{
"kids":[
"zCFG6yoyc",
"zn78tAaSs",
"zl6mEpNvb",
"zl6lT92ft",
"zkWBsy1qI",
"zkVPA3qje",
"zkVi24ll3",
"zkSh33jO4",
"zkSfEcIPZ",
"zkSc3FTc6",
"zkRX4EyvW",
"zkRUMbezj",
"zkRRKxGLU",
"zkRBp2RP3",
"zkRyImD5Q",
"zkRvpjpvq",
"zkRtF8DAL",
"zkRrur3tK",
"zkRogCM7N",
"zkRkXjKKL",
"zkRiQlME4",
"zkReCz0wc",
"zkR87dex5",
"zkR2WAXq8",
"zkR2nu1K1",
"zkQZQwwHz",
"zkQZIgOwZ"
],
"uid":"liuxiangjing513",
"parent":"",
"text":"怎么会脏？大功德呀",
"mid":"zkQY8ahj4",
"date":"2013-02-25 21:18:33"
},
{
"kids":[],
"uid":"1455914367",
"parent":"",
"text":"",
"mid":"zkQXjlSBR",
"date":"2013-02-25 21:16:29"
},
{
"kids":[],
"uid":"imalizee",
"parent":"",
"text":"",
"mid":"zkQRWkjJ6",
"date":"2013-02-25 21:03:19"
},
{
"kids":[],
"uid":"2030936691",
"parent":"",
"text":"",
"mid":"zkQNA0k90",
"date":"2013-02-25 20:52:29"
},
{
"kids":[],
"uid":"2314028101",
"parent":"",
"text":"",
"mid":"zkQKzt9ws",
"date":"2013-02-25 20:45:06"
},
{
"kids":[
"zkRABE1fR"
],
"uid":"333032626",
"parent":"",
"text":"",
"mid":"zkQEusvTF",
"date":"2013-02-25 20:30:11"
},
{
"kids":[],
"uid":"1357015473",
"parent":"",
"text":"[爱心传递]",
"mid":"zkQAKw5OG",
"date":"2013-02-25 20:20:56"
},
{
"kids":[],
"uid":"2079063605",
"parent":"",
"text":"",
"mid":"zkQyRbw7p",
"date":"2013-02-25 20:16:16"
},
{
"kids":[
"zlcNWrR6o",
"zl3rhsb6o"
],
"uid":"1397696193",
"parent":"",
"text":"",
"mid":"zkQwrm2Y7",
"date":"2013-02-25 20:10:19"
},
{
"kids":[],
"uid":"1433905375",
"parent":"",
"text":"",
"mid":"zkQvD7XwB",
"date":"2013-02-25 20:08:20"
},
{
"kids":[],
"uid":"2679011610",
"parent":"",
"text":"",
"mid":"zkQtGfpyJ",
"date":"2013-02-25 20:03:30"
},
{
"kids":[],
"uid":"2597831374",
"parent":"",
"text":"",
"mid":"zkQsvh43M",
"date":"2013-02-25 20:00:36"
},
{
"kids":[],
"uid":"1703313723",
"parent":"zkQkC092w",
"text":"",
"mid":"zkQndyTbh",
"date":"2013-02-25 19:47:36"
},
{
"kids":[
"zkQndyTbh"
],
"uid":"lxdcherish",
"parent":"",
"text":"",
"mid":"zkQkC092w",
"date":"2013-02-25 19:41:11"
},
{
"kids":[],
"uid":"fgd1983",
"parent":"",
"text":"",
"mid":"zkPuT0aXk",
"date":"2013-02-25 17:33:43"
},
{
"kids":[
"zkV1N1QFg"
],
"uid":"1819804087",
"parent":"",
"text":"",
"mid":"zkPk85IgZ",
"date":"2013-02-25 17:07:14"
}
]