[
{
"kids":[],
"uid":"xian20100726",
"parent":"A1Yrz7djW",
"text":"过500要坐牢的，[哈哈]",
"mid":"A9hQuf3fC",
"date":"2013-09-13 18:24:32"
},
{
"kids":[],
"uid":"1734275613",
"parent":"",
"text":"",
"mid":"A5ih26aJ7",
"date":"2013-08-18 12:08:41"
},
{
"kids":[],
"uid":"2809871124",
"parent":"A1YWhxjJf",
"text":"",
"mid":"A2ZWZvrn4",
"date":"2013-08-03 09:49:17"
},
{
"kids":[],
"uid":"2919528972",
"parent":"A1YWhxjJf",
"text":"",
"mid":"A2ZEodJpo",
"date":"2013-08-03 09:03:28"
},
{
"kids":[],
"uid":"3487180710",
"parent":"",
"text":"",
"mid":"A2FueBwFK",
"date":"2013-08-01 05:43:31"
},
{
"kids":[],
"uid":"1582744095",
"parent":"A1YWhxjJf",
"text":"",
"mid":"A2ycXB9J6",
"date":"2013-07-31 11:11:43"
},
{
"kids":[],
"uid":"3045042702",
"parent":"A1YWhxjJf",
"text":"",
"mid":"A2wPkvMki",
"date":"2013-07-31 07:40:46"
},
{
"kids":[],
"uid":"2438935623",
"parent":"",
"text":"",
"mid":"A2owtrztA",
"date":"2013-07-30 10:32:20"
},
{
"kids":[],
"uid":"1068758374",
"parent":"A1YqfeuFe",
"text":"",
"mid":"A276phQA2",
"date":"2013-07-28 14:11:23"
},
{
"kids":[],
"uid":"2920070184",
"parent":"A1YWhxjJf",
"text":"",
"mid":"A25LRE7O0",
"date":"2013-07-28 10:48:04"
},
{
"kids":[],
"uid":"2809228382",
"parent":"",
"text":"",
"mid":"A25CU9T4W",
"date":"2013-07-28 10:25:59"
},
{
"kids":[],
"uid":"2111452495",
"parent":"A1Yu27Vf7",
"text":"",
"mid":"A25Bh5p7y",
"date":"2013-07-28 10:22:00"
},
{
"kids":[],
"uid":"1583068591",
"parent":"",
"text":"",
"mid":"A25tG58eQ",
"date":"2013-07-28 10:03:14"
},
{
"kids":[],
"uid":"2665828187",
"parent":"A24Mvu66g",
"text":"",
"mid":"A24RKyd6b",
"date":"2013-07-28 08:29:48"
},
{
"kids":[
"A24RKyd6b"
],
"uid":"2945699344",
"parent":"A21CGmEUT",
"text":"",
"mid":"A24Mvu66g",
"date":"2013-07-28 08:16:54"
},
{
"kids":[],
"uid":"1575719300",
"parent":"A20NWiXLy",
"text":"涨姿势了",
"mid":"A24A1kgGW",
"date":"2013-07-28 07:46:07"
},
{
"kids":[],
"uid":"2388014570",
"parent":"A21CGmEUT",
"text":"",
"mid":"A24kYbbvD",
"date":"2013-07-28 07:09:03"
},
{
"kids":[],
"uid":"2297007252",
"parent":"A21CGmEUT",
"text":"",
"mid":"A23wz5bUn",
"date":"2013-07-28 05:04:51"
},
{
"kids":[],
"uid":"1447623741",
"parent":"A20hwymOA",
"text":"[话筒]",
"mid":"A22gavJEG",
"date":"2013-07-28 01:51:43"
},
{
"kids":[],
"uid":"2155050093",
"parent":"A21CGmEUT",
"text":"",
"mid":"A21R4pASD",
"date":"2013-07-28 00:49:54"
},
{
"kids":[],
"uid":"1905232935",
"parent":"A21CGmEUT",
"text":"中国红十字是哪里来的，，，，，",
"mid":"A21Oaau3Z",
"date":"2013-07-28 00:42:44"
},
{
"kids":[],
"uid":"2246406640",
"parent":"A21CGmEUT",
"text":"",
"mid":"A21NN7qz8",
"date":"2013-07-28 00:41:48"
},
{
"kids":[],
"uid":"1903439220",
"parent":"A21CGmEUT",
"text":"",
"mid":"A21GAEppn",
"date":"2013-07-28 00:24:04"
},
{
"kids":[],
"uid":"3033405700",
"parent":"A21CGmEUT",
"text":"",
"mid":"A21FZFhN7",
"date":"2013-07-28 00:22:36"
},
{
"kids":[],
"uid":"1744692774",
"parent":"A21CGmEUT",
"text":"",
"mid":"A21DDpmXo",
"date":"2013-07-28 00:16:48"
},
{
"kids":[
"A24RKyd6b",
"A24Mvu66g",
"A24kYbbvD",
"A23wz5bUn",
"A21R4pASD",
"A21Oaau3Z",
"A21NN7qz8",
"A21GAEppn",
"A21FZFhN7",
"A21DDpmXo"
],
"uid":"3078497672",
"parent":"A20MqhdDw",
"text":"",
"mid":"A21CGmEUT",
"date":"2013-07-28 00:14:28"
},
{
"kids":[],
"uid":"1934598263",
"parent":"A20NWiXLy",
"text":"",
"mid":"A21if10tn",
"date":"2013-07-27 23:24:05"
},
{
"kids":[],
"uid":"1867130045",
"parent":"",
"text":"原来是黑会[哼]",
"mid":"A20Y0AAlx",
"date":"2013-07-27 22:34:15"
},
{
"kids":[
"A24A1kgGW",
"A21if10tn"
],
"uid":"zhoumh989",
"parent":"A20MqhdDw",
"text":"",
"mid":"A20NWiXLy",
"date":"2013-07-27 22:09:24"
},
{
"kids":[
"A24RKyd6b",
"A24Mvu66g",
"A24A1kgGW",
"A24kYbbvD",
"A23wz5bUn",
"A21R4pASD",
"A21Oaau3Z",
"A21NN7qz8",
"A21GAEppn",
"A21FZFhN7",
"A21DDpmXo",
"A21CGmEUT",
"A21if10tn",
"A20NWiXLy"
],
"uid":"shyanyang",
"parent":"A1Yrz7djW",
"text":"",
"mid":"A20MqhdDw",
"date":"2013-07-27 22:05:40"
},
{
"kids":[],
"uid":"1419904531",
"parent":"",
"text":"这事我还是今天才知道的。原来红会也是挂羊头卖狗肉的货色。",
"mid":"A20EbCHNR",
"date":"2013-07-27 21:45:26"
},
{
"kids":[
"A22gavJEG"
],
"uid":"shulawu",
"parent":"A20cHx0Ee",
"text":"",
"mid":"A20hwymOA",
"date":"2013-07-27 20:49:35"
},
{
"kids":[],
"uid":"2803203302",
"parent":"A1YMJ6oMN",
"text":"",
"mid":"A20gP7YZY",
"date":"2013-07-27 20:47:51"
},
{
"kids":[],
"uid":"2651269444",
"parent":"A1Yu27Vf7",
"text":"转发微博。",
"mid":"A20gy3n6g",
"date":"2013-07-27 20:47:10"
},
{
"kids":[
"A22gavJEG",
"A20hwymOA"
],
"uid":"1784238482",
"parent":"A1YSH3bpB",
"text":"",
"mid":"A20cHx0Ee",
"date":"2013-07-27 20:37:42"
},
{
"kids":[],
"uid":"2111511620",
"parent":"A1YFhwrHW",
"text":"原来如此'",
"mid":"A20anDVYn",
"date":"2013-07-27 20:31:59"
},
{
"kids":[],
"uid":"2520631813",
"parent":"A1YttikjR",
"text":"",
"mid":"A201b2aA8",
"date":"2013-07-27 20:09:18"
},
{
"kids":[],
"uid":"2946676403",
"parent":"",
"text":"",
"mid":"A1ZItxQfj",
"date":"2013-07-27 19:23:14"
},
{
"kids":[],
"uid":"577979150",
"parent":"A1YsXDKIi",
"text":"",
"mid":"A1ZEBhDfY",
"date":"2013-07-27 19:13:41"
},
{
"kids":[],
"uid":"1782433101",
"parent":"A1YsXDKIi",
"text":"",
"mid":"A1ZCNzYqP",
"date":"2013-07-27 19:09:15"
},
{
"kids":[],
"uid":"3104809863",
"parent":"",
"text":"",
"mid":"A1ZBm5R40",
"date":"2013-07-27 19:05:39"
},
{
"kids":[],
"uid":"2267232554",
"parent":"",
"text":"红狮子会",
"mid":"A1ZvpkYi0",
"date":"2013-07-27 18:51:02"
},
{
"kids":[],
"uid":"3294003792",
"parent":"",
"text":"",
"mid":"A1ZrH7aDx",
"date":"2013-07-27 18:41:51"
},
{
"kids":[],
"uid":"1688606563",
"parent":"",
"text":"不带这么玩的，红红[鄙视][鄙视][鄙视]",
"mid":"A1ZrcopJR",
"date":"2013-07-27 18:40:39"
},
{
"kids":[],
"uid":"2360449074",
"parent":"",
"text":"",
"mid":"A1ZpG7JlK",
"date":"2013-07-27 18:36:55"
},
{
"kids":[],
"uid":"1055803920",
"parent":"",
"text":"",
"mid":"A1ZoYDsxY",
"date":"2013-07-27 18:35:12"
},
{
"kids":[],
"uid":"2433490601",
"parent":"A1YVIDDZc",
"text":"",
"mid":"A1ZlI0bCa",
"date":"2013-07-27 18:27:08"
},
{
"kids":[],
"uid":"2087117390",
"parent":"",
"text":"",
"mid":"A1Zhxp49I",
"date":"2013-07-27 18:16:52"
},
{
"kids":[],
"uid":"1871873865",
"parent":"A1YVIDDZc",
"text":"捐你妈的个爪，要捐直接捐到四川，不要这些龟孙当二传手了。",
"mid":"A1Zh9dnnU",
"date":"2013-07-27 18:15:52"
},
{
"kids":[],
"uid":"1257983233",
"parent":"",
"text":"",
"mid":"A1ZgikjzS",
"date":"2013-07-27 18:13:48"
},
{
"kids":[],
"uid":"2851806317",
"parent":"A1Zeo7uJJ",
"text":"不捐又怎样？",
"mid":"A1ZfwrAPu",
"date":"2013-07-27 18:11:54"
},
{
"kids":[
"A1ZfwrAPu"
],
"uid":"1909211937",
"parent":"A1Z0Fp386",
"text":"",
"mid":"A1Zeo7uJJ",
"date":"2013-07-27 18:09:04"
},
{
"kids":[],
"uid":"1144718541",
"parent":"",
"text":"",
"mid":"A1ZbggWyE",
"date":"2013-07-27 18:01:23"
},
{
"kids":[],
"uid":"1924264911",
"parent":"A1Yu27Vf7",
"text":"必须扩散",
"mid":"A1Zb0BXkZ",
"date":"2013-07-27 18:00:47"
},
{
"kids":[],
"uid":"hnhui",
"parent":"A1Yu27Vf7",
"text":"",
"mid":"A1Z4e6M5A",
"date":"2013-07-27 17:44:04"
},
{
"kids":[],
"uid":"gfq",
"parent":"A1YL60ZHD",
"text":"@社科院杨团@国家智库",
"mid":"A1Z3zDzDj",
"date":"2013-07-27 17:42:28"
},
{
"kids":[
"A1ZfwrAPu",
"A1Zeo7uJJ"
],
"uid":"3024149763",
"parent":"A1YW8kQev",
"text":"中国红十字会游离于世界红十字会组织，为滋生郭美美事件创造了条件！不是吗？",
"mid":"A1Z0Fp386",
"date":"2013-07-27 17:35:16"
},
{
"kids":[],
"uid":"2636009815",
"parent":"",
"text":"扩散",
"mid":"A1YZ75vD8",
"date":"2013-07-27 17:31:28"
},
{
"kids":[],
"uid":"2876335000",
"parent":"",
"text":"捐红十字她美妹妹",
"mid":"A1YXkdNCb",
"date":"2013-07-27 17:27:02"
},
{
"kids":[],
"uid":"aikeshuidemao",
"parent":"",
"text":"",
"mid":"A1YWBiyNp",
"date":"2013-07-27 17:25:17"
},
{
"kids":[
"A2ZWZvrn4",
"A2ZEodJpo",
"A2ycXB9J6",
"A2wPkvMki",
"A25LRE7O0"
],
"uid":"3649361120",
"parent":"A1Yntw1BL",
"text":"",
"mid":"A1YWhxjJf",
"date":"2013-07-27 17:24:28"
},
{
"kids":[],
"uid":"hydksnow",
"parent":"A1YVIDDZc",
"text":"@ 原来如此？！[吃惊]",
"mid":"A1YWdDSaL",
"date":"2013-07-27 17:24:21"
},
{
"kids":[
"A1ZfwrAPu",
"A1Zeo7uJJ",
"A1Z0Fp386"
],
"uid":"2349459275",
"parent":"A1YsXDKIi",
"text":"",
"mid":"A1YW8kQev",
"date":"2013-07-27 17:24:08"
},
{
"kids":[
"A1ZlI0bCa",
"A1Zh9dnnU",
"A1YWdDSaL"
],
"uid":"1750489663",
"parent":"A1Yu27Vf7",
"text":"",
"mid":"A1YVIDDZc",
"date":"2013-07-27 17:23:07"
},
{
"kids":[],
"uid":"1966506231",
"parent":"A1YSH3bpB",
"text":"",
"mid":"A1YTLbF7X",
"date":"2013-07-27 17:18:17"
},
{
"kids":[
"A22gavJEG",
"A20hwymOA",
"A20cHx0Ee",
"A1YTLbF7X"
],
"uid":"1810936452",
"parent":"A1YNZ5PQ0",
"text":"",
"mid":"A1YSH3bpB",
"date":"2013-07-27 17:15:39"
},
{
"kids":[],
"uid":"1236713127",
"parent":"",
"text":"@亚洲动物基金AAF@PETA亚洲善待动物组织@国际爱护动物基金会@行动亚洲动物保护团队@小动物保护义工团@首都爱护动物协会@平安阿福流浪动物救助@土华爱护动物协会@请救非洲大象@平安北京",
"mid":"A1YRJ3Gij",
"date":"2013-07-27 17:13:14"
},
{
"kids":[
"A22gavJEG",
"A20hwymOA",
"A20cHx0Ee",
"A1YTLbF7X",
"A1YSH3bpB"
],
"uid":"3254788957",
"parent":"A1YsXDKIi",
"text":"",
"mid":"A1YNZ5PQ0",
"date":"2013-07-27 17:04:01"
},
{
"kids":[],
"uid":"2911857265",
"parent":"A1YJGx5Qh",
"text":"",
"mid":"A1YNxyOQd",
"date":"2013-07-27 17:02:58"
},
{
"kids":[
"A20gP7YZY"
],
"uid":"aviationlover",
"parent":"A1YMjCXYZ",
"text":"",
"mid":"A1YMJ6oMN",
"date":"2013-07-27 17:00:57"
},
{
"kids":[],
"uid":"2727203524",
"parent":"A1Yu27Vf7",
"text":"",
"mid":"A1YMHADio",
"date":"2013-07-27 17:00:53"
},
{
"kids":[
"A20gP7YZY",
"A1YMJ6oMN"
],
"uid":"1337052720",
"parent":"A1YsXDKIi",
"text":"",
"mid":"A1YMjCXYZ",
"date":"2013-07-27 16:59:57"
},
{
"kids":[],
"uid":"jyfd66",
"parent":"",
"text":"借名啊",
"mid":"A1YM3mABb",
"date":"2013-07-27 16:59:17"
},
{
"kids":[
"A1Z3zDzDj"
],
"uid":"3149119002",
"parent":"A1YwAftSz",
"text":"黑十字！不要再用\"红\"",
"mid":"A1YL60ZHD",
"date":"2013-07-27 16:56:56"
},
{
"kids":[],
"uid":"2807048723",
"parent":"",
"text":"",
"mid":"A1YL2s0Pu",
"date":"2013-07-27 16:56:49"
},
{
"kids":[],
"uid":"1780744191",
"parent":"",
"text":"遇到对自己有利的就与世界接轨，没利的就叫中国特色，人在做天在看，必有报应！捐款大都喂了狼！",
"mid":"A1YKAnvY8",
"date":"2013-07-27 16:55:41"
},
{
"kids":[
"A1YNxyOQd"
],
"uid":"3144884944",
"parent":"A1YDP5thk",
"text":"",
"mid":"A1YJGx5Qh",
"date":"2013-07-27 16:53:26"
},
{
"kids":[],
"uid":"1955486421",
"parent":"A1Yu27Vf7",
"text":"必须扩散[崩溃]",
"mid":"A1YIaxmKu",
"date":"2013-07-27 16:49:44"
},
{
"kids":[
"A20anDVYn"
],
"uid":"eshuyang",
"parent":"A1YBzjlgW",
"text":"",
"mid":"A1YFhwrHW",
"date":"2013-07-27 16:42:35"
},
{
"kids":[],
"uid":"1822930994",
"parent":"A1YDP5thk",
"text":"",
"mid":"A1YEWhAMo",
"date":"2013-07-27 16:41:44"
},
{
"kids":[
"A1YNxyOQd",
"A1YJGx5Qh",
"A1YEWhAMo"
],
"uid":"nanyangaobenxiaoyang",
"parent":"A1YBzjlgW",
"text":"可见他们是在欺骗大众 [话筒]",
"mid":"A1YDP5thk",
"date":"2013-07-27 16:39:00"
},
{
"kids":[],
"uid":"605156749",
"parent":"A1Yu27Vf7",
"text":"扩散",
"mid":"A1YCM5Dn9",
"date":"2013-07-27 16:36:26"
},
{
"kids":[
"A20anDVYn",
"A1YNxyOQd",
"A1YJGx5Qh",
"A1YFhwrHW",
"A1YEWhAMo",
"A1YDP5thk"
],
"uid":"nanyangaobenxiaoyang",
"parent":"A1YqfeuFe",
"text":"[话筒]",
"mid":"A1YBzjlgW",
"date":"2013-07-27 16:33:28"
},
{
"kids":[],
"uid":"nanyangaobenxiaoyang",
"parent":"A1YqfeuFe",
"text":"",
"mid":"A1YBvsKXV",
"date":"2013-07-27 16:33:19"
},
{
"kids":[],
"uid":"suilesuile",
"parent":"",
"text":"",
"mid":"A1YAAqwvR",
"date":"2013-07-27 16:31:03"
},
{
"kids":[],
"uid":"qq413649524",
"parent":"",
"text":"扩散是必须的！ [胜利]",
"mid":"A1YAt66W7",
"date":"2013-07-27 16:30:45"
},
{
"kids":[],
"uid":"2080337225",
"parent":"",
"text":"",
"mid":"A1YzOzJTI",
"date":"2013-07-27 16:29:09"
},
{
"kids":[],
"uid":"yushideweibo",
"parent":"A1Yu27Vf7",
"text":"",
"mid":"A1YyEuWp9",
"date":"2013-07-27 16:26:17"
},
{
"kids":[],
"uid":"1874336053",
"parent":"A1YqfeuFe",
"text":"除了花善款养郭美美，伤风化，败门风，没什么用",
"mid":"A1Yxlt96b",
"date":"2013-07-27 16:23:03"
},
{
"kids":[],
"uid":"1722233400",
"parent":"A1Yu27Vf7",
"text":"扩散",
"mid":"A1Yxjrmo7",
"date":"2013-07-27 16:22:58"
},
{
"kids":[],
"uid":"1746519323",
"parent":"",
"text":"",
"mid":"A1Yx3b192",
"date":"2013-07-27 16:22:19"
},
{
"kids":[],
"uid":"gn0606",
"parent":"A1YsXDKIi",
"text":"",
"mid":"A1YwCzIZi",
"date":"2013-07-27 16:21:17"
},
{
"kids":[],
"uid":"2134398551",
"parent":"",
"text":"那就不能叫红十字会，世界红十字会应该责令之改名。",
"mid":"A1YwCzIUJ",
"date":"2013-07-27 16:21:17"
},
{
"kids":[
"A1Z3zDzDj",
"A1YL60ZHD"
],
"uid":"gfq",
"parent":"A1YqfeuFe",
"text":"",
"mid":"A1YwAftSz",
"date":"2013-07-27 16:21:09"
},
{
"kids":[],
"uid":"1416992090",
"parent":"A1YqfeuFe",
"text":"原来是伪机构",
"mid":"A1Ywz2riZ",
"date":"2013-07-27 16:21:07"
},
{
"kids":[],
"uid":"1981167937",
"parent":"",
"text":"",
"mid":"A1YwqcBb5",
"date":"2013-07-27 16:20:47"
},
{
"kids":[],
"uid":"2399318287",
"parent":"A1Yu27Vf7",
"text":"原来如此",
"mid":"A1YwkxlUS",
"date":"2013-07-27 16:20:34"
},
{
"kids":[],
"uid":"1488136975",
"parent":"",
"text":"不向红十字会捐款了!",
"mid":"A1Ywgate0",
"date":"2013-07-27 16:20:23"
},
{
"kids":[],
"uid":"2482575853",
"parent":"",
"text":"",
"mid":"A1Yvo4HhF",
"date":"2013-07-27 16:18:14"
},
{
"kids":[],
"uid":"2093488854",
"parent":"",
"text":"",
"mid":"A1YuRz0ct",
"date":"2013-07-27 16:16:56"
},
{
"kids":[
"A25Bh5p7y",
"A20gy3n6g",
"A1ZlI0bCa",
"A1Zh9dnnU",
"A1Zb0BXkZ",
"A1Z4e6M5A",
"A1YWdDSaL",
"A1YVIDDZc",
"A1YMHADio",
"A1YIaxmKu",
"A1YCM5Dn9",
"A1YyEuWp9",
"A1Yxjrmo7",
"A1YwkxlUS"
],
"uid":"djjybjm",
"parent":"A1Yntw1BL",
"text":"学习领会！",
"mid":"A1Yu27Vf7",
"date":"2013-07-27 16:14:55"
},
{
"kids":[
"A201b2aA8"
],
"uid":"275304449",
"parent":"",
"text":"",
"mid":"A1YttikjR",
"date":"2013-07-27 16:13:30"
},
{
"kids":[],
"uid":"1787104541",
"parent":"",
"text":"才知道",
"mid":"A1YtpqEQ2",
"date":"2013-07-27 16:13:22"
},
{
"kids":[
"A22gavJEG",
"A20hwymOA",
"A20gP7YZY",
"A20cHx0Ee",
"A1ZEBhDfY",
"A1ZCNzYqP",
"A1ZfwrAPu",
"A1Zeo7uJJ",
"A1Z0Fp386",
"A1YW8kQev",
"A1YTLbF7X",
"A1YSH3bpB",
"A1YNZ5PQ0",
"A1YMJ6oMN",
"A1YMjCXYZ",
"A1YwCzIZi"
],
"uid":"546592789",
"parent":"A1YqfeuFe",
"text":"要是加入了，还能有郭美美了吗？",
"mid":"A1YsXDKIi",
"date":"2013-07-27 16:12:16"
},
{
"kids":[],
"uid":"1899233550",
"parent":"",
"text":"新闻联播没说，现在才知道",
"mid":"A1YrzoOGd",
"date":"2013-07-27 16:08:49"
},
{
"kids":[
"A9hQuf3fC",
"A24RKyd6b",
"A24Mvu66g",
"A24A1kgGW",
"A24kYbbvD",
"A23wz5bUn",
"A21R4pASD",
"A21Oaau3Z",
"A21NN7qz8",
"A21GAEppn",
"A21FZFhN7",
"A21DDpmXo",
"A21CGmEUT",
"A21if10tn",
"A20NWiXLy",
"A20MqhdDw"
],
"uid":"qmmc",
"parent":"A1Yntw1BL",
"text":"",
"mid":"A1Yrz7djW",
"date":"2013-07-27 16:08:49"
},
{
"kids":[
"A276phQA2",
"A22gavJEG",
"A20hwymOA",
"A20gP7YZY",
"A20cHx0Ee",
"A20anDVYn",
"A1ZEBhDfY",
"A1ZCNzYqP",
"A1ZfwrAPu",
"A1Zeo7uJJ",
"A1Z3zDzDj",
"A1Z0Fp386",
"A1YW8kQev",
"A1YTLbF7X",
"A1YSH3bpB",
"A1YNZ5PQ0",
"A1YNxyOQd",
"A1YMJ6oMN",
"A1YMjCXYZ",
"A1YL60ZHD",
"A1YJGx5Qh",
"A1YFhwrHW",
"A1YEWhAMo",
"A1YDP5thk",
"A1YBzjlgW",
"A1YBvsKXV",
"A1Yxlt96b",
"A1YwCzIZi",
"A1YwAftSz",
"A1Ywz2riZ",
"A1YsXDKIi"
],
"uid":"1140310060",
"parent":"",
"text":"再擴",
"mid":"A1YqfeuFe",
"date":"2013-07-27 16:05:32"
},
{
"kids":[
"A9hQuf3fC",
"A2ZWZvrn4",
"A2ZEodJpo",
"A2ycXB9J6",
"A2wPkvMki",
"A25LRE7O0",
"A25Bh5p7y",
"A24RKyd6b",
"A24Mvu66g",
"A24A1kgGW",
"A24kYbbvD",
"A23wz5bUn",
"A21R4pASD",
"A21Oaau3Z",
"A21NN7qz8",
"A21GAEppn",
"A21FZFhN7",
"A21DDpmXo",
"A21CGmEUT",
"A21if10tn",
"A20NWiXLy",
"A20MqhdDw",
"A20gy3n6g",
"A1ZlI0bCa",
"A1Zh9dnnU",
"A1Zb0BXkZ",
"A1Z4e6M5A",
"A1YWhxjJf",
"A1YWdDSaL",
"A1YVIDDZc",
"A1YMHADio",
"A1YIaxmKu",
"A1YCM5Dn9",
"A1YyEuWp9",
"A1Yxjrmo7",
"A1YwkxlUS",
"A1Yu27Vf7",
"A1Yrz7djW"
],
"uid":"liji1021",
"parent":"",
"text":"扩散",
"mid":"A1Yntw1BL",
"date":"2013-07-27 15:58:44"
},
{
"kids":[],
"uid":"shengdalin",
"parent":"",
"text":"早就知道了。再扩散一次。",
"mid":"A1YmS1NT4",
"date":"2013-07-27 15:57:15"
},
{
"kids":[],
"uid":"678910001",
"parent":"",
"text":"",
"mid":"A1YdoyVx9",
"date":"2013-07-27 15:33:55"
}
]