[
{
"kids":[],
"uid":"301212858",
"parent":"zfv5qAr2f",
"text":"这就是中午不能访问微博的真相[吃惊]",
"mid":"zfwcKsD1b",
"date":"2013-01-21 19:15:22"
},
{
"kids":[],
"uid":"1725681274",
"parent":"zfw8YsWNO",
"text":"45分钟45G，新浪带宽多少？",
"mid":"zfwcl3YaT",
"date":"2013-01-21 19:14:19"
},
{
"kids":[],
"uid":"gongmengfei",
"parent":"zfwb8Bij5",
"text":"原来是这样",
"mid":"zfwcl3YaD",
"date":"2013-01-21 19:14:18"
},
{
"kids":[
"zfwcl3YaD"
],
"uid":"1984248951",
"parent":"zfw0Ap9AH",
"text":"看来不是我幻觉@陆小虎nt",
"mid":"zfwb8Bij5",
"date":"2013-01-21 19:11:23"
},
{
"kids":[],
"uid":"1658628492",
"parent":"zfw64fiPS",
"text":"[晕]",
"mid":"zfwafFtVg",
"date":"2013-01-21 19:09:13"
},
{
"kids":[],
"uid":"1730367392",
"parent":"zfv52klRn",
"text":"真的假的！",
"mid":"zfwa0hwFJ",
"date":"2013-01-21 19:08:35"
},
{
"kids":[],
"uid":"3057686707",
"parent":"zfuMcvUn2",
"text":"@frankfox适达 @陨梦泽Bazinga @顺流逆流丶86",
"mid":"zfw9ZFSWC",
"date":"2013-01-21 19:08:35"
},
{
"kids":[
"zfwcl3YaT"
],
"uid":"2476430010",
"parent":"",
"text":"尼玛！大公司网速果然快[钱]",
"mid":"zfw8YsWNO",
"date":"2013-01-21 19:06:02"
},
{
"kids":[],
"uid":"2050845225",
"parent":"",
"text":"",
"mid":"zfw8TbuRv",
"date":"2013-01-21 19:05:51"
},
{
"kids":[],
"uid":"1915147490",
"parent":"zfuOeazvp",
"text":"",
"mid":"zfw7NvR3P",
"date":"2013-01-21 19:03:10"
},
{
"kids":[],
"uid":"xingfudeshunjian",
"parent":"zfuMcvUn2",
"text":"",
"mid":"zfw7q8EGj",
"date":"2013-01-21 19:02:13"
},
{
"kids":[
"zfwafFtVg"
],
"uid":"whoisjackie",
"parent":"zfw3tsB86",
"text":"我也以为我手机网络有问题",
"mid":"zfw64fiPS",
"date":"2013-01-21 18:58:54"
},
{
"kids":[],
"uid":"jinghe1985",
"parent":"",
"text":"这种消息也能爆出来。。",
"mid":"zfw5YhT3F",
"date":"2013-01-21 18:58:37"
},
{
"kids":[],
"uid":"2839434950",
"parent":"zfvCw9aCA",
"text":"哇 网速真快，下午我还以为我网络出问题呢",
"mid":"zfw3G9uWg",
"date":"2013-01-21 18:53:01"
},
{
"kids":[
"zfw64fiPS"
],
"uid":"nitoutou",
"parent":"zfuZU8yw0",
"text":"汗呐，我还以为我手机坏了",
"mid":"zfw3tsB86",
"date":"2013-01-21 18:52:29"
},
{
"kids":[
"zfwb8Bij5"
],
"uid":"1660611270",
"parent":"",
"text":"",
"mid":"zfw0Ap9AH",
"date":"2013-01-21 18:45:24"
},
{
"kids":[],
"uid":"2348592693",
"parent":"",
"text":"怪不得那时候上不去喃~~~",
"mid":"zfw0zctsQ",
"date":"2013-01-21 18:45:21"
},
{
"kids":[],
"uid":"1905282270",
"parent":"zfvLg6ylF",
"text":"原来这是真相！",
"mid":"zfw0hvYOe",
"date":"2013-01-21 18:44:36"
},
{
"kids":[],
"uid":"raym88",
"parent":"zfvGmkqtt",
"text":"微博服务器不至于吧@我可长点儿心吧",
"mid":"zfvZQk6BQ",
"date":"2013-01-21 18:43:34"
},
{
"kids":[],
"uid":"1776853393",
"parent":"zfvbXo9f4",
"text":"",
"mid":"zfvYz5Egf",
"date":"2013-01-21 18:40:25"
},
{
"kids":[],
"uid":"206065895",
"parent":"",
"text":"这个事情我已经知道了[思考][思考]",
"mid":"zfvXlueCP",
"date":"2013-01-21 18:37:22"
},
{
"kids":[],
"uid":"treeallknow",
"parent":"zfvWd7NJw",
"text":"==== 我下载的是国家地理的科教片好吗………… 不是东京热的科教片……",
"mid":"zfvWPwBpB",
"date":"2013-01-21 18:36:07"
},
{
"kids":[],
"uid":"clairewang00",
"parent":"zfvgouxlQ",
"text":"当时真的抽风了啊！原来...[汗]",
"mid":"zfvWKyPcO",
"date":"2013-01-21 18:35:56"
},
{
"kids":[
"zfvWPwBpB"
],
"uid":"shaw0513",
"parent":"zfvPghxZb",
"text":"原来是这么一回事 怪不得中午休息的时候跟同事都不能刷新 尼玛 45分钟下了42G 上次大树下35G的素材用了一个晚上 @Tora君爱次草莓酱 @薛定谔的猫大树",
"mid":"zfvWd7NJw",
"date":"2013-01-21 18:34:38"
},
{
"kids":[],
"uid":"mjohnny",
"parent":"zfuZGtRCP",
"text":"我靠，原来中午微博刷不出来是这原因啊！领导没收影片估计又是假的了！不过这网速确实给力！",
"mid":"zfvVQpPSv",
"date":"2013-01-21 18:33:43"
},
{
"kids":[],
"uid":"2836721812",
"parent":"zfuMcvUn2",
"text":"@超级大本营军事 @飞扬军事云飞扬",
"mid":"zfvUUulLk",
"date":"2013-01-21 18:31:26"
},
{
"kids":[],
"uid":"2269923215",
"parent":"zfvCw9aCA",
"text":"羡慕……这网速……",
"mid":"zfvURcgh4",
"date":"2013-01-21 18:31:17"
},
{
"kids":[],
"uid":"fengduoduo",
"parent":"zfvSu43He",
"text":"领导。。。",
"mid":"zfvUKomXl",
"date":"2013-01-21 18:31:01"
},
{
"kids":[],
"uid":"xiezhuneng",
"parent":"zfuMcvUn2",
"text":"所下载的影片硬盘已被领导没收",
"mid":"zfvTKodbr",
"date":"2013-01-21 18:28:32"
},
{
"kids":[],
"uid":"2093337534",
"parent":"zfvSu43He",
"text":"",
"mid":"zfvTHpdUy",
"date":"2013-01-21 18:28:25"
},
{
"kids":[],
"uid":"2730277835",
"parent":"zfvPYnuq4",
"text":"哈哈哈",
"mid":"zfvTx4jbh",
"date":"2013-01-21 18:28:01"
},
{
"kids":[
"zfvUKomXl",
"zfvTHpdUy"
],
"uid":"katherine87",
"parent":"zfvyohOyM",
"text":"[哈哈][哈哈][哈哈]",
"mid":"zfvSu43He",
"date":"2013-01-21 18:25:26"
},
{
"kids":[],
"uid":"2827295690",
"parent":"zfvMSyLSo",
"text":"",
"mid":"zfvSgbVY0",
"date":"2013-01-21 18:24:50"
},
{
"kids":[
"zfvTx4jbh"
],
"uid":"1784943771",
"parent":"zfvMSyLSo",
"text":"作领导真好",
"mid":"zfvPYnuq4",
"date":"2013-01-21 18:19:15"
},
{
"kids":[
"zfvWd7NJw"
],
"uid":"davidwine",
"parent":"zfvlIfeKV",
"text":"我说中午怎么回事了",
"mid":"zfvPghxZb",
"date":"2013-01-21 18:17:30"
},
{
"kids":[],
"uid":"2397599591",
"parent":"",
"text":"这CL网如何？有没有新浪的朋友帮我抢返程火车票啊[抱抱]",
"mid":"zfvPghxVw",
"date":"2013-01-21 18:17:30"
},
{
"kids":[
"zfvSgbVY0",
"zfvPYnuq4"
],
"uid":"bao001",
"parent":"zfvL1zY5j",
"text":"被领导没收",
"mid":"zfvMSyLSo",
"date":"2013-01-21 18:11:38"
},
{
"kids":[
"zfw0hvYOe"
],
"uid":"wrcloeb",
"parent":"zfuMcvUn2",
"text":"难怪中午一直刷不出来",
"mid":"zfvLg6ylF",
"date":"2013-01-21 18:07:37"
},
{
"kids":[
"zfvMSyLSo"
],
"uid":"lifemeaninghappy",
"parent":"zfvBayhC5",
"text":"每分钟接近1g byte. 真好",
"mid":"zfvL1zY5j",
"date":"2013-01-21 18:07:03"
},
{
"kids":[],
"uid":"2774982597",
"parent":"",
"text":"[哈哈]",
"mid":"zfvKLmrCm",
"date":"2013-01-21 18:06:25"
},
{
"kids":[],
"uid":"2368605505",
"parent":"zfuMcvUn2",
"text":"我说我中午在机场怎么刷不了围脖呢",
"mid":"zfvKrAK3R",
"date":"2013-01-21 18:05:37"
},
{
"kids":[],
"uid":"1960394582",
"parent":"zfvmBxYx4",
"text":"",
"mid":"zfvJjfVPh",
"date":"2013-01-21 18:02:48"
},
{
"kids":[],
"uid":"away0428",
"parent":"zfvHFyHIi",
"text":"真的吗？今天中午确实无法登陆啊",
"mid":"zfvIK4kt0",
"date":"2013-01-21 18:01:23"
},
{
"kids":[],
"uid":"2594964624",
"parent":"zfv52klRn",
"text":"真相。。",
"mid":"zfvIA1vxl",
"date":"2013-01-21 18:01:02"
},
{
"kids":[
"zfvIK4kt0"
],
"uid":"crystal061126",
"parent":"zfvGGsDC7",
"text":"假的，不可能的。",
"mid":"zfvHFyHIi",
"date":"2013-01-21 17:58:48"
},
{
"kids":[],
"uid":"2842598153",
"parent":"zfvGrolsQ",
"text":"@梦回唐朝Jason   什么是爱情动作片[可爱]",
"mid":"zfvHwrwQC",
"date":"2013-01-21 17:58:26"
},
{
"kids":[],
"uid":"fossilman",
"parent":"",
"text":"领导晚上收了自己在家观摩~~~",
"mid":"zfvGYaLsG",
"date":"2013-01-21 17:57:04"
},
{
"kids":[
"zfvHFyHIi"
],
"uid":"1531800893",
"parent":"zfvs9aVM4",
"text":"@优酪果冻 求真相",
"mid":"zfvGGsDC7",
"date":"2013-01-21 17:56:20"
},
{
"kids":[
"zfvHwrwQC"
],
"uid":"1605908215",
"parent":"zfuOumF5l",
"text":"奇葩。。绝对的！@敏ww敏",
"mid":"zfvGrolsQ",
"date":"2013-01-21 17:55:45"
},
{
"kids":[
"zfvZQk6BQ"
],
"uid":"2218155605",
"parent":"zfuMcvUn2",
"text":"领导辛苦了。。",
"mid":"zfvGmkqtt",
"date":"2013-01-21 17:55:34"
},
{
"kids":[],
"uid":"1669354533",
"parent":"zfvkmjHvc",
"text":"牛逼！霸气",
"mid":"zfvFAs0aR",
"date":"2013-01-21 17:53:40"
},
{
"kids":[],
"uid":"2251578022",
"parent":"zfuMcvUn2",
"text":"",
"mid":"zfvFtE6H4",
"date":"2013-01-21 17:53:23"
},
{
"kids":[],
"uid":"crazyandfree",
"parent":"zfvqDcyE9",
"text":"[衰]",
"mid":"zfvFpxpl3",
"date":"2013-01-21 17:53:14"
},
{
"kids":[],
"uid":"secuinfo",
"parent":"zfvF2sXSf",
"text":"",
"mid":"zfvFfb5AO",
"date":"2013-01-21 17:52:50"
},
{
"kids":[
"zfvFfb5AO"
],
"uid":"allmorals",
"parent":"zfuOP5gkB",
"text":"",
"mid":"zfvF2sXSf",
"date":"2013-01-21 17:52:17"
},
{
"kids":[],
"uid":"bebinz",
"parent":"zfvxIjdPE",
"text":"碉堡了",
"mid":"zfvEMxBS6",
"date":"2013-01-21 17:51:39"
},
{
"kids":[],
"uid":"cansofcoffee",
"parent":"zfvzT3pXZ",
"text":"够狠",
"mid":"zfvDG0n1t",
"date":"2013-01-21 17:48:55"
},
{
"kids":[],
"uid":"linghansuperjunior",
"parent":"zfvqDcyE9",
"text":"我说怎么刷新不了呢！",
"mid":"zfvD0AKG2",
"date":"2013-01-21 17:47:18"
},
{
"kids":[],
"uid":"1715262513",
"parent":"",
"text":"",
"mid":"zfvCxBCcr",
"date":"2013-01-21 17:46:09"
},
{
"kids":[
"zfw3G9uWg",
"zfvURcgh4"
],
"uid":"338366696",
"parent":"",
"text":"原来是这样啊",
"mid":"zfvCw9aCA",
"date":"2013-01-21 17:46:04"
},
{
"kids":[],
"uid":"2865950740",
"parent":"zfuMcvUn2",
"text":"45分钟下载42G。平民真的用不起。[哈哈]",
"mid":"zfvCifMtV",
"date":"2013-01-21 17:45:33"
},
{
"kids":[
"zfvL1zY5j"
],
"uid":"wysse",
"parent":"zfvbWdj16",
"text":"不至于吧，也就消耗百兆带宽，新浪这样大公司应该不止吧[阴险]",
"mid":"zfvBayhC5",
"date":"2013-01-21 17:42:45"
},
{
"kids":[],
"uid":"1354407834",
"parent":"zfv52klRn",
"text":"我嘞个去！！！",
"mid":"zfvAAc1O4",
"date":"2013-01-21 17:41:19"
},
{
"kids":[
"zfvDG0n1t"
],
"uid":"208555802",
"parent":"",
"text":"@Zheng_路子浩 找到原因了",
"mid":"zfvzT3pXZ",
"date":"2013-01-21 17:39:37"
},
{
"kids":[],
"uid":"1820731300",
"parent":"",
"text":"\"所下载的影片硬盘已被领导没收\"![哈哈]",
"mid":"zfvzO1BwA",
"date":"2013-01-21 17:39:25"
},
{
"kids":[],
"uid":"1680529430",
"parent":"zfuZU8yw0",
"text":"1G/分钟的下载速度，太快了吧",
"mid":"zfvzzfnjg",
"date":"2013-01-21 17:38:50"
},
{
"kids":[],
"uid":"2256176183",
"parent":"",
"text":"20M的网速,性-浪果然是大公司啊!!!这速度简直让人无法直视。",
"mid":"zfvzokoRU",
"date":"2013-01-21 17:38:22"
},
{
"kids":[],
"uid":"2413838730",
"parent":"",
"text":"我就纳闷怎么打不开了，原来如此。",
"mid":"zfvyVmMR8",
"date":"2013-01-21 17:37:15"
},
{
"kids":[
"zfvSu43He"
],
"uid":"1160082753",
"parent":"zfvfLsnSk",
"text":"[哈哈]",
"mid":"zfvyohOyM",
"date":"2013-01-21 17:35:56"
},
{
"kids":[
"zfvEMxBS6"
],
"uid":"wujietiande",
"parent":"",
"text":"怪不得，掉线啊！还以为微博被盗号了啊！",
"mid":"zfvxIjdPE",
"date":"2013-01-21 17:34:15"
},
{
"kids":[],
"uid":"zhangkun2012",
"parent":"zfv52klRn",
"text":"这速度……[偷笑]",
"mid":"zfvx9sw9m",
"date":"2013-01-21 17:32:52"
},
{
"kids":[],
"uid":"1822906125",
"parent":"",
"text":"原来世界上还有网速这么快的地方",
"mid":"zfvuCx06d",
"date":"2013-01-21 17:26:39"
},
{
"kids":[],
"uid":"lu768",
"parent":"zfv52klRn",
"text":"节操碎了一地啊[围观][围观][围观]",
"mid":"zfvsk6ZKW",
"date":"2013-01-21 17:20:58"
},
{
"kids":[
"zfvGGsDC7"
],
"uid":"chenbai",
"parent":"zfva8uYZS",
"text":"真的？不是封闭什么群体事件吧",
"mid":"zfvs9aVM4",
"date":"2013-01-21 17:20:33"
},
{
"kids":[],
"uid":"riotang1986",
"parent":"",
"text":"果然是大公司啊",
"mid":"zfvrZadVL",
"date":"2013-01-21 17:20:07"
},
{
"kids":[],
"uid":"2080049561",
"parent":"zfvpWEeWX",
"text":"niubi",
"mid":"zfvrH6b1J",
"date":"2013-01-21 17:19:24"
},
{
"kids":[],
"uid":"2185168310",
"parent":"zfv52klRn",
"text":"这种才叫宽带[花心]这需要硬盘无限大，你懂的[哈哈]@纠结的小炒肉 @凌乱的荷包蛋 @挣扎的小乳鸽 @诧异的茄子札 @二气的小烤鸡_囍骏 @淡定的糟辣子 @愤怒的择耳根",
"mid":"zfvrsB94q",
"date":"2013-01-21 17:18:52"
},
{
"kids":[],
"uid":"kingibrahim",
"parent":"zfvnQl9ky",
"text":"我说怎么特么中午微博上什么都看不到了呢！[怒][怒][怒][怒][怒][怒][怒]",
"mid":"zfvrjtRMW",
"date":"2013-01-21 17:18:31"
},
{
"kids":[],
"uid":"2183372710",
"parent":"",
"text":"什么是爱情动作片？？？",
"mid":"zfvrc7PY0",
"date":"2013-01-21 17:18:10"
},
{
"kids":[
"zfvFpxpl3",
"zfvD0AKG2"
],
"uid":"duominglaozhongyi",
"parent":"zfvo856X1",
"text":"要火，要火……",
"mid":"zfvqDcyE9",
"date":"2013-01-21 17:16:49"
},
{
"kids":[],
"uid":"msh89",
"parent":"",
"text":"",
"mid":"zfvqhBFoH",
"date":"2013-01-21 17:15:59"
},
{
"kids":[],
"uid":"2883725202",
"parent":"zfvpDqnop",
"text":"这也行[汗][汗]",
"mid":"zfvq6FBqb",
"date":"2013-01-21 17:15:31"
},
{
"kids":[],
"uid":"1841553465",
"parent":"",
"text":"卧槽，这网速，给跪了",
"mid":"zfvq66oRW",
"date":"2013-01-21 17:15:29"
},
{
"kids":[
"zfvrH6b1J"
],
"uid":"1895011381",
"parent":"",
"text":"我说怎么上不去！！[哼]",
"mid":"zfvpWEeWX",
"date":"2013-01-21 17:15:08"
},
{
"kids":[],
"uid":"2618974763",
"parent":"zfvm5ktb8",
"text":"牛",
"mid":"zfvpT7I8K",
"date":"2013-01-21 17:14:58"
},
{
"kids":[],
"uid":"1283015630",
"parent":"",
"text":"",
"mid":"zfvpMzXl2",
"date":"2013-01-21 17:14:44"
},
{
"kids":[
"zfvq6FBqb"
],
"uid":"2175872794",
"parent":"zfviY3UpG",
"text":"@方土方土方 原来是这样",
"mid":"zfvpDqnop",
"date":"2013-01-21 17:14:22"
},
{
"kids":[],
"uid":"1882350473",
"parent":"zfvmBxYx4",
"text":"新浪真相了",
"mid":"zfvpuifXK",
"date":"2013-01-21 17:14:00"
},
{
"kids":[],
"uid":"1785100804",
"parent":"",
"text":"怪不得上午无法访问微博，我说呢…",
"mid":"zfvpkyr8m",
"date":"2013-01-21 17:13:37"
},
{
"kids":[],
"uid":"2627167440",
"parent":"",
"text":"我觉得重点往往在最后 已被领导没收 哈哈",
"mid":"zfvpb5R08",
"date":"2013-01-21 17:13:14"
},
{
"kids":[],
"uid":"fqqbest",
"parent":"",
"text":"我说怎么登陆不了",
"mid":"zfvoTkr8H",
"date":"2013-01-21 17:12:30"
},
{
"kids":[],
"uid":"tannertu",
"parent":"",
"text":"45分钟下载42G，我滴个娘亲，这是何等可望而不可及的网速啊![吃惊]话说，那42G的爱情动作艺术作品领导们正在以批判的眼光在细细审核着吧?![思考]",
"mid":"zfvoLEL1q",
"date":"2013-01-21 17:12:14"
},
{
"kids":[],
"uid":"monkeylovebear",
"parent":"zfvl4F9v4",
"text":"原来是这样，就说中午上不去。。。[衰]",
"mid":"zfvovpGmM",
"date":"2013-01-21 17:11:35"
},
{
"kids":[],
"uid":"dubochao",
"parent":"",
"text":"服务器不慢",
"mid":"zfvoi7VYQ",
"date":"2013-01-21 17:11:02"
},
{
"kids":[
"zfvqDcyE9"
],
"uid":"1721640814",
"parent":"zfuSSwHOL",
"text":"",
"mid":"zfvo856X1",
"date":"2013-01-21 17:10:39"
},
{
"kids":[],
"uid":"2368327140",
"parent":"zfvmwwxyE",
"text":"",
"mid":"zfvnV6gsc",
"date":"2013-01-21 17:10:08"
},
{
"kids":[
"zfvrjtRMW"
],
"uid":"930526304",
"parent":"zfv52klRn",
"text":"最重要是领导 免费获得了资源。@King-Ibrahim",
"mid":"zfvnQl9ky",
"date":"2013-01-21 17:09:55"
},
{
"kids":[],
"uid":"2915989647",
"parent":"zfuMcvUn2",
"text":"",
"mid":"zfvnut1qy",
"date":"2013-01-21 17:09:06"
},
{
"kids":[],
"uid":"1742695131",
"parent":"zfv2e0ZrQ",
"text":"[哈哈][嘻嘻]",
"mid":"zfvnogLG6",
"date":"2013-01-21 17:08:49"
},
{
"kids":[],
"uid":"1864492445",
"parent":"",
"text":"我说怎么上不去微薄了呢[哼]",
"mid":"zfvn272AC",
"date":"2013-01-21 17:07:54"
},
{
"kids":[],
"uid":"angelguo1982",
"parent":"zfv37eFj2",
"text":"领导研究去了，不会从此不早朝吧",
"mid":"zfvmVAKja",
"date":"2013-01-21 17:07:42"
},
{
"kids":[],
"uid":"stephenking66",
"parent":"",
"text":"发这条消息的那个推特ID就是个造谣的ID，居然也有人相信这么扯的谣言",
"mid":"zfvmN2O4q",
"date":"2013-01-21 17:07:21"
},
{
"kids":[],
"uid":"1290446480",
"parent":"zfviQll7v",
"text":"领导没收是关键",
"mid":"zfvmMraii",
"date":"2013-01-21 17:07:20"
},
{
"kids":[],
"uid":"beardo1",
"parent":"",
"text":"[挖鼻屎]",
"mid":"zfvmH7O9q",
"date":"2013-01-21 17:07:08"
},
{
"kids":[],
"uid":"2298859381",
"parent":"zfviY3UpG",
"text":"",
"mid":"zfvmFlFBy",
"date":"2013-01-21 17:07:03"
},
{
"kids":[
"zfvJjfVPh",
"zfvpuifXK"
],
"uid":"1786622682",
"parent":"zfv6s54RS",
"text":"难怪中午微博看不到",
"mid":"zfvmBxYx4",
"date":"2013-01-21 17:06:54"
},
{
"kids":[
"zfvnV6gsc"
],
"uid":"1908167410",
"parent":"zfvklczfc",
"text":"终于知道为什么我们登不上了@王2B---佳佳 @失去过更珍惜拥有- @我的小情调",
"mid":"zfvmwwxyE",
"date":"2013-01-21 17:06:42"
},
{
"kids":[],
"uid":"147078687",
"parent":"zfv52klRn",
"text":"",
"mid":"zfvmusrOb",
"date":"2013-01-21 17:06:37"
},
{
"kids":[],
"uid":"loshoyo",
"parent":"zfuP5AQ2R",
"text":"@_米夏  明白了没？",
"mid":"zfvmqhrb5",
"date":"2013-01-21 17:06:27"
},
{
"kids":[
"zfvpT7I8K"
],
"uid":"jqueenl",
"parent":"zfvl5xPFm",
"text":"[奥特曼][奥特曼][奥特曼]",
"mid":"zfvm5ktb8",
"date":"2013-01-21 17:05:35"
},
{
"kids":[
"zfvPghxZb"
],
"uid":"alonzo571",
"parent":"zfviY3UpG",
"text":"",
"mid":"zfvlIfeKV",
"date":"2013-01-21 17:04:40"
},
{
"kids":[],
"uid":"1974925873",
"parent":"zfvklczfc",
"text":"",
"mid":"zfvlaADMm",
"date":"2013-01-21 17:03:21"
},
{
"kids":[
"zfvm5ktb8"
],
"uid":"1981278615",
"parent":"zfvgouxlQ",
"text":"牛啊，这个网速可以啊",
"mid":"zfvl5xPFm",
"date":"2013-01-21 17:03:08"
},
{
"kids":[
"zfvovpGmM"
],
"uid":"xiaojiongxiong",
"parent":"zfviY3UpG",
"text":"原来如此",
"mid":"zfvl4F9v4",
"date":"2013-01-21 17:03:07"
},
{
"kids":[],
"uid":"1055477560",
"parent":"zfviY3UpG",
"text":"这速度也太快了！",
"mid":"zfvl4ly6d",
"date":"2013-01-21 17:03:05"
},
{
"kids":[],
"uid":"afteram",
"parent":"",
"text":"哪一部巨作！",
"mid":"zfvkXi1pR",
"date":"2013-01-21 17:02:50"
},
{
"kids":[],
"uid":"2431164385",
"parent":"zfviJj5xK",
"text":"难怪。。。。。",
"mid":"zfvkQtBf6",
"date":"2013-01-21 17:02:34"
},
{
"kids":[],
"uid":"chongyang",
"parent":"",
"text":"遨游网也行吧？我准备去找丁总我也试试光速下载",
"mid":"zfvkP19Py",
"date":"2013-01-21 17:02:30"
},
{
"kids":[],
"uid":"1877902967",
"parent":"zfuSGpNIX",
"text":"求种子~~",
"mid":"zfvkKyWPZ",
"date":"2013-01-21 17:02:21"
},
{
"kids":[
"zfvFAs0aR"
],
"uid":"372346155",
"parent":"zfvaMqj3b",
"text":"难怪下午手机客户端挂了",
"mid":"zfvkmjHvc",
"date":"2013-01-21 17:01:22"
},
{
"kids":[
"zfvmwwxyE",
"zfvlaADMm"
],
"uid":"1626472372",
"parent":"",
"text":"怪不得，中午死活上不了，我还以为电脑又出问题了呢！！！！[怒][泪]",
"mid":"zfvklczfc",
"date":"2013-01-21 17:01:19"
},
{
"kids":[],
"uid":"2099713485",
"parent":"",
"text":"马上决定投奔新浪微博[偷乐]",
"mid":"zfvkit8n0",
"date":"2013-01-21 17:01:14"
},
{
"kids":[],
"uid":"319909666",
"parent":"",
"text":"[酷]",
"mid":"zfvjXvGDX",
"date":"2013-01-21 17:00:23"
},
{
"kids":[
"zfvpDqnop",
"zfvmFlFBy",
"zfvlIfeKV",
"zfvl4F9v4",
"zfvl4ly6d"
],
"uid":"zhangleiben",
"parent":"",
"text":"",
"mid":"zfviY3UpG",
"date":"2013-01-21 16:57:57"
},
{
"kids":[],
"uid":"xiaoxiaoxiaoxiaok",
"parent":"",
"text":"不知道制造这些谣言的人居心何在",
"mid":"zfviV6A9J",
"date":"2013-01-21 16:57:48"
},
{
"kids":[],
"uid":"3089454242",
"parent":"zfuMcvUn2",
"text":"被领导没收才是亮点啊",
"mid":"zfviTiFm5",
"date":"2013-01-21 16:57:46"
},
{
"kids":[
"zfvmMraii"
],
"uid":"1678258001",
"parent":"zfv37eFj2",
"text":"我们下午群里已经专门就此事的技术可行性进行了一系列深入的讨论",
"mid":"zfviQll7v",
"date":"2013-01-21 16:57:38"
},
{
"kids":[
"zfvkQtBf6"
],
"uid":"sean3230",
"parent":"",
"text":"。。。",
"mid":"zfviJj5xK",
"date":"2013-01-21 16:57:21"
},
{
"kids":[],
"uid":"dadiweibo",
"parent":"",
"text":"够快的。。。",
"mid":"zfvirxjGF",
"date":"2013-01-21 16:56:39"
},
{
"kids":[],
"uid":"1914758463",
"parent":"",
"text":"有点意思[偷笑][偷笑]",
"mid":"zfviqnnBU",
"date":"2013-01-21 16:56:35"
},
{
"kids":[],
"uid":"1076269362",
"parent":"",
"text":"……",
"mid":"zfvi5FbFJ",
"date":"2013-01-21 16:55:47"
},
{
"kids":[],
"uid":"1803697031",
"parent":"zfuMcvUn2",
"text":"看这速度@啊谁家那小谁",
"mid":"zfvhQAXeJ",
"date":"2013-01-21 16:55:12"
},
{
"kids":[],
"uid":"1408117573",
"parent":"",
"text":"回复@汽车之家韩路:45分钟42G，算了算也就才不到150Mbps带宽啊•••盛拓的服务器都能轻松碾压吧？",
"mid":"zfvhDANQT",
"date":"2013-01-21 16:54:37"
},
{
"kids":[],
"uid":"1693045987",
"parent":"zfvhggepp",
"text":"果真乃霸气威武啊！[哈哈]",
"mid":"zfvhwx2mu",
"date":"2013-01-21 16:54:22"
},
{
"kids":[],
"uid":"jiashenchen",
"parent":"zfuMcvUn2",
"text":"",
"mid":"zfvhk8sRs",
"date":"2013-01-21 16:53:52"
},
{
"kids":[],
"uid":"elena1101",
"parent":"zfv52klRn",
"text":"哈哈哈",
"mid":"zfvhk6tnS",
"date":"2013-01-21 16:53:52"
},
{
"kids":[
"zfvhwx2mu"
],
"uid":"qiufengdongyu",
"parent":"",
"text":"42G ~ ~管理员是条硬汉子啊 ~ ~ ~",
"mid":"zfvhggepp",
"date":"2013-01-21 16:53:44"
},
{
"kids":[
"zfvWKyPcO",
"zfvl5xPFm"
],
"uid":"liujiamin00",
"parent":"",
"text":"大神啊",
"mid":"zfvgouxlQ",
"date":"2013-01-21 16:51:34"
},
{
"kids":[
"zfvyohOyM"
],
"uid":"oilpainting",
"parent":"zfvaMqj3b",
"text":"[嘻嘻]所下载的影片硬盘已被领导没收",
"mid":"zfvfLsnSk",
"date":"2013-01-21 16:50:03"
},
{
"kids":[],
"uid":"1418204144",
"parent":"zfv8stN8z",
"text":"无图无真相！",
"mid":"zfvfmlkBH",
"date":"2013-01-21 16:49:03"
},
{
"kids":[],
"uid":"1663731965",
"parent":"zfv6lyMFr",
"text":"硬盘被领导没收?[偷笑]",
"mid":"zfvflbUlQ",
"date":"2013-01-21 16:49:00"
},
{
"kids":[],
"uid":"elanehua",
"parent":"zfuMcvUn2",
"text":"在地铁上看到这条笑傻掉了。",
"mid":"zfvf42aLD",
"date":"2013-01-21 16:48:20"
},
{
"kids":[],
"uid":"labixiaoniu139",
"parent":"zfv52klRn",
"text":"",
"mid":"zfveaf45Y",
"date":"2013-01-21 16:46:06"
},
{
"kids":[],
"uid":"1849991375",
"parent":"zfv9hzKvS",
"text":"胃口真大……",
"mid":"zfvdEhtAR",
"date":"2013-01-21 16:44:49"
},
{
"kids":[],
"uid":"dogheadman",
"parent":"zfv52klRn",
"text":"@vi玮玮vi 这就是中午微博大姨妈的原因[奥特曼]",
"mid":"zfvcpswI9",
"date":"2013-01-21 16:41:47"
},
{
"kids":[
"zfvYz5Egf"
],
"uid":"gjwgavin",
"parent":"",
"text":"强",
"mid":"zfvbXo9f4",
"date":"2013-01-21 16:40:40"
},
{
"kids":[
"zfvBayhC5"
],
"uid":"dogheadman",
"parent":"zfv52klRn",
"text":"果然是大公司！！！",
"mid":"zfvbWdj16",
"date":"2013-01-21 16:40:37"
},
{
"kids":[],
"uid":"wavege",
"parent":"zfv52klRn",
"text":"果然大公司秒杀全中华啊",
"mid":"zfvbTzxYZ",
"date":"2013-01-21 16:40:30"
},
{
"kids":[],
"uid":"2365420475",
"parent":"zfv8stN8z",
"text":"没收了。。。",
"mid":"zfvbebrTB",
"date":"2013-01-21 16:38:50"
},
{
"kids":[],
"uid":"MaksLv",
"parent":"zfv3g9F14",
"text":"@北欧海盗_蓝梦星语 今儿感受到了么？[哈哈]",
"mid":"zfvb6sUr0",
"date":"2013-01-21 16:38:31"
},
{
"kids":[
"zfvkmjHvc",
"zfvfLsnSk"
],
"uid":"1001069863",
"parent":"zfv7L5FID",
"text":"牛逼",
"mid":"zfvaMqj3b",
"date":"2013-01-21 16:37:46"
},
{
"kids":[],
"uid":"butterfly36051",
"parent":"zfuZU8yw0",
"text":"",
"mid":"zfvattRPb",
"date":"2013-01-21 16:37:00"
},
{
"kids":[
"zfvs9aVM4"
],
"uid":"lisheng827",
"parent":"zfuMcvUn2",
"text":"这个……还是转发一下吧，我一度以为是手机问题，又关闭后台又重启的。",
"mid":"zfva8uYZS",
"date":"2013-01-21 16:36:11"
},
{
"kids":[],
"uid":"2103382847",
"parent":"zfv9hzKvS",
"text":"哇擦，神人",
"mid":"zfva7iK10",
"date":"2013-01-21 16:36:07"
},
{
"kids":[],
"uid":"1697336862",
"parent":"zfuTUluKD",
"text":"果然啊……最后一句才是亮点",
"mid":"zfv9CkPso",
"date":"2013-01-21 16:34:53"
},
{
"kids":[
"zfvdEhtAR",
"zfva7iK10"
],
"uid":"1bar",
"parent":"zfuZU8yw0",
"text":"[哈哈]",
"mid":"zfv9hzKvS",
"date":"2013-01-21 16:34:05"
},
{
"kids":[],
"uid":"linda63700",
"parent":"",
"text":"专业回复 都是留邮箱",
"mid":"zfv8xuUtJ",
"date":"2013-01-21 16:32:15"
},
{
"kids":[
"zfvfmlkBH",
"zfvbebrTB"
],
"uid":"m180232102h",
"parent":"zfv5Wa8cv",
"text":"",
"mid":"zfv8stN8z",
"date":"2013-01-21 16:32:02"
},
{
"kids":[],
"uid":"3118384421",
"parent":"zfuMcvUn2",
"text":"免费替人家宣传xia",
"mid":"zfv8qsRjf",
"date":"2013-01-21 16:31:58"
},
{
"kids":[
"zfvaMqj3b"
],
"uid":"2185160184",
"parent":"",
"text":"爱情动作片，45分钟，42G[汗]，新浪的网速真给力啊[哈哈]，管理员也是条好汉[",
"mid":"zfv7L5FID",
"date":"2013-01-21 16:30:19"
},
{
"kids":[],
"uid":"1649590040",
"parent":"",
"text":"",
"mid":"zfv7x9TVC",
"date":"2013-01-21 16:29:47"
},
{
"kids":[],
"uid":"2950254223",
"parent":"zfuMcvUn2",
"text":"有这个能力不如给铁道部试试，看看还能不能网络堵车？",
"mid":"zfv7uvyWy",
"date":"2013-01-21 16:29:40"
},
{
"kids":[],
"uid":"2727540831",
"parent":"",
"text":"",
"mid":"zfv7nq4dK",
"date":"2013-01-21 16:29:21"
},
{
"kids":[],
"uid":"gengbing",
"parent":"zfv52klRn",
"text":"→_→",
"mid":"zfv7cb0XV",
"date":"2013-01-21 16:28:53"
},
{
"kids":[],
"uid":"2727540831",
"parent":"zfv52klRn",
"text":"",
"mid":"zfv6N5lD7",
"date":"2013-01-21 16:27:55"
},
{
"kids":[],
"uid":"1217523890",
"parent":"zfv52klRn",
"text":"[威武]求种子~~",
"mid":"zfv6tyU8j",
"date":"2013-01-21 16:27:07"
},
{
"kids":[
"zfvmBxYx4"
],
"uid":"1864791417",
"parent":"zfv5Wa8cv",
"text":"[哈哈][哈哈]",
"mid":"zfv6s54RS",
"date":"2013-01-21 16:27:06"
},
{
"kids":[
"zfvflbUlQ"
],
"uid":"edward1970",
"parent":"zfuMcvUn2",
"text":"爱情动作片，@仓井空 主演的吗？",
"mid":"zfv6lyMFr",
"date":"2013-01-21 16:26:49"
},
{
"kids":[],
"uid":"524234696",
"parent":"zfv52klRn",
"text":"太牛了~",
"mid":"zfv6jw5aG",
"date":"2013-01-21 16:26:46"
},
{
"kids":[],
"uid":"734301200",
"parent":"",
"text":"牛叉",
"mid":"zfv6g247k",
"date":"2013-01-21 16:26:35"
},
{
"kids":[],
"uid":"2164283484",
"parent":"",
"text":"我...吐槽無能",
"mid":"zfv61wY0u",
"date":"2013-01-21 16:26:02"
},
{
"kids":[
"zfv8stN8z",
"zfv6s54RS"
],
"uid":"1883091764",
"parent":"zfv52klRn",
"text":"这是真相吗？",
"mid":"zfv5Wa8cv",
"date":"2013-01-21 16:25:50"
},
{
"kids":[],
"uid":"1976088471",
"parent":"zfv52klRn",
"text":"@kylin1018 [偷笑]",
"mid":"zfv5Oei3O",
"date":"2013-01-21 16:25:31"
},
{
"kids":[],
"uid":"207312367",
"parent":"",
"text":"[阴险]",
"mid":"zfv5K3e7A",
"date":"2013-01-21 16:25:19"
},
{
"kids":[],
"uid":"1849666477",
"parent":"zfv52klRn",
"text":"@尐xiaoyi @全民超人队长 @pj143 @驕傲的敗家仔 这才是效率！",
"mid":"zfv5v0nnB",
"date":"2013-01-21 16:24:46"
},
{
"kids":[
"zfwcKsD1b"
],
"uid":"2242100307",
"parent":"zfuMcvUn2",
"text":"在twitter上看到今天中午新浪微博抽风的解释：“21日中午12点半至1点15分，新浪微博管理员徐某使用服务器带宽下载CL网爱情动作片42G左右，造成新浪微博无法访问，目前徐某已被停职，所下载的影片硬盘已被领导没收。（人家45分钟下了42G，果然是大公司）”",
"mid":"zfv5qAr2f",
"date":"2013-01-21 16:24:35"
},
{
"kids":[],
"uid":"huangdonghai",
"parent":"zfuMcvUn2",
"text":"42g啊~~~",
"mid":"zfv5octUH",
"date":"2013-01-21 16:24:29"
},
{
"kids":[
"zfwa0hwFJ",
"zfvIA1vxl",
"zfvAAc1O4",
"zfvx9sw9m",
"zfvsk6ZKW",
"zfvrsB94q",
"zfvnQl9ky",
"zfvmusrOb",
"zfvhk6tnS",
"zfveaf45Y",
"zfvcpswI9",
"zfvbWdj16",
"zfvbTzxYZ",
"zfv7cb0XV",
"zfv6N5lD7",
"zfv6tyU8j",
"zfv6jw5aG",
"zfv5Wa8cv",
"zfv5Oei3O",
"zfv5v0nnB"
],
"uid":"popmobile",
"parent":"",
"text":"真相？[吃惊] 莫名的想到12306...[阴险]",
"mid":"zfv52klRn",
"date":"2013-01-21 16:23:37"
},
{
"kids":[],
"uid":"govaseity",
"parent":"zfv3g9F14",
"text":"这网速，买火车票绝对给力啊！！",
"mid":"zfv4qcS1n",
"date":"2013-01-21 16:22:05"
},
{
"kids":[],
"uid":"2506835754",
"parent":"",
"text":"果断转发！！！",
"mid":"zfv46p6MG",
"date":"2013-01-21 16:21:17"
},
{
"kids":[
"zfvb6sUr0",
"zfv4qcS1n"
],
"uid":"shihuaer",
"parent":"",
"text":"这还愁抢不到火车票？",
"mid":"zfv3g9F14",
"date":"2013-01-21 16:19:14"
},
{
"kids":[],
"uid":"polaris87915",
"parent":"zfv0Buv3i",
"text":"[偷笑]",
"mid":"zfv39AlO8",
"date":"2013-01-21 16:18:57"
},
{
"kids":[],
"uid":"zoulu",
"parent":"",
"text":"这网速，我的梦想啊，，，",
"mid":"zfv38pvAK",
"date":"2013-01-21 16:18:56"
},
{
"kids":[
"zfvmVAKja",
"zfviQll7v"
],
"uid":"cuimianbaobao",
"parent":"zfv1Krg8d",
"text":"居然不是@胡浩-HH 干的。。@都灵信徒 你有惊讶到么。。",
"mid":"zfv37eFj2",
"date":"2013-01-21 16:18:51"
},
{
"kids":[],
"uid":"1419390254",
"parent":"zfuZGtRCP",
"text":"我说中午怎么上不去呢！",
"mid":"zfv314tU6",
"date":"2013-01-21 16:18:38"
},
{
"kids":[],
"uid":"1762078534",
"parent":"zfuOfiqJQ",
"text":"",
"mid":"zfv2NaotC",
"date":"2013-01-21 16:18:04"
},
{
"kids":[
"zfvnogLG6"
],
"uid":"caporg",
"parent":"zfuZ9FFLQ",
"text":"系咪徐某都对4仔特别感兴趣嘅哩[嘻嘻]",
"mid":"zfv2e0ZrQ",
"date":"2013-01-21 16:16:41"
},
{
"kids":[
"zfv37eFj2"
],
"uid":"1792502435",
"parent":"zfv1ip3Cl",
"text":"擦，带宽很给力呀",
"mid":"zfv1Krg8d",
"date":"2013-01-21 16:15:31"
},
{
"kids":[
"zfv1Krg8d"
],
"uid":"1407991350",
"parent":"",
"text":"看吧，我说是他们自己的问题！@海哥与R",
"mid":"zfv1ip3Cl",
"date":"2013-01-21 16:14:22"
},
{
"kids":[],
"uid":"530053110",
"parent":"",
"text":"@Fenng @互联网的那点事",
"mid":"zfv127NIR",
"date":"2013-01-21 16:13:46"
},
{
"kids":[],
"uid":"2482863847",
"parent":"zfuMcvUn2",
"text":"",
"mid":"zfv0Eae9e",
"date":"2013-01-21 16:12:47"
},
{
"kids":[
"zfv39AlO8"
],
"uid":"yueac",
"parent":"zfuRWjSpR",
"text":"",
"mid":"zfv0Buv3i",
"date":"2013-01-21 16:12:42"
},
{
"kids":[],
"uid":"1141551921",
"parent":"",
"text":"42G。。",
"mid":"zfv0tfwxo",
"date":"2013-01-21 16:12:20"
},
{
"kids":[],
"uid":"2111640905",
"parent":"zfuMcvUn2",
"text":"",
"mid":"zfv00hUeS",
"date":"2013-01-21 16:11:12"
},
{
"kids":[],
"uid":"watermelen",
"parent":"zfuMcvUn2",
"text":"哈哈。。",
"mid":"zfuZVguM3",
"date":"2013-01-21 16:11:00"
},
{
"kids":[],
"uid":"justinike",
"parent":"zfuZ9FFLQ",
"text":"",
"mid":"zfuZUq9Ii",
"date":"2013-01-21 16:10:57"
},
{
"kids":[
"zfw3tsB86",
"zfvzzfnjg",
"zfvattRPb",
"zfv9hzKvS"
],
"uid":"star1205",
"parent":"",
"text":"原来如此，我还以为我家网络出问题了呢",
"mid":"zfuZU8yw0",
"date":"2013-01-21 16:10:58"
},
{
"kids":[],
"uid":"xuelinfang",
"parent":"",
"text":"我也要检查一下有没有人用公司服务器下载。我们马尾机房带宽也是足够大。",
"mid":"zfuZJ8epm",
"date":"2013-01-21 16:10:31"
},
{
"kids":[
"zfvVQpPSv",
"zfv314tU6"
],
"uid":"zhangjianfeng79131",
"parent":"",
"text":"领导没收[思考]",
"mid":"zfuZGtRCP",
"date":"2013-01-21 16:10:23"
},
{
"kids":[],
"uid":"watermelen",
"parent":"zfuMcvUn2",
"text":"",
"mid":"zfuZxkhwM",
"date":"2013-01-21 16:10:04"
},
{
"kids":[
"zfv2e0ZrQ",
"zfuZUq9Ii"
],
"uid":"2140650374",
"parent":"",
"text":"怪唔知中午的时候无晒反应啦...原来系管理员利用服务器带宽down四仔...尼玛45分钟下了42G太变态了吧...不过影片硬盘被领导没收是亮点[哈哈][哈哈][哈哈]",
"mid":"zfuZ9FFLQ",
"date":"2013-01-21 16:09:07"
},
{
"kids":[],
"uid":"1737853430",
"parent":"zfuTXiAhy",
"text":"",
"mid":"zfuZ5xveK",
"date":"2013-01-21 16:08:58"
},
{
"kids":[],
"uid":"1865639197",
"parent":"",
"text":"397450899@qq.com",
"mid":"zfuYngwPu",
"date":"2013-01-21 16:07:10"
},
{
"kids":[],
"uid":"1845145342",
"parent":"",
"text":"45分钟42G....大概1分钟1G，大公司真好...",
"mid":"zfuYfwEWw",
"date":"2013-01-21 16:06:54"
},
{
"kids":[],
"uid":"bqq88",
"parent":"zfuMcvUn2",
"text":"没收个人非法所得？？",
"mid":"zfuXRkzBk",
"date":"2013-01-21 16:05:56"
},
{
"kids":[],
"uid":"shawngao",
"parent":"zfuVvFAuR",
"text":"没收才是亮点#这本就是个黑渣浪的段子吧#",
"mid":"zfuXQqXuH",
"date":"2013-01-21 16:05:54"
},
{
"kids":[],
"uid":"2625451092",
"parent":"zfuMcvUn2",
"text":"领导开心坏了",
"mid":"zfuXNc25w",
"date":"2013-01-21 16:05:47"
},
{
"kids":[],
"uid":"138101301",
"parent":"zfuMcvUn2",
"text":"[阴险]领导没收。。。",
"mid":"zfuWTCtjJ",
"date":"2013-01-21 16:03:34"
},
{
"kids":[],
"uid":"2635845115",
"parent":"",
"text":"两句话，一是42G得有多少苍老师啊[给力]二是员工卖力栽树，领导轻松蒙荫[衰][熊猫][兔子][神马][浮云]@山楂花的小窝 @王小圈圈圈 @长歌当哭oyea @飞鸟的天空119 @槨小白",
"mid":"zfuWglqhs",
"date":"2013-01-21 16:01:59"
},
{
"kids":[],
"uid":"1756518085",
"parent":"",
"text":"好笑话",
"mid":"zfuW6zdjN",
"date":"2013-01-21 16:01:35"
},
{
"kids":[],
"uid":"2214697897",
"parent":"zfuOtbOVA",
"text":"原来是这样啊，索达斯内！",
"mid":"zfuVUsjpo",
"date":"2013-01-21 16:01:06"
},
{
"kids":[
"zfuXQqXuH"
],
"uid":"soime",
"parent":"",
"text":"CL网亮了!",
"mid":"zfuVvFAuR",
"date":"2013-01-21 16:00:09"
},
{
"kids":[],
"uid":"1686804842",
"parent":"zfuUlwoqE",
"text":"这是什么网络，速度给力啊！[抱抱]",
"mid":"zfuVozbiu",
"date":"2013-01-21 15:59:52"
},
{
"kids":[],
"uid":"2216382057",
"parent":"zfuMcvUn2",
"text":"",
"mid":"zfuVa7oIm",
"date":"2013-01-21 15:59:16"
},
{
"kids":[],
"uid":"missosy",
"parent":"zfuMcvUn2",
"text":"哈哈哈",
"mid":"zfuV48Mki",
"date":"2013-01-21 15:59:03"
},
{
"kids":[],
"uid":"2138515665",
"parent":"zfuMcvUn2",
"text":"这才是网络时代",
"mid":"zfuV03EoP",
"date":"2013-01-21 15:58:52"
},
{
"kids":[],
"uid":"powermaxi",
"parent":"zfuMcvUn2",
"text":"硬盘被领导没收亮了啊！@袁哲xy @笑胖爹 @大胖子Justin @CPC_经典款先生JR-LAU",
"mid":"zfuUH6UG6",
"date":"2013-01-21 15:58:08"
},
{
"kids":[],
"uid":"tiffanyandryo",
"parent":"",
"text":"45分钟42G，约等于42000MB，平均每分钟933MB，15MB每秒。。",
"mid":"zfuUF34oH",
"date":"2013-01-21 15:58:03"
},
{
"kids":[],
"uid":"1878281837",
"parent":"zfuMcvUn2",
"text":"草尼马，毛片哥刚弄好它@唵畦唲",
"mid":"zfuUp7ZTu",
"date":"2013-01-21 15:57:25"
},
{
"kids":[
"zfuVozbiu"
],
"uid":"2288291312",
"parent":"",
"text":"[吃惊]下载CL网爱情动作片42G左右[哼]所下载的影片硬盘已被领导没收[挖鼻屎]@zzg021 @印钞兄 @李木勺 @卍世界卍 @独臂杨森",
"mid":"zfuUlwoqE",
"date":"2013-01-21 15:57:16"
},
{
"kids":[],
"uid":"1424856611",
"parent":"zfuMcvUn2",
"text":"42G 这是要当饭吃呐[晕]",
"mid":"zfuUbvgjW",
"date":"2013-01-21 15:56:52"
},
{
"kids":[
"zfuZ5xveK"
],
"uid":"138105065",
"parent":"",
"text":"好快的硬盘啊...",
"mid":"zfuTXiAhy",
"date":"2013-01-21 15:56:17"
},
{
"kids":[
"zfv9CkPso"
],
"uid":"840911903",
"parent":"zfuMcvUn2",
"text":"其实这条微博正文的最后一句才是真正的重点……",
"mid":"zfuTUluKD",
"date":"2013-01-21 15:56:12"
},
{
"kids":[],
"uid":"zhangyumengmeng",
"parent":"zfuMcvUn2",
"text":"吖的…难怪上不了微博！[生病][生病]",
"mid":"zfuTShaPN",
"date":"2013-01-21 15:56:05"
},
{
"kids":[],
"uid":"1645495543",
"parent":"zfuMcvUn2",
"text":"",
"mid":"zfuT9m5xv",
"date":"2013-01-21 15:54:20"
},
{
"kids":[
"zfvo856X1"
],
"uid":"206322205",
"parent":"zfuMcvUn2",
"text":"领导没收了？",
"mid":"zfuSSwHOL",
"date":"2013-01-21 15:53:40"
},
{
"kids":[
"zfvkKyWPZ"
],
"uid":"gaworld",
"parent":"zfuLbhFxe",
"text":"哦，原来如此呀",
"mid":"zfuSGpNIX",
"date":"2013-01-21 15:53:09"
},
{
"kids":[],
"uid":"1757411721",
"parent":"zfuMcvUn2",
"text":"重点是领导没收了。。。",
"mid":"zfuSxgdHI",
"date":"2013-01-21 15:52:48"
},
{
"kids":[],
"uid":"1762202667",
"parent":"zfuR35YbE",
"text":"徐力你咋搞的[偷笑][偷笑]",
"mid":"zfuSxeTb1",
"date":"2013-01-21 15:52:49"
},
{
"kids":[],
"uid":"wanghaohuan",
"parent":"",
"text":"硬盘也够强大。。难道还带着ssd去下片。。",
"mid":"zfuS87Qug",
"date":"2013-01-21 15:51:47"
},
{
"kids":[],
"uid":"1447040135",
"parent":"",
"text":"[晕]",
"mid":"zfuS42Ihk",
"date":"2013-01-21 15:51:38"
},
{
"kids":[],
"uid":"zhangjiancong",
"parent":"zfuMcvUn2",
"text":"45分钟42GB的东西…这下载速度…卖糕的！",
"mid":"zfuRZhZDL",
"date":"2013-01-21 15:51:28"
},
{
"kids":[
"zfv0Buv3i"
],
"uid":"zhengniannian",
"parent":"",
"text":"。。。。[奥特曼]",
"mid":"zfuRWjSpR",
"date":"2013-01-21 15:51:21"
},
{
"kids":[],
"uid":"1760559292",
"parent":"zfuMcvUn2",
"text":"人家45分钟下了42G，果然是大公司啊，关键是被领导没收了",
"mid":"zfuROBpEg",
"date":"2013-01-21 15:51:04"
},
{
"kids":[],
"uid":"zhangkai80",
"parent":"zfuMcvUn2",
"text":"那块硬盘的下落才是重点啊！",
"mid":"zfuRBFgqy",
"date":"2013-01-21 15:50:32"
},
{
"kids":[],
"uid":"dongdongzhizhi",
"parent":"zfuMcvUn2",
"text":"原来不是本地网络的原因，找到亮点了",
"mid":"zfuRyDWmB",
"date":"2013-01-21 15:50:26"
},
{
"kids":[],
"uid":"ifengjinwb",
"parent":"",
"text":"这得阵列或固态SDD硬盘，普通7200转的还扛不住。",
"mid":"zfuRrzLZ9",
"date":"2013-01-21 15:50:08"
},
{
"kids":[],
"uid":"2153411377",
"parent":"zfuQUwrKR",
"text":"我说呢，中午怎么进不去",
"mid":"zfuRccC9x",
"date":"2013-01-21 15:49:31"
},
{
"kids":[],
"uid":"h1115x",
"parent":"zfuMcvUn2",
"text":"还是当领导好呀",
"mid":"zfuRbEQps",
"date":"2013-01-21 15:49:28"
},
{
"kids":[
"zfuSxeTb1"
],
"uid":"jacyy",
"parent":"zfuOZ943q",
"text":"cl无敌了…[偷笑]",
"mid":"zfuR35YbE",
"date":"2013-01-21 15:49:08"
},
{
"kids":[
"zfuRccC9x"
],
"uid":"teukli",
"parent":"",
"text":"谦弟!你看看看看!那个时候明明就上不去",
"mid":"zfuQUwrKR",
"date":"2013-01-21 15:48:48"
},
{
"kids":[],
"uid":"1819668642",
"parent":"zfuMR2xhQ",
"text":"原来中午咱刷不出来微博不是信号问题啊！@费姨_",
"mid":"zfuQRgBLn",
"date":"2013-01-21 15:48:42"
},
{
"kids":[],
"uid":"milinnuo",
"parent":"zfuMcvUn2",
"text":"我说怎么上不去了[嘻嘻]",
"mid":"zfuQy2F0q",
"date":"2013-01-21 15:47:55"
},
{
"kids":[],
"uid":"1418634553",
"parent":"zfuMcvUn2",
"text":"有点假",
"mid":"zfuQn5h6U",
"date":"2013-01-21 15:47:29"
},
{
"kids":[],
"uid":"whp",
"parent":"zfuNfxWDM",
"text":"看到这样的故事，再想想新浪微博三四亿的使用者，竟然还处于亏损阶段。一个大企业的管理如此差劲、企业文化如此糟糕。这次事故，仅仅是新浪糟糕企业管理的冰山一角，我们亲爱的新浪、以创新著称的新浪，需要来一场暴风骤雨式的大变革、大整风。@汽车之家韩路: 太低估新浪微博服务器的能力了和带宽了",
"mid":"zfuQlBIqK",
"date":"2013-01-21 15:47:24"
},
{
"kids":[],
"uid":"3219216153",
"parent":"zfuMcvUn2",
"text":"",
"mid":"zfuPsmcOP",
"date":"2013-01-21 15:45:12"
},
{
"kids":[],
"uid":"1863692781",
"parent":"",
"text":"中午当真是抽风了",
"mid":"zfuPn2Yyl",
"date":"2013-01-21 15:45:01"
},
{
"kids":[],
"uid":"2772321857",
"parent":"zfuMcvUn2",
"text":"",
"mid":"zfuP9rbIY",
"date":"2013-01-21 15:44:29"
},
{
"kids":[
"zfvmqhrb5"
],
"uid":"gipfelbaum",
"parent":"zfuMcvUn2",
"text":"被领导没收。。。",
"mid":"zfuP5AQ2R",
"date":"2013-01-21 15:44:20"
},
{
"kids":[],
"uid":"1737224135",
"parent":"zfuMcvUn2",
"text":"怪不得上不了…",
"mid":"zfuP2oUAm",
"date":"2013-01-21 15:44:11"
},
{
"kids":[
"zfuR35YbE"
],
"uid":"1276608382",
"parent":"zfuMcvUn2",
"text":"为嘛没收呢，直接删除不就完了(-.-)",
"mid":"zfuOZ943q",
"date":"2013-01-21 15:44:04"
},
{
"kids":[],
"uid":"208060009",
"parent":"zfuMcvUn2",
"text":"",
"mid":"zfuOP5gn0",
"date":"2013-01-21 15:43:40"
},
{
"kids":[
"zfvF2sXSf"
],
"uid":"v8266",
"parent":"zfuMcvUn2",
"text":"",
"mid":"zfuOP5gkB",
"date":"2013-01-21 15:43:40"
},
{
"kids":[
"zfvGrolsQ"
],
"uid":"boyanking",
"parent":"zfuMcvUn2",
"text":"",
"mid":"zfuOumF5l",
"date":"2013-01-21 15:42:50"
},
{
"kids":[
"zfuVUsjpo"
],
"uid":"1908089845",
"parent":"zfuMcvUn2",
"text":"作为党员要不信谣 不传谣 不造谣！",
"mid":"zfuOtbOVA",
"date":"2013-01-21 15:42:48"
},
{
"kids":[],
"uid":"tianranxiangliao",
"parent":"zfuNcj1eG",
"text":"原来是这样啊……我还以为被河蟹了呢",
"mid":"zfuOluGpJ",
"date":"2013-01-21 15:42:30"
},
{
"kids":[
"zfv2NaotC"
],
"uid":"jackvincent",
"parent":"zfuMcvUn2",
"text":"哈哈。。",
"mid":"zfuOfiqJQ",
"date":"2013-01-21 15:42:15"
},
{
"kids":[
"zfw7NvR3P"
],
"uid":"2647742647",
"parent":"zfuMcvUn2",
"text":"",
"mid":"zfuOeazvp",
"date":"2013-01-21 15:42:12"
},
{
"kids":[],
"uid":"337398999",
"parent":"zfuMcvUn2",
"text":"哈哈..草泥马。毛片哥刚弄死他",
"mid":"zfuO8efCv",
"date":"2013-01-21 15:41:58"
},
{
"kids":[],
"uid":"1213763371",
"parent":"zfuMcvUn2",
"text":"[怒][怒][怒]",
"mid":"zfuNRme3q",
"date":"2013-01-21 15:41:18"
},
{
"kids":[],
"uid":"1871696203",
"parent":"zfuLoj7pR",
"text":"给领导充公交公粮了",
"mid":"zfuNytil4",
"date":"2013-01-21 15:40:32"
},
{
"kids":[],
"uid":"206784449",
"parent":"zfuMcvUn2",
"text":"高级黑么。",
"mid":"zfuNyrqHh",
"date":"2013-01-21 15:40:31"
},
{
"kids":[],
"uid":"gmlan",
"parent":"",
"text":"原来如此，顺求种子！",
"mid":"zfuNrnLzZ",
"date":"2013-01-21 15:40:14"
},
{
"kids":[],
"uid":"2384731571",
"parent":"",
"text":"厉害啊",
"mid":"zfuNr8b7t",
"date":"2013-01-21 15:40:16"
},
{
"kids":[],
"uid":"3093341033",
"parent":"",
"text":"",
"mid":"zfuNqeVRC",
"date":"2013-01-21 15:40:12"
},
{
"kids":[],
"uid":"ningsia",
"parent":"zfuMcvUn2",
"text":"不太可能。这也能挂，见鬼了",
"mid":"zfuNitXpb",
"date":"2013-01-21 15:39:55"
},
{
"kids":[
"zfuQlBIqK"
],
"uid":"whp",
"parent":"zfuMcvUn2",
"text":"看爱情动作片真是害死人。",
"mid":"zfuNfxWDM",
"date":"2013-01-21 15:39:48"
},
{
"kids":[
"zfuOluGpJ"
],
"uid":"1891062504",
"parent":"zfuLbhFxe",
"text":"每秒17MB！！是MB！！！",
"mid":"zfuNcj1eG",
"date":"2013-01-21 15:39:39"
},
{
"kids":[
"zfuQRgBLn"
],
"uid":"1070976833",
"parent":"",
"text":"",
"mid":"zfuMR2xhQ",
"date":"2013-01-21 15:38:50"
},
{
"kids":[],
"uid":"2276813475",
"parent":"zfuMcvUn2",
"text":"",
"mid":"zfuMEAhx8",
"date":"2013-01-21 15:38:21"
},
{
"kids":[],
"uid":"shubozhan",
"parent":"zfuMcvUn2",
"text":"",
"mid":"zfuMChgZf",
"date":"2013-01-21 15:38:14"
},
{
"kids":[],
"uid":"kingcrone",
"parent":"zfuMcvUn2",
"text":"信息量不小",
"mid":"zfuMAavQp",
"date":"2013-01-21 15:38:09"
},
{
"kids":[],
"uid":"1768961373",
"parent":"",
"text":"(¬_¬)",
"mid":"zfuMuA67n",
"date":"2013-01-21 15:37:55"
},
{
"kids":[
"zfw9ZFSWC",
"zfw7q8EGj",
"zfvUUulLk",
"zfvTKodbr",
"zfvLg6ylF",
"zfvKrAK3R",
"zfvGmkqtt",
"zfvFtE6H4",
"zfvCifMtV",
"zfvnut1qy",
"zfviTiFm5",
"zfvhQAXeJ",
"zfvhk8sRs",
"zfvf42aLD",
"zfva8uYZS",
"zfv8qsRjf",
"zfv7uvyWy",
"zfv6lyMFr",
"zfv5qAr2f",
"zfv5octUH",
"zfv0Eae9e",
"zfv00hUeS",
"zfuZVguM3",
"zfuZxkhwM",
"zfuXRkzBk",
"zfuXNc25w",
"zfuWTCtjJ",
"zfuVa7oIm",
"zfuV48Mki",
"zfuV03EoP",
"zfuUH6UG6",
"zfuUp7ZTu",
"zfuUbvgjW",
"zfuTUluKD",
"zfuTShaPN",
"zfuT9m5xv",
"zfuSSwHOL",
"zfuSxgdHI",
"zfuRZhZDL",
"zfuROBpEg",
"zfuRBFgqy",
"zfuRyDWmB",
"zfuRbEQps",
"zfuQy2F0q",
"zfuQn5h6U",
"zfuPsmcOP",
"zfuP9rbIY",
"zfuP5AQ2R",
"zfuP2oUAm",
"zfuOZ943q",
"zfuOP5gn0",
"zfuOP5gkB",
"zfuOumF5l",
"zfuOtbOVA",
"zfuOfiqJQ",
"zfuOeazvp",
"zfuO8efCv",
"zfuNRme3q",
"zfuNyrqHh",
"zfuNitXpb",
"zfuNfxWDM",
"zfuMEAhx8",
"zfuMChgZf",
"zfuMAavQp"
],
"uid":"hanlu235959",
"parent":"",
"text":"太低估新浪微博服务器的能力了和带宽了......",
"mid":"zfuMcvUn2",
"date":"2013-01-21 15:37:11"
},
{
"kids":[
"zfuNytil4"
],
"uid":"xiaoqtea",
"parent":"",
"text":"这个，用留邮箱么？",
"mid":"zfuLoj7pR",
"date":"2013-01-21 15:35:13"
},
{
"kids":[
"zfuSGpNIX",
"zfuNcj1eG"
],
"uid":"kevinzyj",
"parent":"",
"text":"@三石而砺 @春棉 你们网速真快",
"mid":"zfuLbhFxe",
"date":"2013-01-21 15:34:41"
}
]