[
{
"kids":[],
"uid":"5727424612",
"parent":"",
"text":"",
"mid":"DENSAicRf",
"date":"07月14日 21:09"
},
{
"kids":[],
"uid":"aihajime",
"parent":"zxKwCi8gO",
"text":"",
"mid":"A7arHqaMq",
"date":"2013-08-30 19:53:37"
},
{
"kids":[],
"uid":"1909396354",
"parent":"zxQpVrrxZ",
"text":"是这个理",
"mid":"zC8sT5YIo",
"date":"2013-06-19 13:06:10"
},
{
"kids":[],
"uid":"2101042265",
"parent":"",
"text":"保护好自己[帅]",
"mid":"zzCWNpOr5",
"date":"2013-06-03 01:11:22"
},
{
"kids":[],
"uid":"2280760133",
"parent":"zxJj19yLY",
"text":"",
"mid":"zyq4rABfZ",
"date":"2013-05-26 02:34:12"
},
{
"kids":[],
"uid":"2042441302",
"parent":"",
"text":"@小夕-520 三牌楼这么不安全啊",
"mid":"zya5wF0I2",
"date":"2013-05-24 09:52:55"
},
{
"kids":[],
"uid":"1893744714",
"parent":"zxQJflXHC",
"text":"",
"mid":"zxWnTkaOg",
"date":"2013-05-22 22:59:42"
},
{
"kids":[],
"uid":"ellen7li",
"parent":"zxTX9smpH",
"text":"",
"mid":"zxVJcnRDD",
"date":"2013-05-22 21:19:25"
},
{
"kids":[],
"uid":"2517234150",
"parent":"",
"text":"",
"mid":"zxVBCyZy1",
"date":"2013-05-22 21:00:46"
},
{
"kids":[],
"uid":"1578965442",
"parent":"zxHEw1RXl",
"text":"回复@wyh201009:能死你类！[挖鼻屎]",
"mid":"zxUNXxWgS",
"date":"2013-05-22 18:58:24"
},
{
"kids":[],
"uid":"2469647564",
"parent":"zxKeimsuR",
"text":"肯跌的世道啊",
"mid":"zxU76sntJ",
"date":"2013-05-22 17:12:51"
},
{
"kids":[
"zxVJcnRDD"
],
"uid":"1867425210",
"parent":"zxTsfumyx",
"text":"[good]",
"mid":"zxTX9smpH",
"date":"2013-05-22 16:48:20"
},
{
"kids":[
"zxTX9smpH"
],
"uid":"2825252460",
"parent":"zxKb2g7IU",
"text":"南京的警察都在奥体打球迷呢。哪有时间带你查这种事情啊。打人多爽啊！而且是打女球迷哦。打的时候，警察顺便摸摸胸，多惬意啊。帮你来查案，当警察是傻逼啊？",
"mid":"zxTsfumyx",
"date":"2013-05-22 15:32:12"
},
{
"kids":[],
"uid":"frankxxp",
"parent":"zxTiVd1pr",
"text":"我昨天就说这是假消息了，警察没理我",
"mid":"zxTjr8sj7",
"date":"2013-05-22 15:10:27"
},
{
"kids":[
"zxTjr8sj7"
],
"uid":"1904969615",
"parent":"zxQaR4b1P",
"text":"",
"mid":"zxTiVd1pr",
"date":"2013-05-22 15:09:14"
},
{
"kids":[],
"uid":"zoesilversun",
"parent":"",
"text":"南京哦",
"mid":"zxSbN637u",
"date":"2013-05-22 12:18:54"
},
{
"kids":[],
"uid":"livecome",
"parent":"zxQpVrrxZ",
"text":"",
"mid":"zxS0jgP4s",
"date":"2013-05-22 11:50:37"
},
{
"kids":[],
"uid":"vegcat",
"parent":"zxJCsqZNn",
"text":"[衰][衰]",
"mid":"zxRXLuhUu",
"date":"2013-05-22 11:44:20"
},
{
"kids":[],
"uid":"2713535461",
"parent":"zxQJflXHC",
"text":"",
"mid":"zxRMycFnz",
"date":"2013-05-22 11:16:42"
},
{
"kids":[],
"uid":"2525639567",
"parent":"",
"text":"让他们吃屎都侮辱了屎",
"mid":"zxRLOlY8b",
"date":"2013-05-22 11:14:53"
},
{
"kids":[],
"uid":"1873229721",
"parent":"",
"text":"人贩子太可怕了",
"mid":"zxRr4nTSJ",
"date":"2013-05-22 10:23:47"
},
{
"kids":[],
"uid":"1219028077",
"parent":"zxRog2twS",
"text":"我早就对警察不报任何希望了，都是蛀虫",
"mid":"zxRozxLNw",
"date":"2013-05-22 10:17:39"
},
{
"kids":[
"zxRozxLNw"
],
"uid":"3433077664",
"parent":"zxMupxNEp",
"text":"不光南京警察，全国警察都这样",
"mid":"zxRog2twS",
"date":"2013-05-22 10:16:52"
},
{
"kids":[],
"uid":"ying891209",
"parent":"",
"text":"我觉得遇到这种事我能傻。。。[衰]",
"mid":"zxQYZ3tW3",
"date":"2013-05-22 09:14:36"
},
{
"kids":[],
"uid":"2914630407",
"parent":"",
"text":"一巴抽死他，看他还认你了！",
"mid":"zxQXjErCT",
"date":"2013-05-22 09:10:30"
},
{
"kids":[
"zxWnTkaOg",
"zxRMycFnz"
],
"uid":"venustang",
"parent":"zxI9S5ZKn",
"text":"太可怕",
"mid":"zxQJflXHC",
"date":"2013-05-22 08:35:49"
},
{
"kids":[],
"uid":"2617107221",
"parent":"zxQuo2O3b",
"text":"那么吓人？/@晓角残漏:真的好恐怖",
"mid":"zxQEuscwP",
"date":"2013-05-22 08:24:06"
},
{
"kids":[],
"uid":"1956080374",
"parent":"",
"text":"",
"mid":"zxQyYzfBo",
"date":"2013-05-22 08:10:32"
},
{
"kids":[],
"uid":"1812686584",
"parent":"zxMkf13WH",
"text":"恐怖的令人发指。。。。",
"mid":"zxQyYfgFt",
"date":"2013-05-22 08:10:31"
},
{
"kids":[],
"uid":"2286619684",
"parent":"zxMkf13WH",
"text":"恐怖啊  以前好像网上说地铁里也有遇到过的",
"mid":"zxQvNd3Rt",
"date":"2013-05-22 08:02:40"
},
{
"kids":[
"zxQEuscwP"
],
"uid":"2613040702",
"parent":"zxQpVrrxZ",
"text":"真的好恐怖",
"mid":"zxQuo2O3b",
"date":"2013-05-22 07:59:13"
},
{
"kids":[
"zC8sT5YIo",
"zxS0jgP4s",
"zxQuo2O3b"
],
"uid":"2135481582",
"parent":"zxQjnqfbE",
"text":"微博维信都不要暴露自己的真实信息和所在地点，太危险！[怒]",
"mid":"zxQpVrrxZ",
"date":"2013-05-22 07:48:13"
},
{
"kids":[],
"uid":"1802919934",
"parent":"zxQaR4b1P",
"text":"安全第一",
"mid":"zxQo8DlEf",
"date":"2013-05-22 07:43:50"
},
{
"kids":[
"zC8sT5YIo",
"zxQpVrrxZ"
],
"uid":"tutu0203",
"parent":"zxJm4zLPy",
"text":"单独出门要小心",
"mid":"zxQjnqfbE",
"date":"2013-05-22 07:32:06"
},
{
"kids":[],
"uid":"1215859523",
"parent":"",
"text":"@扬子晚报",
"mid":"zxQfLss1v",
"date":"2013-05-22 07:23:12"
},
{
"kids":[],
"uid":"1866902861",
"parent":"zxC67b3WF",
"text":"",
"mid":"zxQbup5Fv",
"date":"2013-05-22 07:12:40"
},
{
"kids":[
"zxTiVd1pr",
"zxQo8DlEf"
],
"uid":"1913333970",
"parent":"zxJFbwca7",
"text":"在南京的MM注意了",
"mid":"zxQaR4b1P",
"date":"2013-05-22 07:11:09"
},
{
"kids":[],
"uid":"1898279335",
"parent":"zxPRqn16v",
"text":"神马时候斗这么危险！",
"mid":"zxQ8o3EFM",
"date":"2013-05-22 07:05:00"
},
{
"kids":[
"zxQ8o3EFM"
],
"uid":"fr060318",
"parent":"zxOxbnEOn",
"text":"回国小心点[哼]@Mariony",
"mid":"zxPRqn16v",
"date":"2013-05-22 06:23:14"
},
{
"kids":[],
"uid":"1891984210",
"parent":"zxKnE8tMJ",
"text":"@南京治安",
"mid":"zxPKCqaca",
"date":"2013-05-22 06:06:27"
},
{
"kids":[],
"uid":"sgrkitty",
"parent":"",
"text":"这世道。。。",
"mid":"zxPJs1vvR",
"date":"2013-05-22 06:03:34"
},
{
"kids":[],
"uid":"3021445535",
"parent":"zxMuItxlf",
"text":"呆避样子，还叉个腰，叉你妹",
"mid":"zxPx70gVH",
"date":"2013-05-22 05:33:11"
},
{
"kids":[],
"uid":"2809899290",
"parent":"",
"text":"太吓人了！",
"mid":"zxPlPxLYG",
"date":"2013-05-22 05:05:23"
},
{
"kids":[],
"uid":"jintao69",
"parent":"",
"text":"草泥马的社会治安",
"mid":"zxPjcb4WA",
"date":"2013-05-22 04:58:53"
},
{
"kids":[
"zxPRqn16v"
],
"uid":"1930713261",
"parent":"",
"text":"哎 真丑恶[抓狂]",
"mid":"zxOxbnEOn",
"date":"2013-05-22 03:00:37"
},
{
"kids":[],
"uid":"3191537527",
"parent":"",
"text":"我在新浦帮过一个姑凉，结果是性工作者和顾客价格没谈拢[汗]",
"mid":"zxNRtv78t",
"date":"2013-05-22 01:17:52"
},
{
"kids":[],
"uid":"ttailinchun",
"parent":"",
"text":"@CHNNJLin先森森森森森森森森 以后一下班就肥家！",
"mid":"zxNL5g8cO",
"date":"2013-05-22 01:02:07"
},
{
"kids":[],
"uid":"3174967472",
"parent":"",
"text":"以前只是在人人上看到 这次来真的了 好吓人~~",
"mid":"zxNCs5GXD",
"date":"2013-05-22 00:40:48"
},
{
"kids":[],
"uid":"2011539891",
"parent":"zxJG80mRy",
"text":"",
"mid":"zxNxXrJ6u",
"date":"2013-05-22 00:29:45"
},
{
"kids":[],
"uid":"2042504185",
"parent":"zxKe6gYEt",
"text":"",
"mid":"zxNwCsmf7",
"date":"2013-05-22 00:26:26"
},
{
"kids":[],
"uid":"3319522371",
"parent":"zxMkf13WH",
"text":"之前看到过得，太吓人了。",
"mid":"zxNqQyStx",
"date":"2013-05-22 00:12:16"
},
{
"kids":[],
"uid":"1931690510",
"parent":"zxMX96OM5",
"text":"这个地方怎么看怎么像上课的地方……每个星期都要走啊……",
"mid":"zxNinefe1",
"date":"2013-05-21 23:51:23"
},
{
"kids":[],
"uid":"leo428",
"parent":"zxJbR52ck",
"text":"",
"mid":"zxNhSawPt",
"date":"2013-05-21 23:50:11"
},
{
"kids":[],
"uid":"1258963097",
"parent":"",
"text":"！！",
"mid":"zxNgY4fl6",
"date":"2013-05-21 23:47:54"
},
{
"kids":[],
"uid":"1857178932",
"parent":"",
"text":"好可怕[难过]",
"mid":"zxNfQggvc",
"date":"2013-05-21 23:45:08"
},
{
"kids":[],
"uid":"2729894455",
"parent":"zxKeimsuR",
"text":"@失控的胖女子  @divingorange  @末倩 世风日下！！！注意安全 晚上自己别乱跑",
"mid":"zxNfhp4Wt",
"date":"2013-05-21 23:43:43"
},
{
"kids":[],
"uid":"1291442594",
"parent":"",
"text":"果断回火星",
"mid":"zxNf5Bm51",
"date":"2013-05-21 23:43:18"
},
{
"kids":[],
"uid":"yinli771881",
"parent":"zxNbqp0Oz",
"text":"我骑车啊",
"mid":"zxNeaA0L2",
"date":"2013-05-21 23:41:02"
},
{
"kids":[
"zxNeaA0L2"
],
"uid":"icoki",
"parent":"",
"text":"我操，我不得不爆粗口了，警察要了干嘛的？操！",
"mid":"zxNbqp0Oz",
"date":"2013-05-21 23:34:14"
},
{
"kids":[],
"uid":"1748796371",
"parent":"",
"text":"[怒]",
"mid":"zxNaF6UPr",
"date":"2013-05-21 23:32:21"
},
{
"kids":[],
"uid":"1916903547",
"parent":"",
"text":"",
"mid":"zxN9AiQwS",
"date":"2013-05-21 23:29:41"
},
{
"kids":[],
"uid":"call4008828288",
"parent":"",
"text":"",
"mid":"zxN4TzLN5",
"date":"2013-05-21 23:18:11"
},
{
"kids":[],
"uid":"windpacer",
"parent":"zxMVehy0Y",
"text":"原po为何不记录出警警员警号？",
"mid":"zxN1atH41",
"date":"2013-05-21 23:08:59"
},
{
"kids":[],
"uid":"2821573684",
"parent":"",
"text":"被吓死了怎么办，好怕被拐卖",
"mid":"zxN09gG9Z",
"date":"2013-05-21 23:06:29"
},
{
"kids":[],
"uid":"1852125831",
"parent":"",
"text":"太可怕了，老拐子来老[晕][晕][晕][晕]",
"mid":"zxMZ54Qji",
"date":"2013-05-21 23:03:51"
},
{
"kids":[],
"uid":"qiqulipin",
"parent":"zxKgZARxZ",
"text":"人民警察负点责好吗？不要让女孩子在最无助的时候看到希望又破灭",
"mid":"zxMZ1vQcV",
"date":"2013-05-21 23:03:40"
},
{
"kids":[],
"uid":"1858889947",
"parent":"zxMAqr0va",
"text":"",
"mid":"zxMYAj7wp",
"date":"2013-05-21 23:02:38"
},
{
"kids":[
"zxNinefe1"
],
"uid":"anglelovezyf",
"parent":"zxKwCi8gO",
"text":"这该怎搞…",
"mid":"zxMX96OM5",
"date":"2013-05-21 22:59:06"
},
{
"kids":[
"zxN1atH41"
],
"uid":"2007014581",
"parent":"",
"text":"不会吧，这么夸张？",
"mid":"zxMVehy0Y",
"date":"2013-05-21 22:54:22"
},
{
"kids":[],
"uid":"2343202950",
"parent":"",
"text":"",
"mid":"zxMQTEWcn",
"date":"2013-05-21 22:43:39"
},
{
"kids":[],
"uid":"1920698343",
"parent":"",
"text":"转发微博。",
"mid":"zxMPLmrII",
"date":"2013-05-21 22:40:54"
},
{
"kids":[],
"uid":"123771210",
"parent":"",
"text":"太恐怖了",
"mid":"zxMNNATRd",
"date":"2013-05-21 22:36:01"
},
{
"kids":[],
"uid":"1860073660",
"parent":"zxMupxNEp",
"text":"卧槽警察都是吃软饭的嘛艹",
"mid":"zxMN2j1Cp",
"date":"2013-05-21 22:34:09"
},
{
"kids":[],
"uid":"1301469667",
"parent":"",
"text":"姑娘们都别自己单独上街了，男同胞都去接接老婆〜",
"mid":"zxMLneYPM",
"date":"2013-05-21 22:30:04"
},
{
"kids":[],
"uid":"1277309102",
"parent":"",
"text":"@火紫炎 这个芯恐怖来。。。",
"mid":"zxMK3lwOn",
"date":"2013-05-21 22:26:50"
},
{
"kids":[],
"uid":"1758642491",
"parent":"",
"text":"天啊，到处都是骗子强盗，还让不让人活啦！",
"mid":"zxMJdkURe",
"date":"2013-05-21 22:24:47"
},
{
"kids":[],
"uid":"shanshancarissa",
"parent":"",
"text":"太特么恐怖了，换我直接跟他彪方言[思考]",
"mid":"zxMFVrwLN",
"date":"2013-05-21 22:16:39"
},
{
"kids":[],
"uid":"miuraaa",
"parent":"zxK7ADIbr",
"text":"",
"mid":"zxMFxg8rD",
"date":"2013-05-21 22:15:40"
},
{
"kids":[],
"uid":"dming",
"parent":"",
"text":"南京小姑娘要小心哦，大半夜的，不要出来鬼转！@catherine23gl @戴小胆疯癫进行时 @venatica媛",
"mid":"zxMEV9HMC",
"date":"2013-05-21 22:14:11"
},
{
"kids":[],
"uid":"lite1t",
"parent":"",
"text":"走起。大家给注意了",
"mid":"zxMBahRJm",
"date":"2013-05-21 22:04:55"
},
{
"kids":[
"zxMYAj7wp"
],
"uid":"hjnjhjnj",
"parent":"zxMjvcpB8",
"text":"",
"mid":"zxMAqr0va",
"date":"2013-05-21 22:03:07"
},
{
"kids":[],
"uid":"206828217",
"parent":"zxHUT2hRy",
"text":"纯转！",
"mid":"zxMzncMee",
"date":"2013-05-21 22:00:29"
},
{
"kids":[],
"uid":"1351639825",
"parent":"zxMvHmKU2",
"text":"",
"mid":"zxMzglLhG",
"date":"2013-05-21 22:00:12"
},
{
"kids":[
"zxMzglLhG"
],
"uid":"xiaohetongzhi",
"parent":"zxM8D9yRj",
"text":"遇到必管，就算是家庭纠纷也敢插手【何万青",
"mid":"zxMvHmKU2",
"date":"2013-05-21 21:51:25"
},
{
"kids":[
"zxPx70gVH"
],
"uid":"zxy80",
"parent":"zxMsnFtQE",
"text":"天！还有这样无赖的方式！",
"mid":"zxMuItxlf",
"date":"2013-05-21 21:49:03"
},
{
"kids":[
"zxRog2twS",
"zxMN2j1Cp"
],
"uid":"cherishp49",
"parent":"zxMsv3WrM",
"text":"南京警察是拽的跟个二百五一样的",
"mid":"zxMupxNEp",
"date":"2013-05-21 21:48:18"
},
{
"kids":[],
"uid":"1749790741",
"parent":"",
"text":"人贩子真该凌迟处死[怒][怒][怒]",
"mid":"zxMtufPen",
"date":"2013-05-21 21:46:00"
},
{
"kids":[],
"uid":"206105218",
"parent":"zxMkf13WH",
"text":"转给更多人知道！[怒]",
"mid":"zxMtbjldm",
"date":"2013-05-21 21:45:18"
},
{
"kids":[
"zxMupxNEp"
],
"uid":"2550390421",
"parent":"zxMaYwWsF",
"text":"@紅燦燦de葉子",
"mid":"zxMsv3WrM",
"date":"2013-05-21 21:43:34"
},
{
"kids":[
"zxMuItxlf"
],
"uid":"71462229",
"parent":"",
"text":"还好公安系统有同学〜〜〜〜",
"mid":"zxMsnFtQE",
"date":"2013-05-21 21:43:16"
},
{
"kids":[],
"uid":"fayerus",
"parent":"",
"text":"@王乾达同学",
"mid":"zxMrLz7jf",
"date":"2013-05-21 21:41:46"
},
{
"kids":[],
"uid":"z378419850",
"parent":"",
"text":"[晕]",
"mid":"zxMqdxd5E",
"date":"2013-05-21 21:37:58"
},
{
"kids":[],
"uid":"1859339924",
"parent":"zxLqKx2WN",
"text":"MB",
"mid":"zxModnJVT",
"date":"2013-05-21 21:33:03"
},
{
"kids":[],
"uid":"1256890054",
"parent":"zxEN1kgWd",
"text":"",
"mid":"zxMmxFc4y",
"date":"2013-05-21 21:28:54"
},
{
"kids":[],
"uid":"1790448601",
"parent":"zxLSFiwW6",
"text":"[汗]",
"mid":"zxMmog8sm",
"date":"2013-05-21 21:28:30"
},
{
"kids":[],
"uid":"2682767084",
"parent":"",
"text":"这就是现在所谓“盛世”的真实写照。。。真正的盛世是夜不闭户，路不拾遗，人民安居乐业，没有鸡鸣狗盗之辈，而现在的这个神奇国度是怎样的呢？充其量最多就是和平时期的驰世而已，立法不明，执法不严，且国之无信于民。。。现今的时局就应当效仿“诸葛亮治蜀”，弛世就当用重典，凡事严于法度。。。",
"mid":"zxMl18IU5",
"date":"2013-05-21 21:25:09"
},
{
"kids":[
"zxQyYfgFt",
"zxQvNd3Rt",
"zxNqQyStx",
"zxMtbjldm"
],
"uid":"ake1986",
"parent":"zxLfeFRYY",
"text":"[衰][吃惊][吃惊][吃惊]",
"mid":"zxMkf13WH",
"date":"2013-05-21 21:23:12"
},
{
"kids":[
"zxMAqr0va"
],
"uid":"2231177494",
"parent":"zxMcJyv9O",
"text":"",
"mid":"zxMjvcpB8",
"date":"2013-05-21 21:21:24"
},
{
"kids":[],
"uid":"529893678",
"parent":"",
"text":"",
"mid":"zxMiwkwc6",
"date":"2013-05-21 21:19:00"
},
{
"kids":[],
"uid":"3043717927",
"parent":"",
"text":"",
"mid":"zxMifasUu",
"date":"2013-05-21 21:18:19"
},
{
"kids":[],
"uid":"cocowy",
"parent":"zxMcJyv9O",
"text":"晚上不能出门。。",
"mid":"zxMiapvvU",
"date":"2013-05-21 21:18:08"
},
{
"kids":[],
"uid":"1413127902",
"parent":"zxLkiu0SA",
"text":"这警察可以去屎了！",
"mid":"zxMgijrz2",
"date":"2013-05-21 21:13:31"
},
{
"kids":[],
"uid":"justin0101",
"parent":"zxMbQCcN3",
"text":"事实证明南京的警察脑子特别好屎~~",
"mid":"zxMfddxwE",
"date":"2013-05-21 21:10:48"
},
{
"kids":[],
"uid":"2099644405",
"parent":"zxLE8iYb9",
"text":"[失望]",
"mid":"zxMcUdSYY",
"date":"2013-05-21 21:05:10"
},
{
"kids":[
"zxMjvcpB8",
"zxMiapvvU"
],
"uid":"2714944295",
"parent":"zxLkiu0SA",
"text":"各位女生千万当心",
"mid":"zxMcJyv9O",
"date":"2013-05-21 21:04:45"
},
{
"kids":[
"zxMfddxwE"
],
"uid":"2138423057",
"parent":"zxMaYwWsF",
"text":"",
"mid":"zxMbQCcN3",
"date":"2013-05-21 21:02:34"
},
{
"kids":[],
"uid":"1725569251",
"parent":"zxM8TF45z",
"text":"这警察真狗屁，问个名字不行吗？",
"mid":"zxMbp7KdY",
"date":"2013-05-21 21:01:25"
},
{
"kids":[
"zxMsv3WrM",
"zxMbQCcN3"
],
"uid":"lovelessmoon0325",
"parent":"zxM8D9yRj",
"text":"MB越来越猖狂了！以后可不能袖手旁观！都要长个心眼啊！",
"mid":"zxMaYwWsF",
"date":"2013-05-21 21:00:22"
},
{
"kids":[
"zxMbp7KdY"
],
"uid":"toonboy",
"parent":"zxM6zc2FA",
"text":"",
"mid":"zxM8TF45z",
"date":"2013-05-21 20:55:18"
},
{
"kids":[
"zxMvHmKU2",
"zxMaYwWsF"
],
"uid":"2053011860",
"parent":"zxM6zc2FA",
"text":"就算是家庭纠纷也必须管啊！中国从来就没缺过鬼父鬼母好哇！ @平安南京",
"mid":"zxM8D9yRj",
"date":"2013-05-21 20:54:38"
},
{
"kids":[],
"uid":"2750230241",
"parent":"zxLXm0DOq",
"text":"必须转。。。大家警惕。帮助别人",
"mid":"zxM7dowHF",
"date":"2013-05-21 20:51:09"
},
{
"kids":[],
"uid":"shuichengqi",
"parent":"",
"text":"",
"mid":"zxM6QBXOA",
"date":"2013-05-21 20:50:15"
},
{
"kids":[
"zxM8TF45z",
"zxM8D9yRj"
],
"uid":"brightfire0528",
"parent":"",
"text":"",
"mid":"zxM6zc2FA",
"date":"2013-05-21 20:49:34"
},
{
"kids":[],
"uid":"1696151512",
"parent":"",
"text":"@陈的负六次方 网上说的是真事阿[生病][生病][生病]",
"mid":"zxM5Wv39O",
"date":"2013-05-21 20:48:01"
},
{
"kids":[],
"uid":"1711960933",
"parent":"zxLW5s3pc",
"text":"中国警察要有用中国很美好的",
"mid":"zxM4HEiWe",
"date":"2013-05-21 20:44:56"
},
{
"kids":[],
"uid":"directorjrzhu",
"parent":"",
"text":"晚上女孩子还是不要出门唯妙！@YeeeeeeG",
"mid":"zxM3U0CvQ",
"date":"2013-05-21 20:42:57"
},
{
"kids":[],
"uid":"2376962570",
"parent":"zxJilvAuh",
"text":"恐怖",
"mid":"zxM34kJU4",
"date":"2013-05-21 20:40:56"
},
{
"kids":[],
"uid":"2847989111",
"parent":"zxLE8iYb9",
"text":"",
"mid":"zxM10mrzQ",
"date":"2013-05-21 20:35:51"
},
{
"kids":[],
"uid":"jooz",
"parent":"",
"text":"",
"mid":"zxLYGaYjh",
"date":"2013-05-21 20:30:04"
},
{
"kids":[],
"uid":"1787535465",
"parent":"zxJKR8k0g",
"text":"三牌楼治安的确比较差，以前晚上回去真有那么点害怕",
"mid":"zxLXHh9a7",
"date":"2013-05-21 20:27:41"
},
{
"kids":[
"zxM7dowHF"
],
"uid":"3157942054",
"parent":"zxLqKx2WN",
"text":"啊呀呀 @R同学要努力治好拖延症",
"mid":"zxLXm0DOq",
"date":"2013-05-21 20:26:50"
},
{
"kids":[
"zxM4HEiWe"
],
"uid":"yanghaiqin1210",
"parent":"zxLLM19P9",
"text":"别再纠结了",
"mid":"zxLW5s3pc",
"date":"2013-05-21 20:23:42"
},
{
"kids":[],
"uid":"1912695003",
"parent":"zxC67b3WF",
"text":"太恐怖啦[吃惊]",
"mid":"zxLUk8lfW",
"date":"2013-05-21 20:19:20"
},
{
"kids":[
"zxMmog8sm"
],
"uid":"1831939430",
"parent":"zxJfssejT",
"text":"滚尼玛，屌现在社会乱的一逼啊，我现在遛狗只敢在小区附近走走，都不敢跑远，太恐怖唠",
"mid":"zxLSFiwW6",
"date":"2013-05-21 20:15:18"
},
{
"kids":[],
"uid":"1444512642",
"parent":"",
"text":"@只卡大师",
"mid":"zxLPUtCpd",
"date":"2013-05-21 20:08:31"
},
{
"kids":[],
"uid":"1444512642",
"parent":"",
"text":"",
"mid":"zxLPN6u4X",
"date":"2013-05-21 20:08:11"
},
{
"kids":[],
"uid":"1770446217",
"parent":"zxLfCjgjC",
"text":"天朝是個法制社會，人民警察靠人民，出動1個小時算快的。我尼瑪在米國時候，看見別人家警察那叫一個慢啊。電話剛挂上5分鐘警察就尼瑪出現。",
"mid":"zxLPx8VMx",
"date":"2013-05-21 20:07:36"
},
{
"kids":[],
"uid":"1829341884",
"parent":"zxLIkkVox",
"text":"恐慌。。。就在家门口",
"mid":"zxLPao7a0",
"date":"2013-05-21 20:06:42"
},
{
"kids":[],
"uid":"kiyo1990",
"parent":"zxKfuh9Dp",
"text":"转，让这些死个几千次都不够的代笔人贩曝光！",
"mid":"zxLOEcuZp",
"date":"2013-05-21 20:05:24"
},
{
"kids":[
"zxLW5s3pc"
],
"uid":"1994016765",
"parent":"",
"text":"这个骗术全国各地都有啦现在",
"mid":"zxLLM19P9",
"date":"2013-05-21 19:58:16"
},
{
"kids":[],
"uid":"2241071145",
"parent":"",
"text":"赫人@我就素那颗水桶腰的菜",
"mid":"zxLLejySl",
"date":"2013-05-21 19:56:59"
},
{
"kids":[],
"uid":"1994016765",
"parent":"",
"text":"[怒]南京=江宁么！！！",
"mid":"zxLL35Qct",
"date":"2013-05-21 19:56:29"
},
{
"kids":[],
"uid":"1994016765",
"parent":"",
"text":"你妹的，看完这个你还要在微博喊我名字啊，要是哪天我在外面遇到这种事，那人肯定关注了你们。。。",
"mid":"zxLKwyu0L",
"date":"2013-05-21 19:55:15"
},
{
"kids":[],
"uid":"1994016765",
"parent":"zxLJ8zyDx",
"text":"两三站吧好像，我以前从那什么宫站跑到三牌楼哎",
"mid":"zxLJOy7yW",
"date":"2013-05-21 19:53:29"
},
{
"kids":[
"zxLJOy7yW"
],
"uid":"yanghaiqin1210",
"parent":"zxLHBrzts",
"text":"三牌楼也不在我这边哎，靠湖南路过去哎",
"mid":"zxLJ8zyDx",
"date":"2013-05-21 19:51:49"
},
{
"kids":[
"zxLPao7a0"
],
"uid":"l1tchi",
"parent":"",
"text":"",
"mid":"zxLIkkVox",
"date":"2013-05-21 19:49:48"
},
{
"kids":[],
"uid":"2946531220",
"parent":"",
"text":"",
"mid":"zxLHUjovY",
"date":"2013-05-21 19:48:46"
},
{
"kids":[],
"uid":"1407603681",
"parent":"zxKADohCy",
"text":"@江宁公安在线 婆婆怎么看？",
"mid":"zxLHH451n",
"date":"2013-05-21 19:48:16"
},
{
"kids":[
"zxLJ8zyDx"
],
"uid":"1994016765",
"parent":"zxLmsiQzP",
"text":"三牌楼在@Smile_Haiqin 你们那边哎！！！艾特江宁的有点远。。。",
"mid":"zxLHBrzts",
"date":"2013-05-21 19:48:01"
},
{
"kids":[],
"uid":"1955310735",
"parent":"zxLfeFRYY",
"text":"这都是什么世道阿？",
"mid":"zxLGMjq8G",
"date":"2013-05-21 19:46:00"
},
{
"kids":[
"zxMcUdSYY",
"zxM10mrzQ"
],
"uid":"yuexiaxiaosheng",
"parent":"",
"text":"",
"mid":"zxLE8iYb9",
"date":"2013-05-21 19:39:30"
},
{
"kids":[],
"uid":"xxxxless",
"parent":"",
"text":"",
"mid":"zxLDBeUIx",
"date":"2013-05-21 19:38:09"
},
{
"kids":[],
"uid":"732202343",
"parent":"",
"text":"",
"mid":"zxLDAAhIi",
"date":"2013-05-21 19:38:10"
},
{
"kids":[],
"uid":"2274356601",
"parent":"zxLwTt7uX",
"text":"电话朋友家人来就自己 或者让陌生人报出自己家里电话",
"mid":"zxLCckhJy",
"date":"2013-05-21 19:34:43"
},
{
"kids":[],
"uid":"2135903972",
"parent":"",
"text":"大家小心!!!!我想該隨身帶個防狼噴霧器好了[泪]",
"mid":"zxLB429Pk",
"date":"2013-05-21 19:31:55"
},
{
"kids":[],
"uid":"kikiwj",
"parent":"zxJBll7Zu",
"text":"一个字滚！",
"mid":"zxLwW8R62",
"date":"2013-05-21 19:21:44"
},
{
"kids":[
"zxLCckhJy"
],
"uid":"1743119987",
"parent":"zxLeZiEK0",
"text":"那应该咋办呢[吃惊]",
"mid":"zxLwTt7uX",
"date":"2013-05-21 19:21:38"
},
{
"kids":[],
"uid":"2376639404",
"parent":"zxLqPzJ8Y",
"text":"路边随便指一个人，爸我欠我朋友三千你帮我先摸出来好不好",
"mid":"zxLvcxFAn",
"date":"2013-05-21 19:17:28"
},
{
"kids":[],
"uid":"2376639404",
"parent":"zxLqPzJ8Y",
"text":"",
"mid":"zxLuFah8b",
"date":"2013-05-21 19:16:13"
},
{
"kids":[
"zxLvcxFAn",
"zxLuFah8b"
],
"uid":"1894423274",
"parent":"",
"text":"卧槽。@海贼族很正经 @正太版大叔 啊大笨蛋谁的女朋友在南京来着？",
"mid":"zxLqPzJ8Y",
"date":"2013-05-21 19:06:45"
},
{
"kids":[
"zxModnJVT",
"zxLXm0DOq"
],
"uid":"2500221140",
"parent":"",
"text":"",
"mid":"zxLqKx2WN",
"date":"2013-05-21 19:06:30"
},
{
"kids":[],
"uid":"1663871825",
"parent":"",
"text":"@二茶不是二傻",
"mid":"zxLqmlBvP",
"date":"2013-05-21 19:05:34"
},
{
"kids":[],
"uid":"2160259980",
"parent":"",
"text":"",
"mid":"zxLpvrxgH",
"date":"2013-05-21 19:03:28"
},
{
"kids":[],
"uid":"1640458642",
"parent":"",
"text":"",
"mid":"zxLpq8uYl",
"date":"2013-05-21 19:03:15"
},
{
"kids":[],
"uid":"2640646931",
"parent":"zxLgLd5mt",
"text":"这种骗局我以前在网上看到过 好恐怖啊",
"mid":"zxLoykxBd",
"date":"2013-05-21 19:01:06"
},
{
"kids":[],
"uid":"2161928660",
"parent":"",
"text":"",
"mid":"zxLo7aXg0",
"date":"2013-05-21 19:00:02"
},
{
"kids":[
"zxLHBrzts"
],
"uid":"e2h13",
"parent":"zxKGvovN9",
"text":"这种事情一定要@江宁公安在线 的哇。蜀黍你说这怎么搞？",
"mid":"zxLmsiQzP",
"date":"2013-05-21 18:55:55"
},
{
"kids":[],
"uid":"1647118160",
"parent":"",
"text":"",
"mid":"zxLlkzytt",
"date":"2013-05-21 18:53:11"
},
{
"kids":[
"zxMgijrz2",
"zxMcJyv9O"
],
"uid":"1004543570",
"parent":"zxLeZiEK0",
"text":"",
"mid":"zxLkiu0SA",
"date":"2013-05-21 18:50:37"
},
{
"kids":[],
"uid":"1231511334",
"parent":"zxKlQrcOL",
"text":"拳击命门好像不太容易",
"mid":"zxLhRrsR1",
"date":"2013-05-21 18:44:37"
},
{
"kids":[
"zxLoykxBd"
],
"uid":"1703666203",
"parent":"",
"text":"真得留点心@平安十堰 @直播十堰 @魔方图",
"mid":"zxLgLd5mt",
"date":"2013-05-21 18:41:53"
},
{
"kids":[
"zxLPx8VMx"
],
"uid":"1742955227",
"parent":"",
"text":"太恐怖了！",
"mid":"zxLfCjgjC",
"date":"2013-05-21 18:39:06"
},
{
"kids":[],
"uid":"2154829633",
"parent":"",
"text":"演技真好",
"mid":"zxLfmn2u6",
"date":"2013-05-21 18:38:27"
},
{
"kids":[
"zxMkf13WH",
"zxLGMjq8G"
],
"uid":"chuchuyoen",
"parent":"",
"text":"我认识的朋友们，特别是漂亮的妹妹们，大家一起小心这种人哦，见到就往死里踹，踹得站不起来最好,保护自己最重要的。",
"mid":"zxLfeFRYY",
"date":"2013-05-21 18:38:10"
},
{
"kids":[
"zxLwTt7uX",
"zxLkiu0SA"
],
"uid":"1401700377",
"parent":"zxJhveiJ7",
"text":"@celia5554",
"mid":"zxLeZiEK0",
"date":"2013-05-21 18:37:33"
},
{
"kids":[],
"uid":"1955912711",
"parent":"",
"text":"@Lillian呢",
"mid":"zxLe9AKlk",
"date":"2013-05-21 18:35:30"
},
{
"kids":[],
"uid":"1256600302",
"parent":"",
"text":"不是吧~就在靠家不远的地方@风中的UFO",
"mid":"zxLdiFxck",
"date":"2013-05-21 18:33:24"
},
{
"kids":[],
"uid":"0yukiii0",
"parent":"zxJAKEkUf",
"text":"不是吧！",
"mid":"zxL7EvSKQ",
"date":"2013-05-21 18:19:26"
},
{
"kids":[],
"uid":"joysu0410",
"parent":"",
"text":"各位 小心啊！",
"mid":"zxL4Agu7W",
"date":"2013-05-21 18:11:53"
},
{
"kids":[],
"uid":"2691994042",
"parent":"zxL0qxifg",
"text":"",
"mid":"zxL4roswH",
"date":"2013-05-21 18:11:32"
},
{
"kids":[],
"uid":"lan0321",
"parent":"",
"text":"尼玛 太恐怖",
"mid":"zxL1AkAIm",
"date":"2013-05-21 18:04:32"
},
{
"kids":[
"zxL4roswH"
],
"uid":"guxizhw",
"parent":"zxKGG1AZh",
"text":"@南京发布 你们怎么看，请正面回答",
"mid":"zxL0qxifg",
"date":"2013-05-21 18:01:39"
},
{
"kids":[],
"uid":"zhoufengwb",
"parent":"",
"text":"南京的公安确实有很多很很SB，对他们真无语的。鸟蛋一群。@南京公安",
"mid":"zxKZRovLO",
"date":"2013-05-21 18:00:16"
},
{
"kids":[],
"uid":"1051290495",
"parent":"zxIwfmpmz",
"text":"",
"mid":"zxKYB60CS",
"date":"2013-05-21 17:57:10"
},
{
"kids":[],
"uid":"1320665500",
"parent":"",
"text":"[汗]",
"mid":"zxKYp06So",
"date":"2013-05-21 17:56:41"
},
{
"kids":[],
"uid":"wangyingbelif0528",
"parent":"zxKiAjp9u",
"text":"这！！！",
"mid":"zxKW4dnkC",
"date":"2013-05-21 17:50:54"
},
{
"kids":[],
"uid":"qmqimiao",
"parent":"",
"text":"[泪]派大星还不让我买瑞士军刀……",
"mid":"zxKUQxO9d",
"date":"2013-05-21 17:47:56"
},
{
"kids":[],
"uid":"gemini070901",
"parent":"",
"text":"下了夜班只能住院！",
"mid":"zxKPlhDMZ",
"date":"2013-05-21 17:34:20"
},
{
"kids":[],
"uid":"1199379514",
"parent":"zxKt0yhrD",
"text":"小马你要胖啊: 妈的警察吃屎的啊",
"mid":"zxKP8wEHH",
"date":"2013-05-21 17:33:49"
},
{
"kids":[],
"uid":"3249632081",
"parent":"",
"text":"直接剁了！！",
"mid":"zxKO3sLre",
"date":"2013-05-21 17:31:13"
},
{
"kids":[],
"uid":"2244641180",
"parent":"",
"text":"",
"mid":"zxKMxt97w",
"date":"2013-05-21 17:27:28"
},
{
"kids":[],
"uid":"1826599053",
"parent":"zxKHibeaH",
"text":"@_曉曉蘇",
"mid":"zxKKgfisD",
"date":"2013-05-21 17:21:50"
},
{
"kids":[],
"uid":"2030474101",
"parent":"zxJxpyta8",
"text":"",
"mid":"zxKJYwaF9",
"date":"2013-05-21 17:21:09"
},
{
"kids":[
"zxKKgfisD"
],
"uid":"1763295010",
"parent":"",
"text":"",
"mid":"zxKHibeaH",
"date":"2013-05-21 17:14:31"
},
{
"kids":[
"zxL0qxifg"
],
"uid":"2256076405",
"parent":"zxKsNiWR8",
"text":"[怒]",
"mid":"zxKGG1AZh",
"date":"2013-05-21 17:12:58"
},
{
"kids":[
"zxLmsiQzP"
],
"uid":"1790037237",
"parent":"zxJX32as0",
"text":"好可怕~~~~",
"mid":"zxKGvovN9",
"date":"2013-05-21 17:12:35"
},
{
"kids":[],
"uid":"moonmoonbunny",
"parent":"zxJxpyta8",
"text":"@讨生活的兔子",
"mid":"zxKFJyxHU",
"date":"2013-05-21 17:10:41"
},
{
"kids":[],
"uid":"378911024",
"parent":"zxKcI2ffb",
"text":"离我这好近啊，要是我碰上了肯定喊我老公干他个逼样带[偷笑]",
"mid":"zxKFiE1zt",
"date":"2013-05-21 17:09:38"
},
{
"kids":[],
"uid":"2213061122",
"parent":"zxJVhFvFQ",
"text":"[生病]",
"mid":"zxKF1e0hT",
"date":"2013-05-21 17:08:53"
},
{
"kids":[],
"uid":"1743745587",
"parent":"zxKrb5ST3",
"text":"",
"mid":"zxKDxl5IP",
"date":"2013-05-21 17:05:15"
},
{
"kids":[],
"uid":"1590476947",
"parent":"zxJ8nD6bl",
"text":"",
"mid":"zxKCg6gHf",
"date":"2013-05-21 17:02:08"
},
{
"kids":[
"zxLHH451n"
],
"uid":"yukiwen1116",
"parent":"zxKrb5ST3",
"text":"晚上不要出门",
"mid":"zxKADohCy",
"date":"2013-05-21 16:58:06"
},
{
"kids":[],
"uid":"1992722972",
"parent":"zxIwfmpmz",
"text":"",
"mid":"zxKxZEDJu",
"date":"2013-05-21 16:51:36"
},
{
"kids":[],
"uid":"63891018",
"parent":"zxJPYcuDr",
"text":"",
"mid":"zxKxH3M31",
"date":"2013-05-21 16:50:51"
},
{
"kids":[],
"uid":"2199891791",
"parent":"zxJObDtKz",
"text":"好恐怖 [悲伤]",
"mid":"zxKxphmLf",
"date":"2013-05-21 16:50:10"
},
{
"kids":[],
"uid":"2292262000",
"parent":"",
"text":"[衰][衰][衰][衰][衰]",
"mid":"zxKxiwEKb",
"date":"2013-05-21 16:49:55"
},
{
"kids":[],
"uid":"1802030513",
"parent":"",
"text":"@小懒猫131",
"mid":"zxKxbqfql",
"date":"2013-05-21 16:49:35"
},
{
"kids":[
"A7arHqaMq",
"zxMX96OM5"
],
"uid":"2011219435",
"parent":"",
"text":"好危险…",
"mid":"zxKwCi8gO",
"date":"2013-05-21 16:48:14"
},
{
"kids":[],
"uid":"1799311111",
"parent":"",
"text":"我次奥[汗][汗]怎么破。。",
"mid":"zxKwb6Pji",
"date":"2013-05-21 16:47:07"
},
{
"kids":[],
"uid":"1457434264",
"parent":"",
"text":"好恐怖！！！",
"mid":"zxKvkdM4n",
"date":"2013-05-21 16:45:03"
},
{
"kids":[],
"uid":"willafan",
"parent":"",
"text":"",
"mid":"zxKvceZKM",
"date":"2013-05-21 16:44:42"
},
{
"kids":[],
"uid":"2079237972",
"parent":"zxK4Hf1n8",
"text":"",
"mid":"zxKv83h3r",
"date":"2013-05-21 16:44:32"
},
{
"kids":[],
"uid":"2208894784",
"parent":"",
"text":"卧槽[怒骂][怒骂]要不要这么恐怖，今天老师还说南京是治安最好的城市[懒得理你]",
"mid":"zxKv1gMtA",
"date":"2013-05-21 16:44:16"
},
{
"kids":[],
"uid":"2062577923",
"parent":"zxKjjh3yd",
"text":"警察不调查就这样不管了？",
"mid":"zxKuYi39J",
"date":"2013-05-21 16:44:11"
},
{
"kids":[],
"uid":"1977700152",
"parent":"zxKrb5ST3",
"text":"@玉子加鸡蛋 @美美土豆lulu",
"mid":"zxKuA6IUf",
"date":"2013-05-21 16:43:12"
},
{
"kids":[],
"uid":"2703582203",
"parent":"",
"text":"@lingz呆傻笨不要哭 @-Helios丶 好恐怖",
"mid":"zxKu8jMUK",
"date":"2013-05-21 16:42:07"
},
{
"kids":[],
"uid":"1740472351",
"parent":"zxJoc4nnz",
"text":"呜呜，都不敢晚上回家了",
"mid":"zxKtBuEwr",
"date":"2013-05-21 16:40:49"
},
{
"kids":[
"zxKP8wEHH"
],
"uid":"1786616777",
"parent":"zxKqq9nxm",
"text":"妈的警察吃屎的啊",
"mid":"zxKt0yhrD",
"date":"2013-05-21 16:39:21"
},
{
"kids":[
"zxKGG1AZh"
],
"uid":"anniesweetie",
"parent":"zxKrb5ST3",
"text":"@平安南京 @南京下关公安微博",
"mid":"zxKsNiWR8",
"date":"2013-05-21 16:38:47"
},
{
"kids":[],
"uid":"2251624044",
"parent":"",
"text":"",
"mid":"zxKstr4pp",
"date":"2013-05-21 16:38:00"
},
{
"kids":[],
"uid":"shanyinxing",
"parent":"zxKrsecZw",
"text":"@喵喵就爱到处玩",
"mid":"zxKrCykeI",
"date":"2013-05-21 16:35:57"
},
{
"kids":[
"zxKrCykeI"
],
"uid":"shanyinxing",
"parent":"zxJRggqmG",
"text":"你要是遇到就吓傻了。",
"mid":"zxKrsecZw",
"date":"2013-05-21 16:35:31"
},
{
"kids":[
"zxKDxl5IP",
"zxKADohCy",
"zxKuA6IUf",
"zxKsNiWR8"
],
"uid":"anniesweetie",
"parent":"zxJHSaAGs",
"text":"太恐怖了，中国人贩子那么猖狂，公安立下汗马功劳，TMD，真想抽那几个公安，靠他们保护，谢特老~那个女的肯定是托，中国人太冷漠了！",
"mid":"zxKrb5ST3",
"date":"2013-05-21 16:34:53"
},
{
"kids":[
"zxKt0yhrD"
],
"uid":"1849599950",
"parent":"",
"text":"死刑判起来！",
"mid":"zxKqq9nxm",
"date":"2013-05-21 16:32:58"
},
{
"kids":[],
"uid":"1963699685",
"parent":"",
"text":"晕倒",
"mid":"zxKqomSNj",
"date":"2013-05-21 16:32:54"
},
{
"kids":[],
"uid":"335688808",
"parent":"",
"text":"",
"mid":"zxKpcr963",
"date":"2013-05-21 16:29:59"
},
{
"kids":[
"zxPKCqaca"
],
"uid":"1645226742",
"parent":"zxKcFAaQ5",
"text":"好想@ 南京的警察让他们多重视重视",
"mid":"zxKnE8tMJ",
"date":"2013-05-21 16:26:08"
},
{
"kids":[],
"uid":"1851678614",
"parent":"zxKeimsuR",
"text":"哎呀 麻痹的 骂 骂死这些人",
"mid":"zxKnakiAd",
"date":"2013-05-21 16:24:57"
},
{
"kids":[
"zxLhRrsR1"
],
"uid":"shuixiu",
"parent":"zxJNgkUTc",
"text":"女孩子都学些空手道防身术什么的，让这些不怕雷劈的败类都立即遭报应，一拳击中他们命门，一脚踢S他们。让警察都休息去，在一旁肥胖而死",
"mid":"zxKlQrcOL",
"date":"2013-05-21 16:21:40"
},
{
"kids":[
"zxKuYi39J"
],
"uid":"poppyhuangping",
"parent":"",
"text":"看着就恐怖",
"mid":"zxKjjh3yd",
"date":"2013-05-21 16:15:25"
},
{
"kids":[
"zxKW4dnkC"
],
"uid":"sheryoo",
"parent":"",
"text":"@好艾特的名 三牌楼噢！你要小心[挖鼻屎]",
"mid":"zxKiAjp9u",
"date":"2013-05-21 16:13:40"
},
{
"kids":[],
"uid":"2935438582",
"parent":"zxJxy98Yv",
"text":"这种骗局很早就有了，大家出门小心点。周围的群众也不要太冷漠了。询问的人多了问题就出来了，这些人才会慌~~",
"mid":"zxKhZFJn7",
"date":"2013-05-21 16:12:13"
},
{
"kids":[],
"uid":"1059891605",
"parent":"",
"text":"不是波？！太恐怖了。。。",
"mid":"zxKhsyvf7",
"date":"2013-05-21 16:10:52"
},
{
"kids":[],
"uid":"1822094857",
"parent":"zxK6J9E6K",
"text":"太恐怖了[晕]",
"mid":"zxKhguSaO",
"date":"2013-05-21 16:10:24"
},
{
"kids":[
"zxMZ1vQcV"
],
"uid":"alexmob",
"parent":"zxK9iq5Cs",
"text":"",
"mid":"zxKgZARxZ",
"date":"2013-05-21 16:09:48"
},
{
"kids":[],
"uid":"2935438582",
"parent":"zxJxy98Yv",
"text":"",
"mid":"zxKgXfb3c",
"date":"2013-05-21 16:09:38"
},
{
"kids":[],
"uid":"2674142174",
"parent":"",
"text":"[吃惊]",
"mid":"zxKgt6HdZ",
"date":"2013-05-21 16:08:25"
},
{
"kids":[],
"uid":"1775234995",
"parent":"",
"text":"",
"mid":"zxKghiO2M",
"date":"2013-05-21 16:07:57"
},
{
"kids":[],
"uid":"cookie1912",
"parent":"",
"text":"终于可以痛快问候他妈了！",
"mid":"zxKfT7uTA",
"date":"2013-05-21 16:07:01"
},
{
"kids":[],
"uid":"wangjieyiru",
"parent":"zxJ8nD6bl",
"text":"真的假的？无限惊恐啊！！",
"mid":"zxKfzAcmC",
"date":"2013-05-21 16:06:15"
},
{
"kids":[
"zxLOEcuZp"
],
"uid":"okshari",
"parent":"",
"text":"艹 被给劳资遇到~",
"mid":"zxKfuh9Dp",
"date":"2013-05-21 16:06:02"
},
{
"kids":[
"zxU76sntJ",
"zxNfhp4Wt",
"zxKnakiAd"
],
"uid":"1729841607",
"parent":"",
"text":"前两天我还转发的这个骗局！！！公安都是吃屎的啊！！如果遇到这种事除非自理的朋友来，不然真的百口莫辩！！太震惊了！！真想骂！！",
"mid":"zxKeimsuR",
"date":"2013-05-21 16:03:06"
},
{
"kids":[
"zxNwCsmf7"
],
"uid":"1745059724",
"parent":"",
"text":"骗子死全家！！！",
"mid":"zxKe6gYEt",
"date":"2013-05-21 16:02:37"
},
{
"kids":[],
"uid":"fu31471370342118",
"parent":"",
"text":"@广州公安 请问这种怎么破？！",
"mid":"zxKdP9ISe",
"date":"2013-05-21 16:01:56"
},
{
"kids":[],
"uid":"1993265105",
"parent":"zxJCMgubO",
"text":"骗子他妈的全家出门都该被车撞死",
"mid":"zxKd025Hz",
"date":"2013-05-21 15:59:54"
},
{
"kids":[
"zxKFiE1zt"
],
"uid":"2670595543",
"parent":"",
"text":"@李由美是大岔比丶 @你猜我叫什么喃 @想名字什么的好讨厌 太可怕了，快躲起来把",
"mid":"zxKcI2ffb",
"date":"2013-05-21 15:59:08"
},
{
"kids":[
"zxKnE8tMJ"
],
"uid":"cmy0328",
"parent":"zxJRVB8UR",
"text":"我屮艸芔茻！！",
"mid":"zxKcFAaQ5",
"date":"2013-05-21 15:59:05"
},
{
"kids":[],
"uid":"xishanlaoyao",
"parent":"",
"text":"人贩子怎么知道名字的？不论真假，提高警惕。当事人警惕也没有用，关键是路人看到要长长心。警察同志也请认真负责一点！@平安南京",
"mid":"zxKbfzbQn",
"date":"2013-05-21 15:55:34"
},
{
"kids":[
"zxTsfumyx"
],
"uid":"2494878440",
"parent":"",
"text":"太25了",
"mid":"zxKb2g7IU",
"date":"2013-05-21 15:55:04"
},
{
"kids":[],
"uid":"2628429253",
"parent":"zxJqUtIyL",
"text":"大家 都长点心！",
"mid":"zxKb20vbl",
"date":"2013-05-21 15:55:03"
},
{
"kids":[
"zxKgZARxZ"
],
"uid":"2128039573",
"parent":"",
"text":"之前也在网上看到过硬抢婴儿的，这些都是团伙作案，在现场扮演不同的角色。女人单独在外，一定要多注意自己的人身安全。",
"mid":"zxK9iq5Cs",
"date":"2013-05-21 15:50:45"
},
{
"kids":[],
"uid":"1829370031",
"parent":"zxJG9bdck",
"text":"[生病][生病][生病][生病]",
"mid":"zxK7C7QF2",
"date":"2013-05-21 15:46:38"
},
{
"kids":[
"zxMFxg8rD"
],
"uid":"1015782770",
"parent":"zxJX32as0",
"text":"@miuraaaa @Dan筱沫 @群儿的幸福 @_大泡泡ALMA__- @素馨安慧 @米小小-Chloe",
"mid":"zxK7ADIbr",
"date":"2013-05-21 15:46:35"
},
{
"kids":[
"zxKhguSaO"
],
"uid":"tinawenwen1989",
"parent":"",
"text":"@Jessie_M呆 @我是小肥婆 @我是巴巴姐 @Belinda_Zhang",
"mid":"zxK6J9E6K",
"date":"2013-05-21 15:44:26"
},
{
"kids":[],
"uid":"2872585202",
"parent":"",
"text":"",
"mid":"zxK6HmenZ",
"date":"2013-05-21 15:44:24"
},
{
"kids":[],
"uid":"1891227883",
"parent":"",
"text":"",
"mid":"zxK5m3peB",
"date":"2013-05-21 15:41:03"
},
{
"kids":[],
"uid":"2731524022",
"parent":"zxJFPEKow",
"text":"小心呐。。。",
"mid":"zxK5134xp",
"date":"2013-05-21 15:40:12"
},
{
"kids":[
"zxKv83h3r"
],
"uid":"santiaguin",
"parent":"zxJNgkUTc",
"text":"以前在奥体那边也听说的，这世界太恐怖！",
"mid":"zxK4Hf1n8",
"date":"2013-05-21 15:39:25"
},
{
"kids":[],
"uid":"2020888001",
"parent":"zxJDB6hPe",
"text":"看的我冒冷汗，真是啥人都有啊",
"mid":"zxK2qAtwl",
"date":"2013-05-21 15:33:52"
},
{
"kids":[],
"uid":"1739856213",
"parent":"zxJC2s6EQ",
"text":"@像青青一样 @病人89号 @_淑_ @MS_漠漠@宫NX@caoyaya 快来围观原PO！！！我以为是某人开了个小号！！！",
"mid":"zxK2qiSll",
"date":"2013-05-21 15:33:54"
},
{
"kids":[],
"uid":"2678118363",
"parent":"",
"text":"",
"mid":"zxK1Uqvls",
"date":"2013-05-21 15:32:35"
},
{
"kids":[],
"uid":"1858596852",
"parent":"zxJHSaAGs",
"text":"这到底为啥？以前有这样抢孩子的",
"mid":"zxJZG5E8H",
"date":"2013-05-21 15:27:05"
},
{
"kids":[],
"uid":"hankyung20",
"parent":"",
"text":"呕尼玛太恐怖鸟",
"mid":"zxJZ7uWNI",
"date":"2013-05-21 15:25:43"
},
{
"kids":[],
"uid":"2241880790",
"parent":"zxJPYcuDr",
"text":"日！",
"mid":"zxJYTBxYH",
"date":"2013-05-21 15:25:11"
},
{
"kids":[],
"uid":"2019999907",
"parent":"",
"text":"",
"mid":"zxJX6xj4p",
"date":"2013-05-21 15:20:43"
},
{
"kids":[],
"uid":"127891129",
"parent":"",
"text":"@septemberhq @Phantom_影 @Tiramisu-渊渊 @ENYA-JIA @小尹_Joanna @_江小羽_一一_ @xyliay_o @Ms丶2小姐 姑凉们 出门注意安全",
"mid":"zxJX5nRI8",
"date":"2013-05-21 15:20:43"
},
{
"kids":[
"zxKGvovN9",
"zxK7ADIbr"
],
"uid":"temisbo",
"parent":"",
"text":"",
"mid":"zxJX32as0",
"date":"2013-05-21 15:20:34"
},
{
"kids":[
"zxKF1e0hT"
],
"uid":"1053035167",
"parent":"",
"text":"",
"mid":"zxJVhFvFQ",
"date":"2013-05-21 15:16:14"
},
{
"kids":[],
"uid":"philip178911",
"parent":"zxJxpyta8",
"text":"@羊小要",
"mid":"zxJV7zLty",
"date":"2013-05-21 15:15:52"
},
{
"kids":[],
"uid":"1638002147",
"parent":"",
"text":"",
"mid":"zxJTUyK68",
"date":"2013-05-21 15:12:53"
},
{
"kids":[],
"uid":"1867806070",
"parent":"",
"text":"我这是买一送一的节奏咯？[挖鼻屎]",
"mid":"zxJTJ1XrG",
"date":"2013-05-21 15:12:23"
},
{
"kids":[],
"uid":"1410625863",
"parent":"",
"text":"这种情况路人就报案吧，一般要把这两个人都带到派出所问个清楚吧@南京发布",
"mid":"zxJTuylTZ",
"date":"2013-05-21 15:11:54"
},
{
"kids":[],
"uid":"701270062",
"parent":"zxJxpyta8",
"text":"",
"mid":"zxJStBE2R",
"date":"2013-05-21 15:09:24"
},
{
"kids":[],
"uid":"577002183",
"parent":"zxJxpyta8",
"text":"",
"mid":"zxJSsa2cz",
"date":"2013-05-21 15:09:17"
},
{
"kids":[],
"uid":"tourbillonc",
"parent":"",
"text":"我来保护你们，我才是你们的爹",
"mid":"zxJRXnD0L",
"date":"2013-05-21 15:08:03"
},
{
"kids":[
"zxKcFAaQ5"
],
"uid":"2285041800",
"parent":"",
"text":"@就叫我一脸死相吧 @给你玩下下 我滴妈~~就在三P楼~~尼玛~~太恐怖赖！！！",
"mid":"zxJRVB8UR",
"date":"2013-05-21 15:08:00"
},
{
"kids":[],
"uid":"gupangzi",
"parent":"zxJfWzJ5b",
"text":"",
"mid":"zxJRN4DBN",
"date":"2013-05-21 15:07:39"
},
{
"kids":[
"zxKrsecZw"
],
"uid":"vincenxiao",
"parent":"",
"text":"@弭文 注意着点",
"mid":"zxJRggqmG",
"date":"2013-05-21 15:06:20"
},
{
"kids":[],
"uid":"seaffia",
"parent":"zxJ4l1VWA",
"text":"我手机就是在三牌楼被抢的。那地方是乱。",
"mid":"zxJR81IJM",
"date":"2013-05-21 15:06:01"
},
{
"kids":[],
"uid":"waltz1991",
"parent":"",
"text":"我很少往那边走啦=3=",
"mid":"zxJQQ05kb",
"date":"2013-05-21 15:05:17"
},
{
"kids":[
"zxKxH3M31",
"zxJYTBxYH"
],
"uid":"meowcmy",
"parent":"zxJMByhKl",
"text":"@江宁公安在线 遭遇到这种事情的时候应该怎么处理呢？尤其是我们的人民公仆都态度都这么敷衍的情况之下，如果再没有敢于出头的热心人，那姑娘的人身安全岂不是很危险",
"mid":"zxJPYcuDr",
"date":"2013-05-21 15:03:13"
},
{
"kids":[],
"uid":"2257544797",
"parent":"zxDP0suGw",
"text":"回复@南京市公安局治巡支队:好吧",
"mid":"zxJPQtUpV",
"date":"2013-05-21 15:02:52"
},
{
"kids":[],
"uid":"3040788025",
"parent":"zxJxpyta8",
"text":"[泪]不敢一个人回家唠",
"mid":"zxJPlazQI",
"date":"2013-05-21 15:01:36"
},
{
"kids":[],
"uid":"gackt520",
"parent":"",
"text":"现在的社会啊",
"mid":"zxJP4lhNk",
"date":"2013-05-21 15:00:55"
},
{
"kids":[],
"uid":"2494782702",
"parent":"zxJNbDNaO",
"text":"好危险@Hey请叫我超人小姐",
"mid":"zxJOH1MPE",
"date":"2013-05-21 15:00:01"
},
{
"kids":[],
"uid":"2688426301",
"parent":"zxJG9bdck",
"text":"@萬把千金換絕情之舔舌不倒翁 小迪說卓爺不@ 他 他也會有危險要加以防範",
"mid":"zxJOy8HZq",
"date":"2013-05-21 14:59:40"
},
{
"kids":[],
"uid":"1899532964",
"parent":"",
"text":"@卷毛乔的麻麻 你多注意点啊，离你太近啦",
"mid":"zxJOnueLu",
"date":"2013-05-21 14:59:14"
},
{
"kids":[],
"uid":"tff0121",
"parent":"",
"text":"注意安全啊各位",
"mid":"zxJOmm13R",
"date":"2013-05-21 14:59:10"
},
{
"kids":[
"zxKxphmLf"
],
"uid":"ritaaandrui",
"parent":"zxJ8nD6bl",
"text":"我操",
"mid":"zxJObDtKz",
"date":"2013-05-21 14:58:46"
},
{
"kids":[],
"uid":"1749057297",
"parent":"",
"text":"@大老虎pc 你看看以后每次都要送我到家门口",
"mid":"zxJO5sF0Y",
"date":"2013-05-21 14:58:32"
},
{
"kids":[],
"uid":"209097022",
"parent":"",
"text":"碰到了请不要慌 不要哭 动脑子",
"mid":"zxJNY6uHs",
"date":"2013-05-21 14:58:14"
},
{
"kids":[],
"uid":"1869723422",
"parent":"zxJCMgubO",
"text":"好凶残的三牌楼大街~~~~",
"mid":"zxJNJht4J",
"date":"2013-05-21 14:57:38"
},
{
"kids":[
"zxKlQrcOL",
"zxK4Hf1n8"
],
"uid":"njmoli",
"parent":"",
"text":"骗子曝光，大家记住他们的样子。今天是一个极烂的日子，N多负能量。这个世道，我恨死了！",
"mid":"zxJNgkUTc",
"date":"2013-05-21 14:56:33"
},
{
"kids":[],
"uid":"278559904",
"parent":"",
"text":"老婆这是你家那里吧！你要小心啊不过岳父好NB的样子！",
"mid":"zxJNcwyA9",
"date":"2013-05-21 14:56:21"
},
{
"kids":[
"zxJOH1MPE"
],
"uid":"2265884960",
"parent":"",
"text":"好危险的样子",
"mid":"zxJNbDNaO",
"date":"2013-05-21 14:56:18"
},
{
"kids":[],
"uid":"1833921373",
"parent":"",
"text":"一群吃饱撑着的大叔大妈，是我就大喊，我走失的这几年你管过我吗？没良心的！#￥%……&*先制恶人于死地！！！以后我要更多出没三牌楼，扫除社会败类！！！当然从手机被偷警察不管的事情上我就不想多说什么了。。。",
"mid":"zxJN1h0r1",
"date":"2013-05-21 14:55:54"
},
{
"kids":[
"zxJPYcuDr"
],
"uid":"meowcmy",
"parent":"",
"text":"现在的人都太冷漠了..........",
"mid":"zxJMByhKl",
"date":"2013-05-21 14:54:53"
},
{
"kids":[],
"uid":"333141000",
"parent":"",
"text":"大家小心点",
"mid":"zxJLTfSX7",
"date":"2013-05-21 14:53:05"
},
{
"kids":[],
"uid":"1832819775",
"parent":"zxIXKoHES",
"text":"",
"mid":"zxJLPnSne",
"date":"2013-05-21 14:52:58"
},
{
"kids":[],
"uid":"whydonotithinkthat",
"parent":"",
"text":"",
"mid":"zxJLsmjSf",
"date":"2013-05-21 14:52:01"
},
{
"kids":[
"zxLXHh9a7"
],
"uid":"dongdong1986",
"parent":"zxJnP2xmx",
"text":"@江宁公安在线",
"mid":"zxJKR8k0g",
"date":"2013-05-21 14:50:34"
},
{
"kids":[],
"uid":"2257544797",
"parent":"zxDP0suGw",
"text":"回复@南京市公安局治巡支队:假如，我是说假如，此条长微博所述属实，被我给碰上了，蜀黍可有应对方法教我们，既能保全自身，又能留下证据证明此人犯罪事实的？(替广大转发此微博的无数恐慌妇女问)[互相膜拜]",
"mid":"zxJKLdFct",
"date":"2013-05-21 14:50:19"
},
{
"kids":[],
"uid":"1280305961",
"parent":"",
"text":"[吐]不尽责",
"mid":"zxJKKC1ra",
"date":"2013-05-21 14:50:19"
},
{
"kids":[],
"uid":"20921205",
"parent":"",
"text":"如果这个是真的，那。。。。",
"mid":"zxJKroagW",
"date":"2013-05-21 14:49:33"
},
{
"kids":[],
"uid":"1916182251",
"parent":"",
"text":"",
"mid":"zxJJM66r7",
"date":"2013-05-21 14:47:55"
},
{
"kids":[],
"uid":"luckymaggiehu",
"parent":"",
"text":"遇到这事，该怎么办？",
"mid":"zxJJz3gEF",
"date":"2013-05-21 14:47:23"
},
{
"kids":[],
"uid":"kayawai",
"parent":"zxJA8fvf8",
"text":"以前在家晚上十一点半还下楼穿过路边猜拳吹瓶的光膀子醉汉们买凉茶，到了南京后晚上九点后就是不安的时间，能回学校一定回。闲散不良见多不怪，怕的是人心冷漠。@南京发布 @平安南京 @南京零距离 @南京头条",
"mid":"zxJITn3jL",
"date":"2013-05-21 14:45:43"
},
{
"kids":[],
"uid":"1084856652",
"parent":"",
"text":"[吃惊]",
"mid":"zxJIkfuYB",
"date":"2013-05-21 14:44:20"
},
{
"kids":[
"zxKrb5ST3",
"zxJZG5E8H"
],
"uid":"1598588444",
"parent":"zxJi0f0m7",
"text":"太kb了吧？[吃惊]",
"mid":"zxJHSaAGs",
"date":"2013-05-21 14:43:13"
},
{
"kids":[],
"uid":"1598588444",
"parent":"zxJi0f0m7",
"text":"@孟非 @南京零距离",
"mid":"zxJHtl1Wz",
"date":"2013-05-21 14:42:14"
},
{
"kids":[],
"uid":"cchen0530",
"parent":"",
"text":"",
"mid":"zxJHoiW1y",
"date":"2013-05-21 14:42:00"
},
{
"kids":[],
"uid":"2162487475",
"parent":"zxJxpyta8",
"text":"警察叔叔怎么说？？？？？？？？",
"mid":"zxJGakCCS",
"date":"2013-05-21 14:39:01"
},
{
"kids":[
"zxK7C7QF2",
"zxJOy8HZq"
],
"uid":"1073330914",
"parent":"",
"text":"@一點真心換萬金之派大魯啦啦 @-Alice-in-wonderland-",
"mid":"zxJG9bdck",
"date":"2013-05-21 14:38:59"
},
{
"kids":[
"zxNxXrJ6u"
],
"uid":"1628597444",
"parent":"zxIYTiEcR",
"text":"",
"mid":"zxJG80mRy",
"date":"2013-05-21 14:38:55"
},
{
"kids":[
"zxK5134xp"
],
"uid":"1874330565",
"parent":"zxJBll7Zu",
"text":"@4ever2gether 什么节奏啊这是。。南京的妹子要小心啊。@佐佐Lucifer @倩倩的盛夏 @liners_ky @菡snow [围观]",
"mid":"zxJFPEKow",
"date":"2013-05-21 14:38:10"
},
{
"kids":[],
"uid":"wutianyidi",
"parent":"",
"text":"@高博先森",
"mid":"zxJFrsgW7",
"date":"2013-05-21 14:37:14"
},
{
"kids":[
"zxQaR4b1P"
],
"uid":"yzxyao",
"parent":"zxJDonJ2Y",
"text":"前晚在傅后岗，一个男的从后面叫我，我转头看根本不认识他！立刻走到旁边的超市里给家人电话",
"mid":"zxJFbwca7",
"date":"2013-05-21 14:36:35"
},
{
"kids":[],
"uid":"1402934324",
"parent":"zxJxpyta8",
"text":"大家小心",
"mid":"zxJESygFd",
"date":"2013-05-21 14:35:51"
},
{
"kids":[],
"uid":"1616840373",
"parent":"zxINFpa52",
"text":"你都有男人了，怕屁啊",
"mid":"zxJEIfgxd",
"date":"2013-05-21 14:35:24"
},
{
"kids":[],
"uid":"1633891004",
"parent":"zxJxpyta8",
"text":"我擦。。。。。",
"mid":"zxJEbpC4W",
"date":"2013-05-21 14:34:09"
},
{
"kids":[],
"uid":"1647318152",
"parent":"",
"text":"未能分辨事件真假！若是父女，身份证上好歹姓是一样的吧！再说，公安平台一查不就知道是否是一家的了吗",
"mid":"zxJDVawkW",
"date":"2013-05-21 14:33:29"
},
{
"kids":[
"zxK2qAtwl"
],
"uid":"316928882",
"parent":"zxJxpyta8",
"text":"@彤彤彤彤彤彤小姐 @AAA-Supercimi @乐小懿不在噫 @汪兮兮兮 @小烦躁儿想一直倔强下去@囧丫嘛囧囧仪 @我爱coffee825 !!!!!!!!!!!!!!!!!!!!",
"mid":"zxJDB6hPe",
"date":"2013-05-21 14:32:41"
},
{
"kids":[
"zxJFbwca7"
],
"uid":"594cyy",
"parent":"zxJnP2xmx",
"text":"[衰]太嚣张了~",
"mid":"zxJDonJ2Y",
"date":"2013-05-21 14:32:10"
},
{
"kids":[],
"uid":"81066146",
"parent":"zxJyc30gz",
"text":"南京的三牌楼大街？我家附近！！我以后再也不去吃烧烤了 除非有人护送[泪][泪][泪]",
"mid":"zxJD8sADY",
"date":"2013-05-21 14:31:31"
},
{
"kids":[],
"uid":"1742898331",
"parent":"zxJAKEkUf",
"text":"猪一样的警察 莫不是跟人贩子串通了分赃吧",
"mid":"zxJD0aMAx",
"date":"2013-05-21 14:31:11"
},
{
"kids":[],
"uid":"HyperHuang",
"parent":"zxJBll7Zu",
"text":"逮到这种骗子直接剁手斩腿！",
"mid":"zxJCZz8JR",
"date":"2013-05-21 14:31:11"
},
{
"kids":[
"zxKd025Hz",
"zxJNJht4J"
],
"uid":"206780459",
"parent":"",
"text":"我操",
"mid":"zxJCMgubO",
"date":"2013-05-21 14:30:41"
},
{
"kids":[],
"uid":"freyamk",
"parent":"",
"text":"@南京头条 @南京悦生活 @戴小胆疯癫进行时 @徐雪儿-雪儿-儿 @我姓一竖一点 小心一点 晚上不要乱跑 白天也要小心 碰到这种人直接给巴掌",
"mid":"zxJCJDGIz",
"date":"2013-05-21 14:30:31"
},
{
"kids":[],
"uid":"2685613862",
"parent":"zxITG4q4O",
"text":"",
"mid":"zxJCsqZQT",
"date":"2013-05-21 14:29:53"
},
{
"kids":[
"zxRXLuhUu"
],
"uid":"514567299",
"parent":"",
"text":"阿拉蕾你要小心点，别突然之间消失了",
"mid":"zxJCsqZNn",
"date":"2013-05-21 14:29:53"
},
{
"kids":[
"zxK2qiSll"
],
"uid":"2659915502",
"parent":"",
"text":"@Flora-小透 小心了~~~",
"mid":"zxJC2s6EQ",
"date":"2013-05-21 14:28:50"
},
{
"kids":[
"zxLwW8R62",
"zxJFPEKow",
"zxJCZz8JR"
],
"uid":"1834075532",
"parent":"zxJvk6bFl",
"text":"靠，大家真要注意了",
"mid":"zxJBll7Zu",
"date":"2013-05-21 14:27:07"
},
{
"kids":[
"zxL7EvSKQ",
"zxJD0aMAx"
],
"uid":"wqchaha",
"parent":"zxJxpyta8",
"text":"",
"mid":"zxJAKEkUf",
"date":"2013-05-21 14:25:40"
},
{
"kids":[],
"uid":"leaan42",
"parent":"zxJs1BgHR",
"text":"我的妈，三牌楼啊",
"mid":"zxJAC9FeU",
"date":"2013-05-21 14:25:18"
},
{
"kids":[],
"uid":"2272447694",
"parent":"",
"text":"我这么大年纪的，贴人钱，人都不一定要",
"mid":"zxJAvDl3Y",
"date":"2013-05-21 14:25:04"
},
{
"kids":[],
"uid":"770526489",
"parent":"zxJxpyta8",
"text":"还真有这种事[吃惊]@青春在南烟绽放",
"mid":"zxJAvBwfw",
"date":"2013-05-21 14:25:05"
},
{
"kids":[
"zxJITn3jL"
],
"uid":"feiyuenanjing",
"parent":"",
"text":"@olivia1028 你看看 你看看",
"mid":"zxJA8fvf8",
"date":"2013-05-21 14:24:07"
},
{
"kids":[],
"uid":"2974376810",
"parent":"",
"text":"",
"mid":"zxJzizbvo",
"date":"2013-05-21 14:22:06"
},
{
"kids":[],
"uid":"1752518960",
"parent":"zxJxpyta8",
"text":"我去。。。。",
"mid":"zxJz0dinh",
"date":"2013-05-21 14:21:21"
},
{
"kids":[],
"uid":"2750454235",
"parent":"zxJ8nD6bl",
"text":"以后晚上早点回家，尼玛，太恐怖了，还有这样的警察！",
"mid":"zxJyxjA29",
"date":"2013-05-21 14:20:13"
},
{
"kids":[
"zxJD8sADY"
],
"uid":"wutianyidi",
"parent":"zxJv1xf4E",
"text":"@safin1609 @淡定的花布老虎",
"mid":"zxJyc30gz",
"date":"2013-05-21 14:19:22"
},
{
"kids":[],
"uid":"2811556823",
"parent":"zxJj19yLY",
"text":"",
"mid":"zxJxW2Kms",
"date":"2013-05-21 14:18:44"
},
{
"kids":[],
"uid":"71061627",
"parent":"zxJxpyta8",
"text":"T^T",
"mid":"zxJxODwVx",
"date":"2013-05-21 14:18:30"
},
{
"kids":[],
"uid":"1956068955",
"parent":"",
"text":"当年根据地啊 湖笔砸掉吧",
"mid":"zxJxED1GB",
"date":"2013-05-21 14:18:03"
},
{
"kids":[
"zxKhZFJn7",
"zxKgXfb3c"
],
"uid":"hongyanmm",
"parent":"zxIxAatLl",
"text":"真的假的？如果报警都没有用，那也太可怕了！",
"mid":"zxJxy98Yv",
"date":"2013-05-21 14:17:47"
},
{
"kids":[
"zxKJYwaF9",
"zxKFJyxHU",
"zxJV7zLty",
"zxJStBE2R",
"zxJSsa2cz",
"zxJPlazQI",
"zxJGakCCS",
"zxJESygFd",
"zxJEbpC4W",
"zxJDB6hPe",
"zxJAKEkUf",
"zxJAvBwfw",
"zxJz0dinh",
"zxJxODwVx"
],
"uid":"lovenanking",
"parent":"",
"text":"我觉得这样的情况有蛮多种方式可以脱困的......直接问对方我叫什么名字，上哪个小学，生日几号这种........不过还是转了让菇凉们小心吧。",
"mid":"zxJxpyta8",
"date":"2013-05-21 14:17:27"
},
{
"kids":[],
"uid":"1977496527",
"parent":"",
"text":"这年头什么事都有，还是尽量不要一个人出门",
"mid":"zxJwDFQJS",
"date":"2013-05-21 14:15:32"
},
{
"kids":[],
"uid":"hollylan",
"parent":"",
"text":"@小不点蛋蛋嘛嘛 @夜叶曳耶 @婷听花花开 @熊猫喵301 @Allez倔强小妞 @DcRock [衰]尼玛这种骗子来南京了",
"mid":"zxJwgAG84",
"date":"2013-05-21 14:14:38"
},
{
"kids":[],
"uid":"1612368670",
"parent":"zxJoc4nnz",
"text":"二不二，调戏人民的智商...",
"mid":"zxJweA2gT",
"date":"2013-05-21 14:14:33"
},
{
"kids":[],
"uid":"2235330681",
"parent":"zxJtm5RvD",
"text":"@鸡尾酒不醉 @妞儿的昱庭美妈 @小丸子元元 @LukOie @wywjksxf @小兽柟柟",
"mid":"zxJvmdhEi",
"date":"2013-05-21 14:12:21"
},
{
"kids":[
"zxJBll7Zu"
],
"uid":"1009125051",
"parent":"zxJfWzJ5b",
"text":"所以说，钱包揣着全家福还是有必要的，放手机里也行啊",
"mid":"zxJvk6bFl",
"date":"2013-05-21 14:12:18"
},
{
"kids":[],
"uid":"2698848834",
"parent":"",
"text":"这种事情，我直接打电话让我爸来揍他！[愤怒]",
"mid":"zxJvi5kwg",
"date":"2013-05-21 14:12:12"
},
{
"kids":[
"zxJyc30gz"
],
"uid":"1959045165",
"parent":"zxJ81bDTZ",
"text":"尼玛！不就是我家这边吗？！[吃惊]",
"mid":"zxJv1xf4E",
"date":"2013-05-21 14:11:34"
},
{
"kids":[
"zxJvmdhEi"
],
"uid":"2148380254",
"parent":"zxJ8nD6bl",
"text":"",
"mid":"zxJtm5RvD",
"date":"2013-05-21 14:07:25"
},
{
"kids":[],
"uid":"hymansun",
"parent":"zxJi0f0m7",
"text":"前两天，我老婆同事，在马群公交站，一女的让他帮把袋子拎上车，后来就没知觉了，有知觉后发现到了火车站，查票的人正在问他要身份证，身上钱物皆无。第一次迷药的案例在身边出现。",
"mid":"zxJt5gfoT",
"date":"2013-05-21 14:06:47"
},
{
"kids":[],
"uid":"trexclub",
"parent":"",
"text":"太可恨了[怒]",
"mid":"zxJsYremD",
"date":"2013-05-21 14:06:30"
},
{
"kids":[],
"uid":"2399402544",
"parent":"",
"text":"好可怕啊",
"mid":"zxJsUzeDo",
"date":"2013-05-21 14:06:22"
},
{
"kids":[],
"uid":"zhangjunjing1988",
"parent":"zxJlXs3F2",
"text":"",
"mid":"zxJsQsu7Z",
"date":"2013-05-21 14:06:13"
},
{
"kids":[
"zxJAC9FeU"
],
"uid":"1066842944",
"parent":"zxJfYDOTW",
"text":"艾玛好恐怖",
"mid":"zxJs1BgHR",
"date":"2013-05-21 14:04:14"
},
{
"kids":[],
"uid":"1268984681",
"parent":"zxJmTnmAW",
"text":"@菲菲hero  一个人小心点",
"mid":"zxJr35UqO",
"date":"2013-05-21 14:01:45"
},
{
"kids":[
"zxKb20vbl"
],
"uid":"2216096210",
"parent":"",
"text":"@孙佶",
"mid":"zxJqUtIyL",
"date":"2013-05-21 14:01:25"
},
{
"kids":[],
"uid":"522301678",
"parent":"",
"text":"",
"mid":"zxJqCadyd",
"date":"2013-05-21 14:00:41"
},
{
"kids":[],
"uid":"1586136450",
"parent":"",
"text":"没想到南京竟然也有 单身姑娘注意了",
"mid":"zxJqbBtlP",
"date":"2013-05-21 13:59:38"
},
{
"kids":[],
"uid":"526284678",
"parent":"zxJps3UQv",
"text":"你的能力足以秒杀这些警察啊！！",
"mid":"zxJq3zPmp",
"date":"2013-05-21 13:59:19"
},
{
"kids":[],
"uid":"darrylee",
"parent":"zxJne4YYm",
"text":"转发@孟非 @南京DJ李强 @南京大卫 @南京发布 @南京鼓楼公安分局 @南京交通广播薛子 @南京十八频道 @南京听我韶韶",
"mid":"zxJpLzlVv",
"date":"2013-05-21 13:58:37"
},
{
"kids":[
"zxJq3zPmp"
],
"uid":"2806207014",
"parent":"",
"text":"文化水平不够啊@原谅我就是那样的女生",
"mid":"zxJps3UQv",
"date":"2013-05-21 13:57:51"
},
{
"kids":[],
"uid":"1997885910",
"parent":"",
"text":"",
"mid":"zxJoTeyQA",
"date":"2013-05-21 13:56:25"
},
{
"kids":[],
"uid":"400166580",
"parent":"",
"text":"真的有这样的事情！之前只是听说！@南京发布 @南京零距离 @平安江苏",
"mid":"zxJoBvCEc",
"date":"2013-05-21 13:55:45"
},
{
"kids":[],
"uid":"jrwhence",
"parent":"zxJj19yLY",
"text":"@钱宇飞Uhi-CrazyTempo:",
"mid":"zxJos4oMz",
"date":"2013-05-21 13:55:20"
},
{
"kids":[
"zxKtBuEwr",
"zxJweA2gT"
],
"uid":"genghaox",
"parent":"",
"text":"@南京 @南京先锋书店 @平安南京",
"mid":"zxJoc4nnz",
"date":"2013-05-21 13:54:43"
},
{
"kids":[
"zxJKR8k0g",
"zxJDonJ2Y"
],
"uid":"2131445715",
"parent":"zxJlFrTkl",
"text":"@澜澜KMB",
"mid":"zxJnP2xmx",
"date":"2013-05-21 13:53:48"
},
{
"kids":[],
"uid":"1805408392",
"parent":"zxJhveiJ7",
"text":"小Q这招好 就这么办了[赞]",
"mid":"zxJnG7YPa",
"date":"2013-05-21 13:53:27"
},
{
"kids":[],
"uid":"wangyanhere",
"parent":"zxJlFrTkl",
"text":"我才不信，当街抓个人回去干什么用啊？风险太大不值当，骗子也考虑成本的。",
"mid":"zxJnDsfEe",
"date":"2013-05-21 13:53:22"
},
{
"kids":[
"zxJpLzlVv"
],
"uid":"maxiaoyin",
"parent":"",
"text":"[吃惊]",
"mid":"zxJne4YYm",
"date":"2013-05-21 13:52:21"
},
{
"kids":[
"zxJr35UqO"
],
"uid":"207895482",
"parent":"",
"text":"真什么事都有",
"mid":"zxJmTnmAW",
"date":"2013-05-21 13:51:32"
},
{
"kids":[],
"uid":"2395408442",
"parent":"",
"text":"",
"mid":"zxJmblsIg",
"date":"2013-05-21 13:49:48"
},
{
"kids":[
"zC8sT5YIo",
"zxQjnqfbE"
],
"uid":"leletantan",
"parent":"",
"text":"@K骷髅K 晚上小妞不要单独在路上走了哟。。。",
"mid":"zxJm4zLPy",
"date":"2013-05-21 13:49:31"
},
{
"kids":[],
"uid":"1758dancestudio",
"parent":"zxJj19yLY",
"text":"女孩们晚上出行一定要结伴哦！",
"mid":"zxJlZzxMW",
"date":"2013-05-21 13:49:19"
},
{
"kids":[],
"uid":"nanjinglaoqian",
"parent":"",
"text":"@南京市公安局白下分局 @南京市公安局雨花台分局 @南京市公安局浦口分局 的诸位神探们，如果此事属实，能抓住这2个老骗子吗？别让它们再害人了！并恳请转发给南京市公安局鼓楼分局的领导以引起重视。谢谢！",
"mid":"zxJlZexO9",
"date":"2013-05-21 13:49:18"
},
{
"kids":[
"zxJsQsu7Z"
],
"uid":"207136663",
"parent":"zxJiu60yW",
"text":"",
"mid":"zxJlXs3F2",
"date":"2013-05-21 13:49:14"
},
{
"kids":[],
"uid":"2653742992",
"parent":"",
"text":"@二二的大大",
"mid":"zxJlKcr1G",
"date":"2013-05-21 13:48:42"
},
{
"kids":[],
"uid":"1148598074",
"parent":"zxJj19yLY",
"text":"",
"mid":"zxJlG27E8",
"date":"2013-05-21 13:48:30"
},
{
"kids":[
"zxJnP2xmx",
"zxJnDsfEe"
],
"uid":"jsbchr",
"parent":"zxJbR52ck",
"text":"[衰]",
"mid":"zxJlFrTkl",
"date":"2013-05-21 13:48:33"
},
{
"kids":[],
"uid":"spinosaurus",
"parent":"zxIJwE2u0",
"text":"没有好处的事，那些狗腿子们能管嘛！",
"mid":"zxJllme2I",
"date":"2013-05-21 13:47:43"
},
{
"kids":[],
"uid":"2113678232",
"parent":"",
"text":"我滴天，离虹桥很近，下班会不会被拐走？",
"mid":"zxJkTzpKK",
"date":"2013-05-21 13:46:36"
},
{
"kids":[],
"uid":"1800936437",
"parent":"zxIYTiEcR",
"text":"",
"mid":"zxJkQDPDg",
"date":"2013-05-21 13:46:30"
},
{
"kids":[],
"uid":"1736790840",
"parent":"zxIUhxFoC",
"text":"如果真遇到这种事该怎么脱身呢、？[泪]",
"mid":"zxJkkFGp3",
"date":"2013-05-21 13:45:14"
},
{
"kids":[],
"uid":"1456047381",
"parent":"",
"text":"[围观]",
"mid":"zxJjJbtlw",
"date":"2013-05-21 13:43:44"
},
{
"kids":[
"zyq4rABfZ",
"zxJxW2Kms",
"zxJos4oMz",
"zxJlZzxMW",
"zxJlG27E8"
],
"uid":"funkynoir",
"parent":"",
"text":"",
"mid":"zxJj19yLY",
"date":"2013-05-21 13:41:58"
},
{
"kids":[],
"uid":"hanyishui",
"parent":"",
"text":"好恐怖，曾经觉得南京治安全国都算好的，现在太烂了！！",
"mid":"zxJiTtGyd",
"date":"2013-05-21 13:41:41"
},
{
"kids":[],
"uid":"1663404755",
"parent":"zxJeoxU26",
"text":"",
"mid":"zxJiPEgfA",
"date":"2013-05-21 13:41:32"
},
{
"kids":[],
"uid":"tinaxiaotian",
"parent":"zxIKLqFyM",
"text":"天哪~神马情况~呃…[吃惊]",
"mid":"zxJiytcjd",
"date":"2013-05-21 13:40:50"
},
{
"kids":[
"zxJlXs3F2"
],
"uid":"1671988720",
"parent":"zxJbR52ck",
"text":"碰上我试试看，打死这些死骗子！",
"mid":"zxJiu60yW",
"date":"2013-05-21 13:40:40"
},
{
"kids":[],
"uid":"526284678",
"parent":"",
"text":"瞬间，我震惊了，大家出门都要小心点！！！@左左1112 @孟孟丫头11 你应该去当警察[泪]@水瓶座的eleven130",
"mid":"zxJittbzb",
"date":"2013-05-21 13:40:40"
},
{
"kids":[
"zxM34kJU4"
],
"uid":"1595880487",
"parent":"",
"text":"看来真要停止发照片了",
"mid":"zxJilvAuh",
"date":"2013-05-21 13:40:20"
},
{
"kids":[],
"uid":"1957400807",
"parent":"zxIJvsA5D",
"text":"大家都要当心了，晚上最好不要一个人出去太危险了。@钟弱弱 @C哥__ @Cinluy @慧宝宝宝儿 @喵小臭55 @熏倩 @siya",
"mid":"zxJi7lGpu",
"date":"2013-05-21 13:39:46"
},
{
"kids":[
"zxJHSaAGs",
"zxJHtl1Wz",
"zxJt5gfoT"
],
"uid":"mynamezy",
"parent":"zxJag1R4t",
"text":"太可怕了。",
"mid":"zxJi0f0m7",
"date":"2013-05-21 13:39:28"
},
{
"kids":[],
"uid":"tatoozhang",
"parent":"",
"text":"天啊OMG",
"mid":"zxJhYrrbJ",
"date":"2013-05-21 13:39:26"
},
{
"kids":[
"zxLeZiEK0",
"zxJnG7YPa"
],
"uid":"kyoko0416",
"parent":"zxJfYDOTW",
"text":"遇到这样扑上来认亲的，一脚下去要害走你！",
"mid":"zxJhveiJ7",
"date":"2013-05-21 13:38:15"
},
{
"kids":[],
"uid":"1880395530",
"parent":"zxJfWzJ5b",
"text":"",
"mid":"zxJhkh2V4",
"date":"2013-05-21 13:37:47"
},
{
"kids":[],
"uid":"1827389350",
"parent":"zxJ81bDTZ",
"text":"一定要镇定！晚上还是不要出门",
"mid":"zxJg33YD9",
"date":"2013-05-21 13:34:39"
},
{
"kids":[
"zxJs1BgHR",
"zxJhveiJ7"
],
"uid":"lightmist",
"parent":"zxJ9ZdY7N",
"text":"",
"mid":"zxJfYDOTW",
"date":"2013-05-21 13:34:29"
},
{
"kids":[
"zxJRN4DBN",
"zxJvk6bFl",
"zxJhkh2V4"
],
"uid":"cindersu",
"parent":"zxIYTiEcR",
"text":"上去一个大嘴巴子裆部一脚，他妈强奸犯还敢冒充我老子，你还是我孙子呢",
"mid":"zxJfWzJ5b",
"date":"2013-05-21 13:34:25"
},
{
"kids":[],
"uid":"lucyzyl",
"parent":"zxJbRBhNX",
"text":"可怕。。。",
"mid":"zxJft0OWa",
"date":"2013-05-21 13:33:14"
},
{
"kids":[
"zxLSFiwW6"
],
"uid":"1968984901",
"parent":"",
"text":"人民警察还能不能为人民办点事了！！@南京零距离",
"mid":"zxJfssejT",
"date":"2013-05-21 13:33:12"
},
{
"kids":[],
"uid":"2118180310",
"parent":"zxJcfxx6e",
"text":"以后不能深更半夜在外面鬼转经了，就算是也要找人送回家。。。@去小力",
"mid":"zxJeu9T3b",
"date":"2013-05-21 13:30:49"
},
{
"kids":[
"zxJiPEgfA"
],
"uid":"qiniuniu",
"parent":"zxIYTiEcR",
"text":"让老男人说身份证号啊。。不然说生日也行。身份证一核对不就知道了？",
"mid":"zxJeoxU26",
"date":"2013-05-21 13:30:35"
},
{
"kids":[],
"uid":"1775897454",
"parent":"zxJ6VcrmK",
"text":"[衰][衰][衰]等辟谣",
"mid":"zxJdVxsNf",
"date":"2013-05-21 13:29:27"
},
{
"kids":[],
"uid":"zyyjnt",
"parent":"zxIoZD6G6",
"text":"",
"mid":"zxJcUEeqx",
"date":"2013-05-21 13:26:56"
},
{
"kids":[],
"uid":"1758835695",
"parent":"zxJ8nD6bl",
"text":"南京的姑娘们要小心了！",
"mid":"zxJcr4XAC",
"date":"2013-05-21 13:25:44"
},
{
"kids":[
"zxJeu9T3b"
],
"uid":"1942201962",
"parent":"",
"text":"@王大曦的王小曦@不点912",
"mid":"zxJcfxx6e",
"date":"2013-05-21 13:25:17"
},
{
"kids":[],
"uid":"2189423715",
"parent":"zxJagB3Em",
"text":"一查身份证就一目了然的事情，怎么就还有这么低级的错误发生",
"mid":"zxJc7kcdj",
"date":"2013-05-21 13:24:59"
},
{
"kids":[],
"uid":"olivia0720elt",
"parent":"",
"text":"不知道真假，先转一下好了@向日葵最有爱",
"mid":"zxJbRBhPz",
"date":"2013-05-21 13:24:22"
},
{
"kids":[
"zxJft0OWa"
],
"uid":"cammycai",
"parent":"zxJ13q3I5",
"text":"@松歌墨舞 @不见长安使人抽 @阿抱儿 广州也出现过这样的事啊，大家要小心啊",
"mid":"zxJbRBhNX",
"date":"2013-05-21 13:24:22"
},
{
"kids":[
"zxNhSawPt",
"zxJlFrTkl",
"zxJiu60yW"
],
"uid":"yoyo437",
"parent":"",
"text":"[汗]",
"mid":"zxJbR52ck",
"date":"2013-05-21 13:24:19"
},
{
"kids":[],
"uid":"1863701697",
"parent":"zxJ2dzhsg",
"text":"真的假的？@春菊豆",
"mid":"zxJaUdd3V",
"date":"2013-05-21 13:22:02"
},
{
"kids":[
"zxJc7kcdj"
],
"uid":"1647896870",
"parent":"zxIC4aYyQ",
"text":"希望人民警察做点靠谱的事",
"mid":"zxJagB3Em",
"date":"2013-05-21 13:20:25"
},
{
"kids":[
"zxJi0f0m7"
],
"uid":"1006868667",
"parent":"zxJ6VcrmK",
"text":"太可怕了",
"mid":"zxJag1R4t",
"date":"2013-05-21 13:20:22"
},
{
"kids":[
"zxJfYDOTW"
],
"uid":"mayy7",
"parent":"",
"text":"",
"mid":"zxJ9ZdY7N",
"date":"2013-05-21 13:19:44"
},
{
"kids":[
"zxKCg6gHf",
"zxKfzAcmC",
"zxJObDtKz",
"zxJyxjA29",
"zxJtm5RvD",
"zxJcr4XAC"
],
"uid":"2858274184",
"parent":"",
"text":"天那，[吃惊][吃惊][吃惊][吃惊]",
"mid":"zxJ8nD6bl",
"date":"2013-05-21 13:15:47"
},
{
"kids":[
"zxJv1xf4E",
"zxJg33YD9"
],
"uid":"2204620625",
"parent":"",
"text":"好恐怖呀[惊恐]",
"mid":"zxJ81bDTZ",
"date":"2013-05-21 13:14:52"
},
{
"kids":[],
"uid":"crazymiles",
"parent":"",
"text":"操",
"mid":"zxJ7waJVW",
"date":"2013-05-21 13:13:38"
},
{
"kids":[],
"uid":"1425453030",
"parent":"",
"text":"这个必须转，尼玛当街拐卖啊～是他女儿又怎样～就不跟他走怎滴～",
"mid":"zxJ7qcODw",
"date":"2013-05-21 13:13:28"
},
{
"kids":[],
"uid":"1419171605",
"parent":"zxI6tE41m",
"text":"把我卖到非洲去吧！！！！我想去旅游呀！",
"mid":"zxJ7ixSGu",
"date":"2013-05-21 13:13:06"
},
{
"kids":[
"zxJdVxsNf",
"zxJag1R4t"
],
"uid":"feinaiaoyu",
"parent":"zxIYTiEcR",
"text":"@婧靜的僑 你还出门看热闹达？还是真达？",
"mid":"zxJ6VcrmK",
"date":"2013-05-21 13:12:11"
},
{
"kids":[],
"uid":"1814558610",
"parent":"zxJ4rylT9",
"text":"三牌楼大街～离我们好近，注意安全以后晚上别一个人出来！@豆茎姑娘",
"mid":"zxJ6KyEam",
"date":"2013-05-21 13:11:46"
},
{
"kids":[],
"uid":"1157429977",
"parent":"",
"text":"太他妈恐怖了！",
"mid":"zxJ4Ylq6h",
"date":"2013-05-21 13:07:26"
},
{
"kids":[],
"uid":"2035329040",
"parent":"",
"text":"大家都要提防，也希望更多人能有良知去帮助别人",
"mid":"zxJ4LlfvK",
"date":"2013-05-21 13:06:51"
},
{
"kids":[
"zxJ6KyEam"
],
"uid":"2083920577",
"parent":"",
"text":"直接踢下体！上南京话骂！",
"mid":"zxJ4rylT9",
"date":"2013-05-21 13:06:03"
},
{
"kids":[
"zxJR81IJM"
],
"uid":"elainenana",
"parent":"",
"text":"豆瓣有人开帖子讨论过对策。蛮绝望的。结论是可以冲去最近的超市商店砸东西。闹大。这样店家就会扣住你也会报警。你就得救了。",
"mid":"zxJ4l1VWA",
"date":"2013-05-21 13:05:49"
},
{
"kids":[],
"uid":"1215lucky",
"parent":"",
"text":"我靠，真的假的啊，太可怕了！！姑娘们注意啦！@Summer的日升日落 ，@Miss--万 ，@淡淡的浅浅的你 ，@马马琳改叫马妈妈， @张七悦 ，@小都豆 ，@顾寳呗儿_",
"mid":"zxJ43komP",
"date":"2013-05-21 13:05:06"
},
{
"kids":[
"zxJaUdd3V"
],
"uid":"2745766337",
"parent":"",
"text":"大家要警惕啊，希望不是真的[泪]",
"mid":"zxJ2dzhsg",
"date":"2013-05-21 13:00:35"
},
{
"kids":[],
"uid":"208845622",
"parent":"",
"text":"@江宁公安在线 @南京市公安局白下分局 感觉略假，求真相",
"mid":"zxJ1QbO1j",
"date":"2013-05-21 12:59:38"
},
{
"kids":[],
"uid":"2045276785",
"parent":"",
"text":"",
"mid":"zxJ1Bp9io",
"date":"2013-05-21 12:59:05"
},
{
"kids":[],
"uid":"2166220935",
"parent":"",
"text":"真的假的呀",
"mid":"zxJ1z3sDg",
"date":"2013-05-21 12:58:59"
},
{
"kids":[],
"uid":"1764768514",
"parent":"",
"text":"真恐怖[汗][汗]人民警察[困][哼][哼][怒骂][最差][最差][最差][弱][弱][怒骂][挖鼻屎][鄙视][鄙视]@RAINYBLUES 你家门口你注意点",
"mid":"zxJ1xCkcN",
"date":"2013-05-21 12:58:56"
},
{
"kids":[],
"uid":"2412983035",
"parent":"zxIMSmWSc",
"text":"大家注意哦@Promise影汐 @俞小丸子",
"mid":"zxJ16EZvX",
"date":"2013-05-21 12:57:51"
},
{
"kids":[
"zxJbRBhNX"
],
"uid":"betterchaner",
"parent":"zxIXRrgWG",
"text":"好恐怖啊，妹纸们都小心点哦 ~@欧米乐 @搬家小猫 @充满电池的兔子 @蒙小起 @淡漠如水糖Cammy @阿狸的无敌小桃子",
"mid":"zxJ13q3I5",
"date":"2013-05-21 12:57:42"
},
{
"kids":[],
"uid":"njyinxin",
"parent":"",
"text":"我想问这个警察是临时工么？家庭纠纷就不查？有这种警察社会才会这么乱[怒][怒]@平安南京",
"mid":"zxJ0rmdj4",
"date":"2013-05-21 12:56:12"
},
{
"kids":[],
"uid":"207588787",
"parent":"zxIWtsTjJ",
"text":"[囧]",
"mid":"zxJ0eBBwh",
"date":"2013-05-21 12:55:43"
},
{
"kids":[
"zxJG80mRy",
"zxJkQDPDg",
"zxJfWzJ5b",
"zxJeoxU26",
"zxJ6VcrmK"
],
"uid":"waykoo",
"parent":"",
"text":"我操",
"mid":"zxIYTiEcR",
"date":"2013-05-21 12:52:24"
},
{
"kids":[
"zxJ13q3I5"
],
"uid":"1404327641",
"parent":"zxIcMiHK3",
"text":"",
"mid":"zxIXRrgWG",
"date":"2013-05-21 12:49:52"
},
{
"kids":[
"zxJLPnSne"
],
"uid":"qiuyang1112",
"parent":"",
"text":"[吃惊]",
"mid":"zxIXKoHES",
"date":"2013-05-21 12:49:34"
},
{
"kids":[],
"uid":"tesiro7",
"parent":"zxIIo0bbz",
"text":"我以为你家又住那里去了。",
"mid":"zxIWKDlRk",
"date":"2013-05-21 12:47:08"
},
{
"kids":[
"zxJ0eBBwh"
],
"uid":"1629704854",
"parent":"zxIUIreV6",
"text":"@南京零距离",
"mid":"zxIWtsTjJ",
"date":"2013-05-21 12:46:28"
},
{
"kids":[],
"uid":"2085594951",
"parent":"",
"text":"哎呀~好可怕~~~~~",
"mid":"zxIVZk6jM",
"date":"2013-05-21 12:45:14"
},
{
"kids":[
"zxIWtsTjJ"
],
"uid":"108519126",
"parent":"",
"text":"[吃惊]好恐怖！姑娘们要保护好自己哈@所安M命 @lemon陈小萌 @鱼-么-么 @cc浅吟低唱 @Oo梁珊珊oO @北极的蓝调 @小欢欢爱吃大蕃茄 @李小爱忘记",
"mid":"zxIUIreV6",
"date":"2013-05-21 12:42:06"
},
{
"kids":[],
"uid":"2401308893",
"parent":"zxINFpa52",
"text":"PIA！你……你还有脸称你是我父亲！！各位大叔大婶，兄弟姐妹们呐，你们给我这个小女子评评理吧！我是他亲生的女儿，亲生的啊！！可是，可是这个禽兽！！我都已经为他打掉了两胎了！！！各位相亲父老们呐，各位救命恩人呐！！你们说，这种禽兽我还能跟他回家吗！！回去就是一顿哔——哔——啊！！！",
"mid":"zxIUugX5S",
"date":"2013-05-21 12:41:33"
},
{
"kids":[
"zxJkkFGp3"
],
"uid":"2213412715",
"parent":"",
"text":"遇到这种事，直接抽TMGB！",
"mid":"zxIUhxFoC",
"date":"2013-05-21 12:41:02"
},
{
"kids":[],
"uid":"2491389910",
"parent":"",
"text":"@崔_崔_ ，你啊记得我和你说过的啊，现在我们身边也有了。[震惊]",
"mid":"zxIU9yV1W",
"date":"2013-05-21 12:40:44"
},
{
"kids":[],
"uid":"3271541404",
"parent":"",
"text":"哎。。这个社会太危险了！",
"mid":"zxITVmx0o",
"date":"2013-05-21 12:40:10"
},
{
"kids":[],
"uid":"zhangyinjun",
"parent":"",
"text":"",
"mid":"zxITUx5XD",
"date":"2013-05-21 12:40:07"
},
{
"kids":[
"zxJCsqZQT"
],
"uid":"wuyue0502",
"parent":"",
"text":"@苏阳小萌猫 @王小花____ @iween 亲们大晚上一定要有护花使者相陪阿〜太可怕了",
"mid":"zxITG4q4O",
"date":"2013-05-21 12:39:32"
},
{
"kids":[],
"uid":"1757203445",
"parent":"",
"text":"[吃惊]",
"mid":"zxISu8WUv",
"date":"2013-05-21 12:36:40"
},
{
"kids":[],
"uid":"1791287644",
"parent":"zxIOWjSzG",
"text":"我了个去，好恐怖.",
"mid":"zxIRSjhRx",
"date":"2013-05-21 12:35:05"
},
{
"kids":[],
"uid":"2134890417",
"parent":"",
"text":"",
"mid":"zxIRlfPPb",
"date":"2013-05-21 12:33:46"
},
{
"kids":[],
"uid":"2344220787",
"parent":"zxHVM0Af9",
"text":"大家小心！",
"mid":"zxIRa27az",
"date":"2013-05-21 12:33:22"
},
{
"kids":[],
"uid":"1756301451",
"parent":"zxIoZD6G6",
"text":"",
"mid":"zxIQW7IIg",
"date":"2013-05-21 12:32:46"
},
{
"kids":[],
"uid":"1779100151",
"parent":"zxIzFzR1A",
"text":"我靠一万遍",
"mid":"zxIQLcwIB",
"date":"2013-05-21 12:32:21"
},
{
"kids":[
"zxIRSjhRx"
],
"uid":"miclen",
"parent":"zxIwfmpmz",
"text":"哇靠，好歹查查身份证哎！这姑娘也是，傻的啊，哭什么！",
"mid":"zxIOWjSzG",
"date":"2013-05-21 12:27:53"
},
{
"kids":[],
"uid":"jiabao217",
"parent":"",
"text":"我尼玛，慎得慌，这社会到底要干嘛啊",
"mid":"zxIOHhmvL",
"date":"2013-05-21 12:27:17"
},
{
"kids":[],
"uid":"2624818072",
"parent":"zxINFpa52",
"text":"太恐怖了@卢瑟魔魔 @貪睡胖胖紙家有愛钻被紙的喵 我操！！！小心点！！！",
"mid":"zxIOzy00r",
"date":"2013-05-21 12:27:01"
},
{
"kids":[],
"uid":"2325901502",
"parent":"",
"text":"[泪][泪][泪]太恐怖了。。那怎么办啊啊啊",
"mid":"zxINZfhdl",
"date":"2013-05-21 12:25:30"
},
{
"kids":[
"zxJEIfgxd",
"zxIUugX5S",
"zxIOzy00r"
],
"uid":"2133813652",
"parent":"zxIMJaRHh",
"text":"卧槽！！！说好的防狼喷雾呢！！！吊地方真不安全",
"mid":"zxINFpa52",
"date":"2013-05-21 12:24:45"
},
{
"kids":[],
"uid":"mrgee",
"parent":"",
"text":"如果属实。@平安南京  @南京同城会 @南京零距离  这该怎么说？南京公安就是如此不负责？",
"mid":"zxINvofJN",
"date":"2013-05-21 12:24:20"
},
{
"kids":[],
"uid":"1812429347",
"parent":"zxIFIuAcs",
"text":"",
"mid":"zxINgyiLC",
"date":"2013-05-21 12:23:45"
},
{
"kids":[
"zxJ16EZvX"
],
"uid":"529070012",
"parent":"",
"text":"什么社会啊，靠。",
"mid":"zxIMSmWSc",
"date":"2013-05-21 12:22:46"
},
{
"kids":[
"zxINFpa52"
],
"uid":"1616840373",
"parent":"zxIHBh0ve",
"text":"@喜欢尼川元气君的喵喵桑 @卢瑟魔魔 @貪睡胖胖紙家有愛钻被紙的喵 我操！！！小心点！！！",
"mid":"zxIMJaRHh",
"date":"2013-05-21 12:22:25"
},
{
"kids":[],
"uid":"trexclub",
"parent":"",
"text":"这个！ 不管怎么样 转下 大家警惕！",
"mid":"zxIMcq4Jn",
"date":"2013-05-21 12:21:08"
},
{
"kids":[
"zxJiytcjd"
],
"uid":"jiejier",
"parent":"zxIwfmpmz",
"text":"@陈小总一点不来斯 @伊粒壹玖玖o @趙小雨oO @骷髅宝宝gj @小木子的拜物小屋 晚上都表出来捞，太夸张捞",
"mid":"zxIKLqFyM",
"date":"2013-05-21 12:17:35"
},
{
"kids":[],
"uid":"2451495130",
"parent":"",
"text":"",
"mid":"zxIKfhJZo",
"date":"2013-05-21 12:16:18"
},
{
"kids":[
"zxJllme2I"
],
"uid":"kongkai",
"parent":"",
"text":"现在的警察也是够了",
"mid":"zxIJwE2u0",
"date":"2013-05-21 12:14:32"
},
{
"kids":[],
"uid":"smileyamy",
"parent":"zxIzFzR1A",
"text":"",
"mid":"zxIJwBTyB",
"date":"2013-05-21 12:14:33"
},
{
"kids":[
"zxJi7lGpu"
],
"uid":"1731855895",
"parent":"",
"text":"@薇薇笑眯眯1986",
"mid":"zxIJvsA5D",
"date":"2013-05-21 12:14:29"
},
{
"kids":[
"zxIWKDlRk"
],
"uid":"2067118197",
"parent":"zxIzFzR1A",
"text":"以后再看见这样的事情，请大家都管管闲事，",
"mid":"zxIIo0bbz",
"date":"2013-05-21 12:11:43"
},
{
"kids":[
"zxIMJaRHh"
],
"uid":"1766784760",
"parent":"zxC67b3WF",
"text":"太牛逼啦〜以前经常在三牌楼吃宵夜还好没遇到这种恐怖事情[惊恐]",
"mid":"zxIHBh0ve",
"date":"2013-05-21 12:09:47"
},
{
"kids":[],
"uid":"1785174687",
"parent":"zxI6tE41m",
"text":"",
"mid":"zxIG9avC8",
"date":"2013-05-21 12:06:12"
},
{
"kids":[],
"uid":"1440872534",
"parent":"",
"text":"这种局该怎么破",
"mid":"zxIFS27j7",
"date":"2013-05-21 12:05:32"
},
{
"kids":[
"zxINgyiLC"
],
"uid":"2762724285",
"parent":"zxIwfmpmz",
"text":"骗子千刀万剐",
"mid":"zxIFIuAcs",
"date":"2013-05-21 12:05:09"
},
{
"kids":[],
"uid":"2319366751",
"parent":"zxIwfmpmz",
"text":"犯法的事能做的这么明目张胆，也只能在天朝了",
"mid":"zxIFAhwUv",
"date":"2013-05-21 12:04:50"
},
{
"kids":[],
"uid":"2309074171",
"parent":"zxIzFzR1A",
"text":"",
"mid":"zxIC9fz7N",
"date":"2013-05-21 11:56:22"
},
{
"kids":[
"zxJagB3Em"
],
"uid":"1741545082",
"parent":"",
"text":"真恐怖",
"mid":"zxIC4aYyQ",
"date":"2013-05-21 11:56:09"
},
{
"kids":[],
"uid":"1259272250",
"parent":"zxHQAtw83",
"text":"@江宁公安在线",
"mid":"zxIB8yChd",
"date":"2013-05-21 11:53:54"
},
{
"kids":[],
"uid":"2488719722",
"parent":"",
"text":"",
"mid":"zxIAepMK0",
"date":"2013-05-21 11:51:38"
},
{
"kids":[],
"uid":"mryanma",
"parent":"",
"text":"警察您真负责身份证不会查一下？",
"mid":"zxIzUEa8O",
"date":"2013-05-21 11:50:52"
},
{
"kids":[
"zxIQLcwIB",
"zxIJwBTyB",
"zxIIo0bbz",
"zxIC9fz7N"
],
"uid":"catchen23",
"parent":"",
"text":"果断要转，就在我家附近。童鞋们要小心额。。",
"mid":"zxIzFzR1A",
"date":"2013-05-21 11:50:16"
},
{
"kids":[
"zxJxy98Yv"
],
"uid":"1660070595",
"parent":"",
"text":"姑娘们，出门注意啦@兜兜小姐ff @70s_琦琦天空 @姐姐的酋长 @青春沈小萍",
"mid":"zxIxAatLl",
"date":"2013-05-21 11:45:06"
},
{
"kids":[
"zxKYB60CS",
"zxKxZEDJu",
"zxIOWjSzG",
"zxIKLqFyM",
"zxIFIuAcs",
"zxIFAhwUv"
],
"uid":"yutian7",
"parent":"",
"text":"家门口的事嘛",
"mid":"zxIwfmpmz",
"date":"2013-05-21 11:41:50"
},
{
"kids":[],
"uid":"tlovelesst",
"parent":"zxIeClOsk",
"text":"。。。。。。",
"mid":"zxIuOqq4X",
"date":"2013-05-21 11:38:20"
},
{
"kids":[],
"uid":"1890593087",
"parent":"",
"text":"[吃惊]好恐怖！",
"mid":"zxIuepofu",
"date":"2013-05-21 11:36:51"
},
{
"kids":[],
"uid":"2523704290",
"parent":"",
"text":"求真相",
"mid":"zxIst66Z1",
"date":"2013-05-21 11:32:30"
},
{
"kids":[],
"uid":"xiaoxiao0618",
"parent":"",
"text":"真的假啊~~~~南京也发生啦？？？",
"mid":"zxIrT152l",
"date":"2013-05-21 11:31:04"
},
{
"kids":[],
"uid":"1041869880",
"parent":"",
"text":"莫名奇妙的事情真多！如今这个这个社会没有救了，警察都tmd吃shi的",
"mid":"zxIrzulRW",
"date":"2013-05-21 11:30:18"
},
{
"kids":[],
"uid":"1904994917",
"parent":"zxInxdjZG",
"text":"[衰]",
"mid":"zxIr5nhFo",
"date":"2013-05-21 11:29:06"
},
{
"kids":[],
"uid":"watermelonbabe",
"parent":"zxInxdjZG",
"text":"南京现在这么乱拉？！",
"mid":"zxIpVjch7",
"date":"2013-05-21 11:26:14"
},
{
"kids":[],
"uid":"2643808201",
"parent":"zxI3leaXr",
"text":"。。。太可怕了。。。",
"mid":"zxIpS0yVe",
"date":"2013-05-21 11:26:07"
},
{
"kids":[
"zxJcUEeqx",
"zxIQW7IIg"
],
"uid":"yipeiyixue",
"parent":"",
"text":"@江宁公安在线 这种情况怎么办",
"mid":"zxIoZD6G6",
"date":"2013-05-21 11:23:57"
},
{
"kids":[
"zxIr5nhFo",
"zxIpVjch7"
],
"uid":"2278038640",
"parent":"",
"text":"还有这事晕！",
"mid":"zxInxdjZG",
"date":"2013-05-21 11:20:22"
},
{
"kids":[],
"uid":"wqx0202",
"parent":"",
"text":"恩 [高跟鞋]先把眼睛戳瞎，再踢下体，待他弯腰后用包包zang脑壳，防身绝技哦亲",
"mid":"zxImrwJDZ",
"date":"2013-05-21 11:17:41"
},
{
"kids":[],
"uid":"misskatty",
"parent":"",
"text":"黑人巴拉的",
"mid":"zxIlC94CA",
"date":"2013-05-21 11:15:37"
},
{
"kids":[],
"uid":"1884754743",
"parent":"zxHW66kNs",
"text":"恐怖的！女生们都要小心啊！这种骗局太多了！",
"mid":"zxIkqyWri",
"date":"2013-05-21 11:12:43"
},
{
"kids":[],
"uid":"rachellanyu",
"parent":"",
"text":"",
"mid":"zxIkbwTFz",
"date":"2013-05-21 11:12:06"
},
{
"kids":[],
"uid":"2329640504",
"parent":"",
"text":"[衰][衰][衰]怎么会这样",
"mid":"zxIjqcsVp",
"date":"2013-05-21 11:10:14"
},
{
"kids":[],
"uid":"1774395125",
"parent":"zxIeClOsk",
"text":"又多一个爹的节奏吗",
"mid":"zxIgucwHc",
"date":"2013-05-21 11:03:00"
},
{
"kids":[
"zxIuOqq4X",
"zxIgucwHc"
],
"uid":"1743971295",
"parent":"zxI3leaXr",
"text":"-。-好口怕...",
"mid":"zxIeClOsk",
"date":"2013-05-21 10:58:24"
},
{
"kids":[
"zxIXRrgWG"
],
"uid":"btdchairman",
"parent":"",
"text":"",
"mid":"zxIcMiHK3",
"date":"2013-05-21 10:53:52"
},
{
"kids":[],
"uid":"1798609162",
"parent":"",
"text":"",
"mid":"zxIbMfaVW",
"date":"2013-05-21 10:51:23"
},
{
"kids":[],
"uid":"xiaomenghe",
"parent":"zxHVg41Xs",
"text":"",
"mid":"zxIbjhgzM",
"date":"2013-05-21 10:50:14"
},
{
"kids":[],
"uid":"1824025785",
"parent":"",
"text":"女孩儿们都看看",
"mid":"zxI9Xp2fP",
"date":"2013-05-21 10:46:55"
},
{
"kids":[
"zxQJflXHC"
],
"uid":"superdaigou",
"parent":"",
"text":"寒心",
"mid":"zxI9S5ZKn",
"date":"2013-05-21 10:46:41"
},
{
"kids":[
"zxJ7ixSGu",
"zxIG9avC8"
],
"uid":"joe052024",
"parent":"",
"text":"这个要转",
"mid":"zxI6tE41m",
"date":"2013-05-21 10:38:24"
},
{
"kids":[],
"uid":"1976268051",
"parent":"",
"text":"@RPG控贝爸 真的假的",
"mid":"zxI69gMzP",
"date":"2013-05-21 10:37:32"
},
{
"kids":[],
"uid":"liuwen840330",
"parent":"",
"text":"。。这个要转。。。",
"mid":"zxI685W8q",
"date":"2013-05-21 10:37:29"
},
{
"kids":[],
"uid":"2490104862",
"parent":"zxCKUB8h4",
"text":"@门洛霆 亲 把他们抓起来！",
"mid":"zxI636YXd",
"date":"2013-05-21 10:37:16"
},
{
"kids":[
"zxIpS0yVe",
"zxIeClOsk"
],
"uid":"1690573920",
"parent":"",
"text":"",
"mid":"zxI3leaXr",
"date":"2013-05-21 10:30:37"
},
{
"kids":[],
"uid":"h16888",
"parent":"",
"text":"@江宁公安在线 别卖萌了，查证下吧",
"mid":"zxHZkrQAG",
"date":"2013-05-21 10:20:43"
},
{
"kids":[],
"uid":"greenalen",
"parent":"",
"text":"@江宁公安在线 婆婆，遇到这种情况怎么办呢?",
"mid":"zxHZghk7Q",
"date":"2013-05-21 10:20:34"
},
{
"kids":[],
"uid":"yongjietongxin520",
"parent":"zxHTTwDQV",
"text":"/你妹",
"mid":"zxHYSEWAN",
"date":"2013-05-21 10:19:36"
},
{
"kids":[],
"uid":"2285351761",
"parent":"zxHTTwDQV",
"text":"中国人民警察该整顿了，习总书记力度还需要再大点！",
"mid":"zxHY9pFf4",
"date":"2013-05-21 10:17:49"
},
{
"kids":[],
"uid":"2321908160",
"parent":"zxHVg41Xs",
"text":"@江宁公安在线",
"mid":"zxHXPCSRl",
"date":"2013-05-21 10:17:03"
},
{
"kids":[
"zxIkqyWri"
],
"uid":"1843325701",
"parent":"",
"text":"真黑人！！",
"mid":"zxHW66kNs",
"date":"2013-05-21 10:12:44"
},
{
"kids":[
"zxIRa27az"
],
"uid":"1630728047",
"parent":"zxHRj77ET",
"text":"大家小心！",
"mid":"zxHVM0Af9",
"date":"2013-05-21 10:11:57"
},
{
"kids":[
"zxIbjhgzM",
"zxHXPCSRl"
],
"uid":"obchi",
"parent":"",
"text":"",
"mid":"zxHVg41Xs",
"date":"2013-05-21 10:10:42"
},
{
"kids":[
"zxMzncMee"
],
"uid":"1928934800",
"parent":"",
"text":"不知真假，纯转！！",
"mid":"zxHUT2hRy",
"date":"2013-05-21 10:09:46"
},
{
"kids":[
"zxHYSEWAN",
"zxHY9pFf4"
],
"uid":"zx0731",
"parent":"zxHRj77ET",
"text":"尼玛",
"mid":"zxHTTwDQV",
"date":"2013-05-21 10:07:20"
},
{
"kids":[],
"uid":"zhaoyueyinger",
"parent":"",
"text":"[怒]",
"mid":"zxHSV0myq",
"date":"2013-05-21 10:04:54"
},
{
"kids":[],
"uid":"1738275912",
"parent":"",
"text":"要真遇到，怎么办？",
"mid":"zxHS2AfKP",
"date":"2013-05-21 10:02:46"
},
{
"kids":[
"zxHVM0Af9",
"zxHTTwDQV"
],
"uid":"lionmomo",
"parent":"",
"text":"",
"mid":"zxHRj77ET",
"date":"2013-05-21 10:00:58"
},
{
"kids":[],
"uid":"1862250880",
"parent":"zxHPhg2U8",
"text":"尼玛 恐怖",
"mid":"zxHQSwMWt",
"date":"2013-05-21 09:59:55"
},
{
"kids":[
"zxIB8yChd"
],
"uid":"630012719",
"parent":"",
"text":"",
"mid":"zxHQAtw83",
"date":"2013-05-21 09:59:12"
},
{
"kids":[],
"uid":"1916128851",
"parent":"zxGwgtfSD",
"text":"是甩！",
"mid":"zxHQsuAXc",
"date":"2013-05-21 09:58:53"
},
{
"kids":[],
"uid":"2374039165",
"parent":"",
"text":"@江宁公安在线 出洞一下吧。看是谣言还是真事？",
"mid":"zxHPsr2W2",
"date":"2013-05-21 09:56:25"
},
{
"kids":[
"zxHQSwMWt"
],
"uid":"maokex",
"parent":"",
"text":"他二大爷",
"mid":"zxHPhg2U8",
"date":"2013-05-21 09:55:57"
},
{
"kids":[],
"uid":"819791212",
"parent":"zxHIImpn8",
"text":"去年某报也登过类似的事发生在丁家桥的中大医院附近，而此事的地址与报上地址很近，望鼓楼区的中央门与湖南路派出所好好查查。另外，公安内部应该对警容、警纪要求严格一些，切勿因警员个人不当言行而伤害普通民众。警察们应对得起这身警服，也要对得起自己所拿的那份工资，毕竟那是纳税人的血汗钱！",
"mid":"zxHOzwlfk",
"date":"2013-05-21 09:54:13"
},
{
"kids":[],
"uid":"zl0424",
"parent":"",
"text":"",
"mid":"zxHNEawGw",
"date":"2013-05-21 09:51:57"
},
{
"kids":[],
"uid":"youtuyuanyuan",
"parent":"",
"text":"",
"mid":"zxHM7jMVu",
"date":"2013-05-21 09:48:10"
},
{
"kids":[],
"uid":"2175467954",
"parent":"",
"text":"都长点心！",
"mid":"zxHJexZTn",
"date":"2013-05-21 09:41:05"
},
{
"kids":[
"zxHOzwlfk"
],
"uid":"139138131",
"parent":"",
"text":"@平安南京 @南京市公安局白下分局 看看，被喷了吧",
"mid":"zxHIImpn8",
"date":"2013-05-21 09:39:47"
},
{
"kids":[],
"uid":"1578965442",
"parent":"",
"text":"@熊熊的怡君",
"mid":"zxHEMzEbr",
"date":"2013-05-21 09:30:07"
},
{
"kids":[
"zxUNXxWgS"
],
"uid":"1578965442",
"parent":"",
"text":"@兔爷儿- @destiny遇见 @wyh201009",
"mid":"zxHEw1RXl",
"date":"2013-05-21 09:29:26"
},
{
"kids":[],
"uid":"happyfariy",
"parent":"",
"text":"警察好去死了",
"mid":"zxHC993EX",
"date":"2013-05-21 09:23:37"
},
{
"kids":[],
"uid":"qthing",
"parent":"",
"text":"@QZ我要做个小女人",
"mid":"zxHBF3O4I",
"date":"2013-05-21 09:22:25"
},
{
"kids":[],
"uid":"2262438700",
"parent":"zxHiOjun7",
"text":"[衰]",
"mid":"zxHrwctIw",
"date":"2013-05-21 08:57:25"
},
{
"kids":[
"zxHrwctIw"
],
"uid":"1768875640",
"parent":"zxH1St1RO",
"text":"太恐怖了！！@江宁公安在线",
"mid":"zxHiOjun7",
"date":"2013-05-21 08:35:59"
},
{
"kids":[],
"uid":"2230203937",
"parent":"",
"text":"还能人肉出来啊",
"mid":"zxHgH92sn",
"date":"2013-05-21 08:30:46"
},
{
"kids":[],
"uid":"1846517807",
"parent":"zxH1St1RO",
"text":"",
"mid":"zxHbYB3kL",
"date":"2013-05-21 08:19:09"
},
{
"kids":[],
"uid":"1915391582",
"parent":"",
"text":"这个吊社会",
"mid":"zxHaXo7DY",
"date":"2013-05-21 08:16:39"
},
{
"kids":[],
"uid":"viviandanbaby",
"parent":"zxGwgtfSD",
"text":"是恶心！！！！坏人怎么不死绝啊！！！！！！！！！！",
"mid":"zxH5Fp9mZ",
"date":"2013-05-21 08:03:37"
},
{
"kids":[
"zxHiOjun7",
"zxHbYB3kL"
],
"uid":"2096450502",
"parent":"zxGlm4rPY",
"text":"带小盆友出门也得小心呢，千万别让陌生人抱！继续[贬低]NJJC",
"mid":"zxH1St1RO",
"date":"2013-05-21 07:54:15"
},
{
"kids":[],
"uid":"hongliang20070",
"parent":"zxGwgtfSD",
"text":"关键那男的和女的讲的是南京话还是普通话",
"mid":"zxGG6nAAF",
"date":"2013-05-21 07:00:37"
},
{
"kids":[
"zxHQsuAXc",
"zxH5Fp9mZ",
"zxGG6nAAF"
],
"uid":"harcourtzh",
"parent":"zxEiuFyxH",
"text":"我日 这种情况首先直接骂那个老呆比 喊朋友来直接带他一顿捣",
"mid":"zxGwgtfSD",
"date":"2013-05-21 06:36:23"
},
{
"kids":[
"zxH1St1RO"
],
"uid":"1297520231",
"parent":"",
"text":"还有这种事啊[惊恐]真要小心点。",
"mid":"zxGlm4rPY",
"date":"2013-05-21 06:09:30"
},
{
"kids":[],
"uid":"303060106",
"parent":"zxEiuFyxH",
"text":"！！！",
"mid":"zxFW03A4O",
"date":"2013-05-21 05:07:02"
},
{
"kids":[
"zxMmxFc4y"
],
"uid":"1225925413",
"parent":"zxECb2qM1",
"text":"警惕啊！[吃惊] 再感谢博主骂得好！叫傻B警察吃屎是客气了，应该叫他们连吃一万顿！看他们脑子再长浆糊！！",
"mid":"zxEN1kgWd",
"date":"2013-05-21 02:12:09"
},
{
"kids":[
"zxEN1kgWd"
],
"uid":"1919211513",
"parent":"zxEiuFyxH",
"text":"@平安南京 @江宁公安在线 这事靠谱吗？",
"mid":"zxECb2qM1",
"date":"2013-05-21 01:45:26"
},
{
"kids":[],
"uid":"1748285797",
"parent":"zxEiuFyxH",
"text":"@钱菲菲Queena @愛情-唯美式",
"mid":"zxEybaOUC",
"date":"2013-05-21 01:35:36"
},
{
"kids":[],
"uid":"2013879883",
"parent":"zxEiuFyxH",
"text":"妹纸们还是小心点吧",
"mid":"zxEqbAf5U",
"date":"2013-05-21 01:15:58"
},
{
"kids":[],
"uid":"1693005144",
"parent":"zxDZlpk0i",
"text":"[汗][汗]",
"mid":"zxEjOgIDN",
"date":"2013-05-21 01:00:12"
},
{
"kids":[
"zxGwgtfSD",
"zxFW03A4O",
"zxECb2qM1",
"zxEybaOUC",
"zxEqbAf5U"
],
"uid":"1914164667",
"parent":"",
"text":"以後半夜一個人再也不在家門口晃蕩了",
"mid":"zxEiuFyxH",
"date":"2013-05-21 00:56:55"
},
{
"kids":[],
"uid":"aquariusinblue",
"parent":"zxDJBE7sO",
"text":"",
"mid":"zxE9OB0SX",
"date":"2013-05-21 00:35:35"
},
{
"kids":[
"zxEjOgIDN"
],
"uid":"1912733251",
"parent":"",
"text":"我擦",
"mid":"zxDZlpk0i",
"date":"2013-05-21 00:09:46"
},
{
"kids":[],
"uid":"feifeijiao",
"parent":"",
"text":"老王对我的教育是，不管遇到什么坏人直接抠眼睛、踢下体，每次最后都不忘加一句，千万表嫌意怪，照死抠[挖鼻屎]",
"mid":"zxDY6hsdJ",
"date":"2013-05-21 00:06:44"
},
{
"kids":[],
"uid":"1751853713",
"parent":"",
"text":"",
"mid":"zxDVpz2j2",
"date":"2013-05-21 00:00:03"
},
{
"kids":[],
"uid":"2809788517",
"parent":"",
"text":"好恐怖！这年头让人怎么去辨真假[围观][围观]",
"mid":"zxDUgoTut",
"date":"2013-05-20 23:57:13"
},
{
"kids":[],
"uid":"141331",
"parent":"",
"text":"",
"mid":"zxDQddtDY",
"date":"2013-05-20 23:47:17"
},
{
"kids":[
"zxJPQtUpV",
"zxJKLdFct"
],
"uid":"2257544797",
"parent":"zxDJypbGq",
"text":"@南京市公安局治巡支队 尊敬的警察叔叔，请问这样的犯罪嫌疑人能逮不能逮啊？连图片都是现成的。。。",
"mid":"zxDP0suGw",
"date":"2013-05-20 23:44:18"
},
{
"kids":[],
"uid":"1250751910",
"parent":"",
"text":"遇到这种情况先把女托打一顿[怒]若对方人数多，果断大喊大叫先，吸引广大群众围观，在被拦住的情况下，让热心大妈打零距离，标点先。。。@嘉呵呵ing",
"mid":"zxDN4voE0",
"date":"2013-05-20 23:39:31"
},
{
"kids":[],
"uid":"amber0529",
"parent":"",
"text":"如此荒唐的事都没人关注",
"mid":"zxDMOe8b2",
"date":"2013-05-20 23:38:54"
},
{
"kids":[],
"uid":"1510527553",
"parent":"zxCKUB8h4",
"text":"我去！尼玛要不要这么危险！",
"mid":"zxDLFiEaO",
"date":"2013-05-20 23:36:04"
},
{
"kids":[],
"uid":"1673150023",
"parent":"zxDJypbGq",
"text":"恐怖啊",
"mid":"zxDLeauSi",
"date":"2013-05-20 23:34:59"
},
{
"kids":[
"zxE9OB0SX"
],
"uid":"1464086645",
"parent":"",
"text":"下次我直接让那男的说我叫什么名字，我马上把身份证套出来对！",
"mid":"zxDJBE7sO",
"date":"2013-05-20 23:31:00"
},
{
"kids":[
"zxDP0suGw",
"zxDLeauSi"
],
"uid":"2257544797",
"parent":"",
"text":"这女孩该有心理阴影了，傻B警察",
"mid":"zxDJypbGq",
"date":"2013-05-20 23:30:53"
},
{
"kids":[],
"uid":"1435616494",
"parent":"",
"text":"",
"mid":"zxDzCAmnI",
"date":"2013-05-20 23:06:26"
},
{
"kids":[],
"uid":"1974800463",
"parent":"",
"text":"哇靠 太可怕了 大人都不能一个人出门了",
"mid":"zxD479J7U",
"date":"2013-05-20 21:48:44"
},
{
"kids":[],
"uid":"2010888292",
"parent":"",
"text":"[熊猫]这么恐怖？看来以后是要带刀出门了吗。。话说前段时间我和同学在湖南路还遇到超级猥亵变态男一直追我们呢[泪][泪][泪]@yyq木易 @honey-姗",
"mid":"zxCVR2ny0",
"date":"2013-05-20 21:28:28"
},
{
"kids":[
"zxI636YXd",
"zxDLFiEaO"
],
"uid":"1956208092",
"parent":"",
"text":"@比克小魔 我怕！",
"mid":"zxCKUB8h4",
"date":"2013-05-20 21:01:27"
},
{
"kids":[],
"uid":"1885022923",
"parent":"",
"text":"家门口嘛…真心恐怖，江湖险恶！！",
"mid":"zxCxilVgJ",
"date":"2013-05-20 20:27:55"
},
{
"kids":[],
"uid":"snowywy",
"parent":"",
"text":"大家小心！",
"mid":"zxChpackw",
"date":"2013-05-20 19:48:47"
},
{
"kids":[
"zxQbup5Fv",
"zxLUk8lfW",
"zxIHBh0ve"
],
"uid":"1843564143",
"parent":"",
"text":"@小瑾块块",
"mid":"zxC67b3WF",
"date":"2013-05-20 19:20:57"
},
{
"kids":[],
"uid":"feifeijiao",
"parent":"",
"text":"好恐怖，幸亏我都很少一个人出门",
"mid":"zxBUmueXR",
"date":"2013-05-20 18:52:01"
},
{
"kids":[],
"uid":"2806561974",
"parent":"",
"text":"转给姑娘们！注意安全！",
"mid":"zxBORuPLt",
"date":"2013-05-20 18:38:26"
},
{
"kids":[],
"uid":"1843564143",
"parent":"",
"text":"@江宁公安在线 @Airen_桶小乐 @Mrs郭小慧有公主病@妙俶 @遊俠樹影 @尤尤尤小新_Anita @陶长长长珺 @Trista的脱线- @小i珊 @包包殿的妹妹 @栋笃笑wj @娴儿酱 @ren欣雅 @G晓雨 @Je-Z念念 @姜姜雨晨",
"mid":"zxBfOpXAk",
"date":"2013-05-20 17:12:06"
}
]