[
{
"kids":[],
"uid":"2919938314",
"parent":"",
"text":"",
"mid":"zutBumkGr",
"date":"2013-04-30 04:12:37"
},
{
"kids":[],
"uid":"2808319000",
"parent":"",
"text":"",
"mid":"zuksbmzNi",
"date":"2013-04-29 04:54:59"
},
{
"kids":[],
"uid":"2920015612",
"parent":"",
"text":"",
"mid":"zuksbmzLS",
"date":"2013-04-29 04:54:59"
},
{
"kids":[],
"uid":"3043868714",
"parent":"",
"text":"",
"mid":"ztybBj3UQ",
"date":"2013-04-24 02:02:17"
},
{
"kids":[],
"uid":"3044378312",
"parent":"",
"text":"",
"mid":"zttrGAWLA",
"date":"2013-04-23 13:58:10"
},
{
"kids":[],
"uid":"2803521644",
"parent":"",
"text":"",
"mid":"zttrGAWJe",
"date":"2013-04-23 13:58:11"
},
{
"kids":[],
"uid":"1582761485",
"parent":"zqIXdc1hT",
"text":"",
"mid":"ztpk78Emi",
"date":"2013-04-23 03:28:31"
},
{
"kids":[],
"uid":"1776542602",
"parent":"zqIXdc1hT",
"text":"",
"mid":"ztjN0o26g",
"date":"2013-04-22 13:23:13"
},
{
"kids":[],
"uid":"2920393580",
"parent":"zqIXdc1hT",
"text":"",
"mid":"ztjN0mAjM",
"date":"2013-04-22 13:23:14"
},
{
"kids":[],
"uid":"suluocat",
"parent":"zsy4y3TQO",
"text":"真的很...",
"mid":"zsymKg3Cd",
"date":"2013-04-17 12:39:25"
},
{
"kids":[
"zsymKg3Cd"
],
"uid":"1870082152",
"parent":"zqNNP1eX4",
"text":"",
"mid":"zsy4y3TQO",
"date":"2013-04-17 11:54:36"
},
{
"kids":[],
"uid":"1583286335",
"parent":"zqIXdc1hT",
"text":"",
"mid":"zsvtinQlw",
"date":"2013-04-17 05:17:20"
},
{
"kids":[],
"uid":"1560964197",
"parent":"zqIXdc1hT",
"text":"",
"mid":"zslRIdWAk",
"date":"2013-04-16 04:50:01"
},
{
"kids":[],
"uid":"2919615702",
"parent":"zqIXdc1hT",
"text":"",
"mid":"zslRIdWzs",
"date":"2013-04-16 04:50:01"
},
{
"kids":[],
"uid":"3043517490",
"parent":"",
"text":"",
"mid":"zs2bEka3X",
"date":"2013-04-14 02:44:12"
},
{
"kids":[],
"uid":"2809855084",
"parent":"",
"text":"",
"mid":"zrRX2mLOl",
"date":"2013-04-13 00:40:40"
},
{
"kids":[],
"uid":"3043637812",
"parent":"",
"text":"",
"mid":"zrRX2489t",
"date":"2013-04-13 00:40:43"
},
{
"kids":[],
"uid":"1649896621",
"parent":"zqICQgKq3",
"text":"[汗][汗]",
"mid":"zrQy57BbS",
"date":"2013-04-12 21:06:30"
},
{
"kids":[],
"uid":"2145086271",
"parent":"",
"text":"这是要作死吗？！",
"mid":"zrIscmFus",
"date":"2013-04-12 00:29:59"
},
{
"kids":[],
"uid":"2809430232",
"parent":"zqIXdc1hT",
"text":"",
"mid":"zrzzinNFJ",
"date":"2013-04-11 01:52:48"
},
{
"kids":[],
"uid":"3043546430",
"parent":"zqIXdc1hT",
"text":"",
"mid":"zruEylRbf",
"date":"2013-04-10 13:22:01"
},
{
"kids":[],
"uid":"2920435740",
"parent":"zqIXdc1hT",
"text":"",
"mid":"zruEylR8Q",
"date":"2013-04-10 13:22:01"
},
{
"kids":[],
"uid":"2804917372",
"parent":"",
"text":"",
"mid":"zr7thooYE",
"date":"2013-04-08 02:21:04"
},
{
"kids":[],
"uid":"2919969480",
"parent":"",
"text":"",
"mid":"zr2eutnQ4",
"date":"2013-04-07 13:00:54"
},
{
"kids":[],
"uid":"2920016410",
"parent":"",
"text":"",
"mid":"zr2eutnNr",
"date":"2013-04-07 13:00:52"
},
{
"kids":[],
"uid":"3216781110",
"parent":"",
"text":"",
"mid":"zr0GsBeUv",
"date":"2013-04-07 09:04:17"
},
{
"kids":[],
"uid":"1841992785",
"parent":"",
"text":"[衰] 介个高中时就听老师们说过批卷的速度",
"mid":"zqWOytIix",
"date":"2013-04-06 23:13:17"
},
{
"kids":[],
"uid":"1891247057",
"parent":"",
"text":"呵呵呵",
"mid":"zqTX5uSfJ",
"date":"2013-04-06 15:56:01"
},
{
"kids":[],
"uid":"2148512530",
"parent":"",
"text":"",
"mid":"zqSVAEcgE",
"date":"2013-04-06 13:19:35"
},
{
"kids":[],
"uid":"1673576507",
"parent":"zqRS5bjQv",
"text":"一命二运三风水四积德五读书，看来高考到最后也得看天命和运气了。。[哈哈]",
"mid":"zqS9G4OMR",
"date":"2013-04-06 11:21:34"
},
{
"kids":[
"zqS9G4OMR"
],
"uid":"1425016073",
"parent":"zqML6zFc1",
"text":"妈的，怪不得老子最好的课程语文高考时差点不及格，。，，",
"mid":"zqRS5bjQv",
"date":"2013-04-06 10:38:13"
},
{
"kids":[],
"uid":"kathleenkathleen",
"parent":"",
"text":"假的！现在全是网络阅卷，一份卷会随机分到两位阅卷员电脑上，取平均分。而且，当两人打的分数相差超过规定值，就会被发到第三人电脑上，取相差较小的两个分数的平均分。另外还有各种电脑数据和各种级别人工监测阅卷员的阅卷，比如，把已经阅过的卷子发回给同一阅卷员，看两次打分是否一致，等等",
"mid":"zqO4jpWdF",
"date":"2013-04-06 00:57:22"
},
{
"kids":[],
"uid":"harrysoharry",
"parent":"zqNGejuB3",
"text":"向同学们表示[蜡烛][蜡烛][蜡烛][蜡烛]",
"mid":"zqO2wlzAx",
"date":"2013-04-06 00:52:56"
},
{
"kids":[],
"uid":"woshiboziyan",
"parent":"",
"text":"我靠但愿别是广东省的！！",
"mid":"zqNRpvHAM",
"date":"2013-04-06 00:25:35"
},
{
"kids":[],
"uid":"2008254667",
"parent":"zqNNP1eX4",
"text":"我平时帮老师改广一模都比一部分高考改卷人员好，就因为她的不小心，我们十几年的心血就废了。[怒][怒][怒][怒][怒][怒]",
"mid":"zqNR3lUYj",
"date":"2013-04-06 00:24:42"
},
{
"kids":[
"zsy4y3TQO",
"zqNR3lUYj"
],
"uid":"feijicheng",
"parent":"zqNGejuB3",
"text":"如此说来，寒窗十年，为哪般？",
"mid":"zqNNP1eX4",
"date":"2013-04-06 00:16:42"
},
{
"kids":[
"zqO2wlzAx",
"zqNNP1eX4"
],
"uid":"flyjohn",
"parent":"",
"text":"唉！~~~",
"mid":"zqNGejuB3",
"date":"2013-04-05 23:58:02"
},
{
"kids":[],
"uid":"yangike",
"parent":"",
"text":"",
"mid":"zqNbv2aOx",
"date":"2013-04-05 22:42:15"
},
{
"kids":[],
"uid":"1902892127",
"parent":"zqML6zFc1",
"text":"",
"mid":"zqNaDt8wK",
"date":"2013-04-05 22:40:12"
},
{
"kids":[],
"uid":"3242097390",
"parent":"zqKFVyv1o",
"text":"一直觉得这些乱改的傻逼都是在草菅人命。",
"mid":"zqMMCvFDy",
"date":"2013-04-05 21:41:01"
},
{
"kids":[
"zqRS5bjQv",
"zqNaDt8wK"
],
"uid":"linxy51",
"parent":"zqMGykMRI",
"text":"本来就是这样的啊！一篇作文，三十十秒！！所以不能查卷！！！",
"mid":"zqML6zFc1",
"date":"2013-04-05 21:37:18"
},
{
"kids":[],
"uid":"fanzhihom",
"parent":"",
"text":"我只能说那一年我RP真的不咋滴！[草泥马]",
"mid":"zqMHqpwlq",
"date":"2013-04-05 21:28:14"
},
{
"kids":[
"zqML6zFc1"
],
"uid":"cmccqd",
"parent":"",
"text":"哎，听说过",
"mid":"zqMGykMRI",
"date":"2013-04-05 21:26:05"
},
{
"kids":[],
"uid":"1861195533",
"parent":"",
"text":"尼玛原来我当年就系甘扑街的[怒]",
"mid":"zqMEPDLKD",
"date":"2013-04-05 21:21:51"
},
{
"kids":[],
"uid":"2879768615",
"parent":"zqJiB22tU",
"text":"真的假的哦？",
"mid":"zqMrG8Vur",
"date":"2013-04-05 20:49:26"
},
{
"kids":[],
"uid":"1658971423",
"parent":"",
"text":"",
"mid":"zqLZhye5p",
"date":"2013-04-05 19:39:27"
},
{
"kids":[],
"uid":"2826460351",
"parent":"",
"text":"真是这样我们学的还有什么意思。",
"mid":"zqLRPqFXf",
"date":"2013-04-05 19:21:04"
},
{
"kids":[],
"uid":"1966781945",
"parent":"",
"text":"嘛了口啦[怒]",
"mid":"zqLz8eFpF",
"date":"2013-04-05 18:35:03"
},
{
"kids":[],
"uid":"2925432131",
"parent":"",
"text":"卧槽",
"mid":"zqLmHAln4",
"date":"2013-04-05 18:04:26"
},
{
"kids":[],
"uid":"3145088342",
"parent":"",
"text":"我操- -",
"mid":"zqLkBhO91",
"date":"2013-04-05 17:59:15"
},
{
"kids":[],
"uid":"2916149634",
"parent":"",
"text":"靠",
"mid":"zqL8c86dN",
"date":"2013-04-05 17:28:41"
},
{
"kids":[],
"uid":"1928872645",
"parent":"",
"text":"钱途",
"mid":"zqKRdzgq1",
"date":"2013-04-05 16:46:50"
},
{
"kids":[
"zqMMCvFDy"
],
"uid":"gyykobe",
"parent":"zqKvEbYn9",
"text":"",
"mid":"zqKFVyv1o",
"date":"2013-04-05 16:19:03"
},
{
"kids":[],
"uid":"2366722575",
"parent":"zqGOE33Vb",
"text":"我的个天，这是真的！！！？",
"mid":"zqKxB17KF",
"date":"2013-04-05 15:58:30"
},
{
"kids":[
"zqKFVyv1o"
],
"uid":"1790551985",
"parent":"",
"text":"妈了个八字！！",
"mid":"zqKvEbYn9",
"date":"2013-04-05 15:53:43"
},
{
"kids":[],
"uid":"2391842091",
"parent":"",
"text":"[汗][汗]",
"mid":"zqKtkzlSt",
"date":"2013-04-05 15:48:00"
},
{
"kids":[],
"uid":"3281252765",
"parent":"",
"text":"简直麻了口",
"mid":"zqKep4t6s",
"date":"2013-04-05 15:11:14"
},
{
"kids":[],
"uid":"2714652283",
"parent":"zqI6PFIsp",
"text":"噢戳戳戳连高考都要拼人品TOT",
"mid":"zqK4v2vae",
"date":"2013-04-05 14:46:50"
},
{
"kids":[],
"uid":"2842748427",
"parent":"",
"text":"",
"mid":"zqJUHsZBe",
"date":"2013-04-05 14:22:42"
},
{
"kids":[],
"uid":"2299876500",
"parent":"zqIOqAgF4",
"text":"[吃惊]应该把高考试卷发下来",
"mid":"zqJNbxclx",
"date":"2013-04-05 14:04:11"
},
{
"kids":[],
"uid":"2655270703",
"parent":"",
"text":"",
"mid":"zqJHhmJEt",
"date":"2013-04-05 13:49:37"
},
{
"kids":[],
"uid":"2061580497",
"parent":"zqJ3icRfP",
"text":"",
"mid":"zqJx82yCr",
"date":"2013-04-05 13:24:36"
},
{
"kids":[],
"uid":"3186688992",
"parent":"zqFcFyjDJ",
"text":"",
"mid":"zqJsN6uXf",
"date":"2013-04-05 13:13:56"
},
{
"kids":[],
"uid":"273322632",
"parent":"",
"text":"所以，就在国内真是毫无希望",
"mid":"zqJnHfesz",
"date":"2013-04-05 13:01:23"
},
{
"kids":[],
"uid":"vividpaipai",
"parent":"zqFDyERKY",
"text":"懂什么？这就叫命运。。。",
"mid":"zqJn2bME0",
"date":"2013-04-05 12:59:44"
},
{
"kids":[],
"uid":"clampxxxholic",
"parent":"zqJirBXDQ",
"text":"呵呵",
"mid":"zqJmijSDP",
"date":"2013-04-05 12:57:56"
},
{
"kids":[],
"uid":"1977028097",
"parent":"",
"text":"高考什么的都是浮云了，是金子总是会发光的",
"mid":"zqJm24NAq",
"date":"2013-04-05 12:57:18"
},
{
"kids":[
"zqMrG8Vur"
],
"uid":"940610787",
"parent":"",
"text":"我勒个去啊",
"mid":"zqJiB22tU",
"date":"2013-04-05 12:48:49"
},
{
"kids":[
"zqJmijSDP"
],
"uid":"1742313270",
"parent":"",
"text":"早就知道了呵呵。。。",
"mid":"zqJirBXDQ",
"date":"2013-04-05 12:48:27"
},
{
"kids":[],
"uid":"1756848111",
"parent":"",
"text":"我们高考的时候不是已经电脑阅卷了吗？！",
"mid":"zqJicuU2j",
"date":"2013-04-05 12:47:51"
},
{
"kids":[],
"uid":"1198754262",
"parent":"",
"text":"",
"mid":"zqJfXk9zi",
"date":"2013-04-05 12:42:19"
},
{
"kids":[],
"uid":"XiaoMengAirlines",
"parent":"zqJdHjl6K",
"text":"",
"mid":"zqJfgvyFH",
"date":"2013-04-05 12:40:35"
},
{
"kids":[],
"uid":"1628955804",
"parent":"zqJeduwwb",
"text":"卧槽@查無此人-T59 @包着肉渣",
"mid":"zqJeZkNmx",
"date":"2013-04-05 12:39:56"
},
{
"kids":[
"zqJeZkNmx"
],
"uid":"1941649032",
"parent":"",
"text":"卧槽。[怒][怒]",
"mid":"zqJeduwwb",
"date":"2013-04-05 12:38:02"
},
{
"kids":[
"zqJfgvyFH"
],
"uid":"2520157312",
"parent":"",
"text":"",
"mid":"zqJdHjl6K",
"date":"2013-04-05 12:36:45"
},
{
"kids":[],
"uid":"2919580375",
"parent":"zqJ3icRfP",
"text":"卧槽！！！还要不要高考了！！！！！",
"mid":"zqJbaoNli",
"date":"2013-04-05 12:30:30"
},
{
"kids":[
"zqJx82yCr",
"zqJbaoNli"
],
"uid":"happyruly",
"parent":"zqIYrpEEY",
"text":"这都什么世道！",
"mid":"zqJ3icRfP",
"date":"2013-04-05 12:11:07"
},
{
"kids":[
"zqJ3icRfP"
],
"uid":"2733768314",
"parent":"",
"text":"擦！！！！！",
"mid":"zqIYrpEEY",
"date":"2013-04-05 11:59:08"
},
{
"kids":[
"ztpk78Emi",
"ztjN0o26g",
"ztjN0mAjM",
"zsvtinQlw",
"zslRIdWAk",
"zslRIdWzs",
"zrzzinNFJ",
"zruEylRbf",
"zruEylR8Q"
],
"uid":"2665074461",
"parent":"",
"text":"",
"mid":"zqIXdc1hT",
"date":"2013-04-05 11:56:08"
},
{
"kids":[],
"uid":"2244716973",
"parent":"",
"text":"谁叫这就是中国",
"mid":"zqIVJwOZH",
"date":"2013-04-05 11:52:30"
},
{
"kids":[
"zqJNbxclx"
],
"uid":"1645784987",
"parent":"zqIn7ohxN",
"text":"",
"mid":"zqIOqAgF4",
"date":"2013-04-05 11:34:29"
},
{
"kids":[],
"uid":"2772291267",
"parent":"",
"text":"。。噶肥死哟",
"mid":"zqIMvvpOU",
"date":"2013-04-05 11:29:46"
},
{
"kids":[],
"uid":"yanghanlin",
"parent":"zqIeBFJOc",
"text":"又黑我大师大",
"mid":"zqILZAkhn",
"date":"2013-04-05 11:28:29"
},
{
"kids":[
"zrQy57BbS"
],
"uid":"1868342397",
"parent":"zqIwlu7mI",
"text":"泥媒",
"mid":"zqICQgKq3",
"date":"2013-04-05 11:05:57"
},
{
"kids":[],
"uid":"2954212571",
"parent":"zqI6PFIsp",
"text":"wcnmlgb",
"mid":"zqIzFs9if",
"date":"2013-04-05 10:58:08"
},
{
"kids":[
"zqICQgKq3"
],
"uid":"1196684700",
"parent":"",
"text":"[衰]",
"mid":"zqIwlu7mI",
"date":"2013-04-05 10:49:57"
},
{
"kids":[],
"uid":"2071603927",
"parent":"",
"text":"终于知道为什么我理综估分264结果却只得了164的原因了！！！！",
"mid":"zqIumh7JC",
"date":"2013-04-05 10:45:02"
},
{
"kids":[],
"uid":"sunlight666",
"parent":"",
"text":"",
"mid":"zqIqQaZgW",
"date":"2013-04-05 10:36:23"
},
{
"kids":[],
"uid":"3004510401",
"parent":"",
"text":"",
"mid":"zqIpypzHP",
"date":"2013-04-05 10:33:11"
},
{
"kids":[
"zqIOqAgF4"
],
"uid":"1663962564",
"parent":"zqIeBFJOc",
"text":"",
"mid":"zqIn7ohxN",
"date":"2013-04-05 10:27:13"
},
{
"kids":[],
"uid":"wangmian0625",
"parent":"",
"text":"不会吧…等着辟谣！",
"mid":"zqImV05JD",
"date":"2013-04-05 10:26:42"
},
{
"kids":[],
"uid":"1826391053",
"parent":"zqHcBcnhh",
"text":"往事不堪回首啊~",
"mid":"zqIik8MbO",
"date":"2013-04-05 10:15:24"
},
{
"kids":[
"zqILZAkhn",
"zqIn7ohxN"
],
"uid":"liuliangcat",
"parent":"",
"text":"突然好想查当年的高考试卷了",
"mid":"zqIeBFJOc",
"date":"2013-04-05 10:06:15"
},
{
"kids":[],
"uid":"2700868110",
"parent":"",
"text":"[汗]@-POONPUIKHUN- @白金级库特-NEET豹",
"mid":"zqI8z1Mg2",
"date":"2013-04-05 09:51:20"
},
{
"kids":[
"zqK4v2vae",
"zqIzFs9if"
],
"uid":"3022869337",
"parent":"",
"text":"讨厌！！！",
"mid":"zqI6PFIsp",
"date":"2013-04-05 09:47:05"
},
{
"kids":[],
"uid":"1912887363",
"parent":"zqGRhbcth",
"text":"只有转发转发",
"mid":"zqI4QexfR",
"date":"2013-04-05 09:42:11"
},
{
"kids":[],
"uid":"2507677234",
"parent":"",
"text":"",
"mid":"zqHYHzx9l",
"date":"2013-04-05 09:27:02"
},
{
"kids":[],
"uid":"2463399480",
"parent":"",
"text":"[怒]",
"mid":"zqHHb6juT",
"date":"2013-04-05 08:43:52"
},
{
"kids":[],
"uid":"1968007672",
"parent":"zqFDyERKY",
"text":"感觉还好吧！考完了会发标准答案，我的考分和自己的估分没差多少",
"mid":"zqHG121kp",
"date":"2013-04-05 08:41:00"
},
{
"kids":[],
"uid":"1003970903",
"parent":"",
"text":"[怒]",
"mid":"zqHEiBLbp",
"date":"2013-04-05 08:36:47"
},
{
"kids":[],
"uid":"2231387742",
"parent":"zqGRhbcth",
"text":"",
"mid":"zqHqOnmNV",
"date":"2013-04-05 08:03:34"
},
{
"kids":[
"zqIik8MbO"
],
"uid":"2010388112",
"parent":"",
"text":"产业嘛，没办法！",
"mid":"zqHcBcnhh",
"date":"2013-04-05 07:28:33"
},
{
"kids":[],
"uid":"2913505355",
"parent":"zqGRhbcth",
"text":"内幕是真的？不会吧",
"mid":"zqH3jhnA5",
"date":"2013-04-05 07:05:39"
},
{
"kids":[],
"uid":"77674690",
"parent":"zqFDyERKY",
"text":"@牙小喵 你可好好给人批阅啊。",
"mid":"zqGSm0d4e",
"date":"2013-04-05 06:38:40"
},
{
"kids":[
"zqI4QexfR",
"zqHqOnmNV",
"zqH3jhnA5"
],
"uid":"9257xlj",
"parent":"zqGNZAZjn",
"text":"[吃惊]",
"mid":"zqGRhbcth",
"date":"2013-04-05 06:36:01"
},
{
"kids":[
"zqKxB17KF"
],
"uid":"1825972093",
"parent":"",
"text":"@拿命向人生发誓的李佳希 @陳雪-willing @蒋绵绵_GAMMA 我想说，这样的考试拿来干什么，对得起我们这样拼搏的十几年吗！！！！",
"mid":"zqGOE33Vb",
"date":"2013-04-05 06:29:32"
},
{
"kids":[
"zqGRhbcth"
],
"uid":"730444566",
"parent":"",
"text":"http:",
"mid":"zqGNZAZjn",
"date":"2013-04-05 06:27:56"
},
{
"kids":[],
"uid":"2193101262",
"parent":"",
"text":"天呐 ！",
"mid":"zqG8fFTqH",
"date":"2013-04-05 04:45:05"
},
{
"kids":[
"zqJn2bME0",
"zqHG121kp",
"zqGSm0d4e"
],
"uid":"artms",
"parent":"zqFcFyjDJ",
"text":"",
"mid":"zqFDyERKY",
"date":"2013-04-05 03:29:29"
},
{
"kids":[],
"uid":"1887797670",
"parent":"",
"text":"[鄙视]",
"mid":"zqFe51BTE",
"date":"2013-04-05 02:26:42"
},
{
"kids":[
"zqJsN6uXf",
"zqFDyERKY"
],
"uid":"wesely1985",
"parent":"",
"text":"",
"mid":"zqFcFyjDJ",
"date":"2013-04-05 02:23:14"
},
{
"kids":[],
"uid":"lifelongpursue",
"parent":"",
"text":"",
"mid":"zqEVGEpvn",
"date":"2013-04-05 01:41:24"
},
{
"kids":[],
"uid":"joeliu96",
"parent":"",
"text":"是哪个省的？",
"mid":"zqEVE4B63",
"date":"2013-04-05 01:41:16"
},
{
"kids":[],
"uid":"jimoliuxing",
"parent":"",
"text":"[吃惊]",
"mid":"zqEIrcWhl",
"date":"2013-04-05 01:08:45"
},
{
"kids":[],
"uid":"201278528",
"parent":"",
"text":"能说什么呢[哼]",
"mid":"zqEHA3ydf",
"date":"2013-04-05 01:06:38"
},
{
"kids":[],
"uid":"1981277853",
"parent":"",
"text":"",
"mid":"zqEHdjDiS",
"date":"2013-04-05 01:05:44"
}
]