[
{
"kids":[],
"uid":"bowu",
"parent":"",
"text":"这都陈年老谣了。。这是越南河静省的女艺术家阮怀诗的作品，用复合材料做的，作者想传达出女权主义和女性的力量（我怎么没看出来），淘宝某些骗子园艺店还卖这玩意的种子！去淘宝搜“乳瓜”，你就会看到这些图。谁买谁呵呵。",
"mid":"A31u4iKca",
"date":"2013-08-03 13:43:32"
},
{
"kids":[],
"uid":"lovebjd",
"parent":"A31u4iKca",
"text":"[嘻嘻]",
"mid":"C1eMnAo2f",
"date":"2015-01-25 17:22:21"
},
{
"kids":[],
"uid":"3207765017",
"parent":"",
"text":"卧槽！这是真的还是假的",
"mid":"AbGAt7pla",
"date":"2013-09-29 13:04:21"
},
{
"kids":[],
"uid":"2804907482",
"parent":"A30hWuD4S",
"text":"",
"mid":"A6jc49FkH",
"date":"2013-08-25 04:19:32"
},
{
"kids":[],
"uid":"2920151064",
"parent":"A30aob1r4",
"text":"",
"mid":"A5IHSw4Hy",
"date":"2013-08-21 07:26:17"
},
{
"kids":[],
"uid":"1130887043",
"parent":"A31u4iKca",
"text":"",
"mid":"A5Ey7sHPY",
"date":"2013-08-20 20:51:13"
},
{
"kids":[],
"uid":"3045205780",
"parent":"A30hWuD4S",
"text":"",
"mid":"A5hmNgdch",
"date":"2013-08-18 09:50:10"
},
{
"kids":[],
"uid":"3626252262",
"parent":"A4vVDgExH",
"text":"最近得到一张牛购网VIP会员卡，凭卡购物可以享受9折 优惠，各种配置平板电脑比市面港货还有便宜，各位如果 也要享受折扣的话可以凭本人VIP编码也能享受同样优惠 。点击进入 http:",
"mid":"A5eUUuiVV",
"date":"2013-08-18 03:35:59"
},
{
"kids":[],
"uid":"3045013572",
"parent":"A30aJa53C",
"text":"",
"mid":"A57GXcjh8",
"date":"2013-08-17 09:12:21"
},
{
"kids":[],
"uid":"2919812770",
"parent":"A39a0rpFb",
"text":"",
"mid":"A4Q5Hh0mD",
"date":"2013-08-15 12:23:51"
},
{
"kids":[],
"uid":"barcon",
"parent":"A31u4iKca",
"text":"",
"mid":"A4JoSieNU",
"date":"2013-08-14 19:21:52"
},
{
"kids":[],
"uid":"2919550474",
"parent":"A39a0rpFb",
"text":"",
"mid":"A4GbRmWXr",
"date":"2013-08-14 11:11:36"
},
{
"kids":[],
"uid":"2804834502",
"parent":"A39a0rpFb",
"text":"",
"mid":"A4FKP57W0",
"date":"2013-08-14 10:04:58"
},
{
"kids":[
"A5eUUuiVV"
],
"uid":"3043638062",
"parent":"A30puyptB",
"text":"",
"mid":"A4vVDgExH",
"date":"2013-08-13 09:04:10"
},
{
"kids":[],
"uid":"2920403024",
"parent":"A30hWuD4S",
"text":"",
"mid":"A4vuFmWha",
"date":"2013-08-13 07:57:42"
},
{
"kids":[],
"uid":"2919618804",
"parent":"A30hWuD4S",
"text":"",
"mid":"A4vasccPs",
"date":"2013-08-13 07:07:55"
},
{
"kids":[],
"uid":"3044134680",
"parent":"A30puyptB",
"text":"",
"mid":"A4v9JxRaV",
"date":"2013-08-13 07:06:09"
},
{
"kids":[],
"uid":"2789791882",
"parent":"A30aJa53C",
"text":"",
"mid":"A4oAmn2LQ",
"date":"2013-08-12 14:22:30"
},
{
"kids":[],
"uid":"2919784732",
"parent":"A30aJa53C",
"text":"",
"mid":"A4oxGj2eA",
"date":"2013-08-12 14:15:55"
},
{
"kids":[],
"uid":"2789721274",
"parent":"A30aob1r4",
"text":"",
"mid":"A44zNixjb",
"date":"2013-08-10 11:26:10"
},
{
"kids":[],
"uid":"2808542230",
"parent":"A30puyptB",
"text":"",
"mid":"A43BZrmIc",
"date":"2013-08-10 08:58:51"
},
{
"kids":[],
"uid":"1371930884",
"parent":"A31u4iKca",
"text":"乍一看以为是猪笼草呢",
"mid":"A43hbkjjj",
"date":"2013-08-10 08:07:34"
},
{
"kids":[],
"uid":"2789928504",
"parent":"A30puyptB",
"text":"",
"mid":"A43dLbnjT",
"date":"2013-08-10 07:59:08"
},
{
"kids":[],
"uid":"3044710364",
"parent":"A30aob1r4",
"text":"",
"mid":"A3WARjrOf",
"date":"2013-08-09 15:06:50"
},
{
"kids":[],
"uid":"1582695975",
"parent":"A39a0rpFb",
"text":"",
"mid":"A3W1MtiPf",
"date":"2013-08-09 13:40:24"
},
{
"kids":[],
"uid":"3045324124",
"parent":"A30aob1r4",
"text":"",
"mid":"A3VlIunu0",
"date":"2013-08-09 11:56:46"
},
{
"kids":[],
"uid":"2920519084",
"parent":"A39a0rpFb",
"text":"",
"mid":"A3Tub9IR4",
"date":"2013-08-09 07:12:07"
},
{
"kids":[],
"uid":"3044843670",
"parent":"A30dQFF98",
"text":"",
"mid":"A3LUouwKt",
"date":"2013-08-08 11:54:44"
},
{
"kids":[],
"uid":"cf0521",
"parent":"A31u4iKca",
"text":"[汗][汗][汗][汗][汗][汗]",
"mid":"A3L4GqUrE",
"date":"2013-08-08 09:47:21"
},
{
"kids":[],
"uid":"3044568984",
"parent":"A30dQFF98",
"text":"",
"mid":"A3KR6yxPu",
"date":"2013-08-08 09:13:54"
},
{
"kids":[],
"uid":"3167892401",
"parent":"",
"text":"",
"mid":"A3E7pEjrQ",
"date":"2013-08-07 16:04:49"
},
{
"kids":[],
"uid":"639616456",
"parent":"A31u4iKca",
"text":"",
"mid":"A3DI37rw9",
"date":"2013-08-07 15:02:19"
},
{
"kids":[],
"uid":"1926067625",
"parent":"A31u4iKca",
"text":"",
"mid":"A3DHcrPjf",
"date":"2013-08-07 15:00:17"
},
{
"kids":[],
"uid":"1588992421",
"parent":"A30puyptB",
"text":"",
"mid":"A3BARkeLP",
"date":"2013-08-07 09:39:08"
},
{
"kids":[],
"uid":"2920533602",
"parent":"A30puyptB",
"text":"",
"mid":"A3Bizdqfn",
"date":"2013-08-07 08:54:04"
},
{
"kids":[],
"uid":"2919373384",
"parent":"A30aJa53C",
"text":"",
"mid":"A3sz4jGrd",
"date":"2013-08-06 10:40:01"
},
{
"kids":[],
"uid":"opusyang",
"parent":"A31u4iKca",
"text":"酱紫",
"mid":"A3lQabxQb",
"date":"2013-08-05 17:32:55"
},
{
"kids":[],
"uid":"1795887873",
"parent":"A31u4iKca",
"text":"谁买谁呵呵[偷乐]",
"mid":"A3lQ8nMvF",
"date":"2013-08-05 17:32:50"
},
{
"kids":[],
"uid":"1764823352",
"parent":"A31u4iKca",
"text":"[哈哈][哈哈]",
"mid":"A3l57mUUJ",
"date":"2013-08-05 15:37:00"
},
{
"kids":[],
"uid":"714807948",
"parent":"A31u4iKca",
"text":"",
"mid":"A3khs48Hc",
"date":"2013-08-05 13:34:37"
},
{
"kids":[],
"uid":"2919574504",
"parent":"A30iQ7emo",
"text":"",
"mid":"A3k2iCqvO",
"date":"2013-08-05 12:57:19"
},
{
"kids":[],
"uid":"1727906071",
"parent":"A30dQFF98",
"text":"",
"mid":"A3jHtBJJZ",
"date":"2013-08-05 12:05:59"
},
{
"kids":[],
"uid":"3044048770",
"parent":"A30aJa53C",
"text":"",
"mid":"A3izVvxol",
"date":"2013-08-05 09:14:40"
},
{
"kids":[],
"uid":"1581921671",
"parent":"A30puyptB",
"text":"",
"mid":"A3ivRaU7M",
"date":"2013-08-05 09:04:37"
},
{
"kids":[],
"uid":"2920244334",
"parent":"A30aJa53C",
"text":"",
"mid":"A3ivRaU4X",
"date":"2013-08-05 09:04:36"
},
{
"kids":[],
"uid":"1895747897",
"parent":"A31u4iKca",
"text":"身边还真有人说要上淘宝买 难怪那些宿迁卖假种假苗的活得那么滋润",
"mid":"A3iuTc57i",
"date":"2013-08-05 09:02:15"
},
{
"kids":[],
"uid":"3044357304",
"parent":"A30puyptB",
"text":"",
"mid":"A3ihfcLz5",
"date":"2013-08-05 08:28:38"
},
{
"kids":[],
"uid":"1583014187",
"parent":"A30dQFF98",
"text":"",
"mid":"A3hZcaJ5p",
"date":"2013-08-05 07:44:09"
},
{
"kids":[],
"uid":"1058203450",
"parent":"A31u4iKca",
"text":"长姿势！",
"mid":"A3e71sqcc",
"date":"2013-08-04 21:52:28"
},
{
"kids":[],
"uid":"2339691547",
"parent":"A31u4iKca",
"text":"谁买谁呵呵！",
"mid":"A3dRQAmc8",
"date":"2013-08-04 21:15:05"
},
{
"kids":[],
"uid":"2920349004",
"parent":"A30aob1r4",
"text":"",
"mid":"A3aEZujQQ",
"date":"2013-08-04 13:05:10"
},
{
"kids":[],
"uid":"1582753965",
"parent":"A30iQ7emo",
"text":"",
"mid":"A39RL3Axv",
"date":"2013-08-04 11:03:50"
},
{
"kids":[],
"uid":"2920511980",
"parent":"A30iQ7emo",
"text":"",
"mid":"A39MOjdAv",
"date":"2013-08-04 10:51:41"
},
{
"kids":[],
"uid":"2919623464",
"parent":"A30hS8sme",
"text":"",
"mid":"A39jYAo85",
"date":"2013-08-04 09:40:37"
},
{
"kids":[
"A4Q5Hh0mD",
"A4GbRmWXr",
"A4FKP57W0",
"A3W1MtiPf",
"A3Tub9IR4"
],
"uid":"2692898464",
"parent":"A396mnz2T",
"text":"",
"mid":"A39a0rpFb",
"date":"2013-08-04 09:16:05"
},
{
"kids":[],
"uid":"2692898464",
"parent":"A396mnz2T",
"text":"",
"mid":"A399i8Lmf",
"date":"2013-08-04 09:14:19"
},
{
"kids":[],
"uid":"3649692801",
"parent":"A30L5q3l6",
"text":"",
"mid":"A396z5lgz",
"date":"2013-08-04 09:07:35"
},
{
"kids":[
"A4Q5Hh0mD",
"A4GbRmWXr",
"A4FKP57W0",
"A3W1MtiPf",
"A3Tub9IR4",
"A39a0rpFb",
"A399i8Lmf"
],
"uid":"2421971761",
"parent":"A369v08jr",
"text":"哈哈哈哈，",
"mid":"A396mnz2T",
"date":"2013-08-04 09:07:06"
},
{
"kids":[],
"uid":"1583784212",
"parent":"A30hS8sme",
"text":"",
"mid":"A38UC0KXn",
"date":"2013-08-04 08:38:09"
},
{
"kids":[],
"uid":"2803310634",
"parent":"A30aob1r4",
"text":"",
"mid":"A38H3jURe",
"date":"2013-08-04 08:04:45"
},
{
"kids":[
"A4Q5Hh0mD",
"A4GbRmWXr",
"A4FKP57W0",
"A3W1MtiPf",
"A3Tub9IR4",
"A39a0rpFb",
"A399i8Lmf",
"A396mnz2T"
],
"uid":"opalj",
"parent":"",
"text":"我觉得吃了该乳房下垂了吧[汗] 来自话题#越南乳瓜# http:",
"mid":"A369v08jr",
"date":"2013-08-04 01:36:35"
},
{
"kids":[],
"uid":"azusatwintail",
"parent":"",
"text":"#越南乳瓜# @想要陪安东尼度过漫长岁月 详情:http:",
"mid":"A35OsFUoJ",
"date":"2013-08-04 00:44:45"
},
{
"kids":[],
"uid":"2923418273",
"parent":"",
"text":"#越南乳瓜# [xb压力] 详情:http:",
"mid":"A35zKue2s",
"date":"2013-08-04 00:08:31"
},
{
"kids":[],
"uid":"3177612471",
"parent":"",
"text":"瓜中之王",
"mid":"A35uBDgkD",
"date":"2013-08-03 23:55:51"
},
{
"kids":[],
"uid":"wkh123",
"parent":"",
"text":"#越南乳瓜# 转发微博 话题详情:http:",
"mid":"A35sGyUZA",
"date":"2013-08-03 23:51:07"
},
{
"kids":[],
"uid":"mryangyu",
"parent":"",
"text":"#越南乳瓜# 转发微博 话题详情:http:",
"mid":"A35iv6lAL",
"date":"2013-08-03 23:26:01"
},
{
"kids":[],
"uid":"2453219364",
"parent":"A34WHtXxE",
"text":"",
"mid":"A355te8EX",
"date":"2013-08-03 22:53:53"
},
{
"kids":[],
"uid":"1334198300",
"parent":"A31PehdlA",
"text":"女权主义[疑问]",
"mid":"A350Dx87d",
"date":"2013-08-03 22:42:01"
},
{
"kids":[
"A355te8EX"
],
"uid":"jjrbzsh",
"parent":"A31u4iKca",
"text":"确实很艺术。",
"mid":"A34WHtXxE",
"date":"2013-08-03 22:32:20"
},
{
"kids":[],
"uid":"331582430",
"parent":"A31u4iKca",
"text":"一看就是假的",
"mid":"A34OxlBh8",
"date":"2013-08-03 22:12:10"
},
{
"kids":[],
"uid":"1874717292",
"parent":"A31I6wXZY",
"text":"",
"mid":"A34GqEr7a",
"date":"2013-08-03 21:52:15"
},
{
"kids":[],
"uid":"1811883341",
"parent":"A31u4iKca",
"text":"",
"mid":"A34lDrm8n",
"date":"2013-08-03 21:01:00"
},
{
"kids":[],
"uid":"cawcaw",
"parent":"A33SE10lD",
"text":"我就是看到了才说奇怪。。",
"mid":"A34iqiVXs",
"date":"2013-08-03 20:53:02"
},
{
"kids":[],
"uid":"winkyxu",
"parent":"A31u4iKca",
"text":"原来是假的么！我一直以为这种奇葩的植物是存在的！谢谢博物君科普~",
"mid":"A34dCt1c8",
"date":"2013-08-03 20:41:15"
},
{
"kids":[],
"uid":"2298986072",
"parent":"A31u4iKca",
"text":"思维方式的差异",
"mid":"A347JbTcl",
"date":"2013-08-03 20:26:44"
},
{
"kids":[],
"uid":"2393706713",
"parent":"A31u4iKca",
"text":"",
"mid":"A343Jy1gl",
"date":"2013-08-03 20:16:54"
},
{
"kids":[],
"uid":"3210728324",
"parent":"",
"text":"",
"mid":"A33YqnDXg",
"date":"2013-08-03 20:03:50"
},
{
"kids":[
"A34iqiVXs"
],
"uid":"1908333803",
"parent":"A31u4iKca",
"text":"@安逸滴生活 还好当年你没买那種子。哈哈哈话说我买了右边杂志",
"mid":"A33SE10lD",
"date":"2013-08-03 19:49:34"
},
{
"kids":[],
"uid":"2146933057",
"parent":"A31u4iKca",
"text":"",
"mid":"A33OMiW37",
"date":"2013-08-03 19:39:59"
},
{
"kids":[],
"uid":"emilyincloud",
"parent":"A31VJ3Ihn",
"text":"哈哈，以为公开暴露就不是满足窥视欲么。这样的女权正好满足男权社会需要。",
"mid":"A33Mzy3mT",
"date":"2013-08-03 19:34:37"
},
{
"kids":[],
"uid":"1895556637",
"parent":"A31Uj1VqF",
"text":"不能更赞同",
"mid":"A33HPuz9l",
"date":"2013-08-03 19:22:56"
},
{
"kids":[],
"uid":"1670154403",
"parent":"A31u4iKca",
"text":"",
"mid":"A33zJuwoN",
"date":"2013-08-03 19:02:58"
},
{
"kids":[],
"uid":"beilovebobo",
"parent":"A31u4iKca",
"text":"我之前还以为真的有这种瓜的呢···",
"mid":"A33yZ4iP2",
"date":"2013-08-03 19:01:08"
},
{
"kids":[],
"uid":"xj4084",
"parent":"A333QmGTR",
"text":"",
"mid":"A33wEhnIQ",
"date":"2013-08-03 18:55:23"
},
{
"kids":[],
"uid":"1058369900",
"parent":"A31u4iKca",
"text":"差点把老子也骗了[怒]",
"mid":"A33uu7a7R",
"date":"2013-08-03 18:50:03"
},
{
"kids":[],
"uid":"3281608441",
"parent":"",
"text":"2013[偷笑]",
"mid":"A33m9k3Hl",
"date":"2013-08-03 18:29:28"
},
{
"kids":[],
"uid":"1769807897",
"parent":"A31u4iKca",
"text":"",
"mid":"A33kctt4o",
"date":"2013-08-03 18:24:42"
},
{
"kids":[],
"uid":"1734413895",
"parent":"A31u4iKca",
"text":"",
"mid":"A33hrmu1E",
"date":"2013-08-03 18:17:55"
},
{
"kids":[],
"uid":"lyddddddd",
"parent":"A31u4iKca",
"text":"好吃么",
"mid":"A339bhr1i",
"date":"2013-08-03 17:57:32"
},
{
"kids":[],
"uid":"3492800570",
"parent":"",
"text":"2013年都过去大半了，还预计什么2012",
"mid":"A338kmpFI",
"date":"2013-08-03 17:55:28"
},
{
"kids":[],
"uid":"778940310",
"parent":"A31NiBKKw",
"text":"",
"mid":"A335IqOkK",
"date":"2013-08-03 17:49:02"
},
{
"kids":[
"A33wEhnIQ"
],
"uid":"sunyukilife",
"parent":"A323iArE4",
"text":"大家可得擦亮眼哦。",
"mid":"A333QmGTR",
"date":"2013-08-03 17:44:26"
},
{
"kids":[],
"uid":"2531108464",
"parent":"",
"text":"",
"mid":"A32ZymFzk",
"date":"2013-08-03 17:33:50"
},
{
"kids":[],
"uid":"2755167212",
"parent":"",
"text":"略恶心",
"mid":"A32UiselT",
"date":"2013-08-03 17:20:54"
},
{
"kids":[],
"uid":"wakby",
"parent":"A31u4iKca",
"text":"拿来做个奶瓶也不错",
"mid":"A32Qqvy7s",
"date":"2013-08-03 17:11:22"
},
{
"kids":[],
"uid":"noshota",
"parent":"A31u4iKca",
"text":"谁买谁呵呵",
"mid":"A32P881il",
"date":"2013-08-03 17:08:08"
},
{
"kids":[],
"uid":"maplespeak",
"parent":"A31u4iKca",
"text":"即管转一下咁啦，呵呵。",
"mid":"A32MP7eEp",
"date":"2013-08-03 17:02:28"
},
{
"kids":[],
"uid":"guyueva",
"parent":"A31u4iKca",
"text":"辟谣",
"mid":"A32JiachK",
"date":"2013-08-03 16:53:45"
},
{
"kids":[],
"uid":"1702114960",
"parent":"A31u4iKca",
"text":"",
"mid":"A32HDABQv",
"date":"2013-08-03 16:49:42"
},
{
"kids":[],
"uid":"1659183051",
"parent":"A31u4iKca",
"text":"帮忙辟谣",
"mid":"A32EgpR1B",
"date":"2013-08-03 16:41:23"
},
{
"kids":[],
"uid":"sunny629922",
"parent":"A31u4iKca",
"text":"@mimo雯",
"mid":"A32CyE11S",
"date":"2013-08-03 16:37:09"
},
{
"kids":[],
"uid":"crazyrice",
"parent":"A31u4iKca",
"text":"淘宝居然销量很大。。傻子太多，骗子明显不够用 的节奏吗。。。",
"mid":"A32z6nu85",
"date":"2013-08-03 16:28:41"
},
{
"kids":[],
"uid":"freesilversky",
"parent":"A31u4iKca",
"text":"",
"mid":"A32xb1lK6",
"date":"2013-08-03 16:23:55"
},
{
"kids":[],
"uid":"216212678",
"parent":"A31u4iKca",
"text":"@小豬No_1",
"mid":"A32tPhi1S",
"date":"2013-08-03 16:15:39"
},
{
"kids":[],
"uid":"1828427262",
"parent":"A31Uj1VqF",
"text":"",
"mid":"A32sRljX4",
"date":"2013-08-03 16:13:18"
},
{
"kids":[],
"uid":"2491966064",
"parent":"",
"text":"让我想起一个笑话，一个大胸女谈论下垂问题说：我奶奶干活的时候，直接把胸甩肩膀后面。。。当时听了狂笑来着，看到大胸脑袋里就冒出”甩后面“三个大字。擦，这是现世图么[哈哈][哈哈]",
"mid":"A32stlBwK",
"date":"2013-08-03 16:12:20"
},
{
"kids":[],
"uid":"1778661350",
"parent":"A323FCg5G",
"text":"",
"mid":"A32oE63oe",
"date":"2013-08-03 16:02:53"
},
{
"kids":[],
"uid":"2180985503",
"parent":"",
"text":"这尼玛假的吧。[黑线][黑线][黑线][黑线][黑线][黑线][黑线][黑线][黑线][黑线][黑线]",
"mid":"A32mglmsz",
"date":"2013-08-03 15:57:03"
},
{
"kids":[],
"uid":"3062119631",
"parent":"A31u4iKca",
"text":"嘛，信博物才能得真知撒！",
"mid":"A32logAbv",
"date":"2013-08-03 15:54:54"
},
{
"kids":[],
"uid":"murryer",
"parent":"A31u4iKca",
"text":"太搞了",
"mid":"A32kLxF2C",
"date":"2013-08-03 15:53:22"
},
{
"kids":[],
"uid":"LynL22",
"parent":"",
"text":"#越南乳瓜# 他们说可以丰胸 果断转给你@-张凹凹凹凹睿 亲 你知道我是爱你的 详情:http:",
"mid":"A32jYvTXv",
"date":"2013-08-03 15:51:25"
},
{
"kids":[],
"uid":"2041446043",
"parent":"A32g3jMcn",
"text":"@潘帕斯之舞520",
"mid":"A32i89yHa",
"date":"2013-08-03 15:46:52"
},
{
"kids":[],
"uid":"2672596262",
"parent":"A31u4iKca",
"text":"",
"mid":"A32hj3FYJ",
"date":"2013-08-03 15:44:51"
},
{
"kids":[],
"uid":"3026301753",
"parent":"A31u4iKca",
"text":"啊原来是假的！我呵呵！",
"mid":"A32hbF6Fk",
"date":"2013-08-03 15:44:33"
},
{
"kids":[],
"uid":"grandline",
"parent":"A31u4iKca",
"text":"",
"mid":"A32grwm3C",
"date":"2013-08-03 15:42:43"
},
{
"kids":[
"A32i89yHa"
],
"uid":"nyctaginaceae",
"parent":"A31u4iKca",
"text":"复合材料是啥能吃嘛（¯﹃¯）",
"mid":"A32g3jMcn",
"date":"2013-08-03 15:41:45"
},
{
"kids":[],
"uid":"joanleaves",
"parent":"A31u4iKca",
"text":"信科学不盲目",
"mid":"A32fQjBlg",
"date":"2013-08-03 15:41:14"
},
{
"kids":[],
"uid":"kulanginter",
"parent":"A328s1UKX",
"text":"谁买谁呵呵",
"mid":"A32fF6NZK",
"date":"2013-08-03 15:40:45"
},
{
"kids":[],
"uid":"1632850413",
"parent":"A31u4iKca",
"text":"第一次看到时还一本正经感概世界真大无奇不有,原来是假的.",
"mid":"A32evgZIA",
"date":"2013-08-03 15:37:57"
},
{
"kids":[],
"uid":"3115421835",
"parent":"",
"text":"#越南乳瓜# 转发微博 话题详情:http:",
"mid":"A32dfi8J1",
"date":"2013-08-03 15:34:50"
},
{
"kids":[],
"uid":"waisanqian",
"parent":"A31u4iKca",
"text":"呵呵两字太萌！",
"mid":"A32cfu2zl",
"date":"2013-08-03 15:32:23"
},
{
"kids":[],
"uid":"woodding",
"parent":"A31u4iKca",
"text":"",
"mid":"A32c12D6p",
"date":"2013-08-03 15:31:46"
},
{
"kids":[],
"uid":"jishudandan",
"parent":"A31u4iKca",
"text":"这世界真是好多人闲的淡疼！",
"mid":"A32bL7F1q",
"date":"2013-08-03 15:31:10"
},
{
"kids":[],
"uid":"fengnuanru",
"parent":"A31ycuQxY",
"text":"我怎么没看粗来[左哼哼]",
"mid":"A32aXrcO8",
"date":"2013-08-03 15:29:12"
},
{
"kids":[],
"uid":"2886169241",
"parent":"",
"text":"看起来好诱人啊 哈哈哈",
"mid":"A328ZqJDT",
"date":"2013-08-03 15:24:21"
},
{
"kids":[],
"uid":"3161031771",
"parent":"",
"text":"#越南乳瓜# 赶脚有点恶心 详情:http:",
"mid":"A328Baj3C",
"date":"2013-08-03 15:23:23"
},
{
"kids":[
"A32fF6NZK"
],
"uid":"moya0227",
"parent":"A31u4iKca",
"text":"谁买谁呵呵。",
"mid":"A328s1UKX",
"date":"2013-08-03 15:23:00"
},
{
"kids":[],
"uid":"1635775004",
"parent":"A31u4iKca",
"text":"涨姿势了！",
"mid":"A328lf3HQ",
"date":"2013-08-03 15:22:45"
},
{
"kids":[],
"uid":"3049411911",
"parent":"",
"text":"#越南乳瓜# 赶脚有点恶心 详情:http:",
"mid":"A327fwdMc",
"date":"2013-08-03 15:20:02"
},
{
"kids":[],
"uid":"1436067964",
"parent":"",
"text":"偿一偿",
"mid":"A327fgpi5",
"date":"2013-08-03 15:20:01"
},
{
"kids":[],
"uid":"nyfans",
"parent":"A31NiBKKw",
"text":"",
"mid":"A327e6IlU",
"date":"2013-08-03 15:19:59"
},
{
"kids":[],
"uid":"206055002",
"parent":"",
"text":"呵呵",
"mid":"A3270t5mp",
"date":"2013-08-03 15:19:27"
},
{
"kids":[],
"uid":"2470295100",
"parent":"A31u4iKca",
"text":"呵呵",
"mid":"A326YqEnl",
"date":"2013-08-03 15:19:23"
},
{
"kids":[],
"uid":"1759261437",
"parent":"A31u4iKca",
"text":"应该是谁买呵呵谁吧",
"mid":"A326g6NTu",
"date":"2013-08-03 15:17:37"
},
{
"kids":[],
"uid":"1811569825",
"parent":"A31Uj1VqF",
"text":"女性的力量在于靠自己的能力获得平等的社会地位与权利，不是脱光衣服喊几句口号就能维护女权了",
"mid":"A325ReQY7",
"date":"2013-08-03 15:16:37"
},
{
"kids":[
"A32oE63oe"
],
"uid":"2124659427",
"parent":"A323kDkoC",
"text":"",
"mid":"A323FCg5G",
"date":"2013-08-03 15:11:15"
},
{
"kids":[
"A32oE63oe",
"A323FCg5G"
],
"uid":"kurobayoru",
"parent":"A31u4iKca",
"text":"",
"mid":"A323kDkoC",
"date":"2013-08-03 15:10:25"
},
{
"kids":[
"A33wEhnIQ",
"A333QmGTR"
],
"uid":"popgoo",
"parent":"A31u4iKca",
"text":"当真不懂艺术",
"mid":"A323iArE4",
"date":"2013-08-03 15:10:19"
},
{
"kids":[],
"uid":"1829847087",
"parent":"A31u4iKca",
"text":"我还真惊讶了一下",
"mid":"A3210sX3O",
"date":"2013-08-03 15:04:41"
},
{
"kids":[],
"uid":"2049922907",
"parent":"A31u4iKca",
"text":"真相了",
"mid":"A320jzvND",
"date":"2013-08-03 15:03:00"
},
{
"kids":[],
"uid":"aimaoshizhe",
"parent":"A31u4iKca",
"text":"太像汉尼拔了，不会是用人体做的吧[吃惊]",
"mid":"A320ctZYV",
"date":"2013-08-03 15:02:41"
},
{
"kids":[],
"uid":"zhaocichun",
"parent":"A31Uj1VqF",
"text":"",
"mid":"A320b3wKs",
"date":"2013-08-03 15:02:36"
},
{
"kids":[],
"uid":"243911235",
"parent":"A31u4iKca",
"text":"知道真相的我眼泪掉下来",
"mid":"A31Zn4ViV",
"date":"2013-08-03 15:00:37"
},
{
"kids":[],
"uid":"imskk",
"parent":"A31u4iKca",
"text":"无论谁 多读书读好书！",
"mid":"A31YRb12G",
"date":"2013-08-03 14:59:23"
},
{
"kids":[],
"uid":"yangyangtao",
"parent":"A31u4iKca",
"text":"极其丑",
"mid":"A31YFlGLG",
"date":"2013-08-03 14:58:54"
},
{
"kids":[],
"uid":"1929118524",
"parent":"A31u4iKca",
"text":"。。",
"mid":"A31Yz9qr5",
"date":"2013-08-03 14:58:40"
},
{
"kids":[],
"uid":"2759428247",
"parent":"A31u4iKca",
"text":"到底谁说的是真的啊？",
"mid":"A31YtySNo",
"date":"2013-08-03 14:58:26"
},
{
"kids":[],
"uid":"2293485651",
"parent":"A31Y9sRSK",
"text":"",
"mid":"A31YouWLb",
"date":"2013-08-03 14:58:16"
},
{
"kids":[],
"uid":"anxiangyangzhimao",
"parent":"A31Xs1lih",
"text":"[哈哈]",
"mid":"A31YlxCaq",
"date":"2013-08-03 14:58:09"
},
{
"kids":[
"A31YouWLb"
],
"uid":"1037442964",
"parent":"A31u4iKca",
"text":"",
"mid":"A31Y9sRSK",
"date":"2013-08-03 14:57:39"
},
{
"kids":[
"A31YlxCaq"
],
"uid":"kaixin320",
"parent":"A31u4iKca",
"text":"问题是博物君怎么知道的？",
"mid":"A31Xs1lih",
"date":"2013-08-03 14:55:54"
},
{
"kids":[],
"uid":"2297654142",
"parent":"A31u4iKca",
"text":"噗……",
"mid":"A31WYdyGs",
"date":"2013-08-03 14:54:44"
},
{
"kids":[
"A33Mzy3mT"
],
"uid":"lukasli",
"parent":"A31Uj1VqF",
"text":"这就跟那些果体抗议者是一样的，白白养了人家的眼，普大帝那次面前果体抗议者的表情说明一切。",
"mid":"A31VJ3Ihn",
"date":"2013-08-03 14:51:40"
},
{
"kids":[],
"uid":"lanwhale",
"parent":"A31NiBKKw",
"text":"呵呵",
"mid":"A31UMecpi",
"date":"2013-08-03 14:49:20"
},
{
"kids":[],
"uid":"276044550",
"parent":"A31u4iKca",
"text":"哈哈哈",
"mid":"A31UtAXSv",
"date":"2013-08-03 14:48:36"
},
{
"kids":[],
"uid":"winniepool0617",
"parent":"A31FP2Gkh",
"text":"@__咕咚来了__ [xkl转圈]",
"mid":"A31Ul3U0I",
"date":"2013-08-03 14:48:16"
},
{
"kids":[
"A33Mzy3mT",
"A33HPuz9l",
"A32sRljX4",
"A325ReQY7",
"A320b3wKs",
"A31VJ3Ihn"
],
"uid":"1608489831",
"parent":"A31NiBKKw",
"text":"很多女权主义者觉得暴露乳房和下体就是自由，恕我无法苟同",
"mid":"A31Uj1VqF",
"date":"2013-08-03 14:48:08"
},
{
"kids":[],
"uid":"2462583645",
"parent":"A31u4iKca",
"text":"@日风周西瓜",
"mid":"A31Uj1GdC",
"date":"2013-08-03 14:48:09"
},
{
"kids":[],
"uid":"leave9",
"parent":"A31vFyY1G",
"text":"…看起来就",
"mid":"A31TTyFBQ",
"date":"2013-08-03 14:47:10"
},
{
"kids":[],
"uid":"2674852183",
"parent":"A31u4iKca",
"text":"",
"mid":"A31TG0RXc",
"date":"2013-08-03 14:46:35"
},
{
"kids":[],
"uid":"magician1412",
"parent":"A31u4iKca",
"text":"博物菌太萌～",
"mid":"A31T54b03",
"date":"2013-08-03 14:45:09"
},
{
"kids":[],
"uid":"nemof4",
"parent":"A31u4iKca",
"text":"",
"mid":"A31SLh3O3",
"date":"2013-08-03 14:44:22"
},
{
"kids":[],
"uid":"1847492453",
"parent":"A31u4iKca",
"text":"最后一句‘谁买谁呵呵’~原谅我那低得可怜的笑点！哈哈哈！",
"mid":"A31SEuUwS",
"date":"2013-08-03 14:44:03"
},
{
"kids":[],
"uid":"1990899153",
"parent":"A31u4iKca",
"text":"谁买谁呵呵…",
"mid":"A31SklpIr",
"date":"2013-08-03 14:43:18"
},
{
"kids":[],
"uid":"1701462902",
"parent":"A31Jcw2BK",
"text":"博物君进能科普，退能卖萌，真是居家旅行出门必备！！",
"mid":"A31S3uFlx",
"date":"2013-08-03 14:42:38"
},
{
"kids":[],
"uid":"1734356280",
"parent":"A31u4iKca",
"text":"我发了这个的辟谣，这么巧觉得好荣幸啊|说来博物君急着要辟谣是怕有人问”能好怎“吗？",
"mid":"A31RYwm5e",
"date":"2013-08-03 14:42:25"
},
{
"kids":[],
"uid":"1904105821",
"parent":"A31u4iKca",
"text":"呵呵",
"mid":"A31RWaEn2",
"date":"2013-08-03 14:42:20"
},
{
"kids":[],
"uid":"himselfsoso",
"parent":"A31u4iKca",
"text":"造谣成本太低[怒]",
"mid":"A31RMplOO",
"date":"2013-08-03 14:41:57"
},
{
"kids":[],
"uid":"1652945432",
"parent":"A31u4iKca",
"text":"博物君给赞！",
"mid":"A31QxylnV",
"date":"2013-08-03 14:38:54"
},
{
"kids":[],
"uid":"endskkkka",
"parent":"A31u4iKca",
"text":"想起《稻中桌球部》那个老奶奶…",
"mid":"A31PVrUe5",
"date":"2013-08-03 14:37:22"
},
{
"kids":[
"A350Dx87d"
],
"uid":"1325708973",
"parent":"A31u4iKca",
"text":"谁买谁呵呵",
"mid":"A31PehdlA",
"date":"2013-08-03 14:35:40"
},
{
"kids":[],
"uid":"1903005325",
"parent":"A31u4iKca",
"text":"",
"mid":"A31P2sGej",
"date":"2013-08-03 14:35:11"
},
{
"kids":[],
"uid":"2530309832",
"parent":"A31u4iKca",
"text":"-_-||",
"mid":"A31Ol3YY9",
"date":"2013-08-03 14:33:26"
},
{
"kids":[],
"uid":"lidinglin",
"parent":"A31u4iKca",
"text":"好爱这种涨姿势的最右[哈哈]",
"mid":"A31O3lj1p",
"date":"2013-08-03 14:32:44"
},
{
"kids":[],
"uid":"1632117297",
"parent":"A31u4iKca",
"text":"……",
"mid":"A31NLzrNy",
"date":"2013-08-03 14:32:04"
},
{
"kids":[],
"uid":"1456057050",
"parent":"A31u4iKca",
"text":"吃个乳瓜，清热解暑。[挖鼻屎]",
"mid":"A31NyfNHa",
"date":"2013-08-03 14:31:33"
},
{
"kids":[
"A33Mzy3mT",
"A33HPuz9l",
"A335IqOkK",
"A32sRljX4",
"A327e6IlU",
"A325ReQY7",
"A320b3wKs",
"A31VJ3Ihn",
"A31UMecpi",
"A31Uj1VqF"
],
"uid":"2040110461",
"parent":"A31u4iKca",
"text":"",
"mid":"A31NiBKKw",
"date":"2013-08-03 14:30:54"
},
{
"kids":[],
"uid":"arebil",
"parent":"A31u4iKca",
"text":"好搞笑[偷笑]",
"mid":"A31MlxOqb",
"date":"2013-08-03 14:28:33"
},
{
"kids":[],
"uid":"afk900510",
"parent":"A31u4iKca",
"text":"[哈哈][哈哈][哈哈]",
"mid":"A31LC4b3o",
"date":"2013-08-03 14:26:45"
},
{
"kids":[],
"uid":"moonkeywong",
"parent":"A31u4iKca",
"text":"专门去淘宝看品论去了的无聊人士呵呵转",
"mid":"A31LvxPsP",
"date":"2013-08-03 14:26:29"
},
{
"kids":[],
"uid":"1245542662",
"parent":"",
"text":"@xujunalan",
"mid":"A31L8bz4E",
"date":"2013-08-03 14:25:34"
},
{
"kids":[],
"uid":"2395825471",
"parent":"A31u4iKca",
"text":"",
"mid":"A31Jg2OMd",
"date":"2013-08-03 14:20:57"
},
{
"kids":[
"A31S3uFlx"
],
"uid":"xiaoyao91225",
"parent":"A31u4iKca",
"text":"博物君进能科普，退能卖萌，真是居家旅行出门必备！！",
"mid":"A31Jcw2BK",
"date":"2013-08-03 14:20:48"
},
{
"kids":[],
"uid":"weilan2yue",
"parent":"A31u4iKca",
"text":"[黑线]",
"mid":"A31JarWeI",
"date":"2013-08-03 14:20:44"
},
{
"kids":[],
"uid":"eternal2010",
"parent":"A31u4iKca",
"text":"",
"mid":"A31IZvMlF",
"date":"2013-08-03 14:20:18"
},
{
"kids":[],
"uid":"heifamaoyao",
"parent":"A31u4iKca",
"text":"哈哈哈哈",
"mid":"A31IA6ubN",
"date":"2013-08-03 14:19:16"
},
{
"kids":[],
"uid":"2165315484",
"parent":"A31A1nHDp",
"text":"谁买谁呵呵[哈哈]这五个字表达的意思好强大",
"mid":"A31IqlbjF",
"date":"2013-08-03 14:18:53"
},
{
"kids":[],
"uid":"1929137291",
"parent":"A31u4iKca",
"text":"怒转",
"mid":"A31Imucga",
"date":"2013-08-03 14:18:45"
},
{
"kids":[],
"uid":"2113138633",
"parent":"A31xEwkHq",
"text":"谁买谁呵呵/@提红鱼的少年: 必须转发，骗子们！",
"mid":"A31IdCc59",
"date":"2013-08-03 14:18:22"
},
{
"kids":[
"A34GqEr7a"
],
"uid":"yawudong",
"parent":"A31u4iKca",
"text":"@会天天向上的",
"mid":"A31I6wXZY",
"date":"2013-08-03 14:18:07"
},
{
"kids":[],
"uid":"1695383615",
"parent":"A31u4iKca",
"text":"",
"mid":"A31HQiQtI",
"date":"2013-08-03 14:17:28"
},
{
"kids":[],
"uid":"2285268637",
"parent":"A31u4iKca",
"text":"呵呵复呵呵[哈哈]",
"mid":"A31H3yfgh",
"date":"2013-08-03 14:15:32"
},
{
"kids":[],
"uid":"1644158020",
"parent":"A31u4iKca",
"text":"谁买谁呵呵",
"mid":"A31Guo4wX",
"date":"2013-08-03 14:14:08"
},
{
"kids":[],
"uid":"2684372301",
"parent":"",
"text":"[思考]",
"mid":"A31Go8SMM",
"date":"2013-08-03 14:13:52"
},
{
"kids":[],
"uid":"anlicey86222",
"parent":"A31u4iKca",
"text":"[晕]",
"mid":"A31FRErmS",
"date":"2013-08-03 14:12:37"
},
{
"kids":[
"A31Ul3U0I"
],
"uid":"1086183014",
"parent":"A31u4iKca",
"text":"又一无聊谣言被小博无情戳穿了~~~",
"mid":"A31FP2Gkh",
"date":"2013-08-03 14:12:28"
},
{
"kids":[],
"uid":"3218273062",
"parent":"A31u4iKca",
"text":"wow",
"mid":"A31FMkTfZ",
"date":"2013-08-03 14:12:21"
},
{
"kids":[],
"uid":"2594847082",
"parent":"A31Ae5QJo",
"text":"呵呵",
"mid":"A31FeDE2N",
"date":"2013-08-03 14:11:03"
},
{
"kids":[],
"uid":"kranda",
"parent":"A31u4iKca",
"text":"",
"mid":"A31F5c9gG",
"date":"2013-08-03 14:10:40"
},
{
"kids":[],
"uid":"1901106033",
"parent":"A31u4iKca",
"text":"",
"mid":"A31EWisbc",
"date":"2013-08-03 14:10:19"
},
{
"kids":[],
"uid":"3170663143",
"parent":"",
"text":"",
"mid":"A31EG3kZF",
"date":"2013-08-03 14:09:40"
},
{
"kids":[],
"uid":"2995064375",
"parent":"A31u4iKca",
"text":"。。。",
"mid":"A31EDqUw4",
"date":"2013-08-03 14:09:33"
},
{
"kids":[],
"uid":"2138589903",
"parent":"",
"text":"第一次见挨",
"mid":"A31E88pov",
"date":"2013-08-03 14:08:19"
},
{
"kids":[],
"uid":"3247051635",
"parent":"A31u4iKca",
"text":"",
"mid":"A31DSaiBf",
"date":"2013-08-03 14:07:40"
},
{
"kids":[],
"uid":"3477783090",
"parent":"A31u4iKca",
"text":"淘宝上骗子园艺店十分猖獗，有的还是天猫认证",
"mid":"A31Dzxpmf",
"date":"2013-08-03 14:06:56"
},
{
"kids":[],
"uid":"guojing100",
"parent":"A31u4iKca",
"text":"[鄙视]",
"mid":"A31DyjHs6",
"date":"2013-08-03 14:06:52"
},
{
"kids":[],
"uid":"beckengham",
"parent":"A31u4iKca",
"text":"科普〜",
"mid":"A31CnnuJ1",
"date":"2013-08-03 14:04:00"
},
{
"kids":[],
"uid":"doasfreeaxina",
"parent":"A31u4iKca",
"text":"大自然界比人类有底线多了！",
"mid":"A31CbeFQe",
"date":"2013-08-03 14:03:29"
},
{
"kids":[],
"uid":"iamcrazing",
"parent":"A31u4iKca",
"text":"",
"mid":"A31BVyK18",
"date":"2013-08-03 14:02:54"
},
{
"kids":[],
"uid":"2643125307",
"parent":"A31u4iKca",
"text":"呵呵",
"mid":"A31BLei0v",
"date":"2013-08-03 14:02:30"
},
{
"kids":[],
"uid":"1405514311",
"parent":"A31u4iKca",
"text":"",
"mid":"A31BqxUdw",
"date":"2013-08-03 14:01:40"
},
{
"kids":[],
"uid":"kurami666",
"parent":"A31u4iKca",
"text":"23333",
"mid":"A31B0eVVq",
"date":"2013-08-03 14:00:37"
},
{
"kids":[],
"uid":"1017267953",
"parent":"A31u4iKca",
"text":"",
"mid":"A31AZlcs1",
"date":"2013-08-03 14:00:35"
},
{
"kids":[],
"uid":"shinyuri",
"parent":"A31u4iKca",
"text":"",
"mid":"A31AEp2Rp",
"date":"2013-08-03 13:59:43"
},
{
"kids":[],
"uid":"308864586",
"parent":"A31u4iKca",
"text":"杂志君万岁！！！",
"mid":"A31AEmfsm",
"date":"2013-08-03 13:59:44"
},
{
"kids":[],
"uid":"lilyvisa",
"parent":"A31u4iKca",
"text":"最后一句哈哈哈",
"mid":"A31Az75AY",
"date":"2013-08-03 13:59:32"
},
{
"kids":[],
"uid":"vigkayang",
"parent":"A31u4iKca",
"text":"[黑线]",
"mid":"A31AlrovF",
"date":"2013-08-03 13:59:00"
},
{
"kids":[
"A31FeDE2N"
],
"uid":"jl2003",
"parent":"A31u4iKca",
"text":"呵呵",
"mid":"A31Ae5QJo",
"date":"2013-08-03 13:58:42"
},
{
"kids":[
"A31IqlbjF"
],
"uid":"lsss",
"parent":"A31u4iKca",
"text":"[哈哈]",
"mid":"A31A1nHDp",
"date":"2013-08-03 13:58:10"
},
{
"kids":[],
"uid":"wuwuzhi",
"parent":"A31u4iKca",
"text":"",
"mid":"A31zZjatr",
"date":"2013-08-03 13:58:07"
},
{
"kids":[],
"uid":"2927935195",
"parent":"A31u4iKca",
"text":"陈年老谣[哈哈]",
"mid":"A31zQpB8l",
"date":"2013-08-03 13:57:46"
},
{
"kids":[],
"uid":"2398286384",
"parent":"A31u4iKca",
"text":"他们应该再做一个jj瓜，来传达商品社会人类的“性”被物化的悲哀",
"mid":"A31zfueDC",
"date":"2013-08-03 13:56:17"
},
{
"kids":[],
"uid":"1934210561",
"parent":"A31u4iKca",
"text":"传播一下",
"mid":"A31yNbm7P",
"date":"2013-08-03 13:55:10"
},
{
"kids":[],
"uid":"1826404471",
"parent":"A31u4iKca",
"text":"",
"mid":"A31yLlGvm",
"date":"2013-08-03 13:55:06"
},
{
"kids":[],
"uid":"hungrier",
"parent":"A31u4iKca",
"text":"→_→",
"mid":"A31yGBRBw",
"date":"2013-08-03 13:54:56"
},
{
"kids":[],
"uid":"zzqmonkey",
"parent":"A31u4iKca",
"text":"[奥特曼]",
"mid":"A31yv70d0",
"date":"2013-08-03 13:54:27"
},
{
"kids":[],
"uid":"gair",
"parent":"A31u4iKca",
"text":"呵呵",
"mid":"A31ytkvMj",
"date":"2013-08-03 13:54:23"
},
{
"kids":[],
"uid":"campusxn",
"parent":"A31u4iKca",
"text":"",
"mid":"A31yrADcU",
"date":"2013-08-03 13:54:19"
},
{
"kids":[],
"uid":"223695960",
"parent":"A31u4iKca",
"text":"",
"mid":"A31yf937d",
"date":"2013-08-03 13:53:48"
},
{
"kids":[],
"uid":"2254508497",
"parent":"A31u4iKca",
"text":"",
"mid":"A31yefO3w",
"date":"2013-08-03 13:53:47"
},
{
"kids":[],
"uid":"1884768033",
"parent":"A31u4iKca",
"text":"假的原来",
"mid":"A31yd7U1z",
"date":"2013-08-03 13:53:43"
},
{
"kids":[
"A32aXrcO8"
],
"uid":"badluck",
"parent":"A31u4iKca",
"text":"[哈哈]",
"mid":"A31ycuQxY",
"date":"2013-08-03 13:53:42"
},
{
"kids":[],
"uid":"512389828",
"parent":"A31u4iKca",
"text":"@胖胖小阳阳 [思考]女性主义题材",
"mid":"A31yb0S2z",
"date":"2013-08-03 13:53:39"
},
{
"kids":[],
"uid":"1921601060",
"parent":"A31u4iKca",
"text":"#河南乳瓜#科普GJ",
"mid":"A31y5nNKe",
"date":"2013-08-03 13:53:25"
},
{
"kids":[],
"uid":"3181327092",
"parent":"A31u4iKca",
"text":"谢博物菌科普[得意地笑]",
"mid":"A31xTCnYr",
"date":"2013-08-03 13:52:58"
},
{
"kids":[],
"uid":"2673819741",
"parent":"",
"text":"",
"mid":"A31xQnqEL",
"date":"2013-08-03 13:52:50"
},
{
"kids":[],
"uid":"yghlk",
"parent":"A31u4iKca",
"text":"",
"mid":"A31xIDTg5",
"date":"2013-08-03 13:52:32"
},
{
"kids":[
"A31IdCc59"
],
"uid":"jhlcyf",
"parent":"A31u4iKca",
"text":"必须转发，骗子们！",
"mid":"A31xEwkHq",
"date":"2013-08-03 13:52:22"
},
{
"kids":[],
"uid":"xyloxylo",
"parent":"A31u4iKca",
"text":"专注大脸30年，打过的脸铺起来可覆盖地球11层。",
"mid":"A31xbA7In",
"date":"2013-08-03 13:51:12"
},
{
"kids":[],
"uid":"1821338041",
"parent":"A31u4iKca",
"text":"谁买谁呵呵[偷笑]",
"mid":"A31x9vqZn",
"date":"2013-08-03 13:51:08"
},
{
"kids":[],
"uid":"1890424501",
"parent":"A31u4iKca",
"text":"转发打脸。。不过这玩意儿哪里艺术了。。。。。",
"mid":"A31x28gBD",
"date":"2013-08-03 13:50:49"
},
{
"kids":[],
"uid":"2077658871",
"parent":"A31u4iKca",
"text":"...",
"mid":"A31wRtHWC",
"date":"2013-08-03 13:50:26"
},
{
"kids":[],
"uid":"meganqisini",
"parent":"A31u4iKca",
"text":"专业人士出来辟谣啦",
"mid":"A31wusdZ8",
"date":"2013-08-03 13:49:29"
},
{
"kids":[],
"uid":"mrleopard",
"parent":"A31u4iKca",
"text":"[哈哈]",
"mid":"A31wnCz5z",
"date":"2013-08-03 13:49:13"
},
{
"kids":[],
"uid":"213star",
"parent":"A31u4iKca",
"text":"",
"mid":"A31wnBkoJ",
"date":"2013-08-03 13:49:14"
},
{
"kids":[],
"uid":"doctorvc",
"parent":"A31u4iKca",
"text":"最辟谣",
"mid":"A31vSBFhJ",
"date":"2013-08-03 13:47:59"
},
{
"kids":[],
"uid":"qbxqn",
"parent":"A31u4iKca",
"text":"",
"mid":"A31vSzwyZ",
"date":"2013-08-03 13:48:00"
},
{
"kids":[],
"uid":"3573231863",
"parent":"A31u4iKca",
"text":"",
"mid":"A31vQvqXv",
"date":"2013-08-03 13:47:55"
},
{
"kids":[],
"uid":"2248824312",
"parent":"A31u4iKca",
"text":"还以为真有其瓜呢",
"mid":"A31vGc545",
"date":"2013-08-03 13:47:30"
},
{
"kids":[
"A31TTyFBQ"
],
"uid":"fiona0503",
"parent":"A31u4iKca",
"text":"……行为艺术就跟保险箱密码一样，只有自己明白……",
"mid":"A31vFyY1G",
"date":"2013-08-03 13:47:29"
},
{
"kids":[],
"uid":"shalishaqi",
"parent":"A31u4iKca",
"text":"我去搜了。。评论各种好笑 哈哈哈哈哈",
"mid":"A31vE8VmE",
"date":"2013-08-03 13:47:24"
},
{
"kids":[],
"uid":"highyeah",
"parent":"A31u4iKca",
"text":"啊咧~原来是做出来的啊",
"mid":"A31vE6wdW",
"date":"2013-08-03 13:47:25"
},
{
"kids":[],
"uid":"xsy0731",
"parent":"A31u4iKca",
"text":"我信博物君。",
"mid":"A31vDdh5A",
"date":"2013-08-03 13:47:23"
},
{
"kids":[],
"uid":"3215771293",
"parent":"A31u4iKca",
"text":"",
"mid":"A31vu3FA4",
"date":"2013-08-03 13:47:01"
},
{
"kids":[],
"uid":"2123130032",
"parent":"A31u4iKca",
"text":"信博物，得真相（自己也要积累知识）",
"mid":"A31vr9gc0",
"date":"2013-08-03 13:46:52"
},
{
"kids":[],
"uid":"zicong5221",
"parent":"A31u4iKca",
"text":"博物君，辟谣专业户，辛苦了。。。",
"mid":"A31vpljq1",
"date":"2013-08-03 13:46:50"
},
{
"kids":[],
"uid":"1659565257",
"parent":"A31u4iKca",
"text":"",
"mid":"A31vh5J2c",
"date":"2013-08-03 13:46:30"
},
{
"kids":[],
"uid":"2070126047",
"parent":"A31u4iKca",
"text":"好。。。恶心",
"mid":"A31uR6UuA",
"date":"2013-08-03 13:45:27"
},
{
"kids":[],
"uid":"christinez",
"parent":"A31u4iKca",
"text":"今天我也辟了一回谣！",
"mid":"A31uH0gwN",
"date":"2013-08-03 13:45:03"
},
{
"kids":[],
"uid":"1931458115",
"parent":"",
"text":"[汗][汗][汗][汗][汗]",
"mid":"A31uaeS8M",
"date":"2013-08-03 13:43:45"
},
{
"kids":[
"C1eMnAo2f",
"A5Ey7sHPY",
"A4JoSieNU",
"A43hbkjjj",
"A3L4GqUrE",
"A3DI37rw9",
"A3DHcrPjf",
"A3lQabxQb",
"A3lQ8nMvF",
"A3l57mUUJ",
"A3khs48Hc",
"A3iuTc57i",
"A3e71sqcc",
"A3dRQAmc8",
"A355te8EX",
"A350Dx87d",
"A34WHtXxE",
"A34OxlBh8",
"A34GqEr7a",
"A34lDrm8n",
"A34iqiVXs",
"A34dCt1c8",
"A347JbTcl",
"A343Jy1gl",
"A33SE10lD",
"A33OMiW37",
"A33Mzy3mT",
"A33HPuz9l",
"A33zJuwoN",
"A33yZ4iP2",
"A33wEhnIQ",
"A33uu7a7R",
"A33kctt4o",
"A33hrmu1E",
"A339bhr1i",
"A335IqOkK",
"A333QmGTR",
"A32Qqvy7s",
"A32P881il",
"A32MP7eEp",
"A32JiachK",
"A32HDABQv",
"A32EgpR1B",
"A32CyE11S",
"A32z6nu85",
"A32xb1lK6",
"A32tPhi1S",
"A32sRljX4",
"A32oE63oe",
"A32logAbv",
"A32kLxF2C",
"A32i89yHa",
"A32hj3FYJ",
"A32hbF6Fk",
"A32grwm3C",
"A32g3jMcn",
"A32fQjBlg",
"A32fF6NZK",
"A32evgZIA",
"A32cfu2zl",
"A32c12D6p",
"A32bL7F1q",
"A32aXrcO8",
"A328s1UKX",
"A328lf3HQ",
"A327e6IlU",
"A326YqEnl",
"A326g6NTu",
"A325ReQY7",
"A323FCg5G",
"A323kDkoC",
"A323iArE4",
"A3210sX3O",
"A320jzvND",
"A320ctZYV",
"A320b3wKs",
"A31Zn4ViV",
"A31YRb12G",
"A31YFlGLG",
"A31Yz9qr5",
"A31YtySNo",
"A31YouWLb",
"A31YlxCaq",
"A31Y9sRSK",
"A31Xs1lih",
"A31WYdyGs",
"A31VJ3Ihn",
"A31UMecpi",
"A31UtAXSv",
"A31Ul3U0I",
"A31Uj1VqF",
"A31Uj1GdC",
"A31TTyFBQ",
"A31TG0RXc",
"A31T54b03",
"A31SLh3O3",
"A31SEuUwS",
"A31SklpIr",
"A31S3uFlx",
"A31RYwm5e",
"A31RWaEn2",
"A31RMplOO",
"A31QxylnV",
"A31PVrUe5",
"A31PehdlA",
"A31P2sGej",
"A31Ol3YY9",
"A31O3lj1p",
"A31NLzrNy",
"A31NyfNHa",
"A31NiBKKw",
"A31MlxOqb",
"A31LC4b3o",
"A31LvxPsP",
"A31Jg2OMd",
"A31Jcw2BK",
"A31JarWeI",
"A31IZvMlF",
"A31IA6ubN",
"A31IqlbjF",
"A31Imucga",
"A31IdCc59",
"A31I6wXZY",
"A31HQiQtI",
"A31H3yfgh",
"A31Guo4wX",
"A31FRErmS",
"A31FP2Gkh",
"A31FMkTfZ",
"A31FeDE2N",
"A31F5c9gG",
"A31EWisbc",
"A31EDqUw4",
"A31DSaiBf",
"A31Dzxpmf",
"A31DyjHs6",
"A31CnnuJ1",
"A31CbeFQe",
"A31BVyK18",
"A31BLei0v",
"A31BqxUdw",
"A31B0eVVq",
"A31AZlcs1",
"A31AEp2Rp",
"A31AEmfsm",
"A31Az75AY",
"A31AlrovF",
"A31Ae5QJo",
"A31A1nHDp",
"A31zZjatr",
"A31zQpB8l",
"A31zfueDC",
"A31yNbm7P",
"A31yLlGvm",
"A31yGBRBw",
"A31yv70d0",
"A31ytkvMj",
"A31yrADcU",
"A31yf937d",
"A31yefO3w",
"A31yd7U1z",
"A31ycuQxY",
"A31yb0S2z",
"A31y5nNKe",
"A31xTCnYr",
"A31xIDTg5",
"A31xEwkHq",
"A31xbA7In",
"A31x9vqZn",
"A31x28gBD",
"A31wRtHWC",
"A31wusdZ8",
"A31wnCz5z",
"A31wnBkoJ",
"A31vSBFhJ",
"A31vSzwyZ",
"A31vQvqXv",
"A31vGc545",
"A31vFyY1G",
"A31vE8VmE",
"A31vE6wdW",
"A31vDdh5A",
"A31vu3FA4",
"A31vr9gc0",
"A31vpljq1",
"A31vh5J2c",
"A31uR6UuA",
"A31uH0gwN"
],
"uid":"bowu",
"parent":"",
"text":"这都陈年老谣了。。这是越南河静省的女艺术家阮怀诗的作品，用复合材料做的，作者想传达出女权主义和女性的力量（我怎么没看出来），淘宝某些骗子园艺店还卖这玩意的种子！去淘宝搜“乳瓜”，你就会看到这些图。谁买谁呵呵。",
"mid":"A31u4iKca",
"date":"2013-08-03 13:43:32"
},
{
"kids":[],
"uid":"633453065",
"parent":"",
"text":"#越南乳瓜# 赶脚有点恶心 详情:http:",
"mid":"A31nFaLYI",
"date":"2013-08-03 13:27:45"
},
{
"kids":[],
"uid":"loveflxl",
"parent":"",
"text":"可以丰胸我三餐都吃[花心]@我未有名字 @羙牙小菇凉 @小小清新猪",
"mid":"A31lViFrS",
"date":"2013-08-03 13:23:28"
},
{
"kids":[],
"uid":"2168580091",
"parent":"",
"text":"[偷笑][偷笑]第一次见到这种“植物”！！！",
"mid":"A31gxFCvT",
"date":"2013-08-03 13:10:13"
},
{
"kids":[],
"uid":"gcy1990816",
"parent":"",
"text":"这大自然真是位艺术家",
"mid":"A31ftx2tj",
"date":"2013-08-03 13:07:34"
},
{
"kids":[],
"uid":"anzixi",
"parent":"",
"text":"我靠",
"mid":"A31eLvPhH",
"date":"2013-08-03 13:05:49"
},
{
"kids":[],
"uid":"2645566040",
"parent":"",
"text":"@嘱咦嗨 不知道有没有丰胸效果哟。",
"mid":"A31dOqftr",
"date":"2013-08-03 13:03:28"
},
{
"kids":[],
"uid":"1880622203",
"parent":"",
"text":"这个怎么吃[挖鼻屎]",
"mid":"A31cL6myM",
"date":"2013-08-03 13:00:52"
},
{
"kids":[],
"uid":"1954766104",
"parent":"",
"text":"太尼玛过分了吧",
"mid":"A31aTywIZ",
"date":"2013-08-03 12:56:18"
},
{
"kids":[],
"uid":"1962993425",
"parent":"",
"text":"怎么吃…用唆的么？",
"mid":"A31aQ1XXh",
"date":"2013-08-03 12:56:08"
},
{
"kids":[],
"uid":"2789877220",
"parent":"A30hWuD4S",
"text":"",
"mid":"A319tbmYq",
"date":"2013-08-03 12:52:47"
},
{
"kids":[],
"uid":"2190145664",
"parent":"",
"text":"无奇不有",
"mid":"A312bpj5o",
"date":"2013-08-03 12:34:49"
},
{
"kids":[],
"uid":"3490924344",
"parent":"",
"text":"看起好恶心啊啊啊[挖鼻屎]",
"mid":"A30WTowBS",
"date":"2013-08-03 12:21:48"
},
{
"kids":[],
"uid":"1996539241",
"parent":"",
"text":"无法直视@焦子天",
"mid":"A30WFcIcd",
"date":"2013-08-03 12:21:13"
},
{
"kids":[],
"uid":"1440461522",
"parent":"",
"text":"平胸妹子有福了",
"mid":"A30VyEbcc",
"date":"2013-08-03 12:18:30"
},
{
"kids":[],
"uid":"2984897422",
"parent":"",
"text":"这。。。头头也太像了[吃惊][吃惊]",
"mid":"A30U0D2zo",
"date":"2013-08-03 12:14:41"
},
{
"kids":[],
"uid":"1932638405",
"parent":"",
"text":"太恶了",
"mid":"A30Tx47AO",
"date":"2013-08-03 12:13:31"
},
{
"kids":[],
"uid":"3597913593",
"parent":"",
"text":"物华天宝，人杰地灵",
"mid":"A30TmpCbu",
"date":"2013-08-03 12:13:06"
},
{
"kids":[],
"uid":"3127663937",
"parent":"A30JDDWmo",
"text":"",
"mid":"A30On4U4v",
"date":"2013-08-03 12:00:47"
},
{
"kids":[
"A396z5lgz"
],
"uid":"binhuhuzi",
"parent":"A30cXsATN",
"text":"真奇葩",
"mid":"A30L5q3l6",
"date":"2013-08-03 11:52:43"
},
{
"kids":[
"A30On4U4v"
],
"uid":"2643276273",
"parent":"",
"text":"",
"mid":"A30JDDWmo",
"date":"2013-08-03 11:49:08"
},
{
"kids":[],
"uid":"1989lixian",
"parent":"",
"text":"怎么吃的下口！！",
"mid":"A30IMt6BY",
"date":"2013-08-03 11:47:01"
},
{
"kids":[],
"uid":"3561965800",
"parent":"",
"text":"想丰胸的朋友，可以试试了",
"mid":"A30DXmHLM",
"date":"2013-08-03 11:35:09"
},
{
"kids":[],
"uid":"535256746",
"parent":"",
"text":"惊了[挖鼻屎]",
"mid":"A30zd9xHT",
"date":"2013-08-03 11:23:24"
},
{
"kids":[],
"uid":"2669125123",
"parent":"",
"text":"这个是神器了",
"mid":"A30z8EG2z",
"date":"2013-08-03 11:23:17"
},
{
"kids":[],
"uid":"tingqueenic",
"parent":"",
"text":"来中国肯定销量惊人，男士们，准备好了吗",
"mid":"A30ycsHop",
"date":"2013-08-03 11:20:57"
},
{
"kids":[],
"uid":"2179348937",
"parent":"",
"text":"都是说假的了、一个艺术家的作品而已、还流入中国市场？",
"mid":"A30xS6mHR",
"date":"2013-08-03 11:20:09"
},
{
"kids":[],
"uid":"1845329534",
"parent":"A306VmOWV",
"text":"@小丹瘦瘦 @LeMoNadeTeA 你们有福了[鼓掌]",
"mid":"A30uGnkhv",
"date":"2013-08-03 11:12:18"
},
{
"kids":[],
"uid":"2049062923",
"parent":"A30f7j3oc",
"text":"@stranger--fish @人海浮沉Y @淡淡柠檬草cp",
"mid":"A30sKpJgg",
"date":"2013-08-03 11:07:31"
},
{
"kids":[],
"uid":"AIXIAN66",
"parent":"",
"text":"@Jc-ManMan 。。。我要shi了……",
"mid":"A30sqllq5",
"date":"2013-08-03 11:06:44"
},
{
"kids":[
"A5eUUuiVV",
"A4vVDgExH",
"A4v9JxRaV",
"A43BZrmIc",
"A43dLbnjT",
"A3BARkeLP",
"A3Bizdqfn",
"A3ivRaU7M",
"A3ihfcLz5"
],
"uid":"3626252262",
"parent":"",
"text":"",
"mid":"A30puyptB",
"date":"2013-08-03 10:59:31"
},
{
"kids":[],
"uid":"1830359504",
"parent":"",
"text":"#越南乳瓜# 赶脚有点恶心 详情:http:",
"mid":"A30oHuXGd",
"date":"2013-08-03 10:57:34"
},
{
"kids":[],
"uid":"3107754193",
"parent":"A30eScBSC",
"text":"",
"mid":"A30owi2zG",
"date":"2013-08-03 10:57:06"
},
{
"kids":[],
"uid":"2690372903",
"parent":"",
"text":"看着好诡异的感脚，男人们才想吃吧",
"mid":"A30lKDSp9",
"date":"2013-08-03 10:50:18"
},
{
"kids":[],
"uid":"1987281685",
"parent":"",
"text":"",
"mid":"A30l4FfGP",
"date":"2013-08-03 10:48:37"
},
{
"kids":[],
"uid":"2624665467",
"parent":"",
"text":"",
"mid":"A30kPi1O3",
"date":"2013-08-03 10:48:00"
},
{
"kids":[],
"uid":"2109515931",
"parent":"",
"text":"净长这些稀奇古怪的东西，难怪古代中国瞧不起这些缺少教化的番邦。",
"mid":"A30kBoA0X",
"date":"2013-08-03 10:47:28"
},
{
"kids":[],
"uid":"2704590604",
"parent":"",
"text":"天哪这么奇葩。。。。怎么切啊，不忍直视",
"mid":"A30jRCxTq",
"date":"2013-08-03 10:45:39"
},
{
"kids":[],
"uid":"2490188470",
"parent":"",
"text":"",
"mid":"A30jPxWUv",
"date":"2013-08-03 10:45:34"
},
{
"kids":[],
"uid":"2490188470",
"parent":"",
"text":"这只能说大自然的奇特！我们都是大自然的产物！！！[红桃]",
"mid":"A30jHzDhd",
"date":"2013-08-03 10:45:14"
},
{
"kids":[],
"uid":"1933343160",
"parent":"",
"text":"[汗]看着就恶心，估计男人们会比较喜欢。",
"mid":"A30jEkbgH",
"date":"2013-08-03 10:45:06"
},
{
"kids":[],
"uid":"mortality",
"parent":"",
"text":"卧槽！",
"mid":"A30jyEw4M",
"date":"2013-08-03 10:44:55"
},
{
"kids":[],
"uid":"tpbyty",
"parent":"",
"text":"这东西太TMD了[汗][汗]",
"mid":"A30jr2jBg",
"date":"2013-08-03 10:44:35"
},
{
"kids":[],
"uid":"3187124677",
"parent":"",
"text":"我和我的小伙伴们都惊呆了！[衰][衰]",
"mid":"A30j3p6EC",
"date":"2013-08-03 10:43:38"
},
{
"kids":[],
"uid":"zwufei",
"parent":"",
"text":"",
"mid":"A30iXuoFC",
"date":"2013-08-03 10:43:25"
},
{
"kids":[
"A3k2iCqvO",
"A39RL3Axv",
"A39MOjdAv"
],
"uid":"3016311043",
"parent":"",
"text":"",
"mid":"A30iQ7emo",
"date":"2013-08-03 10:43:05"
},
{
"kids":[
"A6jc49FkH",
"A5hmNgdch",
"A4vuFmWha",
"A4vasccPs",
"A319tbmYq"
],
"uid":"2290894025",
"parent":"",
"text":"[馋嘴]",
"mid":"A30hWuD4S",
"date":"2013-08-03 10:40:55"
},
{
"kids":[
"A39jYAo85",
"A38UC0KXn"
],
"uid":"1001424550",
"parent":"",
"text":"",
"mid":"A30hS8sme",
"date":"2013-08-03 10:40:44"
},
{
"kids":[],
"uid":"3545329347",
"parent":"",
"text":"",
"mid":"A30hP8794",
"date":"2013-08-03 10:40:36"
},
{
"kids":[],
"uid":"3544248954",
"parent":"A30gNCe9o",
"text":"",
"mid":"A30hGhqBe",
"date":"2013-08-03 10:40:15"
},
{
"kids":[],
"uid":"2138203231",
"parent":"",
"text":"这不是传说中的袋子奶吗@反正_我还有一生可以浪费",
"mid":"A30hmuOYN",
"date":"2013-08-03 10:39:29"
},
{
"kids":[],
"uid":"020sophie",
"parent":"",
"text":"",
"mid":"A30hkoYQw",
"date":"2013-08-03 10:39:23"
},
{
"kids":[],
"uid":"1005035050",
"parent":"",
"text":"",
"mid":"A30h30DDe",
"date":"2013-08-03 10:38:41"
},
{
"kids":[
"A30hGhqBe"
],
"uid":"2164283484",
"parent":"",
"text":"#越南乳瓜# 转发微博 话题详情:http:",
"mid":"A30gNCe9o",
"date":"2013-08-03 10:38:06"
},
{
"kids":[],
"uid":"1842271514",
"parent":"",
"text":"",
"mid":"A30gGv8iv",
"date":"2013-08-03 10:37:49"
},
{
"kids":[],
"uid":"3377112040",
"parent":"",
"text":"",
"mid":"A30gz8Yho",
"date":"2013-08-03 10:37:30"
},
{
"kids":[],
"uid":"3211810495",
"parent":"",
"text":"",
"mid":"A30gj9TPE",
"date":"2013-08-03 10:36:53"
},
{
"kids":[],
"uid":"1835606395",
"parent":"",
"text":"这个。。。不细看，还好还好。。",
"mid":"A30gcEZf5",
"date":"2013-08-03 10:36:38"
},
{
"kids":[],
"uid":"sanly03",
"parent":"",
"text":"#越南乳瓜# 如果可以丰胸的话可以先给我来一打嘛 详情:http:",
"mid":"A30fSANdO",
"date":"2013-08-03 10:35:50"
},
{
"kids":[],
"uid":"2401992781",
"parent":"",
"text":"猥琐的越南农业",
"mid":"A30fQwGPr",
"date":"2013-08-03 10:35:44"
},
{
"kids":[],
"uid":"2805089281",
"parent":"",
"text":"我在想这种瓜的味道是奶味的吗？[汗][汗][汗]@我爱假期君 @柯比琪",
"mid":"A30fDeOXt",
"date":"2013-08-03 10:35:13"
},
{
"kids":[],
"uid":"2773456671",
"parent":"",
"text":"#越南乳瓜# 有点恶心 详情:http:",
"mid":"A30fs0w6M",
"date":"2013-08-03 10:34:46"
},
{
"kids":[],
"uid":"1431844402",
"parent":"",
"text":"",
"mid":"A30fkBsNx",
"date":"2013-08-03 10:34:28"
},
{
"kids":[
"A30sKpJgg"
],
"uid":"206151533",
"parent":"",
"text":"#越南乳瓜# 赶脚有点恶心 详情:http:",
"mid":"A30f7j3oc",
"date":"2013-08-03 10:33:56"
},
{
"kids":[],
"uid":"yuhang123",
"parent":"",
"text":"好恶心",
"mid":"A30f2ftmw",
"date":"2013-08-03 10:33:45"
},
{
"kids":[
"A30owi2zG"
],
"uid":"345169041",
"parent":"",
"text":"凑牛忙！[嘻嘻][围观]",
"mid":"A30eScBSC",
"date":"2013-08-03 10:33:20"
},
{
"kids":[],
"uid":"youngtao0430",
"parent":"",
"text":"@卡勒芙 @朕_就是这样的汉子 @灵光闪闪现 @Tatiana-C @芒果布丁1017 [汗][哼][吃惊][衰]",
"mid":"A30eNupiQ",
"date":"2013-08-03 10:33:10"
},
{
"kids":[],
"uid":"179531448",
"parent":"",
"text":"[抱抱]",
"mid":"A30eIrlQC",
"date":"2013-08-03 10:32:57"
},
{
"kids":[],
"uid":"2017836871",
"parent":"",
"text":"[吃惊][吃惊][吃惊]@可好臣卿",
"mid":"A30exgIxO",
"date":"2013-08-03 10:32:31"
},
{
"kids":[],
"uid":"2706512122",
"parent":"",
"text":"噗造型好独特",
"mid":"A30e92Gse",
"date":"2013-08-03 10:31:33"
},
{
"kids":[],
"uid":"1617850587",
"parent":"",
"text":"",
"mid":"A30e2fing",
"date":"2013-08-03 10:31:17"
},
{
"kids":[],
"uid":"1801380421",
"parent":"",
"text":"@Cccc赵大王 @_刘流儿 @尹豆绿_ @Mm赵不住 @张呛口",
"mid":"A30dRizTY",
"date":"2013-08-03 10:30:50"
},
{
"kids":[
"A3LUouwKt",
"A3KR6yxPu",
"A3jHtBJJZ",
"A3hZcaJ5p"
],
"uid":"3612602931",
"parent":"",
"text":"",
"mid":"A30dQFF98",
"date":"2013-08-03 10:30:49"
},
{
"kids":[],
"uid":"2995323407",
"parent":"",
"text":"@鸡智的葛大禹 有救了",
"mid":"A30dIqww7",
"date":"2013-08-03 10:30:29"
},
{
"kids":[],
"uid":"jongkeyisreal",
"parent":"",
"text":"好恶心@和谐的维修间 @一袋米要有锅才能煮熟 @欣嘉凌 凑",
"mid":"A30dEjYD0",
"date":"2013-08-03 10:30:20"
},
{
"kids":[
"A396z5lgz",
"A30L5q3l6"
],
"uid":"2082240121",
"parent":"",
"text":"真的?",
"mid":"A30cXsATN",
"date":"2013-08-03 10:28:37"
},
{
"kids":[],
"uid":"wmsx",
"parent":"",
"text":"额滴神吖！太象勒！",
"mid":"A30cVEvrd",
"date":"2013-08-03 10:28:34"
},
{
"kids":[],
"uid":"3002971693",
"parent":"",
"text":"真的不敢吃。@小女子这厢有礼 @魈魃蛹 @LW围小脖 @倩文倩文倩文文",
"mid":"A30cV6T1z",
"date":"2013-08-03 10:28:31"
},
{
"kids":[],
"uid":"2959211690",
"parent":"",
"text":"#越南乳瓜# “恶心啊”干快去吃吧！！@冠曦陈 详情:http:",
"mid":"A30cA7OBQ",
"date":"2013-08-03 10:27:42"
},
{
"kids":[],
"uid":"natachat",
"parent":"",
"text":"哎惹～真是……没话说……[汗]",
"mid":"A30ckrdyQ",
"date":"2013-08-03 10:27:04"
},
{
"kids":[],
"uid":"2902034453",
"parent":"",
"text":"这货可以吃嘛？",
"mid":"A30c318uC",
"date":"2013-08-03 10:26:23"
},
{
"kids":[],
"uid":"2332394120",
"parent":"",
"text":"好恶心，男生可以看着意淫[鄙视]",
"mid":"A30bBwOz7",
"date":"2013-08-03 10:25:18"
},
{
"kids":[],
"uid":"2306986365",
"parent":"",
"text":"那个下垂的咪，让我想起了某个晚上穿绿衣服的女子[晕]",
"mid":"A30bBfNOm",
"date":"2013-08-03 10:25:17"
},
{
"kids":[],
"uid":"2818874020",
"parent":"",
"text":"[晕]",
"mid":"A30bwdKQ1",
"date":"2013-08-03 10:25:04"
},
{
"kids":[],
"uid":"3188559783",
"parent":"",
"text":"#越南乳瓜# 好奇葩@钟秉桦 @崔天琪_QiQi @冷情绪lng @angel-奇 详情:http:",
"mid":"A30bkFWVm",
"date":"2013-08-03 10:24:37"
},
{
"kids":[],
"uid":"katty0711",
"parent":"",
"text":"[汗][汗]",
"mid":"A30biBQz6",
"date":"2013-08-03 10:24:31"
},
{
"kids":[],
"uid":"1929153681",
"parent":"",
"text":"",
"mid":"A30b8hl09",
"date":"2013-08-03 10:24:08"
},
{
"kids":[],
"uid":"2677359800",
"parent":"",
"text":"[哈哈]這個啥時候我們能在超市買到？",
"mid":"A30b74sE2",
"date":"2013-08-03 10:24:05"
},
{
"kids":[
"A57GXcjh8",
"A4oAmn2LQ",
"A4oxGj2eA",
"A3sz4jGrd",
"A3izVvxol",
"A3ivRaU4X"
],
"uid":"3480912271",
"parent":"",
"text":"",
"mid":"A30aJa53C",
"date":"2013-08-03 10:23:08"
},
{
"kids":[],
"uid":"1914520623",
"parent":"",
"text":"黄瓜和茄子表示等不急了！",
"mid":"A30askVzk",
"date":"2013-08-03 10:22:28"
},
{
"kids":[
"A5IHSw4Hy",
"A44zNixjb",
"A3WARjrOf",
"A3VlIunu0",
"A3aEZujQQ",
"A38H3jURe"
],
"uid":"2559744987",
"parent":"",
"text":"",
"mid":"A30aob1r4",
"date":"2013-08-03 10:22:17"
},
{
"kids":[],
"uid":"yuyantaiji",
"parent":"",
"text":"[汗]",
"mid":"A309UDdiG",
"date":"2013-08-03 10:21:08"
},
{
"kids":[],
"uid":"1919337055",
"parent":"",
"text":"2013了！还没见过啊",
"mid":"A309Jm66O",
"date":"2013-08-03 10:20:41"
},
{
"kids":[],
"uid":"3554108111",
"parent":"",
"text":"这是真的吗？看起好怪哟！",
"mid":"A309Ffoju",
"date":"2013-08-03 10:20:30"
},
{
"kids":[],
"uid":"201286464",
"parent":"",
"text":"#越南乳瓜# [震惊]这个世界上怎么还会有这么惊悚的东西 详情:http:",
"mid":"A309E6oy0",
"date":"2013-08-03 10:20:28"
},
{
"kids":[],
"uid":"373026777",
"parent":"",
"text":"难以直视！",
"mid":"A309AvyVB",
"date":"2013-08-03 10:20:20"
},
{
"kids":[],
"uid":"334398887",
"parent":"",
"text":"武康诚信街佳丽美甲生活馆正在装修中，届时以最优质的服务欢迎您的光临，敬请期待 聘  店长一名 招 美甲学员数名  男女不限 电话： 05727818131 地址：武源街余英坊40幢3号 官方微信：zxd889999      微信:13625828461",
"mid":"A309xjxw4",
"date":"2013-08-03 10:20:11"
},
{
"kids":[],
"uid":"1237327732",
"parent":"",
"text":"",
"mid":"A309swpOn",
"date":"2013-08-03 10:20:01"
},
{
"kids":[],
"uid":"2408260097",
"parent":"",
"text":"靠，，，，这个没有节操的世界@我叫酃少不是雷少 @熊出没LV @泡面要爱自己 @栗子贾95 @郭欣tata @小倾忻Dyang",
"mid":"A309e6Z1E",
"date":"2013-08-03 10:19:27"
},
{
"kids":[],
"uid":"3458143144",
"parent":"",
"text":"太恶心了。[鼓掌][晕][害羞]",
"mid":"A3097fQrx",
"date":"2013-08-03 10:19:10"
},
{
"kids":[],
"uid":"3596958557",
"parent":"",
"text":"",
"mid":"A3090rVst",
"date":"2013-08-03 10:18:54"
},
{
"kids":[],
"uid":"boa2hancock",
"parent":"",
"text":"哈哈哈哈，下垂~~",
"mid":"A308hhZoq",
"date":"2013-08-03 10:17:06"
},
{
"kids":[],
"uid":"2239508362",
"parent":"",
"text":"",
"mid":"A307N8BPI",
"date":"2013-08-03 10:15:53"
},
{
"kids":[],
"uid":"3612750000",
"parent":"",
"text":"好恶心[生病][生病][生病][生病]",
"mid":"A307mcPa5",
"date":"2013-08-03 10:14:49"
},
{
"kids":[],
"uid":"1725304273",
"parent":"",
"text":"",
"mid":"A3070FeGg",
"date":"2013-08-03 10:13:58"
},
{
"kids":[
"A30uGnkhv"
],
"uid":"2272266714",
"parent":"",
"text":"吃啥补啥",
"mid":"A306VmOWV",
"date":"2013-08-03 10:13:46"
},
{
"kids":[],
"uid":"3166755477",
"parent":"",
"text":"好可怕。。。。。",
"mid":"A306yAdB3",
"date":"2013-08-03 10:12:52"
},
{
"kids":[],
"uid":"2435877132",
"parent":"",
"text":"13年了都没见过",
"mid":"A3064bnuA",
"date":"2013-08-03 10:11:39"
},
{
"kids":[],
"uid":"2719483223",
"parent":"",
"text":"haha哈哈哈[哈哈]",
"mid":"A3060CnEe",
"date":"2013-08-03 10:11:31"
},
{
"kids":[],
"uid":"linyuelaine",
"parent":"",
"text":"[吐][吐][吐]真心不想吃",
"mid":"A305VAVUp",
"date":"2013-08-03 10:11:18"
},
{
"kids":[],
"uid":"yezhangchunzi",
"parent":"",
"text":"拜托现在已经是2013年啦",
"mid":"A3053fWA9",
"date":"2013-08-03 10:09:07"
},
{
"kids":[],
"uid":"doufuzhazi",
"parent":"",
"text":"丧心病狂",
"mid":"A304BsVdz",
"date":"2013-08-03 10:08:02"
}
]