[
{
"kids":[],
"uid":"3631975867",
"parent":"A0E15rIw4",
"text":"@新闻已死 @袁裕来律师 @CCTV-共同关注",
"mid":"A59WDwH7u",
"date":"2013-08-17 14:56:29"
},
{
"kids":[],
"uid":"3045109480",
"parent":"A0EiFwC8j",
"text":"",
"mid":"A2gD05s3t",
"date":"2013-07-29 14:26:24"
},
{
"kids":[],
"uid":"3045380854",
"parent":"A0EiFwC8j",
"text":"",
"mid":"A2eZjs824",
"date":"2013-07-29 10:15:54"
},
{
"kids":[],
"uid":"2919774230",
"parent":"A0FOPyv8Q",
"text":"",
"mid":"A1mlcwlB9",
"date":"2013-07-23 15:08:47"
},
{
"kids":[],
"uid":"2919853732",
"parent":"A0FOPyv8Q",
"text":"",
"mid":"A1kEtERnj",
"date":"2013-07-23 10:50:45"
},
{
"kids":[],
"uid":"3044215612",
"parent":"A0EiFwC8j",
"text":"",
"mid":"A1jTmqel7",
"date":"2013-07-23 08:54:41"
},
{
"kids":[],
"uid":"2810146612",
"parent":"A0FOPyv8Q",
"text":"",
"mid":"A1eUjf6oa",
"date":"2013-07-22 20:13:17"
},
{
"kids":[],
"uid":"3044150434",
"parent":"A0EiFwC8j",
"text":"",
"mid":"A1cNOnt06",
"date":"2013-07-22 14:51:45"
},
{
"kids":[],
"uid":"2789786120",
"parent":"A0F898QQ2",
"text":"",
"mid":"A1czgy3wH",
"date":"2013-07-22 14:15:56"
},
{
"kids":[],
"uid":"1520599947",
"parent":"A0EiFwC8j",
"text":"",
"mid":"A1bYdoAi3",
"date":"2013-07-22 12:44:40"
},
{
"kids":[],
"uid":"2919808110",
"parent":"A0Era9JGl",
"text":"",
"mid":"A1be0zAWR",
"date":"2013-07-22 10:50:50"
},
{
"kids":[],
"uid":"3044635684",
"parent":"A0F898QQ2",
"text":"",
"mid":"A19K3mT2o",
"date":"2013-07-22 07:04:16"
},
{
"kids":[],
"uid":"1514750237",
"parent":"A0Ef2mJAI",
"text":"真长见识",
"mid":"A16x2dT4K",
"date":"2013-07-21 22:53:59"
},
{
"kids":[],
"uid":"3044277024",
"parent":"A0Era9JGl",
"text":"",
"mid":"A12ysCvAW",
"date":"2013-07-21 12:46:29"
},
{
"kids":[],
"uid":"2919596010",
"parent":"A0Era9JGl",
"text":"",
"mid":"A11Dh20Z1",
"date":"2013-07-21 10:25:36"
},
{
"kids":[],
"uid":"3256319514",
"parent":"",
"text":"",
"mid":"A0SqNggqv",
"date":"2013-07-20 11:00:07"
},
{
"kids":[],
"uid":"2291481300",
"parent":"",
"text":"哦。",
"mid":"A0Omq5Mff",
"date":"2013-07-20 00:38:22"
},
{
"kids":[],
"uid":"1679102742",
"parent":"A0FliqFXy",
"text":"",
"mid":"A0M5RnDFW",
"date":"2013-07-19 18:52:03"
},
{
"kids":[],
"uid":"2324548062",
"parent":"A0JpPBlxc",
"text":"",
"mid":"A0LREvqhg",
"date":"2013-07-19 18:17:05"
},
{
"kids":[],
"uid":"baiqiangtuangou",
"parent":"A0EjSyDpj",
"text":"",
"mid":"A0KJcf2Bx",
"date":"2013-07-19 15:23:29"
},
{
"kids":[],
"uid":"69jt",
"parent":"",
"text":"如果党校或大学中设有“维稳学”专业，一定是个能“升官发财”的热门专业哦！[偷笑]",
"mid":"A0JO9fEyO",
"date":"2013-07-19 13:02:56"
},
{
"kids":[
"A0LREvqhg"
],
"uid":"1256823790",
"parent":"A0EDzf9Ud",
"text":"",
"mid":"A0JpPBlxc",
"date":"2013-07-19 12:03:02"
},
{
"kids":[],
"uid":"1768502012",
"parent":"A0Ef2mJAI",
"text":"这个专业可是领先世界的。。欢迎各个发达国家的朋友来我们国家进修",
"mid":"A0IRRntFR",
"date":"2013-07-19 10:39:21"
},
{
"kids":[],
"uid":"1861000620",
"parent":"A0HP1ufb1",
"text":"人才啊",
"mid":"A0IKEhAit",
"date":"2013-07-19 10:21:34"
},
{
"kids":[],
"uid":"shenyannan",
"parent":"A0I0A3eqv",
"text":"百度百科没这个的，网友自己封的吧...",
"mid":"A0IJEvleB",
"date":"2013-07-19 10:19:08"
},
{
"kids":[],
"uid":"2950150944",
"parent":"A0FliqFXy",
"text":"此人没得救",
"mid":"A0IFr1rPA",
"date":"2013-07-19 10:08:43"
},
{
"kids":[],
"uid":"2127727437",
"parent":"",
"text":"",
"mid":"A0Isec53t",
"date":"2013-07-19 09:36:12"
},
{
"kids":[],
"uid":"2270758584",
"parent":"A0Ef2mJAI",
"text":"[哈哈]",
"mid":"A0Irvhxm1",
"date":"2013-07-19 09:34:24"
},
{
"kids":[],
"uid":"yvesf",
"parent":"A0FliqFXy",
"text":"文傻太多，看见这种东西就高潮了。",
"mid":"A0ImWfKEp",
"date":"2013-07-19 09:23:10"
},
{
"kids":[],
"uid":"1878355677",
"parent":"A0Ef2mJAI",
"text":"",
"mid":"A0IlvyJO8",
"date":"2013-07-19 09:19:38"
},
{
"kids":[],
"uid":"2367489774",
"parent":"A0I0A3eqv",
"text":"学蓝翔技校的维稳课程，从此当官so easy！！！！",
"mid":"A0IivnXEK",
"date":"2013-07-19 09:12:14"
},
{
"kids":[],
"uid":"zhjterry",
"parent":"A0FliqFXy",
"text":"笑尿",
"mid":"A0Ihxp6wa",
"date":"2013-07-19 09:09:52"
},
{
"kids":[],
"uid":"1618553973",
"parent":"A0Ef2mJAI",
"text":"估计屁股也不干净。76年的县长，不简单",
"mid":"A0IedtK5V",
"date":"2013-07-19 09:01:40"
},
{
"kids":[],
"uid":"oralsac",
"parent":"A0Eip0NTY",
"text":"如果都以百度百科为真理 那李彦宏 算什么？神仙？妖怪？",
"mid":"A0I9cBT9Z",
"date":"2013-07-19 08:49:19"
},
{
"kids":[],
"uid":"2758470562",
"parent":"A0Ef2mJAI",
"text":"高学历啊[挖鼻屎]",
"mid":"A0I5JcEVS",
"date":"2013-07-19 08:40:46"
},
{
"kids":[],
"uid":"fengkuangcaizi",
"parent":"",
"text":"牛",
"mid":"A0I4vfELd",
"date":"2013-07-19 08:37:45"
},
{
"kids":[],
"uid":"3295727550",
"parent":"A0DCVD3xX",
"text":"",
"mid":"A0I2tEkkn",
"date":"2013-07-19 08:32:46"
},
{
"kids":[],
"uid":"hongquan927",
"parent":"A0Eitpzn8",
"text":"长姿势了",
"mid":"A0I0Hqn5o",
"date":"2013-07-19 08:28:22"
},
{
"kids":[
"A0IJEvleB",
"A0IivnXEK"
],
"uid":"chenjunsal",
"parent":"A0HEA6K7E",
"text":"还是当地残联副主席？脑残吧！",
"mid":"A0I0A3eqv",
"date":"2013-07-19 08:28:05"
},
{
"kids":[],
"uid":"1639446473",
"parent":"A0DEO2ffB",
"text":"",
"mid":"A0HVbyBbD",
"date":"2013-07-19 08:14:47"
},
{
"kids":[],
"uid":"2187651164",
"parent":"A0EgFryKJ",
"text":"",
"mid":"A0HSIf76E",
"date":"2013-07-19 08:08:41"
},
{
"kids":[],
"uid":"2964563952",
"parent":"",
"text":"涨姿势了[汗]",
"mid":"A0HPSlSAa",
"date":"2013-07-19 08:01:43"
},
{
"kids":[
"A0IKEhAit"
],
"uid":"1836586213",
"parent":"A0Ex7t4Q5",
"text":"",
"mid":"A0HP1ufb1",
"date":"2013-07-19 07:59:37"
},
{
"kids":[],
"uid":"1063883705",
"parent":"",
"text":"维稳学……叫镇压学怎么样？",
"mid":"A0HKVnKGZ",
"date":"2013-07-19 07:49:31"
},
{
"kids":[
"A0IJEvleB",
"A0IivnXEK",
"A0I0A3eqv"
],
"uid":"2310162914",
"parent":"A0HCZm4jl",
"text":"",
"mid":"A0HEA6K7E",
"date":"2013-07-19 07:33:53"
},
{
"kids":[
"A0IJEvleB",
"A0IivnXEK",
"A0I0A3eqv",
"A0HEA6K7E"
],
"uid":"1811485904",
"parent":"A0Ef2mJAI",
"text":"[衰]",
"mid":"A0HCZm4jl",
"date":"2013-07-19 07:29:58"
},
{
"kids":[],
"uid":"1908303834",
"parent":"A0Ef2mJAI",
"text":"真是长见识了!",
"mid":"A0HAN9zoQ",
"date":"2013-07-19 07:24:33"
},
{
"kids":[],
"uid":"1936986335",
"parent":"A0Ef2mJAI",
"text":"看来是专业人士去@堂会帝 @哪吒不二仔",
"mid":"A0HfLrGq7",
"date":"2013-07-19 06:32:46"
},
{
"kids":[],
"uid":"neem",
"parent":"A0Ef2mJAI",
"text":"呵呵",
"mid":"A0HbLxoLb",
"date":"2013-07-19 06:22:54"
},
{
"kids":[],
"uid":"2300445412",
"parent":"A0Ef2mJAI",
"text":"",
"mid":"A0GVK5WvV",
"date":"2013-07-19 05:43:25"
},
{
"kids":[],
"uid":"1674434322",
"parent":"A0Fo69Ff1",
"text":"",
"mid":"A0Gdtfw4g",
"date":"2013-07-19 03:54:21"
},
{
"kids":[
"A1mlcwlB9",
"A1kEtERnj",
"A1eUjf6oa"
],
"uid":"1406766285",
"parent":"A0Ef2mJAI",
"text":"百度百科是人编的，人编的就不免有错，估计也就是打错字，有必要拿出去当宝一样现？估计你也没玩过百科",
"mid":"A0FOPyv8Q",
"date":"2013-07-19 02:53:38"
},
{
"kids":[],
"uid":"uulanshu",
"parent":"A0Ef2mJAI",
"text":"卧槽，见识了",
"mid":"A0FJRC3J8",
"date":"2013-07-19 02:41:25"
},
{
"kids":[],
"uid":"1657028565",
"parent":"A0Fo69Ff1",
"text":"",
"mid":"A0FwDDC3z",
"date":"2013-07-19 02:08:50"
},
{
"kids":[
"A0Gdtfw4g",
"A0FwDDC3z"
],
"uid":"santahao",
"parent":"A0FliqFXy",
"text":"右边说的对，参见修改记录http:",
"mid":"A0Fo69Ff1",
"date":"2013-07-19 01:47:47"
},
{
"kids":[
"A0M5RnDFW",
"A0IFr1rPA",
"A0ImWfKEp",
"A0Ihxp6wa",
"A0Gdtfw4g",
"A0FwDDC3z",
"A0Fo69Ff1"
],
"uid":"zhuangpeiyuan",
"parent":"",
"text":"一帮脑残，一个谁都能上去乱写的百度百科的东西也能当证据？去查一下修改记录会死吗？",
"mid":"A0FliqFXy",
"date":"2013-07-19 01:40:53"
},
{
"kids":[],
"uid":"3netnonstop",
"parent":"A0EDzf9Ud",
"text":"转发",
"mid":"A0Fedzo2F",
"date":"2013-07-19 01:23:27"
},
{
"kids":[],
"uid":"1735839762",
"parent":"A0Ef2mJAI",
"text":"哪个学校开设的？要火啊",
"mid":"A0FbTmjD7",
"date":"2013-07-19 01:17:43"
},
{
"kids":[],
"uid":"1167932524",
"parent":"A0Ejr80Mc",
"text":"好学历！",
"mid":"A0FaQEe0b",
"date":"2013-07-19 01:15:09"
},
{
"kids":[],
"uid":"zhao274463458",
"parent":"A0EJo2uvx",
"text":"",
"mid":"A0F9Tz3kt",
"date":"2013-07-19 01:12:48"
},
{
"kids":[
"A1czgy3wH",
"A19K3mT2o"
],
"uid":"1855251610",
"parent":"",
"text":"",
"mid":"A0F898QQ2",
"date":"2013-07-19 01:08:28"
},
{
"kids":[],
"uid":"207077580",
"parent":"A0EDzf9Ud",
"text":"",
"mid":"A0F6DabRf",
"date":"2013-07-19 01:04:45"
},
{
"kids":[],
"uid":"513738567",
"parent":"A0Ef2mJAI",
"text":"",
"mid":"A0F4oyY5Z",
"date":"2013-07-19 00:59:15"
},
{
"kids":[],
"uid":"2613139351",
"parent":"A0EX0yc5i",
"text":"开了眼界。",
"mid":"A0F2Dx7Is",
"date":"2013-07-19 00:54:56"
},
{
"kids":[
"A0F2Dx7Is"
],
"uid":"1969496707",
"parent":"A0EEr2u4U",
"text":"维稳学硕士学位！[吃惊]党国特色啊！",
"mid":"A0EX0yc5i",
"date":"2013-07-19 00:41:04"
},
{
"kids":[],
"uid":"1923517113",
"parent":"A0Ef2mJAI",
"text":"",
"mid":"A0EWSka1g",
"date":"2013-07-19 00:40:43"
},
{
"kids":[],
"uid":"515567985",
"parent":"A0Elql07v",
"text":"",
"mid":"A0EUi8noT",
"date":"2013-07-19 00:34:20"
},
{
"kids":[],
"uid":"1820239885",
"parent":"A0EDzf9Ud",
"text":"这种学历确实是第一次听见，兲朝威武。",
"mid":"A0ESyAosP",
"date":"2013-07-19 00:30:05"
},
{
"kids":[],
"uid":"1921726173",
"parent":"A0DCVD3xX",
"text":"还有这个专业",
"mid":"A0ESlfWPd",
"date":"2013-07-19 00:29:31"
},
{
"kids":[],
"uid":"idasaurora",
"parent":"A0EHtfmCW",
"text":"我孤陋寡闻了。。。",
"mid":"A0ERTvB2k",
"date":"2013-07-19 00:28:24"
},
{
"kids":[],
"uid":"liangming78",
"parent":"A0EHtfmCW",
"text":"智商总是这么使人捉急[晕]",
"mid":"A0EPKxST9",
"date":"2013-07-19 00:23:10"
},
{
"kids":[],
"uid":"1939360122",
"parent":"A0Ef2mJAI",
"text":"",
"mid":"A0ENIkvBg",
"date":"2013-07-19 00:18:10"
},
{
"kids":[],
"uid":"2252700320",
"parent":"",
"text":"[哈哈]",
"mid":"A0ELX2bmz",
"date":"2013-07-19 00:13:49"
},
{
"kids":[],
"uid":"3216109783",
"parent":"A0EDzf9Ud",
"text":"",
"mid":"A0EKKfXL4",
"date":"2013-07-19 00:10:48"
},
{
"kids":[],
"uid":"1227362791",
"parent":"A0EIx9C6i",
"text":"他妈拉个巴子，还维稳学?他是不是学的杀人学?",
"mid":"A0EKDuCSu",
"date":"2013-07-19 00:10:34"
},
{
"kids":[
"A0F9Tz3kt"
],
"uid":"3230820732",
"parent":"A0EAqwPPv",
"text":"",
"mid":"A0EJo2uvx",
"date":"2013-07-19 00:07:30"
},
{
"kids":[],
"uid":"3230820732",
"parent":"A0ECFqKmJ",
"text":"",
"mid":"A0EJg3Jf2",
"date":"2013-07-19 00:07:10"
},
{
"kids":[],
"uid":"2119826587",
"parent":"A0Ef2mJAI",
"text":"玩完了！",
"mid":"A0EIG4wEE",
"date":"2013-07-19 00:05:45"
},
{
"kids":[],
"uid":"2239646544",
"parent":"A0Ef2mJAI",
"text":"大学问？[哈哈][哈哈][哈哈][哈哈]",
"mid":"A0EIA6WQt",
"date":"2013-07-19 00:05:29"
},
{
"kids":[
"A0EKDuCSu"
],
"uid":"2048297522",
"parent":"A0EAqwPPv",
"text":"[挖鼻屎]",
"mid":"A0EIx9C6i",
"date":"2013-07-19 00:05:22"
},
{
"kids":[],
"uid":"1456403623",
"parent":"A0EFRn59p",
"text":"硕士毕业论文是不是论凌晨抢尸的可行性研究报告[可爱]",
"mid":"A0EHzrDWF",
"date":"2013-07-19 00:03:02"
},
{
"kids":[
"A0ERTvB2k",
"A0EPKxST9"
],
"uid":"charlie1979",
"parent":"A0Ef2mJAI",
"text":"牛",
"mid":"A0EHtfmCW",
"date":"2013-07-19 00:02:46"
},
{
"kids":[],
"uid":"wzy007",
"parent":"A0EDzf9Ud",
"text":"维稳学硕士学位",
"mid":"A0EHdhPi1",
"date":"2013-07-19 00:02:06"
},
{
"kids":[],
"uid":"1613624965",
"parent":"A0EFqcVs9",
"text":"",
"mid":"A0EGaB8sk",
"date":"2013-07-18 23:59:34"
},
{
"kids":[],
"uid":"2119120421",
"parent":"A0EjNxcma",
"text":"维稳专业？[酷]",
"mid":"A0EFSATNo",
"date":"2013-07-18 23:58:51"
},
{
"kids":[
"A0EHzrDWF"
],
"uid":"1449722275",
"parent":"A0EFqcVs9",
"text":"你是说维稳学硕士学位是恶搞的吧？",
"mid":"A0EFRn59p",
"date":"2013-07-18 23:58:47"
},
{
"kids":[],
"uid":"1809275883",
"parent":"A0EFqcVs9",
"text":"",
"mid":"A0EFP2Rs0",
"date":"2013-07-18 23:58:42"
},
{
"kids":[],
"uid":"2273228004",
"parent":"A0Ef2mJAI",
"text":"",
"mid":"A0EFOsGTG",
"date":"2013-07-18 23:58:39"
},
{
"kids":[
"A0EHzrDWF",
"A0EGaB8sk",
"A0EFRn59p",
"A0EFP2Rs0"
],
"uid":"1449722275",
"parent":"A0EDzf9Ud",
"text":"回复@永鸿文化土拔鼠8:是吗？",
"mid":"A0EFqcVs9",
"date":"2013-07-18 23:57:43"
},
{
"kids":[],
"uid":"fumiye",
"parent":"A0DEqF8b1",
"text":"",
"mid":"A0EFifPZd",
"date":"2013-07-18 23:57:22"
},
{
"kids":[],
"uid":"2458168611",
"parent":"",
"text":"",
"mid":"A0EF7jkzf",
"date":"2013-07-18 23:56:55"
},
{
"kids":[],
"uid":"mutouyu12345",
"parent":"A0EjNxcma",
"text":"",
"mid":"A0EEu2ksN",
"date":"2013-07-18 23:55:21"
},
{
"kids":[
"A0F2Dx7Is",
"A0EX0yc5i"
],
"uid":"2790812004",
"parent":"A0ECFqKmJ",
"text":"",
"mid":"A0EEr2u4U",
"date":"2013-07-18 23:55:17"
},
{
"kids":[],
"uid":"3094312981",
"parent":"A0DZLkZfI",
"text":"",
"mid":"A0EDBi89A",
"date":"2013-07-18 23:53:11"
},
{
"kids":[
"A0LREvqhg",
"A0JpPBlxc",
"A0Fedzo2F",
"A0F6DabRf",
"A0ESyAosP",
"A0EKKfXL4",
"A0EHzrDWF",
"A0EHdhPi1",
"A0EGaB8sk",
"A0EFRn59p",
"A0EFP2Rs0",
"A0EFqcVs9"
],
"uid":"1449722275",
"parent":"A0EAqwPPv",
"text":"毛孙曾欲在某校建立mzd思想系，早已贻笑大方。",
"mid":"A0EDzf9Ud",
"date":"2013-07-18 23:53:09"
},
{
"kids":[],
"uid":"3168105455",
"parent":"A0DZLkZfI",
"text":"",
"mid":"A0EDxdgyj",
"date":"2013-07-18 23:53:01"
},
{
"kids":[],
"uid":"678764885",
"parent":"A0EsWibyW",
"text":"维稳学？[哈哈][哈哈]",
"mid":"A0ED5pZYg",
"date":"2013-07-18 23:51:59"
},
{
"kids":[
"A0F2Dx7Is",
"A0EX0yc5i",
"A0EJg3Jf2",
"A0EEr2u4U"
],
"uid":"3168105455",
"parent":"A0DZLkZfI",
"text":"",
"mid":"A0ECFqKmJ",
"date":"2013-07-18 23:50:56"
},
{
"kids":[],
"uid":"2075129481",
"parent":"A0ExBhX1j",
"text":"哈哈！",
"mid":"A0EBjud1j",
"date":"2013-07-18 23:47:34"
},
{
"kids":[],
"uid":"2586355880",
"parent":"",
"text":"",
"mid":"A0EAwb5Qt",
"date":"2013-07-18 23:45:38"
},
{
"kids":[
"A0LREvqhg",
"A0JpPBlxc",
"A0Fedzo2F",
"A0F9Tz3kt",
"A0F6DabRf",
"A0ESyAosP",
"A0EKKfXL4",
"A0EKDuCSu",
"A0EJo2uvx",
"A0EIx9C6i",
"A0EHzrDWF",
"A0EHdhPi1",
"A0EGaB8sk",
"A0EFRn59p",
"A0EFP2Rs0",
"A0EFqcVs9",
"A0EDzf9Ud"
],
"uid":"3168105455",
"parent":"A0DZLkZfI",
"text":"",
"mid":"A0EAqwPPv",
"date":"2013-07-18 23:45:23"
},
{
"kids":[],
"uid":"2671887403",
"parent":"A0DZLkZfI",
"text":"废了～",
"mid":"A0EAgcjf6",
"date":"2013-07-18 23:44:58"
},
{
"kids":[],
"uid":"1035890820",
"parent":"A0DN97ZZH",
"text":"（维稳学）@大河任磊 @巴彦克拉 @丁柠 @拍赛车的老吴 研究生，他M这是那个王8批准的专业？大中国文化们坟墓。",
"mid":"A0EzF0bjq",
"date":"2013-07-18 23:43:31"
},
{
"kids":[],
"uid":"lunaticandy",
"parent":"A0Ef2mJAI",
"text":"",
"mid":"A0EyT7gdN",
"date":"2013-07-18 23:41:36"
},
{
"kids":[],
"uid":"leonningbo",
"parent":"A0DCVD3xX",
"text":"维稳学硕士，这白学了，走后门进去的吧，维的一点儿也不稳啊",
"mid":"A0EygmFL0",
"date":"2013-07-18 23:40:06"
},
{
"kids":[],
"uid":"1402301794",
"parent":"",
"text":"我C，还有维稳学专业?!",
"mid":"A0ExDEQKw",
"date":"2013-07-18 23:38:33"
},
{
"kids":[
"A0EBjud1j"
],
"uid":"928287150",
"parent":"A0EuRor2K",
"text":"右边神一样的回复，不过我认为是跟伏地魔校友〜",
"mid":"A0ExBhX1j",
"date":"2013-07-18 23:38:27"
},
{
"kids":[
"A0IKEhAit",
"A0HP1ufb1"
],
"uid":"1087618392",
"parent":"A0Ef2mJAI",
"text":"一工",
"mid":"A0Ex7t4Q5",
"date":"2013-07-18 23:37:16"
},
{
"kids":[],
"uid":"2136716385",
"parent":"A0DM3ucVQ",
"text":"是中央党校的专业吧！",
"mid":"A0EwqkSRd",
"date":"2013-07-18 23:35:31"
},
{
"kids":[],
"uid":"2027895591",
"parent":"A0EnmAduz",
"text":"真是开眼了",
"mid":"A0Ewjer5f",
"date":"2013-07-18 23:35:16"
},
{
"kids":[],
"uid":"2442495744",
"parent":"A0E5VokTR",
"text":"",
"mid":"A0Ew49ogK",
"date":"2013-07-18 23:34:39"
},
{
"kids":[],
"uid":"1984102043",
"parent":"A0DUdlbF3",
"text":"让这个混账出来露哈脸，让他遗臭万年",
"mid":"A0EvPmH0U",
"date":"2013-07-18 23:34:02"
},
{
"kids":[],
"uid":"2272453720",
"parent":"A0Ef2mJAI",
"text":"",
"mid":"A0EvkCrtE",
"date":"2013-07-18 23:32:49"
},
{
"kids":[
"A0EBjud1j",
"A0ExBhX1j"
],
"uid":"2075129481",
"parent":"A0Ep9DMlo",
"text":"跟哈里波特是校友吗？",
"mid":"A0EuRor2K",
"date":"2013-07-18 23:31:42"
},
{
"kids":[],
"uid":"1967911713",
"parent":"",
"text":"哪个学校有这个专业？中央党校？",
"mid":"A0EuJ6Hlo",
"date":"2013-07-18 23:31:22"
},
{
"kids":[],
"uid":"1881389924",
"parent":"A0Ef2mJAI",
"text":"真长见识了！",
"mid":"A0Eum3Csl",
"date":"2013-07-18 23:30:27"
},
{
"kids":[],
"uid":"achanfan",
"parent":"A0Ef2mJAI",
"text":"亮瞎，很想看看这么神的教材[晕][哈哈]",
"mid":"A0EtmCaNW",
"date":"2013-07-18 23:27:59"
},
{
"kids":[
"A0ED5pZYg"
],
"uid":"1999006105",
"parent":"A0Ef2mJAI",
"text":"",
"mid":"A0EsWibyW",
"date":"2013-07-18 23:26:58"
},
{
"kids":[],
"uid":"joshuachan1013",
"parent":"A0Ef2mJAI",
"text":"我是应该去读这个研么。。。",
"mid":"A0Esw1fH4",
"date":"2013-07-18 23:25:59"
},
{
"kids":[],
"uid":"1680563990",
"parent":"A0Ef2mJAI",
"text":"",
"mid":"A0Esvowgm",
"date":"2013-07-18 23:25:53"
},
{
"kids":[],
"uid":"cugbphoenix",
"parent":"A0Ef2mJAI",
"text":"笑掉大牙",
"mid":"A0EstnN0v",
"date":"2013-07-18 23:25:46"
},
{
"kids":[],
"uid":"shihaiyang",
"parent":"A0Ef2mJAI",
"text":"牛逼了踢",
"mid":"A0Es299me",
"date":"2013-07-18 23:24:47"
},
{
"kids":[],
"uid":"1969zs",
"parent":"A0Ef2mJAI",
"text":"米国有吗？",
"mid":"A0EryzK6i",
"date":"2013-07-18 23:23:34"
},
{
"kids":[],
"uid":"rurufromseattle",
"parent":"",
"text":"不相信有维稳学硕士。。。",
"mid":"A0ErsF3XQ",
"date":"2013-07-18 23:23:20"
},
{
"kids":[
"A1be0zAWR",
"A12ysCvAW",
"A11Dh20Z1"
],
"uid":"jttdcf",
"parent":"A0Ef2mJAI",
"text":"",
"mid":"A0Era9JGl",
"date":"2013-07-18 23:22:31"
},
{
"kids":[],
"uid":"wsqlaw",
"parent":"A0EnmAduz",
"text":"维稳学？",
"mid":"A0EqNDCJ1",
"date":"2013-07-18 23:21:40"
},
{
"kids":[],
"uid":"yungts",
"parent":"A0DFPzwim",
"text":"@百度百科 恶搞的吧？",
"mid":"A0Eqqjgy8",
"date":"2013-07-18 23:20:43"
},
{
"kids":[],
"uid":"guga5240",
"parent":"A0DISFHtz",
"text":"那间学府有这个专业……",
"mid":"A0EqjtSNQ",
"date":"2013-07-18 23:20:29"
},
{
"kids":[],
"uid":"1453321221",
"parent":"A0Eh7sSJ8",
"text":"奇葩一朵",
"mid":"A0Eqh8boh",
"date":"2013-07-18 23:20:24"
},
{
"kids":[],
"uid":"80908211",
"parent":"A0Ep9DMlo",
"text":"自己写的百科吧，花几百就过了",
"mid":"A0Eqgz2dY",
"date":"2013-07-18 23:20:21"
},
{
"kids":[],
"uid":"3335471852",
"parent":"A0Ej4F3E7",
"text":"",
"mid":"A0EpSiBjF",
"date":"2013-07-18 23:19:25"
},
{
"kids":[],
"uid":"2276550441",
"parent":"A0Ef2mJAI",
"text":"我是吐槽学泰斗",
"mid":"A0EpRa4uP",
"date":"2013-07-18 23:19:21"
},
{
"kids":[],
"uid":"2026714824",
"parent":"",
"text":"無非又是一本《羅織經》",
"mid":"A0Epz65QY",
"date":"2013-07-18 23:18:37"
},
{
"kids":[
"A0EBjud1j",
"A0ExBhX1j",
"A0EuRor2K",
"A0Eqgz2dY"
],
"uid":"2209886275",
"parent":"A0ElI77yK",
"text":"第一次听说，他这是活学活用维隐学吗？",
"mid":"A0Ep9DMlo",
"date":"2013-07-18 23:17:39"
},
{
"kids":[],
"uid":"1767965583",
"parent":"",
"text":"“维稳”这俩字研究好久了，到目前的结论是：癌症晚期的化疗~",
"mid":"A0EoKzmlq",
"date":"2013-07-18 23:16:39"
},
{
"kids":[],
"uid":"1404077113",
"parent":"A0Ef2mJAI",
"text":"",
"mid":"A0EozDcVQ",
"date":"2013-07-18 23:16:13"
},
{
"kids":[],
"uid":"3509487375",
"parent":"A0EnmAduz",
"text":"",
"mid":"A0Eofhemm",
"date":"2013-07-18 23:15:24"
},
{
"kids":[],
"uid":"1750883567",
"parent":"",
"text":"长知识了",
"mid":"A0Eo2ygox",
"date":"2013-07-18 23:14:54"
},
{
"kids":[],
"uid":"dongfish",
"parent":"A0Ef2mJAI",
"text":"",
"mid":"A0EnWmh68",
"date":"2013-07-18 23:14:36"
},
{
"kids":[
"A0Ewjer5f",
"A0EqNDCJ1",
"A0Eofhemm"
],
"uid":"2271892592",
"parent":"",
"text":"长见识了!维稳学硕士!只是专业不对口，他应当去当政法委书记",
"mid":"A0EnmAduz",
"date":"2013-07-18 23:13:15"
},
{
"kids":[],
"uid":"2266981055",
"parent":"A0Ef2mJAI",
"text":"实在是不要脸啊！",
"mid":"A0EnhyLKA",
"date":"2013-07-18 23:13:00"
},
{
"kids":[],
"uid":"1693028670",
"parent":"",
"text":"维稳学是什么东西？",
"mid":"A0En9fOLm",
"date":"2013-07-18 23:12:41"
},
{
"kids":[],
"uid":"523423911",
"parent":"A0EjNxcma",
"text":"",
"mid":"A0En0oU47",
"date":"2013-07-18 23:12:21"
},
{
"kids":[],
"uid":"2294683625",
"parent":"A0Ef2mJAI",
"text":"",
"mid":"A0En08nkL",
"date":"2013-07-18 23:12:20"
},
{
"kids":[],
"uid":"1221218652",
"parent":"A0DZLkZfI",
"text":"",
"mid":"A0Emzvd9m",
"date":"2013-07-18 23:11:18"
},
{
"kids":[],
"uid":"2104397550",
"parent":"A0DVxuFD4",
"text":"维稳。。。",
"mid":"A0EmdmqYo",
"date":"2013-07-18 23:10:21"
},
{
"kids":[],
"uid":"1957586547",
"parent":"A0Ef2mJAI",
"text":"草你妈的，还有这种学位，党校出来的吧，天天研究怎么祸害老百姓吧[怒骂]",
"mid":"A0Em794wA",
"date":"2013-07-18 23:10:09"
},
{
"kids":[],
"uid":"1959077714",
"parent":"",
"text":"这太屌了@红尘烧饼 @开心夜色",
"mid":"A0ElKpCUj",
"date":"2013-07-18 23:09:14"
},
{
"kids":[],
"uid":"2210188484",
"parent":"A0Elql07v",
"text":"",
"mid":"A0ElJvoIf",
"date":"2013-07-18 23:09:12"
},
{
"kids":[
"A0EBjud1j",
"A0ExBhX1j",
"A0EuRor2K",
"A0Eqgz2dY",
"A0Ep9DMlo"
],
"uid":"laopi45",
"parent":"A0EkGdNmk",
"text":"我艹，学了慰问学，是不是可以购买慰问器械了？",
"mid":"A0ElI77yK",
"date":"2013-07-18 23:09:07"
},
{
"kids":[
"A0EUi8noT",
"A0ElJvoIf"
],
"uid":"luobiaoxz",
"parent":"A0EiEBtGl",
"text":"残联副主席[哈哈]",
"mid":"A0Elql07v",
"date":"2013-07-18 23:08:26"
},
{
"kids":[],
"uid":"benniepeng",
"parent":"A0EgZv9UQ",
"text":"[哈哈][哈哈]",
"mid":"A0EljgvZ4",
"date":"2013-07-18 23:08:07"
},
{
"kids":[],
"uid":"2590655972",
"parent":"A0Ef2mJAI",
"text":"",
"mid":"A0El2FWOZ",
"date":"2013-07-18 23:07:29"
},
{
"kids":[],
"uid":"2562400792",
"parent":"A0Ef2mJAI",
"text":"",
"mid":"A0El0A50H",
"date":"2013-07-18 23:07:26"
},
{
"kids":[],
"uid":"fbi911",
"parent":"A0DYh6Ybg",
"text":"要死啊，什么反动学历啊",
"mid":"A0El0kezk",
"date":"2013-07-18 23:07:26"
},
{
"kids":[],
"uid":"1752907202",
"parent":"A0Ef2mJAI",
"text":"[吃惊] 维稳学？",
"mid":"A0EkXEtJU",
"date":"2013-07-18 23:07:18"
},
{
"kids":[],
"uid":"2137726625",
"parent":"A0Ef2mJAI",
"text":"突然觉得瓮安人民很威武，很英勇",
"mid":"A0EkSBiNx",
"date":"2013-07-18 23:07:08"
},
{
"kids":[
"A0EBjud1j",
"A0ExBhX1j",
"A0EuRor2K",
"A0Eqgz2dY",
"A0Ep9DMlo",
"A0ElI77yK"
],
"uid":"928287150",
"parent":"A0Ej5xcZw",
"text":"",
"mid":"A0EkGdNmk",
"date":"2013-07-18 23:06:37"
},
{
"kids":[],
"uid":"zeromance",
"parent":"A0Ef2mJAI",
"text":"",
"mid":"A0EksARKV",
"date":"2013-07-18 23:06:05"
},
{
"kids":[],
"uid":"2050663812",
"parent":"",
"text":"[威武]",
"mid":"A0EkihsnZ",
"date":"2013-07-18 23:05:40"
},
{
"kids":[],
"uid":"1718976400",
"parent":"A0Ef2mJAI",
"text":"",
"mid":"A0EkdAfu6",
"date":"2013-07-18 23:05:29"
},
{
"kids":[],
"uid":"weifengyang",
"parent":"A0Ef2mJAI",
"text":"其中担任的残联副主席应该是最合适的一次，脑残也是残",
"mid":"A0Ek1bAgf",
"date":"2013-07-18 23:04:59"
},
{
"kids":[],
"uid":"1949506584",
"parent":"",
"text":"[吃惊]还有\"维稳\"专业？！真开眼了",
"mid":"A0EjTqOyL",
"date":"2013-07-18 23:04:40"
},
{
"kids":[
"A0KJcf2Bx"
],
"uid":"laojinlaiye",
"parent":"",
"text":"维稳学？谁创造的这门学问？",
"mid":"A0EjSyDpj",
"date":"2013-07-18 23:04:39"
},
{
"kids":[
"A0EFSATNo",
"A0EEu2ksN",
"A0En0oU47"
],
"uid":"2101256655",
"parent":"A0Ef2mJAI",
"text":"",
"mid":"A0EjNxcma",
"date":"2013-07-18 23:04:27"
},
{
"kids":[],
"uid":"weijinyisi",
"parent":"A0EfHoIud",
"text":"哈哈哈。应该还考过了官话四六级考试",
"mid":"A0EjLvvFc",
"date":"2013-07-18 23:04:19"
},
{
"kids":[],
"uid":"1401454285",
"parent":"A0Ef2mJAI",
"text":"专业人才办专业事",
"mid":"A0EjE4TXf",
"date":"2013-07-18 23:04:04"
},
{
"kids":[],
"uid":"yanyouzhi",
"parent":"A0EiTrfwa",
"text":"没，百度百科是人编的，别说改成维稳学，只要能通过审核，改成慰安学都没啥问题。公知们智商低也有无限粉丝降低智商光环？？",
"mid":"A0EjBpaa2",
"date":"2013-07-18 23:03:58"
},
{
"kids":[],
"uid":"jailkane",
"parent":"A0Ef2mJAI",
"text":"我勒个去",
"mid":"A0EjxBWMw",
"date":"2013-07-18 23:03:49"
},
{
"kids":[],
"uid":"1863615190",
"parent":"",
"text":"擦，我要考研",
"mid":"A0EjwpXxG",
"date":"2013-07-18 23:03:46"
},
{
"kids":[],
"uid":"2069181141",
"parent":"A0EgFryKJ",
"text":"维稳学硕士学位！！！",
"mid":"A0Ejt9QQC",
"date":"2013-07-18 23:03:39"
},
{
"kids":[
"A0FaQEe0b"
],
"uid":"hdf17869827",
"parent":"A0Ef2mJAI",
"text":"",
"mid":"A0Ejr80Mc",
"date":"2013-07-18 23:03:31"
},
{
"kids":[],
"uid":"2357156820",
"parent":"A0Ef2mJAI",
"text":"专业对口？",
"mid":"A0EjoaE5B",
"date":"2013-07-18 23:03:23"
},
{
"kids":[],
"uid":"1130954912",
"parent":"A0Ef2mJAI",
"text":"亮瞎眼啦",
"mid":"A0Ej95cwD",
"date":"2013-07-18 23:02:49"
},
{
"kids":[
"A0EBjud1j",
"A0ExBhX1j",
"A0EuRor2K",
"A0Eqgz2dY",
"A0Ep9DMlo",
"A0ElI77yK",
"A0EkGdNmk"
],
"uid":"206112318",
"parent":"A0EgD4Tof",
"text":"維穩學，請教方家哪所高校有此課程？",
"mid":"A0Ej5xcZw",
"date":"2013-07-18 23:02:43"
},
{
"kids":[
"A0EpSiBjF"
],
"uid":"3096312153",
"parent":"",
"text":"稳腚压倒一妾！",
"mid":"A0Ej4F3E7",
"date":"2013-07-18 23:02:36"
},
{
"kids":[],
"uid":"2621995713",
"parent":"A0Ef2mJAI",
"text":"谁信谁傻逼！！！！！！",
"mid":"A0Ej0tIxZ",
"date":"2013-07-18 23:02:30"
},
{
"kids":[],
"uid":"dxl613216",
"parent":"A0EgKt1Zq",
"text":"中国有个“维稳学”专业，这个专业应该面向全球招生，以便扩大专业的覆盖性，不能仅在大陆深藏武功。",
"mid":"A0EiZCu3F",
"date":"2013-07-18 23:02:25"
},
{
"kids":[
"A0EjBpaa2"
],
"uid":"zhaomq",
"parent":"A0Ef2mJAI",
"text":"其实，手中有枪有电棒的都可得维稳学硕士学位",
"mid":"A0EiTrfwa",
"date":"2013-07-18 23:02:13"
},
{
"kids":[],
"uid":"3355622062",
"parent":"A0Ef2mJAI",
"text":"",
"mid":"A0EiOoGWM",
"date":"2013-07-18 23:02:02"
},
{
"kids":[],
"uid":"1722877245",
"parent":"A0Ef2mJAI",
"text":"",
"mid":"A0EiIv3t4",
"date":"2013-07-18 23:01:48"
},
{
"kids":[
"A2gD05s3t",
"A2eZjs824",
"A1jTmqel7",
"A1cNOnt06",
"A1bYdoAi3"
],
"uid":"2825394650",
"parent":"A0Ef2mJAI",
"text":"",
"mid":"A0EiFwC8j",
"date":"2013-07-18 23:01:38"
},
{
"kids":[
"A0EUi8noT",
"A0ElJvoIf",
"A0Elql07v"
],
"uid":"529456816",
"parent":"A0Ef2mJAI",
"text":"哈哈哈，还有此门学科",
"mid":"A0EiEBtGl",
"date":"2013-07-18 23:01:39"
},
{
"kids":[],
"uid":"1498995527",
"parent":"A0Ef2mJAI",
"text":"[愤怒]",
"mid":"A0EiDrGFD",
"date":"2013-07-18 23:01:34"
},
{
"kids":[],
"uid":"zhangyugebaoluo",
"parent":"A0Ef2mJAI",
"text":"前无古人后无来者",
"mid":"A0EizkhWt",
"date":"2013-07-18 23:01:25"
},
{
"kids":[
"A0I0Hqn5o"
],
"uid":"lovetanjunworld",
"parent":"A0EgZv9UQ",
"text":"长见识了[吃惊]",
"mid":"A0Eitpzn8",
"date":"2013-07-18 23:01:09"
},
{
"kids":[],
"uid":"317497333",
"parent":"A0EgZv9UQ",
"text":"维稳原本就是门学问，只是没想到会这么具象。[汗]",
"mid":"A0EipA14g",
"date":"2013-07-18 23:01:02"
},
{
"kids":[
"A0I9cBT9Z"
],
"uid":"1829766894",
"parent":"A0Ef2mJAI",
"text":"我想知道维稳学的硕士生导师是个什么水平",
"mid":"A0Eip0NTY",
"date":"2013-07-18 23:01:00"
},
{
"kids":[],
"uid":"1657919634",
"parent":"A0Ef2mJAI",
"text":"维稳就是捆着你操。",
"mid":"A0EibpWUh",
"date":"2013-07-18 23:00:28"
},
{
"kids":[],
"uid":"1292923202",
"parent":"A0Ef2mJAI",
"text":"",
"mid":"A0Eib6cqo",
"date":"2013-07-18 23:00:25"
},
{
"kids":[],
"uid":"1711196397",
"parent":"A0Ef2mJAI",
"text":"以后可以派去俺家乡新疆当个一官半职的",
"mid":"A0Ei88Q66",
"date":"2013-07-18 23:00:20"
},
{
"kids":[],
"uid":"1831946892",
"parent":"A0Ef2mJAI",
"text":"",
"mid":"A0Ei7yi4I",
"date":"2013-07-18 23:00:16"
},
{
"kids":[],
"uid":"3198219427",
"parent":"A0DYh6Ybg",
"text":"",
"mid":"A0EhZxNsQ",
"date":"2013-07-18 23:00:00"
},
{
"kids":[],
"uid":"319408666",
"parent":"A0Ef2mJAI",
"text":"炫酷。",
"mid":"A0EhPwxf9",
"date":"2013-07-18 22:59:33"
},
{
"kids":[],
"uid":"tomtao318",
"parent":"A0Ef2mJAI",
"text":"",
"mid":"A0EhKaP3F",
"date":"2013-07-18 22:59:21"
},
{
"kids":[],
"uid":"xh520",
"parent":"A0Ef2mJAI",
"text":"",
"mid":"A0EhDpuYM",
"date":"2013-07-18 22:59:04"
},
{
"kids":[],
"uid":"2377536123",
"parent":"A0Ef2mJAI",
"text":"不是党员，能学维稳专业吗？",
"mid":"A0EhDmTGk",
"date":"2013-07-18 22:59:08"
},
{
"kids":[],
"uid":"wuge1967",
"parent":"A0Ef2mJAI",
"text":"对不起这是个误会",
"mid":"A0EhnqoHp",
"date":"2013-07-18 22:58:29"
},
{
"kids":[],
"uid":"1496911763",
"parent":"A0Egv64gy",
"text":"",
"mid":"A0Ehl3DT6",
"date":"2013-07-18 22:58:26"
},
{
"kids":[],
"uid":"1149006267",
"parent":"A0EgD4Tof",
"text":"",
"mid":"A0Ehhy8dR",
"date":"2013-07-18 22:58:12"
},
{
"kids":[],
"uid":"234516618",
"parent":"A0Ef2mJAI",
"text":"刚看到一个微博说是网友恶搞，我估计也有可能是钓鱼帖。维稳专业应该不会如此摇摆，不合常识啊，所以，大家还是不要当真了。",
"mid":"A0EhferXd",
"date":"2013-07-18 22:58:06"
},
{
"kids":[],
"uid":"1395186211",
"parent":"A0Ef2mJAI",
"text":"",
"mid":"A0EhbkOJD",
"date":"2013-07-18 22:57:58"
},
{
"kids":[],
"uid":"yjpts163",
"parent":"A0Ef2mJAI",
"text":"那个大学毕业的",
"mid":"A0Eh9gqP5",
"date":"2013-07-18 22:57:54"
},
{
"kids":[
"A0Eqh8boh"
],
"uid":"1990933795",
"parent":"A0E86u6qD",
"text":"",
"mid":"A0Eh7sSJ8",
"date":"2013-07-18 22:57:51"
},
{
"kids":[],
"uid":"1931641785",
"parent":"A0Ef2mJAI",
"text":"",
"mid":"A0Eh7ckZi",
"date":"2013-07-18 22:57:50"
},
{
"kids":[],
"uid":"1758638325",
"parent":"A0Ef2mJAI",
"text":"",
"mid":"A0Eh1hEyk",
"date":"2013-07-18 22:57:36"
},
{
"kids":[
"A0I0Hqn5o",
"A0EljgvZ4",
"A0Eitpzn8",
"A0EipA14g"
],
"uid":"1488799054",
"parent":"A0Ef2mJAI",
"text":"维稳也成了一门科学了？",
"mid":"A0EgZv9UQ",
"date":"2013-07-18 22:57:33"
},
{
"kids":[],
"uid":"2838668764",
"parent":"A0Ef2mJAI",
"text":"",
"mid":"A0EgRxEQ5",
"date":"2013-07-18 22:57:13"
},
{
"kids":[],
"uid":"2013827774",
"parent":"A0E86u6qD",
"text":"",
"mid":"A0EgQmNKg",
"date":"2013-07-18 22:57:09"
},
{
"kids":[],
"uid":"2138101535",
"parent":"",
"text":"维稳学。[吃惊]",
"mid":"A0EgQktBS",
"date":"2013-07-18 22:57:10"
},
{
"kids":[],
"uid":"1920329051",
"parent":"A0Ef2mJAI",
"text":"又一個中國土特產[吐]",
"mid":"A0EgQ3VD2",
"date":"2013-07-18 22:57:10"
},
{
"kids":[],
"uid":"1733109105",
"parent":"A0E163mu5",
"text":"死到临头的狗官一个",
"mid":"A0EgL1rbq",
"date":"2013-07-18 22:56:58"
},
{
"kids":[
"A0EiZCu3F"
],
"uid":"1955403297",
"parent":"A0Ef2mJAI",
"text":"膜拜",
"mid":"A0EgKt1Zq",
"date":"2013-07-18 22:56:56"
},
{
"kids":[],
"uid":"1978637773",
"parent":"A0Ef2mJAI",
"text":"[汗]",
"mid":"A0EgI7jrY",
"date":"2013-07-18 22:56:48"
},
{
"kids":[
"A0HSIf76E",
"A0Ejt9QQC"
],
"uid":"zh1yuan",
"parent":"",
"text":"",
"mid":"A0EgFryKJ",
"date":"2013-07-18 22:56:44"
},
{
"kids":[
"A0EBjud1j",
"A0ExBhX1j",
"A0EuRor2K",
"A0Eqgz2dY",
"A0Ep9DMlo",
"A0ElI77yK",
"A0EkGdNmk",
"A0Ej5xcZw",
"A0Ehhy8dR"
],
"uid":"wangzh999",
"parent":"A0Ef2mJAI",
"text":"哪个孙子大学开了维稳系？",
"mid":"A0EgD4Tof",
"date":"2013-07-18 22:56:36"
},
{
"kids":[],
"uid":"2133305680",
"parent":"A0Ef2mJAI",
"text":"",
"mid":"A0EgzehMC",
"date":"2013-07-18 22:56:30"
},
{
"kids":[],
"uid":"enhuiweiwei",
"parent":"A0Ef2mJAI",
"text":"专业对口",
"mid":"A0EgxsIYt",
"date":"2013-07-18 22:56:23"
},
{
"kids":[
"A0Ehl3DT6"
],
"uid":"2346492302",
"parent":"A0Ef2mJAI",
"text":"",
"mid":"A0Egv64gy",
"date":"2013-07-18 22:56:17"
},
{
"kids":[],
"uid":"justicexyz",
"parent":"A0Ef2mJAI",
"text":"",
"mid":"A0EgtyZf9",
"date":"2013-07-18 22:56:15"
},
{
"kids":[],
"uid":"1060208901",
"parent":"A0Ef2mJAI",
"text":"",
"mid":"A0EgqDNXb",
"date":"2013-07-18 22:56:07"
},
{
"kids":[],
"uid":"1184581331",
"parent":"A0Ef2mJAI",
"text":"[吃惊]",
"mid":"A0Eghs1gZ",
"date":"2013-07-18 22:55:45"
},
{
"kids":[],
"uid":"2728360950",
"parent":"A0Ef2mJAI",
"text":"",
"mid":"A0EghcvZ0",
"date":"2013-07-18 22:55:46"
},
{
"kids":[],
"uid":"2048671497",
"parent":"A0Ef2mJAI",
"text":"",
"mid":"A0EggjgEZ",
"date":"2013-07-18 22:55:44"
},
{
"kids":[],
"uid":"1589631800",
"parent":"A0Ef2mJAI",
"text":"都TM什么事啊",
"mid":"A0EgfnVnl",
"date":"2013-07-18 22:55:43"
},
{
"kids":[],
"uid":"208723555",
"parent":"",
"text":"维稳学估计一般人还学不到吧",
"mid":"A0Eg9uiHf",
"date":"2013-07-18 22:55:28"
},
{
"kids":[
"A0EjLvvFc"
],
"uid":"lizhekang",
"parent":"A0Ef2mJAI",
"text":"长见识了",
"mid":"A0EfHoIud",
"date":"2013-07-18 22:54:20"
},
{
"kids":[],
"uid":"1868447123",
"parent":"",
"text":"做过残联副主席？",
"mid":"A0EfGvtnC",
"date":"2013-07-18 22:54:20"
},
{
"kids":[],
"uid":"279859977",
"parent":"A0Ef2mJAI",
"text":"",
"mid":"A0EfF6T0z",
"date":"2013-07-18 22:54:16"
},
{
"kids":[],
"uid":"3238769751",
"parent":"A0DZLkZfI",
"text":"了不起，天下第一舔菊博士后。",
"mid":"A0EfA1A6C",
"date":"2013-07-18 22:54:02"
},
{
"kids":[],
"uid":"yiwenbuzhi",
"parent":"A0Ef2mJAI",
"text":"",
"mid":"A0Efyf5xy",
"date":"2013-07-18 22:53:57"
},
{
"kids":[],
"uid":"311148838",
"parent":"A0Ef2mJAI",
"text":"[蜡烛]",
"mid":"A0Efp8lQb",
"date":"2013-07-18 22:53:35"
},
{
"kids":[],
"uid":"1893695515",
"parent":"A0Ef2mJAI",
"text":"",
"mid":"A0EflwtGw",
"date":"2013-07-18 22:53:29"
},
{
"kids":[
"A2gD05s3t",
"A2eZjs824",
"A1mlcwlB9",
"A1kEtERnj",
"A1jTmqel7",
"A1eUjf6oa",
"A1cNOnt06",
"A1bYdoAi3",
"A1be0zAWR",
"A16x2dT4K",
"A12ysCvAW",
"A11Dh20Z1",
"A0IRRntFR",
"A0IKEhAit",
"A0IJEvleB",
"A0Irvhxm1",
"A0IlvyJO8",
"A0IivnXEK",
"A0IedtK5V",
"A0I9cBT9Z",
"A0I5JcEVS",
"A0I0Hqn5o",
"A0I0A3eqv",
"A0HP1ufb1",
"A0HEA6K7E",
"A0HCZm4jl",
"A0HAN9zoQ",
"A0HfLrGq7",
"A0HbLxoLb",
"A0GVK5WvV",
"A0FOPyv8Q",
"A0FJRC3J8",
"A0FbTmjD7",
"A0FaQEe0b",
"A0F4oyY5Z",
"A0EWSka1g",
"A0EUi8noT",
"A0ERTvB2k",
"A0EPKxST9",
"A0ENIkvBg",
"A0EIG4wEE",
"A0EIA6WQt",
"A0EHtfmCW",
"A0EFSATNo",
"A0EFOsGTG",
"A0EEu2ksN",
"A0ED5pZYg",
"A0EBjud1j",
"A0EyT7gdN",
"A0ExBhX1j",
"A0Ex7t4Q5",
"A0EvkCrtE",
"A0EuRor2K",
"A0Eum3Csl",
"A0EtmCaNW",
"A0EsWibyW",
"A0Esw1fH4",
"A0Esvowgm",
"A0EstnN0v",
"A0Es299me",
"A0EryzK6i",
"A0Era9JGl",
"A0Eqgz2dY",
"A0EpRa4uP",
"A0Ep9DMlo",
"A0EozDcVQ",
"A0EnWmh68",
"A0EnhyLKA",
"A0En0oU47",
"A0En08nkL",
"A0Em794wA",
"A0ElJvoIf",
"A0ElI77yK",
"A0Elql07v",
"A0EljgvZ4",
"A0El2FWOZ",
"A0El0A50H",
"A0EkXEtJU",
"A0EkSBiNx",
"A0EkGdNmk",
"A0EksARKV",
"A0EkdAfu6",
"A0Ek1bAgf",
"A0EjNxcma",
"A0EjLvvFc",
"A0EjE4TXf",
"A0EjBpaa2",
"A0EjxBWMw",
"A0Ejr80Mc",
"A0EjoaE5B",
"A0Ej95cwD",
"A0Ej5xcZw",
"A0Ej0tIxZ",
"A0EiZCu3F",
"A0EiTrfwa",
"A0EiOoGWM",
"A0EiIv3t4",
"A0EiFwC8j",
"A0EiEBtGl",
"A0EiDrGFD",
"A0EizkhWt",
"A0Eitpzn8",
"A0EipA14g",
"A0Eip0NTY",
"A0EibpWUh",
"A0Eib6cqo",
"A0Ei88Q66",
"A0Ei7yi4I",
"A0EhPwxf9",
"A0EhKaP3F",
"A0EhDpuYM",
"A0EhDmTGk",
"A0EhnqoHp",
"A0Ehl3DT6",
"A0Ehhy8dR",
"A0EhferXd",
"A0EhbkOJD",
"A0Eh9gqP5",
"A0Eh7ckZi",
"A0Eh1hEyk",
"A0EgZv9UQ",
"A0EgRxEQ5",
"A0EgQ3VD2",
"A0EgKt1Zq",
"A0EgI7jrY",
"A0EgD4Tof",
"A0EgzehMC",
"A0EgxsIYt",
"A0Egv64gy",
"A0EgtyZf9",
"A0EgqDNXb",
"A0Eghs1gZ",
"A0EghcvZ0",
"A0EggjgEZ",
"A0EgfnVnl",
"A0EfHoIud",
"A0EfF6T0z",
"A0Efyf5xy",
"A0Efp8lQb",
"A0EflwtGw"
],
"uid":"shendongjun",
"parent":"",
"text":"不知道“维稳学”是不是中国特有的专业？看来此县长业务水平不错，还是此专业的硕士学位。",
"mid":"A0Ef2mJAI",
"date":"2013-07-18 22:52:42"
},
{
"kids":[],
"uid":"1815024334",
"parent":"A0DZLkZfI",
"text":"",
"mid":"A0Ef2l4Vt",
"date":"2013-07-18 22:52:44"
},
{
"kids":[],
"uid":"2644915660",
"parent":"A0DZLkZfI",
"text":"这个人红了",
"mid":"A0EeumUPu",
"date":"2013-07-18 22:51:21"
},
{
"kids":[],
"uid":"cresting",
"parent":"",
"text":"[吃惊]维稳学硕士？",
"mid":"A0Eerr3T4",
"date":"2013-07-18 22:51:14"
},
{
"kids":[],
"uid":"1658549022",
"parent":"A0DZLkZfI",
"text":"维稳学硕士？[衰]",
"mid":"A0EeizMdQ",
"date":"2013-07-18 22:50:51"
},
{
"kids":[],
"uid":"yzhphoto",
"parent":"",
"text":"",
"mid":"A0EdFwU7u",
"date":"2013-07-18 22:49:21"
},
{
"kids":[],
"uid":"minna79s",
"parent":"A0DHpEVPh",
"text":"维稳学硕士[晕]",
"mid":"A0EbB2RW6",
"date":"2013-07-18 22:44:13"
},
{
"kids":[],
"uid":"3306752215",
"parent":"",
"text":"有了维稳学硕士学位'就等于握有了生杀大权[怒]",
"mid":"A0EbvEeMB",
"date":"2013-07-18 22:44:02"
},
{
"kids":[],
"uid":"312979666",
"parent":"",
"text":"",
"mid":"A0Eax9dAX",
"date":"2013-07-18 22:41:37"
},
{
"kids":[],
"uid":"3089306565",
"parent":"",
"text":"维稳你妈！",
"mid":"A0Eaa74JP",
"date":"2013-07-18 22:40:39"
},
{
"kids":[],
"uid":"1677469580",
"parent":"A0E86u6qD",
"text":"",
"mid":"A0Ea0jb6j",
"date":"2013-07-18 22:40:20"
},
{
"kids":[],
"uid":"3306752215",
"parent":"",
"text":"维稳硕士抢尸'[怒]",
"mid":"A0E9EqWh6",
"date":"2013-07-18 22:39:27"
},
{
"kids":[],
"uid":"1958272477",
"parent":"",
"text":"",
"mid":"A0E9lv0Gs",
"date":"2013-07-18 22:38:39"
},
{
"kids":[],
"uid":"1731739997",
"parent":"",
"text":"专 业 对 口 ， 学 以 致 用 。只 是 这 个 血 腥 让 人 挺 难 受 。。。",
"mid":"A0E8QcEmx",
"date":"2013-07-18 22:37:28"
},
{
"kids":[],
"uid":"3109912594",
"parent":"A0DOK7948",
"text":"",
"mid":"A0E8taB10",
"date":"2013-07-18 22:36:32"
},
{
"kids":[],
"uid":"2989199027",
"parent":"A0DYh6Ybg",
"text":"",
"mid":"A0E8sAR4l",
"date":"2013-07-18 22:36:31"
},
{
"kids":[],
"uid":"2045550565",
"parent":"",
"text":"",
"mid":"A0E8rEFRk",
"date":"2013-07-18 22:36:27"
},
{
"kids":[
"A0Eqh8boh",
"A0Eh7sSJ8",
"A0EgQmNKg",
"A0Ea0jb6j"
],
"uid":"1935569085",
"parent":"A0E3p6GP1",
"text":"开眼了。",
"mid":"A0E86u6qD",
"date":"2013-07-18 22:35:35"
},
{
"kids":[],
"uid":"1823777254",
"parent":"A0E3p6GP1",
"text":"长见识了",
"mid":"A0E7O4P6u",
"date":"2013-07-18 22:34:51"
},
{
"kids":[],
"uid":"2163424574",
"parent":"",
"text":"",
"mid":"A0E7G74Dh",
"date":"2013-07-18 22:34:35"
},
{
"kids":[
"A0Ew49ogK"
],
"uid":"3029632257",
"parent":"A0DZ9cpOi",
"text":"",
"mid":"A0E5VokTR",
"date":"2013-07-18 22:30:17"
},
{
"kids":[],
"uid":"2429815523",
"parent":"",
"text":"[吃惊]还有这学科呀？太他妈中国特色了。",
"mid":"A0E5ucULa",
"date":"2013-07-18 22:29:12"
},
{
"kids":[],
"uid":"2248277290",
"parent":"A0DGulUES",
"text":"",
"mid":"A0E5lC1m4",
"date":"2013-07-18 22:28:49"
},
{
"kids":[],
"uid":"3213674472",
"parent":"",
"text":"",
"mid":"A0E57pVJW",
"date":"2013-07-18 22:28:15"
},
{
"kids":[],
"uid":"2133813250",
"parent":"A0E3p6GP1",
"text":"长见识了",
"mid":"A0E532MZb",
"date":"2013-07-18 22:28:04"
},
{
"kids":[],
"uid":"williamweiqi",
"parent":"",
"text":"",
"mid":"A0E4alGTV",
"date":"2013-07-18 22:25:54"
},
{
"kids":[],
"uid":"1579511374",
"parent":"",
"text":"[din推撞]维稳学硕士[吃惊][晕]",
"mid":"A0E449mXv",
"date":"2013-07-18 22:25:41"
},
{
"kids":[
"A0Eqh8boh",
"A0Eh7sSJ8",
"A0EgQmNKg",
"A0Ea0jb6j",
"A0E86u6qD",
"A0E7O4P6u",
"A0E532MZb"
],
"uid":"1871823450",
"parent":"A0E163mu5",
"text":"必须佩服，不得不服，心悦诚服",
"mid":"A0E3p6GP1",
"date":"2013-07-18 22:24:02"
},
{
"kids":[],
"uid":"3093989917",
"parent":"",
"text":"什么玩艺儿！",
"mid":"A0E2nw0Tr",
"date":"2013-07-18 22:21:33"
},
{
"kids":[],
"uid":"laoliumang",
"parent":"A0DToeFIa",
"text":"中国特色学位。维稳学硕士！",
"mid":"A0E2jmNJf",
"date":"2013-07-18 22:21:21"
},
{
"kids":[
"A0Eqh8boh",
"A0Eh7sSJ8",
"A0EgQmNKg",
"A0EgL1rbq",
"A0Ea0jb6j",
"A0E86u6qD",
"A0E7O4P6u",
"A0E532MZb",
"A0E3p6GP1"
],
"uid":"2171005900",
"parent":"A0E0zvAZz",
"text":"真真是屠龙宝刀，宝刀屠龙，倚天不出，谁与争锋啊！",
"mid":"A0E163mu5",
"date":"2013-07-18 22:18:22"
},
{
"kids":[
"A59WDwH7u"
],
"uid":"1767913262",
"parent":"A0DZGA9Qa",
"text":"维稳学,.....",
"mid":"A0E15rIw4",
"date":"2013-07-18 22:18:21"
},
{
"kids":[
"A0Eqh8boh",
"A0Eh7sSJ8",
"A0EgQmNKg",
"A0EgL1rbq",
"A0Ea0jb6j",
"A0E86u6qD",
"A0E7O4P6u",
"A0E532MZb",
"A0E3p6GP1",
"A0E163mu5"
],
"uid":"2318868992",
"parent":"A0DGigUHn",
"text":"[晕]",
"mid":"A0E0zvAZz",
"date":"2013-07-18 22:17:05"
},
{
"kids":[],
"uid":"zhaobinbinbinbin",
"parent":"A0DPlDRap",
"text":"马列专业都已经够恐怖了，还有这个专业？",
"mid":"A0DZQBh8f",
"date":"2013-07-18 22:15:18"
},
{
"kids":[
"A0LREvqhg",
"A0JpPBlxc",
"A0Fedzo2F",
"A0F9Tz3kt",
"A0F6DabRf",
"A0F2Dx7Is",
"A0EX0yc5i",
"A0ESyAosP",
"A0EKKfXL4",
"A0EKDuCSu",
"A0EJo2uvx",
"A0EJg3Jf2",
"A0EIx9C6i",
"A0EHzrDWF",
"A0EHdhPi1",
"A0EGaB8sk",
"A0EFRn59p",
"A0EFP2Rs0",
"A0EFqcVs9",
"A0EEr2u4U",
"A0EDBi89A",
"A0EDzf9Ud",
"A0EDxdgyj",
"A0ECFqKmJ",
"A0EAqwPPv",
"A0EAgcjf6",
"A0Emzvd9m",
"A0EfA1A6C",
"A0Ef2l4Vt",
"A0EeumUPu",
"A0EeizMdQ"
],
"uid":"lord168",
"parent":"A0DYh6Ybg",
"text":"党校的吧？还是买假文凭被忽悠了？？？@袁裕来律师 @chensq0928 @王才亮律师 @后余万凯",
"mid":"A0DZLkZfI",
"date":"2013-07-18 22:15:03"
},
{
"kids":[
"A59WDwH7u",
"A0E15rIw4"
],
"uid":"2773674460",
"parent":"",
"text":"操，维稳学，天朝特色",
"mid":"A0DZGA9Qa",
"date":"2013-07-18 22:14:52"
},
{
"kids":[
"A0Ew49ogK",
"A0E5VokTR"
],
"uid":"2786512445",
"parent":"A0DXH6IrC",
"text":"",
"mid":"A0DZ9cpOi",
"date":"2013-07-18 22:13:31"
},
{
"kids":[],
"uid":"wangligui1",
"parent":"A0DYh6Ybg",
"text":"",
"mid":"A0DYX3XBO",
"date":"2013-07-18 22:13:06"
},
{
"kids":[],
"uid":"1464747672",
"parent":"",
"text":"",
"mid":"A0DYNDFxb",
"date":"2013-07-18 22:12:41"
},
{
"kids":[
"A0LREvqhg",
"A0JpPBlxc",
"A0Fedzo2F",
"A0F9Tz3kt",
"A0F6DabRf",
"A0F2Dx7Is",
"A0EX0yc5i",
"A0ESyAosP",
"A0EKKfXL4",
"A0EKDuCSu",
"A0EJo2uvx",
"A0EJg3Jf2",
"A0EIx9C6i",
"A0EHzrDWF",
"A0EHdhPi1",
"A0EGaB8sk",
"A0EFRn59p",
"A0EFP2Rs0",
"A0EFqcVs9",
"A0EEr2u4U",
"A0EDBi89A",
"A0EDzf9Ud",
"A0EDxdgyj",
"A0ECFqKmJ",
"A0EAqwPPv",
"A0EAgcjf6",
"A0Emzvd9m",
"A0El0kezk",
"A0EhZxNsQ",
"A0EfA1A6C",
"A0Ef2l4Vt",
"A0EeumUPu",
"A0EeizMdQ",
"A0E8sAR4l",
"A0DZLkZfI",
"A0DYX3XBO"
],
"uid":"3443722912",
"parent":"A0DVFaKoA",
"text":"出来混，早晚要还的！",
"mid":"A0DYh6Ybg",
"date":"2013-07-18 22:11:26"
},
{
"kids":[
"A0Ew49ogK",
"A0E5VokTR",
"A0DZ9cpOi"
],
"uid":"1863498791",
"parent":"A0DUtjRxj",
"text":"",
"mid":"A0DXH6IrC",
"date":"2013-07-18 22:09:57"
},
{
"kids":[],
"uid":"2511378857",
"parent":"",
"text":"此人调去新疆，可一展所学。在促进民族大团结时 大有作为.",
"mid":"A0DW9inqr",
"date":"2013-07-18 22:06:11"
},
{
"kids":[],
"uid":"3180838483",
"parent":"A0DUOgK9I",
"text":"林子大了什么鸟都有",
"mid":"A0DVUvFz2",
"date":"2013-07-18 22:05:37"
},
{
"kids":[
"A0LREvqhg",
"A0JpPBlxc",
"A0Fedzo2F",
"A0F9Tz3kt",
"A0F6DabRf",
"A0F2Dx7Is",
"A0EX0yc5i",
"A0ESyAosP",
"A0EKKfXL4",
"A0EKDuCSu",
"A0EJo2uvx",
"A0EJg3Jf2",
"A0EIx9C6i",
"A0EHzrDWF",
"A0EHdhPi1",
"A0EGaB8sk",
"A0EFRn59p",
"A0EFP2Rs0",
"A0EFqcVs9",
"A0EEr2u4U",
"A0EDBi89A",
"A0EDzf9Ud",
"A0EDxdgyj",
"A0ECFqKmJ",
"A0EAqwPPv",
"A0EAgcjf6",
"A0Emzvd9m",
"A0El0kezk",
"A0EhZxNsQ",
"A0EfA1A6C",
"A0Ef2l4Vt",
"A0EeumUPu",
"A0EeizMdQ",
"A0E8sAR4l",
"A0DZLkZfI",
"A0DYX3XBO",
"A0DYh6Ybg"
],
"uid":"2211328052",
"parent":"A0DCVD3xX",
"text":"[吃惊]",
"mid":"A0DVFaKoA",
"date":"2013-07-18 22:04:59"
},
{
"kids":[
"A0EmdmqYo"
],
"uid":"zacksbelief",
"parent":"A0DELmvwh",
"text":"维稳学。。。暴露党校课程了吧。。",
"mid":"A0DVxuFD4",
"date":"2013-07-18 22:04:40"
},
{
"kids":[
"A0DVUvFz2"
],
"uid":"2738339327",
"parent":"A0DQchEkb",
"text":"抢尸专业尖子生",
"mid":"A0DUOgK9I",
"date":"2013-07-18 22:02:53"
},
{
"kids":[],
"uid":"1826426737",
"parent":"",
"text":"[鄙视][鄙视][鄙视][鄙视]",
"mid":"A0DUub00g",
"date":"2013-07-18 22:02:05"
},
{
"kids":[
"A0Ew49ogK",
"A0E5VokTR",
"A0DZ9cpOi",
"A0DXH6IrC"
],
"uid":"1646701993",
"parent":"A0DT9sGmW",
"text":"难道贺七品从这里毕业？2009年上海高校维稳工作专题培训班总结http:",
"mid":"A0DUtjRxj",
"date":"2013-07-18 22:02:03"
},
{
"kids":[
"A0EvPmH0U"
],
"uid":"momoko13",
"parent":"A0DCVD3xX",
"text":"维稳学还硕士啊[晕][晕]",
"mid":"A0DUdlbF3",
"date":"2013-07-18 22:01:25"
},
{
"kids":[
"A0E2jmNJf"
],
"uid":"2205276042",
"parent":"",
"text":"差点亮瞎了双眼[衰]",
"mid":"A0DToeFIa",
"date":"2013-07-18 21:59:24"
},
{
"kids":[],
"uid":"lookhaiyan",
"parent":"A0DHTfuTv",
"text":"",
"mid":"A0DTjdeto",
"date":"2013-07-18 21:59:09"
},
{
"kids":[
"A0Ew49ogK",
"A0E5VokTR",
"A0DZ9cpOi",
"A0DXH6IrC",
"A0DUtjRxj"
],
"uid":"1646701993",
"parent":"A0DSyx3m8",
"text":"维稳学里开设抢尸课程吗？",
"mid":"A0DT9sGmW",
"date":"2013-07-18 21:58:47"
},
{
"kids":[
"A0Ew49ogK",
"A0E5VokTR",
"A0DZ9cpOi",
"A0DXH6IrC",
"A0DUtjRxj",
"A0DT9sGmW"
],
"uid":"1696081522",
"parent":"A0DMVgvM8",
"text":"维稳学硕士县长指挥警察在黎明前的黑暗中抢尸得手",
"mid":"A0DSyx3m8",
"date":"2013-07-18 21:57:20"
},
{
"kids":[],
"uid":"1094851941",
"parent":"A0DOmsq4a",
"text":"维稳学，太有中国特色了。",
"mid":"A0DStw7EW",
"date":"2013-07-18 21:57:09"
},
{
"kids":[],
"uid":"xyf008",
"parent":"",
"text":"",
"mid":"A0DS8cpRs",
"date":"2013-07-18 21:56:18"
},
{
"kids":[],
"uid":"1792153990",
"parent":"A0DMVgvM8",
"text":"竟然还有“维稳学硕士”，真TM开眼了~",
"mid":"A0DS5f4Ap",
"date":"2013-07-18 21:56:07"
},
{
"kids":[],
"uid":"2686690661",
"parent":"",
"text":"",
"mid":"A0DQMBdHu",
"date":"2013-07-18 21:52:58"
},
{
"kids":[],
"uid":"1646701993",
"parent":"",
"text":"维稳学？哦卖糕的，这是神学专业吗？",
"mid":"A0DQJkes6",
"date":"2013-07-18 21:52:50"
},
{
"kids":[
"A0DVUvFz2",
"A0DUOgK9I"
],
"uid":"206050571",
"parent":"A0DMguunR",
"text":"真長見識了！",
"mid":"A0DQchEkb",
"date":"2013-07-18 21:51:31"
},
{
"kids":[],
"uid":"1734255301",
"parent":"",
"text":"维稳学硕士学位。。。。。。不愧是天朝。",
"mid":"A0DQ91bVB",
"date":"2013-07-18 21:51:23"
},
{
"kids":[
"A0DZQBh8f"
],
"uid":"2981483064",
"parent":"A0DOK7948",
"text":"还有那专业",
"mid":"A0DPlDRap",
"date":"2013-07-18 21:49:26"
},
{
"kids":[],
"uid":"xj800",
"parent":"",
"text":"",
"mid":"A0DPe1aYx",
"date":"2013-07-18 21:49:04"
},
{
"kids":[
"A0E8taB10",
"A0DZQBh8f",
"A0DPlDRap"
],
"uid":"2118756593",
"parent":"A0DJcdq2C",
"text":"维死也难谢罪",
"mid":"A0DOK7948",
"date":"2013-07-18 21:47:55"
},
{
"kids":[],
"uid":"yeyah",
"parent":"",
"text":"还残联副主席，是致残联盟吧草",
"mid":"A0DOq3PPA",
"date":"2013-07-18 21:47:08"
},
{
"kids":[
"A0DStw7EW"
],
"uid":"2127561520",
"parent":"A0DEqF8b1",
"text":"[吃惊]",
"mid":"A0DOmsq4a",
"date":"2013-07-18 21:47:03"
},
{
"kids":[],
"uid":"1881730334",
"parent":"",
"text":"",
"mid":"A0DNjuyiz",
"date":"2013-07-18 21:44:25"
},
{
"kids":[
"A0EzF0bjq"
],
"uid":"333602623",
"parent":"",
"text":"",
"mid":"A0DN97ZZH",
"date":"2013-07-18 21:43:57"
},
{
"kids":[
"A0Ew49ogK",
"A0E5VokTR",
"A0DZ9cpOi",
"A0DXH6IrC",
"A0DUtjRxj",
"A0DT9sGmW",
"A0DSyx3m8",
"A0DS5f4Ap"
],
"uid":"1646701993",
"parent":"A0DJRxJtc",
"text":"维稳学硕士学位？？这有这专业？",
"mid":"A0DMVgvM8",
"date":"2013-07-18 21:43:25"
},
{
"kids":[],
"uid":"206001212",
"parent":"A0DJv67QI",
"text":"这维稳学是哪个院校哪个系的专业？求告知。[草泥马]",
"mid":"A0DMNfLB7",
"date":"2013-07-18 21:43:09"
},
{
"kids":[],
"uid":"2250256571",
"parent":"A0DGXAiAu",
"text":"只有火星才有的专业",
"mid":"A0DMABx2S",
"date":"2013-07-18 21:42:38"
},
{
"kids":[],
"uid":"ibasoccer",
"parent":"A0DI8jSua",
"text":"这SB没白学，维稳学的第一课，发生命案，第一时间夺下尸体，掩盖真实死因，迅速召开新闻发布会，务必做通家属工作，接受政府提出的补偿方案，第一时间宣布犯错误的人已经被控制调查，最终结果为：临时工，开除，追究法律处分！领导因处置得当，嘉奖，升迁！",
"mid":"A0DMquicR",
"date":"2013-07-18 21:42:15"
},
{
"kids":[
"A0DVUvFz2",
"A0DUOgK9I",
"A0DQchEkb"
],
"uid":"haibupin",
"parent":"",
"text":"特色中国，无奇不有。",
"mid":"A0DMguunR",
"date":"2013-07-18 21:41:50"
},
{
"kids":[
"A0EwqkSRd"
],
"uid":"2157808771",
"parent":"A0DJcdq2C",
"text":"难道这次行动是他们的毕业论文？估计能通过维稳学硕士学位答辩了。",
"mid":"A0DM3ucVQ",
"date":"2013-07-18 21:41:19"
},
{
"kids":[],
"uid":"hylalong",
"parent":"A0DCtwagi",
"text":"维稳学，我要学！！",
"mid":"A0DLOmUnD",
"date":"2013-07-18 21:40:41"
},
{
"kids":[],
"uid":"2379162520",
"parent":"",
"text":"开眼老[抓狂]",
"mid":"A0DLwCRHU",
"date":"2013-07-18 21:39:59"
},
{
"kids":[],
"uid":"kliuq",
"parent":"",
"text":"",
"mid":"A0DKsus5i",
"date":"2013-07-18 21:37:23"
},
{
"kids":[],
"uid":"2163962191",
"parent":"A0DHpEVPh",
"text":"",
"mid":"A0DKlmwLK",
"date":"2013-07-18 21:37:06"
},
{
"kids":[],
"uid":"1336328915",
"parent":"",
"text":"",
"mid":"A0DKarm91",
"date":"2013-07-18 21:36:39"
},
{
"kids":[
"A0Ew49ogK",
"A0E5VokTR",
"A0DZ9cpOi",
"A0DXH6IrC",
"A0DUtjRxj",
"A0DT9sGmW",
"A0DSyx3m8",
"A0DS5f4Ap",
"A0DMVgvM8"
],
"uid":"2242879434",
"parent":"A0DCVD3xX",
"text":"",
"mid":"A0DJRxJtc",
"date":"2013-07-18 21:35:56"
},
{
"kids":[],
"uid":"3620353881",
"parent":"A0DCVD3xX",
"text":"果然是学有专长的高才生，才艺空前绝后！求#维稳学#广大校友通报表扬！@香港在線@凤凰网@有报天天读@李承鹏",
"mid":"A0DJG2mg1",
"date":"2013-07-18 21:35:27"
},
{
"kids":[],
"uid":"zhangxintaofirst",
"parent":"A0DFPzwim",
"text":"恶心了西方的学位制度！",
"mid":"A0DJG18Ra",
"date":"2013-07-18 21:35:27"
},
{
"kids":[],
"uid":"1724302354",
"parent":"",
"text":"",
"mid":"A0DJyj1tU",
"date":"2013-07-18 21:35:09"
},
{
"kids":[],
"uid":"wildfires139",
"parent":"A0DCVD3xX",
"text":"亮了！头一次看到这样的专业，还是硕士，呵呵……",
"mid":"A0DJxadGq",
"date":"2013-07-18 21:35:04"
},
{
"kids":[
"A0DMNfLB7"
],
"uid":"yangcsh",
"parent":"A0DCVD3xX",
"text":"",
"mid":"A0DJv67QI",
"date":"2013-07-18 21:35:01"
},
{
"kids":[],
"uid":"1795458822",
"parent":"",
"text":"维稳专业抢尸是必修课吧？",
"mid":"A0DJmxWIX",
"date":"2013-07-18 21:34:38"
},
{
"kids":[
"A0EwqkSRd",
"A0E8taB10",
"A0DZQBh8f",
"A0DPlDRap",
"A0DOK7948",
"A0DM3ucVQ"
],
"uid":"1401538804",
"parent":"A0DDLD3yT",
"text":"维稳学？[汗]",
"mid":"A0DJcdq2C",
"date":"2013-07-18 21:34:15"
},
{
"kids":[],
"uid":"2274607125",
"parent":"",
"text":"维稳学博士毕业就该动炮了。",
"mid":"A0DIV2PBq",
"date":"2013-07-18 21:33:33"
},
{
"kids":[
"A0EqjtSNQ"
],
"uid":"2301645002",
"parent":"A0DFcvKN7",
"text":"",
"mid":"A0DISFHtz",
"date":"2013-07-18 21:33:29"
},
{
"kids":[
"A0DMquicR"
],
"uid":"52260228",
"parent":"",
"text":"",
"mid":"A0DI8jSua",
"date":"2013-07-18 21:31:39"
},
{
"kids":[
"A0DTjdeto"
],
"uid":"ncutianliang",
"parent":"A0DEqF8b1",
"text":"@章剑 的百度百科有点不够与时俱进了，@海盐发布 赶紧修改咯",
"mid":"A0DHTfuTv",
"date":"2013-07-18 21:31:02"
},
{
"kids":[],
"uid":"2717406355",
"parent":"",
"text":"",
"mid":"A0DHMqvFW",
"date":"2013-07-18 21:30:45"
},
{
"kids":[],
"uid":"sacaban",
"parent":"",
"text":"",
"mid":"A0DHBcKcP",
"date":"2013-07-18 21:30:18"
},
{
"kids":[],
"uid":"1784092742",
"parent":"A0DCVD3xX",
"text":"靠，维稳学？[吐]",
"mid":"A0DHzF9b8",
"date":"2013-07-18 21:30:18"
},
{
"kids":[],
"uid":"2610509610",
"parent":"A0DEqF8b1",
"text":"",
"mid":"A0DHygoVR",
"date":"2013-07-18 21:30:14"
},
{
"kids":[
"A0EbB2RW6",
"A0DKlmwLK"
],
"uid":"7dragon",
"parent":"A0DELmvwh",
"text":"百度百科似乎不代表什么",
"mid":"A0DHpEVPh",
"date":"2013-07-18 21:29:51"
},
{
"kids":[
"A0DMABx2S"
],
"uid":"ccr1000",
"parent":"",
"text":"维稳学硕士？真的有这个专业这种文凭？人民共和国为什么要维稳专业？",
"mid":"A0DGXAiAu",
"date":"2013-07-18 21:28:44"
},
{
"kids":[],
"uid":"1970350931",
"parent":"A0DCVD3xX",
"text":"",
"mid":"A0DGRFAWN",
"date":"2013-07-18 21:28:31"
},
{
"kids":[],
"uid":"yuhe212",
"parent":"",
"text":"河里冒泡，纯扯鸡巴蛋！哈哈！",
"mid":"A0DGzlRZh",
"date":"2013-07-18 21:27:46"
},
{
"kids":[],
"uid":"1931816114",
"parent":"A0DCVD3xX",
"text":"维稳学硕士学位，让这个词作为2013流行词！全世界绝无仅有！/@赵炎: 维稳学？啥时候冒出来的学科？",
"mid":"A0DGwowTm",
"date":"2013-07-18 21:27:41"
},
{
"kids":[
"A0E5lC1m4"
],
"uid":"1742281073",
"parent":"",
"text":"",
"mid":"A0DGulUES",
"date":"2013-07-18 21:27:36"
},
{
"kids":[],
"uid":"liuzhimu",
"parent":"",
"text":"维稳学硕士！[右哼哼]",
"mid":"A0DGu1TJ7",
"date":"2013-07-18 21:27:35"
},
{
"kids":[],
"uid":"2924278613",
"parent":"",
"text":"[吃惊]",
"mid":"A0DGsiLma",
"date":"2013-07-18 21:27:29"
},
{
"kids":[],
"uid":"1405666270",
"parent":"",
"text":"好幽默",
"mid":"A0DGnvzRT",
"date":"2013-07-18 21:27:21"
},
{
"kids":[
"A0Eqh8boh",
"A0Eh7sSJ8",
"A0EgQmNKg",
"A0EgL1rbq",
"A0Ea0jb6j",
"A0E86u6qD",
"A0E7O4P6u",
"A0E532MZb",
"A0E3p6GP1",
"A0E163mu5",
"A0E0zvAZz"
],
"uid":"1088443284",
"parent":"",
"text":"我和我的小伙伴们惊呆了。维稳学硕士必是经过长期理论+实践考验",
"mid":"A0DGigUHn",
"date":"2013-07-18 21:27:04"
},
{
"kids":[],
"uid":"nl1031",
"parent":"A0DFPzwim",
"text":"",
"mid":"A0DGh2CyB",
"date":"2013-07-18 21:27:05"
},
{
"kids":[],
"uid":"1881687222",
"parent":"A0DCVD3xX",
"text":"",
"mid":"A0DGe4luA",
"date":"2013-07-18 21:26:57"
},
{
"kids":[],
"uid":"3265266654",
"parent":"",
"text":"",
"mid":"A0DGc2AbH",
"date":"2013-07-18 21:26:51"
},
{
"kids":[],
"uid":"3121394212",
"parent":"",
"text":"回复@米噵:去要搞游击战学校[汗]",
"mid":"A0DGadLlc",
"date":"2013-07-18 21:26:48"
},
{
"kids":[],
"uid":"2245795712",
"parent":"",
"text":"",
"mid":"A0DG7AkGG",
"date":"2013-07-18 21:26:39"
},
{
"kids":[],
"uid":"hamburger659",
"parent":"A0DCVD3xX",
"text":"[偷笑]",
"mid":"A0DFZjUKF",
"date":"2013-07-18 21:26:20"
},
{
"kids":[],
"uid":"1854806027",
"parent":"",
"text":"",
"mid":"A0DFVr3GU",
"date":"2013-07-18 21:26:13"
},
{
"kids":[
"A0Eqqjgy8",
"A0DJG18Ra",
"A0DGh2CyB"
],
"uid":"linuxcelebrate",
"parent":"A0DELmvwh",
"text":"",
"mid":"A0DFPzwim",
"date":"2013-07-18 21:25:59"
},
{
"kids":[],
"uid":"3121394212",
"parent":"A0DFntTtV",
"text":"在职学习 尼玛 神马意思啊 [鄙视]",
"mid":"A0DFO3VyG",
"date":"2013-07-18 21:25:56"
},
{
"kids":[
"A0DFO3VyG"
],
"uid":"400820602",
"parent":"",
"text":"无耻的学位，哪所学校？@横hzg 你也搞一个去？",
"mid":"A0DFntTtV",
"date":"2013-07-18 21:24:51"
},
{
"kids":[],
"uid":"1089171951",
"parent":"",
"text":"这就是百度百科一文不值的地方。",
"mid":"A0DFekgZY",
"date":"2013-07-18 21:24:29"
},
{
"kids":[
"A0EqjtSNQ",
"A0DISFHtz"
],
"uid":"sealsbug",
"parent":"A0DEO2ffB",
"text":"维稳省长，牛逼！",
"mid":"A0DFcvKN7",
"date":"2013-07-18 21:24:25"
},
{
"kids":[],
"uid":"1666998472",
"parent":"",
"text":"[bm可爱]专业对口，适应社会。是不是要扩招？",
"mid":"A0DF2enPK",
"date":"2013-07-18 21:24:01"
},
{
"kids":[],
"uid":"1901271060",
"parent":"",
"text":"",
"mid":"A0DET5Auc",
"date":"2013-07-18 21:23:40"
},
{
"kids":[
"A0HVbyBbD",
"A0EqjtSNQ",
"A0DISFHtz",
"A0DFcvKN7"
],
"uid":"NWTBrandleathershop",
"parent":"A0DB4mnXi",
"text":"如果他做到省长，会死很多人的。[围观][偷乐]",
"mid":"A0DEO2ffB",
"date":"2013-07-18 21:23:28"
},
{
"kids":[
"A0Eqqjgy8",
"A0EmdmqYo",
"A0EbB2RW6",
"A0DVxuFD4",
"A0DKlmwLK",
"A0DJG18Ra",
"A0DHpEVPh",
"A0DGh2CyB",
"A0DFPzwim"
],
"uid":"timeflieslikeanarrow",
"parent":"A0DCtwagi",
"text":"",
"mid":"A0DELmvwh",
"date":"2013-07-18 21:23:20"
},
{
"kids":[],
"uid":"1901271060",
"parent":"",
"text":"[挖鼻屎][吐]",
"mid":"A0DELmvte",
"date":"2013-07-18 21:23:19"
},
{
"kids":[],
"uid":"junglejungle2009",
"parent":"",
"text":"好啊 维稳学这专业要火啦 诸位维稳大教授们 可以坐等发达啦",
"mid":"A0DEKskOT",
"date":"2013-07-18 21:23:19"
},
{
"kids":[],
"uid":"iyalan",
"parent":"A0DCVD3xX",
"text":"",
"mid":"A0DEGmUTi",
"date":"2013-07-18 21:23:07"
},
{
"kids":[],
"uid":"3116596275",
"parent":"",
"text":"回复@冬与翟:思想政治专业都有,维稳学想必也不令人吃惊",
"mid":"A0DEw0ByE",
"date":"2013-07-18 21:22:44"
},
{
"kids":[
"A0EFifPZd",
"A0DTjdeto",
"A0DStw7EW",
"A0DOmsq4a",
"A0DHTfuTv",
"A0DHygoVR"
],
"uid":"1456057050",
"parent":"",
"text":"“维稳学硕士学位”[怒骂]",
"mid":"A0DEqF8b1",
"date":"2013-07-18 21:22:32"
},
{
"kids":[],
"uid":"zhuanlun",
"parent":"A0DB4mnXi",
"text":"[挖鼻屎]",
"mid":"A0DE6ysYN",
"date":"2013-07-18 21:21:44"
},
{
"kids":[],
"uid":"2153425514",
"parent":"A0DCVD3xX",
"text":"",
"mid":"A0DDOzBIo",
"date":"2013-07-18 21:21:00"
},
{
"kids":[
"A0EwqkSRd",
"A0E8taB10",
"A0DZQBh8f",
"A0DPlDRap",
"A0DOK7948",
"A0DM3ucVQ",
"A0DJcdq2C"
],
"uid":"2826958355",
"parent":"",
"text":"闻所未闻！[吃惊]",
"mid":"A0DDLD3yT",
"date":"2013-07-18 21:20:54"
},
{
"kids":[],
"uid":"2270136165",
"parent":"",
"text":"",
"mid":"A0DDI3Ru5",
"date":"2013-07-18 21:20:44"
},
{
"kids":[],
"uid":"1715817595",
"parent":"",
"text":"草！还真有维稳学啊，妈的，早知道卡扎菲就开这门课了！[晕]",
"mid":"A0DDGjbYM",
"date":"2013-07-18 21:20:39"
},
{
"kids":[],
"uid":"2704774781",
"parent":"",
"text":"",
"mid":"A0DDD1vyL",
"date":"2013-07-18 21:20:30"
},
{
"kids":[],
"uid":"1210224550",
"parent":"",
"text":"",
"mid":"A0DDoxkKm",
"date":"2013-07-18 21:19:59"
},
{
"kids":[
"A0LREvqhg",
"A0JpPBlxc",
"A0I2tEkkn",
"A0Fedzo2F",
"A0F9Tz3kt",
"A0F6DabRf",
"A0F2Dx7Is",
"A0EX0yc5i",
"A0ESyAosP",
"A0ESlfWPd",
"A0EKKfXL4",
"A0EKDuCSu",
"A0EJo2uvx",
"A0EJg3Jf2",
"A0EIx9C6i",
"A0EHzrDWF",
"A0EHdhPi1",
"A0EGaB8sk",
"A0EFRn59p",
"A0EFP2Rs0",
"A0EFqcVs9",
"A0EEr2u4U",
"A0EDBi89A",
"A0EDzf9Ud",
"A0EDxdgyj",
"A0ECFqKmJ",
"A0EAqwPPv",
"A0EAgcjf6",
"A0EygmFL0",
"A0Ew49ogK",
"A0EvPmH0U",
"A0Emzvd9m",
"A0El0kezk",
"A0EhZxNsQ",
"A0EfA1A6C",
"A0Ef2l4Vt",
"A0EeumUPu",
"A0EeizMdQ",
"A0E8sAR4l",
"A0E5VokTR",
"A0DZLkZfI",
"A0DZ9cpOi",
"A0DYX3XBO",
"A0DYh6Ybg",
"A0DXH6IrC",
"A0DVFaKoA",
"A0DUtjRxj",
"A0DUdlbF3",
"A0DT9sGmW",
"A0DSyx3m8",
"A0DS5f4Ap",
"A0DMVgvM8",
"A0DMNfLB7",
"A0DJRxJtc",
"A0DJG2mg1",
"A0DJxadGq",
"A0DJv67QI",
"A0DHzF9b8",
"A0DGRFAWN",
"A0DGwowTm",
"A0DGe4luA",
"A0DFZjUKF",
"A0DEGmUTi",
"A0DDOzBIo"
],
"uid":"2073331775",
"parent":"",
"text":"今夏民怨多沸腾！党棍临时工太多！[哈哈]",
"mid":"A0DCVD3xX",
"date":"2013-07-18 21:18:50"
},
{
"kids":[],
"uid":"2001218407",
"parent":"",
"text":"",
"mid":"A0DCS6uwk",
"date":"2013-07-18 21:18:39"
},
{
"kids":[],
"uid":"520boboni",
"parent":"",
"text":"开眼了，外国肯定没有这专业，估计奥巴马也会派学者来学习来着。",
"mid":"A0DCFDzyM",
"date":"2013-07-18 21:18:10"
},
{
"kids":[],
"uid":"daikaka",
"parent":"",
"text":"百度在黑他吧[嘻嘻]",
"mid":"A0DCvkTXZ",
"date":"2013-07-18 21:17:48"
},
{
"kids":[
"A0Eqqjgy8",
"A0EmdmqYo",
"A0EbB2RW6",
"A0DVxuFD4",
"A0DLOmUnD",
"A0DKlmwLK",
"A0DJG18Ra",
"A0DHpEVPh",
"A0DGh2CyB",
"A0DFPzwim",
"A0DELmvwh"
],
"uid":"weidagang",
"parent":"",
"text":"",
"mid":"A0DCtwagi",
"date":"2013-07-18 21:17:42"
},
{
"kids":[],
"uid":"2049246993",
"parent":"",
"text":"",
"mid":"A0DCnllBo",
"date":"2013-07-18 21:17:26"
},
{
"kids":[],
"uid":"1668572701",
"parent":"",
"text":"维稳都出硕士了，可见市场需求何其大也",
"mid":"A0DCknZWt",
"date":"2013-07-18 21:17:21"
},
{
"kids":[],
"uid":"1452830535",
"parent":"",
"text":"维稳学硕士！？",
"mid":"A0DC8fA6O",
"date":"2013-07-18 21:16:52"
},
{
"kids":[],
"uid":"1883605277",
"parent":"",
"text":"",
"mid":"A0DBTsSLz",
"date":"2013-07-18 21:16:17"
},
{
"kids":[],
"uid":"1984815573",
"parent":"",
"text":"哪个学校设博士后流动站？",
"mid":"A0DBKjfRf",
"date":"2013-07-18 21:15:55"
},
{
"kids":[],
"uid":"coralas",
"parent":"",
"text":"！真有这个学位，国外承认吗？",
"mid":"A0DBk4b6p",
"date":"2013-07-18 21:14:52"
},
{
"kids":[],
"uid":"2951579683",
"parent":"",
"text":"",
"mid":"A0DB5xeBJ",
"date":"2013-07-18 21:14:17"
},
{
"kids":[
"A0HVbyBbD",
"A0EqjtSNQ",
"A0DISFHtz",
"A0DFcvKN7",
"A0DEO2ffB",
"A0DE6ysYN"
],
"uid":"sealsbug",
"parent":"",
"text":"堪比东方不败，宇宙第一。",
"mid":"A0DB4mnXi",
"date":"2013-07-18 21:14:15"
},
{
"kids":[],
"uid":"solofjz",
"parent":"",
"text":"",
"mid":"A0DAVsm8d",
"date":"2013-07-18 21:13:51"
}
]