[
{
"kids":[],
"uid":"2919648754",
"parent":"zebcuFTQm",
"text":"",
"mid":"zh9Zw1z7P",
"date":"2013-02-01 14:22:55"
},
{
"kids":[],
"uid":"2919866462",
"parent":"",
"text":"",
"mid":"zgnbQ4Y50",
"date":"2013-01-27 10:08:42"
},
{
"kids":[],
"uid":"2809512170",
"parent":"zeeDYz08t",
"text":"",
"mid":"zgi8hm2Kd",
"date":"2013-01-26 21:16:12"
},
{
"kids":[],
"uid":"2919311810",
"parent":"zeblO0FUk",
"text":"",
"mid":"zgh8l9eW1",
"date":"2013-01-26 18:43:33"
},
{
"kids":[],
"uid":"2247156033",
"parent":"zeg58mz2W",
"text":"好恶心，比起你们公司的女同志们怎么样？@呵呵末子",
"mid":"zgg4QseJy",
"date":"2013-01-26 16:02:15"
},
{
"kids":[],
"uid":"3170950873",
"parent":"",
"text":"",
"mid":"zgeHW0eLS",
"date":"2013-01-26 12:33:02"
},
{
"kids":[],
"uid":"2789955230",
"parent":"",
"text":"",
"mid":"zfUnBbFF8",
"date":"2013-01-24 08:48:01"
},
{
"kids":[],
"uid":"2810140532",
"parent":"zebSWioXZ",
"text":"",
"mid":"zfR2pyX8V",
"date":"2013-01-24 00:17:36"
},
{
"kids":[],
"uid":"2808381202",
"parent":"zebSWioXZ",
"text":"",
"mid":"zfPIVeU26",
"date":"2013-01-23 20:56:50"
},
{
"kids":[],
"uid":"1560979307",
"parent":"",
"text":"",
"mid":"zfNzCAJae",
"date":"2013-01-23 15:28:24"
},
{
"kids":[],
"uid":"2804486712",
"parent":"zeblOAHOq",
"text":"",
"mid":"zfIYO0WZr",
"date":"2013-01-23 03:46:43"
},
{
"kids":[],
"uid":"2919980854",
"parent":"zeblOAHOq",
"text":"",
"mid":"zfBmvCk4u",
"date":"2013-01-22 08:23:08"
},
{
"kids":[],
"uid":"2909734767",
"parent":"",
"text":"",
"mid":"zfy6yuEPx",
"date":"2013-01-22 00:05:35"
},
{
"kids":[],
"uid":"2413454294",
"parent":"",
"text":"这。。小日本。。。受不了了。",
"mid":"zfsI3D5Ue",
"date":"2013-01-21 10:21:31"
},
{
"kids":[],
"uid":"1743724012",
"parent":"",
"text":"@辛未丙申丁丑子",
"mid":"zfsBQBjbF",
"date":"2013-01-21 10:06:13"
},
{
"kids":[],
"uid":"2808895055",
"parent":"",
"text":"fvck！！！",
"mid":"zfobDf3ci",
"date":"2013-01-20 22:50:38"
},
{
"kids":[],
"uid":"woshixiaosese",
"parent":"",
"text":"",
"mid":"zfnJDv0jL",
"date":"2013-01-20 21:41:38"
},
{
"kids":[],
"uid":"2919958220",
"parent":"",
"text":"",
"mid":"zfgsNFdGU",
"date":"2013-01-20 03:10:58"
},
{
"kids":[],
"uid":"2803640882",
"parent":"",
"text":"",
"mid":"zfekRzLri",
"date":"2013-01-19 21:45:55"
},
{
"kids":[],
"uid":"2789752190",
"parent":"zeg2Xo3tL",
"text":"",
"mid":"zfb9p36Y4",
"date":"2013-01-19 13:39:25"
},
{
"kids":[],
"uid":"2803764030",
"parent":"",
"text":"",
"mid":"zf8OcAvdq",
"date":"2013-01-19 07:41:42"
},
{
"kids":[],
"uid":"2919928614",
"parent":"",
"text":"",
"mid":"zf4A6AD5J",
"date":"2013-01-18 20:55:59"
},
{
"kids":[],
"uid":"2919920062",
"parent":"",
"text":"",
"mid":"zf03CAhlC",
"date":"2013-01-18 09:24:59"
},
{
"kids":[],
"uid":"2919839570",
"parent":"zeehsFwrt",
"text":"",
"mid":"zeYCCz8EO",
"date":"2013-01-18 05:45:43"
},
{
"kids":[],
"uid":"2919862634",
"parent":"",
"text":"",
"mid":"zeWMalmq8",
"date":"2013-01-18 01:03:43"
},
{
"kids":[],
"uid":"2919262850",
"parent":"zeehsFwrt",
"text":"",
"mid":"zeR2W7Kbd",
"date":"2013-01-17 10:28:34"
},
{
"kids":[],
"uid":"2802865030",
"parent":"",
"text":"",
"mid":"zeP9aw16z",
"date":"2013-01-17 05:38:26"
},
{
"kids":[],
"uid":"1583238834",
"parent":"zeblOAHOq",
"text":"",
"mid":"zeOAg38zE",
"date":"2013-01-17 04:12:25"
},
{
"kids":[],
"uid":"2789970094",
"parent":"",
"text":"",
"mid":"zeOhF2pNc",
"date":"2013-01-17 03:26:36"
},
{
"kids":[],
"uid":"2920187374",
"parent":"zeblOAHOq",
"text":"",
"mid":"zeK0maTE6",
"date":"2013-01-16 16:32:58"
},
{
"kids":[],
"uid":"2809085652",
"parent":"",
"text":"",
"mid":"zeHkBgxf0",
"date":"2013-01-16 09:44:37"
},
{
"kids":[],
"uid":"1584030580",
"parent":"zej0X57PX",
"text":"",
"mid":"zeG1DrJSO",
"date":"2013-01-16 06:25:09"
},
{
"kids":[],
"uid":"1778359257",
"parent":"zebeJeyAt",
"text":"",
"mid":"zeEr72N47",
"date":"2013-01-16 02:22:24"
},
{
"kids":[],
"uid":"2168494393",
"parent":"",
"text":"",
"mid":"zeAAsxdji",
"date":"2013-01-15 16:34:27"
},
{
"kids":[],
"uid":"2919981530",
"parent":"zejUqBgEc",
"text":"",
"mid":"zevhRgTKD",
"date":"2013-01-15 03:04:53"
},
{
"kids":[],
"uid":"1778174512",
"parent":"zebeJeyAt",
"text":"",
"mid":"zev8E6d6m",
"date":"2013-01-15 02:42:12"
},
{
"kids":[],
"uid":"2920195454",
"parent":"",
"text":"",
"mid":"zeuvff9dx",
"date":"2013-01-15 01:05:08"
},
{
"kids":[],
"uid":"2407413120",
"parent":"",
"text":"原来我们的便便在日本那么昂贵[偷笑][偷笑][偷笑]",
"mid":"zetYgbPSC",
"date":"2013-01-14 23:43:52"
},
{
"kids":[],
"uid":"rongxiaoduo",
"parent":"",
"text":"好多天都不想吃饭了，日本人的爱好真是是特殊~",
"mid":"zesgis5pm",
"date":"2013-01-14 19:22:48"
},
{
"kids":[],
"uid":"2814346180",
"parent":"",
"text":"转发微博。",
"mid":"zeqrW05P9",
"date":"2013-01-14 14:45:56"
},
{
"kids":[],
"uid":"2920084632",
"parent":"zehMyDpMD",
"text":"",
"mid":"zeq8R6f5A",
"date":"2013-01-14 13:58:59"
},
{
"kids":[],
"uid":"2163298224",
"parent":"zebcGqbVv",
"text":"垃圾民族",
"mid":"zepYHoQI6",
"date":"2013-01-14 13:33:57"
},
{
"kids":[],
"uid":"3049716085",
"parent":"",
"text":"奥尔良啊",
"mid":"zepOV3QQ7",
"date":"2013-01-14 13:09:52"
},
{
"kids":[],
"uid":"1876185480",
"parent":"",
"text":"咳咳,唔该Pay attention,人家的是吃屎你说的是食屎,不同的啊亲",
"mid":"zeptxvJ03",
"date":"2013-01-14 12:17:11"
},
{
"kids":[],
"uid":"2809723682",
"parent":"zebdfhSHm",
"text":"",
"mid":"zeoZSjQoo",
"date":"2013-01-14 11:04:07"
},
{
"kids":[],
"uid":"2803217052",
"parent":"zejUqBgEc",
"text":"",
"mid":"zeoC7zV9S",
"date":"2013-01-14 10:05:35"
},
{
"kids":[],
"uid":"2984021367",
"parent":"",
"text":"",
"mid":"zeolRF35H",
"date":"2013-01-14 09:25:32"
},
{
"kids":[],
"uid":"2810416964",
"parent":"zebSWioXZ",
"text":"",
"mid":"zeod83GqR",
"date":"2013-01-14 09:04:01"
},
{
"kids":[],
"uid":"2919454674",
"parent":"zebgCtZP9",
"text":"",
"mid":"zeoa1mJd6",
"date":"2013-01-14 08:56:21"
},
{
"kids":[],
"uid":"2789906002",
"parent":"zeblO0FUk",
"text":"",
"mid":"zeo8BkR6O",
"date":"2013-01-14 08:52:51"
},
{
"kids":[],
"uid":"2920420532",
"parent":"",
"text":"",
"mid":"zeo2kbgvE",
"date":"2013-01-14 08:37:23"
},
{
"kids":[],
"uid":"2732130731",
"parent":"",
"text":"终于有人吃屎了    以后就可以说日本人脑壳有屎了",
"mid":"zeo1ucLw3",
"date":"2013-01-14 08:35:20"
},
{
"kids":[],
"uid":"2919445262",
"parent":"",
"text":"",
"mid":"zelZaroHL",
"date":"2013-01-14 03:24:08"
},
{
"kids":[],
"uid":"1777549360",
"parent":"zefAzlBhS",
"text":"",
"mid":"zelGGvPBE",
"date":"2013-01-14 02:38:35"
},
{
"kids":[],
"uid":"1582616065",
"parent":"zec9MAqiX",
"text":"",
"mid":"zel4fmZFU",
"date":"2013-01-14 01:03:54"
},
{
"kids":[],
"uid":"3060776293",
"parent":"zebG7pXr2",
"text":"[生病]",
"mid":"zel23tWda",
"date":"2013-01-14 00:58:28"
},
{
"kids":[],
"uid":"2282852124",
"parent":"",
"text":"转发微博。",
"mid":"zekPUvffo",
"date":"2013-01-14 00:28:36"
},
{
"kids":[],
"uid":"2886312704",
"parent":"zekceitpB",
"text":"日本人真他妈变态！",
"mid":"zekgq3eqV",
"date":"2013-01-13 23:01:06"
},
{
"kids":[
"zekgq3eqV"
],
"uid":"lijun1314vip",
"parent":"",
"text":"@徐雅荟 你口味太重了[哼]",
"mid":"zekceitpB",
"date":"2013-01-13 22:50:47"
},
{
"kids":[],
"uid":"2143450631",
"parent":"zejUqBgEc",
"text":"本子出道了",
"mid":"zejWuzRI7",
"date":"2013-01-13 22:12:03"
},
{
"kids":[
"zevhRgTKD",
"zeoC7zV9S",
"zejWuzRI7"
],
"uid":"2988554321",
"parent":"zebK3ciRv",
"text":"[吐]口味是你重",
"mid":"zejUqBgEc",
"date":"2013-01-13 22:06:55"
},
{
"kids":[],
"uid":"lairuihuang",
"parent":"zebqa7tRk",
"text":"@The0Love",
"mid":"zejSt8PbP",
"date":"2013-01-13 22:02:05"
},
{
"kids":[],
"uid":"2647191090",
"parent":"",
"text":"",
"mid":"zejPZdo9p",
"date":"2013-01-13 21:55:58"
},
{
"kids":[],
"uid":"2784372647",
"parent":"",
"text":"转发微博。",
"mid":"zejm3cSQY",
"date":"2013-01-13 20:42:14"
},
{
"kids":[],
"uid":"2587024391",
"parent":"zehR0EcrX",
"text":"鬼子菜就是淫荡。[弱]",
"mid":"zeji0lOR8",
"date":"2013-01-13 20:32:16"
},
{
"kids":[],
"uid":"1251495820",
"parent":"zeexv2wHe",
"text":"要吐了[生病]",
"mid":"zej1zw13u",
"date":"2013-01-13 19:51:48"
},
{
"kids":[
"zeG1DrJSO"
],
"uid":"2123984712",
"parent":"",
"text":"逆天了",
"mid":"zej0X57PX",
"date":"2013-01-13 19:50:17"
},
{
"kids":[],
"uid":"1457966773",
"parent":"zeheDCnuw",
"text":"神呀！",
"mid":"zej06b8iA",
"date":"2013-01-13 19:48:09"
},
{
"kids":[],
"uid":"1748370224",
"parent":"zebfbyJFq",
"text":"2013.1.13 今日分享之食物篇 有句话叫做“好奇害死猫”[熊猫]请问万能的淘宝有卖吗？我能看到买家评价吗？",
"mid":"zeiTmmp7i",
"date":"2013-01-13 19:31:35"
},
{
"kids":[],
"uid":"2675819691",
"parent":"",
"text":"日本变态国！！！！！！！！！！！！！！！！！！！",
"mid":"zeiDIf62s",
"date":"2013-01-13 18:52:59"
},
{
"kids":[],
"uid":"2963735792",
"parent":"zehPi0rXQ",
"text":"",
"mid":"zeilmjki3",
"date":"2013-01-13 18:07:49"
},
{
"kids":[],
"uid":"2703283110",
"parent":"",
"text":"",
"mid":"zeicOtzMm",
"date":"2013-01-13 17:46:46"
},
{
"kids":[],
"uid":"2483464942",
"parent":"",
"text":"",
"mid":"zei01ELGt",
"date":"2013-01-13 17:15:15"
},
{
"kids":[],
"uid":"2640675675",
"parent":"zehYkwk7H",
"text":"@Mxxxxxxl",
"mid":"zehZb6jQR",
"date":"2013-01-13 17:13:10"
},
{
"kids":[
"zehZb6jQR"
],
"uid":"2756817310",
"parent":"",
"text":"[生病][吐]",
"mid":"zehYkwk7H",
"date":"2013-01-13 17:11:05"
},
{
"kids":[],
"uid":"2650859973",
"parent":"zegM24SOQ",
"text":"一定要去品尝一下",
"mid":"zehRxsvCz",
"date":"2013-01-13 16:54:21"
},
{
"kids":[
"zeji0lOR8"
],
"uid":"3119832401",
"parent":"zehPi0rXQ",
"text":"",
"mid":"zehR0EcrX",
"date":"2013-01-13 16:53:01"
},
{
"kids":[
"zeilmjki3",
"zehR0EcrX"
],
"uid":"2768873077",
"parent":"",
"text":"",
"mid":"zehPi0rXQ",
"date":"2013-01-13 16:48:47"
},
{
"kids":[
"zeq8R6f5A"
],
"uid":"2827853627",
"parent":"",
"text":"这个怎么破？",
"mid":"zehMyDpMD",
"date":"2013-01-13 16:42:03"
},
{
"kids":[],
"uid":"2919435417",
"parent":"",
"text":"前段时间日本不是发明了把屎转化为牛肉味吗？现在吃屎变成了日本餐桌上的必备菜啦，还真不愧是日本，恶心[围观]亲，你们要试试吗?",
"mid":"zehLZdo1X",
"date":"2013-01-13 16:40:40"
},
{
"kids":[],
"uid":"jackie82zhu",
"parent":"zeheDCnuw",
"text":"瞎扯淡呢吧",
"mid":"zehIpg7kT",
"date":"2013-01-13 16:31:51"
},
{
"kids":[],
"uid":"2701573712",
"parent":"",
"text":"",
"mid":"zehAiCHNr",
"date":"2013-01-13 16:11:53"
},
{
"kids":[],
"uid":"ctting0621",
"parent":"",
"text":"",
"mid":"zehrW1PMc",
"date":"2013-01-13 15:51:16"
},
{
"kids":[],
"uid":"pauline530081324",
"parent":"",
"text":"[吐] 日本人吃屎",
"mid":"zehqHcWIz",
"date":"2013-01-13 15:48:11"
},
{
"kids":[],
"uid":"2753286481",
"parent":"",
"text":"转发微博。",
"mid":"zehqipPbU",
"date":"2013-01-13 15:47:14"
},
{
"kids":[],
"uid":"3144163933",
"parent":"",
"text":"[生病][黑线]太恶心啦！",
"mid":"zehlvpJSB",
"date":"2013-01-13 15:35:26"
},
{
"kids":[],
"uid":"2143370717",
"parent":"",
"text":"小日本太变态",
"mid":"zehhX15Zr",
"date":"2013-01-13 15:26:40"
},
{
"kids":[],
"uid":"2563732652",
"parent":"",
"text":"@Y__曾奕真 我跟你讲过的呀！等姐赚钱了带你去吃，看着你吃的喔",
"mid":"zehfB1hLf",
"date":"2013-01-13 15:20:52"
},
{
"kids":[
"zej06b8iA",
"zehIpg7kT"
],
"uid":"1668658433",
"parent":"zehccCznO",
"text":"求真相！",
"mid":"zeheDCnuw",
"date":"2013-01-13 15:18:29"
},
{
"kids":[],
"uid":"2876791817",
"parent":"",
"text":"日本人就应该吃屎!",
"mid":"zehcwoLO0",
"date":"2013-01-13 15:13:18"
},
{
"kids":[
"zeheDCnuw"
],
"uid":"1820426563",
"parent":"zebO6jOyV",
"text":"真的假的",
"mid":"zehccCznO",
"date":"2013-01-13 15:12:31"
},
{
"kids":[],
"uid":"2870878612",
"parent":"",
"text":"晕！",
"mid":"zehaHi1O8",
"date":"2013-01-13 15:08:46"
},
{
"kids":[],
"uid":"1071313927",
"parent":"",
"text":"",
"mid":"zeh7hnKeu",
"date":"2013-01-13 15:00:23"
},
{
"kids":[],
"uid":"2101518571",
"parent":"",
"text":"",
"mid":"zeh4hfhrU",
"date":"2013-01-13 14:52:59"
},
{
"kids":[],
"uid":"1391416931",
"parent":"zegM24SOQ",
"text":"[吐]不愧是变态民族[吐]",
"mid":"zeh2nCYqt",
"date":"2013-01-13 14:48:19"
},
{
"kids":[],
"uid":"2874821410",
"parent":"",
"text":"",
"mid":"zeh0e3Xyx",
"date":"2013-01-13 14:42:59"
},
{
"kids":[],
"uid":"2140792197",
"parent":"zebhxeocU",
"text":"你真恶心。。",
"mid":"zegYhwdJo",
"date":"2013-01-13 14:38:13"
},
{
"kids":[],
"uid":"2810752030",
"parent":"zebecEtnn",
"text":"",
"mid":"zegP92Tmv",
"date":"2013-01-13 14:15:43"
},
{
"kids":[
"zehRxsvCz",
"zeh2nCYqt"
],
"uid":"joey5969",
"parent":"",
"text":"好恶心....[吐][吐]@灰灰UFO @盈芊天使",
"mid":"zegM24SOQ",
"date":"2013-01-13 14:08:02"
},
{
"kids":[],
"uid":"2353603445",
"parent":"zeeDUqQ7b",
"text":"[生病]",
"mid":"zegIRBqR7",
"date":"2013-01-13 14:00:14"
},
{
"kids":[],
"uid":"2103718423",
"parent":"",
"text":"太特么的恶心了嘛，真不愧是日本人啊",
"mid":"zegHmtEVV",
"date":"2013-01-13 13:56:31"
},
{
"kids":[],
"uid":"3005959733",
"parent":"",
"text":"萝卜头吃屎啊",
"mid":"zegByz0gU",
"date":"2013-01-13 13:42:15"
},
{
"kids":[],
"uid":"2265378064",
"parent":"",
"text":"",
"mid":"zegzcjRFf",
"date":"2013-01-13 13:36:26"
},
{
"kids":[],
"uid":"2264512744",
"parent":"",
"text":"",
"mid":"zegyL8JHE",
"date":"2013-01-13 13:35:19"
},
{
"kids":[],
"uid":"2661381611",
"parent":"",
"text":"日本人的品味……",
"mid":"zegunziic",
"date":"2013-01-13 13:24:33"
},
{
"kids":[],
"uid":"2659256021",
"parent":"",
"text":"很难想像，有人会吃",
"mid":"zegt9kVvO",
"date":"2013-01-13 13:21:31"
},
{
"kids":[],
"uid":"1578541322",
"parent":"",
"text":"变态。。[晕][晕]",
"mid":"zegjOuiZv",
"date":"2013-01-13 12:58:31"
},
{
"kids":[],
"uid":"2808575380",
"parent":"zeg8IzKTS",
"text":"哈哈 就是想请你吃",
"mid":"zegbTEIn1",
"date":"2013-01-13 12:38:59"
},
{
"kids":[],
"uid":"2691571777",
"parent":"",
"text":"[衰]",
"mid":"zeg8S3pPy",
"date":"2013-01-13 12:31:33"
},
{
"kids":[
"zegbTEIn1"
],
"uid":"3034674554",
"parent":"zebnh3Tz6",
"text":"看倒斗恶心完了",
"mid":"zeg8IzKTS",
"date":"2013-01-13 12:31:11"
},
{
"kids":[],
"uid":"2217216324",
"parent":"zefrrdpQR",
"text":"你去食米岩嗮咯~快D去啦",
"mid":"zeg8roHB8",
"date":"2013-01-13 12:30:30"
},
{
"kids":[],
"uid":"3199422175",
"parent":"",
"text":"[吐][吐][吐][吐][吐][吐]",
"mid":"zeg7wqi3f",
"date":"2013-01-13 12:28:14"
},
{
"kids":[
"zgg4QseJy"
],
"uid":"2297442010",
"parent":"zefiisHon",
"text":"想吐了",
"mid":"zeg58mz2W",
"date":"2013-01-13 12:22:21"
},
{
"kids":[],
"uid":"3134902457",
"parent":"",
"text":"前段时间日本不是发明了把屎转化为牛肉味吗？现在吃屎变成了日本餐桌上的必备菜啦，还真不愧是日本，恶心[围观]",
"mid":"zeg4byVnq",
"date":"2013-01-13 12:20:01"
},
{
"kids":[],
"uid":"1873527740",
"parent":"",
"text":"日本人真是变态………[生病][生病]",
"mid":"zeg3Zt8PB",
"date":"2013-01-13 12:19:32"
},
{
"kids":[
"zfb9p36Y4"
],
"uid":"2793907567",
"parent":"",
"text":"",
"mid":"zeg2Xo3tL",
"date":"2013-01-13 12:16:57"
},
{
"kids":[],
"uid":"3196437003",
"parent":"",
"text":"趁着午饭来一发！",
"mid":"zefZVoU1g",
"date":"2013-01-13 12:09:31"
},
{
"kids":[],
"uid":"1443128215",
"parent":"zeeC3tNcj",
"text":"应该作为日本人的主食推广",
"mid":"zefZ8lqZp",
"date":"2013-01-13 12:07:33"
},
{
"kids":[],
"uid":"2471574373",
"parent":"zebBsqGCu",
"text":"[吃惊]",
"mid":"zefWybVsU",
"date":"2013-01-13 12:01:12"
},
{
"kids":[],
"uid":"2308191445",
"parent":"",
"text":"我觉得挺合你们胃口的[吐][吐][吐]@-珊哥想过个温暖冬日丶 @陈陈陈佳静无敌 @王木木Susie @叶小大大",
"mid":"zefN271Ha",
"date":"2013-01-13 11:37:45"
},
{
"kids":[],
"uid":"cashdiy",
"parent":"",
"text":"妈逼……",
"mid":"zefKWDXzF",
"date":"2013-01-13 11:32:37"
},
{
"kids":[],
"uid":"zangfurong",
"parent":"",
"text":"岛国强大。",
"mid":"zefKjDxmS",
"date":"2013-01-13 11:31:03"
},
{
"kids":[],
"uid":"2214112967",
"parent":"zeePQmwcP",
"text":"非常反胃[生病]",
"mid":"zefIJxMqY",
"date":"2013-01-13 11:27:10"
},
{
"kids":[],
"uid":"1638124671",
"parent":"",
"text":"",
"mid":"zefIImVSj",
"date":"2013-01-13 11:27:07"
},
{
"kids":[],
"uid":"1862321875",
"parent":"",
"text":"小日本要亡了[笑哈哈]",
"mid":"zefFNxfBA",
"date":"2013-01-13 11:19:55"
},
{
"kids":[
"zelGGvPBE"
],
"uid":"1215105703",
"parent":"",
"text":"[衰][吐]",
"mid":"zefAzlBhS",
"date":"2013-01-13 11:07:02"
},
{
"kids":[],
"uid":"2809592830",
"parent":"zebctrdz5",
"text":"",
"mid":"zefvR7iGp",
"date":"2013-01-13 10:55:26"
},
{
"kids":[],
"uid":"13102723",
"parent":"",
"text":"这尼玛的毁三观毁童年![生病]",
"mid":"zefuWq067",
"date":"2013-01-13 10:53:11"
},
{
"kids":[],
"uid":"1854181977",
"parent":"",
"text":"",
"mid":"zefuSxK3d",
"date":"2013-01-13 10:53:02"
},
{
"kids":[],
"uid":"3079105791",
"parent":"",
"text":"恶心",
"mid":"zefsNrRpT",
"date":"2013-01-13 10:47:53"
},
{
"kids":[],
"uid":"3025593521",
"parent":"",
"text":"卧槽。。[吐][吐]@啊檬班的TwoB青年-林淼霞 @T肥肥肥肥秋 @屌屌屌屌屌-聪",
"mid":"zefryzxmT",
"date":"2013-01-13 10:44:50"
},
{
"kids":[
"zeg8roHB8"
],
"uid":"2285221980",
"parent":"zebsPiBO1",
"text":"卧槽，还有实物……有图有真相……",
"mid":"zefrrdpQR",
"date":"2013-01-13 10:44:33"
},
{
"kids":[],
"uid":"577117836",
"parent":"",
"text":"前两年不就说了这是假的吗…",
"mid":"zefqN481j",
"date":"2013-01-13 10:42:57"
},
{
"kids":[],
"uid":"PkmeL",
"parent":"",
"text":"我一看到就想吐 。。[生病]",
"mid":"zefqvyOQq",
"date":"2013-01-13 10:42:17"
},
{
"kids":[],
"uid":"kuroboshu",
"parent":"",
"text":"",
"mid":"zefpqv7hp",
"date":"2013-01-13 10:39:36"
},
{
"kids":[],
"uid":"2215878615",
"parent":"",
"text":"[吐]",
"mid":"zefnOky4J",
"date":"2013-01-13 10:35:37"
},
{
"kids":[],
"uid":"3090685384",
"parent":"",
"text":"好想吐啊~~~",
"mid":"zefma6RLU",
"date":"2013-01-13 10:31:32"
},
{
"kids":[],
"uid":"2920057970",
"parent":"zebK3ciRv",
"text":"",
"mid":"zeflUpJyb",
"date":"2013-01-13 10:30:56"
},
{
"kids":[],
"uid":"lingyunkm",
"parent":"",
"text":"没有啊 次奥你个变态@Sunset1119-",
"mid":"zefkNBxcV",
"date":"2013-01-13 10:28:12"
},
{
"kids":[],
"uid":"2890195564",
"parent":"",
"text":"what[笑哈哈]好变态",
"mid":"zefkHDOdx",
"date":"2013-01-13 10:27:58"
},
{
"kids":[],
"uid":"ssppting",
"parent":"",
"text":"",
"mid":"zefjCApTl",
"date":"2013-01-13 10:25:18"
},
{
"kids":[],
"uid":"fyj1103",
"parent":"zebcC2jfx",
"text":"@Cindy不想出国老 @CATHYANG-  @陈婧琦要好好对自己  吃粑粑的那个[哈哈]",
"mid":"zefjuC7cg",
"date":"2013-01-13 10:24:58"
},
{
"kids":[
"zeg58mz2W"
],
"uid":"1880559262",
"parent":"",
"text":"[生病][吐][吐][吐]",
"mid":"zefiisHon",
"date":"2013-01-13 10:22:02"
},
{
"kids":[],
"uid":"2835848670",
"parent":"",
"text":"[嘻嘻]",
"mid":"zeffi1uCS",
"date":"2013-01-13 10:14:36"
},
{
"kids":[],
"uid":"2923459555",
"parent":"",
"text":"恶心！",
"mid":"zefeCAP99",
"date":"2013-01-13 10:12:59"
},
{
"kids":[],
"uid":"2793463551",
"parent":"",
"text":"受不鸟啦   真恶心  呃！",
"mid":"zefeoreNm",
"date":"2013-01-13 10:12:25"
},
{
"kids":[],
"uid":"jingxh1008",
"parent":"",
"text":"这个。。。娘啊，我受不了了[吐][吐][吐]",
"mid":"zefaRblVj",
"date":"2013-01-13 10:03:41"
},
{
"kids":[],
"uid":"2949485387",
"parent":"",
"text":"[生病][生病][生病]",
"mid":"zef9yxBEb",
"date":"2013-01-13 10:00:28"
},
{
"kids":[],
"uid":"2994588325",
"parent":"",
"text":"好吧。真TM BT啊。。。。。。。。。。。。。。恶心死了。[衰]",
"mid":"zef61eDxT",
"date":"2013-01-13 09:51:47"
},
{
"kids":[],
"uid":"2391256255",
"parent":"zedFV7GGv",
"text":"[吃惊][吃惊][吃惊] 真变态！[晕][晕]",
"mid":"zef5WuPCN",
"date":"2013-01-13 09:51:36"
},
{
"kids":[],
"uid":"2610390332",
"parent":"zebqsnT0R",
"text":"恶心人才干得出这么恶心的事？",
"mid":"zef5pqaK5",
"date":"2013-01-13 09:50:17"
},
{
"kids":[],
"uid":"1730044137",
"parent":"zef24jhua",
"text":"真够恶心的[吐][吐][吐]",
"mid":"zef3agC6Q",
"date":"2013-01-13 09:44:44"
},
{
"kids":[
"zef3agC6Q"
],
"uid":"lin422",
"parent":"",
"text":"中国人都不吃 日本人会吃嘛",
"mid":"zef24jhua",
"date":"2013-01-13 09:42:02"
},
{
"kids":[],
"uid":"2124566925",
"parent":"",
"text":"好恶心啊[哼]",
"mid":"zef1yDTwA",
"date":"2013-01-13 09:40:48"
},
{
"kids":[],
"uid":"2954760551",
"parent":"",
"text":"……[生病][吐][黑线]",
"mid":"zef0PdxfQ",
"date":"2013-01-13 09:38:59"
},
{
"kids":[],
"uid":"3017643533",
"parent":"",
"text":"不大相信",
"mid":"zeeZF6hUo",
"date":"2013-01-13 09:36:06"
},
{
"kids":[],
"uid":"2780686192",
"parent":"",
"text":"",
"mid":"zeeZDioxO",
"date":"2013-01-13 09:36:02"
},
{
"kids":[],
"uid":"2698227711",
"parent":"",
"text":"日本好恶心哦。。。。",
"mid":"zeeY69ibp",
"date":"2013-01-13 09:32:16"
},
{
"kids":[],
"uid":"3088297764",
"parent":"zebiB8XlO",
"text":"日本不傻逼么",
"mid":"zeeVbhX2i",
"date":"2013-01-13 09:25:05"
},
{
"kids":[],
"uid":"1310493543",
"parent":"zebHWiib0",
"text":"吐了",
"mid":"zeeUTiwYt",
"date":"2013-01-13 09:24:22"
},
{
"kids":[],
"uid":"2987665463",
"parent":"",
"text":"恶心死了",
"mid":"zeeSVwOdI",
"date":"2013-01-13 09:19:31"
},
{
"kids":[],
"uid":"1798106141",
"parent":"",
"text":"[鄙视]小日本就做变态的事！",
"mid":"zeeSrpPUh",
"date":"2013-01-13 09:18:20"
},
{
"kids":[],
"uid":"1583724294",
"parent":"",
"text":"",
"mid":"zeeSe6EHf",
"date":"2013-01-13 09:17:48"
},
{
"kids":[],
"uid":"1979056730",
"parent":"",
"text":"",
"mid":"zeeRO65Cn",
"date":"2013-01-13 09:16:45"
},
{
"kids":[
"zefIJxMqY"
],
"uid":"1841858727",
"parent":"",
"text":"[吃惊]还真不错",
"mid":"zeePQmwcP",
"date":"2013-01-13 09:11:55"
},
{
"kids":[],
"uid":"3035468347",
"parent":"zebqsnT0R",
"text":"",
"mid":"zeePCczZJ",
"date":"2013-01-13 09:11:22"
},
{
"kids":[],
"uid":"3103726527",
"parent":"",
"text":"册那，变态的日本杂种",
"mid":"zeeOEe5HP",
"date":"2013-01-13 09:08:59"
},
{
"kids":[],
"uid":"wrzks",
"parent":"",
"text":"",
"mid":"zeeMfxOCV",
"date":"2013-01-13 09:03:04"
},
{
"kids":[],
"uid":"1862918170",
"parent":"",
"text":"",
"mid":"zeeKqEOcG",
"date":"2013-01-13 08:58:36"
},
{
"kids":[],
"uid":"2507934862",
"parent":"",
"text":"转发微博。",
"mid":"zeeK6ABie",
"date":"2013-01-13 08:57:47"
},
{
"kids":[],
"uid":"2728411475",
"parent":"",
"text":"变态的小日本",
"mid":"zeeIyivHq",
"date":"2013-01-13 08:53:58"
},
{
"kids":[],
"uid":"2878676474",
"parent":"",
"text":"@牛牛要去当背包客 @冷阿花阿花 @你的名字我姓氏HSBB @布鲁布鲁Bloomer @刘梦雅想有这样一个人 @李文轩进化论 @JerryZC @是大炮还是曹昱 @余-婕 @宜宾电视台酒都播报 @李敏真心不想起床 重口味！！！",
"mid":"zeeHNfTl4",
"date":"2013-01-13 08:52:07"
},
{
"kids":[],
"uid":"2874386650",
"parent":"",
"text":"",
"mid":"zeeH20Azc",
"date":"2013-01-13 08:50:13"
},
{
"kids":[],
"uid":"2920324244",
"parent":"",
"text":"",
"mid":"zeeESoXCt",
"date":"2013-01-13 08:44:55"
},
{
"kids":[
"zgi8hm2Kd"
],
"uid":"2600739494",
"parent":"",
"text":"[吐][吐]",
"mid":"zeeDYz08t",
"date":"2013-01-13 08:42:41"
},
{
"kids":[
"zegIRBqR7"
],
"uid":"2682909782",
"parent":"",
"text":"真不愧是日本[偷笑]",
"mid":"zeeDUqQ7b",
"date":"2013-01-13 08:42:32"
},
{
"kids":[],
"uid":"3188051803",
"parent":"",
"text":"好恶心！！！！！",
"mid":"zeeCVBfwM",
"date":"2013-01-13 08:40:06"
},
{
"kids":[],
"uid":"2789691470",
"parent":"",
"text":"",
"mid":"zeeCx3juH",
"date":"2013-01-13 08:39:07"
},
{
"kids":[
"zefZ8lqZp"
],
"uid":"2274889737",
"parent":"zebcGqbVv",
"text":"[生病][生病]",
"mid":"zeeC3tNcj",
"date":"2013-01-13 08:37:57"
},
{
"kids":[],
"uid":"lanfang511",
"parent":"zec5Hj2a4",
"text":"看见就想吐.那有胃口吃？[吐]",
"mid":"zeezI89gv",
"date":"2013-01-13 08:32:11"
},
{
"kids":[],
"uid":"1849237124",
"parent":"zebuBbg4S",
"text":"[吃惊]他们就是吃屎的",
"mid":"zeez87gNU",
"date":"2013-01-13 08:30:45"
},
{
"kids":[],
"uid":"3199045195",
"parent":"",
"text":"[吐]",
"mid":"zeeynDNbw",
"date":"2013-01-13 08:28:55"
},
{
"kids":[
"zej1zw13u"
],
"uid":"3044305973",
"parent":"",
"text":"怪不得日本人那么死板，原因终于找到了！",
"mid":"zeexv2wHe",
"date":"2013-01-13 08:26:43"
},
{
"kids":[],
"uid":"3198673677",
"parent":"",
"text":"杂种只能吃这个！！！！！！！！！",
"mid":"zeewSjHAt",
"date":"2013-01-13 08:25:12"
},
{
"kids":[],
"uid":"2192173504",
"parent":"",
"text":"尼玛， [挤眼]",
"mid":"zeeuSbLEo",
"date":"2013-01-13 08:20:15"
},
{
"kids":[],
"uid":"2587013443",
"parent":"",
"text":"",
"mid":"zeeuE0NWu",
"date":"2013-01-13 08:19:42"
},
{
"kids":[],
"uid":"2919784884",
"parent":"",
"text":"",
"mid":"zeeu34Psw",
"date":"2013-01-13 08:18:14"
},
{
"kids":[],
"uid":"1980384094",
"parent":"",
"text":"",
"mid":"zeetues4V",
"date":"2013-01-13 08:16:51"
},
{
"kids":[],
"uid":"2289930041",
"parent":"",
"text":"受不鸟！我刚吃着东西就看到这个！",
"mid":"zeeslitbl",
"date":"2013-01-13 08:14:02"
},
{
"kids":[],
"uid":"2665034837",
"parent":"zebctrdz5",
"text":"日本人就是吃屎的。哈哈！",
"mid":"zeepXgaBW",
"date":"2013-01-13 08:08:09"
},
{
"kids":[],
"uid":"2617174523",
"parent":"",
"text":"一直说和瑶哥一起去吃南坪的便便屋。可以没有去，呵呵@yo2s，就交给 @UP李小贱 @World-zero 你们俩了。呵呵……",
"mid":"zeepm0sBx",
"date":"2013-01-13 08:06:40"
},
{
"kids":[],
"uid":"1937938025",
"parent":"",
"text":"巨恶心，给人吃的么。。。。。",
"mid":"zeepbnqwK",
"date":"2013-01-13 08:06:15"
},
{
"kids":[],
"uid":"2363799623",
"parent":"",
"text":"听之，看之，未尝之。但我想这辈子先不要了吧，哈哈",
"mid":"zeejHfDcS",
"date":"2013-01-13 07:52:44"
},
{
"kids":[
"zeYCCz8EO",
"zeR2W7Kbd"
],
"uid":"2950732653",
"parent":"",
"text":"[生病][生病][生病][生病][生病][生病]你妹哟。。⊙▽⊙",
"mid":"zeehsFwrt",
"date":"2013-01-13 07:47:14"
},
{
"kids":[],
"uid":"2863614054",
"parent":"",
"text":"[吐]@晓琳Selince @LI翠霞 @Wonderland-Ming锋 @lin--浩鹏 @明眸浅笑 @Mit嘉贤",
"mid":"zeeffxsnN",
"date":"2013-01-13 07:41:46"
},
{
"kids":[],
"uid":"2480062431",
"parent":"",
"text":"自欺欺人就算了，还造谣。引起无数sb吐糟日本",
"mid":"zeefckHI5",
"date":"2013-01-13 07:41:39"
},
{
"kids":[],
"uid":"2805369061",
"parent":"",
"text":"重口味",
"mid":"zeedTmBRP",
"date":"2013-01-13 07:38:26"
},
{
"kids":[],
"uid":"patricklyc",
"parent":"",
"text":"亲，，你们搜搜“两女 一杯”试试，我没看过，听说很精彩[偷笑][偷笑][偷笑][偷笑]",
"mid":"zee8Fvo9n",
"date":"2013-01-13 07:25:32"
},
{
"kids":[],
"uid":"2750587270",
"parent":"",
"text":"恶心，无人性！[吐][吐]",
"mid":"zee6Q3ejX",
"date":"2013-01-13 07:21:03"
},
{
"kids":[],
"uid":"shadowshi0910",
"parent":"",
"text":"[衰][衰]",
"mid":"zee0K7wBq",
"date":"2013-01-13 07:06:01"
},
{
"kids":[],
"uid":"2051231961",
"parent":"",
"text":"我靠[吐][吐][吐][吐][吐]",
"mid":"zedWzf0Yy",
"date":"2013-01-13 06:55:45"
},
{
"kids":[],
"uid":"2808701724",
"parent":"zebenDRDz",
"text":"",
"mid":"zedVl0vwG",
"date":"2013-01-13 06:52:44"
},
{
"kids":[],
"uid":"2784683654",
"parent":"",
"text":"如此变态[嘻嘻][嘻嘻]",
"mid":"zedPporIt",
"date":"2013-01-13 06:38:07"
},
{
"kids":[],
"uid":"2898959947",
"parent":"",
"text":"恶心死我啦…",
"mid":"zedMD85ON",
"date":"2013-01-13 06:31:16"
},
{
"kids":[],
"uid":"3064949175",
"parent":"",
"text":"不是吧？这么变态？可信度很低哦",
"mid":"zedKo0uMZ",
"date":"2013-01-13 06:25:43"
},
{
"kids":[],
"uid":"2288022541",
"parent":"",
"text":"够创意！",
"mid":"zedG8milq",
"date":"2013-01-13 06:15:16"
},
{
"kids":[
"zef5WuPCN"
],
"uid":"2640403932",
"parent":"",
"text":"没有人比日本更加变态了",
"mid":"zedFV7GGv",
"date":"2013-01-13 06:14:44"
},
{
"kids":[],
"uid":"2803187594",
"parent":"",
"text":"",
"mid":"zedvIrtUX",
"date":"2013-01-13 05:49:36"
},
{
"kids":[],
"uid":"lianggongzhu0220",
"parent":"",
"text":"@王小苗",
"mid":"zedoNFsiZ",
"date":"2013-01-13 05:32:33"
},
{
"kids":[],
"uid":"1877414340",
"parent":"zebhxeocU",
"text":"[哈哈] 能者多劳！葛岩你包了吧！",
"mid":"zednWdMP4",
"date":"2013-01-13 05:30:25"
},
{
"kids":[],
"uid":"53321072",
"parent":"",
"text":"这是真的吗[思考]求事实@苍井空",
"mid":"zed3W3z3g",
"date":"2013-01-13 04:41:08"
},
{
"kids":[],
"uid":"2803176562",
"parent":"zebiigvbx",
"text":"",
"mid":"zecZNuZRl",
"date":"2013-01-13 04:30:58"
},
{
"kids":[],
"uid":"2553030945",
"parent":"zectYeq6Q",
"text":"估计也就日本人能想得出这么变态的食品！恶心！",
"mid":"zecMZhcnD",
"date":"2013-01-13 03:59:24"
},
{
"kids":[],
"uid":"2562877107",
"parent":"",
"text":"@温暖亮 @WINTERSUN216 @smile--小米",
"mid":"zecMGjszg",
"date":"2013-01-13 03:58:39"
},
{
"kids":[],
"uid":"1916898797",
"parent":"",
"text":"额额额，小日本为什么总搞这么变态的东西呀！",
"mid":"zecH1BBAo",
"date":"2013-01-13 03:44:43"
},
{
"kids":[],
"uid":"2144858365",
"parent":"",
"text":"[吐][吐][吐][吐][吐][吐]",
"mid":"zecEXEqTK",
"date":"2013-01-13 03:39:38"
},
{
"kids":[],
"uid":"2920260314",
"parent":"zebSWioXZ",
"text":"",
"mid":"zecCoDZjp",
"date":"2013-01-13 03:33:19"
},
{
"kids":[],
"uid":"2919409424",
"parent":"zebgZiNhA",
"text":"",
"mid":"zecAmsHRC",
"date":"2013-01-13 03:28:18"
},
{
"kids":[],
"uid":"1722881190",
"parent":"zebgCtZP9",
"text":"",
"mid":"zecxO7cpl",
"date":"2013-01-13 03:22:00"
},
{
"kids":[],
"uid":"2604876424",
"parent":"",
"text":"[生病][生病][生病]小日本你们太吓人了",
"mid":"zecxkgoj4",
"date":"2013-01-13 03:20:49"
},
{
"kids":[],
"uid":"2927611267",
"parent":"",
"text":"",
"mid":"zecwFtxxR",
"date":"2013-01-13 03:19:11"
},
{
"kids":[],
"uid":"2789817734",
"parent":"zeblO0FUk",
"text":"",
"mid":"zecwsbfgz",
"date":"2013-01-13 03:18:39"
},
{
"kids":[
"zecMZhcnD"
],
"uid":"1009987811",
"parent":"",
"text":"惡心",
"mid":"zectYeq6Q",
"date":"2013-01-13 03:12:33"
},
{
"kids":[],
"uid":"2919509440",
"parent":"zebAp7aOq",
"text":"",
"mid":"zectEqpSa",
"date":"2013-01-13 03:11:45"
},
{
"kids":[],
"uid":"2422009335",
"parent":"",
"text":"",
"mid":"zecpI5leD",
"date":"2013-01-13 03:02:03"
},
{
"kids":[],
"uid":"1927977603",
"parent":"zebdF1ahR",
"text":"重口味！救命！",
"mid":"zecnGdkWZ",
"date":"2013-01-13 02:57:02"
},
{
"kids":[],
"uid":"2919724550",
"parent":"zec9MAqiX",
"text":"",
"mid":"zecklCwzC",
"date":"2013-01-13 02:48:51"
},
{
"kids":[],
"uid":"2393406054",
"parent":"",
"text":"",
"mid":"zecjRwmRV",
"date":"2013-01-13 02:47:39"
},
{
"kids":[],
"uid":"2458119917",
"parent":"",
"text":"我嘞个去   日本人真棒",
"mid":"zecev5h7t",
"date":"2013-01-13 02:34:26"
},
{
"kids":[],
"uid":"2810693484",
"parent":"",
"text":"",
"mid":"zecehtwdD",
"date":"2013-01-13 02:33:54"
},
{
"kids":[],
"uid":"cllcgj",
"parent":"",
"text":"天啦，自己解决吧，还不花钱[生病][生病][生病]",
"mid":"zecbFhtKJ",
"date":"2013-01-13 02:27:26"
},
{
"kids":[],
"uid":"2121647901",
"parent":"",
"text":"有病",
"mid":"zecaCxlFK",
"date":"2013-01-13 02:24:53"
},
{
"kids":[
"zel4fmZFU",
"zecklCwzC"
],
"uid":"caomeiwxn",
"parent":"zebgcc6dq",
"text":"你们谁吃==/ @原味覺醒Tequila @原味覺醒Muse @俊921 @爱笑的白巧克力 @混吃等死w小姐 @GemiNi-DFN /@林圣天-: 恶心",
"mid":"zec9MAqiX",
"date":"2013-01-13 02:22:48"
},
{
"kids":[],
"uid":"1928270600",
"parent":"",
"text":"真变态，恶心[吐]",
"mid":"zec7obx5E",
"date":"2013-01-13 02:16:55"
},
{
"kids":[
"zeezI89gv"
],
"uid":"zzwdavidg",
"parent":"",
"text":"@Riko_lily @小小芳的小屋 要请你们吃日本料理吗？",
"mid":"zec5Hj2a4",
"date":"2013-01-13 02:12:45"
},
{
"kids":[],
"uid":"2835385512",
"parent":"",
"text":"唉呦 我真服了",
"mid":"zec48ms6p",
"date":"2013-01-13 02:08:54"
},
{
"kids":[],
"uid":"2886318242",
"parent":"",
"text":"真稀奇诶，天下奇闻。。好恶心",
"mid":"zec3exmtf",
"date":"2013-01-13 02:06:41"
},
{
"kids":[],
"uid":"1768934574",
"parent":"",
"text":"其实地球人都是那么邪恶的。君不见，多少有钱人在喝猫便便咖啡T^T",
"mid":"zec3a6JOH",
"date":"2013-01-13 02:06:30"
},
{
"kids":[],
"uid":"1888525083",
"parent":"",
"text":"[吐]太恶心了",
"mid":"zec1iy3OZ",
"date":"2013-01-13 02:01:55"
},
{
"kids":[],
"uid":"2471891390",
"parent":"",
"text":"重口味@煌_妹 @龟宝1993",
"mid":"zebZOkEnz",
"date":"2013-01-13 01:58:15"
},
{
"kids":[],
"uid":"2807947762",
"parent":"",
"text":"日本人咋那么变态？日自己也就算了，还要吃自己的屎？[汗][汗]",
"mid":"zebZkx7lT",
"date":"2013-01-13 01:57:03"
},
{
"kids":[],
"uid":"2492912650",
"parent":"",
"text":"[吃惊][吃惊][吃惊][吃惊][吃惊]",
"mid":"zebV9pt5o",
"date":"2013-01-13 01:46:46"
},
{
"kids":[],
"uid":"1768934882",
"parent":"",
"text":"@史虹lol [哈哈][哈哈]",
"mid":"zebV21kU7",
"date":"2013-01-13 01:46:28"
},
{
"kids":[],
"uid":"2664743733",
"parent":"",
"text":"服，这是人来的吗?好像狗一样",
"mid":"zebUvd7Mf",
"date":"2013-01-13 01:45:09"
},
{
"kids":[],
"uid":"2359326200",
"parent":"",
"text":"[吐]",
"mid":"zebSYiZGV",
"date":"2013-01-13 01:41:24"
},
{
"kids":[
"zfR2pyX8V",
"zfPIVeU26",
"zeod83GqR",
"zecCoDZjp"
],
"uid":"2255778902",
"parent":"",
"text":"@Mr宇华C 男人，[礼物]猜里面是啥[偷笑][偷笑][偷笑][偷笑]",
"mid":"zebSWioXZ",
"date":"2013-01-13 01:41:19"
},
{
"kids":[],
"uid":"sammibeibei",
"parent":"",
"text":"日本人果然不是一般的变态……",
"mid":"zebS9vFEh",
"date":"2013-01-13 01:39:23"
},
{
"kids":[],
"uid":"572093333",
"parent":"zebOad3LW",
"text":"越上层越变态，全世界都一样。",
"mid":"zebRWvvFk",
"date":"2013-01-13 01:38:52"
},
{
"kids":[],
"uid":"2594569357",
"parent":"",
"text":"@吴灵臻吃韭菜不怕口臭 你说的是不是类个",
"mid":"zebRyh6Md",
"date":"2013-01-13 01:37:54"
},
{
"kids":[],
"uid":"llje",
"parent":"",
"text":"日本佬吾屎都无用[吐][吐]",
"mid":"zebPMnQnk",
"date":"2013-01-13 01:33:32"
},
{
"kids":[],
"uid":"3024313267",
"parent":"",
"text":"[吃惊][生病]",
"mid":"zebPrFvDm",
"date":"2013-01-13 01:32:43"
},
{
"kids":[
"zebRWvvFk"
],
"uid":"2911035587",
"parent":"zebqsnT0R",
"text":"[吐]",
"mid":"zebOad3LW",
"date":"2013-01-13 01:29:33"
},
{
"kids":[],
"uid":"1930653527",
"parent":"zebcR60A7",
"text":"[汗]太恶心了~",
"mid":"zebO6E5tO",
"date":"2013-01-13 01:29:25"
},
{
"kids":[
"zehccCznO"
],
"uid":"thezzy",
"parent":"",
"text":"颜色正",
"mid":"zebO6jOyV",
"date":"2013-01-13 01:29:24"
},
{
"kids":[],
"uid":"2377191021",
"parent":"",
"text":"[衰]",
"mid":"zebO5bDPz",
"date":"2013-01-13 01:29:21"
},
{
"kids":[],
"uid":"1778313037",
"parent":"",
"text":"不是很相信啊，并且[生病][生病][生病][生病][生病][生病][生病]真的很恶心",
"mid":"zebMAo5ox",
"date":"2013-01-13 01:25:40"
},
{
"kids":[],
"uid":"2899761525",
"parent":"",
"text":"[生病]",
"mid":"zebMzefa7",
"date":"2013-01-13 01:25:37"
},
{
"kids":[],
"uid":"2634180057",
"parent":"zebHWiib0",
"text":"日本人果然变态哇，是不是真的啊！！",
"mid":"zebLX6YJP",
"date":"2013-01-13 01:24:06"
},
{
"kids":[],
"uid":"1893535460",
"parent":"",
"text":"好滑突吖，你地认为呢？@Ascend南粤巅华-伍智均-FSSG3 @S丟笨__alin @韋慶導 @Miss朱欢",
"mid":"zebLP7e8n",
"date":"2013-01-13 01:23:47"
},
{
"kids":[],
"uid":"1735937417",
"parent":"",
"text":"",
"mid":"zebLOwAnW",
"date":"2013-01-13 01:23:46"
},
{
"kids":[],
"uid":"208181277",
"parent":"",
"text":"[衰]",
"mid":"zebLKoppI",
"date":"2013-01-13 01:23:36"
},
{
"kids":[],
"uid":"1822572525",
"parent":"",
"text":"请你吃@楊润謀_",
"mid":"zebL8g986",
"date":"2013-01-13 01:22:05"
},
{
"kids":[
"zejUqBgEc",
"zeflUpJyb"
],
"uid":"xgg830",
"parent":"zebdp3GXq",
"text":"约着从光一道去呲屎[嘻嘻]",
"mid":"zebK3ciRv",
"date":"2013-01-13 01:19:25"
},
{
"kids":[],
"uid":"2607525641",
"parent":"",
"text":"转发微博。",
"mid":"zebJNdozK",
"date":"2013-01-13 01:18:46"
},
{
"kids":[],
"uid":"2389751731",
"parent":"zebIiat6Q",
"text":"他们该不便秘吧！",
"mid":"zebJopimM",
"date":"2013-01-13 01:17:48"
},
{
"kids":[],
"uid":"2160587813",
"parent":"",
"text":"不知道，多少米一餐[囧][囧][囧][奥特曼][奥特曼][奥特曼]",
"mid":"zebIFaKCo",
"date":"2013-01-13 01:16:00"
},
{
"kids":[],
"uid":"2786361672",
"parent":"zebenDRDz",
"text":"[衰][衰][衰][衰]",
"mid":"zebIt5znm",
"date":"2013-01-13 01:15:30"
},
{
"kids":[
"zebJopimM"
],
"uid":"2642265563",
"parent":"",
"text":"变态，次奥  @别别别叫我艺名 @璨璨璨璨璨璨璨_爱人 @小舞狂龙 @小魚崽打贏小怪獸 @谢叉叉叉",
"mid":"zebIiat6Q",
"date":"2013-01-13 01:15:05"
},
{
"kids":[],
"uid":"2329947314",
"parent":"",
"text":"[吃惊][吃惊][吃惊][浮云][浮云]",
"mid":"zebI86DIy",
"date":"2013-01-13 01:14:41"
},
{
"kids":[],
"uid":"2704584413",
"parent":"",
"text":"[吃惊]真的假的",
"mid":"zebI7tmnB",
"date":"2013-01-13 01:14:40"
},
{
"kids":[
"zeeUTiwYt",
"zebLX6YJP"
],
"uid":"1840817853",
"parent":"",
"text":"妈的，真恶心",
"mid":"zebHWiib0",
"date":"2013-01-13 01:14:13"
},
{
"kids":[],
"uid":"1961529653",
"parent":"",
"text":"恶心的我都睡不着了，变态的小日本",
"mid":"zebHVn35b",
"date":"2013-01-13 01:14:11"
},
{
"kids":[],
"uid":"2948617403",
"parent":"zebeowrdi",
"text":"看了想吐[哼][委屈]",
"mid":"zebHI8n2H",
"date":"2013-01-13 01:13:38"
},
{
"kids":[],
"uid":"1582889765",
"parent":"",
"text":"@柚子亲- @人不妹控枉少年-桐雨 @人不念书枉青春-洋洋 @人不增肥枉减肥-东祥 @人不中二枉年少-小shu豪 @人不转身枉少年-大堃翼 @人不追风枉少年-萝卜 @人心已死枉生命_Lzy @小G3- @-郭泰祺",
"mid":"zebHCbCMs",
"date":"2013-01-13 01:13:25"
},
{
"kids":[],
"uid":"2369223064",
"parent":"",
"text":"转发微博。",
"mid":"zebHbgAey",
"date":"2013-01-13 01:12:21"
},
{
"kids":[],
"uid":"2369223064",
"parent":"",
"text":"小日本专做这恶心事！",
"mid":"zebH81F0D",
"date":"2013-01-13 01:12:13"
},
{
"kids":[],
"uid":"2266423467",
"parent":"",
"text":"真变态...",
"mid":"zebGs3W84",
"date":"2013-01-13 01:10:33"
},
{
"kids":[
"zel23tWda"
],
"uid":"3211001501",
"parent":"zebesm2gP",
"text":"当真是扎屎。[生病]",
"mid":"zebG7pXr2",
"date":"2013-01-13 01:09:44"
},
{
"kids":[],
"uid":"2903523671",
"parent":"",
"text":"爷们呐！fuck![生病]",
"mid":"zebEbpOG5",
"date":"2013-01-13 01:04:58"
},
{
"kids":[],
"uid":"2260312383",
"parent":"",
"text":"日本仔就系中意吃屎",
"mid":"zebEahdkt",
"date":"2013-01-13 01:04:55"
},
{
"kids":[],
"uid":"2258413625",
"parent":"zebeJeyAt",
"text":"果然变态[生病][吐]",
"mid":"zebDmkye5",
"date":"2013-01-13 01:02:56"
},
{
"kids":[],
"uid":"1704236184",
"parent":"",
"text":"",
"mid":"zebC04SQU",
"date":"2013-01-13 00:59:34"
},
{
"kids":[
"zefWybVsU"
],
"uid":"2061567781",
"parent":"",
"text":"",
"mid":"zebBsqGCu",
"date":"2013-01-13 00:58:17"
},
{
"kids":[],
"uid":"2402205675",
"parent":"",
"text":"@GracieC",
"mid":"zebB5CINK",
"date":"2013-01-13 00:57:22"
},
{
"kids":[],
"uid":"1922144975",
"parent":"",
"text":"@我只是听众 很恶心",
"mid":"zebAYhaSi",
"date":"2013-01-13 00:57:03"
},
{
"kids":[],
"uid":"2184122410",
"parent":"",
"text":"日本人吃屎大噶[哈哈]",
"mid":"zebAUouD0",
"date":"2013-01-13 00:56:53"
},
{
"kids":[],
"uid":"arile1526",
"parent":"",
"text":"都辟谣说是假的了，怎么还在传啊",
"mid":"zebAS2OjA",
"date":"2013-01-13 00:56:50"
},
{
"kids":[],
"uid":"2720952913",
"parent":"",
"text":"真恶心，日本人果然变态。。。",
"mid":"zebAK68gN",
"date":"2013-01-13 00:56:29"
},
{
"kids":[],
"uid":"1855656177",
"parent":"",
"text":"",
"mid":"zebAywo7A",
"date":"2013-01-13 00:56:01"
},
{
"kids":[],
"uid":"2639755352",
"parent":"zebeCpVIj",
"text":"",
"mid":"zebAxm7IX",
"date":"2013-01-13 00:55:57"
},
{
"kids":[
"zectEqpSa"
],
"uid":"1731043583",
"parent":"zebvL1MwP",
"text":"",
"mid":"zebAp7aOq",
"date":"2013-01-13 00:55:40"
},
{
"kids":[],
"uid":"2668988403",
"parent":"",
"text":"日本人真的很TM的BT[哈哈]",
"mid":"zebAihkFg",
"date":"2013-01-13 00:55:24"
},
{
"kids":[],
"uid":"pzt425108490x",
"parent":"",
"text":"日本人都是贝爷....鸡肉味嘎嘣脆",
"mid":"zebAe9Kcc",
"date":"2013-01-13 00:55:13"
},
{
"kids":[],
"uid":"1737180981",
"parent":"",
"text":"@杨阳Dennis @T-T小涛 @安达的小爪子",
"mid":"zebzSiK4a",
"date":"2013-01-13 00:54:20"
},
{
"kids":[],
"uid":"2608801685",
"parent":"",
"text":"这帮吃屎的东西怪不的不说人话呢！",
"mid":"zebzgtb8S",
"date":"2013-01-13 00:52:51"
},
{
"kids":[],
"uid":"2431491012",
"parent":"",
"text":"靠谱。。。本就是个该吃屎的变态名族",
"mid":"zebyREFzz",
"date":"2013-01-13 00:51:51"
},
{
"kids":[],
"uid":"fuguiisagirl",
"parent":"",
"text":"怪不得日本高层人士干的事都像是脑子进屎了，原来就是屎喂大的[哼][鄙视]",
"mid":"zebyczYWk",
"date":"2013-01-13 00:50:12"
},
{
"kids":[],
"uid":"2953694194",
"parent":"",
"text":"",
"mid":"zeby4C7Vt",
"date":"2013-01-13 00:49:56"
},
{
"kids":[],
"uid":"1877559695",
"parent":"zebs0rJuz",
"text":"[挖鼻屎]不就和猫屎咖啡一样的培育方法么~很多人都说猫屎咖啡好喝啦[偷笑]",
"mid":"zebxZib9r",
"date":"2013-01-13 00:49:41"
},
{
"kids":[],
"uid":"2087017787",
"parent":"zebf3ioDH",
"text":"日本人太变态了",
"mid":"zebxN8XD4",
"date":"2013-01-13 00:49:12"
},
{
"kids":[],
"uid":"2100360625",
"parent":"",
"text":"[生病][吐][吐]",
"mid":"zebxJ53kH",
"date":"2013-01-13 00:49:01"
},
{
"kids":[],
"uid":"3083539565",
"parent":"",
"text":"[吐]",
"mid":"zebwZy7WD",
"date":"2013-01-13 00:47:16"
},
{
"kids":[],
"uid":"1855913347",
"parent":"",
"text":"[吐]",
"mid":"zebwIF5pA",
"date":"2013-01-13 00:46:36"
},
{
"kids":[],
"uid":"1788922805",
"parent":"",
"text":"@yank_超级芒果彬彬彬彬  @kuboOo @阿毛的小阿飞 @吴吴吴峤 @",
"mid":"zebwHvAw4",
"date":"2013-01-13 00:46:32"
},
{
"kids":[],
"uid":"2521368300",
"parent":"",
"text":"唔知讲好。 距讲个滴完全都唔系我霖个滴。 互粉",
"mid":"zebwlC8rq",
"date":"2013-01-13 00:45:40"
},
{
"kids":[],
"uid":"2218844242",
"parent":"",
"text":"泥马，小日本就是变态啊。",
"mid":"zebwlmFjj",
"date":"2013-01-13 00:45:39"
},
{
"kids":[],
"uid":"2427860165",
"parent":"",
"text":"[吃惊][吃惊]日本人太他妈恶心了，活该他们吃屎[哈哈]",
"mid":"zebwbiTKK",
"date":"2013-01-13 00:45:15"
},
{
"kids":[],
"uid":"519571345",
"parent":"",
"text":"真特么恶心。",
"mid":"zebw5FOUl",
"date":"2013-01-13 00:45:00"
},
{
"kids":[
"zebAp7aOq"
],
"uid":"1778753481",
"parent":"",
"text":"是有好变态@桃子__阿狸 @思思妹不乖",
"mid":"zebvL1MwP",
"date":"2013-01-13 00:44:09"
},
{
"kids":[],
"uid":"2760083785",
"parent":"",
"text":"",
"mid":"zebvF6cMu",
"date":"2013-01-13 00:43:58"
},
{
"kids":[],
"uid":"2791462895",
"parent":"",
"text":"@赵子数 你不是愿意吃吗？这个我猜你肯定喜欢[阴险]",
"mid":"zebvxr1VO",
"date":"2013-01-13 00:43:38"
},
{
"kids":[],
"uid":"2710761724",
"parent":"",
"text":"尼玛，姐手贱了。。。。。。。。。。。。。。。",
"mid":"zebv76bvX",
"date":"2013-01-13 00:42:37"
},
{
"kids":[],
"uid":"2546902080",
"parent":"",
"text":"胃中翻腾，想吐。太恶心了！@请输入用户名",
"mid":"zebv00Had",
"date":"2013-01-13 00:42:19"
},
{
"kids":[],
"uid":"2793902735",
"parent":"",
"text":"[馋嘴][馋嘴][馋嘴]",
"mid":"zebuLgMjD",
"date":"2013-01-13 00:41:46"
},
{
"kids":[],
"uid":"1881357380",
"parent":"",
"text":"",
"mid":"zebuKCqR2",
"date":"2013-01-13 00:41:40"
},
{
"kids":[],
"uid":"2041479057",
"parent":"",
"text":"[给力]",
"mid":"zebuH8AyD",
"date":"2013-01-13 00:41:35"
},
{
"kids":[],
"uid":"2700628070",
"parent":"",
"text":"日本人太TM变态了",
"mid":"zebuGw3I8",
"date":"2013-01-13 00:41:33"
},
{
"kids":[
"zeez87gNU"
],
"uid":"2211921561",
"parent":"",
"text":"[吐][吐][吐]",
"mid":"zebuBbg4S",
"date":"2013-01-13 00:41:21"
},
{
"kids":[],
"uid":"2501864505",
"parent":"",
"text":"真的很变态",
"mid":"zebuesqt1",
"date":"2013-01-13 00:40:26"
},
{
"kids":[],
"uid":"3095398301",
"parent":"",
"text":"重口味……",
"mid":"zebuaBQba",
"date":"2013-01-13 00:40:16"
},
{
"kids":[],
"uid":"knaimeili",
"parent":"",
"text":"[汗]",
"mid":"zebtQuO20",
"date":"2013-01-13 00:39:27"
},
{
"kids":[],
"uid":"2808050147",
"parent":"",
"text":"这口味儿有点太重了……",
"mid":"zebtHlASq",
"date":"2013-01-13 00:39:08"
},
{
"kids":[],
"uid":"1995366201",
"parent":"",
"text":"日本人太恶心了",
"mid":"zebt68xUr",
"date":"2013-01-13 00:37:40"
},
{
"kids":[],
"uid":"1867574483",
"parent":"",
"text":"[生病][生病]",
"mid":"zebt5gapt",
"date":"2013-01-13 00:37:34"
},
{
"kids":[
"zefrrdpQR"
],
"uid":"2982501685",
"parent":"",
"text":"@Do_崧松松 @_S_ar______ @纲-命中注定 @哥是cam哥 @Gao-Jack- 食金粒餐喇！！！[嘻嘻][嘻嘻]",
"mid":"zebsPiBO1",
"date":"2013-01-13 00:36:58"
},
{
"kids":[],
"uid":"1000441321",
"parent":"",
"text":"好恶心，但是我知道你们喜欢@牛B的低调 @calm_懒de等 @阿秋是嘻嘻猫 @----deep---- @娜娜是哈哈猫 @无语_冬",
"mid":"zebsFtHb7",
"date":"2013-01-13 00:36:33"
},
{
"kids":[],
"uid":"2450026031",
"parent":"",
"text":"[生病][吐][吐]",
"mid":"zebsvbZJJ",
"date":"2013-01-13 00:36:11"
},
{
"kids":[],
"uid":"2495987254",
"parent":"",
"text":"狗走千里........[哈哈]",
"mid":"zebst8LmI",
"date":"2013-01-13 00:36:07"
},
{
"kids":[],
"uid":"2621820410",
"parent":"",
"text":"",
"mid":"zebsntPpf",
"date":"2013-01-13 00:35:52"
},
{
"kids":[],
"uid":"1792856122",
"parent":"",
"text":"《十宗罪》里面介绍过",
"mid":"zebsitnMo",
"date":"2013-01-13 00:35:41"
},
{
"kids":[],
"uid":"2267193367",
"parent":"",
"text":"转发微博。",
"mid":"zebsi98IS",
"date":"2013-01-13 00:35:41"
},
{
"kids":[
"zebxZib9r"
],
"uid":"2181186080",
"parent":"",
"text":"太不科学了。。。再怎么喂拉出来的都是渣渣啊渣渣都消化完了的是吃玉米粒还是see you tomorrow啊啊啊啊突然觉得我好恶心",
"mid":"zebs0rJuz",
"date":"2013-01-13 00:34:59"
},
{
"kids":[],
"uid":"1825666791",
"parent":"",
"text":"@雨雪霏霏LM [衰]王班，和你讲的胖子的故事太像。。。",
"mid":"zebrMhwNa",
"date":"2013-01-13 00:34:24"
},
{
"kids":[],
"uid":"cookiejiexin",
"parent":"",
"text":"好恶心",
"mid":"zebqRgkg1",
"date":"2013-01-13 00:32:06"
},
{
"kids":[],
"uid":"1959087853",
"parent":"",
"text":"世界无奇不有！@卷毛Mandy妈咪 @D父巴 @o木木Cherry @绵绵Miamona",
"mid":"zebqRgk6Z",
"date":"2013-01-13 00:32:07"
},
{
"kids":[],
"uid":"zoesong07",
"parent":"",
"text":"[晕]",
"mid":"zebqD5fQn",
"date":"2013-01-13 00:31:31"
},
{
"kids":[],
"uid":"3043127191",
"parent":"",
"text":"恶心",
"mid":"zebqAENNB",
"date":"2013-01-13 00:31:29"
},
{
"kids":[],
"uid":"2115838643",
"parent":"zebht6dRp",
"text":"",
"mid":"zebqwyVMU",
"date":"2013-01-13 00:31:20"
},
{
"kids":[
"zef5pqaK5",
"zeePCczZJ",
"zebOad3LW"
],
"uid":"2009402543",
"parent":"",
"text":"只有小日本才能想的出来[哈哈]太他妈的恶心了[弱]",
"mid":"zebqsnT0R",
"date":"2013-01-13 00:31:08"
},
{
"kids":[],
"uid":"2712835585",
"parent":"",
"text":"",
"mid":"zebqjvUqK",
"date":"2013-01-13 00:30:45"
},
{
"kids":[
"zejSt8PbP"
],
"uid":"2813068400",
"parent":"",
"text":"@Mr-古古 @乱了神大叔 [吐][吐]",
"mid":"zebqa7tRk",
"date":"2013-01-13 00:30:25"
},
{
"kids":[],
"uid":"edczhoufeng",
"parent":"",
"text":"@林烈清 舌尖上的日本[偷笑][偷笑][偷笑][偷笑][偷笑]",
"mid":"zebq9eeIw",
"date":"2013-01-13 00:30:24"
},
{
"kids":[],
"uid":"2448039872",
"parent":"",
"text":"真它妈BT",
"mid":"zebpNl9dP",
"date":"2013-01-13 00:29:31"
},
{
"kids":[],
"uid":"2781542364",
"parent":"",
"text":"[吐]",
"mid":"zebpMqIo9",
"date":"2013-01-13 00:29:27"
},
{
"kids":[],
"uid":"yuezhiqiao",
"parent":"",
"text":"@花花世界我爱装B @大妹纸丶 哥哥吐了。。",
"mid":"zebpIixXR",
"date":"2013-01-13 00:29:18"
},
{
"kids":[],
"uid":"2747614341",
"parent":"",
"text":"…",
"mid":"zebpI0WLG",
"date":"2013-01-13 00:29:15"
},
{
"kids":[],
"uid":"1418662724",
"parent":"",
"text":"是真的么?",
"mid":"zebpx5Zit",
"date":"2013-01-13 00:28:52"
},
{
"kids":[],
"uid":"2603657192",
"parent":"",
"text":"不愧是日本人，真是有够变态的[吐][吐][吐]",
"mid":"zebptvV63",
"date":"2013-01-13 00:28:41"
},
{
"kids":[],
"uid":"2963039481",
"parent":"",
"text":"不太可能吧！[汗][汗][思考]",
"mid":"zebp8zVGp",
"date":"2013-01-13 00:27:52"
},
{
"kids":[],
"uid":"2804820764",
"parent":"",
"text":"",
"mid":"zeboYwdQA",
"date":"2013-01-13 00:27:29"
},
{
"kids":[],
"uid":"1852164642",
"parent":"",
"text":"",
"mid":"zeboXCYAs",
"date":"2013-01-13 00:27:27"
},
{
"kids":[],
"uid":"2977361852",
"parent":"",
"text":"@吴小莎莎 原来猪妖是日本来的[偷笑]",
"mid":"zeboO9dTn",
"date":"2013-01-13 00:27:05"
},
{
"kids":[],
"uid":"2162473391",
"parent":"",
"text":"好恶心[生病][生病][吐][吐]真是什么事都有,",
"mid":"zeboDdaaS",
"date":"2013-01-13 00:26:39"
},
{
"kids":[],
"uid":"2846900202",
"parent":"",
"text":"@wing-kun翅膀君 来涨知识",
"mid":"zebos1TIB",
"date":"2013-01-13 00:26:12"
},
{
"kids":[],
"uid":"3129105701",
"parent":"",
"text":"@请输入用户名",
"mid":"zeboleMpq",
"date":"2013-01-13 00:25:54"
},
{
"kids":[],
"uid":"1051283332",
"parent":"",
"text":"@87catherine11",
"mid":"zebolbBR5",
"date":"2013-01-13 00:25:56"
},
{
"kids":[],
"uid":"1800460727",
"parent":"",
"text":"妹的，我想吐老！",
"mid":"zebo73HLD",
"date":"2013-01-13 00:25:20"
},
{
"kids":[],
"uid":"guolei1117",
"parent":"",
"text":"让小RB都特么去吃屎吧[鄙视][鄙视][鄙视]",
"mid":"zebo2A665",
"date":"2013-01-13 00:25:08"
},
{
"kids":[],
"uid":"1737787087",
"parent":"",
"text":"重口味@玲儿-Lynn",
"mid":"zebo0fLZK",
"date":"2013-01-13 00:25:02"
},
{
"kids":[],
"uid":"2079765544",
"parent":"",
"text":"恶心死了~",
"mid":"zebnZE7V3",
"date":"2013-01-13 00:25:02"
},
{
"kids":[],
"uid":"2194500511",
"parent":"",
"text":"@半月丶眸 :舜哥，这才是境界知道不？@梁_dan小暮 @潘潘是女神----经病 让你们看看小日本的恶心，我们说的都是浮云啊@啊噗莹 @007的DBS @喵米妮 @闪光圈 @过往已沉淀",
"mid":"zebnPilLF",
"date":"2013-01-13 00:24:40"
},
{
"kids":[],
"uid":"2753513545",
"parent":"",
"text":"[生病][生病]",
"mid":"zebnK1Hhv",
"date":"2013-01-13 00:24:27"
},
{
"kids":[],
"uid":"2677306561",
"parent":"",
"text":"日本人果然有才！！吃屎的玩意儿。。",
"mid":"zebnGsI9T",
"date":"2013-01-13 00:24:19"
},
{
"kids":[],
"uid":"273399294",
"parent":"",
"text":"小日本吃屎去吧！呵呵",
"mid":"zebnxhahX",
"date":"2013-01-13 00:23:55"
},
{
"kids":[],
"uid":"1897657124",
"parent":"",
"text":"@拱廊拔蘿蔔ing @sammy在实习",
"mid":"zebnx1sX5",
"date":"2013-01-13 00:23:55"
},
{
"kids":[],
"uid":"2635372162",
"parent":"",
"text":"[黑线]",
"mid":"zebnuDktX",
"date":"2013-01-13 00:23:50"
},
{
"kids":[],
"uid":"2173952044",
"parent":"",
"text":"[生病][吐]",
"mid":"zebnu2dIs",
"date":"2013-01-13 00:23:47"
},
{
"kids":[],
"uid":"suki52099",
"parent":"",
"text":"[吐]日本人一向变态，公认的，否则人家为什么不说英国人，韩国人，就说日本人[吐][吐][吐]",
"mid":"zebnmmWvp",
"date":"2013-01-13 00:23:31"
},
{
"kids":[
"zeg8IzKTS"
],
"uid":"2808575380",
"parent":"",
"text":"我无知了[汗]",
"mid":"zebnh3Tz6",
"date":"2013-01-13 00:23:17"
},
{
"kids":[],
"uid":"1819581361",
"parent":"",
"text":"",
"mid":"zebnbmZ2y",
"date":"2013-01-13 00:23:05"
},
{
"kids":[],
"uid":"276449948",
"parent":"",
"text":"那更能证明日本仔做美国狗都不配是做吃屎狗的料！",
"mid":"zebmV9AQC",
"date":"2013-01-13 00:22:26"
},
{
"kids":[],
"uid":"selevens",
"parent":"",
"text":"变态的民族[不要][弱]",
"mid":"zebmG3FWF",
"date":"2013-01-13 00:21:47"
},
{
"kids":[],
"uid":"2165402454",
"parent":"",
"text":"",
"mid":"zebmgmEUp",
"date":"2013-01-13 00:20:49"
},
{
"kids":[],
"uid":"2860995752",
"parent":"",
"text":"@蒋小小小小小涛 @D调_倔强 @X_Y-尕颖",
"mid":"zebmfdBet",
"date":"2013-01-13 00:20:43"
},
{
"kids":[],
"uid":"2585976911",
"parent":"",
"text":"",
"mid":"zebm6lzeM",
"date":"2013-01-13 00:20:22"
},
{
"kids":[],
"uid":"2131909353",
"parent":"",
"text":"日本人一直在研究怎么吃屎！",
"mid":"zeblWgquh",
"date":"2013-01-13 00:20:00"
},
{
"kids":[
"zfIYO0WZr",
"zfBmvCk4u",
"zeOAg38zE",
"zeK0maTE6"
],
"uid":"1769096861",
"parent":"",
"text":"日本就它爸的变态！吃屎去吧",
"mid":"zeblOAHOq",
"date":"2013-01-13 00:19:41"
},
{
"kids":[
"zgh8l9eW1",
"zeo8BkR6O",
"zecwsbfgz"
],
"uid":"1774886882",
"parent":"",
"text":"[鄙视][吐]",
"mid":"zeblO0FUk",
"date":"2013-01-13 00:19:40"
},
{
"kids":[],
"uid":"2369879745",
"parent":"",
"text":"[泪][泪]吐吐。。",
"mid":"zeblMebSi",
"date":"2013-01-13 00:19:36"
},
{
"kids":[],
"uid":"1864812765",
"parent":"",
"text":"真的假的，真恶心[衰][怒]",
"mid":"zeblGBVdG",
"date":"2013-01-13 00:19:22"
},
{
"kids":[],
"uid":"1796476823",
"parent":"",
"text":"我查了百度百科，确有其事，日本果然是一个很变态的民族！我最厌恶的是日本文化！",
"mid":"zeblDmd62",
"date":"2013-01-13 00:19:12"
},
{
"kids":[],
"uid":"2329852955",
"parent":"",
"text":"[吐]",
"mid":"zeblCc7Cp",
"date":"2013-01-13 00:19:13"
},
{
"kids":[],
"uid":"2000672545",
"parent":"",
"text":"[生病][生病][生病]我开始不理解哦。。。。",
"mid":"zeblwxJhJ",
"date":"2013-01-13 00:18:58"
},
{
"kids":[],
"uid":"2659283521",
"parent":"",
"text":"变态民族真是无语[黑线]",
"mid":"zebltCN44",
"date":"2013-01-13 00:18:53"
},
{
"kids":[],
"uid":"1814458947",
"parent":"",
"text":"",
"mid":"zeblqltwS",
"date":"2013-01-13 00:18:41"
},
{
"kids":[],
"uid":"2051961605",
"parent":"",
"text":"太吓人了!",
"mid":"zebli8ehB",
"date":"2013-01-13 00:18:26"
},
{
"kids":[],
"uid":"2625652670",
"parent":"",
"text":"变态，恶心死了[吐][吐][吐]",
"mid":"zebla9r2i",
"date":"2013-01-13 00:18:06"
},
{
"kids":[],
"uid":"279885287",
"parent":"",
"text":"",
"mid":"zebl0CMio",
"date":"2013-01-13 00:17:42"
},
{
"kids":[],
"uid":"2683269757",
"parent":"",
"text":"[吐]原来这是真的！[吐][吐][吐][吐]",
"mid":"zebkxpzGW",
"date":"2013-01-13 00:16:34"
},
{
"kids":[],
"uid":"2207950687",
"parent":"",
"text":"恶心",
"mid":"zebkusZKY",
"date":"2013-01-13 00:16:27"
},
{
"kids":[],
"uid":"1285058397",
"parent":"",
"text":"那天婷婷可以试试…[哈哈]@臉肉肉de桃小姐",
"mid":"zebkbw0co",
"date":"2013-01-13 00:15:42"
},
{
"kids":[],
"uid":"1790250467",
"parent":"",
"text":"太重口味了。",
"mid":"zebk4a9K9",
"date":"2013-01-13 00:15:24"
},
{
"kids":[],
"uid":"333205888",
"parent":"",
"text":"变态一直是他们的向往的",
"mid":"zebk009hw",
"date":"2013-01-13 00:15:15"
},
{
"kids":[],
"uid":"2485209481",
"parent":"",
"text":"恶心哪",
"mid":"zebjUEH4V",
"date":"2013-01-13 00:15:01"
},
{
"kids":[],
"uid":"2169987427",
"parent":"",
"text":"",
"mid":"zebjUoMo9",
"date":"2013-01-13 00:15:02"
},
{
"kids":[],
"uid":"2739984113",
"parent":"",
"text":"我日!!!!",
"mid":"zebjPF26T",
"date":"2013-01-13 00:14:46"
},
{
"kids":[],
"uid":"2499107604",
"parent":"",
"text":"小日本的变态始终没变。牲口啊。。",
"mid":"zebjF2WAc",
"date":"2013-01-13 00:14:24"
},
{
"kids":[],
"uid":"2169175737",
"parent":"",
"text":"@啦滋啦啦滋 @发条婕 @芝麻糖油果子 @huiru小妹儿",
"mid":"zebjqwe5r",
"date":"2013-01-13 00:13:50"
},
{
"kids":[],
"uid":"534645646",
"parent":"zebeZae8a",
"text":"就只有日本人吃这种恶心的东西！[鄙视][鄙视][鄙视][鄙视][鄙视][鄙视][鄙视][鄙视]",
"mid":"zebjpn4kp",
"date":"2013-01-13 00:13:47"
},
{
"kids":[],
"uid":"2564163544",
"parent":"",
"text":"《青囊尸衣》里曾写到过，难不成还是真的？！ 晕倒[黑线]",
"mid":"zebjleTWg",
"date":"2013-01-13 00:13:37"
},
{
"kids":[],
"uid":"1326447441",
"parent":"",
"text":"恶心",
"mid":"zebjhq0O9",
"date":"2013-01-13 00:13:28"
},
{
"kids":[],
"uid":"chenzhx",
"parent":"",
"text":"@庄泽如要每天都开心 您要多吃点哦思密达[太开心]",
"mid":"zebiYcJDS",
"date":"2013-01-13 00:12:43"
},
{
"kids":[],
"uid":"1877637273",
"parent":"",
"text":"真尼玛变态啊。。。。。[吐][吐]",
"mid":"zebiUjFRh",
"date":"2013-01-13 00:12:32"
},
{
"kids":[],
"uid":"2683511514",
"parent":"",
"text":"坑坑太让我失望了.",
"mid":"zebiRDWQd",
"date":"2013-01-13 00:12:27"
},
{
"kids":[],
"uid":"2428073505",
"parent":"",
"text":"",
"mid":"zebiGqhB5",
"date":"2013-01-13 00:12:01"
},
{
"kids":[
"zeeVbhX2i"
],
"uid":"3093187002",
"parent":"",
"text":"日本是有多变态",
"mid":"zebiB8XlO",
"date":"2013-01-13 00:11:47"
},
{
"kids":[],
"uid":"2797586003",
"parent":"",
"text":"额",
"mid":"zebiz3bCj",
"date":"2013-01-13 00:11:42"
},
{
"kids":[],
"uid":"1748030201",
"parent":"",
"text":"",
"mid":"zebishz6a",
"date":"2013-01-13 00:11:24"
},
{
"kids":[],
"uid":"1095246525",
"parent":"",
"text":"变态狂[生病]",
"mid":"zebijnjga",
"date":"2013-01-13 00:11:05"
},
{
"kids":[
"zecZNuZRl"
],
"uid":"1733603550",
"parent":"",
"text":"日本人原来喜欢这个[汗][晕][good][黑线][偷笑]@佩佩依旧 @蓉儿笑了--- @---zp--- @AnneDaiiiii @hazel8888 @切切切切瑞cherry @双生贝贝啵",
"mid":"zebiigvbx",
"date":"2013-01-13 00:10:59"
},
{
"kids":[],
"uid":"275330071",
"parent":"",
"text":"[生病][生病][生病][生病][生病][生病]",
"mid":"zebiigv8k",
"date":"2013-01-13 00:11:02"
},
{
"kids":[],
"uid":"2232241684",
"parent":"",
"text":"",
"mid":"zebigcp77",
"date":"2013-01-13 00:10:58"
},
{
"kids":[],
"uid":"2683511514",
"parent":"",
"text":"坑坑...!!",
"mid":"zebi8rfe4",
"date":"2013-01-13 00:10:37"
},
{
"kids":[],
"uid":"1965028817",
"parent":"",
"text":"太变态了",
"mid":"zebhY6P9z",
"date":"2013-01-13 00:10:13"
},
{
"kids":[],
"uid":"2892410277",
"parent":"",
"text":"不是一般人受得起啊    tm太恶心了",
"mid":"zebhSxCFL",
"date":"2013-01-13 00:10:01"
},
{
"kids":[],
"uid":"g1381656",
"parent":"",
"text":"不会吧。。。[吐]好想吐。。。神马味道不敢想象",
"mid":"zebhKhe0u",
"date":"2013-01-13 00:09:42"
},
{
"kids":[],
"uid":"1841416383",
"parent":"",
"text":"@Mark晔",
"mid":"zebhE2hA3",
"date":"2013-01-13 00:09:25"
},
{
"kids":[],
"uid":"2566373925",
"parent":"",
"text":"真的假的，吃屎的国家。。。",
"mid":"zebhz1syn",
"date":"2013-01-13 00:09:13"
},
{
"kids":[
"zegYhwdJo",
"zednWdMP4"
],
"uid":"2308603573",
"parent":"",
"text":"@吕小达同学 @Sleepingbaby小璐 @-橙曦曦 @hey麥柱林 @包朵朵",
"mid":"zebhxeocU",
"date":"2013-01-13 00:09:09"
},
{
"kids":[],
"uid":"2927411901",
"parent":"",
"text":"屎上最重口味",
"mid":"zebhw689E",
"date":"2013-01-13 00:09:07"
},
{
"kids":[
"zebqwyVMU"
],
"uid":"2315471647",
"parent":"",
"text":"日本人好样的…[哈哈][哈哈]慢慢吃屎的民族…good",
"mid":"zebht6dRp",
"date":"2013-01-13 00:08:59"
},
{
"kids":[],
"uid":"2707058983",
"parent":"",
"text":"真变态！[吐][吐]不会是真的吧？",
"mid":"zebhr4G60",
"date":"2013-01-13 00:08:51"
},
{
"kids":[],
"uid":"2396540613",
"parent":"",
"text":"@yuki李0116  你吃过？[偷笑]一定吃过",
"mid":"zebhpht2X",
"date":"2013-01-13 00:08:47"
},
{
"kids":[],
"uid":"1969486545",
"parent":"",
"text":"太恶心咯",
"mid":"zebhfur7s",
"date":"2013-01-13 00:08:28"
},
{
"kids":[
"zecAmsHRC"
],
"uid":"2383692714",
"parent":"",
"text":"",
"mid":"zebgZiNhA",
"date":"2013-01-13 00:07:49"
},
{
"kids":[],
"uid":"czwjx",
"parent":"",
"text":"睡前还看到这么重口的东西，实在是………。我吃的也精细的，小日本，来我家化粪池掏点。带回去一天三顿的吃，吃完再拉给你。[吐][吐][吐]",
"mid":"zebgXeH5V",
"date":"2013-01-13 00:07:44"
},
{
"kids":[],
"uid":"2042897577",
"parent":"",
"text":"[吐]",
"mid":"zebgPuJjW",
"date":"2013-01-13 00:07:27"
},
{
"kids":[],
"uid":"1772000540",
"parent":"",
"text":"恶 ……",
"mid":"zebgKb89c",
"date":"2013-01-13 00:07:12"
},
{
"kids":[],
"uid":"2838688502",
"parent":"",
"text":"家常便饭？",
"mid":"zebgIoEay",
"date":"2013-01-13 00:07:06"
},
{
"kids":[],
"uid":"2363696923",
"parent":"",
"text":"吃屎…@IMMA_TroubleMaker",
"mid":"zebgE0lBu",
"date":"2013-01-13 00:06:58"
},
{
"kids":[
"zeoa1mJd6",
"zecxO7cpl"
],
"uid":"2005362947",
"parent":"",
"text":"真TMD重口味，只有JP人才想的出[鄙视]",
"mid":"zebgCtZP9",
"date":"2013-01-13 00:06:52"
},
{
"kids":[],
"uid":"2671941411",
"parent":"",
"text":"",
"mid":"zebgBmpep",
"date":"2013-01-13 00:06:50"
},
{
"kids":[],
"uid":"2473020355",
"parent":"",
"text":"",
"mid":"zebgB4NIK",
"date":"2013-01-13 00:06:50"
},
{
"kids":[],
"uid":"2683511514",
"parent":"",
"text":"这么客气干嘛呢你 我请你吃!",
"mid":"zebgwhKbt",
"date":"2013-01-13 00:06:40"
},
{
"kids":[],
"uid":"2011689555",
"parent":"",
"text":"果然是 吃屎狗",
"mid":"zebgsraTp",
"date":"2013-01-13 00:06:28"
},
{
"kids":[],
"uid":"2846635774",
"parent":"",
"text":"你老母[生病][生病][生病]",
"mid":"zebgnsUUc",
"date":"2013-01-13 00:06:20"
},
{
"kids":[],
"uid":"2642475767",
"parent":"",
"text":"君爷阿  你去吃吧@田字格中的君子",
"mid":"zebghfUXn",
"date":"2013-01-13 00:06:01"
},
{
"kids":[
"zec9MAqiX"
],
"uid":"338383533",
"parent":"",
"text":"恶心",
"mid":"zebgcc6dq",
"date":"2013-01-13 00:05:53"
},
{
"kids":[],
"uid":"1993sym",
"parent":"",
"text":"@不是狼哥 @夏YOU个夏天 @aaa花花花花儿呆 @何琴yy在花田里犯了错 @哩哩哩哩小涵 @那些年那些人那些事那个你",
"mid":"zebg5FNVH",
"date":"2013-01-13 00:05:35"
},
{
"kids":[],
"uid":"2480151643",
"parent":"",
"text":"[衰][衰]",
"mid":"zebfWgT3J",
"date":"2013-01-13 00:05:12"
},
{
"kids":[],
"uid":"1773572884",
"parent":"",
"text":"！",
"mid":"zebfSoE4g",
"date":"2013-01-13 00:05:02"
},
{
"kids":[],
"uid":"206069375",
"parent":"",
"text":"",
"mid":"zebfS9nDm",
"date":"2013-01-13 00:05:04"
},
{
"kids":[],
"uid":"3176891671",
"parent":"",
"text":"",
"mid":"zebfNEPSW",
"date":"2013-01-13 00:04:54"
},
{
"kids":[],
"uid":"2900231605",
"parent":"",
"text":"",
"mid":"zebfLiz1M",
"date":"2013-01-13 00:04:45"
},
{
"kids":[],
"uid":"2625655422",
"parent":"",
"text":"[生病][生病][生病]",
"mid":"zebfI4e59",
"date":"2013-01-13 00:04:41"
},
{
"kids":[],
"uid":"1944614653",
"parent":"",
"text":"",
"mid":"zebfDlWIj",
"date":"2013-01-13 00:04:25"
},
{
"kids":[],
"uid":"2891091592",
"parent":"",
"text":"日本人就是不一样[哈哈][哈哈][good]",
"mid":"zebfD2e4i",
"date":"2013-01-13 00:04:28"
},
{
"kids":[],
"uid":"2166125660",
"parent":"",
"text":"啊！！！！毁了我的食欲。。",
"mid":"zebfBixdH",
"date":"2013-01-13 00:04:23"
},
{
"kids":[],
"uid":"3016262525",
"parent":"",
"text":"日本是最恶心的民族！大部分的经济都是看黄色AV产业才崛起的大和民族，最著名的苍井空，波多野结衣，小泽玛利亚！全世界都知道，这个国家是最腻的！[吐][吐][吐][吐][吐][吐][吐][吐][吐][吐][吐][吐][吐][吐][吐][吐]",
"mid":"zebfx9Eeh",
"date":"2013-01-13 00:04:14"
},
{
"kids":[],
"uid":"cheukin1106",
"parent":"",
"text":"@老子很怕冷 [生病]",
"mid":"zebfutUbd",
"date":"2013-01-13 00:04:07"
},
{
"kids":[
"zeiTmmp7i"
],
"uid":"1824605455",
"parent":"",
"text":"日本最贵的菜居然是吃屎！这道菜名称叫做金粒宴（说白了就是吃屎）。这是在日本上层社会所谓的高级享受，做法是挑选女婴。以极精细的食物喂大。到15 16岁就取其粪便烹之！太变态了！",
"mid":"zebfbyJFq",
"date":"2013-01-13 00:03:24"
},
{
"kids":[
"zebxN8XD4"
],
"uid":"2280520661",
"parent":"",
"text":"",
"mid":"zebf3ioDH",
"date":"2013-01-13 00:03:03"
},
{
"kids":[],
"uid":"2730046867",
"parent":"",
"text":"真的假的？",
"mid":"zebf30Nqn",
"date":"2013-01-13 00:03:03"
},
{
"kids":[],
"uid":"2337986717",
"parent":"",
"text":"来！干了这碗热翔！",
"mid":"zebf30NmE",
"date":"2013-01-13 00:03:03"
},
{
"kids":[],
"uid":"3007632677",
"parent":"",
"text":"请你们吃日本菜@阿瑞Oreo @张萌萌萌萌萌爱神.. @秋月珍惜cherish",
"mid":"zebeZrY9t",
"date":"2013-01-13 00:02:54"
},
{
"kids":[
"zebjpn4kp"
],
"uid":"dongxinxin0417",
"parent":"",
"text":"看完此时的我瞬间不饿了，我在想，是不是以后每晚我饿的时候都来转一发呢？",
"mid":"zebeZae8a",
"date":"2013-01-13 00:02:52"
},
{
"kids":[],
"uid":"fufu0607",
"parent":"",
"text":"[吐][吐][吐]",
"mid":"zebeV3gM0",
"date":"2013-01-13 00:02:43"
},
{
"kids":[],
"uid":"jinse521",
"parent":"",
"text":"额！我要吐",
"mid":"zebeS32Br",
"date":"2013-01-13 00:02:33"
},
{
"kids":[],
"uid":"2792259405",
"parent":"",
"text":"请你吃到菜，嘎嘎带劲@CL每天狠狠宅",
"mid":"zebeNkV5s",
"date":"2013-01-13 00:02:25"
},
{
"kids":[
"zeEr72N47",
"zev8E6d6m",
"zebDmkye5"
],
"uid":"2102214572",
"parent":"",
"text":"真的假的？",
"mid":"zebeJeyAt",
"date":"2013-01-13 00:02:15"
},
{
"kids":[],
"uid":"1758504131",
"parent":"",
"text":"",
"mid":"zebeH6YOh",
"date":"2013-01-13 00:02:10"
},
{
"kids":[],
"uid":"huchenguo",
"parent":"",
"text":"狗改不了吃屎",
"mid":"zebeGyOgR",
"date":"2013-01-13 00:02:10"
},
{
"kids":[
"zebAxm7IX"
],
"uid":"2517586580",
"parent":"",
"text":"真的假的？？？太重口味勒点儿吧[哼][哼][哼][哼]",
"mid":"zebeCpVIj",
"date":"2013-01-13 00:01:57"
},
{
"kids":[],
"uid":"3028208911",
"parent":"",
"text":"[晕][晕][抓狂][抓狂][抓狂]",
"mid":"zebeCnawk",
"date":"2013-01-13 00:01:58"
},
{
"kids":[],
"uid":"pollyzhangjing",
"parent":"",
"text":"我现在开始理解周文栋上课讲那些重口味了，原来都不算什么！日本真是的。。。@愿做静静的看客 @NateFuture @睡觉不如吃得饱 @姗观不正",
"mid":"zebeCnauV",
"date":"2013-01-13 00:01:57"
},
{
"kids":[],
"uid":"2231885822",
"parent":"",
"text":"[笑哈哈]",
"mid":"zebeBe0Wr",
"date":"2013-01-13 00:01:55"
},
{
"kids":[],
"uid":"2074053617",
"parent":"",
"text":"其实也没什么啊",
"mid":"zebeBcki8",
"date":"2013-01-13 00:01:56"
},
{
"kids":[],
"uid":"2943397815",
"parent":"",
"text":"",
"mid":"zebevBZlb",
"date":"2013-01-13 00:01:44"
},
{
"kids":[
"zebG7pXr2"
],
"uid":"3164920655",
"parent":"",
"text":"@都吃年轻亏 @李沙赫云宰娜_Seena @茶蓝可相信矮个儿也有春天 @爱诗梁贵妃 @King-梦想家 @無丶Subsist",
"mid":"zebesm2gP",
"date":"2013-01-13 00:01:35"
},
{
"kids":[
"zebHI8n2H"
],
"uid":"2117031100",
"parent":"",
"text":"",
"mid":"zebeowrdi",
"date":"2013-01-13 00:01:25"
},
{
"kids":[
"zedVl0vwG",
"zebIt5znm"
],
"uid":"2879231934",
"parent":"",
"text":"口味太重了，受不了！[生病][生病][生病][生病][吐]@W-wallis @大_英雄 @森森_森 @超级萝莉哥 @-6月7号是晴天- @何何何必嘛 @其丑丑",
"mid":"zebenDRDz",
"date":"2013-01-13 00:01:21"
},
{
"kids":[],
"uid":"2024903623",
"parent":"zebcZ5sAi",
"text":"回复@萌丶丶:[嘻嘻][哈哈][哈哈][哈哈]呵呵不好意思哈",
"mid":"zebedjmOs",
"date":"2013-01-13 00:00:58"
},
{
"kids":[],
"uid":"jjloveyang",
"parent":"",
"text":"恶心，小日本都吃这吧[偷笑]",
"mid":"zebed15t6",
"date":"2013-01-13 00:00:55"
},
{
"kids":[],
"uid":"2041989105",
"parent":"",
"text":"可怕的小日本！[衰]",
"mid":"zebed0cFo",
"date":"2013-01-13 00:01:00"
},
{
"kids":[
"zegP92Tmv"
],
"uid":"2549265991",
"parent":"",
"text":"@陈空格",
"mid":"zebecEtnn",
"date":"2013-01-13 00:00:58"
},
{
"kids":[],
"uid":"2531788393",
"parent":"",
"text":"岛国思想就是博大精深[乐乐]",
"mid":"zebebvjTu",
"date":"2013-01-13 00:00:55"
},
{
"kids":[],
"uid":"1949573397",
"parent":"",
"text":"[吐][吐][吐]",
"mid":"zebe1tiSC",
"date":"2013-01-13 00:00:29"
},
{
"kids":[],
"uid":"2873956060",
"parent":"",
"text":"!!!!!!",
"mid":"zebdX3uKp",
"date":"2013-01-13 00:00:17"
},
{
"kids":[],
"uid":"208789233",
"parent":"",
"text":"",
"mid":"zebdRayWv",
"date":"2013-01-13 00:00:04"
},
{
"kids":[],
"uid":"2599392233",
"parent":"",
"text":"尼玛！！恶心",
"mid":"zebdQx9g9",
"date":"2013-01-13 00:00:04"
},
{
"kids":[],
"uid":"1985182945",
"parent":"",
"text":"不愧是小日本吃的都如此“便”太，如此恶心",
"mid":"zebdPlAzc",
"date":"2013-01-12 23:59:58"
},
{
"kids":[],
"uid":"2831885255",
"parent":"",
"text":"日本人=劣等民族。",
"mid":"zebdOslxI",
"date":"2013-01-12 23:59:57"
},
{
"kids":[],
"uid":"2462756084",
"parent":"",
"text":"苍老师您干过这个职业吗？您的这个啥粒怎么都应该够给安倍啥三吃'@苍井空",
"mid":"zebdM4YjC",
"date":"2013-01-12 23:59:54"
},
{
"kids":[],
"uid":"275955009",
"parent":"",
"text":"大和民族的人都是塞亚人啊！",
"mid":"zebdLbJjN",
"date":"2013-01-12 23:59:52"
},
{
"kids":[],
"uid":"2761164583",
"parent":"",
"text":"[吃惊]",
"mid":"zebdK50CU",
"date":"2013-01-12 23:59:48"
},
{
"kids":[],
"uid":"jieyuhuaweixie",
"parent":"",
"text":"[吐]",
"mid":"zebdK0T7K",
"date":"2013-01-12 23:59:49"
},
{
"kids":[],
"uid":"1844583932",
"parent":"",
"text":"",
"mid":"zebdIg5OS",
"date":"2013-01-12 23:59:45"
},
{
"kids":[],
"uid":"1863529335",
"parent":"",
"text":"@Cornelia泥仔 我还记得你当年和赵默一块儿给我讲这个！！！ @蝶子真特么的得学习了 你来一发？",
"mid":"zebdGtBQc",
"date":"2013-01-12 23:59:41"
},
{
"kids":[],
"uid":"1927573977",
"parent":"",
"text":"@叔叔我最喜欢小可爱了 哦！亲！你的最爱！",
"mid":"zebdFiLzD",
"date":"2013-01-12 23:59:38"
},
{
"kids":[
"zecnGdkWZ"
],
"uid":"garyuknow",
"parent":"",
"text":"窝巢............",
"mid":"zebdF1ahR",
"date":"2013-01-12 23:59:37"
},
{
"kids":[],
"uid":"xupeili",
"parent":"",
"text":"@桑海苔",
"mid":"zebdE7Viz",
"date":"2013-01-12 23:59:34"
},
{
"kids":[],
"uid":"3109896471",
"parent":"",
"text":"确实是变态到极致了",
"mid":"zebdBsNUm",
"date":"2013-01-12 23:59:27"
},
{
"kids":[],
"uid":"2119832543",
"parent":"",
"text":"觉得你可以试一下@桂奕要改掉坏习惯",
"mid":"zebdAzyyh",
"date":"2013-01-12 23:59:27"
},
{
"kids":[],
"uid":"2942238663",
"parent":"",
"text":"轉發微博",
"mid":"zebdAyXj0",
"date":"2013-01-12 23:59:28"
},
{
"kids":[],
"uid":"2646307570",
"parent":"",
"text":"岛国2民就是恶心。",
"mid":"zebdzE1A6",
"date":"2013-01-12 23:59:25"
},
{
"kids":[],
"uid":"2260800487",
"parent":"",
"text":"变态",
"mid":"zebdzo76z",
"date":"2013-01-12 23:59:25"
},
{
"kids":[],
"uid":"1887476022",
"parent":"",
"text":"@zslily2006 @叮叮--是小吃货 @小怪物tjm @藏安 啊啊啊太恶心啦",
"mid":"zebdqypPv",
"date":"2013-01-12 23:59:04"
},
{
"kids":[],
"uid":"2527062890",
"parent":"",
"text":"[吃惊][生病][懒得理你]",
"mid":"zebdqgOo5",
"date":"2013-01-12 23:58:59"
},
{
"kids":[],
"uid":"zhangjjuan",
"parent":"",
"text":"[吐][吐]",
"mid":"zebdpFap4",
"date":"2013-01-12 23:59:01"
},
{
"kids":[
"zebK3ciRv"
],
"uid":"1739547397",
"parent":"",
"text":"要吐了@切切困困咸羞猪 @克格勃是我 @ShingKit_ris @X魉皇鬼X @Crimson_Sea @小顧顧酱 @想给你一个港湾",
"mid":"zebdp3GXq",
"date":"2013-01-12 23:59:00"
},
{
"kids":[],
"uid":"1743702921",
"parent":"",
"text":"转发微博。",
"mid":"zebdm8BOI",
"date":"2013-01-12 23:58:53"
},
{
"kids":[],
"uid":"2487933000",
"parent":"",
"text":"[吐]我接受5到罗",
"mid":"zebdlt2d7",
"date":"2013-01-12 23:58:52"
},
{
"kids":[],
"uid":"2117737092",
"parent":"",
"text":"日本人，很有自知之明啊！適合吃屎的歸你們莫屬了。還說屎的營養高。吃飽它，不夠來中國，免費任吃！哈哈哈哈",
"mid":"zebdkD3HM",
"date":"2013-01-12 23:58:46"
},
{
"kids":[],
"uid":"2919606351",
"parent":"",
"text":"[吐][吐]",
"mid":"zebdh4mGn",
"date":"2013-01-12 23:58:39"
},
{
"kids":[],
"uid":"2332232944",
"parent":"",
"text":"真的假的？[吃惊]看到这图片我就已经倒胃了[生病]",
"mid":"zebdh4mEP",
"date":"2013-01-12 23:58:39"
},
{
"kids":[
"zeoZSjQoo"
],
"uid":"2409921477",
"parent":"zebctrdz5",
"text":"",
"mid":"zebdfhSHm",
"date":"2013-01-12 23:58:36"
},
{
"kids":[],
"uid":"2283255034",
"parent":"",
"text":"[闭嘴]",
"mid":"zebdbbNQt",
"date":"2013-01-12 23:58:26"
},
{
"kids":[],
"uid":"1767379953",
"parent":"",
"text":"@看到大东傻眼的大飞  有咩感受？想试下无？[哈哈][哈哈][哈哈]",
"mid":"zebd18U6W",
"date":"2013-01-12 23:58:02"
},
{
"kids":[],
"uid":"2173594162",
"parent":"",
"text":"真变态!",
"mid":"zebd18U5Z",
"date":"2013-01-12 23:58:02"
},
{
"kids":[],
"uid":"577443199",
"parent":"",
"text":"不会吧！",
"mid":"zebcZn3OV",
"date":"2013-01-12 23:57:55"
},
{
"kids":[
"zebedjmOs"
],
"uid":"2024903623",
"parent":"zebcC2jfx",
"text":"[吐]",
"mid":"zebcZ5sAi",
"date":"2013-01-12 23:57:55"
},
{
"kids":[],
"uid":"lvhuanxi534481104",
"parent":"",
"text":"日本人什么事都能干出来",
"mid":"zebcX0HOU",
"date":"2013-01-12 23:57:53"
},
{
"kids":[],
"uid":"zhoulipinghh",
"parent":"",
"text":"好恶心",
"mid":"zebcVtPUH",
"date":"2013-01-12 23:57:49"
},
{
"kids":[
"zebO6E5tO"
],
"uid":"zyping0804",
"parent":"",
"text":"@lisa挖金砖 @X_一一 @Smile_Sweet @大_荙",
"mid":"zebcR60A7",
"date":"2013-01-12 23:57:38"
},
{
"kids":[],
"uid":"1299194674",
"parent":"",
"text":"太神奇了",
"mid":"zebcO7kAm",
"date":"2013-01-12 23:57:31"
},
{
"kids":[],
"uid":"2176435814",
"parent":"",
"text":"对于小日本，一切都有可能。不出奇！[闭嘴]",
"mid":"zebcLbXx9",
"date":"2013-01-12 23:57:23"
},
{
"kids":[],
"uid":"2011068464",
"parent":"",
"text":"我的天，恶心。[吐]",
"mid":"zebcKymsU",
"date":"2013-01-12 23:57:23"
},
{
"kids":[],
"uid":"1291946104",
"parent":"",
"text":"[衰]@ @AlainHugo",
"mid":"zebcJnwbe",
"date":"2013-01-12 23:57:16"
},
{
"kids":[],
"uid":"2876525880",
"parent":"",
"text":"神马!",
"mid":"zebcH36N9",
"date":"2013-01-12 23:57:14"
},
{
"kids":[
"zepYHoQI6",
"zeeC3tNcj"
],
"uid":"52760725",
"parent":"",
"text":"这也太重口味了[鄙视]",
"mid":"zebcGqbVv",
"date":"2013-01-12 23:57:14"
},
{
"kids":[
"zefjuC7cg",
"zebcZ5sAi"
],
"uid":"345151540",
"parent":"",
"text":"员工福利[阴险][阴险][阴险]@小花说_她要像Superman一样坚强",
"mid":"zebcC2jfx",
"date":"2013-01-12 23:57:02"
},
{
"kids":[],
"uid":"2510842481",
"parent":"",
"text":"恶心的民族",
"mid":"zebcBqFfA",
"date":"2013-01-12 23:56:58"
},
{
"kids":[],
"uid":"2155951092",
"parent":"",
"text":"@完全俱乐部",
"mid":"zebcxg1ja",
"date":"2013-01-12 23:56:51"
},
{
"kids":[
"zh9Zw1z7P"
],
"uid":"2277544690",
"parent":"",
"text":"",
"mid":"zebcuFTQm",
"date":"2013-01-12 23:56:44"
},
{
"kids":[
"zefvR7iGp",
"zeepXgaBW",
"zebdfhSHm"
],
"uid":"2698913153",
"parent":"",
"text":"真的假的？@最近有点猫咪控 @睡不醒的玄子 @刘珍shiningirl",
"mid":"zebctrdz5",
"date":"2013-01-12 23:56:40"
},
{
"kids":[],
"uid":"2806339402",
"parent":"",
"text":"",
"mid":"zebcndMUo",
"date":"2013-01-12 23:56:28"
},
{
"kids":[],
"uid":"3063032633",
"parent":"",
"text":"费解！肠胃炎怎么办？",
"mid":"zebcbnTap",
"date":"2013-01-12 23:55:56"
}
]