[
{
"kids":[],
"uid":"1589474707",
"parent":"yBvJV3l9Q",
"text":"",
"mid":"zp4ajA2jG",
"date":"2013-03-25 14:15:30"
},
{
"kids":[],
"uid":"1778329985",
"parent":"yBvJV3l9Q",
"text":"",
"mid":"zp4aj0PR3",
"date":"2013-03-25 14:15:27"
},
{
"kids":[],
"uid":"2920605370",
"parent":"yBvJV3l9Q",
"text":"",
"mid":"zoSg30sFp",
"date":"2013-03-24 07:56:38"
},
{
"kids":[],
"uid":"2809077870",
"parent":"yBvJV3l9Q",
"text":"",
"mid":"zoSg2oOVD",
"date":"2013-03-24 07:56:38"
},
{
"kids":[],
"uid":"2919761422",
"parent":"yBvJV3l9Q",
"text":"",
"mid":"znWA2Afld",
"date":"2013-03-18 05:06:36"
},
{
"kids":[],
"uid":"1793792643",
"parent":"yBvVRvvNg",
"text":"",
"mid":"yDzRXAjSz",
"date":"2012-09-26 01:58:08"
},
{
"kids":[],
"uid":"2036687442",
"parent":"yBwTCqhAr",
"text":"",
"mid":"yCTQMjdBQ",
"date":"2012-09-21 14:59:51"
},
{
"kids":[],
"uid":"2807794744",
"parent":"yBubz2hmu",
"text":"",
"mid":"yClzRv01V",
"date":"2012-09-17 23:44:47"
},
{
"kids":[],
"uid":"2919571862",
"parent":"yBv2ctMnj",
"text":"",
"mid":"yCjKXix6I",
"date":"2012-09-17 19:06:37"
},
{
"kids":[],
"uid":"2811072360",
"parent":"yBuH1iMcg",
"text":"",
"mid":"yCg1QzIBo",
"date":"2012-09-17 09:37:15"
},
{
"kids":[],
"uid":"2811072284",
"parent":"yBuH1iMcg",
"text":"",
"mid":"yC6fVvFXM",
"date":"2012-09-16 08:44:28"
},
{
"kids":[],
"uid":"2920317004",
"parent":"yBvIClAsK",
"text":"",
"mid":"yC0Egf14X",
"date":"2012-09-15 18:27:56"
},
{
"kids":[],
"uid":"2920078154",
"parent":"yBx99puFh",
"text":"",
"mid":"yBYm7uhJi",
"date":"2012-09-15 12:37:45"
},
{
"kids":[],
"uid":"1867151671",
"parent":"",
"text":"",
"mid":"yBWK55MOW",
"date":"2012-09-15 08:31:16"
},
{
"kids":[],
"uid":"lxjoy",
"parent":"yBQO5iRE1",
"text":"转起",
"mid":"yBSCmtvWB",
"date":"2012-09-14 22:01:18"
},
{
"kids":[
"yBSCmtvWB"
],
"uid":"1047691534",
"parent":"yBPxDtL5o",
"text":"@李大笨Leo @李奕钦-8o_後 @朱启超_Ian @希仔妞妞",
"mid":"yBQO5iRE1",
"date":"2012-09-14 17:24:38"
},
{
"kids":[],
"uid":"1580181743",
"parent":"",
"text":"",
"mid":"yBQa8t4Rv",
"date":"2012-09-14 15:46:14"
},
{
"kids":[],
"uid":"2804190564",
"parent":"yBs1w57Uz",
"text":"",
"mid":"yBQ8N8Nrp",
"date":"2012-09-14 15:42:55"
},
{
"kids":[],
"uid":"2919435882",
"parent":"yBvEreArz",
"text":"",
"mid":"yBPAO0GvE",
"date":"2012-09-14 14:19:10"
},
{
"kids":[
"yBQO5iRE1"
],
"uid":"2920171004",
"parent":"yBvh7nTBP",
"text":"",
"mid":"yBPxDtL5o",
"date":"2012-09-14 14:11:24"
},
{
"kids":[],
"uid":"2803960832",
"parent":"",
"text":"",
"mid":"yBPvCcAMZ",
"date":"2012-09-14 14:06:24"
},
{
"kids":[],
"uid":"2074362123",
"parent":"",
"text":"中国要雄起啊",
"mid":"yBKg8aGr3",
"date":"2012-09-14 00:44:32"
},
{
"kids":[],
"uid":"2184546164",
"parent":"",
"text":"我顯示…此微博為不實信息",
"mid":"yBK6YdOLr",
"date":"2012-09-14 00:21:58"
},
{
"kids":[],
"uid":"520mys",
"parent":"",
"text":"哈哈，不实消息，我就说嘛。",
"mid":"yBJUC2iOf",
"date":"2012-09-13 23:51:31"
},
{
"kids":[],
"uid":"2292434527",
"parent":"",
"text":"",
"mid":"yBJPjnWNC",
"date":"2012-09-13 23:38:28"
},
{
"kids":[],
"uid":"1441148891",
"parent":"yBr2LqpiK",
"text":"真的？[疑问]",
"mid":"yBJO7gDS0",
"date":"2012-09-13 23:35:30"
},
{
"kids":[],
"uid":"2804191210",
"parent":"yBs1w57Uz",
"text":"",
"mid":"yBH5gz5ul",
"date":"2012-09-13 16:39:30"
},
{
"kids":[],
"uid":"2803814400",
"parent":"",
"text":"",
"mid":"yBGgN0P45",
"date":"2012-09-13 14:35:10"
},
{
"kids":[],
"uid":"1927740511",
"parent":"",
"text":"",
"mid":"yBFPQiHBX",
"date":"2012-09-13 13:28:47"
},
{
"kids":[],
"uid":"2941683187",
"parent":"",
"text":"像样！",
"mid":"yBFI7geos",
"date":"2012-09-13 13:09:45"
},
{
"kids":[],
"uid":"2919449674",
"parent":"yBvEreArz",
"text":"",
"mid":"yBFC2fAdH",
"date":"2012-09-13 12:54:46"
},
{
"kids":[],
"uid":"2920183492",
"parent":"yBvh7nTBP",
"text":"",
"mid":"yBFuMdtal",
"date":"2012-09-13 12:36:51"
},
{
"kids":[],
"uid":"2899708805",
"parent":"",
"text":"",
"mid":"yBESb46l4",
"date":"2012-09-13 11:01:45"
},
{
"kids":[],
"uid":"2305192202",
"parent":"",
"text":"果断，转学报军校。",
"mid":"yBEDXAwpB",
"date":"2012-09-13 10:26:46"
},
{
"kids":[],
"uid":"2789784983",
"parent":"yBDUPyifK",
"text":"他妈假的",
"mid":"yBE3a6xBG",
"date":"2012-09-13 08:56:06"
},
{
"kids":[
"yBE3a6xBG"
],
"uid":"2910571371",
"parent":"yBwDy1u2k",
"text":"需要我的扣扣船长吗",
"mid":"yBDUPyifK",
"date":"2012-09-13 08:35:34"
},
{
"kids":[],
"uid":"chen123tom",
"parent":"",
"text":"你了断才是增加国家的负担，你活着给国家交税，因此才有钱打仗，为了国家，你就好好活着吧你。",
"mid":"yBDErBFQu",
"date":"2012-09-13 07:55:13"
},
{
"kids":[],
"uid":"2492234157",
"parent":"yBqUpoHjX",
"text":"",
"mid":"yBDu7loCo",
"date":"2012-09-13 07:29:46"
},
{
"kids":[],
"uid":"1902102873",
"parent":"yBsCl11Xg",
"text":"真的假的，我希望是真的。",
"mid":"yBBCX5pAj",
"date":"2012-09-13 02:46:02"
},
{
"kids":[],
"uid":"1584023397",
"parent":"",
"text":"",
"mid":"yBAhJcYDE",
"date":"2012-09-12 23:20:58"
},
{
"kids":[],
"uid":"1631838882",
"parent":"",
"text":"不用天天吹牛，看实际行动吧！",
"mid":"yBAe1iss8",
"date":"2012-09-12 23:11:52"
},
{
"kids":[],
"uid":"2066925343",
"parent":"",
"text":"真的假的？",
"mid":"yBAdJgKKg",
"date":"2012-09-12 23:11:09"
},
{
"kids":[],
"uid":"2342408453",
"parent":"",
"text":"明白",
"mid":"yBAbu3FKE",
"date":"2012-09-12 23:05:37"
},
{
"kids":[],
"uid":"207899151",
"parent":"",
"text":"",
"mid":"yBA9fbRc1",
"date":"2012-09-12 23:00:06"
},
{
"kids":[],
"uid":"1584843605",
"parent":"",
"text":"打死小日本！",
"mid":"yBzTH2FCO",
"date":"2012-09-12 22:21:47"
},
{
"kids":[],
"uid":"xixi923",
"parent":"yBuYdssh8",
"text":"怎么回事？又是熟人？朱和婷你们认识？",
"mid":"yBzHHxFAM",
"date":"2012-09-12 21:52:15"
},
{
"kids":[],
"uid":"2436281551",
"parent":"yByjrrTuG",
"text":"",
"mid":"yBzBfb5k3",
"date":"2012-09-12 21:36:19"
},
{
"kids":[],
"uid":"1261585407",
"parent":"yBxYYC1Ci",
"text":"终于！",
"mid":"yBzAvnwar",
"date":"2012-09-12 21:34:28"
},
{
"kids":[],
"uid":"2239839377",
"parent":"yBxY3yWe1",
"text":"转起",
"mid":"yBzyUmdGx",
"date":"2012-09-12 21:30:34"
},
{
"kids":[],
"uid":"210106711",
"parent":"",
"text":"",
"mid":"yBzijcxT4",
"date":"2012-09-12 20:49:41"
},
{
"kids":[],
"uid":"1884121474",
"parent":"",
"text":"转发微博。",
"mid":"yBzgUAKYz",
"date":"2012-09-12 20:46:15"
},
{
"kids":[],
"uid":"1284035207",
"parent":"yByiE68Yv",
"text":"等的就是这句话",
"mid":"yBzfptb1T",
"date":"2012-09-12 20:42:33"
},
{
"kids":[],
"uid":"mansworld2011",
"parent":"",
"text":"中国发火了！",
"mid":"yBze03V4B",
"date":"2012-09-12 20:39:04"
},
{
"kids":[],
"uid":"2447717327",
"parent":"",
"text":"",
"mid":"yBz8rvWvj",
"date":"2012-09-12 20:25:23"
},
{
"kids":[],
"uid":"2096162225",
"parent":"",
"text":"@乱弹琴518",
"mid":"yBz5jCK4M",
"date":"2012-09-12 20:17:40"
},
{
"kids":[],
"uid":"1403499167",
"parent":"",
"text":"又是人民在yy，啥时候我d我zf对外硬气过，估计毛时代有过，洗洗睡吧，yy伤神",
"mid":"yBz5g7k4B",
"date":"2012-09-12 20:17:32"
},
{
"kids":[],
"uid":"2669892480",
"parent":"",
"text":"真格的么？[good]",
"mid":"yBz4J3e3u",
"date":"2012-09-12 20:16:11"
},
{
"kids":[],
"uid":"1821659734",
"parent":"yBv5jq2pY",
"text":"解气！@-秋意正浓-",
"mid":"yBz4mgYOm",
"date":"2012-09-12 20:15:18"
},
{
"kids":[],
"uid":"1964475937",
"parent":"",
"text":"[",
"mid":"yBz1qepO7",
"date":"2012-09-12 20:08:05"
},
{
"kids":[],
"uid":"1930059033",
"parent":"yByXodkMS",
"text":"支持！收拾小日本。",
"mid":"yBz0UB6Mg",
"date":"2012-09-12 20:06:48"
},
{
"kids":[],
"uid":"1954735525",
"parent":"yBy4Krt6O",
"text":"不知真假",
"mid":"yBz00c2UQ",
"date":"2012-09-12 20:04:32"
},
{
"kids":[],
"uid":"2180941887",
"parent":"",
"text":"希望把日本人海葬在钓鱼岛！",
"mid":"yByY4cjSX",
"date":"2012-09-12 19:59:49"
},
{
"kids":[],
"uid":"2834761984",
"parent":"yByozDrgD",
"text":"",
"mid":"yByXThNsY",
"date":"2012-09-12 19:59:24"
},
{
"kids":[
"yBz0UB6Mg"
],
"uid":"2113922635",
"parent":"yByTd7UiN",
"text":"",
"mid":"yByXodkMS",
"date":"2012-09-12 19:58:09"
},
{
"kids":[],
"uid":"2180941887",
"parent":"",
"text":"怕又是骗俺的感情",
"mid":"yByWplX4c",
"date":"2012-09-12 19:55:44"
},
{
"kids":[],
"uid":"2455743813",
"parent":"",
"text":"转发微博。",
"mid":"yByUnbdd8",
"date":"2012-09-12 19:50:42"
},
{
"kids":[
"yByXodkMS"
],
"uid":"uc65307673",
"parent":"yByQLxoRR",
"text":"球证实。",
"mid":"yByTd7UiN",
"date":"2012-09-12 19:47:51"
},
{
"kids":[],
"uid":"1733837210",
"parent":"yByjrrTuG",
"text":"係咪真係敢開火阿？",
"mid":"yByRbdcMd",
"date":"2012-09-12 19:42:51"
},
{
"kids":[
"yByTd7UiN"
],
"uid":"sanjiansi1025",
"parent":"yBycwne65",
"text":"放你妈的屁！",
"mid":"yByQLxoRR",
"date":"2012-09-12 19:41:50"
},
{
"kids":[],
"uid":"2158580762",
"parent":"yBys5s9zx",
"text":"",
"mid":"yByKh5Wbn",
"date":"2012-09-12 19:25:50"
},
{
"kids":[],
"uid":"2209373882",
"parent":"",
"text":"操妈妈皮！早该这样了！",
"mid":"yByHmwC0E",
"date":"2012-09-12 19:18:40"
},
{
"kids":[],
"uid":"317133317",
"parent":"",
"text":"的確振奮人心[给力]",
"mid":"yByGA2gPN",
"date":"2012-09-12 19:16:44"
},
{
"kids":[],
"uid":"stuffyy",
"parent":"",
"text":"",
"mid":"yByFmpFQU",
"date":"2012-09-12 19:13:42"
},
{
"kids":[],
"uid":"2285002420",
"parent":"",
"text":"",
"mid":"yByCR0IZm",
"date":"2012-09-12 19:07:31"
},
{
"kids":[],
"uid":"snow114",
"parent":"yBw2L6PMp",
"text":"[鼓掌][鼓掌][鼓掌][鼓掌][鼓掌]",
"mid":"yByATxOKu",
"date":"2012-09-12 19:02:41"
},
{
"kids":[],
"uid":"lasomiso",
"parent":"yBykjdkC9",
"text":"希望是真的！",
"mid":"yByzbrreL",
"date":"2012-09-12 18:58:29"
},
{
"kids":[],
"uid":"2505419894",
"parent":"yBvj8mTd3",
"text":"",
"mid":"yByxXvrOv",
"date":"2012-09-12 18:55:30"
},
{
"kids":[],
"uid":"2296457607",
"parent":"yBuO8c1A0",
"text":"顶",
"mid":"yByxJjpUI",
"date":"2012-09-12 18:54:56"
},
{
"kids":[],
"uid":"2906823617",
"parent":"",
"text":"",
"mid":"yByxsb7Eu",
"date":"2012-09-12 18:54:14"
},
{
"kids":[],
"uid":"1876404762",
"parent":"yBysm1key",
"text":"干他娘的",
"mid":"yByx9iX7P",
"date":"2012-09-12 18:53:27"
},
{
"kids":[
"yByx9iX7P"
],
"uid":"1896618674",
"parent":"",
"text":"胡总发话拉！干",
"mid":"yBysm1key",
"date":"2012-09-12 18:41:41"
},
{
"kids":[
"yByKh5Wbn"
],
"uid":"1856361542",
"parent":"yByrwjfGa",
"text":"",
"mid":"yBys5s9zx",
"date":"2012-09-12 18:41:02"
},
{
"kids":[],
"uid":"jianfei1986",
"parent":"yByjrrTuG",
"text":"中国好样的。[鼓掌]",
"mid":"yBys2cWvZ",
"date":"2012-09-12 18:40:53"
},
{
"kids":[
"yBys5s9zx"
],
"uid":"1896618674",
"parent":"",
"text":"胡总发话拉！干",
"mid":"yByrwjfGa",
"date":"2012-09-12 18:39:37"
},
{
"kids":[
"yByXThNsY"
],
"uid":"2306971570",
"parent":"yBymsuhQO",
"text":"果断转啦，我们这种打不了仗的孩纸～声援下也好～",
"mid":"yByozDrgD",
"date":"2012-09-12 18:32:23"
},
{
"kids":[],
"uid":"seeyouatthetoparlene",
"parent":"yBybn9fmM",
"text":"Finally",
"mid":"yByntFt6c",
"date":"2012-09-12 18:29:42"
},
{
"kids":[
"yByozDrgD"
],
"uid":"2827790990",
"parent":"",
"text":"[good]",
"mid":"yBymsuhQO",
"date":"2012-09-12 18:27:10"
},
{
"kids":[],
"uid":"1839829537",
"parent":"yBy2ivYhQ",
"text":"",
"mid":"yBylLAmaf",
"date":"2012-09-12 18:25:29"
},
{
"kids":[],
"uid":"2901636245",
"parent":"yByjrrTuG",
"text":"",
"mid":"yByklASke",
"date":"2012-09-12 18:21:56"
},
{
"kids":[
"yByzbrreL"
],
"uid":"1738232170",
"parent":"yBy0jm2J1",
"text":"真的假的",
"mid":"yBykjdkC9",
"date":"2012-09-12 18:21:52"
},
{
"kids":[],
"uid":"2866836203",
"parent":"yByhFwKXt",
"text":"消灭日本鬼子！",
"mid":"yByjPlod3",
"date":"2012-09-12 18:20:41"
},
{
"kids":[
"yBzBfb5k3",
"yByRbdcMd",
"yBys2cWvZ",
"yByklASke"
],
"uid":"2571193355",
"parent":"",
"text":"转起！！！！",
"mid":"yByjrrTuG",
"date":"2012-09-12 18:19:44"
},
{
"kids":[
"yBzfptb1T"
],
"uid":"tian7777777",
"parent":"yBuCW4TM9",
"text":"该动起来了。",
"mid":"yByiE68Yv",
"date":"2012-09-12 18:17:46"
},
{
"kids":[
"yByjPlod3"
],
"uid":"1348215814",
"parent":"",
"text":"消灭日本鬼子！",
"mid":"yByhFwKXt",
"date":"2012-09-12 18:15:20"
},
{
"kids":[],
"uid":"1869679825",
"parent":"",
"text":"牛B，终于出手了！[威武][威武][威武]",
"mid":"yByhvtTz6",
"date":"2012-09-12 18:14:57"
},
{
"kids":[
"yByQLxoRR"
],
"uid":"2284798771",
"parent":"yBy7kyYy2",
"text":"[疑问]",
"mid":"yBycwne65",
"date":"2012-09-12 18:02:40"
},
{
"kids":[],
"uid":"2593615614",
"parent":"",
"text":"打打打！中国雄起！打到日本！！大家！一定不要用日货了！一定！！！",
"mid":"yByc9ANfM",
"date":"2012-09-12 18:01:47"
},
{
"kids":[
"yByntFt6c"
],
"uid":"chen123tom",
"parent":"",
"text":"",
"mid":"yBybn9fmM",
"date":"2012-09-12 17:59:51"
},
{
"kids":[],
"uid":"laurelgu",
"parent":"yBy4Cb5dy",
"text":"",
"mid":"yBy8OuEZ9",
"date":"2012-09-12 17:53:33"
},
{
"kids":[],
"uid":"nov006",
"parent":"",
"text":"已经辟谣了，这个不是真的。",
"mid":"yBy7QtSgZ",
"date":"2012-09-12 17:51:10"
},
{
"kids":[],
"uid":"sgxtopgun",
"parent":"",
"text":"",
"mid":"yBy7ldqtD",
"date":"2012-09-12 17:49:55"
},
{
"kids":[
"yBycwne65"
],
"uid":"2081684167",
"parent":"",
"text":"也该给点民族自信了",
"mid":"yBy7kyYy2",
"date":"2012-09-12 17:49:54"
},
{
"kids":[
"yBz00c2UQ"
],
"uid":"stuuuuu",
"parent":"yBy2ivYhQ",
"text":"系时候硬起了中国！",
"mid":"yBy4Krt6O",
"date":"2012-09-12 17:43:31"
},
{
"kids":[
"yBy8OuEZ9"
],
"uid":"2518896700",
"parent":"yBy2ivYhQ",
"text":"",
"mid":"yBy4Cb5dy",
"date":"2012-09-12 17:43:12"
},
{
"kids":[],
"uid":"2186850515",
"parent":"yBwmJfrL8",
"text":"",
"mid":"yBy47a01Y",
"date":"2012-09-12 17:41:58"
},
{
"kids":[],
"uid":"yaxin860417",
"parent":"yBxSUslad",
"text":"",
"mid":"yBy2Dy2Z0",
"date":"2012-09-12 17:38:20"
},
{
"kids":[],
"uid":"1960702815",
"parent":"yBy0jm2J1",
"text":"",
"mid":"yBy2kjwea",
"date":"2012-09-12 17:37:34"
},
{
"kids":[
"yBylLAmaf",
"yBy4Krt6O",
"yBy4Cb5dy"
],
"uid":"1877964281",
"parent":"yBxz89YL2",
"text":"真的？",
"mid":"yBy2ivYhQ",
"date":"2012-09-12 17:37:30"
},
{
"kids":[
"yBykjdkC9",
"yBy2kjwea"
],
"uid":"elsachen0303",
"parent":"",
"text":"终于雄起了[威武]",
"mid":"yBy0jm2J1",
"date":"2012-09-12 17:32:35"
},
{
"kids":[
"yBzAvnwar"
],
"uid":"1953525240",
"parent":"",
"text":"早该这样了",
"mid":"yBxYYC1Ci",
"date":"2012-09-12 17:29:19"
},
{
"kids":[],
"uid":"2837473142",
"parent":"",
"text":"打倒那狗日的小日本",
"mid":"yBxYYC1zm",
"date":"2012-09-12 17:29:18"
},
{
"kids":[],
"uid":"1782444283",
"parent":"yBvGb5NQw",
"text":"[good]",
"mid":"yBxYAETYl",
"date":"2012-09-12 17:28:19"
},
{
"kids":[
"yBzyUmdGx"
],
"uid":"1939626087",
"parent":"",
"text":"如果这次不强硬，周围小国都会臭来劲儿，所以该给小日本点颜色了",
"mid":"yBxY3yWe1",
"date":"2012-09-12 17:27:03"
},
{
"kids":[],
"uid":"2749308947",
"parent":"yBrkpBFsG",
"text":"",
"mid":"yBxXF1Q8g",
"date":"2012-09-12 17:26:02"
},
{
"kids":[],
"uid":"1750611685",
"parent":"",
"text":"求证实！别又是忽悠。",
"mid":"yBxVr3x86",
"date":"2012-09-12 17:20:35"
},
{
"kids":[],
"uid":"2382394413",
"parent":"",
"text":"",
"mid":"yBxUVrWme",
"date":"2012-09-12 17:19:20"
},
{
"kids":[],
"uid":"2663933751",
"parent":"",
"text":"",
"mid":"yBxUrjjND",
"date":"2012-09-12 17:18:08"
},
{
"kids":[],
"uid":"1869429985",
"parent":"",
"text":"",
"mid":"yBxSXnKHb",
"date":"2012-09-12 17:14:29"
},
{
"kids":[
"yBy2Dy2Z0"
],
"uid":"1517176054",
"parent":"",
"text":"",
"mid":"yBxSUslad",
"date":"2012-09-12 17:14:22"
},
{
"kids":[],
"uid":"2654667763",
"parent":"",
"text":"[笑哈哈]",
"mid":"yBxSEdbo4",
"date":"2012-09-12 17:13:44"
},
{
"kids":[],
"uid":"2356937425",
"parent":"",
"text":"[顶]早该强硬起来了",
"mid":"yBxRvx5HT",
"date":"2012-09-12 17:10:53"
},
{
"kids":[],
"uid":"katy007",
"parent":"",
"text":"[good]",
"mid":"yBxR2yutO",
"date":"2012-09-12 17:09:46"
},
{
"kids":[],
"uid":"2970350014",
"parent":"",
"text":"给力！",
"mid":"yBxJvr68V",
"date":"2012-09-12 16:51:13"
},
{
"kids":[],
"uid":"2589621254",
"parent":"yBwwcBl4M",
"text":"支持,但有点吓人!",
"mid":"yBxHDAchM",
"date":"2012-09-12 16:46:36"
},
{
"kids":[],
"uid":"2690080435",
"parent":"",
"text":"转发博文",
"mid":"yBxHuqzxe",
"date":"2012-09-12 16:46:12"
},
{
"kids":[
"yBy2ivYhQ"
],
"uid":"1835237317",
"parent":"yBwLm3CJI",
"text":"终于到了是该强硬的时候了。中国舰队是时候向世界展示实力啦。中国必胜！",
"mid":"yBxz89YL2",
"date":"2012-09-12 16:25:38"
},
{
"kids":[],
"uid":"2001799241",
"parent":"yBxgPr0fY",
"text":"",
"mid":"yBxwEt5Tp",
"date":"2012-09-12 16:19:32"
},
{
"kids":[
"yBxwEt5Tp"
],
"uid":"1009318795",
"parent":"yBxfIyUC5",
"text":"下令吧！",
"mid":"yBxgPr0fY",
"date":"2012-09-12 15:40:34"
},
{
"kids":[
"yBxgPr0fY"
],
"uid":"2691271723",
"parent":"",
"text":"",
"mid":"yBxfIyUC5",
"date":"2012-09-12 15:37:49"
},
{
"kids":[],
"uid":"skmj",
"parent":"",
"text":"[挖鼻屎]咁都俾你扯埋空姐个份[good]",
"mid":"yBxeH5MjP",
"date":"2012-09-12 15:35:14"
},
{
"kids":[],
"uid":"2713494143",
"parent":"yBwj8qlVt",
"text":"[话筒]",
"mid":"yBxaUtpRM",
"date":"2012-09-12 15:25:58"
},
{
"kids":[],
"uid":"2138647767",
"parent":"",
"text":"",
"mid":"yBx9UpI1G",
"date":"2012-09-12 15:23:30"
},
{
"kids":[
"yBYm7uhJi"
],
"uid":"1248182645",
"parent":"",
"text":"是中国人都不愿意让中国固有的领土给别人在眼皮底下拿走,坚持原则,抵制日货!",
"mid":"yBx99puFh",
"date":"2012-09-12 15:21:38"
},
{
"kids":[],
"uid":"2080679847",
"parent":"yBx5pao6l",
"text":"要打仗了阿'俺的股票阿''''",
"mid":"yBx5P8ksb",
"date":"2012-09-12 15:13:26"
},
{
"kids":[
"yBx5P8ksb"
],
"uid":"1842749490",
"parent":"",
"text":"@最最挪威 看到的时候已经太晚，但还是想问是不是该把手上的股票全割了？！？？！？！",
"mid":"yBx5pao6l",
"date":"2012-09-12 15:12:22"
},
{
"kids":[],
"uid":"1842749490",
"parent":"",
"text":"我的精神与一线的海军官兵们同在！欧也~",
"mid":"yBx4N30rx",
"date":"2012-09-12 15:10:53"
},
{
"kids":[],
"uid":"2181875157",
"parent":"yBuO8c1A0",
"text":"",
"mid":"yBx3IhkvU",
"date":"2012-09-12 15:08:13"
},
{
"kids":[],
"uid":"1957776781",
"parent":"yBuYdssh8",
"text":"是不是真的哟？",
"mid":"yBx35xy5i",
"date":"2012-09-12 15:06:42"
},
{
"kids":[],
"uid":"uc18068002",
"parent":"",
"text":"",
"mid":"yBx1xe98b",
"date":"2012-09-12 15:02:50"
},
{
"kids":[],
"uid":"sqr5",
"parent":"yBwYJrAuz",
"text":"一定是退一步！",
"mid":"yBx0i7eJ7",
"date":"2012-09-12 14:59:48"
},
{
"kids":[
"yBx0i7eJ7"
],
"uid":"1757451901",
"parent":"yBwWu0wQG",
"text":"[赞]系咪真噶",
"mid":"yBwYJrAuz",
"date":"2012-09-12 14:55:59"
},
{
"kids":[],
"uid":"1879415940",
"parent":"yBwLm3CJI",
"text":"[good]",
"mid":"yBwXVxMwJ",
"date":"2012-09-12 14:53:56"
},
{
"kids":[],
"uid":"1741200804",
"parent":"",
"text":"",
"mid":"yBwXB78gx",
"date":"2012-09-12 14:53:10"
},
{
"kids":[
"yBwYJrAuz"
],
"uid":"1811068830",
"parent":"yBtSPbMLf",
"text":"[挖鼻屎]那就直接对他们军事打击好了",
"mid":"yBwWu0wQG",
"date":"2012-09-12 14:50:24"
},
{
"kids":[],
"uid":"2090713254",
"parent":"yBvfE34PY",
"text":"有这么给力吗？",
"mid":"yBwTIzH9k",
"date":"2012-09-12 14:43:37"
},
{
"kids":[
"yCTQMjdBQ"
],
"uid":"235677625",
"parent":"yBwC0xsJg",
"text":"当真？？？",
"mid":"yBwTCqhAr",
"date":"2012-09-12 14:43:21"
},
{
"kids":[],
"uid":"1981lily",
"parent":"yBwIn4was",
"text":"真的吗？",
"mid":"yBwStsZcM",
"date":"2012-09-12 14:40:32"
},
{
"kids":[],
"uid":"2683205383",
"parent":"yBwB71z3A",
"text":"真的么？就不应该惯小日本毛病！说了算了！打…",
"mid":"yBwR1ll47",
"date":"2012-09-12 14:36:57"
},
{
"kids":[],
"uid":"2239797845",
"parent":"yBwt5pBoj",
"text":"顶起!这本来就是我们的",
"mid":"yBwNywwKC",
"date":"2012-09-12 14:28:27"
},
{
"kids":[],
"uid":"leileisuresure",
"parent":"",
"text":"@郭飞飞0616 国家就该像个爷们一样，天天都硬的铛铛滴~！",
"mid":"yBwMr4fAS",
"date":"2012-09-12 14:25:39"
},
{
"kids":[],
"uid":"gas23",
"parent":"yBwyth3qi",
"text":"[可怜]",
"mid":"yBwLon7jZ",
"date":"2012-09-12 14:23:06"
},
{
"kids":[
"yBxz89YL2",
"yBwXVxMwJ"
],
"uid":"hit1",
"parent":"yBv0nA7TL",
"text":"[good]",
"mid":"yBwLm3CJI",
"date":"2012-09-12 14:23:00"
},
{
"kids":[],
"uid":"2439231555",
"parent":"yBwtdo0wr",
"text":"da",
"mid":"yBwKWzBfm",
"date":"2012-09-12 14:22:00"
},
{
"kids":[],
"uid":"2209782471",
"parent":"yBwkqaGGl",
"text":"",
"mid":"yBwKN8r2s",
"date":"2012-09-12 14:21:37"
},
{
"kids":[
"yBwStsZcM"
],
"uid":"2011442741",
"parent":"yBwt5pBoj",
"text":"欢迎石原慎太郎来当移动靶，看看炮打得准不准！！！",
"mid":"yBwIn4was",
"date":"2012-09-12 14:15:39"
},
{
"kids":[],
"uid":"2284495241",
"parent":"yBwgur8UI",
"text":"[给力]",
"mid":"yBwHpDBBe",
"date":"2012-09-12 14:13:18"
},
{
"kids":[],
"uid":"mysweetiemilk",
"parent":"",
"text":"打击他！打击他！打击他！！",
"mid":"yBwGRmOVO",
"date":"2012-09-12 14:11:56"
},
{
"kids":[],
"uid":"210008222",
"parent":"",
"text":"",
"mid":"yBwGMn0x9",
"date":"2012-09-12 14:11:43"
},
{
"kids":[],
"uid":"2920215814",
"parent":"",
"text":"",
"mid":"yBwFdqniP",
"date":"2012-09-12 14:07:53"
},
{
"kids":[],
"uid":"2546347520",
"parent":"",
"text":"",
"mid":"yBwDYB5VZ",
"date":"2012-09-12 14:04:50"
},
{
"kids":[],
"uid":"2238203030",
"parent":"",
"text":"抵制日货请先格式化电脑D盘[阴险]你懂的....",
"mid":"yBwDImrxx",
"date":"2012-09-12 14:04:11"
},
{
"kids":[
"yBDUPyifK"
],
"uid":"2789784983",
"parent":"",
"text":"呼叫首都机场，停止一切与日本的航班，阿孜交给你了",
"mid":"yBwDy1u2k",
"date":"2012-09-12 14:03:45"
},
{
"kids":[],
"uid":"2739208443",
"parent":"yBwtcd9TJ",
"text":"真的假的，估计全国人民都会这么问，已经习惯只会抗议和声明的政府了",
"mid":"yBwCTdHg2",
"date":"2012-09-12 14:02:09"
},
{
"kids":[
"yBwTCqhAr"
],
"uid":"1862289493",
"parent":"yBwjwlj8C",
"text":"拭目以待",
"mid":"yBwC0xsJg",
"date":"2012-09-12 13:59:59"
},
{
"kids":[],
"uid":"gujingyun0517",
"parent":"",
"text":"",
"mid":"yBwBVw3Of",
"date":"2012-09-12 13:59:47"
},
{
"kids":[
"yBwR1ll47"
],
"uid":"321180909",
"parent":"yBwj8qlVt",
"text":"真的假的呀~~终于有行动了~~希望能一举成功~~坚持住~~",
"mid":"yBwB71z3A",
"date":"2012-09-12 13:57:46"
},
{
"kids":[],
"uid":"1771956813",
"parent":"yBwwj9YfW",
"text":"",
"mid":"yBwB2zl3s",
"date":"2012-09-12 13:57:36"
},
{
"kids":[],
"uid":"cgerdalian",
"parent":"yBwyth3qi",
"text":"假新闻，混淆视听！",
"mid":"yBwAomgAM",
"date":"2012-09-12 13:55:58"
},
{
"kids":[
"yBwLon7jZ",
"yBwAomgAM"
],
"uid":"dlqiufeng",
"parent":"",
"text":"求证真假，没有看到相关报道!@辟谣联盟 @微博辟谣",
"mid":"yBwyth3qi",
"date":"2012-09-12 13:51:14"
},
{
"kids":[],
"uid":"1943166853",
"parent":"yBwwj9YfW",
"text":"[鼓掌][鼓掌][鼓掌][鼓掌]",
"mid":"yBwxLyIra",
"date":"2012-09-12 13:49:32"
},
{
"kids":[],
"uid":"nony",
"parent":"",
"text":"",
"mid":"yBwxKoTIr",
"date":"2012-09-12 13:49:29"
},
{
"kids":[],
"uid":"jijilai",
"parent":"",
"text":"",
"mid":"yBwxuqqp9",
"date":"2012-09-12 13:48:51"
},
{
"kids":[],
"uid":"2872781102",
"parent":"yBvfE34PY",
"text":"[hold住]支持",
"mid":"yBwxf2M2y",
"date":"2012-09-12 13:48:14"
},
{
"kids":[
"yBwB2zl3s",
"yBwxLyIra"
],
"uid":"czmb",
"parent":"",
"text":"",
"mid":"yBwwj9YfW",
"date":"2012-09-12 13:45:56"
},
{
"kids":[
"yBxHDAchM"
],
"uid":"2207894942",
"parent":"",
"text":"[",
"mid":"yBwwcBl4M",
"date":"2012-09-12 13:45:41"
},
{
"kids":[],
"uid":"1853168023",
"parent":"",
"text":"消息未经证实拜托你别造谣好不？",
"mid":"yBwvLsodx",
"date":"2012-09-12 13:44:34"
},
{
"kids":[],
"uid":"1740232294",
"parent":"yBwmNnDq0",
"text":"打吧打吧，再不打岂不显示我们太软弱了。。。",
"mid":"yBwuCeteC",
"date":"2012-09-12 13:41:47"
},
{
"kids":[],
"uid":"2241565663",
"parent":"yBwmJfrL8",
"text":"说的好，弄死这些小日本。",
"mid":"yBwtW0BRs",
"date":"2012-09-12 13:40:05"
},
{
"kids":[],
"uid":"1966267347",
"parent":"",
"text":"终于。",
"mid":"yBwtDEVyP",
"date":"2012-09-12 13:39:22"
},
{
"kids":[
"yBwKWzBfm"
],
"uid":"1909031937",
"parent":"yBwkqaGGl",
"text":"昨天的消息，已经辟谣，属不实消息，睡觉鸟的同志们起来鸟。",
"mid":"yBwtdo0wr",
"date":"2012-09-12 13:38:19"
},
{
"kids":[
"yBwCTdHg2"
],
"uid":"2729417693",
"parent":"yBwolpt6t",
"text":"真的假的？？？",
"mid":"yBwtcd9TJ",
"date":"2012-09-12 13:38:14"
},
{
"kids":[
"yBwNywwKC",
"yBwIn4was"
],
"uid":"2094831535",
"parent":"yBwdW1F4A",
"text":"早该这样了。[鼓掌]",
"mid":"yBwt5pBoj",
"date":"2012-09-12 13:38:01"
},
{
"kids":[],
"uid":"1978856633",
"parent":"yBwlDfDla",
"text":"[哈哈][哈哈][哈哈]",
"mid":"yBwsppkjx",
"date":"2012-09-12 13:36:21"
},
{
"kids":[],
"uid":"1978856633",
"parent":"yBwlDfDla",
"text":"[哈哈][哈哈][哈哈]",
"mid":"yBwsh90gF",
"date":"2012-09-12 13:36:00"
},
{
"kids":[],
"uid":"2608324633",
"parent":"yBwj8qlVt",
"text":"小日本等死吧",
"mid":"yBwqp1P0E",
"date":"2012-09-12 13:31:24"
},
{
"kids":[],
"uid":"frankie928",
"parent":"",
"text":"此博我能否相信？[挖鼻屎]",
"mid":"yBwpe4X30",
"date":"2012-09-12 13:28:27"
},
{
"kids":[
"yBwtcd9TJ"
],
"uid":"1200925931",
"parent":"",
"text":"真的吗？",
"mid":"yBwolpt6t",
"date":"2012-09-12 13:26:18"
},
{
"kids":[],
"uid":"leletea8",
"parent":"yBr4DgC8w",
"text":"",
"mid":"yBwo6jJPw",
"date":"2012-09-12 13:25:43"
},
{
"kids":[
"yBwuCeteC"
],
"uid":"1859869094",
"parent":"",
"text":"",
"mid":"yBwmNnDq0",
"date":"2012-09-12 13:22:30"
},
{
"kids":[
"yBy47a01Y",
"yBwtW0BRs"
],
"uid":"2377202440",
"parent":"",
"text":"[威武]",
"mid":"yBwmJfrL8",
"date":"2012-09-12 13:22:21"
},
{
"kids":[
"yBwsppkjx",
"yBwsh90gF"
],
"uid":"2352295022",
"parent":"yBw7Xs5U5",
"text":"@monkeydong @Moniquilla @IvyChien雪婷 老板儿太好耍了",
"mid":"yBwlDfDla",
"date":"2012-09-12 13:19:37"
},
{
"kids":[
"yBwKN8r2s",
"yBwtdo0wr"
],
"uid":"1916860475",
"parent":"yBwj8qlVt",
"text":"中国人民是强大的",
"mid":"yBwkqaGGl",
"date":"2012-09-12 13:16:39"
},
{
"kids":[],
"uid":"1727264457",
"parent":"yBwj8qlVt",
"text":"",
"mid":"yBwkf0pmR",
"date":"2012-09-12 13:16:12"
},
{
"kids":[],
"uid":"974273666",
"parent":"yBwj8qlVt",
"text":"",
"mid":"yBwk15zfp",
"date":"2012-09-12 13:15:39"
},
{
"kids":[],
"uid":"1016532571",
"parent":"yBtFf1wuj",
"text":"同意，总是日本一系列行动过后我方采取应对措施，何不直接把国旗插上钓鱼岛并宣布该岛为我国到导弹、原子弹靶场，看日本咋应对",
"mid":"yBwjMh3A1",
"date":"2012-09-12 13:15:03"
},
{
"kids":[
"yBwC0xsJg"
],
"uid":"1838144953",
"parent":"",
"text":"终于有所反应。",
"mid":"yBwjwlj8C",
"date":"2012-09-12 13:14:24"
},
{
"kids":[],
"uid":"2137902681",
"parent":"yBvTCEYK6",
"text":"开打，小日本嚣张什么[最差]",
"mid":"yBwjb65zh",
"date":"2012-09-12 13:13:35"
},
{
"kids":[
"yBxaUtpRM",
"yBwB71z3A",
"yBwqp1P0E",
"yBwkqaGGl",
"yBwkf0pmR",
"yBwk15zfp"
],
"uid":"2491473274",
"parent":"yBwicuwQw",
"text":"终于硬了~~",
"mid":"yBwj8qlVt",
"date":"2012-09-12 13:13:29"
},
{
"kids":[
"yBwj8qlVt"
],
"uid":"vheting",
"parent":"yBvVRvvNg",
"text":"祖国啊！",
"mid":"yBwicuwQw",
"date":"2012-09-12 13:11:11"
},
{
"kids":[],
"uid":"2036524294",
"parent":"",
"text":"難道真的幹起來了？",
"mid":"yBwhT0qvm",
"date":"2012-09-12 13:10:25"
},
{
"kids":[],
"uid":"1828822274",
"parent":"",
"text":"[赞]",
"mid":"yBwhN763y",
"date":"2012-09-12 13:10:08"
},
{
"kids":[],
"uid":"2502394390",
"parent":"yBwaOrrpj",
"text":"然后再派@lucky爸lucky爸 去把小日子三光",
"mid":"yBwhBxKkB",
"date":"2012-09-12 13:09:42"
},
{
"kids":[
"yBwHpDBBe"
],
"uid":"2254834454",
"parent":"",
"text":"[good]",
"mid":"yBwgur8UI",
"date":"2012-09-12 13:06:58"
},
{
"kids":[],
"uid":"lw2833",
"parent":"yBwcGhM71",
"text":"",
"mid":"yBwgslHRv",
"date":"2012-09-12 13:06:53"
},
{
"kids":[],
"uid":"wunuo0811",
"parent":"yBv9T8NgE",
"text":"假新闻。",
"mid":"yBwf6qMCe",
"date":"2012-09-12 13:03:33"
},
{
"kids":[],
"uid":"2149293570",
"parent":"",
"text":"",
"mid":"yBweCjsSg",
"date":"2012-09-12 13:02:21"
},
{
"kids":[],
"uid":"babymes",
"parent":"",
"text":"假新闻吧，这么多年有见过这么有力的言论么。包括南斯拉夫使馆被炸，都是忍忍就过了",
"mid":"yBwew7aX3",
"date":"2012-09-12 13:02:05"
},
{
"kids":[
"yBwt5pBoj"
],
"uid":"2721661901",
"parent":"yBvkdqbkP",
"text":"",
"mid":"yBwdW1F4A",
"date":"2012-09-12 13:00:40"
},
{
"kids":[],
"uid":"2080574183",
"parent":"",
"text":"密切关注事态进展~",
"mid":"yBwdTEnhR",
"date":"2012-09-12 13:00:36"
},
{
"kids":[
"yBwgslHRv"
],
"uid":"1066657330",
"parent":"yBw3XgvZQ",
"text":"真的？",
"mid":"yBwcGhM71",
"date":"2012-09-12 12:57:35"
},
{
"kids":[],
"uid":"206448488",
"parent":"yBw2BAUv9",
"text":"我们一定要一硬到底",
"mid":"yBwcA6dmM",
"date":"2012-09-12 12:57:21"
},
{
"kids":[],
"uid":"yvonne8616",
"parent":"",
"text":"真的吗假的？？？",
"mid":"yBwchvyJ5",
"date":"2012-09-12 12:56:35"
},
{
"kids":[],
"uid":"2879942605",
"parent":"",
"text":"[good]",
"mid":"yBwbRdvUP",
"date":"2012-09-12 12:55:33"
},
{
"kids":[
"yBwhBxKkB"
],
"uid":"2041192540",
"parent":"",
"text":"早就应该这样了，[鼓掌]",
"mid":"yBwaOrrpj",
"date":"2012-09-12 12:52:59"
},
{
"kids":[],
"uid":"1869250941",
"parent":"yBw6Bzzsy",
"text":"好样的",
"mid":"yBwaH6Fys",
"date":"2012-09-12 12:52:40"
},
{
"kids":[],
"uid":"1241867401",
"parent":"yBw2L6PMp",
"text":"",
"mid":"yBwaqfrqT",
"date":"2012-09-12 12:52:01"
},
{
"kids":[],
"uid":"331311898",
"parent":"",
"text":"",
"mid":"yBwak3cb6",
"date":"2012-09-12 12:51:46"
},
{
"kids":[],
"uid":"2011lillian",
"parent":"yBvXH109a",
"text":"几时有得打仗，我报名[耶]",
"mid":"yBw94mdSr",
"date":"2012-09-12 12:48:39"
},
{
"kids":[
"yBwlDfDla"
],
"uid":"2053079965",
"parent":"",
"text":"终于开始了！女优全部留下，其它全部打死。",
"mid":"yBw7Xs5U5",
"date":"2012-09-12 12:45:55"
},
{
"kids":[],
"uid":"839709352",
"parent":"",
"text":"对做得好",
"mid":"yBw7WClTB",
"date":"2012-09-12 12:45:54"
},
{
"kids":[],
"uid":"vehawang",
"parent":"yBw6f879s",
"text":"",
"mid":"yBw6V67JF",
"date":"2012-09-12 12:43:24"
},
{
"kids":[
"yBwaH6Fys"
],
"uid":"1861165314",
"parent":"yBw1wz6U2",
"text":"[赞]",
"mid":"yBw6Bzzsy",
"date":"2012-09-12 12:42:37"
},
{
"kids":[
"yBw6V67JF"
],
"uid":"1628766200",
"parent":"yBw0jtOcy",
"text":"就该如此，边境线",
"mid":"yBw6f879s",
"date":"2012-09-12 12:41:42"
},
{
"kids":[],
"uid":"2881431362",
"parent":"",
"text":"转发微博。",
"mid":"yBw4Z7TfT",
"date":"2012-09-12 12:38:37"
},
{
"kids":[],
"uid":"1640504042",
"parent":"yBvN2zonp",
"text":"",
"mid":"yBw4ycYXU",
"date":"2012-09-12 12:37:33"
},
{
"kids":[],
"uid":"xiaokeith",
"parent":"",
"text":"",
"mid":"yBw4iy888",
"date":"2012-09-12 12:36:56"
},
{
"kids":[],
"uid":"2075091233",
"parent":"",
"text":"钓鱼岛是中国的……[日本][叉][叉][叉][叉][叉][叉]",
"mid":"yBw4h5NSO",
"date":"2012-09-12 12:36:52"
},
{
"kids":[
"yBwcGhM71"
],
"uid":"2159039597",
"parent":"yBw1BBKDw",
"text":"确定不是谣言吗？",
"mid":"yBw3XgvZQ",
"date":"2012-09-12 12:36:05"
},
{
"kids":[
"yByATxOKu",
"yBwaqfrqT"
],
"uid":"dearprince",
"parent":"",
"text":"[威武][威武][威武]",
"mid":"yBw2L6PMp",
"date":"2012-09-12 12:33:07"
},
{
"kids":[
"yBwcA6dmM"
],
"uid":"stll",
"parent":"",
"text":"我擦，真假！？雄起了！？",
"mid":"yBw2BAUv9",
"date":"2012-09-12 12:32:46"
},
{
"kids":[],
"uid":"2694806183",
"parent":"yBvXH109a",
"text":"",
"mid":"yBw2ken1L",
"date":"2012-09-12 12:32:04"
},
{
"kids":[
"yBw3XgvZQ"
],
"uid":"1866238787",
"parent":"yBw0jtOcy",
"text":"干……",
"mid":"yBw1BBKDw",
"date":"2012-09-12 12:30:17"
},
{
"kids":[
"yBw6Bzzsy"
],
"uid":"jokerlos2r",
"parent":"",
"text":"天朝雄起!!!",
"mid":"yBw1wz6U2",
"date":"2012-09-12 12:30:06"
},
{
"kids":[],
"uid":"208566615",
"parent":"yBvZEb8pC",
"text":"干日本！",
"mid":"yBw0K6msX",
"date":"2012-09-12 12:28:10"
},
{
"kids":[
"yBw6f879s",
"yBw1BBKDw"
],
"uid":"1251521477",
"parent":"yBvVRvvNg",
"text":"打到日本帝国主义，死啦死啦的幼",
"mid":"yBw0jtOcy",
"date":"2012-09-12 12:27:07"
},
{
"kids":[],
"uid":"2520614437",
"parent":"yBv9XgYNG",
"text":"",
"mid":"yBvZM773G",
"date":"2012-09-12 12:25:47"
},
{
"kids":[
"yBw0K6msX"
],
"uid":"208489888",
"parent":"yBvVvBGvl",
"text":"[赞]崛起！",
"mid":"yBvZEb8pC",
"date":"2012-09-12 12:25:28"
},
{
"kids":[],
"uid":"mingyangf4",
"parent":"yBvVRvvNg",
"text":"热泪盈眶的转发！",
"mid":"yBvYG98Mz",
"date":"2012-09-12 12:23:05"
},
{
"kids":[],
"uid":"2215638123",
"parent":"yBvVvBGvl",
"text":"[懒得理你][懒得理你]拉倒吧 小日本岛上都有人守着呢 怎么不见去打呀 还12海里呢",
"mid":"yBvXToDYt",
"date":"2012-09-12 12:21:09"
},
{
"kids":[],
"uid":"ojekn8684",
"parent":"yBvVRvvNg",
"text":"",
"mid":"yBvXT7XHX",
"date":"2012-09-12 12:21:06"
},
{
"kids":[
"yBw94mdSr",
"yBw2ken1L"
],
"uid":"juanqueen",
"parent":"yBvVRvvNg",
"text":"早該動起來了。郁距。",
"mid":"yBvXH109a",
"date":"2012-09-12 12:20:38"
},
{
"kids":[],
"uid":"1782472221",
"parent":"",
"text":"@ti宝",
"mid":"yBvXjF3c4",
"date":"2012-09-12 12:19:44"
},
{
"kids":[],
"uid":"anlly5",
"parent":"",
"text":"[good]敢来侵我国线就要打",
"mid":"yBvX6EQwK",
"date":"2012-09-12 12:19:12"
},
{
"kids":[],
"uid":"319751666",
"parent":"",
"text":"小日本的~你要是靠近钓鱼岛半步就打死你！",
"mid":"yBvWGlbzr",
"date":"2012-09-12 12:18:09"
},
{
"kids":[
"yDzRXAjSz",
"yBwicuwQw",
"yBw0jtOcy",
"yBvYG98Mz",
"yBvXT7XHX",
"yBvXH109a"
],
"uid":"1742983511",
"parent":"yBvVvBGvl",
"text":"",
"mid":"yBvVRvvNg",
"date":"2012-09-12 12:16:09"
},
{
"kids":[
"yBvZEb8pC",
"yBvXToDYt",
"yBvVRvvNg"
],
"uid":"208534443",
"parent":"yBvkdqbkP",
"text":"小日本 打死你！",
"mid":"yBvVvBGvl",
"date":"2012-09-12 12:15:16"
},
{
"kids":[],
"uid":"1909115244",
"parent":"",
"text":"灰常好…",
"mid":"yBvUQigJR",
"date":"2012-09-12 12:13:38"
},
{
"kids":[],
"uid":"baichenshufa",
"parent":"yBuVUrju9",
"text":"",
"mid":"yBvTNzWXH",
"date":"2012-09-12 12:11:03"
},
{
"kids":[],
"uid":"522479789",
"parent":"yBuVN4bGL",
"text":"",
"mid":"yBvTDvwXP",
"date":"2012-09-12 12:10:39"
},
{
"kids":[
"yBwjb65zh"
],
"uid":"1672333002",
"parent":"yBv1mbmf9",
"text":"坐等[熊猫]",
"mid":"yBvTCEYK6",
"date":"2012-09-12 12:10:38"
},
{
"kids":[],
"uid":"skmj",
"parent":"",
"text":"",
"mid":"yBvOKms73",
"date":"2012-09-12 11:58:38"
},
{
"kids":[],
"uid":"2205392390",
"parent":"",
"text":"干死狗日的~[帅]",
"mid":"yBvNDujQz",
"date":"2012-09-12 11:55:51"
},
{
"kids":[
"yBw4ycYXU"
],
"uid":"327508686",
"parent":"yBuzx6W5K",
"text":"[威武]",
"mid":"yBvN2zonp",
"date":"2012-09-12 11:54:25"
},
{
"kids":[],
"uid":"youyou666",
"parent":"yBvnHb6a1",
"text":"",
"mid":"yBvMGpzCD",
"date":"2012-09-12 11:53:32"
},
{
"kids":[],
"uid":"1942478337",
"parent":"",
"text":"[good]",
"mid":"yBvKDjL7l",
"date":"2012-09-12 11:48:29"
},
{
"kids":[],
"uid":"1872golfcn",
"parent":"yBvfE34PY",
"text":"捍卫主权，支持",
"mid":"yBvK1eAM7",
"date":"2012-09-12 11:46:58"
},
{
"kids":[
"zp4ajA2jG",
"zp4aj0PR3",
"zoSg30sFp",
"zoSg2oOVD",
"znWA2Afld"
],
"uid":"1427578013",
"parent":"",
"text":"",
"mid":"yBvJV3l9Q",
"date":"2012-09-12 11:46:41"
},
{
"kids":[],
"uid":"1006019761",
"parent":"yBsW2BnN1",
"text":"打日本",
"mid":"yBvIM7G4W",
"date":"2012-09-12 11:43:54"
},
{
"kids":[
"yC0Egf14X"
],
"uid":"1274186234",
"parent":"yBuVUrju9",
"text":"钓鱼岛是中国的！",
"mid":"yBvIClAsK",
"date":"2012-09-12 11:43:31"
},
{
"kids":[
"yBxYAETYl"
],
"uid":"1808812092",
"parent":"yBuRevD9Z",
"text":"真的假的？",
"mid":"yBvGb5NQw",
"date":"2012-09-12 11:37:29"
},
{
"kids":[],
"uid":"1464805665",
"parent":"yBviWcUr9",
"text":"",
"mid":"yBvEYzA0j",
"date":"2012-09-12 11:34:33"
},
{
"kids":[
"yBPAO0GvE",
"yBFC2fAdH"
],
"uid":"1070153647",
"parent":"",
"text":"",
"mid":"yBvEreArz",
"date":"2012-09-12 11:33:13"
},
{
"kids":[],
"uid":"1294117893",
"parent":"",
"text":"干",
"mid":"yBvDebIfJ",
"date":"2012-09-12 11:30:12"
},
{
"kids":[],
"uid":"1843555837",
"parent":"",
"text":"",
"mid":"yBvCZmawQ",
"date":"2012-09-12 11:29:39"
},
{
"kids":[],
"uid":"1866003802",
"parent":"yBv91A82D",
"text":"[赞][赞][赞][威武]",
"mid":"yBvBw5RlG",
"date":"2012-09-12 11:26:01"
},
{
"kids":[],
"uid":"leejimmy",
"parent":"yBv0nA7TL",
"text":"",
"mid":"yBvAzyQRF",
"date":"2012-09-12 11:23:42"
},
{
"kids":[],
"uid":"2175289143",
"parent":"",
"text":"[围观]",
"mid":"yBvA8Fb66",
"date":"2012-09-12 11:22:38"
},
{
"kids":[],
"uid":"kirosyang",
"parent":"",
"text":"同志们！我准备出征了！哈哈哈！小日本我艹你祖宗！",
"mid":"yBvzRwM5s",
"date":"2012-09-12 11:21:57"
},
{
"kids":[],
"uid":"2136862221",
"parent":"",
"text":"好~~~胡总都发话了",
"mid":"yBvzHciZc",
"date":"2012-09-12 11:21:33"
},
{
"kids":[],
"uid":"1942730403",
"parent":"yBuk8B79G",
"text":"",
"mid":"yBvzApfEb",
"date":"2012-09-12 11:21:16"
},
{
"kids":[],
"uid":"lisaly",
"parent":"yBvwsz0Rj",
"text":"揍丫挺的小鬼子们！",
"mid":"yBvyOchcI",
"date":"2012-09-12 11:19:21"
},
{
"kids":[],
"uid":"magic5dmovie",
"parent":"",
"text":"必须强硬。给狗日的几火箭。",
"mid":"yBvxABz90",
"date":"2012-09-12 11:16:20"
},
{
"kids":[
"yBvyOchcI"
],
"uid":"2193812640",
"parent":"yBrOknGn0",
"text":"草你妈小日本",
"mid":"yBvwsz0Rj",
"date":"2012-09-12 11:13:34"
},
{
"kids":[],
"uid":"208100019",
"parent":"yBv9av5UP",
"text":"",
"mid":"yBvwe5uYW",
"date":"2012-09-12 11:12:58"
},
{
"kids":[],
"uid":"522512388",
"parent":"yBvgw9KgU",
"text":"总算有雄起的时候了[赞]",
"mid":"yBvvKetvI",
"date":"2012-09-12 11:11:47"
},
{
"kids":[],
"uid":"1760154087",
"parent":"",
"text":"",
"mid":"yBvvn9X2w",
"date":"2012-09-12 11:10:53"
},
{
"kids":[],
"uid":"2997269482",
"parent":"",
"text":"",
"mid":"yBvtany8U",
"date":"2012-09-12 11:05:27"
},
{
"kids":[],
"uid":"2614363833",
"parent":"",
"text":"搞死小日本",
"mid":"yBvsA3nEK",
"date":"2012-09-12 11:04:00"
},
{
"kids":[],
"uid":"2947335920",
"parent":"",
"text":"[给力]",
"mid":"yBvpVswBu",
"date":"2012-09-12 10:57:28"
},
{
"kids":[],
"uid":"1792480703",
"parent":"yBvnHb6a1",
"text":"意淫吧，干死中国都不会和日本打的，之会骂骂咧咧",
"mid":"yBvpeyWcE",
"date":"2012-09-12 10:55:46"
},
{
"kids":[],
"uid":"2354452714",
"parent":"yBvfE34PY",
"text":"",
"mid":"yBvp7dsUU",
"date":"2012-09-12 10:55:28"
},
{
"kids":[],
"uid":"2129857024",
"parent":"",
"text":"总算有点实质性的行动了。",
"mid":"yBvoQ2Zu8",
"date":"2012-09-12 10:54:46"
},
{
"kids":[],
"uid":"2005133517",
"parent":"",
"text":"[怒][怒][怒][怒]",
"mid":"yBvovom1k",
"date":"2012-09-12 10:53:57"
},
{
"kids":[],
"uid":"wxjunri",
"parent":"",
"text":"",
"mid":"yBvorfukZ",
"date":"2012-09-12 10:53:48"
},
{
"kids":[],
"uid":"1806788322",
"parent":"",
"text":"打死他们",
"mid":"yBvon7Yuh",
"date":"2012-09-12 10:53:36"
},
{
"kids":[],
"uid":"2882918795",
"parent":"",
"text":"评论是亮点",
"mid":"yBvol1kxc",
"date":"2012-09-12 10:53:32"
},
{
"kids":[],
"uid":"1431442622",
"parent":"",
"text":"要打就打，哆嗦什么",
"mid":"yBvo4d4Vg",
"date":"2012-09-12 10:52:51"
},
{
"kids":[
"yBvMGpzCD",
"yBvpeyWcE"
],
"uid":"ling19406965",
"parent":"yBsJ9yCzt",
"text":"",
"mid":"yBvnHb6a1",
"date":"2012-09-12 10:51:58"
},
{
"kids":[],
"uid":"2789784983",
"parent":"",
"text":"[围观]",
"mid":"yBvmlw4oM",
"date":"2012-09-12 10:48:39"
},
{
"kids":[],
"uid":"2249685892",
"parent":"yBuK23fbM",
"text":"顶起[good]",
"mid":"yBvlO8vKj",
"date":"2012-09-12 10:47:18"
},
{
"kids":[],
"uid":"platinumisalso",
"parent":"yBviWcUr9",
"text":"",
"mid":"yBvl1mCHB",
"date":"2012-09-12 10:45:23"
},
{
"kids":[],
"uid":"1066513353",
"parent":"yBvfE34PY",
"text":"支持",
"mid":"yBvkke4hR",
"date":"2012-09-12 10:43:41"
},
{
"kids":[],
"uid":"aki0814",
"parent":"",
"text":"中國不能再軟弱了",
"mid":"yBvkfdrf9",
"date":"2012-09-12 10:43:28"
},
{
"kids":[
"yBwdW1F4A",
"yBvVvBGvl"
],
"uid":"2471040053",
"parent":"yBuQ9t6cr",
"text":"看得我热泪盈眶啊，祖国啊，你终于硬了",
"mid":"yBvkdqbkP",
"date":"2012-09-12 10:43:24"
},
{
"kids":[],
"uid":"2263624913",
"parent":"",
"text":"火了~~",
"mid":"yBvjKuTLj",
"date":"2012-09-12 10:42:15"
},
{
"kids":[
"yByxXvrOv"
],
"uid":"mesopo",
"parent":"yBuZ3adoc",
"text":"打",
"mid":"yBvj8mTd3",
"date":"2012-09-12 10:40:43"
},
{
"kids":[
"yBvEYzA0j",
"yBvl1mCHB"
],
"uid":"1263883883",
"parent":"yBvfE34PY",
"text":"",
"mid":"yBviWcUr9",
"date":"2012-09-12 10:40:15"
},
{
"kids":[],
"uid":"179634590",
"parent":"yBvgw9KgU",
"text":"看来胡子大番子听牌了",
"mid":"yBviG1ncg",
"date":"2012-09-12 10:39:36"
},
{
"kids":[],
"uid":"2881011500",
"parent":"yBvfE34PY",
"text":"",
"mid":"yBvi8y51V",
"date":"2012-09-12 10:38:16"
},
{
"kids":[],
"uid":"2178158371",
"parent":"yBv8y3TK6",
"text":"每天看到这些新闻就让我揪心，当官的都很生气，很生气，但是不会发脾气！还不如把岛送了算啦，省得国人揪心啊",
"mid":"yBvhiikFM",
"date":"2012-09-12 10:36:11"
},
{
"kids":[],
"uid":"2340117011",
"parent":"",
"text":"姊妹们，钓鱼岛旅游即将实现，带上你的舞鞋，喝着青啤，吃着烧烤，跳着最炫民族风。",
"mid":"yBvhcmYPu",
"date":"2012-09-12 10:35:58"
},
{
"kids":[
"yBPxDtL5o",
"yBFuMdtal"
],
"uid":"1047691534",
"parent":"yBqEWg21U",
"text":"@bamboo爱熊猫 @贾敏Jocelyn @Judy-朱孃不姓朱 @我是欠吃吧 @LydiaLiu曰Lucky @xing星儿 @yousee悦色餐吧 @叽叽ZaZa @",
"mid":"yBvh7nTBP",
"date":"2012-09-12 10:35:45"
},
{
"kids":[],
"uid":"2098967644",
"parent":"",
"text":"打死小日！！",
"mid":"yBvh00b6g",
"date":"2012-09-12 10:35:27"
},
{
"kids":[],
"uid":"2183882817",
"parent":"yBvfE34PY",
"text":"希望是真的，舆论的压力还是有效果的嘛",
"mid":"yBvgRql9i",
"date":"2012-09-12 10:35:07"
},
{
"kids":[
"yBvvKetvI",
"yBviG1ncg"
],
"uid":"wuhq2012",
"parent":"yBvfE34PY",
"text":"胡总",
"mid":"yBvgw9KgU",
"date":"2012-09-12 10:34:17"
},
{
"kids":[
"yBwTIzH9k",
"yBwxf2M2y",
"yBvK1eAM7",
"yBvp7dsUU",
"yBvkke4hR",
"yBviWcUr9",
"yBvi8y51V",
"yBvgRql9i",
"yBvgw9KgU"
],
"uid":"1665227301",
"parent":"yBv9av5UP",
"text":"",
"mid":"yBvfE34PY",
"date":"2012-09-12 10:32:07"
},
{
"kids":[],
"uid":"johannesbolter",
"parent":"",
"text":"我能确定4点：1 此乃假消息；2 就算不是假消息也是放屁 给国人聊以自慰而已；3 会开炮的年代过去了 我们求着日本何谈呢；4 一月过后 一切照旧百年之后 钓鱼岛问题依然如故",
"mid":"yBvetn7nU",
"date":"2012-09-12 10:29:14"
},
{
"kids":[],
"uid":"sunyuekai",
"parent":"",
"text":"[围观]",
"mid":"yBvej3byp",
"date":"2012-09-12 10:28:48"
},
{
"kids":[],
"uid":"yaoqingmei",
"parent":"yBv9XgYNG",
"text":"[good]",
"mid":"yBvefc3EK",
"date":"2012-09-12 10:28:41"
},
{
"kids":[],
"uid":"1981753812",
"parent":"yBv76f0Wj",
"text":"真滴吗？",
"mid":"yBvdX9Uxu",
"date":"2012-09-12 10:27:57"
},
{
"kids":[],
"uid":"2478700861",
"parent":"",
"text":"[威武]",
"mid":"yBvcOxnAj",
"date":"2012-09-12 10:25:09"
},
{
"kids":[],
"uid":"yangike",
"parent":"yBv91A82D",
"text":"视频呢",
"mid":"yBvbWu3A4",
"date":"2012-09-12 10:23:00"
},
{
"kids":[],
"uid":"2314121573",
"parent":"yBv0h6fhE",
"text":"[赞]",
"mid":"yBvaoqEBD",
"date":"2012-09-12 10:19:12"
},
{
"kids":[],
"uid":"2252121985",
"parent":"yBuCW4TM9",
"text":"",
"mid":"yBvacA2Gh",
"date":"2012-09-12 10:18:44"
},
{
"kids":[
"yBvZM773G",
"yBvefc3EK"
],
"uid":"wz8619",
"parent":"yBv0h6fhE",
"text":"[good]",
"mid":"yBv9XgYNG",
"date":"2012-09-12 10:18:06"
},
{
"kids":[],
"uid":"aojiabinbin",
"parent":"",
"text":"",
"mid":"yBv9WDKzM",
"date":"2012-09-12 10:18:06"
},
{
"kids":[
"yBwf6qMCe"
],
"uid":"2238983573",
"parent":"",
"text":"",
"mid":"yBv9T8NgE",
"date":"2012-09-12 10:17:57"
},
{
"kids":[],
"uid":"1994775613",
"parent":"yBuUZ5Z3W",
"text":"总算说了句痛快话！",
"mid":"yBv9AtVsx",
"date":"2012-09-12 10:17:13"
},
{
"kids":[
"yBvwe5uYW",
"yBvfE34PY"
],
"uid":"1379231160",
"parent":"",
"text":"@烟斗老姚 @我爱佛缘 @水瓶甜甜",
"mid":"yBv9av5UP",
"date":"2012-09-12 10:16:10"
},
{
"kids":[],
"uid":"evendream119",
"parent":"yBuYWmi9Z",
"text":"",
"mid":"yBv99iFzJ",
"date":"2012-09-12 10:16:08"
},
{
"kids":[
"yBvBw5RlG",
"yBvbWu3A4"
],
"uid":"1802863913",
"parent":"yBuZe6jRm",
"text":"",
"mid":"yBv91A82D",
"date":"2012-09-12 10:15:50"
},
{
"kids":[
"yBvhiikFM"
],
"uid":"1817190882",
"parent":"yBuVUrju9",
"text":"废话一大堆，行动实为O的政府。",
"mid":"yBv8y3TK6",
"date":"2012-09-12 10:14:39"
},
{
"kids":[],
"uid":"2078266915",
"parent":"yBuZ3adoc",
"text":"早该如此，我们虽然不是极端分子，但是对这种用人话沟通不了的种族我们也有用武力解决争端的能力",
"mid":"yBv8y3m2A",
"date":"2012-09-12 10:14:39"
},
{
"kids":[
"yBvdX9Uxu"
],
"uid":"lnrice",
"parent":"yBuZHjWj5",
"text":"希望是真的。",
"mid":"yBv76f0Wj",
"date":"2012-09-12 10:11:05"
},
{
"kids":[],
"uid":"2196852944",
"parent":"yBuZ3adoc",
"text":"",
"mid":"yBv6CpyGv",
"date":"2012-09-12 10:09:54"
},
{
"kids":[],
"uid":"2148425454",
"parent":"yBv1GhtWO",
"text":"现在中日战事是一触即发，我百分百支持打小日本，已经忍无可忍了！[怒][怒][怒]",
"mid":"yBv5wshJf",
"date":"2012-09-12 10:07:11"
},
{
"kids":[
"yBz4mgYOm"
],
"uid":"1567859272",
"parent":"",
"text":"真的吗！太爽了！！早就应该这样了。",
"mid":"yBv5jq2pY",
"date":"2012-09-12 10:06:41"
},
{
"kids":[],
"uid":"ainixuziyang",
"parent":"yBrDd3eP9",
"text":"",
"mid":"yBv3R0MDJ",
"date":"2012-09-12 10:03:05"
},
{
"kids":[],
"uid":"1838924131",
"parent":"",
"text":"一炮轰回远古时代",
"mid":"yBv3O4wCI",
"date":"2012-09-12 10:02:58"
},
{
"kids":[],
"uid":"1871952170",
"parent":"",
"text":"[good]",
"mid":"yBv2ZeyPZ",
"date":"2012-09-12 10:00:57"
},
{
"kids":[
"yCjKXix6I"
],
"uid":"smilecaroltty",
"parent":"yBpqCwPMW",
"text":"",
"mid":"yBv2ctMnj",
"date":"2012-09-12 09:59:01"
},
{
"kids":[
"yBv5wshJf"
],
"uid":"2134177007",
"parent":"",
"text":"別以訛傳訛吧,好像沒此事呢,有點阿Q了吧.要打小鬼子,俺第一個支持!但希望大家用頭腦想想,別動不動就輕信謠言.",
"mid":"yBv1GhtWO",
"date":"2012-09-12 09:57:44"
},
{
"kids":[],
"uid":"314443666",
"parent":"yBuYWmi9Z",
"text":"[威武]",
"mid":"yBv1v1xEK",
"date":"2012-09-12 09:57:17"
},
{
"kids":[
"yBvTCEYK6"
],
"uid":"2058131955",
"parent":"yBuGLBjtR",
"text":"打打打。。。。领土问题，没半点话讲！！！",
"mid":"yBv1mbmf9",
"date":"2012-09-12 09:56:56"
},
{
"kids":[],
"uid":"1869493311",
"parent":"yBuZ3adoc",
"text":"",
"mid":"yBv16ugGK",
"date":"2012-09-12 09:56:19"
},
{
"kids":[],
"uid":"2406411464",
"parent":"",
"text":"NB了！[good]",
"mid":"yBv12DHOw",
"date":"2012-09-12 09:56:10"
},
{
"kids":[],
"uid":"2271837971",
"parent":"yBuKdAeDx",
"text":"@天涯砼军",
"mid":"yBv0QwhPC",
"date":"2012-09-12 09:55:41"
},
{
"kids":[],
"uid":"2296998994",
"parent":"",
"text":"复兴中华      中国军队必胜     胡总万岁",
"mid":"yBv0NAx2y",
"date":"2012-09-12 09:55:34"
},
{
"kids":[
"yBwLm3CJI",
"yBvAzyQRF"
],
"uid":"lgxbaby",
"parent":"",
"text":"轉發微博。",
"mid":"yBv0nA7TL",
"date":"2012-09-12 09:54:32"
},
{
"kids":[
"yBvaoqEBD",
"yBv9XgYNG"
],
"uid":"1611405754",
"parent":"yBuZe6jRm",
"text":"[赞]",
"mid":"yBv0h6fhE",
"date":"2012-09-12 09:54:16"
},
{
"kids":[
"yBv76f0Wj"
],
"uid":"olvision",
"parent":"",
"text":"这尼玛是金滴吗？太他妈解气了！",
"mid":"yBuZHjWj5",
"date":"2012-09-12 09:52:51"
},
{
"kids":[],
"uid":"2146885135",
"parent":"yBuDvtWf1",
"text":"",
"mid":"yBuZhmIN9",
"date":"2012-09-12 09:51:49"
},
{
"kids":[
"yBv91A82D",
"yBv0h6fhE"
],
"uid":"1939062263",
"parent":"yBuXSqpH1",
"text":"",
"mid":"yBuZe6jRm",
"date":"2012-09-12 09:51:39"
},
{
"kids":[
"yBvj8mTd3",
"yBv8y3m2A",
"yBv6CpyGv",
"yBv16ugGK"
],
"uid":"leihe827",
"parent":"yBtNO4iW2",
"text":"很解气的表达，憋久了会很痛苦的",
"mid":"yBuZ3adoc",
"date":"2012-09-12 09:51:14"
},
{
"kids":[
"yBv99iFzJ",
"yBv1v1xEK"
],
"uid":"2184178273",
"parent":"yBuXSqpH1",
"text":"",
"mid":"yBuYWmi9Z",
"date":"2012-09-12 09:50:58"
},
{
"kids":[],
"uid":"2106729193",
"parent":"",
"text":"哀求哀求",
"mid":"yBuYfeWHF",
"date":"2012-09-12 09:49:16"
},
{
"kids":[
"yBzHHxFAM",
"yBx35xy5i"
],
"uid":"1922885013",
"parent":"yBtRoeZrt",
"text":"哎哟，不错哦！坚决拥护国家领导的决定也！",
"mid":"yBuYdssh8",
"date":"2012-09-12 09:49:12"
},
{
"kids":[],
"uid":"1993799712",
"parent":"yBuJKmcR6",
"text":"",
"mid":"yBuXW2sBK",
"date":"2012-09-12 09:48:29"
},
{
"kids":[
"yBuZe6jRm",
"yBuYWmi9Z"
],
"uid":"1867136067",
"parent":"yBuDvtWf1",
"text":"",
"mid":"yBuXSqpH1",
"date":"2012-09-12 09:48:22"
},
{
"kids":[],
"uid":"2087174117",
"parent":"yBuUU2XeJ",
"text":"雄起。",
"mid":"yBuXJjR4u",
"date":"2012-09-12 09:48:00"
},
{
"kids":[],
"uid":"2587188427",
"parent":"yBuPsk0Jh",
"text":"",
"mid":"yBuWQlnuf",
"date":"2012-09-12 09:45:49"
},
{
"kids":[
"yBvTNzWXH",
"yBvIClAsK",
"yBv8y3TK6"
],
"uid":"eddie0103",
"parent":"yBuIUlqXg",
"text":"[国旗]中国的主权、领土容不得丝毫的侵犯！！！必须给予坚决的打击！",
"mid":"yBuVUrju9",
"date":"2012-09-12 09:43:30"
},
{
"kids":[
"yBvTDvwXP"
],
"uid":"haozi1986",
"parent":"yBuNpylQ0",
"text":"不转不行了 巾帼都转了 须眉怎能不转！",
"mid":"yBuVN4bGL",
"date":"2012-09-12 09:43:13"
},
{
"kids":[
"yBv9AtVsx"
],
"uid":"2188553971",
"parent":"yBuRevD9Z",
"text":"",
"mid":"yBuUZ5Z3W",
"date":"2012-09-12 09:41:14"
},
{
"kids":[
"yBuXJjR4u"
],
"uid":"taichisi",
"parent":"yBs2k1wBQ",
"text":"两点水 一个中 冲",
"mid":"yBuUU2XeJ",
"date":"2012-09-12 09:41:01"
},
{
"kids":[],
"uid":"sft888",
"parent":"yBuNpylQ0",
"text":"圆圆好孩子",
"mid":"yBuTtoQgE",
"date":"2012-09-12 09:37:31"
},
{
"kids":[],
"uid":"1903874937",
"parent":"yBu1otrNE",
"text":"振奋！",
"mid":"yBuRTBMEf",
"date":"2012-09-12 09:33:38"
},
{
"kids":[
"yBvGb5NQw",
"yBuUZ5Z3W"
],
"uid":"2058411902",
"parent":"yBuQ9t6cr",
"text":"",
"mid":"yBuRevD9Z",
"date":"2012-09-12 09:32:00"
},
{
"kids":[],
"uid":"1435927661",
"parent":"yBuIUlqXg",
"text":"转起！！打死小日本！",
"mid":"yBuQd3rmy",
"date":"2012-09-12 09:29:28"
},
{
"kids":[
"yBvkdqbkP",
"yBuRevD9Z"
],
"uid":"oppozhuti",
"parent":"yBuPsk0Jh",
"text":"",
"mid":"yBuQ9t6cr",
"date":"2012-09-12 09:29:20"
},
{
"kids":[
"yBuWQlnuf",
"yBuQ9t6cr"
],
"uid":"1718742475",
"parent":"yBuPdxpjt",
"text":"",
"mid":"yBuPsk0Jh",
"date":"2012-09-12 09:27:37"
},
{
"kids":[
"yBuPsk0Jh"
],
"uid":"2343017041",
"parent":"yBrt07Ypz",
"text":"太不容易了，终于有觉悟了",
"mid":"yBuPdxpjt",
"date":"2012-09-12 09:27:02"
},
{
"kids":[],
"uid":"goboyle",
"parent":"yBuBwzLTJ",
"text":"",
"mid":"yBuOC1UYE",
"date":"2012-09-12 09:25:31"
},
{
"kids":[
"yByxJjpUI",
"yBx3IhkvU"
],
"uid":"2134200644",
"parent":"",
"text":"强者恒强",
"mid":"yBuO8c1A0",
"date":"2012-09-12 09:24:21"
},
{
"kids":[
"yBuVN4bGL",
"yBuTtoQgE"
],
"uid":"1696134617",
"parent":"",
"text":"",
"mid":"yBuNpylQ0",
"date":"2012-09-12 09:22:35"
},
{
"kids":[],
"uid":"1759034015",
"parent":"",
"text":"弄死它!![威武][威武][威武]",
"mid":"yBuMWgTtq",
"date":"2012-09-12 09:21:25"
},
{
"kids":[],
"uid":"1552519220",
"parent":"",
"text":"弄死龟儿小日本[怒][怒]",
"mid":"yBuMNskan",
"date":"2012-09-12 09:21:03"
},
{
"kids":[],
"uid":"2165916083",
"parent":"",
"text":"",
"mid":"yBuMLCrVV",
"date":"2012-09-12 09:21:00"
},
{
"kids":[],
"uid":"1798940821",
"parent":"",
"text":"不开炮是真孙子",
"mid":"yBuKRrACE",
"date":"2012-09-12 09:16:18"
},
{
"kids":[],
"uid":"foresight",
"parent":"yBuDvtWf1",
"text":"[疑问]",
"mid":"yBuKJdUUJ",
"date":"2012-09-12 09:15:56"
},
{
"kids":[
"yBv0QwhPC"
],
"uid":"2344135912",
"parent":"yBuDvtWf1",
"text":"",
"mid":"yBuKdAeDx",
"date":"2012-09-12 09:14:43"
},
{
"kids":[],
"uid":"1940581623",
"parent":"yBrMwFIzz",
"text":"",
"mid":"yBuK5hEd7",
"date":"2012-09-12 09:14:22"
},
{
"kids":[
"yBvlO8vKj"
],
"uid":"smailend",
"parent":"yBuIUlqXg",
"text":"早该了",
"mid":"yBuK23fbM",
"date":"2012-09-12 09:14:15"
},
{
"kids":[],
"uid":"1796841263",
"parent":"",
"text":"终于有行动了",
"mid":"yBuJN0Dqu",
"date":"2012-09-12 09:13:37"
},
{
"kids":[
"yBuXW2sBK"
],
"uid":"1677099753",
"parent":"",
"text":"",
"mid":"yBuJKmcR6",
"date":"2012-09-12 09:13:33"
},
{
"kids":[],
"uid":"lashouzucc2012",
"parent":"yBuhshKrH",
"text":"",
"mid":"yBuIXz4Gg",
"date":"2012-09-12 09:11:37"
},
{
"kids":[
"yBuVUrju9",
"yBuQd3rmy",
"yBuK23fbM"
],
"uid":"lansemoziyu",
"parent":"yBrDGjjk6",
"text":"振奮人心的消息…！",
"mid":"yBuIUlqXg",
"date":"2012-09-12 09:11:29"
},
{
"kids":[],
"uid":"1772365152",
"parent":"yBuxdd06p",
"text":"",
"mid":"yBuHCxCcj",
"date":"2012-09-12 09:08:18"
},
{
"kids":[],
"uid":"1896128403",
"parent":"yBrAt6Q5M",
"text":"[good]",
"mid":"yBuHcwqlD",
"date":"2012-09-12 09:07:17"
},
{
"kids":[
"yCg1QzIBo",
"yC6fVvFXM"
],
"uid":"1302406482",
"parent":"",
"text":"",
"mid":"yBuH1iMcg",
"date":"2012-09-12 09:06:49"
},
{
"kids":[
"yBv1mbmf9"
],
"uid":"1672333002",
"parent":"yBumr6wl2",
"text":"坐等~",
"mid":"yBuGLBjtR",
"date":"2012-09-12 09:06:13"
},
{
"kids":[],
"uid":"2774504037",
"parent":"",
"text":"[威武][威武]搞死",
"mid":"yBuGfqZsk",
"date":"2012-09-12 09:04:56"
},
{
"kids":[],
"uid":"richardcxb",
"parent":"",
"text":"",
"mid":"yBuFGihnC",
"date":"2012-09-12 09:03:32"
},
{
"kids":[],
"uid":"2128576277",
"parent":"",
"text":"胡总霸气！",
"mid":"yBuFk8ux1",
"date":"2012-09-12 09:02:39"
},
{
"kids":[],
"uid":"sugar1210wen",
"parent":"yBuBMhcFf",
"text":"",
"mid":"yBuE1b9op",
"date":"2012-09-12 08:59:25"
},
{
"kids":[
"yBuZhmIN9",
"yBuXSqpH1",
"yBuKJdUUJ",
"yBuKdAeDx"
],
"uid":"2176631403",
"parent":"",
"text":"[鼓掌]",
"mid":"yBuDvtWf1",
"date":"2012-09-12 08:58:11"
},
{
"kids":[
"yByiE68Yv",
"yBvacA2Gh"
],
"uid":"2441034280",
"parent":"",
"text":"打倒日本！",
"mid":"yBuCW4TM9",
"date":"2012-09-12 08:56:46"
},
{
"kids":[],
"uid":"1707191144",
"parent":"yBuzotVQc",
"text":"是对峙呢还是摩擦呢？",
"mid":"yBuBRBtWb",
"date":"2012-09-12 08:54:07"
},
{
"kids":[
"yBuE1b9op"
],
"uid":"1969618965",
"parent":"",
"text":"必须的，太过分了",
"mid":"yBuBMhcFf",
"date":"2012-09-12 08:53:55"
},
{
"kids":[
"yBuOC1UYE"
],
"uid":"1942296221",
"parent":"yBrVL8i6g",
"text":"",
"mid":"yBuBwzLTJ",
"date":"2012-09-12 08:53:17"
},
{
"kids":[],
"uid":"1213846532",
"parent":"yBuyp4DrQ",
"text":"必须瞪起眼来[威武]",
"mid":"yBuAmt9pJ",
"date":"2012-09-12 08:50:27"
},
{
"kids":[],
"uid":"1897674251",
"parent":"yBuyp4DrQ",
"text":"[奥特曼]",
"mid":"yBuzWcWGF",
"date":"2012-09-12 08:49:23"
},
{
"kids":[
"yBvN2zonp"
],
"uid":"1271717764",
"parent":"",
"text":"[给力]",
"mid":"yBuzx6W5K",
"date":"2012-09-12 08:48:23"
},
{
"kids":[
"yBuBRBtWb"
],
"uid":"208508444",
"parent":"yBuhshKrH",
"text":"",
"mid":"yBuzotVQc",
"date":"2012-09-12 08:48:03"
},
{
"kids":[
"yBuAmt9pJ",
"yBuzWcWGF"
],
"uid":"shibinsaiyeye",
"parent":"yBrhLjy9N",
"text":"",
"mid":"yBuyp4DrQ",
"date":"2012-09-12 08:45:36"
},
{
"kids":[
"yBuHCxCcj"
],
"uid":"1854947562",
"parent":"",
"text":"",
"mid":"yBuxdd06p",
"date":"2012-09-12 08:42:40"
},
{
"kids":[],
"uid":"1829940232",
"parent":"",
"text":"",
"mid":"yBuvFp23Z",
"date":"2012-09-12 08:38:53"
},
{
"kids":[],
"uid":"2062303503",
"parent":"yBrdAdgLE",
"text":"[赞]",
"mid":"yBuu3iiRs",
"date":"2012-09-12 08:34:52"
},
{
"kids":[],
"uid":"2260057052",
"parent":"yBrzIrCoo",
"text":"",
"mid":"yBuqkcyr4",
"date":"2012-09-12 08:25:41"
},
{
"kids":[],
"uid":"2135758840",
"parent":"yBtRqBOLB",
"text":"向前，向前，向前，我们的队伍向太阳••••••！[奥特曼][威武]",
"mid":"yBuo9aEBA",
"date":"2012-09-12 08:20:19"
},
{
"kids":[],
"uid":"alexanderzeng",
"parent":"yBqT5hDDP",
"text":"胡总我爱你！！",
"mid":"yBunnAZRD",
"date":"2012-09-12 08:18:27"
},
{
"kids":[],
"uid":"joanychan",
"parent":"yBrv92EZe",
"text":"",
"mid":"yBumY8WAS",
"date":"2012-09-12 08:17:26"
},
{
"kids":[],
"uid":"caojiameiren",
"parent":"",
"text":"",
"mid":"yBumt9pI6",
"date":"2012-09-12 08:16:12"
},
{
"kids":[],
"uid":"2122259773",
"parent":"",
"text":"打翻小日本",
"mid":"yBumrkP5M",
"date":"2012-09-12 08:16:07"
},
{
"kids":[
"yBuGLBjtR"
],
"uid":"1972749232",
"parent":"",
"text":"胡总真这么说了？ZF不是这风格么。",
"mid":"yBumr6wl2",
"date":"2012-09-12 08:16:07"
},
{
"kids":[],
"uid":"fengyasong2012",
"parent":"",
"text":"我们可以硬了。。",
"mid":"yBukKd9Iv",
"date":"2012-09-12 08:11:57"
},
{
"kids":[
"yBvzApfEb"
],
"uid":"1886397594",
"parent":"",
"text":"这次做的好[赞][赞]",
"mid":"yBuk8B79G",
"date":"2012-09-12 08:10:28"
},
{
"kids":[],
"uid":"2606748551",
"parent":"yBrVL8i6g",
"text":"转发微博。",
"mid":"yBuj26FxM",
"date":"2012-09-12 08:07:44"
},
{
"kids":[],
"uid":"xiehuan1980",
"parent":"",
"text":"",
"mid":"yBuiRtoqi",
"date":"2012-09-12 08:07:18"
},
{
"kids":[],
"uid":"asenwu",
"parent":"yBroNrnGc",
"text":"打打试试看，最坏的结果也不过是钓鱼岛失去，反正现在也跟失去没多少区别，",
"mid":"yBuiQhmJU",
"date":"2012-09-12 08:07:15"
},
{
"kids":[
"yBuIXz4Gg",
"yBuzotVQc"
],
"uid":"lynf",
"parent":"",
"text":"[good][good][good][good]",
"mid":"yBuhshKrH",
"date":"2012-09-12 08:03:51"
},
{
"kids":[],
"uid":"1777770657",
"parent":"yBrM17SMT",
"text":"毛起吧……",
"mid":"yBuhfgh2S",
"date":"2012-09-12 08:03:20"
},
{
"kids":[],
"uid":"diudiuhuang",
"parent":"yBrKbmxPi",
"text":"",
"mid":"yBugIcUVU",
"date":"2012-09-12 08:02:00"
},
{
"kids":[],
"uid":"2816284695",
"parent":"",
"text":"",
"mid":"yBueghjB6",
"date":"2012-09-12 07:55:59"
},
{
"kids":[],
"uid":"50620955",
"parent":"",
"text":"",
"mid":"yBudnmDWm",
"date":"2012-09-12 07:53:48"
},
{
"kids":[],
"uid":"2473281641",
"parent":"yBrzIrCoo",
"text":"打他妹的小日本!",
"mid":"yBubItrbe",
"date":"2012-09-12 07:49:43"
},
{
"kids":[
"yClzRv01V"
],
"uid":"gzxhdl",
"parent":"",
"text":"",
"mid":"yBubz2hmu",
"date":"2012-09-12 07:49:19"
},
{
"kids":[],
"uid":"2414013085",
"parent":"yBqMqcpPL",
"text":"真的假的?",
"mid":"yBubenQsk",
"date":"2012-09-12 07:48:31"
},
{
"kids":[
"yBuRTBMEf"
],
"uid":"1871452972",
"parent":"yBtGRvuec",
"text":"打死小日本。。。",
"mid":"yBu1otrNE",
"date":"2012-09-12 07:24:17"
},
{
"kids":[],
"uid":"1278830411",
"parent":"yBoWPnIWZ",
"text":"威武",
"mid":"yBu0DdTaU",
"date":"2012-09-12 07:22:24"
},
{
"kids":[],
"uid":"tnt577",
"parent":"",
"text":"还没说勿谓言之不预也",
"mid":"yBtXzdi9w",
"date":"2012-09-12 07:14:51"
},
{
"kids":[],
"uid":"rachel0109",
"parent":"yBrdAdgLE",
"text":"早有这魄力和决定就好了。[威武]",
"mid":"yBtUAwWzL",
"date":"2012-09-12 07:07:31"
},
{
"kids":[],
"uid":"1617821322",
"parent":"yBtRoeZrt",
"text":"好，就该这样！ 大家转起！",
"mid":"yBtTTop8N",
"date":"2012-09-12 07:05:48"
},
{
"kids":[],
"uid":"1793941847",
"parent":"yBtM5kLBv",
"text":"[拳头][强壮]",
"mid":"yBtTPxQiG",
"date":"2012-09-12 07:05:39"
},
{
"kids":[
"yBwWu0wQG"
],
"uid":"2728241120",
"parent":"yBtNO4iW2",
"text":"铮铮铁骨！",
"mid":"yBtSPbMLf",
"date":"2012-09-12 07:03:10"
},
{
"kids":[
"yBuo9aEBA"
],
"uid":"1938665320",
"parent":"yBtNO4iW2",
"text":"[威武][威武][威武]",
"mid":"yBtRqBOLB",
"date":"2012-09-12 06:59:44"
},
{
"kids":[
"yBuYdssh8",
"yBtTTop8N"
],
"uid":"1416279884",
"parent":"",
"text":"哎哟！不错！",
"mid":"yBtRoeZrt",
"date":"2012-09-12 06:59:38"
},
{
"kids":[
"yBuZ3adoc",
"yBtSPbMLf",
"yBtRqBOLB"
],
"uid":"1249090641",
"parent":"yBtAOeA6E",
"text":"[赞][赞][耶][耶]",
"mid":"yBtNO4iW2",
"date":"2012-09-12 06:50:48"
},
{
"kids":[
"yBtTPxQiG"
],
"uid":"enzo1021",
"parent":"",
"text":"始终坚持 你打我 我骂你 政策不动摇!",
"mid":"yBtM5kLBv",
"date":"2012-09-12 06:46:34"
},
{
"kids":[],
"uid":"1849658583",
"parent":"yBtGRvuec",
"text":"直接打沉···反正他们只有一个产业是世界比较紧缺的稀有人才·····",
"mid":"yBtIjkkos",
"date":"2012-09-12 06:37:16"
},
{
"kids":[],
"uid":"2593508743",
"parent":"",
"text":"",
"mid":"yBtHdmq0N",
"date":"2012-09-12 06:34:34"
},
{
"kids":[
"yBu1otrNE",
"yBtIjkkos"
],
"uid":"blingpanda",
"parent":"yBsNSFyDp",
"text":"胡总的命令终于让人振奋了一回！",
"mid":"yBtGRvuec",
"date":"2012-09-12 06:33:42"
},
{
"kids":[],
"uid":"715382567",
"parent":"yBtAsmvPE",
"text":"",
"mid":"yBtGLAQBk",
"date":"2012-09-12 06:33:28"
},
{
"kids":[
"yBwjMh3A1"
],
"uid":"chenchangcc7",
"parent":"yBs1w57Uz",
"text":"俄罗斯领导人的立场很简单，领土问题，没有谈判，只有战争！你看日本人杂不敢和俄罗斯叫板呢？中国也可以学着这样！",
"mid":"yBtFf1wuj",
"date":"2012-09-12 06:29:42"
},
{
"kids":[
"yBtNO4iW2"
],
"uid":"sft888",
"parent":"yBr4DgC8w",
"text":"[赞]",
"mid":"yBtAOeA6E",
"date":"2012-09-12 06:18:47"
},
{
"kids":[
"yBtGLAQBk"
],
"uid":"2576266871",
"parent":"",
"text":"",
"mid":"yBtAsmvPE",
"date":"2012-09-12 06:17:55"
},
{
"kids":[],
"uid":"1903067725",
"parent":"yBsCl11Xg",
"text":"",
"mid":"yBtuxBK7V",
"date":"2012-09-12 06:03:20"
},
{
"kids":[],
"uid":"2020112303",
"parent":"",
"text":"中国人转起！中国胜利[胜利][胜利]",
"mid":"yBt9Bz7W4",
"date":"2012-09-12 05:11:46"
},
{
"kids":[],
"uid":"jia0417",
"parent":"",
"text":"终于有点动静了[汗][汗]",
"mid":"yBt8VBu7D",
"date":"2012-09-12 05:10:06"
},
{
"kids":[],
"uid":"2653200937",
"parent":"",
"text":"转发微博。",
"mid":"yBsZL5FW8",
"date":"2012-09-12 04:47:29"
},
{
"kids":[
"yBvIM7G4W"
],
"uid":"2442315862",
"parent":"",
"text":"",
"mid":"yBsW2BnN1",
"date":"2012-09-12 04:38:21"
},
{
"kids":[],
"uid":"2081735351",
"parent":"yBsJ9yCzt",
"text":"太有魄力了，太帅了！要是缺人，我就去参军。",
"mid":"yBsO07x4T",
"date":"2012-09-12 04:18:32"
},
{
"kids":[
"yBtGRvuec"
],
"uid":"djejay",
"parent":"",
"text":"",
"mid":"yBsNSFyDp",
"date":"2012-09-12 04:18:15"
},
{
"kids":[
"yBvnHb6a1",
"yBsO07x4T"
],
"uid":"2078383751",
"parent":"",
"text":"老胡终于发话了…干死你个狗日的…",
"mid":"yBsJ9yCzt",
"date":"2012-09-12 04:06:36"
},
{
"kids":[
"yBBCX5pAj",
"yBtuxBK7V"
],
"uid":"1840284864",
"parent":"",
"text":"該發飈喔…boom boom boom[强壮]",
"mid":"yBsCl11Xg",
"date":"2012-09-12 03:49:48"
},
{
"kids":[],
"uid":"electrolonglong",
"parent":"yBrYqzPw9",
"text":"过来就弄翻狗日杂种些",
"mid":"yBsuAxWsm",
"date":"2012-09-12 03:30:43"
},
{
"kids":[],
"uid":"2430434793",
"parent":"yBrNydOsD",
"text":"要打就打不要批话多",
"mid":"yBssb2T4p",
"date":"2012-09-12 03:24:45"
},
{
"kids":[],
"uid":"2612770081",
"parent":"yBs1w57Uz",
"text":"这个可以",
"mid":"yBsrq2lqU",
"date":"2012-09-12 03:22:54"
},
{
"kids":[],
"uid":"1770246242",
"parent":"yBrVlDouS",
"text":"这个该真的吧@阿___森:这个又是真的假的？",
"mid":"yBskUob4W",
"date":"2012-09-12 03:06:52"
},
{
"kids":[],
"uid":"2093963930",
"parent":"yBrYqzPw9",
"text":"灭了",
"mid":"yBsj6FCWz",
"date":"2012-09-12 03:02:26"
},
{
"kids":[],
"uid":"2593932785",
"parent":"yBs77gHjF",
"text":"干逼小日本",
"mid":"yBsa5BPRc",
"date":"2012-09-12 02:40:13"
},
{
"kids":[
"yBsa5BPRc"
],
"uid":"532003458",
"parent":"yBrNydOsD",
"text":"早打晚始终要打！打死日本",
"mid":"yBs77gHjF",
"date":"2012-09-12 02:32:53"
},
{
"kids":[],
"uid":"2010178627",
"parent":"yBrI0iQNR",
"text":"杀了小日本",
"mid":"yBs31rDSP",
"date":"2012-09-12 02:22:48"
},
{
"kids":[
"yBuUU2XeJ"
],
"uid":"1851628635",
"parent":"yBs1w57Uz",
"text":"不开炮是锤子",
"mid":"yBs2k1wBQ",
"date":"2012-09-12 02:21:03"
},
{
"kids":[
"yBQ8N8Nrp",
"yBH5gz5ul",
"yBtFf1wuj",
"yBsrq2lqU",
"yBs2k1wBQ"
],
"uid":"djrivera",
"parent":"yBrNydOsD",
"text":"[good]亮剑了'",
"mid":"yBs1w57Uz",
"date":"2012-09-12 02:19:04"
},
{
"kids":[
"yBsuAxWsm",
"yBsj6FCWz"
],
"uid":"prince99",
"parent":"yBrQ1l4Pn",
"text":"日本人要听招呼",
"mid":"yBrYqzPw9",
"date":"2012-09-12 02:11:29"
},
{
"kids":[
"yBuBwzLTJ",
"yBuj26FxM"
],
"uid":"yukiba",
"parent":"",
"text":"要打仗咯！[鼓掌]",
"mid":"yBrVL8i6g",
"date":"2012-09-12 02:04:54"
},
{
"kids":[
"yBskUob4W"
],
"uid":"2011261693",
"parent":"yBrPd63qg",
"text":"这个又是真的假的？",
"mid":"yBrVlDouS",
"date":"2012-09-12 02:03:53"
},
{
"kids":[],
"uid":"2626741651",
"parent":"",
"text":"",
"mid":"yBrU0mtjn",
"date":"2012-09-12 02:00:35"
},
{
"kids":[],
"uid":"2177399877",
"parent":"",
"text":"早斗该这样了!..",
"mid":"yBrQoECip",
"date":"2012-09-12 01:51:42"
},
{
"kids":[],
"uid":"2008312077",
"parent":"yBriwAeWo",
"text":"",
"mid":"yBrQ4hp8V",
"date":"2012-09-12 01:50:53"
},
{
"kids":[
"yBrYqzPw9"
],
"uid":"1898608512",
"parent":"yBrN0AxBX",
"text":"问题是它不听招呼",
"mid":"yBrQ1l4Pn",
"date":"2012-09-12 01:50:46"
},
{
"kids":[],
"uid":"2944344111",
"parent":"yBr48eGlX",
"text":"",
"mid":"yBrPEyaK0",
"date":"2012-09-12 01:49:52"
},
{
"kids":[
"yBrVlDouS"
],
"uid":"poppinshown",
"parent":"yBrDd3eP9",
"text":"瞬间激动哦..",
"mid":"yBrPd63qg",
"date":"2012-09-12 01:48:46"
},
{
"kids":[],
"uid":"1205191943",
"parent":"",
"text":"网上怎么没看到胡总下令的消息？",
"mid":"yBrPb2XBW",
"date":"2012-09-12 01:48:41"
},
{
"kids":[
"yBvwsz0Rj"
],
"uid":"1931835287",
"parent":"",
"text":"打他狗日的",
"mid":"yBrOknGn0",
"date":"2012-09-12 01:46:36"
},
{
"kids":[
"yBssb2T4p",
"yBs77gHjF",
"yBs1w57Uz"
],
"uid":"djmakuc",
"parent":"yBrL88gKj",
"text":"开炮吧等待何时",
"mid":"yBrNydOsD",
"date":"2012-09-12 01:44:41"
},
{
"kids":[
"yBrQ1l4Pn"
],
"uid":"prince99",
"parent":"yBrM17SMT",
"text":"要听招呼",
"mid":"yBrN0AxBX",
"date":"2012-09-12 01:43:21"
},
{
"kids":[
"yBuK5hEd7"
],
"uid":"1954190695",
"parent":"",
"text":"[鼓掌]",
"mid":"yBrMwFIzz",
"date":"2012-09-12 01:42:10"
},
{
"kids":[
"yBuhfgh2S",
"yBrN0AxBX"
],
"uid":"1878820277",
"parent":"yBrL88gKj",
"text":"取重了",
"mid":"yBrM17SMT",
"date":"2012-09-12 01:40:54"
},
{
"kids":[
"yBrNydOsD",
"yBrM17SMT"
],
"uid":"1722426051",
"parent":"",
"text":"",
"mid":"yBrL88gKj",
"date":"2012-09-12 01:38:43"
},
{
"kids":[
"yBugIcUVU"
],
"uid":"1455018693",
"parent":"yBrDGjjk6",
"text":"",
"mid":"yBrKbmxPi",
"date":"2012-09-12 01:36:23"
},
{
"kids":[],
"uid":"1638539050",
"parent":"yBqTVzSYm",
"text":"",
"mid":"yBrJXtajp",
"date":"2012-09-12 01:35:49"
},
{
"kids":[],
"uid":"2673045337",
"parent":"",
"text":"整起就整起！",
"mid":"yBrJSa9YA",
"date":"2012-09-12 01:35:37"
},
{
"kids":[],
"uid":"bboydeco",
"parent":"yBrEEglBQ",
"text":"搞死，小日本！[鼓掌]",
"mid":"yBrIeaQDe",
"date":"2012-09-12 01:31:34"
},
{
"kids":[
"yBs31rDSP"
],
"uid":"1704493374",
"parent":"yBrB45yXo",
"text":"打死它个狗日的。",
"mid":"yBrI0iQNR",
"date":"2012-09-12 01:31:01"
},
{
"kids":[],
"uid":"2599529004",
"parent":"yBrFBoGcx",
"text":"",
"mid":"yBrGC0xJe",
"date":"2012-09-12 01:27:34"
},
{
"kids":[],
"uid":"hnsen",
"parent":"",
"text":"搞起，打死小日本",
"mid":"yBrFTqecl",
"date":"2012-09-12 01:25:49"
},
{
"kids":[
"yBrGC0xJe"
],
"uid":"2525509522",
"parent":"yBrzjBFDK",
"text":"",
"mid":"yBrFBoGcx",
"date":"2012-09-12 01:25:06"
},
{
"kids":[
"yBrIeaQDe"
],
"uid":"damcerla",
"parent":"yBrDd3eP9",
"text":"",
"mid":"yBrEEglBQ",
"date":"2012-09-12 01:22:45"
},
{
"kids":[
"yBuIUlqXg",
"yBrKbmxPi"
],
"uid":"yx116520",
"parent":"",
"text":"[威武][威武][威武][威武][威武]",
"mid":"yBrDGjjk6",
"date":"2012-09-12 01:20:22"
},
{
"kids":[
"yBv3R0MDJ",
"yBrPd63qg",
"yBrEEglBQ"
],
"uid":"2365480684",
"parent":"",
"text":"如果还需要我还履行义务[奥特曼]",
"mid":"yBrDd3eP9",
"date":"2012-09-12 01:19:12"
},
{
"kids":[
"yBrI0iQNR"
],
"uid":"2095379830",
"parent":"",
"text":"必须打捶，捶、捶、捶。[good][鼓掌][鼓掌][耶][耶]",
"mid":"yBrB45yXo",
"date":"2012-09-12 01:13:55"
},
{
"kids":[
"yBuHcwqlD"
],
"uid":"1921819395",
"parent":"yBrxVCwWT",
"text":"整起",
"mid":"yBrAt6Q5M",
"date":"2012-09-12 01:12:27"
},
{
"kids":[
"yBuqkcyr4",
"yBubItrbe"
],
"uid":"1992448715",
"parent":"",
"text":"",
"mid":"yBrzIrCoo",
"date":"2012-09-12 01:10:36"
},
{
"kids":[
"yBrFBoGcx"
],
"uid":"lulua1hj",
"parent":"",
"text":"强烈支持！",
"mid":"yBrzjBFDK",
"date":"2012-09-12 01:09:36"
},
{
"kids":[],
"uid":"1970363441",
"parent":"",
"text":"转起。",
"mid":"yBryDEomV",
"date":"2012-09-12 01:07:57"
},
{
"kids":[
"yBrAt6Q5M"
],
"uid":"2133177472",
"parent":"",
"text":"该把航母弄出来试试",
"mid":"yBrxVCwWT",
"date":"2012-09-12 01:06:12"
},
{
"kids":[
"yBumY8WAS"
],
"uid":"1822164084",
"parent":"",
"text":"怎么个个都那么爱国...相比，我比较担心明天能吃什么。",
"mid":"yBrv92EZe",
"date":"2012-09-12 00:59:20"
},
{
"kids":[],
"uid":"2533962263",
"parent":"yBrqdwaL7",
"text":"",
"mid":"yBrto1ZIH",
"date":"2012-09-12 00:55:01"
},
{
"kids":[
"yBuPdxpjt"
],
"uid":"2254587093",
"parent":"yBroNrnGc",
"text":"这还差不多，安心睡觉鸟~",
"mid":"yBrt07Ypz",
"date":"2012-09-12 00:54:03"
},
{
"kids":[],
"uid":"1850518287",
"parent":"",
"text":"帅气",
"mid":"yBrsi5nuc",
"date":"2012-09-12 00:52:19"
},
{
"kids":[
"yBrto1ZIH"
],
"uid":"lizhengliang1212",
"parent":"",
"text":"期待中国政府和军队能采取强硬措施！ 对日不惜动武！坚决收回钓鱼岛！",
"mid":"yBrqdwaL7",
"date":"2012-09-12 00:47:12"
},
{
"kids":[],
"uid":"2612118413",
"parent":"yBrniEAod",
"text":"希望这是真的。",
"mid":"yBrpvdKye",
"date":"2012-09-12 00:45:23"
},
{
"kids":[
"yBuiQhmJU",
"yBrt07Ypz"
],
"uid":"1876480885",
"parent":"yBrniEAod",
"text":"@你好袁超 @夏宏斌kobe",
"mid":"yBroNrnGc",
"date":"2012-09-12 00:43:42"
},
{
"kids":[],
"uid":"yjlovejune",
"parent":"",
"text":"涛哥发怒了。后果很严重。[怒][怒][怒]",
"mid":"yBroAtenx",
"date":"2012-09-12 00:43:12"
},
{
"kids":[
"yBrpvdKye",
"yBroNrnGc"
],
"uid":"2365749515",
"parent":"",
"text":"虽然我害怕打仗，可是…该出手时就出手吧！",
"mid":"yBrniEAod",
"date":"2012-09-12 00:40:02"
},
{
"kids":[],
"uid":"mickeymini926",
"parent":"",
"text":"",
"mid":"yBrlz8dvY",
"date":"2012-09-12 00:35:45"
},
{
"kids":[],
"uid":"1974710085",
"parent":"yBqVYE5g6",
"text":"",
"mid":"yBrkZ3AYl",
"date":"2012-09-12 00:34:18"
},
{
"kids":[
"yBxXF1Q8g"
],
"uid":"2988300524",
"parent":"yBr1TBTAV",
"text":"@花-开啦",
"mid":"yBrkpBFsG",
"date":"2012-09-12 00:32:54"
},
{
"kids":[
"yBrQ4hp8V"
],
"uid":"1491375414",
"parent":"",
"text":"终于硬了。。必需顶起撒",
"mid":"yBriwAeWo",
"date":"2012-09-12 00:28:13"
},
{
"kids":[
"yBuyp4DrQ"
],
"uid":"1213846532",
"parent":"",
"text":"欠揍地小日本！[黑线]",
"mid":"yBrhLjy9N",
"date":"2012-09-12 00:26:22"
},
{
"kids":[],
"uid":"lkgz",
"parent":"yBr1TBTAV",
"text":"真是酱紫？[威武][给力][围观][帅][照相机]",
"mid":"yBrhapfLn",
"date":"2012-09-12 00:24:51"
},
{
"kids":[],
"uid":"2509527192",
"parent":"",
"text":"日本鬼子王八蛋！",
"mid":"yBrfdgqgy",
"date":"2012-09-12 00:20:05"
},
{
"kids":[
"yBuu3iiRs",
"yBtUAwWzL"
],
"uid":"2471178550",
"parent":"yBr2xgpPc",
"text":"打！雄起！",
"mid":"yBrdAdgLE",
"date":"2012-09-12 00:16:05"
},
{
"kids":[],
"uid":"huitailang0103",
"parent":"",
"text":"打死'''小日本！！！",
"mid":"yBrdvqwEE",
"date":"2012-09-12 00:15:52"
},
{
"kids":[],
"uid":"1425032801",
"parent":"",
"text":"丢翻他龟儿勒，不落教！",
"mid":"yBraYyPZW",
"date":"2012-09-12 00:09:36"
},
{
"kids":[],
"uid":"1919395994",
"parent":"yBr3UCNMy",
"text":"",
"mid":"yBratx05G",
"date":"2012-09-12 00:08:25"
},
{
"kids":[],
"uid":"1671750771",
"parent":"yBp4rjiJi",
"text":"",
"mid":"yBr8Z2VM9",
"date":"2012-09-12 00:04:45"
},
{
"kids":[],
"uid":"1155646510",
"parent":"",
"text":"[威武]",
"mid":"yBr8BEXmo",
"date":"2012-09-12 00:03:50"
},
{
"kids":[],
"uid":"1665249652",
"parent":"yBr1d6LAe",
"text":"[泪]这是真的吗？涕泪横流啊！万恶的小日本我们这么老实的胡总，如此敦厚的温总都被你们逼的忍无可忍了[抓狂]",
"mid":"yBr8mCLKg",
"date":"2012-09-12 00:03:13"
},
{
"kids":[],
"uid":"shuoshuode",
"parent":"yBr1d6LAe",
"text":"这也信？怎么可能！！",
"mid":"yBr5FCLoE",
"date":"2012-09-11 23:56:32"
},
{
"kids":[],
"uid":"345148472",
"parent":"",
"text":"终于见到涛哥给力一次了",
"mid":"yBr5CpZRF",
"date":"2012-09-11 23:56:24"
},
{
"kids":[],
"uid":"2411231762",
"parent":"yBr1TBTAV",
"text":"",
"mid":"yBr5jwfHQ",
"date":"2012-09-11 23:55:39"
},
{
"kids":[
"yBwo6jJPw",
"yBtAOeA6E"
],
"uid":"323388",
"parent":"yBr2LqpiK",
"text":"支持~[good]",
"mid":"yBr4DgC8w",
"date":"2012-09-11 23:54:00"
},
{
"kids":[
"yBrPEyaK0"
],
"uid":"2268858571",
"parent":"",
"text":"",
"mid":"yBr48eGlX",
"date":"2012-09-11 23:52:43"
},
{
"kids":[
"yBratx05G"
],
"uid":"zcc1569867001",
"parent":"",
"text":"胡总好样的！",
"mid":"yBr3UCNMy",
"date":"2012-09-11 23:52:15"
},
{
"kids":[],
"uid":"1876074215",
"parent":"yBr2pdKW9",
"text":"[威武]",
"mid":"yBr37fxWt",
"date":"2012-09-11 23:50:16"
},
{
"kids":[
"yBJO7gDS0",
"yBr4DgC8w"
],
"uid":"1290700517",
"parent":"yBr1d6LAe",
"text":"",
"mid":"yBr2LqpiK",
"date":"2012-09-11 23:49:25"
},
{
"kids":[],
"uid":"778637038",
"parent":"yBq6GfMyK",
"text":"骗人的！",
"mid":"yBr2J3DLP",
"date":"2012-09-11 23:49:20"
},
{
"kids":[
"yBrdAdgLE"
],
"uid":"zhaoxiaomi511",
"parent":"yBqR7fyhN",
"text":"",
"mid":"yBr2xgpPc",
"date":"2012-09-11 23:48:51"
},
{
"kids":[
"yBr37fxWt"
],
"uid":"yinchenchao",
"parent":"yBr1TBTAV",
"text":"",
"mid":"yBr2pdKW9",
"date":"2012-09-11 23:48:33"
},
{
"kids":[],
"uid":"2742590893",
"parent":"",
"text":"说也是白说！中国城管有本事上岛把日本塔和所有日本标志的东西清理干净，再插中国国旗才对！岛都没有上，说是自己的有什么用！",
"mid":"yBr22v3fk",
"date":"2012-09-11 23:47:38"
},
{
"kids":[
"yBrkpBFsG",
"yBrhapfLn",
"yBr5jwfHQ",
"yBr2pdKW9"
],
"uid":"shichapan",
"parent":"",
"text":"",
"mid":"yBr1TBTAV",
"date":"2012-09-11 23:47:16"
},
{
"kids":[],
"uid":"2194323760",
"parent":"",
"text":"打嘛！中国人不是好欺负的、打了我捐款",
"mid":"yBr1TiQCo",
"date":"2012-09-11 23:47:16"
},
{
"kids":[
"yBr8mCLKg",
"yBr5FCLoE",
"yBr2LqpiK"
],
"uid":"2247825727",
"parent":"",
"text":"练死小日本…",
"mid":"yBr1d6LAe",
"date":"2012-09-11 23:45:35"
},
{
"kids":[],
"uid":"1308354180",
"parent":"",
"text":"就怕TNND是个软蛋！",
"mid":"yBr0eu4s5",
"date":"2012-09-11 23:43:11"
},
{
"kids":[],
"uid":"metalheart",
"parent":"",
"text":"假消息， 胡总不会这么说的。",
"mid":"yBqZWswFs",
"date":"2012-09-11 23:42:27"
},
{
"kids":[],
"uid":"1400465072",
"parent":"",
"text":"",
"mid":"yBqZ2mDbJ",
"date":"2012-09-11 23:40:14"
},
{
"kids":[],
"uid":"2248701892",
"parent":"yBqTVzSYm",
"text":"不能让国人再失望了[怒骂]",
"mid":"yBqYxhPHQ",
"date":"2012-09-11 23:38:59"
},
{
"kids":[],
"uid":"2741304357",
"parent":"yBqTVzSYm",
"text":"打不起来，对天朝已经失去信心了。",
"mid":"yBqYtrgJs",
"date":"2012-09-11 23:38:52"
},
{
"kids":[],
"uid":"1930159633",
"parent":"yBoXPsLfa",
"text":"末将愿意带兵前往钓鱼岛剿匪",
"mid":"yBqXcxdFQ",
"date":"2012-09-11 23:35:43"
},
{
"kids":[
"yBrkZ3AYl"
],
"uid":"chongqingchayi",
"parent":"yBqTVzSYm",
"text":"回复@喜茶-九畹芳:还要等啊!等得肺都快炸了！",
"mid":"yBqVYE5g6",
"date":"2012-09-11 23:32:41"
},
{
"kids":[],
"uid":"1308354180",
"parent":"yBqTVzSYm",
"text":"真滴？？终于雄起了！！！",
"mid":"yBqUAkKLj",
"date":"2012-09-11 23:29:16"
},
{
"kids":[
"yBDu7loCo"
],
"uid":"chengcheng1987",
"parent":"yBqTVzSYm",
"text":"这才对，[呵呵]",
"mid":"yBqUpoHjX",
"date":"2012-09-11 23:28:50"
},
{
"kids":[
"yBrJXtajp",
"yBqYxhPHQ",
"yBqYtrgJs",
"yBqVYE5g6",
"yBqUAkKLj",
"yBqUpoHjX"
],
"uid":"chongqingchayi",
"parent":"yBqR7fyhN",
"text":"打死小日本！",
"mid":"yBqTVzSYm",
"date":"2012-09-11 23:27:37"
},
{
"kids":[],
"uid":"2166996672",
"parent":"yBqR7fyhN",
"text":"打死小日本！",
"mid":"yBqTvh33M",
"date":"2012-09-11 23:26:35"
},
{
"kids":[
"yBunnAZRD"
],
"uid":"1649420800",
"parent":"yBpML8mFT",
"text":"就是该这样，看看那小日本奈我如何！[赞]",
"mid":"yBqT5hDDP",
"date":"2012-09-11 23:25:34"
},
{
"kids":[
"yBr2xgpPc",
"yBqTVzSYm",
"yBqTvh33M"
],
"uid":"1875628465",
"parent":"",
"text":"[威武]",
"mid":"yBqR7fyhN",
"date":"2012-09-11 23:20:44"
},
{
"kids":[],
"uid":"2295679134",
"parent":"",
"text":"",
"mid":"yBqP8AyNv",
"date":"2012-09-11 23:15:48"
},
{
"kids":[],
"uid":"2192127183",
"parent":"yBqMqcpPL",
"text":"这是要打起来了么=_=",
"mid":"yBqME4rO9",
"date":"2012-09-11 23:09:41"
},
{
"kids":[
"yBubenQsk",
"yBqME4rO9"
],
"uid":"336988873",
"parent":"",
"text":"",
"mid":"yBqMqcpPL",
"date":"2012-09-11 23:09:09"
},
{
"kids":[
"yBvh7nTBP"
],
"uid":"2881907707",
"parent":"yBqioiJZU",
"text":"",
"mid":"yBqEWg21U",
"date":"2012-09-11 22:50:43"
},
{
"kids":[],
"uid":"2243141630",
"parent":"yBqioiJZU",
"text":"",
"mid":"yBqnti13l",
"date":"2012-09-11 22:07:38"
},
{
"kids":[
"yBqEWg21U",
"yBqnti13l"
],
"uid":"1961697955",
"parent":"yBpjfp1EZ",
"text":"@大脸猫-Jessica @啃萝卜丝 @朱启超_Ian @李奕钦-8o_後 @丁二甲基 @李大笨Leo @劉小文村拉機 主席！给我三千城管，踏平东洋倭寇",
"mid":"yBqioiJZU",
"date":"2012-09-11 21:55:10"
},
{
"kids":[],
"uid":"1785266164",
"parent":"yBq6GfMyK",
"text":"同问",
"mid":"yBq80FUQo",
"date":"2012-09-11 21:29:34"
},
{
"kids":[
"yBr2J3DLP",
"yBq80FUQo"
],
"uid":"2013814802",
"parent":"yBpNZm8SM",
"text":"胡总你说的是真的吗",
"mid":"yBq6GfMyK",
"date":"2012-09-11 21:26:17"
},
{
"kids":[],
"uid":"1916945611",
"parent":"yBoMs7xvC",
"text":"",
"mid":"yBq4M3UqT",
"date":"2012-09-11 21:21:38"
},
{
"kids":[],
"uid":"2013390170",
"parent":"yBpNZm8SM",
"text":"",
"mid":"yBpOvyT44",
"date":"2012-09-11 20:41:34"
},
{
"kids":[
"yBq6GfMyK",
"yBpOvyT44"
],
"uid":"fengxiaoxian",
"parent":"",
"text":"时间真会挑，变数大！",
"mid":"yBpNZm8SM",
"date":"2012-09-11 20:40:14"
},
{
"kids":[
"yBqT5hDDP"
],
"uid":"2694536624",
"parent":"yBpqCwPMW",
"text":"",
"mid":"yBpML8mFT",
"date":"2012-09-11 20:37:13"
},
{
"kids":[],
"uid":"2160310187",
"parent":"",
"text":"必须雄起一回了！",
"mid":"yBpM2uBOS",
"date":"2012-09-11 20:35:28"
},
{
"kids":[],
"uid":"2185043381",
"parent":"yBoDscQD0",
"text":"霸气！",
"mid":"yBpKU7tyZ",
"date":"2012-09-11 20:32:40"
},
{
"kids":[],
"uid":"2346355152",
"parent":"yBp4rjiJi",
"text":"杀向东京[怒][怒][花心][花心]",
"mid":"yBpDqxJF7",
"date":"2012-09-11 20:14:16"
},
{
"kids":[],
"uid":"2274551164",
"parent":"yBpl9BGay",
"text":"操日本",
"mid":"yBpwEDyG0",
"date":"2012-09-11 19:57:33"
},
{
"kids":[
"yBv2ctMnj",
"yBpML8mFT"
],
"uid":"mickey93",
"parent":"",
"text":"此时不动手，尽为亡国奴！[中国][vs][日本]",
"mid":"yBpqCwPMW",
"date":"2012-09-11 19:42:43"
},
{
"kids":[],
"uid":"milkwenfeng",
"parent":"yBortmgOH",
"text":"打~~",
"mid":"yBpoV56iH",
"date":"2012-09-11 19:38:28"
},
{
"kids":[],
"uid":"1960318732",
"parent":"yBoQS5gVR",
"text":"@健康像太阳",
"mid":"yBpoCpBIk",
"date":"2012-09-11 19:37:46"
},
{
"kids":[],
"uid":"chengshigongjue",
"parent":"yBpcywvW0",
"text":"如果真是这样，我还是会支持这个政党",
"mid":"yBpoy0O0j",
"date":"2012-09-11 19:37:33"
},
{
"kids":[],
"uid":"jingyu8721",
"parent":"yBoyWEZZO",
"text":"我一直在搜索着消息，可算有点眉目了，哈哈",
"mid":"yBpmPDkM4",
"date":"2012-09-11 19:33:20"
},
{
"kids":[],
"uid":"1792644270",
"parent":"",
"text":"狗屁，一群软蛋能干什么，人家都跑你身上拉屎了你还在那谴责有毛用，",
"mid":"yBplNvxJx",
"date":"2012-09-11 19:30:46"
},
{
"kids":[
"yBpwEDyG0"
],
"uid":"victoriafeifei512",
"parent":"yBpjfp1EZ",
"text":"打[炸弹][手枪][手枪]",
"mid":"yBpl9BGay",
"date":"2012-09-11 19:29:13"
},
{
"kids":[
"yBqioiJZU",
"yBpl9BGay"
],
"uid":"2155127565",
"parent":"",
"text":"要弄就弄凶！！",
"mid":"yBpjfp1EZ",
"date":"2012-09-11 19:24:30"
},
{
"kids":[
"yBpoy0O0j"
],
"uid":"tt353528452",
"parent":"yBoKAyNZ8",
"text":"",
"mid":"yBpcywvW0",
"date":"2012-09-11 19:08:04"
},
{
"kids":[],
"uid":"1667118197",
"parent":"",
"text":"支持，中国也应该练练兵了，没事拉到钓鱼岛去遛遛",
"mid":"yBpbW9Umz",
"date":"2012-09-11 19:06:31"
},
{
"kids":[],
"uid":"2909396023",
"parent":"",
"text":"如果这个消息是真的话那简直太振奋人心了",
"mid":"yBp9gEYYt",
"date":"2012-09-11 18:59:58"
},
{
"kids":[],
"uid":"amina12",
"parent":"yBoEKhGIH",
"text":"[鼓掌][鼓掌]",
"mid":"yBp5AfAHF",
"date":"2012-09-11 18:50:51"
},
{
"kids":[],
"uid":"sdiansd",
"parent":"",
"text":"/支持！！支持！！ /@ggboy好怕:",
"mid":"yBp5hBF1U",
"date":"2012-09-11 18:50:07"
},
{
"kids":[],
"uid":"ajc0707",
"parent":"yBoJytVUC",
"text":"",
"mid":"yBp5aw8Qc",
"date":"2012-09-11 18:49:49"
},
{
"kids":[
"yBr8Z2VM9",
"yBpDqxJF7"
],
"uid":"jasonzhang59bluewind",
"parent":"yBoyWEZZO",
"text":"开战我便参军！[帅]",
"mid":"yBp4rjiJi",
"date":"2012-09-11 18:48:02"
},
{
"kids":[],
"uid":"chuihongjingmeng",
"parent":"",
"text":"真的吗，好假啊",
"mid":"yBp3QFwCk",
"date":"2012-09-11 18:46:36"
},
{
"kids":[],
"uid":"2656141841",
"parent":"",
"text":"",
"mid":"yBp3Eezvf",
"date":"2012-09-11 18:46:07"
},
{
"kids":[],
"uid":"2049006724",
"parent":"",
"text":"IS that true?[思考][思考]",
"mid":"yBp32afhe",
"date":"2012-09-11 18:44:35"
},
{
"kids":[],
"uid":"2413700383",
"parent":"",
"text":"希望如此吧",
"mid":"yBp2TAW0a",
"date":"2012-09-11 18:44:14"
},
{
"kids":[],
"uid":"2103958060",
"parent":"",
"text":"雄起，[奥特曼][奥特曼][奥特曼]",
"mid":"yBp05gq1D",
"date":"2012-09-11 18:37:19"
},
{
"kids":[],
"uid":"2642877471",
"parent":"yBoEHD2pP",
"text":"顶起",
"mid":"yBoYM0ied",
"date":"2012-09-11 18:34:05"
},
{
"kids":[],
"uid":"cdyanyi",
"parent":"",
"text":"真假，，，，",
"mid":"yBoYHvNCC",
"date":"2012-09-11 18:33:55"
},
{
"kids":[],
"uid":"2107539882",
"parent":"",
"text":"哦，老胡，把脾气拿点出来卅，毛了把日本一起收编了。@芳芳冯 @Rosie_韩璐丝 @33隐形眼镜 @Kelly雪的小窝 @林小黄 @卖初恋的小男孩 @任志强 @未来证券杨婕 @蜗牛茜 @伊丽傻白-兰 @众彦天合-叉 @主持人陈琨",
"mid":"yBoYGndIk",
"date":"2012-09-11 18:33:52"
},
{
"kids":[
"yBqXcxdFQ"
],
"uid":"1855520601",
"parent":"yBoEHD2pP",
"text":"早该这样了",
"mid":"yBoXPsLfa",
"date":"2012-09-11 18:31:43"
},
{
"kids":[],
"uid":"1108122140",
"parent":"yBoEKhGIH",
"text":"",
"mid":"yBoXgiLsu",
"date":"2012-09-11 18:30:20"
},
{
"kids":[
"yBu0DdTaU"
],
"uid":"305636",
"parent":"",
"text":"今日不尽力捍卫主权，明日就没有主权可捍卫。中国雄起！",
"mid":"yBoWPnIWZ",
"date":"2012-09-11 18:29:18"
},
{
"kids":[],
"uid":"1931544641",
"parent":"yBoMs7xvC",
"text":"赶快的！开打！",
"mid":"yBoUfe3K0",
"date":"2012-09-11 18:22:56"
},
{
"kids":[],
"uid":"678809813",
"parent":"yBoQS5gVR",
"text":"[鼓掌]",
"mid":"yBoRCa4LZ",
"date":"2012-09-11 18:16:27"
},
{
"kids":[],
"uid":"1999222835",
"parent":"",
"text":"[给力]",
"mid":"yBoR9vgga",
"date":"2012-09-11 18:15:16"
},
{
"kids":[
"yBpoCpBIk",
"yBoRCa4LZ"
],
"uid":"1960318732",
"parent":"yBoO8awbN",
"text":"[泪][泪]终于等到这句话了！振奋人心!打!我们几经屈辱，几经危亡不都过来了吗? 寸土必争!",
"mid":"yBoQS5gVR",
"date":"2012-09-11 18:14:36"
},
{
"kids":[],
"uid":"1975396634",
"parent":"yBoDscQD0",
"text":"",
"mid":"yBoPumKyI",
"date":"2012-09-11 18:11:11"
},
{
"kids":[],
"uid":"207072788",
"parent":"yBoAEuewj",
"text":"",
"mid":"yBoPtbTYc",
"date":"2012-09-11 18:11:10"
},
{
"kids":[],
"uid":"1934817057",
"parent":"yBoDscQD0",
"text":"",
"mid":"yBoPk3xdl",
"date":"2012-09-11 18:10:48"
},
{
"kids":[],
"uid":"ruolancherry",
"parent":"yBoDscQD0",
"text":"",
"mid":"yBoOMClhh",
"date":"2012-09-11 18:09:28"
},
{
"kids":[],
"uid":"1785845170",
"parent":"",
"text":"打BK的！",
"mid":"yBoOo4R6N",
"date":"2012-09-11 18:08:30"
},
{
"kids":[
"yBoQS5gVR"
],
"uid":"678809813",
"parent":"",
"text":"不仅要亮剑，还要挥剑",
"mid":"yBoO8awbN",
"date":"2012-09-11 18:07:50"
},
{
"kids":[
"yBq4M3UqT",
"yBoUfe3K0"
],
"uid":"2583985140",
"parent":"",
"text":"",
"mid":"yBoMs7xvC",
"date":"2012-09-11 18:03:44"
},
{
"kids":[],
"uid":"2504272233",
"parent":"yBoxT6Ydg",
"text":"",
"mid":"yBoLS5ATG",
"date":"2012-09-11 18:02:18"
},
{
"kids":[
"yBpcywvW0"
],
"uid":"caizhengke",
"parent":"",
"text":"",
"mid":"yBoKAyNZ8",
"date":"2012-09-11 17:59:09"
},
{
"kids":[],
"uid":"1424751581",
"parent":"yBoD6oaw6",
"text":"",
"mid":"yBoKiz0iq",
"date":"2012-09-11 17:58:26"
},
{
"kids":[],
"uid":"longjacket",
"parent":"",
"text":"如果是真的,绝对大快人心",
"mid":"yBoJz4wAG",
"date":"2012-09-11 17:56:34"
},
{
"kids":[
"yBp5aw8Qc"
],
"uid":"312407888",
"parent":"",
"text":"爷爷终于雄起了！要打起来了，要打起来了！打仗最无辜的是谁了？呵呵！[思考][思考][思考]",
"mid":"yBoJytVUC",
"date":"2012-09-11 17:56:35"
},
{
"kids":[],
"uid":"2491739881",
"parent":"yBoG9t6GM",
"text":"打死小日本",
"mid":"yBoHPt2yE",
"date":"2012-09-11 17:52:21"
},
{
"kids":[],
"uid":"1837573852",
"parent":"yBoDscQD0",
"text":"虽然说我不主张战争，但是被欺负到头上了，也得让你知道什么叫有些事儿做了是要付出代价的",
"mid":"yBoH8kuUJ",
"date":"2012-09-11 17:50:38"
},
{
"kids":[
"yBoHPt2yE"
],
"uid":"2155810700",
"parent":"",
"text":"打死，小日本。",
"mid":"yBoG9t6GM",
"date":"2012-09-11 17:48:13"
},
{
"kids":[],
"uid":"2242876775",
"parent":"yBoDscQD0",
"text":"",
"mid":"yBoFDx7pv",
"date":"2012-09-11 17:46:55"
},
{
"kids":[
"yBp5AfAHF",
"yBoXgiLsu"
],
"uid":"1982131455",
"parent":"yBoE1FkJ5",
"text":"支持",
"mid":"yBoEKhGIH",
"date":"2012-09-11 17:44:46"
},
{
"kids":[
"yBoYM0ied",
"yBoXPsLfa"
],
"uid":"2429296520",
"parent":"",
"text":"胡总下令了",
"mid":"yBoEHD2pP",
"date":"2012-09-11 17:44:40"
},
{
"kids":[],
"uid":"2517207123",
"parent":"",
"text":"",
"mid":"yBoEe6get",
"date":"2012-09-11 17:43:28"
},
{
"kids":[
"yBoEKhGIH"
],
"uid":"2138621663",
"parent":"yBoxZipun",
"text":"开打",
"mid":"yBoE1FkJ5",
"date":"2012-09-11 17:42:59"
},
{
"kids":[],
"uid":"saics",
"parent":"",
"text":"如是真的！支持！！",
"mid":"yBoDIrTCW",
"date":"2012-09-11 17:42:13"
},
{
"kids":[
"yBpKU7tyZ",
"yBoPumKyI",
"yBoPk3xdl",
"yBoOMClhh",
"yBoH8kuUJ",
"yBoFDx7pv"
],
"uid":"206382777",
"parent":"yBoAEuewj",
"text":"",
"mid":"yBoDscQD0",
"date":"2012-09-11 17:41:34"
},
{
"kids":[
"yBoKiz0iq"
],
"uid":"zhangandsky",
"parent":"",
"text":"",
"mid":"yBoD6oaw6",
"date":"2012-09-11 17:40:41"
},
{
"kids":[
"yBoPtbTYc",
"yBoDscQD0"
],
"uid":"mende2",
"parent":"",
"text":"不打击，是孙子！",
"mid":"yBoAEuewj",
"date":"2012-09-11 17:34:40"
},
{
"kids":[],
"uid":"bettyxujuan",
"parent":"yBoyWEZZO",
"text":"[鼓掌][鼓掌]",
"mid":"yBoA4bbcG",
"date":"2012-09-11 17:33:13"
},
{
"kids":[],
"uid":"2550805894",
"parent":"yBortmgOH",
"text":"转起。不服就离近点。日。",
"mid":"yBoznjfEh",
"date":"2012-09-11 17:31:31"
},
{
"kids":[
"yBpmPDkM4",
"yBp4rjiJi",
"yBoA4bbcG"
],
"uid":"1907651201",
"parent":"",
"text":"怎么我一听说要打小日本就热血澎湃啊？但是我绝对不是战争犯子，我只是一个热血青年[偷笑]",
"mid":"yBoyWEZZO",
"date":"2012-09-11 17:30:28"
},
{
"kids":[],
"uid":"1824982993",
"parent":"",
"text":"转，草泥马小日本",
"mid":"yBoyE6lsc",
"date":"2012-09-11 17:29:42"
},
{
"kids":[
"yBoE1FkJ5"
],
"uid":"2005531445",
"parent":"yBoxT6Ydg",
"text":"",
"mid":"yBoxZipun",
"date":"2012-09-11 17:28:04"
},
{
"kids":[
"yBoLS5ATG",
"yBoxZipun"
],
"uid":"2246576154",
"parent":"",
"text":"打",
"mid":"yBoxT6Ydg",
"date":"2012-09-11 17:27:51"
},
{
"kids":[
"yBpoV56iH",
"yBoznjfEh"
],
"uid":"2421912513",
"parent":"",
"text":"",
"mid":"yBortmgOH",
"date":"2012-09-11 17:12:03"
},
{
"kids":[],
"uid":"1294562345",
"parent":"",
"text":"不要逼我",
"mid":"yBomzBOwB",
"date":"2012-09-11 16:59:58"
},
{
"kids":[],
"uid":"1956154315",
"parent":"yBnYLih7g",
"text":"对的",
"mid":"yBojIBbIF",
"date":"2012-09-11 16:52:57"
},
{
"kids":[],
"uid":"2505073712",
"parent":"",
"text":"是不是真的哦。[睡觉]",
"mid":"yBoisjr1b",
"date":"2012-09-11 16:49:50"
},
{
"kids":[
"yBojIBbIF"
],
"uid":"1958227570",
"parent":"",
"text":"转发微博。",
"mid":"yBnYLih7g",
"date":"2012-09-11 16:01:19"
},
{
"kids":[],
"uid":"2780941875",
"parent":"",
"text":"",
"mid":"yBnMjvWyI",
"date":"2012-09-11 15:30:37"
},
{
"kids":[],
"uid":"2912033635",
"parent":"yBnFVynun",
"text":"是真的吗？",
"mid":"yBnM6v3Jj",
"date":"2012-09-11 15:30:07"
},
{
"kids":[
"yBnM6v3Jj"
],
"uid":"2231254013",
"parent":"",
"text":"如果是真的·····",
"mid":"yBnFVynun",
"date":"2012-09-11 15:14:54"
},
{
"kids":[],
"uid":"2973416980",
"parent":"",
"text":"干死小日本！",
"mid":"yBnFlcQZI",
"date":"2012-09-11 15:13:26"
}
]