[
{
"kids":[],
"uid":"1885467462",
"parent":"zCAhjoiCa",
"text":"",
"mid":"zD3umm1WT",
"date":"2013-06-25 14:16:22"
},
{
"kids":[],
"uid":"1788865462",
"parent":"zCDkS1Hsg",
"text":"",
"mid":"zCKSV5AXz",
"date":"2013-06-23 14:54:41"
},
{
"kids":[],
"uid":"2632071883",
"parent":"zCK1r57XG",
"text":"我勒個去...巴蜀水簾洞啊@干煸牛肉丝芹菜很重要",
"mid":"zCKJdtugJ",
"date":"2013-06-23 14:30:47"
},
{
"kids":[
"zCKJdtugJ"
],
"uid":"1224644425",
"parent":"zCDeZ4nXc",
"text":"",
"mid":"zCK1r57XG",
"date":"2013-06-23 12:42:55"
},
{
"kids":[],
"uid":"1224644425",
"parent":"zCDeZ4nXc",
"text":"",
"mid":"zCJZOjRob",
"date":"2013-06-23 12:38:54"
},
{
"kids":[],
"uid":"2056999232",
"parent":"zCEfDAnpQ",
"text":"[衰]",
"mid":"zCJOuyhRp",
"date":"2013-06-23 12:11:03"
},
{
"kids":[],
"uid":"2424274665",
"parent":"zCDeZ4nXc",
"text":"新路！新景观！",
"mid":"zCI75aSY5",
"date":"2013-06-23 07:51:21"
},
{
"kids":[],
"uid":"1852249681",
"parent":"zCDAYsRS5",
"text":"擦",
"mid":"zCELk5p0J",
"date":"2013-06-22 23:19:31"
},
{
"kids":[],
"uid":"kisstheearth",
"parent":"zCAhjoiCa",
"text":"",
"mid":"zCEDD80pG",
"date":"2013-06-22 23:00:34"
},
{
"kids":[],
"uid":"2373239202",
"parent":"zCDeZ4nXc",
"text":"[闭嘴]",
"mid":"zCEuHnrDV",
"date":"2013-06-22 22:38:33"
},
{
"kids":[],
"uid":"1658463863",
"parent":"zCAhjoiCa",
"text":"@丢丢的自留地 是这样吗？[害羞]",
"mid":"zCEskfC7J",
"date":"2013-06-22 22:32:41"
},
{
"kids":[],
"uid":"2012910727",
"parent":"zCB56piG7",
"text":"额'我住的地儿还没事儿'早上雨也没有那么大",
"mid":"zCEiCC5UG",
"date":"2013-06-22 22:08:46"
},
{
"kids":[],
"uid":"3089771623",
"parent":"zCDeZ4nXc",
"text":"",
"mid":"zCEisiGqx",
"date":"2013-06-22 22:08:23"
},
{
"kids":[],
"uid":"1835889253",
"parent":"zCDX8vmTF",
"text":"那天才被你吐槽过的....[黑线]@sanjirun",
"mid":"zCEgUdrd8",
"date":"2013-06-22 22:04:33"
},
{
"kids":[
"zCJOuyhRp"
],
"uid":"1681252847",
"parent":"zCDYmqMg7",
"text":"@PEIBEN",
"mid":"zCEfDAnpQ",
"date":"2013-06-22 22:01:24"
},
{
"kids":[],
"uid":"1908521431",
"parent":"zCDAYsRS5",
"text":"夸张",
"mid":"zCE8kjDvz",
"date":"2013-06-22 21:43:26"
},
{
"kids":[],
"uid":"1413842935",
"parent":"zCB34zlhY",
"text":"",
"mid":"zCE6wl922",
"date":"2013-06-22 21:38:59"
},
{
"kids":[],
"uid":"1256171493",
"parent":"zCAhjoiCa",
"text":"@乱弹O2",
"mid":"zCE5FrgC0",
"date":"2013-06-22 21:36:51"
},
{
"kids":[],
"uid":"2486467220",
"parent":"zCDu2zbhq",
"text":"",
"mid":"zCDYX6ZDY",
"date":"2013-06-22 21:20:23"
},
{
"kids":[
"zCJOuyhRp",
"zCEfDAnpQ"
],
"uid":"1879957175",
"parent":"zCDeZ4nXc",
"text":"我成都的亲们。这啥情况啊",
"mid":"zCDYmqMg7",
"date":"2013-06-22 21:18:50"
},
{
"kids":[],
"uid":"2609624690",
"parent":"zCAaarQyE",
"text":"",
"mid":"zCDY9u4wf",
"date":"2013-06-22 21:18:22"
},
{
"kids":[
"zCEgUdrd8"
],
"uid":"1770725472",
"parent":"zCDWhl0jS",
"text":"爽歪歪",
"mid":"zCDX8vmTF",
"date":"2013-06-22 21:15:52"
},
{
"kids":[
"zCEgUdrd8",
"zCDX8vmTF"
],
"uid":"hokutol",
"parent":"zCAOX0Psz",
"text":"这是那新修得BRT！",
"mid":"zCDWhl0jS",
"date":"2013-06-22 21:13:41"
},
{
"kids":[],
"uid":"2063978870",
"parent":"zCDeZ4nXc",
"text":"",
"mid":"zCDVvaX8W",
"date":"2013-06-22 21:11:48"
},
{
"kids":[],
"uid":"3217421841",
"parent":"zCDkS1Hsg",
"text":"",
"mid":"zCDNVldmK",
"date":"2013-06-22 20:53:10"
},
{
"kids":[],
"uid":"2271446751",
"parent":"zCDkS1Hsg",
"text":"",
"mid":"zCDMK2MhT",
"date":"2013-06-22 20:50:14"
},
{
"kids":[],
"uid":"2133185743",
"parent":"zCBvOF1e2",
"text":"",
"mid":"zCDMa2UpL",
"date":"2013-06-22 20:48:50"
},
{
"kids":[],
"uid":"2182609650",
"parent":"zCDeZ4nXc",
"text":"即北京看海看雾之后又一时节性的景点[汗]",
"mid":"zCDLsB6Jk",
"date":"2013-06-22 20:47:04"
},
{
"kids":[],
"uid":"violake",
"parent":"zCAhjoiCa",
"text":"好漂亮。。。",
"mid":"zCDK89XpU",
"date":"2013-06-22 20:43:47"
},
{
"kids":[],
"uid":"1875684521",
"parent":"zCDkS1Hsg",
"text":"",
"mid":"zCDJJ0CCm",
"date":"2013-06-22 20:42:48"
},
{
"kids":[],
"uid":"2198086311",
"parent":"zCCSGskvl",
"text":"",
"mid":"zCDIAFuQ3",
"date":"2013-06-22 20:40:02"
},
{
"kids":[],
"uid":"xiajiongxun1",
"parent":"zCDytDafJ",
"text":"",
"mid":"zCDIgyx27",
"date":"2013-06-22 20:39:14"
},
{
"kids":[],
"uid":"1227919824",
"parent":"zCDkS1Hsg",
"text":"",
"mid":"zCDH8heKb",
"date":"2013-06-22 20:36:24"
},
{
"kids":[],
"uid":"2278762440",
"parent":"zCDAYsRS5",
"text":"",
"mid":"zCDFck8LO",
"date":"2013-06-22 20:31:38"
},
{
"kids":[],
"uid":"shichenxing",
"parent":"zCAhjoiCa",
"text":"GDP是不管用，关键是我们没有其它的更好的横向评价体系。我们现在亟需建立一个放之四海皆准的，可以量化的，可以横向比较的，可取代GDP作为考核量的评价体系。@李克强 @人民日报 @北京发布 @北京12345",
"mid":"zCDEyoNpq",
"date":"2013-06-22 20:30:03"
},
{
"kids":[],
"uid":"2200952420",
"parent":"zCDAYsRS5",
"text":"",
"mid":"zCDEo4nej",
"date":"2013-06-22 20:29:40"
},
{
"kids":[],
"uid":"clouds0108",
"parent":"zCDAYsRS5",
"text":"矮马，真尼玛壮观",
"mid":"zCDDspsf6",
"date":"2013-06-22 20:27:22"
},
{
"kids":[
"zCELk5p0J",
"zCE8kjDvz",
"zCDFck8LO",
"zCDEo4nej",
"zCDDspsf6"
],
"uid":"1770745811",
"parent":"zCDkS1Hsg",
"text":"",
"mid":"zCDAYsRS5",
"date":"2013-06-22 20:21:16"
},
{
"kids":[],
"uid":"amnani",
"parent":"zCAhjoiCa",
"text":"",
"mid":"zCDzoDVQf",
"date":"2013-06-22 20:17:24"
},
{
"kids":[],
"uid":"amnani",
"parent":"zCAhjoiCa",
"text":"表示一下震撼！！真的，，真没想到啊！！",
"mid":"zCDzeB6O8",
"date":"2013-06-22 20:16:59"
},
{
"kids":[
"zCDIgyx27"
],
"uid":"heansship",
"parent":"zCDkS1Hsg",
"text":"拙计啊。。",
"mid":"zCDytDafJ",
"date":"2013-06-22 20:15:10"
},
{
"kids":[],
"uid":"2095858245",
"parent":"zCClIgZq3",
"text":"以后外地的朋友可以在这个季节来成都欣赏这个城市新景观（环二环瀑布）",
"mid":"zCDvQvIPz",
"date":"2013-06-22 20:08:38"
},
{
"kids":[],
"uid":"1404065092",
"parent":"zCDeZ4nXc",
"text":"天",
"mid":"zCDu6FabK",
"date":"2013-06-22 20:04:21"
},
{
"kids":[
"zCDYX6ZDY"
],
"uid":"12xiaojam0330",
"parent":"zCCUmbJxM",
"text":"第二张",
"mid":"zCDu2zbhq",
"date":"2013-06-22 20:04:09"
},
{
"kids":[],
"uid":"1604434257",
"parent":"",
"text":"成都顶上天河漏了。",
"mid":"zCDr6deld",
"date":"2013-06-22 19:56:56"
},
{
"kids":[],
"uid":"1402274831",
"parent":"",
"text":"@珈小乐",
"mid":"zCDpPkYjg",
"date":"2013-06-22 19:53:46"
},
{
"kids":[],
"uid":"2912908755",
"parent":"zCD8r6qPp",
"text":"夸张啊@失忆的冠冠猪 @拽实儿的粉红士多啤梨",
"mid":"zCDnHh5oL",
"date":"2013-06-22 19:48:30"
},
{
"kids":[],
"uid":"minggdy",
"parent":"zCDkS1Hsg",
"text":"酷~",
"mid":"zCDl3ee7s",
"date":"2013-06-22 19:42:04"
},
{
"kids":[
"zCKSV5AXz",
"zCELk5p0J",
"zCE8kjDvz",
"zCDNVldmK",
"zCDMK2MhT",
"zCDJJ0CCm",
"zCDIgyx27",
"zCDH8heKb",
"zCDFck8LO",
"zCDEo4nej",
"zCDDspsf6",
"zCDAYsRS5",
"zCDytDafJ",
"zCDl3ee7s"
],
"uid":"1744751257",
"parent":"zCDeZ4nXc",
"text":"陪你去看海 [嘻嘻][嘻嘻][嘻嘻]",
"mid":"zCDkS1Hsg",
"date":"2013-06-22 19:41:35"
},
{
"kids":[],
"uid":"2138339761",
"parent":"",
"text":"想不到成都还可以这样美！",
"mid":"zCDkmne6p",
"date":"2013-06-22 19:40:19"
},
{
"kids":[],
"uid":"3169340173",
"parent":"zCDeZ4nXc",
"text":"",
"mid":"zCDiicc7t",
"date":"2013-06-22 19:35:14"
},
{
"kids":[],
"uid":"xwd123",
"parent":"zCDeZ4nXc",
"text":"威尼斯和尼亚加拉",
"mid":"zCDhxacE1",
"date":"2013-06-22 19:33:20"
},
{
"kids":[],
"uid":"2700254912",
"parent":"zCBsZpncK",
"text":"",
"mid":"zCDha7eZR",
"date":"2013-06-22 19:32:24"
},
{
"kids":[],
"uid":"chj626",
"parent":"",
"text":"壮观",
"mid":"zCDgSpr3f",
"date":"2013-06-22 19:31:42"
},
{
"kids":[],
"uid":"2016732117",
"parent":"",
"text":"天啊！",
"mid":"zCDgByDaE",
"date":"2013-06-22 19:31:06"
},
{
"kids":[],
"uid":"zzii",
"parent":"zCDeZ4nXc",
"text":"",
"mid":"zCDfUp4vp",
"date":"2013-06-22 19:29:22"
},
{
"kids":[],
"uid":"1969739700",
"parent":"",
"text":"",
"mid":"zCDfIk8Wq",
"date":"2013-06-22 19:28:52"
},
{
"kids":[
"zCKSV5AXz",
"zCKJdtugJ",
"zCK1r57XG",
"zCJZOjRob",
"zCJOuyhRp",
"zCI75aSY5",
"zCELk5p0J",
"zCEuHnrDV",
"zCEisiGqx",
"zCEfDAnpQ",
"zCE8kjDvz",
"zCDYmqMg7",
"zCDVvaX8W",
"zCDNVldmK",
"zCDMK2MhT",
"zCDLsB6Jk",
"zCDJJ0CCm",
"zCDIgyx27",
"zCDH8heKb",
"zCDFck8LO",
"zCDEo4nej",
"zCDDspsf6",
"zCDAYsRS5",
"zCDytDafJ",
"zCDu6FabK",
"zCDl3ee7s",
"zCDkS1Hsg",
"zCDiicc7t",
"zCDhxacE1",
"zCDfUp4vp"
],
"uid":"artistzhongbiao",
"parent":"",
"text":"哦。大家醒醒，抽时间去成都看瀑布……[失望]",
"mid":"zCDeZ4nXc",
"date":"2013-06-22 19:27:05"
},
{
"kids":[],
"uid":"1933461647",
"parent":"zCAhjoiCa",
"text":"老图、旧图又来了！[怒]",
"mid":"zCDeMlQjn",
"date":"2013-06-22 19:26:33"
},
{
"kids":[],
"uid":"1784352307",
"parent":"zCAfHyolc",
"text":"转发微博。",
"mid":"zCD9E9frs",
"date":"2013-06-22 19:13:53"
},
{
"kids":[],
"uid":"lonovo",
"parent":"zCCP6iDoN",
"text":"灯还是很亮！",
"mid":"zCD9erx85",
"date":"2013-06-22 19:12:55"
},
{
"kids":[
"zCDnHh5oL"
],
"uid":"2293316272",
"parent":"zCAhjoiCa",
"text":"妈呀!@胖脸猫922",
"mid":"zCD8r6qPp",
"date":"2013-06-22 19:10:57"
},
{
"kids":[],
"uid":"1430419384",
"parent":"zCAhjoiCa",
"text":"@amyzhang0620",
"mid":"zCD7IsmSO",
"date":"2013-06-22 19:09:12"
},
{
"kids":[],
"uid":"1956005760",
"parent":"zCBsZpncK",
"text":"神奇的天府@虫率虫率",
"mid":"zCCZrauke",
"date":"2013-06-22 18:48:45"
},
{
"kids":[],
"uid":"lovesuju1314",
"parent":"zCCUmbJxM",
"text":"看海啦？",
"mid":"zCCVuuwN3",
"date":"2013-06-22 18:39:05"
},
{
"kids":[
"zCDYX6ZDY",
"zCDu2zbhq",
"zCCVuuwN3"
],
"uid":"1833002834",
"parent":"zCCOaDpkn",
"text":"哈哈哈哈哈哈",
"mid":"zCCUmbJxM",
"date":"2013-06-22 18:36:16"
},
{
"kids":[],
"uid":"1847067290",
"parent":"zCAhjoiCa",
"text":"[围观][围观]",
"mid":"zCCTD1YgN",
"date":"2013-06-22 18:34:28"
},
{
"kids":[
"zCDIAFuQ3"
],
"uid":"2761921373",
"parent":"zCCPTzSHw",
"text":"",
"mid":"zCCSGskvl",
"date":"2013-06-22 18:32:10"
},
{
"kids":[],
"uid":"1627896092",
"parent":"zCAhjoiCa",
"text":"",
"mid":"zCCS18d84",
"date":"2013-06-22 18:30:28"
},
{
"kids":[],
"uid":"smilehooker",
"parent":"zCAhjoiCa",
"text":"配一张四年前深圳的老图，就能骗一万多人转发。",
"mid":"zCCROqYYh",
"date":"2013-06-22 18:29:59"
},
{
"kids":[],
"uid":"yehuaqijiayou",
"parent":"zCCP6iDoN",
"text":"壮观！",
"mid":"zCCRz5SDF",
"date":"2013-06-22 18:29:20"
},
{
"kids":[],
"uid":"3161390214",
"parent":"zCCP6iDoN",
"text":"",
"mid":"zCCRbqmkT",
"date":"2013-06-22 18:28:25"
},
{
"kids":[
"zCDIAFuQ3",
"zCCSGskvl"
],
"uid":"2198086311",
"parent":"zCClIgZq3",
"text":"这还叫城市吗?[吃惊]",
"mid":"zCCPTzSHw",
"date":"2013-06-22 18:25:17"
},
{
"kids":[],
"uid":"edwt",
"parent":"",
"text":"壮观，但愿没有被淹死的？",
"mid":"zCCPKb74e",
"date":"2013-06-22 18:24:54"
},
{
"kids":[],
"uid":"1801300707",
"parent":"zCCN69luP",
"text":"大有水漫金山之情节！",
"mid":"zCCPJjfVp",
"date":"2013-06-22 18:24:50"
},
{
"kids":[
"zCD9erx85",
"zCCRz5SDF",
"zCCRbqmkT"
],
"uid":"shaojiangning",
"parent":"zCAhjoiCa",
"text":"成这样了啊！[吃惊]",
"mid":"zCCP6iDoN",
"date":"2013-06-22 18:23:19"
},
{
"kids":[],
"uid":"linsen008",
"parent":"zCAhjoiCa",
"text":"@唐Jacky 哇 可以游泳了~",
"mid":"zCCOD1P3g",
"date":"2013-06-22 18:22:07"
},
{
"kids":[],
"uid":"1496920665",
"parent":"zCAhjoiCa",
"text":"那些WBD 呢？",
"mid":"zCCOq1G79",
"date":"2013-06-22 18:21:37"
},
{
"kids":[
"zCDYX6ZDY",
"zCDu2zbhq",
"zCCVuuwN3",
"zCCUmbJxM"
],
"uid":"given16",
"parent":"zCAhjoiCa",
"text":"以为水帘洞呢！木有排水设施，难道萧敬腾改去成都了？",
"mid":"zCCOaDpkn",
"date":"2013-06-22 18:21:01"
},
{
"kids":[],
"uid":"1800253682",
"parent":"zCAhjoiCa",
"text":"",
"mid":"zCCNQh5Mm",
"date":"2013-06-22 18:20:13"
},
{
"kids":[],
"uid":"cntc",
"parent":"zCAhjoiCa",
"text":"",
"mid":"zCCNNiQ0W",
"date":"2013-06-22 18:20:06"
},
{
"kids":[],
"uid":"mingwen",
"parent":"zCAhjoiCa",
"text":"水漫金山，附赠水帘洞观光~~~不知道这种随时都会由于缺位的管理造成人民生命财产损失的情况还要持续多久。",
"mid":"zCCNaA0j6",
"date":"2013-06-22 18:18:34"
},
{
"kids":[
"zCCPJjfVp"
],
"uid":"2613139351",
"parent":"zCAhjoiCa",
"text":"这是成都吗？还有如此美景？",
"mid":"zCCN69luP",
"date":"2013-06-22 18:18:23"
},
{
"kids":[],
"uid":"lexon2010",
"parent":"zCAhjoiCa",
"text":"",
"mid":"zCCMHE40o",
"date":"2013-06-22 18:17:23"
},
{
"kids":[],
"uid":"1792874457",
"parent":"zCAhjoiCa",
"text":"这的下了多大雨啊",
"mid":"zCCMmFniI",
"date":"2013-06-22 18:16:35"
},
{
"kids":[],
"uid":"yuanjuzheng",
"parent":"",
"text":"@PPran 老姐是不是的哦····成都大瀑布·········",
"mid":"zCCKY3Pgu",
"date":"2013-06-22 18:13:06"
},
{
"kids":[],
"uid":"3206025712",
"parent":"",
"text":"今天成都？？好不得了@陈一衡 @瓶心静气 @蔚蓝轨迹16",
"mid":"zCCmGxrfM",
"date":"2013-06-22 17:13:20"
},
{
"kids":[],
"uid":"zixiaba",
"parent":"zCClIgZq3",
"text":"",
"mid":"zCCm9pQU8",
"date":"2013-06-22 17:12:00"
},
{
"kids":[
"zCDIAFuQ3",
"zCDvQvIPz",
"zCCSGskvl",
"zCCPTzSHw",
"zCCm9pQU8"
],
"uid":"2621248671",
"parent":"zCChY1X2N",
"text":"欢迎来摸鱼!",
"mid":"zCClIgZq3",
"date":"2013-06-22 17:10:55"
},
{
"kids":[],
"uid":"2910462592",
"parent":"zCBVYBzZl",
"text":"城市景观设计的不错。",
"mid":"zCCkT8u30",
"date":"2013-06-22 17:08:57"
},
{
"kids":[
"zCDIAFuQ3",
"zCDvQvIPz",
"zCCSGskvl",
"zCCPTzSHw",
"zCCm9pQU8",
"zCClIgZq3"
],
"uid":"1605654701",
"parent":"zCAWXaHTu",
"text":"可以捕鱼么",
"mid":"zCChY1X2N",
"date":"2013-06-22 17:01:40"
},
{
"kids":[],
"uid":"2856539512",
"parent":"",
"text":"东方威尼斯？[汗]",
"mid":"zCCdXvlea",
"date":"2013-06-22 16:51:48"
},
{
"kids":[],
"uid":"1739210513",
"parent":"zCAWXaHTu",
"text":"快来成都看海！",
"mid":"zCBWLmc9k",
"date":"2013-06-22 16:09:28"
},
{
"kids":[
"zCCkT8u30"
],
"uid":"2797241684",
"parent":"zCi1fcOXE",
"text":"@林印吉",
"mid":"zCBVYBzZl",
"date":"2013-06-22 16:07:31"
},
{
"kids":[],
"uid":"echo1218",
"parent":"",
"text":"真的吖。。看海看瀑布",
"mid":"zCBVruenx",
"date":"2013-06-22 16:06:12"
},
{
"kids":[],
"uid":"1930678281",
"parent":"zCBsZpncK",
"text":"中国很多城市的绿色基础设施有待提高，特别是雨洪这块",
"mid":"zCBT4nSry",
"date":"2013-06-22 16:00:19"
},
{
"kids":[],
"uid":"1004053083",
"parent":"",
"text":"我了个去！",
"mid":"zCBS14Rxv",
"date":"2013-06-22 15:57:45"
},
{
"kids":[],
"uid":"1004053083",
"parent":"zCAdm8Sfi",
"text":"",
"mid":"zCBRG5TyV",
"date":"2013-06-22 15:56:54"
},
{
"kids":[],
"uid":"timlim83",
"parent":"zCBvOF1e2",
"text":"“没有艺术家的艺术”，比",
"mid":"zCBRxvu4D",
"date":"2013-06-22 15:56:35"
},
{
"kids":[],
"uid":"2307558692",
"parent":"zCBsZpncK",
"text":"第二张不是假的啊？",
"mid":"zCBKvEf0Y",
"date":"2013-06-22 15:39:15"
},
{
"kids":[],
"uid":"1758892850",
"parent":"zCAaarQyE",
"text":"真的假的哦？！",
"mid":"zCBAiqoHw",
"date":"2013-06-22 15:14:06"
},
{
"kids":[],
"uid":"346198",
"parent":"",
"text":"@水不在深有龙则玲",
"mid":"zCBwt7tVV",
"date":"2013-06-22 15:04:38"
},
{
"kids":[
"zCDMa2UpL",
"zCBRxvu4D"
],
"uid":"pluswong",
"parent":"zCBsZpncK",
"text":"",
"mid":"zCBvOF1e2",
"date":"2013-06-22 15:03:04"
},
{
"kids":[],
"uid":"silliconfeng",
"parent":"zCBsZpncK",
"text":"水帘洞",
"mid":"zCBtyBg6O",
"date":"2013-06-22 14:57:30"
},
{
"kids":[
"zCDMa2UpL",
"zCDha7eZR",
"zCCZrauke",
"zCBT4nSry",
"zCBRxvu4D",
"zCBKvEf0Y",
"zCBvOF1e2",
"zCBtyBg6O"
],
"uid":"tianbaojiang",
"parent":"zCAhjoiCa",
"text":"[吃惊]",
"mid":"zCBsZpncK",
"date":"2013-06-22 14:56:03"
},
{
"kids":[],
"uid":"1735660651",
"parent":"zCAhjoiCa",
"text":"[哈哈]",
"mid":"zCBk87Puj",
"date":"2013-06-22 14:34:15"
},
{
"kids":[
"zCEiCC5UG"
],
"uid":"xiaozhuyiyi",
"parent":"zCB0CDe4o",
"text":"@Candy_喜乐 你，你们还好吗……",
"mid":"zCB56piG7",
"date":"2013-06-22 13:57:15"
},
{
"kids":[
"zCE6wl922"
],
"uid":"1846940550",
"parent":"zCAaarQyE",
"text":"",
"mid":"zCB34zlhY",
"date":"2013-06-22 13:52:14"
},
{
"kids":[
"zCEiCC5UG",
"zCB56piG7"
],
"uid":"1452022785",
"parent":"zCApzcbzw",
"text":"[吃惊]",
"mid":"zCB0CDe4o",
"date":"2013-06-22 13:46:12"
},
{
"kids":[],
"uid":"shiningleaf",
"parent":"zCApzcbzw",
"text":"这下凉快了……",
"mid":"zCB07kZdg",
"date":"2013-06-22 13:44:58"
},
{
"kids":[
"zCDIAFuQ3",
"zCDvQvIPz",
"zCCSGskvl",
"zCCPTzSHw",
"zCCm9pQU8",
"zCClIgZq3",
"zCChY1X2N",
"zCBWLmc9k"
],
"uid":"2686867453",
"parent":"zCAzI0t6Z",
"text":"@杜鹃花的小泰迪",
"mid":"zCAWXaHTu",
"date":"2013-06-22 13:37:10"
},
{
"kids":[],
"uid":"2096001774",
"parent":"zCAaarQyE",
"text":"[吃惊]",
"mid":"zCAUE9rjJ",
"date":"2013-06-22 13:31:29"
},
{
"kids":[],
"uid":"1737301314",
"parent":"zCApzcbzw",
"text":"。。。",
"mid":"zCASL5vI2",
"date":"2013-06-22 13:26:54"
},
{
"kids":[
"zCEgUdrd8",
"zCDX8vmTF",
"zCDWhl0jS"
],
"uid":"2954190602",
"parent":"zCAAc8XYL",
"text":"@深井冰杏仁 听说你家挺凉快 = = ?",
"mid":"zCAOX0Psz",
"date":"2013-06-22 13:17:26"
},
{
"kids":[],
"uid":"syusione",
"parent":"zCApzcbzw",
"text":"卧槽",
"mid":"zCANr3nyO",
"date":"2013-06-22 13:13:44"
},
{
"kids":[],
"uid":"arasick",
"parent":"zCAyX3SVJ",
"text":"哈巴儿，原bo20号的",
"mid":"zCAKAj6vv",
"date":"2013-06-22 13:06:42"
},
{
"kids":[],
"uid":"1080619593",
"parent":"zCAgmCisV",
"text":"在家门口看瀑布[浮云]",
"mid":"zCAHo4rLB",
"date":"2013-06-22 12:58:49"
},
{
"kids":[],
"uid":"1655728261",
"parent":"zCABnt19q",
"text":"下面那张图也不似成都，好像是广州",
"mid":"zCAFUraso",
"date":"2013-06-22 12:55:11"
},
{
"kids":[
"zCAFUraso"
],
"uid":"84031021",
"parent":"zCAAc8XYL",
"text":"=口=亲妈家的你们那儿情况咋样？",
"mid":"zCABnt19q",
"date":"2013-06-22 12:43:59"
},
{
"kids":[
"zCEgUdrd8",
"zCDX8vmTF",
"zCDWhl0jS",
"zCAOX0Psz",
"zCAFUraso",
"zCABnt19q"
],
"uid":"529887896",
"parent":"zCApzcbzw",
"text":"=口=",
"mid":"zCAAc8XYL",
"date":"2013-06-22 12:41:06"
},
{
"kids":[],
"uid":"1827018664",
"parent":"zCAzI0t6Z",
"text":"哇这是怎么个情况",
"mid":"zCAA0DM75",
"date":"2013-06-22 12:40:39"
},
{
"kids":[
"zCDIAFuQ3",
"zCDvQvIPz",
"zCCSGskvl",
"zCCPTzSHw",
"zCCm9pQU8",
"zCClIgZq3",
"zCChY1X2N",
"zCBWLmc9k",
"zCAWXaHTu",
"zCAA0DM75"
],
"uid":"1440517435",
"parent":"zCAhjoiCa",
"text":"壮观",
"mid":"zCAzI0t6Z",
"date":"2013-06-22 12:39:54"
},
{
"kids":[
"zCAKAj6vv"
],
"uid":"2214615947",
"parent":"zCApzcbzw",
"text":"纳尼？！昨天下雨了？！ 该去围观啊",
"mid":"zCAyX3SVJ",
"date":"2013-06-22 12:38:02"
},
{
"kids":[],
"uid":"2263048922",
"parent":"zCAw4fZMY",
"text":"还真是天然的瀑布…",
"mid":"zCAy5yQyi",
"date":"2013-06-22 12:35:53"
},
{
"kids":[],
"uid":"1715514813",
"parent":"zCApzcbzw",
"text":"卧槽……良辰美景了都，車子們都走不動癱瘓了吧…",
"mid":"zCAwkfdzY",
"date":"2013-06-22 12:31:32"
},
{
"kids":[
"zCAy5yQyi"
],
"uid":"shirlywu",
"parent":"zCApzcbzw",
"text":"wow!",
"mid":"zCAw4fZMY",
"date":"2013-06-22 12:30:56"
},
{
"kids":[],
"uid":"1005777761",
"parent":"zCAcF3MKo",
"text":"这是成都吗?俺没听说呀!二环哪段?",
"mid":"zCArqcd5F",
"date":"2013-06-22 12:19:28"
},
{
"kids":[],
"uid":"2255719251",
"parent":"zCAfv90PU",
"text":"哇奥[抓狂]",
"mid":"zCAr7vePx",
"date":"2013-06-22 12:18:44"
},
{
"kids":[],
"uid":"2298621711",
"parent":"",
"text":"[汗]@覃小样 @唐小_猫 @李太子围脖",
"mid":"zCAqKtcBk",
"date":"2013-06-22 12:17:50"
},
{
"kids":[
"zCEiCC5UG",
"zCEgUdrd8",
"zCDX8vmTF",
"zCDWhl0jS",
"zCB56piG7",
"zCB0CDe4o",
"zCB07kZdg",
"zCASL5vI2",
"zCAOX0Psz",
"zCANr3nyO",
"zCAKAj6vv",
"zCAFUraso",
"zCABnt19q",
"zCAAc8XYL",
"zCAyX3SVJ",
"zCAy5yQyi",
"zCAwkfdzY",
"zCAw4fZMY"
],
"uid":"figureskatingwriter",
"parent":"zCAfHyolc",
"text":"@替舅舅守护橡木盾的穿心莲 莲妹你还好嘛- -？？？？",
"mid":"zCApzcbzw",
"date":"2013-06-22 12:14:55"
},
{
"kids":[],
"uid":"nieguang",
"parent":"zCAhjoiCa",
"text":"这么多水。",
"mid":"zCAltpLHc",
"date":"2013-06-22 12:04:49"
},
{
"kids":[],
"uid":"1707295914",
"parent":"zCAhjoiCa",
"text":"@土豆阿門110",
"mid":"zCAkXd4cf",
"date":"2013-06-22 12:03:33"
},
{
"kids":[],
"uid":"2885483664",
"parent":"",
"text":"瀑布 @长颈鹿夹心雪糕",
"mid":"zCAhwosm6",
"date":"2013-06-22 11:55:06"
},
{
"kids":[
"zD3umm1WT",
"zCEDD80pG",
"zCEskfC7J",
"zCE5FrgC0",
"zCDYX6ZDY",
"zCDMa2UpL",
"zCDK89XpU",
"zCDIAFuQ3",
"zCDEyoNpq",
"zCDzoDVQf",
"zCDzeB6O8",
"zCDvQvIPz",
"zCDu2zbhq",
"zCDnHh5oL",
"zCDha7eZR",
"zCDeMlQjn",
"zCD9erx85",
"zCD8r6qPp",
"zCD7IsmSO",
"zCCZrauke",
"zCCVuuwN3",
"zCCUmbJxM",
"zCCTD1YgN",
"zCCSGskvl",
"zCCS18d84",
"zCCROqYYh",
"zCCRz5SDF",
"zCCRbqmkT",
"zCCPTzSHw",
"zCCPJjfVp",
"zCCP6iDoN",
"zCCOD1P3g",
"zCCOq1G79",
"zCCOaDpkn",
"zCCNQh5Mm",
"zCCNNiQ0W",
"zCCNaA0j6",
"zCCN69luP",
"zCCMHE40o",
"zCCMmFniI",
"zCCm9pQU8",
"zCClIgZq3",
"zCChY1X2N",
"zCBWLmc9k",
"zCBT4nSry",
"zCBRxvu4D",
"zCBKvEf0Y",
"zCBvOF1e2",
"zCBtyBg6O",
"zCBsZpncK",
"zCBk87Puj",
"zCAWXaHTu",
"zCAA0DM75",
"zCAzI0t6Z",
"zCAltpLHc",
"zCAkXd4cf"
],
"uid":"1805673751",
"parent":"zCAdm8Sfi",
"text":"",
"mid":"zCAhjoiCa",
"date":"2013-06-22 11:54:34"
},
{
"kids":[
"zCAHo4rLB"
],
"uid":"8e72l062",
"parent":"zCAbC1ml0",
"text":"担心那桥~",
"mid":"zCAgmCisV",
"date":"2013-06-22 11:52:14"
},
{
"kids":[
"zCEiCC5UG",
"zCEgUdrd8",
"zCDX8vmTF",
"zCDWhl0jS",
"zCD9E9frs",
"zCB56piG7",
"zCB0CDe4o",
"zCB07kZdg",
"zCASL5vI2",
"zCAOX0Psz",
"zCANr3nyO",
"zCAKAj6vv",
"zCAFUraso",
"zCABnt19q",
"zCAAc8XYL",
"zCAyX3SVJ",
"zCAy5yQyi",
"zCAwkfdzY",
"zCAw4fZMY",
"zCApzcbzw"
],
"uid":"anastasiadido",
"parent":"zCAfv90PU",
"text":"[衰]",
"mid":"zCAfHyolc",
"date":"2013-06-22 11:50:37"
},
{
"kids":[
"zCEiCC5UG",
"zCEgUdrd8",
"zCDX8vmTF",
"zCDWhl0jS",
"zCD9E9frs",
"zCB56piG7",
"zCB0CDe4o",
"zCB07kZdg",
"zCASL5vI2",
"zCAOX0Psz",
"zCANr3nyO",
"zCAKAj6vv",
"zCAFUraso",
"zCABnt19q",
"zCAAc8XYL",
"zCAyX3SVJ",
"zCAy5yQyi",
"zCAwkfdzY",
"zCAw4fZMY",
"zCAr7vePx",
"zCApzcbzw",
"zCAfHyolc"
],
"uid":"1069014452",
"parent":"zCAcF3MKo",
"text":"这么壮观啊",
"mid":"zCAfv90PU",
"date":"2013-06-22 11:50:07"
},
{
"kids":[],
"uid":"eelllee",
"parent":"zCAaarQyE",
"text":"[吃惊]",
"mid":"zCAfpuv2N",
"date":"2013-06-22 11:49:53"
},
{
"kids":[],
"uid":"1569371070",
"parent":"zCAaarQyE",
"text":"到成都看瀑布啊！",
"mid":"zCAfnqpHt",
"date":"2013-06-22 11:49:48"
},
{
"kids":[
"zD3umm1WT",
"zCEDD80pG",
"zCEskfC7J",
"zCE5FrgC0",
"zCDYX6ZDY",
"zCDMa2UpL",
"zCDK89XpU",
"zCDIAFuQ3",
"zCDEyoNpq",
"zCDzoDVQf",
"zCDzeB6O8",
"zCDvQvIPz",
"zCDu2zbhq",
"zCDnHh5oL",
"zCDha7eZR",
"zCDeMlQjn",
"zCD9erx85",
"zCD8r6qPp",
"zCD7IsmSO",
"zCCZrauke",
"zCCVuuwN3",
"zCCUmbJxM",
"zCCTD1YgN",
"zCCSGskvl",
"zCCS18d84",
"zCCROqYYh",
"zCCRz5SDF",
"zCCRbqmkT",
"zCCPTzSHw",
"zCCPJjfVp",
"zCCP6iDoN",
"zCCOD1P3g",
"zCCOq1G79",
"zCCOaDpkn",
"zCCNQh5Mm",
"zCCNNiQ0W",
"zCCNaA0j6",
"zCCN69luP",
"zCCMHE40o",
"zCCMmFniI",
"zCCm9pQU8",
"zCClIgZq3",
"zCChY1X2N",
"zCBWLmc9k",
"zCBT4nSry",
"zCBRG5TyV",
"zCBRxvu4D",
"zCBKvEf0Y",
"zCBvOF1e2",
"zCBtyBg6O",
"zCBsZpncK",
"zCBk87Puj",
"zCAWXaHTu",
"zCAA0DM75",
"zCAzI0t6Z",
"zCAltpLHc",
"zCAkXd4cf",
"zCAhjoiCa"
],
"uid":"1740891417",
"parent":"zCAaarQyE",
"text":"",
"mid":"zCAdm8Sfi",
"date":"2013-06-22 11:44:49"
},
{
"kids":[],
"uid":"2804710497",
"parent":"zCAaarQyE",
"text":"@三三爱琦琦 @杨文巧01",
"mid":"zCAdebTEH",
"date":"2013-06-22 11:44:30"
},
{
"kids":[
"zCEiCC5UG",
"zCEgUdrd8",
"zCDX8vmTF",
"zCDWhl0jS",
"zCD9E9frs",
"zCB56piG7",
"zCB0CDe4o",
"zCB07kZdg",
"zCASL5vI2",
"zCAOX0Psz",
"zCANr3nyO",
"zCAKAj6vv",
"zCAFUraso",
"zCABnt19q",
"zCAAc8XYL",
"zCAyX3SVJ",
"zCAy5yQyi",
"zCAwkfdzY",
"zCAw4fZMY",
"zCArqcd5F",
"zCAr7vePx",
"zCApzcbzw",
"zCAfHyolc",
"zCAfv90PU"
],
"uid":"chenmantian",
"parent":"zCAbC1ml0",
"text":"水生木~好",
"mid":"zCAcF3MKo",
"date":"2013-06-22 11:43:07"
},
{
"kids":[],
"uid":"rockchang",
"parent":"zCAbC1ml0",
"text":"",
"mid":"zCAc74AKD",
"date":"2013-06-22 11:41:45"
},
{
"kids":[
"zCEiCC5UG",
"zCEgUdrd8",
"zCDX8vmTF",
"zCDWhl0jS",
"zCD9E9frs",
"zCB56piG7",
"zCB0CDe4o",
"zCB07kZdg",
"zCASL5vI2",
"zCAOX0Psz",
"zCANr3nyO",
"zCAKAj6vv",
"zCAHo4rLB",
"zCAFUraso",
"zCABnt19q",
"zCAAc8XYL",
"zCAyX3SVJ",
"zCAy5yQyi",
"zCAwkfdzY",
"zCAw4fZMY",
"zCArqcd5F",
"zCAr7vePx",
"zCApzcbzw",
"zCAgmCisV",
"zCAfHyolc",
"zCAfv90PU",
"zCAcF3MKo",
"zCAc74AKD"
],
"uid":"279770098",
"parent":"zCAaarQyE",
"text":"",
"mid":"zCAbC1ml0",
"date":"2013-06-22 11:40:32"
},
{
"kids":[],
"uid":"1778837881",
"parent":"zCAaarQyE",
"text":"[衰]",
"mid":"zCAaWCKgo",
"date":"2013-06-22 11:38:54"
},
{
"kids":[
"zD3umm1WT",
"zCEDD80pG",
"zCEskfC7J",
"zCEiCC5UG",
"zCEgUdrd8",
"zCE6wl922",
"zCE5FrgC0",
"zCDYX6ZDY",
"zCDY9u4wf",
"zCDX8vmTF",
"zCDWhl0jS",
"zCDMa2UpL",
"zCDK89XpU",
"zCDIAFuQ3",
"zCDEyoNpq",
"zCDzoDVQf",
"zCDzeB6O8",
"zCDvQvIPz",
"zCDu2zbhq",
"zCDnHh5oL",
"zCDha7eZR",
"zCDeMlQjn",
"zCD9E9frs",
"zCD9erx85",
"zCD8r6qPp",
"zCD7IsmSO",
"zCCZrauke",
"zCCVuuwN3",
"zCCUmbJxM",
"zCCTD1YgN",
"zCCSGskvl",
"zCCS18d84",
"zCCROqYYh",
"zCCRz5SDF",
"zCCRbqmkT",
"zCCPTzSHw",
"zCCPJjfVp",
"zCCP6iDoN",
"zCCOD1P3g",
"zCCOq1G79",
"zCCOaDpkn",
"zCCNQh5Mm",
"zCCNNiQ0W",
"zCCNaA0j6",
"zCCN69luP",
"zCCMHE40o",
"zCCMmFniI",
"zCCm9pQU8",
"zCClIgZq3",
"zCChY1X2N",
"zCBWLmc9k",
"zCBT4nSry",
"zCBRG5TyV",
"zCBRxvu4D",
"zCBKvEf0Y",
"zCBAiqoHw",
"zCBvOF1e2",
"zCBtyBg6O",
"zCBsZpncK",
"zCBk87Puj",
"zCB56piG7",
"zCB34zlhY",
"zCB0CDe4o",
"zCB07kZdg",
"zCAWXaHTu",
"zCAUE9rjJ",
"zCASL5vI2",
"zCAOX0Psz",
"zCANr3nyO",
"zCAKAj6vv",
"zCAHo4rLB",
"zCAFUraso",
"zCABnt19q",
"zCAAc8XYL",
"zCAA0DM75",
"zCAzI0t6Z",
"zCAyX3SVJ",
"zCAy5yQyi",
"zCAwkfdzY",
"zCAw4fZMY",
"zCArqcd5F",
"zCAr7vePx",
"zCApzcbzw",
"zCAltpLHc",
"zCAkXd4cf",
"zCAhjoiCa",
"zCAgmCisV",
"zCAfHyolc",
"zCAfv90PU",
"zCAfpuv2N",
"zCAfnqpHt",
"zCAdm8Sfi",
"zCAdebTEH",
"zCAcF3MKo",
"zCAc74AKD",
"zCAbC1ml0",
"zCAaWCKgo"
],
"uid":"1242751760",
"parent":"",
"text":"壮观～",
"mid":"zCAaarQyE",
"date":"2013-06-22 11:36:59"
},
{
"kids":[],
"uid":"2075193001",
"parent":"zCiMz9M1o",
"text":"下面那張有點誇大其詞了",
"mid":"zCjfBAvdu",
"date":"2013-06-20 16:33:41"
},
{
"kids":[
"zCjfBAvdu"
],
"uid":"ggdc",
"parent":"",
"text":"@何莉永不说再見___",
"mid":"zCiMz9M1o",
"date":"2013-06-20 15:22:08"
},
{
"kids":[],
"uid":"areyouallright",
"parent":"zCi1fcOXE",
"text":"",
"mid":"zCibQ45MG",
"date":"2013-06-20 13:51:39"
},
{
"kids":[],
"uid":"2951852062",
"parent":"",
"text":"",
"mid":"zCi3cj2uV",
"date":"2013-06-20 13:30:21"
},
{
"kids":[
"zCCkT8u30",
"zCBVYBzZl",
"zCibQ45MG"
],
"uid":"2621248671",
"parent":"zChVAbI2T",
"text":"水淹七军!",
"mid":"zCi1fcOXE",
"date":"2013-06-20 13:25:32"
},
{
"kids":[
"zCCkT8u30",
"zCBVYBzZl",
"zCibQ45MG",
"zCi1fcOXE"
],
"uid":"2097476867",
"parent":"",
"text":"得承认，成都确实风景美丽",
"mid":"zChVAbI2T",
"date":"2013-06-20 13:11:36"
}
]