[
{
"kids":[],
"uid":"3026498967",
"parent":"",
"text":"即使是假的。我也转！",
"mid":"zENjVmvEr",
"date":"2013-07-07 00:47:20"
},
{
"kids":[],
"uid":"2174544191",
"parent":"",
"text":"转发微博。",
"mid":"yBgNbsZjX",
"date":"2012-09-10 21:43:35"
},
{
"kids":[],
"uid":"2174758793",
"parent":"",
"text":"",
"mid":"yykA9bueI",
"date":"2012-08-22 13:51:31"
},
{
"kids":[],
"uid":"2053677387",
"parent":"",
"text":"纯粹为了讽刺肘子。",
"mid":"yxPLkqSw8",
"date":"2012-08-19 07:23:55"
},
{
"kids":[],
"uid":"1452589611",
"parent":"",
"text":"我一想到方舟子这个人我就想再转一遍！@西安银行 @条形码记者王培 @潘朵拉大头 @温州娱乐报",
"mid":"yxDailSKI",
"date":"2012-08-17 23:19:44"
},
{
"kids":[],
"uid":"2808433742",
"parent":"yx8R8h8rs",
"text":"",
"mid":"yxCEi9Kfu",
"date":"2012-08-17 22:00:52"
},
{
"kids":[],
"uid":"712396200",
"parent":"",
"text":"zhuanle",
"mid":"yxrjOFvhY",
"date":"2012-08-16 17:10:13"
},
{
"kids":[],
"uid":"712396200",
"parent":"",
"text":"@CH雨晴 @3G手机专家 @大学农民 要是不送画个圈圈诅咒你！",
"mid":"yxiEQtlpg",
"date":"2012-08-15 19:07:15"
},
{
"kids":[],
"uid":"2012021087",
"parent":"",
"text":"转[嘻嘻]",
"mid":"yxhS3cnfz",
"date":"2012-08-15 17:07:04"
},
{
"kids":[],
"uid":"idcardnumber",
"parent":"yx71q9KqZ",
"text":"我早都不关注他了[汗][汗][汗]",
"mid":"yxhqS3ljA",
"date":"2012-08-15 16:00:07"
},
{
"kids":[],
"uid":"2170786990",
"parent":"",
"text":"",
"mid":"yxgyUavIp",
"date":"2012-08-15 13:47:10"
},
{
"kids":[],
"uid":"2747495597",
"parent":"yxgjhyOTu",
"text":"",
"mid":"yxgmihkGz",
"date":"2012-08-15 13:16:04"
},
{
"kids":[
"yxgmihkGz"
],
"uid":"1923106123",
"parent":"yx70bAStY",
"text":"转！等待4S哟。",
"mid":"yxgjhyOTu",
"date":"2012-08-15 13:08:41"
},
{
"kids":[],
"uid":"1950288490",
"parent":"",
"text":"",
"mid":"yxf1p6LdL",
"date":"2012-08-15 09:51:51"
},
{
"kids":[],
"uid":"1806917687",
"parent":"",
"text":"见证中！",
"mid":"yxaWkayhN",
"date":"2012-08-14 23:28:23"
},
{
"kids":[],
"uid":"1660156502",
"parent":"",
"text":"来了吗@femalemobboss @安东尼 @陈柯予",
"mid":"yxaA6B31W",
"date":"2012-08-14 22:33:39"
},
{
"kids":[],
"uid":"gerysky",
"parent":"",
"text":"擦",
"mid":"yxasS47IZ",
"date":"2012-08-14 22:15:49"
},
{
"kids":[],
"uid":"1791950871",
"parent":"",
"text":"@静一斐 @囡囝_kathy @德龙www 那就拜托方先生了。。",
"mid":"yxa3xukCb",
"date":"2012-08-14 21:13:23"
},
{
"kids":[],
"uid":"2476699530",
"parent":"yx70bAStY",
"text":"这个可以有",
"mid":"yx9K2CW02",
"date":"2012-08-14 20:25:23"
},
{
"kids":[],
"uid":"1884689053",
"parent":"",
"text":"转起来。",
"mid":"yx9yCBcOM",
"date":"2012-08-14 19:57:16"
},
{
"kids":[],
"uid":"2822962817",
"parent":"yx7hi8oB4",
"text":"手机？",
"mid":"yx8UncD10",
"date":"2012-08-14 18:18:05"
},
{
"kids":[
"yxCEi9Kfu"
],
"uid":"1452589611",
"parent":"yx7iDsLw0",
"text":"@潘朵拉大头 @条形码记者王培 @",
"mid":"yx8R8h8rs",
"date":"2012-08-14 18:10:03"
},
{
"kids":[],
"uid":"1131261555",
"parent":"",
"text":"支持方 不过我是来转发的[偷笑]",
"mid":"yx8I2ufAO",
"date":"2012-08-14 17:47:39"
},
{
"kids":[],
"uid":"2882421274",
"parent":"",
"text":"",
"mid":"yx8yphmyB",
"date":"2012-08-14 17:23:58"
},
{
"kids":[],
"uid":"2051599237",
"parent":"yx70bAStY",
"text":"跟着袁老师走，有礼品[哈哈]",
"mid":"yx8bYpoPJ",
"date":"2012-08-14 16:28:41"
},
{
"kids":[],
"uid":"2642525935",
"parent":"yx70bAStY",
"text":"@思小思Mirana @胡舒立 @陈运木木木",
"mid":"yx8aDDYj5",
"date":"2012-08-14 16:25:25"
},
{
"kids":[],
"uid":"sugerlala",
"parent":"",
"text":"已关注，坐等苹果@海狼nuke @烟灰缸与水果沙拉 @Andy-佳",
"mid":"yx8aA5StO",
"date":"2012-08-14 16:25:16"
},
{
"kids":[],
"uid":"1978890665",
"parent":"yx70bAStY",
"text":"",
"mid":"yx8142MJa",
"date":"2012-08-14 16:01:49"
},
{
"kids":[],
"uid":"2271640662",
"parent":"",
"text":"",
"mid":"yx7Zfa4I8",
"date":"2012-08-14 15:57:20"
},
{
"kids":[],
"uid":"1839539757",
"parent":"yx70bAStY",
"text":"试试@azzurri93 @cidyshi @黑军蚁",
"mid":"yx7UCvEAt",
"date":"2012-08-14 15:45:57"
},
{
"kids":[],
"uid":"1839539757",
"parent":"yx70bAStY",
"text":"转了",
"mid":"yx7TVo0Ws",
"date":"2012-08-14 15:44:14"
},
{
"kids":[],
"uid":"1945792691",
"parent":"",
"text":"@面团开花2012@超级袁全@于良",
"mid":"yx7NGzGs7",
"date":"2012-08-14 15:28:50"
},
{
"kids":[],
"uid":"2497944592",
"parent":"",
"text":"",
"mid":"yx7InDkPO",
"date":"2012-08-14 15:15:48"
},
{
"kids":[],
"uid":"1719236943",
"parent":"",
"text":"必须顶，100天后是不是该出5了@大眼宝宝99 @Sally蟹 @我是为你好",
"mid":"yx7GBrqQa",
"date":"2012-08-14 15:11:26"
},
{
"kids":[],
"uid":"hjunjie",
"parent":"yx76jjIya",
"text":"有意思，尽然要转战搜狐[围观]",
"mid":"yx7G8eDs5",
"date":"2012-08-14 15:10:15"
},
{
"kids":[],
"uid":"2424796270",
"parent":"",
"text":"真的吗？“打假斗士”您可要帮帮忙呀....@温州娱乐报@三位好友@中国电信",
"mid":"yx7F8sr1T",
"date":"2012-08-14 15:07:48"
},
{
"kids":[],
"uid":"cffjessica",
"parent":"",
"text":"@雅Gelato @忒假M @潮人F3",
"mid":"yx7EBFdSU",
"date":"2012-08-14 15:06:28"
},
{
"kids":[],
"uid":"redbeangirl",
"parent":"",
"text":"怎么总有人相信[汗]",
"mid":"yx7Ev8kDr",
"date":"2012-08-14 15:06:14"
},
{
"kids":[],
"uid":"2534544774",
"parent":"",
"text":"好事情",
"mid":"yx7Dfb8cd",
"date":"2012-08-14 15:03:08"
},
{
"kids":[],
"uid":"solobag",
"parent":"yx7d3FkkF",
"text":"方揍子走了？我喜欢[围观]",
"mid":"yx7CZvbcH",
"date":"2012-08-14 15:02:29"
},
{
"kids":[],
"uid":"1849429944",
"parent":"",
"text":"舟子啊！回来吧，你老人家一句话顶千万个肾啊",
"mid":"yx7y4vl09",
"date":"2012-08-14 14:50:24"
},
{
"kids":[],
"uid":"1807534794",
"parent":"",
"text":"@飘雪的娜天 @飘-forever @李娉娉是大龄文艺女青年",
"mid":"yx7wMrQFF",
"date":"2012-08-14 14:47:13"
},
{
"kids":[],
"uid":"2491511442",
"parent":"",
"text":"虽然是假的 但是还是转了···",
"mid":"yx7vFk2Zi",
"date":"2012-08-14 14:44:26"
},
{
"kids":[],
"uid":"2586621341",
"parent":"yx70bAStY",
"text":"",
"mid":"yx7uEFL76",
"date":"2012-08-14 14:41:59"
},
{
"kids":[],
"uid":"1472357410",
"parent":"yx70bAStY",
"text":"",
"mid":"yx7uBpHOv",
"date":"2012-08-14 14:41:51"
},
{
"kids":[],
"uid":"2672461343",
"parent":"",
"text":"转一次送一部吗？哪我今天下午就做这一件事了@LW5201314斐儿 @夜蒲女神 @住陕全国政协委员",
"mid":"yx7tT76wD",
"date":"2012-08-14 14:40:05"
},
{
"kids":[],
"uid":"2686265171",
"parent":"",
"text":"@芥末晓升 @何力 @朱学东",
"mid":"yx7sjxkzM",
"date":"2012-08-14 14:36:14"
},
{
"kids":[],
"uid":"liangfenglanyue",
"parent":"",
"text":"嘿嘿，你可别食言啊，，我来转发了  @rocket32 @伟忠启明 @阳光的快乐魔头",
"mid":"yx7rhaV83",
"date":"2012-08-14 14:33:39"
},
{
"kids":[],
"uid":"345837659",
"parent":"",
"text":"我不要你的手机 因为对 方 比较反感",
"mid":"yx7rbhjQC",
"date":"2012-08-14 14:33:25"
},
{
"kids":[],
"uid":"2234009241",
"parent":"yx7ma8D54",
"text":"有这等好事，这个必须的转[哈哈]",
"mid":"yx7qEagXD",
"date":"2012-08-14 14:32:06"
},
{
"kids":[],
"uid":"2698695201",
"parent":"yx70bAStY",
"text":"转，试试。[嘻嘻]",
"mid":"yx7q8vMDD",
"date":"2012-08-14 14:30:51"
},
{
"kids":[],
"uid":"1272353173",
"parent":"",
"text":"那就拜托方先生了",
"mid":"yx7pVvTqj",
"date":"2012-08-14 14:30:20"
},
{
"kids":[],
"uid":"2406629365",
"parent":"yx70bAStY",
"text":"",
"mid":"yx7pAzIJk",
"date":"2012-08-14 14:29:30"
},
{
"kids":[],
"uid":"1829998051",
"parent":"yx70bAStY",
"text":"",
"mid":"yx7p95LlZ",
"date":"2012-08-14 14:28:24"
},
{
"kids":[],
"uid":"206063182",
"parent":"",
"text":"你们说他能坚持住吗?[可怜]@蛋皮329 @晶晶晶晶晶晶阿晶 @静静静静静静阿静",
"mid":"yx7oqbx53",
"date":"2012-08-14 14:26:37"
},
{
"kids":[],
"uid":"2686265171",
"parent":"",
"text":"大家作证看一下",
"mid":"yx7nYFjen",
"date":"2012-08-14 14:25:32"
},
{
"kids":[],
"uid":"2234844515",
"parent":"",
"text":"@温州娱乐报",
"mid":"yx7nHxNjt",
"date":"2012-08-14 14:24:50"
},
{
"kids":[],
"uid":"1899415693",
"parent":"",
"text":"方疯子赶紧混蛋吧@钻石生活98 @520条爱情短信 @神秘野史",
"mid":"yx7nnq5DT",
"date":"2012-08-14 14:24:04"
},
{
"kids":[],
"uid":"zhuangjiaxiongfeng",
"parent":"yx70bAStY",
"text":"又来了。。。",
"mid":"yx7mZvI4m",
"date":"2012-08-14 14:23:05"
},
{
"kids":[
"yx7qEagXD"
],
"uid":"jacken23",
"parent":"",
"text":"@北马南山 @静听花落- @演员孙海英",
"mid":"yx7ma8D54",
"date":"2012-08-14 14:21:03"
},
{
"kids":[],
"uid":"1882656552",
"parent":"",
"text":"转发微博。",
"mid":"yx7m9wZ2W",
"date":"2012-08-14 14:21:02"
},
{
"kids":[],
"uid":"712331998",
"parent":"",
"text":"原来你这么有钱？要是不够分，先给老乡一台哈。[哈哈]@蔡述恩 @最幸福系我 @晶晶chen同学",
"mid":"yx7m7rPU7",
"date":"2012-08-14 14:20:57"
},
{
"kids":[],
"uid":"stopper007",
"parent":"",
"text":"@司仪王强 @彩妆造型师-徐海霞Sharon @Mario_李小贱",
"mid":"yx7m6gZhx",
"date":"2012-08-14 14:20:54"
},
{
"kids":[],
"uid":"1921024057",
"parent":"yx70bAStY",
"text":"@Vivian_cqf @天使微博炉 @汉庭连锁酒店",
"mid":"yx7lrcer9",
"date":"2012-08-14 14:19:16"
},
{
"kids":[],
"uid":"1216107114",
"parent":"",
"text":"@黯滅Eclipse各种苦逼QC哥 @贝壳里的海yl @狼狼ago思密达",
"mid":"yx7ktdFFQ",
"date":"2012-08-14 14:16:53"
},
{
"kids":[],
"uid":"1817401107",
"parent":"",
"text":"我去台历画圈圈@鲁小头 @剧痛的青春 @艾兰醒醒",
"mid":"yx7jPBmLo",
"date":"2012-08-14 14:15:19"
},
{
"kids":[],
"uid":"1613614180",
"parent":"",
"text":"舟子兄，请务必不要食言啊！搜狐的600W粉丝才是您老的归宿啊！@maggie_Sunhongyi @乐呵呵的王小兔 @beefcat沉凝",
"mid":"yx7jwE244",
"date":"2012-08-14 14:14:33"
},
{
"kids":[],
"uid":"1893059152",
"parent":"",
"text":"有这么好的事？？？@布鲁素C @我叫傻猪 @喜欢打瞌睡的猫",
"mid":"yx7iQ78RW",
"date":"2012-08-14 14:12:51"
},
{
"kids":[
"yx8R8h8rs"
],
"uid":"1452589611",
"parent":"yx70bAStY",
"text":"",
"mid":"yx7iDsLw0",
"date":"2012-08-14 14:12:21"
},
{
"kids":[],
"uid":"1893059152",
"parent":"",
"text":"转发微博。",
"mid":"yx7iceRmZ",
"date":"2012-08-14 14:11:15"
},
{
"kids":[],
"uid":"1825192552",
"parent":"",
"text":"@瘦马嘶残月 @头条新闻 @新浪女性",
"mid":"yx7hZyQNm",
"date":"2012-08-14 14:10:45"
},
{
"kids":[
"yx8UncD10"
],
"uid":"2029888083",
"parent":"",
"text":"@这位李同学 @hailey9280 @可可乐妈 @yan_liangly @辰傲天下SHINE [钱][钱][钱][钱][手机][手机][手机][手机]",
"mid":"yx7hi8oB4",
"date":"2012-08-14 14:09:03"
},
{
"kids":[],
"uid":"1658194182",
"parent":"",
"text":"@方舟子 坚持住，我的iphone全靠你了...",
"mid":"yx7hgkSct",
"date":"2012-08-14 14:08:59"
},
{
"kids":[],
"uid":"1402464750",
"parent":"",
"text":"再转@曾曾曾曾曾庆超 @上海小兔乖乖 @Tinazyzhang",
"mid":"yx7h2bVGf",
"date":"2012-08-14 14:08:23"
},
{
"kids":[],
"uid":"chakecheng",
"parent":"",
"text":"@中国苏州鱼香肉丝大王 @HR木铎 @Milan_04 没加V啊 可信吗？打广告的啊 别食言啊",
"mid":"yx7h1y9JO",
"date":"2012-08-14 14:08:22"
},
{
"kids":[],
"uid":"1422512383",
"parent":"",
"text":"转发有奖@阿拉犇犇牛 @俺是醒民Gerald @mmmxu1980",
"mid":"yx7gKoOVT",
"date":"2012-08-14 14:07:44"
},
{
"kids":[],
"uid":"susan910",
"parent":"",
"text":"@罗永浩可爱多 @sunny_晓晴 @flywujf-斐 [哈哈]如果方舟子不食言，一来老娘耳根清净，二来终于能用到单位年底的新年纪念礼物——iphone4S手机壳了[bed凌乱]",
"mid":"yx7gucHhv",
"date":"2012-08-14 14:07:04"
},
{
"kids":[],
"uid":"1507838954",
"parent":"",
"text":"我也转一次",
"mid":"yx7gmsqtS",
"date":"2012-08-14 14:06:46"
},
{
"kids":[],
"uid":"1824145207",
"parent":"yx70bAStY",
"text":"",
"mid":"yx7fZ9MU9",
"date":"2012-08-14 14:05:49"
},
{
"kids":[],
"uid":"1916644963",
"parent":"yx70bAStY",
"text":"@卡帕国台风呼哈哈 @开包子铺的苏三 @袁裕来律师",
"mid":"yx7fMraGL",
"date":"2012-08-14 14:05:18"
},
{
"kids":[],
"uid":"1402464750",
"parent":"",
"text":"意不在于奖品，我只是看不惯那个假打卫士",
"mid":"yx7fiyyHJ",
"date":"2012-08-14 14:04:09"
},
{
"kids":[],
"uid":"1728977894",
"parent":"",
"text":"转发6次，6台。",
"mid":"yx7eDfTve",
"date":"2012-08-14 14:02:30"
},
{
"kids":[],
"uid":"1916644963",
"parent":"",
"text":"@开包子铺的苏三 @卡帕国台风呼哈哈 @袁裕来律师",
"mid":"yx7eCEfKa",
"date":"2012-08-14 14:02:29"
},
{
"kids":[],
"uid":"1728977894",
"parent":"",
"text":"",
"mid":"yx7egbMnp",
"date":"2012-08-14 14:01:35"
},
{
"kids":[],
"uid":"1728977894",
"parent":"",
"text":"让我等一等，再转发。",
"mid":"yx7edw2Lm",
"date":"2012-08-14 14:01:28"
},
{
"kids":[],
"uid":"qdlaurel",
"parent":"",
"text":"@冷笑话精选 @神秘的风水学 @星座爱情001",
"mid":"yx7eaxQIb",
"date":"2012-08-14 14:01:20"
},
{
"kids":[],
"uid":"1956986225",
"parent":"",
"text":"",
"mid":"yx7dQ9jix",
"date":"2012-08-14 14:00:33"
},
{
"kids":[],
"uid":"1728977894",
"parent":"",
"text":"",
"mid":"yx7dP0uRD",
"date":"2012-08-14 14:00:30"
},
{
"kids":[],
"uid":"1728977894",
"parent":"",
"text":"我转发10次，我要10台。",
"mid":"yx7dO8ggR",
"date":"2012-08-14 14:00:28"
},
{
"kids":[],
"uid":"1728977894",
"parent":"",
"text":"",
"mid":"yx7dw5AiW",
"date":"2012-08-14 13:59:45"
},
{
"kids":[
"yx7CZvbcH"
],
"uid":"2597846267",
"parent":"",
"text":"有这样的好事，我也凑个热闹。@格格_W5 @厉恩_二少爷 @琪思瞄享 @何瑶琼 @温州娱乐报 我  @  四位 多送你一位[嘻嘻]  我要白色的",
"mid":"yx7d3FkkF",
"date":"2012-08-14 13:58:36"
},
{
"kids":[],
"uid":"liuyipingaini",
"parent":"",
"text":"@泛微陈文浩 @泛微张美燕 @JieeLaU",
"mid":"yx7cJCncy",
"date":"2012-08-14 13:57:49"
},
{
"kids":[],
"uid":"2647309481",
"parent":"yx70bAStY",
"text":"也转一次，看看能不能实现。",
"mid":"yx7c3mMpU",
"date":"2012-08-14 13:56:09"
},
{
"kids":[],
"uid":"2493041855",
"parent":"",
"text":"。。。。。。。。。。。",
"mid":"yx7c07PMP",
"date":"2012-08-14 13:56:01"
},
{
"kids":[],
"uid":"1434052602",
"parent":"",
"text":"是符合条件的每人送一台还是总共送一台，博主说清楚啊。呵呵。看戏了。是不是不给到时候可以申请法院强制执行啊？",
"mid":"yx7bUvKUr",
"date":"2012-08-14 13:55:49"
},
{
"kids":[],
"uid":"1434052602",
"parent":"",
"text":"@发的哈世界 @胡锡进 @染香",
"mid":"yx7azbx2i",
"date":"2012-08-14 13:52:27"
},
{
"kids":[],
"uid":"maksimba",
"parent":"",
"text":"@陶瓷背心 @刘不是FromMars @Yiton_S",
"mid":"yx7a7nhRp",
"date":"2012-08-14 13:51:22"
},
{
"kids":[],
"uid":"2475998564",
"parent":"yx70bAStY",
"text":"",
"mid":"yx79VhDy8",
"date":"2012-08-14 13:50:54"
},
{
"kids":[],
"uid":"liuyangnn326",
"parent":"",
"text":"@CD珂_erJ @_Malimalihong_ @大超_超超超",
"mid":"yx79yw8JO",
"date":"2012-08-14 13:49:58"
},
{
"kids":[],
"uid":"2661866993",
"parent":"",
"text":"给力",
"mid":"yx794oBM4",
"date":"2012-08-14 13:48:48"
},
{
"kids":[],
"uid":"cherrylin",
"parent":"",
"text":"果断转！为了4S，也为了打死过街的方肘子～",
"mid":"yx78U22t7",
"date":"2012-08-14 13:48:23"
},
{
"kids":[],
"uid":"gbxgobi",
"parent":"",
"text":"@Lizzy_微雨燕双飞 @王小灿_firefly @瓦西里7299",
"mid":"yx78SfMrK",
"date":"2012-08-14 13:48:17"
},
{
"kids":[],
"uid":"1922140204",
"parent":"yx70bAStY",
"text":"",
"mid":"yx78vx7iG",
"date":"2012-08-14 13:47:25"
},
{
"kids":[],
"uid":"523468832",
"parent":"yx75i6cVW",
"text":"@melody-misery @_小蜜蜂--Jeffrey_尹 @王Sandy是追梦人 坐等扇脸",
"mid":"yx78syNo9",
"date":"2012-08-14 13:47:17"
},
{
"kids":[],
"uid":"2398921245",
"parent":"",
"text":"",
"mid":"yx78pkPse",
"date":"2012-08-14 13:47:09"
},
{
"kids":[],
"uid":"2832269232",
"parent":"yx70bAStY",
"text":"不要食言啊！@三位好友",
"mid":"yx77Uzzuq",
"date":"2012-08-14 13:45:57"
},
{
"kids":[],
"uid":"1740249263",
"parent":"",
"text":"@冬眠的女巫 @尉迟琳嘉 @马志海",
"mid":"yx77MjbvH",
"date":"2012-08-14 13:45:36"
},
{
"kids":[],
"uid":"1635810733",
"parent":"yx74BwyYu",
"text":"@贾斯敏-郑 @打球野路子_雷小蒙 @C欢瑜yu 希望不要食言",
"mid":"yx77yabrj",
"date":"2012-08-14 13:45:02"
},
{
"kids":[],
"uid":"2351841944",
"parent":"yx76jjIya",
"text":"文字游戏 这些人应该直接封号",
"mid":"yx77yabo9",
"date":"2012-08-14 13:45:03"
},
{
"kids":[],
"uid":"1752170863",
"parent":"",
"text":"我也一直不明白方舟子。。。@智慧百科全说 @GMAT备考 @环球热门微博",
"mid":"yx777guJi",
"date":"2012-08-14 13:43:58"
},
{
"kids":[],
"uid":"1626356677",
"parent":"yx760ETkg",
"text":"我已关注并转发，等着你送，说话算数，他说不更新，就不更新，要是更新，那不就是个没诚信的人了吗？",
"mid":"yx76SahdN",
"date":"2012-08-14 13:43:24"
},
{
"kids":[],
"uid":"2513616983",
"parent":"",
"text":"@珏非 @朝吟 @Grace-寞晓 转了再说",
"mid":"yx76Rzzqa",
"date":"2012-08-14 13:43:21"
},
{
"kids":[
"yx7G8eDs5",
"yx77yabo9"
],
"uid":"1583872817",
"parent":"",
"text":"哈哈，围观也是一种力量。@滋补乌龟菜 @Nicole-微 @小Jin",
"mid":"yx76jjIya",
"date":"2012-08-14 13:41:59"
},
{
"kids":[
"yx76SahdN"
],
"uid":"1626356677",
"parent":"",
"text":"我也要",
"mid":"yx760ETkg",
"date":"2012-08-14 13:41:14"
},
{
"kids":[],
"uid":"1111181032",
"parent":"",
"text":"我转！",
"mid":"yx75TgujS",
"date":"2012-08-14 13:40:57"
},
{
"kids":[],
"uid":"1872763044",
"parent":"",
"text":"我等着你的 @天似无痕 @蜀山上的猫仙 @最爱的爸爸",
"mid":"yx75MvlF0",
"date":"2012-08-14 13:40:42"
},
{
"kids":[],
"uid":"2607684597",
"parent":"",
"text":"我也要@胡锦掏 @_快乐小梁 @ @Mr_Lack",
"mid":"yx75LC6jB",
"date":"2012-08-14 13:40:40"
},
{
"kids":[],
"uid":"2422937895",
"parent":"",
"text":"@牛贰松的犯二范儿 @有一只吃货叫杨兰 @以后再也不实名了  这是真的吗！！？？？",
"mid":"yx75FoR1O",
"date":"2012-08-14 13:40:25"
},
{
"kids":[],
"uid":"longguangye",
"parent":"",
"text":"哈哈国民劣根性",
"mid":"yx75v4n7r",
"date":"2012-08-14 13:39:59"
},
{
"kids":[
"yx78syNo9"
],
"uid":"2241534517",
"parent":"yx70bAStY",
"text":"@彳亍小生-LH @_小蜜蜂--Jeffrey_尹 @那年0-0那月",
"mid":"yx75i6cVW",
"date":"2012-08-14 13:39:27"
},
{
"kids":[],
"uid":"1249221651",
"parent":"",
"text":"100天后见分晓@小川传 @小号fanny @賨都渠县",
"mid":"yx756yriN",
"date":"2012-08-14 13:39:01"
},
{
"kids":[],
"uid":"1652998557",
"parent":"",
"text":"@萧山君子 @李开复 @刘晓庆",
"mid":"yx755527K",
"date":"2012-08-14 13:38:58"
},
{
"kids":[],
"uid":"1911533263",
"parent":"",
"text":"俺先报个名…@光远看经济 @打假反腐专员 @长江直播 @不加V @杜子建",
"mid":"yx74Jti95",
"date":"2012-08-14 13:38:05"
},
{
"kids":[
"yx77yabrj"
],
"uid":"1405468107",
"parent":"",
"text":"@OC刘主任 @下一站外滩 @宁静的颜色是什么 这个要转希望方舟子能不食言！[围观]",
"mid":"yx74BwyYu",
"date":"2012-08-14 13:37:48"
},
{
"kids":[],
"uid":"339267888",
"parent":"",
"text":"想要的转啊，手机不嫌多",
"mid":"yx749r4GY",
"date":"2012-08-14 13:36:41"
},
{
"kids":[],
"uid":"2129017053",
"parent":"",
"text":"@1more2more咦这世界 @加点盐女郎 @奥斯卡Ozgur",
"mid":"yx745jPsB",
"date":"2012-08-14 13:36:31"
},
{
"kids":[],
"uid":"2898430783",
"parent":"",
"text":"@ZHANXUANZE- @kazuya @林乱云阶",
"mid":"yx73XCEsJ",
"date":"2012-08-14 13:36:13"
},
{
"kids":[],
"uid":"2887579410",
"parent":"yx70bAStY",
"text":"那我也跟着转,也请求一份奖品",
"mid":"yx73X2v7v",
"date":"2012-08-14 13:36:11"
},
{
"kids":[],
"uid":"1883005330",
"parent":"",
"text":"",
"mid":"yx72UAjZn",
"date":"2012-08-14 13:33:38"
},
{
"kids":[],
"uid":"2342892347",
"parent":"yx70bAStY",
"text":"",
"mid":"yx71Z0bxW",
"date":"2012-08-14 13:31:19"
},
{
"kids":[],
"uid":"234622182",
"parent":"yx70bAStY",
"text":"",
"mid":"yx71Wlnvx",
"date":"2012-08-14 13:31:12"
},
{
"kids":[],
"uid":"1921178474",
"parent":"yx70bAStY",
"text":"",
"mid":"yx71Bmy6T",
"date":"2012-08-14 13:30:22"
},
{
"kids":[],
"uid":"1095915110",
"parent":"",
"text":"舟子千万别回来啊，即使回来也等一百天后啊。[偷笑]",
"mid":"yx71xfhV8",
"date":"2012-08-14 13:30:14"
},
{
"kids":[
"yxhqS3ljA"
],
"uid":"freesnot",
"parent":"",
"text":"@身份证号 @Story_雨天 @ICE-PEAK 。。。。= =",
"mid":"yx71q9KqZ",
"date":"2012-08-14 13:29:56"
},
{
"kids":[],
"uid":"18962981666jjq",
"parent":"",
"text":"鬼相信？",
"mid":"yx71ncpda",
"date":"2012-08-14 13:29:50"
},
{
"kids":[],
"uid":"1956788191",
"parent":"yx70bAStY",
"text":"真的吗？[嘻嘻]",
"mid":"yx71hdHYo",
"date":"2012-08-14 13:29:36"
},
{
"kids":[],
"uid":"1860541394",
"parent":"",
"text":"@Adiaos虎爹TonyBigMoon @沐雪若菲_喵呜De喵喵 @生活在別處-YY",
"mid":"yx716kFKV",
"date":"2012-08-14 13:29:09"
},
{
"kids":[],
"uid":"1662351374",
"parent":"",
"text":"好的～等着你的礼品呢哈～",
"mid":"yx713nkqh",
"date":"2012-08-14 13:29:03"
},
{
"kids":[],
"uid":"2479730664",
"parent":"",
"text":"",
"mid":"yx70UeCF1",
"date":"2012-08-14 13:28:41"
},
{
"kids":[],
"uid":"sisi8899",
"parent":"",
"text":"转发微博。",
"mid":"yx70IpfHL",
"date":"2012-08-14 13:28:13"
},
{
"kids":[],
"uid":"2179519620",
"parent":"yx70bAStY",
"text":"",
"mid":"yx70Hep9K",
"date":"2012-08-14 13:28:11"
},
{
"kids":[
"yxgjhyOTu",
"yx9K2CW02",
"yx8bYpoPJ",
"yx8aDDYj5",
"yx8142MJa",
"yx7UCvEAt",
"yx7TVo0Ws",
"yx7uEFL76",
"yx7uBpHOv",
"yx7q8vMDD",
"yx7pAzIJk",
"yx7p95LlZ",
"yx7mZvI4m",
"yx7lrcer9",
"yx7iDsLw0",
"yx7fZ9MU9",
"yx7fMraGL",
"yx7c3mMpU",
"yx79VhDy8",
"yx78vx7iG",
"yx77Uzzuq",
"yx75i6cVW",
"yx73X2v7v",
"yx71Z0bxW",
"yx71Wlnvx",
"yx71Bmy6T",
"yx71hdHYo",
"yx70Hep9K"
],
"uid":"yuanyangbj",
"parent":"",
"text":"多转一次，会有两份奖品吗？",
"mid":"yx70bAStY",
"date":"2012-08-14 13:26:55"
},
{
"kids":[],
"uid":"1419564400",
"parent":"",
"text":"@阿鼠医生的微博",
"mid":"yx6XTrD4G",
"date":"2012-08-14 13:21:16"
},
{
"kids":[],
"uid":"aiqing007",
"parent":"",
"text":"我关注了！！",
"mid":"yx6XRDPJr",
"date":"2012-08-14 13:21:12"
},
{
"kids":[],
"uid":"1419564400",
"parent":"",
"text":"",
"mid":"yx6XEm6ID",
"date":"2012-08-14 13:20:39"
},
{
"kids":[],
"uid":"q15820781",
"parent":"",
"text":"已关注，等待百天以后拿爱疯@爱丁堡小兔 @氧气71116 @若琳84 老方，要挺住。。",
"mid":"yx6WZjTTX",
"date":"2012-08-14 13:19:02"
},
{
"kids":[],
"uid":"1664797073",
"parent":"",
"text":"",
"mid":"yx6Vyoq3N",
"date":"2012-08-14 13:15:28"
},
{
"kids":[],
"uid":"2382096717",
"parent":"",
"text":"转发微博。",
"mid":"yx6UNoX98",
"date":"2012-08-14 13:13:38"
},
{
"kids":[],
"uid":"1672698194",
"parent":"",
"text":"@三位好友 @闲闻趣事 @阅读社会",
"mid":"yx6UdmIK4",
"date":"2012-08-14 13:12:12"
},
{
"kids":[],
"uid":"2148755284",
"parent":"",
"text":"",
"mid":"yx6TVl3bM",
"date":"2012-08-14 13:11:29"
},
{
"kids":[],
"uid":"1846392090",
"parent":"",
"text":"你会食盐的",
"mid":"yx6TQxlIn",
"date":"2012-08-14 13:11:16"
},
{
"kids":[],
"uid":"2114050362",
"parent":"",
"text":"",
"mid":"yx6TNDRT9",
"date":"2012-08-14 13:11:11"
},
{
"kids":[],
"uid":"1897011952",
"parent":"",
"text":"",
"mid":"yx6TNDRP9",
"date":"2012-08-14 13:11:09"
},
{
"kids":[],
"uid":"1672698194",
"parent":"",
"text":"@老武之图库 @头条新闻",
"mid":"yx6THqHa2",
"date":"2012-08-14 13:10:56"
},
{
"kids":[],
"uid":"wistzhu",
"parent":"",
"text":"好~~等着4S，",
"mid":"yx6TxoGOC",
"date":"2012-08-14 13:10:31"
},
{
"kids":[],
"uid":"1500227973",
"parent":"",
"text":"@温州娱乐报 @古怪_怪 @ou欢",
"mid":"yx6Tgfoin",
"date":"2012-08-14 13:09:51"
},
{
"kids":[],
"uid":"1768218955",
"parent":"",
"text":"@Stanley_孙剑君 @小林晔子 @ff_lm",
"mid":"yx6T2mNwI",
"date":"2012-08-14 13:09:18"
}
]