[
{
"kids":[],
"uid":"2896670292",
"parent":"",
"text":"",
"mid":"z6GUSbJpZ",
"date":"2012-11-24 17:58:47"
},
{
"kids":[],
"uid":"1613671735",
"parent":"",
"text":"真Tmd不是人，全部拉出去枪毙了[怒]",
"mid":"z6B1qa9tz",
"date":"2012-11-24 02:58:27"
},
{
"kids":[],
"uid":"wangxiulong999",
"parent":"z6u8bDpJe",
"text":"是人吗？枪决之！",
"mid":"z6yQA4RBR",
"date":"2012-11-23 21:26:13"
},
{
"kids":[],
"uid":"2434094822",
"parent":"z6vqFBLSw",
"text":"严惩杀人犯！",
"mid":"z6yn23eqr",
"date":"2012-11-23 20:13:27"
},
{
"kids":[],
"uid":"573022203",
"parent":"",
"text":"shit",
"mid":"z6xDFgpzZ",
"date":"2012-11-23 18:21:41"
},
{
"kids":[],
"uid":"2305897660",
"parent":"z6v7Y51je",
"text":"",
"mid":"z6xkO0D5z",
"date":"2012-11-23 17:35:11"
},
{
"kids":[],
"uid":"perfecteva",
"parent":"",
"text":"没有人信性！！",
"mid":"z6wpnimLw",
"date":"2012-11-23 15:13:44"
},
{
"kids":[],
"uid":"2593634280",
"parent":"",
"text":"如果是事实,这个计生干部就是畜生,让她/他做干部的,也是畜生",
"mid":"z6wcGoGnq",
"date":"2012-11-23 14:42:28"
},
{
"kids":[],
"uid":"2339228643",
"parent":"",
"text":"",
"mid":"z6w6Gky7S",
"date":"2012-11-23 14:27:40"
},
{
"kids":[],
"uid":"2389289872",
"parent":"",
"text":"",
"mid":"z6w5QFAjv",
"date":"2012-11-23 14:25:38"
},
{
"kids":[],
"uid":"colincaibao",
"parent":"z6vZmt3vj",
"text":"[汗]",
"mid":"z6w2Z4t3I",
"date":"2012-11-23 14:18:35"
},
{
"kids":[
"z6w2Z4t3I"
],
"uid":"2150075354",
"parent":"z6uFlENIK",
"text":"",
"mid":"z6vZmt3vj",
"date":"2012-11-23 14:09:40"
},
{
"kids":[],
"uid":"1409512197",
"parent":"z6tQG0roV",
"text":"[吃惊][吃惊]",
"mid":"z6vuvv7Gg",
"date":"2012-11-23 12:53:36"
},
{
"kids":[],
"uid":"2164664545",
"parent":"z6vqFBLSw",
"text":"牲口！",
"mid":"z6vtYlyZR",
"date":"2012-11-23 12:52:19"
},
{
"kids":[],
"uid":"1094292022",
"parent":"z6tZshOg9",
"text":"畜生",
"mid":"z6vtku25O",
"date":"2012-11-23 12:50:44"
},
{
"kids":[
"z6yn23eqr",
"z6vtYlyZR"
],
"uid":"2270753864",
"parent":"",
"text":"简直不是人[怒骂]",
"mid":"z6vqFBLSw",
"date":"2012-11-23 12:44:11"
},
{
"kids":[],
"uid":"2906393967",
"parent":"z6u5KDD15",
"text":"畜生",
"mid":"z6vkE81EO",
"date":"2012-11-23 12:29:20"
},
{
"kids":[],
"uid":"2003865881",
"parent":"z6v7Y51je",
"text":"[怒][怒]",
"mid":"z6veU2VPl",
"date":"2012-11-23 12:15:10"
},
{
"kids":[],
"uid":"2649900540",
"parent":"z6ucI1zSm",
"text":"这个国家已经无药可救了",
"mid":"z6vdJ4gKX",
"date":"2012-11-23 12:12:15"
},
{
"kids":[
"z6xkO0D5z",
"z6veU2VPl"
],
"uid":"2362640655",
"parent":"z6tA4dlzr",
"text":"[怒]",
"mid":"z6v7Y51je",
"date":"2012-11-23 11:58:06"
},
{
"kids":[],
"uid":"2803983290",
"parent":"",
"text":"为什么啊！没人性",
"mid":"z6uYydict",
"date":"2012-11-23 11:34:53"
},
{
"kids":[],
"uid":"2796198100",
"parent":"",
"text":"",
"mid":"z6uWnaNI5",
"date":"2012-11-23 11:29:31"
},
{
"kids":[],
"uid":"206788267",
"parent":"",
"text":"......[怒]",
"mid":"z6uFykAlN",
"date":"2012-11-23 10:48:05"
},
{
"kids":[
"z6vZmt3vj"
],
"uid":"2644118650",
"parent":"",
"text":"",
"mid":"z6uFlENIK",
"date":"2012-11-23 10:47:35"
},
{
"kids":[],
"uid":"1822188562",
"parent":"z6uwixHZR",
"text":"[怒][怒][怒]",
"mid":"z6uzKrPxj",
"date":"2012-11-23 10:33:48"
},
{
"kids":[],
"uid":"2711811557",
"parent":"",
"text":"畜牲！！",
"mid":"z6uyfEiFH",
"date":"2012-11-23 10:30:07"
},
{
"kids":[],
"uid":"1916329311",
"parent":"",
"text":"杀人？不过求证实先！",
"mid":"z6uwKApLW",
"date":"2012-11-23 10:26:25"
},
{
"kids":[
"z6uzKrPxj"
],
"uid":"royyvonne",
"parent":"z6uvGmFwZ",
"text":"求真相",
"mid":"z6uwixHZR",
"date":"2012-11-23 10:25:18"
},
{
"kids":[
"z6uwixHZR"
],
"uid":"1653635252",
"parent":"",
"text":"。。。这么嚣张啊",
"mid":"z6uvGmFwZ",
"date":"2012-11-23 10:23:47"
},
{
"kids":[],
"uid":"209998478",
"parent":"",
"text":"这是谋杀，警察吃屎去了？",
"mid":"z6uvzyM95",
"date":"2012-11-23 10:23:31"
},
{
"kids":[],
"uid":"102107077",
"parent":"z6tPhF4MN",
"text":"",
"mid":"z6uuXcGnz",
"date":"2012-11-23 10:21:59"
},
{
"kids":[],
"uid":"1855976220",
"parent":"z6ucNE7KI",
"text":"",
"mid":"z6utkpLC2",
"date":"2012-11-23 10:17:59"
},
{
"kids":[],
"uid":"xwd123",
"parent":"",
"text":"杀人者偿命！",
"mid":"z6uqvd8xb",
"date":"2012-11-23 10:11:00"
},
{
"kids":[],
"uid":"1797470551",
"parent":"",
"text":"妈的，不是人，会有报应的，NND。。就算超生么也不能这样对待小生命的啊。[怒]",
"mid":"z6upBEqs8",
"date":"2012-11-23 10:08:49"
},
{
"kids":[],
"uid":"2094425902",
"parent":"z6uch9XU9",
"text":"孩子下辈子别投胎来天朝",
"mid":"z6ugmq7sx",
"date":"2012-11-23 09:46:02"
},
{
"kids":[],
"uid":"bao206",
"parent":"z6ue34I8R",
"text":"",
"mid":"z6ufW62qX",
"date":"2012-11-23 09:44:59"
},
{
"kids":[
"z6ufW62qX"
],
"uid":"2468294833",
"parent":"z6u5EoyNv",
"text":"尼玛的 畜生不如的 你们这些人死千百次都不够 麻痹的",
"mid":"z6ue34I8R",
"date":"2012-11-23 09:40:20"
},
{
"kids":[
"z6utkpLC2"
],
"uid":"1743579353",
"parent":"z6u60Babb",
"text":"杀人凶手！~[怒]",
"mid":"z6ucNE7KI",
"date":"2012-11-23 09:37:16"
},
{
"kids":[
"z6vdJ4gKX"
],
"uid":"zxiao",
"parent":"",
"text":"",
"mid":"z6ucI1zSm",
"date":"2012-11-23 09:37:01"
},
{
"kids":[
"z6ugmq7sx"
],
"uid":"baybaylove",
"parent":"z6tIivkyD",
"text":"哎。。",
"mid":"z6uch9XU9",
"date":"2012-11-23 09:35:58"
},
{
"kids":[],
"uid":"sumeragihoumei",
"parent":"z6tisE486",
"text":"全部死死掉么好类，世界就干净了",
"mid":"z6uaVw16M",
"date":"2012-11-23 09:32:39"
},
{
"kids":[],
"uid":"1967913671",
"parent":"z6twXfdUy",
"text":"[怒]",
"mid":"z6u9pAu0P",
"date":"2012-11-23 09:28:55"
},
{
"kids":[
"z6yQA4RBR"
],
"uid":"2382655382",
"parent":"z6u5KDD15",
"text":"凌迟处死！！！",
"mid":"z6u8bDpJe",
"date":"2012-11-23 09:25:54"
},
{
"kids":[],
"uid":"1980487817",
"parent":"z6tQG0roV",
"text":"[怒]故意杀人啊！！",
"mid":"z6u7n8D7F",
"date":"2012-11-23 09:23:53"
},
{
"kids":[
"z6ucNE7KI"
],
"uid":"1943027785",
"parent":"z6tfM0vIg",
"text":"畜生",
"mid":"z6u60Babb",
"date":"2012-11-23 09:20:31"
},
{
"kids":[
"z6vkE81EO",
"z6u8bDpJe"
],
"uid":"2489370654",
"parent":"z6tpYmPCN",
"text":"下地狱'受酷刑[鄙视]",
"mid":"z6u5KDD15",
"date":"2012-11-23 09:19:55"
},
{
"kids":[
"z6ue34I8R"
],
"uid":"2245743201",
"parent":"",
"text":"是畜生[抓狂][怒][怒][怒][怒]",
"mid":"z6u5EoyNv",
"date":"2012-11-23 09:19:39"
},
{
"kids":[],
"uid":"1449269341",
"parent":"z6ttV1Uxw",
"text":"",
"mid":"z6u5Bs1M0",
"date":"2012-11-23 09:19:32"
},
{
"kids":[],
"uid":"2804636442",
"parent":"z6tEgx87M",
"text":"",
"mid":"z6u5uE8iD",
"date":"2012-11-23 09:19:16"
},
{
"kids":[],
"uid":"2755329302",
"parent":"z6tcN3ibC",
"text":"没人性。",
"mid":"z6u4QeaGy",
"date":"2012-11-23 09:17:39"
},
{
"kids":[],
"uid":"1771927000",
"parent":"",
"text":"",
"mid":"z6u3pgC1m",
"date":"2012-11-23 09:14:07"
},
{
"kids":[],
"uid":"2880235504",
"parent":"",
"text":"[怒][怒][怒]我可以骂人吗？",
"mid":"z6u1ruglc",
"date":"2012-11-23 09:09:16"
},
{
"kids":[],
"uid":"1905631522",
"parent":"z6tvy5HW3",
"text":"是不是人啊！有没有人性啊！",
"mid":"z6u0QfxES",
"date":"2012-11-23 09:07:47"
},
{
"kids":[
"z6vtku25O"
],
"uid":"2039170725",
"parent":"",
"text":"畜生",
"mid":"z6tZshOg9",
"date":"2012-11-23 09:04:23"
},
{
"kids":[],
"uid":"1069428440",
"parent":"z6tcRt3pj",
"text":"畜生不如",
"mid":"z6tYDtQ4K",
"date":"2012-11-23 09:02:22"
},
{
"kids":[],
"uid":"1800113290",
"parent":"z6tRB0DO1",
"text":"",
"mid":"z6tXZi27W",
"date":"2012-11-23 09:00:45"
},
{
"kids":[],
"uid":"whenyoung",
"parent":"z6tEgx87M",
"text":"当妈以后更加不忍看这种心纠心痛的事。",
"mid":"z6tW03gpW",
"date":"2012-11-23 08:55:53"
},
{
"kids":[],
"uid":"1949032545",
"parent":"z6tRB0DO1",
"text":"这是杀人！枪毙！[怒]",
"mid":"z6tUYdode",
"date":"2012-11-23 08:53:20"
},
{
"kids":[],
"uid":"fenshenshijie",
"parent":"z6tRNrAUa",
"text":"这么严重的事情，求证最重要",
"mid":"z6tT1EdyH",
"date":"2012-11-23 08:48:32"
},
{
"kids":[],
"uid":"1904197610",
"parent":"z6tQG0roV",
"text":"计生委是夺命阎王啊",
"mid":"z6tSHzY4T",
"date":"2012-11-23 08:47:45"
},
{
"kids":[],
"uid":"1801518217",
"parent":"",
"text":"还是人阿？谁家没个孩子！没文化没素质真可怕",
"mid":"z6tRY64Kt",
"date":"2012-11-23 08:45:54"
},
{
"kids":[
"z6tT1EdyH"
],
"uid":"1220859755",
"parent":"z6tKmcOXW",
"text":"@武汉同城会 真的假的啊？求查实！！！",
"mid":"z6tRNrAUa",
"date":"2012-11-23 08:45:30"
},
{
"kids":[
"z6tXZi27W",
"z6tUYdode"
],
"uid":"2125900351",
"parent":"z6tCkAbE1",
"text":"天哪[怒]",
"mid":"z6tRB0DO1",
"date":"2012-11-23 08:45:01"
},
{
"kids":[
"z6vuvv7Gg",
"z6u7n8D7F",
"z6tSHzY4T"
],
"uid":"2135563797",
"parent":"z6tEgx87M",
"text":"一群畜生!",
"mid":"z6tQG0roV",
"date":"2012-11-23 08:42:44"
},
{
"kids":[],
"uid":"kimisun",
"parent":"z6tPx3lbK",
"text":"枪毙[怒]",
"mid":"z6tQ1f4cP",
"date":"2012-11-23 08:41:07"
},
{
"kids":[
"z6tQ1f4cP"
],
"uid":"janhedi",
"parent":"",
"text":"畜生！",
"mid":"z6tPx3lbK",
"date":"2012-11-23 08:39:56"
},
{
"kids":[],
"uid":"1920764844",
"parent":"z6tHXwtbE",
"text":"盅尚",
"mid":"z6tPpoSe2",
"date":"2012-11-23 08:39:38"
},
{
"kids":[
"z6uuXcGnz"
],
"uid":"1973563861",
"parent":"",
"text":"是人吗？[怒][怒][怒][怒]孩子是无辜的！他既已来到这个世上就有权得到好的照顾.",
"mid":"z6tPhF4MN",
"date":"2012-11-23 08:39:19"
},
{
"kids":[],
"uid":"531101225",
"parent":"z6tLtBIIA",
"text":"",
"mid":"z6tNasRQb",
"date":"2012-11-23 08:34:08"
},
{
"kids":[],
"uid":"mhwsfantasy",
"parent":"",
"text":"我服了乡下人的智商了，难以置信",
"mid":"z6tMl54yv",
"date":"2012-11-23 08:32:03"
},
{
"kids":[
"z6tNasRQb"
],
"uid":"aristocraticvampires",
"parent":"",
"text":"",
"mid":"z6tLtBIIA",
"date":"2012-11-23 08:29:57"
},
{
"kids":[],
"uid":"jzhoney",
"parent":"z6tKmcOXW",
"text":"哪个领导留下的种啊。。",
"mid":"z6tLrxDix",
"date":"2012-11-23 08:29:52"
},
{
"kids":[],
"uid":"2488750800",
"parent":"",
"text":"[怒] 有病啊！抓起来通通枪毙！",
"mid":"z6tLb0Wni",
"date":"2012-11-23 08:29:11"
},
{
"kids":[
"z6tRNrAUa",
"z6tLrxDix"
],
"uid":"1483875957",
"parent":"z6tHatfPl",
"text":"[怒][怒][怒][怒]",
"mid":"z6tKmcOXW",
"date":"2012-11-23 08:27:11"
},
{
"kids":[
"z6uch9XU9"
],
"uid":"2432261043",
"parent":"z6trR3uqz",
"text":"疯狂的社会",
"mid":"z6tIivkyD",
"date":"2012-11-23 08:22:07"
},
{
"kids":[
"z6tPpoSe2"
],
"uid":"1884919101",
"parent":"",
"text":"政策＋指标＋歪曲理解＋急功近利＝极端畜生",
"mid":"z6tHXwtbE",
"date":"2012-11-23 08:21:16"
},
{
"kids":[],
"uid":"237899682",
"parent":"",
"text":"哇靠，什么人，什么事",
"mid":"z6tHvbqAz",
"date":"2012-11-23 08:20:09"
},
{
"kids":[
"z6tKmcOXW"
],
"uid":"wsjhhy",
"parent":"z6tcRt3pj",
"text":"是不是人啊？[怒]",
"mid":"z6tHatfPl",
"date":"2012-11-23 08:19:21"
},
{
"kids":[],
"uid":"teiz",
"parent":"",
"text":"@微博辟谣",
"mid":"z6tGg5ryQ",
"date":"2012-11-23 08:17:05"
},
{
"kids":[],
"uid":"1483253065",
"parent":"",
"text":"[怒][怒][怒][怒][怒][怒][怒][怒]",
"mid":"z6tG5FrFV",
"date":"2012-11-23 08:16:41"
},
{
"kids":[
"z6u5uE8iD",
"z6tW03gpW",
"z6tQG0roV"
],
"uid":"1904044213",
"parent":"z6twXfdUy",
"text":"[怒][怒][怒]",
"mid":"z6tEgx87M",
"date":"2012-11-23 08:12:11"
},
{
"kids":[
"z6tRB0DO1"
],
"uid":"2652384304",
"parent":"",
"text":"转发微博。",
"mid":"z6tCkAbE1",
"date":"2012-11-23 08:07:25"
},
{
"kids":[
"z6v7Y51je"
],
"uid":"hasheng",
"parent":"z6trR3uqz",
"text":"求真相",
"mid":"z6tA4dlzr",
"date":"2012-11-23 08:01:49"
},
{
"kids":[],
"uid":"jxiaobao520",
"parent":"",
"text":"真TM不是东西'不配做人[怒][怒]！！",
"mid":"z6tA29fGL",
"date":"2012-11-23 08:01:45"
},
{
"kids":[],
"uid":"2139899592",
"parent":"z6twXfdUy",
"text":"天打雷劈",
"mid":"z6tzQjSAo",
"date":"2012-11-23 08:01:16"
},
{
"kids":[],
"uid":"2108293584",
"parent":"",
"text":"转发微博。",
"mid":"z6tzqlfLi",
"date":"2012-11-23 08:00:15"
},
{
"kids":[],
"uid":"1791303644",
"parent":"",
"text":"计生干部屡屡行凶好比一条凶恶的狗，我们既要打狗还要追究狗主人的责任。",
"mid":"z6tx7zD9X",
"date":"2012-11-23 07:54:34"
},
{
"kids":[],
"uid":"2136876547",
"parent":"z6tcN3ibC",
"text":"这算什么？杀人罪啊",
"mid":"z6tx5xbt0",
"date":"2012-11-23 07:54:30"
},
{
"kids":[
"z6u9pAu0P",
"z6tEgx87M",
"z6tzQjSAo"
],
"uid":"1779842815",
"parent":"z6tvy5HW3",
"text":"[怒]",
"mid":"z6twXfdUy",
"date":"2012-11-23 07:54:09"
},
{
"kids":[],
"uid":"1838688745",
"parent":"",
"text":"杀人偿命！",
"mid":"z6twSwjDq",
"date":"2012-11-23 07:53:59"
},
{
"kids":[
"z6u0QfxES",
"z6twXfdUy"
],
"uid":"1928253155",
"parent":"",
"text":"[吃惊][怒]谋杀",
"mid":"z6tvy5HW3",
"date":"2012-11-23 07:50:42"
},
{
"kids":[],
"uid":"0202momo",
"parent":"",
"text":"操！尼！瑪！的！十！八！代！老！祖！宗！。。。這種人都應該五馬分屍，滿門抄斬，誅連九族，絕子絕孫！！！草！泥！馬！[怒][怒][怒][怒骂][怒骂][怒骂]",
"mid":"z6turgh9R",
"date":"2012-11-23 07:47:57"
},
{
"kids":[
"z6u5Bs1M0"
],
"uid":"cchjjb",
"parent":"z6tjHb6uP",
"text":"[怒][怒]睇住班7头几时死！",
"mid":"z6ttV1Uxw",
"date":"2012-11-23 07:46:40"
},
{
"kids":[],
"uid":"2309392322",
"parent":"",
"text":"",
"mid":"z6ttNkMsN",
"date":"2012-11-23 07:46:23"
},
{
"kids":[
"z6tIivkyD",
"z6tA4dlzr"
],
"uid":"207894596",
"parent":"",
"text":"这种人没子女送终的要[怒]",
"mid":"z6trR3uqz",
"date":"2012-11-23 07:41:36"
},
{
"kids":[],
"uid":"lilian",
"parent":"",
"text":"公愤个屁！杀人偿命！还有啥好说的！出生了就是人命！",
"mid":"z6trm42hB",
"date":"2012-11-23 07:40:22"
},
{
"kids":[
"z6u5KDD15"
],
"uid":"1732619641",
"parent":"",
"text":"是不是人啊。。晚上不怕敲门吗？。。",
"mid":"z6tpYmPCN",
"date":"2012-11-23 07:36:58"
},
{
"kids":[],
"uid":"shenzhenheizai",
"parent":"",
"text":"转发微博。",
"mid":"z6tly9vs8",
"date":"2012-11-23 07:26:03"
},
{
"kids":[],
"uid":"qq332108108",
"parent":"",
"text":"计生办的可以光天化日下杀人了？婴儿不是人？这样要是都不受法律制裁还谈什么法制社会？[怒][怒][怒][怒]",
"mid":"z6tjOg5SR",
"date":"2012-11-23 07:21:47"
},
{
"kids":[
"z6ttV1Uxw"
],
"uid":"dmsu",
"parent":"z6tfECSbp",
"text":"",
"mid":"z6tjHb6uP",
"date":"2012-11-23 07:21:30"
},
{
"kids":[],
"uid":"1636299817",
"parent":"",
"text":"这种人下辈子就该是被人这样虐待的命",
"mid":"z6tj7a7qC",
"date":"2012-11-23 07:20:03"
},
{
"kids":[
"z6uaVw16M"
],
"uid":"2522476052",
"parent":"",
"text":"丢在粪坑的爹妈呢不是必须死啊",
"mid":"z6tisE486",
"date":"2012-11-23 07:18:28"
},
{
"kids":[],
"uid":"2100091892",
"parent":"",
"text":"畜生",
"mid":"z6tgTsNzG",
"date":"2012-11-23 07:14:36"
},
{
"kids":[],
"uid":"2703176435",
"parent":"",
"text":"[怒][怒][怒]",
"mid":"z6tgHimKA",
"date":"2012-11-23 07:14:06"
},
{
"kids":[
"z6u60Babb"
],
"uid":"1768283185",
"parent":"",
"text":"畜生",
"mid":"z6tfM0vIg",
"date":"2012-11-23 07:11:50"
},
{
"kids":[
"z6tjHb6uP"
],
"uid":"tonypigx",
"parent":"",
"text":"转发微博。",
"mid":"z6tfECSbp",
"date":"2012-11-23 07:11:33"
},
{
"kids":[],
"uid":"kappakoala",
"parent":"",
"text":"这特么是谋杀了！这事儿很严重！",
"mid":"z6tdX9pmR",
"date":"2012-11-23 07:07:21"
},
{
"kids":[],
"uid":"1995494063",
"parent":"",
"text":"转发微博。",
"mid":"z6tdthNEp",
"date":"2012-11-23 07:06:10"
},
{
"kids":[
"z6tYDtQ4K",
"z6tHatfPl"
],
"uid":"fiveflower",
"parent":"z6tbshVZS",
"text":"计生办的直接剥夺了孩子为共产主义奋斗的权利，剥夺了孩子8岁时享受小康的权利~",
"mid":"z6tcRt3pj",
"date":"2012-11-23 07:04:40"
},
{
"kids":[
"z6u4QeaGy",
"z6tx5xbt0"
],
"uid":"118634678",
"parent":"",
"text":"转发微博。",
"mid":"z6tcN3ibC",
"date":"2012-11-23 07:04:28"
},
{
"kids":[],
"uid":"1153624764",
"parent":"",
"text":"",
"mid":"z6tcvxz6w",
"date":"2012-11-23 07:03:47"
},
{
"kids":[
"z6tcRt3pj"
],
"uid":"xujie721",
"parent":"",
"text":"[怒]畜生啊！",
"mid":"z6tbshVZS",
"date":"2012-11-23 07:01:11"
},
{
"kids":[],
"uid":"1839496550",
"parent":"",
"text":"",
"mid":"z6taz3jwn",
"date":"2012-11-23 06:59:00"
},
{
"kids":[],
"uid":"2194549344",
"parent":"",
"text":"",
"mid":"z6taugb5V",
"date":"2012-11-23 06:58:49"
},
{
"kids":[],
"uid":"irockboy",
"parent":"",
"text":"求辟谣 果真如此应该给这些人的后代做绝育手术",
"mid":"z6tahiAi6",
"date":"2012-11-23 06:58:17"
},
{
"kids":[],
"uid":"1929162952",
"parent":"",
"text":"[吃惊][吃惊]",
"mid":"z6t9VquYM",
"date":"2012-11-23 06:57:26"
},
{
"kids":[],
"uid":"linting613",
"parent":"",
"text":"说什么好、这就是计划生育？",
"mid":"z6t9OCCif",
"date":"2012-11-23 06:57:10"
},
{
"kids":[],
"uid":"zhangqingqin1982",
"parent":"",
"text":"都是些脑子有问题的！[怒]应该枪毙",
"mid":"z6t9KbUqp",
"date":"2012-11-23 06:56:58"
},
{
"kids":[],
"uid":"2663285621",
"parent":"",
"text":"[怒][怒][怒]",
"mid":"z6t9J3VcI",
"date":"2012-11-23 06:56:55"
}
]