[
{
"kids":[],
"uid":"2115106247",
"parent":"zy0iOwGBx",
"text":"",
"mid":"zAdkyDz6m",
"date":"2013-06-06 21:48:48"
},
{
"kids":[],
"uid":"2029640214",
"parent":"zxZz4nfPB",
"text":"完全是讹传啊，龙兄！",
"mid":"zyNtn8FFt",
"date":"2013-05-28 14:08:46"
},
{
"kids":[],
"uid":"3044991860",
"parent":"zyaaKfH5f",
"text":"",
"mid":"zysHz5TID",
"date":"2013-05-26 09:16:04"
},
{
"kids":[],
"uid":"3044008940",
"parent":"zyaaKfH5f",
"text":"",
"mid":"zys8Hgqs4",
"date":"2013-05-26 07:50:09"
},
{
"kids":[],
"uid":"2688642654",
"parent":"zy9w32hOt",
"text":"我家是蓝的[鼓掌]@元子大超",
"mid":"zydswgmJc",
"date":"2013-05-24 18:27:47"
},
{
"kids":[],
"uid":"2180438132",
"parent":"zy27kfb0J",
"text":"",
"mid":"zycBFAVQb",
"date":"2013-05-24 16:17:36"
},
{
"kids":[],
"uid":"1627123030",
"parent":"zy42e7zj1",
"text":"",
"mid":"zybXVrGzg",
"date":"2013-05-24 14:39:40"
},
{
"kids":[],
"uid":"1712121093",
"parent":"zy4XFoQXN",
"text":"",
"mid":"zybjLF46H",
"date":"2013-05-24 13:00:43"
},
{
"kids":[],
"uid":"2299449480",
"parent":"zy2RK1vd7",
"text":"@cherrycandygu",
"mid":"zyaPmoYNE",
"date":"2013-05-24 11:45:50"
},
{
"kids":[],
"uid":"xulinling",
"parent":"zy5oca3pv",
"text":"看来舒适达贵的有点小道理",
"mid":"zyamu32GX",
"date":"2013-05-24 10:34:40"
},
{
"kids":[
"zysHz5TID",
"zys8Hgqs4"
],
"uid":"2345191231",
"parent":"zy58tjVkw",
"text":"其实那个标记只是生产过程中对牙膏管的定位标记，与牙膏的组织成份无关係",
"mid":"zyaaKfH5f",
"date":"2013-05-24 10:05:46"
},
{
"kids":[
"zydswgmJc"
],
"uid":"1805433187",
"parent":"zy9nchDJ5",
"text":"@琪琪jane6791",
"mid":"zy9w32hOt",
"date":"2013-05-24 08:25:29"
},
{
"kids":[],
"uid":"yanyanleu",
"parent":"zy5FICa9g",
"text":"@女巫716",
"mid":"zy9vEcMwc",
"date":"2013-05-24 08:24:30"
},
{
"kids":[
"zydswgmJc",
"zy9w32hOt"
],
"uid":"1461937184",
"parent":"zy5FICa9g",
"text":"@vivi小黑 咱家好像都是黑的",
"mid":"zy9nchDJ5",
"date":"2013-05-24 08:03:41"
},
{
"kids":[],
"uid":"1915843705",
"parent":"zy5oca3pv",
"text":"这样啊！",
"mid":"zy9mIrQF3",
"date":"2013-05-24 08:02:31"
},
{
"kids":[],
"uid":"2538850527",
"parent":"zy42e7zj1",
"text":"",
"mid":"zy6NtcD0n",
"date":"2013-05-24 01:30:11"
},
{
"kids":[],
"uid":"112721106",
"parent":"",
"text":"",
"mid":"zy5WofPbD",
"date":"2013-05-23 23:19:23"
},
{
"kids":[],
"uid":"2314628162",
"parent":"",
"text":"哈哈好样的~（其实窝也不太信啦！看窝健康的白牙~~≧▽≦)/~",
"mid":"zy5WbfF0y",
"date":"2013-05-23 23:18:53"
},
{
"kids":[],
"uid":"2314628162",
"parent":"",
"text":"！！！不高兴︶︿︶",
"mid":"zy5V19lim",
"date":"2013-05-23 23:16:02"
},
{
"kids":[],
"uid":"heroke110",
"parent":"zy5s44W7Z",
"text":"",
"mid":"zy5UOrX8x",
"date":"2013-05-23 23:15:31"
},
{
"kids":[],
"uid":"2314628162",
"parent":"zy5HHfsuo",
"text":"哎果然是黑的........[晕]",
"mid":"zy5Rq3A5W",
"date":"2013-05-23 23:07:10"
},
{
"kids":[],
"uid":"1408049963",
"parent":"zy2n6gy15",
"text":"转一下",
"mid":"zy5NKfaQI",
"date":"2013-05-23 22:58:05"
},
{
"kids":[],
"uid":"2133418524",
"parent":"",
"text":"",
"mid":"zy5ImmVY0",
"date":"2013-05-23 22:44:52"
},
{
"kids":[
"zy5Rq3A5W"
],
"uid":"hel77",
"parent":"zy58Gh7mS",
"text":"",
"mid":"zy5HHfsuo",
"date":"2013-05-23 22:43:13"
},
{
"kids":[
"zydswgmJc",
"zy9w32hOt",
"zy9vEcMwc",
"zy9nchDJ5"
],
"uid":"2105268847",
"parent":"zy5iupcf8",
"text":"@死鱼眼包子",
"mid":"zy5FICa9g",
"date":"2013-05-23 22:38:21"
},
{
"kids":[],
"uid":"xinrui0409",
"parent":"zy4IItE0W",
"text":"孩纸～假的啦！这是牙膏管加工过程中的机器识别标记....学工科的孩纸咋能被这么不专业的段子骗了呢[黑线]",
"mid":"zy5ELvQjW",
"date":"2013-05-23 22:36:03"
},
{
"kids":[],
"uid":"2814791922",
"parent":"",
"text":"又涨姿势了= =",
"mid":"zy5EC5UrM",
"date":"2013-05-23 22:35:37"
},
{
"kids":[],
"uid":"1864038411",
"parent":"",
"text":"",
"mid":"zy5E6cwLJ",
"date":"2013-05-23 22:34:18"
},
{
"kids":[],
"uid":"1428439723",
"parent":"zy4qY1ZD7",
"text":"报纸上已经辟谣了，那个颜色根本与牙膏成分无关",
"mid":"zy5E5hGcu",
"date":"2013-05-23 22:34:17"
},
{
"kids":[],
"uid":"2745897461",
"parent":"",
"text":"",
"mid":"zy5A03oUE",
"date":"2013-05-23 22:24:15"
},
{
"kids":[],
"uid":"1877390251",
"parent":"zxZz4nfPB",
"text":"@Woo的围脖 这个！",
"mid":"zy5wuhJvK",
"date":"2013-05-23 22:15:36"
},
{
"kids":[],
"uid":"zachzxz",
"parent":"zy5iupcf8",
"text":"已确定是谣言，预知详情请百度",
"mid":"zy5vt5hyh",
"date":"2013-05-23 22:13:05"
},
{
"kids":[],
"uid":"1727105837",
"parent":"zy5cp662b",
"text":"",
"mid":"zy5unn4vJ",
"date":"2013-05-23 22:10:24"
},
{
"kids":[
"zy5UOrX8x"
],
"uid":"1871506442",
"parent":"zy5acgPry",
"text":"[衰]",
"mid":"zy5s44W7Z",
"date":"2013-05-23 22:04:40"
},
{
"kids":[
"zyamu32GX",
"zy9mIrQF3"
],
"uid":"sandra801",
"parent":"zy4LNDKXl",
"text":"",
"mid":"zy5oca3pv",
"date":"2013-05-23 21:55:08"
},
{
"kids":[],
"uid":"112721106",
"parent":"",
"text":"",
"mid":"zy5o3h2MY",
"date":"2013-05-23 21:54:47"
},
{
"kids":[],
"uid":"2781926965",
"parent":"zy42e7zj1",
"text":"",
"mid":"zy5n97Szf",
"date":"2013-05-23 21:52:32"
},
{
"kids":[
"zydswgmJc",
"zy9w32hOt",
"zy9vEcMwc",
"zy9nchDJ5",
"zy5FICa9g",
"zy5vt5hyh"
],
"uid":"2453106351",
"parent":"zy0iOwGBx",
"text":"LG是黑色！我用的还挺开心",
"mid":"zy5iupcf8",
"date":"2013-05-23 21:41:06"
},
{
"kids":[],
"uid":"2253157683",
"parent":"",
"text":"@渴望天空的小风征 @张悦莹0530",
"mid":"zy5eXa7GL",
"date":"2013-05-23 21:32:25"
},
{
"kids":[],
"uid":"678790926",
"parent":"",
"text":"还好是蓝色",
"mid":"zy5ezvv5M",
"date":"2013-05-23 21:31:28"
},
{
"kids":[],
"uid":"exoplanet1997",
"parent":"",
"text":"",
"mid":"zy5dsplZL",
"date":"2013-05-23 21:28:42"
},
{
"kids":[
"zy5unn4vJ"
],
"uid":"fanzhongyi123imba",
"parent":"zy42e7zj1",
"text":"",
"mid":"zy5cp662b",
"date":"2013-05-23 21:26:08"
},
{
"kids":[],
"uid":"3261799327",
"parent":"",
"text":"",
"mid":"zy5bybSpO",
"date":"2013-05-23 21:24:01"
},
{
"kids":[],
"uid":"2615386795",
"parent":"",
"text":"马克",
"mid":"zy5ark31f",
"date":"2013-05-23 21:21:21"
},
{
"kids":[
"zy5s44W7Z"
],
"uid":"516127012",
"parent":"",
"text":"我靠！科普一下",
"mid":"zy5acgPry",
"date":"2013-05-23 21:20:41"
},
{
"kids":[],
"uid":"2653417641",
"parent":"",
"text":"[吃驚]",
"mid":"zy59GmXGS",
"date":"2013-05-23 21:19:24"
},
{
"kids":[
"zy5HHfsuo"
],
"uid":"2516409082",
"parent":"",
"text":"哎。。。牙要烂了@蘇苡赖anti",
"mid":"zy58Gh7mS",
"date":"2013-05-23 21:16:57"
},
{
"kids":[
"zysHz5TID",
"zys8Hgqs4",
"zyaaKfH5f"
],
"uid":"gogolyj",
"parent":"",
"text":"[吃惊]",
"mid":"zy58tjVkw",
"date":"2013-05-23 21:16:26"
},
{
"kids":[],
"uid":"qlhwsc",
"parent":"zy42e7zj1",
"text":"[怒]",
"mid":"zy56FyAgO",
"date":"2013-05-23 21:12:00"
},
{
"kids":[
"zybjLF46H"
],
"uid":"dingdingbuzou",
"parent":"zy3Jq6Lqx",
"text":"",
"mid":"zy4XFoQXN",
"date":"2013-05-23 20:49:48"
},
{
"kids":[
"zyamu32GX",
"zy9mIrQF3",
"zy5oca3pv"
],
"uid":"xulinling",
"parent":"zy26CuF5r",
"text":"才发现[怒]",
"mid":"zy4LNDKXl",
"date":"2013-05-23 20:20:33"
},
{
"kids":[],
"uid":"1928993874",
"parent":"zy42e7zj1",
"text":"",
"mid":"zy4Ku7t61",
"date":"2013-05-23 20:17:20"
},
{
"kids":[
"zy5ELvQjW"
],
"uid":"903536601",
"parent":"zy42e7zj1",
"text":"好好看看〜〜",
"mid":"zy4IItE0W",
"date":"2013-05-23 20:12:59"
},
{
"kids":[],
"uid":"2655632177",
"parent":"zy42e7zj1",
"text":"假的，已辟谣",
"mid":"zy4F6t7lH",
"date":"2013-05-23 20:04:03"
},
{
"kids":[],
"uid":"2757525290",
"parent":"zy42e7zj1",
"text":"",
"mid":"zy4DH1HMc",
"date":"2013-05-23 20:00:35"
},
{
"kids":[],
"uid":"1888580011",
"parent":"zy2B4owiV",
"text":"",
"mid":"zy4CI8sTI",
"date":"2013-05-23 19:58:11"
},
{
"kids":[],
"uid":"gxqwyk",
"parent":"zy42e7zj1",
"text":"",
"mid":"zy4w5nsya",
"date":"2013-05-23 19:41:49"
},
{
"kids":[
"zy5E5hGcu"
],
"uid":"tubobolumy",
"parent":"zy0qwj5f5",
"text":"",
"mid":"zy4qY1ZD7",
"date":"2013-05-23 19:29:14"
},
{
"kids":[],
"uid":"totaltoto1010",
"parent":"zxYOpwu0D",
"text":"蓝的蓝的，oh yeah",
"mid":"zy4nu2pnw",
"date":"2013-05-23 19:20:40"
},
{
"kids":[],
"uid":"1465162757",
"parent":"zy42e7zj1",
"text":"刚刚看了家里的，成人的是蓝色的，儿童的居然是白色的~白色的啊 ~代表什么呢？",
"mid":"zy4ihD5xs",
"date":"2013-05-23 19:07:51"
},
{
"kids":[],
"uid":"ericpyj",
"parent":"zy4bnatB0",
"text":"",
"mid":"zy4cuAYPF",
"date":"2013-05-23 18:53:34"
},
{
"kids":[
"zy4cuAYPF"
],
"uid":"1247682040",
"parent":"zy3EG5OJF",
"text":"我们家是白的额，这是什么情况啊？",
"mid":"zy4bnatB0",
"date":"2013-05-23 18:50:47"
},
{
"kids":[],
"uid":"1855131645",
"parent":"zy42e7zj1",
"text":"",
"mid":"zy4aIF9qz",
"date":"2013-05-23 18:49:14"
},
{
"kids":[],
"uid":"2437531853",
"parent":"zy223phRt",
"text":"假的啊 化学做的还会告诉你？",
"mid":"zy48n34fs",
"date":"2013-05-23 18:43:25"
},
{
"kids":[],
"uid":"2833200800",
"parent":"",
"text":"赶紧看看",
"mid":"zy46g8TxS",
"date":"2013-05-23 18:38:11"
},
{
"kids":[],
"uid":"1349520283",
"parent":"zy42e7zj1",
"text":"",
"mid":"zy440F2oY",
"date":"2013-05-23 18:32:39"
},
{
"kids":[
"zybXVrGzg",
"zy6NtcD0n",
"zy5n97Szf",
"zy5cp662b",
"zy56FyAgO",
"zy4Ku7t61",
"zy4IItE0W",
"zy4F6t7lH",
"zy4DH1HMc",
"zy4w5nsya",
"zy4ihD5xs",
"zy4aIF9qz",
"zy440F2oY"
],
"uid":"upxian",
"parent":"",
"text":"",
"mid":"zy42e7zj1",
"date":"2013-05-23 18:28:17"
},
{
"kids":[
"zybjLF46H",
"zy4XFoQXN"
],
"uid":"ihuhong",
"parent":"zy3oQaZV9",
"text":"造谣也要有点技术含量吧？学过工科的都知道这是自动化生产线上包装机的光电识别点，到了这个点压合，包装完成。跟成分有个毛的关系，跟消费者玩躲猫猫么？",
"mid":"zy3Jq6Lqx",
"date":"2013-05-23 17:41:58"
},
{
"kids":[],
"uid":"1739776905",
"parent":"zy3EG5OJF",
"text":"假的 不是辟谣过了吗",
"mid":"zy3Fvgskr",
"date":"2013-05-23 17:32:17"
},
{
"kids":[
"zy4bnatB0",
"zy3Fvgskr"
],
"uid":"2317236572",
"parent":"zy3hY648x",
"text":"麻痹，怪不的我牙齿也不好，我也是黑的",
"mid":"zy3EG5OJF",
"date":"2013-05-23 17:30:18"
},
{
"kids":[
"zybjLF46H",
"zy3Jq6Lqx"
],
"uid":"ihuhong",
"parent":"",
"text":"我草~",
"mid":"zy3oQaZV9",
"date":"2013-05-23 16:51:16"
},
{
"kids":[],
"uid":"028gaoyuanli",
"parent":"zy3aQAB28",
"text":"擦",
"mid":"zy3lN4tX0",
"date":"2013-05-23 16:43:46"
},
{
"kids":[
"zy3EG5OJF"
],
"uid":"2272055743",
"parent":"zy223phRt",
"text":"真饿假额啊...我看了下都黑色的吗...草,怪不得我牙齿不好,日他大爷,原来是刷坏的,以后不刷了,册那",
"mid":"zy3hY648x",
"date":"2013-05-23 16:34:20"
},
{
"kids":[],
"uid":"1952532411",
"parent":"zy2EjkkVy",
"text":"@TR球球妈",
"mid":"zy3b7rjZb",
"date":"2013-05-23 16:17:27"
},
{
"kids":[
"zy3lN4tX0"
],
"uid":"alandcheung",
"parent":"zy35f9F5n",
"text":"靠真的啊",
"mid":"zy3aQAB28",
"date":"2013-05-23 16:16:48"
},
{
"kids":[
"zy3aQAB28"
],
"uid":"1247693284",
"parent":"",
"text":"@Aland程亚楠 @绿茶淡淡暖暖",
"mid":"zy35f9F5n",
"date":"2013-05-23 16:02:56"
},
{
"kids":[],
"uid":"1648243133",
"parent":"",
"text":"[吃惊]家里的都是黑色的，印象中没别的颜色呀@箫淆晓笑",
"mid":"zy32HkNiY",
"date":"2013-05-23 15:56:43"
},
{
"kids":[],
"uid":"frankjxc",
"parent":"zy18b5hf5",
"text":"绝对要收藏！！！",
"mid":"zy32qaOrG",
"date":"2013-05-23 15:56:00"
},
{
"kids":[
"zyaPmoYNE"
],
"uid":"1768093484",
"parent":"",
"text":"@CMCC2046 你的可以丢了",
"mid":"zy2RK1vd7",
"date":"2013-05-23 15:29:43"
},
{
"kids":[
"zy3b7rjZb"
],
"uid":"2949149981",
"parent":"",
"text":"啊？？？",
"mid":"zy2EjkkVy",
"date":"2013-05-23 14:56:38"
},
{
"kids":[
"zy4CI8sTI"
],
"uid":"majed",
"parent":"",
"text":"转给牙膏爱好者@北京西北_喆",
"mid":"zy2B4owiV",
"date":"2013-05-23 14:48:39"
},
{
"kids":[
"zybjLF46H",
"zy5NKfaQI"
],
"uid":"1034309732",
"parent":"",
"text":"",
"mid":"zy2n6gy15",
"date":"2013-05-23 14:14:15"
},
{
"kids":[],
"uid":"2617788403",
"parent":"zy223phRt",
"text":"[吃惊]",
"mid":"zy2exgVij",
"date":"2013-05-23 13:53:07"
},
{
"kids":[],
"uid":"1639623472",
"parent":"zy26CuF5r",
"text":"电视台已经辟谣说颜色条是用来在封尾时识别定位的啦~~再说所有牙膏都有化学成分的好么……",
"mid":"zy2bwvshi",
"date":"2013-05-23 13:45:43"
},
{
"kids":[],
"uid":"234649805",
"parent":"zy27kfb0J",
"text":"无所谓了，我已经百毒不侵了....[黑线]",
"mid":"zy296q8Gt",
"date":"2013-05-23 13:39:44"
},
{
"kids":[
"zycBFAVQb",
"zy296q8Gt"
],
"uid":"2395023991",
"parent":"zy26CuF5r",
"text":"还好植雅是绿色[汗]",
"mid":"zy27kfb0J",
"date":"2013-05-23 13:35:21"
},
{
"kids":[],
"uid":"1504841263",
"parent":"zy0Hj3bwl",
"text":"赶紧看了一下，3支牙膏，2支是黑色的。。。。。次奥",
"mid":"zy26XqRtR",
"date":"2013-05-23 13:34:26"
},
{
"kids":[
"zycBFAVQb",
"zyamu32GX",
"zy9mIrQF3",
"zy4LNDKXl",
"zy2bwvshi",
"zy27kfb0J"
],
"uid":"1910260250",
"parent":"zy223phRt",
"text":"[衰]",
"mid":"zy26CuF5r",
"date":"2013-05-23 13:33:36"
},
{
"kids":[
"zycBFAVQb",
"zyamu32GX",
"zy9mIrQF3",
"zy48n34fs",
"zy3hY648x",
"zy2exgVij",
"zy26CuF5r"
],
"uid":"1829637904",
"parent":"zy1AScmjf",
"text":"[衰]",
"mid":"zy223phRt",
"date":"2013-05-23 13:22:22"
},
{
"kids":[],
"uid":"1932459971",
"parent":"zxZFkFdXq",
"text":"[吃惊]@王远伟",
"mid":"zy1NGaMu9",
"date":"2013-05-23 12:46:58"
},
{
"kids":[
"zycBFAVQb",
"zyamu32GX",
"zy9mIrQF3",
"zy223phRt"
],
"uid":"lixiaoqin1980",
"parent":"",
"text":"[衰]",
"mid":"zy1AScmjf",
"date":"2013-05-23 12:15:27"
},
{
"kids":[],
"uid":"shuaishuaipig",
"parent":"zxWNOr8B5",
"text":"介个 回家检查一下去",
"mid":"zy1lQcv5M",
"date":"2013-05-23 11:38:23"
},
{
"kids":[],
"uid":"1406021051",
"parent":"zy0wZjFF7",
"text":"还好，全家用的都是蓝色，图上的那个",
"mid":"zy1kD8Qrb",
"date":"2013-05-23 11:35:24"
},
{
"kids":[
"zy32qaOrG"
],
"uid":"2132160877",
"parent":"",
"text":"我喜欢用的是黑色的，衰",
"mid":"zy18b5hf5",
"date":"2013-05-23 11:04:43"
},
{
"kids":[],
"uid":"pentanone",
"parent":"zy0Va2pNR",
"text":"这个已经证实是造谣了……",
"mid":"zy150xYTl",
"date":"2013-05-23 10:56:55"
},
{
"kids":[],
"uid":"1725947175",
"parent":"zy0tnDPmY",
"text":"回复@正经女青年阳里奥:原来酱紫啊 看来微博不能乱转啊啊啊~~",
"mid":"zy14jEwPo",
"date":"2013-05-23 10:55:13"
},
{
"kids":[],
"uid":"2217170070",
"parent":"",
"text":"我去 妥妥的中枪。。",
"mid":"zy13felTr",
"date":"2013-05-23 10:52:34"
},
{
"kids":[],
"uid":"2504417783",
"parent":"",
"text":"这个不是新闻辟谣了嘛？那个只是机器识别用的啊",
"mid":"zy0ZUDAtC",
"date":"2013-05-23 10:44:22"
},
{
"kids":[
"zy150xYTl"
],
"uid":"1662540684",
"parent":"zy0QgzQFt",
"text":"",
"mid":"zy0Va2pNR",
"date":"2013-05-23 10:32:39"
},
{
"kids":[],
"uid":"2387509634",
"parent":"zy0wW71Lc",
"text":"这不科学",
"mid":"zy0V9cy0e",
"date":"2013-05-23 10:32:36"
},
{
"kids":[],
"uid":"xuxibiao",
"parent":"zy0Hj3bwl",
"text":"",
"mid":"zy0TC2ZNM",
"date":"2013-05-23 10:28:50"
},
{
"kids":[],
"uid":"1896346462",
"parent":"zy0Igs1Eg",
"text":"全黑[衰]",
"mid":"zy0SGp2Np",
"date":"2013-05-23 10:26:33"
},
{
"kids":[],
"uid":"kingwong2011",
"parent":"zxZz4nfPB",
"text":"",
"mid":"zy0QHtwHK",
"date":"2013-05-23 10:21:39"
},
{
"kids":[
"zy0Va2pNR"
],
"uid":"bujing217",
"parent":"zy0NLb7OJ",
"text":"@称良心",
"mid":"zy0QgzQFt",
"date":"2013-05-23 10:20:35"
},
{
"kids":[
"zy0QgzQFt"
],
"uid":"annyyan",
"parent":"zy0Fc8ckc",
"text":"@Daydream-呆呆 给我带箱牙膏回来 [抓狂]",
"mid":"zy0NLb7OJ",
"date":"2013-05-23 10:14:25"
},
{
"kids":[
"zy0SGp2Np"
],
"uid":"yysland",
"parent":"zy0Fc8ckc",
"text":"还好，都是蓝色[汗]",
"mid":"zy0Igs1Eg",
"date":"2013-05-23 10:00:52"
},
{
"kids":[
"zy26XqRtR",
"zy0TC2ZNM"
],
"uid":"asiapan",
"parent":"zy0BjBkeF",
"text":"",
"mid":"zy0Hj3bwl",
"date":"2013-05-23 09:58:31"
},
{
"kids":[],
"uid":"2718905181",
"parent":"zy0ckCEL6",
"text":"真假难辨！",
"mid":"zy0FxrlT3",
"date":"2013-05-23 09:54:10"
},
{
"kids":[
"zy0NLb7OJ",
"zy0Igs1Eg"
],
"uid":"doubleding2010",
"parent":"",
"text":"连牙膏都要进口货了么[lt中枪]",
"mid":"zy0Fc8ckc",
"date":"2013-05-23 09:53:18"
},
{
"kids":[],
"uid":"2817295072",
"parent":"zy0wZjFF7",
"text":"",
"mid":"zy0EMaltm",
"date":"2013-05-23 09:52:17"
},
{
"kids":[
"zy0Hj3bwl"
],
"uid":"yangzilong1919",
"parent":"zy0bCC7w8",
"text":"",
"mid":"zy0BjBkeF",
"date":"2013-05-23 09:43:46"
},
{
"kids":[],
"uid":"1049861143",
"parent":"",
"text":"蓝色",
"mid":"zy0Ag2lpN",
"date":"2013-05-23 09:41:08"
},
{
"kids":[],
"uid":"ouyang919",
"parent":"zy0wW71Lc",
"text":"黑人黑的",
"mid":"zy0xys7jZ",
"date":"2013-05-23 09:34:30"
},
{
"kids":[
"zy1kD8Qrb",
"zy0EMaltm"
],
"uid":"umini0726",
"parent":"zxZMOBYqF",
"text":"",
"mid":"zy0wZjFF7",
"date":"2013-05-23 09:33:06"
},
{
"kids":[
"zy0V9cy0e",
"zy0xys7jZ"
],
"uid":"juanes1896",
"parent":"zy0pNnTI8",
"text":"黑人专研亮白是黑色的[衰]家里用的是竹盐的[衰]",
"mid":"zy0wW71Lc",
"date":"2013-05-23 09:32:57"
},
{
"kids":[
"zy14jEwPo"
],
"uid":"1725947175",
"parent":"",
"text":"",
"mid":"zy0tnDPmY",
"date":"2013-05-23 09:24:12"
},
{
"kids":[],
"uid":"1233858783",
"parent":"",
"text":"还有这说法？[哼]才知道呢！",
"mid":"zy0sKD48q",
"date":"2013-05-23 09:22:39"
},
{
"kids":[
"zycBFAVQb",
"zyamu32GX",
"zy9mIrQF3"
],
"uid":"3178183143",
"parent":"zy0pNnTI8",
"text":"",
"mid":"zy0sz4NfV",
"date":"2013-05-23 09:22:12"
},
{
"kids":[
"zy4qY1ZD7"
],
"uid":"311560008",
"parent":"zy0pNnTI8",
"text":"我是竹盐的。。。",
"mid":"zy0qwj5f5",
"date":"2013-05-23 09:17:09"
},
{
"kids":[
"zycBFAVQb",
"zyamu32GX",
"zy9mIrQF3",
"zy0wW71Lc",
"zy0sz4NfV",
"zy0qwj5f5"
],
"uid":"333586866",
"parent":"zxZMOBYqF",
"text":"竹盐是黑色的[衰]，佳洁士和高露洁看家里的都是蓝色的。",
"mid":"zy0pNnTI8",
"date":"2013-05-23 09:15:23"
},
{
"kids":[
"zAdkyDz6m",
"zydswgmJc",
"zy9w32hOt",
"zy9vEcMwc",
"zy9nchDJ5",
"zy5iupcf8"
],
"uid":"zachzxz",
"parent":"zxZMOBYqF",
"text":"@yenene瑶瑶 自查去吧，我用的舒克是蓝色",
"mid":"zy0iOwGBx",
"date":"2013-05-23 08:58:10"
},
{
"kids":[],
"uid":"autosq",
"parent":"zxZBXbumS",
"text":"真的假的？这块东西不是＂探黑＂嘛，给自动制管机识别封口位置的",
"mid":"zy0hCFO0r",
"date":"2013-05-23 08:55:14"
},
{
"kids":[],
"uid":"1783206345",
"parent":"zy0bCC7w8",
"text":"@碧玺大脸猫君 @八又2分之一 @耿蜜桃爱滑雪 @LiKe-ski @兔子家滴LUNA 家里有红的就赶紧换吧!",
"mid":"zy0eqlE9m",
"date":"2013-05-23 08:47:22"
},
{
"kids":[],
"uid":"54scents",
"parent":"zxWNDxUaI",
"text":"這個已經闢謠了。是企業內部管理用，無意義",
"mid":"zy0diAYRU",
"date":"2013-05-23 08:44:36"
},
{
"kids":[
"zy0FxrlT3"
],
"uid":"1786052877",
"parent":"zy0bCC7w8",
"text":"不会是真的吧",
"mid":"zy0ckCEL6",
"date":"2013-05-23 08:42:12"
},
{
"kids":[
"zy0BjBkeF",
"zy0eqlE9m",
"zy0ckCEL6"
],
"uid":"hongping1980",
"parent":"zxZz4nfPB",
"text":"还这样儿呢",
"mid":"zy0bCC7w8",
"date":"2013-05-23 08:40:28"
},
{
"kids":[],
"uid":"dashanshan19133",
"parent":"",
"text":"@大闪她娘 @我爱添添 @霍霍1217",
"mid":"zxZZmisEq",
"date":"2013-05-23 08:10:14"
},
{
"kids":[],
"uid":"dandan198676",
"parent":"zxZz4nfPB",
"text":"蓝色",
"mid":"zxZPtsvEL",
"date":"2013-05-23 07:45:53"
},
{
"kids":[],
"uid":"zpmcntdrive",
"parent":"zxZCZiZkE",
"text":"这个可能是对的，既然知道黑的不能用，谁还生产呀，即便生产也打上了绿的！",
"mid":"zxZOr54R0",
"date":"2013-05-23 07:43:19"
},
{
"kids":[],
"uid":"1973685660",
"parent":"zxZz4nfPB",
"text":"@重庆中文",
"mid":"zxZMT4bGD",
"date":"2013-05-23 07:39:31"
},
{
"kids":[
"zAdkyDz6m",
"zydswgmJc",
"zycBFAVQb",
"zyamu32GX",
"zy9w32hOt",
"zy9vEcMwc",
"zy9nchDJ5",
"zy9mIrQF3",
"zy0wZjFF7",
"zy0pNnTI8",
"zy0iOwGBx"
],
"uid":"1866174433",
"parent":"",
"text":"我的是红色。。。",
"mid":"zxZMOBYqF",
"date":"2013-05-23 07:39:20"
},
{
"kids":[
"zy1NGaMu9"
],
"uid":"alex1982",
"parent":"zxZBXbumS",
"text":"我就想说，牙膏还有纯天然的？动动脑子想想吧！",
"mid":"zxZFkFdXq",
"date":"2013-05-23 07:20:55"
},
{
"kids":[],
"uid":"1816680371",
"parent":"",
"text":"蓝色[汗][汗][汗]",
"mid":"zxZDZ5e1V",
"date":"2013-05-23 07:17:35"
},
{
"kids":[
"zxZOr54R0"
],
"uid":"1401477455",
"parent":"zxZz4nfPB",
"text":"这是假新闻。那标志只是代表不同的流水线",
"mid":"zxZCZiZkE",
"date":"2013-05-23 07:15:07"
},
{
"kids":[],
"uid":"2013722947",
"parent":"",
"text":"",
"mid":"zxZCAbVQu",
"date":"2013-05-23 07:14:08"
},
{
"kids":[
"zy0hCFO0r",
"zxZFkFdXq"
],
"uid":"330420691",
"parent":"zxZz4nfPB",
"text":"我只知道这个是使用量的标识@咸鱼-淡水鱼",
"mid":"zxZBXbumS",
"date":"2013-05-23 07:12:35"
},
{
"kids":[],
"uid":"xiaoqiche121",
"parent":"zxZz4nfPB",
"text":"还有这讲究啊[晕]",
"mid":"zxZzUoW1r",
"date":"2013-05-23 07:07:33"
},
{
"kids":[
"zAdkyDz6m",
"zyNtn8FFt",
"zydswgmJc",
"zycBFAVQb",
"zybjLF46H",
"zyamu32GX",
"zy9w32hOt",
"zy9vEcMwc",
"zy9nchDJ5",
"zy9mIrQF3",
"zy5wuhJvK",
"zy0QHtwHK",
"zy0bCC7w8",
"zxZPtsvEL",
"zxZMT4bGD",
"zxZCZiZkE",
"zxZBXbumS",
"zxZzUoW1r"
],
"uid":"fengjuan",
"parent":"zxWNDxUaI",
"text":"注意啦",
"mid":"zxZz4nfPB",
"date":"2013-05-23 07:05:29"
},
{
"kids":[],
"uid":"1986796575",
"parent":"zxWNOr8B5",
"text":"@HeLihuang",
"mid":"zxZ3Xq0y8",
"date":"2013-05-23 05:48:50"
},
{
"kids":[
"zy4nu2pnw"
],
"uid":"2699204592",
"parent":"zxX7QsxE9",
"text":"蓝色的，偶的是蓝色的！噢耶！[偷乐]",
"mid":"zxYOpwu0D",
"date":"2013-05-23 05:10:32"
},
{
"kids":[
"zxYOpwu0D"
],
"uid":"2699204592",
"parent":"zxWNOr8B5",
"text":"回去看下我家的[可怜]",
"mid":"zxX7QsxE9",
"date":"2013-05-23 00:52:53"
},
{
"kids":[
"zy1lQcv5M",
"zxZ3Xq0y8",
"zxX7QsxE9"
],
"uid":"kevinkui",
"parent":"zxWNDxUaI",
"text":"",
"mid":"zxWNOr8B5",
"date":"2013-05-23 00:03:35"
},
{
"kids":[
"zAdkyDz6m",
"zyNtn8FFt",
"zydswgmJc",
"zycBFAVQb",
"zybjLF46H",
"zyamu32GX",
"zy9w32hOt",
"zy9vEcMwc",
"zy9nchDJ5",
"zy9mIrQF3",
"zy0diAYRU",
"zxZz4nfPB",
"zxWNOr8B5"
],
"uid":"1766564747",
"parent":"",
"text":"#annies意大利餐厅#安全大检查，你的牙膏你检查了吗？亲爱的",
"mid":"zxWNDxUaI",
"date":"2013-05-23 00:03:08"
},
{
"kids":[],
"uid":"7ivan",
"parent":"zxWFjBEPT",
"text":"",
"mid":"zxWHKl4sh",
"date":"2013-05-22 23:48:35"
},
{
"kids":[
"zxWHKl4sh"
],
"uid":"1760254580",
"parent":"zxDHdDKZd",
"text":"[怒][怒][怒]",
"mid":"zxWFjBEPT",
"date":"2013-05-22 23:42:38"
},
{
"kids":[
"zxWFjBEPT"
],
"uid":"120609999",
"parent":"zxDF212ak",
"text":"系米啊？",
"mid":"zxDHdDKZd",
"date":"2013-05-20 23:25:08"
},
{
"kids":[
"zxDHdDKZd"
],
"uid":"aboutyu520",
"parent":"zxCb6ygXJ",
"text":"[吃惊][吃惊]真糸嘎？",
"mid":"zxDF212ak",
"date":"2013-05-20 23:19:45"
},
{
"kids":[
"zxDF212ak"
],
"uid":"1674686335",
"parent":"",
"text":"",
"mid":"zxCb6ygXJ",
"date":"2013-05-20 19:33:15"
}
]