[
{
"kids":[],
"uid":"2694534533",
"parent":"zejN8vBG2",
"text":"支那必亡",
"mid":"A6g61jtcm",
"date":"2013-08-24 20:26:21"
},
{
"kids":[],
"uid":"2561076217",
"parent":"",
"text":"[吃惊][汗][晕]",
"mid":"zeUKV93yo",
"date":"2013-01-17 19:55:09"
},
{
"kids":[],
"uid":"2027754545",
"parent":"",
"text":"哈哈哈感觉像中药",
"mid":"zeJkO7kI5",
"date":"2013-01-16 14:50:37"
},
{
"kids":[],
"uid":"sonicdingding",
"parent":"zetxH53hA",
"text":"回复@安萌儿:蓝色光标都移植到西门子冰箱了？[吃惊]，厉害，怪不得要去公关@罗永浩可爱多 。不过要是需要维修也可以联系金牌服务浩浩。",
"mid":"zetBq8F1B",
"date":"2013-01-14 22:47:36"
},
{
"kids":[
"zetBq8F1B"
],
"uid":"sonicdingding",
"parent":"zetmRpJuM",
"text":"回复@安萌儿:没有关系，我家博世冰箱中门关不上，有幸在西门孙子事件中听说了蓝色光标",
"mid":"zetxH53hA",
"date":"2013-01-14 22:38:26"
},
{
"kids":[],
"uid":"1770321245",
"parent":"zesQ8AqM7",
"text":"澄清~她并没有这个意思~只是大家的误解~！请不要再转发了~！！",
"mid":"zettfEN71",
"date":"2013-01-14 22:27:29"
},
{
"kids":[
"zetxH53hA"
],
"uid":"sonicdingding",
"parent":"zetb46gwS",
"text":"发微博的所在公司蓝色光标不是庇护西门孙子，公关@罗永浩可爱多 那公司吗？",
"mid":"zetmRpJuM",
"date":"2013-01-14 22:11:44"
},
{
"kids":[
"zetmRpJuM"
],
"uid":"misha777",
"parent":"zesQ8AqM7",
"text":"。。。。。。",
"mid":"zetb46gwS",
"date":"2013-01-14 21:42:39"
},
{
"kids":[
"zettfEN71",
"zetb46gwS"
],
"uid":"1835410115",
"parent":"",
"text":"严重声明 这是朋友@米娜33 家小区在修水管 和污染无关！",
"mid":"zesQ8AqM7",
"date":"2013-01-14 20:51:05"
},
{
"kids":[],
"uid":"1710071614",
"parent":"",
"text":"",
"mid":"zesuEuW8x",
"date":"2013-01-14 19:58:09"
},
{
"kids":[],
"uid":"2141281673",
"parent":"",
"text":"[衰]",
"mid":"zesq7bmLJ",
"date":"2013-01-14 19:46:57"
},
{
"kids":[],
"uid":"waraiotoko",
"parent":"",
"text":"",
"mid":"zeqGovsxr",
"date":"2013-01-14 15:21:35"
},
{
"kids":[],
"uid":"3050035907",
"parent":"zeltOnsdE",
"text":"",
"mid":"zenwatqU2",
"date":"2013-01-14 07:18:11"
},
{
"kids":[],
"uid":"lingborei",
"parent":"zeltOnsdE",
"text":"",
"mid":"zen1XmJMz",
"date":"2013-01-14 06:03:44"
},
{
"kids":[],
"uid":"morna1689",
"parent":"",
"text":"",
"mid":"zen1uqZJB",
"date":"2013-01-14 06:02:36"
},
{
"kids":[],
"uid":"2809736880",
"parent":"zebaV9eoz",
"text":"",
"mid":"zemFXn61o",
"date":"2013-01-14 05:09:33"
},
{
"kids":[],
"uid":"djlvge",
"parent":"zeltOnsdE",
"text":"首都的自来水水质是中国最好的",
"mid":"zelPU1Xpd",
"date":"2013-01-14 03:01:18"
},
{
"kids":[
"zenwatqU2",
"zen1XmJMz",
"zelPU1Xpd"
],
"uid":"678197125",
"parent":"zeharhXRX",
"text":"",
"mid":"zeltOnsdE",
"date":"2013-01-14 02:06:53"
},
{
"kids":[],
"uid":"2087758707",
"parent":"zejIOdHNh",
"text":"",
"mid":"zekz4iFDt",
"date":"2013-01-13 23:47:01"
},
{
"kids":[],
"uid":"311179733",
"parent":"zejKhth8B",
"text":"多謝習書記，讓我們免費喝可樂",
"mid":"zekhS7V0w",
"date":"2013-01-13 23:04:43"
},
{
"kids":[],
"uid":"2435404280",
"parent":"zek5thf8A",
"text":"",
"mid":"zek8zATOv",
"date":"2013-01-13 22:41:49"
},
{
"kids":[
"zek8zATOv"
],
"uid":"qq706727893",
"parent":"zek4ih37w",
"text":"真相要转的！",
"mid":"zek5thf8A",
"date":"2013-01-13 22:34:07"
},
{
"kids":[
"zek5thf8A"
],
"uid":"1660333863",
"parent":"",
"text":"回复@米娜33:所以说，太多人骂天骂地骂政府只为发泄从不介意真相。",
"mid":"zek4ih37w",
"date":"2013-01-13 22:31:16"
},
{
"kids":[],
"uid":"1991019467",
"parent":"",
"text":"王老吉凉茶，喝了不上火。。。",
"mid":"zek1I6OeP",
"date":"2013-01-13 22:24:54"
},
{
"kids":[],
"uid":"qq706727893",
"parent":"zejZR9sJS",
"text":"[吃惊]",
"mid":"zek0cu1D9",
"date":"2013-01-13 22:21:11"
},
{
"kids":[
"zek0cu1D9"
],
"uid":"1764231612",
"parent":"",
"text":"[吃驚]",
"mid":"zejZR9sJS",
"date":"2013-01-13 22:20:20"
},
{
"kids":[],
"uid":"1593524737",
"parent":"",
"text":"",
"mid":"zejXYcb1m",
"date":"2013-01-13 22:15:41"
},
{
"kids":[],
"uid":"1785544840",
"parent":"",
"text":"真的假的?",
"mid":"zejV6AFfZ",
"date":"2013-01-13 22:08:38"
},
{
"kids":[],
"uid":"2141281673",
"parent":"",
"text":"[衰]",
"mid":"zejTclyyh",
"date":"2013-01-13 22:03:55"
},
{
"kids":[],
"uid":"2433082392",
"parent":"",
"text":"",
"mid":"zejPhdRnD",
"date":"2013-01-13 21:54:16"
},
{
"kids":[],
"uid":"3103384831",
"parent":"",
"text":"",
"mid":"zejOcmY5T",
"date":"2013-01-13 21:51:35"
},
{
"kids":[
"A6g61jtcm"
],
"uid":"2694534533",
"parent":"",
"text":"[哈哈][哈哈][哈哈][哈哈][哈哈]",
"mid":"zejN8vBG2",
"date":"2013-01-13 21:49:00"
},
{
"kids":[],
"uid":"2742336463",
"parent":"",
"text":"？",
"mid":"zejM1nixW",
"date":"2013-01-13 21:46:14"
},
{
"kids":[],
"uid":"yyyxxxzzz",
"parent":"",
"text":"太恐怖",
"mid":"zejLhzJPI",
"date":"2013-01-13 21:44:25"
},
{
"kids":[],
"uid":"2827600900",
"parent":"",
"text":"我还以为是赤豆汤@梦里冰蓝 是不是很像！！",
"mid":"zejKPtAmU",
"date":"2013-01-13 21:43:18"
},
{
"kids":[],
"uid":"2442533005",
"parent":"",
"text":"炒作这种消息很无聊，水管子维修都会这样，放一会就好了。",
"mid":"zejKs90k4",
"date":"2013-01-13 21:42:23"
},
{
"kids":[],
"uid":"uncledingdang",
"parent":"",
"text":"回复@米娜33:嘻嘻嘻，不要信，人家出来辟谣了！",
"mid":"zejKnFx6a",
"date":"2013-01-13 21:42:14"
},
{
"kids":[
"zekhS7V0w"
],
"uid":"14132980",
"parent":"",
"text":"[衰]好似中藥甘[哼]",
"mid":"zejKhth8B",
"date":"2013-01-13 21:41:55"
},
{
"kids":[
"zekz4iFDt"
],
"uid":"3092062595",
"parent":"",
"text":"[吃惊]",
"mid":"zejIOdHNh",
"date":"2013-01-13 21:38:18"
},
{
"kids":[],
"uid":"318258777",
"parent":"",
"text":"回复@米娜33:这个支持，要转！",
"mid":"zejCk45tF",
"date":"2013-01-13 21:22:19"
},
{
"kids":[],
"uid":"2156160675",
"parent":"zeb0u1dew",
"text":"@黄忠深想冬眠 @绝版渊渊 是这样的么[xb压力]",
"mid":"zeju56XGN",
"date":"2013-01-13 21:02:00"
},
{
"kids":[],
"uid":"geminigaoyang",
"parent":"zeiyC5VAG",
"text":"回复@米娜33:收到，帮你转",
"mid":"zej0IA6dF",
"date":"2013-01-13 19:49:42"
},
{
"kids":[],
"uid":"lemonblcu",
"parent":"",
"text":"@米小涟LL 是这样么？",
"mid":"zeiGJ0SRk",
"date":"2013-01-13 19:00:27"
},
{
"kids":[],
"uid":"541789698",
"parent":"",
"text":"这么凶残！！",
"mid":"zeiAQ4YtW",
"date":"2013-01-13 18:45:58"
},
{
"kids":[
"zej0IA6dF"
],
"uid":"geminigaoyang",
"parent":"",
"text":"@追梦329 在帝都安好？",
"mid":"zeiyC5VAG",
"date":"2013-01-13 18:40:28"
},
{
"kids":[],
"uid":"123882840",
"parent":"",
"text":"这些大号为了吸引眼球完全没有下限，肆意串改事实，明显这是停水之后的现象，原博主也声明过了。[怒]",
"mid":"zeiynkl6t",
"date":"2013-01-13 18:39:50"
},
{
"kids":[],
"uid":"jimmiao",
"parent":"",
"text":"求辟谣",
"mid":"zeixdvt8j",
"date":"2013-01-13 18:37:00"
},
{
"kids":[],
"uid":"50210920",
"parent":"",
"text":"图片来源已经删微博辟谣了。。",
"mid":"zeivt5fBB",
"date":"2013-01-13 18:32:43"
},
{
"kids":[],
"uid":"1946501304",
"parent":"zeaNA7MKJ",
"text":"冬令进补，吃高方呢！[嘻嘻]",
"mid":"zeijRy0BP",
"date":"2013-01-13 18:04:06"
},
{
"kids":[],
"uid":"2442278834",
"parent":"",
"text":"太离谱了",
"mid":"zehQ4sfm4",
"date":"2013-01-13 16:50:42"
},
{
"kids":[],
"uid":"1451089547",
"parent":"zehxo7qgj",
"text":"回复@米娜33:还可以这样出名的哈，知道麻烦了吧？",
"mid":"zehykjnkH",
"date":"2013-01-13 16:07:00"
},
{
"kids":[
"zehykjnkH"
],
"uid":"1451089547",
"parent":"zehqYo6AM",
"text":"末日要来了吗？",
"mid":"zehxo7qgj",
"date":"2013-01-13 16:04:40"
},
{
"kids":[
"zehxo7qgj"
],
"uid":"1679111743",
"parent":"zebFkl8Hv",
"text":"金山的水颜色没tm那么黑，但是tm一股液化气的味道，吃不死的绝对是长期灌溉的原因[衰]，",
"mid":"zehqYo6AM",
"date":"2013-01-13 15:48:54"
},
{
"kids":[],
"uid":"1727537925",
"parent":"zef242Blr",
"text":"难怪北京地铁才两块，要不然早就成楼兰了",
"mid":"zehneqToL",
"date":"2013-01-13 15:39:41"
},
{
"kids":[],
"uid":"2027978897",
"parent":"zeaY0lUcg",
"text":"[吃惊]",
"mid":"zehlJl61w",
"date":"2013-01-13 15:35:59"
},
{
"kids":[],
"uid":"1821716377",
"parent":"zeharhXRX",
"text":"庆幸生活在广州",
"mid":"zehiBusRt",
"date":"2013-01-13 15:28:15"
},
{
"kids":[],
"uid":"2789860870",
"parent":"zebaV9eoz",
"text":"",
"mid":"zehiw9Yrp",
"date":"2013-01-13 15:28:04"
},
{
"kids":[],
"uid":"3025348111",
"parent":"zeharhXRX",
"text":"",
"mid":"zehhM2JYy",
"date":"2013-01-13 15:26:12"
},
{
"kids":[],
"uid":"2485196120",
"parent":"zeharhXRX",
"text":"",
"mid":"zeheL3n2O",
"date":"2013-01-13 15:18:47"
},
{
"kids":[],
"uid":"1905852613",
"parent":"zeharhXRX",
"text":"@L-嘻 [震惊]",
"mid":"zehewwPeo",
"date":"2013-01-13 15:18:15"
},
{
"kids":[],
"uid":"1980626185",
"parent":"zeharhXRX",
"text":"我们家水也不同程度发黄",
"mid":"zehb1mkoj",
"date":"2013-01-13 15:09:34"
},
{
"kids":[
"zeltOnsdE",
"zehiBusRt",
"zehhM2JYy",
"zeheL3n2O",
"zehewwPeo",
"zehb1mkoj"
],
"uid":"gaofu",
"parent":"zegLEtygi",
"text":"帝都人民各种无感",
"mid":"zeharhXRX",
"date":"2013-01-13 15:08:08"
},
{
"kids":[],
"uid":"2250237911",
"parent":"zefmLCxqm",
"text":"[吃惊][吐]@1st小帕 记得买矿泉水喝！",
"mid":"zeh9JitlX",
"date":"2013-01-13 15:06:25"
},
{
"kids":[],
"uid":"wendy22guo",
"parent":"",
"text":"",
"mid":"zeh36fxbj",
"date":"2013-01-13 14:50:03"
},
{
"kids":[
"zeharhXRX"
],
"uid":"2752858033",
"parent":"",
"text":"@杨早 帝都的水都这样了？",
"mid":"zegLEtygi",
"date":"2013-01-13 14:07:06"
},
{
"kids":[],
"uid":"1007107230",
"parent":"zeaUsu28p",
"text":"@Nina_WW 快来魔都吧",
"mid":"zegDCeXO3",
"date":"2013-01-13 13:47:19"
},
{
"kids":[],
"uid":"1712896515",
"parent":"zebcRDgJh",
"text":"个就伐管了，反正讲过就米有责任了。。。",
"mid":"zegCtzRSK",
"date":"2013-01-13 13:44:30"
},
{
"kids":[],
"uid":"chasefairy",
"parent":"zeaSilFaY",
"text":"瞎扯淡的！我问过我爸妈了都= =你看这条是谁发的呀[弱][怒]",
"mid":"zeg8Mrw95",
"date":"2013-01-13 12:31:20"
},
{
"kids":[],
"uid":"335828880",
"parent":"zeaRLv4b1",
"text":"[吃惊]",
"mid":"zeg2x3jaE",
"date":"2013-01-13 12:15:56"
},
{
"kids":[],
"uid":"207123318",
"parent":"",
"text":"[晕][晕][晕]",
"mid":"zefVswhhY",
"date":"2013-01-13 11:58:31"
},
{
"kids":[],
"uid":"saoxiaojie",
"parent":"zefK9kepi",
"text":"回复@葉秋離的微薄:归根结底，很多人只听他们想听到的东西，也助长了这股歪风。",
"mid":"zefVjEgrc",
"date":"2013-01-13 11:58:09"
},
{
"kids":[],
"uid":"2277029414",
"parent":"zeaRLv4b1",
"text":"中国不能再待啦",
"mid":"zefSXodGV",
"date":"2013-01-13 11:52:21"
},
{
"kids":[],
"uid":"gladtosee",
"parent":"zeaOvnFtJ",
"text":"",
"mid":"zefPy6OLZ",
"date":"2013-01-13 11:43:55"
},
{
"kids":[],
"uid":"2678223060",
"parent":"zeaRLv4b1",
"text":"",
"mid":"zefM98R7l",
"date":"2013-01-13 11:35:34"
},
{
"kids":[],
"uid":"kristywu0107",
"parent":"zefhE0Goi",
"text":"[衰]",
"mid":"zefLYulNp",
"date":"2013-01-13 11:35:09"
},
{
"kids":[],
"uid":"ivyshen26",
"parent":"zee6paG9S",
"text":"把首都也搞成这样 牛",
"mid":"zefLe7L7I",
"date":"2013-01-13 11:33:18"
},
{
"kids":[],
"uid":"changjinghua",
"parent":"zeaRLv4b1",
"text":"恐怖[衰]",
"mid":"zefLdbGZu",
"date":"2013-01-13 11:33:16"
},
{
"kids":[
"zefVjEgrc"
],
"uid":"saoxiaojie",
"parent":"",
"text":"太荒谬了！这种帖子被大量转发，而我说，如果是假的，传播的人应该被处理的帖子被删掉了。",
"mid":"zefK9kepi",
"date":"2013-01-13 11:30:39"
},
{
"kids":[],
"uid":"2548431790",
"parent":"zeaVL8Bzl",
"text":"我决定要买个口罩了。为了自己的生命%……",
"mid":"zefDn7xvX",
"date":"2013-01-13 11:13:57"
},
{
"kids":[],
"uid":"3005221225",
"parent":"zeaUQFaus",
"text":"",
"mid":"zefzm3uvg",
"date":"2013-01-13 11:04:02"
},
{
"kids":[],
"uid":"1842553534",
"parent":"",
"text":"[衰][吃惊][生病]",
"mid":"zefxnnvsu",
"date":"2013-01-13 10:59:09"
},
{
"kids":[],
"uid":"2274626601",
"parent":"zeaOarKag",
"text":"",
"mid":"zefwgxbdM",
"date":"2013-01-13 10:56:26"
},
{
"kids":[],
"uid":"1880166834",
"parent":"zefmLCxqm",
"text":"[吐]",
"mid":"zefuUiPY7",
"date":"2013-01-13 10:53:06"
},
{
"kids":[],
"uid":"9527jf320",
"parent":"",
"text":"魔都贺电",
"mid":"zefrRdNvz",
"date":"2013-01-13 10:45:34"
},
{
"kids":[
"zeh9JitlX",
"zefuUiPY7"
],
"uid":"junjun1222",
"parent":"",
"text":"上海的自来水经过滤也不敢喝，不喝自来水起码2年多了！ [汗]",
"mid":"zefmLCxqm",
"date":"2013-01-13 10:33:03"
},
{
"kids":[],
"uid":"2263045030",
"parent":"",
"text":"帝都的水都这样了，有专家提示下，南京的水能喝吗？[失望]",
"mid":"zefmjfb5o",
"date":"2013-01-13 10:31:54"
},
{
"kids":[],
"uid":"colinandlulu",
"parent":"",
"text":"赤豆汤？！[吃惊]@小疯纸大BUG",
"mid":"zeflJflEk",
"date":"2013-01-13 10:30:29"
},
{
"kids":[],
"uid":"2919728982",
"parent":"zeepxzw81",
"text":"",
"mid":"zefjHiPvl",
"date":"2013-01-13 10:25:28"
},
{
"kids":[
"zefLYulNp"
],
"uid":"evelynchongyile",
"parent":"zebD6n1Jr",
"text":"[吃惊]",
"mid":"zefhE0Goi",
"date":"2013-01-13 10:20:24"
},
{
"kids":[],
"uid":"1661904241",
"parent":"zeaRLv4b1",
"text":"[衰]",
"mid":"zefh9guJA",
"date":"2013-01-13 10:19:12"
},
{
"kids":[],
"uid":"nbten",
"parent":"",
"text":"太可怕了，基本的生活保障出问题了",
"mid":"zef950Iui",
"date":"2013-01-13 09:59:19"
},
{
"kids":[],
"uid":"2482730313",
"parent":"zeaRLv4b1",
"text":"",
"mid":"zef2sy3hI",
"date":"2013-01-13 09:43:01"
},
{
"kids":[],
"uid":"1563473923",
"parent":"zeaRLv4b1",
"text":"擦,这。。。",
"mid":"zef26nn0A",
"date":"2013-01-13 09:42:08"
},
{
"kids":[
"zehneqToL"
],
"uid":"1238685983",
"parent":"zeaMI2Bdu",
"text":"哇撒…还好走得早…这两天不是沙尘暴就是毒气，中国人民太苦了",
"mid":"zef242Blr",
"date":"2013-01-13 09:42:02"
},
{
"kids":[],
"uid":"1963057905",
"parent":"zeb0acxn1",
"text":"",
"mid":"zef1xuslQ",
"date":"2013-01-13 09:40:43"
},
{
"kids":[],
"uid":"1911202745",
"parent":"zebD6n1Jr",
"text":"嘿嘿，星巴克厉害",
"mid":"zeeZC9S24",
"date":"2013-01-13 09:36:00"
},
{
"kids":[],
"uid":"lundywyuki",
"parent":"zebjajJ3N",
"text":"从水龙头黑醋出来了！？",
"mid":"zeeSNgu39",
"date":"2013-01-13 09:19:12"
},
{
"kids":[],
"uid":"1463642085",
"parent":"zeaMNlF82",
"text":"至少空气污染是很严重。不过天津也是一样的。。。。。我想回火星了",
"mid":"zeePOA2lL",
"date":"2013-01-13 09:11:51"
},
{
"kids":[],
"uid":"2610340730",
"parent":"",
"text":"",
"mid":"zeeMPztR8",
"date":"2013-01-13 09:04:31"
},
{
"kids":[],
"uid":"crazygu",
"parent":"",
"text":"那么吓人[晕]",
"mid":"zeeKEAydn",
"date":"2013-01-13 08:59:08"
},
{
"kids":[],
"uid":"1839611914",
"parent":"zeaY0lUcg",
"text":"北京不能呆了,赶紧撤！",
"mid":"zeeHR7Rqw",
"date":"2013-01-13 08:52:15"
},
{
"kids":[],
"uid":"2316106913",
"parent":"zedMAcTq3",
"text":"真的吗？[晕]",
"mid":"zeeBYdz9o",
"date":"2013-01-13 08:37:44"
},
{
"kids":[],
"uid":"1810367860",
"parent":"zeaRLv4b1",
"text":"@华那 有那么严重吗[吃惊]",
"mid":"zeeAvdDEA",
"date":"2013-01-13 08:34:08"
},
{
"kids":[],
"uid":"1193157565",
"parent":"zeaRLv4b1",
"text":"",
"mid":"zeerTfF23",
"date":"2013-01-13 08:12:55"
},
{
"kids":[],
"uid":"1813610342",
"parent":"zeebkpMLb",
"text":"",
"mid":"zeeqP2HPd",
"date":"2013-01-13 08:10:16"
},
{
"kids":[
"zefjHiPvl"
],
"uid":"1766597775",
"parent":"zeaRLv4b1",
"text":"不是号称帝都的水质最安全的嘛[嘻嘻]",
"mid":"zeepxzw81",
"date":"2013-01-13 08:07:07"
},
{
"kids":[],
"uid":"1777726062",
"parent":"zebbvt9iI",
"text":"",
"mid":"zeemSlwCg",
"date":"2013-01-13 08:00:34"
},
{
"kids":[
"zeeqP2HPd"
],
"uid":"2169480620",
"parent":"zechAflIA",
"text":"",
"mid":"zeebkpMLb",
"date":"2013-01-13 07:32:06"
},
{
"kids":[],
"uid":"2600360100",
"parent":"zeaZHwg8o",
"text":"",
"mid":"zeebd2HD2",
"date":"2013-01-13 07:31:48"
},
{
"kids":[],
"uid":"2919648672",
"parent":"zeaWsjGbh",
"text":"",
"mid":"zeebakrs7",
"date":"2013-01-13 07:31:43"
},
{
"kids":[],
"uid":"2684268715",
"parent":"",
"text":"遭受人类破坏和摧残之后的大自然，报复给人类的是十倍的残酷，百倍的无情，千倍的严厉。",
"mid":"zeeaGwaAr",
"date":"2013-01-13 07:30:32"
},
{
"kids":[
"zefLe7L7I"
],
"uid":"1728991815",
"parent":"",
"text":"宁波今天也重度污染",
"mid":"zee6paG9S",
"date":"2013-01-13 07:19:58"
},
{
"kids":[],
"uid":"2919831354",
"parent":"zeaNbgLbk",
"text":"",
"mid":"zee0nCI1m",
"date":"2013-01-13 07:05:08"
},
{
"kids":[],
"uid":"1695645067",
"parent":"zeaRLv4b1",
"text":"",
"mid":"zedPjvY7N",
"date":"2013-01-13 06:37:52"
},
{
"kids":[
"zeeBYdz9o"
],
"uid":"fanyu588",
"parent":"",
"text":"[吃惊][吃惊][吃惊][吃惊][吃惊]",
"mid":"zedMAcTq3",
"date":"2013-01-13 06:31:09"
},
{
"kids":[],
"uid":"2803520402",
"parent":"zeaMFD7KP",
"text":"",
"mid":"zedqq9OLT",
"date":"2013-01-13 05:36:33"
},
{
"kids":[],
"uid":"1812883102",
"parent":"zechAflIA",
"text":"[吃惊]",
"mid":"zedg226vj",
"date":"2013-01-13 05:10:57"
},
{
"kids":[],
"uid":"fromfiona",
"parent":"",
"text":"Oh My... Coffee[吐]",
"mid":"zed0SkPw8",
"date":"2013-01-13 04:33:36"
},
{
"kids":[],
"uid":"liuzhongjun",
"parent":"",
"text":"可樂呀！",
"mid":"zecPgw9cj",
"date":"2013-01-13 04:05:01"
},
{
"kids":[],
"uid":"1776845761",
"parent":"zeaXiAQrL",
"text":"哇！",
"mid":"zecE8ybMN",
"date":"2013-01-13 03:37:35"
},
{
"kids":[],
"uid":"2172478164",
"parent":"",
"text":"。。。。我觉得我好可怜",
"mid":"zeczvAD7G",
"date":"2013-01-13 03:26:11"
},
{
"kids":[],
"uid":"2162535121",
"parent":"",
"text":"咖啡",
"mid":"zecmjpK4X",
"date":"2013-01-13 02:53:41"
},
{
"kids":[
"zeebkpMLb",
"zedg226vj"
],
"uid":"2036369473",
"parent":"zeaRLv4b1",
"text":"这地球不能待啦！！",
"mid":"zechAflIA",
"date":"2013-01-13 02:42:02"
},
{
"kids":[],
"uid":"1937888912",
"parent":"zeaRLv4b1",
"text":"天啊",
"mid":"zec3exmtg",
"date":"2013-01-13 02:06:41"
},
{
"kids":[],
"uid":"ty27529628",
"parent":"zebirDEhy",
"text":"不是热巧克力吗？",
"mid":"zebUg6fqe",
"date":"2013-01-13 01:44:34"
},
{
"kids":[],
"uid":"1725474337",
"parent":"zebMtBbje",
"text":"",
"mid":"zebPnvr3a",
"date":"2013-01-13 01:32:33"
},
{
"kids":[],
"uid":"1791598977",
"parent":"zeaZG2jTl",
"text":"[吃惊]水管坏了吧？？？",
"mid":"zebP4kTBO",
"date":"2013-01-13 01:31:47"
},
{
"kids":[
"zebPnvr3a"
],
"uid":"2241077654",
"parent":"zeaRLv4b1",
"text":"直接练毛笔字吧[衰][挖鼻屎]",
"mid":"zebMtBbje",
"date":"2013-01-13 01:25:23"
},
{
"kids":[],
"uid":"edatacn",
"parent":"",
"text":"上海的朋友，注意",
"mid":"zebLV1Tfj",
"date":"2013-01-13 01:24:01"
},
{
"kids":[],
"uid":"1947004237",
"parent":"",
"text":"",
"mid":"zebLu9j79",
"date":"2013-01-13 01:22:57"
},
{
"kids":[],
"uid":"1239440184",
"parent":"",
"text":"@Daisy棉 心理默念我的心声 赶紧",
"mid":"zebJgrx0P",
"date":"2013-01-13 01:17:29"
},
{
"kids":[
"zehqYo6AM"
],
"uid":"woodwoo811",
"parent":"",
"text":"找个。。。。金山自来水我看是要比输的。。",
"mid":"zebFkl8Hv",
"date":"2013-01-13 01:07:47"
},
{
"kids":[],
"uid":"338080788",
"parent":"",
"text":"",
"mid":"zebENdHLs",
"date":"2013-01-13 01:06:28"
},
{
"kids":[
"zefhE0Goi",
"zeeZC9S24"
],
"uid":"liangming78",
"parent":"zeb4QCjPl",
"text":"星巴克到户[右哼哼][疑问]",
"mid":"zebD6n1Jr",
"date":"2013-01-13 01:02:18"
},
{
"kids":[],
"uid":"1815812527",
"parent":"",
"text":"[生病][生病][生病]这是怎么了 我们真顽强",
"mid":"zebAtdXwF",
"date":"2013-01-13 00:55:46"
},
{
"kids":[],
"uid":"qingloushijiuhua",
"parent":"zeaYjgShq",
"text":"",
"mid":"zebzpEL0F",
"date":"2013-01-13 00:53:11"
},
{
"kids":[],
"uid":"1945861303",
"parent":"zeaRLv4b1",
"text":"洗水管了吧",
"mid":"zebwAq3Sx",
"date":"2013-01-13 00:46:15"
},
{
"kids":[],
"uid":"1854639483",
"parent":"zeaRLv4b1",
"text":"自来水都黑了？",
"mid":"zebvknVnU",
"date":"2013-01-13 00:43:09"
},
{
"kids":[],
"uid":"2706960491",
"parent":"zeaRLv4b1",
"text":"",
"mid":"zebrOCmUu",
"date":"2013-01-13 00:34:28"
},
{
"kids":[],
"uid":"1823023921",
"parent":"",
"text":"[吃惊]不会吧？？北京吗？？？",
"mid":"zebrqm5Go",
"date":"2013-01-13 00:33:32"
},
{
"kids":[],
"uid":"1876732212",
"parent":"zeaRLv4b1",
"text":"",
"mid":"zebofjhgr",
"date":"2013-01-13 00:25:42"
},
{
"kids":[],
"uid":"1706507710",
"parent":"",
"text":"[吃惊][吃惊][吃惊]",
"mid":"zeblmvux9",
"date":"2013-01-13 00:18:34"
},
{
"kids":[],
"uid":"1076493600",
"parent":"",
"text":"靠，故意造成恐慌",
"mid":"zebl57ZuY",
"date":"2013-01-13 00:17:54"
},
{
"kids":[
"zeeSNgu39"
],
"uid":"supersuperorange",
"parent":"",
"text":"@十四妹PRINZ  真的吗？",
"mid":"zebjajJ3N",
"date":"2013-01-13 00:13:12"
},
{
"kids":[],
"uid":"1890021154",
"parent":"",
"text":"不愧是帝都 咖啡当水喝啊",
"mid":"zebiNeb7k",
"date":"2013-01-13 00:12:16"
},
{
"kids":[
"zebUg6fqe"
],
"uid":"1700621794",
"parent":"zeaNA7MKJ",
"text":"牛逼，不愧是帝都，龙头打开就是自来咖啡！",
"mid":"zebirDEhy",
"date":"2013-01-13 00:11:23"
},
{
"kids":[],
"uid":"206787951",
"parent":"",
"text":"咖啡机啊[咖啡]",
"mid":"zebhVuY6K",
"date":"2013-01-13 00:10:06"
},
{
"kids":[],
"uid":"1004124387",
"parent":"zeb28xmqi",
"text":"[衰][衰]",
"mid":"zebgVqoeW",
"date":"2013-01-13 00:07:39"
},
{
"kids":[],
"uid":"1889119223",
"parent":"",
"text":"@兰兰kiki 净水器救得了这个吗[衰]",
"mid":"zebfj0kV3",
"date":"2013-01-13 00:03:40"
},
{
"kids":[],
"uid":"maydayrocker5",
"parent":"",
"text":"这他妈水龙头吐了吗！！！！！",
"mid":"zebeSF87r",
"date":"2013-01-13 00:02:37"
},
{
"kids":[],
"uid":"1859504874",
"parent":"zeaRLv4b1",
"text":"中药吗",
"mid":"zebdA0lue",
"date":"2013-01-12 23:59:23"
},
{
"kids":[
"zegCtzRSK"
],
"uid":"2704994171",
"parent":"",
"text":"自来水放空半小时以上，那这水费算谁的呀[疑问]",
"mid":"zebcRDgJh",
"date":"2013-01-12 23:57:40"
},
{
"kids":[],
"uid":"syf3721",
"parent":"",
"text":"擦～也不说清楚",
"mid":"zebc6o4gL",
"date":"2013-01-12 23:55:48"
},
{
"kids":[
"zeemSlwCg"
],
"uid":"soulkidsyang",
"parent":"zeaRLv4b1",
"text":"我去。",
"mid":"zebbvt9iI",
"date":"2013-01-12 23:54:20"
},
{
"kids":[],
"uid":"1890691384",
"parent":"zeaRLv4b1",
"text":"[吃惊][吃惊] 怎么活！！",
"mid":"zebb1kr3Q",
"date":"2013-01-12 23:53:08"
},
{
"kids":[
"zemFXn61o",
"zehiw9Yrp"
],
"uid":"2073033131",
"parent":"zeaRLv4b1",
"text":"@小毛儿7930-积木 表示同情",
"mid":"zebaV9eoz",
"date":"2013-01-12 23:52:52"
},
{
"kids":[],
"uid":"2805285971",
"parent":"",
"text":"电视里说：要空放至少半小时以后，水质才会正常。",
"mid":"zeb9vDpnh",
"date":"2013-01-12 23:49:25"
},
{
"kids":[],
"uid":"andyyzou",
"parent":"zeaOYFed8",
"text":"",
"mid":"zeb93AuDl",
"date":"2013-01-12 23:48:17"
},
{
"kids":[],
"uid":"annsunsun",
"parent":"",
"text":"撒情况",
"mid":"zeb7GcT81",
"date":"2013-01-12 23:44:53"
},
{
"kids":[],
"uid":"perfectcat520",
"parent":"zeb3zr8IX",
"text":"据说空气不好是真的。但是没这水呀 真吓人",
"mid":"zeb7awKJ8",
"date":"2013-01-12 23:43:35"
},
{
"kids":[],
"uid":"1864554211",
"parent":"zeaRLv4b1",
"text":"[汗][吃惊][衰]",
"mid":"zeb6PiBM5",
"date":"2013-01-12 23:42:47"
},
{
"kids":[],
"uid":"2623046054",
"parent":"",
"text":"去什么北京",
"mid":"zeb6ChNr3",
"date":"2013-01-12 23:42:16"
},
{
"kids":[],
"uid":"2101308222",
"parent":"zeaRLv4b1",
"text":"",
"mid":"zeb5R1HXd",
"date":"2013-01-12 23:40:22"
},
{
"kids":[],
"uid":"majn",
"parent":"",
"text":"咖啡到户！",
"mid":"zeb5j2nPl",
"date":"2013-01-12 23:38:58"
},
{
"kids":[],
"uid":"1925972340",
"parent":"",
"text":"@快到新年",
"mid":"zeb5d8dfC",
"date":"2013-01-12 23:38:48"
},
{
"kids":[
"zebD6n1Jr"
],
"uid":"linhwa",
"parent":"zeaRYdCEw",
"text":"这是今年新推出的服务：[咖啡]直送到家。专为以下人士准备：在网上发不和谐贴的、知道得太多的、瞎眼睛的、得诺贝尔奖的...",
"mid":"zeb4QCjPl",
"date":"2013-01-12 23:37:52"
},
{
"kids":[],
"uid":"208329012",
"parent":"zeaZG2jTl",
"text":"水深火热啊！",
"mid":"zeb4B1Mn2",
"date":"2013-01-12 23:37:17"
},
{
"kids":[],
"uid":"2543362942",
"parent":"zeaRLv4b1",
"text":"[衰][衰]",
"mid":"zeb4tAyKn",
"date":"2013-01-12 23:37:01"
},
{
"kids":[],
"uid":"1853272275",
"parent":"",
"text":"@YoYoChinGirl 亲你还好不？[吃惊]",
"mid":"zeb44dikw",
"date":"2013-01-12 23:35:59"
},
{
"kids":[],
"uid":"1861518554",
"parent":"zeb0hA9CD",
"text":"[汗]",
"mid":"zeb3NE2mV",
"date":"2013-01-12 23:35:18"
},
{
"kids":[],
"uid":"207899063",
"parent":"",
"text":"帝都[威武]啊~~水龙头里出来的都是可口可乐~~ @繁蔷之北",
"mid":"zeb3BdCNS",
"date":"2013-01-12 23:34:50"
},
{
"kids":[
"zeb7awKJ8"
],
"uid":"2496194583",
"parent":"zeaRLv4b1",
"text":"@弓长九日红 真的假的？吓人嘛。。。",
"mid":"zeb3zr8IX",
"date":"2013-01-12 23:34:45"
},
{
"kids":[],
"uid":"334541654",
"parent":"",
"text":"",
"mid":"zeb2OcO10",
"date":"2013-01-12 23:32:54"
},
{
"kids":[],
"uid":"1055835601",
"parent":"zeaRLv4b1",
"text":"好想回去啊，港长@罪罪人",
"mid":"zeb2k3Ai0",
"date":"2013-01-12 23:31:39"
},
{
"kids":[],
"uid":"2649282034",
"parent":"",
"text":"@星哥是高智商的爱旅游人士 可怕的帝都。。",
"mid":"zeb2j80Ce",
"date":"2013-01-12 23:31:39"
},
{
"kids":[],
"uid":"1692627830",
"parent":"zeaNcsXbp",
"text":"哈撒宁哦。。。",
"mid":"zeb2axCTS",
"date":"2013-01-12 23:31:18"
},
{
"kids":[
"zebgVqoeW"
],
"uid":"thomation",
"parent":"",
"text":"这算是特例吧",
"mid":"zeb28xmqi",
"date":"2013-01-12 23:31:11"
},
{
"kids":[],
"uid":"1895806913",
"parent":"zeaRLv4b1",
"text":"@翁春丽",
"mid":"zeb1T9o6W",
"date":"2013-01-12 23:30:35"
},
{
"kids":[],
"uid":"139019861",
"parent":"zeaUsu28p",
"text":"恐怖!",
"mid":"zeb1QvDCJ",
"date":"2013-01-12 23:30:28"
},
{
"kids":[],
"uid":"1943426215",
"parent":"",
"text":"谣啊都是这么造出来的，用两件无关的事相加来证明自己想象的结果，这叫什么理论来着？",
"mid":"zeb1PApT6",
"date":"2013-01-12 23:30:29"
},
{
"kids":[],
"uid":"zhulingyuan1012",
"parent":"",
"text":"@旦愿流浪 ，你还是别回去了，@爱珀 你说对不对",
"mid":"zeb1M4fta",
"date":"2013-01-12 23:30:16"
},
{
"kids":[],
"uid":"welovexly",
"parent":"",
"text":"靠！江边洋子～╯▂╰",
"mid":"zeb1ybPqT",
"date":"2013-01-12 23:29:47"
},
{
"kids":[],
"uid":"1960431197",
"parent":"zeaPTmhhC",
"text":"赶紧到上海避难呗[衰]@byzr @力久弥新 @Deven_ZQ @赫年卡",
"mid":"zeb1quCL2",
"date":"2013-01-12 23:29:29"
},
{
"kids":[],
"uid":"2538020171",
"parent":"zeaRLv4b1",
"text":"魔都人名发来贺电 泖港已沦陷",
"mid":"zeb19jk7f",
"date":"2013-01-12 23:28:49"
},
{
"kids":[
"zeju56XGN"
],
"uid":"2019705125",
"parent":"",
"text":"",
"mid":"zeb0u1dew",
"date":"2013-01-12 23:27:09"
},
{
"kids":[],
"uid":"1714474352",
"parent":"",
"text":"",
"mid":"zeb0i9xQI",
"date":"2013-01-12 23:26:39"
},
{
"kids":[
"zeb3NE2mV"
],
"uid":"1774109807",
"parent":"",
"text":"[吃惊][吃惊][吃惊]",
"mid":"zeb0hA9CD",
"date":"2013-01-12 23:26:38"
},
{
"kids":[],
"uid":"2080675835",
"parent":"zeaRLv4b1",
"text":"普洱茶",
"mid":"zeb0fdZHo",
"date":"2013-01-12 23:26:33"
},
{
"kids":[
"zef1xuslQ"
],
"uid":"hanahana1008",
"parent":"",
"text":"靠！唯恐天下不乱！",
"mid":"zeb0acxn1",
"date":"2013-01-12 23:26:23"
},
{
"kids":[],
"uid":"xianshibao",
"parent":"zeaRYdCEw",
"text":"靠，直接放中药啊",
"mid":"zeaZVpLZ4",
"date":"2013-01-12 23:25:47"
},
{
"kids":[
"zeebd2HD2"
],
"uid":"kanghong1227",
"parent":"zeaRLv4b1",
"text":"收拾东西走人〜",
"mid":"zeaZHwg8o",
"date":"2013-01-12 23:25:14"
},
{
"kids":[
"zebP4kTBO",
"zeb4B1Mn2"
],
"uid":"2134220194",
"parent":"",
"text":"[衰]",
"mid":"zeaZG2jTl",
"date":"2013-01-12 23:25:08"
},
{
"kids":[],
"uid":"2458429853",
"parent":"",
"text":"[思考]北方地区污染严重，希望凡住在我北面的童靴们多多保重@我说元芳你怎么看",
"mid":"zeaZgj141",
"date":"2013-01-12 23:24:10"
},
{
"kids":[],
"uid":"2514205770",
"parent":"",
"text":"",
"mid":"zeaZe0HmF",
"date":"2013-01-12 23:24:03"
},
{
"kids":[],
"uid":"kukuolin",
"parent":"",
"text":"我以为中药呢",
"mid":"zeaZcbrg3",
"date":"2013-01-12 23:24:00"
},
{
"kids":[],
"uid":"1992841705",
"parent":"zeaWB8DLY",
"text":"真的假的[疑问]号称金山水源也污染了，魔都跟上",
"mid":"zeaZ5oI7x",
"date":"2013-01-12 23:23:43"
},
{
"kids":[],
"uid":"zillahh",
"parent":"",
"text":"我了个去[汗]@兜兜可乐 @衡山童姥-小猫Sapphire",
"mid":"zeaYuaEl5",
"date":"2013-01-12 23:22:13"
},
{
"kids":[],
"uid":"firestormthomas",
"parent":"",
"text":"",
"mid":"zeaYsoacB",
"date":"2013-01-12 23:22:09"
},
{
"kids":[
"A6g61jtcm"
],
"uid":"1782978227",
"parent":"zeaUei20O",
"text":"[衰][衰][衰][衰]",
"mid":"zeaYnFaor",
"date":"2013-01-12 23:21:59"
},
{
"kids":[
"zebzpEL0F"
],
"uid":"senlinwang",
"parent":"zeaSyATm7",
"text":"这水管和石油管 连上了？[吃惊][衰]",
"mid":"zeaYjgShq",
"date":"2013-01-12 23:21:47"
},
{
"kids":[],
"uid":"1862791313",
"parent":"zeaPbDGaN",
"text":"[吃惊]",
"mid":"zeaYiFek0",
"date":"2013-01-12 23:21:46"
},
{
"kids":[
"zehlJl61w",
"zeeHR7Rqw"
],
"uid":"1288654491",
"parent":"zeaRLv4b1",
"text":"真的假的啊？？？？",
"mid":"zeaY0lUcg",
"date":"2013-01-12 23:21:00"
},
{
"kids":[],
"uid":"vivian750607",
"parent":"zeaRLv4b1",
"text":"咖啡机啊？！",
"mid":"zeaXQAARb",
"date":"2013-01-12 23:20:38"
},
{
"kids":[
"zecE8ybMN"
],
"uid":"1898144861",
"parent":"zeaRLv4b1",
"text":"@林吉宏这个名字已经不能用了 天啊",
"mid":"zeaXiAQrL",
"date":"2013-01-12 23:19:18"
},
{
"kids":[],
"uid":"600656726",
"parent":"",
"text":"太恐怖了吧。。",
"mid":"zeaWZ742R",
"date":"2013-01-12 23:18:32"
},
{
"kids":[],
"uid":"tonyxu1020",
"parent":"zeaNik2Z8",
"text":"看来带口罩也没用了，需要防毒面具了",
"mid":"zeaWEFLuO",
"date":"2013-01-12 23:17:42"
},
{
"kids":[],
"uid":"1661326311",
"parent":"zeaRLv4b1",
"text":"[吃惊]",
"mid":"zeaWEnzoh",
"date":"2013-01-12 23:17:43"
},
{
"kids":[],
"uid":"2540436150",
"parent":"",
"text":"我只知道魔都的数字也非常彪悍。苦逼的我今天还出门一天_(:3」∠)_",
"mid":"zeaWCjtYF",
"date":"2013-01-12 23:17:38"
},
{
"kids":[
"zeaZ5oI7x"
],
"uid":"ryancj",
"parent":"zeaNV4q7r",
"text":"",
"mid":"zeaWB8DLY",
"date":"2013-01-12 23:17:37"
},
{
"kids":[],
"uid":"1863617913",
"parent":"zeaRLv4b1",
"text":"[吃惊][吃惊][吃惊]",
"mid":"zeaWAA5Kq",
"date":"2013-01-12 23:17:34"
},
{
"kids":[],
"uid":"1776468453",
"parent":"zeaRLv4b1",
"text":"什么叫毒气爆表？@邪恶韭菜包",
"mid":"zeaWvezUa",
"date":"2013-01-12 23:17:21"
},
{
"kids":[
"zeebakrs7"
],
"uid":"2184029412",
"parent":"",
"text":"@阳光小册子55 真的？",
"mid":"zeaWsjGbh",
"date":"2013-01-12 23:17:12"
},
{
"kids":[],
"uid":"vera1987",
"parent":"zeaOw172S",
"text":"地球太危险了！建议回火星！！",
"mid":"zeaWiw1fs",
"date":"2013-01-12 23:16:51"
},
{
"kids":[],
"uid":"alien1128",
"parent":"zeaRLv4b1",
"text":"[吃惊]",
"mid":"zeaWh3zDh",
"date":"2013-01-12 23:16:48"
},
{
"kids":[],
"uid":"2424920667",
"parent":"zeaRLv4b1",
"text":"[惊恐]",
"mid":"zeaW6rlwy",
"date":"2013-01-12 23:16:19"
},
{
"kids":[],
"uid":"1435700690",
"parent":"zeaRLv4b1",
"text":"叫的是水费，放出来的是咖啡～",
"mid":"zeaVRmAJo",
"date":"2013-01-12 23:15:45"
},
{
"kids":[],
"uid":"2267168233",
"parent":"zeaRLv4b1",
"text":"[吃惊][吃惊][吃惊]我艹",
"mid":"zeaVRkgsd",
"date":"2013-01-12 23:15:46"
},
{
"kids":[],
"uid":"scorpiokardia1108",
"parent":"zeaRLv4b1",
"text":"今天魔都的空气质量还差到一逼_(;3ノ∠)_",
"mid":"zeaVOpCiU",
"date":"2013-01-12 23:15:37"
},
{
"kids":[
"zefDn7xvX"
],
"uid":"megidoraon",
"parent":"zeaRvADU2",
"text":"咖啡...",
"mid":"zeaVL8Bzl",
"date":"2013-01-12 23:15:31"
},
{
"kids":[],
"uid":"2540436150",
"parent":"zeaRLv4b1",
"text":"@凍凍冬 真的假的？！",
"mid":"zeaVEBI2D",
"date":"2013-01-12 23:15:17"
},
{
"kids":[],
"uid":"ichigochan",
"parent":"zeaUPuk8R",
"text":"今天除了雾大没别的",
"mid":"zeaVw3Lsf",
"date":"2013-01-12 23:14:52"
},
{
"kids":[],
"uid":"syf3721",
"parent":"zeaRLv4b1",
"text":"[吐]这就TM一盆八宝山洗炉子水[吐]",
"mid":"zeaVlsPdm",
"date":"2013-01-12 23:14:30"
},
{
"kids":[],
"uid":"chibayuki",
"parent":"zeaRLv4b1",
"text":"！！！@MT晴天也不错",
"mid":"zeaV1EAVE",
"date":"2013-01-12 23:13:41"
},
{
"kids":[],
"uid":"deepblue8848",
"parent":"",
"text":"",
"mid":"zeaUYpDEH",
"date":"2013-01-12 23:13:33"
},
{
"kids":[
"zefzm3uvg"
],
"uid":"2490535132",
"parent":"",
"text":"酱油啊",
"mid":"zeaUQFaus",
"date":"2013-01-12 23:13:16"
},
{
"kids":[
"zeaVw3Lsf"
],
"uid":"lilyroma",
"parent":"zeaOLn5Lc",
"text":"你点那人名字就看到她的原文了，人家根本不是这样写的，她家小区在修水管，那些话不知道是谁用心叵测给编的= =",
"mid":"zeaUPuk8R",
"date":"2013-01-12 23:13:14"
},
{
"kids":[],
"uid":"2159387154",
"parent":"",
"text":"[生病]",
"mid":"zeaUNbRyR",
"date":"2013-01-12 23:13:08"
},
{
"kids":[],
"uid":"rdcliji",
"parent":"",
"text":"中药？",
"mid":"zeaUMfoB7",
"date":"2013-01-12 23:13:03"
},
{
"kids":[],
"uid":"1887814423",
"parent":"",
"text":"@海盗潘塔尼 @bessie的堆堆",
"mid":"zeaUAsQam",
"date":"2013-01-12 23:12:38"
},
{
"kids":[],
"uid":"pocky21",
"parent":"zeaRLv4b1",
"text":"砖家说了，北京的水质是全国最好的",
"mid":"zeaUyFiaq",
"date":"2013-01-12 23:12:31"
},
{
"kids":[],
"uid":"jackyzyx615",
"parent":"",
"text":"",
"mid":"zeaUylZGe",
"date":"2013-01-12 23:12:31"
},
{
"kids":[],
"uid":"2540436150",
"parent":"zeaRLv4b1",
"text":"……",
"mid":"zeaUxurUZ",
"date":"2013-01-12 23:12:31"
},
{
"kids":[
"zegDCeXO3",
"zeb1QvDCJ"
],
"uid":"2558554387",
"parent":"",
"text":"",
"mid":"zeaUsu28p",
"date":"2013-01-12 23:12:19"
},
{
"kids":[],
"uid":"shenk1227",
"parent":"",
"text":"这是咖啡好伐",
"mid":"zeaUm07po",
"date":"2013-01-12 23:12:04"
},
{
"kids":[
"zeaYnFaor"
],
"uid":"everythingtin",
"parent":"zeaRLv4b1",
"text":"这才是世界末日么",
"mid":"zeaUei20O",
"date":"2013-01-12 23:11:45"
},
{
"kids":[],
"uid":"shellylee",
"parent":"zeaOYFed8",
"text":"",
"mid":"zeaU2sIyx",
"date":"2013-01-12 23:11:16"
},
{
"kids":[],
"uid":"323209762",
"parent":"zeaRLv4b1",
"text":"帝都不适合人类居住",
"mid":"zeaTNqz9d",
"date":"2013-01-12 23:10:40"
},
{
"kids":[],
"uid":"448231126",
"parent":"zeaRLv4b1",
"text":"[吃惊]末日你还要来嘛",
"mid":"zeaTCcNnb",
"date":"2013-01-12 23:10:13"
},
{
"kids":[],
"uid":"yeon1112kyu0203",
"parent":"zeaSAEZws",
"text":"今天真的重度污染。。。我们都不敢出室外待着",
"mid":"zeaTqD57n",
"date":"2013-01-12 23:09:47"
},
{
"kids":[],
"uid":"taotiesh",
"parent":"",
"text":"@凌萌萌lemon 帝都真可怕！",
"mid":"zeaT9waxE",
"date":"2013-01-12 23:09:06"
},
{
"kids":[],
"uid":"2127465775",
"parent":"zeaRLv4b1",
"text":"",
"mid":"zeaT8ljsz",
"date":"2013-01-12 23:09:01"
},
{
"kids":[],
"uid":"zxxy",
"parent":"",
"text":"[衰]",
"mid":"zeaT6fPbB",
"date":"2013-01-12 23:08:58"
},
{
"kids":[],
"uid":"karldeng",
"parent":"zeaRLv4b1",
"text":"出来散步吧",
"mid":"zeaT2qWb7",
"date":"2013-01-12 23:08:48"
},
{
"kids":[],
"uid":"1801238210",
"parent":"zeaRLv4b1",
"text":"[吃惊][吃惊][吃惊]",
"mid":"zeaSIkM38",
"date":"2013-01-12 23:08:01"
},
{
"kids":[],
"uid":"710125617",
"parent":"zeaOo1aq9",
"text":"右边233333",
"mid":"zeaSGx6Vh",
"date":"2013-01-12 23:07:57"
},
{
"kids":[
"zeaTqD57n"
],
"uid":"3216523743",
"parent":"zeaRLv4b1",
"text":"@yeon_love_kyu 矮油！！",
"mid":"zeaSAEZws",
"date":"2013-01-12 23:07:42"
},
{
"kids":[
"zeaYjgShq"
],
"uid":"hardsome",
"parent":"zeaRLv4b1",
"text":"矮油",
"mid":"zeaSyATm7",
"date":"2013-01-12 23:07:38"
},
{
"kids":[],
"uid":"1790689793",
"parent":"",
"text":"",
"mid":"zeaSu8AV6",
"date":"2013-01-12 23:07:26"
},
{
"kids":[],
"uid":"1687679263",
"parent":"zeaRLv4b1",
"text":"[汗] 向帝都人民发去慰问",
"mid":"zeaSowydm",
"date":"2013-01-12 23:07:12"
},
{
"kids":[],
"uid":"sapphirewu0205",
"parent":"zeaNcsXbp",
"text":"OMG！[吃惊] 四爷赶紧来魔都避难吧！[可怜]",
"mid":"zeaSlhAZp",
"date":"2013-01-12 23:07:06"
},
{
"kids":[
"zeg8Mrw95"
],
"uid":"941236066",
"parent":"",
"text":"@大蓼蓼_upupup  帝都如此可怕？[黑线]",
"mid":"zeaSilFaY",
"date":"2013-01-12 23:06:59"
},
{
"kids":[],
"uid":"royalmichael",
"parent":"zeaRLv4b1",
"text":"咖啡么",
"mid":"zeaSi2DBx",
"date":"2013-01-12 23:06:57"
},
{
"kids":[],
"uid":"2827668414",
"parent":"zeaS4php7",
"text":"忘记说话了  保重啊亲",
"mid":"zeaShq2m4",
"date":"2013-01-12 23:06:57"
},
{
"kids":[],
"uid":"anuuu",
"parent":"zeaRLv4b1",
"text":"………",
"mid":"zeaSdAocO",
"date":"2013-01-12 23:06:48"
},
{
"kids":[],
"uid":"yuanqing0419",
"parent":"",
"text":"[吃惊][吃惊]@qwakin",
"mid":"zeaSd2BgB",
"date":"2013-01-12 23:06:43"
},
{
"kids":[],
"uid":"woocrystal",
"parent":"zeaNV4q7r",
"text":"[吃惊]",
"mid":"zeaScqXqG",
"date":"2013-01-12 23:06:42"
},
{
"kids":[],
"uid":"guozhenhenxinjiang",
"parent":"zeaMLfVAd",
"text":"[吃惊]",
"mid":"zeaS8iKCI",
"date":"2013-01-12 23:06:35"
},
{
"kids":[],
"uid":"yuerangela",
"parent":"zeaRLv4b1",
"text":"好吓人",
"mid":"zeaS8grXo",
"date":"2013-01-12 23:06:31"
},
{
"kids":[
"zeaShq2m4"
],
"uid":"2827668414",
"parent":"zeaRLv4b1",
"text":"@Mr_Fate",
"mid":"zeaS4php7",
"date":"2013-01-12 23:06:26"
},
{
"kids":[
"zeb4QCjPl",
"zeaZVpLZ4"
],
"uid":"1868499912",
"parent":"zeaNzexwe",
"text":"这个。。。莫非末日迟到了？地球快不行了？",
"mid":"zeaRYdCEw",
"date":"2013-01-12 23:06:09"
},
{
"kids":[],
"uid":"zhuweia",
"parent":"",
"text":"[衰]都这样了，政府连吱都不吱一声[怒]",
"mid":"zeaRQyjiC",
"date":"2013-01-12 23:05:52"
},
{
"kids":[
"zeg2x3jaE",
"zefSXodGV",
"zefM98R7l",
"zefLdbGZu",
"zefh9guJA",
"zef2sy3hI",
"zef26nn0A",
"zeeAvdDEA",
"zeerTfF23",
"zeepxzw81",
"zedPjvY7N",
"zechAflIA",
"zec3exmtg",
"zebMtBbje",
"zebwAq3Sx",
"zebvknVnU",
"zebrOCmUu",
"zebofjhgr",
"zebdA0lue",
"zebbvt9iI",
"zebb1kr3Q",
"zebaV9eoz",
"zeb6PiBM5",
"zeb5R1HXd",
"zeb4tAyKn",
"zeb3zr8IX",
"zeb2k3Ai0",
"zeb1T9o6W",
"zeb19jk7f",
"zeb0fdZHo",
"zeaZHwg8o",
"zeaY0lUcg",
"zeaXQAARb",
"zeaXiAQrL",
"zeaWEnzoh",
"zeaWAA5Kq",
"zeaWvezUa",
"zeaWh3zDh",
"zeaW6rlwy",
"zeaVRmAJo",
"zeaVRkgsd",
"zeaVOpCiU",
"zeaVEBI2D",
"zeaVlsPdm",
"zeaV1EAVE",
"zeaUyFiaq",
"zeaUxurUZ",
"zeaUei20O",
"zeaTNqz9d",
"zeaTCcNnb",
"zeaT8ljsz",
"zeaT2qWb7",
"zeaSIkM38",
"zeaSAEZws",
"zeaSyATm7",
"zeaSowydm",
"zeaSi2DBx",
"zeaSdAocO",
"zeaS8grXo",
"zeaS4php7"
],
"uid":"1971537652",
"parent":"",
"text":"这地球不能待啦！！[xb压力]",
"mid":"zeaRLv4b1",
"date":"2013-01-12 23:05:40"
},
{
"kids":[],
"uid":"zggjdlzz",
"parent":"",
"text":"瞎JB鼓动，说不定是物业通过自来水管道分发板蓝根汤呢",
"mid":"zeaRKBPaI",
"date":"2013-01-12 23:05:39"
},
{
"kids":[],
"uid":"1237441005",
"parent":"zeaOwk4Jk",
"text":"苍天。。。。这是。。。[吃惊][吃惊][吃惊]",
"mid":"zeaRJbscm",
"date":"2013-01-12 23:05:34"
},
{
"kids":[
"zeaVL8Bzl"
],
"uid":"gloriousunited",
"parent":"",
"text":"我擦。。。机油啊。。你赚了",
"mid":"zeaRvADU2",
"date":"2013-01-12 23:05:02"
},
{
"kids":[],
"uid":"1723736347",
"parent":"",
"text":"中药嘛",
"mid":"zeaRbbNYT",
"date":"2013-01-12 23:04:11"
},
{
"kids":[],
"uid":"1792873381",
"parent":"",
"text":"。。。",
"mid":"zeaQAwDpP",
"date":"2013-01-12 23:02:48"
},
{
"kids":[],
"uid":"2526566761",
"parent":"",
"text":"= =就是。魔都跟帝都又什么时候一起了。",
"mid":"zeaQxxBFN",
"date":"2013-01-12 23:02:37"
},
{
"kids":[],
"uid":"1944549421",
"parent":"zeaPFbgPF",
"text":"北京咋了",
"mid":"zeaQdc2rA",
"date":"2013-01-12 23:01:47"
},
{
"kids":[],
"uid":"525270409",
"parent":"",
"text":"我妈刚看了一眼，淡定地说：哟，咖啡不要买了，水龙头直接出咖啡！",
"mid":"zeaQ43m7a",
"date":"2013-01-12 23:01:29"
},
{
"kids":[],
"uid":"vivianvz",
"parent":"zeaNIkmFZ",
"text":"[吃惊]不会吧 是不是附近刚换过水管",
"mid":"zeaQ2ysDd",
"date":"2013-01-12 23:01:26"
},
{
"kids":[],
"uid":"1789916693",
"parent":"",
"text":"",
"mid":"zeaPW4xZ0",
"date":"2013-01-12 23:01:07"
},
{
"kids":[],
"uid":"1549155677",
"parent":"",
"text":"养生堂的中药",
"mid":"zeaPVsTQw",
"date":"2013-01-12 23:01:08"
},
{
"kids":[
"zeb1quCL2"
],
"uid":"mfeogary",
"parent":"",
"text":"",
"mid":"zeaPTmhhC",
"date":"2013-01-12 23:01:03"
},
{
"kids":[
"zeaQdc2rA"
],
"uid":"lovefishcat",
"parent":"",
"text":"",
"mid":"zeaPFbgPF",
"date":"2013-01-12 23:00:30"
},
{
"kids":[],
"uid":"gabriec",
"parent":"",
"text":"[衰]假的吧？",
"mid":"zeaPB367E",
"date":"2013-01-12 23:00:19"
},
{
"kids":[
"zeaYiFek0"
],
"uid":"2821505127",
"parent":"",
"text":"@ylzxyl @苁融CR 北京的自来水？这这这。。。",
"mid":"zeaPbDGaN",
"date":"2013-01-12 22:59:17"
},
{
"kids":[],
"uid":"2539130820",
"parent":"",
"text":"",
"mid":"zeaP2vz82",
"date":"2013-01-12 22:58:57"
},
{
"kids":[],
"uid":"1767168272",
"parent":"zeaOktiXx",
"text":"这是中药！",
"mid":"zeaP0q0fQ",
"date":"2013-01-12 22:58:52"
},
{
"kids":[
"zeb93AuDl",
"zeaU2sIyx"
],
"uid":"2550284565",
"parent":"",
"text":"[神马]",
"mid":"zeaOYFed8",
"date":"2013-01-12 22:58:46"
},
{
"kids":[],
"uid":"flyfatpig",
"parent":"",
"text":"嗲",
"mid":"zeaOQpUyz",
"date":"2013-01-12 22:58:28"
},
{
"kids":[
"zeaUPuk8R"
],
"uid":"nananyu",
"parent":"",
"text":"@媛媛AT北京 求真相",
"mid":"zeaOLn5Lc",
"date":"2013-01-12 22:58:17"
},
{
"kids":[],
"uid":"wenajingjing",
"parent":"",
"text":"吓人",
"mid":"zeaOJyFKc",
"date":"2013-01-12 22:58:13"
},
{
"kids":[],
"uid":"314832777",
"parent":"",
"text":"[衰]",
"mid":"zeaOJ2K2P",
"date":"2013-01-12 22:58:10"
},
{
"kids":[],
"uid":"zkccccc",
"parent":"zeaNIkmFZ",
"text":"不知道的还以为咖啡机…",
"mid":"zeaOAaG9p",
"date":"2013-01-12 22:57:49"
},
{
"kids":[],
"uid":"jeffish32616",
"parent":"zeaNcsXbp",
"text":"还以为是中药[衰]",
"mid":"zeaOwAk1n",
"date":"2013-01-12 22:57:42"
},
{
"kids":[],
"uid":"2672676585",
"parent":"",
"text":"这地球不能呆啦[哼][泪]",
"mid":"zeaOwAjZf",
"date":"2013-01-12 22:57:42"
},
{
"kids":[
"zeaRJbscm"
],
"uid":"2902441025",
"parent":"",
"text":"[吃惊]",
"mid":"zeaOwk4Jk",
"date":"2013-01-12 22:57:41"
},
{
"kids":[
"zeaWiw1fs"
],
"uid":"1612673053",
"parent":"",
"text":"越老越要补啊~",
"mid":"zeaOw172S",
"date":"2013-01-12 22:57:40"
},
{
"kids":[
"zefPy6OLZ"
],
"uid":"1861557194",
"parent":"",
"text":"最近上海空气也好差，呼吸道很不舒服",
"mid":"zeaOvnFtJ",
"date":"2013-01-12 22:57:36"
},
{
"kids":[],
"uid":"imceci0409",
"parent":"",
"text":"[汗][汗]",
"mid":"zeaOsbRPT",
"date":"2013-01-12 22:57:28"
},
{
"kids":[
"zeaSGx6Vh"
],
"uid":"534892114",
"parent":"",
"text":"不错啊。。。一大早都凉茶喝。。",
"mid":"zeaOo1aq9",
"date":"2013-01-12 22:57:21"
},
{
"kids":[],
"uid":"332999856",
"parent":"",
"text":"",
"mid":"zeaOnoVrn",
"date":"2013-01-12 22:57:18"
},
{
"kids":[
"zeaP0q0fQ"
],
"uid":"173846224",
"parent":"zeaMI2BcI",
"text":"这么好。。。直接出可乐了啊！！！！",
"mid":"zeaOktiXx",
"date":"2013-01-12 22:57:11"
},
{
"kids":[],
"uid":"julyliu",
"parent":"",
"text":"这是水管接在了排污厂么？？？？",
"mid":"zeaObiBQN",
"date":"2013-01-12 22:56:49"
},
{
"kids":[
"zefwgxbdM"
],
"uid":"1796643902",
"parent":"",
"text":"",
"mid":"zeaOarKag",
"date":"2013-01-12 22:56:48"
},
{
"kids":[],
"uid":"leelee0619",
"parent":"",
"text":"这是洗完...水箱的水么？",
"mid":"zeaO7ar5s",
"date":"2013-01-12 22:56:38"
},
{
"kids":[],
"uid":"2078052275",
"parent":"",
"text":"这，，，，，帝都变毒岛",
"mid":"zeaO61VXx",
"date":"2013-01-12 22:56:37"
},
{
"kids":[],
"uid":"2944006872",
"parent":"",
"text":"直接放巧克力出来了？@尤大仙特困生 @羽过纷飞",
"mid":"zeaO4d6LF",
"date":"2013-01-12 22:56:34"
},
{
"kids":[],
"uid":"201266296",
"parent":"",
"text":"",
"mid":"zeaO3jRKj",
"date":"2013-01-12 22:56:32"
},
{
"kids":[],
"uid":"gonglanlan",
"parent":"",
"text":"@小百的围脖 真的？[生病]",
"mid":"zeaO2q1q9",
"date":"2013-01-12 22:56:27"
},
{
"kids":[
"zeaWB8DLY",
"zeaScqXqG"
],
"uid":"alinahuang",
"parent":"",
"text":"[汗]",
"mid":"zeaNV4q7r",
"date":"2013-01-12 22:56:12"
},
{
"kids":[],
"uid":"askali",
"parent":"",
"text":"领导知道空气污染所以水龙头直接放中药给大家补补 还不谢恩！",
"mid":"zeaNUch6V",
"date":"2013-01-12 22:56:11"
},
{
"kids":[],
"uid":"1943wei",
"parent":"",
"text":"",
"mid":"zeaNN6Xgn",
"date":"2013-01-12 22:55:50"
},
{
"kids":[],
"uid":"1870122602",
"parent":"",
"text":"",
"mid":"zeaNIEHVf",
"date":"2013-01-12 22:55:41"
},
{
"kids":[],
"uid":"jerryagainst",
"parent":"",
"text":"[吃惊]",
"mid":"zeaNIBXQV",
"date":"2013-01-12 22:55:43"
},
{
"kids":[
"zeaQ2ysDd",
"zeaOAaG9p"
],
"uid":"1801691163",
"parent":"",
"text":"[泪]",
"mid":"zeaNIkmFZ",
"date":"2013-01-12 22:55:42"
},
{
"kids":[],
"uid":"szriver",
"parent":"",
"text":"",
"mid":"zeaNB12uy",
"date":"2013-01-12 22:55:24"
},
{
"kids":[
"zeijRy0BP",
"zebirDEhy"
],
"uid":"yangxxxy",
"parent":"",
"text":"这是自来水吗[吃惊]",
"mid":"zeaNA7MKJ",
"date":"2013-01-12 22:55:22"
},
{
"kids":[],
"uid":"horsense",
"parent":"",
"text":"Espresso!",
"mid":"zeaNzuNwO",
"date":"2013-01-12 22:55:21"
},
{
"kids":[
"zeaRYdCEw"
],
"uid":"1900683805",
"parent":"",
"text":"[吃惊][衰]",
"mid":"zeaNzexwe",
"date":"2013-01-12 22:55:20"
},
{
"kids":[],
"uid":"2038850705",
"parent":"",
"text":"戒煙戒酒戒自來水",
"mid":"zeaNxs2fK",
"date":"2013-01-12 22:55:14"
},
{
"kids":[],
"uid":"2470053520",
"parent":"",
"text":"[吃驚][吃驚][吃驚][吃驚]",
"mid":"zeaNv2BAJ",
"date":"2013-01-12 22:55:11"
},
{
"kids":[],
"uid":"1745235124",
"parent":"",
"text":"[生病]",
"mid":"zeaNrxkkI",
"date":"2013-01-12 22:54:59"
},
{
"kids":[
"zeaWEFLuO"
],
"uid":"cloudyyty",
"parent":"",
"text":"太可怕了。。。",
"mid":"zeaNik2Z8",
"date":"2013-01-12 22:54:41"
},
{
"kids":[],
"uid":"dundun728",
"parent":"",
"text":"真是人神共震啊",
"mid":"zeaNgB9YI",
"date":"2013-01-12 22:54:34"
},
{
"kids":[
"zeb2axCTS",
"zeaSlhAZp",
"zeaOwAk1n"
],
"uid":"zillahh",
"parent":"",
"text":"真的假的?果断回家啊亲！@兜兜可乐",
"mid":"zeaNcsXbp",
"date":"2013-01-12 22:54:26"
},
{
"kids":[
"zee0nCI1m"
],
"uid":"3091841305",
"parent":"",
"text":"板蓝根..",
"mid":"zeaNbgLbk",
"date":"2013-01-12 22:54:23"
},
{
"kids":[],
"uid":"miyakoyun",
"parent":"",
"text":"@半颗烤瓷牙 @Autohao 注意安全…",
"mid":"zeaMWtBlr",
"date":"2013-01-12 22:53:45"
},
{
"kids":[],
"uid":"valeriajin",
"parent":"",
"text":"…………………………orz...",
"mid":"zeaMViL70",
"date":"2013-01-12 22:53:44"
},
{
"kids":[],
"uid":"bilibilibank",
"parent":"",
"text":"卧槽。。。。。。。",
"mid":"zeaMU6dhi",
"date":"2013-01-12 22:53:40"
},
{
"kids":[],
"uid":"520100444",
"parent":"",
"text":"",
"mid":"zeaMTeFMn",
"date":"2013-01-12 22:53:38"
},
{
"kids":[
"zeePOA2lL"
],
"uid":"2094537867",
"parent":"",
"text":"帝都……",
"mid":"zeaMNlF82",
"date":"2013-01-12 22:53:26"
},
{
"kids":[
"zeaS8iKCI"
],
"uid":"208884513",
"parent":"",
"text":"[巨汗]哈尼心啊",
"mid":"zeaMLfVAd",
"date":"2013-01-12 22:53:20"
},
{
"kids":[
"zef242Blr"
],
"uid":"1727537925",
"parent":"",
"text":"中药！",
"mid":"zeaMI2Bdu",
"date":"2013-01-12 22:53:11"
},
{
"kids":[
"zeaOktiXx"
],
"uid":"1232496045",
"parent":"",
"text":"[吃驚]",
"mid":"zeaMI2BcI",
"date":"2013-01-12 22:53:13"
},
{
"kids":[
"zedqq9OLT"
],
"uid":"333167805",
"parent":"",
"text":"",
"mid":"zeaMFD7KP",
"date":"2013-01-12 22:53:06"
},
{
"kids":[],
"uid":"missmoshining",
"parent":"",
"text":"囧",
"mid":"zeaMFmQyZ",
"date":"2013-01-12 22:53:03"
},
{
"kids":[],
"uid":"acgoal",
"parent":"",
"text":"[衰]",
"mid":"zeaMFjzhj",
"date":"2013-01-12 22:53:05"
},
{
"kids":[],
"uid":"young5251",
"parent":"",
"text":"[吃惊]",
"mid":"zeaMF3UWm",
"date":"2013-01-12 22:53:06"
}
]