[
{
"kids":[],
"uid":"2308536097",
"parent":"",
"text":"",
"mid":"A283uxRHE",
"date":"2013-07-28 16:36:59"
},
{
"kids":[],
"uid":"2562272857",
"parent":"",
"text":"",
"mid":"A1GIjD54M",
"date":"2013-07-25 19:00:39"
},
{
"kids":[],
"uid":"1922010322",
"parent":"zzaEW58l7",
"text":"",
"mid":"zzaH0kr7K",
"date":"2013-05-31 01:15:33"
},
{
"kids":[
"zzaH0kr7K"
],
"uid":"2695294803",
"parent":"zyQqKs0Kx",
"text":"六根不净，于佛无缘。",
"mid":"zzaEW58l7",
"date":"2013-05-31 01:10:27"
},
{
"kids":[
"zzaH0kr7K",
"zzaEW58l7"
],
"uid":"guwenzixueyuan",
"parent":"",
"text":"我向净空大法师悟禅，祈福保佑灵否？法师讲：佛是无边的法，心中有佛佛无处不在，善根永祥；作恶多端，鱼肉百姓，烧再高的香，拜多大的佛，佛都不会开化的。什么是佛？中国特色的佛就是仁爱、慈悲、普济众生、扬善、惩恶，是芸芸善众的理想化身。奥，我明白了放下屠刀，立地成佛的真谛。[转发]",
"mid":"zyQqKs0Kx",
"date":"2013-05-28 21:40:32"
},
{
"kids":[],
"uid":"q13245659752",
"parent":"",
"text":"",
"mid":"zycU5kcWm",
"date":"2013-05-24 17:02:57"
},
{
"kids":[],
"uid":"1419362302",
"parent":"",
"text":"哈哈哈，原来他们不只是信共产主义",
"mid":"zx1NV4067",
"date":"2013-05-16 22:57:14"
},
{
"kids":[],
"uid":"1212176480",
"parent":"",
"text":"即使这是假新闻，但咱中国人就是信了，说明什么，政府和官员在民众心目中是多么的不可信啊！",
"mid":"zuRuQ5Hww",
"date":"2013-05-02 17:02:09"
},
{
"kids":[],
"uid":"2706123025",
"parent":"",
"text":"呵呵",
"mid":"ztiVo6wVj",
"date":"2013-04-22 11:11:07"
},
{
"kids":[],
"uid":"3091719465",
"parent":"",
"text":"",
"mid":"zticFuLfm",
"date":"2013-04-22 09:20:58"
},
{
"kids":[],
"uid":"2984375451",
"parent":"",
"text":"",
"mid":"zsQ1VEmkP",
"date":"2013-04-19 09:37:36"
},
{
"kids":[],
"uid":"1141908513",
"parent":"",
"text":"回复@艳阳天588:，[嘻嘻]",
"mid":"zrjRkxIeJ",
"date":"2013-04-09 09:53:16"
},
{
"kids":[],
"uid":"1362434645",
"parent":"",
"text":"",
"mid":"zrjqX0AWV",
"date":"2013-04-09 08:48:17"
},
{
"kids":[],
"uid":"2310228194",
"parent":"",
"text":"",
"mid":"zrf90xUVg",
"date":"2013-04-08 21:53:04"
},
{
"kids":[],
"uid":"2260762887",
"parent":"",
"text":"",
"mid":"zqMpJyzZV",
"date":"2013-04-05 20:44:39"
},
{
"kids":[],
"uid":"1073163864",
"parent":"",
"text":"真的？",
"mid":"zqu0qFlkx",
"date":"2013-04-03 21:52:52"
},
{
"kids":[],
"uid":"2233567082",
"parent":"",
"text":"[吃惊]",
"mid":"zqlfoD8xJ",
"date":"2013-04-02 23:34:59"
},
{
"kids":[],
"uid":"2570796865",
"parent":"",
"text":"",
"mid":"zpA58aF3w",
"date":"2013-03-28 23:30:37"
},
{
"kids":[],
"uid":"1778174512",
"parent":"zoa6Zb1od",
"text":"",
"mid":"zoVNRFuUy",
"date":"2013-03-24 16:58:12"
},
{
"kids":[],
"uid":"2920182810",
"parent":"zoa6Zb1od",
"text":"",
"mid":"zoVNRnTIZ",
"date":"2013-03-24 16:58:10"
},
{
"kids":[],
"uid":"1778343971",
"parent":"zoaSukwSC",
"text":"",
"mid":"zoSANyOBw",
"date":"2013-03-24 08:47:47"
},
{
"kids":[],
"uid":"2789754694",
"parent":"zoaSukwSC",
"text":"",
"mid":"zoSANyOzT",
"date":"2013-03-24 08:47:47"
},
{
"kids":[],
"uid":"2920160772",
"parent":"zoa6Zb1od",
"text":"",
"mid":"zoP1XlCVD",
"date":"2013-03-23 23:43:42"
},
{
"kids":[],
"uid":"2919825104",
"parent":"zoa6Zb1od",
"text":"",
"mid":"zoP1X2UXB",
"date":"2013-03-23 23:43:39"
},
{
"kids":[],
"uid":"1440668110",
"parent":"zoaSukwSC",
"text":"",
"mid":"zoLdtCg4C",
"date":"2013-03-23 14:01:06"
},
{
"kids":[],
"uid":"2740862481",
"parent":"",
"text":"",
"mid":"zolgI0onj",
"date":"2013-03-20 19:57:36"
},
{
"kids":[],
"uid":"1759894655",
"parent":"",
"text":"",
"mid":"zokl66Ik6",
"date":"2013-03-20 17:35:39"
},
{
"kids":[],
"uid":"1362434645",
"parent":"",
"text":"",
"mid":"zoimPwhaC",
"date":"2013-03-20 12:34:29"
},
{
"kids":[],
"uid":"2562868991",
"parent":"",
"text":"",
"mid":"zoi1g8L7E",
"date":"2013-03-20 11:41:19"
},
{
"kids":[],
"uid":"wa181818",
"parent":"",
"text":"[弱]",
"mid":"zohq1sC2U",
"date":"2013-03-20 10:09:36"
},
{
"kids":[],
"uid":"2329454381",
"parent":"zogDMsgxw",
"text":"",
"mid":"zoh9HnXvo",
"date":"2013-03-20 09:29:22"
},
{
"kids":[],
"uid":"2329454381",
"parent":"zogDMsgxw",
"text":"升官为发财，何不给官员自己和人多烧点纸钱[哈哈]",
"mid":"zoh9ywdse",
"date":"2013-03-20 09:29:01"
},
{
"kids":[],
"uid":"1959954835",
"parent":"zocexlYOk",
"text":"pm2.5还能下来吗？",
"mid":"zoh2IbR48",
"date":"2013-03-20 09:12:10"
},
{
"kids":[],
"uid":"2250856523",
"parent":"",
"text":"智商低的可以当狗官。哪个背景提拔的",
"mid":"zogWfv0lW",
"date":"2013-03-20 08:56:15"
},
{
"kids":[],
"uid":"iceking826",
"parent":"",
"text":"",
"mid":"zogTLiqHO",
"date":"2013-03-20 08:50:07"
},
{
"kids":[],
"uid":"2732121965",
"parent":"",
"text":"神奇的中国总会出现一些奇怪的事，让所有人一头雾水！",
"mid":"zogPcc33A",
"date":"2013-03-20 08:38:52"
},
{
"kids":[],
"uid":"2840947765",
"parent":"zob3R6cqR",
"text":"",
"mid":"zogNRrhsU",
"date":"2013-03-20 08:35:35"
},
{
"kids":[],
"uid":"1210183192",
"parent":"zogDMsgxw",
"text":"",
"mid":"zogLYrW9Y",
"date":"2013-03-20 08:30:56"
},
{
"kids":[
"zoh9HnXvo",
"zoh9ywdse",
"zogLYrW9Y"
],
"uid":"1724905032",
"parent":"",
"text":"[汗]",
"mid":"zogDMsgxw",
"date":"2013-03-20 08:10:44"
},
{
"kids":[],
"uid":"3172969420",
"parent":"zogeCAtwf",
"text":"实践是检验灵不灵的唯一标准。",
"mid":"zogCaCLlo",
"date":"2013-03-20 08:06:47"
},
{
"kids":[],
"uid":"1211598454",
"parent":"zogwwrFvy",
"text":"",
"mid":"zogz2cVN3",
"date":"2013-03-20 07:59:03"
},
{
"kids":[
"zogz2cVN3"
],
"uid":"135558004",
"parent":"zogvUjx5b",
"text":"本来共产主义就是佛教！只要真信佛，只要财富流向正确，也无妨。",
"mid":"zogwwrFvy",
"date":"2013-03-20 07:52:52"
},
{
"kids":[],
"uid":"2113011077",
"parent":"zogugmxGn",
"text":"求佛，把香火钱帮穷人你就是佛",
"mid":"zogwpCNYM",
"date":"2013-03-20 07:52:36"
},
{
"kids":[
"zogwwrFvy"
],
"uid":"yingjl9",
"parent":"zogugmxGn",
"text":"既然信佛教还信马列么",
"mid":"zogvUjx5b",
"date":"2013-03-20 07:51:21"
},
{
"kids":[
"zogwpCNYM",
"zogvUjx5b"
],
"uid":"135558004",
"parent":"zogsLC7rt",
"text":"应当肯定，总比无法无天好！只要庙收的钱能给穷人，这也可以。所以，关键还是控制财富流向问题。也就是财产公布与遗产税与全球追缴问题。",
"mid":"zogugmxGn",
"date":"2013-03-20 07:47:18"
},
{
"kids":[
"zogugmxGn"
],
"uid":"2163257814",
"parent":"",
"text":"放下屠刀，立地成佛。",
"mid":"zogsLC7rt",
"date":"2013-03-20 07:43:37"
},
{
"kids":[],
"uid":"1900680993",
"parent":"",
"text":"@小猫熊_web 咱就心不诚，缺德",
"mid":"zogpt7ZRU",
"date":"2013-03-20 07:35:29"
},
{
"kids":[],
"uid":"2650808823",
"parent":"zodvjxiVo",
"text":"烧香也是造成北京PM2.5升高的原因之一吧[哈哈]",
"mid":"zogns9aRb",
"date":"2013-03-20 07:30:30"
},
{
"kids":[],
"uid":"1671323864",
"parent":"",
"text":"",
"mid":"zogiks6mF",
"date":"2013-03-20 07:17:54"
},
{
"kids":[
"zogCaCLlo"
],
"uid":"1909786483",
"parent":"",
"text":"",
"mid":"zogeCAtwf",
"date":"2013-03-20 07:08:46"
},
{
"kids":[],
"uid":"1265527141",
"parent":"",
"text":"",
"mid":"zofZE9hn4",
"date":"2013-03-20 06:31:52"
},
{
"kids":[],
"uid":"2790435911",
"parent":"",
"text":"",
"mid":"zofzLBEQL",
"date":"2013-03-20 05:28:06"
},
{
"kids":[],
"uid":"3182379227",
"parent":"",
"text":"这些领导一定有事，没求事能烧这么高的香?",
"mid":"zofjbiHdY",
"date":"2013-03-20 04:47:15"
},
{
"kids":[],
"uid":"2411275493",
"parent":"",
"text":"",
"mid":"zoezCpjEl",
"date":"2013-03-20 02:54:59"
},
{
"kids":[],
"uid":"2537993135",
"parent":"zodvYz24i",
"text":"",
"mid":"zoexQtJ59",
"date":"2013-03-20 02:50:38"
},
{
"kids":[],
"uid":"2491378715",
"parent":"zodvYz24i",
"text":"估计澄清说是：“为民祈福”。",
"mid":"zodOt9WG3",
"date":"2013-03-20 00:58:49"
},
{
"kids":[],
"uid":"1909591851",
"parent":"",
"text":"[围观]",
"mid":"zodLS6ErC",
"date":"2013-03-20 00:52:26"
},
{
"kids":[],
"uid":"1689582467",
"parent":"zodur9j3d",
"text":"无神论者们！",
"mid":"zodLK6sdU",
"date":"2013-03-20 00:52:08"
},
{
"kids":[],
"uid":"2218281393",
"parent":"",
"text":"声称信马列，为人民服务，实际信佛祖，求升官发财，类似于挂羊头卖狗肉。",
"mid":"zodH79gcZ",
"date":"2013-03-20 00:40:43"
},
{
"kids":[],
"uid":"1855802824",
"parent":"",
"text":"请说表述清楚是山西省太原市的哪位市长这样烧香祭拜做法，不要用某某来表达，这样会影响整个城市的形象和领导干部的作风问题，请你回答！如有事实向你致敬，如有虚假信息鄙视你！",
"mid":"zodDPhhYB",
"date":"2013-03-20 00:32:33"
},
{
"kids":[],
"uid":"3214403270",
"parent":"zodur9j3d",
"text":"这群官员可以离开政府大楼了，去追寻佛祖了！",
"mid":"zodwQp5hy",
"date":"2013-03-20 00:15:24"
},
{
"kids":[
"zoexQtJ59",
"zodOt9WG3"
],
"uid":"wiybk",
"parent":"zodntqN2M",
"text":"求秦桧保佑：保佑可以作威作福，保佑不劳而获，保佑不被监督，保佑不被发现，等官再做大了给师祖平凡[许愿][膜拜了]",
"mid":"zodvYz24i",
"date":"2013-03-20 00:13:18"
},
{
"kids":[
"zogns9aRb"
],
"uid":"1662314272",
"parent":"",
"text":"",
"mid":"zodvjxiVo",
"date":"2013-03-20 00:11:39"
},
{
"kids":[],
"uid":"2208462295",
"parent":"zodq30wAy",
"text":"别以为香越大就效果越好，干了坏事你就是搬一根烟囱也没用！！！",
"mid":"zodva4pAb",
"date":"2013-03-20 00:11:16"
},
{
"kids":[
"zodLK6sdU",
"zodwQp5hy"
],
"uid":"1117218801",
"parent":"",
"text":"",
"mid":"zodur9j3d",
"date":"2013-03-20 00:09:29"
},
{
"kids":[],
"uid":"1348579640",
"parent":"",
"text":"",
"mid":"zodupFqmF",
"date":"2013-03-20 00:09:25"
},
{
"kids":[],
"uid":"234437389",
"parent":"zodoXEtB1",
"text":"[嘻嘻]天下奇闻。",
"mid":"zodu5kyjh",
"date":"2013-03-20 00:08:37"
},
{
"kids":[],
"uid":"1795717140",
"parent":"zodrisiK4",
"text":"亏心事做多了心里发虚",
"mid":"zodsMAy5j",
"date":"2013-03-20 00:05:25"
},
{
"kids":[
"zodsMAy5j"
],
"uid":"2714096493",
"parent":"zodntqN2M",
"text":"",
"mid":"zodrisiK4",
"date":"2013-03-20 00:01:44"
},
{
"kids":[],
"uid":"wi8iw",
"parent":"zodq30wAy",
"text":"",
"mid":"zodqvE6FB",
"date":"2013-03-19 23:59:49"
},
{
"kids":[
"zodva4pAb",
"zodqvE6FB"
],
"uid":"yjc6620",
"parent":"zodntqN2M",
"text":"",
"mid":"zodq30wAy",
"date":"2013-03-19 23:58:36"
},
{
"kids":[
"zodu5kyjh"
],
"uid":"2106106417",
"parent":"",
"text":"#见怪不怪#",
"mid":"zodoXEtB1",
"date":"2013-03-19 23:55:58"
},
{
"kids":[
"zodvYz24i",
"zodrisiK4",
"zodq30wAy"
],
"uid":"2709366843",
"parent":"zoa6Zb1od",
"text":"",
"mid":"zodntqN2M",
"date":"2013-03-19 23:52:20"
},
{
"kids":[],
"uid":"1875375071",
"parent":"",
"text":"",
"mid":"zodlmevEz",
"date":"2013-03-19 23:47:08"
},
{
"kids":[],
"uid":"2340534043",
"parent":"",
"text":"",
"mid":"zodh14sFM",
"date":"2013-03-19 23:36:24"
},
{
"kids":[],
"uid":"2805019672",
"parent":"",
"text":"",
"mid":"zodg85YNF",
"date":"2013-03-19 23:34:15"
},
{
"kids":[],
"uid":"3033421402",
"parent":"",
"text":"佛也挣钱，官也挣钱，王帝老儿全管完。",
"mid":"zodc1Euzf",
"date":"2013-03-19 23:24:09"
},
{
"kids":[],
"uid":"3215517311",
"parent":"",
"text":"奇观！",
"mid":"zocZQoptE",
"date":"2013-03-19 22:54:07"
},
{
"kids":[],
"uid":"2642188625",
"parent":"",
"text":"",
"mid":"zocZy5dOw",
"date":"2013-03-19 22:53:23"
},
{
"kids":[],
"uid":"2730621625",
"parent":"",
"text":"[哈哈]曾经在谭泽寺烧香，旁边有个人肥头大耳的烧香的！时候嘴里不停的在念叨：发财发财发财。。。。",
"mid":"zocXz931C",
"date":"2013-03-19 22:48:31"
},
{
"kids":[],
"uid":"1790983427",
"parent":"",
"text":"神仙",
"mid":"zocX5jXWf",
"date":"2013-03-19 22:47:17"
},
{
"kids":[],
"uid":"3158160880",
"parent":"",
"text":"",
"mid":"zocUkwfp2",
"date":"2013-03-19 22:40:29"
},
{
"kids":[],
"uid":"3211087511",
"parent":"",
"text":"亵渎！",
"mid":"zocQCltXf",
"date":"2013-03-19 22:31:19"
},
{
"kids":[],
"uid":"yxhlulu",
"parent":"",
"text":"不奇怪，比比皆是",
"mid":"zocOT6O0f",
"date":"2013-03-19 22:27:04"
},
{
"kids":[],
"uid":"3024520590",
"parent":"",
"text":"",
"mid":"zocOwCPYl",
"date":"2013-03-19 22:26:11"
},
{
"kids":[],
"uid":"3119387861",
"parent":"",
"text":"傻B.....",
"mid":"zocOr0XIA",
"date":"2013-03-19 22:26:00"
},
{
"kids":[],
"uid":"3225724240",
"parent":"",
"text":"",
"mid":"zocMWd0WZ",
"date":"2013-03-19 22:22:17"
},
{
"kids":[],
"uid":"2492488574",
"parent":"",
"text":"",
"mid":"zocMy0TWB",
"date":"2013-03-19 22:21:22"
},
{
"kids":[],
"uid":"2069510395",
"parent":"",
"text":"",
"mid":"zocMpoLNQ",
"date":"2013-03-19 22:21:00"
},
{
"kids":[],
"uid":"2215957371",
"parent":"",
"text":"真逗",
"mid":"zocKKfx0Q",
"date":"2013-03-19 22:16:54"
},
{
"kids":[],
"uid":"1400277332",
"parent":"",
"text":"",
"mid":"zocIWj2el",
"date":"2013-03-19 22:12:25"
},
{
"kids":[],
"uid":"bluehaweii",
"parent":"",
"text":"要说信仰，我虽然不是党员，但如果没理解错，只要是党员就不能拜佛的吧！滑天下之大稽！",
"mid":"zocIgAiun",
"date":"2013-03-19 22:10:49"
},
{
"kids":[],
"uid":"2237317665",
"parent":"",
"text":"佛陀自明",
"mid":"zocHMabHw",
"date":"2013-03-19 22:09:34"
},
{
"kids":[],
"uid":"2451946943",
"parent":"",
"text":"几十年前就不信了，现在才知道呀！",
"mid":"zocFTrorO",
"date":"2013-03-19 22:04:58"
},
{
"kids":[],
"uid":"1885049761",
"parent":"zocfOwdA5",
"text":"",
"mid":"zocFMlT9b",
"date":"2013-03-19 22:04:38"
},
{
"kids":[],
"uid":"2804877265",
"parent":"",
"text":"",
"mid":"zocFuls5Z",
"date":"2013-03-19 22:03:58"
},
{
"kids":[],
"uid":"qdautism",
"parent":"",
"text":"",
"mid":"zocEukzwO",
"date":"2013-03-19 22:01:30"
},
{
"kids":[],
"uid":"1918212640",
"parent":"",
"text":"[衰]",
"mid":"zocD7bouW",
"date":"2013-03-19 21:58:03"
},
{
"kids":[],
"uid":"1975142191",
"parent":"",
"text":"",
"mid":"zocC0Fpyz",
"date":"2013-03-19 21:55:24"
},
{
"kids":[],
"uid":"2624729372",
"parent":"",
"text":"是现任市长吗？",
"mid":"zocBbg2IT",
"date":"2013-03-19 21:53:20"
},
{
"kids":[],
"uid":"2810259584",
"parent":"",
"text":"",
"mid":"zocAMofz3",
"date":"2013-03-19 21:52:21"
},
{
"kids":[],
"uid":"1365604933",
"parent":"",
"text":"",
"mid":"zocA0vGY9",
"date":"2013-03-19 21:50:26"
},
{
"kids":[],
"uid":"1104426027",
"parent":"zocydsdh3",
"text":"",
"mid":"zocz8avt7",
"date":"2013-03-19 21:48:18"
},
{
"kids":[
"zocz8avt7"
],
"uid":"210100535",
"parent":"zocvZpAmX",
"text":"真正为民谋福利，人民给你烧高香。",
"mid":"zocydsdh3",
"date":"2013-03-19 21:46:00"
},
{
"kids":[],
"uid":"2022090480",
"parent":"",
"text":"",
"mid":"zocxOAygp",
"date":"2013-03-19 21:45:04"
},
{
"kids":[],
"uid":"1627035932",
"parent":"",
"text":"祖师爷马同志的虫拜者都∵屙米豆腐∵了[威武]",
"mid":"zocxv5my6",
"date":"2013-03-19 21:44:18"
},
{
"kids":[],
"uid":"1870971103",
"parent":"",
"text":"他们升天后，是去马克思那里报道，还是去西方佛祖报道？？？",
"mid":"zocx03ClS",
"date":"2013-03-19 21:43:00"
},
{
"kids":[
"zocydsdh3"
],
"uid":"2806294297",
"parent":"",
"text":"",
"mid":"zocvZpAmX",
"date":"2013-03-19 21:40:33"
},
{
"kids":[],
"uid":"1939133922",
"parent":"",
"text":"佛祖显灵吧，赶紧把他们都收到西方极乐世界去吧，那里想啥有啥[哈哈]",
"mid":"zocvCnKHE",
"date":"2013-03-19 21:39:38"
},
{
"kids":[],
"uid":"hongkonglama",
"parent":"",
"text":"平日裡滿腹齷齪、欺上瞞下、巧取豪奪、壞事做盡，堂而皇之地以功利心態走進寺院去和佛菩薩當面討價還價道:今求升官進爵、財源廣進、兒女前途似錦等等，獅子開大口要求一大堆，如若保佑實現願望，定當日後來此如何如何……，臨時抱佛腳這種現象普遍存在，典型的僞信仰。哈哈哈！不靈！不靈啊！",
"mid":"zocvdyR3M",
"date":"2013-03-19 21:38:40"
},
{
"kids":[],
"uid":"3169262090",
"parent":"",
"text":"佛祖只管修炼不管升官发财！别枉费心机啦！丢人现眼！",
"mid":"zoculaLtm",
"date":"2013-03-19 21:36:29"
},
{
"kids":[],
"uid":"caishenye8858",
"parent":"",
"text":"混入党内的腐败分子。",
"mid":"zoctZ2bxd",
"date":"2013-03-19 21:35:36"
},
{
"kids":[],
"uid":"1434478443",
"parent":"zocpwap1U",
"text":"此信息不真。",
"mid":"zoct2fDJJ",
"date":"2013-03-19 21:33:15"
},
{
"kids":[],
"uid":"2751872331",
"parent":"",
"text":"",
"mid":"zocsHwfoy",
"date":"2013-03-19 21:32:28"
},
{
"kids":[],
"uid":"1884465081",
"parent":"",
"text":"",
"mid":"zocsGlp6e",
"date":"2013-03-19 21:32:25"
},
{
"kids":[],
"uid":"2758878164",
"parent":"",
"text":"呵呵呵，的确真是特色中国梦，糊涂。",
"mid":"zocsG793X",
"date":"2013-03-19 21:32:23"
},
{
"kids":[],
"uid":"2683008863",
"parent":"",
"text":"",
"mid":"zocrWfpJn",
"date":"2013-03-19 21:30:32"
},
{
"kids":[],
"uid":"1768065172",
"parent":"",
"text":"",
"mid":"zocrL2Uu7",
"date":"2013-03-19 21:30:05"
},
{
"kids":[],
"uid":"2689433911",
"parent":"",
"text":"",
"mid":"zocqLh1HH",
"date":"2013-03-19 21:27:41"
},
{
"kids":[],
"uid":"1114580080",
"parent":"zocexlYOk",
"text":"@学习粉丝团",
"mid":"zocq4aCvG",
"date":"2013-03-19 21:25:58"
},
{
"kids":[],
"uid":"2102036882",
"parent":"zocpN2bar",
"text":"",
"mid":"zocq1dh24",
"date":"2013-03-19 21:25:51"
},
{
"kids":[
"zocq1dh24"
],
"uid":"2639504791",
"parent":"zocpwap1U",
"text":"",
"mid":"zocpN2bar",
"date":"2013-03-19 21:25:16"
},
{
"kids":[
"zoct2fDJJ",
"zocpN2bar"
],
"uid":"1283050744",
"parent":"zoceX37Ws",
"text":"领导烧香时，诉求保佑他相信初级阶段，保佑河中摸的石头全是金子！",
"mid":"zocpwap1U",
"date":"2013-03-19 21:24:37"
},
{
"kids":[],
"uid":"1916151575",
"parent":"",
"text":"谁出的钱？收了钱菩萨就睁一眼闭一眼了吧？菩萨也受贿？",
"mid":"zocoEm5aN",
"date":"2013-03-19 21:22:29"
},
{
"kids":[],
"uid":"1477460375",
"parent":"",
"text":"",
"mid":"zoco1mMsw",
"date":"2013-03-19 21:20:56"
},
{
"kids":[],
"uid":"2384704280",
"parent":"",
"text":"",
"mid":"zocnU2cDq",
"date":"2013-03-19 21:20:36"
},
{
"kids":[],
"uid":"1257883915",
"parent":"",
"text":"贪官一群，鉴定完毕！",
"mid":"zocnKfHYM",
"date":"2013-03-19 21:20:12"
},
{
"kids":[],
"uid":"1406753412",
"parent":"",
"text":"转",
"mid":"zocnhj4Yg",
"date":"2013-03-19 21:19:03"
},
{
"kids":[],
"uid":"2725739031",
"parent":"",
"text":"",
"mid":"zocmQ4rnk",
"date":"2013-03-19 21:18:00"
},
{
"kids":[],
"uid":"1534687320",
"parent":"",
"text":"大师，开发票噢",
"mid":"zocmv9P3d",
"date":"2013-03-19 21:17:11"
},
{
"kids":[],
"uid":"2746939467",
"parent":"",
"text":"",
"mid":"zoclAEXE2",
"date":"2013-03-19 21:14:57"
},
{
"kids":[],
"uid":"2354741830",
"parent":"",
"text":"那是纳税人的钱！",
"mid":"zocl3z8t3",
"date":"2013-03-19 21:13:38"
},
{
"kids":[],
"uid":"1945551095",
"parent":"",
"text":"",
"mid":"zockS2FE9",
"date":"2013-03-19 21:13:07"
},
{
"kids":[],
"uid":"1823654640",
"parent":"",
"text":"",
"mid":"zockzprSf",
"date":"2013-03-19 21:12:26"
},
{
"kids":[],
"uid":"2428392240",
"parent":"",
"text":"[哈哈]",
"mid":"zockc62GW",
"date":"2013-03-19 21:11:28"
},
{
"kids":[],
"uid":"2304505694",
"parent":"",
"text":"呵呵",
"mid":"zocjYueZy",
"date":"2013-03-19 21:10:55"
},
{
"kids":[],
"uid":"3104809863",
"parent":"",
"text":"",
"mid":"zocjDxoUM",
"date":"2013-03-19 21:10:07"
},
{
"kids":[],
"uid":"2418070063",
"parent":"",
"text":"",
"mid":"zocjB9Etd",
"date":"2013-03-19 21:10:00"
},
{
"kids":[],
"uid":"1575032792",
"parent":"",
"text":"",
"mid":"zocjcCE2G",
"date":"2013-03-19 21:09:04"
},
{
"kids":[],
"uid":"2816037321",
"parent":"",
"text":"越官大越有钱的越迷信",
"mid":"zocjayy0b",
"date":"2013-03-19 21:08:59"
},
{
"kids":[],
"uid":"1960110901",
"parent":"",
"text":"千里烧香不如一心念佛。坏事做绝烧香不管用。",
"mid":"zocj7hzsQ",
"date":"2013-03-19 21:08:50"
},
{
"kids":[],
"uid":"2932833741",
"parent":"",
"text":"现在党员领导干部严重违反党纪规定，烧香拜佛普遍现象，不信宗旨理念，不是戴佛珠就是缠红绳",
"mid":"zocj502fo",
"date":"2013-03-19 21:08:43"
},
{
"kids":[],
"uid":"3156667492",
"parent":"",
"text":"哪有信仰？抱佛脚罢了。",
"mid":"zocj3v99x",
"date":"2013-03-19 21:08:42"
},
{
"kids":[],
"uid":"2917688591",
"parent":"",
"text":"",
"mid":"zociJpmXl",
"date":"2013-03-19 21:07:51"
},
{
"kids":[],
"uid":"3120683940",
"parent":"",
"text":"高香之高，超越背墙，求佛祖？必须的，没人帮得了。",
"mid":"zociz0UpZ",
"date":"2013-03-19 21:07:28"
},
{
"kids":[],
"uid":"2260398487",
"parent":"",
"text":"",
"mid":"zocit9aEs",
"date":"2013-03-19 21:07:13"
},
{
"kids":[],
"uid":"526831678",
"parent":"",
"text":"",
"mid":"zocincGW7",
"date":"2013-03-19 21:07:01"
},
{
"kids":[],
"uid":"pacinobao",
"parent":"",
"text":"也或许不日将澄清真相，此香是烧给马克思的，体现坚定不移的信仰",
"mid":"zocieF3Vy",
"date":"2013-03-19 21:06:41"
},
{
"kids":[],
"uid":"2564681443",
"parent":"zocexlYOk",
"text":"",
"mid":"zoci6DyKm",
"date":"2013-03-19 21:06:18"
},
{
"kids":[],
"uid":"2619143707",
"parent":"",
"text":"",
"mid":"zoci5upM8",
"date":"2013-03-19 21:06:18"
},
{
"kids":[],
"uid":"1427727952",
"parent":"",
"text":"真假哈",
"mid":"zochV8hEI",
"date":"2013-03-19 21:05:52"
},
{
"kids":[],
"uid":"2493572900",
"parent":"",
"text":"不问苍生问鬼神？",
"mid":"zochuwk82",
"date":"2013-03-19 21:04:50"
},
{
"kids":[],
"uid":"2121722150",
"parent":"",
"text":"",
"mid":"zochpwnNK",
"date":"2013-03-19 21:04:38"
},
{
"kids":[],
"uid":"3039742434",
"parent":"zocfGiId4",
"text":"",
"mid":"zoche29j6",
"date":"2013-03-19 21:04:07"
},
{
"kids":[],
"uid":"2266860803",
"parent":"",
"text":"开始有信仰了",
"mid":"zocgO0vA2",
"date":"2013-03-19 21:03:10"
},
{
"kids":[],
"uid":"uc15231258",
"parent":"",
"text":"？",
"mid":"zocgL4lqo",
"date":"2013-03-19 21:03:02"
},
{
"kids":[],
"uid":"changtian0317",
"parent":"",
"text":"",
"mid":"zocgsanEk",
"date":"2013-03-19 21:02:17"
},
{
"kids":[],
"uid":"1590908090",
"parent":"",
"text":"人不像人，佛不像佛，鬼不像鬼。",
"mid":"zocgl3Tbm",
"date":"2013-03-19 21:01:59"
},
{
"kids":[],
"uid":"2946867600",
"parent":"",
"text":"不懂马列信佛陀~！如果，改成＂信＂，那马列和佛陀的区别，就小的多喽．．",
"mid":"zocfU9hho",
"date":"2013-03-19 21:00:56"
},
{
"kids":[],
"uid":"3028805197",
"parent":"",
"text":"阿米陀佛",
"mid":"zocfP8Jfm",
"date":"2013-03-19 21:00:44"
},
{
"kids":[
"zocFMlT9b"
],
"uid":"1639779080",
"parent":"",
"text":"[阴险]，天灵灵，地灵灵，菩萨也要快显灵。",
"mid":"zocfOwdA5",
"date":"2013-03-19 21:00:44"
},
{
"kids":[],
"uid":"sdzhuyuhua",
"parent":"zoceX37Ws",
"text":"",
"mid":"zocfMs88A",
"date":"2013-03-19 21:00:39"
},
{
"kids":[
"zoche29j6"
],
"uid":"3017254491",
"parent":"",
"text":"",
"mid":"zocfGiId4",
"date":"2013-03-19 21:00:19"
},
{
"kids":[],
"uid":"2788096771",
"parent":"",
"text":"建议在各地建设马庙若干，以备吊唁，祭拜。",
"mid":"zocfutkkR",
"date":"2013-03-19 20:59:53"
},
{
"kids":[],
"uid":"3210273871",
"parent":"",
"text":"",
"mid":"zocflfLiw",
"date":"2013-03-19 20:59:33"
},
{
"kids":[],
"uid":"1431687704",
"parent":"",
"text":"",
"mid":"zocfhpbOO",
"date":"2013-03-19 20:59:21"
},
{
"kids":[],
"uid":"1025779092",
"parent":"zocexlYOk",
"text":"",
"mid":"zocfgx91T",
"date":"2013-03-19 20:59:22"
},
{
"kids":[],
"uid":"1984568431",
"parent":"",
"text":"是否有人出来辟谣",
"mid":"zocfet3Ht",
"date":"2013-03-19 20:59:17"
},
{
"kids":[],
"uid":"gzglyh",
"parent":"",
"text":"[围观][话筒]",
"mid":"zocfebsml",
"date":"2013-03-19 20:59:16"
},
{
"kids":[],
"uid":"3030937205",
"parent":"",
"text":"[围观]悲呀!",
"mid":"zocf74L9y",
"date":"2013-03-19 20:58:59"
},
{
"kids":[],
"uid":"zkpean",
"parent":"",
"text":"",
"mid":"zocf0jLLx",
"date":"2013-03-19 20:58:43"
},
{
"kids":[
"zocpwap1U",
"zocfMs88A"
],
"uid":"2072873731",
"parent":"",
"text":"",
"mid":"zoceX37Ws",
"date":"2013-03-19 20:58:35"
},
{
"kids":[],
"uid":"1712928653",
"parent":"",
"text":"缺少宗教信仰[哈哈][哈哈][哈哈]",
"mid":"zoceS4hd3",
"date":"2013-03-19 20:58:20"
},
{
"kids":[],
"uid":"1829260814",
"parent":"",
"text":"",
"mid":"zocePDAiS",
"date":"2013-03-19 20:58:17"
},
{
"kids":[],
"uid":"2637027057",
"parent":"",
"text":"",
"mid":"zoceLxWLe",
"date":"2013-03-19 20:58:07"
},
{
"kids":[],
"uid":"1014971665",
"parent":"",
"text":"",
"mid":"zoceKmctz",
"date":"2013-03-19 20:58:01"
},
{
"kids":[],
"uid":"2362412322",
"parent":"",
"text":"想立地为佛？还是回头是岸吧！",
"mid":"zoceC5OuQ",
"date":"2013-03-19 20:57:42"
},
{
"kids":[
"zoh2IbR48",
"zocq4aCvG",
"zoci6DyKm",
"zocfgx91T"
],
"uid":"2253251014",
"parent":"",
"text":"[围观][围观][威武]",
"mid":"zocexlYOk",
"date":"2013-03-19 20:57:34"
},
{
"kids":[],
"uid":"gaoxing770521",
"parent":"",
"text":"这个国家能力已经强到连佛教都能毁成这个样子",
"mid":"zocei0VY4",
"date":"2013-03-19 20:56:57"
},
{
"kids":[],
"uid":"3164980287",
"parent":"",
"text":"",
"mid":"zoceflbW9",
"date":"2013-03-19 20:56:51"
},
{
"kids":[],
"uid":"1527590954",
"parent":"",
"text":"",
"mid":"zoce9FGpy",
"date":"2013-03-19 20:56:37"
},
{
"kids":[],
"uid":"cjh5910216304",
"parent":"",
"text":"[哈哈]“来找我吧，为你指点迷津，春才”",
"mid":"zoce8wnWZ",
"date":"2013-03-19 20:56:35"
},
{
"kids":[],
"uid":"1105908243",
"parent":"",
"text":"",
"mid":"zoce3fjob",
"date":"2013-03-19 20:56:22"
},
{
"kids":[],
"uid":"2269759550",
"parent":"",
"text":"",
"mid":"zoce0hYbG",
"date":"2013-03-19 20:56:14"
},
{
"kids":[],
"uid":"2657339454",
"parent":"",
"text":"@于建嵘 @北大萧国亮 @cctv今日观察央视财经评论 @范学德 开发票了一定",
"mid":"zocdR4UpD",
"date":"2013-03-19 20:55:52"
},
{
"kids":[],
"uid":"2383655807",
"parent":"",
"text":"[怒]",
"mid":"zocdvvzcr",
"date":"2013-03-19 20:55:00"
},
{
"kids":[],
"uid":"3188816704",
"parent":"",
"text":"[抓狂]",
"mid":"zocdrDNog",
"date":"2013-03-19 20:54:54"
},
{
"kids":[],
"uid":"1964216631",
"parent":"",
"text":"",
"mid":"zocdo7gxX",
"date":"2013-03-19 20:54:45"
},
{
"kids":[],
"uid":"2093638357",
"parent":"",
"text":"转发、发、发、发",
"mid":"zocdnySXv",
"date":"2013-03-19 20:54:41"
},
{
"kids":[],
"uid":"3178038500",
"parent":"",
"text":"",
"mid":"zocdgsvvi",
"date":"2013-03-19 20:54:26"
},
{
"kids":[],
"uid":"2787023934",
"parent":"",
"text":"败类",
"mid":"zocdffhqB",
"date":"2013-03-19 20:54:23"
},
{
"kids":[],
"uid":"1820198862",
"parent":"",
"text":"这个得转发",
"mid":"zocd7AtH5",
"date":"2013-03-19 20:54:02"
},
{
"kids":[],
"uid":"zhizunbao9528",
"parent":"",
"text":"2011年大年初一在五台山就见识过了！那架势老气派了！",
"mid":"zocd5fBRK",
"date":"2013-03-19 20:53:58"
},
{
"kids":[],
"uid":"1911533263",
"parent":"",
"text":"[猪头][猪头]",
"mid":"zoccL6Nc2",
"date":"2013-03-19 20:53:11"
},
{
"kids":[],
"uid":"1456256811",
"parent":"",
"text":"",
"mid":"zocc6nLWh",
"date":"2013-03-19 20:51:31"
},
{
"kids":[],
"uid":"1096113780",
"parent":"zoabUpuYs",
"text":"",
"mid":"zocbPt6eY",
"date":"2013-03-19 20:50:54"
},
{
"kids":[],
"uid":"3058524242",
"parent":"",
"text":"",
"mid":"zocbdDt9i",
"date":"2013-03-19 20:49:24"
},
{
"kids":[],
"uid":"2519680067",
"parent":"zoamyyM3X",
"text":"信什么都比信他们那一套靠谱！",
"mid":"zocaudDVu",
"date":"2013-03-19 20:47:35"
},
{
"kids":[],
"uid":"1762558984",
"parent":"zoaraynxw",
"text":"",
"mid":"zoc9iktIl",
"date":"2013-03-19 20:44:40"
},
{
"kids":[],
"uid":"1283405653",
"parent":"zoc7kwfix",
"text":"",
"mid":"zoc8xB3sC",
"date":"2013-03-19 20:42:47"
},
{
"kids":[],
"uid":"2179058494",
"parent":"",
"text":"",
"mid":"zoc8wqdaA",
"date":"2013-03-19 20:42:44"
},
{
"kids":[
"zoc8xB3sC"
],
"uid":"2330077095",
"parent":"zobHZ7U6T",
"text":"平时不烧香 要烧就烧高香",
"mid":"zoc7kwfix",
"date":"2013-03-19 20:39:50"
},
{
"kids":[],
"uid":"1417840305",
"parent":"",
"text":"",
"mid":"zoc742ks3",
"date":"2013-03-19 20:39:09"
},
{
"kids":[],
"uid":"1456256811",
"parent":"",
"text":"",
"mid":"zobYF4UDs",
"date":"2013-03-19 20:18:24"
},
{
"kids":[],
"uid":"2303582623",
"parent":"",
"text":"让佛祖显灵速带这帮狗官 去西方极乐世界",
"mid":"zobYjsRgy",
"date":"2013-03-19 20:17:36"
},
{
"kids":[],
"uid":"2842950217",
"parent":"",
"text":"记得我党是无神论的……问呢？凌乱了……好凌乱……",
"mid":"zobVVqYnN",
"date":"2013-03-19 20:11:42"
},
{
"kids":[],
"uid":"wang802",
"parent":"zobQVaQLI",
"text":"回复@俺们似山西仁:是啊，而且，这几天太原很多人都穿单衣了，照片里的还是大棉衣，博主是猪",
"mid":"zobVvqFaf",
"date":"2013-03-19 20:10:40"
},
{
"kids":[],
"uid":"1097725275",
"parent":"",
"text":"贪官们以为菩萨和他们一样也是用钱可以打发的",
"mid":"zobVaqx0W",
"date":"2013-03-19 20:09:48"
},
{
"kids":[],
"uid":"1101862990",
"parent":"zob3R6cqR",
"text":"领导们一边教育百姓破除迷信，自己比谁都信，天天妄想升官发财。",
"mid":"zobUzgvzB",
"date":"2013-03-19 20:08:20"
},
{
"kids":[],
"uid":"1868604700",
"parent":"zobJJxDjY",
"text":"",
"mid":"zobUn8c94",
"date":"2013-03-19 20:07:53"
},
{
"kids":[],
"uid":"2273007674",
"parent":"",
"text":"问题是：这些钱谁出？？？？@德明素食:问一下还有更大更高的香吗？me这里出租吊车。这是释迦摩尼老弟创建的佛教吗？中国伪佛教多了观世音，不如改叫“观世音集团有限公司”吧，这利润也太高了，何能以及呀？！嘎嘎嘎上市好像有所耳闻。",
"mid":"zobR2glKj",
"date":"2013-03-19 19:59:40"
},
{
"kids":[
"zobVvqFaf"
],
"uid":"wang802",
"parent":"",
"text":"哪个领导光明正大的烧香啊，动动你那猪脑子",
"mid":"zobQVaQLI",
"date":"2013-03-19 19:59:23"
},
{
"kids":[],
"uid":"tanamiss",
"parent":"zobNYwUQD",
"text":"共产党人不是不能信佛的么？",
"mid":"zobQxetP3",
"date":"2013-03-19 19:58:23"
},
{
"kids":[],
"uid":"2968198861",
"parent":"",
"text":"",
"mid":"zobPIraia",
"date":"2013-03-19 19:56:25"
},
{
"kids":[],
"uid":"2864205344",
"parent":"",
"text":"释迦牟尼，您怎么看？",
"mid":"zobP38eEb",
"date":"2013-03-19 19:54:43"
},
{
"kids":[],
"uid":"2813718741",
"parent":"",
"text":"[怒]",
"mid":"zobOpsBmS",
"date":"2013-03-19 19:53:12"
},
{
"kids":[],
"uid":"1842687187",
"parent":"",
"text":"",
"mid":"zobO9v3A4",
"date":"2013-03-19 19:52:34"
},
{
"kids":[],
"uid":"1308452177",
"parent":"zobJG2mMg",
"text":"原来他们也喜欢长的 粗的 硬的 [阴险]热乎乎的啊",
"mid":"zobO7oTEZ",
"date":"2013-03-19 19:52:29"
},
{
"kids":[
"zobQxetP3"
],
"uid":"511478980",
"parent":"",
"text":": 回复@德明素食:888888都有",
"mid":"zobNYwUQD",
"date":"2013-03-19 19:52:08"
},
{
"kids":[],
"uid":"1661617272",
"parent":"",
"text":"我不是智者",
"mid":"zobNYhlt2",
"date":"2013-03-19 19:52:07"
},
{
"kids":[],
"uid":"3108963840",
"parent":"",
"text":"@中文台张婉:回复@德明素食:888888都有",
"mid":"zobNBfnmn",
"date":"2013-03-19 19:51:12"
},
{
"kids":[],
"uid":"1496893884",
"parent":"",
"text":"[笑哈哈][得意地笑]",
"mid":"zobMWcYll",
"date":"2013-03-19 19:49:31"
},
{
"kids":[],
"uid":"2384451504",
"parent":"zobxVlsdj",
"text":"",
"mid":"zobMagBmn",
"date":"2013-03-19 19:47:40"
},
{
"kids":[],
"uid":"2548939760",
"parent":"",
"text":"",
"mid":"zobLMD5bp",
"date":"2013-03-19 19:46:44"
},
{
"kids":[],
"uid":"3022459867",
"parent":"",
"text":"信仰只是外衣",
"mid":"zobLEmXYm",
"date":"2013-03-19 19:46:21"
},
{
"kids":[],
"uid":"1791245653",
"parent":"",
"text":"奇闻",
"mid":"zobLtqFZD",
"date":"2013-03-19 19:45:57"
},
{
"kids":[],
"uid":"1666570450",
"parent":"",
"text":"是想保佑它们贪完没事",
"mid":"zobLid0Dg",
"date":"2013-03-19 19:45:31"
},
{
"kids":[],
"uid":"1629730117",
"parent":"",
"text":"",
"mid":"zobLbnR3P",
"date":"2013-03-19 19:45:14"
},
{
"kids":[],
"uid":"2476374983",
"parent":"",
"text":"",
"mid":"zobKR0Bzh",
"date":"2013-03-19 19:44:26"
},
{
"kids":[],
"uid":"1791245653",
"parent":"",
"text":"奇闻",
"mid":"zobKFvf3n",
"date":"2013-03-19 19:43:59"
},
{
"kids":[],
"uid":"2476903341",
"parent":"",
"text":"",
"mid":"zobKcfTUH",
"date":"2013-03-19 19:42:49"
},
{
"kids":[],
"uid":"3150793440",
"parent":"",
"text":"转发微博。",
"mid":"zobK12c5H",
"date":"2013-03-19 19:42:22"
},
{
"kids":[
"zobUn8c94"
],
"uid":"1743345730",
"parent":"zobHZ7U6T",
"text":"[晕][晕][晕][晕][晕]",
"mid":"zobJJxDjY",
"date":"2013-03-19 19:41:41"
},
{
"kids":[
"zobO7oTEZ"
],
"uid":"2287367405",
"parent":"",
"text":"",
"mid":"zobJG2mMg",
"date":"2013-03-19 19:41:32"
},
{
"kids":[],
"uid":"bennyjp",
"parent":"",
"text":"",
"mid":"zobIYyr9t",
"date":"2013-03-19 19:39:49"
},
{
"kids":[
"zoc7kwfix",
"zobJJxDjY"
],
"uid":"2309012394",
"parent":"",
"text":"",
"mid":"zobHZ7U6T",
"date":"2013-03-19 19:37:19"
},
{
"kids":[],
"uid":"1955700987",
"parent":"",
"text":"",
"mid":"zobHGwbUa",
"date":"2013-03-19 19:36:37"
},
{
"kids":[],
"uid":"2734771534",
"parent":"",
"text":"",
"mid":"zobGJqXDR",
"date":"2013-03-19 19:34:15"
},
{
"kids":[],
"uid":"1899161725",
"parent":"",
"text":"",
"mid":"zobFKfu5F",
"date":"2013-03-19 19:31:51"
},
{
"kids":[],
"uid":"2139128020",
"parent":"",
"text":"",
"mid":"zobFChLgM",
"date":"2013-03-19 19:31:32"
},
{
"kids":[],
"uid":"njgch",
"parent":"",
"text":"",
"mid":"zobFkxJ0o",
"date":"2013-03-19 19:30:50"
},
{
"kids":[],
"uid":"2303480011",
"parent":"",
"text":"",
"mid":"zobEPgk7Z",
"date":"2013-03-19 19:29:33"
},
{
"kids":[],
"uid":"1578740873",
"parent":"",
"text":"",
"mid":"zobEB1c4T",
"date":"2013-03-19 19:29:01"
},
{
"kids":[],
"uid":"1564407431",
"parent":"",
"text":"",
"mid":"zobDI4md1",
"date":"2013-03-19 19:26:50"
},
{
"kids":[],
"uid":"1721546265",
"parent":"",
"text":"佛也保佑升官发财。",
"mid":"zobCY03FK",
"date":"2013-03-19 19:24:58"
},
{
"kids":[],
"uid":"fahaojieli",
"parent":"",
"text":"这不是佛教，这是迷信，真正的佛教是讲教育的不是这样的乱哄哄的",
"mid":"zobCTwbog",
"date":"2013-03-19 19:24:50"
},
{
"kids":[],
"uid":"1833271322",
"parent":"",
"text":"",
"mid":"zobCIivQR",
"date":"2013-03-19 19:24:23"
},
{
"kids":[],
"uid":"3047919775",
"parent":"",
"text":"",
"mid":"zobCyjfgr",
"date":"2013-03-19 19:23:57"
},
{
"kids":[],
"uid":"1428567222",
"parent":"zob3R6cqR",
"text":"",
"mid":"zobBFACxf",
"date":"2013-03-19 19:21:48"
},
{
"kids":[],
"uid":"2350351313",
"parent":"",
"text":"",
"mid":"zobB8eiiY",
"date":"2013-03-19 19:20:29"
},
{
"kids":[],
"uid":"2481129725",
"parent":"",
"text":"官员搞迷信也不算奇闻了",
"mid":"zobA5fefM",
"date":"2013-03-19 19:17:54"
},
{
"kids":[],
"uid":"2766280677",
"parent":"",
"text":"这应当算弘扬民族文化[偷笑]",
"mid":"zobA14hci",
"date":"2013-03-19 19:17:44"
},
{
"kids":[],
"uid":"2269939311",
"parent":"",
"text":"@乐羊羊Regina",
"mid":"zobzmhauw",
"date":"2013-03-19 19:16:05"
},
{
"kids":[],
"uid":"3215501184",
"parent":"",
"text":"",
"mid":"zobz7cVKc",
"date":"2013-03-19 19:15:30"
},
{
"kids":[],
"uid":"2268768562",
"parent":"",
"text":"",
"mid":"zobz6lAMe",
"date":"2013-03-19 19:15:27"
},
{
"kids":[],
"uid":"2308281465",
"parent":"",
"text":"",
"mid":"zobz3FRjO",
"date":"2013-03-19 19:15:23"
},
{
"kids":[],
"uid":"2170650932",
"parent":"",
"text":"信仰不可缺失",
"mid":"zobyZytUY",
"date":"2013-03-19 19:15:13"
},
{
"kids":[],
"uid":"2372506101",
"parent":"",
"text":"@中文台张婉: 回复@德明素食:888888都有",
"mid":"zobyv7utV",
"date":"2013-03-19 19:14:00"
},
{
"kids":[],
"uid":"2634677551",
"parent":"",
"text":"中文台张婉: 回复@德明素食:888888都有",
"mid":"zobyuu4z1",
"date":"2013-03-19 19:13:58"
},
{
"kids":[],
"uid":"bbcv",
"parent":"",
"text":"",
"mid":"zobyg55U5",
"date":"2013-03-19 19:13:21"
},
{
"kids":[],
"uid":"1303473692",
"parent":"",
"text":"烧高香用的什么钱？",
"mid":"zobyeiBzj",
"date":"2013-03-19 19:13:20"
},
{
"kids":[
"zobMagBmn"
],
"uid":"3213742964",
"parent":"",
"text":"",
"mid":"zobxVlsdj",
"date":"2013-03-19 19:12:32"
},
{
"kids":[],
"uid":"langyuejiaoyu",
"parent":"",
"text":"@德明素食:888888都有",
"mid":"zobxDiCt5",
"date":"2013-03-19 19:11:50"
},
{
"kids":[],
"uid":"3027065364",
"parent":"zoaKt0JW5",
"text":"领导都是党员，也不信任我们的党吗？？？",
"mid":"zobxAlihI",
"date":"2013-03-19 19:11:45"
},
{
"kids":[],
"uid":"2968127103",
"parent":"",
"text":"真的？求证",
"mid":"zobxt1CUe",
"date":"2013-03-19 19:11:27"
},
{
"kids":[],
"uid":"1832534820",
"parent":"zob3R6cqR",
"text":"",
"mid":"zobseuGFP",
"date":"2013-03-19 18:58:34"
},
{
"kids":[],
"uid":"2621338953",
"parent":"zob3R6cqR",
"text":"高香象贴了壮阳广告的电线杆一样自信地崛起了！",
"mid":"zobpvxB9C",
"date":"2013-03-19 18:51:49"
},
{
"kids":[],
"uid":"1677974485",
"parent":"zob5KqHg8",
"text":"黑打打黑",
"mid":"zobmVCHPc",
"date":"2013-03-19 18:45:28"
},
{
"kids":[],
"uid":"2752739935",
"parent":"",
"text":"",
"mid":"zobh0DnMW",
"date":"2013-03-19 18:30:56"
},
{
"kids":[],
"uid":"1463917403",
"parent":"",
"text":"烧头香",
"mid":"zobfACcIX",
"date":"2013-03-19 18:27:23"
},
{
"kids":[],
"uid":"1010566455",
"parent":"",
"text":"公仆们多辛苦啊",
"mid":"zobb52uku",
"date":"2013-03-19 18:16:18"
},
{
"kids":[],
"uid":"2404780442",
"parent":"",
"text":"佛祖，你就让这信男成仙升天了吧！",
"mid":"zob6WAbx8",
"date":"2013-03-19 18:06:07"
},
{
"kids":[],
"uid":"porsenjoy",
"parent":"zob3R6cqR",
"text":"耿建波么",
"mid":"zob69gf40",
"date":"2013-03-19 18:04:08"
},
{
"kids":[],
"uid":"1648731431",
"parent":"",
"text":"",
"mid":"zob65FULd",
"date":"2013-03-19 18:03:59"
},
{
"kids":[
"zobmVCHPc"
],
"uid":"2481342617",
"parent":"",
"text":"鬼附身，邪恶，佛不受。",
"mid":"zob5KqHg8",
"date":"2013-03-19 18:03:10"
},
{
"kids":[],
"uid":"1657212744",
"parent":"",
"text":"",
"mid":"zob5sldFJ",
"date":"2013-03-19 18:02:27"
},
{
"kids":[],
"uid":"1744271824",
"parent":"",
"text":"配图有问题，建筑风格不是山西的",
"mid":"zob5ovVQI",
"date":"2013-03-19 18:02:18"
},
{
"kids":[],
"uid":"xibeishetianlang",
"parent":"zob3R6cqR",
"text":"",
"mid":"zob5gi7tf",
"date":"2013-03-19 18:01:58"
},
{
"kids":[],
"uid":"2584933605",
"parent":"",
"text":"",
"mid":"zob448Cd2",
"date":"2013-03-19 17:58:59"
},
{
"kids":[
"zogNRrhsU",
"zobUzgvzB",
"zobBFACxf",
"zobseuGFP",
"zobpvxB9C",
"zob69gf40",
"zob5gi7tf"
],
"uid":"277551690",
"parent":"zoafszng9",
"text":"很有自信呢。",
"mid":"zob3R6cqR",
"date":"2013-03-19 17:58:29"
},
{
"kids":[],
"uid":"fengbec",
"parent":"",
"text":"",
"mid":"zob3zDPUR",
"date":"2013-03-19 17:57:48"
},
{
"kids":[],
"uid":"2189669357",
"parent":"",
"text":"",
"mid":"zob2BEuS6",
"date":"2013-03-19 17:55:25"
},
{
"kids":[],
"uid":"3225816323",
"parent":"",
"text":"领导没有一个不信这个的，当年毛与蒋互挖对方祖坟，可老毛早就把坟挪走了，蒋倒霉了",
"mid":"zoaZwsDnZ",
"date":"2013-03-19 17:47:47"
},
{
"kids":[],
"uid":"3173161907",
"parent":"",
"text":"种颗种子也可以",
"mid":"zoaZwsDmX",
"date":"2013-03-19 17:47:49"
},
{
"kids":[],
"uid":"2395219463",
"parent":"",
"text":"有发票吗？......",
"mid":"zoaZqiMzG",
"date":"2013-03-19 17:47:33"
},
{
"kids":[],
"uid":"2163516415",
"parent":"",
"text":"",
"mid":"zoaXZjppn",
"date":"2013-03-19 17:44:02"
},
{
"kids":[],
"uid":"2266823034",
"parent":"",
"text":"波旬子孙！！！",
"mid":"zoaXpB47q",
"date":"2013-03-19 17:42:37"
},
{
"kids":[],
"uid":"2489809795",
"parent":"",
"text":"",
"mid":"zoaXboam6",
"date":"2013-03-19 17:42:04"
},
{
"kids":[],
"uid":"2427281453",
"parent":"",
"text":"信奉马列主义是装出来的，是为了做官发财，一旦做了官就想着升官想着发财想着玩女人，马列主义早扔九霄云外去了，本来也不懂马列主义。",
"mid":"zoaVwg1r5",
"date":"2013-03-19 17:37:59"
},
{
"kids":[],
"uid":"1427100170",
"parent":"",
"text":"哈哈",
"mid":"zoaUu9MLX",
"date":"2013-03-19 17:35:26"
},
{
"kids":[],
"uid":"gzsuihao",
"parent":"",
"text":"拜马克思很麻烦，因为老马是外国人除了红酒牛排还要雪茄沙拉，没有拜东方神佛那么方便[哈哈]/@天华山鹰:转发微博",
"mid":"zoaU30Uma",
"date":"2013-03-19 17:34:18"
},
{
"kids":[],
"uid":"3hamw24",
"parent":"",
"text":"",
"mid":"zoaTC7goy",
"date":"2013-03-19 17:33:16"
},
{
"kids":[],
"uid":"1493418294",
"parent":"",
"text":"領導都皈依了？",
"mid":"zoaTnA3Sn",
"date":"2013-03-19 17:32:42"
},
{
"kids":[],
"uid":"2972484077",
"parent":"",
"text":"",
"mid":"zoaSMFFbN",
"date":"2013-03-19 17:31:12"
},
{
"kids":[
"zoSANyOBw",
"zoSANyOzT",
"zoLdtCg4C"
],
"uid":"lzhlulu",
"parent":"",
"text":"",
"mid":"zoaSukwSC",
"date":"2013-03-19 17:30:29"
},
{
"kids":[],
"uid":"405450758",
"parent":"",
"text":"",
"mid":"zoaS42saE",
"date":"2013-03-19 17:29:25"
},
{
"kids":[],
"uid":"2687549973",
"parent":"",
"text":"哈哈，做多了亏心事，多拜拜吧，希望别被查出来哦。",
"mid":"zoaRz0UkB",
"date":"2013-03-19 17:28:12"
},
{
"kids":[],
"uid":"1864473984",
"parent":"zoa6ExetM",
"text":"",
"mid":"zoaNqvjrk",
"date":"2013-03-19 17:18:02"
},
{
"kids":[],
"uid":"1794417293",
"parent":"",
"text":"",
"mid":"zoaMDs1Vp",
"date":"2013-03-19 17:16:05"
},
{
"kids":[],
"uid":"1001335453",
"parent":"",
"text":"这还是GCD员吗？",
"mid":"zoaM7fteu",
"date":"2013-03-19 17:14:48"
},
{
"kids":[
"zobxAlihI"
],
"uid":"TGSB",
"parent":"",
"text":"[怒]",
"mid":"zoaKt0JW5",
"date":"2013-03-19 17:10:44"
},
{
"kids":[],
"uid":"3257172915",
"parent":"",
"text":"",
"mid":"zoaJZd9Bp",
"date":"2013-03-19 17:09:33"
},
{
"kids":[],
"uid":"1259530013",
"parent":"",
"text":"",
"mid":"zoaJYhSIx",
"date":"2013-03-19 17:09:30"
},
{
"kids":[],
"uid":"2268330682",
"parent":"",
"text":"佛祖快快显灵，把如此虔诚的信徒带返极乐世界吧，别让他们再为了'喂人民服雾'大业鞠躬尽瘁了！",
"mid":"zoaJk8E4Z",
"date":"2013-03-19 17:07:55"
},
{
"kids":[],
"uid":"qqq1981411",
"parent":"",
"text":"先开光，后开苞。葵花在手，江山我有",
"mid":"zoaH7AlT2",
"date":"2013-03-19 17:02:30"
},
{
"kids":[],
"uid":"3178281490",
"parent":"",
"text":"",
"mid":"zoaGysire",
"date":"2013-03-19 17:01:05"
},
{
"kids":[],
"uid":"salonbus",
"parent":"zoaAFtF2W",
"text":"信仰是心理面的东西，烧头香只能算是交易",
"mid":"zoaEweW2Z",
"date":"2013-03-19 16:56:06"
},
{
"kids":[],
"uid":"3020732267",
"parent":"",
"text":"数字很吉祥[挖鼻屎]",
"mid":"zoaEpbzMA",
"date":"2013-03-19 16:55:48"
},
{
"kids":[],
"uid":"1010401157",
"parent":"",
"text":"",
"mid":"zoaCM7i9m",
"date":"2013-03-19 16:51:46"
},
{
"kids":[],
"uid":"303318091",
"parent":"",
"text":"",
"mid":"zoaCfyYeJ",
"date":"2013-03-19 16:50:29"
},
{
"kids":[],
"uid":"1986957765",
"parent":"",
"text":"",
"mid":"zoaBFx5C8",
"date":"2013-03-19 16:49:02"
},
{
"kids":[],
"uid":"1939158020",
"parent":"",
"text":"这图怎么看怎么是文不对题啊？？？求证！！",
"mid":"zoaBsyccH",
"date":"2013-03-19 16:48:33"
},
{
"kids":[
"zoaEweW2Z"
],
"uid":"bluejoe2000",
"parent":"zoabUpuYs",
"text":"我觉得烧烧香也好，有点信仰就不会缺德了",
"mid":"zoaAFtF2W",
"date":"2013-03-19 16:46:34"
},
{
"kids":[],
"uid":"3292035997",
"parent":"",
"text":"去他娘的！",
"mid":"zoazSsmom",
"date":"2013-03-19 16:44:39"
},
{
"kids":[],
"uid":"278180022",
"parent":"",
"text":"转发微博。",
"mid":"zoazPv1t9",
"date":"2013-03-19 16:44:32"
},
{
"kids":[],
"uid":"3292035997",
"parent":"",
"text":"我去！",
"mid":"zoazufaC7",
"date":"2013-03-19 16:43:41"
},
{
"kids":[],
"uid":"2189839292",
"parent":"",
"text":"",
"mid":"zoazeyvmi",
"date":"2013-03-19 16:43:04"
},
{
"kids":[],
"uid":"1484179615",
"parent":"",
"text":"",
"mid":"zoayusn7Y",
"date":"2013-03-19 16:41:12"
},
{
"kids":[],
"uid":"2478374452",
"parent":"",
"text":"地藏王菩萨辛苦了@中文台张婉",
"mid":"zoawHCJtJ",
"date":"2013-03-19 16:36:49"
},
{
"kids":[],
"uid":"2658170737",
"parent":"",
"text":"这尼玛是拍西游记吗？",
"mid":"zoau1Brde",
"date":"2013-03-19 16:30:14"
},
{
"kids":[],
"uid":"2072429122",
"parent":"",
"text":"",
"mid":"zoatYkhdy",
"date":"2013-03-19 16:30:06"
},
{
"kids":[],
"uid":"2913266115",
"parent":"",
"text":"",
"mid":"zoated6Cw",
"date":"2013-03-19 16:28:15"
},
{
"kids":[],
"uid":"2151420875",
"parent":"",
"text":"什么时候？",
"mid":"zoasX60s0",
"date":"2013-03-19 16:27:35"
},
{
"kids":[],
"uid":"2493094291",
"parent":"",
"text":"",
"mid":"zoarOsc4R",
"date":"2013-03-19 16:24:45"
},
{
"kids":[
"zoc9iktIl"
],
"uid":"1674966952",
"parent":"zoans4Dv1",
"text":"[吃惊]",
"mid":"zoaraynxw",
"date":"2013-03-19 16:23:12"
},
{
"kids":[],
"uid":"2027854984",
"parent":"",
"text":"",
"mid":"zoar7CgLt",
"date":"2013-03-19 16:23:05"
},
{
"kids":[],
"uid":"2690258930",
"parent":"",
"text":"尼玛，PM2.5就是被这么烧出来的",
"mid":"zoaqlr15A",
"date":"2013-03-19 16:21:08"
},
{
"kids":[],
"uid":"2607766100",
"parent":"",
"text":"共产党不是无神论的吗？怎么？？？",
"mid":"zoaoQn5UL",
"date":"2013-03-19 16:17:28"
},
{
"kids":[],
"uid":"1896318847",
"parent":"",
"text":"",
"mid":"zoaohtBfg",
"date":"2013-03-19 16:16:05"
},
{
"kids":[],
"uid":"2128842351",
"parent":"",
"text":"",
"mid":"zoanICwXa",
"date":"2013-03-19 16:14:42"
},
{
"kids":[],
"uid":"1277050082",
"parent":"",
"text":"佛祖你要小心啊",
"mid":"zoansmeNl",
"date":"2013-03-19 16:14:03"
},
{
"kids":[
"zoaraynxw"
],
"uid":"feelinsun",
"parent":"",
"text":"",
"mid":"zoans4Dv1",
"date":"2013-03-19 16:14:02"
},
{
"kids":[],
"uid":"1655442642",
"parent":"",
"text":"他们为什么不信马克思列宁[怒]",
"mid":"zoanohZdX",
"date":"2013-03-19 16:13:53"
},
{
"kids":[],
"uid":"1222588021",
"parent":"",
"text":"败家子怎知道马列？拜鬼神保自己，他们不过是一群丑陋不堪的邪恶之徒",
"mid":"zoanmvuQq",
"date":"2013-03-19 16:13:48"
},
{
"kids":[],
"uid":"3257585674",
"parent":"",
"text":"啊啊啊",
"mid":"zoand1CbO",
"date":"2013-03-19 16:13:26"
},
{
"kids":[],
"uid":"1891043254",
"parent":"",
"text":"",
"mid":"zoan80cE9",
"date":"2013-03-19 16:13:12"
},
{
"kids":[],
"uid":"3158631362",
"parent":"",
"text":"",
"mid":"zoamJseGv",
"date":"2013-03-19 16:12:16"
},
{
"kids":[],
"uid":"3177970210",
"parent":"",
"text":"佛祖 超度他们吧",
"mid":"zoamCpm82",
"date":"2013-03-19 16:11:58"
},
{
"kids":[
"zocaudDVu"
],
"uid":"2398237295",
"parent":"",
"text":"现在想升官都去求佛祖了。看了马列，老毛那一套真的过时了。",
"mid":"zoamyyM3X",
"date":"2013-03-19 16:11:50"
},
{
"kids":[],
"uid":"2644048650",
"parent":"",
"text":"愿佛祖保佑花人民血汗钱的官员领导干部早登西天极乐世界！人民不需要它们服务！",
"mid":"zoamu6p4A",
"date":"2013-03-19 16:11:38"
},
{
"kids":[],
"uid":"2795061252",
"parent":"",
"text":"是现任市长吗？",
"mid":"zoam8vSs1",
"date":"2013-03-19 16:10:47"
},
{
"kids":[],
"uid":"dvyang",
"parent":"",
"text":"",
"mid":"zoam7CDwG",
"date":"2013-03-19 16:10:46"
},
{
"kids":[],
"uid":"abc13925555524",
"parent":"",
"text":"[怒][怒][怒][怒]公费烧香？泥马高僧开光值得88888",
"mid":"zoalmpfPk",
"date":"2013-03-19 16:08:53"
},
{
"kids":[],
"uid":"2302324492",
"parent":"",
"text":"",
"mid":"zoalj6VXi",
"date":"2013-03-19 16:08:45"
},
{
"kids":[],
"uid":"1580383671",
"parent":"",
"text":"是不是党员，信仰出了问题。",
"mid":"zoakO8ufH",
"date":"2013-03-19 16:07:30"
},
{
"kids":[],
"uid":"1887697785",
"parent":"",
"text":"",
"mid":"zoakH2wWT",
"date":"2013-03-19 16:07:13"
},
{
"kids":[],
"uid":"2353597263",
"parent":"",
"text":"",
"mid":"zoakEEoJ9",
"date":"2013-03-19 16:07:08"
},
{
"kids":[],
"uid":"1008458515",
"parent":"",
"text":"都是些奇葩！",
"mid":"zoaku0OdF",
"date":"2013-03-19 16:06:43"
},
{
"kids":[],
"uid":"enochleo",
"parent":"",
"text":"不虔诚~两面派！",
"mid":"zoaknbHLH",
"date":"2013-03-19 16:06:28"
},
{
"kids":[],
"uid":"1767994150",
"parent":"",
"text":"",
"mid":"zoakjog6A",
"date":"2013-03-19 16:06:17"
},
{
"kids":[],
"uid":"2552389507",
"parent":"",
"text":"天下独此一闻",
"mid":"zoak41WJg",
"date":"2013-03-19 16:05:40"
},
{
"kids":[],
"uid":"1250906455",
"parent":"",
"text":"佛祖如果真保佑这些垃圾，那说明佛教是贪官和罪犯的宗教。",
"mid":"zoak11YXj",
"date":"2013-03-19 16:05:33"
},
{
"kids":[],
"uid":"lafayete",
"parent":"",
"text":"它们是党员吗?",
"mid":"zoak0qlan",
"date":"2013-03-19 16:05:31"
},
{
"kids":[],
"uid":"2146864745",
"parent":"zoafVfazp",
"text":"我看要火！",
"mid":"zoajRAXrb",
"date":"2013-03-19 16:05:10"
},
{
"kids":[],
"uid":"2276064627",
"parent":"",
"text":"",
"mid":"zoajmghce",
"date":"2013-03-19 16:03:57"
},
{
"kids":[],
"uid":"1260378861",
"parent":"",
"text":"每每开人人都是歌舞升平 吃喝玩乐，打开微博就是民生疾苦 天怒人怨",
"mid":"zoaiOzYWd",
"date":"2013-03-19 16:02:36"
},
{
"kids":[],
"uid":"2400340161",
"parent":"",
"text":"",
"mid":"zoaiCcVdx",
"date":"2013-03-19 16:02:08"
},
{
"kids":[],
"uid":"talkbao",
"parent":"",
"text":"",
"mid":"zoaixqqlZ",
"date":"2013-03-19 16:01:56"
},
{
"kids":[],
"uid":"1108598061",
"parent":"zoafeD15B",
"text":"",
"mid":"zoahWdGxm",
"date":"2013-03-19 16:00:27"
},
{
"kids":[],
"uid":"2794807253",
"parent":"",
"text":"如来快收了他们",
"mid":"zoahox2uz",
"date":"2013-03-19 15:59:05"
},
{
"kids":[],
"uid":"2740883495",
"parent":"",
"text":"",
"mid":"zoah1co6d",
"date":"2013-03-19 15:58:11"
},
{
"kids":[],
"uid":"2102121341",
"parent":"",
"text":"",
"mid":"zoagx3eIe",
"date":"2013-03-19 15:56:59"
},
{
"kids":[],
"uid":"2279149530",
"parent":"",
"text":"",
"mid":"zoaghm9eg",
"date":"2013-03-19 15:56:22"
},
{
"kids":[
"zoajRAXrb"
],
"uid":"1883242293",
"parent":"",
"text":"图片好有亮点啊……",
"mid":"zoafVfazp",
"date":"2013-03-19 15:55:28"
},
{
"kids":[],
"uid":"shanghaicaojun",
"parent":"",
"text":"信仰很纯啊[哈哈]",
"mid":"zoafyu2Yc",
"date":"2013-03-19 15:54:33"
},
{
"kids":[
"zob3R6cqR"
],
"uid":"1005223987",
"parent":"",
"text":"",
"mid":"zoafszng9",
"date":"2013-03-19 15:54:21"
},
{
"kids":[],
"uid":"3216916632",
"parent":"",
"text":"",
"mid":"zoafndoux",
"date":"2013-03-19 15:54:08"
},
{
"kids":[
"zoahWdGxm"
],
"uid":"3177635907",
"parent":"",
"text":"不光是包升官发财，还有的是做了缺德事，祈求佛祖保佑以免丢官入狱。",
"mid":"zoafeD15B",
"date":"2013-03-19 15:53:48"
},
{
"kids":[],
"uid":"2278318837",
"parent":"",
"text":"",
"mid":"zoaf7fVeL",
"date":"2013-03-19 15:53:30"
},
{
"kids":[],
"uid":"2931905005",
"parent":"",
"text":"",
"mid":"zoaeE4zB7",
"date":"2013-03-19 15:52:18"
},
{
"kids":[],
"uid":"2010627382",
"parent":"",
"text":"",
"mid":"zoaet8t2V",
"date":"2013-03-19 15:51:54"
},
{
"kids":[],
"uid":"3154542735",
"parent":"",
"text":"领导们令我相信:世界之大，无奇不有！但同时我也纳闷:领导怎么不信马列改信佛了呢？不知此行为该作何解释？",
"mid":"zoadSazli",
"date":"2013-03-19 15:50:26"
},
{
"kids":[],
"uid":"ksgsxtph",
"parent":"",
"text":"人神共愤",
"mid":"zoado0VKe",
"date":"2013-03-19 15:49:14"
},
{
"kids":[],
"uid":"panjiangqin",
"parent":"",
"text":"一人抱着个大JJ怎么不舔呐？舔吧，舔了就能升官！",
"mid":"zoacOhrut",
"date":"2013-03-19 15:47:50"
},
{
"kids":[],
"uid":"1451840230",
"parent":"",
"text":"",
"mid":"zoacExyR3",
"date":"2013-03-19 15:47:25"
},
{
"kids":[],
"uid":"1199018920",
"parent":"",
"text":"",
"mid":"zoaca5mWc",
"date":"2013-03-19 15:46:13"
},
{
"kids":[
"zocbPt6eY",
"zoaAFtF2W"
],
"uid":"laocun",
"parent":"",
"text":"牛国式的社会主义。",
"mid":"zoabUpuYs",
"date":"2013-03-19 15:45:36"
},
{
"kids":[],
"uid":"2288790370",
"parent":"",
"text":"",
"mid":"zoaaRnyeB",
"date":"2013-03-19 15:42:59"
},
{
"kids":[],
"uid":"3121862662",
"parent":"",
"text":"",
"mid":"zoaaFjgNQ",
"date":"2013-03-19 15:42:31"
},
{
"kids":[],
"uid":"84964899",
"parent":"zoa79ud12",
"text":"",
"mid":"zoaaaeWv9",
"date":"2013-03-19 15:41:17"
},
{
"kids":[],
"uid":"1708114085",
"parent":"",
"text":"转发微博。",
"mid":"zoaa8whAN",
"date":"2013-03-19 15:41:13"
},
{
"kids":[],
"uid":"3256124830",
"parent":"",
"text":"",
"mid":"zoaa4D7o6",
"date":"2013-03-19 15:41:05"
},
{
"kids":[],
"uid":"2733786984",
"parent":"",
"text":"",
"mid":"zoa9FuQo0",
"date":"2013-03-19 15:40:05"
},
{
"kids":[],
"uid":"2821293074",
"parent":"",
"text":"",
"mid":"zoa9w61xX",
"date":"2013-03-19 15:39:42"
},
{
"kids":[],
"uid":"tianshanbingsou",
"parent":"",
"text":"佛祖保佑他们吧……",
"mid":"zoa9qafhS",
"date":"2013-03-19 15:39:28"
},
{
"kids":[],
"uid":"3169482513",
"parent":"zoa92e2wR",
"text":"",
"mid":"zoa9mm4Sp",
"date":"2013-03-19 15:39:18"
},
{
"kids":[],
"uid":"2705429491",
"parent":"",
"text":"真以为贿赂佛祖会有用？这帮不学无术的王八",
"mid":"zoa9fvMIh",
"date":"2013-03-19 15:39:02"
},
{
"kids":[],
"uid":"1913215831",
"parent":"",
"text":"当官的去请佛祖保佑，笑死我了。[怒]",
"mid":"zoa9b4N0l",
"date":"2013-03-19 15:38:50"
},
{
"kids":[],
"uid":"2874495165",
"parent":"",
"text":"",
"mid":"zoa99Cb2B",
"date":"2013-03-19 15:38:47"
},
{
"kids":[
"zoa9mm4Sp"
],
"uid":"2284050362",
"parent":"",
"text":"太原的领导争强",
"mid":"zoa92e2wR",
"date":"2013-03-19 15:38:29"
},
{
"kids":[],
"uid":"1690189427",
"parent":"",
"text":"这样的信法也不想想能灵验吗，信佛的虔诚做法是守戒，目的不是为了升官发财而是要普世济人",
"mid":"zoa8xvWvA",
"date":"2013-03-19 15:37:18"
},
{
"kids":[],
"uid":"1897905620",
"parent":"",
"text":"@胶东县令 @丰乳肥臀v",
"mid":"zoa8wiYug",
"date":"2013-03-19 15:37:13"
},
{
"kids":[],
"uid":"1361850804",
"parent":"",
"text":"信仰可以，烧香费用应该调查。希望是自己掏的腰包。如果公费报销，不会写买马列著作吧",
"mid":"zoa8r05OB",
"date":"2013-03-19 15:37:02"
},
{
"kids":[],
"uid":"1787507394",
"parent":"",
"text":"[汗]",
"mid":"zoa8q6QLN",
"date":"2013-03-19 15:37:00"
},
{
"kids":[],
"uid":"meinvgaga",
"parent":"",
"text":"火速转发！[怒]",
"mid":"zoa8pv53c",
"date":"2013-03-19 15:36:59"
},
{
"kids":[],
"uid":"xiangxiangqq22",
"parent":"",
"text":"转发微博。",
"mid":"zoa8onCnf",
"date":"2013-03-19 15:36:56"
},
{
"kids":[],
"uid":"1458748722",
"parent":"",
"text":"这才是它们信奉的主义！香火钱谁埋的单？",
"mid":"zoa81kyN7",
"date":"2013-03-19 15:36:01"
},
{
"kids":[],
"uid":"2367026632",
"parent":"",
"text":"[哈哈][哈哈][哈哈]荒唐",
"mid":"zoa7WAJsz",
"date":"2013-03-19 15:35:50"
},
{
"kids":[],
"uid":"2981038254",
"parent":"zoa76iliU",
"text":"",
"mid":"zoa7Resmg",
"date":"2013-03-19 15:35:37"
},
{
"kids":[],
"uid":"zhanggangyang",
"parent":"",
"text":"心里默念的是升官发财保平安还是升官发财保平安呢？",
"mid":"zoa7KabZh",
"date":"2013-03-19 15:35:20"
},
{
"kids":[],
"uid":"2175829433",
"parent":"",
"text":"除非佛也只知道收黑钱",
"mid":"zoa7Dmixd",
"date":"2013-03-19 15:35:03"
},
{
"kids":[],
"uid":"2362412322",
"parent":"",
"text":"[吃驚]唉！！！！！！！！！！",
"mid":"zoa7w18eH",
"date":"2013-03-19 15:34:45"
},
{
"kids":[
"zoaaaeWv9"
],
"uid":"nanyangaobenxiaoyang",
"parent":"",
"text":"这应该是真的",
"mid":"zoa79ud12",
"date":"2013-03-19 15:33:51"
},
{
"kids":[
"zoa7Resmg"
],
"uid":"3137202665",
"parent":"",
"text":"",
"mid":"zoa76iliU",
"date":"2013-03-19 15:33:45"
},
{
"kids":[],
"uid":"1361850804",
"parent":"",
"text":"",
"mid":"zoa75m2EC",
"date":"2013-03-19 15:33:43"
},
{
"kids":[
"zoVNRFuUy",
"zoVNRnTIZ",
"zoP1XlCVD",
"zoP1X2UXB",
"zodntqN2M"
],
"uid":"2212385940",
"parent":"",
"text":"[鄙视]",
"mid":"zoa6Zb1od",
"date":"2013-03-19 15:33:27"
},
{
"kids":[],
"uid":"2285718524",
"parent":"zoa6ExetM",
"text":"",
"mid":"zoa6Ygy6J",
"date":"2013-03-19 15:33:25"
},
{
"kids":[],
"uid":"2474884733",
"parent":"",
"text":"",
"mid":"zoa6U9C1L",
"date":"2013-03-19 15:33:17"
},
{
"kids":[],
"uid":"2255629443",
"parent":"",
"text":"据传一位已出事的官员，一次算命就花了200万元",
"mid":"zoa6TwJTA",
"date":"2013-03-19 15:33:13"
},
{
"kids":[],
"uid":"situchh",
"parent":"",
"text":"",
"mid":"zoa6MstBw",
"date":"2013-03-19 15:32:58"
},
{
"kids":[
"zoaNqvjrk",
"zoa6Ygy6J"
],
"uid":"1728533801",
"parent":"",
"text":"[笑哈哈][笑哈哈]",
"mid":"zoa6ExetM",
"date":"2013-03-19 15:32:37"
},
{
"kids":[],
"uid":"2593286884",
"parent":"",
"text":"",
"mid":"zoa6qhwv0",
"date":"2013-03-19 15:32:04"
},
{
"kids":[],
"uid":"3149359555",
"parent":"",
"text":"",
"mid":"zoa6lAr9M",
"date":"2013-03-19 15:31:55"
},
{
"kids":[],
"uid":"3174535082",
"parent":"",
"text":"真假？求真相，建议中组部就地免职，",
"mid":"zoa6jdgmq",
"date":"2013-03-19 15:31:48"
},
{
"kids":[],
"uid":"huhuxia",
"parent":"",
"text":"一群要解放全人类的“无神论”者",
"mid":"zoa6i2q6U",
"date":"2013-03-19 15:31:45"
},
{
"kids":[],
"uid":"3198063864",
"parent":"",
"text":"和尚都娶小三生子了，这事就不稀罕了。",
"mid":"zoa64pp3H",
"date":"2013-03-19 15:31:14"
},
{
"kids":[],
"uid":"1393539803",
"parent":"",
"text":"当官能发财，财哪来？",
"mid":"zoa647NQu",
"date":"2013-03-19 15:31:11"
},
{
"kids":[],
"uid":"535358556",
"parent":"",
"text":"",
"mid":"zoa62mygK",
"date":"2013-03-19 15:31:06"
},
{
"kids":[],
"uid":"3178534302",
"parent":"",
"text":"我看你快了。要显灵的不是和尚也不是老道，你摊上事了。",
"mid":"zoa5Z6oot",
"date":"2013-03-19 15:30:59"
},
{
"kids":[],
"uid":"1418737457",
"parent":"",
"text":"大家一起来发财",
"mid":"zoa5RqusU",
"date":"2013-03-19 15:30:40"
},
{
"kids":[],
"uid":"1991284435",
"parent":"",
"text":"他们不都应该是无神论者 坚定的唯物主义信道者嘛？",
"mid":"zoa5GcPpx",
"date":"2013-03-19 15:30:14"
},
{
"kids":[],
"uid":"2476470687",
"parent":"",
"text":"我只想说f  u   c  k",
"mid":"zoa5tbrZp",
"date":"2013-03-19 15:29:45"
}
]