[
{
"kids":[],
"uid":"roxyclover",
"parent":"",
"text":"",
"mid":"ADwaB5EtB",
"date":"2014-03-31 14:01:39"
},
{
"kids":[],
"uid":"9420zn",
"parent":"",
"text":"我觉得明天的头条会变成#周一文章同学体#“时至今日，，，，，，”",
"mid":"ADw6PnxYF",
"date":"2014-03-31 13:52:21"
},
{
"kids":[],
"uid":"1712807352",
"parent":"",
"text":"",
"mid":"AEpx8iWjb",
"date":"2014-04-06 10:58:15"
},
{
"kids":[],
"uid":"gjw52",
"parent":"",
"text":"",
"mid":"ADSuNb3KZ",
"date":"2014-04-02 22:51:49"
},
{
"kids":[],
"uid":"1891074810",
"parent":"",
"text":"道歉虽易，出轨不易，且出且珍惜[哈哈]",
"mid":"ADEbI73oO",
"date":"2014-04-01 10:26:22"
},
{
"kids":[],
"uid":"2006075485",
"parent":"ADwaB5EtB",
"text":"认错模板。。。。。。。。",
"mid":"ADE1Itayw",
"date":"2014-04-01 10:01:45"
},
{
"kids":[],
"uid":"1354927231",
"parent":"ADwe794Jf",
"text":"",
"mid":"ADBhsku7a",
"date":"2014-04-01 03:02:17"
},
{
"kids":[],
"uid":"Ilovevcvision",
"parent":"ADwvo40mp",
"text":"",
"mid":"ADA8X4gY1",
"date":"2014-04-01 00:08:35"
},
{
"kids":[],
"uid":"2062295841",
"parent":"",
"text":"@樗蒲 @huanglilian @画画画彩云 居然还有举报",
"mid":"ADzXIkiji",
"date":"2014-03-31 23:40:53"
},
{
"kids":[],
"uid":"2799798701",
"parent":"ADxLKdYek",
"text":"呵呵。。。-_-||",
"mid":"ADzNZwsT9",
"date":"2014-03-31 23:16:57"
},
{
"kids":[],
"uid":"2424806647",
"parent":"",
"text":"",
"mid":"ADzHLjxLR",
"date":"2014-03-31 23:01:35"
},
{
"kids":[],
"uid":"1860918024",
"parent":"",
"text":"",
"mid":"ADzq00YaW",
"date":"2014-03-31 22:17:49"
},
{
"kids":[],
"uid":"3068789782",
"parent":"ADwHpio7y",
"text":"难道是愚人节快乐？[挖鼻屎]",
"mid":"ADyNrrIoG",
"date":"2014-03-31 20:42:51"
},
{
"kids":[],
"uid":"1574503692",
"parent":"ADwhF1wAI",
"text":"原来[雷锋]",
"mid":"ADyMXjuOC",
"date":"2014-03-31 20:41:39"
},
{
"kids":[],
"uid":"3807493797",
"parent":"ADwi01CgJ",
"text":"",
"mid":"ADyJq523g",
"date":"2014-03-31 20:32:56"
},
{
"kids":[],
"uid":"2324556021",
"parent":"",
"text":"",
"mid":"ADyiDopsz",
"date":"2014-03-31 19:26:57"
},
{
"kids":[],
"uid":"aikidoshudojuku",
"parent":"ADwZVez3k",
"text":"你们都会错意了，这是一个小流氓在向他崇敬的老流氓致敬。",
"mid":"ADy8QscsP",
"date":"2014-03-31 19:02:49"
},
{
"kids":[],
"uid":"2684823581",
"parent":"ADwWfsp0u",
"text":"一个没怎么玩过的和一个玩够了要安定下来的在一起了，作死的节奏就是没玩够的继续玩儿〜此圈甚乱，荧屏只是荧屏而已（嗯，一部都没看过的说）。私生活什么的没兴趣围观[挖鼻屎][挖鼻屎]妥妥被刷屏了[困死了][困死了]",
"mid":"ADy6DDwox",
"date":"2014-03-31 18:57:24"
},
{
"kids":[],
"uid":"1646647604",
"parent":"",
"text":"",
"mid":"ADxX3qmVu",
"date":"2014-03-31 18:33:47"
},
{
"kids":[],
"uid":"2069610623",
"parent":"ADwaB5EtB",
"text":"",
"mid":"ADxQI64yD",
"date":"2014-03-31 18:18:07"
},
{
"kids":[],
"uid":"1103927570",
"parent":"",
"text":"",
"mid":"ADxOzpx4J",
"date":"2014-03-31 18:12:53"
},
{
"kids":[],
"uid":"wangtianyii250",
"parent":"ADwes8197",
"text":"",
"mid":"ADxOpmFro",
"date":"2014-03-31 18:12:29"
},
{
"kids":[
"ADzNZwsT9"
],
"uid":"1989koalatao",
"parent":"ADxqDrM6i",
"text":"无耻",
"mid":"ADxLKdYek",
"date":"2014-03-31 18:05:55"
},
{
"kids":[],
"uid":"3279643071",
"parent":"",
"text":"",
"mid":"ADxFODwaz",
"date":"2014-03-31 17:51:19"
},
{
"kids":[],
"uid":"2188405947",
"parent":"",
"text":"辣爷果然犀利 话说 不喜欢文章这种人",
"mid":"ADxyko4y4",
"date":"2014-03-31 17:32:52"
},
{
"kids":[],
"uid":"2833208510",
"parent":"",
"text":"",
"mid":"ADxwUl6cx",
"date":"2014-03-31 17:29:22"
},
{
"kids":[
"ADzNZwsT9",
"ADxLKdYek"
],
"uid":"tymihu327",
"parent":"",
"text":"真够可以的",
"mid":"ADxqDrM6i",
"date":"2014-03-31 17:13:55"
},
{
"kids":[],
"uid":"aisfon",
"parent":"ADw4eFmEQ",
"text":"",
"mid":"ADxoVEQy0",
"date":"2014-03-31 17:09:42"
},
{
"kids":[],
"uid":"1906061685",
"parent":"ADw5PkJgA",
"text":"",
"mid":"ADxmNzP7R",
"date":"2014-03-31 17:04:28"
},
{
"kids":[],
"uid":"2992832712",
"parent":"",
"text":"",
"mid":"ADxlSxzDz",
"date":"2014-03-31 17:02:12"
},
{
"kids":[],
"uid":"2062766887",
"parent":"ADwhDvlGr",
"text":"这是今天最大的笑话！",
"mid":"ADxirhgh6",
"date":"2014-03-31 16:53:43"
},
{
"kids":[],
"uid":"3155259440",
"parent":"ADwwFv5vX",
"text":"贱死算了，这个王八蛋",
"mid":"ADxibjEpX",
"date":"2014-03-31 16:53:05"
},
{
"kids":[],
"uid":"wlrobbie",
"parent":"",
"text":"",
"mid":"ADxg6cIPI",
"date":"2014-03-31 16:47:57"
},
{
"kids":[],
"uid":"131404089",
"parent":"ADx7psEO5",
"text":"原来是造谣的…",
"mid":"ADxdd82bo",
"date":"2014-03-31 16:40:50"
},
{
"kids":[],
"uid":"1961061981",
"parent":"ADwvo40mp",
"text":"",
"mid":"ADxaDvHWF",
"date":"2014-03-31 16:34:30"
},
{
"kids":[],
"uid":"3810802247",
"parent":"ADwXNaGfh",
"text":"@文章同學 你不觉得你这样很没诚意吗？公开声明也用抄的！！！",
"mid":"ADxa3t7jL",
"date":"2014-03-31 16:33:04"
},
{
"kids":[],
"uid":"2453823424",
"parent":"ADx7psEO5",
"text":"真贱~",
"mid":"ADx8QavCF",
"date":"2014-03-31 16:30:03"
},
{
"kids":[
"ADxdd82bo",
"ADx8QavCF"
],
"uid":"weiweiwei77",
"parent":"ADwympP6D",
"text":"好吧，我错了~助纣为虐了，真是造谣成本低。话说回来，突然感觉字越少的道歉好像越真诚",
"mid":"ADx7psEO5",
"date":"2014-03-31 16:26:33"
},
{
"kids":[],
"uid":"1772143667",
"parent":"ADwbKiPVC",
"text":"[疑问]",
"mid":"ADx6Flvt4",
"date":"2014-03-31 16:24:43"
},
{
"kids":[],
"uid":"weichang722182",
"parent":"ADwaB5EtB",
"text":"卧槽！",
"mid":"ADx5btaV6",
"date":"2014-03-31 16:21:04"
},
{
"kids":[],
"uid":"1829073973",
"parent":"",
"text":"[哼]",
"mid":"ADx4YsZoT",
"date":"2014-03-31 16:20:33"
},
{
"kids":[],
"uid":"jordanxing",
"parent":"ADw5PkJgA",
"text":"点赞",
"mid":"ADx4Ybo48",
"date":"2014-03-31 16:20:32"
},
{
"kids":[],
"uid":"1029559572",
"parent":"",
"text":"哈哈哈~天哪!大家都太有才啦!",
"mid":"ADx340T4p",
"date":"2014-03-31 16:15:50"
},
{
"kids":[],
"uid":"1767815315",
"parent":"",
"text":"文章到最后还是没有学会做人的道理。。。",
"mid":"ADx2EwCKe",
"date":"2014-03-31 16:14:49"
},
{
"kids":[],
"uid":"2166877042",
"parent":"",
"text":"人心啊",
"mid":"ADx1rfluj",
"date":"2014-03-31 16:11:49"
},
{
"kids":[],
"uid":"2835730942",
"parent":"ADwqpfiPl",
"text":"连道歉都那么没诚意，还弥补，净身出户吗？",
"mid":"ADx1owuVS",
"date":"2014-03-31 16:11:44"
},
{
"kids":[],
"uid":"novaemma",
"parent":"",
"text":"哈哈！",
"mid":"ADx07oPXH",
"date":"2014-03-31 16:08:35"
},
{
"kids":[
"ADy8QscsP"
],
"uid":"loyntar45",
"parent":"ADw5PkJgA",
"text":"保不齐是找的同一个淘宝写手……@Realbang 你怎么看",
"mid":"ADwZVez3k",
"date":"2014-03-31 16:08:06"
},
{
"kids":[
"ADxa3t7jL"
],
"uid":"3223076867",
"parent":"",
"text":"靠",
"mid":"ADwXNaGfh",
"date":"2014-03-31 16:02:51"
},
{
"kids":[],
"uid":"aspirin1225",
"parent":"",
"text":"抄的同一篇作文[拜拜]",
"mid":"ADwWJy36A",
"date":"2014-03-31 16:00:15"
},
{
"kids":[
"ADy6DDwox"
],
"uid":"1705910245",
"parent":"",
"text":"[眼泪][眼泪][眼泪]原博转发过500了这是作死么蠢",
"mid":"ADwWfsp0u",
"date":"2014-03-31 15:59:03"
},
{
"kids":[],
"uid":"1607076730",
"parent":"",
"text":"",
"mid":"ADwVXpeiK",
"date":"2014-03-31 15:58:20"
},
{
"kids":[],
"uid":"pphuw",
"parent":"",
"text":"",
"mid":"ADwVxq8sb",
"date":"2014-03-31 15:57:17"
},
{
"kids":[],
"uid":"1747754867",
"parent":"ADwaB5EtB",
"text":"哈哈哈哈哈这个戳到笑点",
"mid":"ADwUTe6cG",
"date":"2014-03-31 15:55:42"
},
{
"kids":[],
"uid":"2307757091",
"parent":"",
"text":"",
"mid":"ADwU9oMcW",
"date":"2014-03-31 15:53:53"
},
{
"kids":[],
"uid":"2748995777",
"parent":"ADwNiuaxb",
"text":"原来是模板....[汗]",
"mid":"ADwTj6r4w",
"date":"2014-03-31 15:51:48"
},
{
"kids":[],
"uid":"marisol0409",
"parent":"",
"text":"我汗[汗][汗]狂汗中。。。。",
"mid":"ADwSj7W8q",
"date":"2014-03-31 15:49:20"
},
{
"kids":[],
"uid":"leafandflower",
"parent":"",
"text":"替这辣酱博主故意造谣转500次 给你丫关起来",
"mid":"ADwS7eCVx",
"date":"2014-03-31 15:48:52"
},
{
"kids":[],
"uid":"3284662445",
"parent":"",
"text":"太坑爹[愤怒]",
"mid":"ADwQyz7Zq",
"date":"2014-03-31 15:45:02"
},
{
"kids":[],
"uid":"2293991701",
"parent":"",
"text":"天下文章一大抄，抄来抄去谁最高呢 哇哈哈[哈哈]",
"mid":"ADwQ3gP5T",
"date":"2014-03-31 15:43:47"
},
{
"kids":[],
"uid":"1774111112",
"parent":"ADwALD9jw",
"text":"不带这样的啊",
"mid":"ADwPjbT3p",
"date":"2014-03-31 15:41:57"
},
{
"kids":[],
"uid":"1646891537",
"parent":"ADwvbDN7r",
"text":"这样都能抄，文先生的文笔是差到了哪种地步，连道歉的声明都要用抄的！好吧，就算要抄也稍稍有点水平呀！你语文水平这么差，你语文老师造吗？",
"mid":"ADwONgQnS",
"date":"2014-03-31 15:40:40"
},
{
"kids":[],
"uid":"1939110571",
"parent":"",
"text":"",
"mid":"ADwOdwhZG",
"date":"2014-03-31 15:39:16"
},
{
"kids":[],
"uid":"2010878301",
"parent":"",
"text":"",
"mid":"ADwO4C4Gm",
"date":"2014-03-31 15:38:55"
},
{
"kids":[],
"uid":"zhangjjgoooo",
"parent":"ADwBWBPh8",
"text":"傻逼了吧",
"mid":"ADwO2gnOu",
"date":"2014-03-31 15:38:49"
},
{
"kids":[],
"uid":"1895412763",
"parent":"",
"text":"",
"mid":"ADwNMBCll",
"date":"2014-03-31 15:38:12"
},
{
"kids":[
"ADwTj6r4w"
],
"uid":"2748995777",
"parent":"ADwf58zCi",
"text":"果然是代笔！",
"mid":"ADwNiuaxb",
"date":"2014-03-31 15:37:00"
},
{
"kids":[],
"uid":"powerhai",
"parent":"",
"text":"高晓松还是有文化！",
"mid":"ADwMMxYUd",
"date":"2014-03-31 15:35:44"
},
{
"kids":[],
"uid":"lorazepam",
"parent":"",
"text":"@Gwen小白",
"mid":"ADwKoyY1c",
"date":"2014-03-31 15:29:51"
},
{
"kids":[],
"uid":"2306542615",
"parent":"ADw8T1e5K",
"text":"好好玩 有木有，，，",
"mid":"ADwKje8rT",
"date":"2014-03-31 15:29:38"
},
{
"kids":[],
"uid":"1807352644",
"parent":"ADwaB5EtB",
"text":"",
"mid":"ADwJxmjEv",
"date":"2014-03-31 15:27:44"
},
{
"kids":[],
"uid":"2265010325",
"parent":"ADwcFlvWx",
"text":"网友们太费心了.......",
"mid":"ADwINvy1J",
"date":"2014-03-31 15:25:55"
},
{
"kids":[],
"uid":"3202307917",
"parent":"",
"text":"",
"mid":"ADwHR5qkE",
"date":"2014-03-31 15:23:35"
},
{
"kids":[
"ADyNrrIoG"
],
"uid":"2482525327",
"parent":"",
"text":"这，还让不让他活",
"mid":"ADwHpio7y",
"date":"2014-03-31 15:22:29"
},
{
"kids":[],
"uid":"2219119180",
"parent":"",
"text":"",
"mid":"ADwH0sI3Y",
"date":"2014-03-31 15:21:30"
},
{
"kids":[],
"uid":"678819319",
"parent":"",
"text":"哎，没责任心就算了嘛，还这么没文化",
"mid":"ADwGOFbGV",
"date":"2014-03-31 15:21:00"
},
{
"kids":[],
"uid":"206512354",
"parent":"ADwbFz0Zy",
"text":"啧啧",
"mid":"ADwFFFMq3",
"date":"2014-03-31 15:18:13"
},
{
"kids":[],
"uid":"1890741497",
"parent":"ADwwuxLEP",
"text":"这群人都有病吧，把微博上的客官们当猴耍呢，同志们，且刷且珍惜。。。全特么不是省油的灯[许愿]",
"mid":"ADwFyBrNi",
"date":"2014-03-31 15:17:56"
},
{
"kids":[],
"uid":"volimtew",
"parent":"ADwBlmvi5",
"text":"这是传说中的模板吗………",
"mid":"ADwFdkTSE",
"date":"2014-03-31 15:17:05"
},
{
"kids":[],
"uid":"1912672735",
"parent":"",
"text":"也能抄袭[怒]",
"mid":"ADwF0mR2F",
"date":"2014-03-31 15:16:34"
},
{
"kids":[],
"uid":"2829080964",
"parent":"",
"text":"囧",
"mid":"ADwEThhZr",
"date":"2014-03-31 15:16:16"
},
{
"kids":[],
"uid":"1738844591",
"parent":"",
"text":"道歉信也抄袭呀？@王小呆啊",
"mid":"ADwEkDdB7",
"date":"2014-03-31 15:14:55"
},
{
"kids":[],
"uid":"3724840401",
"parent":"ADw8MfDLo",
"text":"",
"mid":"ADwDPmGPL",
"date":"2014-03-31 15:13:40"
},
{
"kids":[],
"uid":"chinaasshole",
"parent":"ADwtJbP6e",
"text":"谣言嗷原来是交警写的",
"mid":"ADwDP5Wnp",
"date":"2014-03-31 15:13:39"
},
{
"kids":[],
"uid":"1749677003",
"parent":"ADwsduN9d",
"text":"",
"mid":"ADwDpmS7i",
"date":"2014-03-31 15:12:38"
},
{
"kids":[],
"uid":"1547613951",
"parent":"ADwohaMTa",
"text":"。。天呐@我是一只糯小团",
"mid":"ADwC92PgH",
"date":"2014-03-31 15:09:31"
},
{
"kids":[
"ADwO2gnOu"
],
"uid":"dalianwansui",
"parent":"",
"text":"高晓松那个道歉文章我没找到，但辣姜很擅长以讹传讹。",
"mid":"ADwBWBPh8",
"date":"2014-03-31 15:09:02"
},
{
"kids":[],
"uid":"1848853615",
"parent":"",
"text":"[偷笑]",
"mid":"ADwBV8aJB",
"date":"2014-03-31 15:08:58"
},
{
"kids":[],
"uid":"1960315405",
"parent":"",
"text":"",
"mid":"ADwBtlha9",
"date":"2014-03-31 15:07:52"
},
{
"kids":[
"ADwFdkTSE"
],
"uid":"dalianwansui",
"parent":"",
"text":"",
"mid":"ADwBlmvi5",
"date":"2014-03-31 15:07:33"
},
{
"kids":[],
"uid":"2694243764",
"parent":"",
"text":"太-------------",
"mid":"ADwAQ6geS",
"date":"2014-03-31 15:06:18"
},
{
"kids":[
"ADwPjbT3p"
],
"uid":"starryfoxy",
"parent":"",
"text":"哇，道歉信也可以高仿啊～[酷]",
"mid":"ADwALD9jw",
"date":"2014-03-31 15:06:08"
},
{
"kids":[],
"uid":"2595542974",
"parent":"",
"text":"",
"mid":"ADwzBf1iQ",
"date":"2014-03-31 15:03:15"
},
{
"kids":[],
"uid":"imscore",
"parent":"",
"text":"",
"mid":"ADwyZrbtx",
"date":"2014-03-31 15:01:45"
},
{
"kids":[],
"uid":"1264185181",
"parent":"ADwk61djg",
"text":"。。。",
"mid":"ADwyX6f6R",
"date":"2014-03-31 15:01:39"
},
{
"kids":[
"ADxdd82bo",
"ADx8QavCF",
"ADx7psEO5"
],
"uid":"zhengwenbin",
"parent":"ADwiebJEA",
"text":"高晓松当年的道歉声明只有“对不起，永不酒驾”七个字，可惜谣言总是传播更广，估计不久微博上就该有道歉生成器了",
"mid":"ADwympP6D",
"date":"2014-03-31 15:00:12"
},
{
"kids":[],
"uid":"1562311680",
"parent":"ADw9J1XAZ",
"text":"我的天",
"mid":"ADwyk6rwJ",
"date":"2014-03-31 15:00:06"
},
{
"kids":[],
"uid":"ICKF",
"parent":"ADwtoe7fT",
"text":"失望。。。",
"mid":"ADwy6uvBW",
"date":"2014-03-31 14:59:34"
},
{
"kids":[],
"uid":"kalikabee",
"parent":"ADwif4KpO",
"text":"",
"mid":"ADwxnftrz",
"date":"2014-03-31 14:57:45"
},
{
"kids":[],
"uid":"1658635575",
"parent":"",
"text":"",
"mid":"ADwwR2PmX",
"date":"2014-03-31 14:56:29"
},
{
"kids":[],
"uid":"2309093173",
"parent":"ADw8LmojN",
"text":"我凌乱了  到底哪个是正版的",
"mid":"ADwwOnZto",
"date":"2014-03-31 14:56:23"
},
{
"kids":[],
"uid":"wsforever",
"parent":"ADw4jDZPW",
"text":"晕倒@Honey-ZZB",
"mid":"ADwwNuJC1",
"date":"2014-03-31 14:56:20"
},
{
"kids":[
"ADxibjEpX"
],
"uid":"2034092350",
"parent":"ADwaB5EtB",
"text":"[挖鼻屎]",
"mid":"ADwwFv5vX",
"date":"2014-03-31 14:56:02"
},
{
"kids":[
"ADwFyBrNi"
],
"uid":"zeronum",
"parent":"",
"text":"[晕]",
"mid":"ADwwuxLEP",
"date":"2014-03-31 14:55:36"
},
{
"kids":[],
"uid":"1994374463",
"parent":"ADwi01CgJ",
"text":"这样也可以    道歉都不诚恳   还抄袭",
"mid":"ADww6mcE4",
"date":"2014-03-31 14:54:38"
},
{
"kids":[],
"uid":"tonyqu0814",
"parent":"",
"text":"",
"mid":"ADwvqFU80",
"date":"2014-03-31 14:52:59"
},
{
"kids":[],
"uid":"tongvip",
"parent":"ADwpZdGCi",
"text":"演艺圈固定模式",
"mid":"ADwvoE3VU",
"date":"2014-03-31 14:52:54"
},
{
"kids":[
"ADA8X4gY1",
"ADxaDvHWF"
],
"uid":"1808030537",
"parent":"",
"text":"[愤怒][愤怒][愤怒]",
"mid":"ADwvo40mp",
"date":"2014-03-31 14:52:52"
},
{
"kids":[
"ADwONgQnS"
],
"uid":"1797694337",
"parent":"",
"text":"哈哈哈，虽然感情事与我们无关，但是公众人物太无诚意",
"mid":"ADwvbDN7r",
"date":"2014-03-31 14:52:23"
},
{
"kids":[],
"uid":"2982609672",
"parent":"",
"text":"",
"mid":"ADwuy0CKE",
"date":"2014-03-31 14:50:48"
},
{
"kids":[],
"uid":"206780382",
"parent":"ADwoub3MP",
"text":"呵呵这还要抄别人的 小学生？",
"mid":"ADwuhtAnm",
"date":"2014-03-31 14:50:09"
},
{
"kids":[],
"uid":"1802194275",
"parent":"ADwtFlf7t",
"text":"所谓高晓松这篇是kuso的作品，我翻了以前的新闻，高晓松写的道歉信不是这样的",
"mid":"ADwuhgdlt",
"date":"2014-03-31 14:50:06"
},
{
"kids":[
"ADwDP5Wnp"
],
"uid":"1969593715",
"parent":"ADwohaMTa",
"text":"谣言啊，高晓松当时就亲笔写了七个字“对不起！永不酒驾”，我发现有好多不同的ID同时发这条微博说他抄袭高晓松，我觉得除非他脑子进了不是一点点的水啊，看来有人是想要文章这次永世翻不了身的节奏了。。。他那暴脾气的确得罪了不少人啊",
"mid":"ADwtJbP6e",
"date":"2014-03-31 14:48:47"
},
{
"kids":[
"ADwuhgdlt"
],
"uid":"208089906",
"parent":"ADwqQqWgl",
"text":"233",
"mid":"ADwtFlf7t",
"date":"2014-03-31 14:48:38"
},
{
"kids":[
"ADwy6uvBW"
],
"uid":"3175411943",
"parent":"",
"text":"@郑州大学材料学院2012级我骄傲",
"mid":"ADwtoe7fT",
"date":"2014-03-31 14:47:57"
},
{
"kids":[],
"uid":"1913616491",
"parent":"ADwe7tvfz",
"text":"厉害",
"mid":"ADwtma1y5",
"date":"2014-03-31 14:47:51"
},
{
"kids":[],
"uid":"katty1115",
"parent":"ADwhshEzh",
"text":"还犯了抄袭罪！连道歉声明都不是原创的！",
"mid":"ADwsWtyjk",
"date":"2014-03-31 14:46:50"
},
{
"kids":[],
"uid":"wenpeng6246503",
"parent":"ADwsu6mp5",
"text":"",
"mid":"ADwsyuYC9",
"date":"2014-03-31 14:45:53"
},
{
"kids":[
"ADwsyuYC9"
],
"uid":"5080165906",
"parent":"ADwmzmx7v",
"text":"",
"mid":"ADwsu6mp5",
"date":"2014-03-31 14:45:43"
},
{
"kids":[],
"uid":"2252357691",
"parent":"",
"text":"受不了了！这也要抄！看来心里真没有想说的话",
"mid":"ADwsqdn4N",
"date":"2014-03-31 14:45:34"
},
{
"kids":[],
"uid":"2261308363",
"parent":"",
"text":"文章真是一日不读书智商输给猪……@HappyJulieYe @东骏哥哥的Cake @奇葩的荷包蛋",
"mid":"ADwsgur9u",
"date":"2014-03-31 14:45:11"
},
{
"kids":[
"ADwDpmS7i"
],
"uid":"1786709084",
"parent":"ADwf6Civ2",
"text":"[拜拜][拜拜][拜拜][拜拜][拜拜]",
"mid":"ADwsduN9d",
"date":"2014-03-31 14:45:04"
},
{
"kids":[],
"uid":"2723305840",
"parent":"ADw6PnxYF",
"text":"@天气晴movon",
"mid":"ADws2kdst",
"date":"2014-03-31 14:44:36"
},
{
"kids":[],
"uid":"1309191134",
"parent":"ADwkI9gtO",
"text":"[弱][鄙视]",
"mid":"ADwrrr0qi",
"date":"2014-03-31 14:43:09"
},
{
"kids":[],
"uid":"jingkaixin2010",
"parent":"",
"text":"",
"mid":"ADwrr4hyo",
"date":"2014-03-31 14:43:08"
},
{
"kids":[],
"uid":"1982061532",
"parent":"",
"text":"……………",
"mid":"ADwqXxr4U",
"date":"2014-03-31 14:41:57"
},
{
"kids":[
"ADwuhgdlt",
"ADwtFlf7t"
],
"uid":"xiaoerguosmd",
"parent":"ADw4eFmEQ",
"text":"这也抄袭",
"mid":"ADwqQqWgl",
"date":"2014-03-31 14:41:39"
},
{
"kids":[],
"uid":"shanzhai110",
"parent":"ADw5zEBf7",
"text":"我类个天",
"mid":"ADwqBCAHv",
"date":"2014-03-31 14:41:05"
},
{
"kids":[],
"uid":"qinxiaoyangsunny",
"parent":"",
"text":"",
"mid":"ADwqpwUbT",
"date":"2014-03-31 14:40:37"
},
{
"kids":[
"ADx1owuVS"
],
"uid":"1820619155",
"parent":"ADwpZdGCi",
"text":"只想说无耻。。",
"mid":"ADwqpfiPl",
"date":"2014-03-31 14:40:36"
},
{
"kids":[
"ADx1owuVS",
"ADwvoE3VU",
"ADwqpfiPl"
],
"uid":"209291313",
"parent":"ADwpGk5vp",
"text":"[晕]标准道歉格式",
"mid":"ADwpZdGCi",
"date":"2014-03-31 14:39:33"
},
{
"kids":[],
"uid":"536788927",
"parent":"",
"text":"[挖鼻屎]说得跟真的似的，文章还没蠢到这程度吧......这么爱编剧情",
"mid":"ADwpYDiEL",
"date":"2014-03-31 14:39:32"
},
{
"kids":[],
"uid":"206784463",
"parent":"",
"text":"",
"mid":"ADwpWglO4",
"date":"2014-03-31 14:39:27"
},
{
"kids":[
"ADx1owuVS",
"ADwvoE3VU",
"ADwqpfiPl",
"ADwpZdGCi"
],
"uid":"1820619155",
"parent":"ADwjhclbi",
"text":"诚意呢？@李-小松 @萌琪琪也很萌 @达芬奇了没",
"mid":"ADwpGk5vp",
"date":"2014-03-31 14:38:49"
},
{
"kids":[],
"uid":"1825473133",
"parent":"ADwaB5EtB",
"text":"认错也有模板了？！？！哈哈哈",
"mid":"ADwpud99G",
"date":"2014-03-31 14:38:20"
},
{
"kids":[],
"uid":"2275282731",
"parent":"",
"text":"",
"mid":"ADwpkqDup",
"date":"2014-03-31 14:37:57"
},
{
"kids":[],
"uid":"1868819680",
"parent":"",
"text":"天下文章一大抄[汗]",
"mid":"ADwp3CTQG",
"date":"2014-03-31 14:37:17"
},
{
"kids":[],
"uid":"wicrosoft",
"parent":"ADwaNe00R",
"text":"貌似是一个团队出品的。太小看网民挖的力量了.",
"mid":"ADwoV3azD",
"date":"2014-03-31 14:36:56"
},
{
"kids":[],
"uid":"gongxf",
"parent":"ADwelCYYW",
"text":"回复@纳兰馨德:这都被你发现了！",
"mid":"ADwoK74CQ",
"date":"2014-03-31 14:36:30"
},
{
"kids":[],
"uid":"sxcsyxw",
"parent":"",
"text":"hah#周一见#",
"mid":"ADwoD37Hn",
"date":"2014-03-31 14:36:12"
},
{
"kids":[
"ADwuhtAnm"
],
"uid":"2653845312",
"parent":"",
"text":"找人代笔耳",
"mid":"ADwoub3MP",
"date":"2014-03-31 14:35:52"
},
{
"kids":[],
"uid":"shuqiang0625",
"parent":"",
"text":"知道了太多了",
"mid":"ADworwknf",
"date":"2014-03-31 14:35:46"
},
{
"kids":[
"ADwDP5Wnp",
"ADwC92PgH",
"ADwtJbP6e"
],
"uid":"chinaasshole",
"parent":"",
"text":"啊哈哈哈哈哈",
"mid":"ADwohaMTa",
"date":"2014-03-31 14:35:20"
},
{
"kids":[],
"uid":"2537674064",
"parent":"ADwd816fK",
"text":"",
"mid":"ADwoev2Af",
"date":"2014-03-31 14:35:15"
},
{
"kids":[],
"uid":"love836",
"parent":"",
"text":"抄个检讨也抄不里起 我操 我小学生都知道要改几句话加点废话 这什么文化水平",
"mid":"ADwngwcdg",
"date":"2014-03-31 14:32:52"
},
{
"kids":[],
"uid":"7swl",
"parent":"",
"text":"屌啊，赶紧保存一下，好模板",
"mid":"ADwne9zEe",
"date":"2014-03-31 14:32:46"
},
{
"kids":[],
"uid":"207505058",
"parent":"",
"text":"我去，劈腿男连公关都抛弃你啦~~~",
"mid":"ADwn1877F",
"date":"2014-03-31 14:32:15"
},
{
"kids":[],
"uid":"1736662160",
"parent":"",
"text":"额。。。",
"mid":"ADwmXz8vn",
"date":"2014-03-31 14:32:07"
},
{
"kids":[],
"uid":"2250573472",
"parent":"",
"text":"天下文章一大抄",
"mid":"ADwmKAVLg",
"date":"2014-03-31 14:31:35"
},
{
"kids":[],
"uid":"2614149424",
"parent":"",
"text":"太吊了。。哎！！！！！！",
"mid":"ADwmGqLTB",
"date":"2014-03-31 14:31:25"
},
{
"kids":[],
"uid":"nanxueruge",
"parent":"",
"text":"原来还可以这样引用，人才啊。。。",
"mid":"ADwmzpjwp",
"date":"2014-03-31 14:31:08"
},
{
"kids":[
"ADwsyuYC9",
"ADwsu6mp5"
],
"uid":"2468967977",
"parent":"",
"text":"我还是比较喜欢高晓松的，最起码他直接，",
"mid":"ADwmzmx7v",
"date":"2014-03-31 14:31:08"
},
{
"kids":[],
"uid":"1650556830",
"parent":"",
"text":"笑死了",
"mid":"ADwmh3lk1",
"date":"2014-03-31 14:30:24"
},
{
"kids":[],
"uid":"1934763597",
"parent":"",
"text":"一点诚意都没有！ [生病][生病][生病][怒骂][怒骂]",
"mid":"ADwm0bk0i",
"date":"2014-03-31 14:29:45"
},
{
"kids":[],
"uid":"lovelvapang",
"parent":"ADwes8197",
"text":"@koM_elociN",
"mid":"ADwlJ6zYS",
"date":"2014-03-31 14:29:04"
},
{
"kids":[],
"uid":"hjdlmm",
"parent":"",
"text":"@清魂杰汐",
"mid":"ADwluAhAY",
"date":"2014-03-31 14:28:30"
},
{
"kids":[],
"uid":"lyq007",
"parent":"ADwfabh4E",
"text":"",
"mid":"ADwlu14Ep",
"date":"2014-03-31 14:28:28"
},
{
"kids":[],
"uid":"noscaredbymyside",
"parent":"ADwa8bETU",
"text":"我一直以为只有年终总结可以在网上找，原来演艺圈也是这样，看来殊途同归啊",
"mid":"ADwlrE2Yn",
"date":"2014-03-31 14:28:22"
},
{
"kids":[],
"uid":"1764266263",
"parent":"ADwhu6eWf",
"text":"哪来的万能模板！！",
"mid":"ADwl9lO8y",
"date":"2014-03-31 14:27:38"
},
{
"kids":[
"ADwrrr0qi"
],
"uid":"1865757600",
"parent":"",
"text":"[鄙视]",
"mid":"ADwkI9gtO",
"date":"2014-03-31 14:26:33"
},
{
"kids":[],
"uid":"3620914780",
"parent":"",
"text":"草。",
"mid":"ADwkBCb1f",
"date":"2014-03-31 14:26:19"
},
{
"kids":[],
"uid":"ccz88",
"parent":"",
"text":"@困困鱼小妹 八卦下",
"mid":"ADwkBlix9",
"date":"2014-03-31 14:26:17"
},
{
"kids":[],
"uid":"3167341490",
"parent":"",
"text":"真的？",
"mid":"ADwkj1XmE",
"date":"2014-03-31 14:25:33"
},
{
"kids":[],
"uid":"rilakkuma1116",
"parent":"ADwaB5EtB",
"text":"太么诚意了！",
"mid":"ADwkj05Ir",
"date":"2014-03-31 14:25:34"
},
{
"kids":[
"ADwyX6f6R"
],
"uid":"1820844043",
"parent":"ADwe7tvfz",
"text":"[挖鼻屎]",
"mid":"ADwk61djg",
"date":"2014-03-31 14:25:03"
},
{
"kids":[],
"uid":"3482967262",
"parent":"",
"text":"哦！！！原来是这样。",
"mid":"ADwjWwh4n",
"date":"2014-03-31 14:24:41"
},
{
"kids":[],
"uid":"1904542191",
"parent":"",
"text":"好男人啊！！这哥们四四百度道歉书怎么写了，百度太坑银了",
"mid":"ADwjN54ek",
"date":"2014-03-31 14:24:18"
},
{
"kids":[],
"uid":"3125436012",
"parent":"ADwaB5EtB",
"text":"我去，这也可以奥 ，太没诚意了",
"mid":"ADwjzcVje",
"date":"2014-03-31 14:23:45"
},
{
"kids":[],
"uid":"2439391331",
"parent":"",
"text":"[围观]",
"mid":"ADwjtgXUb",
"date":"2014-03-31 14:23:31"
},
{
"kids":[
"ADx1owuVS",
"ADwvoE3VU",
"ADwqpfiPl",
"ADwpZdGCi",
"ADwpGk5vp"
],
"uid":"2534648690",
"parent":"",
"text":"",
"mid":"ADwjhclbi",
"date":"2014-03-31 14:23:02"
},
{
"kids":[],
"uid":"3987705069",
"parent":"",
"text":"这个也有模版～",
"mid":"ADwja6JP1",
"date":"2014-03-31 14:22:44"
},
{
"kids":[],
"uid":"3182773133",
"parent":"",
"text":"文章，你特么太坑了",
"mid":"ADwj3zual",
"date":"2014-03-31 14:22:29"
},
{
"kids":[],
"uid":"1082961371",
"parent":"",
"text":"",
"mid":"ADwiXndVN",
"date":"2014-03-31 14:22:15"
},
{
"kids":[],
"uid":"happygoer",
"parent":"",
"text":"[衰]",
"mid":"ADwiXn2bs",
"date":"2014-03-31 14:22:14"
},
{
"kids":[],
"uid":"2548499763",
"parent":"",
"text":"哦？还以为文章童鞋满腹经纶，文如其名，并已经痛定思痛，捶胸顿足，悔恨至极，诚恳道歉呢！原来是杜撰！抄袭！敢问文章童鞋，您的歉意何以服人？",
"mid":"ADwiWfnEX",
"date":"2014-03-31 14:22:12"
},
{
"kids":[],
"uid":"2694254730",
"parent":"",
"text":"连道歉都是抄袭的，他的心到底去哪儿了？～",
"mid":"ADwiVAy2d",
"date":"2014-03-31 14:22:09"
},
{
"kids":[],
"uid":"qiqi18",
"parent":"",
"text":"呵呵",
"mid":"ADwiV1xju",
"date":"2014-03-31 14:22:08"
},
{
"kids":[],
"uid":"3735267243",
"parent":"",
"text":"",
"mid":"ADwiK5gcN",
"date":"2014-03-31 14:21:43"
},
{
"kids":[],
"uid":"1747613181",
"parent":"ADwaB5EtB",
"text":"",
"mid":"ADwiAk0vw",
"date":"2014-03-31 14:21:20"
},
{
"kids":[],
"uid":"1880255293",
"parent":"",
"text":"",
"mid":"ADwiwvaW6",
"date":"2014-03-31 14:21:10"
},
{
"kids":[],
"uid":"1917064942",
"parent":"ADwaB5EtB",
"text":"晕",
"mid":"ADwiqh9NE",
"date":"2014-03-31 14:20:56"
},
{
"kids":[],
"uid":"3481017200",
"parent":"",
"text":"",
"mid":"ADwippyUo",
"date":"2014-03-31 14:20:54"
},
{
"kids":[],
"uid":"820316777",
"parent":"",
"text":"晕，是不是真的哦。",
"mid":"ADwip955k",
"date":"2014-03-31 14:20:53"
},
{
"kids":[
"ADwxnftrz"
],
"uid":"zhuk1989",
"parent":"",
"text":"轉發微博",
"mid":"ADwif4KpO",
"date":"2014-03-31 14:20:29"
},
{
"kids":[
"ADxdd82bo",
"ADx8QavCF",
"ADx7psEO5",
"ADwympP6D"
],
"uid":"weiweiwei77",
"parent":"",
"text":"抄的也太明显了吧，文章的公关团队是傻子吧~开头也改一下啊",
"mid":"ADwiebJEA",
"date":"2014-03-31 14:20:27"
},
{
"kids":[],
"uid":"2649576651",
"parent":"",
"text":"",
"mid":"ADwi51TAA",
"date":"2014-03-31 14:20:05"
},
{
"kids":[],
"uid":"2022420231",
"parent":"",
"text":"文章，呵呵",
"mid":"ADwi1rD8p",
"date":"2014-03-31 14:19:57"
},
{
"kids":[
"ADyJq523g",
"ADww6mcE4"
],
"uid":"2515646502",
"parent":"",
"text":"怎么这样啊！道歉都那么不诚恳",
"mid":"ADwi01CgJ",
"date":"2014-03-31 14:19:53"
},
{
"kids":[],
"uid":"ruichen07",
"parent":"",
"text":"天下文章皆文章",
"mid":"ADwhTveFE",
"date":"2014-03-31 14:19:38"
},
{
"kids":[],
"uid":"yuanjing818",
"parent":"",
"text":"真是。无话可说",
"mid":"ADwhTu9PM",
"date":"2014-03-31 14:19:38"
},
{
"kids":[],
"uid":"275599754",
"parent":"",
"text":"@文章同學 太没水平了吧！",
"mid":"ADwhQyZAW",
"date":"2014-03-31 14:19:31"
},
{
"kids":[],
"uid":"2924599303",
"parent":"",
"text":"哈哈哈哈 我刚刚看娱乐新闻也这样说 那种犯了错又来求原谅的人是最有心机的 搞得大家不原谅你还是我们的错似的 而那些小三则永远被订成了小三 呵呵 都不是省油的～不喜欢任何一个人[拜拜]",
"mid":"ADwhP5p1m",
"date":"2014-03-31 14:19:27"
},
{
"kids":[],
"uid":"449318608",
"parent":"",
"text":"不明觉厉",
"mid":"ADwhOb83Q",
"date":"2014-03-31 14:19:25"
},
{
"kids":[
"ADyMXjuOC"
],
"uid":"1679279470",
"parent":"",
"text":"这贱男一点诚意都没有",
"mid":"ADwhF1wAI",
"date":"2014-03-31 14:19:03"
},
{
"kids":[
"ADxirhgh6"
],
"uid":"cherrypanda19",
"parent":"",
"text":"哈哈哈，估计是有人帮着起草的吧！",
"mid":"ADwhDvlGr",
"date":"2014-03-31 14:18:59"
},
{
"kids":[],
"uid":"2800600352",
"parent":"",
"text":"",
"mid":"ADwhC55kM",
"date":"2014-03-31 14:18:56"
},
{
"kids":[],
"uid":"1841855615",
"parent":"",
"text":"",
"mid":"ADwhBuyYB",
"date":"2014-03-31 14:18:55"
},
{
"kids":[],
"uid":"2392181414",
"parent":"",
"text":"",
"mid":"ADwhx4Jwr",
"date":"2014-03-31 14:18:44"
},
{
"kids":[],
"uid":"3588088182",
"parent":"",
"text":"[思考]",
"mid":"ADwhx1tHp",
"date":"2014-03-31 14:18:44"
},
{
"kids":[
"ADwl9lO8y"
],
"uid":"1ya1yayo",
"parent":"ADw6PnxYF",
"text":"提炼中心思想如下 1我摊上大事儿了 2 心里虽然想操你们大爷但是口头感激 3 就如同写给老师的检查一样 最后部分一定是“老师 我已经深刻意识到自己泡妞/打架/不交作业/上课打岔/上课吃饭/往同学杯里放粉笔/逃避课间操/眼保健等方面的错误 希望老师给我一个改正的机会 也希望全班同学监督我！蹂躏我”",
"mid":"ADwhu6eWf",
"date":"2014-03-31 14:18:37"
},
{
"kids":[],
"uid":"xxxdxx",
"parent":"",
"text":"",
"mid":"ADwhu5qC1",
"date":"2014-03-31 14:18:37"
},
{
"kids":[],
"uid":"2177649851",
"parent":"ADwes8197",
"text":"啧啧",
"mid":"ADwhtcZfr",
"date":"2014-03-31 14:18:35"
},
{
"kids":[
"ADwsWtyjk"
],
"uid":"tvxqyjcc",
"parent":"ADwgvuitI",
"text":"最最佳",
"mid":"ADwhshEzh",
"date":"2014-03-31 14:18:32"
},
{
"kids":[],
"uid":"3194343515",
"parent":"",
"text":"额……到底是什么情况？",
"mid":"ADwhkBMwv",
"date":"2014-03-31 14:18:15"
},
{
"kids":[],
"uid":"2611982640",
"parent":"",
"text":"呵呵 [鄙视]",
"mid":"ADwhigKx2",
"date":"2014-03-31 14:18:08"
},
{
"kids":[],
"uid":"2611341497",
"parent":"",
"text":"@Acrab王亦",
"mid":"ADwh7DeBO",
"date":"2014-03-31 14:17:44"
},
{
"kids":[],
"uid":"2132178190",
"parent":"",
"text":"",
"mid":"ADwh6aLP3",
"date":"2014-03-31 14:17:40"
},
{
"kids":[],
"uid":"3819347020",
"parent":"",
"text":"额，忍不住还是转了！文章，你给老子滚！",
"mid":"ADwh2AaNT",
"date":"2014-03-31 14:17:32"
},
{
"kids":[],
"uid":"2662255107",
"parent":"",
"text":"其实有什么呢，不过如此而已，这般而已，大家到会碰到的坎！那些“舞刀弄枪”“幸灾乐祸”“大仇已报”者，你们那么牛逼那么道貌岸然你老婆知道木^_^@文章",
"mid":"ADwh0xDC4",
"date":"2014-03-31 14:17:26"
},
{
"kids":[],
"uid":"2132309444",
"parent":"",
"text":"能有点创新吗？这不火上浇油吗？",
"mid":"ADwgZ6ipb",
"date":"2014-03-31 14:17:23"
},
{
"kids":[],
"uid":"1608646170",
"parent":"",
"text":"",
"mid":"ADwgNxhVY",
"date":"2014-03-31 14:16:56"
},
{
"kids":[],
"uid":"1892660401",
"parent":"",
"text":"文章好恶心，出轨，抄袭，装B,没什么干不出来的",
"mid":"ADwgKjrky",
"date":"2014-03-31 14:16:48"
},
{
"kids":[],
"uid":"2170510747",
"parent":"ADw9uvDjS",
"text":"",
"mid":"ADwgHkWPg",
"date":"2014-03-31 14:16:40"
},
{
"kids":[],
"uid":"1005608760",
"parent":"",
"text":"",
"mid":"ADwgFgPHC",
"date":"2014-03-31 14:16:36"
},
{
"kids":[],
"uid":"2022228823",
"parent":"",
"text":"[哈哈][哈哈][哈哈][拜拜][拜拜][拜拜]继续黑到底～     伟大的网友们～",
"mid":"ADwgzjAQ5",
"date":"2014-03-31 14:16:22"
},
{
"kids":[
"ADwsWtyjk",
"ADwhshEzh"
],
"uid":"1871495334",
"parent":"ADwfloY8E",
"text":"@伈囿琳汐 牛了",
"mid":"ADwgvuitI",
"date":"2014-03-31 14:16:13"
},
{
"kids":[],
"uid":"1257463933",
"parent":"",
"text":"呵呵，一样贱！",
"mid":"ADwgvt0X4",
"date":"2014-03-31 14:16:13"
},
{
"kids":[],
"uid":"3203289311",
"parent":"",
"text":"",
"mid":"ADwguB3l8",
"date":"2014-03-31 14:16:11"
},
{
"kids":[],
"uid":"3182061601",
"parent":"",
"text":"天下文章一大操[哈哈]",
"mid":"ADwgp2Dwp",
"date":"2014-03-31 14:15:56"
},
{
"kids":[],
"uid":"2076314541",
"parent":"",
"text":"文章皆文章",
"mid":"ADwgo8fBc",
"date":"2014-03-31 14:15:54"
},
{
"kids":[],
"uid":"1984977907",
"parent":"",
"text":"太恶心了！！！！！！！！！！！",
"mid":"ADwgj5zKq",
"date":"2014-03-31 14:15:43"
},
{
"kids":[],
"uid":"3091022321",
"parent":"",
"text":"额。。。",
"mid":"ADwgdsGVj",
"date":"2014-03-31 14:15:30"
},
{
"kids":[],
"uid":"1775581241",
"parent":"",
"text":"额！[哼][哼]",
"mid":"ADwg4l0DY",
"date":"2014-03-31 14:15:08"
},
{
"kids":[],
"uid":"1920263773",
"parent":"",
"text":"",
"mid":"ADwfT7b7Q",
"date":"2014-03-31 14:14:41"
},
{
"kids":[],
"uid":"vbonnie",
"parent":"",
"text":"天下文章一大抄袭，只是记得付版权",
"mid":"ADwfNcrrg",
"date":"2014-03-31 14:14:27"
},
{
"kids":[],
"uid":"mengjingtiantian",
"parent":"",
"text":"",
"mid":"ADwfKuOuo",
"date":"2014-03-31 14:14:21"
},
{
"kids":[],
"uid":"ram137",
"parent":"",
"text":"次凹",
"mid":"ADwfKdd9j",
"date":"2014-03-31 14:14:19"
},
{
"kids":[
"ADwsWtyjk",
"ADwhshEzh",
"ADwgvuitI"
],
"uid":"2629808771",
"parent":"",
"text":"",
"mid":"ADwfloY8E",
"date":"2014-03-31 14:13:20"
},
{
"kids":[],
"uid":"2460265524",
"parent":"",
"text":"天下文章啊",
"mid":"ADwfgDRWG",
"date":"2014-03-31 14:13:10"
},
{
"kids":[],
"uid":"3184035374",
"parent":"",
"text":"放下小板凳，坐好，围观",
"mid":"ADwffvE2S",
"date":"2014-03-31 14:13:07"
},
{
"kids":[],
"uid":"koa1990",
"parent":"",
"text":"哎哟喂",
"mid":"ADwffvDXv",
"date":"2014-03-31 14:13:07"
},
{
"kids":[],
"uid":"236785311",
"parent":"",
"text":"",
"mid":"ADwfe3b2e",
"date":"2014-03-31 14:13:03"
},
{
"kids":[],
"uid":"2069102610",
"parent":"",
"text":"太逗了",
"mid":"ADwfbm7zN",
"date":"2014-03-31 14:12:57"
},
{
"kids":[
"ADwlu14Ep"
],
"uid":"2311285244",
"parent":"",
"text":"我去。。。",
"mid":"ADwfabh4E",
"date":"2014-03-31 14:12:54"
},
{
"kids":[],
"uid":"2803739212",
"parent":"",
"text":"[嘻嘻][嘻嘻][嘻嘻][嘻嘻]",
"mid":"ADwf8nvtK",
"date":"2014-03-31 14:12:49"
},
{
"kids":[
"ADwDpmS7i",
"ADwsduN9d"
],
"uid":"khuntoriagas",
"parent":"",
"text":"[拜拜]",
"mid":"ADwf6Civ2",
"date":"2014-03-31 14:12:46"
},
{
"kids":[
"ADwTj6r4w",
"ADwNiuaxb"
],
"uid":"catlim",
"parent":"ADwa8bETU",
"text":"[黑線]",
"mid":"ADwf58zCi",
"date":"2014-03-31 14:12:42"
},
{
"kids":[],
"uid":"3186072513",
"parent":"",
"text":"[good][good][good]",
"mid":"ADwf1DaxS",
"date":"2014-03-31 14:12:33"
},
{
"kids":[],
"uid":"1085960930",
"parent":"",
"text":"真的基本一样",
"mid":"ADweZfbiz",
"date":"2014-03-31 14:12:28"
},
{
"kids":[],
"uid":"izhanghua",
"parent":"",
"text":"",
"mid":"ADweYCgar",
"date":"2014-03-31 14:12:27"
},
{
"kids":[],
"uid":"jane0428",
"parent":"",
"text":"尼玛！这要是真的可彻底恶心到我了[哼]",
"mid":"ADweMh5f1",
"date":"2014-03-31 14:11:57"
},
{
"kids":[],
"uid":"shlovelkp",
"parent":"ADw6PnxYF",
"text":"[黑线]",
"mid":"ADweKaUda",
"date":"2014-03-31 14:11:52"
},
{
"kids":[],
"uid":"hjthjt",
"parent":"",
"text":"噗。。。。。。。。。。。。。。。。。。。。。。。。。。。。。。。。。。。",
"mid":"ADweHw4n8",
"date":"2014-03-31 14:11:46"
},
{
"kids":[],
"uid":"2837099801",
"parent":"ADwaB5EtB",
"text":"我勒个擦擦擦 @扒皮王",
"mid":"ADweB1ixj",
"date":"2014-03-31 14:11:29"
},
{
"kids":[],
"uid":"1635944970",
"parent":"",
"text":"[哼]额",
"mid":"ADwevoemb",
"date":"2014-03-31 14:11:17"
},
{
"kids":[
"ADxOpmFro",
"ADwlJ6zYS",
"ADwhtcZfr"
],
"uid":"miaowqiqi",
"parent":"",
"text":"把文章封杀了吧 太恶心了",
"mid":"ADwes8197",
"date":"2014-03-31 14:11:09"
},
{
"kids":[],
"uid":"3092065655",
"parent":"",
"text":"",
"mid":"ADwer0gSE",
"date":"2014-03-31 14:11:06"
},
{
"kids":[],
"uid":"1961722265",
"parent":"",
"text":"好顶赞！！！",
"mid":"ADweohrjz",
"date":"2014-03-31 14:11:00"
},
{
"kids":[],
"uid":"wuaiguoguo",
"parent":"ADwcFlvWx",
"text":"太强大了！！！[怒]",
"mid":"ADwemwe1Y",
"date":"2014-03-31 14:10:56"
},
{
"kids":[
"ADwoK74CQ"
],
"uid":"gongxf",
"parent":"",
"text":"尼玛，道歉都要抄袭，@文章同学 你能再文盲一点吗？",
"mid":"ADwelCYYW",
"date":"2014-03-31 14:10:54"
},
{
"kids":[],
"uid":"2015132187",
"parent":"ADw6PnxYF",
"text":"额……",
"mid":"ADwei9gti",
"date":"2014-03-31 14:10:45"
},
{
"kids":[],
"uid":"2344949000",
"parent":"",
"text":"闹半天原来是抄袭高胖子的啊，我勒个去！",
"mid":"ADwehwtCl",
"date":"2014-03-31 14:10:43"
},
{
"kids":[
"ADwyX6f6R",
"ADwtma1y5",
"ADwk61djg"
],
"uid":"cheche824",
"parent":"",
"text":"",
"mid":"ADwe7tvfz",
"date":"2014-03-31 14:10:19"
},
{
"kids":[
"ADBhsku7a"
],
"uid":"1956389255",
"parent":"",
"text":"真的假的？",
"mid":"ADwe794Jf",
"date":"2014-03-31 14:10:19"
},
{
"kids":[],
"uid":"3128275117",
"parent":"",
"text":"这个牛逼",
"mid":"ADwe56gha",
"date":"2014-03-31 14:10:14"
},
{
"kids":[],
"uid":"3092065655",
"parent":"",
"text":"",
"mid":"ADwe1yL3X",
"date":"2014-03-31 14:10:05"
},
{
"kids":[],
"uid":"1857654990",
"parent":"",
"text":"@小又ss :抄袭",
"mid":"ADwdYjMuD",
"date":"2014-03-31 14:09:58"
},
{
"kids":[],
"uid":"2009987993",
"parent":"ADwbFz0Zy",
"text":"",
"mid":"ADwdYh4m8",
"date":"2014-03-31 14:09:58"
},
{
"kids":[],
"uid":"avrilgoodbyelullaby",
"parent":"",
"text":"。。。。。。",
"mid":"ADwdVnxH3",
"date":"2014-03-31 14:09:51"
},
{
"kids":[],
"uid":"1108896603",
"parent":"ADwaB5EtB",
"text":"此人已无药可救，马司令赶紧离开他吧",
"mid":"ADwdVjJAV",
"date":"2014-03-31 14:09:51"
},
{
"kids":[],
"uid":"1893163565",
"parent":"",
"text":"哈哈哈哈，道歉都抄别人的，笑死我了",
"mid":"ADwdLB3b5",
"date":"2014-03-31 14:09:27"
},
{
"kids":[],
"uid":"2273946185",
"parent":"",
"text":"[汗][汗][汗]@魔彩MC太原店-冯超 @活宝转转",
"mid":"ADwdKnDFY",
"date":"2014-03-31 14:09:24"
},
{
"kids":[],
"uid":"3028505711",
"parent":"",
"text":"唉，这些人，都怎么了，个个都不好好做人非当妖",
"mid":"ADwdHrA1L",
"date":"2014-03-31 14:09:18"
},
{
"kids":[],
"uid":"co1ormin",
"parent":"",
"text":"他真是个人才！",
"mid":"ADwdB00Ju",
"date":"2014-03-31 14:09:02"
},
{
"kids":[],
"uid":"2699598657",
"parent":"",
"text":"",
"mid":"ADwdAlTci",
"date":"2014-03-31 14:09:00"
},
{
"kids":[],
"uid":"1756745875",
"parent":"",
"text":"哇咔咔！",
"mid":"ADwdA6KWi",
"date":"2014-03-31 14:09:00"
},
{
"kids":[],
"uid":"1686514215",
"parent":"",
"text":"",
"mid":"ADwduaTz8",
"date":"2014-03-31 14:08:46"
},
{
"kids":[],
"uid":"2426377807",
"parent":"ADwaB5EtB",
"text":"太狗血了[鄙视]",
"mid":"ADwdty9kX",
"date":"2014-03-31 14:08:45"
},
{
"kids":[],
"uid":"1840740265",
"parent":"",
"text":"什么毛病都[鄙视]",
"mid":"ADwdsn8gk",
"date":"2014-03-31 14:08:42"
},
{
"kids":[],
"uid":"hunanspeshow",
"parent":"",
"text":"",
"mid":"ADwdgA2AT",
"date":"2014-03-31 14:08:14"
},
{
"kids":[
"ADwoev2Af"
],
"uid":"207241919",
"parent":"",
"text":"",
"mid":"ADwd816fK",
"date":"2014-03-31 14:07:53"
},
{
"kids":[],
"uid":"2356314341",
"parent":"",
"text":"",
"mid":"ADwd014mo",
"date":"2014-03-31 14:07:34"
},
{
"kids":[],
"uid":"2871457520",
"parent":"",
"text":"毫无诚意，一模一样的语句",
"mid":"ADwcYzlaD",
"date":"2014-03-31 14:07:31"
},
{
"kids":[],
"uid":"1269367784",
"parent":"",
"text":"忏悔也抄袭？",
"mid":"ADwcR94c2",
"date":"2014-03-31 14:07:13"
},
{
"kids":[],
"uid":"920101661",
"parent":"",
"text":"尼玛。。这也行！！！",
"mid":"ADwcQfP0p",
"date":"2014-03-31 14:07:10"
},
{
"kids":[],
"uid":"678752577",
"parent":"",
"text":"[崩溃]",
"mid":"ADwcND7gC",
"date":"2014-03-31 14:07:05"
},
{
"kids":[],
"uid":"333518777",
"parent":"",
"text":"[挖鼻屎]太雷了",
"mid":"ADwcLggtE",
"date":"2014-03-31 14:06:59"
},
{
"kids":[
"ADwINvy1J",
"ADwemwe1Y"
],
"uid":"1988277163",
"parent":"",
"text":"",
"mid":"ADwcFlvWx",
"date":"2014-03-31 14:06:45"
},
{
"kids":[],
"uid":"ly297420030",
"parent":"",
"text":"这也可以",
"mid":"ADwcDz0Ae",
"date":"2014-03-31 14:06:41"
},
{
"kids":[],
"uid":"2799581774",
"parent":"",
"text":"",
"mid":"ADwcCFgbT",
"date":"2014-03-31 14:06:39"
},
{
"kids":[],
"uid":"2717510713",
"parent":"",
"text":"",
"mid":"ADwcAzTMP",
"date":"2014-03-31 14:06:34"
},
{
"kids":[],
"uid":"1904954250",
"parent":"",
"text":"要么说天下“文章”一大抄，看你会抄不会抄[挖鼻屎]",
"mid":"ADwcunD58",
"date":"2014-03-31 14:06:18"
},
{
"kids":[],
"uid":"sukicaicai",
"parent":"",
"text":"",
"mid":"ADwctw25I",
"date":"2014-03-31 14:06:17"
},
{
"kids":[],
"uid":"2652145534",
"parent":"",
"text":"轉發微博",
"mid":"ADwcslaNA",
"date":"2014-03-31 14:06:14"
},
{
"kids":[],
"uid":"1715634037",
"parent":"",
"text":"。文章滚粗",
"mid":"ADwcnkN3T",
"date":"2014-03-31 14:06:02"
},
{
"kids":[],
"uid":"695303250er",
"parent":"",
"text":"@文章同學 @马伊琍",
"mid":"ADwciC2cj",
"date":"2014-03-31 14:05:51"
},
{
"kids":[],
"uid":"michael55",
"parent":"",
"text":"天下艺人皆同路，天下文章皆文章",
"mid":"ADwchF3fP",
"date":"2014-03-31 14:05:48"
},
{
"kids":[],
"uid":"2168453065",
"parent":"",
"text":"哎",
"mid":"ADwca3YYo",
"date":"2014-03-31 14:05:30"
},
{
"kids":[],
"uid":"laoyaozq",
"parent":"",
"text":"写个啥都是有模板的[汗]",
"mid":"ADwc9sksJ",
"date":"2014-03-31 14:05:29"
},
{
"kids":[],
"uid":"naniyadl",
"parent":"",
"text":"",
"mid":"ADwc6uXV1",
"date":"2014-03-31 14:05:22"
},
{
"kids":[],
"uid":"1788779774",
"parent":"",
"text":"@大喊李钟硕我是巫婆 @躺在床上去看海 @京京井井静静 @闪闪的天空9",
"mid":"ADwc0z6F3",
"date":"2014-03-31 14:05:08"
},
{
"kids":[],
"uid":"2480968535",
"parent":"ADw6PnxYF",
"text":"",
"mid":"ADwbSjLKl",
"date":"2014-03-31 14:04:48"
},
{
"kids":[],
"uid":"1890474111",
"parent":"",
"text":"这是抄袭 虚伪的文章，马伊俐不要也罢！",
"mid":"ADwbRFXcf",
"date":"2014-03-31 14:04:47"
},
{
"kids":[],
"uid":"2950763352",
"parent":"",
"text":"",
"mid":"ADwbM8oVl",
"date":"2014-03-31 14:04:31"
},
{
"kids":[
"ADx6Flvt4"
],
"uid":"2210416163",
"parent":"",
"text":"道歉信还有模板，这个花呲的细碎啊@徐鵬同學笑而不语看你们可劲装逼",
"mid":"ADwbKiPVC",
"date":"2014-03-31 14:04:29"
},
{
"kids":[],
"uid":"2314242945",
"parent":"",
"text":"靠",
"mid":"ADwbKhznE",
"date":"2014-03-31 14:04:29"
},
{
"kids":[],
"uid":"qz8888",
"parent":"",
"text":"这个。。。。",
"mid":"ADwbK3jXr",
"date":"2014-03-31 14:04:28"
},
{
"kids":[],
"uid":"3069411067",
"parent":"",
"text":"",
"mid":"ADwbFzVN2",
"date":"2014-03-31 14:04:17"
},
{
"kids":[
"ADwFFFMq3",
"ADwdYh4m8"
],
"uid":"1948601162",
"parent":"",
"text":"简直跟我想得一样",
"mid":"ADwbFz0Zy",
"date":"2014-03-31 14:04:18"
},
{
"kids":[],
"uid":"2382125224",
"parent":"",
"text":"",
"mid":"ADwbw9Kfh",
"date":"2014-03-31 14:03:55"
},
{
"kids":[],
"uid":"3602676860",
"parent":"",
"text":"",
"mid":"ADwbvuTUs",
"date":"2014-03-31 14:03:53"
},
{
"kids":[],
"uid":"234865367",
"parent":"",
"text":"",
"mid":"ADwbrpS7w",
"date":"2014-03-31 14:03:43"
},
{
"kids":[],
"uid":"2780585903",
"parent":"",
"text":"混蛋！没诚意到这种地步！",
"mid":"ADwbmondL",
"date":"2014-03-31 14:03:31"
},
{
"kids":[],
"uid":"2369289321",
"parent":"",
"text":"妈蛋[怒]",
"mid":"ADwbm6LEZ",
"date":"2014-03-31 14:03:30"
},
{
"kids":[],
"uid":"3182773133",
"parent":"",
"text":"文章尼玛坑谁呢",
"mid":"ADwbltjOK",
"date":"2014-03-31 14:03:30"
},
{
"kids":[],
"uid":"1895957151",
"parent":"ADw9q8E88",
"text":"[偷笑]同一个公关写的吧",
"mid":"ADwbkA4D8",
"date":"2014-03-31 14:03:28"
},
{
"kids":[],
"uid":"2859321130",
"parent":"",
"text":"",
"mid":"ADwbiyS2H",
"date":"2014-03-31 14:03:22"
},
{
"kids":[],
"uid":"uc41578655",
"parent":"",
"text":"！！！",
"mid":"ADwbh2gVj",
"date":"2014-03-31 14:03:19"
},
{
"kids":[],
"uid":"2944835897",
"parent":"",
"text":"天下文章一大炒，高晓松清华才子，抄没错！",
"mid":"ADwbgtDvj",
"date":"2014-03-31 14:03:17"
},
{
"kids":[],
"uid":"2705415777",
"parent":"",
"text":"",
"mid":"ADwbepwzb",
"date":"2014-03-31 14:03:12"
},
{
"kids":[],
"uid":"2788490240",
"parent":"",
"text":"曾经那么喜欢，从向南开始～～～",
"mid":"ADwb4mz14",
"date":"2014-03-31 14:02:49"
},
{
"kids":[],
"uid":"3899072605",
"parent":"",
"text":"",
"mid":"ADwb3cOY8",
"date":"2014-03-31 14:02:46"
},
{
"kids":[],
"uid":"2465901445",
"parent":"",
"text":"",
"mid":"ADwaYae30",
"date":"2014-03-31 14:02:33"
},
{
"kids":[],
"uid":"2412367013",
"parent":"",
"text":"",
"mid":"ADwaW7dVg",
"date":"2014-03-31 14:02:29"
},
{
"kids":[],
"uid":"2487449182",
"parent":"",
"text":"天下艺人皆同路..天下文章皆文章",
"mid":"ADwaTrso3",
"date":"2014-03-31 14:02:23"
},
{
"kids":[
"ADwoV3azD"
],
"uid":"1772459890",
"parent":"",
"text":"哎呦喂，@文章同学 关于这事你家@姚笛 知道吗？",
"mid":"ADwaNe00R",
"date":"2014-03-31 14:02:08"
},
{
"kids":[],
"uid":"3625950704",
"parent":"ADw7f4Ykb",
"text":"要不要这样",
"mid":"ADwaJ4fyr",
"date":"2014-03-31 14:01:58"
},
{
"kids":[],
"uid":"1883987101",
"parent":"",
"text":"",
"mid":"ADwaIbav5",
"date":"2014-03-31 14:01:56"
},
{
"kids":[
"ADE1Itayw",
"ADxQI64yD",
"ADxibjEpX",
"ADx5btaV6",
"ADwUTe6cG",
"ADwJxmjEv",
"ADwwFv5vX",
"ADwpud99G",
"ADwkj05Ir",
"ADwjzcVje",
"ADwiAk0vw",
"ADwiqh9NE",
"ADweB1ixj",
"ADwdVjJAV",
"ADwdty9kX"
],
"uid":"roxyclover",
"parent":"ADw8ZwoVr",
"text":"",
"mid":"ADwaB5EtB",
"date":"2014-03-31 14:01:39"
},
{
"kids":[],
"uid":"2810854911",
"parent":"",
"text":"哎",
"mid":"ADwauhzNe",
"date":"2014-03-31 14:01:23"
},
{
"kids":[],
"uid":"3737378464",
"parent":"",
"text":"大致。。。",
"mid":"ADwalbmwL",
"date":"2014-03-31 14:01:00"
},
{
"kids":[],
"uid":"jasonyan008",
"parent":"",
"text":"",
"mid":"ADwalafqv",
"date":"2014-03-31 14:01:02"
},
{
"kids":[],
"uid":"2877526250",
"parent":"",
"text":"",
"mid":"ADwakzIrS",
"date":"2014-03-31 14:01:00"
},
{
"kids":[],
"uid":"1569363612",
"parent":"",
"text":"必须转发啊~",
"mid":"ADwahBeN2",
"date":"2014-03-31 14:00:53"
},
{
"kids":[],
"uid":"2532261932",
"parent":"",
"text":"",
"mid":"ADwa93bsh",
"date":"2014-03-31 14:00:32"
},
{
"kids":[
"ADwTj6r4w",
"ADwNiuaxb",
"ADwlrE2Yn",
"ADwf58zCi"
],
"uid":"208127979",
"parent":"",
"text":"哎~",
"mid":"ADwa8bETU",
"date":"2014-03-31 14:00:30"
},
{
"kids":[],
"uid":"2890155270",
"parent":"",
"text":"",
"mid":"ADwa6mAaN",
"date":"2014-03-31 14:00:25"
},
{
"kids":[],
"uid":"2081577707",
"parent":"",
"text":"@张熊猫",
"mid":"ADwa4hexY",
"date":"2014-03-31 14:00:19"
},
{
"kids":[],
"uid":"3026883293",
"parent":"",
"text":"天下“文章”一大抄啊！",
"mid":"ADw9V8U0U",
"date":"2014-03-31 13:59:59"
},
{
"kids":[],
"uid":"234231618",
"parent":"",
"text":"这种男的真心让人恶心",
"mid":"ADw9TFLH0",
"date":"2014-03-31 13:59:56"
},
{
"kids":[],
"uid":"qamhao",
"parent":"",
"text":"天下“文章”一大抄，就看你会抄不会抄。",
"mid":"ADw9QpFPt",
"date":"2014-03-31 13:59:48"
},
{
"kids":[],
"uid":"2533665573",
"parent":"",
"text":"[哼][哼]",
"mid":"ADw9NaI2F",
"date":"2014-03-31 13:59:40"
},
{
"kids":[
"ADwyk6rwJ"
],
"uid":"339820555",
"parent":"",
"text":"[挖鼻屎]",
"mid":"ADw9J1XAZ",
"date":"2014-03-31 13:59:30"
},
{
"kids":[],
"uid":"1462808123",
"parent":"",
"text":"[愤怒][愤怒][愤怒][愤怒]",
"mid":"ADw9IanPp",
"date":"2014-03-31 13:59:27"
},
{
"kids":[],
"uid":"2427561433",
"parent":"",
"text":"嗯…感觉很反感他了！",
"mid":"ADw9GmKKy",
"date":"2014-03-31 13:59:24"
},
{
"kids":[],
"uid":"1701639442",
"parent":"",
"text":"[晕]",
"mid":"ADw9Fd1Yj",
"date":"2014-03-31 13:59:21"
},
{
"kids":[],
"uid":"1954918950",
"parent":"",
"text":"天下文章一大抄[哈哈]",
"mid":"ADw9zijRq",
"date":"2014-03-31 13:59:07"
},
{
"kids":[],
"uid":"2644860585",
"parent":"",
"text":"",
"mid":"ADw9ynV5Y",
"date":"2014-03-31 13:59:04"
},
{
"kids":[
"ADwgHkWPg"
],
"uid":"2111973232",
"parent":"ADw7ouVQj",
"text":"",
"mid":"ADw9uvDjS",
"date":"2014-03-31 13:58:56"
},
{
"kids":[
"ADwbkA4D8"
],
"uid":"2608023677",
"parent":"",
"text":"哈哈哈哈",
"mid":"ADw9q8E88",
"date":"2014-03-31 13:58:44"
},
{
"kids":[],
"uid":"2289829135",
"parent":"",
"text":"真假！！！[吃惊][吃惊][吃惊]",
"mid":"ADw9o5DOL",
"date":"2014-03-31 13:58:40"
},
{
"kids":[],
"uid":"jiaxuemei",
"parent":"",
"text":"",
"mid":"ADw9lETp2",
"date":"2014-03-31 13:58:35"
},
{
"kids":[],
"uid":"1681421105",
"parent":"",
"text":"",
"mid":"ADw9lDD6S",
"date":"2014-03-31 13:58:35"
},
{
"kids":[],
"uid":"2949469020",
"parent":"",
"text":"[愤怒]",
"mid":"ADw9j0l1B",
"date":"2014-03-31 13:58:28"
},
{
"kids":[],
"uid":"3suneason",
"parent":"",
"text":"[围观]",
"mid":"ADw991gvz",
"date":"2014-03-31 13:58:04"
},
{
"kids":[],
"uid":"529957678",
"parent":"",
"text":"[嘻嘻]",
"mid":"ADw93oaiK",
"date":"2014-03-31 13:57:51"
},
{
"kids":[],
"uid":"3303278941",
"parent":"",
"text":"@Claudia_付",
"mid":"ADw92raTZ",
"date":"2014-03-31 13:57:49"
},
{
"kids":[],
"uid":"2639090967",
"parent":"",
"text":"",
"mid":"ADw91BF2J",
"date":"2014-03-31 13:57:46"
},
{
"kids":[],
"uid":"1785572030",
"parent":"",
"text":"",
"mid":"ADw91k3v6",
"date":"2014-03-31 13:57:46"
},
{
"kids":[],
"uid":"1627919443",
"parent":"",
"text":"高端黑啊~~天下艺人皆同路，天下文章皆文章",
"mid":"ADw91iUPs",
"date":"2014-03-31 13:57:46"
},
{
"kids":[
"ADE1Itayw",
"ADxQI64yD",
"ADxibjEpX",
"ADx5btaV6",
"ADwUTe6cG",
"ADwJxmjEv",
"ADwwFv5vX",
"ADwpud99G",
"ADwkj05Ir",
"ADwjzcVje",
"ADwiAk0vw",
"ADwiqh9NE",
"ADweB1ixj",
"ADwdVjJAV",
"ADwdty9kX",
"ADwaB5EtB"
],
"uid":"1630379220",
"parent":"",
"text":"这也算抄袭吧，连认错都有模板",
"mid":"ADw8ZwoVr",
"date":"2014-03-31 13:57:42"
},
{
"kids":[],
"uid":"2239100457",
"parent":"",
"text":"",
"mid":"ADw8YlxFX",
"date":"2014-03-31 13:57:39"
},
{
"kids":[
"ADwKje8rT"
],
"uid":"1785851683",
"parent":"",
"text":"额，原来是这样，高总的道歉信成模版了。。。",
"mid":"ADw8T1e5K",
"date":"2014-03-31 13:57:26"
},
{
"kids":[],
"uid":"2710454312",
"parent":"",
"text":"",
"mid":"ADw8S9dnc",
"date":"2014-03-31 13:57:24"
},
{
"kids":[],
"uid":"1970955847",
"parent":"",
"text":"这种也太没节操了。。。。网络上脑残虽多，但有脑子的人还是有的！又使劲拖进一个不相干的人去恶搞，真是没什么意思。别说这是娱乐精神，不好笑。",
"mid":"ADw8RxzqT",
"date":"2014-03-31 13:57:23"
},
{
"kids":[],
"uid":"2619563917",
"parent":"",
"text":"相爱容易相守难。承诺容易，坚守难。[鄙视][鄙视]",
"mid":"ADw8Q6fpX",
"date":"2014-03-31 13:57:19"
},
{
"kids":[],
"uid":"3481028714",
"parent":"",
"text":"",
"mid":"ADw8PqZBY",
"date":"2014-03-31 13:57:18"
},
{
"kids":[],
"uid":"2950389093",
"parent":"",
"text":"",
"mid":"ADw8PbRCa",
"date":"2014-03-31 13:57:17"
},
{
"kids":[],
"uid":"1692273544",
"parent":"",
"text":"[鄙视]",
"mid":"ADw8Mw6Zy",
"date":"2014-03-31 13:57:11"
},
{
"kids":[],
"uid":"1991570080",
"parent":"",
"text":"[衰]我K，这也能抄，这是侮辱人啊。。。",
"mid":"ADw8MtELo",
"date":"2014-03-31 13:57:10"
},
{
"kids":[
"ADwDPmGPL"
],
"uid":"2717374221",
"parent":"",
"text":"我去 真的假哒？！",
"mid":"ADw8MfDLo",
"date":"2014-03-31 13:57:10"
},
{
"kids":[
"ADwwOnZto"
],
"uid":"2831893454",
"parent":"",
"text":"天下艺人皆同路，天下文章皆文章[哈哈]",
"mid":"ADw8LmojN",
"date":"2014-03-31 13:57:08"
},
{
"kids":[],
"uid":"wqin725",
"parent":"",
"text":"",
"mid":"ADw8IEkKW",
"date":"2014-03-31 13:57:02"
},
{
"kids":[],
"uid":"1916381635",
"parent":"",
"text":"[哈哈]",
"mid":"ADw8GBonk",
"date":"2014-03-31 13:56:57"
},
{
"kids":[],
"uid":"2111718264",
"parent":"",
"text":"",
"mid":"ADw8D8ktg",
"date":"2014-03-31 13:56:47"
},
{
"kids":[],
"uid":"2288530441",
"parent":"",
"text":"一样一样",
"mid":"ADw8Ap4Wr",
"date":"2014-03-31 13:56:42"
},
{
"kids":[],
"uid":"1937592792",
"parent":"",
"text":"我的天呐",
"mid":"ADw8zwYbg",
"date":"2014-03-31 13:56:40"
},
{
"kids":[],
"uid":"231988624",
"parent":"",
"text":"[挖鼻屎]",
"mid":"ADw8zvPfu",
"date":"2014-03-31 13:56:39"
},
{
"kids":[],
"uid":"snow9",
"parent":"",
"text":"",
"mid":"ADw8t0Rai",
"date":"2014-03-31 13:56:24"
},
{
"kids":[],
"uid":"lijiahasatophead",
"parent":"",
"text":"",
"mid":"ADw8oxnL3",
"date":"2014-03-31 13:56:14"
},
{
"kids":[],
"uid":"5033090879",
"parent":"",
"text":"",
"mid":"ADw8jempG",
"date":"2014-03-31 13:56:01"
},
{
"kids":[],
"uid":"1765656967",
"parent":"",
"text":"xxx，这样也行！",
"mid":"ADw81vDhs",
"date":"2014-03-31 13:55:18"
},
{
"kids":[],
"uid":"1817143295",
"parent":"",
"text":"别谣传了",
"mid":"ADw7YjLA0",
"date":"2014-03-31 13:55:11"
},
{
"kids":[],
"uid":"3166767471",
"parent":"",
"text":"",
"mid":"ADw7SnTm0",
"date":"2014-03-31 13:54:57"
},
{
"kids":[],
"uid":"2673669823",
"parent":"",
"text":"文章的道歉信居然都是抄的！太没诚意了吧！！",
"mid":"ADw7Q0lgr",
"date":"2014-03-31 13:54:50"
},
{
"kids":[],
"uid":"1878145340",
"parent":"",
"text":"[吃惊]基本一致。",
"mid":"ADw7CqdK5",
"date":"2014-03-31 13:54:18"
},
{
"kids":[],
"uid":"2667118183",
"parent":"",
"text":"草[怒]",
"mid":"ADw7pr6Qe",
"date":"2014-03-31 13:53:47"
},
{
"kids":[],
"uid":"uc40175",
"parent":"ADw5H5pZ6",
"text":"",
"mid":"ADw7oyGcG",
"date":"2014-03-31 13:53:46"
},
{
"kids":[
"ADwgHkWPg",
"ADw9uvDjS"
],
"uid":"duleiwb",
"parent":"",
"text":"[围观][围观][围观]",
"mid":"ADw7ouVQj",
"date":"2014-03-31 13:53:46"
},
{
"kids":[],
"uid":"2851962793",
"parent":"",
"text":"艹，抄的，太没诚意了",
"mid":"ADw7gxq5l",
"date":"2014-03-31 13:53:27"
},
{
"kids":[],
"uid":"1403950593",
"parent":"",
"text":"",
"mid":"ADw7fEaRs",
"date":"2014-03-31 13:53:25"
},
{
"kids":[],
"uid":"1790154243",
"parent":"",
"text":"",
"mid":"ADw7foc8i",
"date":"2014-03-31 13:53:24"
},
{
"kids":[
"ADwaJ4fyr"
],
"uid":"3223150322",
"parent":"",
"text":"酱紫吖",
"mid":"ADw7f4Ykb",
"date":"2014-03-31 13:53:23"
},
{
"kids":[],
"uid":"1081128200",
"parent":"",
"text":"经纪人偷懒啊！[思考][挖鼻屎]",
"mid":"ADw7993tf",
"date":"2014-03-31 13:53:09"
},
{
"kids":[],
"uid":"3895389028",
"parent":"",
"text":"无语",
"mid":"ADw77FpGp",
"date":"2014-03-31 13:53:06"
},
{
"kids":[],
"uid":"3556768414",
"parent":"",
"text":"",
"mid":"ADw72CJY2",
"date":"2014-03-31 13:52:53"
},
{
"kids":[],
"uid":"tttiffanyli",
"parent":"",
"text":"",
"mid":"ADw71tsXS",
"date":"2014-03-31 13:52:50"
},
{
"kids":[],
"uid":"yitianfengsanci",
"parent":"",
"text":"是真的 ? @高晓松 是这么重视版权的人....",
"mid":"ADw6XCyHk",
"date":"2014-03-31 13:52:42"
},
{
"kids":[],
"uid":"1862526384",
"parent":"",
"text":"真的一样。。。",
"mid":"ADw6VilHx",
"date":"2014-03-31 13:52:35"
},
{
"kids":[],
"uid":"2102166614",
"parent":"",
"text":"",
"mid":"ADw6RqhVK",
"date":"2014-03-31 13:52:27"
},
{
"kids":[
"ADws2kdst",
"ADwl9lO8y",
"ADwhu6eWf",
"ADweKaUda",
"ADwei9gti",
"ADwbSjLKl"
],
"uid":"9420zn",
"parent":"",
"text":"我觉得明天的头条会变成#周一文章同学体#“时至今日，，，，，，”",
"mid":"ADw6PnxYF",
"date":"2014-03-31 13:52:21"
},
{
"kids":[],
"uid":"2698857662",
"parent":"",
"text":"呵呵，注意字体，辜负的负",
"mid":"ADw6OblPt",
"date":"2014-03-31 13:52:19"
},
{
"kids":[],
"uid":"1922552634",
"parent":"",
"text":"",
"mid":"ADw6MFdXQ",
"date":"2014-03-31 13:52:16"
},
{
"kids":[],
"uid":"mszmsz",
"parent":"",
"text":"个都抄的象！！！",
"mid":"ADw6MoRDH",
"date":"2014-03-31 13:52:15"
},
{
"kids":[],
"uid":"1272134172",
"parent":"",
"text":"",
"mid":"ADw6GcAFC",
"date":"2014-03-31 13:52:00"
},
{
"kids":[],
"uid":"3481028714",
"parent":"",
"text":"",
"mid":"ADw6F1K75",
"date":"2014-03-31 13:51:56"
},
{
"kids":[],
"uid":"1954015760",
"parent":"",
"text":"哈哈～天下文章皆文章，如有雷同实属巧合…",
"mid":"ADw6xjlC2",
"date":"2014-03-31 13:51:39"
},
{
"kids":[],
"uid":"1425087681",
"parent":"",
"text":"出自同一个公关公司吧。",
"mid":"ADw6x5prj",
"date":"2014-03-31 13:51:38"
},
{
"kids":[],
"uid":"5020867637",
"parent":"",
"text":"简直无语",
"mid":"ADw6k3WwO",
"date":"2014-03-31 13:51:07"
},
{
"kids":[],
"uid":"2404882722",
"parent":"",
"text":"@文章同学",
"mid":"ADw60eJFi",
"date":"2014-03-31 13:50:18"
},
{
"kids":[],
"uid":"2184471273",
"parent":"",
"text":"[挖鼻屎]",
"mid":"ADw5YuoY9",
"date":"2014-03-31 13:50:15"
},
{
"kids":[],
"uid":"1132149241",
"parent":"",
"text":"多么虚伪的文章",
"mid":"ADw5X1Wmz",
"date":"2014-03-31 13:50:11"
},
{
"kids":[],
"uid":"2404882722",
"parent":"",
"text":"@文章同学",
"mid":"ADw5Woado",
"date":"2014-03-31 13:50:10"
},
{
"kids":[],
"uid":"1937400754",
"parent":"",
"text":"不会吧",
"mid":"ADw5Uk4Rv",
"date":"2014-03-31 13:50:05"
},
{
"kids":[
"ADy8QscsP",
"ADxmNzP7R",
"ADx4Ybo48",
"ADwZVez3k"
],
"uid":"2164390180",
"parent":"",
"text":"@蜜了个柚子 瓦擦！",
"mid":"ADw5PkJgA",
"date":"2014-03-31 13:49:54"
},
{
"kids":[],
"uid":"1609230292",
"parent":"",
"text":"",
"mid":"ADw5P37Se",
"date":"2014-03-31 13:49:53"
},
{
"kids":[],
"uid":"2100674410",
"parent":"",
"text":"",
"mid":"ADw5Lu87V",
"date":"2014-03-31 13:49:45"
},
{
"kids":[],
"uid":"1775060867",
"parent":"",
"text":"哈哈",
"mid":"ADw5IbU5S",
"date":"2014-03-31 13:49:37"
},
{
"kids":[
"ADw7oyGcG"
],
"uid":"NOBIDANOBI",
"parent":"ADw4eFmEQ",
"text":"已经辟谣了，是个交警闹着玩的",
"mid":"ADw5H5pZ6",
"date":"2014-03-31 13:49:34"
},
{
"kids":[],
"uid":"1756435785",
"parent":"",
"text":"靠……无耻",
"mid":"ADw5E5KvA",
"date":"2014-03-31 13:49:27"
},
{
"kids":[
"ADwqBCAHv"
],
"uid":"qiqi56",
"parent":"",
"text":"[鄙视]连道歉都抄袭~！BS",
"mid":"ADw5zEBf7",
"date":"2014-03-31 13:49:17"
},
{
"kids":[],
"uid":"2202021121",
"parent":"",
"text":"[哈哈][哈哈]真娱乐啊！！",
"mid":"ADw5nuyzU",
"date":"2014-03-31 13:48:48"
},
{
"kids":[],
"uid":"pingan831255",
"parent":"",
"text":"网民们真是太有才了 神马都能发现",
"mid":"ADw5jqzSn",
"date":"2014-03-31 13:48:38"
},
{
"kids":[],
"uid":"2373327042",
"parent":"",
"text":"有意思",
"mid":"ADw58cNJ6",
"date":"2014-03-31 13:48:11"
},
{
"kids":[],
"uid":"3597878425",
"parent":"",
"text":"呵呵。",
"mid":"ADw55czfG",
"date":"2014-03-31 13:48:04"
},
{
"kids":[],
"uid":"3035529461",
"parent":"",
"text":"呵呵！",
"mid":"ADw4Y8Ew3",
"date":"2014-03-31 13:47:47"
},
{
"kids":[],
"uid":"2644287473",
"parent":"",
"text":"hhh",
"mid":"ADw4XvpfJ",
"date":"2014-03-31 13:47:46"
},
{
"kids":[],
"uid":"2339011213",
"parent":"",
"text":"没诚意",
"mid":"ADw4RDwB2",
"date":"2014-03-31 13:47:32"
},
{
"kids":[],
"uid":"2350988450",
"parent":"",
"text":"果然很像啊！",
"mid":"ADw4G6wTG",
"date":"2014-03-31 13:47:03"
},
{
"kids":[],
"uid":"2058866010",
"parent":"",
"text":"@September丨st",
"mid":"ADw4EBDWy",
"date":"2014-03-31 13:47:01"
},
{
"kids":[],
"uid":"2557930193",
"parent":"",
"text":"",
"mid":"ADw4D9c4e",
"date":"2014-03-31 13:46:57"
},
{
"kids":[
"ADwwNuJC1"
],
"uid":"2737791142",
"parent":"",
"text":"[吃惊]坑爹货。。。。",
"mid":"ADw4jDZPW",
"date":"2014-03-31 13:46:10"
},
{
"kids":[
"ADxoVEQy0",
"ADwuhgdlt",
"ADwtFlf7t",
"ADwqQqWgl",
"ADw7oyGcG",
"ADw5H5pZ6"
],
"uid":"uc40175",
"parent":"",
"text":"真相了",
"mid":"ADw4eFmEQ",
"date":"2014-03-31 13:45:58"
},
{
"kids":[],
"uid":"1838679333",
"parent":"",
"text":"天下文章皆文章啊",
"mid":"ADw42dU1O",
"date":"2014-03-31 13:45:29"
},
{
"kids":[],
"uid":"hm84",
"parent":"",
"text":"",
"mid":"ADw3PsXQi",
"date":"2014-03-31 13:44:59"
},
{
"kids":[],
"uid":"2954705117",
"parent":"",
"text":"牛，网民就是牛",
"mid":"ADw3J2xJp",
"date":"2014-03-31 13:44:42"
},
{
"kids":[],
"uid":"2758174327",
"parent":"",
"text":"",
"mid":"ADw3D4q4W",
"date":"2014-03-31 13:44:29"
}
]