[
{
"kids":[],
"uid":"2809287210",
"parent":"yAAujCpMW",
"text":"",
"mid":"zl2SVgLuV",
"date":"2013-02-27 03:38:41"
},
{
"kids":[],
"uid":"2790060714",
"parent":"yAAujCpMW",
"text":"",
"mid":"zkTpdxJOA",
"date":"2013-02-26 03:30:47"
},
{
"kids":[],
"uid":"1583284044",
"parent":"yAAujCpMW",
"text":"",
"mid":"zk8CL5xHd",
"date":"2013-02-21 04:25:02"
},
{
"kids":[],
"uid":"2809613694",
"parent":"yAAujCpMW",
"text":"",
"mid":"zk3a1xo8n",
"date":"2013-02-20 14:30:31"
},
{
"kids":[],
"uid":"2919732292",
"parent":"yAAujCpMW",
"text":"",
"mid":"ziV4dhLYb",
"date":"2013-02-13 04:03:55"
},
{
"kids":[],
"uid":"2803977944",
"parent":"yAAujCpMW",
"text":"",
"mid":"ziKSX3lip",
"date":"2013-02-12 02:08:42"
},
{
"kids":[],
"uid":"2803664904",
"parent":"yAAujCpMW",
"text":"",
"mid":"zi1Sd6pjp",
"date":"2013-02-07 07:33:16"
},
{
"kids":[],
"uid":"1588373381",
"parent":"yAAujCpMW",
"text":"",
"mid":"zhWDKArtV",
"date":"2013-02-06 18:13:55"
},
{
"kids":[],
"uid":"1777173772",
"parent":"yAOBccNKP",
"text":"",
"mid":"yBGhjwLQT",
"date":"2012-09-13 14:36:26"
},
{
"kids":[
"yBGhjwLQT"
],
"uid":"2683138270",
"parent":"",
"text":"走吧走吧！",
"mid":"yAOBccNKP",
"date":"2012-09-07 21:57:07"
},
{
"kids":[],
"uid":"1776538182",
"parent":"yAB054m0D",
"text":"",
"mid":"yALWadxht",
"date":"2012-09-07 15:10:29"
},
{
"kids":[],
"uid":"2081468553",
"parent":"yABLRDSR7",
"text":"#抵日随想#你个卖肉的,你跩什么跩!在中国你就是生活在最底层的靠出卖皮肉谋生的牲口,你滚就滚,还那么高调干嘛？尘归尘,土归土,去到你的猥琐之都吧!莫要再踏入这洁净的世界了!",
"mid":"yAF9daNqn",
"date":"2012-09-06 21:53:27"
},
{
"kids":[],
"uid":"year1988month0214",
"parent":"",
"text":"银子赚足了，走了，这是来钓鱼的么？",
"mid":"yAEFLATBO",
"date":"2012-09-06 20:40:55"
},
{
"kids":[],
"uid":"2031124750",
"parent":"yABmVDsLc",
"text":"杀光小日本！活抓苍井空！",
"mid":"yAE7g17gT",
"date":"2012-09-06 19:15:53"
},
{
"kids":[],
"uid":"1723948100",
"parent":"yAB054m0D",
"text":"",
"mid":"yACEXAjjD",
"date":"2012-09-06 15:33:23"
},
{
"kids":[],
"uid":"1440406345",
"parent":"yAAysFQuN",
"text":"",
"mid":"yACEXA6td",
"date":"2012-09-06 15:33:24"
},
{
"kids":[],
"uid":"myth12",
"parent":"yABQcjp1f",
"text":"果然内涵…",
"mid":"yACz1ptdI",
"date":"2012-09-06 15:18:48"
},
{
"kids":[],
"uid":"1827301741",
"parent":"",
"text":"我还不知道中国人的底线已经降到要造假新闻来黑一个风尘女子的地步了……",
"mid":"yACo7ieVI",
"date":"2012-09-06 14:51:56"
},
{
"kids":[],
"uid":"mtichasel",
"parent":"yABQw514s",
"text":"",
"mid":"yACg6zKn9",
"date":"2012-09-06 14:32:12"
},
{
"kids":[],
"uid":"bermeca",
"parent":"",
"text":"咦？官网的谣言就不能举报了么？",
"mid":"yAC9Md5WA",
"date":"2012-09-06 14:16:35"
},
{
"kids":[],
"uid":"2017029255",
"parent":"yABoKgsgZ",
"text":"[挖鼻屎]",
"mid":"yAC9lAbR2",
"date":"2012-09-06 14:15:33"
},
{
"kids":[],
"uid":"icavx",
"parent":"yABQcjp1f",
"text":"这不是扯淡么, @苍井空 的微博今天还在更新, 不造谣会死么?",
"mid":"yABYu8zH9",
"date":"2012-09-06 13:48:47"
},
{
"kids":[],
"uid":"xiaoquanju",
"parent":"",
"text":"气走空老师才是触及中华民族的底限！！不过，还好是谣言。",
"mid":"yABTXoMIX",
"date":"2012-09-06 13:37:38"
},
{
"kids":[],
"uid":"tinsoldier",
"parent":"yABQcjp1f",
"text":"重点原来是这个",
"mid":"yABT6fA84",
"date":"2012-09-06 13:35:32"
},
{
"kids":[],
"uid":"2394415810",
"parent":"yABo1kWZb",
"text":"哦豁@惊梦了无痕 [嘻嘻]",
"mid":"yABRH5MZ0",
"date":"2012-09-06 13:32:03"
},
{
"kids":[
"yACg6zKn9"
],
"uid":"1836763517",
"parent":"",
"text":"拜托这个只要动一下手搜下苍姐ID就能破解的超低水准谣言居然也有人信……",
"mid":"yABQw514s",
"date":"2012-09-06 13:29:09"
},
{
"kids":[
"yACz1ptdI",
"yABYu8zH9",
"yABT6fA84"
],
"uid":"marchliu",
"parent":"",
"text":"右边内涵了……原来时为这个事儿……",
"mid":"yABQcjp1f",
"date":"2012-09-06 13:28:20"
},
{
"kids":[],
"uid":"winsingoasestudio",
"parent":"yABlh8rl1",
"text":"胡说！我们和仓老师的感情可以见证共党的驾鹤西归～谁再说我们没感情了，我和谁急！",
"mid":"yABPKu630",
"date":"2012-09-06 13:27:16"
},
{
"kids":[],
"uid":"2841618781",
"parent":"",
"text":"P的话，能不能不要再造谣了，有意思木有[哼]",
"mid":"yABPiroAn",
"date":"2012-09-06 13:26:09"
},
{
"kids":[],
"uid":"1939419467",
"parent":"yABF3rCee",
"text":"没关注表示不知道。。",
"mid":"yABODFm9w",
"date":"2012-09-06 13:24:32"
},
{
"kids":[],
"uid":"chancezane",
"parent":"yABJnb7E1",
"text":"唉，搞得好像靠点龌龊的抹黑就真拿回来似的～",
"mid":"yABN5BQx4",
"date":"2012-09-06 13:20:43"
},
{
"kids":[
"yAF9daNqn"
],
"uid":"2081468553",
"parent":"",
"text":"你个卖肉的,你跩什么跩!在中国你就是生活在最底层的靠出卖皮肉谋生的牲口,你滚就滚,还那么高调干嘛？尘归尘,土归土,去到你的猥琐之都吧!莫要再踏入这洁净的世界了!",
"mid":"yABLRDSR7",
"date":"2012-09-06 13:17:41"
},
{
"kids":[],
"uid":"1476060714",
"parent":"yABlm9Qmy",
"text":"",
"mid":"yABLz5sek",
"date":"2012-09-06 13:16:56"
},
{
"kids":[
"yABN5BQx4"
],
"uid":"1835679135",
"parent":"",
"text":"╮(￣▽￣\")╭ 果然是傻逼博主博出位啊.去苍老师微博一看就知道没有的事儿, 而且人家苍老师才不会为了中国的国土那么激动呢~人家是世界的嘛",
"mid":"yABJnb7E1",
"date":"2012-09-06 13:11:32"
},
{
"kids":[],
"uid":"678287790",
"parent":"yAAFD7cCv",
"text":"苍老师是我们大家的，是世界的，这条怎么会是真的呢，太假了！举报键在哪呢？",
"mid":"yABIPbwuL",
"date":"2012-09-06 13:10:12"
},
{
"kids":[],
"uid":"lingscorpio",
"parent":"yAAFD7cCv",
"text":"苍姐姐的号召力太大了~",
"mid":"yABI31eef",
"date":"2012-09-06 13:08:17"
},
{
"kids":[],
"uid":"twinslcw",
"parent":"yABiKwWJV",
"text":"我竟然同意右边所说",
"mid":"yABGlvFTh",
"date":"2012-09-06 13:04:06"
},
{
"kids":[
"yABODFm9w"
],
"uid":"1773830964",
"parent":"yABdxyZTq",
"text":"好假，昨晚才见到苍老师刷微博- =",
"mid":"yABF3rCee",
"date":"2012-09-06 13:00:55"
},
{
"kids":[],
"uid":"fang691293541",
"parent":"",
"text":"尼玛的，退出就退出吧，你还以为新浪微博没有你会倒闭啊！要不是中国男人，你早混不下了！",
"mid":"yABDbjT7g",
"date":"2012-09-06 12:56:18"
},
{
"kids":[],
"uid":"roundbell",
"parent":"yABwnBv5m",
"text":"",
"mid":"yABBJu0Su",
"date":"2012-09-06 12:52:44"
},
{
"kids":[],
"uid":"1989681211",
"parent":"",
"text":"钓鱼岛是我们的！仓进空也是我们的！只有我们不知我们谁的；",
"mid":"yABB48Wik",
"date":"2012-09-06 12:51:03"
},
{
"kids":[],
"uid":"2016313417",
"parent":"yABibFtme",
"text":"@苍井空 这是骗人的吧！其实这是炒作，是吧？关于钓鱼岛，中国人支持中国，日本人支持日本，我无话可说。不过你就这样放弃微博，对很多人很不公平啊！我们的喜欢无国界，也不受政治的影响，如果我们因为钓鱼岛而讨厌空的话，空也会很伤心吧！同理，你因为钓鱼岛而抛弃中国的粉丝，我们也会伤心的。",
"mid":"yABzOnxGU",
"date":"2012-09-06 12:48:00"
},
{
"kids":[],
"uid":"1758890734",
"parent":"yAB8ycZbs",
"text":"已举报，不谢",
"mid":"yABy085Fk",
"date":"2012-09-06 12:43:32"
},
{
"kids":[
"yABBJu0Su"
],
"uid":"206218180",
"parent":"yAAYBuxnf",
"text":"今天才更新了10条微博。。",
"mid":"yABwnBv5m",
"date":"2012-09-06 12:39:33"
},
{
"kids":[],
"uid":"328939383",
"parent":"yABmVDsLc",
"text":"让LD们无片可看，绝！",
"mid":"yABvYf3XE",
"date":"2012-09-06 12:38:32"
},
{
"kids":[],
"uid":"2253272432",
"parent":"yABu67sIW",
"text":"切~自重",
"mid":"yABvU6S0H",
"date":"2012-09-06 12:38:22"
},
{
"kids":[],
"uid":"jdqxjjx",
"parent":"yABcCxPCS",
"text":"钓鱼岛是中国的，苍井空是世界的",
"mid":"yABuNgnkL",
"date":"2012-09-06 12:35:39"
},
{
"kids":[],
"uid":"zishazuzong",
"parent":"yABibFtme",
"text":"支持风俗合法化！",
"mid":"yABu67wd3",
"date":"2012-09-06 12:33:55"
},
{
"kids":[
"yABvU6S0H"
],
"uid":"liyuning10",
"parent":"",
"text":"喜闻乐见",
"mid":"yABu67sIW",
"date":"2012-09-06 12:33:55"
},
{
"kids":[],
"uid":"2857895914",
"parent":"yABmqEFM7",
"text":"呵呵，以為是李冰冰啊。",
"mid":"yABsCcIjn",
"date":"2012-09-06 12:30:16"
},
{
"kids":[],
"uid":"winjoe",
"parent":"",
"text":"你哪知眼睛看到她退出微博了，今天凌晨还更新微博了。。",
"mid":"yABsi6XZi",
"date":"2012-09-06 12:29:28"
},
{
"kids":[],
"uid":"cheongcheong",
"parent":"yABlm9Qmy",
"text":"苍老师好像没有说退出微博吧~~？",
"mid":"yABrIDYM3",
"date":"2012-09-06 12:28:04"
},
{
"kids":[],
"uid":"lalalilakasana",
"parent":"yAB7fdCXn",
"text":"不要黑她",
"mid":"yABrGzSTS",
"date":"2012-09-06 12:27:59"
},
{
"kids":[],
"uid":"2420050787",
"parent":"yABmqEFM7",
"text":"",
"mid":"yABrCsNXk",
"date":"2012-09-06 12:27:49"
},
{
"kids":[],
"uid":"xiaxiaainimama",
"parent":"yAARe4DVj",
"text":"她退不退关中国P事，难道打起战争要让AV先上吗？",
"mid":"yABrl0gWu",
"date":"2012-09-06 12:27:07"
},
{
"kids":[],
"uid":"2634561493",
"parent":"",
"text":"放屁，尼玛的不要乱说，你他妈趁早滚蛋回家，苍老师昨晚还在发微博呢！何况人家本来就是日本人，为什么要支持中国？就像奥运会的时候梁静茹支持李宗伟还有人质问梁静茹是不是中国人！我擦，先回家喝点三鹿再出来说话，不知道就不要乱说！中国人多，什么人都缺就不缺你们这些傻逼，呵呵呵呵！",
"mid":"yABrf5CO6",
"date":"2012-09-06 12:26:53"
},
{
"kids":[],
"uid":"caozuyi",
"parent":"",
"text":"原来她没有退出，我刚才去她的微博看了的，男性同胞们，继续YY，加油哦！",
"mid":"yABr5jgTc",
"date":"2012-09-06 12:26:30"
},
{
"kids":[],
"uid":"zhangchk520",
"parent":"yABnatdQX",
"text":"擦！国人有点脑子好不好！苍老师绝不会因为政治问题而选择立场。永远爱我的启蒙老师！绝对！",
"mid":"yABr1dz2e",
"date":"2012-09-06 12:26:18"
},
{
"kids":[],
"uid":"qqpkbt",
"parent":"yABdxyZTq",
"text":"蒼老師昨天才發過文",
"mid":"yABpDfHdl",
"date":"2012-09-06 12:22:55"
},
{
"kids":[],
"uid":"102271118",
"parent":"yABlm9Qmy",
"text":"。。。。。",
"mid":"yABoVuaXe",
"date":"2012-09-06 12:21:11"
},
{
"kids":[
"yAC9lAbR2"
],
"uid":"atchaoyi",
"parent":"yABcCxPCS",
"text":"真要退出也没关系，你永远停留在我们的硬盘中。",
"mid":"yABoKgsgZ",
"date":"2012-09-06 12:20:43"
},
{
"kids":[],
"uid":"fengguangjian1992512",
"parent":"yABbOAfTf",
"text":"",
"mid":"yABogo2q6",
"date":"2012-09-06 12:19:34"
},
{
"kids":[
"yABRH5MZ0"
],
"uid":"1892821973",
"parent":"yABlm9Qmy",
"text":"哦豁@苍井色 [偷笑][偷笑]",
"mid":"yABo1kWZb",
"date":"2012-09-06 12:18:57"
},
{
"kids":[
"yABr1dz2e"
],
"uid":"606020414",
"parent":"",
"text":"苍老师根本没说退出中国，又在捏造新闻了",
"mid":"yABnatdQX",
"date":"2012-09-06 12:16:52"
},
{
"kids":[
"yAE7g17gT",
"yABvYf3XE"
],
"uid":"21493610",
"parent":"yABjRooms",
"text":"钓鱼岛是中国的，苍井空是世界的！站在苍井空的立场，我不发表任何言论。",
"mid":"yABmVDsLc",
"date":"2012-09-06 12:16:14"
},
{
"kids":[
"yABsCcIjn",
"yABrCsNXk"
],
"uid":"52890419",
"parent":"yABlm9Qmy",
"text":"人家今天今晨新浪微博还在更新，这个狗屁网站胡扯炒作也太没下限了吧！",
"mid":"yABmqEFM7",
"date":"2012-09-06 12:15:02"
},
{
"kids":[],
"uid":"1729673370",
"parent":"",
"text":"SB 五毛媒体滚出",
"mid":"yABmaowtc",
"date":"2012-09-06 12:14:23"
},
{
"kids":[
"yABLz5sek",
"yABrIDYM3",
"yABoVuaXe",
"yABo1kWZb",
"yABmqEFM7"
],
"uid":"liujong",
"parent":"",
"text":"@苍井色",
"mid":"yABlm9Qmy",
"date":"2012-09-06 12:12:22"
},
{
"kids":[
"yABPKu630"
],
"uid":"fh0079",
"parent":"yABjRooms",
"text":"是啊我们有底线的小编你的底线呢？",
"mid":"yABlh8rl1",
"date":"2012-09-06 12:12:10"
},
{
"kids":[],
"uid":"goncha",
"parent":"yAB8qdrAT",
"text":"人家这是真正的爱国，不知道有没有国内演员宣布推出日本市场？",
"mid":"yABl9sIdR",
"date":"2012-09-06 12:11:53"
},
{
"kids":[],
"uid":"2449546422",
"parent":"",
"text":"除了sb找不到其他词了",
"mid":"yABl0gDvR",
"date":"2012-09-06 12:11:31"
},
{
"kids":[
"yABmVDsLc",
"yABlh8rl1"
],
"uid":"lsony",
"parent":"",
"text":"这傻逼官博想干啥？",
"mid":"yABjRooms",
"date":"2012-09-06 12:08:42"
},
{
"kids":[],
"uid":"1630190374",
"parent":"yABdHhjLn",
"text":"共产党多年大力培养的单向思维开始奏效了",
"mid":"yABiU1yiU",
"date":"2012-09-06 12:06:20"
},
{
"kids":[
"yABGlvFTh"
],
"uid":"1034573130",
"parent":"yABgJynWL",
"text":"就算是真的~也无可厚非~她只是在做一个日本人应尽的义务而已！比起那些口口声声说爱国~却每晚看着日本动作电影撸管的人~苍老师更值得我尊重！",
"mid":"yABiKwWJV",
"date":"2012-09-06 12:05:58"
},
{
"kids":[
"yABzOnxGU",
"yABu67wd3"
],
"uid":"yuinagi",
"parent":"",
"text":"日本支持日本，中国支持中国，又有什么问题了啊……",
"mid":"yABibFtme",
"date":"2012-09-06 12:04:34"
},
{
"kids":[],
"uid":"enjoien",
"parent":"",
"text":"1:36@苍井空 老湿不是还在更新吗？@死艾克 ，你老湿没走吧？",
"mid":"yABhW0HnZ",
"date":"2012-09-06 12:03:56"
},
{
"kids":[],
"uid":"steve0zhang",
"parent":"yABcCxPCS",
"text":"死日本人……滚吧…………",
"mid":"yABhR0xDi",
"date":"2012-09-06 12:03:45"
},
{
"kids":[
"yABiKwWJV"
],
"uid":"archerh",
"parent":"yABdxyZTq",
"text":"@微博辟谣",
"mid":"yABgJynWL",
"date":"2012-09-06 12:01:00"
},
{
"kids":[],
"uid":"2381080225",
"parent":"yAB4fjkHj",
"text":"最右太逗",
"mid":"yABg1eIq7",
"date":"2012-09-06 11:59:14"
},
{
"kids":[],
"uid":"22719045",
"parent":"yABdxyZTq",
"text":"假新闻有意义吗？",
"mid":"yABfDzZxB",
"date":"2012-09-06 11:58:16"
},
{
"kids":[],
"uid":"sebanana",
"parent":"yABcCxPCS",
"text":"拜拜@苍井空",
"mid":"yABfu7Sdw",
"date":"2012-09-06 11:57:55"
},
{
"kids":[],
"uid":"123880917",
"parent":"yABcCxPCS",
"text":"已举报",
"mid":"yABeGtQH6",
"date":"2012-09-06 11:55:56"
},
{
"kids":[],
"uid":"hughke",
"parent":"yABcpv7Ps",
"text":"",
"mid":"yABeawuXd",
"date":"2012-09-06 11:54:40"
},
{
"kids":[
"yABiU1yiU"
],
"uid":"imob1222",
"parent":"yAB8qdrAT",
"text":"最爱苍老师！",
"mid":"yABdHhjLn",
"date":"2012-09-06 11:53:31"
},
{
"kids":[],
"uid":"yueyan1123",
"parent":"yABcCxPCS",
"text":"傻逼官博不许黑我们苍老师",
"mid":"yABdAdSKq",
"date":"2012-09-06 11:53:12"
},
{
"kids":[
"yABF3rCee",
"yABpDfHdl",
"yABgJynWL",
"yABfDzZxB"
],
"uid":"1815062090",
"parent":"",
"text":"因为他们书法不如苍老师么",
"mid":"yABdxyZTq",
"date":"2012-09-06 11:53:07"
},
{
"kids":[],
"uid":"liwenqiu",
"parent":"yAB8qdrAT",
"text":"艺术无国界",
"mid":"yABd37WyB",
"date":"2012-09-06 11:51:54"
},
{
"kids":[],
"uid":"fermi",
"parent":"",
"text":"造这样很容易被戳穿的谣，是有病吗？",
"mid":"yABd0qmXK",
"date":"2012-09-06 11:51:49"
},
{
"kids":[
"yABuNgnkL",
"yABoKgsgZ",
"yABhR0xDi",
"yABfu7Sdw",
"yABeGtQH6",
"yABdAdSKq"
],
"uid":"704928382",
"parent":"",
"text":"官博智商有问题= =||",
"mid":"yABcCxPCS",
"date":"2012-09-06 11:50:52"
},
{
"kids":[
"yABeawuXd"
],
"uid":"87733102",
"parent":"",
"text":"中国人民是有底线的，但是长江网是没有底裤的。",
"mid":"yABcpv7Ps",
"date":"2012-09-06 11:50:21"
},
{
"kids":[
"yABogo2q6"
],
"uid":"1942861533",
"parent":"",
"text":"额，谣言总是那么的无聊，逼出一大堆无聊的人",
"mid":"yABbOAfTf",
"date":"2012-09-06 11:48:51"
},
{
"kids":[],
"uid":"jiangpeng311",
"parent":"yAB8qdrAT",
"text":"看来撸管果然影响智商啊",
"mid":"yABb8kGYt",
"date":"2012-09-06 11:47:11"
},
{
"kids":[],
"uid":"8627akame",
"parent":"yAAHBba28",
"text":"排右",
"mid":"yABaq28iz",
"date":"2012-09-06 11:45:25"
},
{
"kids":[],
"uid":"1923014044",
"parent":"",
"text":"苍老师是世界的，又不是日本的，小编别边祈祷苍老师无码流出还边骂人家好吗好吗好吗！！！",
"mid":"yAB9S2WGX",
"date":"2012-09-06 11:44:04"
},
{
"kids":[],
"uid":"570542020",
"parent":"yAAFD7cCv",
"text":"",
"mid":"yAB9MqEFm",
"date":"2012-09-06 11:43:50"
},
{
"kids":[],
"uid":"1923014044",
"parent":"yAB8qdrAT",
"text":"长江日报是啥玩意？",
"mid":"yAB96rUnb",
"date":"2012-09-06 11:42:12"
},
{
"kids":[],
"uid":"2309706844",
"parent":"",
"text":"艺术是不分国度的",
"mid":"yAB8XihHC",
"date":"2012-09-06 11:41:50"
},
{
"kids":[],
"uid":"moonnightflower",
"parent":"",
"text":"小编智商抓鸡啊",
"mid":"yAB8RptA2",
"date":"2012-09-06 11:41:36"
},
{
"kids":[],
"uid":"1807589602",
"parent":"yAB5Jw7m2",
"text":"我去，这长江网好意思加V？",
"mid":"yAB8H2PUP",
"date":"2012-09-06 11:41:11"
},
{
"kids":[
"yABy085Fk"
],
"uid":"susancp",
"parent":"yAADvElWD",
"text":"哪有明明刚有更新",
"mid":"yAB8ycZbs",
"date":"2012-09-06 11:40:50"
},
{
"kids":[
"yABl9sIdR",
"yABdHhjLn",
"yABd37WyB",
"yABb8kGYt",
"yAB96rUnb"
],
"uid":"marchliu",
"parent":"yAB7fdCXn",
"text":"凭什么要全世界惯着你啊，po主太玻璃心了吧",
"mid":"yAB8qdrAT",
"date":"2012-09-06 11:40:30"
},
{
"kids":[],
"uid":"linpa",
"parent":"yAARe4DVj",
"text":"辟谣转。话说立场本就不一样吵个毛",
"mid":"yAB7FeNGo",
"date":"2012-09-06 11:38:39"
},
{
"kids":[],
"uid":"2916500901",
"parent":"yAB3E5qrg",
"text":"退吧，没有中国的屌丝们，你拍再多AV也没用。万千美女都是过眼云烟，永恒的唯有自己的右手啊！",
"mid":"yAB7g602R",
"date":"2012-09-06 11:37:39"
},
{
"kids":[
"yABrGzSTS",
"yAB8qdrAT"
],
"uid":"myth12",
"parent":"yAAXFyZsD",
"text":"苍老师多萌啊你们不要黑她",
"mid":"yAB7fdCXn",
"date":"2012-09-06 11:37:36"
},
{
"kids":[],
"uid":"1248588880",
"parent":"yAARFeKmN",
"text":"表示理解~同一个逼，不同的世界~",
"mid":"yAB6Ce62a",
"date":"2012-09-06 11:36:04"
},
{
"kids":[],
"uid":"ckaer",
"parent":"",
"text":"我昨晚有看到他就像没回事的感觉在发微博",
"mid":"yAB6bCL4T",
"date":"2012-09-06 11:35:00"
},
{
"kids":[
"yAB8H2PUP"
],
"uid":"448486969",
"parent":"",
"text":"人家脱了你们嫌弃 人家穿上你们也嫌弃。人家开微博你们喷 人家关微博你们也喷。人家只不过是想做好现在做的事 哪那么大仇啊你们。【何况这消息还是假的！】",
"mid":"yAB5Jw7m2",
"date":"2012-09-06 11:33:54"
},
{
"kids":[
"yABg1eIq7"
],
"uid":"otakufan",
"parent":"",
"text":"但是他利用了中国人民的感情，那就是大错特错233333",
"mid":"yAB4fjkHj",
"date":"2012-09-06 11:30:14"
},
{
"kids":[],
"uid":"zhuangjunxiong",
"parent":"yAB1Hxq80",
"text":"╮(╯▽╰)╭",
"mid":"yAB3M6U9x",
"date":"2012-09-06 11:29:03"
},
{
"kids":[
"yAB7g602R"
],
"uid":"1822745922",
"parent":"yAB27h786",
"text":"苍老师不是世界的么、怎么退、",
"mid":"yAB3E5qrg",
"date":"2012-09-06 11:28:44"
},
{
"kids":[],
"uid":"riveryang",
"parent":"yAAZTyPRD",
"text":"是啊，昨晚苍老师还在刷屏呢",
"mid":"yAB368URZ",
"date":"2012-09-06 11:27:24"
},
{
"kids":[],
"uid":"2113887101",
"parent":"yAB1Hxq80",
"text":"哈哈[哈哈][哈哈][哈哈]",
"mid":"yAB2m1G2r",
"date":"2012-09-06 11:25:33"
},
{
"kids":[
"yAB3E5qrg"
],
"uid":"yes0302",
"parent":"",
"text":"不是 这个重点是她压根没退出 中国人就是爱好瞎编这种新闻",
"mid":"yAB27h786",
"date":"2012-09-06 11:24:58"
},
{
"kids":[
"yAB3M6U9x",
"yAB2m1G2r"
],
"uid":"yuhao0018",
"parent":"",
"text":"日本人不支持日本还要支持中国啊？再说了有几个中国人买过苍老师的正餐？",
"mid":"yAB1Hxq80",
"date":"2012-09-06 11:23:56"
},
{
"kids":[],
"uid":"espadad",
"parent":"yAAXFyZsD",
"text":"已举报，不谢",
"mid":"yAB11AhuX",
"date":"2012-09-06 11:22:19"
},
{
"kids":[],
"uid":"gunas",
"parent":"yAAAR4V0Z",
"text":"看了一下苍老师的微博，没看到她说要退出啊~~~会不会是有人故意造谣啊……",
"mid":"yAB0Uue9g",
"date":"2012-09-06 11:22:00"
},
{
"kids":[
"yALWadxht",
"yACEXAjjD"
],
"uid":"2708267022",
"parent":"yAAysFQuN",
"text":"回复@徐执事要当学长了:嘿嘿，我认识滴男生，几乎都不喜欢她。",
"mid":"yAB054m0D",
"date":"2012-09-06 11:19:58"
},
{
"kids":[
"yAB368URZ"
],
"uid":"kmnet",
"parent":"yAAOhqiox",
"text":"长江网微博是自说自话？发文以前居然不到@苍井空 的微博上确认一下？怪不得现在的官方媒体都没什么人相信。",
"mid":"yAAZTyPRD",
"date":"2012-09-06 11:19:31"
},
{
"kids":[],
"uid":"2422458101",
"parent":"yAAFD7cCv",
"text":"..假的啊",
"mid":"yAAZT0fcM",
"date":"2012-09-06 11:19:28"
},
{
"kids":[],
"uid":"yes0302",
"parent":"",
"text":"弱智的中国人",
"mid":"yAAZOgpfs",
"date":"2012-09-06 11:19:18"
},
{
"kids":[],
"uid":"neio",
"parent":"yAAYBuxnf",
"text":"さようなら",
"mid":"yAAZFFmTA",
"date":"2012-09-06 11:18:57"
},
{
"kids":[],
"uid":"miffylimiffyli",
"parent":"",
"text":"别扯了 我时刻关注着苍老师呢 苍老师是世界人民的！",
"mid":"yAAZevMNZ",
"date":"2012-09-06 11:17:53"
},
{
"kids":[],
"uid":"1230823463",
"parent":"yAAFD7cCv",
"text":"媒体放屁都不打草稿么...",
"mid":"yAAYXBvNq",
"date":"2012-09-06 11:17:13"
},
{
"kids":[
"yABwnBv5m",
"yAAZFFmTA"
],
"uid":"sciroccoz",
"parent":"yAAsGzejv",
"text":"“但是他利用了中国人民的感情，那就是大错特错”这脸自抽得好",
"mid":"yAAYBuxnf",
"date":"2012-09-06 11:16:20"
},
{
"kids":[
"yAB7fdCXn",
"yAB11AhuX"
],
"uid":"iqingniao",
"parent":"yAAJmtFJe",
"text":"支持天朝说她不爱国，支持日本说她傻逼挑战中国人底线，这个社会真要逼死人么。以及，苍老师根本没退微博好么，脑残爱国人士真是什么都做的出来。",
"mid":"yAAXFyZsD",
"date":"2012-09-06 11:14:02"
},
{
"kids":[],
"uid":"1445179194",
"parent":"",
"text":"再见，苍井空！",
"mid":"yAAXqd5hA",
"date":"2012-09-06 11:13:26"
},
{
"kids":[],
"uid":"1770153920",
"parent":"",
"text":"苍老师走好",
"mid":"yAAX96kQr",
"date":"2012-09-06 11:12:44"
},
{
"kids":[],
"uid":"1274237120",
"parent":"yAAsGzejv",
"text":"突然觉得苍老师比长江网高雅多了。首先，明明苍有微博，不去核查就说她关微博了，关你妹啊！其次，无论大家因何在一起，如果国家矛盾尖锐，分开还是不可避免，而选择自己国家是很自然的。第三，她欺骗谁的感情了？？第四，就算有人欺骗你，你自己没判断力啊？我去！长江网纯粹有病！",
"mid":"yAAWsw9fK",
"date":"2012-09-06 11:11:02"
},
{
"kids":[],
"uid":"shulive123",
"parent":"",
"text":"就没人举报一下吗~~",
"mid":"yAAVIpZ9p",
"date":"2012-09-06 11:09:13"
},
{
"kids":[],
"uid":"2707503523",
"parent":"yAAFD7cCv",
"text":"[bed凌乱]被煽动的人真的有脑子么.....不去查一下看看今凌晨苍老师还发过微博",
"mid":"yAATtewyi",
"date":"2012-09-06 11:03:41"
},
{
"kids":[],
"uid":"2550363153",
"parent":"",
"text":"早点滚！",
"mid":"yAAThFPWA",
"date":"2012-09-06 11:03:13"
},
{
"kids":[],
"uid":"1623572017",
"parent":"",
"text":"那就更应该支持了！苍井空属于日本对中国的文化入侵，如此一来，真是为民除害！",
"mid":"yAASu6pEI",
"date":"2012-09-06 11:01:14"
},
{
"kids":[],
"uid":"1822717563",
"parent":"yAAJWgvpx",
"text":"那那个日语就知道是中国编的╮(╯_╰)╭",
"mid":"yAASjrToh",
"date":"2012-09-06 11:00:50"
},
{
"kids":[],
"uid":"2129285331",
"parent":"",
"text":"她在日本可能是明星，在中国充其量也就是个名妓，拿个黄瓜堵住她的嘴[哈哈]",
"mid":"yAASahMHb",
"date":"2012-09-06 11:00:26"
},
{
"kids":[],
"uid":"sciroccoz",
"parent":"",
"text":"哈哈哈我就不说新闻链接里面用谷歌翻译伪造的日本报纸消息了那语法把我笑出翔！！！",
"mid":"yAARLcaGL",
"date":"2012-09-06 10:59:28"
},
{
"kids":[
"yAB6Ce62a"
],
"uid":"tragedyhero",
"parent":"yAAKPeHcT",
"text":"一个日本人怎么可能支持中国..",
"mid":"yAARFeKmN",
"date":"2012-09-06 10:59:14"
},
{
"kids":[
"yABrl0gWu",
"yAB7FeNGo"
],
"uid":"itousan",
"parent":"yAAFQqJ7Z",
"text":"回复@Jiehunt001:我爱不爱国不需要有人来教[挖鼻屎]我爱国但是我不脑残。",
"mid":"yAARe4DVj",
"date":"2012-09-06 10:58:09"
},
{
"kids":[],
"uid":"1885748701",
"parent":"",
"text":"绝壁是假的，昨天还见到她发微薄",
"mid":"yAAQhffop",
"date":"2012-09-06 10:55:48"
},
{
"kids":[],
"uid":"unitedroad",
"parent":"",
"text":"我就不信是真的，而且在微博上牵扯到政治内容十分不友好",
"mid":"yAAPy41ax",
"date":"2012-09-06 10:54:00"
},
{
"kids":[],
"uid":"fragmentarymoon",
"parent":"",
"text":"有退吗",
"mid":"yAAPkayyU",
"date":"2012-09-06 10:53:28"
},
{
"kids":[
"yAAZTyPRD"
],
"uid":"leejohnxi",
"parent":"yAAFQqJ7Z",
"text":"尼玛昨天晚上还在更新",
"mid":"yAAOhqiox",
"date":"2012-09-06 10:50:54"
},
{
"kids":[],
"uid":"2209778155",
"parent":"yAAFD7cCv",
"text":"假新闻",
"mid":"yAAO03HpF",
"date":"2012-09-06 10:50:10"
},
{
"kids":[],
"uid":"2811880022",
"parent":"yAAsGzejv",
"text":"",
"mid":"yAAMs0m7S",
"date":"2012-09-06 10:46:23"
},
{
"kids":[],
"uid":"ccwbljs",
"parent":"yAALBnRHT",
"text":"+1",
"mid":"yAAMkAMGs",
"date":"2012-09-06 10:46:06"
},
{
"kids":[],
"uid":"1882083580",
"parent":"yAAFQqJ7Z",
"text":"今儿早上还看到苍老湿的微博了，说话要讲证据呐",
"mid":"yAALRknyL",
"date":"2012-09-06 10:44:56"
},
{
"kids":[
"yAAMkAMGs"
],
"uid":"512394498",
"parent":"yAAHtc2am",
"text":"长江日报真他妈不要脸。",
"mid":"yAALBnRHT",
"date":"2012-09-06 10:44:17"
},
{
"kids":[],
"uid":"1728885855",
"parent":"yAADvElWD",
"text":"我还是没弄明白她怎么触动中国人民的底线了…就因为她活儿比有些人那些干巴巴的老婆好么？",
"mid":"yAAKYndNz",
"date":"2012-09-06 10:42:45"
},
{
"kids":[
"yAARFeKmN"
],
"uid":"flyshadow1980",
"parent":"yAAJq5fcG",
"text":"噗。。。",
"mid":"yAAKPeHcT",
"date":"2012-09-06 10:42:21"
},
{
"kids":[],
"uid":"512394498",
"parent":"yAAGrngAF",
"text":"扯鸡巴蛋，日本前任及现任AV界女优在新浪微博更新至今的至少还有三个，其中两个曾经爆红，一个一般。苍井空基本不跟蠢货谈论钓鱼岛，红音萤受不了蠢货刷屏已经关闭了评论，但多次呼吁不要过多讨论政治问题。且不论假消息是出于什么目的，但没有哪个蠢货的感情被利用了，那只是蠢货一厢情愿的意淫。",
"mid":"yAAK63erH",
"date":"2012-09-06 10:40:35"
},
{
"kids":[],
"uid":"340234690",
"parent":"yAAFD7cCv",
"text":"最右别自黑咯",
"mid":"yAAJZdQK4",
"date":"2012-09-06 10:40:18"
},
{
"kids":[
"yAASjrToh"
],
"uid":"nakaimizuki",
"parent":"yAAHSgWlD",
"text":"[黑線]原PO智商堪忧",
"mid":"yAAJWgvpx",
"date":"2012-09-06 10:40:12"
},
{
"kids":[
"yAAKPeHcT"
],
"uid":"2355855673",
"parent":"yAAFQqJ7Z",
"text":"各爱各的国，很正常",
"mid":"yAAJq5fcG",
"date":"2012-09-06 10:38:55"
},
{
"kids":[
"yAAXFyZsD"
],
"uid":"devilslord",
"parent":"yAAFQqJ7Z",
"text":"空老师要是支持中国，反而得骂婊子无情，戏子无义了……我靠，好像是地图炮",
"mid":"yAAJmtFJe",
"date":"2012-09-06 10:38:47"
},
{
"kids":[],
"uid":"hacomeeta",
"parent":"yAAGCBhK4",
"text":"好假",
"mid":"yAAILi6fv",
"date":"2012-09-06 10:37:17"
},
{
"kids":[],
"uid":"1295865900",
"parent":"yAAFD7cCv",
"text":"还在呢啊",
"mid":"yAAIiBB1t",
"date":"2012-09-06 10:36:10"
},
{
"kids":[],
"uid":"2649880647",
"parent":"yAAFD7cCv",
"text":"→_→假新闻 @苍井空",
"mid":"yAAIf52S0",
"date":"2012-09-06 10:36:00"
},
{
"kids":[],
"uid":"0826wjx",
"parent":"",
"text":"啥问题都爱上钢上线的，果然越没出息的国家越喜欢往政治上扯",
"mid":"yAAI5yFw9",
"date":"2012-09-06 10:35:39"
},
{
"kids":[
"yAAJWgvpx"
],
"uid":"gaobotong",
"parent":"yAAFD7cCv",
"text":"@苍井空 老师都中枪。。",
"mid":"yAAHSgWlD",
"date":"2012-09-06 10:35:08"
},
{
"kids":[],
"uid":"nishizixue",
"parent":"yAACKlmc5",
"text":"谣言就是从这些没有敬业精神的媒体开始的",
"mid":"yAAHCDC30",
"date":"2012-09-06 10:34:30"
},
{
"kids":[
"yABaq28iz"
],
"uid":"311451888",
"parent":"",
"text":"MB别丢武汉媒体的脸了好吗！早就辟谣了还发还自转，这样不负责报道恶意煽动民意（还有一堆人自己也没判断力）不觉得羞耻还觉得高尚！",
"mid":"yAAHBba28",
"date":"2012-09-06 10:34:26"
},
{
"kids":[
"yAALBnRHT"
],
"uid":"ccwbljs",
"parent":"",
"text":"一个造谣的官博，利用民族感情的人是你们",
"mid":"yAAHtc2am",
"date":"2012-09-06 10:34:05"
},
{
"kids":[],
"uid":"jerryyan07",
"parent":"yAAsGzejv",
"text":"",
"mid":"yAAHj9edv",
"date":"2012-09-06 10:33:42"
},
{
"kids":[],
"uid":"2886748980",
"parent":"yAAFD7cCv",
"text":"媒体里的弱智。。。。",
"mid":"yAAHgtLX6",
"date":"2012-09-06 10:33:37"
},
{
"kids":[],
"uid":"2625587663",
"parent":"",
"text":"你早就应该回去了，你玷污了多少中国纯洁的青少年的思想",
"mid":"yAAGYtwVz",
"date":"2012-09-06 10:32:54"
},
{
"kids":[],
"uid":"1741614811",
"parent":"yAAFQqJ7Z",
"text":"这不早辟谣了嘛。。。前天苍老师还在问中国哪里好玩。。。",
"mid":"yAAGIemYq",
"date":"2012-09-06 10:32:14"
},
{
"kids":[
"yAAILi6fv"
],
"uid":"2141283005",
"parent":"yAAFD7cCv",
"text":"她前段时间还说很想来中国的好吗，怎么可能变这么快",
"mid":"yAAGCBhK4",
"date":"2012-09-06 10:32:00"
},
{
"kids":[
"yAAK63erH"
],
"uid":"ccwbljs",
"parent":"yAAEtCT5c",
"text":"假新闻，苍老湿今天都还在更新微博",
"mid":"yAAGrngAF",
"date":"2012-09-06 10:31:34"
},
{
"kids":[],
"uid":"1600665010",
"parent":"yAAFD7cCv",
"text":"",
"mid":"yAAGlsSM2",
"date":"2012-09-06 10:31:20"
},
{
"kids":[
"yAARe4DVj",
"yAAOhqiox",
"yAALRknyL",
"yAAJq5fcG",
"yAAJmtFJe",
"yAAGIemYq"
],
"uid":"itousan",
"parent":"yAACJcftI",
"text":"爱国有错吗？",
"mid":"yAAFQqJ7Z",
"date":"2012-09-06 10:30:07"
},
{
"kids":[
"yABIPbwuL",
"yABI31eef",
"yAB9MqEFm",
"yAAZT0fcM",
"yAAYXBvNq",
"yAATtewyi",
"yAAO03HpF",
"yAAJZdQK4",
"yAAIiBB1t",
"yAAIf52S0",
"yAAHSgWlD",
"yAAHgtLX6",
"yAAGCBhK4",
"yAAGlsSM2"
],
"uid":"llxxs",
"parent":"",
"text":"都说了是假新闻了，这也太好煽动了吧？",
"mid":"yAAFD7cCv",
"date":"2012-09-06 10:29:34"
},
{
"kids":[],
"uid":"dlsmwzz",
"parent":"yAAAR4V0Z",
"text":"商女竟知亡国恨，反是猪友遍华夏。",
"mid":"yAAESpHs0",
"date":"2012-09-06 10:27:44"
},
{
"kids":[
"yAAGrngAF"
],
"uid":"km4321",
"parent":"",
"text":"",
"mid":"yAAEtCT5c",
"date":"2012-09-06 10:26:45"
},
{
"kids":[
"yAB8ycZbs",
"yAAKYndNz"
],
"uid":"lolicon17",
"parent":"",
"text":"明明昨天还有更新。。。你们都不看的么。。。",
"mid":"yAADvElWD",
"date":"2012-09-06 10:24:22"
},
{
"kids":[
"yAAHCDC30"
],
"uid":"MageFox",
"parent":"yAACiyCdI",
"text":"8小时前。又是假新闻。祝长江网早日倒闭",
"mid":"yAACKlmc5",
"date":"2012-09-06 10:22:27"
},
{
"kids":[
"yAAFQqJ7Z"
],
"uid":"ishidacd37",
"parent":"yAAAR4V0Z",
"text":"她哪有退出啊。。晕。。",
"mid":"yAACJcftI",
"date":"2012-09-06 10:22:26"
},
{
"kids":[
"yAACKlmc5"
],
"uid":"MageFox",
"parent":"yAABHBj37",
"text":"@苍井空",
"mid":"yAACiyCdI",
"date":"2012-09-06 10:21:23"
},
{
"kids":[],
"uid":"watdon",
"parent":"",
"text":"拜拜了~",
"mid":"yAAC7nNDD",
"date":"2012-09-06 10:20:56"
},
{
"kids":[
"yAACiyCdI"
],
"uid":"gaoming013",
"parent":"",
"text":"假的吧~",
"mid":"yAABHBj37",
"date":"2012-09-06 10:19:55"
},
{
"kids":[],
"uid":"2662148103",
"parent":"yAAB42Jqj",
"text":"右边熊已上路 你懂的",
"mid":"yAABFfCP0",
"date":"2012-09-06 10:19:47"
},
{
"kids":[
"yAABFfCP0"
],
"uid":"yurika603",
"parent":"yAAAceJnT",
"text":"中国人民也是有底线的!我们从此要看松岛枫的片子了!连一张手纸也不给你苍井空!",
"mid":"yAAB42Jqj",
"date":"2012-09-06 10:18:20"
},
{
"kids":[
"yAB0Uue9g",
"yAAESpHs0",
"yAACJcftI"
],
"uid":"gogojary",
"parent":"",
"text":"说明爱国+1，话说苍老湿半夜1点刚更新微博",
"mid":"yAAAR4V0Z",
"date":"2012-09-06 10:17:49"
},
{
"kids":[],
"uid":"1909243783",
"parent":"",
"text":"天朝这帮都是二鬼子",
"mid":"yAAAPg7IL",
"date":"2012-09-06 10:17:45"
},
{
"kids":[],
"uid":"asamimon",
"parent":"",
"text":"傻逼媒体啪啪啪~",
"mid":"yAAAJ4Q0o",
"date":"2012-09-06 10:17:29"
},
{
"kids":[],
"uid":"2620514577",
"parent":"yAAsGzejv",
"text":"去你妹的仓……[奥特曼]",
"mid":"yAAAmkF89",
"date":"2012-09-06 10:16:35"
},
{
"kids":[
"yAAB42Jqj"
],
"uid":"2662148103",
"parent":"",
"text":"苍老师没停更啊...",
"mid":"yAAAceJnT",
"date":"2012-09-06 10:16:12"
},
{
"kids":[],
"uid":"eggandlove",
"parent":"yAAxUrgdK",
"text":"苍老湿昨天还发了微博的~233",
"mid":"yAAyD3RHp",
"date":"2012-09-06 10:12:19"
},
{
"kids":[
"yACEXA6td",
"yAB054m0D"
],
"uid":"2708267022",
"parent":"yAAxqBwz2",
"text":"学长，是你吧！",
"mid":"yAAysFQuN",
"date":"2012-09-06 10:11:56"
},
{
"kids":[
"yAAyD3RHp"
],
"uid":"eggandlove",
"parent":"",
"text":"这不是假消息吗？",
"mid":"yAAxUrgdK",
"date":"2012-09-06 10:10:34"
},
{
"kids":[
"yAAysFQuN"
],
"uid":"2281364064",
"parent":"yAAtg0KZ6",
"text":"你经常见到她吗[衰]",
"mid":"yAAxqBwz2",
"date":"2012-09-06 10:09:23"
},
{
"kids":[
"zl2SVgLuV",
"zkTpdxJOA",
"zk8CL5xHd",
"zk3a1xo8n",
"ziV4dhLYb",
"ziKSX3lip",
"zi1Sd6pjp",
"zhWDKArtV"
],
"uid":"2805630474",
"parent":"yAAsGzejv",
"text":"[奥特曼]她算个什么东西？一旦中日真的起冲突，她还能在中国呆下去么？所以才夹着尾巴滚回岛国了。。",
"mid":"yAAujCpMW",
"date":"2012-09-06 10:01:43"
},
{
"kids":[
"yAAxqBwz2"
],
"uid":"2708267022",
"parent":"yAAsGzejv",
"text":"永远也不想再见到你。",
"mid":"yAAtg0KZ6",
"date":"2012-09-06 09:59:06"
},
{
"kids":[
"yAAYBuxnf",
"yAAWsw9fK",
"yAAMs0m7S",
"yAAHj9edv",
"yAAAmkF89",
"yAAujCpMW",
"yAAtg0KZ6"
],
"uid":"wwwcjncn",
"parent":"",
"text":"作为一个日本人，也许他没有错。但是他利用了中国人民的感情，那就是大错特错",
"mid":"yAAsGzejv",
"date":"2012-09-06 09:57:40"
},
{
"kids":[],
"uid":"2439362015",
"parent":"",
"text":"闭眼放屁，这就是官微的水平？",
"mid":"yAAsruW5t",
"date":"2012-09-06 09:57:06"
},
{
"kids":[],
"uid":"2769952984",
"parent":"",
"text":"早就该闪了！中国不需要你这样的贱人！",
"mid":"yAAskFOU0",
"date":"2012-09-06 09:56:50"
},
{
"kids":[],
"uid":"206686832",
"parent":"",
"text":"你难道要一个中国人对日本人说:尖阁列岛是日本的。 这话你说的出，再来骂她。就你这水平，无脑愤青。",
"mid":"yAAlye94P",
"date":"2012-09-06 09:40:06"
},
{
"kids":[],
"uid":"2406959794",
"parent":"",
"text":"=。=哎，苍老师不是世界的么？",
"mid":"yAAj9inQc",
"date":"2012-09-06 09:34:12"
},
{
"kids":[],
"uid":"2713624963",
"parent":"",
"text":"[最差]",
"mid":"yAAiKtW4J",
"date":"2012-09-06 09:33:12"
},
{
"kids":[],
"uid":"huanhuan5200",
"parent":"",
"text":"你早就该回了！",
"mid":"yAAiJk9Id",
"date":"2012-09-06 09:33:10"
},
{
"kids":[],
"uid":"cattyan",
"parent":"",
"text":"",
"mid":"yAAiCvatE",
"date":"2012-09-06 09:32:54"
},
{
"kids":[],
"uid":"2828114054",
"parent":"",
"text":"你真的可以回去了，中国人是有底线的[哼][哼][哼]",
"mid":"yAAgEt0nS",
"date":"2012-09-06 09:28:01"
}
]