[
{
"kids":[],
"uid":"1216294854",
"parent":"",
"text":"中国政府已成为全球化时代的超级大奸商",
"mid":"A5AC3i34s",
"date":"2013-08-20 10:49:56"
},
{
"kids":[],
"uid":"2863304174",
"parent":"",
"text":"是啊",
"mid":"A5yTnAYn6",
"date":"2013-08-20 06:27:09"
},
{
"kids":[],
"uid":"1588613323",
"parent":"Ax4grmjmC",
"text":"",
"mid":"Ax935pd1p",
"date":"2014-02-17 16:08:08"
},
{
"kids":[],
"uid":"3044035904",
"parent":"Ax4grmjmC",
"text":"",
"mid":"Ax81k05R1",
"date":"2014-02-17 13:31:03"
},
{
"kids":[],
"uid":"1560968995",
"parent":"Ax4grmjmC",
"text":"",
"mid":"Ax7c6477j",
"date":"2014-02-17 11:24:50"
},
{
"kids":[],
"uid":"2919829600",
"parent":"Ax4grmjmC",
"text":"",
"mid":"Ax6SYwGA3",
"date":"2014-02-17 10:37:45"
},
{
"kids":[
"Ax935pd1p",
"Ax81k05R1",
"Ax7c6477j",
"Ax6SYwGA3"
],
"uid":"1113131802",
"parent":"",
"text":"",
"mid":"Ax4grmjmC",
"date":"2014-02-17 03:57:19"
},
{
"kids":[],
"uid":"yukinon",
"parent":"A5z6tE6Sh",
"text":"",
"mid":"AhCOura7r",
"date":"2013-11-07 14:29:44"
},
{
"kids":[],
"uid":"2487385220",
"parent":"",
"text":"",
"mid":"A8prCg6K3",
"date":"2013-09-07 23:54:55"
},
{
"kids":[],
"uid":"2920126102",
"parent":"A5J5buPIG",
"text":"",
"mid":"A75asz7VC",
"date":"2013-08-30 06:27:25"
},
{
"kids":[],
"uid":"2839821891",
"parent":"A5CPpqsYW",
"text":"",
"mid":"A6kYEugvX",
"date":"2013-08-25 08:51:59"
},
{
"kids":[],
"uid":"1831801774",
"parent":"A5IDX6F2p",
"text":"对待生命天壤之别，想说粗话。。。。。。",
"mid":"A6fmSoihv",
"date":"2013-08-24 18:35:11"
},
{
"kids":[],
"uid":"3171329183",
"parent":"A5BsNcElb",
"text":"[吃惊]",
"mid":"A6dGlqsxg",
"date":"2013-08-24 14:17:39"
},
{
"kids":[],
"uid":"1674497504",
"parent":"A5B4LD07t",
"text":"",
"mid":"A6cIT6QMm",
"date":"2013-08-24 11:51:10"
},
{
"kids":[],
"uid":"1663048323",
"parent":"A6c9Y3t30",
"text":"想说点什么吗？",
"mid":"A6ceUsB24",
"date":"2013-08-24 10:37:18"
},
{
"kids":[
"A6ceUsB24"
],
"uid":"3048318977",
"parent":"A5CQllemk",
"text":"",
"mid":"A6c9Y3t30",
"date":"2013-08-24 10:25:08"
},
{
"kids":[],
"uid":"1892092115",
"parent":"A5IbfBDWk",
"text":"",
"mid":"A67OxzNLa",
"date":"2013-08-23 23:21:19"
},
{
"kids":[],
"uid":"2803923354",
"parent":"A5B57tWm7",
"text":"",
"mid":"A5UxnnjPI",
"date":"2013-08-22 13:33:21"
},
{
"kids":[],
"uid":"3044979234",
"parent":"A5B57tWm7",
"text":"",
"mid":"A5UgfmxPQ",
"date":"2013-08-22 12:51:08"
},
{
"kids":[],
"uid":"2344532072",
"parent":"A5EIm9W08",
"text":"",
"mid":"A5U7cyup0",
"date":"2013-08-22 12:28:53"
},
{
"kids":[],
"uid":"1938217092",
"parent":"A5KmBhwan",
"text":"",
"mid":"A5N1hrwZ9",
"date":"2013-08-21 18:25:02"
},
{
"kids":[],
"uid":"2624820415",
"parent":"",
"text":"怎么没删除啊",
"mid":"A5LLz8Pp0",
"date":"2013-08-21 15:13:35"
},
{
"kids":[],
"uid":"2532735297",
"parent":"A5K0Xr57m",
"text":"缺失人性的政府才会做出这种毫无人性的决定。",
"mid":"A5Lyhi0t8",
"date":"2013-08-21 14:40:50"
},
{
"kids":[],
"uid":"2606286044",
"parent":"A5BsNcElb",
"text":"",
"mid":"A5LpI0rfI",
"date":"2013-08-21 14:19:44"
},
{
"kids":[],
"uid":"2551605533",
"parent":"A5D1qj3Iv",
"text":"[哼]",
"mid":"A5L1mlMwt",
"date":"2013-08-21 13:19:45"
},
{
"kids":[],
"uid":"2538550193",
"parent":"A5JQJBIDF",
"text":"",
"mid":"A5KUgkzI8",
"date":"2013-08-21 13:02:20"
},
{
"kids":[],
"uid":"1767624653",
"parent":"A5K0Xr57m",
"text":"收税的政府原来是干“白事”的，心却是“黑”的。[鄙视]",
"mid":"A5KF2gePh",
"date":"2013-08-21 12:24:45"
},
{
"kids":[],
"uid":"2633457050",
"parent":"A5Jq0u3jl",
"text":"",
"mid":"A5KD9xHOJ",
"date":"2013-08-21 12:20:07"
},
{
"kids":[],
"uid":"2296711654",
"parent":"A5J1Bl0l1",
"text":"",
"mid":"A5Kzj7NTd",
"date":"2013-08-21 12:10:38"
},
{
"kids":[
"A5N1hrwZ9"
],
"uid":"3227081164",
"parent":"",
"text":"",
"mid":"A5KmBhwan",
"date":"2013-08-21 11:39:20"
},
{
"kids":[],
"uid":"3195776901",
"parent":"A5J1Bl0l1",
"text":"",
"mid":"A5KgllEx9",
"date":"2013-08-21 11:23:55"
},
{
"kids":[],
"uid":"2784743810",
"parent":"",
"text":"",
"mid":"A5KgjfleY",
"date":"2013-08-21 11:23:51"
},
{
"kids":[],
"uid":"hyde666521521",
"parent":"A5KctDbbq",
"text":"中国政府良心啊",
"mid":"A5KfWth9e",
"date":"2013-08-21 11:22:57"
},
{
"kids":[],
"uid":"3195776901",
"parent":"A5J1Bl0l1",
"text":"",
"mid":"A5KfRca36",
"date":"2013-08-21 11:22:44"
},
{
"kids":[],
"uid":"njmjnm168",
"parent":"A5Kd7yMWs",
"text":"TMD死人的税也收，",
"mid":"A5Kequvgn",
"date":"2013-08-21 11:19:13"
},
{
"kids":[
"A5Kequvgn"
],
"uid":"artaxi",
"parent":"",
"text":"所以，聪明的有钱的就往好地方逃!",
"mid":"A5Kd7yMWs",
"date":"2013-08-21 11:16:00"
},
{
"kids":[
"A5KfWth9e"
],
"uid":"maodouluoluoniang",
"parent":"A5K3MpdVl",
"text":"",
"mid":"A5KctDbbq",
"date":"2013-08-21 11:14:24"
},
{
"kids":[],
"uid":"2026804231",
"parent":"A5JXix3c8",
"text":"",
"mid":"A5Kalgyl7",
"date":"2013-08-21 11:09:09"
},
{
"kids":[
"A5KfWth9e",
"A5KctDbbq"
],
"uid":"2718965865",
"parent":"A5J1Bl0l1",
"text":"",
"mid":"A5K3MpdVl",
"date":"2013-08-21 10:52:58"
},
{
"kids":[],
"uid":"678204470",
"parent":"A5JQJBIDF",
"text":"",
"mid":"A5K1e0fWS",
"date":"2013-08-21 10:46:40"
},
{
"kids":[],
"uid":"1933873221",
"parent":"A5JSf0cWs",
"text":"",
"mid":"A5K0Zz4cI",
"date":"2013-08-21 10:46:06"
},
{
"kids":[
"A5Lyhi0t8",
"A5KF2gePh"
],
"uid":"jiangjielawyer",
"parent":"",
"text":"#姜杰律师#对死亡赔偿金收税没有法律依据。这是公然“抢劫”！退“税”！",
"mid":"A5K0Xr57m",
"date":"2013-08-21 10:46:01"
},
{
"kids":[],
"uid":"tinahemogen",
"parent":"A5Jd2sjpK",
"text":"以前土匪在深山，现在土匪在机关。引用一下，太妙了。",
"mid":"A5JYn05VG",
"date":"2013-08-21 10:39:41"
},
{
"kids":[
"A5Kalgyl7"
],
"uid":"guoyi1966129",
"parent":"A5JQJBIDF",
"text":"",
"mid":"A5JXix3c8",
"date":"2013-08-21 10:37:00"
},
{
"kids":[],
"uid":"1923462474",
"parent":"A5Jq0u3jl",
"text":"求辟谣",
"mid":"A5JWRF542",
"date":"2013-08-21 10:35:56"
},
{
"kids":[],
"uid":"2850570873",
"parent":"A5JQJBIDF",
"text":"",
"mid":"A5JUxbATS",
"date":"2013-08-21 10:30:12"
},
{
"kids":[],
"uid":"234235576",
"parent":"A5JPLm4hm",
"text":"",
"mid":"A5JUeyb8Y",
"date":"2013-08-21 10:29:27"
},
{
"kids":[],
"uid":"1966506231",
"parent":"A5JPLm4hm",
"text":"",
"mid":"A5JT99Hhm",
"date":"2013-08-21 10:26:46"
},
{
"kids":[
"A5K0Zz4cI"
],
"uid":"jiangjielawyer",
"parent":"A5JDJz7q4",
"text":"",
"mid":"A5JSf0cWs",
"date":"2013-08-21 10:24:33"
},
{
"kids":[
"A5KUgkzI8",
"A5Kalgyl7",
"A5K1e0fWS",
"A5JXix3c8",
"A5JUxbATS"
],
"uid":"1936655625",
"parent":"A5JoWjuU7",
"text":"",
"mid":"A5JQJBIDF",
"date":"2013-08-21 10:20:53"
},
{
"kids":[
"A5JUeyb8Y",
"A5JT99Hhm"
],
"uid":"2487385220",
"parent":"A5JmQldXZ",
"text":"",
"mid":"A5JPLm4hm",
"date":"2013-08-21 10:18:27"
},
{
"kids":[],
"uid":"2265344270",
"parent":"A5JDzb34L",
"text":"没人权，谁执政都是灾难，就算你是同种人。有人权，谁当政都可接受，就算你是他国人。",
"mid":"A5JIh9t13",
"date":"2013-08-21 09:59:58"
},
{
"kids":[],
"uid":"2557182131",
"parent":"A5JmQldXZ",
"text":"",
"mid":"A5JGsx4Ld",
"date":"2013-08-21 09:55:32"
},
{
"kids":[],
"uid":"2251198073",
"parent":"A5JAr5Gis",
"text":"[怒]",
"mid":"A5JEi6H6e",
"date":"2013-08-21 09:50:11"
},
{
"kids":[
"A5K0Zz4cI",
"A5JSf0cWs"
],
"uid":"jiangjielawyer",
"parent":"",
"text":"政府[弱][弱]",
"mid":"A5JDJz7q4",
"date":"2013-08-21 09:48:48"
},
{
"kids":[
"A5JIh9t13"
],
"uid":"1336328915",
"parent":"A5J8E3bqm",
"text":"不想骂人[怒]",
"mid":"A5JDzb34L",
"date":"2013-08-21 09:48:23"
},
{
"kids":[],
"uid":"1676260454",
"parent":"A5J1Bl0l1",
"text":"",
"mid":"A5JB5vmPz",
"date":"2013-08-21 09:42:18"
},
{
"kids":[],
"uid":"1831765121",
"parent":"A5J1Bl0l1",
"text":"",
"mid":"A5JAM1hjB",
"date":"2013-08-21 09:41:30"
},
{
"kids":[
"A5JEi6H6e"
],
"uid":"1744629912",
"parent":"A5Jd2sjpK",
"text":"",
"mid":"A5JAr5Gis",
"date":"2013-08-21 09:40:40"
},
{
"kids":[],
"uid":"2548253580",
"parent":"A5JxlhIqO",
"text":"死人税",
"mid":"A5Jz2uzTf",
"date":"2013-08-21 09:37:14"
},
{
"kids":[
"A5Jz2uzTf"
],
"uid":"2396636957",
"parent":"A5Jkf10QE",
"text":"请公布当地完税证！",
"mid":"A5JxlhIqO",
"date":"2013-08-21 09:33:04"
},
{
"kids":[],
"uid":"1840045764",
"parent":"A5Jd2sjpK",
"text":"收税。。。",
"mid":"A5JvQeEzI",
"date":"2013-08-21 09:29:22"
},
{
"kids":[
"A5KD9xHOJ",
"A5JWRF542"
],
"uid":"1415919235",
"parent":"A5JoWjuU7",
"text":"",
"mid":"A5Jq0u3jl",
"date":"2013-08-21 09:15:00"
},
{
"kids":[
"A5KUgkzI8",
"A5KD9xHOJ",
"A5Kalgyl7",
"A5K1e0fWS",
"A5JXix3c8",
"A5JWRF542",
"A5JUxbATS",
"A5JQJBIDF",
"A5Jq0u3jl"
],
"uid":"2396636957",
"parent":"A5Jkf10QE",
"text":"",
"mid":"A5JoWjuU7",
"date":"2013-08-21 09:12:22"
},
{
"kids":[
"A5JUeyb8Y",
"A5JT99Hhm",
"A5JPLm4hm",
"A5JGsx4Ld"
],
"uid":"1715290355",
"parent":"A5J1Bl0l1",
"text":"[怒]",
"mid":"A5JmQldXZ",
"date":"2013-08-21 09:07:12"
},
{
"kids":[],
"uid":"1797118525",
"parent":"A5CS904Jh",
"text":"",
"mid":"A5JlWsfrO",
"date":"2013-08-21 09:04:58"
},
{
"kids":[
"A5KUgkzI8",
"A5KD9xHOJ",
"A5Kalgyl7",
"A5K1e0fWS",
"A5JXix3c8",
"A5JWRF542",
"A5JUxbATS",
"A5JQJBIDF",
"A5Jz2uzTf",
"A5JxlhIqO",
"A5Jq0u3jl",
"A5JoWjuU7"
],
"uid":"1178461457",
"parent":"A5Jfsix75",
"text":"",
"mid":"A5Jkf10QE",
"date":"2013-08-21 09:00:47"
},
{
"kids":[
"A5KUgkzI8",
"A5KD9xHOJ",
"A5Kalgyl7",
"A5K1e0fWS",
"A5JXix3c8",
"A5JWRF542",
"A5JUxbATS",
"A5JQJBIDF",
"A5Jz2uzTf",
"A5JxlhIqO",
"A5Jq0u3jl",
"A5JoWjuU7",
"A5Jkf10QE"
],
"uid":"2396636957",
"parent":"A5Jdtp04z",
"text":"@姜杰律师。",
"mid":"A5Jfsix75",
"date":"2013-08-21 08:48:59"
},
{
"kids":[],
"uid":"2396636957",
"parent":"A5Jdtp04z",
"text":"",
"mid":"A5Jfdd1nJ",
"date":"2013-08-21 08:48:23"
},
{
"kids":[],
"uid":"1423270410",
"parent":"A5JcJzsnp",
"text":"这如果是真的，那真的没安全感了",
"mid":"A5Jew7AOc",
"date":"2013-08-21 08:46:41"
},
{
"kids":[
"A5KUgkzI8",
"A5KD9xHOJ",
"A5Kalgyl7",
"A5K1e0fWS",
"A5JXix3c8",
"A5JWRF542",
"A5JUxbATS",
"A5JQJBIDF",
"A5Jz2uzTf",
"A5JxlhIqO",
"A5Jq0u3jl",
"A5JoWjuU7",
"A5Jkf10QE",
"A5Jfsix75",
"A5Jfdd1nJ"
],
"uid":"2697519613",
"parent":"A5J8E3bqm",
"text":"什么钱都敢收，死的会很惨",
"mid":"A5Jdtp04z",
"date":"2013-08-21 08:44:06"
},
{
"kids":[
"A5JYn05VG",
"A5JEi6H6e",
"A5JAr5Gis",
"A5JvQeEzI"
],
"uid":"ourcent",
"parent":"A5J3boFgh",
"text":"为人民服务",
"mid":"A5Jd2sjpK",
"date":"2013-08-21 08:43:03"
},
{
"kids":[
"A5Jew7AOc"
],
"uid":"2143675695",
"parent":"A5J03i2BT",
"text":"在国外的中国人真心没有安全感",
"mid":"A5JcJzsnp",
"date":"2013-08-21 08:42:18"
},
{
"kids":[
"A5KUgkzI8",
"A5KD9xHOJ",
"A5Kalgyl7",
"A5K1e0fWS",
"A5JXix3c8",
"A5JWRF542",
"A5JUxbATS",
"A5JQJBIDF",
"A5JIh9t13",
"A5JDzb34L",
"A5Jz2uzTf",
"A5JxlhIqO",
"A5Jq0u3jl",
"A5JoWjuU7",
"A5Jkf10QE",
"A5Jfsix75",
"A5Jfdd1nJ",
"A5Jdtp04z"
],
"uid":"2396636957",
"parent":"A5J3boFgh",
"text":"中国有死人税吗？！",
"mid":"A5J8E3bqm",
"date":"2013-08-21 08:32:13"
},
{
"kids":[],
"uid":"2196252543",
"parent":"A5J1Bl0l1",
"text":"",
"mid":"A5J8pguLr",
"date":"2013-08-21 08:31:38"
},
{
"kids":[
"A75asz7VC"
],
"uid":"zhoushuxiaoren",
"parent":"A5J1Bl0l1",
"text":"",
"mid":"A5J5buPIG",
"date":"2013-08-21 08:23:41"
},
{
"kids":[],
"uid":"cczzuu",
"parent":"A5J1Bl0l1",
"text":"",
"mid":"A5J4lv9FS",
"date":"2013-08-21 08:21:38"
},
{
"kids":[
"A5KUgkzI8",
"A5KD9xHOJ",
"A5Kalgyl7",
"A5K1e0fWS",
"A5JYn05VG",
"A5JXix3c8",
"A5JWRF542",
"A5JUxbATS",
"A5JQJBIDF",
"A5JIh9t13",
"A5JEi6H6e",
"A5JDzb34L",
"A5JAr5Gis",
"A5Jz2uzTf",
"A5JxlhIqO",
"A5JvQeEzI",
"A5Jq0u3jl",
"A5JoWjuU7",
"A5Jkf10QE",
"A5Jfsix75",
"A5Jfdd1nJ",
"A5Jdtp04z",
"A5Jd2sjpK",
"A5J8E3bqm"
],
"uid":"1612835454",
"parent":"A5J1Bl0l1",
"text":"",
"mid":"A5J3boFgh",
"date":"2013-08-21 08:18:46"
},
{
"kids":[],
"uid":"2790368305",
"parent":"A5IDX6F2p",
"text":"",
"mid":"A5J21ibCa",
"date":"2013-08-21 08:15:53"
},
{
"kids":[
"A75asz7VC",
"A5KUgkzI8",
"A5KD9xHOJ",
"A5Kzj7NTd",
"A5KgllEx9",
"A5KfWth9e",
"A5KfRca36",
"A5KctDbbq",
"A5Kalgyl7",
"A5K3MpdVl",
"A5K1e0fWS",
"A5JYn05VG",
"A5JXix3c8",
"A5JWRF542",
"A5JUxbATS",
"A5JUeyb8Y",
"A5JT99Hhm",
"A5JQJBIDF",
"A5JPLm4hm",
"A5JIh9t13",
"A5JGsx4Ld",
"A5JEi6H6e",
"A5JDzb34L",
"A5JB5vmPz",
"A5JAM1hjB",
"A5JAr5Gis",
"A5Jz2uzTf",
"A5JxlhIqO",
"A5JvQeEzI",
"A5Jq0u3jl",
"A5JoWjuU7",
"A5JmQldXZ",
"A5Jkf10QE",
"A5Jfsix75",
"A5Jfdd1nJ",
"A5Jdtp04z",
"A5Jd2sjpK",
"A5J8E3bqm",
"A5J8pguLr",
"A5J5buPIG",
"A5J4lv9FS",
"A5J3boFgh"
],
"uid":"zhaliangjun",
"parent":"",
"text":"这样的赔偿款，亏它们好意思收税！[怒]",
"mid":"A5J1Bl0l1",
"date":"2013-08-21 08:14:52"
},
{
"kids":[
"A5Jew7AOc",
"A5JcJzsnp"
],
"uid":"icezzz99",
"parent":"A5AC3i34s",
"text":"",
"mid":"A5J03i2BT",
"date":"2013-08-21 08:11:02"
},
{
"kids":[],
"uid":"2037847615",
"parent":"A5IDX6F2p",
"text":"",
"mid":"A5IKefL4V",
"date":"2013-08-21 07:32:04"
},
{
"kids":[],
"uid":"1274398390",
"parent":"A5IDX6F2p",
"text":"",
"mid":"A5IHgpSZm",
"date":"2013-08-21 07:24:45"
},
{
"kids":[
"A6fmSoihv",
"A5J21ibCa",
"A5IKefL4V",
"A5IHgpSZm"
],
"uid":"2863304174",
"parent":"A5Ixklk7T",
"text":"哲思02030E:现在流行啊",
"mid":"A5IDX6F2p",
"date":"2013-08-21 07:16:35"
},
{
"kids":[
"A6fmSoihv",
"A5J21ibCa",
"A5IKefL4V",
"A5IHgpSZm",
"A5IDX6F2p"
],
"uid":"1274398390",
"parent":"A5IbfBDWk",
"text":"",
"mid":"A5Ixklk7T",
"date":"2013-08-21 07:00:17"
},
{
"kids":[],
"uid":"1009875201",
"parent":"A5IbfBDWk",
"text":"",
"mid":"A5Itg23Ey",
"date":"2013-08-21 06:50:15"
},
{
"kids":[],
"uid":"2481783413",
"parent":"A5IbfBDWk",
"text":"",
"mid":"A5IsI1e5N",
"date":"2013-08-21 06:48:54"
},
{
"kids":[],
"uid":"2425543915",
"parent":"A5Fjjpwa4",
"text":"",
"mid":"A5InQluAg",
"date":"2013-08-21 06:36:55"
},
{
"kids":[],
"uid":"3220611865",
"parent":"A5IbfBDWk",
"text":"现在流行啊",
"mid":"A5IgE5Lqx",
"date":"2013-08-21 06:19:11"
},
{
"kids":[],
"uid":"2985696103",
"parent":"A5IbfBDWk",
"text":"旮",
"mid":"A5IdozhXT",
"date":"2013-08-21 06:11:11"
},
{
"kids":[
"A6fmSoihv",
"A67OxzNLa",
"A5J21ibCa",
"A5IKefL4V",
"A5IHgpSZm",
"A5IDX6F2p",
"A5Ixklk7T",
"A5Itg23Ey",
"A5IsI1e5N",
"A5IgE5Lqx",
"A5IdozhXT"
],
"uid":"2863304174",
"parent":"A5GvHudiE",
"text":"现在流行啊",
"mid":"A5IbfBDWk",
"date":"2013-08-21 06:05:54"
},
{
"kids":[
"A6fmSoihv",
"A67OxzNLa",
"A5J21ibCa",
"A5IKefL4V",
"A5IHgpSZm",
"A5IDX6F2p",
"A5Ixklk7T",
"A5Itg23Ey",
"A5IsI1e5N",
"A5IgE5Lqx",
"A5IdozhXT",
"A5IbfBDWk"
],
"uid":"liangmaoshan",
"parent":"A5AK7Bgy0",
"text":"啃老族",
"mid":"A5GvHudiE",
"date":"2013-08-21 01:50:46"
},
{
"kids":[],
"uid":"2266007647",
"parent":"",
"text":"",
"mid":"A5GrfaKAl",
"date":"2013-08-21 01:39:48"
},
{
"kids":[],
"uid":"1428225210",
"parent":"A5Fjjpwa4",
"text":"",
"mid":"A5FSBvtP6",
"date":"2013-08-21 00:14:27"
},
{
"kids":[],
"uid":"jiehaixia",
"parent":"",
"text":"",
"mid":"A5FGkmtsV",
"date":"2013-08-20 23:44:13"
},
{
"kids":[],
"uid":"1984900703",
"parent":"A5Fjjpwa4",
"text":"",
"mid":"A5FwNozq9",
"date":"2013-08-20 23:20:42"
},
{
"kids":[],
"uid":"1718048237",
"parent":"A5Fjjpwa4",
"text":"",
"mid":"A5FqtxKH0",
"date":"2013-08-20 23:05:08"
},
{
"kids":[],
"uid":"zds20462",
"parent":"A5Fjjpwa4",
"text":"奸人当道。",
"mid":"A5Flg0Cla",
"date":"2013-08-20 22:52:16"
},
{
"kids":[],
"uid":"xiaowangxiaoxiao",
"parent":"A5Fjjpwa4",
"text":"大哥说实话很危险的。但是哥们佩服您。",
"mid":"A5FkD1BAz",
"date":"2013-08-20 22:50:43"
},
{
"kids":[
"A5InQluAg",
"A5FSBvtP6",
"A5FwNozq9",
"A5FqtxKH0",
"A5Flg0Cla",
"A5FkD1BAz"
],
"uid":"1561765424",
"parent":"A5BwiqLe0",
"text":"",
"mid":"A5Fjjpwa4",
"date":"2013-08-20 22:47:31"
},
{
"kids":[],
"uid":"720517898",
"parent":"A5EWm3cX0",
"text":"这确实是假的",
"mid":"A5EXahAEU",
"date":"2013-08-20 21:52:55"
},
{
"kids":[
"A5EXahAEU"
],
"uid":"mengmeng8858",
"parent":"A5CIIg2AM",
"text":"汪老师，有一种说法是这个消息是假的。",
"mid":"A5EWm3cX0",
"date":"2013-08-20 21:50:58"
},
{
"kids":[],
"uid":"mengmeng8858",
"parent":"",
"text":"大学教授，说话要有依据，哦，人大的，算了，你说把",
"mid":"A5EUZv2bS",
"date":"2013-08-20 21:47:35"
},
{
"kids":[],
"uid":"1740643445",
"parent":"A5EIm9W08",
"text":"",
"mid":"A5EQBE9NU",
"date":"2013-08-20 21:36:48"
},
{
"kids":[],
"uid":"2736825582",
"parent":"A5AC3i34s",
"text":"",
"mid":"A5EJrxnqL",
"date":"2013-08-20 21:19:09"
},
{
"kids":[],
"uid":"1819590793",
"parent":"A5EIm9W08",
"text":"",
"mid":"A5EIFnd9X",
"date":"2013-08-20 21:17:14"
},
{
"kids":[
"A5U7cyup0",
"A5EQBE9NU",
"A5EIFnd9X"
],
"uid":"szlgren123",
"parent":"A5AC3i34s",
"text":"",
"mid":"A5EIm9W08",
"date":"2013-08-20 21:16:28"
},
{
"kids":[],
"uid":"1326892957",
"parent":"A5CNu0Qxj",
"text":"",
"mid":"A5EsMf8QB",
"date":"2013-08-20 20:38:03"
},
{
"kids":[],
"uid":"1392597350",
"parent":"",
"text":"太他妈恶心了",
"mid":"A5EicfENm",
"date":"2013-08-20 20:12:01"
},
{
"kids":[],
"uid":"2697241923",
"parent":"A5CIIg2AM",
"text":"",
"mid":"A5DTDxGa7",
"date":"2013-08-20 19:11:34"
},
{
"kids":[],
"uid":"2863289744",
"parent":"",
"text":"[怒]",
"mid":"A5DRWloE2",
"date":"2013-08-20 19:07:20"
},
{
"kids":[],
"uid":"xy5812",
"parent":"A5AC3i34s",
"text":"",
"mid":"A5DNFkTE5",
"date":"2013-08-20 18:56:49"
},
{
"kids":[],
"uid":"1831076177",
"parent":"A5Bus3fW1",
"text":"惨不忍睹！",
"mid":"A5DfndqB8",
"date":"2013-08-20 17:32:18"
},
{
"kids":[],
"uid":"huige007",
"parent":"A5AC3i34s",
"text":"",
"mid":"A5Dd9yKix",
"date":"2013-08-20 17:26:50"
},
{
"kids":[],
"uid":"3069041893",
"parent":"",
"text":"这是一个让人伤心的政府！正像某个段子里调侃的，任何国家都可以无偿使用中国政府的钱，唯独中国的广大受苦老百姓不能！殊不知，国家的财政收入是一分一分的从百姓手里剥削而来！不得不佩服现在的愚民教育，读到博士，都不忘记灌输政治思想！我爱这个国家，但是憎恶现在的政府！",
"mid":"A5DcHr5UR",
"date":"2013-08-20 17:25:44"
},
{
"kids":[],
"uid":"elmocx",
"parent":"A5ATsap5u",
"text":"心寒",
"mid":"A5D9Jnsc8",
"date":"2013-08-20 17:18:23"
},
{
"kids":[],
"uid":"1056807061",
"parent":"A5BsNcElb",
"text":"无耻啊",
"mid":"A5D5m98vL",
"date":"2013-08-20 17:07:38"
},
{
"kids":[],
"uid":"3249484035",
"parent":"A5CCTrMo0",
"text":"@-高伟:周孝正，一个敢说真话的中国知识分子！[good]",
"mid":"A5D3ekrF2",
"date":"2013-08-20 17:02:24"
},
{
"kids":[
"A5L1mlMwt"
],
"uid":"2387437494",
"parent":"A5BAVlYAd",
"text":"这个谣言流传很广了，但无人识其出处，应该是个单纯的谣言。在类似的事件中，以方表示，中国工人只要通过合法途径进入以，不管目前身份如何（有超期滞留嫌疑），以将对其进行国家赔偿。反过来说如果是偷渡者，其获得国家赔偿的可能性不大，以毕竟是一个民主国家，不能乱花纳税人的钱。",
"mid":"A5D1qj3Iv",
"date":"2013-08-20 16:57:55"
},
{
"kids":[],
"uid":"3316672671",
"parent":"A5BsNcElb",
"text":"",
"mid":"A5D1hr4le",
"date":"2013-08-20 16:57:36"
},
{
"kids":[],
"uid":"1407035284",
"parent":"A5AC3i34s",
"text":"",
"mid":"A5CZepzwF",
"date":"2013-08-20 16:52:33"
},
{
"kids":[],
"uid":"2314682051",
"parent":"A5CSHi3wD",
"text":"",
"mid":"A5CYfw3A4",
"date":"2013-08-20 16:50:08"
},
{
"kids":[],
"uid":"zb15163226919",
"parent":"",
"text":"[吃惊]",
"mid":"A5CYawymm",
"date":"2013-08-20 16:49:56"
},
{
"kids":[],
"uid":"1844275115",
"parent":"A5CIIg2AM",
"text":"",
"mid":"A5CXufcX8",
"date":"2013-08-20 16:48:16"
},
{
"kids":[],
"uid":"1071212542",
"parent":"A5AK7Bgy0",
"text":"",
"mid":"A5CXjAJ5f",
"date":"2013-08-20 16:47:49"
},
{
"kids":[],
"uid":"2284861872",
"parent":"A5BsNcElb",
"text":"",
"mid":"A5CXfrDhb",
"date":"2013-08-20 16:47:40"
},
{
"kids":[],
"uid":"3047037127",
"parent":"A5CIIg2AM",
"text":"",
"mid":"A5CUklDhc",
"date":"2013-08-20 16:40:27"
},
{
"kids":[],
"uid":"1876873503",
"parent":"A5BsNcElb",
"text":"赶快跑路吧",
"mid":"A5CU1pKUS",
"date":"2013-08-20 16:39:43"
},
{
"kids":[
"A5CYfw3A4"
],
"uid":"2624954687",
"parent":"A5CH35MOs",
"text":"",
"mid":"A5CSHi3wD",
"date":"2013-08-20 16:36:26"
},
{
"kids":[],
"uid":"fogben",
"parent":"A5BsNcElb",
"text":"",
"mid":"A5CSo5gDX",
"date":"2013-08-20 16:35:41"
},
{
"kids":[
"A5JlWsfrO"
],
"uid":"tiantanghai1985",
"parent":"A5CGL7pHJ",
"text":"",
"mid":"A5CS904Jh",
"date":"2013-08-20 16:35:04"
},
{
"kids":[
"A6ceUsB24",
"A6c9Y3t30"
],
"uid":"3218794685",
"parent":"A5CLiDJRA",
"text":"",
"mid":"A5CQllemk",
"date":"2013-08-20 16:30:38"
},
{
"kids":[
"A6kYEugvX"
],
"uid":"2839821891",
"parent":"A5CCTrMo0",
"text":"",
"mid":"A5CPpqsYW",
"date":"2013-08-20 16:28:21"
},
{
"kids":[],
"uid":"aukokwah",
"parent":"A5CCTrMo0",
"text":"",
"mid":"A5CPmqNIf",
"date":"2013-08-20 16:28:14"
},
{
"kids":[],
"uid":"2278213882",
"parent":"",
"text":"ZF不要脸",
"mid":"A5COZnMbJ",
"date":"2013-08-20 16:27:19"
},
{
"kids":[
"A5EsMf8QB"
],
"uid":"2914413895",
"parent":"A5CCTrMo0",
"text":"这么混蛋的政府就是能存活[抓狂]",
"mid":"A5CNu0Qxj",
"date":"2013-08-20 16:23:35"
},
{
"kids":[],
"uid":"musiczu",
"parent":"A5CIIg2AM",
"text":"",
"mid":"A5CLWA0A6",
"date":"2013-08-20 16:19:47"
},
{
"kids":[],
"uid":"1405341000",
"parent":"A5CIIg2AM",
"text":"",
"mid":"A5CLQnGZh",
"date":"2013-08-20 16:19:33"
},
{
"kids":[],
"uid":"3412880730",
"parent":"A5CGL7pHJ",
"text":"尼玛下手真狠啊",
"mid":"A5CLAoGvm",
"date":"2013-08-20 16:18:55"
},
{
"kids":[
"A6ceUsB24",
"A6c9Y3t30",
"A5CQllemk"
],
"uid":"3412880730",
"parent":"A5CGL7pHJ",
"text":"",
"mid":"A5CLiDJRA",
"date":"2013-08-20 16:18:14"
},
{
"kids":[],
"uid":"1741112853",
"parent":"A5CIIg2AM",
"text":"",
"mid":"A5CL4uN37",
"date":"2013-08-20 16:17:38"
},
{
"kids":[
"A5EXahAEU",
"A5EWm3cX0",
"A5DTDxGa7",
"A5CXufcX8",
"A5CUklDhc",
"A5CLWA0A6",
"A5CLQnGZh",
"A5CL4uN37"
],
"uid":"1322893030",
"parent":"A5CyrpqdC",
"text":"人啊人！",
"mid":"A5CIIg2AM",
"date":"2013-08-20 16:11:52"
},
{
"kids":[
"A5CYfw3A4",
"A5CSHi3wD"
],
"uid":"1670801931",
"parent":"A5CCTrMo0",
"text":"",
"mid":"A5CH35MOs",
"date":"2013-08-20 16:07:46"
},
{
"kids":[
"A6ceUsB24",
"A6c9Y3t30",
"A5JlWsfrO",
"A5CS904Jh",
"A5CQllemk",
"A5CLAoGvm",
"A5CLiDJRA"
],
"uid":"1400627245",
"parent":"A5CAZdRiZ",
"text":"",
"mid":"A5CGL7pHJ",
"date":"2013-08-20 16:07:02"
},
{
"kids":[],
"uid":"1760808477",
"parent":"A5CCTrMo0",
"text":"",
"mid":"A5CGGlj79",
"date":"2013-08-20 16:06:51"
},
{
"kids":[],
"uid":"1935245292",
"parent":"A5AK7Bgy0",
"text":"这样的税也能叫收税，奇葩政府，什么无耻的事都会发生。",
"mid":"A5CFghpCp",
"date":"2013-08-20 16:03:18"
},
{
"kids":[],
"uid":"3074084005",
"parent":"A5CCTrMo0",
"text":"",
"mid":"A5CED0osM",
"date":"2013-08-20 16:01:47"
},
{
"kids":[
"A6kYEugvX",
"A5EsMf8QB",
"A5D3ekrF2",
"A5CYfw3A4",
"A5CSHi3wD",
"A5CPpqsYW",
"A5CPmqNIf",
"A5CNu0Qxj",
"A5CH35MOs",
"A5CGGlj79",
"A5CED0osM"
],
"uid":"2863304174",
"parent":"A5CCB8tUS",
"text":"-",
"mid":"A5CCTrMo0",
"date":"2013-08-20 15:57:30"
},
{
"kids":[
"A6kYEugvX",
"A5EsMf8QB",
"A5D3ekrF2",
"A5CYfw3A4",
"A5CSHi3wD",
"A5CPpqsYW",
"A5CPmqNIf",
"A5CNu0Qxj",
"A5CH35MOs",
"A5CGGlj79",
"A5CED0osM",
"A5CCTrMo0"
],
"uid":"yzysl2006",
"parent":"A5AK7Bgy0",
"text":"",
"mid":"A5CCB8tUS",
"date":"2013-08-20 15:56:46"
},
{
"kids":[
"A6ceUsB24",
"A6c9Y3t30",
"A5JlWsfrO",
"A5CS904Jh",
"A5CQllemk",
"A5CLAoGvm",
"A5CLiDJRA",
"A5CGL7pHJ"
],
"uid":"3478662162",
"parent":"A5BEwpNY5",
"text":"",
"mid":"A5CAZdRiZ",
"date":"2013-08-20 15:52:49"
},
{
"kids":[],
"uid":"1401479845",
"parent":"A5Bpa3OiL",
"text":"真的假的？？",
"mid":"A5CyUn4Li",
"date":"2013-08-20 15:47:42"
},
{
"kids":[
"A5EXahAEU",
"A5EWm3cX0",
"A5DTDxGa7",
"A5CXufcX8",
"A5CUklDhc",
"A5CLWA0A6",
"A5CLQnGZh",
"A5CL4uN37",
"A5CIIg2AM"
],
"uid":"1494068834",
"parent":"A5AC3i34s",
"text":"",
"mid":"A5CyrpqdC",
"date":"2013-08-20 15:46:33"
},
{
"kids":[],
"uid":"2596337491",
"parent":"A5BsNcElb",
"text":"",
"mid":"A5CxPibue",
"date":"2013-08-20 15:45:02"
},
{
"kids":[],
"uid":"2291495690",
"parent":"A5AE7wnQw",
"text":"[怒]",
"mid":"A5CwHjno5",
"date":"2013-08-20 15:42:13"
},
{
"kids":[],
"uid":"1839898221",
"parent":"A5AK7Bgy0",
"text":"@乖乖守护天使",
"mid":"A5Cswtb6S",
"date":"2013-08-20 15:31:58"
},
{
"kids":[],
"uid":"2108434415",
"parent":"A5BENfpso",
"text":"",
"mid":"A5Cpn6rtT",
"date":"2013-08-20 15:24:11"
},
{
"kids":[],
"uid":"zhoujingshan2003",
"parent":"A5BoXlez1",
"text":"",
"mid":"A5CpmdcgS",
"date":"2013-08-20 15:24:08"
},
{
"kids":[],
"uid":"2206887374",
"parent":"A5BEwpNY5",
"text":"",
"mid":"A5ChVye8z",
"date":"2013-08-20 15:05:52"
},
{
"kids":[],
"uid":"1989804147",
"parent":"",
"text":"",
"mid":"A5CfvbRhS",
"date":"2013-08-20 14:59:53"
},
{
"kids":[],
"uid":"2345526253",
"parent":"A5AC3i34s",
"text":"[吃惊]",
"mid":"A5BTMj6ED",
"date":"2013-08-20 14:06:22"
},
{
"kids":[],
"uid":"2043590072",
"parent":"A5BCFteHY",
"text":"真心希望是个笑话！[悲伤]",
"mid":"A5BT5aos0",
"date":"2013-08-20 14:04:42"
},
{
"kids":[],
"uid":"3041159240",
"parent":"A5BCFteHY",
"text":"",
"mid":"A5BQimHCq",
"date":"2013-08-20 13:57:45"
},
{
"kids":[],
"uid":"1228538444",
"parent":"A5ACtBAfi",
"text":"[转发]",
"mid":"A5BKr7co4",
"date":"2013-08-20 13:43:20"
},
{
"kids":[],
"uid":"3168566372",
"parent":"A5BEwpNY5",
"text":"",
"mid":"A5BK8y5nE",
"date":"2013-08-20 13:42:37"
},
{
"kids":[],
"uid":"1834709422",
"parent":"A5BDAcEZR",
"text":"",
"mid":"A5BIMBWsK",
"date":"2013-08-20 13:39:17"
},
{
"kids":[],
"uid":"sunrisely1985",
"parent":"A5Bq58tUY",
"text":"",
"mid":"A5BIr1dz2",
"date":"2013-08-20 13:38:25"
},
{
"kids":[
"A5Cpn6rtT"
],
"uid":"1498394184",
"parent":"A5AC3i34s",
"text":"",
"mid":"A5BENfpso",
"date":"2013-08-20 13:29:27"
},
{
"kids":[
"A6ceUsB24",
"A6c9Y3t30",
"A5JlWsfrO",
"A5CS904Jh",
"A5CQllemk",
"A5CLAoGvm",
"A5CLiDJRA",
"A5CGL7pHJ",
"A5CAZdRiZ",
"A5ChVye8z",
"A5BK8y5nE"
],
"uid":"3169658805",
"parent":"A5BoXlez1",
"text":"太腐败了。真是雁过拔毛啊！",
"mid":"A5BEwpNY5",
"date":"2013-08-20 13:28:46"
},
{
"kids":[],
"uid":"1043296292",
"parent":"A5BB8DRTM",
"text":"",
"mid":"A5BDFfgJP",
"date":"2013-08-20 13:26:39"
},
{
"kids":[
"A5BIMBWsK"
],
"uid":"2595572443",
"parent":"A5AC3i34s",
"text":"",
"mid":"A5BDAcEZR",
"date":"2013-08-20 13:26:29"
},
{
"kids":[
"A5BT5aos0",
"A5BQimHCq"
],
"uid":"1666332272",
"parent":"A5BB8jDG4",
"text":"。。。[吃惊]",
"mid":"A5BCFteHY",
"date":"2013-08-20 13:24:13"
},
{
"kids":[
"A5BDFfgJP"
],
"uid":"culturalan",
"parent":"A5AC3i34s",
"text":"",
"mid":"A5BB8DRTM",
"date":"2013-08-20 13:20:26"
},
{
"kids":[
"A5BT5aos0",
"A5BQimHCq",
"A5BCFteHY"
],
"uid":"topandeng",
"parent":"A5AC3i34s",
"text":"",
"mid":"A5BB8jDG4",
"date":"2013-08-20 13:20:26"
},
{
"kids":[
"A5L1mlMwt",
"A5D1qj3Iv"
],
"uid":"1401147181",
"parent":"A5BA0yRsf",
"text":"感觉像是真的！",
"mid":"A5BAVlYAd",
"date":"2013-08-20 13:19:53"
},
{
"kids":[],
"uid":"3431728594",
"parent":"A5B0PjAvd",
"text":"",
"mid":"A5BAThSlX",
"date":"2013-08-20 13:19:50"
},
{
"kids":[],
"uid":"1417101102",
"parent":"A5BsNcElb",
"text":"",
"mid":"A5BANDsKJ",
"date":"2013-08-20 13:19:36"
},
{
"kids":[
"A5L1mlMwt",
"A5D1qj3Iv",
"A5BAVlYAd"
],
"uid":"1213676462",
"parent":"A5ByPiCYj",
"text":"这叫什么政府？？？",
"mid":"A5BA0yRsf",
"date":"2013-08-20 13:17:40"
},
{
"kids":[],
"uid":"3431728594",
"parent":"A5B0PjAvd",
"text":"",
"mid":"A5BzYgljP",
"date":"2013-08-20 13:17:33"
},
{
"kids":[
"A5L1mlMwt",
"A5D1qj3Iv",
"A5BAVlYAd",
"A5BA0yRsf"
],
"uid":"2320223092",
"parent":"A5BsNcElb",
"text":"泪蹦！",
"mid":"A5ByPiCYj",
"date":"2013-08-20 13:14:43"
},
{
"kids":[],
"uid":"3038971351",
"parent":"A5BsNcElb",
"text":"求真相",
"mid":"A5BwY5DNs",
"date":"2013-08-20 13:10:10"
},
{
"kids":[],
"uid":"wzh200810",
"parent":"A5BsNcElb",
"text":"",
"mid":"A5BwMhAmb",
"date":"2013-08-20 13:09:41"
},
{
"kids":[
"A5InQluAg",
"A5FSBvtP6",
"A5FwNozq9",
"A5FqtxKH0",
"A5Flg0Cla",
"A5FkD1BAz",
"A5Fjjpwa4"
],
"uid":"elwinyang",
"parent":"A5BsNcElb",
"text":"貌似知道中国最大的地主是谁了！",
"mid":"A5BwiqLe0",
"date":"2013-08-20 13:08:31"
},
{
"kids":[],
"uid":"zhenxiaobaodelove",
"parent":"A5AC3i34s",
"text":"",
"mid":"A5BwfqNX1",
"date":"2013-08-20 13:08:23"
},
{
"kids":[],
"uid":"1802855227",
"parent":"A5B2K653q",
"text":"(⊙o⊙)哇",
"mid":"A5BvqlsVP",
"date":"2013-08-20 13:06:20"
},
{
"kids":[
"A5DfndqB8"
],
"uid":"1956280750",
"parent":"A5BsNcElb",
"text":"把脸埋在裤裆里吧。",
"mid":"A5Bus3fW1",
"date":"2013-08-20 13:03:58"
},
{
"kids":[],
"uid":"2287154335",
"parent":"A5AE7wnQw",
"text":"",
"mid":"A5BtAA5vl",
"date":"2013-08-20 13:01:50"
},
{
"kids":[
"A6dGlqsxg",
"A5LpI0rfI",
"A5L1mlMwt",
"A5InQluAg",
"A5FSBvtP6",
"A5FwNozq9",
"A5FqtxKH0",
"A5Flg0Cla",
"A5FkD1BAz",
"A5Fjjpwa4",
"A5DfndqB8",
"A5D5m98vL",
"A5D1qj3Iv",
"A5D1hr4le",
"A5CXfrDhb",
"A5CU1pKUS",
"A5CSo5gDX",
"A5CxPibue",
"A5BAVlYAd",
"A5BANDsKJ",
"A5BA0yRsf",
"A5ByPiCYj",
"A5BwY5DNs",
"A5BwMhAmb",
"A5BwiqLe0",
"A5Bus3fW1"
],
"uid":"1561765424",
"parent":"A5AC3i34s",
"text":"",
"mid":"A5BsNcElb",
"date":"2013-08-20 12:59:53"
},
{
"kids":[],
"uid":"2606702560",
"parent":"A5Bq58tUY",
"text":"",
"mid":"A5Bs3ppK3",
"date":"2013-08-20 12:58:03"
},
{
"kids":[
"A5BIr1dz2",
"A5Bs3ppK3"
],
"uid":"3305257121",
"parent":"A5AC3i34s",
"text":"以色列政府是尊重每一个生命，别信某些人抹黑以色列！",
"mid":"A5Bq58tUY",
"date":"2013-08-20 12:53:11"
},
{
"kids":[],
"uid":"1849427900",
"parent":"A5AC3i34s",
"text":"[挖鼻屎]",
"mid":"A5BpHq3Dg",
"date":"2013-08-20 12:52:16"
},
{
"kids":[],
"uid":"2109343591",
"parent":"A5AK7Bgy0",
"text":"",
"mid":"A5BpCaBFM",
"date":"2013-08-20 12:52:02"
},
{
"kids":[
"A5CyUn4Li"
],
"uid":"leesandhong",
"parent":"A5AC3i34s",
"text":"@你逗我的罢",
"mid":"A5Bpa3OiL",
"date":"2013-08-20 12:50:56"
},
{
"kids":[
"A6ceUsB24",
"A6c9Y3t30",
"A5JlWsfrO",
"A5CS904Jh",
"A5CQllemk",
"A5CLAoGvm",
"A5CLiDJRA",
"A5CGL7pHJ",
"A5CAZdRiZ",
"A5CpmdcgS",
"A5ChVye8z",
"A5BK8y5nE",
"A5BEwpNY5"
],
"uid":"2594507513",
"parent":"A5AC3i34s",
"text":"",
"mid":"A5BoXlez1",
"date":"2013-08-20 12:50:26"
},
{
"kids":[],
"uid":"xxiaoshann",
"parent":"A5AC3i34s",
"text":"…",
"mid":"A5BmU2BHS",
"date":"2013-08-20 12:45:22"
},
{
"kids":[],
"uid":"2284055923",
"parent":"A5AK7Bgy0",
"text":"",
"mid":"A5BmCf5DF",
"date":"2013-08-20 12:44:40"
},
{
"kids":[],
"uid":"jiangfengv5",
"parent":"",
"text":"......",
"mid":"A5BkUekyr",
"date":"2013-08-20 12:40:25"
},
{
"kids":[],
"uid":"2733872102",
"parent":"A5AK7Bgy0",
"text":"",
"mid":"A5BkS8EC1",
"date":"2013-08-20 12:40:21"
},
{
"kids":[],
"uid":"2141624315",
"parent":"A5AK7Bgy0",
"text":"",
"mid":"A5Bk9sPAp",
"date":"2013-08-20 12:38:36"
},
{
"kids":[],
"uid":"miao424",
"parent":"A5B57tWm7",
"text":"",
"mid":"A5Bj3yyor",
"date":"2013-08-20 12:35:52"
},
{
"kids":[],
"uid":"mojiangang",
"parent":"A5ABRceHf",
"text":"他们那管民众的疾苦 他们只管自己如何贪腐",
"mid":"A5Bif3pwo",
"date":"2013-08-20 12:33:53"
},
{
"kids":[],
"uid":"1840058772",
"parent":"A5AC3i34s",
"text":"[草泥马]",
"mid":"A5BgXw3eM",
"date":"2013-08-20 12:30:43"
},
{
"kids":[],
"uid":"1678613350",
"parent":"A5B25hq6d",
"text":"",
"mid":"A5BgSd1yk",
"date":"2013-08-20 12:30:31"
},
{
"kids":[],
"uid":"1889961204",
"parent":"",
"text":"这么荒谬！！！！！？？？？？",
"mid":"A5Bg62QwS",
"date":"2013-08-20 12:28:35"
},
{
"kids":[],
"uid":"3087026685",
"parent":"",
"text":"真的，假的。",
"mid":"A5BfexcK9",
"date":"2013-08-20 12:26:29"
},
{
"kids":[],
"uid":"207770971",
"parent":"A5AC3i34s",
"text":"",
"mid":"A5BeDAJ9v",
"date":"2013-08-20 12:24:59"
},
{
"kids":[],
"uid":"zhupingchangxin",
"parent":"",
"text":"知识分子的使命是为国民监国，大家与其用自己的假话谎言编织一个虚妄的遗骸国民的制度，为其粉饰，不如用自己的良知之声喊出国家的希望",
"mid":"A5Ben56pq",
"date":"2013-08-20 12:24:21"
},
{
"kids":[],
"uid":"pingguoshangshu",
"parent":"A5AC3i34s",
"text":"",
"mid":"A5Bdh5AYi",
"date":"2013-08-20 12:21:40"
},
{
"kids":[],
"uid":"1888925945",
"parent":"A5AC3i34s",
"text":"还有这事？",
"mid":"A5BcR6qVK",
"date":"2013-08-20 12:20:37"
},
{
"kids":[],
"uid":"2955303502",
"parent":"A5AK7Bgy0",
"text":"",
"mid":"A5BczEQVq",
"date":"2013-08-20 12:19:56"
},
{
"kids":[],
"uid":"nhgmlx",
"parent":"A5AC3i34s",
"text":"",
"mid":"A5BaPgpNq",
"date":"2013-08-20 12:15:36"
},
{
"kids":[],
"uid":"1855286833",
"parent":"A5AC3i34s",
"text":"....",
"mid":"A5BaOkz0M",
"date":"2013-08-20 12:15:35"
},
{
"kids":[],
"uid":"yudoor",
"parent":"A5AK7Bgy0",
"text":"",
"mid":"A5BavpHl9",
"date":"2013-08-20 12:14:50"
},
{
"kids":[],
"uid":"3195877600",
"parent":"A5AK7Bgy0",
"text":"让人心寒！那些政府的领导还是人吗？",
"mid":"A5BarjYca",
"date":"2013-08-20 12:14:39"
},
{
"kids":[],
"uid":"125692999",
"parent":"A5AC3i34s",
"text":"",
"mid":"A5Badp5Xa",
"date":"2013-08-20 12:14:07"
},
{
"kids":[],
"uid":"3674575184",
"parent":"A5B4s8WUN",
"text":"",
"mid":"A5B9rwBMQ",
"date":"2013-08-20 12:12:16"
},
{
"kids":[],
"uid":"2006891933",
"parent":"A5AC3i34s",
"text":"",
"mid":"A5B9mvbhc",
"date":"2013-08-20 12:12:01"
},
{
"kids":[],
"uid":"uc37054320",
"parent":"A5zF63EFP",
"text":"",
"mid":"A5B9bi6Km",
"date":"2013-08-20 12:11:33"
},
{
"kids":[],
"uid":"1065519805",
"parent":"A5AC3i34s",
"text":"不新鲜",
"mid":"A5B8N2mvh",
"date":"2013-08-20 12:10:37"
},
{
"kids":[],
"uid":"2115854377",
"parent":"A5AK7Bgy0",
"text":"",
"mid":"A5B7QxJOo",
"date":"2013-08-20 12:08:16"
},
{
"kids":[],
"uid":"2758525231",
"parent":"",
"text":"无耻",
"mid":"A5B7oaoMB",
"date":"2013-08-20 12:07:09"
},
{
"kids":[],
"uid":"1539570284",
"parent":"",
"text":"",
"mid":"A5B6H4P2V",
"date":"2013-08-20 12:05:25"
},
{
"kids":[],
"uid":"1269059165",
"parent":"A5AC3i34s",
"text":"死要钱",
"mid":"A5B5W5cYa",
"date":"2013-08-20 12:03:34"
},
{
"kids":[
"A5UxnnjPI",
"A5UgfmxPQ",
"A5Bj3yyor"
],
"uid":"iminshanghai",
"parent":"",
"text":"我们的zf。。[吃惊]",
"mid":"A5B57tWm7",
"date":"2013-08-20 12:01:34"
},
{
"kids":[],
"uid":"zhtws99",
"parent":"A5AK7Bgy0",
"text":"",
"mid":"A5B4TCWtB",
"date":"2013-08-20 12:00:59"
},
{
"kids":[
"A6cIT6QMm"
],
"uid":"joyseasky",
"parent":"A5AC3i34s",
"text":"",
"mid":"A5B4LD07t",
"date":"2013-08-20 12:00:42"
},
{
"kids":[],
"uid":"1463070607",
"parent":"A5AC3i34s",
"text":"",
"mid":"A5B4Jhjgv",
"date":"2013-08-20 12:00:35"
},
{
"kids":[
"A5B9rwBMQ"
],
"uid":"2636549030",
"parent":"A5AC3i34s",
"text":"最无耻的超级大奸商",
"mid":"A5B4s8WUN",
"date":"2013-08-20 11:59:58"
},
{
"kids":[],
"uid":"1693102254",
"parent":"A5AC3i34s",
"text":"",
"mid":"A5B4dm8cA",
"date":"2013-08-20 11:59:19"
},
{
"kids":[],
"uid":"nnaakkaattaa",
"parent":"A5AC3i34s",
"text":"",
"mid":"A5B4d6IAm",
"date":"2013-08-20 11:59:18"
},
{
"kids":[
"A5BvqlsVP"
],
"uid":"2764466853",
"parent":"A5AC3i34s",
"text":"中国式",
"mid":"A5B2K653q",
"date":"2013-08-20 11:55:42"
},
{
"kids":[],
"uid":"2714389684",
"parent":"A5AC3i34s",
"text":"",
"mid":"A5B2wubtE",
"date":"2013-08-20 11:55:09"
},
{
"kids":[],
"uid":"1720307503",
"parent":"A5AC3i34s",
"text":"",
"mid":"A5B2er1H4",
"date":"2013-08-20 11:54:30"
},
{
"kids":[
"A5BgSd1yk"
],
"uid":"chenmantian",
"parent":"A5ASEcYrI",
"text":"执正六十年，坏事做绝，好事没见几桩，都见怪不怪，习以为常了~",
"mid":"A5B25hq6d",
"date":"2013-08-20 11:54:04"
},
{
"kids":[],
"uid":"1737678841",
"parent":"A5AC3i34s",
"text":"。。。",
"mid":"A5B222u4q",
"date":"2013-08-20 11:53:55"
},
{
"kids":[],
"uid":"2681955335",
"parent":"A5AC3i34s",
"text":"#枪#@静娅:。。。。",
"mid":"A5B1HFcTl",
"date":"2013-08-20 11:53:07"
},
{
"kids":[],
"uid":"2108143365",
"parent":"A5AK7Bgy0",
"text":"我想偷渡去以色列，谁带我去？",
"mid":"A5B1HE2bd",
"date":"2013-08-20 11:53:09"
},
{
"kids":[
"A5BAThSlX",
"A5BzYgljP"
],
"uid":"3224405311",
"parent":"A5ASEcYrI",
"text":"",
"mid":"A5B0PjAvd",
"date":"2013-08-20 11:50:58"
},
{
"kids":[],
"uid":"3393168690",
"parent":"",
"text":"",
"mid":"A5AZoAz5X",
"date":"2013-08-20 11:47:29"
},
{
"kids":[],
"uid":"1944338057",
"parent":"A5AC3i34s",
"text":"",
"mid":"A5AYoj3LX",
"date":"2013-08-20 11:44:59"
},
{
"kids":[],
"uid":"1830095067",
"parent":"A5ATsap5u",
"text":"[神马][怒]",
"mid":"A5AX9q89z",
"date":"2013-08-20 11:41:56"
},
{
"kids":[],
"uid":"1766006997",
"parent":"A5AK7Bgy0",
"text":"",
"mid":"A5AWVxUfs",
"date":"2013-08-20 11:41:23"
},
{
"kids":[],
"uid":"2732183864",
"parent":"A5ATDnpNh",
"text":"",
"mid":"A5AWnBzG3",
"date":"2013-08-20 11:40:01"
},
{
"kids":[],
"uid":"2288237705",
"parent":"A5ASEcYrI",
"text":"",
"mid":"A5AVb8UV6",
"date":"2013-08-20 11:37:04"
},
{
"kids":[],
"uid":"zhao598755978",
"parent":"A5ASEcYrI",
"text":"",
"mid":"A5AUvrdAF",
"date":"2013-08-20 11:35:24"
},
{
"kids":[
"A5AWnBzG3"
],
"uid":"3172912323",
"parent":"A5ASEcYrI",
"text":"啥也不说了，说出来都是眼泪。",
"mid":"A5ATDnpNh",
"date":"2013-08-20 11:33:16"
},
{
"kids":[],
"uid":"xuezhongdebing",
"parent":"",
"text":"还算是人吗",
"mid":"A5ATy3bnz",
"date":"2013-08-20 11:33:03"
},
{
"kids":[
"A5D9Jnsc8",
"A5AX9q89z"
],
"uid":"hydgmsl",
"parent":"A5AK7Bgy0",
"text":"我们的政府真正成了人民币政府，还是人民税政府！！！！！[吐][吐][失望]",
"mid":"A5ATsap5u",
"date":"2013-08-20 11:32:47"
},
{
"kids":[],
"uid":"hydgmsl",
"parent":"A5AK7Bgy0",
"text":"我们的政府真正成了人民币政府，还是人民税政府！！！！！[吐][吐][失望]",
"mid":"A5ATllMnA",
"date":"2013-08-20 11:32:33"
},
{
"kids":[],
"uid":"3309017494",
"parent":"A5AC3i34s",
"text":"",
"mid":"A5AT6xSXU",
"date":"2013-08-20 11:31:58"
},
{
"kids":[],
"uid":"1216862951",
"parent":"A5AC3i34s",
"text":"",
"mid":"A5ASEw5w2",
"date":"2013-08-20 11:30:52"
},
{
"kids":[
"A5BAThSlX",
"A5BzYgljP",
"A5BgSd1yk",
"A5B25hq6d",
"A5B0PjAvd",
"A5AWnBzG3",
"A5AVb8UV6",
"A5AUvrdAF",
"A5ATDnpNh"
],
"uid":"wyqart",
"parent":"A5ARaAZ0a",
"text":"思来想去，荒谬无解。反思引发的除了愤怒还是愤怒",
"mid":"A5ASEcYrI",
"date":"2013-08-20 11:30:50"
},
{
"kids":[
"A5BAThSlX",
"A5BzYgljP",
"A5BgSd1yk",
"A5B25hq6d",
"A5B0PjAvd",
"A5AWnBzG3",
"A5AVb8UV6",
"A5AUvrdAF",
"A5ATDnpNh",
"A5ASEcYrI"
],
"uid":"3215202235",
"parent":"A5AQhEy8q",
"text":"",
"mid":"A5ARaAZ0a",
"date":"2013-08-20 11:27:12"
},
{
"kids":[
"A5BAThSlX",
"A5BzYgljP",
"A5BgSd1yk",
"A5B25hq6d",
"A5B0PjAvd",
"A5AWnBzG3",
"A5AVb8UV6",
"A5AUvrdAF",
"A5ATDnpNh",
"A5ASEcYrI",
"A5ARaAZ0a"
],
"uid":"3098156902",
"parent":"A5AK7Bgy0",
"text":"",
"mid":"A5AQhEy8q",
"date":"2013-08-20 11:25:01"
},
{
"kids":[],
"uid":"2003491143",
"parent":"",
"text":"",
"mid":"A5AQ9mnGI",
"date":"2013-08-20 11:24:41"
},
{
"kids":[],
"uid":"3152227970",
"parent":"A5AK7Bgy0",
"text":"[衰]",
"mid":"A5APe5YNz",
"date":"2013-08-20 11:22:24"
},
{
"kids":[],
"uid":"1354699861",
"parent":"A5AK7Bgy0",
"text":"",
"mid":"A5AP4BkDq",
"date":"2013-08-20 11:22:02"
},
{
"kids":[],
"uid":"1940214725",
"parent":"A5AK7Bgy0",
"text":"是不是真的呀？这也太杂碎了。",
"mid":"A5AOy4z8z",
"date":"2013-08-20 11:20:43"
},
{
"kids":[],
"uid":"572699008",
"parent":"A5AK7Bgy0",
"text":"国人伤心啊[泪]",
"mid":"A5AOy4z6P",
"date":"2013-08-20 11:20:44"
},
{
"kids":[],
"uid":"1646701993",
"parent":"A5AK7Bgy0",
"text":"都收死人税？",
"mid":"A5AOftrJk",
"date":"2013-08-20 11:20:00"
},
{
"kids":[],
"uid":"1687536654",
"parent":"A5AK7Bgy0",
"text":"",
"mid":"A5AOdEMXv",
"date":"2013-08-20 11:19:55"
},
{
"kids":[],
"uid":"niwodwyx",
"parent":"A5AK7Bgy0",
"text":"只知道宣传爱国主义，国爱我们？？",
"mid":"A5AOdrm3N",
"date":"2013-08-20 11:19:55"
},
{
"kids":[],
"uid":"zlswj",
"parent":"",
"text":"翻身作主的人民！",
"mid":"A5AO5rCFE",
"date":"2013-08-20 11:19:35"
},
{
"kids":[],
"uid":"3335580032",
"parent":"A5AK7Bgy0",
"text":"",
"mid":"A5ANlkxhn",
"date":"2013-08-20 11:17:45"
},
{
"kids":[],
"uid":"717393454",
"parent":"A5AK7Bgy0",
"text":"收你妈逼[怒]",
"mid":"A5ANey9sI",
"date":"2013-08-20 11:17:30"
},
{
"kids":[],
"uid":"2099924651",
"parent":"A5AK7Bgy0",
"text":"",
"mid":"A5AN2scRI",
"date":"2013-08-20 11:17:00"
},
{
"kids":[],
"uid":"3150655422",
"parent":"A5AD8n9lD",
"text":"",
"mid":"A5AMI191W",
"date":"2013-08-20 11:16:13"
},
{
"kids":[],
"uid":"2855199632",
"parent":"A5AAFBWXK",
"text":"",
"mid":"A5AMk9Be9",
"date":"2013-08-20 11:15:13"
},
{
"kids":[
"A6kYEugvX",
"A6fmSoihv",
"A67OxzNLa",
"A5J21ibCa",
"A5IKefL4V",
"A5IHgpSZm",
"A5IDX6F2p",
"A5Ixklk7T",
"A5Itg23Ey",
"A5IsI1e5N",
"A5IgE5Lqx",
"A5IdozhXT",
"A5IbfBDWk",
"A5GvHudiE",
"A5EsMf8QB",
"A5D9Jnsc8",
"A5D3ekrF2",
"A5CYfw3A4",
"A5CXjAJ5f",
"A5CSHi3wD",
"A5CPpqsYW",
"A5CPmqNIf",
"A5CNu0Qxj",
"A5CH35MOs",
"A5CGGlj79",
"A5CFghpCp",
"A5CED0osM",
"A5CCTrMo0",
"A5CCB8tUS",
"A5Cswtb6S",
"A5BAThSlX",
"A5BzYgljP",
"A5BpCaBFM",
"A5BmCf5DF",
"A5BkS8EC1",
"A5Bk9sPAp",
"A5BgSd1yk",
"A5BczEQVq",
"A5BavpHl9",
"A5BarjYca",
"A5B7QxJOo",
"A5B4TCWtB",
"A5B25hq6d",
"A5B1HE2bd",
"A5B0PjAvd",
"A5AX9q89z",
"A5AWVxUfs",
"A5AWnBzG3",
"A5AVb8UV6",
"A5AUvrdAF",
"A5ATDnpNh",
"A5ATsap5u",
"A5ATllMnA",
"A5ASEcYrI",
"A5ARaAZ0a",
"A5AQhEy8q",
"A5APe5YNz",
"A5AP4BkDq",
"A5AOy4z8z",
"A5AOy4z6P",
"A5AOftrJk",
"A5AOdEMXv",
"A5AOdrm3N",
"A5ANlkxhn",
"A5ANey9sI",
"A5AN2scRI"
],
"uid":"277008748",
"parent":"A5AGDBb2c",
"text":"",
"mid":"A5AK7Bgy0",
"date":"2013-08-20 11:09:50"
},
{
"kids":[],
"uid":"3425746762",
"parent":"",
"text":"伤民心",
"mid":"A5AJHzkSu",
"date":"2013-08-20 11:08:49"
},
{
"kids":[],
"uid":"1548690643",
"parent":"A5AC3i34s",
"text":"",
"mid":"A5AHYkOHb",
"date":"2013-08-20 11:04:31"
},
{
"kids":[],
"uid":"2931120221",
"parent":"A5AD8n9lD",
"text":"",
"mid":"A5AHYhz5M",
"date":"2013-08-20 11:04:32"
},
{
"kids":[],
"uid":"2488338080",
"parent":"A5AD8n9lD",
"text":"看得都心痛！",
"mid":"A5AHV6Dso",
"date":"2013-08-20 11:04:24"
},
{
"kids":[],
"uid":"tojazzlee",
"parent":"A5AC3i34s",
"text":"",
"mid":"A5AH3zaMZ",
"date":"2013-08-20 11:02:17"
},
{
"kids":[],
"uid":"1727747992",
"parent":"A5AE7wnQw",
"text":"",
"mid":"A5AGJaGWI",
"date":"2013-08-20 11:01:28"
},
{
"kids":[
"A6kYEugvX",
"A6fmSoihv",
"A67OxzNLa",
"A5J21ibCa",
"A5IKefL4V",
"A5IHgpSZm",
"A5IDX6F2p",
"A5Ixklk7T",
"A5Itg23Ey",
"A5IsI1e5N",
"A5IgE5Lqx",
"A5IdozhXT",
"A5IbfBDWk",
"A5GvHudiE",
"A5EsMf8QB",
"A5D9Jnsc8",
"A5D3ekrF2",
"A5CYfw3A4",
"A5CXjAJ5f",
"A5CSHi3wD",
"A5CPpqsYW",
"A5CPmqNIf",
"A5CNu0Qxj",
"A5CH35MOs",
"A5CGGlj79",
"A5CFghpCp",
"A5CED0osM",
"A5CCTrMo0",
"A5CCB8tUS",
"A5Cswtb6S",
"A5BAThSlX",
"A5BzYgljP",
"A5BpCaBFM",
"A5BmCf5DF",
"A5BkS8EC1",
"A5Bk9sPAp",
"A5BgSd1yk",
"A5BczEQVq",
"A5BavpHl9",
"A5BarjYca",
"A5B7QxJOo",
"A5B4TCWtB",
"A5B25hq6d",
"A5B1HE2bd",
"A5B0PjAvd",
"A5AX9q89z",
"A5AWVxUfs",
"A5AWnBzG3",
"A5AVb8UV6",
"A5AUvrdAF",
"A5ATDnpNh",
"A5ATsap5u",
"A5ATllMnA",
"A5ASEcYrI",
"A5ARaAZ0a",
"A5AQhEy8q",
"A5APe5YNz",
"A5AP4BkDq",
"A5AOy4z8z",
"A5AOy4z6P",
"A5AOftrJk",
"A5AOdEMXv",
"A5AOdrm3N",
"A5ANlkxhn",
"A5ANey9sI",
"A5AN2scRI",
"A5AK7Bgy0"
],
"uid":"276479955",
"parent":"A5AD8n9lD",
"text":"",
"mid":"A5AGDBb2c",
"date":"2013-08-20 11:01:14"
},
{
"kids":[],
"uid":"3517063165",
"parent":"",
"text":"",
"mid":"A5AFQwIb1",
"date":"2013-08-20 10:59:19"
},
{
"kids":[],
"uid":"2466417962",
"parent":"A5AC3i34s",
"text":"",
"mid":"A5AFh4O95",
"date":"2013-08-20 10:57:53"
},
{
"kids":[],
"uid":"2493425191",
"parent":"A5Az9Dg9N",
"text":"[闭嘴]",
"mid":"A5AF45Mbv",
"date":"2013-08-20 10:57:20"
},
{
"kids":[],
"uid":"1211197064",
"parent":"",
"text":"感谢党和政府、伟大党万岁！",
"mid":"A5AEVt41G",
"date":"2013-08-20 10:57:02"
},
{
"kids":[
"A5CwHjno5",
"A5BtAA5vl",
"A5AGJaGWI"
],
"uid":"2863304174",
"parent":"A5AC3i34s",
"text":"差不多",
"mid":"A5AE7wnQw",
"date":"2013-08-20 10:55:03"
},
{
"kids":[
"A6kYEugvX",
"A6fmSoihv",
"A67OxzNLa",
"A5J21ibCa",
"A5IKefL4V",
"A5IHgpSZm",
"A5IDX6F2p",
"A5Ixklk7T",
"A5Itg23Ey",
"A5IsI1e5N",
"A5IgE5Lqx",
"A5IdozhXT",
"A5IbfBDWk",
"A5GvHudiE",
"A5EsMf8QB",
"A5D9Jnsc8",
"A5D3ekrF2",
"A5CYfw3A4",
"A5CXjAJ5f",
"A5CSHi3wD",
"A5CPpqsYW",
"A5CPmqNIf",
"A5CNu0Qxj",
"A5CH35MOs",
"A5CGGlj79",
"A5CFghpCp",
"A5CED0osM",
"A5CCTrMo0",
"A5CCB8tUS",
"A5Cswtb6S",
"A5BAThSlX",
"A5BzYgljP",
"A5BpCaBFM",
"A5BmCf5DF",
"A5BkS8EC1",
"A5Bk9sPAp",
"A5BgSd1yk",
"A5BczEQVq",
"A5BavpHl9",
"A5BarjYca",
"A5B7QxJOo",
"A5B4TCWtB",
"A5B25hq6d",
"A5B1HE2bd",
"A5B0PjAvd",
"A5AX9q89z",
"A5AWVxUfs",
"A5AWnBzG3",
"A5AVb8UV6",
"A5AUvrdAF",
"A5ATDnpNh",
"A5ATsap5u",
"A5ATllMnA",
"A5ASEcYrI",
"A5ARaAZ0a",
"A5AQhEy8q",
"A5APe5YNz",
"A5AP4BkDq",
"A5AOy4z8z",
"A5AOy4z6P",
"A5AOftrJk",
"A5AOdEMXv",
"A5AOdrm3N",
"A5ANlkxhn",
"A5ANey9sI",
"A5AN2scRI",
"A5AMI191W",
"A5AK7Bgy0",
"A5AHYhz5M",
"A5AHV6Dso",
"A5AGDBb2c"
],
"uid":"1655641975",
"parent":"A5Az9Dg9N",
"text":"尼玛的，什么狗屁政府！",
"mid":"A5AD8n9lD",
"date":"2013-08-20 10:52:37"
},
{
"kids":[
"A5BKr7co4"
],
"uid":"2433917010",
"parent":"A5AC3i34s",
"text":"",
"mid":"A5ACtBAfi",
"date":"2013-08-20 10:51:00"
},
{
"kids":[],
"uid":"1092008142",
"parent":"A5AAFBWXK",
"text":"再转",
"mid":"A5ACiDWp0",
"date":"2013-08-20 10:50:34"
},
{
"kids":[
"A6dGlqsxg",
"A6cIT6QMm",
"A6ceUsB24",
"A6c9Y3t30",
"A5U7cyup0",
"A5LpI0rfI",
"A5L1mlMwt",
"A5JlWsfrO",
"A5Jew7AOc",
"A5JcJzsnp",
"A5J03i2BT",
"A5InQluAg",
"A5FSBvtP6",
"A5FwNozq9",
"A5FqtxKH0",
"A5Flg0Cla",
"A5FkD1BAz",
"A5Fjjpwa4",
"A5EXahAEU",
"A5EWm3cX0",
"A5EQBE9NU",
"A5EJrxnqL",
"A5EIFnd9X",
"A5EIm9W08",
"A5DTDxGa7",
"A5DNFkTE5",
"A5DfndqB8",
"A5Dd9yKix",
"A5D5m98vL",
"A5D1qj3Iv",
"A5D1hr4le",
"A5CZepzwF",
"A5CXufcX8",
"A5CXfrDhb",
"A5CUklDhc",
"A5CU1pKUS",
"A5CSo5gDX",
"A5CS904Jh",
"A5CQllemk",
"A5CLWA0A6",
"A5CLQnGZh",
"A5CLAoGvm",
"A5CLiDJRA",
"A5CL4uN37",
"A5CIIg2AM",
"A5CGL7pHJ",
"A5CAZdRiZ",
"A5CyUn4Li",
"A5CyrpqdC",
"A5CxPibue",
"A5CwHjno5",
"A5Cpn6rtT",
"A5CpmdcgS",
"A5ChVye8z",
"A5BTMj6ED",
"A5BT5aos0",
"A5BQimHCq",
"A5BKr7co4",
"A5BK8y5nE",
"A5BIMBWsK",
"A5BIr1dz2",
"A5BENfpso",
"A5BEwpNY5",
"A5BDFfgJP",
"A5BDAcEZR",
"A5BCFteHY",
"A5BB8DRTM",
"A5BB8jDG4",
"A5BAVlYAd",
"A5BANDsKJ",
"A5BA0yRsf",
"A5ByPiCYj",
"A5BwY5DNs",
"A5BwMhAmb",
"A5BwiqLe0",
"A5BwfqNX1",
"A5BvqlsVP",
"A5Bus3fW1",
"A5BtAA5vl",
"A5BsNcElb",
"A5Bs3ppK3",
"A5Bq58tUY",
"A5BpHq3Dg",
"A5Bpa3OiL",
"A5BoXlez1",
"A5BmU2BHS",
"A5BgXw3eM",
"A5BeDAJ9v",
"A5Bdh5AYi",
"A5BcR6qVK",
"A5BaPgpNq",
"A5BaOkz0M",
"A5Badp5Xa",
"A5B9rwBMQ",
"A5B9mvbhc",
"A5B8N2mvh",
"A5B5W5cYa",
"A5B4LD07t",
"A5B4Jhjgv",
"A5B4s8WUN",
"A5B4dm8cA",
"A5B4d6IAm",
"A5B2K653q",
"A5B2wubtE",
"A5B2er1H4",
"A5B222u4q",
"A5B1HFcTl",
"A5AYoj3LX",
"A5AT6xSXU",
"A5ASEw5w2",
"A5AHYkOHb",
"A5AH3zaMZ",
"A5AGJaGWI",
"A5AFh4O95",
"A5AE7wnQw",
"A5ACtBAfi"
],
"uid":"1216294854",
"parent":"A5AxSslXf",
"text":"中国政府已成为全球化时代的超级大奸商",
"mid":"A5AC3i34s",
"date":"2013-08-20 10:49:56"
},
{
"kids":[
"A5Bif3pwo"
],
"uid":"jnzsy",
"parent":"A5Az9Dg9N",
"text":"正邪？",
"mid":"A5ABRceHf",
"date":"2013-08-20 10:49:28"
},
{
"kids":[],
"uid":"1973843093",
"parent":"A5Az9Dg9N",
"text":"",
"mid":"A5AB53a6w",
"date":"2013-08-20 10:47:33"
},
{
"kids":[
"A5AMk9Be9",
"A5ACiDWp0"
],
"uid":"1670801931",
"parent":"A5Az9Dg9N",
"text":"",
"mid":"A5AAFBWXK",
"date":"2013-08-20 10:46:33"
},
{
"kids":[
"A6kYEugvX",
"A6fmSoihv",
"A67OxzNLa",
"A5J21ibCa",
"A5IKefL4V",
"A5IHgpSZm",
"A5IDX6F2p",
"A5Ixklk7T",
"A5Itg23Ey",
"A5IsI1e5N",
"A5IgE5Lqx",
"A5IdozhXT",
"A5IbfBDWk",
"A5GvHudiE",
"A5EsMf8QB",
"A5D9Jnsc8",
"A5D3ekrF2",
"A5CYfw3A4",
"A5CXjAJ5f",
"A5CSHi3wD",
"A5CPpqsYW",
"A5CPmqNIf",
"A5CNu0Qxj",
"A5CH35MOs",
"A5CGGlj79",
"A5CFghpCp",
"A5CED0osM",
"A5CCTrMo0",
"A5CCB8tUS",
"A5Cswtb6S",
"A5BAThSlX",
"A5BzYgljP",
"A5BpCaBFM",
"A5BmCf5DF",
"A5BkS8EC1",
"A5Bk9sPAp",
"A5Bif3pwo",
"A5BgSd1yk",
"A5BczEQVq",
"A5BavpHl9",
"A5BarjYca",
"A5B7QxJOo",
"A5B4TCWtB",
"A5B25hq6d",
"A5B1HE2bd",
"A5B0PjAvd",
"A5AX9q89z",
"A5AWVxUfs",
"A5AWnBzG3",
"A5AVb8UV6",
"A5AUvrdAF",
"A5ATDnpNh",
"A5ATsap5u",
"A5ATllMnA",
"A5ASEcYrI",
"A5ARaAZ0a",
"A5AQhEy8q",
"A5APe5YNz",
"A5AP4BkDq",
"A5AOy4z8z",
"A5AOy4z6P",
"A5AOftrJk",
"A5AOdEMXv",
"A5AOdrm3N",
"A5ANlkxhn",
"A5ANey9sI",
"A5AN2scRI",
"A5AMI191W",
"A5AMk9Be9",
"A5AK7Bgy0",
"A5AHYhz5M",
"A5AHV6Dso",
"A5AGDBb2c",
"A5AF45Mbv",
"A5AD8n9lD",
"A5ACiDWp0",
"A5ABRceHf",
"A5AB53a6w",
"A5AAFBWXK"
],
"uid":"2863304174",
"parent":"A5Ak5ipdb",
"text":"[赞]",
"mid":"A5Az9Dg9N",
"date":"2013-08-20 10:42:49"
},
{
"kids":[],
"uid":"3303408270",
"parent":"A5yTnAYn6",
"text":"",
"mid":"A5Az8uHVr",
"date":"2013-08-20 10:42:46"
},
{
"kids":[
"A5AC3i34s",
"A6dGlqsxg",
"A6cIT6QMm",
"A6ceUsB24",
"A6c9Y3t30",
"A5U7cyup0",
"A5LpI0rfI",
"A5L1mlMwt",
"A5JlWsfrO",
"A5Jew7AOc",
"A5JcJzsnp",
"A5J03i2BT",
"A5InQluAg",
"A5FSBvtP6",
"A5FwNozq9",
"A5FqtxKH0",
"A5Flg0Cla",
"A5FkD1BAz",
"A5Fjjpwa4",
"A5EXahAEU",
"A5EWm3cX0",
"A5EQBE9NU",
"A5EJrxnqL",
"A5EIFnd9X",
"A5EIm9W08",
"A5DTDxGa7",
"A5DNFkTE5",
"A5DfndqB8",
"A5Dd9yKix",
"A5D5m98vL",
"A5D1qj3Iv",
"A5D1hr4le",
"A5CZepzwF",
"A5CXufcX8",
"A5CXfrDhb",
"A5CUklDhc",
"A5CU1pKUS",
"A5CSo5gDX",
"A5CS904Jh",
"A5CQllemk",
"A5CLWA0A6",
"A5CLQnGZh",
"A5CLAoGvm",
"A5CLiDJRA",
"A5CL4uN37",
"A5CIIg2AM",
"A5CGL7pHJ",
"A5CAZdRiZ",
"A5CyUn4Li",
"A5CyrpqdC",
"A5CxPibue",
"A5CwHjno5",
"A5Cpn6rtT",
"A5CpmdcgS",
"A5ChVye8z",
"A5BTMj6ED",
"A5BT5aos0",
"A5BQimHCq",
"A5BKr7co4",
"A5BK8y5nE",
"A5BIMBWsK",
"A5BIr1dz2",
"A5BENfpso",
"A5BEwpNY5",
"A5BDFfgJP",
"A5BDAcEZR",
"A5BCFteHY",
"A5BB8DRTM",
"A5BB8jDG4",
"A5BAVlYAd",
"A5BANDsKJ",
"A5BA0yRsf",
"A5ByPiCYj",
"A5BwY5DNs",
"A5BwMhAmb",
"A5BwiqLe0",
"A5BwfqNX1",
"A5BvqlsVP",
"A5Bus3fW1",
"A5BtAA5vl",
"A5BsNcElb",
"A5Bs3ppK3",
"A5Bq58tUY",
"A5BpHq3Dg",
"A5Bpa3OiL",
"A5BoXlez1",
"A5BmU2BHS",
"A5BgXw3eM",
"A5BeDAJ9v",
"A5Bdh5AYi",
"A5BcR6qVK",
"A5BaPgpNq",
"A5BaOkz0M",
"A5Badp5Xa",
"A5B9rwBMQ",
"A5B9mvbhc",
"A5B8N2mvh",
"A5B5W5cYa",
"A5B4LD07t",
"A5B4Jhjgv",
"A5B4s8WUN",
"A5B4dm8cA",
"A5B4d6IAm",
"A5B2K653q",
"A5B2wubtE",
"A5B2er1H4",
"A5B222u4q",
"A5B1HFcTl",
"A5AYoj3LX",
"A5AT6xSXU",
"A5ASEw5w2",
"A5AHYkOHb",
"A5AH3zaMZ",
"A5AGJaGWI",
"A5AFh4O95",
"A5AE7wnQw",
"A5ACtBAfi",
"A5AC3i34s"
],
"uid":"2636549030",
"parent":"",
"text":"",
"mid":"A5AxSslXf",
"date":"2013-08-20 10:39:40"
},
{
"kids":[
"A6kYEugvX",
"A6fmSoihv",
"A67OxzNLa",
"A5J21ibCa",
"A5IKefL4V",
"A5IHgpSZm",
"A5IDX6F2p",
"A5Ixklk7T",
"A5Itg23Ey",
"A5IsI1e5N",
"A5IgE5Lqx",
"A5IdozhXT",
"A5IbfBDWk",
"A5GvHudiE",
"A5EsMf8QB",
"A5D9Jnsc8",
"A5D3ekrF2",
"A5CYfw3A4",
"A5CXjAJ5f",
"A5CSHi3wD",
"A5CPpqsYW",
"A5CPmqNIf",
"A5CNu0Qxj",
"A5CH35MOs",
"A5CGGlj79",
"A5CFghpCp",
"A5CED0osM",
"A5CCTrMo0",
"A5CCB8tUS",
"A5Cswtb6S",
"A5BAThSlX",
"A5BzYgljP",
"A5BpCaBFM",
"A5BmCf5DF",
"A5BkS8EC1",
"A5Bk9sPAp",
"A5Bif3pwo",
"A5BgSd1yk",
"A5BczEQVq",
"A5BavpHl9",
"A5BarjYca",
"A5B7QxJOo",
"A5B4TCWtB",
"A5B25hq6d",
"A5B1HE2bd",
"A5B0PjAvd",
"A5AX9q89z",
"A5AWVxUfs",
"A5AWnBzG3",
"A5AVb8UV6",
"A5AUvrdAF",
"A5ATDnpNh",
"A5ATsap5u",
"A5ATllMnA",
"A5ASEcYrI",
"A5ARaAZ0a",
"A5AQhEy8q",
"A5APe5YNz",
"A5AP4BkDq",
"A5AOy4z8z",
"A5AOy4z6P",
"A5AOftrJk",
"A5AOdEMXv",
"A5AOdrm3N",
"A5ANlkxhn",
"A5ANey9sI",
"A5AN2scRI",
"A5AMI191W",
"A5AMk9Be9",
"A5AK7Bgy0",
"A5AHYhz5M",
"A5AHV6Dso",
"A5AGDBb2c",
"A5AF45Mbv",
"A5AD8n9lD",
"A5ACiDWp0",
"A5ABRceHf",
"A5AB53a6w",
"A5AAFBWXK",
"A5Az9Dg9N"
],
"uid":"gaowei3568",
"parent":"A5z3xidhq",
"text":"周孝正，一个敢说真话的中国知识分子！[good]",
"mid":"A5Ak5ipdb",
"date":"2013-08-20 10:05:41"
},
{
"kids":[],
"uid":"2644915660",
"parent":"A5ztCxXo6",
"text":"",
"mid":"A5AawhyAO",
"date":"2013-08-20 09:42:06"
},
{
"kids":[],
"uid":"3187468785",
"parent":"",
"text":"",
"mid":"A5A2uD8gM",
"date":"2013-08-20 09:22:20"
},
{
"kids":[],
"uid":"1957103284",
"parent":"",
"text":"",
"mid":"A5A0frDG7",
"date":"2013-08-20 09:16:49"
},
{
"kids":[],
"uid":"yukinon",
"parent":"A5z6tE6Sh",
"text":"",
"mid":"A5zVTq64X",
"date":"2013-08-20 09:06:04"
},
{
"kids":[],
"uid":"haihu6666",
"parent":"A5zE6Akmt",
"text":"",
"mid":"A5zSUnHFQ",
"date":"2013-08-20 08:58:44"
},
{
"kids":[],
"uid":"lisenledtrust",
"parent":"A5yXvfivK",
"text":"",
"mid":"A5zPDqYc9",
"date":"2013-08-20 08:50:39"
},
{
"kids":[],
"uid":"1746329900",
"parent":"",
"text":"",
"mid":"A5zG1F3Ep",
"date":"2013-08-20 08:27:00"
},
{
"kids":[],
"uid":"1989804147",
"parent":"",
"text":"可耻的政府！",
"mid":"A5zFAdW0X",
"date":"2013-08-20 08:25:53"
},
{
"kids":[
"A5B9bi6Km"
],
"uid":"1934387114",
"parent":"A5zE6Akmt",
"text":"",
"mid":"A5zF63EFP",
"date":"2013-08-20 08:24:42"
},
{
"kids":[
"A5B9bi6Km",
"A5zSUnHFQ",
"A5zF63EFP"
],
"uid":"1913013985",
"parent":"A5zs2q89q",
"text":"真可耻！",
"mid":"A5zE6Akmt",
"date":"2013-08-20 08:22:15"
},
{
"kids":[],
"uid":"2614249391",
"parent":"A5z8rEXgp",
"text":"",
"mid":"A5ztXvByg",
"date":"2013-08-20 07:57:15"
},
{
"kids":[
"A5AawhyAO"
],
"uid":"3443459232",
"parent":"A5zrOfZkS",
"text":"",
"mid":"A5ztCxXo6",
"date":"2013-08-20 07:56:25"
},
{
"kids":[],
"uid":"1459855740",
"parent":"A5z3xidhq",
"text":"【茶馆】中，最后一幕中，常四爷那句话是经典：“我爱咱们的国啊！可TM谁爱我呀！”",
"mid":"A5zsb2GoH",
"date":"2013-08-20 07:52:52"
},
{
"kids":[
"A5B9bi6Km",
"A5zSUnHFQ",
"A5zF63EFP",
"A5zE6Akmt"
],
"uid":"2457103564",
"parent":"",
"text":"",
"mid":"A5zs2q89q",
"date":"2013-08-20 07:52:33"
},
{
"kids":[
"A5AawhyAO",
"A5ztCxXo6"
],
"uid":"2460524340",
"parent":"A5zhrwc0V",
"text":"",
"mid":"A5zrOfZkS",
"date":"2013-08-20 07:51:58"
},
{
"kids":[],
"uid":"1878438580",
"parent":"A5yTnAYn6",
"text":"@冰蓝凤凰 走吧，越远越好，回来作甚？除非nineng象某人入籍还能国内握权[吃惊]",
"mid":"A5zoVuOTc",
"date":"2013-08-20 07:44:52"
},
{
"kids":[],
"uid":"511233102",
"parent":"A5yTh7NcV",
"text":"",
"mid":"A5zmUabLN",
"date":"2013-08-20 07:39:53"
},
{
"kids":[],
"uid":"1703146293",
"parent":"A5yTnAYn6",
"text":"",
"mid":"A5zjtsg9Z",
"date":"2013-08-20 07:31:26"
},
{
"kids":[],
"uid":"2360656522",
"parent":"A5yTnAYn6",
"text":"进了这个国家，钱就是他的，哪怕是用生命换来的！",
"mid":"A5zjr5mx6",
"date":"2013-08-20 07:31:19"
},
{
"kids":[
"A5AawhyAO",
"A5ztCxXo6",
"A5zrOfZkS"
],
"uid":"1750466820",
"parent":"A5z6tE6Sh",
"text":"万税！",
"mid":"A5zhrwc0V",
"date":"2013-08-20 07:26:26"
},
{
"kids":[],
"uid":"1993123015",
"parent":"",
"text":"",
"mid":"A5zfp4tAL",
"date":"2013-08-20 07:21:24"
},
{
"kids":[],
"uid":"1039544140",
"parent":"A5z8rEXgp",
"text":"",
"mid":"A5zbI4tQ2",
"date":"2013-08-20 07:12:18"
},
{
"kids":[],
"uid":"3256667173",
"parent":"A5z8rEXgp",
"text":"[伤心]",
"mid":"A5zbbxOgK",
"date":"2013-08-20 07:11:01"
},
{
"kids":[],
"uid":"2728387371",
"parent":"A5z8rEXgp",
"text":"",
"mid":"A5z8PzCdl",
"date":"2013-08-20 07:05:13"
},
{
"kids":[
"A5ztXvByg",
"A5zbI4tQ2",
"A5zbbxOgK",
"A5z8PzCdl"
],
"uid":"1456256811",
"parent":"A5z89mQjQ",
"text":"",
"mid":"A5z8rEXgp",
"date":"2013-08-20 07:04:16"
},
{
"kids":[
"A5ztXvByg",
"A5zbI4tQ2",
"A5zbbxOgK",
"A5z8PzCdl",
"A5z8rEXgp"
],
"uid":"2874749040",
"parent":"A5yTh7NcV",
"text":"",
"mid":"A5z89mQjQ",
"date":"2013-08-20 07:03:32"
},
{
"kids":[],
"uid":"2676875461",
"parent":"A5yTh7NcV",
"text":"",
"mid":"A5z790cBl",
"date":"2013-08-20 07:01:03"
},
{
"kids":[
"AhCOura7r",
"A5AawhyAO",
"A5zVTq64X",
"A5ztCxXo6",
"A5zrOfZkS",
"A5zhrwc0V"
],
"uid":"1771232975",
"parent":"A5yTnAYn6",
"text":"@yukiSHEN",
"mid":"A5z6tE6Sh",
"date":"2013-08-20 06:59:25"
},
{
"kids":[],
"uid":"2615195750",
"parent":"",
"text":"",
"mid":"A5z64uD4P",
"date":"2013-08-20 06:58:25"
},
{
"kids":[],
"uid":"2028912931",
"parent":"A5yTh7NcV",
"text":"中国护照上写“请遵守当地的法律和法规”，美国的护照上写“无论你在何方，我们永远是你强大的后盾”。",
"mid":"A5z58ADDz",
"date":"2013-08-20 06:56:06"
},
{
"kids":[],
"uid":"1046174132",
"parent":"A5yTnAYn6",
"text":"",
"mid":"A5z3R7gkd",
"date":"2013-08-20 06:52:56"
},
{
"kids":[
"A6kYEugvX",
"A6fmSoihv",
"A67OxzNLa",
"A5J21ibCa",
"A5IKefL4V",
"A5IHgpSZm",
"A5IDX6F2p",
"A5Ixklk7T",
"A5Itg23Ey",
"A5IsI1e5N",
"A5IgE5Lqx",
"A5IdozhXT",
"A5IbfBDWk",
"A5GvHudiE",
"A5EsMf8QB",
"A5D9Jnsc8",
"A5D3ekrF2",
"A5CYfw3A4",
"A5CXjAJ5f",
"A5CSHi3wD",
"A5CPpqsYW",
"A5CPmqNIf",
"A5CNu0Qxj",
"A5CH35MOs",
"A5CGGlj79",
"A5CFghpCp",
"A5CED0osM",
"A5CCTrMo0",
"A5CCB8tUS",
"A5Cswtb6S",
"A5BAThSlX",
"A5BzYgljP",
"A5BpCaBFM",
"A5BmCf5DF",
"A5BkS8EC1",
"A5Bk9sPAp",
"A5Bif3pwo",
"A5BgSd1yk",
"A5BczEQVq",
"A5BavpHl9",
"A5BarjYca",
"A5B7QxJOo",
"A5B4TCWtB",
"A5B25hq6d",
"A5B1HE2bd",
"A5B0PjAvd",
"A5AX9q89z",
"A5AWVxUfs",
"A5AWnBzG3",
"A5AVb8UV6",
"A5AUvrdAF",
"A5ATDnpNh",
"A5ATsap5u",
"A5ATllMnA",
"A5ASEcYrI",
"A5ARaAZ0a",
"A5AQhEy8q",
"A5APe5YNz",
"A5AP4BkDq",
"A5AOy4z8z",
"A5AOy4z6P",
"A5AOftrJk",
"A5AOdEMXv",
"A5AOdrm3N",
"A5ANlkxhn",
"A5ANey9sI",
"A5AN2scRI",
"A5AMI191W",
"A5AMk9Be9",
"A5AK7Bgy0",
"A5AHYhz5M",
"A5AHV6Dso",
"A5AGDBb2c",
"A5AF45Mbv",
"A5AD8n9lD",
"A5ACiDWp0",
"A5ABRceHf",
"A5AB53a6w",
"A5AAFBWXK",
"A5Az9Dg9N",
"A5Ak5ipdb",
"A5zsb2GoH"
],
"uid":"678197125",
"parent":"A5yTnAYn6",
"text":"",
"mid":"A5z3xidhq",
"date":"2013-08-20 06:52:10"
},
{
"kids":[],
"uid":"2901199242",
"parent":"A5yYK29mr",
"text":"",
"mid":"A5z2HkLEm",
"date":"2013-08-20 06:50:06"
},
{
"kids":[],
"uid":"1130304291",
"parent":"",
"text":"真有此事吗？无语！",
"mid":"A5z1Xwp7N",
"date":"2013-08-20 06:48:16"
},
{
"kids":[],
"uid":"1130304291",
"parent":"",
"text":"",
"mid":"A5z0ZtvrS",
"date":"2013-08-20 06:45:54"
},
{
"kids":[],
"uid":"2054094081",
"parent":"A5yTnAYn6",
"text":"",
"mid":"A5z0JhUzp",
"date":"2013-08-20 06:45:15"
},
{
"kids":[],
"uid":"2441975245",
"parent":"",
"text":"",
"mid":"A5z0F84II",
"date":"2013-08-20 06:45:04"
},
{
"kids":[
"A5z2HkLEm"
],
"uid":"1214544250",
"parent":"A5yTnAYn6",
"text":"",
"mid":"A5yYK29mr",
"date":"2013-08-20 06:40:21"
},
{
"kids":[],
"uid":"1703472484",
"parent":"A5yTnAYn6",
"text":"要公民纳税和为公民服务是对等的，既然认为偷渡客可以不为其服务，根据对等原则，也不应收缴人家的赋税。",
"mid":"A5yY9FJFQ",
"date":"2013-08-20 06:38:54"
},
{
"kids":[],
"uid":"2782686907",
"parent":"",
"text":"",
"mid":"A5yXXhfAN",
"date":"2013-08-20 06:38:25"
},
{
"kids":[
"A5zPDqYc9"
],
"uid":"lzefei",
"parent":"A5yTnAYn6",
"text":"",
"mid":"A5yXvfivK",
"date":"2013-08-20 06:37:18"
},
{
"kids":[],
"uid":"1789067041",
"parent":"A5yTnAYn6",
"text":"[吐]",
"mid":"A5yWithHn",
"date":"2013-08-20 06:34:20"
},
{
"kids":[],
"uid":"2532305960",
"parent":"",
"text":"",
"mid":"A5yW1zETa",
"date":"2013-08-20 06:33:40"
},
{
"kids":[
"AhCOura7r",
"A6kYEugvX",
"A6fmSoihv",
"A67OxzNLa",
"A5J21ibCa",
"A5IKefL4V",
"A5IHgpSZm",
"A5IDX6F2p",
"A5Ixklk7T",
"A5Itg23Ey",
"A5IsI1e5N",
"A5IgE5Lqx",
"A5IdozhXT",
"A5IbfBDWk",
"A5GvHudiE",
"A5EsMf8QB",
"A5D9Jnsc8",
"A5D3ekrF2",
"A5CYfw3A4",
"A5CXjAJ5f",
"A5CSHi3wD",
"A5CPpqsYW",
"A5CPmqNIf",
"A5CNu0Qxj",
"A5CH35MOs",
"A5CGGlj79",
"A5CFghpCp",
"A5CED0osM",
"A5CCTrMo0",
"A5CCB8tUS",
"A5Cswtb6S",
"A5BAThSlX",
"A5BzYgljP",
"A5BpCaBFM",
"A5BmCf5DF",
"A5BkS8EC1",
"A5Bk9sPAp",
"A5Bif3pwo",
"A5BgSd1yk",
"A5BczEQVq",
"A5BavpHl9",
"A5BarjYca",
"A5B7QxJOo",
"A5B4TCWtB",
"A5B25hq6d",
"A5B1HE2bd",
"A5B0PjAvd",
"A5AX9q89z",
"A5AWVxUfs",
"A5AWnBzG3",
"A5AVb8UV6",
"A5AUvrdAF",
"A5ATDnpNh",
"A5ATsap5u",
"A5ATllMnA",
"A5ASEcYrI",
"A5ARaAZ0a",
"A5AQhEy8q",
"A5APe5YNz",
"A5AP4BkDq",
"A5AOy4z8z",
"A5AOy4z6P",
"A5AOftrJk",
"A5AOdEMXv",
"A5AOdrm3N",
"A5ANlkxhn",
"A5ANey9sI",
"A5AN2scRI",
"A5AMI191W",
"A5AMk9Be9",
"A5AK7Bgy0",
"A5AHYhz5M",
"A5AHV6Dso",
"A5AGDBb2c",
"A5AF45Mbv",
"A5AD8n9lD",
"A5ACiDWp0",
"A5ABRceHf",
"A5AB53a6w",
"A5AAFBWXK",
"A5Az9Dg9N",
"A5Az8uHVr",
"A5Ak5ipdb",
"A5AawhyAO",
"A5zVTq64X",
"A5zPDqYc9",
"A5ztCxXo6",
"A5zsb2GoH",
"A5zrOfZkS",
"A5zoVuOTc",
"A5zjtsg9Z",
"A5zjr5mx6",
"A5zhrwc0V",
"A5z6tE6Sh",
"A5z3R7gkd",
"A5z3xidhq",
"A5z2HkLEm",
"A5z0JhUzp",
"A5yYK29mr",
"A5yY9FJFQ",
"A5yXvfivK",
"A5yWithHn"
],
"uid":"2863304174",
"parent":"A5yTh7NcV",
"text":"是啊",
"mid":"A5yTnAYn6",
"date":"2013-08-20 06:27:09"
},
{
"kids":[
"A5yTnAYn6",
"AhCOura7r",
"A6kYEugvX",
"A6fmSoihv",
"A67OxzNLa",
"A5J21ibCa",
"A5IKefL4V",
"A5IHgpSZm",
"A5IDX6F2p",
"A5Ixklk7T",
"A5Itg23Ey",
"A5IsI1e5N",
"A5IgE5Lqx",
"A5IdozhXT",
"A5IbfBDWk",
"A5GvHudiE",
"A5EsMf8QB",
"A5D9Jnsc8",
"A5D3ekrF2",
"A5CYfw3A4",
"A5CXjAJ5f",
"A5CSHi3wD",
"A5CPpqsYW",
"A5CPmqNIf",
"A5CNu0Qxj",
"A5CH35MOs",
"A5CGGlj79",
"A5CFghpCp",
"A5CED0osM",
"A5CCTrMo0",
"A5CCB8tUS",
"A5Cswtb6S",
"A5BAThSlX",
"A5BzYgljP",
"A5BpCaBFM",
"A5BmCf5DF",
"A5BkS8EC1",
"A5Bk9sPAp",
"A5Bif3pwo",
"A5BgSd1yk",
"A5BczEQVq",
"A5BavpHl9",
"A5BarjYca",
"A5B7QxJOo",
"A5B4TCWtB",
"A5B25hq6d",
"A5B1HE2bd",
"A5B0PjAvd",
"A5AX9q89z",
"A5AWVxUfs",
"A5AWnBzG3",
"A5AVb8UV6",
"A5AUvrdAF",
"A5ATDnpNh",
"A5ATsap5u",
"A5ATllMnA",
"A5ASEcYrI",
"A5ARaAZ0a",
"A5AQhEy8q",
"A5APe5YNz",
"A5AP4BkDq",
"A5AOy4z8z",
"A5AOy4z6P",
"A5AOftrJk",
"A5AOdEMXv",
"A5AOdrm3N",
"A5ANlkxhn",
"A5ANey9sI",
"A5AN2scRI",
"A5AMI191W",
"A5AMk9Be9",
"A5AK7Bgy0",
"A5AHYhz5M",
"A5AHV6Dso",
"A5AGDBb2c",
"A5AF45Mbv",
"A5AD8n9lD",
"A5ACiDWp0",
"A5ABRceHf",
"A5AB53a6w",
"A5AAFBWXK",
"A5Az9Dg9N",
"A5Az8uHVr",
"A5Ak5ipdb",
"A5AawhyAO",
"A5zVTq64X",
"A5zPDqYc9",
"A5ztXvByg",
"A5ztCxXo6",
"A5zsb2GoH",
"A5zrOfZkS",
"A5zoVuOTc",
"A5zmUabLN",
"A5zjtsg9Z",
"A5zjr5mx6",
"A5zhrwc0V",
"A5zbI4tQ2",
"A5zbbxOgK",
"A5z8PzCdl",
"A5z8rEXgp",
"A5z89mQjQ",
"A5z790cBl",
"A5z6tE6Sh",
"A5z58ADDz",
"A5z3R7gkd",
"A5z3xidhq",
"A5z2HkLEm",
"A5z0JhUzp",
"A5yYK29mr",
"A5yY9FJFQ",
"A5yXvfivK",
"A5yWithHn",
"A5yTnAYn6"
],
"uid":"2710127560",
"parent":"",
"text":"主权在官，不在民，真伤国民的心，逼着国民不爱国。",
"mid":"A5yTh7NcV",
"date":"2013-08-20 06:26:52"
},
{
"kids":[],
"uid":"3089823017",
"parent":"",
"text":"",
"mid":"A5yStdgHy",
"date":"2013-08-20 06:24:54"
},
{
"kids":[],
"uid":"1661375893",
"parent":"",
"text":"",
"mid":"A5yRQcKyo",
"date":"2013-08-20 06:23:21"
}
]