[
{
"kids":[],
"uid":"1301827287",
"parent":"z3idO6Si7",
"text":"這張圖片不是已經辟謠是假的了嗎？",
"mid":"z3ioDvRBf",
"date":"2012-11-02 10:02:33"
},
{
"kids":[
"z3ioDvRBf"
],
"uid":"1889712221",
"parent":"",
"text":"",
"mid":"z3idO6Si7",
"date":"2012-11-02 09:35:52"
},
{
"kids":[],
"uid":"2975234804",
"parent":"",
"text":"[泪][泪][怒][怒][怒]",
"mid":"z2FwF0dXW",
"date":"2012-10-29 07:05:11"
},
{
"kids":[],
"uid":"1900978703",
"parent":"z10JzClWX",
"text":"",
"mid":"z1vwV3r2K",
"date":"2012-10-21 15:48:03"
},
{
"kids":[],
"uid":"1900978703",
"parent":"z10JzClWX",
"text":"",
"mid":"z1vr9ucYD",
"date":"2012-10-21 15:33:49"
},
{
"kids":[],
"uid":"2805078290",
"parent":"z10NHsFdG",
"text":"",
"mid":"z1gPm2Nzl",
"date":"2012-10-20 02:22:16"
},
{
"kids":[],
"uid":"2803638022",
"parent":"",
"text":"",
"mid":"z17KbdRJz",
"date":"2012-10-19 03:14:48"
},
{
"kids":[],
"uid":"2562102043",
"parent":"z10Eh34dS",
"text":"",
"mid":"z16yLcJho",
"date":"2012-10-19 00:13:56"
},
{
"kids":[],
"uid":"2823746031",
"parent":"",
"text":"",
"mid":"z14u2ui7b",
"date":"2012-10-18 18:56:46"
},
{
"kids":[],
"uid":"2797492005",
"parent":"",
"text":"",
"mid":"z13yYgSJh",
"date":"2012-10-18 16:36:12"
},
{
"kids":[],
"uid":"1583341317",
"parent":"z11p0CQZM",
"text":"",
"mid":"z13xhnILm",
"date":"2012-10-18 16:32:00"
},
{
"kids":[],
"uid":"2804711092",
"parent":"z11p0CQZM",
"text":"",
"mid":"z13xhnA7u",
"date":"2012-10-18 16:32:02"
},
{
"kids":[],
"uid":"2790011720",
"parent":"z0X9NbyGw",
"text":"",
"mid":"z13r2iYNw",
"date":"2012-10-18 16:16:39"
},
{
"kids":[],
"uid":"2919636894",
"parent":"z0X9NbyGw",
"text":"",
"mid":"z13r2iYLT",
"date":"2012-10-18 16:16:37"
},
{
"kids":[],
"uid":"2937472934",
"parent":"",
"text":"",
"mid":"z13eCxY5g",
"date":"2012-10-18 15:46:04"
},
{
"kids":[],
"uid":"1729762643",
"parent":"z11ptyydf",
"text":"求辟谣。",
"mid":"z12MT5snj",
"date":"2012-10-18 14:37:43"
},
{
"kids":[],
"uid":"jiayihan001",
"parent":"",
"text":"回复@一叶知秋_2:我不是老几，但我起码知道不造谣。如果你不是这个消息的发起者，麻烦你查查2010年9月21日杭州的新闻，关键词：“翻越”",
"mid":"z12DDxqFi",
"date":"2012-10-18 14:14:56"
},
{
"kids":[],
"uid":"1095189760",
"parent":"",
"text":"",
"mid":"z12CvuBHl",
"date":"2012-10-18 14:12:09"
},
{
"kids":[],
"uid":"jiayihan001",
"parent":"",
"text":"回复@一叶知秋_2:摆脱这个是张老图了。你就说是你看见了?",
"mid":"z12BDamZV",
"date":"2012-10-18 14:10:00"
},
{
"kids":[],
"uid":"jiayihan001",
"parent":"",
"text":"假的，鉴定完毕。社会本已不安定了，还怕事不多？想干啥？",
"mid":"z12AjzBwT",
"date":"2012-10-18 14:06:45"
},
{
"kids":[],
"uid":"1069723213",
"parent":"z10PpAAmE",
"text":"@牛牛在武汉: :真的吗？正义转发",
"mid":"z12byuKu7",
"date":"2012-10-18 13:05:44"
},
{
"kids":[],
"uid":"1584921352",
"parent":"",
"text":"求辟谣",
"mid":"z129G4HSp",
"date":"2012-10-18 13:01:08"
},
{
"kids":[],
"uid":"1490860172",
"parent":"",
"text":"",
"mid":"z11LFlBY3",
"date":"2012-10-18 12:01:59"
},
{
"kids":[],
"uid":"1399601817",
"parent":"",
"text":"",
"mid":"z11GCqV5e",
"date":"2012-10-18 11:49:34"
},
{
"kids":[],
"uid":"2682176527",
"parent":"",
"text":"新浪辟谣拉，此事又蹊跷，求证！",
"mid":"z11Fa4ABH",
"date":"2012-10-18 11:45:57"
},
{
"kids":[],
"uid":"2480209375",
"parent":"",
"text":"我不相信这是政府干的。。。。",
"mid":"z11BYEsLq",
"date":"2012-10-18 11:38:07"
},
{
"kids":[],
"uid":"2702931663",
"parent":"z10AfBN4h",
"text":"ng: 正义转贴",
"mid":"z11wHfpny",
"date":"2012-10-18 11:25:06"
},
{
"kids":[],
"uid":"2918931334",
"parent":"",
"text":"大人 此事定有蹊跷",
"mid":"z11wbkkjs",
"date":"2012-10-18 11:23:49"
},
{
"kids":[],
"uid":"2918931334",
"parent":"",
"text":"大人 此事定有蹊跷",
"mid":"z11w61iqt",
"date":"2012-10-18 11:23:36"
},
{
"kids":[],
"uid":"2932258984",
"parent":"z11aNbAyV",
"text":"太残忍了，太残忍了！！！",
"mid":"z11t0gsK0",
"date":"2012-10-18 11:15:59"
},
{
"kids":[],
"uid":"2633553044",
"parent":"",
"text":"",
"mid":"z11rpheRu",
"date":"2012-10-18 11:12:04"
},
{
"kids":[],
"uid":"porsche0531",
"parent":"",
"text":"",
"mid":"z11r4hhsi",
"date":"2012-10-18 11:11:13"
},
{
"kids":[],
"uid":"1680724445",
"parent":"",
"text":"",
"mid":"z11qksJZz",
"date":"2012-10-18 11:09:25"
},
{
"kids":[],
"uid":"2633934392",
"parent":"",
"text":"",
"mid":"z11pZe8Xe",
"date":"2012-10-18 11:08:34"
},
{
"kids":[],
"uid":"1318945581",
"parent":"",
"text":"",
"mid":"z11pX63R8",
"date":"2012-10-18 11:08:29"
},
{
"kids":[],
"uid":"2010880761",
"parent":"",
"text":"[怒]",
"mid":"z11pBhNSp",
"date":"2012-10-18 11:07:36"
},
{
"kids":[
"z12MT5snj"
],
"uid":"1904538627",
"parent":"",
"text":"他们会马上出来辟谣。你信吗？",
"mid":"z11ptyydf",
"date":"2012-10-18 11:07:18"
},
{
"kids":[
"z13xhnILm",
"z13xhnA7u"
],
"uid":"2236815581",
"parent":"",
"text":"可怜的孩子",
"mid":"z11p0CQZM",
"date":"2012-10-18 11:06:10"
},
{
"kids":[],
"uid":"2243016425",
"parent":"z11h6FNdg",
"text":"我去   这也有点太惨了吧……",
"mid":"z11mxh53N",
"date":"2012-10-18 11:00:04"
},
{
"kids":[],
"uid":"2158613271",
"parent":"",
"text":"关注真相！",
"mid":"z11miaFnS",
"date":"2012-10-18 10:59:28"
},
{
"kids":[],
"uid":"2932142875",
"parent":"z11kv3prA",
"text":"如果是谣帖，请予以澄清！我们必须尊重事实！",
"mid":"z11lNrTAD",
"date":"2012-10-18 10:58:13"
},
{
"kids":[],
"uid":"2656474394",
"parent":"",
"text":"看到另外一说的是，此女翻越护栏时被戳的？[疑问]",
"mid":"z11lpdQKC",
"date":"2012-10-18 10:57:17"
},
{
"kids":[
"z11lNrTAD"
],
"uid":"2216495237",
"parent":"z11ds2Hcf",
"text":"10:39 你发的那个贴是谣贴，你不知道吗？ 10:50 我没有时间和你罗素，滚开 ，打到博主的痛处了，你个窑畜。你要脸吗？",
"mid":"z11kv3prA",
"date":"2012-10-18 10:55:03"
},
{
"kids":[],
"uid":"1830947705",
"parent":"z10Z12iHM",
"text":"",
"mid":"z11i44MiC",
"date":"2012-10-18 10:49:04"
},
{
"kids":[
"z11mxh53N"
],
"uid":"1897619971",
"parent":"",
"text":"",
"mid":"z11h6FNdg",
"date":"2012-10-18 10:46:42"
},
{
"kids":[],
"uid":"2841708935",
"parent":"z119y2sHA",
"text":"",
"mid":"z11fVqOH7",
"date":"2012-10-18 10:43:46"
},
{
"kids":[],
"uid":"2243528067",
"parent":"z10Dm1XGj",
"text":"",
"mid":"z11ft2JZ7",
"date":"2012-10-18 10:42:39"
},
{
"kids":[],
"uid":"1823955655",
"parent":"",
"text":"如果真有这样的事希望有关部门能管管~!",
"mid":"z11dCEc6U",
"date":"2012-10-18 10:38:07"
},
{
"kids":[
"z11kv3prA"
],
"uid":"2216495237",
"parent":"",
"text":"这炒了几年已经炒烂的谣贴，还在传。难道这个外国姑娘入了中国籍，认了中国的刘姓干爹，随了刘姓了？",
"mid":"z11ds2Hcf",
"date":"2012-10-18 10:37:41"
},
{
"kids":[],
"uid":"1830947705",
"parent":"z10Z12iHM",
"text":"",
"mid":"z11cZ6bY3",
"date":"2012-10-18 10:36:33"
},
{
"kids":[],
"uid":"1830947705",
"parent":"z10Z12iHM",
"text":"",
"mid":"z11cW8QWf",
"date":"2012-10-18 10:36:25"
},
{
"kids":[],
"uid":"1830947705",
"parent":"z10Z12iHM",
"text":"",
"mid":"z11cSjnnx",
"date":"2012-10-18 10:36:16"
},
{
"kids":[],
"uid":"1858747572",
"parent":"z10JzClWX",
"text":"[怒]",
"mid":"z11chnVGc",
"date":"2012-10-18 10:34:47"
},
{
"kids":[],
"uid":"2932142875",
"parent":"z119y2sHA",
"text":"强烈要求官方公布真相！",
"mid":"z11cguGq0",
"date":"2012-10-18 10:34:46"
},
{
"kids":[],
"uid":"2798219890",
"parent":"z11115vrB",
"text":"",
"mid":"z11b9kqHz",
"date":"2012-10-18 10:32:01"
},
{
"kids":[
"z11t0gsK0"
],
"uid":"2932258984",
"parent":"",
"text":"",
"mid":"z11aNbAyV",
"date":"2012-10-18 10:31:08"
},
{
"kids":[],
"uid":"2813068275",
"parent":"",
"text":"",
"mid":"z11akwwBP",
"date":"2012-10-18 10:30:00"
},
{
"kids":[],
"uid":"2760298652",
"parent":"",
"text":"这是个造谣贴。此图片发表于2011-8-28 的www.703804.com网。该女子跨越马路护栏受伤，被送医院。",
"mid":"z11a9Apsj",
"date":"2012-10-18 10:29:33"
},
{
"kids":[],
"uid":"2788612490",
"parent":"z10KKC6wp",
"text":"",
"mid":"z119MeODl",
"date":"2012-10-18 10:28:38"
},
{
"kids":[
"z11fVqOH7",
"z11cguGq0"
],
"uid":"78jessica",
"parent":"z10Yo1Gaj",
"text":"NND禽兽不如的东西",
"mid":"z119y2sHA",
"date":"2012-10-18 10:28:02"
},
{
"kids":[],
"uid":"2615647713",
"parent":"z10Z12iHM",
"text":"",
"mid":"z116c1FzZ",
"date":"2012-10-18 10:19:48"
},
{
"kids":[],
"uid":"2802149374",
"parent":"z1129b4BH",
"text":"",
"mid":"z115kvQfd",
"date":"2012-10-18 10:17:40"
},
{
"kids":[],
"uid":"2932142875",
"parent":"",
"text":"回复@wsirsir:现在社会矛盾激化的典型过程如下: 地方政府腐败势力暴力执法,草菅人命;为掩盖丑行公然抢尸,毁尸灭迹,封锁消息,歪曲事实,受害百姓在当地申冤无路,迫不得已进京上访;北京要求地方腐败势力将上访者接回,然后不闻不问;地方腐败势力怒火中烧,变本加厉打击迫害上访群众,制造出一起起冤案命案！",
"mid":"z114JBbh2",
"date":"2012-10-18 10:16:13"
},
{
"kids":[],
"uid":"1976400374",
"parent":"",
"text":"[怒]",
"mid":"z114A6NyO",
"date":"2012-10-18 10:15:49"
},
{
"kids":[],
"uid":"2932142875",
"parent":"",
"text":"回复@wsirsir:现在社会矛盾激化的典型过程如下: 地方政府腐败势力暴力执法,草菅人命;为掩盖丑行公然抢尸,毁尸灭迹,受害百姓在当地申冤无路,迫不得已进京上访;北京要求地方腐败势力将上访者接回,然后不闻不问;地方腐败势力怒火中烧,变本加厉打击迫害上访群众,制造出一起又一起令人发指的冤案甚至命案!",
"mid":"z114mxw02",
"date":"2012-10-18 10:15:18"
},
{
"kids":[],
"uid":"2400611090",
"parent":"",
"text":"还是人嘛?还像人嘛?还有人性嘛?土匪！琴兽！",
"mid":"z1144fX9N",
"date":"2012-10-18 10:14:34"
},
{
"kids":[],
"uid":"2373327497",
"parent":"z112BvBDg",
"text":"",
"mid":"z113LjpWm",
"date":"2012-10-18 10:13:49"
},
{
"kids":[],
"uid":"shawise",
"parent":"z11115vrB",
"text":"南无阿弥陀佛",
"mid":"z113wymJ3",
"date":"2012-10-18 10:13:14"
},
{
"kids":[],
"uid":"2905364553",
"parent":"z1129b4BH",
"text":"",
"mid":"z1132n6zf",
"date":"2012-10-18 10:12:03"
},
{
"kids":[],
"uid":"2798954732",
"parent":"",
"text":"让世界上有正义的国家和人民都看看中国的现状，真正了解中国的现状，在中国，人权是什么?民主法制又是什么?开口闭口指责别国干涉了我们的内政，我们的内政又是什么?",
"mid":"z112SEucY",
"date":"2012-10-18 10:11:38"
},
{
"kids":[],
"uid":"2932142875",
"parent":"",
"text":"强烈要求当地政府公布真相,如情况属实,强烈要求严惩涉案贪官!",
"mid":"z112PpxKi",
"date":"2012-10-18 10:11:30"
},
{
"kids":[
"z113LjpWm"
],
"uid":"wuhao12",
"parent":"",
"text":"这样的事情，全国各小城市都有，我们这里也发生了，打得几个女人都住院了。现在的政府是土匪，是强盗。。。",
"mid":"z112BvBDg",
"date":"2012-10-18 10:10:58"
},
{
"kids":[
"z115kvQfd",
"z1132n6zf"
],
"uid":"2932258984",
"parent":"",
"text":"太残忍,太残忍!!![怒][怒][怒]",
"mid":"z1129b4BH",
"date":"2012-10-18 10:09:49"
},
{
"kids":[
"z11b9kqHz",
"z113wymJ3"
],
"uid":"2104869007",
"parent":"z10QepEmy",
"text":"",
"mid":"z11115vrB",
"date":"2012-10-18 10:07:03"
},
{
"kids":[],
"uid":"2805965920",
"parent":"z10AfBN4h",
"text":"",
"mid":"z10ZRkJjg",
"date":"2012-10-18 10:04:12"
},
{
"kids":[],
"uid":"2798954732",
"parent":"",
"text":"@霸气的北京小妞:现在社会矛盾激化的典型过程如下: 地方政府腐败势力暴力执法,草菅人命;为掩盖丑行公然抢尸,毁尸灭迹,受害百姓在当地申冤无路,迫不得已进京上访;北京要求地方腐败势力将上访者接回,然后不闻不问地方腐败势力怒火中烧,变本加厉打击迫害上访群众,制造出一起又一起令人发指的冤案甚至命案",
"mid":"z10ZL69BZ",
"date":"2012-10-18 10:03:57"
},
{
"kids":[
"z11i44MiC",
"z11cZ6bY3",
"z11cW8QWf",
"z11cSjnnx",
"z116c1FzZ"
],
"uid":"1301827287",
"parent":"",
"text":"那么粗的东西插入人体怎么不流血呢?",
"mid":"z10Z12iHM",
"date":"2012-10-18 10:02:07"
},
{
"kids":[
"z119y2sHA"
],
"uid":"2795233845",
"parent":"",
"text":"又是陕西陕西是暴力先锋啊！如属实把官员全枪毙都不冤！",
"mid":"z10Yo1Gaj",
"date":"2012-10-18 10:00:34"
},
{
"kids":[],
"uid":"2454781743",
"parent":"",
"text":"求辟谣！",
"mid":"z10Xwx3xA",
"date":"2012-10-18 09:58:26"
},
{
"kids":[],
"uid":"2795039675",
"parent":"",
"text":"",
"mid":"z10WXECNR",
"date":"2012-10-18 09:57:04"
},
{
"kids":[],
"uid":"1655247904",
"parent":"",
"text":"血债！",
"mid":"z10Vr5HDO",
"date":"2012-10-18 09:53:17"
},
{
"kids":[],
"uid":"2932142875",
"parent":"z10UM1UQf",
"text":"强烈要求当地政府公布真相,如情况属实,强烈要求严惩涉案贪官!",
"mid":"z10Vm6jZN",
"date":"2012-10-18 09:53:05"
},
{
"kids":[
"z10Vm6jZN"
],
"uid":"1213548705",
"parent":"z10PpAAmE",
"text":"@牛牛在武汉: :真的吗？正义转发",
"mid":"z10UM1UQf",
"date":"2012-10-18 09:51:40"
},
{
"kids":[],
"uid":"2348719300",
"parent":"",
"text":"",
"mid":"z10UzjkxK",
"date":"2012-10-18 09:51:10"
},
{
"kids":[],
"uid":"2932142875",
"parent":"",
"text":"现在社会矛盾激化的典型过程如下: 地方政府腐败势力暴力执法,草菅人命;为掩盖丑行公然抢尸,毁尸灭迹,受害百姓在当地申冤无路,迫不得已进京上访;北京要求地方腐败势力将上访者接回,然后不闻不问;地方腐败势力怒火中烧,变本加厉打击迫害上访群众,制造出一起又一起令人发指的冤案甚至命案!",
"mid":"z10TVqBes",
"date":"2012-10-18 09:49:34"
},
{
"kids":[],
"uid":"1937055025",
"parent":"z10NHsFdG",
"text":"天朝特色",
"mid":"z10SpqGs0",
"date":"2012-10-18 09:45:50"
},
{
"kids":[],
"uid":"2192730365",
"parent":"z10KKC6wp",
"text":"",
"mid":"z10RSDC0g",
"date":"2012-10-18 09:44:33"
},
{
"kids":[],
"uid":"1771893104",
"parent":"z10JzClWX",
"text":"CTM，这帮破坏社会安定的坏分子。",
"mid":"z10QX4eNs",
"date":"2012-10-18 09:42:13"
},
{
"kids":[],
"uid":"1400565345",
"parent":"z10AfBN4h",
"text":"",
"mid":"z10QUnz9C",
"date":"2012-10-18 09:42:08"
},
{
"kids":[],
"uid":"1911248632",
"parent":"z10Ku3EZR",
"text":"吓宁额呀~~~",
"mid":"z10QtuQnN",
"date":"2012-10-18 09:41:04"
},
{
"kids":[
"z11115vrB"
],
"uid":"2711489242",
"parent":"",
"text":"",
"mid":"z10QepEmy",
"date":"2012-10-18 09:40:28"
},
{
"kids":[],
"uid":"endlv",
"parent":"z10KKC6wp",
"text":"",
"mid":"z10PM3zzb",
"date":"2012-10-18 09:39:21"
},
{
"kids":[
"z12byuKu7",
"z10UM1UQf"
],
"uid":"2983032314",
"parent":"",
"text":":真的吗？正义转发",
"mid":"z10PpAAmE",
"date":"2012-10-18 09:38:28"
},
{
"kids":[],
"uid":"1301827287",
"parent":"",
"text":"看这照片不大象",
"mid":"z10OhhDAn",
"date":"2012-10-18 09:35:39"
},
{
"kids":[],
"uid":"2056326900",
"parent":"z10Mh8Ljx",
"text":"",
"mid":"z10NQkDrs",
"date":"2012-10-18 09:34:34"
},
{
"kids":[
"z1gPm2Nzl",
"z10SpqGs0"
],
"uid":"2658397022",
"parent":"z10KKC6wp",
"text":"求真相",
"mid":"z10NHsFdG",
"date":"2012-10-18 09:34:15"
},
{
"kids":[],
"uid":"1889712221",
"parent":"z10KKC6wp",
"text":"",
"mid":"z10NwxYYr",
"date":"2012-10-18 09:33:48"
},
{
"kids":[],
"uid":"579199558",
"parent":"z10JzClWX",
"text":"",
"mid":"z10NegC5M",
"date":"2012-10-18 09:33:04"
},
{
"kids":[],
"uid":"1805132902",
"parent":"z10AfBN4h",
"text":"[话筒][话筒]",
"mid":"z10Mn3pFJ",
"date":"2012-10-18 09:30:57"
},
{
"kids":[
"z10NQkDrs"
],
"uid":"2111827523",
"parent":"z10Dm1XGj",
"text":"求证。",
"mid":"z10Mh8Ljx",
"date":"2012-10-18 09:30:44"
},
{
"kids":[
"z119MeODl",
"z10RSDC0g",
"z10PM3zzb",
"z10NHsFdG",
"z10NwxYYr"
],
"uid":"1301827287",
"parent":"z10JwBMZY",
"text":"官方出来辟谣",
"mid":"z10KKC6wp",
"date":"2012-10-18 09:26:59"
},
{
"kids":[
"z10QtuQnN"
],
"uid":"1719216702",
"parent":"z10v0yjBA",
"text":"",
"mid":"z10Ku3EZR",
"date":"2012-10-18 09:26:18"
},
{
"kids":[
"z1vwV3r2K",
"z1vr9ucYD",
"z11chnVGc",
"z10QX4eNs",
"z10NegC5M"
],
"uid":"2850612582",
"parent":"",
"text":"一群畜生！",
"mid":"z10JzClWX",
"date":"2012-10-18 09:24:04"
},
{
"kids":[
"z10KKC6wp"
],
"uid":"1660495670",
"parent":"z10Dm1XGj",
"text":"",
"mid":"z10JwBMZY",
"date":"2012-10-18 09:23:58"
},
{
"kids":[],
"uid":"2187445015",
"parent":"z10hLq0Qx",
"text":"",
"mid":"z10GUpaSw",
"date":"2012-10-18 09:17:30"
},
{
"kids":[],
"uid":"2044983355",
"parent":"",
"text":"求真相求辟谣。",
"mid":"z10F2BCLz",
"date":"2012-10-18 09:12:55"
},
{
"kids":[
"z16yLcJho"
],
"uid":"2686565443",
"parent":"z10AfBN4h",
"text":"",
"mid":"z10Eh34dS",
"date":"2012-10-18 09:11:01"
},
{
"kids":[
"z11ft2JZ7",
"z10Mh8Ljx",
"z10JwBMZY"
],
"uid":"1301827287",
"parent":"",
"text":"神州遍地是冤魂啊",
"mid":"z10Dm1XGj",
"date":"2012-10-18 09:08:43"
},
{
"kids":[],
"uid":"zhaochun67",
"parent":"",
"text":"",
"mid":"z10CHeTaT",
"date":"2012-10-18 09:07:08"
},
{
"kids":[],
"uid":"2954986043",
"parent":"z10AfBN4h",
"text":"",
"mid":"z10Bdk882",
"date":"2012-10-18 09:03:29"
},
{
"kids":[],
"uid":"2930863972",
"parent":"z10rG4eWF",
"text":"[抓狂]！",
"mid":"z10B4tpFw",
"date":"2012-10-18 09:03:08"
},
{
"kids":[],
"uid":"1720809353",
"parent":"",
"text":"死得不值！同情",
"mid":"z10Ak4t5u",
"date":"2012-10-18 09:01:17"
},
{
"kids":[
"z11wHfpny",
"z10ZRkJjg",
"z10QUnz9C",
"z10Mn3pFJ",
"z10Eh34dS",
"z10Bdk882"
],
"uid":"2532109681",
"parent":"",
"text":"正义转贴",
"mid":"z10AfBN4h",
"date":"2012-10-18 09:01:07"
},
{
"kids":[],
"uid":"2475513417",
"parent":"",
"text":"",
"mid":"z10zqbCbz",
"date":"2012-10-18 08:59:04"
},
{
"kids":[],
"uid":"1067439117",
"parent":"z10rG4eWF",
"text":"真惨啊！",
"mid":"z10zluztW",
"date":"2012-10-18 08:58:53"
},
{
"kids":[],
"uid":"2088375093",
"parent":"z10v0yjBA",
"text":"？",
"mid":"z10zk27Nq",
"date":"2012-10-18 08:58:49"
},
{
"kids":[],
"uid":"ljranger",
"parent":"",
"text":"",
"mid":"z10yMlHia",
"date":"2012-10-18 08:57:29"
},
{
"kids":[],
"uid":"2702580294",
"parent":"z103XDw8x",
"text":"惨不忍睹",
"mid":"z10yzlvMg",
"date":"2012-10-18 08:56:58"
},
{
"kids":[],
"uid":"1958120547",
"parent":"z10vbcF1f",
"text":"",
"mid":"z10x4g7NQ",
"date":"2012-10-18 08:53:15"
},
{
"kids":[
"z10x4g7NQ"
],
"uid":"2715959033",
"parent":"z10uklBCf",
"text":"",
"mid":"z10vbcF1f",
"date":"2012-10-18 08:48:37"
},
{
"kids":[
"z10Ku3EZR",
"z10zk27Nq"
],
"uid":"1712097064",
"parent":"",
"text":"",
"mid":"z10v0yjBA",
"date":"2012-10-18 08:48:11"
},
{
"kids":[
"z10vbcF1f"
],
"uid":"2441809554",
"parent":"z0NK9xmm3",
"text":"",
"mid":"z10uklBCf",
"date":"2012-10-18 08:46:31"
},
{
"kids":[],
"uid":"2441809554",
"parent":"z0UMEcdXL",
"text":"",
"mid":"z10u8vfQc",
"date":"2012-10-18 08:46:03"
},
{
"kids":[],
"uid":"2441809554",
"parent":"z0NK9xmm3",
"text":"",
"mid":"z10u5xVha",
"date":"2012-10-18 08:45:56"
},
{
"kids":[],
"uid":"2441809554",
"parent":"",
"text":"",
"mid":"z10u2k0fe",
"date":"2012-10-18 08:45:48"
},
{
"kids":[],
"uid":"2441809554",
"parent":"z10q6uScp",
"text":"",
"mid":"z10tPBqmK",
"date":"2012-10-18 08:45:18"
},
{
"kids":[],
"uid":"2441809554",
"parent":"",
"text":"",
"mid":"z10tME5P3",
"date":"2012-10-18 08:45:11"
},
{
"kids":[],
"uid":"2441809554",
"parent":"z10qY1mjv",
"text":"",
"mid":"z10tJo9mU",
"date":"2012-10-18 08:45:03"
},
{
"kids":[],
"uid":"2441809554",
"parent":"",
"text":"",
"mid":"z10tGrPc0",
"date":"2012-10-18 08:44:56"
},
{
"kids":[],
"uid":"2441809554",
"parent":"",
"text":"",
"mid":"z10tkAKNB",
"date":"2012-10-18 08:44:04"
},
{
"kids":[],
"uid":"2441809554",
"parent":"",
"text":"",
"mid":"z10te4Nc3",
"date":"2012-10-18 08:43:48"
},
{
"kids":[],
"uid":"2894967742",
"parent":"z10odd9ni",
"text":"正好跳到护栏上么[疑问]",
"mid":"z10sfaLza",
"date":"2012-10-18 08:41:22"
},
{
"kids":[
"z10B4tpFw",
"z10zluztW"
],
"uid":"2352123062",
"parent":"",
"text":"",
"mid":"z10rG4eWF",
"date":"2012-10-18 08:39:59"
},
{
"kids":[
"z10tJo9mU"
],
"uid":"2833114893",
"parent":"",
"text":"现在的中国怎么了？",
"mid":"z10qY1mjv",
"date":"2012-10-18 08:38:14"
},
{
"kids":[],
"uid":"2663533451",
"parent":"",
"text":"",
"mid":"z10qdAmpl",
"date":"2012-10-18 08:36:24"
},
{
"kids":[
"z10tPBqmK"
],
"uid":"2827322547",
"parent":"",
"text":"这些当官的太没人性了，难道就没人来管管吗[怒]大家都关注下吧！希望她在天堂不会这么痛苦[蜡烛][蜡烛][蜡烛]",
"mid":"z10q6uScp",
"date":"2012-10-18 08:36:07"
},
{
"kids":[],
"uid":"webdow",
"parent":"",
"text":"",
"mid":"z10pGbOfD",
"date":"2012-10-18 08:35:03"
},
{
"kids":[],
"uid":"2529100773",
"parent":"",
"text":"让人肝颤的新闻~~~[怒]",
"mid":"z10pnh1MI",
"date":"2012-10-18 08:34:19"
},
{
"kids":[],
"uid":"2863881524",
"parent":"z10hLq0Qx",
"text":"",
"mid":"z10oxhAsQ",
"date":"2012-10-18 08:32:15"
},
{
"kids":[],
"uid":"2281949920",
"parent":"",
"text":"",
"mid":"z10ow9wDb",
"date":"2012-10-18 08:32:10"
},
{
"kids":[
"z10sfaLza"
],
"uid":"201244646",
"parent":"",
"text":"图不对，求真相求辟谣~@微博小秘书 [lxhx刷牙]",
"mid":"z10odd9ni",
"date":"2012-10-18 08:31:27"
},
{
"kids":[],
"uid":"2740492003",
"parent":"z10hLq0Qx",
"text":"",
"mid":"z10mZyx2i",
"date":"2012-10-18 08:28:26"
},
{
"kids":[],
"uid":"yxy5283576",
"parent":"",
"text":"",
"mid":"z10kQ0bZ9",
"date":"2012-10-18 08:23:07"
},
{
"kids":[],
"uid":"jasperfc",
"parent":"z10hLq0Qx",
"text":"没人性？可耻之极，可恶至极",
"mid":"z10jXlUpm",
"date":"2012-10-18 08:20:58"
},
{
"kids":[],
"uid":"yzlbl",
"parent":"z10hLq0Qx",
"text":"",
"mid":"z10jKjNPi",
"date":"2012-10-18 08:20:27"
},
{
"kids":[],
"uid":"2932142875",
"parent":"",
"text":"强烈要求公布真相,严惩凶手--- 凤凰网：图片女孩叫刘爱玲，她家被政府强拆，父亲因此上访而被打残关进黑监狱！最后她不得已上陕西省上仿，在上访路上竟被政府抓回永寿县，最后被陕西省永寿县司法局长杨志斌和手下轮奸，她感到痛苦绝望而最后跳楼自杀.",
"mid":"z10jx0SYu",
"date":"2012-10-18 08:19:55"
},
{
"kids":[],
"uid":"2932142875",
"parent":"",
"text":"陕西省永寿县司法局长杨志斌和手下轮强奸---如情况属实,强烈要求严惩凶手杨志斌!",
"mid":"z10iJne0J",
"date":"2012-10-18 08:17:57"
},
{
"kids":[
"z10GUpaSw",
"z10oxhAsQ",
"z10mZyx2i",
"z10jXlUpm",
"z10jKjNPi"
],
"uid":"278272756",
"parent":"",
"text":"",
"mid":"z10hLq0Qx",
"date":"2012-10-18 08:15:33"
},
{
"kids":[],
"uid":"1887497533",
"parent":"",
"text":"",
"mid":"z10dBs8kS",
"date":"2012-10-18 08:05:19"
},
{
"kids":[],
"uid":"39aaa",
"parent":"",
"text":"",
"mid":"z108w9IT8",
"date":"2012-10-18 07:52:46"
},
{
"kids":[
"z10yzlvMg"
],
"uid":"uc14120200",
"parent":"",
"text":"",
"mid":"z103XDw8x",
"date":"2012-10-18 07:41:34"
},
{
"kids":[],
"uid":"1230499233",
"parent":"z0Xn00KpM",
"text":"",
"mid":"z0ZTsqrBC",
"date":"2012-10-18 07:15:42"
},
{
"kids":[],
"uid":"zlj33",
"parent":"z0ZHJtfvw",
"text":"",
"mid":"z0ZMe9oXs",
"date":"2012-10-18 06:57:52"
},
{
"kids":[
"z0ZMe9oXs"
],
"uid":"2535147451",
"parent":"",
"text":"",
"mid":"z0ZHJtfvw",
"date":"2012-10-18 06:46:48"
},
{
"kids":[],
"uid":"1745397804",
"parent":"z0Y9piXy1",
"text":"",
"mid":"z0Z1G596T",
"date":"2012-10-18 05:03:10"
},
{
"kids":[
"z0Z1G596T"
],
"uid":"2261148931",
"parent":"z0X9NbyGw",
"text":"宋洪武书记，真有这事吗?如果有，是否也应当与政治民意挂钩?安东院长有何高見 ？？？",
"mid":"z0Y9piXy1",
"date":"2012-10-18 02:49:29"
},
{
"kids":[],
"uid":"2266729007",
"parent":"z0Xvmg8jL",
"text":"",
"mid":"z0Xwxi450",
"date":"2012-10-18 01:13:43"
},
{
"kids":[],
"uid":"2279536651",
"parent":"z0Xn00KpM",
"text":"",
"mid":"z0XvRBTgG",
"date":"2012-10-18 01:12:04"
},
{
"kids":[
"z0Xwxi450"
],
"uid":"1588140534",
"parent":"",
"text":"",
"mid":"z0Xvmg8jL",
"date":"2012-10-18 01:10:49"
},
{
"kids":[],
"uid":"1356545332",
"parent":"",
"text":"",
"mid":"z0XvlF9sM",
"date":"2012-10-18 01:10:48"
},
{
"kids":[],
"uid":"2349264947",
"parent":"z0XmtaGlu",
"text":"",
"mid":"z0XrQtFo3",
"date":"2012-10-18 01:02:10"
},
{
"kids":[],
"uid":"1548955071",
"parent":"",
"text":"唉！社会到底怎么啦？",
"mid":"z0XrJobDY",
"date":"2012-10-18 01:01:53"
},
{
"kids":[],
"uid":"2002514853",
"parent":"z0XmtaGlu",
"text":"",
"mid":"z0XqRjChZ",
"date":"2012-10-18 00:59:44"
},
{
"kids":[
"z0ZTsqrBC",
"z0XvRBTgG"
],
"uid":"zxcbm",
"parent":"",
"text":"",
"mid":"z0Xn00KpM",
"date":"2012-10-18 00:50:12"
},
{
"kids":[
"z0XrQtFo3",
"z0XqRjChZ"
],
"uid":"39aaa",
"parent":"",
"text":"",
"mid":"z0XmtaGlu",
"date":"2012-10-18 00:48:55"
},
{
"kids":[],
"uid":"2261148931",
"parent":"z0X9NbyGw",
"text":"",
"mid":"z0XgVxi8U",
"date":"2012-10-18 00:35:12"
},
{
"kids":[
"z13r2iYNw",
"z13r2iYLT",
"z0Y9piXy1",
"z0XgVxi8U"
],
"uid":"2169231952",
"parent":"z0WzqAG3r",
"text":"[怒]",
"mid":"z0X9NbyGw",
"date":"2012-10-18 00:17:42"
},
{
"kids":[],
"uid":"2811917715",
"parent":"",
"text":"",
"mid":"z0X2s7k16",
"date":"2012-10-17 23:59:32"
},
{
"kids":[],
"uid":"1884179007",
"parent":"z0WBHeXNG",
"text":"微博真的不能看了，总是被一个比一个更骇人听闻的事震惊，再震惊。",
"mid":"z0X0tejMS",
"date":"2012-10-17 23:54:41"
},
{
"kids":[],
"uid":"2811917715",
"parent":"",
"text":"",
"mid":"z0WXqlX59",
"date":"2012-10-17 23:47:14"
},
{
"kids":[],
"uid":"1559804905",
"parent":"z0WBHeXNG",
"text":"",
"mid":"z0WTastQF",
"date":"2012-10-17 23:36:44"
},
{
"kids":[
"z0X0tejMS",
"z0WTastQF"
],
"uid":"2497487713",
"parent":"z0WzqAG3r",
"text":"[怒][怒][怒]",
"mid":"z0WBHeXNG",
"date":"2012-10-17 22:53:38"
},
{
"kids":[
"z0X9NbyGw",
"z0WBHeXNG"
],
"uid":"2436510902",
"parent":"",
"text":"愤怒！[怒]如果是真的，网友们都来为这个女孩及其父亲讨还血债！声援为他出头的正义者！请转发！陕西司法为什么这样疲软，屡屡出现官吏不法渎职、劣民违法犯罪的事件。",
"mid":"z0WzqAG3r",
"date":"2012-10-17 22:48:07"
},
{
"kids":[],
"uid":"2867595882",
"parent":"",
"text":"是真的么？？，，敢死为什么不敢暴力维权？？？",
"mid":"z0WwEBQU3",
"date":"2012-10-17 22:41:17"
},
{
"kids":[],
"uid":"834551210",
"parent":"",
"text":"[怒]",
"mid":"z0WvTlHds",
"date":"2012-10-17 22:39:23"
},
{
"kids":[],
"uid":"272971177",
"parent":"",
"text":"[泪][怒]",
"mid":"z0W35CPyi",
"date":"2012-10-17 21:28:26"
},
{
"kids":[],
"uid":"1862379977",
"parent":"",
"text":"",
"mid":"z0VcSxKd2",
"date":"2012-10-17 19:19:48"
},
{
"kids":[],
"uid":"2074966811",
"parent":"",
"text":"",
"mid":"z0V1Gaedt",
"date":"2012-10-17 18:52:12"
},
{
"kids":[],
"uid":"30985901",
"parent":"z0UMEcdXL",
"text":"",
"mid":"z0UYy2Lze",
"date":"2012-10-17 18:44:29"
},
{
"kids":[],
"uid":"512567522",
"parent":"z0UMEcdXL",
"text":"看来这是一个有组织有分工的造谣团伙啊[偷笑]@一叶知秋_2 @zz周亚红 你妈让你们去领工资啦[哈哈]",
"mid":"z0URi0KVl",
"date":"2012-10-17 18:26:36"
},
{
"kids":[],
"uid":"2176400604",
"parent":"z0UMEcdXL",
"text":"西班牙的女子跨越铁栅栏穿股说明中国人司法严峻没有人权，@一叶知秋_2 也太……，不过不愧为@一叶知秋_2 啊！真2！",
"mid":"z0UQDdGoU",
"date":"2012-10-17 18:24:59"
},
{
"kids":[
"z10u8vfQc",
"z0UYy2Lze",
"z0URi0KVl",
"z0UQDdGoU"
],
"uid":"2035124285",
"parent":"z0NK9xmm3",
"text":"倪文华.此图片此内容不时就会在微博里出现，可谓不老的谣言。该图为国外一女子翻越栏杆时被刺穿，2009年开始在网络上流传。大家把图片输入百度搜一下",
"mid":"z0UMEcdXL",
"date":"2012-10-17 18:15:10"
},
{
"kids":[
"z10uklBCf",
"z10u5xVha",
"z0UMEcdXL"
],
"uid":"2810510185",
"parent":"",
"text":"黑监狱，侵害公民合法权益，罪恶累累。南通徐丽艳夫妇被失踪一个月了。救救徐丽艳夫妇；救救关在黑监狱的访民。",
"mid":"z0NK9xmm3",
"date":"2012-10-17 00:19:46"
}
]