[
{
"kids":[],
"uid":"3276433685",
"parent":"",
"text":"",
"mid":"zyOIn8Dnx",
"date":"2013-05-28 17:18:27"
},
{
"kids":[],
"uid":"2809506444",
"parent":"zwebQyMOj",
"text":"",
"mid":"zyClmmkVv",
"date":"2013-05-27 09:48:49"
},
{
"kids":[],
"uid":"3044730400",
"parent":"zwwN8heKv",
"text":"",
"mid":"zxgpOEf3R",
"date":"2013-05-18 12:09:05"
},
{
"kids":[],
"uid":"2803265124",
"parent":"zwenodDWF",
"text":"",
"mid":"zx6YRa3JA",
"date":"2013-05-17 12:07:56"
},
{
"kids":[],
"uid":"3045279574",
"parent":"zwwN8heKv",
"text":"",
"mid":"zx5M0sfxK",
"date":"2013-05-17 09:03:32"
},
{
"kids":[],
"uid":"3043735232",
"parent":"zwwN8heKv",
"text":"",
"mid":"zx5M0rm5p",
"date":"2013-05-17 09:03:32"
},
{
"kids":[],
"uid":"2805509334",
"parent":"zwenodDWF",
"text":"",
"mid":"zwYsVddPT",
"date":"2013-05-16 14:27:17"
},
{
"kids":[],
"uid":"2803585084",
"parent":"zwenodDWF",
"text":"",
"mid":"zwYsVcMnf",
"date":"2013-05-16 14:27:17"
},
{
"kids":[],
"uid":"2545211590",
"parent":"zwf1LBUjj",
"text":"",
"mid":"zwDNbnFpM",
"date":"2013-05-14 09:49:31"
},
{
"kids":[],
"uid":"2919481750",
"parent":"",
"text":"",
"mid":"zwDl9yAr3",
"date":"2013-05-14 08:40:28"
},
{
"kids":[
"zxgpOEf3R",
"zx5M0sfxK",
"zx5M0rm5p"
],
"uid":"2138898301",
"parent":"",
"text":"@anniechenmin",
"mid":"zwwN8heKv",
"date":"2013-05-13 16:00:09"
},
{
"kids":[],
"uid":"1887510560",
"parent":"",
"text":"",
"mid":"zwvxIl6Rr",
"date":"2013-05-13 12:49:26"
},
{
"kids":[],
"uid":"1574592240",
"parent":"",
"text":"",
"mid":"zwuyfmebS",
"date":"2013-05-13 10:18:00"
},
{
"kids":[],
"uid":"2920491930",
"parent":"",
"text":"",
"mid":"zwuyfme6U",
"date":"2013-05-13 10:17:59"
},
{
"kids":[],
"uid":"3327436470",
"parent":"zwf1LBUjj",
"text":"",
"mid":"zwqaajZo8",
"date":"2013-05-12 23:07:41"
},
{
"kids":[],
"uid":"cdsdusa",
"parent":"",
"text":"也提醒一下大家哈！[握手]",
"mid":"zwp3MBx89",
"date":"2013-05-12 20:19:13"
},
{
"kids":[],
"uid":"1620879750",
"parent":"",
"text":"",
"mid":"zwmODppxK",
"date":"2013-05-12 14:36:22"
},
{
"kids":[],
"uid":"2573105741",
"parent":"",
"text":"",
"mid":"zwm7gs6k5",
"date":"2013-05-12 12:49:33"
},
{
"kids":[],
"uid":"2715129641",
"parent":"zwf1LBUjj",
"text":"",
"mid":"zwlZ9xpR3",
"date":"2013-05-12 12:29:34"
},
{
"kids":[],
"uid":"3180592784",
"parent":"zwf1LBUjj",
"text":"",
"mid":"zwlStcMnr",
"date":"2013-05-12 12:13:05"
},
{
"kids":[],
"uid":"2691340545",
"parent":"",
"text":"转发微博。",
"mid":"zwlOKrkYQ",
"date":"2013-05-12 12:03:56"
},
{
"kids":[],
"uid":"2133971462",
"parent":"zwf1LBUjj",
"text":"这个得知道…",
"mid":"zwkITfPLz",
"date":"2013-05-12 09:16:44"
},
{
"kids":[],
"uid":"2524591582",
"parent":"",
"text":"[衰][衰][衰]",
"mid":"zwkDY1sry",
"date":"2013-05-12 09:04:37"
},
{
"kids":[],
"uid":"3252676344",
"parent":"zwf1LBUjj",
"text":"[兔子]",
"mid":"zwktdFuYb",
"date":"2013-05-12 08:38:09"
},
{
"kids":[],
"uid":"2616532515",
"parent":"",
"text":"",
"mid":"zwjBEB8nY",
"date":"2013-05-12 06:26:10"
},
{
"kids":[],
"uid":"myhappyfriday",
"parent":"zwf1LBUjj",
"text":"",
"mid":"zwhpyz05l",
"date":"2013-05-12 00:50:51"
},
{
"kids":[],
"uid":"7dingjie",
"parent":"",
"text":"花露水真的可以点燃，高中晚自习的时候和同学实验过，把花露水对着打火机喷，直接就喷出火！这个消息是真的！！！靠",
"mid":"zwhkim1om",
"date":"2013-05-12 00:37:55"
},
{
"kids":[],
"uid":"3026101515",
"parent":"zwf1LBUjj",
"text":"",
"mid":"zwh8LuSxi",
"date":"2013-05-12 00:09:31"
},
{
"kids":[],
"uid":"3004893153",
"parent":"zwf1LBUjj",
"text":"",
"mid":"zwh1TaAEw",
"date":"2013-05-11 23:52:32"
},
{
"kids":[],
"uid":"2694606965",
"parent":"zwggCsQcz",
"text":"我也是  还有各个品牌的名字和工作原理-_-#",
"mid":"zwh0U0Xh3",
"date":"2013-05-11 23:50:06"
},
{
"kids":[],
"uid":"2476865492",
"parent":"",
"text":"",
"mid":"zwgRoaPhf",
"date":"2013-05-11 23:26:41"
},
{
"kids":[],
"uid":"2814590014",
"parent":"zwf1LBUjj",
"text":"",
"mid":"zwgPuyOSM",
"date":"2013-05-11 23:22:00"
},
{
"kids":[],
"uid":"74252177",
"parent":"",
"text":"！！！",
"mid":"zwgOVmDpS",
"date":"2013-05-11 23:20:39"
},
{
"kids":[],
"uid":"guanqx17",
"parent":"zwf1LBUjj",
"text":"喝花漏水会酸醉噢",
"mid":"zwgMplB8W",
"date":"2013-05-11 23:14:22"
},
{
"kids":[],
"uid":"2729095237",
"parent":"",
"text":"",
"mid":"zwgCNmSZU",
"date":"2013-05-11 22:50:45"
},
{
"kids":[],
"uid":"2896206025",
"parent":"",
"text":"安全第一",
"mid":"zwgBu5VVt",
"date":"2013-05-11 22:47:28"
},
{
"kids":[],
"uid":"1412911570",
"parent":"zwf1LBUjj",
"text":"[吃惊]",
"mid":"zwgumkKZR",
"date":"2013-05-11 22:29:57"
},
{
"kids":[],
"uid":"1800399850",
"parent":"zwf1LBUjj",
"text":"",
"mid":"zwgpzDqqh",
"date":"2013-05-11 22:18:08"
},
{
"kids":[],
"uid":"seansebastianxu",
"parent":"zwf1LBUjj",
"text":"",
"mid":"zwgkQx676",
"date":"2013-05-11 22:06:32"
},
{
"kids":[],
"uid":"2355605524",
"parent":"zwf1LBUjj",
"text":"",
"mid":"zwgknzpSm",
"date":"2013-05-11 22:05:23"
},
{
"kids":[],
"uid":"1741013042",
"parent":"",
"text":"",
"mid":"zwgi3Fl6Y",
"date":"2013-05-11 21:59:38"
},
{
"kids":[],
"uid":"2607465105",
"parent":"zwf1LBUjj",
"text":"",
"mid":"zwghssMhl",
"date":"2013-05-11 21:58:10"
},
{
"kids":[
"zwh0U0Xh3"
],
"uid":"2058569284",
"parent":"zwf1LBUjj",
"text":"我到现在还能背得燃点和闪点的概念……",
"mid":"zwggCsQcz",
"date":"2013-05-11 21:56:05"
},
{
"kids":[],
"uid":"2307282120",
"parent":"zwf1LBUjj",
"text":"",
"mid":"zwg6bltaY",
"date":"2013-05-11 21:30:23"
},
{
"kids":[],
"uid":"2632312947",
"parent":"",
"text":"@531外星人",
"mid":"zwg4Qyh4P",
"date":"2013-05-11 21:27:04"
},
{
"kids":[],
"uid":"zenvon",
"parent":"zwf1LBUjj",
"text":"可燃液体闪点都很低，这也是为什么油厂周围也不让吸烟的原因",
"mid":"zwg4IhVzI",
"date":"2013-05-11 21:26:48"
},
{
"kids":[],
"uid":"2404143377",
"parent":"",
"text":"",
"mid":"zwg28rbAX",
"date":"2013-05-11 21:20:26"
},
{
"kids":[],
"uid":"2289347480",
"parent":"",
"text":"",
"mid":"zwfYOcGvJ",
"date":"2013-05-11 21:12:15"
},
{
"kids":[],
"uid":"2014690377",
"parent":"",
"text":"[吃惊]",
"mid":"zwfXUBK57",
"date":"2013-05-11 21:10:03"
},
{
"kids":[],
"uid":"2577827243",
"parent":"zwf1LBUjj",
"text":"鸭血，才买了一瓶sixgad..",
"mid":"zwfXOqdYW",
"date":"2013-05-11 21:09:45"
},
{
"kids":[],
"uid":"1454475242",
"parent":"zweuZhdQI",
"text":"记住了",
"mid":"zwfWHyPrU",
"date":"2013-05-11 21:07:03"
},
{
"kids":[],
"uid":"1868869407",
"parent":"zwf1LBUjj",
"text":"",
"mid":"zwfSBtVvc",
"date":"2013-05-11 20:56:54"
},
{
"kids":[],
"uid":"kickingass",
"parent":"zwf1LBUjj",
"text":"",
"mid":"zwfOFlQvM",
"date":"2013-05-11 20:47:16"
},
{
"kids":[],
"uid":"2774380205",
"parent":"",
"text":"",
"mid":"zwfOfnk1r",
"date":"2013-05-11 20:46:13"
},
{
"kids":[],
"uid":"3200685902",
"parent":"zwf1LBUjj",
"text":"",
"mid":"zwfMtqEiO",
"date":"2013-05-11 20:41:51"
},
{
"kids":[],
"uid":"3375187294",
"parent":"zwf1LBUjj",
"text":"",
"mid":"zwfGM2MjZ",
"date":"2013-05-11 20:27:48"
},
{
"kids":[],
"uid":"3184181073",
"parent":"",
"text":"夏天野外烧烤必备花露水[哈哈]@苏梓sue @L王足各 @xiaohudiehubbykai米拉",
"mid":"zwfGCzOKU",
"date":"2013-05-11 20:27:26"
},
{
"kids":[],
"uid":"jm1eddie",
"parent":"zwf1LBUjj",
"text":"",
"mid":"zwfFHA6vt",
"date":"2013-05-11 20:25:08"
},
{
"kids":[],
"uid":"2130656385",
"parent":"",
"text":"",
"mid":"zwfCI19BT",
"date":"2013-05-11 20:17:46"
},
{
"kids":[],
"uid":"1939426292",
"parent":"",
"text":"",
"mid":"zwfBM5Nqt",
"date":"2013-05-11 20:15:29"
},
{
"kids":[],
"uid":"3309997721",
"parent":"zwf1LBUjj",
"text":"黑我六神！",
"mid":"zwfBqxyjG",
"date":"2013-05-11 20:14:38"
},
{
"kids":[],
"uid":"2305582077",
"parent":"zwf1LBUjj",
"text":"",
"mid":"zwfBqtvCG",
"date":"2013-05-11 20:14:35"
},
{
"kids":[],
"uid":"3358033970",
"parent":"zwf1LBUjj",
"text":"",
"mid":"zwfA151uS",
"date":"2013-05-11 20:11:07"
},
{
"kids":[],
"uid":"myarchy",
"parent":"zwf1LBUjj",
"text":"[笑哈哈]",
"mid":"zwfw45fyb",
"date":"2013-05-11 20:01:25"
},
{
"kids":[],
"uid":"1937676130",
"parent":"zwf1LBUjj",
"text":"昨天晚上才用花露水灭了烟头…",
"mid":"zwfvzEzoe",
"date":"2013-05-11 20:00:13"
},
{
"kids":[],
"uid":"lincolnxie",
"parent":"zwf1LBUjj",
"text":"",
"mid":"zwfvgtb4p",
"date":"2013-05-11 19:59:25"
},
{
"kids":[],
"uid":"1889904493",
"parent":"zwf1LBUjj",
"text":"[酷] 注意人身安全",
"mid":"zwfuY76HF",
"date":"2013-05-11 19:58:41"
},
{
"kids":[],
"uid":"2579171137",
"parent":"",
"text":"",
"mid":"zwfuJ2Ri5",
"date":"2013-05-11 19:58:04"
},
{
"kids":[],
"uid":"3305038687",
"parent":"",
"text":"",
"mid":"zwfu894TB",
"date":"2013-05-11 19:56:39"
},
{
"kids":[],
"uid":"loveofmyall",
"parent":"",
"text":"同志们！千万别放在车子上了哦",
"mid":"zwftOBUZw",
"date":"2013-05-11 19:55:52"
},
{
"kids":[],
"uid":"1765668574",
"parent":"zwf1LBUjj",
"text":"",
"mid":"zwfrLwfWe",
"date":"2013-05-11 19:50:50"
},
{
"kids":[],
"uid":"2237420451",
"parent":"zwf1LBUjj",
"text":"嗯嗯，我们在学校玩过，火很好看〜〜",
"mid":"zwfrJsaET",
"date":"2013-05-11 19:50:45"
},
{
"kids":[],
"uid":"2696907793",
"parent":"",
"text":"",
"mid":"zwfrBdHOO",
"date":"2013-05-11 19:50:22"
},
{
"kids":[],
"uid":"2302644860",
"parent":"zwf1LBUjj",
"text":"",
"mid":"zwfqbpDNs",
"date":"2013-05-11 19:46:53"
},
{
"kids":[],
"uid":"tuqiyuan",
"parent":"",
"text":"不管真不真。。转了。。。",
"mid":"zwfoGlwSJ",
"date":"2013-05-11 19:43:11"
},
{
"kids":[],
"uid":"1215796894",
"parent":"",
"text":"",
"mid":"zwfmkFI37",
"date":"2013-05-11 19:37:27"
},
{
"kids":[],
"uid":"1609429000",
"parent":"zwf1LBUjj",
"text":"",
"mid":"zwfkKywgp",
"date":"2013-05-11 19:33:30"
},
{
"kids":[],
"uid":"2187693651",
"parent":"zwf1LBUjj",
"text":"物质的燃点是指将物质在空气中加热时，开始并继续燃烧的最低温度叫做燃点。而闪点一般是燃油在规定结构的容器中加热挥发出可燃气体与液面附近的空气混合，达到一定浓度时可被火星点燃时的燃油温度。",
"mid":"zwfhi3Kjf",
"date":"2013-05-11 19:25:00"
},
{
"kids":[],
"uid":"1437998601",
"parent":"zwf1LBUjj",
"text":"[衰]",
"mid":"zwffP45WX",
"date":"2013-05-11 19:21:21"
},
{
"kids":[],
"uid":"1252125334",
"parent":"zwf1LBUjj",
"text":"",
"mid":"zwffgbE0v",
"date":"2013-05-11 19:20:02"
},
{
"kids":[],
"uid":"3126373813",
"parent":"zwemfhTPD",
"text":"围观下吧",
"mid":"zwfdpfV2c",
"date":"2013-05-11 19:15:26"
},
{
"kids":[],
"uid":"2799472913",
"parent":"zwf1LBUjj",
"text":"",
"mid":"zwfbv2WcV",
"date":"2013-05-11 19:10:46"
},
{
"kids":[],
"uid":"606112300",
"parent":"zwf1LBUjj",
"text":"",
"mid":"zwfbc87Ck",
"date":"2013-05-11 19:10:00"
},
{
"kids":[],
"uid":"1687198073",
"parent":"zwf1LBUjj",
"text":"",
"mid":"zwfb9sozp",
"date":"2013-05-11 19:09:54"
},
{
"kids":[],
"uid":"2646353281",
"parent":"",
"text":"@绿罗裙的妖娆",
"mid":"zwfabva2N",
"date":"2013-05-11 19:07:27"
},
{
"kids":[],
"uid":"2689670473",
"parent":"zwf1LBUjj",
"text":"@蜜蜜巧",
"mid":"zwfa21QcF",
"date":"2013-05-11 19:07:07"
},
{
"kids":[],
"uid":"1001653440",
"parent":"",
"text":"",
"mid":"zwf9mmusR",
"date":"2013-05-11 19:05:28"
},
{
"kids":[],
"uid":"2369935910",
"parent":"zwf1LBUjj",
"text":"下次再涂，我就过去接火@一直在笑_L",
"mid":"zwf8SeYGk",
"date":"2013-05-11 19:04:18"
},
{
"kids":[],
"uid":"2054039813",
"parent":"zwf1LBUjj",
"text":"",
"mid":"zwf8I9Omf",
"date":"2013-05-11 19:03:53"
},
{
"kids":[],
"uid":"1106154580",
"parent":"zwf1LBUjj",
"text":"不是科学论坛，不要发科技博！",
"mid":"zwf8EmDc5",
"date":"2013-05-11 19:03:43"
},
{
"kids":[],
"uid":"1880755302",
"parent":"zweWjBAeh",
"text":"够假，要真这样，我每年到夏天就死了[汗]",
"mid":"zwf87gFIR",
"date":"2013-05-11 19:02:25"
},
{
"kids":[],
"uid":"jerrysunchina",
"parent":"zwf1LBUjj",
"text":"[晕]",
"mid":"zwf7QpRHF",
"date":"2013-05-11 19:01:45"
},
{
"kids":[],
"uid":"1730950724",
"parent":"zwf1LBUjj",
"text":"你们小心呀@黄龙伙要取个最长最最长的用户名",
"mid":"zwf7L4blC",
"date":"2013-05-11 19:01:32"
},
{
"kids":[],
"uid":"230456953",
"parent":"zwf1LBUjj",
"text":"",
"mid":"zwf7l3lnX",
"date":"2013-05-11 19:00:30"
},
{
"kids":[],
"uid":"2487650391",
"parent":"",
"text":"夏天来临了，让更多的人都知道—下",
"mid":"zwf6Hu33J",
"date":"2013-05-11 18:58:55"
},
{
"kids":[],
"uid":"2265157522",
"parent":"zwf1LBUjj",
"text":"",
"mid":"zwf6xrb2Q",
"date":"2013-05-11 18:58:32"
},
{
"kids":[],
"uid":"1849848921",
"parent":"zwf1LBUjj",
"text":"",
"mid":"zwf6d18s2",
"date":"2013-05-11 18:57:42"
},
{
"kids":[],
"uid":"1898527697",
"parent":"zwf1LBUjj",
"text":"什么叫闪点……",
"mid":"zwf5WtCrM",
"date":"2013-05-11 18:57:02"
},
{
"kids":[],
"uid":"2681174851",
"parent":"",
"text":"",
"mid":"zwf5A2gXF",
"date":"2013-05-11 18:56:11"
},
{
"kids":[],
"uid":"1793192592",
"parent":"zwf1LBUjj",
"text":"",
"mid":"zwf4VySNb",
"date":"2013-05-11 18:54:34"
},
{
"kids":[],
"uid":"2800466330",
"parent":"zwf1LBUjj",
"text":"",
"mid":"zwf4TsPI7",
"date":"2013-05-11 18:54:30"
},
{
"kids":[],
"uid":"2634947861",
"parent":"zwf1LBUjj",
"text":"@零恐惧面对高考 @瑭瑭谦一苇",
"mid":"zwf4C2oCK",
"date":"2013-05-11 18:53:47"
},
{
"kids":[],
"uid":"2112402862",
"parent":"zwf1LBUjj",
"text":"@慜wa@Gracie-cc",
"mid":"zwf4pjQkQ",
"date":"2013-05-11 18:53:18"
},
{
"kids":[],
"uid":"1763422402",
"parent":"zwf1LBUjj",
"text":"@映水兰花ly",
"mid":"zwf3u2bZd",
"date":"2013-05-11 18:51:00"
},
{
"kids":[],
"uid":"3041723153",
"parent":"zwf1LBUjj",
"text":"",
"mid":"zwf3sfHGJ",
"date":"2013-05-11 18:50:55"
},
{
"kids":[],
"uid":"531235898",
"parent":"zwf1LBUjj",
"text":"",
"mid":"zwf3r4sY7",
"date":"2013-05-11 18:50:52"
},
{
"kids":[],
"uid":"2471048955",
"parent":"zwf1LBUjj",
"text":"[汗]",
"mid":"zwf2Yoq9R",
"date":"2013-05-11 18:49:45"
},
{
"kids":[],
"uid":"3092338761",
"parent":"",
"text":"",
"mid":"zwf2W18p4",
"date":"2013-05-11 18:49:39"
},
{
"kids":[],
"uid":"3308896694",
"parent":"zwf1LBUjj",
"text":"",
"mid":"zwf2Rkgxz",
"date":"2013-05-11 18:49:28"
},
{
"kids":[],
"uid":"1564319313",
"parent":"zwf1LBUjj",
"text":"知道了",
"mid":"zwf2PxV3s",
"date":"2013-05-11 18:49:24"
},
{
"kids":[],
"uid":"2945742274",
"parent":"zwf1LBUjj",
"text":"",
"mid":"zwf2Nce15",
"date":"2013-05-11 18:49:17"
},
{
"kids":[],
"uid":"1215477274",
"parent":"zwf1LBUjj",
"text":"",
"mid":"zwf2NaKrZ",
"date":"2013-05-11 18:49:19"
},
{
"kids":[],
"uid":"2159414211",
"parent":"zwf1LBUjj",
"text":"",
"mid":"zwf2J3T48",
"date":"2013-05-11 18:49:07"
},
{
"kids":[],
"uid":"2165633781",
"parent":"zwf1LBUjj",
"text":"",
"mid":"zwf2GmQDj",
"date":"2013-05-11 18:49:00"
},
{
"kids":[],
"uid":"2659686950",
"parent":"zwf1LBUjj",
"text":"",
"mid":"zwf2l6lHa",
"date":"2013-05-11 18:48:10"
},
{
"kids":[],
"uid":"519921219",
"parent":"zwf1LBUjj",
"text":"",
"mid":"zwf22bxg7",
"date":"2013-05-11 18:47:24"
},
{
"kids":[
"zwDNbnFpM",
"zwqaajZo8",
"zwlZ9xpR3",
"zwlStcMnr",
"zwkITfPLz",
"zwktdFuYb",
"zwhpyz05l",
"zwh8LuSxi",
"zwh1TaAEw",
"zwgPuyOSM",
"zwgMplB8W",
"zwgumkKZR",
"zwgpzDqqh",
"zwgkQx676",
"zwgknzpSm",
"zwghssMhl",
"zwggCsQcz",
"zwg6bltaY",
"zwg4IhVzI",
"zwfXOqdYW",
"zwfSBtVvc",
"zwfOFlQvM",
"zwfMtqEiO",
"zwfGM2MjZ",
"zwfFHA6vt",
"zwfBqxyjG",
"zwfBqtvCG",
"zwfA151uS",
"zwfw45fyb",
"zwfvzEzoe",
"zwfvgtb4p",
"zwfuY76HF",
"zwfrLwfWe",
"zwfrJsaET",
"zwfqbpDNs",
"zwfkKywgp",
"zwfhi3Kjf",
"zwffP45WX",
"zwffgbE0v",
"zwfbv2WcV",
"zwfbc87Ck",
"zwfb9sozp",
"zwfa21QcF",
"zwf8SeYGk",
"zwf8I9Omf",
"zwf8EmDc5",
"zwf7QpRHF",
"zwf7L4blC",
"zwf7l3lnX",
"zwf6xrb2Q",
"zwf6d18s2",
"zwf5WtCrM",
"zwf4VySNb",
"zwf4TsPI7",
"zwf4C2oCK",
"zwf4pjQkQ",
"zwf3u2bZd",
"zwf3sfHGJ",
"zwf3r4sY7",
"zwf2Yoq9R",
"zwf2Rkgxz",
"zwf2PxV3s",
"zwf2Nce15",
"zwf2NaKrZ",
"zwf2J3T48",
"zwf2GmQDj",
"zwf2l6lHa",
"zwf22bxg7"
],
"uid":"2243807243",
"parent":"",
"text":"【更正】@Townciqin：原微博“花露水燃点为24℃”说法不准确，应是闪点。燃点与闪点概念不同，纯酒精的燃点为363℃，而闪点是12℃，80%酒精的闪点为19℃，而60%酒精的闪点为22.75℃。应予澄清！",
"mid":"zwf1LBUjj",
"date":"2013-05-11 18:46:44"
},
{
"kids":[],
"uid":"3249452822",
"parent":"",
"text":"",
"mid":"zwf0JuQwq",
"date":"2013-05-11 18:44:12"
},
{
"kids":[],
"uid":"1700538341",
"parent":"",
"text":"",
"mid":"zwf0reNWw",
"date":"2013-05-11 18:43:28"
},
{
"kids":[],
"uid":"2993742192",
"parent":"",
"text":"",
"mid":"zweZMod0X",
"date":"2013-05-11 18:41:52"
},
{
"kids":[],
"uid":"1883885414",
"parent":"",
"text":"",
"mid":"zweXZj19U",
"date":"2013-05-11 18:37:28"
},
{
"kids":[
"zwf87gFIR"
],
"uid":"624983458",
"parent":"zweUjdHQp",
"text":"瞬间起火而亡",
"mid":"zweWjBAeh",
"date":"2013-05-11 18:33:21"
},
{
"kids":[],
"uid":"1733535703",
"parent":"zweeNaz3y",
"text":"燃点24。。。根本不敢擦好嘛",
"mid":"zweUN2Pd0",
"date":"2013-05-11 18:29:33"
},
{
"kids":[
"zweWjBAeh"
],
"uid":"1767106060",
"parent":"zweaXka9U",
"text":"涂完抽烟就会暴毙吗？",
"mid":"zweUjdHQp",
"date":"2013-05-11 18:28:24"
},
{
"kids":[],
"uid":"2337224470",
"parent":"",
"text":"",
"mid":"zweN8boTe",
"date":"2013-05-11 18:10:42"
},
{
"kids":[],
"uid":"3198543657",
"parent":"",
"text":"",
"mid":"zweMh27vG",
"date":"2013-05-11 18:08:36"
},
{
"kids":[],
"uid":"3224218091",
"parent":"",
"text":"嗯，记着了",
"mid":"zweLriq75",
"date":"2013-05-11 18:06:31"
},
{
"kids":[],
"uid":"1664863375",
"parent":"",
"text":"",
"mid":"zweL3kFyH",
"date":"2013-05-11 18:05:36"
},
{
"kids":[],
"uid":"2101060432",
"parent":"",
"text":"好像应该转给老奶奶和小朋友[嘻嘻]",
"mid":"zweJAmfDc",
"date":"2013-05-11 18:01:59"
},
{
"kids":[],
"uid":"2337908190",
"parent":"",
"text":"",
"mid":"zweGHwXtq",
"date":"2013-05-11 17:54:51"
},
{
"kids":[],
"uid":"tang000147",
"parent":"",
"text":"",
"mid":"zweFy3Okc",
"date":"2013-05-11 17:52:01"
},
{
"kids":[],
"uid":"1417629753",
"parent":"",
"text":"",
"mid":"zweFrzihJ",
"date":"2013-05-11 17:51:46"
},
{
"kids":[],
"uid":"walterh",
"parent":"",
"text":"可笑，人的体表温度远高于24度。",
"mid":"zweF8CHCm",
"date":"2013-05-11 17:51:01"
},
{
"kids":[],
"uid":"2843906475",
"parent":"zwemfhTPD",
"text":"孩子用时还真得小心呢！[吃惊][蜡烛][吃惊]",
"mid":"zweCxz1LL",
"date":"2013-05-11 17:44:38"
},
{
"kids":[],
"uid":"2233093852",
"parent":"",
"text":"又不是要泡在花露水里，酒精易挥发，涂涂马上就挥发了，还怎么燃啊，真为智商捉急。。。[汗]",
"mid":"zwey98v0r",
"date":"2013-05-11 17:33:48"
},
{
"kids":[],
"uid":"1554415853",
"parent":"",
"text":"",
"mid":"zwexnBnlD",
"date":"2013-05-11 17:31:55"
},
{
"kids":[],
"uid":"1823705741",
"parent":"",
"text":"",
"mid":"zwewXAcpL",
"date":"2013-05-11 17:30:54"
},
{
"kids":[],
"uid":"1867721384",
"parent":"",
"text":"@满天星XH 记住拉！",
"mid":"zwewnwUQL",
"date":"2013-05-11 17:29:25"
},
{
"kids":[],
"uid":"2701352742",
"parent":"zwemfhTPD",
"text":"",
"mid":"zwew65nxE",
"date":"2013-05-11 17:28:44"
},
{
"kids":[],
"uid":"2082391003",
"parent":"",
"text":"",
"mid":"zwevXyp6c",
"date":"2013-05-11 17:28:25"
},
{
"kids":[],
"uid":"3207964822",
"parent":"",
"text":"很实用的提醒",
"mid":"zwevDsFZx",
"date":"2013-05-11 17:27:37"
},
{
"kids":[],
"uid":"2128413752",
"parent":"",
"text":"",
"mid":"zwevyplfI",
"date":"2013-05-11 17:27:26"
},
{
"kids":[],
"uid":"2865239252",
"parent":"",
"text":"",
"mid":"zwevitHIy",
"date":"2013-05-11 17:26:47"
},
{
"kids":[],
"uid":"mmmotherfucker",
"parent":"",
"text":"",
"mid":"zwevfttyk",
"date":"2013-05-11 17:26:38"
},
{
"kids":[
"zwfWHyPrU"
],
"uid":"2255200254",
"parent":"",
"text":"@流水人家的新家 @丁丁糖0928",
"mid":"zweuZhdQI",
"date":"2013-05-11 17:26:01"
},
{
"kids":[],
"uid":"2605600431",
"parent":"",
"text":"",
"mid":"zwetKq2pG",
"date":"2013-05-11 17:22:58"
},
{
"kids":[],
"uid":"valentian",
"parent":"zwesp5qp6",
"text":"转给大家看~",
"mid":"zwetEbH7C",
"date":"2013-05-11 17:22:41"
},
{
"kids":[],
"uid":"3357160232",
"parent":"",
"text":"",
"mid":"zwett02Qf",
"date":"2013-05-11 17:22:16"
},
{
"kids":[],
"uid":"2738487660",
"parent":"",
"text":"",
"mid":"zwetqkj7g",
"date":"2013-05-11 17:22:09"
},
{
"kids":[],
"uid":"342640988",
"parent":"",
"text":"",
"mid":"zwetnCzdj",
"date":"2013-05-11 17:22:03"
},
{
"kids":[],
"uid":"daoopp",
"parent":"",
"text":"转发微博。",
"mid":"zwesN42m5",
"date":"2013-05-11 17:20:37"
},
{
"kids":[
"zwetEbH7C"
],
"uid":"1403264150",
"parent":"",
"text":"@孟庆翰 @那么焦糖 @锵总娘 @sweet歪被偷偷注册了",
"mid":"zwesp5qp6",
"date":"2013-05-11 17:19:39"
},
{
"kids":[],
"uid":"natalie0522",
"parent":"",
"text":"",
"mid":"zwese91fb",
"date":"2013-05-11 17:19:11"
},
{
"kids":[],
"uid":"2630492460",
"parent":"",
"text":"",
"mid":"zwesaAnPC",
"date":"2013-05-11 17:19:05"
},
{
"kids":[],
"uid":"2471048955",
"parent":"",
"text":"涂个花露水都那么危险阿原来@猪小跳最近很迷茫 @唐冬梅_",
"mid":"zwesaA2ZS",
"date":"2013-05-11 17:19:04"
},
{
"kids":[],
"uid":"2481159420",
"parent":"",
"text":"@昀ayun",
"mid":"zwerKA4y5",
"date":"2013-05-11 17:18:03"
},
{
"kids":[],
"uid":"2437837045",
"parent":"",
"text":"",
"mid":"zwerDf6xE",
"date":"2013-05-11 17:17:43"
},
{
"kids":[],
"uid":"2599003597",
"parent":"",
"text":"哇！[吃惊]花露水的酒精浓度这么高？那大家以后还是不要把花露水往身上喷了。",
"mid":"zwersi6DZ",
"date":"2013-05-11 17:17:17"
},
{
"kids":[],
"uid":"matiancheng",
"parent":"",
"text":"",
"mid":"zwerfzv9N",
"date":"2013-05-11 17:16:47"
},
{
"kids":[],
"uid":"1954027555",
"parent":"",
"text":"",
"mid":"zwerfylG7",
"date":"2013-05-11 17:16:50"
},
{
"kids":[],
"uid":"1702121991",
"parent":"",
"text":"",
"mid":"zwer0dBKv",
"date":"2013-05-11 17:16:10"
},
{
"kids":[],
"uid":"3174574200",
"parent":"",
"text":"",
"mid":"zweqo4Xrq",
"date":"2013-05-11 17:14:39"
},
{
"kids":[],
"uid":"1861404421",
"parent":"",
"text":"",
"mid":"zweqg7E5G",
"date":"2013-05-11 17:14:19"
},
{
"kids":[],
"uid":"1851666607",
"parent":"",
"text":"身边爱用花露水的朋友注意了~",
"mid":"zweq3p5Sh",
"date":"2013-05-11 17:13:51"
},
{
"kids":[],
"uid":"2879938037",
"parent":"",
"text":"正是时候，很及时",
"mid":"zwepZ09UG",
"date":"2013-05-11 17:13:39"
},
{
"kids":[],
"uid":"1887840582",
"parent":"",
"text":"@坏小子__cyd",
"mid":"zwepXvgWc",
"date":"2013-05-11 17:13:37"
},
{
"kids":[],
"uid":"2385135470",
"parent":"",
"text":"",
"mid":"zweoSo9JG",
"date":"2013-05-11 17:10:58"
},
{
"kids":[],
"uid":"2337279197",
"parent":"",
"text":"",
"mid":"zwenZt5cs",
"date":"2013-05-11 17:08:48"
},
{
"kids":[],
"uid":"1769452051",
"parent":"",
"text":"",
"mid":"zwenS5Xju",
"date":"2013-05-11 17:08:30"
},
{
"kids":[
"zx6YRa3JA",
"zwYsVddPT",
"zwYsVcMnf"
],
"uid":"1834366793",
"parent":"zwemfhTPD",
"text":"真的吗？",
"mid":"zwenodDWF",
"date":"2013-05-11 17:07:18"
},
{
"kids":[],
"uid":"lincolnxie",
"parent":"",
"text":"[威武][威武][威武]",
"mid":"zwenlzdMs",
"date":"2013-05-11 17:07:11"
},
{
"kids":[],
"uid":"neohob",
"parent":"",
"text":"@ajjcol金金 @春满天 当心",
"mid":"zwenlzdDl",
"date":"2013-05-11 17:07:12"
},
{
"kids":[],
"uid":"3143170737",
"parent":"",
"text":"",
"mid":"zwenlgjEu",
"date":"2013-05-11 17:07:11"
},
{
"kids":[],
"uid":"2957412435",
"parent":"",
"text":"",
"mid":"zwemrrj3r",
"date":"2013-05-11 17:04:56"
},
{
"kids":[],
"uid":"338626285",
"parent":"",
"text":"",
"mid":"zwemgeBlT",
"date":"2013-05-11 17:04:31"
},
{
"kids":[
"zwfdpfV2c",
"zweCxz1LL",
"zwew65nxE",
"zwenodDWF"
],
"uid":"1928799904",
"parent":"",
"text":"[黑线][蜡烛][黑线]",
"mid":"zwemfhTPD",
"date":"2013-05-11 17:04:27"
},
{
"kids":[],
"uid":"2624486163",
"parent":"",
"text":"明白！大爱花露水~",
"mid":"zwelmjWRC",
"date":"2013-05-11 17:02:18"
},
{
"kids":[],
"uid":"2718947657",
"parent":"",
"text":"",
"mid":"zweliwDcQ",
"date":"2013-05-11 17:02:09"
},
{
"kids":[],
"uid":"sumilee",
"parent":"",
"text":"有小朋友的同学要注意了@cream-lili @采蘑菇的爱露露 @状状的龙仔 @7没有如果7 @小蒜",
"mid":"zwekW22bs",
"date":"2013-05-11 17:01:13"
},
{
"kids":[],
"uid":"1724391162",
"parent":"",
"text":"小心。[惊恐][惊恐][惊恐]",
"mid":"zwektEZ7Z",
"date":"2013-05-11 17:00:08"
},
{
"kids":[],
"uid":"3386366022",
"parent":"",
"text":"夏天来了，一切都“火”起来啦",
"mid":"zwekmy5mH",
"date":"2013-05-11 16:59:50"
},
{
"kids":[],
"uid":"1978814445",
"parent":"",
"text":"[囧]",
"mid":"zwejI6zVL",
"date":"2013-05-11 16:58:13"
},
{
"kids":[],
"uid":"3080040722",
"parent":"",
"text":"",
"mid":"zwejEg0zs",
"date":"2013-05-11 16:58:05"
},
{
"kids":[],
"uid":"2731574481",
"parent":"",
"text":"",
"mid":"zwejq6upZ",
"date":"2013-05-11 16:57:31"
},
{
"kids":[],
"uid":"2044719894",
"parent":"",
"text":"",
"mid":"zwejexiwV",
"date":"2013-05-11 16:57:04"
},
{
"kids":[],
"uid":"1745484972",
"parent":"",
"text":"",
"mid":"zwej5nq57",
"date":"2013-05-11 16:56:43"
},
{
"kids":[],
"uid":"1363579510",
"parent":"",
"text":"",
"mid":"zweijeL3p",
"date":"2013-05-11 16:54:45"
},
{
"kids":[],
"uid":"278007783",
"parent":"",
"text":"",
"mid":"zwehHqdSP",
"date":"2013-05-11 16:53:17"
},
{
"kids":[],
"uid":"2829059312",
"parent":"",
"text":"",
"mid":"zwehk6Fcj",
"date":"2013-05-11 16:52:21"
},
{
"kids":[],
"uid":"3208929485",
"parent":"",
"text":"",
"mid":"zwehaAVmx",
"date":"2013-05-11 16:51:58"
},
{
"kids":[],
"uid":"1961448901",
"parent":"",
"text":"",
"mid":"zwegXk5FI",
"date":"2013-05-11 16:51:27"
},
{
"kids":[],
"uid":"WindowsNX",
"parent":"",
"text":"[鄙视]夏天谁没事用明火烤手啊？",
"mid":"zwegVwGpX",
"date":"2013-05-11 16:51:20"
},
{
"kids":[],
"uid":"2168501222",
"parent":"",
"text":"",
"mid":"zwegNglcl",
"date":"2013-05-11 16:51:01"
},
{
"kids":[],
"uid":"3026630777",
"parent":"",
"text":"好像错过了重点！谢谢你关心我。[许愿]",
"mid":"zwegF005m",
"date":"2013-05-11 16:50:42"
},
{
"kids":[],
"uid":"2009805513",
"parent":"",
"text":"@懂啊路",
"mid":"zweg185Mc",
"date":"2013-05-11 16:49:06"
},
{
"kids":[],
"uid":"1961448901",
"parent":"",
"text":"",
"mid":"zwefvuC7l",
"date":"2013-05-11 16:47:52"
},
{
"kids":[],
"uid":"1949114597",
"parent":"",
"text":"我记得好像薄荷糖加可乐会沸腾",
"mid":"zwefsyqcU",
"date":"2013-05-11 16:47:46"
},
{
"kids":[],
"uid":"kandwhy1314",
"parent":"",
"text":"经常涂完了点蚊香啊[害羞]",
"mid":"zwefdcwIO",
"date":"2013-05-11 16:47:06"
},
{
"kids":[],
"uid":"1886553787",
"parent":"",
"text":"美国的乙醇燃点只有24度？那美国人是不是夏天拎个大伏特加什么的瓶子cos 小火龙玩儿？",
"mid":"zwef9kN74",
"date":"2013-05-11 16:47:01"
},
{
"kids":[],
"uid":"2811382887",
"parent":"",
"text":"@扶绿一番凉了叔",
"mid":"zwef91jBL",
"date":"2013-05-11 16:46:59"
},
{
"kids":[],
"uid":"1808578821",
"parent":"",
"text":"@微笑宝莹",
"mid":"zweeUxFhb",
"date":"2013-05-11 16:46:25"
},
{
"kids":[
"zweUN2Pd0"
],
"uid":"1403997704",
"parent":"",
"text":"[汗]谁会往身上倒那么多啊〜[偷笑]",
"mid":"zweeNaz3y",
"date":"2013-05-11 16:46:06"
},
{
"kids":[],
"uid":"muyufusheng",
"parent":"",
"text":"[吃惊]注意。。。。安全。。。",
"mid":"zwee1ykUH",
"date":"2013-05-11 16:44:13"
},
{
"kids":[],
"uid":"1256905975",
"parent":"",
"text":"",
"mid":"zwedFpYwp",
"date":"2013-05-11 16:43:18"
},
{
"kids":[],
"uid":"1364463400",
"parent":"",
"text":"危险啊",
"mid":"zwedhaLVe",
"date":"2013-05-11 16:42:23"
},
{
"kids":[],
"uid":"jiangwm2000",
"parent":"",
"text":"",
"mid":"zwed2acve",
"date":"2013-05-11 16:41:46"
},
{
"kids":[],
"uid":"2679401740",
"parent":"",
"text":"[吃惊]爱穿短裤的Lady 们，这个得小心的~！@张幸凡 @Bear_头@陈姬Anne @小桥Emily @我上辈子是丫鬟-澤丹 @Th唐慧真的很想-很无耻- @黄敏oonly",
"mid":"zwed0BEiT",
"date":"2013-05-11 16:41:44"
},
{
"kids":[],
"uid":"3386368722",
"parent":"zwe7yB424",
"text":"涂完花露水后，请远离火源",
"mid":"zwecZsbpb",
"date":"2013-05-11 16:41:40"
},
{
"kids":[],
"uid":"witzig",
"parent":"",
"text":"燃点仅为24度。。。也就是说抹花露水等于自焚？！成本好低！[挖鼻屎]",
"mid":"zwecZbFkj",
"date":"2013-05-11 16:41:40"
},
{
"kids":[],
"uid":"2443593835",
"parent":"",
"text":"",
"mid":"zwecYyWjM",
"date":"2013-05-11 16:41:37"
},
{
"kids":[],
"uid":"1654929037",
"parent":"",
"text":"",
"mid":"zwecv34io",
"date":"2013-05-11 16:40:28"
},
{
"kids":[],
"uid":"1841831741",
"parent":"",
"text":"@freeduate  冬天也爱涂花露水的家伙",
"mid":"zwecf5wkA",
"date":"2013-05-11 16:39:50"
},
{
"kids":[],
"uid":"1534878697",
"parent":"",
"text":"@Lee7i_李小琦",
"mid":"zwec5AZ6b",
"date":"2013-05-11 16:39:28"
},
{
"kids":[],
"uid":"1856043941",
"parent":"",
"text":"@琳钱多 太可怕了〜还是不要买了",
"mid":"zwebWtsKV",
"date":"2013-05-11 16:39:05"
},
{
"kids":[],
"uid":"means1989",
"parent":"",
"text":"",
"mid":"zwebTtNGh",
"date":"2013-05-11 16:39:00"
},
{
"kids":[],
"uid":"yyrtjp",
"parent":"",
"text":"不对，燃点没有这么低，否则如果涂抹过快的话就会被点燃。花露水的燃点在70°或者更高，避免接触明火就好了。右边转发不负责任！",
"mid":"zwebTctjZ",
"date":"2013-05-11 16:38:59"
},
{
"kids":[
"zyClmmkVv"
],
"uid":"3151662811",
"parent":"",
"text":"这个还真不知道！！",
"mid":"zwebQyMOj",
"date":"2013-05-11 16:38:52"
},
{
"kids":[],
"uid":"719612336",
"parent":"",
"text":"[吃惊]",
"mid":"zwebLv3HA",
"date":"2013-05-11 16:38:38"
},
{
"kids":[],
"uid":"3035602350",
"parent":"",
"text":"",
"mid":"zwebBuncQ",
"date":"2013-05-11 16:38:15"
},
{
"kids":[],
"uid":"2576455294",
"parent":"",
"text":"",
"mid":"zwebAhohM",
"date":"2013-05-11 16:38:13"
},
{
"kids":[],
"uid":"1433591051",
"parent":"",
"text":"",
"mid":"zwebsAwhP",
"date":"2013-05-11 16:37:52"
},
{
"kids":[],
"uid":"2183358894",
"parent":"",
"text":"",
"mid":"zwebc5CbF",
"date":"2013-05-11 16:37:13"
},
{
"kids":[
"zweUjdHQp"
],
"uid":"624983458",
"parent":"",
"text":"意思是说涂完花露水表去吃烧烤",
"mid":"zweaXka9U",
"date":"2013-05-11 16:36:39"
},
{
"kids":[],
"uid":"3187967670",
"parent":"",
"text":"。。。。。",
"mid":"zweaR62Bx",
"date":"2013-05-11 16:36:25"
},
{
"kids":[],
"uid":"2035671520",
"parent":"",
"text":"",
"mid":"zweaAfjwi",
"date":"2013-05-11 16:35:43"
},
{
"kids":[],
"uid":"2076043173",
"parent":"",
"text":"[奥特曼][奥特曼][奥特曼]注意注意",
"mid":"zweaz50TM",
"date":"2013-05-11 16:35:40"
},
{
"kids":[],
"uid":"sifangying",
"parent":"",
"text":"酒精浓度那么高难怪可以擦掉记号笔啊。",
"mid":"zweaqu5xY",
"date":"2013-05-11 16:35:20"
},
{
"kids":[],
"uid":"2453642230",
"parent":"zwe9NtCTD",
"text":"",
"mid":"zweakzVa3",
"date":"2013-05-11 16:35:06"
},
{
"kids":[
"zweakzVa3"
],
"uid":"2103850447",
"parent":"",
"text":"",
"mid":"zwe9NtCTD",
"date":"2013-05-11 16:33:48"
},
{
"kids":[],
"uid":"3183327412",
"parent":"",
"text":"",
"mid":"zwe9IqQF3",
"date":"2013-05-11 16:33:37"
},
{
"kids":[],
"uid":"2603048290",
"parent":"",
"text":"求证实！妹子们就不要试验了，弟弟们随便！哈哈",
"mid":"zwe9HAA26",
"date":"2013-05-11 16:33:34"
},
{
"kids":[],
"uid":"1068136663",
"parent":"",
"text":"",
"mid":"zwe9xxIxZ",
"date":"2013-05-11 16:33:10"
},
{
"kids":[],
"uid":"2377879001",
"parent":"",
"text":"",
"mid":"zwe9perfq",
"date":"2013-05-11 16:32:49"
},
{
"kids":[],
"uid":"1788901493",
"parent":"",
"text":"",
"mid":"zwe9omyH2",
"date":"2013-05-11 16:32:49"
},
{
"kids":[],
"uid":"hippopkid",
"parent":"",
"text":"这让涂好花露水粗去吃烧烤党们肿么办[愤怒]",
"mid":"zwe9nbIs1",
"date":"2013-05-11 16:32:46"
},
{
"kids":[],
"uid":"319657776",
"parent":"",
"text":"",
"mid":"zwe9l7DbK",
"date":"2013-05-11 16:32:40"
},
{
"kids":[],
"uid":"allenwal",
"parent":"",
"text":"涂完之后不点蚊香",
"mid":"zwe9h0O7K",
"date":"2013-05-11 16:32:30"
},
{
"kids":[],
"uid":"2936825487",
"parent":"",
"text":"@花花宇宙12 @DarkVINCI",
"mid":"zwe8VrtrQ",
"date":"2013-05-11 16:31:38"
},
{
"kids":[],
"uid":"viennaleung",
"parent":"",
"text":"",
"mid":"zwe8N8AcC",
"date":"2013-05-11 16:31:18"
},
{
"kids":[],
"uid":"2263087310",
"parent":"",
"text":"",
"mid":"zwe8BjgWO",
"date":"2013-05-11 16:30:52"
},
{
"kids":[],
"uid":"mmu19",
"parent":"",
"text":"",
"mid":"zwe8mf286",
"date":"2013-05-11 16:30:17"
},
{
"kids":[],
"uid":"1973345335",
"parent":"",
"text":"[吃惊]",
"mid":"zwe8fbW0f",
"date":"2013-05-11 16:29:58"
},
{
"kids":[],
"uid":"rubbishfive",
"parent":"",
"text":"科学帝赶紧出来，燃点24摄氏度，那气温24摄氏度以上不用用了？皮表温度也绝对不会低于24°",
"mid":"zwe7RekSc",
"date":"2013-05-11 16:28:59"
},
{
"kids":[],
"uid":"2355147702",
"parent":"",
"text":"",
"mid":"zwe7GgZlr",
"date":"2013-05-11 16:28:34"
},
{
"kids":[],
"uid":"2465346605",
"parent":"",
"text":"",
"mid":"zwe7F6p0C",
"date":"2013-05-11 16:28:33"
},
{
"kids":[],
"uid":"mmu19",
"parent":"",
"text":"",
"mid":"zwe7A5XdU",
"date":"2013-05-11 16:28:20"
},
{
"kids":[],
"uid":"1216897817",
"parent":"",
"text":"",
"mid":"zwe7zt5LA",
"date":"2013-05-11 16:28:20"
},
{
"kids":[],
"uid":"1768712970",
"parent":"",
"text":"",
"mid":"zwe7zt5HN",
"date":"2013-05-11 16:28:20"
},
{
"kids":[],
"uid":"1430310671",
"parent":"",
"text":"",
"mid":"zwe7zbuxO",
"date":"2013-05-11 16:28:19"
},
{
"kids":[
"zwecZsbpb"
],
"uid":"zghongbao",
"parent":"",
"text":"涂完花露水后，请远离火源",
"mid":"zwe7yB424",
"date":"2013-05-11 16:28:17"
},
{
"kids":[],
"uid":"2060272107",
"parent":"",
"text":"",
"mid":"zwe7d1KT0",
"date":"2013-05-11 16:27:25"
},
{
"kids":[],
"uid":"3170358431",
"parent":"",
"text":"@邕江美 @李琴1加1 @紫淑cjy @yingzhangnj @Tina-J123",
"mid":"zwe76vIk6",
"date":"2013-05-11 16:27:12"
},
{
"kids":[],
"uid":"elvis9",
"parent":"",
"text":"这种清凉的，伤口破了有点痛的，多数含有乙醇的",
"mid":"zwe6V3Gfg",
"date":"2013-05-11 16:26:41"
},
{
"kids":[],
"uid":"1901263455",
"parent":"",
"text":"",
"mid":"zwe6I2a5L",
"date":"2013-05-11 16:26:12"
},
{
"kids":[],
"uid":"2008522737",
"parent":"",
"text":"燃烧吧小宇宙",
"mid":"zwe6zbtvn",
"date":"2013-05-11 16:25:50"
},
{
"kids":[],
"uid":"liang1993xl",
"parent":"",
"text":"",
"mid":"zwe6yiemq",
"date":"2013-05-11 16:25:49"
},
{
"kids":[],
"uid":"1009139031",
"parent":"",
"text":"",
"mid":"zwe6tgNCw",
"date":"2013-05-11 16:25:37"
},
{
"kids":[],
"uid":"1853679463",
"parent":"",
"text":"",
"mid":"zwe6pEqZq",
"date":"2013-05-11 16:25:30"
},
{
"kids":[],
"uid":"2232684342",
"parent":"",
"text":"",
"mid":"zwe6ofn5f",
"date":"2013-05-11 16:25:25"
},
{
"kids":[],
"uid":"1856611282",
"parent":"",
"text":"",
"mid":"zwe6m7U9b",
"date":"2013-05-11 16:25:20"
},
{
"kids":[],
"uid":"3228114490",
"parent":"",
"text":"",
"mid":"zwe6f2pca",
"date":"2013-05-11 16:25:01"
}
]