[
{
"kids":[],
"uid":"3043494654",
"parent":"",
"text":"",
"mid":"zrJ3jCeCo",
"date":"2013-04-12 02:01:29"
},
{
"kids":[],
"uid":"1584087601",
"parent":"",
"text":"",
"mid":"zrEUlgokw",
"date":"2013-04-11 15:28:22"
},
{
"kids":[],
"uid":"2920610330",
"parent":"",
"text":"",
"mid":"zrEUkFwn0",
"date":"2013-04-11 15:28:20"
},
{
"kids":[],
"uid":"1771109391",
"parent":"znBDAthnB",
"text":"喜欢何润东",
"mid":"zqs1rcveA",
"date":"2013-04-03 16:49:51"
},
{
"kids":[],
"uid":"1916311295",
"parent":"znBJUgIN1",
"text":"",
"mid":"zoJzWtZxk",
"date":"2013-03-23 09:50:57"
},
{
"kids":[],
"uid":"qixiaofenglvshi",
"parent":"znPbC52nV",
"text":"你把火腿肠老底都透漏了",
"mid":"znPe2tJw9",
"date":"2013-03-17 10:23:10"
},
{
"kids":[
"znPe2tJw9"
],
"uid":"maxiaoji",
"parent":"",
"text":"消息不实 但一定不是HTC 原因一舍不得花钱 原因二公司流程艰难 国庆节才能执行315的签呈",
"mid":"znPbC52nV",
"date":"2013-03-17 10:17:11"
},
{
"kids":[],
"uid":"oscarui",
"parent":"",
"text":"不实？",
"mid":"znKu06er5",
"date":"2013-03-16 22:18:46"
},
{
"kids":[],
"uid":"1564019125",
"parent":"",
"text":"@蓉蓉_舍得",
"mid":"znKiJj91a",
"date":"2013-03-16 21:50:59"
},
{
"kids":[],
"uid":"heebong",
"parent":"",
"text":"真有这事儿[疑问][疑问]",
"mid":"znG4jeEmF",
"date":"2013-03-16 11:04:28"
},
{
"kids":[],
"uid":"056wang",
"parent":"znBG74bBt",
"text":"",
"mid":"znFY0yprP",
"date":"2013-03-16 10:48:56"
},
{
"kids":[],
"uid":"luciferdyson",
"parent":"znBDJjDJA",
"text":"不实消息的话就是何润东太聪明或太傻",
"mid":"znFQ3nilk",
"date":"2013-03-16 10:29:20"
},
{
"kids":[],
"uid":"guanggaohou",
"parent":"",
"text":"",
"mid":"znFCWrZw1",
"date":"2013-03-16 09:57:03"
},
{
"kids":[],
"uid":"1564019125",
"parent":"znCc2xlOG",
"text":"武力C，智力E，难道是魅力A?",
"mid":"znFCm93kV",
"date":"2013-03-16 09:55:36"
},
{
"kids":[],
"uid":"2659784223",
"parent":"",
"text":"",
"mid":"znFyWfvOS",
"date":"2013-03-16 09:47:11"
},
{
"kids":[],
"uid":"1239926131",
"parent":"znC3fpewY",
"text":"我觉得郑渊洁应该不得。别个写童话的去和你手机搅在一起多奇葩。",
"mid":"znFxRsjbx",
"date":"2013-03-16 09:44:31"
},
{
"kids":[],
"uid":"lexiangqicheng2000",
"parent":"",
"text":"8点23发 [威武]",
"mid":"znFfGtfKY",
"date":"2013-03-16 08:59:44"
},
{
"kids":[],
"uid":"2045137382",
"parent":"znBH9se1l",
"text":"[偷笑]",
"mid":"znF7qoORL",
"date":"2013-03-16 08:39:23"
},
{
"kids":[],
"uid":"1772013435",
"parent":"znC0JFIQ4",
"text":"俗话说胸大无脑[哈哈][哈哈]",
"mid":"znF6dAYPE",
"date":"2013-03-16 08:36:26"
},
{
"kids":[],
"uid":"2071148297",
"parent":"znBJTlNGM",
"text":"这算是胸大无脑吗。。。",
"mid":"znF4Sha9P",
"date":"2013-03-16 08:33:05"
},
{
"kids":[],
"uid":"521136787",
"parent":"",
"text":"#大概八点二十发#为这几个字得扣多少钱。[哈哈][哈哈][哈哈]摊上大事了。",
"mid":"znEQVokBA",
"date":"2013-03-16 07:58:45"
},
{
"kids":[],
"uid":"johnsonwang",
"parent":"",
"text":"绝对相信这是属实消息，新浪先把自己打打假吧，垃圾",
"mid":"znEHyccHl",
"date":"2013-03-16 07:35:39"
},
{
"kids":[],
"uid":"2957053692",
"parent":"znBJUgIN1",
"text":"",
"mid":"znECh4giN",
"date":"2013-03-16 07:22:39"
},
{
"kids":[],
"uid":"1348186704",
"parent":"",
"text":"三星？不会吧",
"mid":"znEBTrlCc",
"date":"2013-03-16 07:21:43"
},
{
"kids":[],
"uid":"112906505",
"parent":"",
"text":"小田啊，小秘书说你的是不实信息，你赶紧删帖啊。",
"mid":"znExAhO0X",
"date":"2013-03-16 07:11:06"
},
{
"kids":[],
"uid":"2329334861",
"parent":"",
"text":"",
"mid":"znExuELty",
"date":"2013-03-16 07:10:53"
},
{
"kids":[],
"uid":"2697715105",
"parent":"",
"text":"",
"mid":"znEpTEicx",
"date":"2013-03-16 06:52:09"
},
{
"kids":[],
"uid":"3042737482",
"parent":"",
"text":"",
"mid":"znEos8m9H",
"date":"2013-03-16 06:48:36"
},
{
"kids":[],
"uid":"1903633027",
"parent":"",
"text":"",
"mid":"znEjS8VWp",
"date":"2013-03-16 06:37:19"
},
{
"kids":[],
"uid":"2457103564",
"parent":"",
"text":"",
"mid":"znEgEnpyn",
"date":"2013-03-16 06:29:24"
},
{
"kids":[],
"uid":"2033299664",
"parent":"",
"text":"我个人认为本条微博相当靠谱",
"mid":"znEbpEfLD",
"date":"2013-03-16 06:16:29"
},
{
"kids":[],
"uid":"hulala9527",
"parent":"",
"text":"[晕]",
"mid":"znDKbw64U",
"date":"2013-03-16 05:09:23"
},
{
"kids":[],
"uid":"2609488090",
"parent":"",
"text":"西门吹雪 的逆袭- -、",
"mid":"znDF49lce",
"date":"2013-03-16 04:56:46"
},
{
"kids":[],
"uid":"prague0320",
"parent":"",
"text":"真的是假的吗[哈哈][哈哈]",
"mid":"znD4jlzkh",
"date":"2013-03-16 03:26:14"
},
{
"kids":[],
"uid":"guzexu",
"parent":"",
"text":"",
"mid":"znCVpEJ3G",
"date":"2013-03-16 03:04:19"
},
{
"kids":[],
"uid":"2129269003",
"parent":"",
"text":"[汗]",
"mid":"znCUIvwNm",
"date":"2013-03-16 03:02:35"
},
{
"kids":[],
"uid":"chelseafan",
"parent":"",
"text":"",
"mid":"znCJ3rkun",
"date":"2013-03-16 02:33:52"
},
{
"kids":[],
"uid":"1458401250",
"parent":"",
"text":"哈哈哈，丫一定是故意的",
"mid":"znCGww4Qe",
"date":"2013-03-16 02:27:38"
},
{
"kids":[],
"uid":"1411262107",
"parent":"",
"text":"呂布嘛，可以理解……你讓演曹操的陳建斌來幹，準錯不了！[偷笑]",
"mid":"znCBHdOd7",
"date":"2013-03-16 02:15:43"
},
{
"kids":[],
"uid":"1942234712",
"parent":"znBXmr4Li",
"text":"给你20，我估计你会自动配套做个系列专题！[哈哈][哈哈]",
"mid":"znCwZx40z",
"date":"2013-03-16 02:04:09"
},
{
"kids":[],
"uid":"john111",
"parent":"znCscfd2s",
"text":"真讽刺",
"mid":"znCtX1uw8",
"date":"2013-03-16 01:56:39"
},
{
"kids":[
"znCtX1uw8"
],
"uid":"2336429267",
"parent":"",
"text":"[哈哈]",
"mid":"znCscfd2s",
"date":"2013-03-16 01:52:20"
},
{
"kids":[],
"uid":"1663907807",
"parent":"",
"text":"你丫自己节操碎了一地!还核查[衰]",
"mid":"znCllEcjz",
"date":"2013-03-16 01:35:28"
},
{
"kids":[],
"uid":"2187309313",
"parent":"",
"text":"怪不得只能演类似吕布、项羽的角色",
"mid":"znCjrt9LQ",
"date":"2013-03-16 01:30:46"
},
{
"kids":[],
"uid":"2419179450",
"parent":"",
"text":"苹果有缺点有良心，央视没缺点没良心，请没头脑和不高兴解读一下",
"mid":"znCj2FnCO",
"date":"2013-03-16 01:29:47"
},
{
"kids":[],
"uid":"2030215705",
"parent":"",
"text":"尼玛你已经不是西楚霸王了，是西楚王八了。",
"mid":"znChiegof",
"date":"2013-03-16 01:25:28"
},
{
"kids":[],
"uid":"1823413782",
"parent":"",
"text":"三星的恶形恶状遍及旗下各事业部[鄙视]",
"mid":"znCdf1CSz",
"date":"2013-03-16 01:15:29"
},
{
"kids":[
"znFCm93kV"
],
"uid":"2140067113",
"parent":"znC2povqk",
"text":"问题是他武力最多50啊= =估计遇到吕旷吕翔这种货都走不过1合啊= =",
"mid":"znCc2xlOG",
"date":"2013-03-16 01:12:32"
},
{
"kids":[],
"uid":"2104608785",
"parent":"",
"text":"[挖鼻屎]",
"mid":"znCari2Rl",
"date":"2013-03-16 01:08:35"
},
{
"kids":[],
"uid":"2804605952",
"parent":"znBILCTyK",
"text":"原来如此，当时看电视，央视播完视频没有停顿，小丫就开始念网友对视频内容评论的微博，就想网友码字神速啊！",
"mid":"znC9md9qs",
"date":"2013-03-16 01:05:54"
},
{
"kids":[],
"uid":"bailanghexi",
"parent":"znBPeAPaC",
"text":"",
"mid":"znC6Kgawn",
"date":"2013-03-16 00:59:29"
},
{
"kids":[
"znFxRsjbx"
],
"uid":"2311374204",
"parent":"znBXmr4Li",
"text":"@乔治老高 @骑驴居士 @渝州散人 @重大上空的猪 你们觉得老高达到收费的水准没有？个人觉得，他还在倒付费阶段",
"mid":"znC3fpewY",
"date":"2013-03-16 00:50:52"
},
{
"kids":[],
"uid":"2282051210",
"parent":"",
"text":"猪一样的队友出现了！[汗]",
"mid":"znC3d3xK3",
"date":"2013-03-16 00:50:47"
},
{
"kids":[],
"uid":"1799647593",
"parent":"",
"text":"呵呵哈哈",
"mid":"znC2XFeso",
"date":"2013-03-16 00:50:09"
},
{
"kids":[],
"uid":"2339815270",
"parent":"znBN6fh0w",
"text":"西楚霸王的智商捉急",
"mid":"znC2TfrYc",
"date":"2013-03-16 00:49:59"
},
{
"kids":[
"znCc2xlOG"
],
"uid":"1564019125",
"parent":"",
"text":"回复@红旗下的蛋_:[哈哈][哈哈][哈哈]",
"mid":"znC2povqk",
"date":"2013-03-16 00:48:47"
},
{
"kids":[],
"uid":"1564019125",
"parent":"",
"text":"[嘻嘻][哈哈][哈哈][嘻嘻] 没文化真可怕",
"mid":"znC22BOts",
"date":"2013-03-16 00:47:51"
},
{
"kids":[],
"uid":"2050510647",
"parent":"",
"text":"",
"mid":"znC1Firlc",
"date":"2013-03-16 00:46:58"
},
{
"kids":[],
"uid":"2266906150",
"parent":"",
"text":"豬一样的队友坑人不是装的!",
"mid":"znC0Pg6Ry",
"date":"2013-03-16 00:44:53"
},
{
"kids":[
"znF6dAYPE"
],
"uid":"wensiclaire",
"parent":"znBOXaTVS",
"text":"真心好捉急，话说我觉得315最该打击的就是新闻联播吧，这次的晚会各种政治化商业化明显，实际内容却水的很。对天朝失望again",
"mid":"znC0JFIQ4",
"date":"2013-03-16 00:44:41"
},
{
"kids":[],
"uid":"2961811624",
"parent":"",
"text":"@梅阿查北看台台长",
"mid":"znBZGnaJh",
"date":"2013-03-16 00:42:06"
},
{
"kids":[],
"uid":"luke0810",
"parent":"",
"text":"真相？队友？",
"mid":"znBZgmMJN",
"date":"2013-03-16 00:41:03"
},
{
"kids":[],
"uid":"1343750800",
"parent":"",
"text":"棒子果然不是好东西",
"mid":"znBYQlcUs",
"date":"2013-03-16 00:40:01"
},
{
"kids":[],
"uid":"1963838682",
"parent":"",
"text":"擦。。",
"mid":"znBYzbnSI",
"date":"2013-03-16 00:39:16"
},
{
"kids":[],
"uid":"2635894653",
"parent":"znBXmr4Li",
"text":"",
"mid":"znBY6hp1L",
"date":"2013-03-16 00:38:09"
},
{
"kids":[],
"uid":"deng5666",
"parent":"znBGSjTDB",
"text":"这事我觉得他干的出来，这人人品不咋地",
"mid":"znBXFBQRK",
"date":"2013-03-16 00:37:08"
},
{
"kids":[],
"uid":"1671212161",
"parent":"",
"text":"[挖鼻屎]",
"mid":"znBXBw1f0",
"date":"2013-03-16 00:36:58"
},
{
"kids":[
"znCwZx40z",
"znC3fpewY",
"znBY6hp1L"
],
"uid":"yangyangyangpi",
"parent":"",
"text":"5万我就考虑下！[哈哈][哈哈][哈哈]",
"mid":"znBXmr4Li",
"date":"2013-03-16 00:36:19"
},
{
"kids":[],
"uid":"xiejiazu",
"parent":"",
"text":"商人终究是商人，无利不起早，可麻烦在大把捞今的时候注意点形象，起码要有德行，别当了婊子还整天要立牌坊",
"mid":"znBUUxwvj",
"date":"2013-03-16 00:30:17"
},
{
"kids":[],
"uid":"yqkimsdaddy",
"parent":"",
"text":"大概八点二十发[哈哈][哈哈][哈哈]",
"mid":"znBUNufA1",
"date":"2013-03-16 00:30:01"
},
{
"kids":[],
"uid":"88nancy611",
"parent":"znBOXaTVS",
"text":"[汗][汗][汗][汗]",
"mid":"znBUxwHNb",
"date":"2013-03-16 00:29:26"
},
{
"kids":[],
"uid":"liaoshuren",
"parent":"",
"text":"润东太逗了。。。难道是苹果给了润东20万反水。。。",
"mid":"znBUoks1w",
"date":"2013-03-16 00:29:03"
},
{
"kids":[],
"uid":"microg",
"parent":"",
"text":"明星智商让人捉急啊",
"mid":"znBUg5CAk",
"date":"2013-03-16 00:28:43"
},
{
"kids":[],
"uid":"dandy45750",
"parent":"znBPeAPaC",
"text":"",
"mid":"znBU2skko",
"date":"2013-03-16 00:28:08"
},
{
"kids":[],
"uid":"1946779920",
"parent":"",
"text":"求真相",
"mid":"znBTLFa6M",
"date":"2013-03-16 00:27:32"
},
{
"kids":[],
"uid":"1481377543",
"parent":"",
"text":"叫你演项羽谁叫你当项羽了？",
"mid":"znBTG1x48",
"date":"2013-03-16 00:27:17"
},
{
"kids":[],
"uid":"1604551285",
"parent":"",
"text":"搞笑",
"mid":"znBSim5uC",
"date":"2013-03-16 00:23:53"
},
{
"kids":[],
"uid":"1766252852",
"parent":"",
"text":"@爱滚滚",
"mid":"znBRF3VAc",
"date":"2013-03-16 00:22:19"
},
{
"kids":[],
"uid":"ltgericstone",
"parent":"",
"text":"[嘻嘻]",
"mid":"znBRnAd3h",
"date":"2013-03-16 00:21:38"
},
{
"kids":[],
"uid":"3259517284",
"parent":"znBPeAPaC",
"text":"问题是三星怎么会知道苹果摊上大事了!?",
"mid":"znBR99PG5",
"date":"2013-03-16 00:21:00"
},
{
"kids":[],
"uid":"1412516803",
"parent":"",
"text":"太猛了",
"mid":"znBQC2Sbt",
"date":"2013-03-16 00:19:40"
},
{
"kids":[],
"uid":"1692267304",
"parent":"",
"text":"[哈哈][哈哈]",
"mid":"znBQveWEi",
"date":"2013-03-16 00:19:28"
},
{
"kids":[],
"uid":"1806098012",
"parent":"",
"text":"各种爆料要层出不穷了[汗]",
"mid":"znBQeFKFM",
"date":"2013-03-16 00:18:49"
},
{
"kids":[],
"uid":"2017521257",
"parent":"",
"text":"吕布项羽的智商么玩游戏的人都懂得[哈哈][哈哈][哈哈]",
"mid":"znBQ44EuW",
"date":"2013-03-16 00:18:23"
},
{
"kids":[],
"uid":"yunfeixueji",
"parent":"znBJQ6S4c",
"text":"好热闹!",
"mid":"znBQ1mvf4",
"date":"2013-03-16 00:18:14"
},
{
"kids":[],
"uid":"jeavidcui",
"parent":"",
"text":"大概八点二十发",
"mid":"znBPQ9nVA",
"date":"2013-03-16 00:17:50"
},
{
"kids":[],
"uid":"1036063991",
"parent":"znBNBwVUU",
"text":"有道理！",
"mid":"znBPJ3kXu",
"date":"2013-03-16 00:17:33"
},
{
"kids":[],
"uid":"1843647645",
"parent":"znBGRq3S1",
"text":"没文化真可怕[偷笑][偷笑]",
"mid":"znBPDc4ov",
"date":"2013-03-16 00:17:20"
},
{
"kids":[],
"uid":"800891118",
"parent":"znBPeAPaC",
"text":"",
"mid":"znBPwkMQ1",
"date":"2013-03-16 00:16:59"
},
{
"kids":[
"znC6Kgawn",
"znBU2skko",
"znBR99PG5",
"znBPwkMQ1"
],
"uid":"tianmaoyong",
"parent":"",
"text":"[哈哈][哈哈][哈哈]",
"mid":"znBPeAPaC",
"date":"2013-03-16 00:16:20"
},
{
"kids":[],
"uid":"1881395200",
"parent":"",
"text":"[哈哈]",
"mid":"znBOYFzuw",
"date":"2013-03-16 00:15:43"
},
{
"kids":[
"znC0JFIQ4",
"znBUxwHNb"
],
"uid":"meihanielts",
"parent":"",
"text":"智商好捉急啊。。。",
"mid":"znBOXaTVS",
"date":"2013-03-16 00:15:37"
},
{
"kids":[],
"uid":"1008406531",
"parent":"znBKKitVr",
"text":"三星雇佣了一群人黑苹果、而苹果用一人@ 何润东：全搞定！！！！！！[哈哈]",
"mid":"znBOUxnzc",
"date":"2013-03-16 00:15:32"
},
{
"kids":[],
"uid":"1826898050",
"parent":"",
"text":"",
"mid":"znBOUgIJl",
"date":"2013-03-16 00:15:30"
},
{
"kids":[],
"uid":"1916358395",
"parent":"znBG2lRRZ",
"text":"何润东的微博已经被截图了，确实是“大概八点20发”",
"mid":"znBOtlGzu",
"date":"2013-03-16 00:14:28"
},
{
"kids":[],
"uid":"2065764480",
"parent":"",
"text":"三星的公关在晚会前就能知道晚上要坑苹果,难道苹果就不知道消息不知道公关么?要么项羽同学要无间道,要么就是假新闻分散公众对于ccav的关注。",
"mid":"znBOnaK6B",
"date":"2013-03-16 00:14:10"
},
{
"kids":[],
"uid":"1684442874",
"parent":"",
"text":"原来真的如此？？？这盘棋好深。。。",
"mid":"znBOj1Ctz",
"date":"2013-03-16 00:14:03"
},
{
"kids":[],
"uid":"2388524592",
"parent":"",
"text":"[哈哈]什么品格的厂商出什么品质的产品。",
"mid":"znBO3nGvU",
"date":"2013-03-16 00:13:23"
},
{
"kids":[],
"uid":"1585327393",
"parent":"",
"text":"…………",
"mid":"znBO1hzhH",
"date":"2013-03-16 00:13:21"
},
{
"kids":[
"znBPJ3kXu"
],
"uid":"dalianjingcha",
"parent":"",
"text":"",
"mid":"znBNBwVUU",
"date":"2013-03-16 00:12:19"
},
{
"kids":[],
"uid":"1393313110",
"parent":"znBIoijjT",
"text":"",
"mid":"znBNApTGo",
"date":"2013-03-16 00:12:13"
},
{
"kids":[],
"uid":"1562400253",
"parent":"",
"text":"何光有胸肌",
"mid":"znBNzf2WW",
"date":"2013-03-16 00:12:12"
},
{
"kids":[],
"uid":"1898300545",
"parent":"",
"text":"...",
"mid":"znBNze8Hm",
"date":"2013-03-16 00:12:12"
},
{
"kids":[],
"uid":"kent531",
"parent":"",
"text":"哈哈，吕布确实找对人演了",
"mid":"znBNyCuR2",
"date":"2013-03-16 00:12:11"
},
{
"kids":[],
"uid":"2072867741",
"parent":"",
"text":"",
"mid":"znBNnFci3",
"date":"2013-03-16 00:11:47"
},
{
"kids":[
"znC2TfrYc"
],
"uid":"2020610355",
"parent":"",
"text":"[bm卖萌]就是一出戏罢了",
"mid":"znBN6fh0w",
"date":"2013-03-16 00:11:03"
},
{
"kids":[],
"uid":"1405650083",
"parent":"",
"text":"",
"mid":"znBMXDeid",
"date":"2013-03-16 00:10:45"
},
{
"kids":[],
"uid":"335123999",
"parent":"",
"text":"哎呀，央视打假打到自己了@爱斯基摩的鱼 @小颖子飞 我们一晚上被戏弄了",
"mid":"znBMJe8Kh",
"date":"2013-03-16 00:10:08"
},
{
"kids":[],
"uid":"1828011842",
"parent":"",
"text":"",
"mid":"znBM9qLel",
"date":"2013-03-16 00:08:46"
},
{
"kids":[],
"uid":"1835788867",
"parent":"",
"text":"[哈哈][哈哈][哈哈]",
"mid":"znBM5zCAE",
"date":"2013-03-16 00:08:37"
},
{
"kids":[],
"uid":"1651952960",
"parent":"",
"text":"",
"mid":"znBM26mop",
"date":"2013-03-16 00:08:27"
},
{
"kids":[],
"uid":"1834621822",
"parent":"",
"text":"[哼]",
"mid":"znBM19QGb",
"date":"2013-03-16 00:08:24"
},
{
"kids":[],
"uid":"enjoybio",
"parent":"",
"text":"",
"mid":"znBLOrRvP",
"date":"2013-03-16 00:07:56"
},
{
"kids":[],
"uid":"reporterwang",
"parent":"znBCJwKfH",
"text":"那好吧~",
"mid":"znBLOri6E",
"date":"2013-03-16 00:07:55"
},
{
"kids":[],
"uid":"1424167612",
"parent":"",
"text":"",
"mid":"znBLpngSh",
"date":"2013-03-16 00:06:54"
},
{
"kids":[],
"uid":"neusoftor",
"parent":"",
"text":"越来越欢乐了",
"mid":"znBLbro6u",
"date":"2013-03-16 00:06:22"
},
{
"kids":[],
"uid":"2661080775",
"parent":"znBD5oTsS",
"text":"我用的是苹果，觉得物有所值，为什么不报报那1%的问题奶粉?",
"mid":"znBL7AOGX",
"date":"2013-03-16 00:06:14"
},
{
"kids":[],
"uid":"1829391997",
"parent":"",
"text":"智商是硬伤",
"mid":"znBL73a6q",
"date":"2013-03-16 00:06:11"
},
{
"kids":[],
"uid":"tangtony",
"parent":"",
"text":"[挖鼻屎]",
"mid":"znBL21IN4",
"date":"2013-03-16 00:05:57"
},
{
"kids":[],
"uid":"1908349177",
"parent":"",
"text":"[汗][汗]",
"mid":"znBKXgo4t",
"date":"2013-03-16 00:05:47"
},
{
"kids":[],
"uid":"1108149225",
"parent":"znBJW4lix",
"text":"果然只能演吕布啊[偷笑]",
"mid":"znBKPj6bk",
"date":"2013-03-16 00:05:29"
},
{
"kids":[
"znBOUxnzc"
],
"uid":"1008406531",
"parent":"znBEtFBem",
"text":"",
"mid":"znBKKitVr",
"date":"2013-03-16 00:05:18"
},
{
"kids":[],
"uid":"1741253120",
"parent":"",
"text":"苹果在马来西亚买也是一年全球保修",
"mid":"znBKHBUVH",
"date":"2013-03-16 00:05:11"
},
{
"kids":[],
"uid":"bybh42129112",
"parent":"",
"text":"[呵呵][偷笑]",
"mid":"znBKDcW96",
"date":"2013-03-16 00:04:59"
},
{
"kids":[],
"uid":"1421406681",
"parent":"",
"text":"不管说啥，偶就是果粉。三星就是个大山寨机，连自己的专有操作系统都研发不出，还总干些偷鸡摸狗的事情，永远鄙视！",
"mid":"znBKz1ZlF",
"date":"2013-03-16 00:04:50"
},
{
"kids":[],
"uid":"1968058341",
"parent":"znBJvseNB",
"text":"",
"mid":"znBKu19pN",
"date":"2013-03-16 00:04:36"
},
{
"kids":[],
"uid":"minjw",
"parent":"",
"text":"[偷笑]",
"mid":"znBKibgvj",
"date":"2013-03-16 00:04:10"
},
{
"kids":[],
"uid":"haiqingzhou",
"parent":"",
"text":"三星玩阴的，鄙视[鄙视]。",
"mid":"znBK93taU",
"date":"2013-03-16 00:03:48"
},
{
"kids":[
"znBKPj6bk"
],
"uid":"1878501587",
"parent":"znBITlzs7",
"text":"这个我信了~不信可看几人微薄~[偷笑][偷笑][偷笑]",
"mid":"znBJW4lix",
"date":"2013-03-16 00:03:15"
},
{
"kids":[
"zoJzWtZxk",
"znECh4giN"
],
"uid":"2481321710",
"parent":"",
"text":"[围观]",
"mid":"znBJUgIN1",
"date":"2013-03-16 00:03:13"
},
{
"kids":[
"znF4Sha9P"
],
"uid":"2605348747",
"parent":"",
"text":"！！！！这剧情，[汗][汗]",
"mid":"znBJTlNGM",
"date":"2013-03-16 00:03:10"
},
{
"kids":[],
"uid":"tianhaoran",
"parent":"",
"text":"选人很重要啊！再说，果粉怎会被这315晚会动摇 ？神州大地该曝光的365也曝不完！比苹果售后严重多的多了去了！闲得蛋疼！",
"mid":"znBJSvm1I",
"date":"2013-03-16 00:03:09"
},
{
"kids":[
"znBQ1mvf4"
],
"uid":"chenjiesherry",
"parent":"znBG2lRRZ",
"text":"是人民币吗 ，美元吧。。。",
"mid":"znBJQ6S4c",
"date":"2013-03-16 00:03:01"
},
{
"kids":[],
"uid":"2273630172",
"parent":"",
"text":"瞎了，坑队友啊",
"mid":"znBJL78xy",
"date":"2013-03-16 00:02:51"
},
{
"kids":[],
"uid":"schwarztea",
"parent":"",
"text":"",
"mid":"znBJz0dZ3",
"date":"2013-03-16 00:02:22"
},
{
"kids":[],
"uid":"678505318",
"parent":"znBHrtNkB",
"text":"[汗]",
"mid":"znBJy5iFC",
"date":"2013-03-16 00:02:20"
},
{
"kids":[
"znBKu19pN"
],
"uid":"hf1645",
"parent":"",
"text":"",
"mid":"znBJvseNB",
"date":"2013-03-16 00:02:14"
},
{
"kids":[],
"uid":"truelymadlydeeply",
"parent":"",
"text":"猪一样的队友",
"mid":"znBJmiBkS",
"date":"2013-03-16 00:01:52"
},
{
"kids":[],
"uid":"1666176633",
"parent":"znBHJxxWP",
"text":"",
"mid":"znBJg75xm",
"date":"2013-03-16 00:01:36"
},
{
"kids":[],
"uid":"2050725123",
"parent":"",
"text":"哈哈，严肃的三一五，搞出这事，那家公关公司搞的，整火了",
"mid":"znBJatdR2",
"date":"2013-03-16 00:01:25"
},
{
"kids":[],
"uid":"2176768434",
"parent":"",
"text":"[哈哈]",
"mid":"znBJ8EbUU",
"date":"2013-03-16 00:01:17"
},
{
"kids":[],
"uid":"momoangelcake",
"parent":"znBG2lRRZ",
"text":"郑，刚捐了100万出去。为了10万块。然后那么多人信。。。好吧。10万块真的是大数目吧。",
"mid":"znBJ84Zta",
"date":"2013-03-16 00:01:19"
},
{
"kids":[],
"uid":"zhzh0371",
"parent":"",
"text":"[吃惊][吃惊]",
"mid":"znBJ0nQHf",
"date":"2013-03-16 00:00:58"
},
{
"kids":[],
"uid":"1703789352",
"parent":"",
"text":"白相豁边了，这种细活怎么能找奉先呢",
"mid":"znBIY2agA",
"date":"2013-03-16 00:00:55"
},
{
"kids":[],
"uid":"1413297212",
"parent":"",
"text":"这个看后瞬间黑暗",
"mid":"znBIWyXPb",
"date":"2013-03-16 00:00:49"
},
{
"kids":[
"znBJW4lix"
],
"uid":"1108149225",
"parent":"",
"text":"[围观]",
"mid":"znBITlzs7",
"date":"2013-03-16 00:00:43"
},
{
"kids":[
"znC9md9qs"
],
"uid":"minsblog",
"parent":"",
"text":"一场315，童话大王不再是童话大王，西楚霸王还是西楚霸王[哼][哼][哼]",
"mid":"znBILCTyK",
"date":"2013-03-16 00:00:24"
},
{
"kids":[],
"uid":"1288552962",
"parent":"",
"text":"@小丸子不在 @3in1空间",
"mid":"znBIJ2b8J",
"date":"2013-03-16 00:00:17"
},
{
"kids":[],
"uid":"2429191791",
"parent":"",
"text":"说不定何是故意的呢[挖鼻屎]",
"mid":"znBIy1QP9",
"date":"2013-03-15 23:59:53"
},
{
"kids":[
"znBNApTGo"
],
"uid":"hushu79",
"parent":"znBI3jpQV",
"text":"……真相？",
"mid":"znBIoijjT",
"date":"2013-03-15 23:59:26"
},
{
"kids":[],
"uid":"youxishow",
"parent":"",
"text":"[哈哈]大概8:20分发 坑爹",
"mid":"znBIn6SGM",
"date":"2013-03-15 23:59:26"
},
{
"kids":[],
"uid":"edrick",
"parent":"",
"text":"[哼]",
"mid":"znBIlnph6",
"date":"2013-03-15 23:59:22"
},
{
"kids":[],
"uid":"1773085477",
"parent":"znBHfmhZj",
"text":"个叫反翘边，懂伐懂伐",
"mid":"znBIl3nQU",
"date":"2013-03-15 23:59:21"
},
{
"kids":[],
"uid":"shenyannan",
"parent":"",
"text":"[嘻嘻][嘻嘻][嘻嘻]",
"mid":"znBIiq3Eo",
"date":"2013-03-15 23:59:14"
},
{
"kids":[],
"uid":"1504169527",
"parent":"",
"text":"",
"mid":"znBI7tV99",
"date":"2013-03-15 23:58:48"
},
{
"kids":[
"znBIoijjT"
],
"uid":"lantern0085",
"parent":"",
"text":"[泪][泪][泪]",
"mid":"znBI3jpQV",
"date":"2013-03-15 23:58:39"
},
{
"kids":[],
"uid":"SalvadorLucky",
"parent":"",
"text":"@罗永浩 若是属实怎么看？耍流氓？",
"mid":"znBI2a89O",
"date":"2013-03-15 23:58:36"
},
{
"kids":[],
"uid":"littlewolf0310",
"parent":"",
"text":"合理。不过三星刚发布S4，搭载还是安卓系统，这个源头被曝光软件安全性，还是堵不住苹果的侵袭。",
"mid":"znBI0D6jx",
"date":"2013-03-15 23:58:33"
},
{
"kids":[],
"uid":"310129292",
"parent":"",
"text":"噗，人才",
"mid":"znBHS7YOx",
"date":"2013-03-15 23:58:12"
},
{
"kids":[
"znBJg75xm"
],
"uid":"2662596903",
"parent":"",
"text":"[挖鼻屎][汗]",
"mid":"znBHJxxWP",
"date":"2013-03-15 23:57:52"
},
{
"kids":[],
"uid":"419811125",
"parent":"",
"text":"智商是硬伤",
"mid":"znBHusu7K",
"date":"2013-03-15 23:57:17"
},
{
"kids":[
"znBJy5iFC"
],
"uid":"sadochiho",
"parent":"znBEtFBem",
"text":"原来如彼",
"mid":"znBHrtNkB",
"date":"2013-03-15 23:57:06"
},
{
"kids":[],
"uid":"tjfstz",
"parent":"",
"text":"问题是三星也没做到多好",
"mid":"znBHijCqE",
"date":"2013-03-15 23:56:48"
},
{
"kids":[
"znBIl3nQU"
],
"uid":"2219774712",
"parent":"",
"text":"一塌糊涂",
"mid":"znBHfmhZj",
"date":"2013-03-15 23:56:39"
},
{
"kids":[
"znF7qoORL"
],
"uid":"1781004287",
"parent":"",
"text":"[偷笑]",
"mid":"znBH9se1l",
"date":"2013-03-15 23:56:23"
},
{
"kids":[],
"uid":"loserchi",
"parent":"",
"text":"智商 [嘻嘻]",
"mid":"znBH55tjt",
"date":"2013-03-15 23:56:15"
},
{
"kids":[],
"uid":"1857339543",
"parent":"",
"text":"深藏功于名",
"mid":"znBGWteaO",
"date":"2013-03-15 23:55:55"
},
{
"kids":[
"znBXFBQRK"
],
"uid":"jingxb",
"parent":"znBG2lRRZ",
"text":"童话也不敢这么写啊",
"mid":"znBGSjTDB",
"date":"2013-03-15 23:55:45"
},
{
"kids":[
"znBPDc4ov"
],
"uid":"shellwong",
"parent":"",
"text":"wow",
"mid":"znBGRq3S1",
"date":"2013-03-15 23:55:42"
},
{
"kids":[],
"uid":"saviolapan",
"parent":"",
"text":"",
"mid":"znBGP4Y46",
"date":"2013-03-15 23:55:37"
},
{
"kids":[],
"uid":"1066622404",
"parent":"",
"text":"[晕]",
"mid":"znBGCpfal",
"date":"2013-03-15 23:55:04"
},
{
"kids":[],
"uid":"zhuangyuanyu",
"parent":"",
"text":"没料到安卓被艹么？",
"mid":"znBGerhOV",
"date":"2013-03-15 23:54:10"
},
{
"kids":[
"znFY0yprP"
],
"uid":"1449626700",
"parent":"",
"text":"这智商。。大概不是负的。。。",
"mid":"znBG74bBt",
"date":"2013-03-15 23:53:52"
},
{
"kids":[
"znBOtlGzu",
"znBJQ6S4c",
"znBJ84Zta",
"znBGSjTDB"
],
"uid":"rain163",
"parent":"",
"text":"暂时先保持怀疑。郑渊洁啊，我看他童话长大的啊[泪][泪][泪][泪]",
"mid":"znBG2lRRZ",
"date":"2013-03-15 23:53:41"
},
{
"kids":[],
"uid":"1928434334",
"parent":"znBCJwKfH",
"text":"[嘻嘻][嘻嘻][嘻嘻][哈哈][哈哈][哈哈]",
"mid":"znBFiwxhO",
"date":"2013-03-15 23:51:52"
},
{
"kids":[],
"uid":"1975244202",
"parent":"znBD5oTsS",
"text":"还是一个字：钱",
"mid":"znBEFvwqm",
"date":"2013-03-15 23:50:17"
},
{
"kids":[
"znBKKitVr",
"znBHrtNkB"
],
"uid":"2659784223",
"parent":"",
"text":"",
"mid":"znBEtFBem",
"date":"2013-03-15 23:49:51"
},
{
"kids":[],
"uid":"ro8yn",
"parent":"znBDQ5UCC",
"text":"何润东，高级黑[哈哈]",
"mid":"znBEl7EuQ",
"date":"2013-03-15 23:49:30"
},
{
"kids":[],
"uid":"cate17u",
"parent":"",
"text":"[嘻嘻]",
"mid":"znBDS9ZXp",
"date":"2013-03-15 23:48:20"
},
{
"kids":[
"znBEl7EuQ"
],
"uid":"makepolo2010",
"parent":"znBCJwKfH",
"text":"",
"mid":"znBDQ5UCC",
"date":"2013-03-15 23:48:16"
},
{
"kids":[
"znFQ3nilk"
],
"uid":"dxbqxp",
"parent":"",
"text":"",
"mid":"znBDJjDJA",
"date":"2013-03-15 23:47:57"
},
{
"kids":[],
"uid":"2698776470",
"parent":"",
"text":"真是三星策划的阴谋?",
"mid":"znBDFarLn",
"date":"2013-03-15 23:47:46"
},
{
"kids":[
"zqs1rcveA"
],
"uid":"2126412115",
"parent":"",
"text":"手哥啊",
"mid":"znBDAthnB",
"date":"2013-03-15 23:47:39"
},
{
"kids":[],
"uid":"lihe1018",
"parent":"",
"text":"@何润东",
"mid":"znBDkt8S5",
"date":"2013-03-15 23:46:58"
},
{
"kids":[],
"uid":"1498091843",
"parent":"",
"text":"[围观][话筒]",
"mid":"znBDgCzrW",
"date":"2013-03-15 23:46:49"
},
{
"kids":[],
"uid":"1938165255",
"parent":"",
"text":"[汗][汗]",
"mid":"znBDcwj48",
"date":"2013-03-15 23:46:42"
},
{
"kids":[
"znBL7AOGX",
"znBEFvwqm"
],
"uid":"lzslanzise",
"parent":"",
"text":"[吃惊][吃惊][晕]",
"mid":"znBD5oTsS",
"date":"2013-03-15 23:46:24"
},
{
"kids":[],
"uid":"1700729854",
"parent":"",
"text":"[围观]",
"mid":"znBD2tpEh",
"date":"2013-03-15 23:46:19"
},
{
"kids":[
"znBLOri6E",
"znBFiwxhO",
"znBDQ5UCC"
],
"uid":"bhyfwangyi",
"parent":"",
"text":"[嘻嘻]",
"mid":"znBCJwKfH",
"date":"2013-03-15 23:45:32"
}
]