[
{
"kids":[],
"uid":"208262616",
"parent":"",
"text":"像战士致敬！！",
"mid":"z9jpSePTE",
"date":"2012-12-11 23:40:10"
},
{
"kids":[],
"uid":"2930635233",
"parent":"",
"text":"",
"mid":"yEBJ2vhr0",
"date":"2012-10-02 20:31:55"
},
{
"kids":[],
"uid":"2789961750",
"parent":"",
"text":"",
"mid":"yDUWH3aBO",
"date":"2012-09-28 07:37:29"
},
{
"kids":[],
"uid":"2789851872",
"parent":"",
"text":"",
"mid":"yDUWH3aAQ",
"date":"2012-09-28 07:37:28"
},
{
"kids":[],
"uid":"2808237154",
"parent":"yytK87v4a",
"text":"",
"mid":"yBhbXbkc5",
"date":"2012-09-10 22:44:36"
},
{
"kids":[],
"uid":"2808237082",
"parent":"yytK87v4a",
"text":"",
"mid":"yzKFw6MCH",
"date":"2012-08-31 22:06:29"
},
{
"kids":[],
"uid":"2611994880",
"parent":"yzxKedbXu",
"text":"",
"mid":"yzy0YyYWO",
"date":"2012-08-30 13:53:38"
},
{
"kids":[
"yzy0YyYWO"
],
"uid":"2056358612",
"parent":"yzpN5k57N",
"text":"",
"mid":"yzxKedbXu",
"date":"2012-08-30 13:12:22"
},
{
"kids":[],
"uid":"319233359",
"parent":"",
"text":"",
"mid":"yzsuCcc3k",
"date":"2012-08-29 23:50:11"
},
{
"kids":[],
"uid":"alanjit",
"parent":"yzrxWmypb",
"text":"在当今社会对身边的兄弟朋友好就行了，这国度难容大好人，领悟吧",
"mid":"yzs9Ceb2p",
"date":"2012-08-29 22:58:26"
},
{
"kids":[
"yzs9Ceb2p"
],
"uid":"bennyliu668",
"parent":"yzr8C9FZ4",
"text":"",
"mid":"yzrxWmypb",
"date":"2012-08-29 21:25:34"
},
{
"kids":[
"yzrxWmypb"
],
"uid":"tinastore",
"parent":"yzqA5Ak6E",
"text":"",
"mid":"yzr8C9FZ4",
"date":"2012-08-29 20:23:14"
},
{
"kids":[
"yzr8C9FZ4"
],
"uid":"619810122",
"parent":"yzqyuzF1h",
"text":"",
"mid":"yzqA5Ak6E",
"date":"2012-08-29 18:58:09"
},
{
"kids":[
"yzqA5Ak6E"
],
"uid":"1886102242",
"parent":"yzqrWAzog",
"text":"",
"mid":"yzqyuzF1h",
"date":"2012-08-29 18:54:14"
},
{
"kids":[
"yzqyuzF1h"
],
"uid":"1828230750",
"parent":"yzpN5k57N",
"text":"",
"mid":"yzqrWAzog",
"date":"2012-08-29 18:38:06"
},
{
"kids":[],
"uid":"1813864622",
"parent":"yzpMSjRyd",
"text":"",
"mid":"yzpNqjXv4",
"date":"2012-08-29 16:58:16"
},
{
"kids":[
"yzxKedbXu",
"yzqrWAzog"
],
"uid":"bengx97",
"parent":"yzpMSjRyd",
"text":"",
"mid":"yzpN5k57N",
"date":"2012-08-29 16:57:24"
},
{
"kids":[
"yzpNqjXv4",
"yzpN5k57N"
],
"uid":"1915706857",
"parent":"yzooj1Dez",
"text":"",
"mid":"yzpMSjRyd",
"date":"2012-08-29 16:56:55"
},
{
"kids":[],
"uid":"1829364927",
"parent":"yzofgstnL",
"text":"",
"mid":"yzoxeb4Yf",
"date":"2012-08-29 13:45:38"
},
{
"kids":[
"yzpMSjRyd"
],
"uid":"mandyhsu",
"parent":"yzo2w0E2a",
"text":"",
"mid":"yzooj1Dez",
"date":"2012-08-29 13:23:38"
},
{
"kids":[
"yzoxeb4Yf"
],
"uid":"laurieych",
"parent":"yzo2w0E2a",
"text":"",
"mid":"yzofgstnL",
"date":"2012-08-29 13:01:22"
},
{
"kids":[],
"uid":"2429294831",
"parent":"yzo2w0E2a",
"text":"",
"mid":"yzo8jmwSm",
"date":"2012-08-29 12:44:13"
},
{
"kids":[
"yzooj1Dez",
"yzofgstnL",
"yzo8jmwSm"
],
"uid":"zwleona",
"parent":"",
"text":"",
"mid":"yzo2w0E2a",
"date":"2012-08-29 12:29:58"
},
{
"kids":[],
"uid":"pasoo",
"parent":"",
"text":"",
"mid":"yzixou8es",
"date":"2012-08-28 22:29:31"
},
{
"kids":[],
"uid":"2482883141",
"parent":"yyO4fkiFn",
"text":"",
"mid":"yzfYdiPKF",
"date":"2012-08-28 15:57:23"
},
{
"kids":[],
"uid":"1776022262",
"parent":"yyPFBa4uz",
"text":"",
"mid":"yyW7fl4vy",
"date":"2012-08-26 13:24:43"
},
{
"kids":[
"yyW7fl4vy"
],
"uid":"1886255004",
"parent":"",
"text":"",
"mid":"yyPFBa4uz",
"date":"2012-08-25 21:00:06"
},
{
"kids":[],
"uid":"2652310804",
"parent":"yyNlJqM8I",
"text":"",
"mid":"yyPyLqRR9",
"date":"2012-08-25 20:43:16"
},
{
"kids":[],
"uid":"ymx1020",
"parent":"",
"text":"",
"mid":"yyOnbjBr6",
"date":"2012-08-25 17:41:59"
},
{
"kids":[
"yzfYdiPKF"
],
"uid":"2056070387",
"parent":"yyO3mFIFK",
"text":"",
"mid":"yyO4fkiFn",
"date":"2012-08-25 16:55:20"
},
{
"kids":[
"yyO4fkiFn"
],
"uid":"1002206747",
"parent":"yyNXHkX7K",
"text":"",
"mid":"yyO3mFIFK",
"date":"2012-08-25 16:53:08"
},
{
"kids":[],
"uid":"1879118271",
"parent":"yyNXHkX7K",
"text":"[蜡烛]",
"mid":"yyO1W0N9J",
"date":"2012-08-25 16:49:38"
},
{
"kids":[
"yyO3mFIFK",
"yyO1W0N9J"
],
"uid":"2414255923",
"parent":"yyNlJqM8I",
"text":"哎",
"mid":"yyNXHkX7K",
"date":"2012-08-25 16:39:11"
},
{
"kids":[],
"uid":"2791343185",
"parent":"yyMYzCAER",
"text":"[蜡烛][蜡烛][蜡烛][蜡烛][蜡烛]",
"mid":"yyNUn4Kdd",
"date":"2012-08-25 16:30:59"
},
{
"kids":[
"yyPyLqRR9",
"yyNXHkX7K"
],
"uid":"2370172024",
"parent":"yyMYzCAER",
"text":"这个国家真强大！[怒][怒][怒]",
"mid":"yyNlJqM8I",
"date":"2012-08-25 15:05:40"
},
{
"kids":[],
"uid":"1949185504",
"parent":"yyMYzCAER",
"text":"",
"mid":"yyN7YAYif",
"date":"2012-08-25 14:31:47"
},
{
"kids":[],
"uid":"2519232411",
"parent":"yyN0etjLU",
"text":"天朝还能不能行了！",
"mid":"yyN4UlUSG",
"date":"2012-08-25 14:24:11"
},
{
"kids":[],
"uid":"518461230",
"parent":"yyMYzCAER",
"text":"",
"mid":"yyN1t0sPS",
"date":"2012-08-25 14:15:44"
},
{
"kids":[],
"uid":"sarawing",
"parent":"yyMYzCAER",
"text":"[伤心][蜡烛]",
"mid":"yyN0Nkm7y",
"date":"2012-08-25 14:14:03"
},
{
"kids":[
"yyN4UlUSG"
],
"uid":"1940983845",
"parent":"yyMYzCAER",
"text":"[蜡烛]",
"mid":"yyN0etjLU",
"date":"2012-08-25 14:12:41"
},
{
"kids":[
"yyNUn4Kdd",
"yyNlJqM8I",
"yyN7YAYif",
"yyN1t0sPS",
"yyN0Nkm7y",
"yyN0etjLU"
],
"uid":"933587898",
"parent":"yymsVhLFz",
"text":"[心][蜡烛][心][蜡烛][心]",
"mid":"yyMYzCAER",
"date":"2012-08-25 14:08:36"
},
{
"kids":[],
"uid":"1880946682",
"parent":"",
"text":"真的好伟大，看到好伤心，谢谢你！[悲伤][悲伤][蜡烛][蜡烛][蜡烛]",
"mid":"yyCd7qFJX",
"date":"2012-08-24 10:44:15"
},
{
"kids":[],
"uid":"1975121622",
"parent":"",
"text":"",
"mid":"yyx4grfCk",
"date":"2012-08-23 21:38:41"
},
{
"kids":[],
"uid":"uc72729880",
"parent":"",
"text":"[蜡烛]",
"mid":"yyvgwDI5P",
"date":"2012-08-23 17:03:24"
},
{
"kids":[],
"uid":"vikkibo",
"parent":"yymH958Js",
"text":"",
"mid":"yytWNeZrb",
"date":"2012-08-23 13:42:03"
},
{
"kids":[
"yBhbXbkc5",
"yzKFw6MCH"
],
"uid":"1871077917",
"parent":"yysiOhi2Q",
"text":"[蜡烛]",
"mid":"yytK87v4a",
"date":"2012-08-23 13:10:49"
},
{
"kids":[],
"uid":"2001979493",
"parent":"yysS4jZhn",
"text":"[蜡烛][蜡烛]",
"mid":"yytv3avCB",
"date":"2012-08-23 12:33:41"
},
{
"kids":[],
"uid":"210009104",
"parent":"yymsVhLFz",
"text":"",
"mid":"yytty6ZDV",
"date":"2012-08-23 12:30:00"
},
{
"kids":[],
"uid":"xxssxxs",
"parent":"yypwmvYCV",
"text":"[蜡烛]",
"mid":"yyt7vtbN9",
"date":"2012-08-23 11:35:41"
},
{
"kids":[],
"uid":"xiaopangyatou",
"parent":"yymEgxqBH",
"text":"[蜡烛]",
"mid":"yysV4et16",
"date":"2012-08-23 11:05:02"
},
{
"kids":[],
"uid":"carreyhan314",
"parent":"yysS4jZhn",
"text":"",
"mid":"yysSAy1nX",
"date":"2012-08-23 10:58:56"
},
{
"kids":[
"yytv3avCB",
"yysSAy1nX"
],
"uid":"superzoesx99",
"parent":"yypcZE5SY",
"text":"[蜡烛]",
"mid":"yysS4jZhn",
"date":"2012-08-23 10:57:39"
},
{
"kids":[],
"uid":"2373816004",
"parent":"yymsVhLFz",
"text":"[蜡烛][蜡烛][蜡烛]",
"mid":"yysLDqzaa",
"date":"2012-08-23 10:41:48"
},
{
"kids":[
"yytK87v4a"
],
"uid":"2077348891",
"parent":"yynskqeS7",
"text":"了解",
"mid":"yysiOhi2Q",
"date":"2012-08-23 09:30:47"
},
{
"kids":[],
"uid":"2002329053",
"parent":"yyrjv6Wov",
"text":"",
"mid":"yyrZEqQAr",
"date":"2012-08-23 08:43:35"
},
{
"kids":[],
"uid":"2213872147",
"parent":"",
"text":"",
"mid":"yyrOZqJz0",
"date":"2012-08-23 08:17:19"
},
{
"kids":[],
"uid":"1869806215",
"parent":"",
"text":"[蜡烛]",
"mid":"yyrqTpCjv",
"date":"2012-08-23 07:17:57"
},
{
"kids":[
"yyrZEqQAr"
],
"uid":"wenzihu",
"parent":"yypcZE5SY",
"text":"[蜡烛]",
"mid":"yyrjv6Wov",
"date":"2012-08-23 06:59:44"
},
{
"kids":[
"yyt7vtbN9"
],
"uid":"2183099072",
"parent":"yypcZE5SY",
"text":"",
"mid":"yypwmvYCV",
"date":"2012-08-23 02:25:57"
},
{
"kids":[
"yysS4jZhn",
"yyrjv6Wov",
"yypwmvYCV"
],
"uid":"1864259174",
"parent":"yymCLvnCY",
"text":"",
"mid":"yypcZE5SY",
"date":"2012-08-23 01:38:13"
},
{
"kids":[],
"uid":"1267842130",
"parent":"yymt4s9Dk",
"text":"",
"mid":"yyoUNpiVN",
"date":"2012-08-23 00:53:21"
},
{
"kids":[],
"uid":"1655753942",
"parent":"",
"text":"转发微博。",
"mid":"yyog76RvS",
"date":"2012-08-22 23:13:08"
},
{
"kids":[],
"uid":"2830572163",
"parent":"",
"text":"",
"mid":"yyo3H69ZT",
"date":"2012-08-22 22:42:32"
},
{
"kids":[],
"uid":"shenqing08",
"parent":"yynHFkrAy",
"text":"",
"mid":"yyo0XsNWr",
"date":"2012-08-22 22:35:49"
},
{
"kids":[],
"uid":"1802365472",
"parent":"yynEO2ea5",
"text":"",
"mid":"yynZmbYM5",
"date":"2012-08-22 22:31:52"
},
{
"kids":[],
"uid":"1645841172",
"parent":"",
"text":"",
"mid":"yynQ3n1Jf",
"date":"2012-08-22 22:08:57"
},
{
"kids":[
"yyo0XsNWr"
],
"uid":"2617500110",
"parent":"",
"text":"",
"mid":"yynHFkrAy",
"date":"2012-08-22 21:48:17"
},
{
"kids":[
"yynZmbYM5"
],
"uid":"2544114624",
"parent":"",
"text":"为记者惋惜！实验明天马上试试！",
"mid":"yynEO2ea5",
"date":"2012-08-22 21:41:13"
},
{
"kids":[],
"uid":"sandycrj1985",
"parent":"yynv0rTah",
"text":"",
"mid":"yynwN11cB",
"date":"2012-08-22 21:21:29"
},
{
"kids":[
"yynwN11cB"
],
"uid":"1916832215",
"parent":"yynokeqZy",
"text":"",
"mid":"yynv0rTah",
"date":"2012-08-22 21:17:06"
},
{
"kids":[
"yysiOhi2Q"
],
"uid":"1664562105",
"parent":"yyn4rFlMz",
"text":"",
"mid":"yynskqeS7",
"date":"2012-08-22 21:10:28"
},
{
"kids":[
"yynv0rTah"
],
"uid":"1995734183",
"parent":"",
"text":"",
"mid":"yynokeqZy",
"date":"2012-08-22 21:00:37"
},
{
"kids":[],
"uid":"1727436112",
"parent":"",
"text":"",
"mid":"yynlAhW0n",
"date":"2012-08-22 20:53:53"
},
{
"kids":[],
"uid":"1216040035",
"parent":"yymsVhLFz",
"text":"",
"mid":"yynj650BI",
"date":"2012-08-22 20:47:45"
},
{
"kids":[],
"uid":"2128210827",
"parent":"",
"text":"",
"mid":"yyn920k1j",
"date":"2012-08-22 20:22:56"
},
{
"kids":[],
"uid":"1589611532",
"parent":"",
"text":"油冷却后不都是表面会结白色么？",
"mid":"yyn6QCP1A",
"date":"2012-08-22 20:17:35"
},
{
"kids":[],
"uid":"2337076542",
"parent":"yyn4rFlMz",
"text":"",
"mid":"yyn5QhrCT",
"date":"2012-08-22 20:15:06"
},
{
"kids":[],
"uid":"1787202951",
"parent":"",
"text":"[蜡烛][泪]",
"mid":"yyn5z7KyN",
"date":"2012-08-22 20:14:26"
},
{
"kids":[
"yynskqeS7",
"yyn5QhrCT"
],
"uid":"1668466824",
"parent":"yymCLvnCY",
"text":"",
"mid":"yyn4rFlMz",
"date":"2012-08-22 20:11:40"
},
{
"kids":[],
"uid":"2183306395",
"parent":"yymsVhLFz",
"text":"",
"mid":"yyn1A5ffp",
"date":"2012-08-22 20:04:34"
},
{
"kids":[],
"uid":"nanatrista",
"parent":"",
"text":"",
"mid":"yymT9FP9O",
"date":"2012-08-22 19:43:51"
},
{
"kids":[],
"uid":"523463733",
"parent":"",
"text":"英雄Z",
"mid":"yymM64b24",
"date":"2012-08-22 19:26:27"
},
{
"kids":[],
"uid":"1039176947",
"parent":"",
"text":"[蜡烛][蜡烛][蜡烛]",
"mid":"yymKZtJ2P",
"date":"2012-08-22 19:23:45"
},
{
"kids":[],
"uid":"1480474362",
"parent":"",
"text":"[爱心传递]",
"mid":"yymJBeTf1",
"date":"2012-08-22 19:20:16"
},
{
"kids":[
"yytWNeZrb"
],
"uid":"2065764211",
"parent":"",
"text":"回家对照下自家的油。。。。向英雄致敬！",
"mid":"yymH958Js",
"date":"2012-08-22 19:14:16"
},
{
"kids":[],
"uid":"2234226533",
"parent":"yymsVhLFz",
"text":"为何钱可以让人泯灭良心？",
"mid":"yymF29IZ9",
"date":"2012-08-22 19:09:03"
},
{
"kids":[],
"uid":"luraochen",
"parent":"",
"text":"",
"mid":"yymEMrQk6",
"date":"2012-08-22 19:08:26"
},
{
"kids":[
"yysV4et16"
],
"uid":"renfx2010",
"parent":"",
"text":"",
"mid":"yymEgxqBH",
"date":"2012-08-22 19:07:10"
},
{
"kids":[],
"uid":"1730045910",
"parent":"",
"text":"",
"mid":"yymDOcBfh",
"date":"2012-08-22 19:06:02"
},
{
"kids":[
"yypcZE5SY",
"yyn4rFlMz"
],
"uid":"chester19841023",
"parent":"",
"text":"向英雄致敬！",
"mid":"yymCLvnCY",
"date":"2012-08-22 19:03:26"
},
{
"kids":[],
"uid":"huxiaolei67",
"parent":"",
"text":"转发微博。",
"mid":"yymCdv7dB",
"date":"2012-08-22 19:02:07"
},
{
"kids":[],
"uid":"830225333",
"parent":"yymsVhLFz",
"text":"",
"mid":"yymASuBnC",
"date":"2012-08-22 18:58:49"
},
{
"kids":[],
"uid":"2052511524",
"parent":"",
"text":"",
"mid":"yymysFxqe",
"date":"2012-08-22 18:52:52"
},
{
"kids":[],
"uid":"1761721662",
"parent":"",
"text":"",
"mid":"yymuOBI9t",
"date":"2012-08-22 18:43:52"
},
{
"kids":[],
"uid":"2280657292",
"parent":"yymsVhLFz",
"text":"",
"mid":"yymuI7Pvb",
"date":"2012-08-22 18:43:37"
},
{
"kids":[],
"uid":"2046954455",
"parent":"yymsVhLFz",
"text":"",
"mid":"yymuCcgDh",
"date":"2012-08-22 18:43:23"
},
{
"kids":[],
"uid":"2706702671",
"parent":"",
"text":"[蜡烛][蜡烛][蜡烛]",
"mid":"yymuy649g",
"date":"2012-08-22 18:43:13"
},
{
"kids":[
"yyoUNpiVN"
],
"uid":"candyren",
"parent":"",
"text":"[",
"mid":"yymt4s9Dk",
"date":"2012-08-22 18:39:33"
},
{
"kids":[],
"uid":"2057396600",
"parent":"",
"text":"为自己的健康，也为他人，更为了支持在前线奋战的记者们！",
"mid":"yymt0Cq2k",
"date":"2012-08-22 18:39:26"
},
{
"kids":[
"yyMYzCAER",
"yytty6ZDV",
"yysLDqzaa",
"yynj650BI",
"yyn1A5ffp",
"yymF29IZ9",
"yymASuBnC",
"yymuI7Pvb",
"yymuCcgDh"
],
"uid":"shenzedan",
"parent":"",
"text":"[蜡烛] [蜡烛]  [蜡烛]",
"mid":"yymsVhLFz",
"date":"2012-08-22 18:39:11"
},
{
"kids":[],
"uid":"2033971922",
"parent":"",
"text":"@德玛克西万岁",
"mid":"yymsj90mK",
"date":"2012-08-22 18:37:42"
},
{
"kids":[],
"uid":"2104903395",
"parent":"",
"text":"",
"mid":"yyms76agp",
"date":"2012-08-22 18:37:11"
}
]