[
{
"kids":[],
"uid":"1582907384",
"parent":"zvs0WsnqV",
"text":"",
"mid":"zzG1U2hMX",
"date":"2013-06-03 09:02:11"
},
{
"kids":[],
"uid":"2920050120",
"parent":"zvs0WsnqV",
"text":"",
"mid":"zzyf5vuTL",
"date":"2013-06-02 13:12:42"
},
{
"kids":[],
"uid":"3044118050",
"parent":"zvs0WsnqV",
"text":"",
"mid":"zzy1Kqnt1",
"date":"2013-06-02 12:39:50"
},
{
"kids":[],
"uid":"3044211202",
"parent":"zvs0WsnqV",
"text":"",
"mid":"zyNIOcqRj",
"date":"2013-05-28 14:46:49"
},
{
"kids":[],
"uid":"1582779735",
"parent":"zvs0WsnqV",
"text":"",
"mid":"zyMvyF6je",
"date":"2013-05-28 11:41:25"
},
{
"kids":[],
"uid":"3043928200",
"parent":"zvs0WsnqV",
"text":"",
"mid":"zyEl8z5o7",
"date":"2013-05-27 14:53:47"
},
{
"kids":[],
"uid":"3075357431",
"parent":"zvvSVjUlp",
"text":"",
"mid":"zxuPTfW6G",
"date":"2013-05-20 00:51:47"
},
{
"kids":[],
"uid":"1673505191",
"parent":"",
"text":"我们也捐了",
"mid":"zwSp8gqOb",
"date":"2013-05-15 23:01:28"
},
{
"kids":[],
"uid":"3045125832",
"parent":"zvs0WsnqV",
"text":"",
"mid":"zwNLSkQtp",
"date":"2013-05-15 11:13:46"
},
{
"kids":[],
"uid":"3044989192",
"parent":"zvs0WsnqV",
"text":"",
"mid":"zwDrKdZRg",
"date":"2013-05-14 08:56:41"
},
{
"kids":[],
"uid":"2809321580",
"parent":"zvs0WsnqV",
"text":"",
"mid":"zwDrKdEAP",
"date":"2013-05-14 08:56:42"
},
{
"kids":[],
"uid":"1582986361",
"parent":"zvs0WsnqV",
"text":"",
"mid":"zvQ7vcaPC",
"date":"2013-05-09 03:22:14"
},
{
"kids":[],
"uid":"2335324577",
"parent":"",
"text":"",
"mid":"zvO4Iw7Qy",
"date":"2013-05-08 22:09:52"
},
{
"kids":[],
"uid":"3099601342",
"parent":"",
"text":"",
"mid":"zvO4s0q0E",
"date":"2013-05-08 22:09:11"
},
{
"kids":[],
"uid":"2803343612",
"parent":"zvs0WsnqV",
"text":"",
"mid":"zvKz9i5jM",
"date":"2013-05-08 13:13:52"
},
{
"kids":[],
"uid":"3044091344",
"parent":"zvs0WsnqV",
"text":"",
"mid":"zvKz9gJ5Q",
"date":"2013-05-08 13:13:52"
},
{
"kids":[],
"uid":"2305232175",
"parent":"",
"text":"回复@失望至此却从不坦然2号:大学生愤怒之前，请先巩固小学数学，160000000÷1530000≈ 104.58；去年买了个表的105万？[哈哈][哈哈]",
"mid":"zvJanxdDe",
"date":"2013-05-08 09:40:06"
},
{
"kids":[],
"uid":"2433688137",
"parent":"",
"text":"@唐老鸭true 现在大部分热你都清醒了……",
"mid":"zvCAppYhL",
"date":"2013-05-07 16:55:01"
},
{
"kids":[],
"uid":"2009510642",
"parent":"",
"text":"",
"mid":"zvA3hEw6B",
"date":"2013-05-07 10:27:53"
},
{
"kids":[],
"uid":"2274919372",
"parent":"",
"text":"",
"mid":"zvzZLhsod",
"date":"2013-05-07 10:19:13"
},
{
"kids":[],
"uid":"2013624104",
"parent":"",
"text":"",
"mid":"zvzZdzZNo",
"date":"2013-05-07 10:17:52"
},
{
"kids":[],
"uid":"2274872150",
"parent":"",
"text":"",
"mid":"zvzSF1SFz",
"date":"2013-05-07 10:01:42"
},
{
"kids":[],
"uid":"2013657652",
"parent":"",
"text":"",
"mid":"zvzRQb0ee",
"date":"2013-05-07 09:59:42"
},
{
"kids":[],
"uid":"2274776082",
"parent":"",
"text":"",
"mid":"zvzOADr8y",
"date":"2013-05-07 09:51:41"
},
{
"kids":[],
"uid":"2013624104",
"parent":"",
"text":"",
"mid":"zvzLpz60r",
"date":"2013-05-07 09:43:51"
},
{
"kids":[],
"uid":"2274882014",
"parent":"",
"text":"",
"mid":"zvzKNrRS3",
"date":"2013-05-07 09:42:21"
},
{
"kids":[],
"uid":"2274836512",
"parent":"",
"text":"",
"mid":"zvzKJBimn",
"date":"2013-05-07 09:42:11"
},
{
"kids":[],
"uid":"2274836512",
"parent":"",
"text":"",
"mid":"zvzJA5Eci",
"date":"2013-05-07 09:39:21"
},
{
"kids":[],
"uid":"2009529342",
"parent":"",
"text":"",
"mid":"zvzJ6wmfN",
"date":"2013-05-07 09:38:11"
},
{
"kids":[],
"uid":"2013662772",
"parent":"",
"text":"",
"mid":"zvzw73xAa",
"date":"2013-05-07 09:06:09"
},
{
"kids":[],
"uid":"2155095400",
"parent":"",
"text":"",
"mid":"zvzrUnWVJ",
"date":"2013-05-07 08:55:49"
},
{
"kids":[],
"uid":"2151969214",
"parent":"",
"text":"",
"mid":"zvzrDz6ll",
"date":"2013-05-07 08:55:08"
},
{
"kids":[],
"uid":"2013665332",
"parent":"",
"text":"",
"mid":"zvzres1Js",
"date":"2013-05-07 08:54:08"
},
{
"kids":[],
"uid":"2150506390",
"parent":"",
"text":"",
"mid":"zvzoFckBJ",
"date":"2013-05-07 08:47:48"
},
{
"kids":[],
"uid":"2274836512",
"parent":"",
"text":"",
"mid":"zvzoB2jKc",
"date":"2013-05-07 08:47:38"
},
{
"kids":[],
"uid":"2274835190",
"parent":"",
"text":"",
"mid":"zvzn2q1SS",
"date":"2013-05-07 08:43:48"
},
{
"kids":[],
"uid":"2274872150",
"parent":"",
"text":"",
"mid":"zvzggv3NF",
"date":"2013-05-07 08:27:07"
},
{
"kids":[],
"uid":"2273980242",
"parent":"",
"text":"",
"mid":"zvzd58i7G",
"date":"2013-05-07 08:19:17"
},
{
"kids":[],
"uid":"2274835190",
"parent":"",
"text":"",
"mid":"zvz7xbyLC",
"date":"2013-05-07 08:05:36"
},
{
"kids":[],
"uid":"makenosense",
"parent":"zvvSVjUlp",
"text":"真为热心群众的数学水平着急",
"mid":"zvw5Pxl3Y",
"date":"2013-05-07 00:23:11"
},
{
"kids":[
"zxuPTfW6G",
"zvw5Pxl3Y"
],
"uid":"527789830",
"parent":"zvrSw0hEN",
"text":"政府应该对钱的去向做出合理的解释",
"mid":"zvvSVjUlp",
"date":"2013-05-06 23:51:20"
},
{
"kids":[],
"uid":"2589767584",
"parent":"",
"text":"唉！",
"mid":"zvvP4BQm2",
"date":"2013-05-06 23:41:52"
},
{
"kids":[],
"uid":"11201314",
"parent":"zvvypeBAW",
"text":"消息内容真实，只是有人想帮忙掩埋咯",
"mid":"zvvzo9ZfF",
"date":"2013-05-06 23:03:12"
},
{
"kids":[
"zvvzo9ZfF"
],
"uid":"2151809173",
"parent":"zvrGvBRNw",
"text":"中国，无奈。。[可憐][可憐]",
"mid":"zvvypeBAW",
"date":"2013-05-06 23:00:49"
},
{
"kids":[],
"uid":"3029759457",
"parent":"zvrf7spdS",
"text":"",
"mid":"zvvf3wIhF",
"date":"2013-05-06 22:13:09"
},
{
"kids":[],
"uid":"zora812zhang",
"parent":"zvtvHyCFF",
"text":"",
"mid":"zvuFO63dA",
"date":"2013-05-06 20:46:16"
},
{
"kids":[],
"uid":"2727225147",
"parent":"",
"text":"这样说起来蛮有道理的。",
"mid":"zvuldwN0g",
"date":"2013-05-06 19:55:36"
},
{
"kids":[],
"uid":"noahzh",
"parent":"zvtrpkbOa",
"text":"呵~呵~",
"mid":"zvueO8nbo",
"date":"2013-05-06 19:39:47"
},
{
"kids":[],
"uid":"1957407582",
"parent":"zvtyRtTi6",
"text":"",
"mid":"zvucTD0C0",
"date":"2013-05-06 19:35:04"
},
{
"kids":[],
"uid":"2959296043",
"parent":"zvtuoktr6",
"text":"这是现状",
"mid":"zvu43dJ16",
"date":"2013-05-06 19:13:17"
},
{
"kids":[],
"uid":"2792187835",
"parent":"zvtZWc6Vm",
"text":"1亿6000万除以153万=1亿6000除以153？[哈哈][哈哈][哈哈]",
"mid":"zvu2Adkep",
"date":"2013-05-06 19:09:39"
},
{
"kids":[],
"uid":"hellomrde",
"parent":"zvtZWc6Vm",
"text":"这是怎么算出来的。",
"mid":"zvu2irhgj",
"date":"2013-05-06 19:09:00"
},
{
"kids":[
"zvu2Adkep",
"zvu2irhgj"
],
"uid":"2792187835",
"parent":"",
"text":"这是怎么算出来的",
"mid":"zvtZWc6Vm",
"date":"2013-05-06 19:03:10"
},
{
"kids":[],
"uid":"3266805775",
"parent":"zvtGEkh2R",
"text":"",
"mid":"zvtNshvZx",
"date":"2013-05-06 18:32:25"
},
{
"kids":[],
"uid":"ysn0816",
"parent":"",
"text":"在中国捐款绝对是一次冒险！",
"mid":"zvtK31xR9",
"date":"2013-05-06 18:23:59"
},
{
"kids":[],
"uid":"2274920504",
"parent":"",
"text":"",
"mid":"zvtHNxmfr",
"date":"2013-05-06 18:18:28"
},
{
"kids":[],
"uid":"1944116932",
"parent":"",
"text":"",
"mid":"zvtHFfmbW",
"date":"2013-05-06 18:18:08"
},
{
"kids":[
"zvtNshvZx"
],
"uid":"qqqcpp",
"parent":"",
"text":"",
"mid":"zvtGEkh2R",
"date":"2013-05-06 18:15:37"
},
{
"kids":[],
"uid":"2413064215",
"parent":"",
"text":"这点钱给红会发工资都不够-.-哪能到了灾区",
"mid":"zvtBF0hqu",
"date":"2013-05-06 18:03:21"
},
{
"kids":[],
"uid":"2274899884",
"parent":"",
"text":"",
"mid":"zvtBvsUe0",
"date":"2013-05-06 18:02:57"
},
{
"kids":[],
"uid":"2009499442",
"parent":"",
"text":"",
"mid":"zvtB64dte",
"date":"2013-05-06 18:01:57"
},
{
"kids":[
"zvucTD0C0"
],
"uid":"qqqcpp",
"parent":"",
"text":"",
"mid":"zvtyRtTi6",
"date":"2013-05-06 17:56:26"
},
{
"kids":[],
"uid":"2274879770",
"parent":"",
"text":"",
"mid":"zvtxj94P7",
"date":"2013-05-06 17:52:36"
},
{
"kids":[],
"uid":"207899516",
"parent":"zvtuJjnTe",
"text":"",
"mid":"zvtvTFxSM",
"date":"2013-05-06 17:49:11"
},
{
"kids":[
"zvuFO63dA"
],
"uid":"2445960012",
"parent":"zvt7I60YJ",
"text":"",
"mid":"zvtvHyCFF",
"date":"2013-05-06 17:48:41"
},
{
"kids":[],
"uid":"naowang",
"parent":"",
"text":"",
"mid":"zvtvrDBq4",
"date":"2013-05-06 17:48:02"
},
{
"kids":[
"zvtvTFxSM"
],
"uid":"cq885",
"parent":"",
"text":"",
"mid":"zvtuJjnTe",
"date":"2013-05-06 17:46:16"
},
{
"kids":[
"zvu43dJ16"
],
"uid":"nannvhappy",
"parent":"",
"text":"",
"mid":"zvtuoktr6",
"date":"2013-05-06 17:45:26"
},
{
"kids":[],
"uid":"2274010472",
"parent":"",
"text":"",
"mid":"zvttA6jdm",
"date":"2013-05-06 17:43:26"
},
{
"kids":[],
"uid":"2176581522",
"parent":"",
"text":"",
"mid":"zvtsea0gB",
"date":"2013-05-06 17:40:06"
},
{
"kids":[
"zvueO8nbo"
],
"uid":"2527679361",
"parent":"zvt7I60YJ",
"text":"除基础设施建设的话应该还是有余的，如果不够呐两种情况，一种企业虚报捐款数额，另一种，呵呵",
"mid":"zvtrpkbOa",
"date":"2013-05-06 17:38:07"
},
{
"kids":[],
"uid":"2273931564",
"parent":"",
"text":"",
"mid":"zvtoaoPiK",
"date":"2013-05-06 17:30:05"
},
{
"kids":[],
"uid":"xshy123",
"parent":"zvrSw0hEN",
"text":"是啊[抓狂]",
"mid":"zvtmYhZkn",
"date":"2013-05-06 17:27:08"
},
{
"kids":[],
"uid":"2242815024",
"parent":"",
"text":"傻逼!数学怎么学的",
"mid":"zvtmxlUP0",
"date":"2013-05-06 17:26:06"
},
{
"kids":[],
"uid":"2009516810",
"parent":"",
"text":"",
"mid":"zvtkvtuO4",
"date":"2013-05-06 17:21:05"
},
{
"kids":[],
"uid":"2013671892",
"parent":"",
"text":"",
"mid":"zvtkj37BF",
"date":"2013-05-06 17:20:35"
},
{
"kids":[],
"uid":"2274829102",
"parent":"",
"text":"",
"mid":"zvtjdFdRB",
"date":"2013-05-06 17:17:55"
},
{
"kids":[],
"uid":"2141204591",
"parent":"",
"text":"",
"mid":"zvthNBmKW",
"date":"2013-05-06 17:14:25"
},
{
"kids":[],
"uid":"1837827390",
"parent":"",
"text":"照这样说的话，还有那么多企业，政府，明星……损的钱。平均下来每人不就分到几个亿！[花心][花心][花心]求惠州狠狠滴摇一摇吧!！！",
"mid":"zvt9Z4P8U",
"date":"2013-05-06 16:55:09"
},
{
"kids":[
"zvtvHyCFF",
"zvtrpkbOa"
],
"uid":"2601462383",
"parent":"",
"text":"fuck",
"mid":"zvt7I60YJ",
"date":"2013-05-06 16:49:33"
},
{
"kids":[],
"uid":"1888238835",
"parent":"",
"text":"",
"mid":"zvsWYAPAa",
"date":"2013-05-06 16:23:06"
},
{
"kids":[],
"uid":"1888516683",
"parent":"zvrzK2hIE",
"text":"体育老师教的数学吧…哈哈[思考]",
"mid":"zvsWj08cz",
"date":"2013-05-06 16:21:26"
},
{
"kids":[],
"uid":"2027194695",
"parent":"",
"text":"數學沒學好，但是追求真理是對的！",
"mid":"zvsVBfwa9",
"date":"2013-05-06 16:19:44"
},
{
"kids":[],
"uid":"1762727903",
"parent":"",
"text":"",
"mid":"zvsPUaeGC",
"date":"2013-05-06 16:05:42"
},
{
"kids":[],
"uid":"sxueying",
"parent":"zvraPcEwt",
"text":"[怒骂][怒骂][怒骂][怒骂]",
"mid":"zvsONyHKo",
"date":"2013-05-06 16:02:56"
},
{
"kids":[],
"uid":"1866367043",
"parent":"zvrN3Dhjx",
"text":"所以千万不要捐钱[怒]",
"mid":"zvsNZlwpq",
"date":"2013-05-06 16:00:56"
},
{
"kids":[],
"uid":"1970853103",
"parent":"zvrXOhUPe",
"text":"还有台湾的3亿",
"mid":"zvsKhpY2U",
"date":"2013-05-06 15:51:51"
},
{
"kids":[],
"uid":"3040680437",
"parent":"zvrc7zFKA",
"text":"",
"mid":"zvsuHu6ph",
"date":"2013-05-06 15:13:28"
},
{
"kids":[],
"uid":"1950868744",
"parent":"zvrhrFe8R",
"text":"这就是国情",
"mid":"zvssBtGk7",
"date":"2013-05-06 15:08:18"
},
{
"kids":[],
"uid":"1898305197",
"parent":"zvrXxpVSE",
"text":"",
"mid":"zvsqIqRu6",
"date":"2013-05-06 15:03:38"
},
{
"kids":[],
"uid":"2384838494",
"parent":"",
"text":"？？",
"mid":"zvskvqxs5",
"date":"2013-05-06 14:48:20"
},
{
"kids":[],
"uid":"2515119650",
"parent":"",
"text":"不解释",
"mid":"zvscOvKI7",
"date":"2013-05-06 14:29:24"
},
{
"kids":[],
"uid":"2274872150",
"parent":"",
"text":"",
"mid":"zvs9T4lpo",
"date":"2013-05-06 14:22:10"
},
{
"kids":[],
"uid":"2009529342",
"parent":"",
"text":"",
"mid":"zvs9MgrO9",
"date":"2013-05-06 14:21:54"
},
{
"kids":[],
"uid":"523419545",
"parent":"",
"text":"",
"mid":"zvs9n8aIY",
"date":"2013-05-06 14:20:54"
},
{
"kids":[],
"uid":"2152079274",
"parent":"",
"text":"",
"mid":"zvs9dmX22",
"date":"2013-05-06 14:20:31"
},
{
"kids":[],
"uid":"523419545",
"parent":"",
"text":"",
"mid":"zvs8V50tQ",
"date":"2013-05-06 14:19:47"
},
{
"kids":[],
"uid":"2274779042",
"parent":"",
"text":"",
"mid":"zvs8GzR5z",
"date":"2013-05-06 14:19:13"
},
{
"kids":[],
"uid":"2151925832",
"parent":"",
"text":"",
"mid":"zvs8DkVyr",
"date":"2013-05-06 14:19:05"
},
{
"kids":[],
"uid":"2151925832",
"parent":"",
"text":"",
"mid":"zvs7Ovb08",
"date":"2013-05-06 14:17:04"
},
{
"kids":[],
"uid":"2009510542",
"parent":"",
"text":"",
"mid":"zvs7sEgVI",
"date":"2013-05-06 14:16:12"
},
{
"kids":[],
"uid":"1934155260",
"parent":"zvrReusTY",
"text":"傻逼，数学都没学好学人粪青，那个坑爹老师教你的",
"mid":"zvs7crnXM",
"date":"2013-05-06 14:15:34"
},
{
"kids":[],
"uid":"2274839590",
"parent":"",
"text":"",
"mid":"zvs6UFeIz",
"date":"2013-05-06 14:14:51"
},
{
"kids":[],
"uid":"2005484693",
"parent":"zvrZBqvrm",
"text":"钱能吃能穿能用？灾区重建用的沙石木材钢铁是大风刮来的？抢救伤员用的药品医疗器械是你捡来的？要真这么说给每人发一百万麻袋装的现金钞票，然后所有人员全部撤走您看是否满意？",
"mid":"zvs6rrQmP",
"date":"2013-05-06 14:13:41"
},
{
"kids":[],
"uid":"2274865782",
"parent":"",
"text":"",
"mid":"zvs6hlX5k",
"date":"2013-05-06 14:13:17"
},
{
"kids":[],
"uid":"2817044573",
"parent":"",
"text":"@明星说 把帐算错了吧。",
"mid":"zvs5M3RD7",
"date":"2013-05-06 14:12:03"
},
{
"kids":[],
"uid":"2009510542",
"parent":"",
"text":"",
"mid":"zvs5Hk3az",
"date":"2013-05-06 14:11:51"
},
{
"kids":[],
"uid":"2807193761",
"parent":"zvs53qlUJ",
"text":"",
"mid":"zvs5BqYHx",
"date":"2013-05-06 14:11:37"
},
{
"kids":[],
"uid":"1659653354",
"parent":"zvrJj6cgG",
"text":"",
"mid":"zvs5r4Yg3",
"date":"2013-05-06 14:11:13"
},
{
"kids":[],
"uid":"2009510542",
"parent":"",
"text":"",
"mid":"zvs5mCL2R",
"date":"2013-05-06 14:11:02"
},
{
"kids":[],
"uid":"3195061872",
"parent":"",
"text":"上面那个数字算错了，人均分不了那么多，吴法天抓住这个错在大做文章呢！",
"mid":"zvs5fw1tF",
"date":"2013-05-06 14:10:46"
},
{
"kids":[
"zvs5BqYHx"
],
"uid":"2274779042",
"parent":"",
"text":"",
"mid":"zvs53qlUJ",
"date":"2013-05-06 14:10:16"
},
{
"kids":[],
"uid":"1944093452",
"parent":"",
"text":"",
"mid":"zvs514Fon",
"date":"2013-05-06 14:10:10"
},
{
"kids":[],
"uid":"2274839590",
"parent":"",
"text":"",
"mid":"zvs4Va0Ni",
"date":"2013-05-06 14:09:56"
},
{
"kids":[],
"uid":"1845700170",
"parent":"",
"text":"真想剁了这些人来祭奠我的同学！！！[怒]",
"mid":"zvs4KvxTX",
"date":"2013-05-06 14:09:30"
},
{
"kids":[],
"uid":"2274779042",
"parent":"",
"text":"",
"mid":"zvs3CusVP",
"date":"2013-05-06 14:06:44"
},
{
"kids":[],
"uid":"2158944832",
"parent":"zvrQK4bKM",
"text":"拿去买车了！",
"mid":"zvs3hfnqk",
"date":"2013-05-06 14:05:53"
},
{
"kids":[],
"uid":"2273951224",
"parent":"",
"text":"",
"mid":"zvs3g1SRu",
"date":"2013-05-06 14:05:50"
},
{
"kids":[],
"uid":"2274872150",
"parent":"",
"text":"",
"mid":"zvs37sKy9",
"date":"2013-05-06 14:05:30"
},
{
"kids":[],
"uid":"2274836512",
"parent":"",
"text":"",
"mid":"zvs33jkKo",
"date":"2013-05-06 14:05:20"
},
{
"kids":[],
"uid":"2150506390",
"parent":"",
"text":"",
"mid":"zvs2QAMz6",
"date":"2013-05-06 14:04:50"
},
{
"kids":[],
"uid":"2274865782",
"parent":"",
"text":"",
"mid":"zvs2NlR4f",
"date":"2013-05-06 14:04:41"
},
{
"kids":[],
"uid":"2013654932",
"parent":"",
"text":"",
"mid":"zvs2yAt0C",
"date":"2013-05-06 14:04:07"
},
{
"kids":[],
"uid":"2274839590",
"parent":"",
"text":"",
"mid":"zvs1CFdfB",
"date":"2013-05-06 14:01:48"
},
{
"kids":[],
"uid":"2623486190",
"parent":"zvrjajk7w",
"text":"",
"mid":"zvs1bbdvT",
"date":"2013-05-06 14:00:44"
},
{
"kids":[],
"uid":"2160267022",
"parent":"zvrYoCDEr",
"text":"钱呢??????今天我还捐了200大元",
"mid":"zvs15zpMn",
"date":"2013-05-06 14:00:29"
},
{
"kids":[
"zzG1U2hMX",
"zzyf5vuTL",
"zzy1Kqnt1",
"zyNIOcqRj",
"zyMvyF6je",
"zyEl8z5o7",
"zwNLSkQtp",
"zwDrKdZRg",
"zwDrKdEAP",
"zvQ7vcaPC",
"zvKz9i5jM",
"zvKz9gJ5Q"
],
"uid":"2674273463",
"parent":"",
"text":"怎么会是每个人105万  弄错了吧",
"mid":"zvs0WsnqV",
"date":"2013-05-06 14:00:08"
},
{
"kids":[],
"uid":"2657634951",
"parent":"zvrQK4bKM",
"text":"",
"mid":"zvs0sjFhN",
"date":"2013-05-06 13:58:56"
},
{
"kids":[],
"uid":"2151973970",
"parent":"",
"text":"",
"mid":"zvs0rmRG5",
"date":"2013-05-06 13:58:53"
},
{
"kids":[],
"uid":"2009509142",
"parent":"",
"text":"",
"mid":"zvs0h3Hat",
"date":"2013-05-06 13:58:29"
},
{
"kids":[],
"uid":"2151870070",
"parent":"",
"text":"",
"mid":"zvrZZjJvv",
"date":"2013-05-06 13:57:47"
},
{
"kids":[],
"uid":"2274919372",
"parent":"",
"text":"",
"mid":"zvrZR3eVf",
"date":"2013-05-06 13:57:27"
},
{
"kids":[],
"uid":"2072188597",
"parent":"zvrUtt361",
"text":"[汗]",
"mid":"zvrZLbNW9",
"date":"2013-05-06 13:57:14"
},
{
"kids":[],
"uid":"2274883200",
"parent":"",
"text":"",
"mid":"zvrZHzLRv",
"date":"2013-05-06 13:57:05"
},
{
"kids":[
"zvs6rrQmP"
],
"uid":"1845700170",
"parent":"zvrXOhUPe",
"text":"是啊！当年也是，全世界都在捐钱，最后不晓得钱去了哪里！有的人因为震了一次，全家发达，有的人就是真正的家破人亡！！！",
"mid":"zvrZBqvrm",
"date":"2013-05-06 13:56:51"
},
{
"kids":[],
"uid":"1404117193",
"parent":"zvrE7jvvw",
"text":"钱长了翅膀飞了!",
"mid":"zvrZtrHMP",
"date":"2013-05-06 13:56:32"
},
{
"kids":[],
"uid":"2150506390",
"parent":"",
"text":"",
"mid":"zvrZsvntI",
"date":"2013-05-06 13:56:29"
},
{
"kids":[],
"uid":"2273980242",
"parent":"",
"text":"",
"mid":"zvrZicd7c",
"date":"2013-05-06 13:56:04"
},
{
"kids":[],
"uid":"2151870070",
"parent":"",
"text":"",
"mid":"zvrZ7g951",
"date":"2013-05-06 13:55:38"
},
{
"kids":[],
"uid":"1994457455",
"parent":"",
"text":"哈哈哈，硬伤啊...心情我可以理解，不过确实算错了，多加4个0可不好哦~~",
"mid":"zvrZ3ojHk",
"date":"2013-05-06 13:55:30"
},
{
"kids":[],
"uid":"2072881671",
"parent":"zvrUtt361",
"text":"[汗]",
"mid":"zvrYIpqy6",
"date":"2013-05-06 13:54:40"
},
{
"kids":[],
"uid":"2009519974",
"parent":"",
"text":"",
"mid":"zvrYI95pB",
"date":"2013-05-06 13:54:38"
},
{
"kids":[],
"uid":"2274883200",
"parent":"",
"text":"",
"mid":"zvrYy6gjz",
"date":"2013-05-06 13:54:14"
},
{
"kids":[
"zvs15zpMn"
],
"uid":"2274876632",
"parent":"",
"text":"",
"mid":"zvrYoCDEr",
"date":"2013-05-06 13:53:52"
},
{
"kids":[],
"uid":"2274839590",
"parent":"",
"text":"",
"mid":"zvrY1yp8U",
"date":"2013-05-06 13:52:57"
},
{
"kids":[
"zvsKhpY2U",
"zvrZBqvrm"
],
"uid":"1715867415",
"parent":"",
"text":"",
"mid":"zvrXOhUPe",
"date":"2013-05-06 13:52:24"
},
{
"kids":[],
"uid":"523419545",
"parent":"",
"text":"",
"mid":"zvrXF74uF",
"date":"2013-05-06 13:52:03"
},
{
"kids":[],
"uid":"2274776082",
"parent":"",
"text":"",
"mid":"zvrXCsBLL",
"date":"2013-05-06 13:51:57"
},
{
"kids":[
"zvsqIqRu6"
],
"uid":"2274870660",
"parent":"",
"text":"",
"mid":"zvrXxpVSE",
"date":"2013-05-06 13:51:45"
},
{
"kids":[],
"uid":"2009510542",
"parent":"",
"text":"",
"mid":"zvrXhtIFZ",
"date":"2013-05-06 13:51:06"
},
{
"kids":[],
"uid":"2153643790",
"parent":"",
"text":"",
"mid":"zvrXg1hbz",
"date":"2013-05-06 13:51:03"
},
{
"kids":[],
"uid":"1657939621",
"parent":"",
"text":"靠，小学没毕业吧你",
"mid":"zvrWTAi7K",
"date":"2013-05-06 13:50:10"
},
{
"kids":[],
"uid":"2274883200",
"parent":"",
"text":"",
"mid":"zvrWI2eKy",
"date":"2013-05-06 13:49:42"
},
{
"kids":[],
"uid":"2013619040",
"parent":"",
"text":"",
"mid":"zvrWDA1Jd",
"date":"2013-05-06 13:49:32"
},
{
"kids":[],
"uid":"2152079274",
"parent":"",
"text":"",
"mid":"zvrWyyCcG",
"date":"2013-05-06 13:49:20"
},
{
"kids":[],
"uid":"2013624104",
"parent":"",
"text":"",
"mid":"zvrWlgRAb",
"date":"2013-05-06 13:48:48"
},
{
"kids":[],
"uid":"2274919372",
"parent":"",
"text":"",
"mid":"zvrWh7qkC",
"date":"2013-05-06 13:48:38"
},
{
"kids":[],
"uid":"2273951224",
"parent":"",
"text":"",
"mid":"zvrWerHhX",
"date":"2013-05-06 13:48:32"
},
{
"kids":[],
"uid":"2151973970",
"parent":"",
"text":"",
"mid":"zvrVP32hw",
"date":"2013-05-06 13:47:31"
},
{
"kids":[],
"uid":"2274919372",
"parent":"",
"text":"",
"mid":"zvrVsiLaD",
"date":"2013-05-06 13:46:37"
},
{
"kids":[],
"uid":"2274876632",
"parent":"",
"text":"",
"mid":"zvrVk2ANB",
"date":"2013-05-06 13:46:17"
},
{
"kids":[
"zvrZLbNW9",
"zvrYIpqy6"
],
"uid":"335669898",
"parent":"",
"text":"钱呢？",
"mid":"zvrUtt361",
"date":"2013-05-06 13:44:13"
},
{
"kids":[],
"uid":"2274779042",
"parent":"",
"text":"",
"mid":"zvrUm34lz",
"date":"2013-05-06 13:43:54"
},
{
"kids":[],
"uid":"1095978201",
"parent":"zvrKi0d2f",
"text":"不管老师的事，这人就没学过数学。",
"mid":"zvrTTqJnb",
"date":"2013-05-06 13:42:47"
},
{
"kids":[],
"uid":"2274776082",
"parent":"",
"text":"",
"mid":"zvrTTn2mp",
"date":"2013-05-06 13:42:46"
},
{
"kids":[],
"uid":"2274835190",
"parent":"",
"text":"",
"mid":"zvrTuyQHW",
"date":"2013-05-06 13:41:47"
},
{
"kids":[],
"uid":"2407933013",
"parent":"",
"text":"這就是很多人不敢亂捐錢的原因，錢都捐到那些貪官口袋了！其實把官員們一個月的交際應酬費捐出來，已經夠重建一整個城鎮了吧!",
"mid":"zvrT4iWEO",
"date":"2013-05-06 13:40:44"
},
{
"kids":[],
"uid":"2274876632",
"parent":"",
"text":"",
"mid":"zvrT0p58q",
"date":"2013-05-06 13:40:35"
},
{
"kids":[],
"uid":"2274015250",
"parent":"",
"text":"",
"mid":"zvrSCsR2P",
"date":"2013-05-06 13:39:39"
},
{
"kids":[
"zvvSVjUlp",
"zvtmYhZkn"
],
"uid":"1870337394",
"parent":"zvrPGbssS",
"text":"@紫翼树 @赤足志愿服务小组",
"mid":"zvrSw0hEN",
"date":"2013-05-06 13:39:23"
},
{
"kids":[],
"uid":"2009510542",
"parent":"",
"text":"",
"mid":"zvrSgC06x",
"date":"2013-05-06 13:38:46"
},
{
"kids":[],
"uid":"2013619040",
"parent":"",
"text":"",
"mid":"zvrSg1vMW",
"date":"2013-05-06 13:38:44"
},
{
"kids":[],
"uid":"2151973970",
"parent":"",
"text":"",
"mid":"zvrS3BQzX",
"date":"2013-05-06 13:38:15"
},
{
"kids":[],
"uid":"2151870070",
"parent":"",
"text":"",
"mid":"zvrRYAqS2",
"date":"2013-05-06 13:38:03"
},
{
"kids":[],
"uid":"j0son",
"parent":"zvrztbxRS",
"text":"运输成本人力成本....XXX成本...然后就没啦！~",
"mid":"zvrRMaD5K",
"date":"2013-05-06 13:37:33"
},
{
"kids":[],
"uid":"2153643790",
"parent":"",
"text":"",
"mid":"zvrREtulO",
"date":"2013-05-06 13:37:15"
},
{
"kids":[],
"uid":"2274919372",
"parent":"",
"text":"",
"mid":"zvrRi3feu",
"date":"2013-05-06 13:36:21"
},
{
"kids":[
"zvs7crnXM"
],
"uid":"2274870660",
"parent":"",
"text":"",
"mid":"zvrReusTY",
"date":"2013-05-06 13:36:13"
},
{
"kids":[],
"uid":"2274835190",
"parent":"",
"text":"",
"mid":"zvrR4a2mj",
"date":"2013-05-06 13:35:48"
},
{
"kids":[],
"uid":"2151973970",
"parent":"",
"text":"",
"mid":"zvrQPENUT",
"date":"2013-05-06 13:35:14"
},
{
"kids":[
"zvs3hfnqk",
"zvs0sjFhN"
],
"uid":"2013654932",
"parent":"",
"text":"",
"mid":"zvrQK4bKM",
"date":"2013-05-06 13:35:00"
},
{
"kids":[],
"uid":"2274835190",
"parent":"",
"text":"",
"mid":"zvrQAAyVN",
"date":"2013-05-06 13:34:38"
},
{
"kids":[],
"uid":"2274878900",
"parent":"",
"text":"",
"mid":"zvrQqz1NP",
"date":"2013-05-06 13:34:14"
},
{
"kids":[],
"uid":"xiaoxiaoping520",
"parent":"zvrPGbssS",
"text":"犀利！是啊，我也想问钱呢？",
"mid":"zvrQjtwLC",
"date":"2013-05-06 13:33:59"
},
{
"kids":[],
"uid":"2151870070",
"parent":"",
"text":"",
"mid":"zvrQgwcmp",
"date":"2013-05-06 13:33:50"
},
{
"kids":[],
"uid":"2009514642",
"parent":"",
"text":"",
"mid":"zvrQaBxEG",
"date":"2013-05-06 13:33:36"
},
{
"kids":[],
"uid":"2635719690",
"parent":"zvr9JexDw",
"text":"都话中国政府腐败啦！",
"mid":"zvrPTda4V",
"date":"2013-05-06 13:32:54"
},
{
"kids":[
"zvrSw0hEN",
"zvrQjtwLC"
],
"uid":"2152028912",
"parent":"",
"text":"",
"mid":"zvrPGbssS",
"date":"2013-05-06 13:32:23"
},
{
"kids":[],
"uid":"2013662772",
"parent":"",
"text":"",
"mid":"zvrPenmBh",
"date":"2013-05-06 13:31:17"
},
{
"kids":[],
"uid":"2274883200",
"parent":"",
"text":"",
"mid":"zvrP2090V",
"date":"2013-05-06 13:30:47"
},
{
"kids":[],
"uid":"2155095400",
"parent":"",
"text":"",
"mid":"zvrOAuWLt",
"date":"2013-05-06 13:29:42"
},
{
"kids":[],
"uid":"2150506390",
"parent":"",
"text":"",
"mid":"zvrOuAi18",
"date":"2013-05-06 13:29:28"
},
{
"kids":[],
"uid":"2274015250",
"parent":"",
"text":"",
"mid":"zvrOad1WZ",
"date":"2013-05-06 13:28:39"
},
{
"kids":[],
"uid":"2151973970",
"parent":"",
"text":"",
"mid":"zvrNLDRe1",
"date":"2013-05-06 13:27:41"
},
{
"kids":[],
"uid":"2393822430",
"parent":"zvrCKd1Mz",
"text":"",
"mid":"zvrNEzstv",
"date":"2013-05-06 13:27:26"
},
{
"kids":[],
"uid":"2009529342",
"parent":"",
"text":"",
"mid":"zvrNzgE2a",
"date":"2013-05-06 13:27:11"
},
{
"kids":[],
"uid":"2013617652",
"parent":"",
"text":"",
"mid":"zvrNj1mc7",
"date":"2013-05-06 13:26:32"
},
{
"kids":[
"zvsNZlwpq"
],
"uid":"1843683162",
"parent":"",
"text":"",
"mid":"zvrN3Dhjx",
"date":"2013-05-06 13:25:57"
},
{
"kids":[],
"uid":"2152015210",
"parent":"",
"text":"",
"mid":"zvrMI4Y5d",
"date":"2013-05-06 13:25:04"
},
{
"kids":[],
"uid":"2274865782",
"parent":"",
"text":"",
"mid":"zvrMFqy8J",
"date":"2013-05-06 13:24:58"
},
{
"kids":[],
"uid":"2274836512",
"parent":"",
"text":"",
"mid":"zvrMEvZUb",
"date":"2013-05-06 13:24:56"
},
{
"kids":[],
"uid":"2274839590",
"parent":"",
"text":"",
"mid":"zvrMvmpto",
"date":"2013-05-06 13:24:34"
},
{
"kids":[],
"uid":"2151969214",
"parent":"",
"text":"",
"mid":"zvrLTguE3",
"date":"2013-05-06 13:23:03"
},
{
"kids":[],
"uid":"2273951224",
"parent":"",
"text":"",
"mid":"zvrLteRrP",
"date":"2013-05-06 13:22:01"
},
{
"kids":[],
"uid":"2632928873",
"parent":"zvrJj6cgG",
"text":"",
"mid":"zvrL2CU82",
"date":"2013-05-06 13:20:59"
},
{
"kids":[],
"uid":"2273951224",
"parent":"",
"text":"",
"mid":"zvrKX2hRV",
"date":"2013-05-06 13:20:44"
},
{
"kids":[],
"uid":"2009519974",
"parent":"",
"text":"",
"mid":"zvrKKjJil",
"date":"2013-05-06 13:20:14"
},
{
"kids":[],
"uid":"2569414260",
"parent":"zvrc7zFKA",
"text":"105万？小学数学老师哭死了'''[汗]",
"mid":"zvrKqgDqZ",
"date":"2013-05-06 13:19:27"
},
{
"kids":[],
"uid":"2009519974",
"parent":"",
"text":"",
"mid":"zvrKkjpAn",
"date":"2013-05-06 13:19:12"
},
{
"kids":[
"zvrTTqJnb"
],
"uid":"cry55",
"parent":"",
"text":"这小编数学老师死的早啊？ 何来人均 105万？ 不足余额你补啊？？[怒][浮云]",
"mid":"zvrKi0d2f",
"date":"2013-05-06 13:19:06"
},
{
"kids":[],
"uid":"2013619040",
"parent":"",
"text":"",
"mid":"zvrKhDGqo",
"date":"2013-05-06 13:19:06"
},
{
"kids":[],
"uid":"2013617652",
"parent":"",
"text":"",
"mid":"zvrK9EWmb",
"date":"2013-05-06 13:18:48"
},
{
"kids":[],
"uid":"2151973970",
"parent":"",
"text":"",
"mid":"zvrJE56td",
"date":"2013-05-06 13:17:31"
},
{
"kids":[
"zvs5r4Yg3",
"zvrL2CU82"
],
"uid":"2009510642",
"parent":"",
"text":"",
"mid":"zvrJj6cgG",
"date":"2013-05-06 13:16:41"
},
{
"kids":[],
"uid":"2013619040",
"parent":"",
"text":"",
"mid":"zvrIR1MKX",
"date":"2013-05-06 13:15:34"
},
{
"kids":[],
"uid":"2151969214",
"parent":"",
"text":"",
"mid":"zvrICwJEO",
"date":"2013-05-06 13:15:00"
},
{
"kids":[],
"uid":"2009509142",
"parent":"",
"text":"",
"mid":"zvrIAcnzP",
"date":"2013-05-06 13:14:54"
},
{
"kids":[],
"uid":"2274015632",
"parent":"",
"text":"",
"mid":"zvrIq9y2L",
"date":"2013-05-06 13:14:30"
},
{
"kids":[],
"uid":"2558197891",
"parent":"",
"text":"楼主高端黑……",
"mid":"zvrIjlEgK",
"date":"2013-05-06 13:14:15"
},
{
"kids":[],
"uid":"2013617652",
"parent":"",
"text":"",
"mid":"zvrIir4zr",
"date":"2013-05-06 13:14:12"
},
{
"kids":[],
"uid":"1878492253",
"parent":"",
"text":"",
"mid":"zvrI5sfjs",
"date":"2013-05-06 13:13:42"
},
{
"kids":[],
"uid":"2013657652",
"parent":"",
"text":"",
"mid":"zvrI3mPaw",
"date":"2013-05-06 13:13:36"
},
{
"kids":[],
"uid":"2150506390",
"parent":"",
"text":"",
"mid":"zvrHtCBJp",
"date":"2013-05-06 13:12:11"
},
{
"kids":[],
"uid":"2273951224",
"parent":"",
"text":"",
"mid":"zvrHrfA5q",
"date":"2013-05-06 13:12:05"
},
{
"kids":[],
"uid":"2274919372",
"parent":"",
"text":"",
"mid":"zvrH9wWtF",
"date":"2013-05-06 13:11:23"
},
{
"kids":[],
"uid":"2013619040",
"parent":"",
"text":"",
"mid":"zvrGZu6OC",
"date":"2013-05-06 13:10:59"
},
{
"kids":[],
"uid":"2009510542",
"parent":"",
"text":"",
"mid":"zvrGF5v8c",
"date":"2013-05-06 13:10:10"
},
{
"kids":[],
"uid":"2274776082",
"parent":"",
"text":"",
"mid":"zvrGD2KLE",
"date":"2013-05-06 13:10:05"
},
{
"kids":[],
"uid":"2274015250",
"parent":"",
"text":"",
"mid":"zvrGxom13",
"date":"2013-05-06 13:09:52"
},
{
"kids":[
"zvvypeBAW"
],
"uid":"270629075",
"parent":"",
"text":"",
"mid":"zvrGvBRNw",
"date":"2013-05-06 13:09:49"
},
{
"kids":[],
"uid":"1965591857",
"parent":"zvrCLFtkS",
"text":"帐算错啦 该是105元",
"mid":"zvrGnD7w9",
"date":"2013-05-06 13:09:29"
},
{
"kids":[],
"uid":"2013662772",
"parent":"",
"text":"",
"mid":"zvrG8iBTB",
"date":"2013-05-06 13:08:52"
},
{
"kids":[],
"uid":"2273980242",
"parent":"",
"text":"",
"mid":"zvrFTe78I",
"date":"2013-05-06 13:08:16"
},
{
"kids":[],
"uid":"2274776082",
"parent":"",
"text":"",
"mid":"zvrFGvNvA",
"date":"2013-05-06 13:07:46"
},
{
"kids":[],
"uid":"2009509142",
"parent":"",
"text":"",
"mid":"zvrFCFe5U",
"date":"2013-05-06 13:07:38"
},
{
"kids":[],
"uid":"2009519974",
"parent":"",
"text":"",
"mid":"zvrFu8nt1",
"date":"2013-05-06 13:07:16"
},
{
"kids":[],
"uid":"2274882014",
"parent":"",
"text":"",
"mid":"zvrES18tI",
"date":"2013-05-06 13:05:45"
},
{
"kids":[],
"uid":"2013657652",
"parent":"",
"text":"",
"mid":"zvrEOqOwW",
"date":"2013-05-06 13:05:37"
},
{
"kids":[],
"uid":"2151973970",
"parent":"",
"text":"",
"mid":"zvrEFizLI",
"date":"2013-05-06 13:05:15"
},
{
"kids":[],
"uid":"2274878900",
"parent":"",
"text":"",
"mid":"zvrEs0Org",
"date":"2013-05-06 13:04:43"
},
{
"kids":[],
"uid":"2274836512",
"parent":"",
"text":"",
"mid":"zvrEqekiB",
"date":"2013-05-06 13:04:39"
},
{
"kids":[
"zvrZtrHMP"
],
"uid":"1944093452",
"parent":"",
"text":"",
"mid":"zvrE7jvvw",
"date":"2013-05-06 13:03:54"
},
{
"kids":[],
"uid":"2152005232",
"parent":"",
"text":"",
"mid":"zvrE68Fax",
"date":"2013-05-06 13:03:51"
},
{
"kids":[],
"uid":"1977806922",
"parent":"zvrCLFtkS",
"text":"?",
"mid":"zvrE43dR4",
"date":"2013-05-06 13:03:45"
},
{
"kids":[],
"uid":"1903780123",
"parent":"zvr5KvPOd",
"text":"",
"mid":"zvrDLq03Y",
"date":"2013-05-06 13:03:03"
},
{
"kids":[],
"uid":"2274779042",
"parent":"",
"text":"",
"mid":"zvrDm1jyj",
"date":"2013-05-06 13:02:01"
},
{
"kids":[],
"uid":"2013665332",
"parent":"",
"text":"",
"mid":"zvrDjDbz9",
"date":"2013-05-06 13:01:56"
},
{
"kids":[],
"uid":"2273980242",
"parent":"",
"text":"",
"mid":"zvrD65bhm",
"date":"2013-05-06 13:01:23"
},
{
"kids":[],
"uid":"2274835190",
"parent":"",
"text":"",
"mid":"zvrCOlctn",
"date":"2013-05-06 13:00:41"
},
{
"kids":[
"zvrGnD7w9",
"zvrE43dR4"
],
"uid":"2159711255",
"parent":"zvrCmgMMp",
"text":"",
"mid":"zvrCLFtkS",
"date":"2013-05-06 13:00:37"
},
{
"kids":[
"zvrNEzstv"
],
"uid":"2301873927",
"parent":"zvrzdht4A",
"text":"",
"mid":"zvrCKd1Mz",
"date":"2013-05-06 13:00:31"
},
{
"kids":[],
"uid":"2273971800",
"parent":"",
"text":"",
"mid":"zvrCKcLsK",
"date":"2013-05-06 13:00:31"
},
{
"kids":[],
"uid":"2274776082",
"parent":"",
"text":"",
"mid":"zvrCHx2eg",
"date":"2013-05-06 13:00:25"
},
{
"kids":[],
"uid":"2009510542",
"parent":"",
"text":"",
"mid":"zvrCGE3pB",
"date":"2013-05-06 13:00:23"
},
{
"kids":[],
"uid":"2012977004",
"parent":"zvrwBBw4o",
"text":"[哈哈]语文老师也教不出这样的数学",
"mid":"zvrCG4QUZ",
"date":"2013-05-06 13:00:22"
},
{
"kids":[],
"uid":"1771084433",
"parent":"zvrnaxx1G",
"text":"希望更多人可以看到",
"mid":"zvrCnub1k",
"date":"2013-05-06 12:59:36"
},
{
"kids":[
"zvrCLFtkS"
],
"uid":"2274870660",
"parent":"",
"text":"",
"mid":"zvrCmgMMp",
"date":"2013-05-06 12:59:34"
},
{
"kids":[],
"uid":"2563264375",
"parent":"",
"text":"钱呢",
"mid":"zvrC6jicT",
"date":"2013-05-06 12:58:57"
},
{
"kids":[],
"uid":"2274919372",
"parent":"",
"text":"",
"mid":"zvrC5q3cV",
"date":"2013-05-06 12:58:54"
},
{
"kids":[],
"uid":"2152079274",
"parent":"",
"text":"",
"mid":"zvrBgjK4o",
"date":"2013-05-06 12:56:52"
},
{
"kids":[],
"uid":"2153680830",
"parent":"",
"text":"",
"mid":"zvrB1vIGG",
"date":"2013-05-06 12:56:17"
},
{
"kids":[],
"uid":"2273980242",
"parent":"",
"text":"",
"mid":"zvrAXoUR3",
"date":"2013-05-06 12:56:07"
},
{
"kids":[],
"uid":"2151870070",
"parent":"",
"text":"",
"mid":"zvrArsypr",
"date":"2013-05-06 12:54:51"
},
{
"kids":[],
"uid":"1742513722",
"parent":"zvrzdht4A",
"text":"",
"mid":"zvrAqhI5Z",
"date":"2013-05-06 12:54:47"
},
{
"kids":[],
"uid":"2374001397",
"parent":"zvrrRzZ4y",
"text":"",
"mid":"zvrAn5nO7",
"date":"2013-05-06 12:54:41"
},
{
"kids":[],
"uid":"2002890431",
"parent":"zvrzdht4A",
"text":"天国",
"mid":"zvrAa6vLL",
"date":"2013-05-06 12:54:10"
},
{
"kids":[],
"uid":"2274876632",
"parent":"",
"text":"",
"mid":"zvrzTdfOi",
"date":"2013-05-06 12:53:29"
},
{
"kids":[],
"uid":"2274882014",
"parent":"",
"text":"",
"mid":"zvrzLevxm",
"date":"2013-05-06 12:53:10"
},
{
"kids":[
"zvsWj08cz"
],
"uid":"1705894223",
"parent":"zvrxsvpF5",
"text":"",
"mid":"zvrzK2hIE",
"date":"2013-05-06 12:53:07"
},
{
"kids":[
"zvrRMaD5K"
],
"uid":"1865281740",
"parent":"",
"text":"雪中送炭，炭没了",
"mid":"zvrztbxRS",
"date":"2013-05-06 12:52:28"
},
{
"kids":[],
"uid":"1762928760",
"parent":"",
"text":"都被贪了呗~[懒得理你]",
"mid":"zvrzp4KMG",
"date":"2013-05-06 12:52:17"
},
{
"kids":[
"zvrCKd1Mz",
"zvrAqhI5Z",
"zvrAa6vLL"
],
"uid":"2414172573",
"parent":"",
"text":"",
"mid":"zvrzdht4A",
"date":"2013-05-06 12:51:49"
},
{
"kids":[],
"uid":"2273951224",
"parent":"",
"text":"",
"mid":"zvrz1q7dP",
"date":"2013-05-06 12:51:21"
},
{
"kids":[],
"uid":"2013624104",
"parent":"",
"text":"",
"mid":"zvryHka8Z",
"date":"2013-05-06 12:50:33"
},
{
"kids":[],
"uid":"2163150277",
"parent":"zvrtZmZwU",
"text":"",
"mid":"zvryzDiOW",
"date":"2013-05-06 12:50:15"
},
{
"kids":[],
"uid":"2009510542",
"parent":"",
"text":"",
"mid":"zvryeE6sr",
"date":"2013-05-06 12:49:25"
},
{
"kids":[],
"uid":"2151925832",
"parent":"",
"text":"",
"mid":"zvry8bD6A",
"date":"2013-05-06 12:49:08"
},
{
"kids":[],
"uid":"2273980242",
"parent":"",
"text":"",
"mid":"zvrxUie2w",
"date":"2013-05-06 12:48:36"
},
{
"kids":[],
"uid":"2153680830",
"parent":"",
"text":"",
"mid":"zvrxCwQUr",
"date":"2013-05-06 12:47:54"
},
{
"kids":[
"zvrzK2hIE"
],
"uid":"2274836512",
"parent":"",
"text":"",
"mid":"zvrxsvpF5",
"date":"2013-05-06 12:47:30"
},
{
"kids":[],
"uid":"2151973970",
"parent":"",
"text":"",
"mid":"zvrxgEHrs",
"date":"2013-05-06 12:47:02"
},
{
"kids":[],
"uid":"2013662772",
"parent":"",
"text":"",
"mid":"zvrwTD5Ww",
"date":"2013-05-06 12:46:07"
},
{
"kids":[],
"uid":"3030689562",
"parent":"zvrc7zFKA",
"text":"扩",
"mid":"zvrwQEmQB",
"date":"2013-05-06 12:45:59"
},
{
"kids":[],
"uid":"2153680830",
"parent":"",
"text":"",
"mid":"zvrwJyRGt",
"date":"2013-05-06 12:45:43"
},
{
"kids":[],
"uid":"2273980242",
"parent":"",
"text":"",
"mid":"zvrwIFCCl",
"date":"2013-05-06 12:45:41"
},
{
"kids":[
"zvrCG4QUZ"
],
"uid":"mancos",
"parent":"",
"text":"笑死，博主数学是语文老师教的么..无脑黑么",
"mid":"zvrwBBw4o",
"date":"2013-05-06 12:45:24"
},
{
"kids":[],
"uid":"2013619040",
"parent":"",
"text":"",
"mid":"zvrwtCLNE",
"date":"2013-05-06 12:45:05"
},
{
"kids":[],
"uid":"2155095400",
"parent":"",
"text":"",
"mid":"zvrwrfGty",
"date":"2013-05-06 12:44:59"
},
{
"kids":[],
"uid":"3046911061",
"parent":"",
"text":"",
"mid":"zvrw9yf0i",
"date":"2013-05-06 12:44:17"
},
{
"kids":[],
"uid":"2273971800",
"parent":"",
"text":"",
"mid":"zvrvL1FPY",
"date":"2013-05-06 12:43:18"
},
{
"kids":[],
"uid":"2152079274",
"parent":"",
"text":"",
"mid":"zvrvjey7M",
"date":"2013-05-06 12:42:12"
},
{
"kids":[],
"uid":"2009510542",
"parent":"",
"text":"",
"mid":"zvrv6wi3o",
"date":"2013-05-06 12:41:42"
},
{
"kids":[],
"uid":"2274865782",
"parent":"",
"text":"",
"mid":"zvrv5D2ZX",
"date":"2013-05-06 12:41:40"
},
{
"kids":[],
"uid":"2293131061",
"parent":"",
"text":"",
"mid":"zvrv1eT06",
"date":"2013-05-06 12:41:30"
},
{
"kids":[],
"uid":"2274919372",
"parent":"",
"text":"",
"mid":"zvrv0Bkan",
"date":"2013-05-06 12:41:28"
},
{
"kids":[],
"uid":"2013662772",
"parent":"",
"text":"",
"mid":"zvruTewFZ",
"date":"2013-05-06 12:41:10"
},
{
"kids":[
"zvryzDiOW"
],
"uid":"2274882014",
"parent":"",
"text":"",
"mid":"zvrtZmZwU",
"date":"2013-05-06 12:38:57"
},
{
"kids":[],
"uid":"2273951224",
"parent":"",
"text":"",
"mid":"zvrtMFQce",
"date":"2013-05-06 12:38:27"
},
{
"kids":[],
"uid":"2151925832",
"parent":"",
"text":"",
"mid":"zvrtCjZMV",
"date":"2013-05-06 12:38:03"
},
{
"kids":[],
"uid":"2009514642",
"parent":"",
"text":"",
"mid":"zvrtuEgny",
"date":"2013-05-06 12:37:44"
},
{
"kids":[],
"uid":"ysh1993221",
"parent":"zvriKC4RG",
"text":"",
"mid":"zvrth4TXc",
"date":"2013-05-06 12:37:10"
},
{
"kids":[],
"uid":"2273980242",
"parent":"",
"text":"",
"mid":"zvrt5xbqn",
"date":"2013-05-06 12:36:44"
},
{
"kids":[],
"uid":"523419545",
"parent":"",
"text":"",
"mid":"zvrt0vLE2",
"date":"2013-05-06 12:36:32"
},
{
"kids":[],
"uid":"2274015632",
"parent":"",
"text":"",
"mid":"zvrsY8Ffy",
"date":"2013-05-06 12:36:26"
},
{
"kids":[],
"uid":"2274883200",
"parent":"",
"text":"",
"mid":"zvrsWnATv",
"date":"2013-05-06 12:36:22"
},
{
"kids":[],
"uid":"3226176004",
"parent":"zvr5KvPOd",
"text":"",
"mid":"zvrszEg4t",
"date":"2013-05-06 12:35:27"
},
{
"kids":[],
"uid":"2269121537",
"parent":"zvrmYqC7Z",
"text":"[哼]",
"mid":"zvrszCcFH",
"date":"2013-05-06 12:35:29"
},
{
"kids":[],
"uid":"2155095400",
"parent":"",
"text":"",
"mid":"zvrswESfw",
"date":"2013-05-06 12:35:21"
},
{
"kids":[],
"uid":"2009514642",
"parent":"",
"text":"",
"mid":"zvrsr2Q23",
"date":"2013-05-06 12:35:07"
},
{
"kids":[],
"uid":"1661130895",
"parent":"zvrilv0Mb",
"text":"",
"mid":"zvrsfgPYU",
"date":"2013-05-06 12:34:39"
},
{
"kids":[],
"uid":"2486846357",
"parent":"",
"text":"",
"mid":"zvrsfg86r",
"date":"2013-05-06 12:34:40"
},
{
"kids":[],
"uid":"2151969214",
"parent":"",
"text":"",
"mid":"zvrs1COH8",
"date":"2013-05-06 12:34:07"
},
{
"kids":[
"zvrAn5nO7"
],
"uid":"2009510642",
"parent":"",
"text":"",
"mid":"zvrrRzZ4y",
"date":"2013-05-06 12:33:43"
},
{
"kids":[],
"uid":"2135418342",
"parent":"zvraRgJMt",
"text":"钱哪里去了？？！！",
"mid":"zvrrLFE8Y",
"date":"2013-05-06 12:33:30"
},
{
"kids":[],
"uid":"2013624104",
"parent":"",
"text":"",
"mid":"zvrrG4HZF",
"date":"2013-05-06 12:33:15"
},
{
"kids":[],
"uid":"2013617652",
"parent":"",
"text":"",
"mid":"zvrrn9TcA",
"date":"2013-05-06 12:32:30"
},
{
"kids":[],
"uid":"1997907867",
"parent":"zvrhhhVi4",
"text":"做完数学试卷不好好检查，做错了吧",
"mid":"zvrrd73AE",
"date":"2013-05-06 12:32:07"
},
{
"kids":[],
"uid":"2274865782",
"parent":"",
"text":"",
"mid":"zvrqWhKvC",
"date":"2013-05-06 12:31:26"
},
{
"kids":[],
"uid":"2009514642",
"parent":"",
"text":"",
"mid":"zvrqLlFRI",
"date":"2013-05-06 12:31:00"
},
{
"kids":[],
"uid":"2543503230",
"parent":"",
"text":"",
"mid":"zvrqHxmCM",
"date":"2013-05-06 12:30:52"
},
{
"kids":[],
"uid":"2273971800",
"parent":"",
"text":"",
"mid":"zvrqmwcmq",
"date":"2013-05-06 12:30:02"
},
{
"kids":[],
"uid":"2265779504",
"parent":"",
"text":"",
"mid":"zvrq1014m",
"date":"2013-05-06 12:29:08"
},
{
"kids":[],
"uid":"2150506390",
"parent":"",
"text":"",
"mid":"zvrpSnHQk",
"date":"2013-05-06 12:28:49"
},
{
"kids":[],
"uid":"2273971800",
"parent":"",
"text":"",
"mid":"zvrpv1G2E",
"date":"2013-05-06 12:27:53"
},
{
"kids":[],
"uid":"2274015250",
"parent":"",
"text":"",
"mid":"zvrpofcSO",
"date":"2013-05-06 12:27:37"
},
{
"kids":[],
"uid":"2151870070",
"parent":"",
"text":"",
"mid":"zvrpij7aT",
"date":"2013-05-06 12:27:23"
},
{
"kids":[],
"uid":"2153643790",
"parent":"",
"text":"",
"mid":"zvrp2EEBV",
"date":"2013-05-06 12:26:46"
},
{
"kids":[],
"uid":"2013665332",
"parent":"",
"text":"",
"mid":"zvroDxzhJ",
"date":"2013-05-06 12:25:46"
},
{
"kids":[],
"uid":"2273951224",
"parent":"",
"text":"",
"mid":"zvrowasLT",
"date":"2013-05-06 12:25:28"
},
{
"kids":[],
"uid":"2152028912",
"parent":"",
"text":"",
"mid":"zvrocE00r",
"date":"2013-05-06 12:24:42"
},
{
"kids":[],
"uid":"2013617652",
"parent":"",
"text":"",
"mid":"zvro2jzpp",
"date":"2013-05-06 12:24:17"
},
{
"kids":[],
"uid":"114dxs",
"parent":"",
"text":"",
"mid":"zvrnzFDzv",
"date":"2013-05-06 12:23:08"
},
{
"kids":[],
"uid":"2009510542",
"parent":"",
"text":"",
"mid":"zvrnshvFR",
"date":"2013-05-06 12:22:51"
},
{
"kids":[],
"uid":"2118268474",
"parent":"zvrje9TBr",
"text":"",
"mid":"zvrnqdqot",
"date":"2013-05-06 12:22:47"
},
{
"kids":[],
"uid":"2273971800",
"parent":"",
"text":"",
"mid":"zvrnj7V7Z",
"date":"2013-05-06 12:22:29"
},
{
"kids":[
"zvrCnub1k"
],
"uid":"2274870660",
"parent":"",
"text":"",
"mid":"zvrnaxx1G",
"date":"2013-05-06 12:22:09"
},
{
"kids":[],
"uid":"2274836512",
"parent":"",
"text":"",
"mid":"zvrn5ew1V",
"date":"2013-05-06 12:21:57"
},
{
"kids":[],
"uid":"2273980242",
"parent":"",
"text":"",
"mid":"zvrn3s1Uu",
"date":"2013-05-06 12:21:52"
},
{
"kids":[
"zvrszCcFH"
],
"uid":"2153643790",
"parent":"",
"text":"",
"mid":"zvrmYqC7Z",
"date":"2013-05-06 12:21:41"
},
{
"kids":[],
"uid":"2152079274",
"parent":"",
"text":"",
"mid":"zvrmOnMts",
"date":"2013-05-06 12:21:16"
},
{
"kids":[],
"uid":"2274919372",
"parent":"",
"text":"",
"mid":"zvrmBDLQY",
"date":"2013-05-06 12:20:46"
},
{
"kids":[],
"uid":"2458297474",
"parent":"zvrje9TBr",
"text":"难怪现在多数人对被捐款很反感！",
"mid":"zvrmzzGo4",
"date":"2013-05-06 12:20:42"
},
{
"kids":[],
"uid":"2827404632",
"parent":"",
"text":"",
"mid":"zvrmoF3si",
"date":"2013-05-06 12:20:15"
},
{
"kids":[],
"uid":"2274919372",
"parent":"",
"text":"",
"mid":"zvrmmzwgC",
"date":"2013-05-06 12:20:10"
},
{
"kids":[],
"uid":"2013665332",
"parent":"",
"text":"",
"mid":"zvrmh0lKh",
"date":"2013-05-06 12:19:56"
},
{
"kids":[],
"uid":"2009510642",
"parent":"",
"text":"",
"mid":"zvrm5b28r",
"date":"2013-05-06 12:19:28"
},
{
"kids":[],
"uid":"2364946600",
"parent":"zvrbe3Cvj",
"text":"",
"mid":"zvrlScc4V",
"date":"2013-05-06 12:18:58"
},
{
"kids":[],
"uid":"2013665332",
"parent":"",
"text":"",
"mid":"zvrlMgdr0",
"date":"2013-05-06 12:18:43"
},
{
"kids":[],
"uid":"523419545",
"parent":"",
"text":"",
"mid":"zvrlI82KE",
"date":"2013-05-06 12:18:33"
},
{
"kids":[],
"uid":"2152079274",
"parent":"",
"text":"",
"mid":"zvrlnqJZY",
"date":"2013-05-06 12:17:44"
},
{
"kids":[],
"uid":"2273971800",
"parent":"",
"text":"",
"mid":"zvrlinS2V",
"date":"2013-05-06 12:17:32"
},
{
"kids":[],
"uid":"2153680830",
"parent":"",
"text":"",
"mid":"zvrlhuD06",
"date":"2013-05-06 12:17:30"
},
{
"kids":[],
"uid":"devilszju",
"parent":"",
"text":"105块,不是105万,LZ小学没毕业",
"mid":"zvrlce3YZ",
"date":"2013-05-06 12:17:16"
},
{
"kids":[],
"uid":"2488694133",
"parent":"zvrioaJUp",
"text":"",
"mid":"zvrla8Z4j",
"date":"2013-05-06 12:17:12"
},
{
"kids":[],
"uid":"2417470507",
"parent":"",
"text":"？？？",
"mid":"zvrkY1Ims",
"date":"2013-05-06 12:16:44"
},
{
"kids":[],
"uid":"2493767321",
"parent":"zvrje9TBr",
"text":"",
"mid":"zvrk2oolD",
"date":"2013-05-06 12:14:25"
},
{
"kids":[],
"uid":"2274891474",
"parent":"",
"text":"",
"mid":"zvrk1dbJz",
"date":"2013-05-06 12:14:23"
},
{
"kids":[],
"uid":"2117350875",
"parent":"zvr5KvPOd",
"text":"转这条微博是想说发这条微博的人数学不过关[汗]",
"mid":"zvrjma6fK",
"date":"2013-05-06 12:12:46"
},
{
"kids":[
"zvrnqdqot",
"zvrmzzGo4",
"zvrk2oolD"
],
"uid":"cq885",
"parent":"",
"text":"",
"mid":"zvrje9TBr",
"date":"2013-05-06 12:12:26"
},
{
"kids":[
"zvs1bbdvT"
],
"uid":"0731xiaomi",
"parent":"",
"text":"每个人一万要153亿，小学数学",
"mid":"zvrjajk7w",
"date":"2013-05-06 12:12:17"
},
{
"kids":[],
"uid":"1944116932",
"parent":"",
"text":"",
"mid":"zvriRpYum",
"date":"2013-05-06 12:11:32"
},
{
"kids":[
"zvrth4TXc"
],
"uid":"2274923884",
"parent":"",
"text":"",
"mid":"zvriKC4RG",
"date":"2013-05-06 12:11:16"
},
{
"kids":[
"zvrla8Z4j"
],
"uid":"2274937600",
"parent":"",
"text":"",
"mid":"zvrioaJUp",
"date":"2013-05-06 12:10:22"
},
{
"kids":[
"zvrsfgPYU"
],
"uid":"2274903304",
"parent":"",
"text":"",
"mid":"zvrilv0Mb",
"date":"2013-05-06 12:10:16"
},
{
"kids":[],
"uid":"2009499442",
"parent":"",
"text":"",
"mid":"zvrikAiHW",
"date":"2013-05-06 12:10:14"
},
{
"kids":[
"zvssBtGk7"
],
"uid":"1201301862",
"parent":"",
"text":"[怒][怒][怒][愤怒][愤怒][愤怒]",
"mid":"zvrhrFe8R",
"date":"2013-05-06 12:08:03"
},
{
"kids":[],
"uid":"dingding1128",
"parent":"zvr5KvPOd",
"text":"[汗][汗]这事不用说就知道。。",
"mid":"zvrhjq1xu",
"date":"2013-05-06 12:07:42"
},
{
"kids":[
"zvrrd73AE"
],
"uid":"2133226357",
"parent":"zvrawAWyz",
"text":"钱去哪了的确没人知道，但是这数学学的。",
"mid":"zvrhhhVi4",
"date":"2013-05-06 12:07:38"
},
{
"kids":[],
"uid":"2274895472",
"parent":"",
"text":"",
"mid":"zvrhekARZ",
"date":"2013-05-06 12:07:31"
},
{
"kids":[],
"uid":"leduan",
"parent":"zvr6cEm8x",
"text":"已经习惯了。中国的国情是这样",
"mid":"zvrh1FVRW",
"date":"2013-05-06 12:07:01"
},
{
"kids":[],
"uid":"highway09",
"parent":"",
"text":"",
"mid":"zvrgHhk8a",
"date":"2013-05-06 12:06:12"
},
{
"kids":[],
"uid":"2464309052",
"parent":"",
"text":"",
"mid":"zvrfFs3hV",
"date":"2013-05-06 12:03:40"
},
{
"kids":[],
"uid":"2274899884",
"parent":"",
"text":"",
"mid":"zvrfEf83I",
"date":"2013-05-06 12:03:37"
},
{
"kids":[],
"uid":"2274763130",
"parent":"",
"text":"",
"mid":"zvrfudMF0",
"date":"2013-05-06 12:03:13"
},
{
"kids":[],
"uid":"1448969920",
"parent":"",
"text":"",
"mid":"zvrfkcGQ5",
"date":"2013-05-06 12:02:48"
},
{
"kids":[
"zvvf3wIhF"
],
"uid":"2009509210",
"parent":"",
"text":"",
"mid":"zvrf7spdS",
"date":"2013-05-06 12:02:19"
},
{
"kids":[],
"uid":"1892285780",
"parent":"",
"text":"",
"mid":"zvreP7KVa",
"date":"2013-05-06 12:01:36"
},
{
"kids":[],
"uid":"2274010472",
"parent":"",
"text":"",
"mid":"zvreH9117",
"date":"2013-05-06 12:01:16"
},
{
"kids":[],
"uid":"2013620372",
"parent":"",
"text":"",
"mid":"zvrdYwYOA",
"date":"2013-05-06 11:59:30"
},
{
"kids":[],
"uid":"2273931564",
"parent":"",
"text":"",
"mid":"zvrdWbiej",
"date":"2013-05-06 11:59:24"
},
{
"kids":[],
"uid":"2273981800",
"parent":"",
"text":"",
"mid":"zvrdOcyeE",
"date":"2013-05-06 11:59:06"
},
{
"kids":[],
"uid":"2367994700",
"parent":"zvraPcEwt",
"text":"呼吁啊，捐款啊，我去年买了个表",
"mid":"zvrdGtV7P",
"date":"2013-05-06 11:58:48"
},
{
"kids":[],
"uid":"1801112173",
"parent":"",
"text":"估计进错了口袋",
"mid":"zvrdk2zWt",
"date":"2013-05-06 11:57:52"
},
{
"kids":[],
"uid":"2274904410",
"parent":"",
"text":"",
"mid":"zvrdgv6dq",
"date":"2013-05-06 11:57:45"
},
{
"kids":[],
"uid":"2254936594",
"parent":"zvr9JexDw",
"text":"钱呢。。我们纳税人的钱呢？？",
"mid":"zvrd8gBiu",
"date":"2013-05-06 11:57:25"
},
{
"kids":[],
"uid":"2682248773",
"parent":"",
"text":"慈善什么时候透明啊",
"mid":"zvrcUCXAB",
"date":"2013-05-06 11:56:54"
},
{
"kids":[],
"uid":"2009488774",
"parent":"",
"text":"",
"mid":"zvrcMmCmO",
"date":"2013-05-06 11:56:33"
},
{
"kids":[],
"uid":"ellencullen",
"parent":"zvr9JexDw",
"text":"",
"mid":"zvrcHlcSD",
"date":"2013-05-06 11:56:23"
},
{
"kids":[],
"uid":"2274920504",
"parent":"",
"text":"",
"mid":"zvrcFyIKR",
"date":"2013-05-06 11:56:17"
},
{
"kids":[
"zvsuHu6ph",
"zvrKqgDqZ",
"zvrwQEmQB"
],
"uid":"qqqcpp",
"parent":"",
"text":"",
"mid":"zvrc7zFKA",
"date":"2013-05-06 11:54:56"
},
{
"kids":[],
"uid":"2274824590",
"parent":"",
"text":"",
"mid":"zvrc5vAxz",
"date":"2013-05-06 11:54:52"
},
{
"kids":[],
"uid":"2009499442",
"parent":"",
"text":"",
"mid":"zvrc2xRCh",
"date":"2013-05-06 11:54:44"
},
{
"kids":[],
"uid":"2274923884",
"parent":"",
"text":"",
"mid":"zvrbL8kEW",
"date":"2013-05-06 11:54:02"
},
{
"kids":[],
"uid":"1679828633",
"parent":"zvr9JexDw",
"text":"[怒]",
"mid":"zvrbKwGSb",
"date":"2013-05-06 11:54:01"
},
{
"kids":[
"zvrlScc4V"
],
"uid":"2009499442",
"parent":"",
"text":"",
"mid":"zvrbe3Cvj",
"date":"2013-05-06 11:52:43"
},
{
"kids":[],
"uid":"2274763130",
"parent":"",
"text":"",
"mid":"zvrb4yuIr",
"date":"2013-05-06 11:52:21"
},
{
"kids":[
"zvrrLFE8Y"
],
"uid":"2274867564",
"parent":"",
"text":"",
"mid":"zvraRgJMt",
"date":"2013-05-06 11:51:49"
},
{
"kids":[
"zvsONyHKo",
"zvrdGtV7P"
],
"uid":"2371760985",
"parent":"",
"text":"说多了都是泪啊",
"mid":"zvraPcEwt",
"date":"2013-05-06 11:51:45"
},
{
"kids":[
"zvrhhhVi4"
],
"uid":"2013671892",
"parent":"",
"text":"",
"mid":"zvrawAWyz",
"date":"2013-05-06 11:51:00"
},
{
"kids":[
"zvrPTda4V",
"zvrd8gBiu",
"zvrcHlcSD",
"zvrbKwGSb"
],
"uid":"nannvhappy",
"parent":"",
"text":"",
"mid":"zvr9JexDw",
"date":"2013-05-06 11:49:02"
},
{
"kids":[],
"uid":"2274824590",
"parent":"",
"text":"",
"mid":"zvr9qleOL",
"date":"2013-05-06 11:48:18"
},
{
"kids":[],
"uid":"2127716751",
"parent":"zvr8iiEbu",
"text":"",
"mid":"zvr9i3o5N",
"date":"2013-05-06 11:47:58"
},
{
"kids":[],
"uid":"2254728062",
"parent":"",
"text":"算错了吧~四舍五入也是105块钱吧~",
"mid":"zvr93BvB9",
"date":"2013-05-06 11:47:23"
},
{
"kids":[],
"uid":"2274763130",
"parent":"",
"text":"",
"mid":"zvr8JucPR",
"date":"2013-05-06 11:46:35"
},
{
"kids":[
"zvr9i3o5N"
],
"uid":"2009499442",
"parent":"",
"text":"",
"mid":"zvr8iiEbu",
"date":"2013-05-06 11:45:31"
},
{
"kids":[],
"uid":"betterandbetter",
"parent":"",
"text":"？",
"mid":"zvr8evjXH",
"date":"2013-05-06 11:45:21"
},
{
"kids":[],
"uid":"2164266193",
"parent":"",
"text":"",
"mid":"zvr7UErdE",
"date":"2013-05-06 11:44:34"
},
{
"kids":[],
"uid":"qqqcpp",
"parent":"",
"text":"",
"mid":"zvr7yd6oH",
"date":"2013-05-06 11:43:40"
},
{
"kids":[],
"uid":"2009499442",
"parent":"",
"text":"",
"mid":"zvr7tbh68",
"date":"2013-05-06 11:43:28"
},
{
"kids":[],
"uid":"2274913962",
"parent":"",
"text":"",
"mid":"zvr7c4t0y",
"date":"2013-05-06 11:42:48"
},
{
"kids":[
"zvrh1FVRW"
],
"uid":"2456158574",
"parent":"",
"text":"我R 我也捐了50块钱 灾民啊伱肯定是收不到了~~ 哎 人穷怪（ ）??",
"mid":"zvr6cEm8x",
"date":"2013-05-06 11:40:21"
},
{
"kids":[
"zvrDLq03Y",
"zvrszEg4t",
"zvrjma6fK",
"zvrhjq1xu"
],
"uid":"2013635784",
"parent":"",
"text":"",
"mid":"zvr5KvPOd",
"date":"2013-05-06 11:39:14"
},
{
"kids":[],
"uid":"2274010472",
"parent":"",
"text":"",
"mid":"zvr5BmfrT",
"date":"2013-05-06 11:38:52"
},
{
"kids":[],
"uid":"2009516810",
"parent":"",
"text":"",
"mid":"zvr5tDAoQ",
"date":"2013-05-06 11:38:34"
},
{
"kids":[],
"uid":"2274763130",
"parent":"",
"text":"",
"mid":"zvr5cfbhe",
"date":"2013-05-06 11:37:51"
},
{
"kids":[],
"uid":"2274904410",
"parent":"",
"text":"",
"mid":"zvr511vMH",
"date":"2013-05-06 11:37:25"
},
{
"kids":[],
"uid":"2013620372",
"parent":"",
"text":"",
"mid":"zvr4OhqN8",
"date":"2013-05-06 11:36:55"
},
{
"kids":[],
"uid":"2713461995",
"parent":"zvr3nD7Kh",
"text":"钱呢？",
"mid":"zvr4qFIKN",
"date":"2013-05-06 11:35:59"
},
{
"kids":[],
"uid":"2490714394",
"parent":"zvr3nD7Kh",
"text":"",
"mid":"zvr3Yikx7",
"date":"2013-05-06 11:34:52"
},
{
"kids":[
"zvr4qFIKN",
"zvr3Yikx7"
],
"uid":"2013635784",
"parent":"",
"text":"",
"mid":"zvr3nD7Kh",
"date":"2013-05-06 11:33:24"
},
{
"kids":[],
"uid":"2013619944",
"parent":"",
"text":"",
"mid":"zvr2QyQb2",
"date":"2013-05-06 11:32:06"
},
{
"kids":[],
"uid":"2273931564",
"parent":"",
"text":"",
"mid":"zvr2LvTBT",
"date":"2013-05-06 11:31:53"
},
{
"kids":[],
"uid":"2274010472",
"parent":"",
"text":"",
"mid":"zvr2sju8e",
"date":"2013-05-06 11:31:07"
},
{
"kids":[],
"uid":"2274937600",
"parent":"",
"text":"",
"mid":"zvr1Yb095",
"date":"2013-05-06 11:29:55"
},
{
"kids":[],
"uid":"2274867564",
"parent":"",
"text":"",
"mid":"zvr1XjibI",
"date":"2013-05-06 11:29:53"
}
]