[
{
"kids":[],
"uid":"afatblackcat",
"parent":"zeXpsnno6",
"text":"必须死不了 多少镜头他都没死",
"mid":"zkNZN6NsX",
"date":"2013-02-25 13:44:24"
},
{
"kids":[],
"uid":"2618440483",
"parent":"",
"text":"铁桥同志就这样躺着中枪牺牲了，只许州官放火不许百姓点灯！",
"mid":"zfZDHCRYI",
"date":"2013-01-24 22:11:26"
},
{
"kids":[],
"uid":"2789786364",
"parent":"zeZA9xVri",
"text":"",
"mid":"zf8MG27uj",
"date":"2013-01-19 07:37:57"
},
{
"kids":[],
"uid":"1777225784",
"parent":"zf00xpMdh",
"text":"",
"mid":"zf7lpbHDT",
"date":"2013-01-19 03:58:00"
},
{
"kids":[],
"uid":"libra3001nie",
"parent":"zeZoWAvMM",
"text":"求证实！！",
"mid":"zf3UayL8Z",
"date":"2013-01-18 19:12:41"
},
{
"kids":[],
"uid":"210106921",
"parent":"zeZAU1wX1",
"text":"回复@嘉兴徐海明律师:是的，刚看了相关报道[囧]",
"mid":"zf3BxvGTJ",
"date":"2013-01-18 18:26:47"
},
{
"kids":[],
"uid":"yiganchong",
"parent":"",
"text":"妈的，果然是假新闻！",
"mid":"zf3n8wWpf",
"date":"2013-01-18 17:51:18"
},
{
"kids":[],
"uid":"2810220372",
"parent":"",
"text":"",
"mid":"zf3iqxDmh",
"date":"2013-01-18 17:39:40"
},
{
"kids":[],
"uid":"gulouchuanzhong",
"parent":"zeWUNvHjH",
"text":"老戏骨还活着！",
"mid":"zf2pWuY8Y",
"date":"2013-01-18 15:25:28"
},
{
"kids":[],
"uid":"1900777041",
"parent":"",
"text":"[蜡烛][蜡烛][蜡烛][蜡烛][蜡烛][蜡烛][蜡烛][蜡烛][蜡烛]",
"mid":"zf1uF18bl",
"date":"2013-01-18 13:04:19"
},
{
"kids":[],
"uid":"shiyueyt",
"parent":"zf00xpMdh",
"text":"",
"mid":"zf1lVCLik",
"date":"2013-01-18 12:42:50"
},
{
"kids":[],
"uid":"1594345873",
"parent":"",
"text":"他是吸血鬼",
"mid":"zf1euo4wa",
"date":"2013-01-18 12:24:30"
},
{
"kids":[],
"uid":"837754561",
"parent":"",
"text":"晕，转的都是带V的。",
"mid":"zf1657dln",
"date":"2013-01-18 12:03:46"
},
{
"kids":[],
"uid":"1645929404",
"parent":"zeZOn3MF8",
"text":"",
"mid":"zf1086zvs",
"date":"2013-01-18 11:49:07"
},
{
"kids":[],
"uid":"cynthia0715",
"parent":"zeWUSx6UM",
"text":"真的假的？",
"mid":"zf0JAFJyr",
"date":"2013-01-18 11:08:21"
},
{
"kids":[],
"uid":"1282686964",
"parent":"zeZUso5Bq",
"text":"他死了我不可能如此平静，绝对假的[衰]",
"mid":"zf0GLcmit",
"date":"2013-01-18 11:01:24"
},
{
"kids":[],
"uid":"2124652791",
"parent":"zeZFCxzBn",
"text":"幸亏辟谣了，吓唬我不敢去滑雪了啊",
"mid":"zf0CFDQV6",
"date":"2013-01-18 10:51:20"
},
{
"kids":[],
"uid":"fuckufuckmefuckwho",
"parent":"zeZWjBwBb",
"text":"误死蛮多次了？",
"mid":"zf0BjtpGw",
"date":"2013-01-18 10:47:59"
},
{
"kids":[],
"uid":"1062347893",
"parent":"zf0wE8IjR",
"text":"行了， 明白了。",
"mid":"zf0xnlpI9",
"date":"2013-01-18 10:38:16"
},
{
"kids":[
"zf0xnlpI9"
],
"uid":"catcansay",
"parent":"zf0n8lejJ",
"text":"相信美国人民",
"mid":"zf0wE8IjR",
"date":"2013-01-18 10:36:29"
},
{
"kids":[],
"uid":"1074189815",
"parent":"zeZs98bZq",
"text":"已经辟谣了，假的",
"mid":"zf0ue3ws4",
"date":"2013-01-18 10:30:31"
},
{
"kids":[],
"uid":"1062347893",
"parent":"zf0n8lejJ",
"text":"几个意思？？？",
"mid":"zf0qw89WH",
"date":"2013-01-18 10:21:22"
},
{
"kids":[],
"uid":"1226819360",
"parent":"zeZOn3MF8",
"text":"谢谢亲记得[哈哈]",
"mid":"zf0pPjNRu",
"date":"2013-01-18 10:19:41"
},
{
"kids":[],
"uid":"2132111021",
"parent":"zeWOAqJ1q",
"text":"一边凉快去吧",
"mid":"zf0pIdAie",
"date":"2013-01-18 10:19:24"
},
{
"kids":[],
"uid":"tangott",
"parent":"zf08h0vbC",
"text":"假新闻，详见http:",
"mid":"zf0p0bJ8a",
"date":"2013-01-18 10:17:38"
},
{
"kids":[],
"uid":"1768922567",
"parent":"",
"text":"不可能哦 死了?",
"mid":"zf0n8C07s",
"date":"2013-01-18 10:13:02"
},
{
"kids":[
"zf0wE8IjR",
"zf0qw89WH"
],
"uid":"xbwolf",
"parent":"zf0lh9KQb",
"text":"还是要上面有人啊！[偷笑]",
"mid":"zf0n8lejJ",
"date":"2013-01-18 10:13:03"
},
{
"kids":[],
"uid":"huinasw",
"parent":"zeYZw7xMi",
"text":"回复@素素姐keepwalking:幸亏是谣言！",
"mid":"zf0mq0WnL",
"date":"2013-01-18 10:11:16"
},
{
"kids":[
"zf0n8lejJ"
],
"uid":"1890521011",
"parent":"zf0jtoiR6",
"text":"假的",
"mid":"zf0lh9KQb",
"date":"2013-01-18 10:08:28"
},
{
"kids":[],
"uid":"love20205715",
"parent":"zeZUTx67e",
"text":"老公超爱的影星之一，求真相！@给毛爷爷敬礼",
"mid":"zf0kJq1cN",
"date":"2013-01-18 10:07:08"
},
{
"kids":[
"zf0lh9KQb"
],
"uid":"xbwolf",
"parent":"zf0h9wNmo",
"text":"[浮云]",
"mid":"zf0jtoiR6",
"date":"2013-01-18 10:04:01"
},
{
"kids":[
"zf0jtoiR6"
],
"uid":"catcansay",
"parent":"zf08h0vbC",
"text":"",
"mid":"zf0h9wNmo",
"date":"2013-01-18 09:58:19"
},
{
"kids":[],
"uid":"aixinwenderuby",
"parent":"zeZQj3aXP",
"text":"已经辟谣了，这是假消息。。。",
"mid":"zf0gp5U4P",
"date":"2013-01-18 09:56:28"
},
{
"kids":[],
"uid":"1628974354",
"parent":"zeZl3qQ41",
"text":"辟谣，人家变脸叔好好的，一年被死亡好几回了",
"mid":"zf0eG8vvw",
"date":"2013-01-18 09:52:13"
},
{
"kids":[],
"uid":"1937898834",
"parent":"zeZUTx67e",
"text":"阿？阿？",
"mid":"zf0dVqVIE",
"date":"2013-01-18 09:50:22"
},
{
"kids":[],
"uid":"iduke",
"parent":"zf02bkYds",
"text":"无良炒作！！恶灵骑士，哪能那么容易死",
"mid":"zf0cFq3ci",
"date":"2013-01-18 09:47:16"
},
{
"kids":[],
"uid":"1856740000",
"parent":"zf0c05PgP",
"text":"吓死我了坑爹呢",
"mid":"zf0cB3OVR",
"date":"2013-01-18 09:47:04"
},
{
"kids":[
"zf0cB3OVR"
],
"uid":"201252668",
"parent":"zeZYtuoDm",
"text":"回复@-蔡痞子-:我就说么~怎么可能这么低调的shi~[偷乐]",
"mid":"zf0c05PgP",
"date":"2013-01-18 09:45:36"
},
{
"kids":[],
"uid":"gotoseesea",
"parent":"zf08Xzx0q",
"text":"回复@王子_rain:姑凉请放宽心，有些人天天都过愚人节",
"mid":"zf0amb2FS",
"date":"2013-01-18 09:41:34"
},
{
"kids":[
"zf0amb2FS"
],
"uid":"gotoseesea",
"parent":"zf06Aqqsz",
"text":"朕特意留意了一下，今儿个不是愚人节",
"mid":"zf08Xzx0q",
"date":"2013-01-18 09:38:07"
},
{
"kids":[],
"uid":"isnima",
"parent":"",
"text":"",
"mid":"zf08wDVRY",
"date":"2013-01-18 09:37:04"
},
{
"kids":[
"zf0p0bJ8a",
"zf0h9wNmo"
],
"uid":"1062347893",
"parent":"",
"text":"这是真的啊~~~~~？？？？？@深_大风堂 @有只猫说 @睡3-吃5-干16 @羅小姐 ..........",
"mid":"zf08h0vbC",
"date":"2013-01-18 09:36:27"
},
{
"kids":[
"zf08Xzx0q"
],
"uid":"1856796934",
"parent":"zeZSswOa4",
"text":"刚刚百度了一下，说是国外娱乐网站恶搞的，我晕",
"mid":"zf06Aqqsz",
"date":"2013-01-18 09:32:16"
},
{
"kids":[],
"uid":"1701071695",
"parent":"",
"text":"一年死三次啦      真是莫须有的死法",
"mid":"zf06yBwRC",
"date":"2013-01-18 09:32:13"
},
{
"kids":[],
"uid":"lyy0925",
"parent":"",
"text":"这种网站也太缺德了吧、据说凯奇一年被死了3回！",
"mid":"zf03Pi2sl",
"date":"2013-01-18 09:25:29"
},
{
"kids":[],
"uid":"1409388860",
"parent":"",
"text":"",
"mid":"zf031nqLb",
"date":"2013-01-18 09:23:29"
},
{
"kids":[],
"uid":"1068365523",
"parent":"zeZYtuoDm",
"text":"假新闻坑爹呢。。。→_→ http:",
"mid":"zf02l84jB",
"date":"2013-01-18 09:21:49"
},
{
"kids":[
"zf0cFq3ci"
],
"uid":"mochaning",
"parent":"",
"text":"我擦？！",
"mid":"zf02bkYds",
"date":"2013-01-18 09:21:26"
},
{
"kids":[
"zf7lpbHDT",
"zf1lVCLik"
],
"uid":"cctvliuchen",
"parent":"zeZA9xVri",
"text":"假的!",
"mid":"zf00xpMdh",
"date":"2013-01-18 09:17:23"
},
{
"kids":[
"zf0c05PgP",
"zf02l84jB"
],
"uid":"1068365523",
"parent":"zeZQj3aXP",
"text":"我擦？真的假的？",
"mid":"zeZYtuoDm",
"date":"2013-01-18 09:12:18"
},
{
"kids":[],
"uid":"nyzq",
"parent":"zeZIIBsnm",
"text":"真的假的。我很喜欢他",
"mid":"zeZYhD73t",
"date":"2013-01-18 09:11:50"
},
{
"kids":[],
"uid":"2940145784",
"parent":"zeZS9kpYY",
"text":"走啦。。。。呃呃呃，，，怎么会？[熊猫]",
"mid":"zeZXU3lr5",
"date":"2013-01-18 09:10:52"
},
{
"kids":[],
"uid":"1407497561",
"parent":"zeZTX2Gm6",
"text":"擦。。。",
"mid":"zeZWE1ckG",
"date":"2013-01-18 09:07:47"
},
{
"kids":[
"zf0BjtpGw"
],
"uid":"curekurt",
"parent":"zeWQ0uJLJ",
"text":"是误传。。。",
"mid":"zeZWjBwBb",
"date":"2013-01-18 09:06:59"
},
{
"kids":[],
"uid":"1973215205",
"parent":"zeZsU92Wh",
"text":"[悲伤]",
"mid":"zeZVHeNz7",
"date":"2013-01-18 09:05:26"
},
{
"kids":[],
"uid":"1298502513",
"parent":"zeZQj3aXP",
"text":"昨天鬼使神差的看了他的灵魂战车，今天就听到这个消息，希望不是真的吧！接受不到",
"mid":"zeZVy3al6",
"date":"2013-01-18 09:05:05"
},
{
"kids":[
"zf0kJq1cN",
"zf0dVqVIE"
],
"uid":"kpxyaya",
"parent":"zeZK8lUj3",
"text":"不会吧[吃惊]",
"mid":"zeZUTx67e",
"date":"2013-01-18 09:03:29"
},
{
"kids":[
"zf0GLcmit"
],
"uid":"99pr",
"parent":"",
"text":"卧槽？死啦？？？？？？？？",
"mid":"zeZUso5Bq",
"date":"2013-01-18 09:02:24"
},
{
"kids":[
"zeZWE1ckG"
],
"uid":"2389779751",
"parent":"zeWQroeB8",
"text":"吓一跳,我也超喜欢他,一查说是恶作剧!可恶!",
"mid":"zeZTX2Gm6",
"date":"2013-01-18 09:01:09"
},
{
"kids":[],
"uid":"111873313",
"parent":"zeZSswOa4",
"text":"真死啦？年轻的时候很帅的。",
"mid":"zeZTe8mMu",
"date":"2013-01-18 08:59:21"
},
{
"kids":[],
"uid":"mickeyuan",
"parent":"zeZAU1wX1",
"text":"[蜡烛][蜡烛][蜡烛]不是吧，很喜欢他的呢。。。",
"mid":"zeZSSx5Ge",
"date":"2013-01-18 08:58:31"
},
{
"kids":[
"zf06Aqqsz",
"zeZTe8mMu"
],
"uid":"1856796934",
"parent":"zeZS9kpYY",
"text":"[蜡烛]",
"mid":"zeZSswOa4",
"date":"2013-01-18 08:57:28"
},
{
"kids":[],
"uid":"ershuangge",
"parent":"zeZIqzTbU",
"text":"真的假的？造谣吧？",
"mid":"zeZSgaaoa",
"date":"2013-01-18 08:56:58"
},
{
"kids":[
"zeZXU3lr5",
"zeZSswOa4"
],
"uid":"gotoseesea",
"parent":"zeZKIpFy2",
"text":"可能是上帝要看他演戏，召唤走了",
"mid":"zeZS9kpYY",
"date":"2013-01-18 08:56:43"
},
{
"kids":[],
"uid":"1811005802",
"parent":"zeZN7m5yY",
"text":"真的吗？[吃惊]",
"mid":"zeZRjBsgl",
"date":"2013-01-18 08:54:40"
},
{
"kids":[
"zf0gp5U4P",
"zeZYtuoDm",
"zeZVy3al6"
],
"uid":"201252668",
"parent":"",
"text":"我去，真的假的？",
"mid":"zeZQj3aXP",
"date":"2013-01-18 08:52:10"
},
{
"kids":[],
"uid":"lixiaocun",
"parent":"zeZA9xVri",
"text":"[蜡烛][蜡烛][蜡烛]@跛了盖儿卡秃噜皮儿",
"mid":"zeZOQyeyM",
"date":"2013-01-18 08:48:34"
},
{
"kids":[
"zf1086zvs",
"zf0pPjNRu"
],
"uid":"tnan",
"parent":"zeZN7m5yY",
"text":"@江南的葡萄 你喜欢的星",
"mid":"zeZOn3MF8",
"date":"2013-01-18 08:47:24"
},
{
"kids":[
"zeZRjBsgl",
"zeZOn3MF8"
],
"uid":"1779028173",
"parent":"zeZAU1wX1",
"text":"腾讯娱乐讯 1月18日凌晨，微博上有网友爆料称美国著名影星尼古拉斯·凯奇因滑雪意外身亡，并附带国外网站新闻链接，此举在深夜引来无数网友关注。后经初步证实，外媒并未大量报道此事，尼古拉斯·凯奇也曾多次“被死亡”，此次很有可能是网友再一次恶作剧所为。",
"mid":"zeZN7m5yY",
"date":"2013-01-18 08:44:18"
},
{
"kids":[],
"uid":"1412253557",
"parent":"zeZvBndfu",
"text":"假的",
"mid":"zeZMXhg5h",
"date":"2013-01-18 08:43:55"
},
{
"kids":[],
"uid":"2810196984",
"parent":"",
"text":"",
"mid":"zeZMwlU3d",
"date":"2013-01-18 08:42:51"
},
{
"kids":[
"zeZS9kpYY"
],
"uid":"2764669745",
"parent":"",
"text":"啊[泪]",
"mid":"zeZKIpFy2",
"date":"2013-01-18 08:38:23"
},
{
"kids":[],
"uid":"1764142375",
"parent":"",
"text":"不信",
"mid":"zeZKmfVmH",
"date":"2013-01-18 08:37:31"
},
{
"kids":[],
"uid":"1848952511",
"parent":"",
"text":"我不相信！！！！",
"mid":"zeZKcu4Y4",
"date":"2013-01-18 08:37:07"
},
{
"kids":[
"zeZUTx67e"
],
"uid":"2347143003",
"parent":"zeZIqzTbU",
"text":"什么什么，真的假的！！",
"mid":"zeZK8lUj3",
"date":"2013-01-18 08:36:57"
},
{
"kids":[],
"uid":"guishi",
"parent":"zeZIIBsnm",
"text":"是假的铁桥。。",
"mid":"zeZJa3eXx",
"date":"2013-01-18 08:34:33"
},
{
"kids":[],
"uid":"2278187125",
"parent":"zeZIqzTbU",
"text":"啊 不会吧",
"mid":"zeZIUo7w5",
"date":"2013-01-18 08:33:57"
},
{
"kids":[
"zeZYhD73t",
"zeZJa3eXx"
],
"uid":"hippopiggy",
"parent":"zeZD9qhFf",
"text":"?",
"mid":"zeZIIBsnm",
"date":"2013-01-18 08:33:28"
},
{
"kids":[
"zeZSgaaoa",
"zeZK8lUj3",
"zeZIUo7w5"
],
"uid":"2258804433",
"parent":"zeZs98bZq",
"text":"啊？啊？",
"mid":"zeZIqzTbU",
"date":"2013-01-18 08:32:46"
},
{
"kids":[],
"uid":"luham",
"parent":"zeZtD4H3s",
"text":"求真相",
"mid":"zeZI23Pbo",
"date":"2013-01-18 08:31:46"
},
{
"kids":[],
"uid":"2736182277",
"parent":"zeZyvAZjo",
"text":"我也不信",
"mid":"zeZGPhOvW",
"date":"2013-01-18 08:28:48"
},
{
"kids":[],
"uid":"skyissoblue",
"parent":"zeZFCxzBn",
"text":"躺着中枪的典型[汗]",
"mid":"zeZGG8elg",
"date":"2013-01-18 08:28:26"
},
{
"kids":[
"zf0CFDQV6",
"zeZGG8elg"
],
"uid":"1380416614",
"parent":"zeZD9qhFf",
"text":"已经辟谣了",
"mid":"zeZFCxzBn",
"date":"2013-01-18 08:25:50"
},
{
"kids":[],
"uid":"1839713792",
"parent":"",
"text":"...或许未来的某天、某个城市又出现了他的身影，听说他是Vampire",
"mid":"zeZDc6JtN",
"date":"2013-01-18 08:19:51"
},
{
"kids":[
"zeZIIBsnm",
"zeZFCxzBn"
],
"uid":"1658466090",
"parent":"",
"text":"真的假的？[吃惊]",
"mid":"zeZD9qhFf",
"date":"2013-01-18 08:19:46"
},
{
"kids":[],
"uid":"elinababegon",
"parent":"zeZvBndfu",
"text":"假新闻！！假新闻！！假新闻！！！",
"mid":"zeZCXluRr",
"date":"2013-01-18 08:19:16"
},
{
"kids":[],
"uid":"emilyincloud",
"parent":"zeZnVknam",
"text":"真的假的？",
"mid":"zeZCRptxw",
"date":"2013-01-18 08:19:02"
},
{
"kids":[],
"uid":"jeffmaggie",
"parent":"",
"text":"假的吧，凯奇都＂被死亡＂无数次啦@重量级麦同学",
"mid":"zeZBqb3rB",
"date":"2013-01-18 08:15:30"
},
{
"kids":[
"zf3BxvGTJ",
"zeZSSx5Ge",
"zeZN7m5yY"
],
"uid":"210106921",
"parent":"zeZA9xVri",
"text":"巨星陨落[蜡烛]",
"mid":"zeZAU1wX1",
"date":"2013-01-18 08:14:12"
},
{
"kids":[],
"uid":"2145285911",
"parent":"",
"text":"什么啊?？？",
"mid":"zeZATFGn1",
"date":"2013-01-18 08:14:13"
},
{
"kids":[],
"uid":"freetong",
"parent":"zeZA9xVri",
"text":"不会吧，我的偶像啊",
"mid":"zeZAIq93l",
"date":"2013-01-18 08:13:46"
},
{
"kids":[],
"uid":"1435370452",
"parent":"",
"text":"不会吧",
"mid":"zeZAokxa0",
"date":"2013-01-18 08:12:57"
},
{
"kids":[
"zf8MG27uj",
"zf00xpMdh",
"zeZOQyeyM",
"zeZAU1wX1",
"zeZAIq93l"
],
"uid":"1431310785",
"parent":"zeZs98bZq",
"text":"啊！真可惜。",
"mid":"zeZA9xVri",
"date":"2013-01-18 08:12:23"
},
{
"kids":[],
"uid":"2312492734",
"parent":"zeZvBndfu",
"text":"我就知道滑雪会死人，都没人信。那个荷兰王子醒过来没？",
"mid":"zeZzxcKSu",
"date":"2013-01-18 08:10:50"
},
{
"kids":[],
"uid":"2317432360",
"parent":"zeZxjb0xM",
"text":"[蜡烛]",
"mid":"zeZzcakE4",
"date":"2013-01-18 08:10:01"
},
{
"kids":[
"zeZGPhOvW"
],
"uid":"locklk",
"parent":"zeZsU92Wh",
"text":"扯的吧",
"mid":"zeZyvAZjo",
"date":"2013-01-18 08:08:20"
},
{
"kids":[],
"uid":"candygirlbyy",
"parent":"",
"text":"我擦，不是吧",
"mid":"zeZymrqlD",
"date":"2013-01-18 08:07:58"
},
{
"kids":[
"zeZzcakE4"
],
"uid":"ustchorus",
"parent":"zeXghyYjZ",
"text":"[蜡烛]",
"mid":"zeZxjb0xM",
"date":"2013-01-18 08:05:22"
},
{
"kids":[
"zeZMXhg5h",
"zeZCXluRr",
"zeZzxcKSu"
],
"uid":"aloupuhgan",
"parent":"zeZl3qQ41",
"text":"啊？！",
"mid":"zeZvBndfu",
"date":"2013-01-18 08:01:09"
},
{
"kids":[],
"uid":"1430428017",
"parent":"zeZtOAL2F",
"text":"已证实是假消息啦",
"mid":"zeZvwCIag",
"date":"2013-01-18 08:00:59"
},
{
"kids":[],
"uid":"2215490331",
"parent":"zeZsU92Wh",
"text":"不是吧？",
"mid":"zeZuo1oNU",
"date":"2013-01-18 07:58:11"
},
{
"kids":[],
"uid":"czy53",
"parent":"",
"text":"假的，国外媒体辟谣了",
"mid":"zeZtQEQav",
"date":"2013-01-18 07:56:50"
},
{
"kids":[],
"uid":"cctv215",
"parent":"zeZs98bZq",
"text":"假的！",
"mid":"zeZtQDo37",
"date":"2013-01-18 07:56:50"
},
{
"kids":[
"zeZvwCIag"
],
"uid":"1430428017",
"parent":"",
"text":"他这是去滑野雪了吧。。。",
"mid":"zeZtOAL2F",
"date":"2013-01-18 07:56:45"
},
{
"kids":[
"zeZI23Pbo"
],
"uid":"purplewingmj",
"parent":"zeZnVknam",
"text":"我去……啥情况？",
"mid":"zeZtD4H3s",
"date":"2013-01-18 07:56:17"
},
{
"kids":[
"zeZVHeNz7",
"zeZyvAZjo",
"zeZuo1oNU"
],
"uid":"1686400743",
"parent":"",
"text":"百度搜了一下！假新闻吧！据说那个网站是个发布假新闻的平台，输入人名儿和细节就能生成假新闻！百度一下。",
"mid":"zeZsU92Wh",
"date":"2013-01-18 07:54:31"
},
{
"kids":[
"zf0ue3ws4",
"zeZIqzTbU",
"zeZA9xVri",
"zeZtQDo37"
],
"uid":"1406025113",
"parent":"zeZr2AnlH",
"text":"[蜡烛][蜡烛][蜡烛]",
"mid":"zeZs98bZq",
"date":"2013-01-18 07:52:39"
},
{
"kids":[
"zeZs98bZq"
],
"uid":"1223541410",
"parent":"",
"text":"？？",
"mid":"zeZr2AnlH",
"date":"2013-01-18 07:49:55"
},
{
"kids":[],
"uid":"happytulip2012",
"parent":"zeZotjZiW",
"text":"辟谣了，恶作剧",
"mid":"zeZqqvz3t",
"date":"2013-01-18 07:48:24"
},
{
"kids":[
"zf3UayL8Z"
],
"uid":"1265261867",
"parent":"zeZotjZiW",
"text":"@闹闹小饼干真的假的",
"mid":"zeZoWAvMM",
"date":"2013-01-18 07:44:46"
},
{
"kids":[
"zeZqqvz3t",
"zeZoWAvMM"
],
"uid":"liuhuazhen",
"parent":"zeZl3qQ41",
"text":"WHAT?!!!!",
"mid":"zeZotjZiW",
"date":"2013-01-18 07:43:37"
},
{
"kids":[
"zeZCRptxw",
"zeZtD4H3s"
],
"uid":"337089678",
"parent":"",
"text":"神马！！！天气预报员就这么。。没了？？",
"mid":"zeZnVknam",
"date":"2013-01-18 07:42:14"
},
{
"kids":[],
"uid":"bettyfu777",
"parent":"zeXdPF6iT",
"text":"@人形土豆痴番茄 啥玩意？！！！",
"mid":"zeZmleGIi",
"date":"2013-01-18 07:38:21"
},
{
"kids":[
"zf0eG8vvw",
"zeZvBndfu",
"zeZotjZiW"
],
"uid":"2317078807",
"parent":"zeWUNvHjH",
"text":"？！",
"mid":"zeZl3qQ41",
"date":"2013-01-18 07:35:10"
},
{
"kids":[],
"uid":"gabrielle618",
"parent":"",
"text":"[吃惊][吃惊][吃惊][可怜][失望]@马克大魔王哈哈哈",
"mid":"zeZ8Nsbbc",
"date":"2013-01-18 07:04:58"
},
{
"kids":[],
"uid":"1589023801",
"parent":"zeWL2hKMk",
"text":"",
"mid":"zeZ38p4wi",
"date":"2013-01-18 06:51:01"
},
{
"kids":[
"zf0mq0WnL"
],
"uid":"huinasw",
"parent":"",
"text":"什么！！[蜡烛][蜡烛][蜡烛]@素素姐keepwalking",
"mid":"zeYZw7xMi",
"date":"2013-01-18 06:42:07"
},
{
"kids":[],
"uid":"1829165041",
"parent":"zeXdPF6iT",
"text":"假的，扯淡的！",
"mid":"zeYQZcTpn",
"date":"2013-01-18 06:21:06"
},
{
"kids":[],
"uid":"irubyjue",
"parent":"",
"text":"啊",
"mid":"zeYyhEheW",
"date":"2013-01-18 05:35:02"
},
{
"kids":[],
"uid":"1302783630",
"parent":"",
"text":"昨天才在长途巴士上看伊朗电影，讲一个女的滑雪摔死了",
"mid":"zeYfDqQiF",
"date":"2013-01-18 04:49:04"
},
{
"kids":[],
"uid":"1756380787",
"parent":"",
"text":"really?[蜡烛]",
"mid":"zeY9wji0C",
"date":"2013-01-18 04:34:01"
},
{
"kids":[],
"uid":"2011372185",
"parent":"",
"text":"真的吗？",
"mid":"zeY3GADG9",
"date":"2013-01-18 04:19:39"
},
{
"kids":[],
"uid":"harrisonyang",
"parent":"",
"text":"真假的？！[惊恐]",
"mid":"zeY2hrnYu",
"date":"2013-01-18 04:16:11"
},
{
"kids":[],
"uid":"2143783961",
"parent":"zeXlksRkP",
"text":"不的哦 凯奇死了 ？？ 草",
"mid":"zeY2fFuGR",
"date":"2013-01-18 04:16:07"
},
{
"kids":[],
"uid":"2919970892",
"parent":"",
"text":"",
"mid":"zeXJBq3l5",
"date":"2013-01-18 03:30:09"
},
{
"kids":[],
"uid":"2414283344",
"parent":"zeXaR1sZz",
"text":"但愿是假消息，但愿他安好。",
"mid":"zeXJnv9Uf",
"date":"2013-01-18 03:29:36"
},
{
"kids":[],
"uid":"2276447793",
"parent":"zeXarz8Nh",
"text":"",
"mid":"zeXwq7oVD",
"date":"2013-01-18 02:57:41"
},
{
"kids":[],
"uid":"1883093674",
"parent":"zeWUNvHjH",
"text":"真的么？[蜡烛]",
"mid":"zeXvk7sTo",
"date":"2013-01-18 02:54:59"
},
{
"kids":[
"zkNZN6NsX"
],
"uid":"godigs",
"parent":"",
"text":"假的，他不能死，他死了tom waits找谁借钱去!",
"mid":"zeXpsnno6",
"date":"2013-01-18 02:40:32"
},
{
"kids":[],
"uid":"1606225613",
"parent":"",
"text":"我去!真的假的啊！凯奇死了?还是这么奇葩的死法?!",
"mid":"zeXm2xglR",
"date":"2013-01-18 02:32:07"
},
{
"kids":[
"zeY2fFuGR"
],
"uid":"candymiyabi",
"parent":"",
"text":"不会吧！我超喜欢他…怎么这样…上帝也爱看空中监狱吗！[泪]",
"mid":"zeXlksRkP",
"date":"2013-01-18 02:30:21"
},
{
"kids":[
"zeZxjb0xM"
],
"uid":"1910447983",
"parent":"",
"text":"啥啥啥？？",
"mid":"zeXghyYjZ",
"date":"2013-01-18 02:17:55"
},
{
"kids":[
"zeZmleGIi",
"zeYQZcTpn"
],
"uid":"1891227883",
"parent":"",
"text":"凯奇死了？",
"mid":"zeXdPF6iT",
"date":"2013-01-18 02:11:54"
},
{
"kids":[],
"uid":"vegaplus",
"parent":"",
"text":"哈？？不是吧！！！",
"mid":"zeXcqdf4A",
"date":"2013-01-18 02:08:25"
},
{
"kids":[
"zeXJnv9Uf"
],
"uid":"1829365593",
"parent":"zeWXTzwdQ",
"text":"农民们知道这个专做假消息的网站吗？",
"mid":"zeXaR1sZz",
"date":"2013-01-18 02:04:32"
},
{
"kids":[
"zeXwq7oVD"
],
"uid":"wgy199169",
"parent":"",
"text":"不是吧？？？？？？？？？？？？？？？？？、",
"mid":"zeXarz8Nh",
"date":"2013-01-18 02:03:33"
},
{
"kids":[],
"uid":"esotsm",
"parent":"",
"text":"。。。太假了= =吧？",
"mid":"zeWZG6Zmj",
"date":"2013-01-18 01:37:01"
},
{
"kids":[
"zeXaR1sZz"
],
"uid":"tripazin",
"parent":"",
"text":"希望是假消息",
"mid":"zeWXTzwdQ",
"date":"2013-01-18 01:32:38"
},
{
"kids":[],
"uid":"2328845040",
"parent":"",
"text":"这不是真的[吃惊]",
"mid":"zeWXk81KT",
"date":"2013-01-18 01:31:13"
},
{
"kids":[],
"uid":"everythingfuckup",
"parent":"",
"text":"假的",
"mid":"zeWX52vrO",
"date":"2013-01-18 01:30:37"
},
{
"kids":[
"zf0JAFJyr"
],
"uid":"2613916114",
"parent":"zeWOAqJ1q",
"text":"靠。。。",
"mid":"zeWUSx6UM",
"date":"2013-01-18 01:25:12"
},
{
"kids":[
"zf2pWuY8Y",
"zeZl3qQ41",
"zeXvk7sTo"
],
"uid":"jonathon0318",
"parent":"zeWUqqE61",
"text":"shit！",
"mid":"zeWUNvHjH",
"date":"2013-01-18 01:25:00"
},
{
"kids":[],
"uid":"magicalmoment",
"parent":"zeWSqk1rw",
"text":"google了一下 發出消息的是個不知名的網站 目前沒有大型媒體報道 還是靜待音信咯",
"mid":"zeWUNe63M",
"date":"2013-01-18 01:24:58"
},
{
"kids":[
"zeWUNvHjH"
],
"uid":"1498660625",
"parent":"",
"text":"Oh! No!",
"mid":"zeWUqqE61",
"date":"2013-01-18 01:24:05"
},
{
"kids":[],
"uid":"2384498081",
"parent":"",
"text":"误传？[吃惊]",
"mid":"zeWTJzHM9",
"date":"2013-01-18 01:22:23"
},
{
"kids":[
"zeWUNe63M"
],
"uid":"gu6vision",
"parent":"",
"text":"不说是假消息么？不说去年就滑雪死过了么？千万别是真的……",
"mid":"zeWSqk1rw",
"date":"2013-01-18 01:19:09"
},
{
"kids":[],
"uid":"yiganchong",
"parent":"",
"text":"不会吧！？[蜡烛]",
"mid":"zeWS7r38y",
"date":"2013-01-18 01:18:24"
},
{
"kids":[
"zeZTX2Gm6"
],
"uid":"cgjing",
"parent":"",
"text":"不是真的吧。。不能相信呐。。Variety没有报啊。。",
"mid":"zeWQroeB8",
"date":"2013-01-18 01:14:15"
},
{
"kids":[
"zeZWjBwBb"
],
"uid":"jahrootman",
"parent":"",
"text":"@舒宅意念服务生NN",
"mid":"zeWQ0uJLJ",
"date":"2013-01-18 01:13:12"
},
{
"kids":[],
"uid":"mrkkk",
"parent":"",
"text":"求证实",
"mid":"zeWPhzI1X",
"date":"2013-01-18 01:11:24"
},
{
"kids":[
"zf0pIdAie",
"zeWUSx6UM"
],
"uid":"2384236751",
"parent":"",
"text":"天堂见！",
"mid":"zeWOAqJ1q",
"date":"2013-01-18 01:09:42"
},
{
"kids":[],
"uid":"2611823913",
"parent":"zeWK6Fhvn",
"text":"",
"mid":"zeWNilS8X",
"date":"2013-01-18 01:06:31"
},
{
"kids":[],
"uid":"letitbe1",
"parent":"",
"text":"@马梓超 超哥小心!!!",
"mid":"zeWN3zggp",
"date":"2013-01-18 01:05:56"
},
{
"kids":[],
"uid":"tripazin",
"parent":"",
"text":"他是我最爱的电影演员[泪][泪][泪][蜡烛][蜡烛][蜡烛]",
"mid":"zeWMogOVP",
"date":"2013-01-18 01:04:16"
},
{
"kids":[
"zeZ38p4wi"
],
"uid":"2667817193",
"parent":"",
"text":"啊 真的吗 不敢相信！",
"mid":"zeWL2hKMk",
"date":"2013-01-18 01:00:56"
},
{
"kids":[],
"uid":"ironzhengg",
"parent":"",
"text":"求辟谣",
"mid":"zeWKVfFP3",
"date":"2013-01-18 01:00:39"
},
{
"kids":[],
"uid":"guwawaqiao",
"parent":"",
"text":"不相信不相信不相信！！！！！[泪][泪][泪]",
"mid":"zeWKcDdbK",
"date":"2013-01-18 00:58:53"
},
{
"kids":[
"zeWNilS8X"
],
"uid":"laohonglaohong",
"parent":"",
"text":"假的吧？",
"mid":"zeWK6Fhvn",
"date":"2013-01-18 00:58:38"
},
{
"kids":[],
"uid":"1930370077",
"parent":"",
"text":"真的么，不敢相信，2013才刚开始[悲伤]",
"mid":"zeWJM2dMF",
"date":"2013-01-18 00:57:48"
},
{
"kids":[],
"uid":"2723401450",
"parent":"",
"text":"不会吧？！[吃惊]",
"mid":"zeWJ4xRlE",
"date":"2013-01-18 00:56:07"
}
]