[
{
"kids":[],
"uid":"1882274122",
"parent":"",
"text":"[吃惊]",
"mid":"yztnUu3eY",
"date":"2012-08-30 02:06:24"
},
{
"kids":[],
"uid":"2808029424",
"parent":"",
"text":"",
"mid":"ywHBzryWR",
"date":"2012-08-11 20:47:34"
},
{
"kids":[],
"uid":"tanker120",
"parent":"",
"text":"靠！",
"mid":"ywDJckKE9",
"date":"2012-08-11 10:55:22"
},
{
"kids":[],
"uid":"2808029352",
"parent":"",
"text":"",
"mid":"ywxz9CEFF",
"date":"2012-08-10 19:14:12"
},
{
"kids":[],
"uid":"1258619003",
"parent":"",
"text":"做个名人～～～真不容易，～这肉多钱一斤？",
"mid":"ywxeJuywS",
"date":"2012-08-10 18:23:52"
},
{
"kids":[],
"uid":"206632456",
"parent":"ywlZ7rBtv",
"text":"",
"mid":"ywx2CmFAI",
"date":"2012-08-10 17:53:59"
},
{
"kids":[],
"uid":"atyy0123",
"parent":"ywunh95Re",
"text":"所以都话啊！",
"mid":"ywwnUftMV",
"date":"2012-08-10 16:13:42"
},
{
"kids":[],
"uid":"1940417463",
"parent":"ywuDXmT23",
"text":"",
"mid":"yww1naQzm",
"date":"2012-08-10 15:18:12"
},
{
"kids":[],
"uid":"1892270274",
"parent":"ywuJ7lFWs",
"text":"@制毒所小夜",
"mid":"ywv3VcHlk",
"date":"2012-08-10 12:51:45"
},
{
"kids":[],
"uid":"1863965204",
"parent":"ywv2CxK2u",
"text":"他的辉煌无人取代没必要装来讨骂",
"mid":"ywv3J3qgS",
"date":"2012-08-10 12:51:15"
},
{
"kids":[
"ywv3J3qgS"
],
"uid":"1881924764",
"parent":"",
"text":"反正我不信他是装的",
"mid":"ywv2CxK2u",
"date":"2012-08-10 12:48:33"
},
{
"kids":[],
"uid":"271492277",
"parent":"ywuJ7lFWs",
"text":"妈呀 这照片[抓狂]刘翔要挺住[泪]",
"mid":"ywuKMufLp",
"date":"2012-08-10 12:04:35"
},
{
"kids":[
"ywv3VcHlk",
"ywuKMufLp"
],
"uid":"superjuniorelf18",
"parent":"ywuDXmT23",
"text":"",
"mid":"ywuJ7lFWs",
"date":"2012-08-10 12:00:29"
},
{
"kids":[],
"uid":"338288878",
"parent":"",
"text":"",
"mid":"ywuGeB0l9",
"date":"2012-08-10 11:53:23"
},
{
"kids":[
"yww1naQzm",
"ywuJ7lFWs"
],
"uid":"1881924764",
"parent":"ywjC9DOzY",
"text":"谁还敢说刘翔是装的@咗乜野",
"mid":"ywuDXmT23",
"date":"2012-08-10 11:47:45"
},
{
"kids":[],
"uid":"1867344190",
"parent":"ywq3p25LI",
"text":"作孽",
"mid":"ywuzq58WO",
"date":"2012-08-10 11:36:33"
},
{
"kids":[],
"uid":"1426062593",
"parent":"",
"text":"",
"mid":"ywuwUCbfE",
"date":"2012-08-10 11:30:23"
},
{
"kids":[],
"uid":"mrlittleblack",
"parent":"ywunh95Re",
"text":"！！！！！！！！！！",
"mid":"ywuqJ3Rlp",
"date":"2012-08-10 11:15:08"
},
{
"kids":[],
"uid":"1312825732",
"parent":"ywq3p25LI",
"text":"哎。",
"mid":"ywuoEy5N2",
"date":"2012-08-10 11:10:04"
},
{
"kids":[
"ywwnUftMV",
"ywuqJ3Rlp"
],
"uid":"babybluestephanie",
"parent":"ywdUswNHL",
"text":"我艹 [生病]体到都觉得痛啊",
"mid":"ywunh95Re",
"date":"2012-08-10 11:06:39"
},
{
"kids":[],
"uid":"1993915591",
"parent":"ywno22Rqv",
"text":"[可怜]",
"mid":"ywtSLpGaC",
"date":"2012-08-10 09:51:28"
},
{
"kids":[],
"uid":"1971841537",
"parent":"ywpLsd8qS",
"text":"政府继续愚弄我们吧，顺带着刘悲催。一个简单的失误可以炒作成这样，我只能认为tmd[神马][浮云]",
"mid":"ywtA9t236",
"date":"2012-08-10 09:05:39"
},
{
"kids":[
"ywuzq58WO",
"ywuoEy5N2"
],
"uid":"1526124194",
"parent":"ywpLsd8qS",
"text":"成名的代价",
"mid":"ywq3p25LI",
"date":"2012-08-10 00:06:43"
},
{
"kids":[],
"uid":"2651635103",
"parent":"ywpLsd8qS",
"text":"我觉得最奇怪的是羽毛球那件事很多人坚持说比赛不是为了取悦观众，这次么又骂刘翔对不起观众。退吧说没体育精神，现在又说知道不行还比就是装，还让不让人活了…",
"mid":"ywq1w0pHr",
"date":"2012-08-10 00:02:03"
},
{
"kids":[
"ywtA9t236",
"ywq3p25LI",
"ywq1w0pHr"
],
"uid":"1745749954",
"parent":"ywpsIBxQI",
"text":"已经这样了媒体公众还得接着操他，先不论照片真假，真的觉得这样的人生很悲催。",
"mid":"ywpLsd8qS",
"date":"2012-08-09 23:22:27"
},
{
"kids":[],
"uid":"2407978962",
"parent":"ywpAHyQDw",
"text":"[泪]",
"mid":"ywpFlE0wk",
"date":"2012-08-09 23:07:28"
},
{
"kids":[
"ywpFlE0wk"
],
"uid":"1259989153",
"parent":"ywlRYsV39",
"text":"祝福刘翔早日康复",
"mid":"ywpAHyQDw",
"date":"2012-08-09 22:56:00"
},
{
"kids":[
"ywpLsd8qS"
],
"uid":"511511236",
"parent":"ywjMtnxe8",
"text":"作孽作孽，放下吧退役吧，身体最重要",
"mid":"ywpsIBxQI",
"date":"2012-08-09 22:36:18"
},
{
"kids":[],
"uid":"russellyin",
"parent":"ywkTE78Dm",
"text":"能拍出这样的照片还不叫做秀？呵呵！此地无银三百两！",
"mid":"ywp8gDDdW",
"date":"2012-08-09 21:45:57"
},
{
"kids":[],
"uid":"yang1hzy",
"parent":"",
"text":"",
"mid":"ywoIrCA6o",
"date":"2012-08-09 20:42:22"
},
{
"kids":[],
"uid":"1763328784",
"parent":"ywnSLEJdB",
"text":"哎，又必要罚，当群众都是瞎子。",
"mid":"ywoxbpe4e",
"date":"2012-08-09 20:14:35"
},
{
"kids":[],
"uid":"2258943600",
"parent":"",
"text":"",
"mid":"ywo7Rseet",
"date":"2012-08-09 19:12:13"
},
{
"kids":[
"ywoxbpe4e"
],
"uid":"2007686485",
"parent":"ywnlL5hyk",
"text":"我澄清一下刘翔这次是微创手术'而且还没做呢。别乱传",
"mid":"ywnSLEJdB",
"date":"2012-08-09 18:35:02"
},
{
"kids":[],
"uid":"2421994255",
"parent":"ywnDtFMI2",
"text":"这个是真的吗？到底是哪个脚啊",
"mid":"ywnGAEkKn",
"date":"2012-08-09 18:04:59"
},
{
"kids":[
"ywnGAEkKn"
],
"uid":"1763328784",
"parent":"ywno22Rqv",
"text":"突然发觉这个是左脚？他不是伤右脚吗。",
"mid":"ywnDtFMI2",
"date":"2012-08-09 17:57:22"
},
{
"kids":[
"ywtSLpGaC",
"ywnDtFMI2"
],
"uid":"1673559903",
"parent":"ywnlL5hyk",
"text":"",
"mid":"ywno22Rqv",
"date":"2012-08-09 17:19:18"
},
{
"kids":[
"ywnSLEJdB",
"ywno22Rqv"
],
"uid":"2246250530",
"parent":"",
"text":"@shiningkitty @糖糖绵心",
"mid":"ywnlL5hyk",
"date":"2012-08-09 17:13:42"
},
{
"kids":[],
"uid":"1795484371",
"parent":"",
"text":"动手术[泪]手术完了以后必须好！",
"mid":"ywngyoJ3n",
"date":"2012-08-09 17:00:53"
},
{
"kids":[],
"uid":"lijiajiegeshui",
"parent":"ywfPBiOk1",
"text":"",
"mid":"ywmW711dL",
"date":"2012-08-09 16:10:32"
},
{
"kids":[],
"uid":"2705096710",
"parent":"ywl1HcjgU",
"text":"不服输、不放弃的精神，[good]",
"mid":"ywmJfrXFs",
"date":"2012-08-09 15:38:50"
},
{
"kids":[],
"uid":"1813180020",
"parent":"",
"text":"@善解人意小姐 @二马越越 @suny261",
"mid":"ywmgXb6JZ",
"date":"2012-08-09 14:29:05"
},
{
"kids":[],
"uid":"uc53196922",
"parent":"",
"text":"刘翔有那么厚的脂肪层？你全家的。",
"mid":"ywm0n8QNV",
"date":"2012-08-09 13:48:15"
},
{
"kids":[
"ywx2CmFAI"
],
"uid":"1847856175",
"parent":"",
"text":"刘翔，太不容易了",
"mid":"ywlZ7rBtv",
"date":"2012-08-09 13:45:09"
},
{
"kids":[],
"uid":"2127561520",
"parent":"",
"text":"这里不是跟腱是哪里？望指教。我看到了脚后跟[泪]",
"mid":"ywlYqzcaY",
"date":"2012-08-09 13:43:27"
},
{
"kids":[],
"uid":"247391807",
"parent":"ywlJ9fooD",
"text":"心疼心疼~",
"mid":"ywlUOBMx4",
"date":"2012-08-09 13:34:35"
},
{
"kids":[],
"uid":"2283592825",
"parent":"",
"text":"可怜的娃。。。[可怜]",
"mid":"ywlThsabC",
"date":"2012-08-09 13:30:47"
},
{
"kids":[
"ywpAHyQDw"
],
"uid":"1357871893",
"parent":"ywlJ9fooD",
"text":"一些人该闭嘴了吧",
"mid":"ywlRYsV39",
"date":"2012-08-09 13:27:35"
},
{
"kids":[
"ywlUOBMx4",
"ywlRYsV39"
],
"uid":"123198703",
"parent":"ywlGIy1Wn",
"text":"啧啧啧~~~",
"mid":"ywlJ9fooD",
"date":"2012-08-09 13:05:50"
},
{
"kids":[],
"uid":"breezelan1",
"parent":"ywlE1zKjQ",
"text":"",
"mid":"ywlIH9oMW",
"date":"2012-08-09 13:04:43"
},
{
"kids":[
"ywlJ9fooD"
],
"uid":"2127561520",
"parent":"ywlAMBsv8",
"text":"",
"mid":"ywlGIy1Wn",
"date":"2012-08-09 12:59:51"
},
{
"kids":[
"ywlIH9oMW"
],
"uid":"2057369955",
"parent":"",
"text":"[good]",
"mid":"ywlE1zKjQ",
"date":"2012-08-09 12:53:13"
},
{
"kids":[
"ywlGIy1Wn"
],
"uid":"1364040562",
"parent":"ywlA9mfPb",
"text":"",
"mid":"ywlAMBsv8",
"date":"2012-08-09 12:45:14"
},
{
"kids":[],
"uid":"zhangxiaolan",
"parent":"ywdVZFSv8",
"text":"@杨甫2012",
"mid":"ywlACh3eg",
"date":"2012-08-09 12:44:48"
},
{
"kids":[
"ywlAMBsv8"
],
"uid":"1607303204",
"parent":"ywjBO2hZX",
"text":"[赞]",
"mid":"ywlA9mfPb",
"date":"2012-08-09 12:43:39"
},
{
"kids":[],
"uid":"ycj0825",
"parent":"ywlfmpfNU",
"text":"真的还是假的？不是还没开么",
"mid":"ywlkMnoG8",
"date":"2012-08-09 12:05:48"
},
{
"kids":[
"ywlkMnoG8"
],
"uid":"2266851882",
"parent":"",
"text":"可怜的。。。牺牲品了",
"mid":"ywlfmpfNU",
"date":"2012-08-09 11:52:26"
},
{
"kids":[],
"uid":"2266851882",
"parent":"ywkZrsbwi",
"text":"[泪]",
"mid":"ywleuCV43",
"date":"2012-08-09 11:50:19"
},
{
"kids":[],
"uid":"1839559865",
"parent":"ywlayxjG5",
"text":"假的，图片是以前一家美国医疗机构的广告",
"mid":"ywlbghOo3",
"date":"2012-08-09 11:42:21"
},
{
"kids":[
"ywlbghOo3"
],
"uid":"lilith1119",
"parent":"ywkZrsbwi",
"text":"假的吧",
"mid":"ywlayxjG5",
"date":"2012-08-09 11:40:37"
},
{
"kids":[
"ywmJfrXFs"
],
"uid":"2368904084",
"parent":"ywjBO2hZX",
"text":"刘翔早日康复 @夏河",
"mid":"ywl1HcjgU",
"date":"2012-08-09 11:18:47"
},
{
"kids":[],
"uid":"cqh1022",
"parent":"",
"text":"",
"mid":"ywkZIkHuE",
"date":"2012-08-09 11:13:52"
},
{
"kids":[
"ywleuCV43",
"ywlayxjG5"
],
"uid":"1886099602",
"parent":"",
"text":"由!!!!!!",
"mid":"ywkZrsbwi",
"date":"2012-08-09 11:13:14"
},
{
"kids":[],
"uid":"hwangloong",
"parent":"",
"text":"回复@烏加特-蝕影:哎呀。上海佬好休息的，轮到杭州佬表演地。[偷笑]",
"mid":"ywkYxkMtx",
"date":"2012-08-09 11:11:00"
},
{
"kids":[],
"uid":"210107915",
"parent":"ywkKYDxKV",
"text":"",
"mid":"ywkXcg4xc",
"date":"2012-08-09 11:07:43"
},
{
"kids":[
"ywp8gDDdW"
],
"uid":"1959660807",
"parent":"ywhS0CFoq",
"text":"",
"mid":"ywkTE78Dm",
"date":"2012-08-09 10:58:58"
},
{
"kids":[],
"uid":"ladywin",
"parent":"ywkKYDxKV",
"text":"额滴神[感叹号][感叹号][感叹号][祈祷][祈祷][祈祷]",
"mid":"ywkQHf2oi",
"date":"2012-08-09 10:51:42"
},
{
"kids":[],
"uid":"1932060187",
"parent":"ywkKYDxKV",
"text":"像肉铺里买的牛腱子肉",
"mid":"ywkNQfVAi",
"date":"2012-08-09 10:44:39"
},
{
"kids":[
"ywkXcg4xc",
"ywkQHf2oi",
"ywkNQfVAi"
],
"uid":"2117911985",
"parent":"ywjYe4pGG",
"text":"嘎恐怖[惊恐]",
"mid":"ywkKYDxKV",
"date":"2012-08-09 10:37:35"
},
{
"kids":[],
"uid":"1945727562",
"parent":"ywjYe4pGG",
"text":"天呀",
"mid":"ywkx7lvJ5",
"date":"2012-08-09 10:03:25"
},
{
"kids":[],
"uid":"208084605",
"parent":"ywe50vINJ",
"text":"",
"mid":"ywknPaLkp",
"date":"2012-08-09 09:40:33"
},
{
"kids":[],
"uid":"2158639100",
"parent":"ywhak9ugh",
"text":"刘翔你是我们永远的英雄!那些只会妄加评论的人,闭嘴吧!",
"mid":"ywkfzEe2w",
"date":"2012-08-09 09:20:13"
},
{
"kids":[],
"uid":"1161482522",
"parent":"",
"text":"",
"mid":"ywkaHDnd9",
"date":"2012-08-09 09:08:13"
},
{
"kids":[],
"uid":"2375807242",
"parent":"",
"text":"噢 我的天 再一次难过",
"mid":"ywka3bKFI",
"date":"2012-08-09 09:06:36"
},
{
"kids":[],
"uid":"jolisa56",
"parent":"ywk2tmbSC",
"text":"悲",
"mid":"ywk6LgHKP",
"date":"2012-08-09 08:58:29"
},
{
"kids":[],
"uid":"2662657061",
"parent":"ywk2tmbSC",
"text":"",
"mid":"ywk2MgoUa",
"date":"2012-08-09 08:48:42"
},
{
"kids":[
"ywk6LgHKP",
"ywk2MgoUa"
],
"uid":"mrdongcai",
"parent":"ywjUs2Ebq",
"text":"",
"mid":"ywk2tmbSC",
"date":"2012-08-09 08:47:57"
},
{
"kids":[],
"uid":"zf50030326",
"parent":"ywjC9DOzY",
"text":"呵呵，我只笑笑，并且笑而不语。",
"mid":"ywjYDc5YC",
"date":"2012-08-09 08:38:29"
},
{
"kids":[
"ywkKYDxKV",
"ywkx7lvJ5"
],
"uid":"1935553675",
"parent":"ywjXjBycR",
"text":"哇，也不用解释的这么赤裸裸吧！！大清早的，刚刚吃好早饭耶！！",
"mid":"ywjYe4pGG",
"date":"2012-08-09 08:37:28"
},
{
"kids":[
"ywjYe4pGG"
],
"uid":"ying0gniy",
"parent":"ywjSgo3wR",
"text":"",
"mid":"ywjXjBycR",
"date":"2012-08-09 08:35:14"
},
{
"kids":[],
"uid":"2246250530",
"parent":"ywjQbyvfd",
"text":"刘翔可怜啊~~",
"mid":"ywjUKlOwd",
"date":"2012-08-09 08:28:55"
},
{
"kids":[
"ywk2tmbSC"
],
"uid":"1938029115",
"parent":"ywjQbyvfd",
"text":"好可怜..[委屈]",
"mid":"ywjUs2Ebq",
"date":"2012-08-09 08:28:11"
},
{
"kids":[
"ywjXjBycR"
],
"uid":"2214172010",
"parent":"ywgunfAou",
"text":"",
"mid":"ywjSgo3wR",
"date":"2012-08-09 08:22:48"
},
{
"kids":[
"ywjUKlOwd",
"ywjUs2Ebq"
],
"uid":"soloballet",
"parent":"ywjC9DOzY",
"text":"实在是因为太多人不相信",
"mid":"ywjQbyvfd",
"date":"2012-08-09 08:17:40"
},
{
"kids":[
"ywpsIBxQI"
],
"uid":"627879123",
"parent":"ywjC9DOzY",
"text":"",
"mid":"ywjMtnxe8",
"date":"2012-08-09 08:08:32"
},
{
"kids":[],
"uid":"1882658127",
"parent":"ywg6jzFO0",
"text":"刘翔都叫屎，你的标准几高喔？我是撑刘翔的！我是看不过眼网上做谣，贴假图的人，特别顶吾顺的是乱甘喷刘翔的人。另外刘翔是9号做手术。",
"mid":"ywjCZALOU",
"date":"2012-08-09 07:45:11"
},
{
"kids":[
"ywuDXmT23",
"ywjYDc5YC",
"ywjQbyvfd",
"ywjMtnxe8"
],
"uid":"danon",
"parent":"ywi2r8K5A",
"text":"[吃惊]",
"mid":"ywjC9DOzY",
"date":"2012-08-09 07:43:07"
},
{
"kids":[
"ywlA9mfPb",
"ywl1HcjgU"
],
"uid":"2171337022",
"parent":"ywfFt5qeO",
"text":"不了解真相的人闭嘴吧，祝福刘翔早日康复",
"mid":"ywjBO2hZX",
"date":"2012-08-09 07:42:15"
},
{
"kids":[],
"uid":"2379626112",
"parent":"",
"text":".....不说了。有疑问的人别给中国丢脸。",
"mid":"ywjsr9fwu",
"date":"2012-08-09 07:19:10"
},
{
"kids":[],
"uid":"kissyfei",
"parent":"ywfG66uuD",
"text":"",
"mid":"ywizBckXQ",
"date":"2012-08-09 05:04:03"
},
{
"kids":[
"ywjC9DOzY"
],
"uid":"1763328784",
"parent":"",
"text":"被操控的自由人，最后还要被曝光这种照片，我不仅叹息，可怜啊，也是一可悲的娃。",
"mid":"ywi2r8K5A",
"date":"2012-08-09 03:42:22"
},
{
"kids":[
"ywkTE78Dm"
],
"uid":"1857951622",
"parent":"",
"text":"看了都疼，刘翔加油",
"mid":"ywhS0CFoq",
"date":"2012-08-09 03:16:41"
},
{
"kids":[],
"uid":"2300100617",
"parent":"",
"text":"我操。心疼。",
"mid":"ywhty7C72",
"date":"2012-08-09 02:16:25"
},
{
"kids":[],
"uid":"hwangloong",
"parent":"",
"text":"演戏有钱拿谁不干，自己有钱赚，团队有钱赚，领导有钱赚，连那记者都有分红。这么好的事谁不干。只是这个演员只能是他，至于伤到底多深多种已经不重要了。",
"mid":"ywhi7zzkL",
"date":"2012-08-09 01:48:16"
},
{
"kids":[],
"uid":"hwangloong",
"parent":"",
"text":"假的吖[汗]",
"mid":"ywhgfaYGg",
"date":"2012-08-09 01:43:37"
},
{
"kids":[
"ywkfzEe2w"
],
"uid":"2314567674",
"parent":"ywgNkpTSR",
"text":"英雄，刘翔!",
"mid":"ywhak9ugh",
"date":"2012-08-09 01:29:03"
},
{
"kids":[],
"uid":"2281486430",
"parent":"ywgUO198c",
"text":"还不晓得是不是真滴列！",
"mid":"ywh3DxBU1",
"date":"2012-08-09 01:12:35"
},
{
"kids":[],
"uid":"2656776571",
"parent":"",
"text":"",
"mid":"ywgUSqUi2",
"date":"2012-08-09 00:51:00"
},
{
"kids":[
"ywh3DxBU1"
],
"uid":"2082024407",
"parent":"ywdKTe1sb",
"text":"酷",
"mid":"ywgUO198c",
"date":"2012-08-09 00:50:49"
},
{
"kids":[
"ywhak9ugh"
],
"uid":"baozhimin",
"parent":"ywgMMpc0S",
"text":"",
"mid":"ywgNkpTSR",
"date":"2012-08-09 00:32:25"
},
{
"kids":[
"ywgNkpTSR"
],
"uid":"xujing119",
"parent":"ywfFt5qeO",
"text":"刘翔英雄！[good]",
"mid":"ywgMMpc0S",
"date":"2012-08-09 00:31:03"
},
{
"kids":[],
"uid":"2244604544",
"parent":"",
"text":"",
"mid":"ywgFncTaC",
"date":"2012-08-09 00:12:49"
},
{
"kids":[],
"uid":"2692408697",
"parent":"",
"text":"刘翔   英雄！",
"mid":"ywgDZtQ8r",
"date":"2012-08-09 00:09:23"
},
{
"kids":[],
"uid":"2082968065",
"parent":"ywforfxCU",
"text":"那翘起来的是神马？骨头？肌肉？",
"mid":"ywgvsAqAt",
"date":"2012-08-08 23:48:23"
},
{
"kids":[],
"uid":"2613575991",
"parent":"",
"text":"",
"mid":"ywgvfjA5A",
"date":"2012-08-08 23:47:48"
},
{
"kids":[
"ywjSgo3wR"
],
"uid":"tuifeijunjun",
"parent":"",
"text":"",
"mid":"ywgunfAou",
"date":"2012-08-08 23:45:42"
},
{
"kids":[],
"uid":"313335666",
"parent":"",
"text":"@冬冬冬冬大大王 @童俊铭EY 自己看！",
"mid":"ywgr7q0rj",
"date":"2012-08-08 23:37:42"
},
{
"kids":[],
"uid":"1790723391",
"parent":"",
"text":"天那",
"mid":"ywgoId2J7",
"date":"2012-08-08 23:31:43"
},
{
"kids":[],
"uid":"2599433592",
"parent":"",
"text":"好明显，刘翔做戏啦，屎[鄙视][鄙视]",
"mid":"ywgcd7XiK",
"date":"2012-08-08 23:00:56"
},
{
"kids":[],
"uid":"2039287874",
"parent":"ywg6D3qsl",
"text":"翔哥 [good]",
"mid":"ywg84AqX8",
"date":"2012-08-08 22:50:46"
},
{
"kids":[
"ywg84AqX8"
],
"uid":"1842887987",
"parent":"",
"text":"跟腱～",
"mid":"ywg6D3qsl",
"date":"2012-08-08 22:47:09"
},
{
"kids":[
"ywjCZALOU"
],
"uid":"2599433592",
"parent":"ywedIEuuU",
"text":"是咯，自己屎仲要装B",
"mid":"ywg6jzFO0",
"date":"2012-08-08 22:46:27"
},
{
"kids":[],
"uid":"2257396295",
"parent":"ywg0jh4gU",
"text":"很好···志同道合",
"mid":"ywg5V42yI",
"date":"2012-08-08 22:45:25"
},
{
"kids":[],
"uid":"2599433592",
"parent":"",
"text":"叼你，叫我看呢D野，都唔知边个只脚@Raincy_ @Crazy__很爱JayChow_Avril [衰]",
"mid":"ywg5zbI4n",
"date":"2012-08-08 22:44:34"
},
{
"kids":[],
"uid":"tudounaliwa",
"parent":"ywdNgmuB0",
"text":"刘翔，你赢了。[奥特曼]",
"mid":"ywg1bmhEd",
"date":"2012-08-08 22:33:47"
},
{
"kids":[
"ywg5V42yI"
],
"uid":"breakdancerkim",
"parent":"yweX40aCw",
"text":"该出来的还是出来了",
"mid":"ywg0jh4gU",
"date":"2012-08-08 22:31:39"
},
{
"kids":[],
"uid":"1734373961",
"parent":"ywdJtqO0P",
"text":"没人有资格去质疑！！！",
"mid":"ywfXdtfx1",
"date":"2012-08-08 22:24:01"
},
{
"kids":[],
"uid":"jackylf",
"parent":"",
"text":"",
"mid":"ywfWN9PCv",
"date":"2012-08-08 22:22:59"
},
{
"kids":[
"ywmW711dL"
],
"uid":"1936392995",
"parent":"ywetjdfqC",
"text":"刚看新闻得知手术时间是明天，就算说这图是假的，但是我还是相信刘翔受伤是真的，英雄早日康复。",
"mid":"ywfPBiOk1",
"date":"2012-08-08 22:05:15"
},
{
"kids":[],
"uid":"1976927687",
"parent":"ywdUswNHL",
"text":"跟腱是这样的？",
"mid":"ywfPoA8DR",
"date":"2012-08-08 22:04:45"
},
{
"kids":[],
"uid":"2507827785",
"parent":"ywfc0kbrN",
"text":"[衰]",
"mid":"ywfPgAJcT",
"date":"2012-08-08 22:04:27"
},
{
"kids":[],
"uid":"1896069323",
"parent":"ywfFt5qeO",
"text":"[泪]",
"mid":"ywfIcEAk1",
"date":"2012-08-08 21:47:02"
},
{
"kids":[],
"uid":"2163937077",
"parent":"ywfFt5qeO",
"text":"作孽，完全断了，又崩了！！！[泪][泪]骂刘翔的傻逼们好好看看，操他妈的！！！",
"mid":"ywfI3fUlJ",
"date":"2012-08-08 21:46:39"
},
{
"kids":[],
"uid":"1769041201",
"parent":"",
"text":"",
"mid":"ywfGj5j2e",
"date":"2012-08-08 21:42:20"
},
{
"kids":[
"ywizBckXQ"
],
"uid":"1795158284",
"parent":"ywfFt5qeO",
"text":"",
"mid":"ywfG66uuD",
"date":"2012-08-08 21:41:49"
},
{
"kids":[
"ywjBO2hZX",
"ywgMMpc0S",
"ywfIcEAk1",
"ywfI3fUlJ",
"ywfG66uuD"
],
"uid":"honeyss817",
"parent":"ywfc0kbrN",
"text":"心都揪起来了…[泪][泪][泪]",
"mid":"ywfFt5qeO",
"date":"2012-08-08 21:40:17"
},
{
"kids":[],
"uid":"2306759055",
"parent":"ywf5NAF0S",
"text":"",
"mid":"ywfDmc97C",
"date":"2012-08-08 21:35:02"
},
{
"kids":[],
"uid":"138186632",
"parent":"ywforfxCU",
"text":"英雄",
"mid":"ywfw3tDH3",
"date":"2012-08-08 21:17:06"
},
{
"kids":[],
"uid":"2058347655",
"parent":"ywdVZFSv8",
"text":"这照片假的吧。。",
"mid":"ywfr4nMQN",
"date":"2012-08-08 21:04:46"
},
{
"kids":[],
"uid":"413815000",
"parent":"ywfc0kbrN",
"text":"",
"mid":"ywfqqw8fr",
"date":"2012-08-08 21:03:11"
},
{
"kids":[],
"uid":"2577135210",
"parent":"",
"text":"其实谁了解 刘翔的痛谁懂。。。。",
"mid":"ywfptoK1p",
"date":"2012-08-08 21:00:54"
},
{
"kids":[
"ywgvsAqAt",
"ywfw3tDH3"
],
"uid":"2447143160",
"parent":"ywfc0kbrN",
"text":"[泪][泪][泪]好痛啊。。。",
"mid":"ywforfxCU",
"date":"2012-08-08 20:58:20"
},
{
"kids":[],
"uid":"2476701782",
"parent":"yweX40aCw",
"text":"早日康复",
"mid":"ywfmnktpu",
"date":"2012-08-08 20:53:15"
},
{
"kids":[
"ywfPgAJcT",
"ywfFt5qeO",
"ywfqqw8fr",
"ywforfxCU"
],
"uid":"1906077473",
"parent":"ywf5NAF0S",
"text":"血腥了",
"mid":"ywfc0kbrN",
"date":"2012-08-08 20:27:42"
},
{
"kids":[],
"uid":"1942635647",
"parent":"",
"text":"",
"mid":"ywf6iCx38",
"date":"2012-08-08 20:13:39"
},
{
"kids":[
"ywfDmc97C",
"ywfc0kbrN"
],
"uid":"2037874327",
"parent":"",
"text":"那些质疑刘翔的人呢，请重新审视自己的言行，别让自己的愚昧给竞技体育添堵",
"mid":"ywf5NAF0S",
"date":"2012-08-08 20:12:26"
},
{
"kids":[],
"uid":"2571640715",
"parent":"",
"text":"早日康复，英雄。",
"mid":"yweZuCun7",
"date":"2012-08-08 19:56:50"
},
{
"kids":[
"ywg0jh4gU",
"ywfmnktpu"
],
"uid":"2257396295",
"parent":"ywetjdfqC",
"text":"俺挺刘翔嗄···",
"mid":"yweX40aCw",
"date":"2012-08-08 19:50:51"
},
{
"kids":[],
"uid":"1919518074",
"parent":"ywe7yyI11",
"text":"请闭嘴了。他的脚都这样了",
"mid":"yweCEo5N2",
"date":"2012-08-08 19:00:34"
},
{
"kids":[],
"uid":"1919518074",
"parent":"ywe7yyI11",
"text":"他的脚啊。。。那些人请你们闭嘴了。",
"mid":"yweCorDjP",
"date":"2012-08-08 18:59:57"
},
{
"kids":[
"ywfPBiOk1",
"yweX40aCw"
],
"uid":"1936392995",
"parent":"",
"text":"此图一出，黑刘翔的人该他妈闭嘴了吧。",
"mid":"ywetjdfqC",
"date":"2012-08-08 18:37:35"
},
{
"kids":[],
"uid":"2239844995",
"parent":"",
"text":"",
"mid":"yweigeFLx",
"date":"2012-08-08 18:10:22"
},
{
"kids":[],
"uid":"1929701567",
"parent":"yweab6ApZ",
"text":"",
"mid":"yweidBFCu",
"date":"2012-08-08 18:10:16"
},
{
"kids":[],
"uid":"0725xiaoyan",
"parent":"ywdVZFSv8",
"text":"安全第一~~保重~！",
"mid":"ywegb7Woj",
"date":"2012-08-08 18:05:14"
},
{
"kids":[],
"uid":"daxizba",
"parent":"ywebu4Hzi",
"text":"@萍no萍 @木-小棉 你們沒白哭了~~",
"mid":"ywefGnRPu",
"date":"2012-08-08 18:03:59"
},
{
"kids":[],
"uid":"1733164115",
"parent":"",
"text":"",
"mid":"ywefDab2B",
"date":"2012-08-08 18:03:53"
},
{
"kids":[],
"uid":"2213749290",
"parent":"",
"text":"就是啊!刘翔伤的是右脚,这张图片是左脚的图片!",
"mid":"ywefh1JxT",
"date":"2012-08-08 18:03:00"
},
{
"kids":[],
"uid":"2213749290",
"parent":"ywe7yyI11",
"text":"",
"mid":"yweenqwEn",
"date":"2012-08-08 18:00:48"
},
{
"kids":[],
"uid":"2146635687",
"parent":"",
"text":"不说，刘翔，，英雄~~~~",
"mid":"ywee1hMtM",
"date":"2012-08-08 17:59:55"
},
{
"kids":[
"ywg6jzFO0"
],
"uid":"1882658127",
"parent":"ywdW6edZx",
"text":"这个貌似假的，下面那张很眼熟，应该是刘翔第一次手术的照片，上面那张看肌肉的构造应该是左脚，刘翔伤的是右脚。",
"mid":"ywedIEuuU",
"date":"2012-08-08 17:59:11"
},
{
"kids":[],
"uid":"2841746162",
"parent":"ywe50vINJ",
"text":"致敬！[爱心传递]",
"mid":"yweci2sAm",
"date":"2012-08-08 17:55:38"
},
{
"kids":[
"ywefGnRPu"
],
"uid":"2393472604",
"parent":"",
"text":"",
"mid":"ywebu4Hzi",
"date":"2012-08-08 17:53:38"
},
{
"kids":[],
"uid":"bclbdtz",
"parent":"yweab6ApZ",
"text":"看着就疼[衰]",
"mid":"yweaQutKO",
"date":"2012-08-08 17:52:06"
},
{
"kids":[
"yweidBFCu",
"yweaQutKO"
],
"uid":"feifeifeelgood",
"parent":"",
"text":"可怜",
"mid":"yweab6ApZ",
"date":"2012-08-08 17:50:27"
},
{
"kids":[],
"uid":"1793092214",
"parent":"ywdMwgCaJ",
"text":"！谁拍的！！",
"mid":"ywe7XFJHw",
"date":"2012-08-08 17:45:00"
},
{
"kids":[
"yweCEo5N2",
"yweCorDjP",
"yweenqwEn"
],
"uid":"jesuisbiebette",
"parent":"",
"text":"照片是真的他的跟腱？不管怎么样 是真是假 我一直都很喜欢他",
"mid":"ywe7yyI11",
"date":"2012-08-08 17:44:01"
},
{
"kids":[],
"uid":"2542836502",
"parent":"ywe6Q03TR",
"text":"忍着这伤跳到了终点，这是非凡的毅力啊！！",
"mid":"ywe7k8HxC",
"date":"2012-08-08 17:43:25"
},
{
"kids":[],
"uid":"2448017144",
"parent":"",
"text":"",
"mid":"ywe6TdJ54",
"date":"2012-08-08 17:42:21"
},
{
"kids":[
"ywe7k8HxC"
],
"uid":"1797993761",
"parent":"ywdW6edZx",
"text":"[可怜][可怜]",
"mid":"ywe6Q03TR",
"date":"2012-08-08 17:42:11"
},
{
"kids":[],
"uid":"1807178471",
"parent":"ywe50vINJ",
"text":"[吃惊]",
"mid":"ywe6erQLQ",
"date":"2012-08-08 17:40:42"
},
{
"kids":[],
"uid":"2024080087",
"parent":"ywe50vINJ",
"text":"...",
"mid":"ywe5PC59l",
"date":"2012-08-08 17:39:45"
},
{
"kids":[
"ywknPaLkp",
"yweci2sAm",
"ywe6erQLQ",
"ywe5PC59l"
],
"uid":"tcanddb",
"parent":"",
"text":"",
"mid":"ywe50vINJ",
"date":"2012-08-08 17:37:43"
},
{
"kids":[],
"uid":"2409539374",
"parent":"",
"text":"刘翔，真不容易！",
"mid":"ywe38EqFc",
"date":"2012-08-08 17:33:07"
},
{
"kids":[],
"uid":"windghost",
"parent":"ywdLLz5X1",
"text":"这图…也叫照片？",
"mid":"ywdYypfQf",
"date":"2012-08-08 17:21:48"
},
{
"kids":[],
"uid":"yuesophia",
"parent":"ywdVZFSv8",
"text":"",
"mid":"ywdXfa6YH",
"date":"2012-08-08 17:18:34"
},
{
"kids":[],
"uid":"2145557710",
"parent":"ywdR6gaDn",
"text":"",
"mid":"ywdWDkdyZ",
"date":"2012-08-08 17:17:03"
},
{
"kids":[
"ywedIEuuU",
"ywe6Q03TR"
],
"uid":"1731774851",
"parent":"",
"text":"[花心]",
"mid":"ywdW6edZx",
"date":"2012-08-08 17:15:43"
},
{
"kids":[
"ywlACh3eg",
"ywfr4nMQN",
"ywegb7Woj",
"ywdXfa6YH"
],
"uid":"shahuasiyecao",
"parent":"",
"text":"早日康复。",
"mid":"ywdVZFSv8",
"date":"2012-08-08 17:15:31"
},
{
"kids":[],
"uid":"2129866512",
"parent":"",
"text":"看到这个图，就有点佩服他了",
"mid":"ywdVdid6k",
"date":"2012-08-08 17:13:36"
},
{
"kids":[
"ywunh95Re",
"ywfPoA8DR"
],
"uid":"fifiycents",
"parent":"",
"text":"只脚生条利？/@Jocelyn_蔯小蕉:好恐怖吖~",
"mid":"ywdUswNHL",
"date":"2012-08-08 17:11:44"
},
{
"kids":[],
"uid":"gongyiren1997",
"parent":"",
"text":"啊啊啊啊啊啊啊！！！",
"mid":"ywdRin9K9",
"date":"2012-08-08 17:03:56"
},
{
"kids":[
"ywdWDkdyZ"
],
"uid":"1897241751",
"parent":"",
"text":"",
"mid":"ywdR6gaDn",
"date":"2012-08-08 17:03:24"
},
{
"kids":[],
"uid":"1840547191",
"parent":"ywdNgmuB0",
"text":"还大家一个真相，胆小者慎入！",
"mid":"ywdQZ9WMg",
"date":"2012-08-08 17:03:10"
},
{
"kids":[],
"uid":"irislinling",
"parent":"ywdMwgCaJ",
"text":"我的妈呀  刘翔  加油！",
"mid":"ywdNHzZOM",
"date":"2012-08-08 16:55:03"
},
{
"kids":[
"ywg1bmhEd",
"ywdQZ9WMg"
],
"uid":"525012967",
"parent":"",
"text":"为刘翔求人品、、、",
"mid":"ywdNgmuB0",
"date":"2012-08-08 16:54:00"
},
{
"kids":[
"ywe7XFJHw",
"ywdNHzZOM"
],
"uid":"germanforever",
"parent":"ywdLLz5X1",
"text":"！！@Ed_艺霏",
"mid":"ywdMwgCaJ",
"date":"2012-08-08 16:52:07"
},
{
"kids":[],
"uid":"chandlersun",
"parent":"",
"text":"",
"mid":"ywdLN5xBZ",
"date":"2012-08-08 16:50:22"
},
{
"kids":[
"ywdYypfQf",
"ywdMwgCaJ"
],
"uid":"678870830",
"parent":"",
"text":"脚伤照片出来了，不多说了，刘翔，英雄。 质疑刘翔作秀的人，请闭嘴！！！！胆小的MM建议不要看图！",
"mid":"ywdLLz5X1",
"date":"2012-08-08 16:50:20"
},
{
"kids":[],
"uid":"wuaigou",
"parent":"",
"text":"",
"mid":"ywdKYx4sY",
"date":"2012-08-08 16:48:23"
},
{
"kids":[
"ywgUO198c"
],
"uid":"2281486430",
"parent":"",
"text":"转发微博。",
"mid":"ywdKTe1sb",
"date":"2012-08-08 16:48:07"
},
{
"kids":[],
"uid":"1575563822",
"parent":"",
"text":"[吃惊]",
"mid":"ywdKGxuU3",
"date":"2012-08-08 16:47:38"
},
{
"kids":[],
"uid":"2834014871",
"parent":"",
"text":"[吃惊]",
"mid":"ywdKepVfX",
"date":"2012-08-08 16:46:32"
},
{
"kids":[],
"uid":"517107898",
"parent":"",
"text":"@兜兜哗哗1103 @jeccytina @叶子妈妈叫三米 @孙菁孙小胖",
"mid":"ywdJW6MOt",
"date":"2012-08-08 16:45:47"
},
{
"kids":[],
"uid":"2238970517",
"parent":"",
"text":"",
"mid":"ywdJwFJak",
"date":"2012-08-08 16:44:48"
},
{
"kids":[
"ywfXdtfx1"
],
"uid":"1913911491",
"parent":"",
"text":"没人有资格去质疑。。。",
"mid":"ywdJtqO0P",
"date":"2012-08-08 16:44:38"
}
]