[
{
"kids":[],
"uid":"3033844720",
"parent":"yCrLpx8PR",
"text":"这个阵仗太吓人了，这些人都不用上班嚒，我只能说成都人民真悠闲、",
"mid":"A0Kwg1QOW",
"date":"2013-07-19 14:51:37"
},
{
"kids":[],
"uid":"1583756262",
"parent":"",
"text":"",
"mid":"zglbbaD49",
"date":"2013-01-27 05:01:35"
},
{
"kids":[],
"uid":"2919969180",
"parent":"",
"text":"",
"mid":"zg9WkFyoO",
"date":"2013-01-26 00:24:47"
},
{
"kids":[],
"uid":"2920106562",
"parent":"",
"text":"",
"mid":"zfrrXpIzv",
"date":"2013-01-21 07:09:06"
},
{
"kids":[],
"uid":"2920230490",
"parent":"",
"text":"",
"mid":"zfoh8tN6I",
"date":"2013-01-20 23:04:12"
},
{
"kids":[],
"uid":"2920435970",
"parent":"yCrYR5j6u",
"text":"",
"mid":"z8xLJDq3u",
"date":"2012-12-06 22:22:11"
},
{
"kids":[],
"uid":"2802931560",
"parent":"yCrYR5j6u",
"text":"",
"mid":"z8xLJDq0g",
"date":"2012-12-06 22:22:07"
},
{
"kids":[],
"uid":"2920559430",
"parent":"yCrYR5j6u",
"text":"",
"mid":"z8oe2ivoU",
"date":"2012-12-05 22:04:23"
},
{
"kids":[],
"uid":"2803443302",
"parent":"",
"text":"",
"mid":"z855rkeLu",
"date":"2012-12-03 21:21:02"
},
{
"kids":[],
"uid":"1776247490",
"parent":"",
"text":"",
"mid":"z7OzXjYTT",
"date":"2012-12-02 03:19:33"
},
{
"kids":[],
"uid":"2789686484",
"parent":"",
"text":"",
"mid":"z7OzXjcCC",
"date":"2012-12-02 03:19:33"
},
{
"kids":[],
"uid":"2809527664",
"parent":"yCrYR5j6u",
"text":"",
"mid":"z7vCp2EWD",
"date":"2012-11-30 03:03:22"
},
{
"kids":[],
"uid":"2809052784",
"parent":"yCrYR5j6u",
"text":"",
"mid":"z7vCopvNt",
"date":"2012-11-30 03:03:22"
},
{
"kids":[],
"uid":"2789737664",
"parent":"yCrYR5j6u",
"text":"",
"mid":"z7qzv4pjq",
"date":"2012-11-29 14:12:30"
},
{
"kids":[],
"uid":"2790119522",
"parent":"yCrYR5j6u",
"text":"",
"mid":"z7lXcinS0",
"date":"2012-11-29 02:27:09"
},
{
"kids":[],
"uid":"2803634722",
"parent":"yCrYR5j6u",
"text":"",
"mid":"z7fh96R58",
"date":"2012-11-28 09:27:03"
},
{
"kids":[],
"uid":"2789859970",
"parent":"yCrYR5j6u",
"text":"",
"mid":"z7fh96R3s",
"date":"2012-11-28 09:27:03"
},
{
"kids":[],
"uid":"1584047263",
"parent":"",
"text":"",
"mid":"z75wsfSgm",
"date":"2012-11-27 08:37:19"
},
{
"kids":[],
"uid":"2920241304",
"parent":"yCrYR5j6u",
"text":"",
"mid":"z6COy5GZj",
"date":"2012-11-24 07:32:13"
},
{
"kids":[],
"uid":"2804852772",
"parent":"yCrYR5j6u",
"text":"",
"mid":"z6reeqhOZ",
"date":"2012-11-23 02:02:33"
},
{
"kids":[],
"uid":"2920115802",
"parent":"yCrYR5j6u",
"text":"",
"mid":"z6hHIEsap",
"date":"2012-11-22 01:47:44"
},
{
"kids":[],
"uid":"2810298282",
"parent":"yCrYR5j6u",
"text":"",
"mid":"z6hHIEs9C",
"date":"2012-11-22 01:47:44"
},
{
"kids":[],
"uid":"1778352117",
"parent":"",
"text":"",
"mid":"z69eO3jTW",
"date":"2012-11-21 04:14:30"
},
{
"kids":[],
"uid":"1589013233",
"parent":"",
"text":"",
"mid":"z636kC3mu",
"date":"2012-11-20 12:37:10"
},
{
"kids":[],
"uid":"2920599794",
"parent":"",
"text":"",
"mid":"z636kkAlM",
"date":"2012-11-20 12:37:09"
},
{
"kids":[],
"uid":"2919353860",
"parent":"yCrYR5j6u",
"text":"",
"mid":"z5zOurP5z",
"date":"2012-11-17 10:03:32"
},
{
"kids":[],
"uid":"2789770322",
"parent":"yCrYR5j6u",
"text":"",
"mid":"z5tZViCWF",
"date":"2012-11-16 19:15:13"
},
{
"kids":[],
"uid":"2789720120",
"parent":"yCrYR5j6u",
"text":"",
"mid":"z5tZVhrcq",
"date":"2012-11-16 19:15:14"
},
{
"kids":[],
"uid":"2803948774",
"parent":"yCzqf7ssp",
"text":"",
"mid":"z3cPxtnvq",
"date":"2012-11-01 19:52:18"
},
{
"kids":[],
"uid":"2919754372",
"parent":"yCzqf7ssp",
"text":"",
"mid":"z33fPaf5Q",
"date":"2012-10-31 19:29:36"
},
{
"kids":[],
"uid":"1440407777",
"parent":"yCzqf7ssp",
"text":"",
"mid":"z33fP9S1R",
"date":"2012-10-31 19:29:38"
},
{
"kids":[],
"uid":"2804044750",
"parent":"yCrYR5j6u",
"text":"",
"mid":"z30xc3LxE",
"date":"2012-10-31 12:34:12"
},
{
"kids":[],
"uid":"2789642472",
"parent":"yCrYR5j6u",
"text":"",
"mid":"z2PA2qW03",
"date":"2012-10-30 08:40:59"
},
{
"kids":[],
"uid":"2803841330",
"parent":"yCrYR5j6u",
"text":"",
"mid":"z2PA2pR7o",
"date":"2012-10-30 08:40:58"
},
{
"kids":[],
"uid":"2789650262",
"parent":"yCzqf7ssp",
"text":"",
"mid":"z2dbT7wlo",
"date":"2012-10-26 06:57:05"
},
{
"kids":[],
"uid":"2802896404",
"parent":"yCrYR5j6u",
"text":"",
"mid":"z25D9c0oV",
"date":"2012-10-25 11:42:17"
},
{
"kids":[],
"uid":"2919574092",
"parent":"yCzqf7ssp",
"text":"",
"mid":"z23WnmK7a",
"date":"2012-10-25 07:24:09"
},
{
"kids":[],
"uid":"2789741690",
"parent":"yCzqf7ssp",
"text":"",
"mid":"z23WnmK6A",
"date":"2012-10-25 07:24:09"
},
{
"kids":[],
"uid":"2803535124",
"parent":"yCrYR5j6u",
"text":"",
"mid":"z1TIuDpXU",
"date":"2012-10-24 05:22:30"
},
{
"kids":[],
"uid":"2809895840",
"parent":"yCrYR5j6u",
"text":"",
"mid":"z1TIuDpX1",
"date":"2012-10-24 05:22:29"
},
{
"kids":[],
"uid":"2920526854",
"parent":"yCzqf7ssp",
"text":"",
"mid":"z1gxtm64p",
"date":"2012-10-20 01:38:13"
},
{
"kids":[],
"uid":"2804645864",
"parent":"yCzqf7ssp",
"text":"",
"mid":"z1dcTen5o",
"date":"2012-10-19 17:09:14"
},
{
"kids":[],
"uid":"2805271440",
"parent":"yCrYR5j6u",
"text":"",
"mid":"z19xPFVwF",
"date":"2012-10-19 07:49:53"
},
{
"kids":[],
"uid":"2805505940",
"parent":"yCrYR5j6u",
"text":"",
"mid":"z14qclBcU",
"date":"2012-10-18 18:47:18"
},
{
"kids":[],
"uid":"2919308322",
"parent":"yCrYR5j6u",
"text":"",
"mid":"z14qclBbn",
"date":"2012-10-18 18:47:20"
},
{
"kids":[],
"uid":"1589049435",
"parent":"",
"text":"",
"mid":"yFf5Z8qeu",
"date":"2012-10-07 00:45:37"
},
{
"kids":[],
"uid":"2810046802",
"parent":"",
"text":"",
"mid":"yFf5Z8q8d",
"date":"2012-10-07 00:45:32"
},
{
"kids":[],
"uid":"2920385712",
"parent":"",
"text":"",
"mid":"yEZtk8cBb",
"date":"2012-10-05 08:59:08"
},
{
"kids":[],
"uid":"1583259410",
"parent":"",
"text":"",
"mid":"yEZtk8cys",
"date":"2012-10-05 08:59:09"
},
{
"kids":[],
"uid":"2805380152",
"parent":"",
"text":"",
"mid":"yENPXDkxN",
"date":"2012-10-04 03:21:58"
},
{
"kids":[],
"uid":"2920217632",
"parent":"",
"text":"",
"mid":"yEEmRsFYT",
"date":"2012-10-03 03:15:33"
},
{
"kids":[],
"uid":"2805389290",
"parent":"yCzqf7ssp",
"text":"",
"mid":"yEC4VpLyf",
"date":"2012-10-02 21:25:52"
},
{
"kids":[],
"uid":"2804168754",
"parent":"yCzqf7ssp",
"text":"",
"mid":"yEC4VpLs7",
"date":"2012-10-02 21:25:52"
},
{
"kids":[],
"uid":"1778130110",
"parent":"yCzqf7ssp",
"text":"",
"mid":"yEmw8kYwR",
"date":"2012-10-01 05:48:56"
},
{
"kids":[],
"uid":"1778362410",
"parent":"yCzqf7ssp",
"text":"",
"mid":"yEmw83nom",
"date":"2012-10-01 05:48:56"
},
{
"kids":[],
"uid":"2809781640",
"parent":"",
"text":"",
"mid":"yEb9d1XS9",
"date":"2012-09-30 00:52:12"
},
{
"kids":[],
"uid":"2920398484",
"parent":"",
"text":"",
"mid":"yEb9d124i",
"date":"2012-09-30 00:52:13"
},
{
"kids":[],
"uid":"2804506820",
"parent":"",
"text":"",
"mid":"yE5Wkk0rz",
"date":"2012-09-29 11:36:46"
},
{
"kids":[],
"uid":"1776590490",
"parent":"",
"text":"",
"mid":"yE5Wkj6K4",
"date":"2012-09-29 11:36:46"
},
{
"kids":[],
"uid":"2920638664",
"parent":"",
"text":"",
"mid":"yDVjZoUiA",
"date":"2012-09-28 08:34:52"
},
{
"kids":[],
"uid":"2808072244",
"parent":"yCy2YbhI9",
"text":"",
"mid":"yDJna7QBH",
"date":"2012-09-27 02:09:43"
},
{
"kids":[],
"uid":"1583714907",
"parent":"",
"text":"",
"mid":"yDF4d1Q1B",
"date":"2012-09-26 15:12:03"
},
{
"kids":[],
"uid":"2789689800",
"parent":"yCy2YbhI9",
"text":"",
"mid":"yDE6gBSkL",
"date":"2012-09-26 12:44:22"
},
{
"kids":[],
"uid":"2802867850",
"parent":"yCy2YbhI9",
"text":"",
"mid":"yDE6gBShr",
"date":"2012-09-26 12:44:20"
},
{
"kids":[],
"uid":"2803952830",
"parent":"yCzqf7ssp",
"text":"",
"mid":"yDBzN24AI",
"date":"2012-09-26 06:18:51"
},
{
"kids":[],
"uid":"1582781032",
"parent":"yCzqf7ssp",
"text":"",
"mid":"yDBzN18ue",
"date":"2012-09-26 06:18:50"
},
{
"kids":[],
"uid":"2919587142",
"parent":"yCy2YbhI9",
"text":"",
"mid":"yDAXHakCj",
"date":"2012-09-26 04:44:59"
},
{
"kids":[],
"uid":"1723982023",
"parent":"yCy2YbhI9",
"text":"",
"mid":"yDAXH9isk",
"date":"2012-09-26 04:45:00"
},
{
"kids":[],
"uid":"2802712544",
"parent":"yCy2YbhI9",
"text":"",
"mid":"yDxpW1JJ4",
"date":"2012-09-25 19:43:35"
},
{
"kids":[],
"uid":"2808588232",
"parent":"yCy2YbhI9",
"text":"",
"mid":"yDxpW0W3X",
"date":"2012-09-25 19:43:35"
},
{
"kids":[],
"uid":"2920369532",
"parent":"yCzqf7ssp",
"text":"",
"mid":"yDrMg58so",
"date":"2012-09-25 05:22:05"
},
{
"kids":[],
"uid":"2919331940",
"parent":"yCzqf7ssp",
"text":"",
"mid":"yDrMg3iuU",
"date":"2012-09-25 05:22:05"
},
{
"kids":[],
"uid":"2808241012",
"parent":"yCtoVbl3w",
"text":"",
"mid":"yDrss09IM",
"date":"2012-09-25 04:33:18"
},
{
"kids":[],
"uid":"2809859244",
"parent":"",
"text":"",
"mid":"yDpvCnZYq",
"date":"2012-09-24 23:35:34"
},
{
"kids":[],
"uid":"2790030212",
"parent":"",
"text":"",
"mid":"yDpvC6oHm",
"date":"2012-09-24 23:35:37"
},
{
"kids":[],
"uid":"2803757660",
"parent":"",
"text":"",
"mid":"yDnXauLBq",
"date":"2012-09-24 19:38:00"
},
{
"kids":[],
"uid":"2790052392",
"parent":"",
"text":"",
"mid":"yDnXauLxf",
"date":"2012-09-24 19:37:58"
},
{
"kids":[],
"uid":"2803750304",
"parent":"yCtoVbl3w",
"text":"",
"mid":"yDkBaDqbr",
"date":"2012-09-24 11:05:33"
},
{
"kids":[],
"uid":"1579334575",
"parent":"yCtoVbl3w",
"text":"",
"mid":"yDkBalP02",
"date":"2012-09-24 11:05:32"
},
{
"kids":[],
"uid":"2789744834",
"parent":"",
"text":"",
"mid":"yDgbZ43so",
"date":"2012-09-23 23:52:30"
},
{
"kids":[],
"uid":"2919911550",
"parent":"",
"text":"",
"mid":"yDgbZ2geJ",
"date":"2012-09-23 23:52:32"
},
{
"kids":[],
"uid":"2173595394",
"parent":"",
"text":"",
"mid":"yDeBcBXTs",
"date":"2012-09-23 19:49:11"
},
{
"kids":[],
"uid":"2920113044",
"parent":"",
"text":"",
"mid":"yD7VkrTbk",
"date":"2012-09-23 02:49:30"
},
{
"kids":[],
"uid":"1582021730",
"parent":"",
"text":"",
"mid":"yD7Vkai0d",
"date":"2012-09-23 02:49:28"
},
{
"kids":[],
"uid":"2809145784",
"parent":"",
"text":"",
"mid":"yCOC2mcQA",
"date":"2012-09-21 01:39:48"
},
{
"kids":[],
"uid":"2494521352",
"parent":"yCv1x0FpV",
"text":"太壮观了",
"mid":"yCNQI8Di9",
"date":"2012-09-20 23:43:12"
},
{
"kids":[],
"uid":"2920552972",
"parent":"",
"text":"",
"mid":"yCLyDcOny",
"date":"2012-09-20 17:53:08"
},
{
"kids":[],
"uid":"2168472923",
"parent":"",
"text":"",
"mid":"yCLyDcOmw",
"date":"2012-09-20 17:53:08"
},
{
"kids":[],
"uid":"2115253524",
"parent":"yCuiyuJOu",
"text":"",
"mid":"yCKBqDWUT",
"date":"2012-09-20 15:27:17"
},
{
"kids":[],
"uid":"1782713302",
"parent":"",
"text":"@阿拉丁神经13  我鸡皮疙瘩都起来了 密级恐惧症",
"mid":"yCJPU25Cg",
"date":"2012-09-20 13:30:12"
},
{
"kids":[],
"uid":"2896805433",
"parent":"yCuDCxmrf",
"text":"",
"mid":"yCEAe7KQD",
"date":"2012-09-20 00:07:51"
},
{
"kids":[],
"uid":"1934854991",
"parent":"yCtSaCQbm",
"text":"左下那张图没对！",
"mid":"yCD809lmD",
"date":"2012-09-19 20:25:35"
},
{
"kids":[],
"uid":"2849415284",
"parent":"",
"text":"厉害[嘻嘻]",
"mid":"yCCEUtZfw",
"date":"2012-09-19 19:13:53"
},
{
"kids":[],
"uid":"2247579351",
"parent":"",
"text":"还是日本人厉害！",
"mid":"yCANnbSWp",
"date":"2012-09-19 14:29:17"
},
{
"kids":[],
"uid":"2788148942",
"parent":"yCyNiAO5R",
"text":"@仰望_2013 :昨天伊腾发月饼。",
"mid":"yCAMXubcF",
"date":"2012-09-19 14:28:14"
},
{
"kids":[],
"uid":"mrdjrockin",
"parent":"",
"text":"",
"mid":"yCAmToNwJ",
"date":"2012-09-19 13:24:02"
},
{
"kids":[],
"uid":"1658046423",
"parent":"",
"text":"",
"mid":"yCAkyCjRv",
"date":"2012-09-19 13:18:18"
},
{
"kids":[],
"uid":"2596567121",
"parent":"",
"text":"",
"mid":"yCAiGw6ED",
"date":"2012-09-19 13:13:39"
},
{
"kids":[],
"uid":"211314jm",
"parent":"",
"text":"",
"mid":"yCAcHn3nu",
"date":"2012-09-19 12:58:55"
},
{
"kids":[],
"uid":"2366343062",
"parent":"",
"text":"",
"mid":"yCA8qjVyt",
"date":"2012-09-19 12:48:23"
},
{
"kids":[],
"uid":"2730267290",
"parent":"",
"text":"。",
"mid":"yCA1FBzqa",
"date":"2012-09-19 12:31:44"
},
{
"kids":[],
"uid":"1239456382",
"parent":"",
"text":"",
"mid":"yCA1mp4tV",
"date":"2012-09-19 12:30:59"
},
{
"kids":[],
"uid":"olivetreeyoungbay",
"parent":"yCzxKtwyO",
"text":"左下图真的假的？",
"mid":"yCzUgEFBO",
"date":"2012-09-19 12:13:31"
},
{
"kids":[],
"uid":"1676203183",
"parent":"",
"text":"还好 TVT 为湿在新都毫无压力……而且这个游行也没什么严重的暴力事件",
"mid":"yCzS2pvrw",
"date":"2012-09-19 12:08:01"
},
{
"kids":[],
"uid":"1984352252",
"parent":"yCztWDTQp",
"text":"桥断了有高的顶到在",
"mid":"yCzNbk7ok",
"date":"2012-09-19 11:56:03"
},
{
"kids":[],
"uid":"woaixiaotuzi",
"parent":"yCzKld12K",
"text":"造谣一时爽",
"mid":"yCzKHD4QI",
"date":"2012-09-19 11:49:57"
},
{
"kids":[
"yCzKHD4QI"
],
"uid":"1624481682",
"parent":"",
"text":"2333今天在腾讯微博还看到左下说是福州的~明天是哪里？",
"mid":"yCzKld12K",
"date":"2012-09-19 11:49:03"
},
{
"kids":[],
"uid":"elseelseelse",
"parent":"yCv7vfznK",
"text":"左下图广州正佳广场十字路口08奥运火炬传递图片。+1.。。 怪不得这么眼熟呢！！",
"mid":"yCzD0q74G",
"date":"2012-09-19 11:30:59"
},
{
"kids":[],
"uid":"1432140430",
"parent":"",
"text":"@九莲华 是真的么。。",
"mid":"yCzBM9VnU",
"date":"2012-09-19 11:27:56"
},
{
"kids":[],
"uid":"duojizeren",
"parent":"",
"text":"只示威，不打砸！",
"mid":"yCzAs4tAe",
"date":"2012-09-19 11:24:40"
},
{
"kids":[
"yCzUgEFBO"
],
"uid":"1858350530",
"parent":"",
"text":"wow,",
"mid":"yCzxKtwyO",
"date":"2012-09-19 11:18:02"
},
{
"kids":[
"yCzNbk7ok"
],
"uid":"2835701271",
"parent":"yCuAsEcgA",
"text":"桥断了怎么办？？",
"mid":"yCztWDTQp",
"date":"2012-09-19 11:08:40"
},
{
"kids":[
"z3cPxtnvq",
"z33fPaf5Q",
"z33fP9S1R",
"z2dbT7wlo",
"z23WnmK7a",
"z23WnmK6A",
"z1gxtm64p",
"z1dcTen5o",
"yEC4VpLyf",
"yEC4VpLs7",
"yEmw8kYwR",
"yEmw83nom",
"yDBzN24AI",
"yDBzN18ue",
"yDrMg58so",
"yDrMg3iuU"
],
"uid":"1859714630",
"parent":"",
"text":"@我愿迷糊下去 看到没？成都太。。。疯了。。",
"mid":"yCzqf7ssp",
"date":"2012-09-19 10:59:32"
},
{
"kids":[],
"uid":"2xinxiaohei",
"parent":"",
"text":"昨天的成都人民@棒棒兔2迷迷君 @不是憨_ @霸气言22h_ @2桐2桐 @9先森是郁尼莫的爸爸",
"mid":"yCzpN0qZv",
"date":"2012-09-19 10:58:24"
},
{
"kids":[],
"uid":"2318170745",
"parent":"",
"text":"成都每次都逃不了……",
"mid":"yCzpz73H9",
"date":"2012-09-19 10:57:52"
},
{
"kids":[],
"uid":"huaxi56",
"parent":"",
"text":"",
"mid":"yCzp762y7",
"date":"2012-09-19 10:56:45"
},
{
"kids":[],
"uid":"11251260",
"parent":"",
"text":"媳妇快看！@俊秀小哥的银子天真",
"mid":"yCzmb2Dn8",
"date":"2012-09-19 10:49:31"
},
{
"kids":[],
"uid":"1559622423",
"parent":"yCunLrgew",
"text":"好吓人！",
"mid":"yCzfXpuqk",
"date":"2012-09-19 10:34:12"
},
{
"kids":[],
"uid":"adelepu",
"parent":"yCtI83CCp",
"text":"壮观",
"mid":"yCzflkvMZ",
"date":"2012-09-19 10:32:41"
},
{
"kids":[],
"uid":"2680852585",
"parent":"",
"text":"好多热血青年",
"mid":"yCzenkSUv",
"date":"2012-09-19 10:30:17"
},
{
"kids":[],
"uid":"2056286455",
"parent":"",
"text":"",
"mid":"yCzdUDG8W",
"date":"2012-09-19 10:29:09"
},
{
"kids":[],
"uid":"1079813233",
"parent":"yCyZpcvRn",
"text":"这得有多少人聚集啊？[吃惊]",
"mid":"yCz4GzOLA",
"date":"2012-09-19 10:06:25"
},
{
"kids":[],
"uid":"janrey",
"parent":"",
"text":"后悔昨天没去[委屈]",
"mid":"yCz2fxFGb",
"date":"2012-09-19 10:00:26"
},
{
"kids":[
"yCz4GzOLA"
],
"uid":"1496028851",
"parent":"yCyjj8fTL",
"text":"yesterday的天府广场，春熙路。天府广场只看得见树冠了，这才叫人海。@色芬小哲 你那时候穿越了吧。",
"mid":"yCyZpcvRn",
"date":"2012-09-19 09:53:25"
},
{
"kids":[],
"uid":"2615479660",
"parent":"",
"text":"疯了？",
"mid":"yCyU1iPV6",
"date":"2012-09-19 09:40:09"
},
{
"kids":[],
"uid":"2940262075",
"parent":"",
"text":"[围观][嘻嘻]",
"mid":"yCyTGBtau",
"date":"2012-09-19 09:39:20"
},
{
"kids":[
"yCAMXubcF"
],
"uid":"1745691285",
"parent":"yCvpB0yzg",
"text":"天啊",
"mid":"yCyNiAO5R",
"date":"2012-09-19 09:23:34"
},
{
"kids":[],
"uid":"puwuxianpu",
"parent":"",
"text":"这个是昨天吧？",
"mid":"yCyLHj1LQ",
"date":"2012-09-19 09:19:38"
},
{
"kids":[],
"uid":"513224569",
"parent":"yCtMviwbq",
"text":"真的啊",
"mid":"yCyG7385w",
"date":"2012-09-19 09:05:52"
},
{
"kids":[],
"uid":"coollenmmx",
"parent":"yCypoaEqo",
"text":"水军乱造谣很讨厌那",
"mid":"yCyzUBysX",
"date":"2012-09-19 08:50:37"
},
{
"kids":[],
"uid":"1999270933",
"parent":"",
"text":"果然悠闲",
"mid":"yCyz8971D",
"date":"2012-09-19 08:48:41"
},
{
"kids":[],
"uid":"lunagi",
"parent":"",
"text":"游行了又怎样 谁会理？",
"mid":"yCywFEBXK",
"date":"2012-09-19 08:42:38"
},
{
"kids":[],
"uid":"1303413452",
"parent":"yCyoHjAyA",
"text":"真正的爱国就是在就是保持国家高效运转的各个岗位的人认真、高质量的各司其职。这样无休止的表达爱国热情，会影响社会的正常运转，这也是敌人所期盼的，敌人就是期盼国人都不工作，全上街游行，这样支撑对外作战的大后方就空虚了。没有实力的愤怒毫无意义，二战我们够愤怒了吧，南京大屠杀不是照样来了",
"mid":"yCywmsUd3",
"date":"2012-09-19 08:41:51"
},
{
"kids":[],
"uid":"wmj55698314",
"parent":"",
"text":"左下的图是08年奥运会送火炬的，假图不解释",
"mid":"yCyq2jgq4",
"date":"2012-09-19 08:26:17"
},
{
"kids":[
"yCyzUBysX"
],
"uid":"2155415041",
"parent":"yCv7vfznK",
"text":"转发辟谣，左下图是广州正佳广场十字路口08奥运火炬传递图片。",
"mid":"yCypoaEqo",
"date":"2012-09-19 08:24:42"
},
{
"kids":[
"yCywmsUd3"
],
"uid":"2326098042",
"parent":"yCyjj8fTL",
"text":"",
"mid":"yCyoHjAyA",
"date":"2012-09-19 08:22:59"
},
{
"kids":[],
"uid":"2639884570",
"parent":"yCy2YbhI9",
"text":"对啊对啊  ，你那里有吗？[睡觉]",
"mid":"yCyk9oxF6",
"date":"2012-09-19 08:11:47"
},
{
"kids":[
"yCyZpcvRn",
"yCyoHjAyA"
],
"uid":"1984910920",
"parent":"yCtlrbBKi",
"text":"好壮观，呵呵",
"mid":"yCyjj8fTL",
"date":"2012-09-19 08:09:42"
},
{
"kids":[],
"uid":"1785390177",
"parent":"yCy5cai1X",
"text":"@川理一枝花@艾欣欣欣欣 @赵思雅zsy @风中凌乱的小胖纸 @大刀肉儿 @c柳小小 @豆花花小姐xx星星星星伟 天勒。。全是人。。",
"mid":"yCyc3nct5",
"date":"2012-09-19 07:51:50"
},
{
"kids":[
"yCyc3nct5"
],
"uid":"1869042423",
"parent":"",
"text":"天哪。",
"mid":"yCy5cai1X",
"date":"2012-09-19 07:34:56"
},
{
"kids":[
"yDJna7QBH",
"yDE6gBSkL",
"yDE6gBShr",
"yDAXHakCj",
"yDAXH9isk",
"yDxpW1JJ4",
"yDxpW0W3X",
"yCyk9oxF6"
],
"uid":"2654125171",
"parent":"yCvj8AzKE",
"text":"'''''壮观阿''''''",
"mid":"yCy2YbhI9",
"date":"2012-09-19 07:29:26"
},
{
"kids":[],
"uid":"plutonic",
"parent":"",
"text":"[悲伤]哎…这样有嘛用？内心不买日本东西就是了嘛",
"mid":"yCxXC3zXw",
"date":"2012-09-19 07:16:15"
},
{
"kids":[],
"uid":"1070279007",
"parent":"",
"text":"[汗]哇靠 这阵仗。。。这都不知道是件好事还是件坏事 什么事情都不能太超过了 包括爱国这件事@璐啦啦璐啦啦 @光希zzy @O_圓",
"mid":"yCxVzyNrV",
"date":"2012-09-19 07:11:13"
},
{
"kids":[],
"uid":"1769702775",
"parent":"",
"text":"团结镇花篱村儿无压力。",
"mid":"yCxV8mIF5",
"date":"2012-09-19 07:10:09"
},
{
"kids":[],
"uid":"2265892642",
"parent":"",
"text":"[威武]的家乡人",
"mid":"yCxOLAb7N",
"date":"2012-09-19 06:54:28"
},
{
"kids":[],
"uid":"1784683685",
"parent":"yCxBCihQp",
"text":"相比他们北京还算和谐",
"mid":"yCxC4mzWl",
"date":"2012-09-19 06:23:10"
},
{
"kids":[
"yCxC4mzWl"
],
"uid":"2440601170",
"parent":"yCv4D5mOS",
"text":"是啊[泪]",
"mid":"yCxBCihQp",
"date":"2012-09-19 06:22:04"
},
{
"kids":[],
"uid":"1967890847",
"parent":"",
"text":"[吃惊]",
"mid":"yCxvhC29Z",
"date":"2012-09-19 06:06:28"
},
{
"kids":[],
"uid":"1930278401",
"parent":"",
"text":"w无法想象国内是这般景象",
"mid":"yCxg9pWE9",
"date":"2012-09-19 05:29:10"
},
{
"kids":[],
"uid":"googld",
"parent":"",
"text":"三张图就第一张是今天拍的，人最多那张为奥运会火炬传递时照片，另一张为8月份那次游行图片",
"mid":"yCwyPF3fX",
"date":"2012-09-19 03:42:27"
},
{
"kids":[],
"uid":"2341817091",
"parent":"",
"text":"吊暴了！难怪我们学校封校一整天",
"mid":"yCwyLiaGh",
"date":"2012-09-19 03:42:16"
},
{
"kids":[],
"uid":"oysomnus",
"parent":"",
"text":"我居然不在成都！！！",
"mid":"yCwrHCUKj",
"date":"2012-09-19 03:24:54"
},
{
"kids":[],
"uid":"zyh0116",
"parent":"",
"text":"你们看，你们看，好恐怖！[吃惊] @_胖得精致 @吴蕾同学 @尹小舒养了个汪星人名字叫乔巴 @小尔0701 @张大好再穷也要去旅行 @Quan大爷的口水话 [爱心传递][爱心传递][爱心传递]",
"mid":"yCwjG38EY",
"date":"2012-09-19 03:05:07"
},
{
"kids":[],
"uid":"suellencyp",
"parent":"",
"text":"我了个擦",
"mid":"yCwcnCjzC",
"date":"2012-09-19 02:47:09"
},
{
"kids":[],
"uid":"1890757391",
"parent":"yCtSaCQbm",
"text":"故乡人民好威武",
"mid":"yCw2CaPjU",
"date":"2012-09-19 02:23:05"
},
{
"kids":[],
"uid":"loski7",
"parent":"yCv6j9812",
"text":"艾玛",
"mid":"yCvSapAqz",
"date":"2012-09-19 01:57:21"
},
{
"kids":[],
"uid":"2649841371",
"parent":"",
"text":"猛",
"mid":"yCvOe716V",
"date":"2012-09-19 01:47:38"
},
{
"kids":[],
"uid":"eric1915",
"parent":"yCse1B1NB",
"text":"全封了！",
"mid":"yCvNjlkVU",
"date":"2012-09-19 01:45:23"
},
{
"kids":[],
"uid":"sososoulful",
"parent":"",
"text":"还是成都人民比较闹疼！",
"mid":"yCvKWtl8u",
"date":"2012-09-19 01:39:33"
},
{
"kids":[],
"uid":"1632224851",
"parent":"",
"text":"阵账太大了哦",
"mid":"yCvIt8qKu",
"date":"2012-09-19 01:33:27"
},
{
"kids":[],
"uid":"2614873097",
"parent":"yCv4ApDZ0",
"text":"KAO！这也太给力了吧！！！",
"mid":"yCvxQaYJs",
"date":"2012-09-19 01:07:16"
},
{
"kids":[],
"uid":"tiffanyaxia",
"parent":"yCuZU02wj",
"text":"",
"mid":"yCvvv6x8f",
"date":"2012-09-19 01:01:29"
},
{
"kids":[],
"uid":"hana0",
"parent":"",
"text":"好可怕",
"mid":"yCvpOhNTL",
"date":"2012-09-19 00:47:29"
},
{
"kids":[
"yCyNiAO5R"
],
"uid":"1773178924",
"parent":"yCv5OoR2d",
"text":"天桥上好多人，说明质量过关了的。@ [嘻嘻]",
"mid":"yCvpB0yzg",
"date":"2012-09-19 00:46:54"
},
{
"kids":[],
"uid":"1722384044",
"parent":"",
"text":"卧擦看来唐山今年文明城还是有希望的……比起这差远了OTL",
"mid":"yCvnIhJsa",
"date":"2012-09-19 00:42:18"
},
{
"kids":[],
"uid":"1275909552",
"parent":"yCvlUgZL2",
"text":"成都欢迎你",
"mid":"yCvn16c1l",
"date":"2012-09-19 00:40:36"
},
{
"kids":[],
"uid":"2712763867",
"parent":"yCtkkmJrR",
"text":"[熊猫][熊猫] 今天我在38楼看游行队伍走向总府路，一边走一边吼？太激情了@江馨怡Jxy @McChaplin-LEE @一二三阿哥",
"mid":"yCvmKzjez",
"date":"2012-09-19 00:39:57"
},
{
"kids":[
"yCvn16c1l"
],
"uid":"janeluanne",
"parent":"yCu3ocrgc",
"text":"天！这么恐怖！真心不敢来了！！[衰][衰][衰][吃惊]",
"mid":"yCvlUgZL2",
"date":"2012-09-19 00:37:51"
},
{
"kids":[],
"uid":"1647880483",
"parent":"yCvgpyxlg",
"text":"可惜我不能回来继续参加",
"mid":"yCvl91MWz",
"date":"2012-09-19 00:35:58"
},
{
"kids":[],
"uid":"1868205864",
"parent":"yCuATxgDV",
"text":"哇，人好多！",
"mid":"yCvkMxXMn",
"date":"2012-09-19 00:35:02"
},
{
"kids":[],
"uid":"2134568997",
"parent":"yCuZ34d8g",
"text":"成都威武了",
"mid":"yCvkjfsPl",
"date":"2012-09-19 00:33:56"
},
{
"kids":[],
"uid":"1167365400",
"parent":"",
"text":"太疯狂了，要理性",
"mid":"yCvjoxsCK",
"date":"2012-09-19 00:31:41"
},
{
"kids":[
"yCy2YbhI9"
],
"uid":"2639884570",
"parent":"",
"text":"好壮观",
"mid":"yCvj8AzKE",
"date":"2012-09-19 00:31:00"
},
{
"kids":[],
"uid":"1918848535",
"parent":"yCv6j9812",
"text":"一人一口口水差不多了",
"mid":"yCviC5GtR",
"date":"2012-09-19 00:29:42"
},
{
"kids":[],
"uid":"2683570443",
"parent":"",
"text":"哇…太夸张了吧！？太集体了！！",
"mid":"yCvgJmEpM",
"date":"2012-09-19 00:25:03"
},
{
"kids":[
"yCvl91MWz"
],
"uid":"dldg",
"parent":"yCv5OoR2d",
"text":"我一直想晓得 第二张照片是在哪里。",
"mid":"yCvgpyxlg",
"date":"2012-09-19 00:24:19"
},
{
"kids":[],
"uid":"wpinguangzhou",
"parent":"",
"text":"艹，这傻逼还设了不能评论?有种造谣没种开评论啊?就特么一个几百的转发量就特么是你年终发工资的最好成绩了啊?造谣死全家。",
"mid":"yCvf6BPRw",
"date":"2012-09-19 00:21:06"
},
{
"kids":[],
"uid":"farley218889457",
"parent":"",
"text":"我操，原来这是成都？我还以为是广州。。。[围观]",
"mid":"yCvbnxJTh",
"date":"2012-09-19 00:11:55"
},
{
"kids":[],
"uid":"2927951277",
"parent":"",
"text":"哇⊙o⊙",
"mid":"yCvbc0vqf",
"date":"2012-09-19 00:11:24"
},
{
"kids":[],
"uid":"1518040235",
"parent":"yCv6j9812",
"text":"@大莽子也是闷姐 少年 你去围观没有",
"mid":"yCvaJ4Fjy",
"date":"2012-09-19 00:10:17"
},
{
"kids":[],
"uid":"2486781832",
"parent":"",
"text":"老师些参加了游行后是怎么回来的这么多人=A=",
"mid":"yCvaabnsL",
"date":"2012-09-19 00:08:57"
},
{
"kids":[],
"uid":"2633040074",
"parent":"",
"text":"等等 左下角那张不是刚辟谣的广州08年5月份迎奥运圣火的照片吗（人群还是p过的） 什么时候变成都的了 困惑[汗]",
"mid":"yCva6kNa4",
"date":"2012-09-19 00:08:47"
},
{
"kids":[],
"uid":"1736797230",
"parent":"yCv6j9812",
"text":"哈哈哈哈哈哈哈哈哈哈哈下午这个图说是郑州花园路，晚上就变成都了哈哈哈哈，造谣死全家好么",
"mid":"yCv9Me7I3",
"date":"2012-09-19 00:08:00"
},
{
"kids":[],
"uid":"2254909593",
"parent":"",
"text":"本来打算今天去买东西的，幸好啊",
"mid":"yCv9hu3e4",
"date":"2012-09-19 00:06:47"
},
{
"kids":[],
"uid":"gaojie19",
"parent":"",
"text":"哇塞!蚂蚁！还好一一今天没去成都！@刘宸奕嘉 @陈祎祎-y @_亚亚亚_ @肖瑶要做一个快乐的人 @王夏丹_Summer",
"mid":"yCv8WxKnt",
"date":"2012-09-19 00:05:56"
},
{
"kids":[],
"uid":"1893096767",
"parent":"yCuZ34d8g",
"text":"由此可见成都的桥比哈尔滨的结实上那么多人都没事",
"mid":"yCv8I2CNL",
"date":"2012-09-19 00:05:21"
},
{
"kids":[],
"uid":"208883986",
"parent":"",
"text":"好多人！！雄起了都的",
"mid":"yCv7Z9KyZ",
"date":"2012-09-19 00:03:34"
},
{
"kids":[],
"uid":"yaojust",
"parent":"",
"text":"这场面，这效果，小日本，你还敢跳？老子看你跳得出未来不！！！@Carson-Liang @路人甲流氓乙土匪丁 @Niyama--yama @Vicky--糖糖糖盼",
"mid":"yCv7W94Ta",
"date":"2012-09-19 00:03:26"
},
{
"kids":[],
"uid":"xy2hepz",
"parent":"",
"text":"=_= 好想玩金轮大王的金轮。。。。",
"mid":"yCv7Cmf9j",
"date":"2012-09-19 00:02:37"
},
{
"kids":[
"yCzD0q74G",
"yCypoaEqo"
],
"uid":"demonbeck",
"parent":"yCv6j9812",
"text":"左下图广州正佳广场十字路口08奥运火炬传递图片。",
"mid":"yCv7vfznK",
"date":"2012-09-19 00:02:23"
},
{
"kids":[],
"uid":"sailk2",
"parent":"yCv4ApDZ0",
"text":"左下图那个明显不是成都，不晓得哪个龟儿子拿出来造谣的",
"mid":"yCv6khgNO",
"date":"2012-09-18 23:59:30"
},
{
"kids":[
"yCvSapAqz",
"yCviC5GtR",
"yCvaJ4Fjy",
"yCv9Me7I3",
"yCv7vfznK"
],
"uid":"525883454",
"parent":"",
"text":"还好不在成都",
"mid":"yCv6j9812",
"date":"2012-09-18 23:59:26"
},
{
"kids":[],
"uid":"2941322423",
"parent":"yCv3Q602J",
"text":"",
"mid":"yCv64mpH6",
"date":"2012-09-18 23:58:51"
},
{
"kids":[
"yCvpB0yzg",
"yCvgpyxlg"
],
"uid":"vanessa1201",
"parent":"",
"text":"可爱的王府井",
"mid":"yCv5OoR2d",
"date":"2012-09-18 23:58:14"
},
{
"kids":[],
"uid":"2521957823",
"parent":"",
"text":"= =po主不要乱用图好么？跟造谣有什么差别，左下那张根本就不是成都的，成都今天有游行但是很有秩序 ，参加人数也没有那么夸张好么····今",
"mid":"yCv5uBNJ6",
"date":"2012-09-18 23:57:26"
},
{
"kids":[
"yCxBCihQp"
],
"uid":"aifanyongyuan",
"parent":"",
"text":"@Anchovy_李大神萌二帅 @闷油瓶家的天真 @_____wll @长谷川婉泽 @BMiR_数学不是嘴叔驾驭得了的 北京也这样咱就能停课了吧[思考][思考]",
"mid":"yCv4D5mOS",
"date":"2012-09-18 23:55:19"
},
{
"kids":[
"yCvxQaYJs",
"yCv6khgNO"
],
"uid":"kale520",
"parent":"",
"text":"真的么？？？@檬怪有点神经错乱",
"mid":"yCv4ApDZ0",
"date":"2012-09-18 23:55:12"
},
{
"kids":[
"yCv64mpH6"
],
"uid":"277997134",
"parent":"yCuZ34d8g",
"text":"@-权小叁",
"mid":"yCv3Q602J",
"date":"2012-09-18 23:53:21"
},
{
"kids":[],
"uid":"1797115043",
"parent":"yCunJDhly",
"text":"今天戒严了的，堵车堵惨了，艹",
"mid":"yCv3Gi9MT",
"date":"2012-09-18 23:52:59"
},
{
"kids":[
"yCNQI8Di9"
],
"uid":"1826960603",
"parent":"yCsZOh8lH",
"text":"我在堵了两个多小时的车后赶在这个时间之前到家了。",
"mid":"yCv1x0FpV",
"date":"2012-09-18 23:47:36"
},
{
"kids":[],
"uid":"2530309960",
"parent":"yCtShqMgL",
"text":"给你们看今天的场面@袁玥Clair @糖糖正在转运 @造型师CHUNLIN @匡仕明 @摄影师陈东杰 @池林科很感性",
"mid":"yCv0Pk2Qa",
"date":"2012-09-18 23:45:56"
},
{
"kids":[],
"uid":"2341431984",
"parent":"",
"text":"",
"mid":"yCuZWmRMi",
"date":"2012-09-18 23:43:44"
},
{
"kids":[
"yCvvv6x8f"
],
"uid":"2418771424",
"parent":"",
"text":"",
"mid":"yCuZU02wj",
"date":"2012-09-18 23:43:36"
},
{
"kids":[
"yCvkjfsPl",
"yCv8I2CNL",
"yCv3Q602J"
],
"uid":"319345999",
"parent":"",
"text":"成都人真多！感觉总会发生践踏事件似的~",
"mid":"yCuZ34d8g",
"date":"2012-09-18 23:41:33"
},
{
"kids":[],
"uid":"1759193877",
"parent":"",
"text":"我说左下角的图片这么熟悉，原来是成都",
"mid":"yCuYWj27H",
"date":"2012-09-18 23:41:18"
},
{
"kids":[],
"uid":"coserxiaohuihui",
"parent":"",
"text":"- -好在我在犀浦",
"mid":"yCuYa6kOd",
"date":"2012-09-18 23:39:23"
},
{
"kids":[],
"uid":"2641965297",
"parent":"",
"text":"这仗势...",
"mid":"yCuXthfQH",
"date":"2012-09-18 23:37:40"
},
{
"kids":[],
"uid":"1912435205",
"parent":"yCuVahZkb",
"text":"这个应该是成都",
"mid":"yCuWfDOmq",
"date":"2012-09-18 23:34:40"
},
{
"kids":[],
"uid":"1926897615",
"parent":"",
"text":"",
"mid":"yCuVigMOI",
"date":"2012-09-18 23:32:15"
},
{
"kids":[
"yCuWfDOmq"
],
"uid":"kreuz2216",
"parent":"yCuSNpIz2",
"text":"呸！又拿广州的奥运照片出来！",
"mid":"yCuVahZkb",
"date":"2012-09-18 23:31:59"
},
{
"kids":[],
"uid":"zhaosongru",
"parent":"",
"text":"",
"mid":"yCuV2gk4v",
"date":"2012-09-18 23:31:41"
},
{
"kids":[],
"uid":"1760267052",
"parent":"yCtQ5bYv6",
"text":"真想去成都！",
"mid":"yCuTDoC2a",
"date":"2012-09-18 23:28:13"
},
{
"kids":[
"yCuVahZkb"
],
"uid":"209107774",
"parent":"yCuRYj35Z",
"text":"我上午就出不了门",
"mid":"yCuSNpIz2",
"date":"2012-09-18 23:26:09"
},
{
"kids":[],
"uid":"2682019292",
"parent":"yCuq7qT1m",
"text":"哎呀！踩到了！",
"mid":"yCuS05y6c",
"date":"2012-09-18 23:24:11"
},
{
"kids":[
"yCuSNpIz2"
],
"uid":"1912435205",
"parent":"yCuzkCvsp",
"text":"我已经不准备去成都了",
"mid":"yCuRYj35Z",
"date":"2012-09-18 23:24:06"
},
{
"kids":[],
"uid":"1876191197",
"parent":"",
"text":"左下图好吓人。。。",
"mid":"yCuRKoaYF",
"date":"2012-09-18 23:23:34"
},
{
"kids":[],
"uid":"1883630873",
"parent":"",
"text":"@我是汤小扬儿 @耿超超总是缺觉_ @_小悦同学 @sologood 甚是……",
"mid":"yCuRrtdcT",
"date":"2012-09-18 23:22:49"
},
{
"kids":[],
"uid":"1657639213",
"parent":"yCuL4o4jw",
"text":"",
"mid":"yCuPWnxmX",
"date":"2012-09-18 23:19:03"
},
{
"kids":[],
"uid":"1745653175",
"parent":"",
"text":"@刘米牛 @ayouajian真的哇？",
"mid":"yCuMc9kuK",
"date":"2012-09-18 23:09:53"
},
{
"kids":[
"yCuPWnxmX"
],
"uid":"2138488865",
"parent":"",
"text":"918勿忘国耻！",
"mid":"yCuL4o4jw",
"date":"2012-09-18 23:07:07"
},
{
"kids":[],
"uid":"2300228422",
"parent":"yCuAknMG1",
"text":"密集恐惧症",
"mid":"yCuKQxl2y",
"date":"2012-09-18 23:06:35"
},
{
"kids":[],
"uid":"1821246523",
"parent":"yCuq7qT1m",
"text":"",
"mid":"yCuKH65j2",
"date":"2012-09-18 23:06:11"
},
{
"kids":[],
"uid":"2688031747",
"parent":"",
"text":"今天的成都，。。。[汗][汗][汗]",
"mid":"yCuKFyBZT",
"date":"2012-09-18 23:06:07"
},
{
"kids":[],
"uid":"1978788935",
"parent":"yCuDCxmrf",
"text":"哇哈哈",
"mid":"yCuKtrHCc",
"date":"2012-09-18 23:05:39"
},
{
"kids":[],
"uid":"wxy1207",
"parent":"yCuEKANCi",
"text":"展没了就去找新机油杀去~无压力",
"mid":"yCuKo8s2p",
"date":"2012-09-18 23:05:25"
},
{
"kids":[],
"uid":"womixiu",
"parent":"yCuDh0OeW",
"text":"[国旗]",
"mid":"yCuKk2Xg4",
"date":"2012-09-18 23:05:16"
},
{
"kids":[],
"uid":"2635636570",
"parent":"",
"text":"什么是人山人海",
"mid":"yCuIB1MOc",
"date":"2012-09-18 23:01:01"
},
{
"kids":[],
"uid":"torisblue",
"parent":"",
"text":"吐槽了无锡这里才很少人游行",
"mid":"yCuHudbZH",
"date":"2012-09-18 22:58:14"
},
{
"kids":[],
"uid":"1751787000",
"parent":"yCuE7juDz",
"text":"人山人海……",
"mid":"yCuG8hVf3",
"date":"2012-09-18 22:54:57"
},
{
"kids":[],
"uid":"dracoslytherlin",
"parent":"",
"text":"...",
"mid":"yCuG2BW9B",
"date":"2012-09-18 22:54:44"
},
{
"kids":[],
"uid":"2539243650",
"parent":"",
"text":"",
"mid":"yCuFigOyA",
"date":"2012-09-18 22:52:53"
},
{
"kids":[
"yCuKo8s2p"
],
"uid":"1894093782",
"parent":"",
"text":"左下明明是北京奥运",
"mid":"yCuEKANCi",
"date":"2012-09-18 22:51:30"
},
{
"kids":[
"yCuG8hVf3"
],
"uid":"2485385707",
"parent":"yCuBWw9YQ",
"text":"我同学还去拉了横幅……其实我想说成都交通本来就挺恼火了！",
"mid":"yCuE7juDz",
"date":"2012-09-18 22:49:59"
},
{
"kids":[],
"uid":"liaozhengchao",
"parent":"",
"text":"理性爱国不代表不付出行动。",
"mid":"yCuDD7C4w",
"date":"2012-09-18 22:48:47"
},
{
"kids":[
"yCEAe7KQD",
"yCuKtrHCc"
],
"uid":"2673627420",
"parent":"",
"text":"9.18国耻日牢记，理性爱国！",
"mid":"yCuDCxmrf",
"date":"2012-09-18 22:48:45"
},
{
"kids":[],
"uid":"scdxjcxy",
"parent":"",
"text":"哎。。太失误了 我都没去。。。。",
"mid":"yCuDt7962",
"date":"2012-09-18 22:48:24"
},
{
"kids":[],
"uid":"alivezhe",
"parent":"",
"text":"[吃惊]不求晓得这样在国内价死闹有啥意思",
"mid":"yCuDj4UM6",
"date":"2012-09-18 22:48:00"
},
{
"kids":[],
"uid":"2624379563",
"parent":"",
"text":"我好想去感受一下氛围。[抓狂]",
"mid":"yCuDhA1iQ",
"date":"2012-09-18 22:47:57"
},
{
"kids":[
"yCuKk2Xg4"
],
"uid":"llsshhee",
"parent":"",
"text":"真的啊？那有点太壮观了。",
"mid":"yCuDh0OeW",
"date":"2012-09-18 22:47:51"
},
{
"kids":[],
"uid":"2702372111",
"parent":"",
"text":"口…",
"mid":"yCuCCurGW",
"date":"2012-09-18 22:46:15"
},
{
"kids":[
"yCuE7juDz"
],
"uid":"limpidluster",
"parent":"",
"text":"真可怕",
"mid":"yCuBWw9YQ",
"date":"2012-09-18 22:44:37"
},
{
"kids":[],
"uid":"noid2",
"parent":"yCu3ocrgc",
"text":"[围观][围观][围观][围观][围观][汗] 他们不上班么？",
"mid":"yCuBKFrNq",
"date":"2012-09-18 22:44:07"
},
{
"kids":[],
"uid":"1943287472",
"parent":"",
"text":"",
"mid":"yCuB9tNvE",
"date":"2012-09-18 22:42:41"
},
{
"kids":[
"yCvkMxXMn"
],
"uid":"2111885880",
"parent":"",
"text":"还好我在雅安",
"mid":"yCuATxgDV",
"date":"2012-09-18 22:42:00"
},
{
"kids":[],
"uid":"1173748930",
"parent":"yCt7hzZfO",
"text":"[吃惊]",
"mid":"yCuAAkGHv",
"date":"2012-09-18 22:41:18"
},
{
"kids":[
"yCztWDTQp"
],
"uid":"1984352252",
"parent":"",
"text":"视觉盛宴",
"mid":"yCuAsEcgA",
"date":"2012-09-18 22:40:59"
},
{
"kids":[
"yCuKQxl2y"
],
"uid":"279500008",
"parent":"yCuzQg9iX",
"text":"哎哟卧槽难道又要省下一笔路费了么 我国庆能去哪啊……",
"mid":"yCuAknMG1",
"date":"2012-09-18 22:40:39"
},
{
"kids":[
"yCuAknMG1"
],
"uid":"luyilove2011",
"parent":"yCuzkCvsp",
"text":"我还以为天府人民很淡定呢。。THO也会受影响吧@邪痕Delete @风の轨迹 @红叶坂伊吕波",
"mid":"yCuzQg9iX",
"date":"2012-09-18 22:39:25"
},
{
"kids":[],
"uid":"1898569195",
"parent":"",
"text":"牛掰",
"mid":"yCuzsBjFc",
"date":"2012-09-18 22:38:31"
},
{
"kids":[],
"uid":"1949641612",
"parent":"",
"text":"你觉得我会切吗？",
"mid":"yCuzobvhv",
"date":"2012-09-18 22:38:20"
},
{
"kids":[
"yCuRYj35Z",
"yCuzQg9iX"
],
"uid":"bakabakabaka",
"parent":"",
"text":"还好没出门。",
"mid":"yCuzkCvsp",
"date":"2012-09-18 22:38:12"
},
{
"kids":[],
"uid":"septuple",
"parent":"yCtShqMgL",
"text":"看来远离成都是个好的决定。",
"mid":"yCuydbHIM",
"date":"2012-09-18 22:35:27"
},
{
"kids":[],
"uid":"ryanlj",
"parent":"yCtIJgLGD",
"text":"霸气！！！",
"mid":"yCuwV7PAy",
"date":"2012-09-18 22:32:14"
},
{
"kids":[],
"uid":"luocatgarcon",
"parent":"yCujLgcyh",
"text":"",
"mid":"yCuwfqvEe",
"date":"2012-09-18 22:30:36"
},
{
"kids":[],
"uid":"1877837307",
"parent":"",
"text":"",
"mid":"yCuvvleQx",
"date":"2012-09-18 22:28:44"
},
{
"kids":[],
"uid":"lsj815",
"parent":"",
"text":"",
"mid":"yCutNgSG3",
"date":"2012-09-18 22:24:32"
},
{
"kids":[],
"uid":"2580583395",
"parent":"yCtBYhUnb",
"text":"",
"mid":"yCusHfMIF",
"date":"2012-09-18 22:21:50"
},
{
"kids":[],
"uid":"573043359",
"parent":"",
"text":"理性爱国，今天我的心一直和你们在一起",
"mid":"yCusoF7xX",
"date":"2012-09-18 22:21:06"
},
{
"kids":[],
"uid":"2180834342",
"parent":"yCtkhFUNx",
"text":"估计来看球的话，警方表示亚历山大··· ···",
"mid":"yCus6Ee08",
"date":"2012-09-18 22:20:24"
},
{
"kids":[],
"uid":"xianyu321",
"parent":"",
"text":"[威武][威武]",
"mid":"yCus40UJ0",
"date":"2012-09-18 22:20:16"
},
{
"kids":[],
"uid":"2032199325",
"parent":"yCtQb92NH",
"text":"好大的阵仗啊[奥特曼][奥特曼][奥特曼]",
"mid":"yCurCwB96",
"date":"2012-09-18 22:19:12"
},
{
"kids":[],
"uid":"2511608100",
"parent":"yCssMehRI",
"text":"@美牙姐一个人的流浪  成都今天开始疯狂了， 寸步难行…进城的路全封了…",
"mid":"yCuqUaDfU",
"date":"2012-09-18 22:17:27"
},
{
"kids":[],
"uid":"dashinguy",
"parent":"",
"text":"",
"mid":"yCuqGxn1s",
"date":"2012-09-18 22:16:54"
},
{
"kids":[
"yCuS05y6c",
"yCuKH65j2"
],
"uid":"xiaoguang945",
"parent":"",
"text":"晕",
"mid":"yCuq7qT1m",
"date":"2012-09-18 22:15:30"
},
{
"kids":[
"yCzfXpuqk"
],
"uid":"michelle870214",
"parent":"",
"text":"[得瑟]精彩~[带感]",
"mid":"yCunLrgew",
"date":"2012-09-18 22:09:43"
},
{
"kids":[
"yCv3Gi9MT"
],
"uid":"1826118920",
"parent":"yCujLgcyh",
"text":"我看了半天也没看出左下是哪里！",
"mid":"yCunJDhly",
"date":"2012-09-18 22:09:38"
},
{
"kids":[],
"uid":"511654456",
"parent":"",
"text":"哇塞，你们参加没有啊？@林燕林燕 @幸福的唐笑笑",
"mid":"yCunB7drm",
"date":"2012-09-18 22:09:17"
},
{
"kids":[],
"uid":"hllkk",
"parent":"yCttLnokj",
"text":"",
"mid":"yCun4Cl0Z",
"date":"2012-09-18 22:07:59"
},
{
"kids":[],
"uid":"1797905617",
"parent":"",
"text":"@唸唸不能忘 一点没夸张，这就是成都人民的爱国热情 ，你在桂林也蛮激动的吧",
"mid":"yCulL5lVU",
"date":"2012-09-18 22:04:42"
},
{
"kids":[],
"uid":"zhanghanzhizhi",
"parent":"yCtIi3nuU",
"text":"",
"mid":"yCukJeVDC",
"date":"2012-09-18 22:02:10"
},
{
"kids":[],
"uid":"2843576784",
"parent":"",
"text":"我还想十月一去找你happy，看这样子。。。果断不敢去了",
"mid":"yCuknnIUP",
"date":"2012-09-18 22:01:17"
},
{
"kids":[],
"uid":"2075643083",
"parent":"",
"text":"@饭圈圈 知道你为什么要甩火腿回来吧。",
"mid":"yCujZoIfz",
"date":"2012-09-18 22:00:24"
},
{
"kids":[
"yCuwfqvEe",
"yCunJDhly"
],
"uid":"1777367107",
"parent":"",
"text":"大场面",
"mid":"yCujLgcyh",
"date":"2012-09-18 21:59:49"
},
{
"kids":[],
"uid":"2257230112",
"parent":"",
"text":"",
"mid":"yCujtcbaZ",
"date":"2012-09-18 21:59:06"
},
{
"kids":[],
"uid":"532978935",
"parent":"",
"text":"火！今天阵仗有点大哦！",
"mid":"yCujebflZ",
"date":"2012-09-18 21:58:31"
},
{
"kids":[],
"uid":"2129538410",
"parent":"",
"text":"疯了疯了疯了",
"mid":"yCuiLuZIf",
"date":"2012-09-18 21:57:21"
},
{
"kids":[
"yCKBqDWUT"
],
"uid":"1944601085",
"parent":"",
"text":"",
"mid":"yCuiyuJOu",
"date":"2012-09-18 21:56:50"
},
{
"kids":[],
"uid":"2947099635",
"parent":"yCu5UxbMu",
"text":"",
"mid":"yCugT1TON",
"date":"2012-09-18 21:52:45"
},
{
"kids":[],
"uid":"1866007724",
"parent":"",
"text":"好牛逼。。",
"mid":"yCugw0uDT",
"date":"2012-09-18 21:51:47"
},
{
"kids":[],
"uid":"2219680082",
"parent":"",
"text":"这些人都疯了吧！！！",
"mid":"yCugrirk1",
"date":"2012-09-18 21:51:38"
},
{
"kids":[],
"uid":"1874000763",
"parent":"yCtG8vpuW",
"text":"真壮观，乐山街上到处隐蔽起警察",
"mid":"yCugqofSE",
"date":"2012-09-18 21:51:38"
},
{
"kids":[],
"uid":"2785304130",
"parent":"",
"text":"真心想喊拉登大叔复活，不过目标是小日本",
"mid":"yCueICTnk",
"date":"2012-09-18 21:47:25"
},
{
"kids":[],
"uid":"1770561800",
"parent":"",
"text":"哇塞。群众力量[good][good][good]@曦妹儿要改名字咯 @28-tvb @haoyu羽 @媛媛tiffany @霜霜霜淇淋",
"mid":"yCueErebV",
"date":"2012-09-18 21:47:16"
},
{
"kids":[],
"uid":"2176637301",
"parent":"",
"text":"你说堵不堵嘛 简直壮观惨了",
"mid":"yCuek6lql",
"date":"2012-09-18 21:46:23"
},
{
"kids":[],
"uid":"2043399720",
"parent":"yCtlRdF5k",
"text":"尼玛，哪有那么多幸福的娃们，周一下班不上班，太幸福了[思考]",
"mid":"yCudW9X4x",
"date":"2012-09-18 21:45:29"
},
{
"kids":[],
"uid":"2293550015",
"parent":"",
"text":"成都。。。",
"mid":"yCudFBEBt",
"date":"2012-09-18 21:44:50"
},
{
"kids":[],
"uid":"1871684220",
"parent":"",
"text":"上次是5.12吧！",
"mid":"yCudu4Zhz",
"date":"2012-09-18 21:44:19"
},
{
"kids":[],
"uid":"2196681045",
"parent":"yCu6AdF8b",
"text":"成都这么好的地方 也开始了",
"mid":"yCudgcO4m",
"date":"2012-09-18 21:43:49"
},
{
"kids":[],
"uid":"1571601234",
"parent":"yCtXEsZQr",
"text":"看来成都也没闲着",
"mid":"yCucLb15C",
"date":"2012-09-18 21:42:35"
},
{
"kids":[],
"uid":"2748081475",
"parent":"",
"text":"这才是四川人！！！！！雄起！",
"mid":"yCucxz83g",
"date":"2012-09-18 21:42:04"
},
{
"kids":[],
"uid":"2459430377",
"parent":"yCtkhFUNx",
"text":"求全兴收购吧～",
"mid":"yCubO3Sku",
"date":"2012-09-18 21:40:10"
},
{
"kids":[],
"uid":"2058407721",
"parent":"yCu8xmOlS",
"text":"这么多人。。。",
"mid":"yCubxtc29",
"date":"2012-09-18 21:39:35"
},
{
"kids":[],
"uid":"flyaijj",
"parent":"yCu2ytuTj",
"text":"[吃惊]",
"mid":"yCua60uVm",
"date":"2012-09-18 21:36:02"
},
{
"kids":[],
"uid":"2517899491",
"parent":"",
"text":"有气势",
"mid":"yCu9XnNZp",
"date":"2012-09-18 21:35:40"
},
{
"kids":[],
"uid":"2043399720",
"parent":"yCtlRdF5k",
"text":"",
"mid":"yCu9PaLhY",
"date":"2012-09-18 21:35:21"
},
{
"kids":[],
"uid":"2150166394",
"parent":"",
"text":"成都太棒了",
"mid":"yCu99cGCk",
"date":"2012-09-18 21:33:39"
},
{
"kids":[],
"uid":"1806870940",
"parent":"",
"text":"妈呀。。。这么凶。。",
"mid":"yCu8IAylT",
"date":"2012-09-18 21:32:36"
},
{
"kids":[
"yCubxtc29"
],
"uid":"1252026867",
"parent":"",
"text":"人多多…",
"mid":"yCu8xmOlS",
"date":"2012-09-18 21:32:11"
},
{
"kids":[],
"uid":"2633131774",
"parent":"",
"text":"也许明天更疯狂",
"mid":"yCu88fHYp",
"date":"2012-09-18 21:31:11"
},
{
"kids":[],
"uid":"1798954941",
"parent":"yCu5kuMSI",
"text":"哇，太多人了吧",
"mid":"yCu6Vczye",
"date":"2012-09-18 21:28:09"
},
{
"kids":[
"yCudgcO4m"
],
"uid":"2157758831",
"parent":"yCu2R9RWY",
"text":"确实，9.18",
"mid":"yCu6AdF8b",
"date":"2012-09-18 21:27:22"
},
{
"kids":[],
"uid":"2802378664",
"parent":"yCu5kuMSI",
"text":"这这这不科学....",
"mid":"yCu664YCO",
"date":"2012-09-18 21:26:10"
},
{
"kids":[
"yCugT1TON"
],
"uid":"2133138425",
"parent":"",
"text":"吓了，人真多[吃惊]",
"mid":"yCu5UxbMu",
"date":"2012-09-18 21:25:40"
},
{
"kids":[],
"uid":"1851691813",
"parent":"",
"text":"[吃惊]",
"mid":"yCu5JgWlQ",
"date":"2012-09-18 21:25:15"
},
{
"kids":[
"yCu6Vczye",
"yCu664YCO"
],
"uid":"1778594861",
"parent":"yCtZ9wBWz",
"text":"不是真的吧！",
"mid":"yCu5kuMSI",
"date":"2012-09-18 21:24:14"
},
{
"kids":[],
"uid":"2303128701",
"parent":"yCtlRdF5k",
"text":"一群SB凑热闹啊~~~",
"mid":"yCu5kuMOk",
"date":"2012-09-18 21:24:14"
},
{
"kids":[],
"uid":"2314560667",
"parent":"yCtFIetz7",
"text":"现在应该还有很多人堵在回家的路上吧？",
"mid":"yCu4TjzzB",
"date":"2012-09-18 21:23:09"
},
{
"kids":[],
"uid":"1037633402",
"parent":"yCu3mtowB",
"text":"",
"mid":"yCu4JhF3m",
"date":"2012-09-18 21:22:45"
},
{
"kids":[],
"uid":"315679338",
"parent":"yCtkhFUNx",
"text":"",
"mid":"yCu4voaIq",
"date":"2012-09-18 21:22:14"
},
{
"kids":[],
"uid":"cdwangwang",
"parent":"yCtlRdF5k",
"text":"！！！",
"mid":"yCu4q48yy",
"date":"2012-09-18 21:22:02"
},
{
"kids":[],
"uid":"1931711963",
"parent":"yCtr8jDL4",
"text":"我 擦比解放碑多多了！",
"mid":"yCu3ViJVz",
"date":"2012-09-18 21:20:46"
},
{
"kids":[
"yCvlUgZL2",
"yCuBKFrNq"
],
"uid":"1275909552",
"parent":"yCtUBlq48",
"text":"@liquanrun毛毛",
"mid":"yCu3ocrgc",
"date":"2012-09-18 21:19:28"
},
{
"kids":[
"yCu4JhF3m"
],
"uid":"2814096870",
"parent":"",
"text":"@晨辰闫",
"mid":"yCu3mtowB",
"date":"2012-09-18 21:19:26"
},
{
"kids":[],
"uid":"1788823663",
"parent":"",
"text":"只能说春熙路太壮观了！",
"mid":"yCu3ikd88",
"date":"2012-09-18 21:19:16"
},
{
"kids":[],
"uid":"333051119",
"parent":"yCtTJz1eO",
"text":"只能说成都人真尼玛多。。。。",
"mid":"yCu33gRxu",
"date":"2012-09-18 21:18:40"
},
{
"kids":[
"yCu6AdF8b"
],
"uid":"2188495334",
"parent":"",
"text":"这场面也太，，，，壮观了。",
"mid":"yCu2R9RWY",
"date":"2012-09-18 21:18:11"
},
{
"kids":[],
"uid":"1684130314",
"parent":"yCsYiA1Oi",
"text":"",
"mid":"yCu2QxeI5",
"date":"2012-09-18 21:18:10"
},
{
"kids":[
"yCua60uVm"
],
"uid":"1811266742",
"parent":"yCtnV7fRg",
"text":"我的天呢，这么多人还不乱了啊",
"mid":"yCu2ytuTj",
"date":"2012-09-18 21:17:27"
},
{
"kids":[],
"uid":"jimmy1983",
"parent":"",
"text":"",
"mid":"yCu2c43mB",
"date":"2012-09-18 21:16:33"
},
{
"kids":[],
"uid":"2805027954",
"parent":"",
"text":"幸好没去春熙。太壮观了",
"mid":"yCu1eECv2",
"date":"2012-09-18 21:14:12"
},
{
"kids":[],
"uid":"318526663",
"parent":"",
"text":"好麻哟！[衰]",
"mid":"yCu0HeL2b",
"date":"2012-09-18 21:12:50"
},
{
"kids":[],
"uid":"1858105800",
"parent":"",
"text":"小日本知道错了不",
"mid":"yCu0y7lFJ",
"date":"2012-09-18 21:12:27"
},
{
"kids":[],
"uid":"1752204420",
"parent":"",
"text":"",
"mid":"yCu0fewdo",
"date":"2012-09-18 21:11:44"
},
{
"kids":[],
"uid":"xlssdr",
"parent":"",
"text":"",
"mid":"yCtZLCOqI",
"date":"2012-09-18 21:10:35"
},
{
"kids":[
"yCu5kuMSI"
],
"uid":"kayom",
"parent":"yCtXEsZQr",
"text":"这个图是真的吗。太恐怖了。",
"mid":"yCtZ9wBWz",
"date":"2012-09-18 21:09:02"
},
{
"kids":[
"yCucLb15C",
"yCtZ9wBWz"
],
"uid":"qingshenshendicharu",
"parent":"yCtShqMgL",
"text":"。。。。。",
"mid":"yCtXEsZQr",
"date":"2012-09-18 21:05:19"
},
{
"kids":[],
"uid":"1631002213",
"parent":"yCtTJz1eO",
"text":"这么夸张！",
"mid":"yCtXxnsaI",
"date":"2012-09-18 21:05:02"
},
{
"kids":[
"yCu3ocrgc"
],
"uid":"mcookie",
"parent":"",
"text":"。。。。。。",
"mid":"yCtUBlq48",
"date":"2012-09-18 20:57:51"
},
{
"kids":[],
"uid":"2212021230",
"parent":"",
"text":"",
"mid":"yCtU6iC6P",
"date":"2012-09-18 20:56:37"
},
{
"kids":[],
"uid":"2152061270",
"parent":"yCtoSfN19",
"text":"周二都不上班吗？[嘻嘻]",
"mid":"yCtTTkixG",
"date":"2012-09-18 20:56:06"
},
{
"kids":[],
"uid":"1793591044",
"parent":"",
"text":"00@",
"mid":"yCtTMvlXq",
"date":"2012-09-18 20:55:47"
},
{
"kids":[
"yCu33gRxu",
"yCtXxnsaI"
],
"uid":"2007122390",
"parent":"",
"text":"soga",
"mid":"yCtTJz1eO",
"date":"2012-09-18 20:55:43"
},
{
"kids":[],
"uid":"jenny62",
"parent":"",
"text":"怪不得我今天回市中心，车都赶不到[吃惊]",
"mid":"yCtTzcRlz",
"date":"2012-09-18 20:55:18"
},
{
"kids":[],
"uid":"2143644011",
"parent":"",
"text":"游个行把路都封了，我下班回来的时候公交都没有，出租也没有，我足足走了五站地才坐着车",
"mid":"yCtSNmVmA",
"date":"2012-09-18 20:53:25"
},
{
"kids":[
"yCv0Pk2Qa",
"yCuydbHIM",
"yCtXEsZQr"
],
"uid":"80105110",
"parent":"",
"text":"成都的无业游民太多··成都不是一个人呆的地方····",
"mid":"yCtShqMgL",
"date":"2012-09-18 20:52:08"
},
{
"kids":[
"yCD809lmD",
"yCw2CaPjU"
],
"uid":"1729368363",
"parent":"yCtItBP3P",
"text":"只壮观！",
"mid":"yCtSaCQbm",
"date":"2012-09-18 20:51:52"
},
{
"kids":[],
"uid":"1213854335",
"parent":"",
"text":"给力成都@echominicat @糖_甜到哀伤",
"mid":"yCtRM8hVZ",
"date":"2012-09-18 20:50:51"
},
{
"kids":[],
"uid":"2709615662",
"parent":"",
"text":"左下图不是成都吧。",
"mid":"yCtRDxRCb",
"date":"2012-09-18 20:50:34"
},
{
"kids":[],
"uid":"1848211817",
"parent":"",
"text":"O No！[围观]",
"mid":"yCtRf3pcH",
"date":"2012-09-18 20:49:34"
},
{
"kids":[],
"uid":"sun56332",
"parent":"",
"text":"我也在人群中",
"mid":"yCtQPCakQ",
"date":"2012-09-18 20:48:32"
},
{
"kids":[],
"uid":"2068709533",
"parent":"",
"text":"蚂蚁都挤不进去",
"mid":"yCtQFf3vT",
"date":"2012-09-18 20:48:10"
},
{
"kids":[
"yCurCwB96"
],
"uid":"1651824532",
"parent":"yCtmVD73N",
"text":"可惜我不在。",
"mid":"yCtQb92NH",
"date":"2012-09-18 20:46:57"
},
{
"kids":[
"yCuTDoC2a"
],
"uid":"1832024475",
"parent":"yCsHeqlqU",
"text":"哇！",
"mid":"yCtQ5bYv6",
"date":"2012-09-18 20:46:43"
},
{
"kids":[],
"uid":"husirui626327",
"parent":"yCtmo0V4M",
"text":"成都真的疯了···",
"mid":"yCtQ42uU2",
"date":"2012-09-18 20:46:41"
},
{
"kids":[],
"uid":"2453855043",
"parent":"",
"text":"人都人海咯。",
"mid":"yCtOudp96",
"date":"2012-09-18 20:42:45"
},
{
"kids":[],
"uid":"1824479545",
"parent":"yCt2khh6A",
"text":"今天的成都是文明游行了 四哥你还想买个国旗 你是没有看见今天一个状男人拿着国旗出来的现场哦 我可是亲眼目睹了还",
"mid":"yCtNZdeIe",
"date":"2012-09-18 20:41:33"
},
{
"kids":[],
"uid":"57613520",
"parent":"",
"text":"[熊猫]钓鱼岛是中国的[威武]",
"mid":"yCtMyxsRu",
"date":"2012-09-18 20:38:03"
},
{
"kids":[
"yCyG7385w"
],
"uid":"1796144192",
"parent":"yCtuMF3Rh",
"text":"我也是其中一员哈哈",
"mid":"yCtMviwbq",
"date":"2012-09-18 20:37:54"
},
{
"kids":[],
"uid":"1356583812",
"parent":"yCtlRdF5k",
"text":"感觉比今天的解放碑人还多。",
"mid":"yCtLPEeGD",
"date":"2012-09-18 20:36:12"
},
{
"kids":[],
"uid":"2952548115",
"parent":"yCtJT6OyI",
"text":"可惜今天没去啊 只有看哈照片咯",
"mid":"yCtKIckNx",
"date":"2012-09-18 20:33:29"
},
{
"kids":[],
"uid":"2638695413",
"parent":"yCtH5CPLb",
"text":"",
"mid":"yCtKAwamG",
"date":"2012-09-18 20:33:11"
},
{
"kids":[],
"uid":"mensisi",
"parent":"",
"text":"",
"mid":"yCtKkeacS",
"date":"2012-09-18 20:32:32"
},
{
"kids":[
"yCtKIckNx"
],
"uid":"1133224667",
"parent":"",
"text":"咳...这幸亏不是周末，周末人更多...",
"mid":"yCtJT6OyI",
"date":"2012-09-18 20:31:26"
},
{
"kids":[],
"uid":"612323330",
"parent":"",
"text":"转转，成都的宝贝们，游死小日本们。",
"mid":"yCtJI6ZHp",
"date":"2012-09-18 20:31:01"
},
{
"kids":[],
"uid":"carl927",
"parent":"yCtsj0KG0",
"text":"",
"mid":"yCtJsr8He",
"date":"2012-09-18 20:30:24"
},
{
"kids":[
"yCuwV7PAy"
],
"uid":"2106331920",
"parent":"",
"text":"太给力了",
"mid":"yCtIJgLGD",
"date":"2012-09-18 20:28:36"
},
{
"kids":[
"yCtSaCQbm"
],
"uid":"serinasu",
"parent":"yCssOyTO4",
"text":"这个阵仗。。。在成都度假的亲们看到没有呢？@Ellie五七七 @乌云也温暖",
"mid":"yCtItBP3P",
"date":"2012-09-18 20:27:57"
},
{
"kids":[
"yCukJeVDC"
],
"uid":"lawsonissue",
"parent":"",
"text":"mp没看到真的为自己切身利益勒们勇猛的啊 真的觉得人多斗可以钓鱼撒 吾党英明吾民可自由表达观点",
"mid":"yCtIi3nuU",
"date":"2012-09-18 20:27:31"
},
{
"kids":[],
"uid":"2019853391",
"parent":"yCtlRdF5k",
"text":"理性游行，成都人民威武[给力]",
"mid":"yCtIewuU8",
"date":"2012-09-18 20:27:20"
},
{
"kids":[
"yCzflkvMZ"
],
"uid":"1957738862",
"parent":"",
"text":"强大",
"mid":"yCtI83CCp",
"date":"2012-09-18 20:27:04"
},
{
"kids":[],
"uid":"1378988990",
"parent":"",
"text":"哇~~~",
"mid":"yCtI7oVnV",
"date":"2012-09-18 20:27:06"
},
{
"kids":[
"yCtKAwamG"
],
"uid":"1765254434",
"parent":"",
"text":"眼晕，真有人去啊？想不通",
"mid":"yCtH5CPLb",
"date":"2012-09-18 20:24:33"
},
{
"kids":[],
"uid":"xulu0406001",
"parent":"yCtDNaxX3",
"text":"成都这么二，大喊一声：好！",
"mid":"yCtGVyWhX",
"date":"2012-09-18 20:24:09"
},
{
"kids":[
"yCugqofSE"
],
"uid":"isbabylon",
"parent":"",
"text":"我在他们旁边上课。。。表示啥子都没看到。。。",
"mid":"yCtG8vpuW",
"date":"2012-09-18 20:22:12"
},
{
"kids":[
"yCu4TjzzB"
],
"uid":"2128665335",
"parent":"",
"text":"疯已经形容不了了 壮观啊 带感啊",
"mid":"yCtFIetz7",
"date":"2012-09-18 20:21:07"
},
{
"kids":[],
"uid":"lcsun888",
"parent":"",
"text":"勿忘国耻！警钟长鸣！理性爱国！",
"mid":"yCtEV95Fm",
"date":"2012-09-18 20:19:13"
},
{
"kids":[
"yCtGVyWhX"
],
"uid":"1858531940",
"parent":"",
"text":"[good]",
"mid":"yCtDNaxX3",
"date":"2012-09-18 20:16:23"
},
{
"kids":[],
"uid":"2272472217",
"parent":"yCt3NhpZH",
"text":"周二啊，大家都不上班吗？",
"mid":"yCtBZoPj3",
"date":"2012-09-18 20:12:00"
},
{
"kids":[
"yCusHfMIF"
],
"uid":"1458227732",
"parent":"yCsvXAXMS",
"text":"这个情况••••处在二环外的人儿幸福啊",
"mid":"yCtBYhUnb",
"date":"2012-09-18 20:11:57"
},
{
"kids":[],
"uid":"1370265257",
"parent":"",
"text":"日本人都上岛了，还在这里干嘛？把全中国交通都堵瘫了，也影响不了日本，他们想干啥还是干啥。ZF在干嘛？除了煽动民众游行，派几只船在外围海域，见日本人登岛了，也不见去抓啊。天天喊维权，我也会。",
"mid":"yCtBvib3t",
"date":"2012-09-18 20:10:48"
},
{
"kids":[],
"uid":"1727958802",
"parent":"yCtzE5Qem",
"text":"幸好我没去 要不会被挤死的",
"mid":"yCtBnB37X",
"date":"2012-09-18 20:10:30"
},
{
"kids":[],
"uid":"goodsmile2011",
"parent":"yCsKZ0sxo",
"text":"不上班，不上学啊，这些人。有力气搞建设去呀。去发明先进武器，去造好的汽车，去产世界一流的相机啊。压马路有啥用啊？添堵！@风仁--真的是小三爷@MUMU_JULY",
"mid":"yCtAYvNoF",
"date":"2012-09-18 20:09:30"
},
{
"kids":[],
"uid":"1557351397",
"parent":"yCtt0pmAv",
"text":"比我们还疯狂@守护-诺言-ZHENG @Notnegativetime",
"mid":"yCtATbJ9G",
"date":"2012-09-18 20:09:17"
},
{
"kids":[],
"uid":"1713509051",
"parent":"yCtlK88fx",
"text":"对头",
"mid":"yCtAaiy9M",
"date":"2012-09-18 20:07:28"
},
{
"kids":[
"yCtBnB37X"
],
"uid":"jjingforver",
"parent":"yCtynaiMg",
"text":"好歌成都城",
"mid":"yCtzE5Qem",
"date":"2012-09-18 20:06:13"
},
{
"kids":[],
"uid":"2033229254",
"parent":"",
"text":"唾沫都能淹死小日本[闭嘴]",
"mid":"yCtzr4AR3",
"date":"2012-09-18 20:05:42"
},
{
"kids":[
"yCtzE5Qem"
],
"uid":"1858531940",
"parent":"yCtmo0V4M",
"text":"给跪了，下个918，我一定要去成都顶一个[泪]",
"mid":"yCtynaiMg",
"date":"2012-09-18 20:03:03"
},
{
"kids":[],
"uid":"15808160660lwj",
"parent":"",
"text":"@德阳时态24hours @李玥笑极品点滴",
"mid":"yCty2sVhX",
"date":"2012-09-18 20:02:17"
},
{
"kids":[],
"uid":"1889242982",
"parent":"yCtpCjTEg",
"text":"广州都好夸张，广州大桥都封锁了",
"mid":"yCtxap4f8",
"date":"2012-09-18 20:00:07"
},
{
"kids":[],
"uid":"yulia0",
"parent":"yCtoeltZr",
"text":"妈呀，好吓人，好强大···@ramwang",
"mid":"yCtwX8imr",
"date":"2012-09-18 19:59:35"
},
{
"kids":[],
"uid":"yangpinghui",
"parent":"yCtuCjxtL",
"text":"[国旗]",
"mid":"yCtwzaVvK",
"date":"2012-09-18 19:58:36"
},
{
"kids":[],
"uid":"yangpinghui",
"parent":"yCtu2hjmt",
"text":"还没回来",
"mid":"yCtwsFDYR",
"date":"2012-09-18 19:58:20"
},
{
"kids":[],
"uid":"2638695413",
"parent":"",
"text":"",
"mid":"yCtvQhL9r",
"date":"2012-09-18 19:56:51"
},
{
"kids":[],
"uid":"1892546853",
"parent":"",
"text":"今天公交改线， 我走过去上的课",
"mid":"yCtvpEEge",
"date":"2012-09-18 19:55:49"
},
{
"kids":[],
"uid":"ryan211989",
"parent":"",
"text":"可谓壮观呐[国旗]",
"mid":"yCtvknBS5",
"date":"2012-09-18 19:55:32"
},
{
"kids":[
"yCtMviwbq"
],
"uid":"513224569",
"parent":"yCts4e3gv",
"text":"",
"mid":"yCtuMF3Rh",
"date":"2012-09-18 19:54:15"
},
{
"kids":[
"yCtwzaVvK"
],
"uid":"2061634055",
"parent":"yCtu2hjmt",
"text":"[吃惊][晕]",
"mid":"yCtuCjxtL",
"date":"2012-09-18 19:53:50"
},
{
"kids":[],
"uid":"1844682014",
"parent":"yCtlRdF5k",
"text":"激动了",
"mid":"yCtuieRc7",
"date":"2012-09-18 19:53:02"
},
{
"kids":[
"yCtwsFDYR",
"yCtuCjxtL"
],
"uid":"2495910424",
"parent":"yCtrpbu79",
"text":"额'''云哥居然今天去春熙啊'''[衰][衰][衰]",
"mid":"yCtu2hjmt",
"date":"2012-09-18 19:52:24"
},
{
"kids":[
"yCun4Cl0Z"
],
"uid":"yuexiangbaozi",
"parent":"yCtoSfN19",
"text":"",
"mid":"yCttLnokj",
"date":"2012-09-18 19:51:44"
},
{
"kids":[],
"uid":"2175145020",
"parent":"yCtoIdZAo",
"text":"成都提了劲的",
"mid":"yCttrkPgf",
"date":"2012-09-18 19:50:55"
},
{
"kids":[
"yCtATbJ9G"
],
"uid":"2595844194",
"parent":"yCsNi1vVl",
"text":"",
"mid":"yCtt0pmAv",
"date":"2012-09-18 19:49:52"
},
{
"kids":[],
"uid":"flypangpangniu",
"parent":"yCtqTfkQT",
"text":"难怪我们辅导员要查我们",
"mid":"yCtsylJPS",
"date":"2012-09-18 19:48:45"
},
{
"kids":[
"yCtJsr8He"
],
"uid":"1762954303",
"parent":"yCtkhFUNx",
"text":"",
"mid":"yCtsj0KG0",
"date":"2012-09-18 19:48:06"
},
{
"kids":[
"yCtuMF3Rh"
],
"uid":"2566338977",
"parent":"",
"text":"天啊天啊，那么多人",
"mid":"yCts4e3gv",
"date":"2012-09-18 19:47:34"
},
{
"kids":[
"yCtu2hjmt"
],
"uid":"yangpinghui",
"parent":"yCsWlrb7i",
"text":"又想起了云哥，，中午就去春熙了，现在还没回来呢",
"mid":"yCtrpbu79",
"date":"2012-09-18 19:45:55"
},
{
"kids":[
"yCu3ViJVz"
],
"uid":"1657400385",
"parent":"",
"text":"so crazy",
"mid":"yCtr8jDL4",
"date":"2012-09-18 19:45:15"
},
{
"kids":[
"yCtsylJPS"
],
"uid":"1763642637",
"parent":"yCtkhFUNx",
"text":"都是成都足球迷就帅呆了啊",
"mid":"yCtqTfkQT",
"date":"2012-09-18 19:44:39"
},
{
"kids":[],
"uid":"2929280337",
"parent":"yCt3NhpZH",
"text":"",
"mid":"yCtqP51Cd",
"date":"2012-09-18 19:44:29"
},
{
"kids":[
"yCtxap4f8"
],
"uid":"1863851563",
"parent":"yCtaoxMGw",
"text":"@柠萌先生",
"mid":"yCtpCjTEg",
"date":"2012-09-18 19:41:30"
},
{
"kids":[
"yDrss09IM",
"yDkBaDqbr",
"yDkBalP02"
],
"uid":"2832818664",
"parent":"",
"text":"爱国活动得疯狂所在",
"mid":"yCtoVbl3w",
"date":"2012-09-18 19:39:46"
},
{
"kids":[
"yCtTTkixG",
"yCttLnokj"
],
"uid":"1783550990",
"parent":"yCtdNxhdQ",
"text":"还真有看热闹不嫌事儿大的",
"mid":"yCtoSfN19",
"date":"2012-09-18 19:39:40"
},
{
"kids":[
"yCttrkPgf"
],
"uid":"zyaiyuan",
"parent":"",
"text":"这个劲丈大哦",
"mid":"yCtoIdZAo",
"date":"2012-09-18 19:39:17"
},
{
"kids":[],
"uid":"2117652442",
"parent":"yCtmUu7Ti",
"text":"2012.9.18成都",
"mid":"yCtojoqtp",
"date":"2012-09-18 19:38:16"
},
{
"kids":[
"yCtwX8imr"
],
"uid":"yuanlaiyoyo",
"parent":"yCtmo0V4M",
"text":"哇呀··",
"mid":"yCtoeltZr",
"date":"2012-09-18 19:38:06"
},
{
"kids":[],
"uid":"wolkewolke",
"parent":"yCtmUu7Ti",
"text":"左下图不是成都",
"mid":"yCtociTD5",
"date":"2012-09-18 19:38:01"
},
{
"kids":[],
"uid":"1751393383",
"parent":"",
"text":"密集恐惧症~~",
"mid":"yCto6n9s7",
"date":"2012-09-18 19:37:47"
},
{
"kids":[
"yCu2ytuTj"
],
"uid":"810327313",
"parent":"yCtmo0V4M",
"text":"[围观]",
"mid":"yCtnV7fRg",
"date":"2012-09-18 19:37:21"
},
{
"kids":[],
"uid":"2357761775",
"parent":"",
"text":"/天哪！！！/@油锅里的大蚂蚱:",
"mid":"yCtnL7DDB",
"date":"2012-09-18 19:36:56"
},
{
"kids":[
"yCtQb92NH"
],
"uid":"2040689655",
"parent":"yCtfACcV5",
"text":"春熙路今天要挤疯。",
"mid":"yCtmVD73N",
"date":"2012-09-18 19:34:54"
},
{
"kids":[
"yCtojoqtp",
"yCtociTD5"
],
"uid":"1737486242",
"parent":"",
"text":"",
"mid":"yCtmUu7Ti",
"date":"2012-09-18 19:34:52"
},
{
"kids":[],
"uid":"2838426114",
"parent":"yCtkhFUNx",
"text":"",
"mid":"yCtmzweqr",
"date":"2012-09-18 19:34:01"
},
{
"kids":[
"yCtQ42uU2",
"yCtynaiMg",
"yCtoeltZr",
"yCtnV7fRg"
],
"uid":"339605333",
"parent":"",
"text":"成都真的疯了···",
"mid":"yCtmo0V4M",
"date":"2012-09-18 19:33:34"
},
{
"kids":[],
"uid":"1213844302",
"parent":"yCt7hzZfO",
"text":"OMG！！！像海水！@Anly佳 @合影SEAN @西西外岛 @神腐宅女 @lily9246 @跨跨跨跨过鸭绿江 @Sissi梁 @SDuo99",
"mid":"yCtmj0yMF",
"date":"2012-09-18 19:33:18"
},
{
"kids":[
"yCudW9X4x",
"yCu9PaLhY",
"yCu5kuMOk",
"yCu4q48yy",
"yCtLPEeGD",
"yCtIewuU8",
"yCtuieRc7"
],
"uid":"1672028071",
"parent":"yCtlrbBKi",
"text":"成都人民热情高啊",
"mid":"yCtlRdF5k",
"date":"2012-09-18 19:32:13"
},
{
"kids":[
"yCtAaiy9M"
],
"uid":"jovess",
"parent":"",
"text":"",
"mid":"yCtlK88fx",
"date":"2012-09-18 19:31:55"
},
{
"kids":[
"yCyjj8fTL",
"yCtlRdF5k"
],
"uid":"hymcom",
"parent":"",
"text":"今天的成都春熙路。下午上班的时候天府广场都封咯，害的我走咯两个站。[泪][泪][泪]",
"mid":"yCtlrbBKi",
"date":"2012-09-18 19:31:13"
},
{
"kids":[],
"uid":"1579127341",
"parent":"yCsu9BAf3",
"text":"那么多人，壮观",
"mid":"yCtl5m7wy",
"date":"2012-09-18 19:30:20"
},
{
"kids":[],
"uid":"2407246915",
"parent":"",
"text":"呕心的小日本",
"mid":"yCtkIj2TK",
"date":"2012-09-18 19:29:26"
},
{
"kids":[],
"uid":"1727749693",
"parent":"",
"text":"今天的成都 @有些话仅说给懂的人听",
"mid":"yCtkm66u3",
"date":"2012-09-18 19:28:33"
},
{
"kids":[
"yCvmKzjez"
],
"uid":"2866293914",
"parent":"yCtcOCsYQ",
"text":"阿阿阿啊。我不在",
"mid":"yCtkkmJrR",
"date":"2012-09-18 19:28:29"
},
{
"kids":[
"yCus6Ee08",
"yCubO3Sku",
"yCu4voaIq",
"yCtsj0KG0",
"yCtqTfkQT",
"yCtmzweqr"
],
"uid":"2030016253",
"parent":"",
"text":"都来看球就好了哈哈",
"mid":"yCtkhFUNx",
"date":"2012-09-18 19:28:23"
},
{
"kids":[],
"uid":"2416892997",
"parent":"yCt9EoQ5w",
"text":"",
"mid":"yCthhftk7",
"date":"2012-09-18 19:20:59"
},
{
"kids":[],
"uid":"1891495561",
"parent":"",
"text":"@julia_奇奇 @杨莉的围脖",
"mid":"yCtgQEwip",
"date":"2012-09-18 19:19:54"
},
{
"kids":[],
"uid":"2159957357",
"parent":"",
"text":"",
"mid":"yCtgPaYEU",
"date":"2012-09-18 19:19:48"
},
{
"kids":[],
"uid":"206901266",
"parent":"",
"text":"不止是成都~全国都疯了~真实搞不懂哪里来那么多人？都不用上班啊？",
"mid":"yCtg7rDwV",
"date":"2012-09-18 19:18:07"
},
{
"kids":[],
"uid":"1528557724",
"parent":"yCsRQd14y",
"text":"俺今天给你打电话老，你没有接，你在搞哪样呢？",
"mid":"yCtg04vAx",
"date":"2012-09-18 19:17:47"
},
{
"kids":[
"yCtmVD73N"
],
"uid":"444542126",
"parent":"",
"text":"[衰] 中国就是人多！！！",
"mid":"yCtfACcV5",
"date":"2012-09-18 19:16:47"
},
{
"kids":[],
"uid":"2214378673",
"parent":"yCtcOCsYQ",
"text":"",
"mid":"yCtfyhBDB",
"date":"2012-09-18 19:16:42"
},
{
"kids":[],
"uid":"2064627414",
"parent":"yCtbG2MwZ",
"text":"",
"mid":"yCteIgNOM",
"date":"2012-09-18 19:14:36"
},
{
"kids":[],
"uid":"2040010693",
"parent":"yCt3NhpZH",
"text":"成都成都！",
"mid":"yCtemoAH2",
"date":"2012-09-18 19:13:47"
},
{
"kids":[],
"uid":"1637410864",
"parent":"yCt74zMyQ",
"text":"结果就是造成更多的人民出行不便，拥堵不堪",
"mid":"yCtdYbMya",
"date":"2012-09-18 19:12:49"
},
{
"kids":[
"yCtoSfN19"
],
"uid":"2364775922",
"parent":"",
"text":"",
"mid":"yCtdNxhdQ",
"date":"2012-09-18 19:12:24"
},
{
"kids":[
"yCtkkmJrR",
"yCtfyhBDB"
],
"uid":"370113836",
"parent":"",
"text":"好想去啊",
"mid":"yCtcOCsYQ",
"date":"2012-09-18 19:09:58"
},
{
"kids":[],
"uid":"2281483421",
"parent":"",
"text":"你看嘛 不疯了才怪",
"mid":"yCtcM0268",
"date":"2012-09-18 19:09:51"
},
{
"kids":[
"yCteIgNOM"
],
"uid":"1895169742",
"parent":"",
"text":"[给力][给力][给力]",
"mid":"yCtbG2MwZ",
"date":"2012-09-18 19:07:10"
},
{
"kids":[],
"uid":"nengpp0926",
"parent":"yCsLR2cP4",
"text":"幸好回家早",
"mid":"yCtb2qx17",
"date":"2012-09-18 19:05:36"
},
{
"kids":[],
"uid":"1885215475",
"parent":"yCsHeqlqU",
"text":"坐月子的人表示出不去 不知情",
"mid":"yCtas6M1f",
"date":"2012-09-18 19:04:06"
},
{
"kids":[
"yCtpCjTEg"
],
"uid":"1863851563",
"parent":"yCt7hzZfO",
"text":"@猫猫儿JESS @azurebeach @belinda袁 @Karen此时此地 爱国高涨！",
"mid":"yCtaoxMGw",
"date":"2012-09-18 19:04:00"
},
{
"kids":[],
"uid":"2930454775",
"parent":"yCt3NhpZH",
"text":"成都V587~~~~",
"mid":"yCta8xgnO",
"date":"2012-09-18 19:03:23"
},
{
"kids":[],
"uid":"2121696313",
"parent":"",
"text":"中国的",
"mid":"yCt9I0DXF",
"date":"2012-09-18 19:02:19"
},
{
"kids":[
"yCthhftk7"
],
"uid":"2213188237",
"parent":"",
"text":"这个真的吓人！",
"mid":"yCt9EoQ5w",
"date":"2012-09-18 19:02:12"
},
{
"kids":[],
"uid":"zihuanwang910",
"parent":"",
"text":"成都人，威武了的[威武][威武][给力][给力]",
"mid":"yCt9e8Tpa",
"date":"2012-09-18 19:01:05"
},
{
"kids":[],
"uid":"1985526332",
"parent":"yCt7hzZfO",
"text":"好恐怖",
"mid":"yCt8mntJX",
"date":"2012-09-18 18:59:00"
},
{
"kids":[],
"uid":"2328920407",
"parent":"",
"text":"",
"mid":"yCt8f0lY3",
"date":"2012-09-18 18:58:42"
},
{
"kids":[
"yCuAAkGHv",
"yCtmj0yMF",
"yCtaoxMGw",
"yCt8mntJX"
],
"uid":"1670403441",
"parent":"",
"text":"@CDliaoliao @爱上足球的毛毛虫 @Percy_HP @kenny-yjz",
"mid":"yCt7hzZfO",
"date":"2012-09-18 18:56:19"
},
{
"kids":[
"yCtdYbMya"
],
"uid":"337358583",
"parent":"",
"text":"我只能说春熙路的桥质量只好。。。。",
"mid":"yCt74zMyQ",
"date":"2012-09-18 18:55:50"
},
{
"kids":[],
"uid":"2207609841",
"parent":"yCt2vdntz",
"text":"",
"mid":"yCt6Jjd1O",
"date":"2012-09-18 18:54:57"
},
{
"kids":[],
"uid":"chengtu",
"parent":"yCt3NhpZH",
"text":"",
"mid":"yCt6exfDQ",
"date":"2012-09-18 18:53:46"
},
{
"kids":[],
"uid":"2144182075",
"parent":"yCt2vdntz",
"text":"",
"mid":"yCt4FnvW4",
"date":"2012-09-18 18:49:54"
},
{
"kids":[],
"uid":"1237951514",
"parent":"",
"text":"",
"mid":"yCt3UFLfV",
"date":"2012-09-18 18:48:01"
},
{
"kids":[
"yCtBZoPj3",
"yCtqP51Cd",
"yCtemoAH2",
"yCta8xgnO",
"yCt6exfDQ"
],
"uid":"1242209385",
"parent":"",
"text":"",
"mid":"yCt3NhpZH",
"date":"2012-09-18 18:47:43"
},
{
"kids":[],
"uid":"mrsheen",
"parent":"",
"text":"好多人 打到小日本",
"mid":"yCt2H2IIw",
"date":"2012-09-18 18:45:02"
},
{
"kids":[
"yCt6Jjd1O",
"yCt4FnvW4"
],
"uid":"ehsiaoshan",
"parent":"",
"text":"哇.今天春熙路疯.",
"mid":"yCt2vdntz",
"date":"2012-09-18 18:44:35"
},
{
"kids":[
"yCtNZdeIe"
],
"uid":"1562800051",
"parent":"",
"text":"@俊杰的妈妈 说：娟妈，今天真是个好日子啊，我觉得我们俩应该去卖个国旗或者矿泉水什么的",
"mid":"yCt2khh6A",
"date":"2012-09-18 18:44:08"
},
{
"kids":[],
"uid":"206665836",
"parent":"",
"text":"",
"mid":"yCt2gqH0V",
"date":"2012-09-18 18:43:57"
},
{
"kids":[],
"uid":"234539953",
"parent":"",
"text":"[吃惊]wahhh！大家都没上班了哇？我们学校全部严禁出门了",
"mid":"yCt22xfHk",
"date":"2012-09-18 18:43:26"
},
{
"kids":[],
"uid":"2044004253",
"parent":"",
"text":"[给力][给力][围观][围观]",
"mid":"yCt1gEEIj",
"date":"2012-09-18 18:41:32"
},
{
"kids":[],
"uid":"2550134301",
"parent":"yCt0yCphi",
"text":"",
"mid":"yCt1gDlb4",
"date":"2012-09-18 18:41:30"
},
{
"kids":[],
"uid":"201256726",
"parent":"yCsGIdFeq",
"text":"",
"mid":"yCt12uI6c",
"date":"2012-09-18 18:40:58"
},
{
"kids":[
"yCt1gDlb4"
],
"uid":"cyao1209",
"parent":"",
"text":"哇塞塞！",
"mid":"yCt0yCphi",
"date":"2012-09-18 18:39:47"
},
{
"kids":[],
"uid":"2009277851",
"parent":"",
"text":"",
"mid":"yCt0wfRil",
"date":"2012-09-18 18:39:41"
},
{
"kids":[],
"uid":"2151515000",
"parent":"",
"text":"牛逼",
"mid":"yCsZZdeTT",
"date":"2012-09-18 18:38:22"
},
{
"kids":[
"yCv1x0FpV"
],
"uid":"huchao10",
"parent":"",
"text":"",
"mid":"yCsZOh8lH",
"date":"2012-09-18 18:37:54"
},
{
"kids":[],
"uid":"littleyoung1223",
"parent":"yCsT3waVl",
"text":"中国啥子都不多'就人多！",
"mid":"yCsZd32qM",
"date":"2012-09-18 18:36:26"
},
{
"kids":[],
"uid":"1939778874",
"parent":"",
"text":"",
"mid":"yCsYYwQqW",
"date":"2012-09-18 18:35:53"
},
{
"kids":[],
"uid":"523497688",
"parent":"",
"text":"",
"mid":"yCsYuqtLJ",
"date":"2012-09-18 18:34:41"
},
{
"kids":[
"yCu2QxeI5"
],
"uid":"1322370991",
"parent":"",
"text":"好壮观哦！成都[威武]",
"mid":"yCsYiA1Oi",
"date":"2012-09-18 18:34:14"
},
{
"kids":[],
"uid":"1837816495",
"parent":"",
"text":"那么多人啊。。。。",
"mid":"yCsX96hca",
"date":"2012-09-18 18:31:19"
},
{
"kids":[
"yCtrpbu79"
],
"uid":"1972764097",
"parent":"yCsTPr1Oy",
"text":"左边下面那个不是样",
"mid":"yCsWlrb7i",
"date":"2012-09-18 18:29:24"
},
{
"kids":[],
"uid":"zengwenjie820",
"parent":"yCsTPr1Oy",
"text":"相当给力[good][给力]",
"mid":"yCsVVqMHX",
"date":"2012-09-18 18:28:20"
},
{
"kids":[],
"uid":"2128704045",
"parent":"yCsGIdFeq",
"text":"哇[挖鼻屎]",
"mid":"yCsVMihrX",
"date":"2012-09-18 18:28:01"
},
{
"kids":[],
"uid":"1465613851",
"parent":"yCsUWhuLT",
"text":"理性爱国'别被利用了！",
"mid":"yCsVG211I",
"date":"2012-09-18 18:27:46"
},
{
"kids":[],
"uid":"2496719952",
"parent":"yCsRQd14y",
"text":"大规模游行。",
"mid":"yCsVv9U1Q",
"date":"2012-09-18 18:27:19"
},
{
"kids":[
"yCsVG211I"
],
"uid":"heleitz",
"parent":"yCsQKcfq4",
"text":"不要乱砸车，不要乱抢行人，不要乱扔垃圾",
"mid":"yCsUWhuLT",
"date":"2012-09-18 18:25:56"
},
{
"kids":[],
"uid":"2255676953",
"parent":"",
"text":"勿忘国耻，警钟长鸣！！",
"mid":"yCsUN7Sv0",
"date":"2012-09-18 18:25:34"
},
{
"kids":[],
"uid":"1056236707",
"parent":"yCsJv5LZc",
"text":"一群不上班不上學的人，找機會出來打砸搶么...",
"mid":"yCsUnnwjf",
"date":"2012-09-18 18:24:33"
},
{
"kids":[],
"uid":"2075464871",
"parent":"yCsGIdFeq",
"text":"",
"mid":"yCsUeftfr",
"date":"2012-09-18 18:24:08"
},
{
"kids":[
"yCsWlrb7i",
"yCsVVqMHX"
],
"uid":"1728136714",
"parent":"",
"text":"[吃惊]",
"mid":"yCsTPr1Oy",
"date":"2012-09-18 18:23:11"
},
{
"kids":[],
"uid":"328360600",
"parent":"yCsR8qVOF",
"text":"左手第二张是p的吧？？",
"mid":"yCsTFoaJd",
"date":"2012-09-18 18:22:48"
},
{
"kids":[
"yCsZd32qM"
],
"uid":"1782680707",
"parent":"",
"text":"豁，太多人了嘛",
"mid":"yCsT3waVl",
"date":"2012-09-18 18:21:18"
},
{
"kids":[
"yCtg04vAx",
"yCsVv9U1Q"
],
"uid":"2184727453",
"parent":"",
"text":"成都，你在搞哪样？",
"mid":"yCsRQd14y",
"date":"2012-09-18 18:18:18"
},
{
"kids":[
"yCsTFoaJd"
],
"uid":"1925920411",
"parent":"",
"text":"我晕！没看出来这么多人呢！",
"mid":"yCsR8qVOF",
"date":"2012-09-18 18:16:35"
},
{
"kids":[],
"uid":"1789876602",
"parent":"",
"text":"真的假的？我怎么觉得重庆也不远了呢[吃惊]",
"mid":"yCsQMiM9n",
"date":"2012-09-18 18:15:41"
},
{
"kids":[
"yCsUWhuLT"
],
"uid":"1465613851",
"parent":"",
"text":"哇，中国人真多，力量也要大才行哦！[晕]",
"mid":"yCsQKcfq4",
"date":"2012-09-18 18:15:35"
},
{
"kids":[],
"uid":"2137868623",
"parent":"",
"text":"哇塞……",
"mid":"yCsQcdgsG",
"date":"2012-09-18 18:14:16"
},
{
"kids":[],
"uid":"1902358683",
"parent":"",
"text":"我有空间密集阵TOo。大家的热情投入到工作中就好了",
"mid":"yCsPGC48o",
"date":"2012-09-18 18:13:01"
},
{
"kids":[],
"uid":"tengfeivb",
"parent":"",
"text":"左下是哪里",
"mid":"yCsO8g3k8",
"date":"2012-09-18 18:09:11"
},
{
"kids":[],
"uid":"1913656611",
"parent":"yCsKZ0sxo",
"text":"左下好像不是成都啊",
"mid":"yCsNwa0fP",
"date":"2012-09-18 18:07:38"
},
{
"kids":[
"yCtt0pmAv"
],
"uid":"1801762140",
"parent":"",
"text":"+1",
"mid":"yCsNi1vVl",
"date":"2012-09-18 18:07:02"
},
{
"kids":[
"yCtb2qx17"
],
"uid":"loveczy1003",
"parent":"",
"text":"我要如何回家 有直升公交机吗？",
"mid":"yCsLR2cP4",
"date":"2012-09-18 18:03:33"
},
{
"kids":[],
"uid":"1784722851",
"parent":"",
"text":"[汗]吃饱了",
"mid":"yCsL5snPn",
"date":"2012-09-18 18:01:40"
},
{
"kids":[
"yCtAYvNoF",
"yCsNwa0fP"
],
"uid":"1298285544",
"parent":"yCstPef2s",
"text":"好多人都好有时间，真羡慕。。。今天周三啊啊啊啊",
"mid":"yCsKZ0sxo",
"date":"2012-09-18 18:01:24"
},
{
"kids":[
"yCsUnnwjf"
],
"uid":"2601151953",
"parent":"yCsGIdFeq",
"text":"要不要一定这样啊",
"mid":"yCsJv5LZc",
"date":"2012-09-18 17:57:46"
},
{
"kids":[],
"uid":"2370251397",
"parent":"yCsGIdFeq",
"text":"",
"mid":"yCsJtkphJ",
"date":"2012-09-18 17:57:41"
},
{
"kids":[],
"uid":"577228671",
"parent":"",
"text":"不错，不错，文明爱国！",
"mid":"yCsHZ6b6u",
"date":"2012-09-18 17:54:02"
},
{
"kids":[
"yCtQ5bYv6",
"yCtas6M1f"
],
"uid":"1839323620",
"parent":"yCrzwhjaS",
"text":"[疑问][疑问]",
"mid":"yCsHeqlqU",
"date":"2012-09-18 17:52:11"
},
{
"kids":[
"yCt12uI6c",
"yCsVMihrX",
"yCsUeftfr",
"yCsJv5LZc",
"yCsJtkphJ"
],
"uid":"yukonana",
"parent":"yCswRso4j",
"text":"[囧][囧]",
"mid":"yCsGIdFeq",
"date":"2012-09-18 17:50:53"
},
{
"kids":[],
"uid":"mary1987619",
"parent":"",
"text":"918事件，成都举行游行！！",
"mid":"yCsB5gNX1",
"date":"2012-09-18 17:37:00"
},
{
"kids":[],
"uid":"1926479297",
"parent":"yCsuU1Ndi",
"text":"春熙路今天太疯狂了",
"mid":"yCsyOgCnw",
"date":"2012-09-18 17:31:26"
},
{
"kids":[],
"uid":"2610817531",
"parent":"",
"text":"哇咔咔没有现场见证可惜了。",
"mid":"yCsy5mANT",
"date":"2012-09-18 17:29:39"
},
{
"kids":[],
"uid":"2717413370",
"parent":"",
"text":"",
"mid":"yCsxC7YUt",
"date":"2012-09-18 17:28:28"
},
{
"kids":[
"yCsGIdFeq"
],
"uid":"1914248997",
"parent":"",
"text":"做下那张！！！",
"mid":"yCswRso4j",
"date":"2012-09-18 17:26:36"
},
{
"kids":[
"yCtBYhUnb"
],
"uid":"2119180485",
"parent":"yCsjU1DwH",
"text":"",
"mid":"yCsvXAXMS",
"date":"2012-09-18 17:24:23"
},
{
"kids":[
"yCsyOgCnw"
],
"uid":"2302643107",
"parent":"",
"text":"对了的",
"mid":"yCsuU1Ndi",
"date":"2012-09-18 17:21:47"
},
{
"kids":[],
"uid":"1075515857",
"parent":"yCsu9BAf3",
"text":"说什么呢",
"mid":"yCsuTEVWA",
"date":"2012-09-18 17:21:48"
},
{
"kids":[],
"uid":"1981057564",
"parent":"yCsn3jaNC",
"text":"凶了",
"mid":"yCsuy9yJ4",
"date":"2012-09-18 17:20:55"
},
{
"kids":[
"yCtl5m7wy",
"yCsuTEVWA"
],
"uid":"1772162103",
"parent":"yCscI5V7A",
"text":"[中国][中国]",
"mid":"yCsu9BAf3",
"date":"2012-09-18 17:19:57"
},
{
"kids":[
"yCsKZ0sxo"
],
"uid":"2064332002",
"parent":"yCsitDuA8",
"text":"感觉木有打砸抢的哩！理性爱国！[国旗]",
"mid":"yCstPef2s",
"date":"2012-09-18 17:19:07"
},
{
"kids":[
"yCtItBP3P"
],
"uid":"2090589647",
"parent":"yCsrYy42X",
"text":"大爱成都",
"mid":"yCssOyTO4",
"date":"2012-09-18 17:16:37"
},
{
"kids":[
"yCuqUaDfU"
],
"uid":"1326027403",
"parent":"yCsrCpjEl",
"text":"我是受害者啊!",
"mid":"yCssMehRI",
"date":"2012-09-18 17:16:31"
},
{
"kids":[
"yCssOyTO4"
],
"uid":"chens0427",
"parent":"yCsn3jaNC",
"text":"[good][赞]",
"mid":"yCsrYy42X",
"date":"2012-09-18 17:14:35"
},
{
"kids":[
"yCssMehRI"
],
"uid":"1890044744",
"parent":"",
"text":"不是开始，今天一整天都这样",
"mid":"yCsrCpjEl",
"date":"2012-09-18 17:13:42"
},
{
"kids":[
"yCsuy9yJ4",
"yCsrYy42X"
],
"uid":"1912275381",
"parent":"",
"text":"闹得凶 早知道我们该去围观哦@嘿嘿--何飞宏 @袁丽蕾Miiii_Dt",
"mid":"yCsn3jaNC",
"date":"2012-09-18 17:02:27"
},
{
"kids":[],
"uid":"2640071753",
"parent":"",
"text":"真的'假的？壮观噢''",
"mid":"yCslShL38",
"date":"2012-09-18 16:59:31"
},
{
"kids":[],
"uid":"uc51245362",
"parent":"yCscI5V7A",
"text":"",
"mid":"yCskfieEk",
"date":"2012-09-18 16:55:32"
},
{
"kids":[
"yCsvXAXMS"
],
"uid":"1890044744",
"parent":"yCsdB4gNm",
"text":"@shengxuer1105 寸步难行…进城的路全封了…我违规才得以回家",
"mid":"yCsjU1DwH",
"date":"2012-09-18 16:54:41"
},
{
"kids":[],
"uid":"1705731692",
"parent":"yCrZkn4LJ",
"text":"这太给力了吧！！！！",
"mid":"yCsiWA9V7",
"date":"2012-09-18 16:52:18"
},
{
"kids":[
"yCstPef2s"
],
"uid":"2190023307",
"parent":"yCsdB4gNm",
"text":"团结啊，牛！[good]",
"mid":"yCsitDuA8",
"date":"2012-09-18 16:51:08"
},
{
"kids":[],
"uid":"2933124265",
"parent":"",
"text":"哎哟，太猛了",
"mid":"yCsfh5T9U",
"date":"2012-09-18 16:43:17"
},
{
"kids":[
"yCvNjlkVU"
],
"uid":"2098343302",
"parent":"yCscI5V7A",
"text":"[吃惊]这么多人",
"mid":"yCse1B1NB",
"date":"2012-09-18 16:40:13"
},
{
"kids":[
"yCsjU1DwH",
"yCsitDuA8"
],
"uid":"1880568025",
"parent":"yCscI5V7A",
"text":"@宅神小鬼 @鲨鲨砣 @MAX就是MAX 好壮观",
"mid":"yCsdB4gNm",
"date":"2012-09-18 16:39:10"
},
{
"kids":[],
"uid":"yangjingalice",
"parent":"yCscI5V7A",
"text":"",
"mid":"yCscYCQyG",
"date":"2012-09-18 16:37:39"
},
{
"kids":[
"yCsu9BAf3",
"yCskfieEk",
"yCse1B1NB",
"yCsdB4gNm",
"yCscYCQyG"
],
"uid":"1818451605",
"parent":"",
"text":"看来还是很理性，体现成都素质！",
"mid":"yCscI5V7A",
"date":"2012-09-18 16:36:57"
},
{
"kids":[],
"uid":"1859390110",
"parent":"yCrJTeAhw",
"text":"哇塞塞 幸好没去成都看热闹！！挤死了都不知道为什么！！中国人民 还真的给力！",
"mid":"yCs8Nu6xS",
"date":"2012-09-18 16:27:21"
},
{
"kids":[],
"uid":"1731442722",
"parent":"yCrW6Cjdt",
"text":"是不是真的哦··？",
"mid":"yCs3elw91",
"date":"2012-09-18 16:13:35"
},
{
"kids":[
"yCsiWA9V7"
],
"uid":"209797720",
"parent":"yCrJTeAhw",
"text":"这么给力[吃惊]",
"mid":"yCrZkn4LJ",
"date":"2012-09-18 16:04:00"
},
{
"kids":[
"z8xLJDq3u",
"z8xLJDq0g",
"z8oe2ivoU",
"z7vCp2EWD",
"z7vCopvNt",
"z7qzv4pjq",
"z7lXcinS0",
"z7fh96R58",
"z7fh96R3s",
"z6COy5GZj",
"z6reeqhOZ",
"z6hHIEsap",
"z6hHIEs9C",
"z5zOurP5z",
"z5tZViCWF",
"z5tZVhrcq",
"z30xc3LxE",
"z2PA2qW03",
"z2PA2pR7o",
"z25D9c0oV",
"z1TIuDpXU",
"z1TIuDpX1",
"z19xPFVwF",
"z14qclBcU",
"z14qclBbn"
],
"uid":"2846322881",
"parent":"",
"text":"",
"mid":"yCrYR5j6u",
"date":"2012-09-18 16:02:50"
},
{
"kids":[
"yCs3elw91"
],
"uid":"2685065643",
"parent":"",
"text":"",
"mid":"yCrW6Cjdt",
"date":"2012-09-18 15:56:04"
},
{
"kids":[],
"uid":"2291534585",
"parent":"",
"text":"哇撒",
"mid":"yCrSxhs7l",
"date":"2012-09-18 15:47:14"
},
{
"kids":[],
"uid":"2328511682",
"parent":"",
"text":"我的妈呀....",
"mid":"yCrQMxQXV",
"date":"2012-09-18 15:42:55"
},
{
"kids":[],
"uid":"1844598271",
"parent":"",
"text":"我这里都没有听到警报··[泪]",
"mid":"yCrLW2aiV",
"date":"2012-09-18 15:31:00"
},
{
"kids":[
"A0Kwg1QOW"
],
"uid":"dai8jun",
"parent":"",
"text":"这个阵仗太吓人了，这些人都不用上班嚒，我只能说成都人民真悠闲、",
"mid":"yCrLpx8PR",
"date":"2012-09-18 15:29:43"
},
{
"kids":[
"yCs8Nu6xS",
"yCrZkn4LJ"
],
"uid":"2035340200",
"parent":"",
"text":"[汗]",
"mid":"yCrJTeAhw",
"date":"2012-09-18 15:25:59"
},
{
"kids":[],
"uid":"1783125647",
"parent":"yCrzwhjaS",
"text":"HOLD不住啊，我心都要爆了",
"mid":"yCrHsx8Vf",
"date":"2012-09-18 15:19:57"
},
{
"kids":[
"yCsHeqlqU",
"yCrHsx8Vf"
],
"uid":"1771035447",
"parent":"",
"text":"哇，这场面太强大了！要是我现在在成都，一定要去参与盘！",
"mid":"yCrzwhjaS",
"date":"2012-09-18 15:00:25"
}
]