[
{
"kids":[],
"uid":"2919770064",
"parent":"zoiv9tWlQ",
"text":"",
"mid":"zsaZMaNbt",
"date":"2013-04-15 01:09:40"
},
{
"kids":[],
"uid":"2920015264",
"parent":"zoiv9tWlQ",
"text":"",
"mid":"zs6hjiTVK",
"date":"2013-04-14 13:09:07"
},
{
"kids":[],
"uid":"2804181884",
"parent":"zoiv9tWlQ",
"text":"",
"mid":"zs6hjgZrL",
"date":"2013-04-14 13:09:08"
},
{
"kids":[],
"uid":"2920021192",
"parent":"zmYsguPxm",
"text":"",
"mid":"zr81Mrl01",
"date":"2013-04-08 03:46:04"
},
{
"kids":[],
"uid":"1582751261",
"parent":"zoiv9tWlQ",
"text":"",
"mid":"zr7StDdQV",
"date":"2013-04-08 03:23:09"
},
{
"kids":[],
"uid":"1727877432",
"parent":"zmYsguPxm",
"text":"",
"mid":"zr1rYEsou",
"date":"2013-04-07 11:01:23"
},
{
"kids":[],
"uid":"1583355990",
"parent":"zmYsguPxm",
"text":"",
"mid":"zr1rYEsmk",
"date":"2013-04-07 11:01:23"
},
{
"kids":[],
"uid":"1583930002",
"parent":"zmF7r2ZNI",
"text":"",
"mid":"zqYqooYhZ",
"date":"2013-04-07 03:19:13"
},
{
"kids":[],
"uid":"3043599720",
"parent":"zoiv9tWlQ",
"text":"",
"mid":"zqXLgBdUu",
"date":"2013-04-07 01:37:55"
},
{
"kids":[],
"uid":"1776743232",
"parent":"zoiv9tWlQ",
"text":"",
"mid":"zqXLgBdSb",
"date":"2013-04-07 01:37:55"
},
{
"kids":[],
"uid":"2804674470",
"parent":"znhkiC9FI",
"text":"",
"mid":"zqXBbCR5U",
"date":"2013-04-07 01:13:05"
},
{
"kids":[],
"uid":"2920119320",
"parent":"zmGlOhWNG",
"text":"",
"mid":"zqXwhh2Rg",
"date":"2013-04-07 01:00:59"
},
{
"kids":[],
"uid":"1426657480",
"parent":"",
"text":"",
"mid":"zqSGo40B1",
"date":"2013-04-06 12:42:09"
},
{
"kids":[],
"uid":"2919640874",
"parent":"zmF7r2ZNI",
"text":"",
"mid":"zqOUvDlxk",
"date":"2013-04-06 03:05:58"
},
{
"kids":[],
"uid":"3043677160",
"parent":"zmF7r2ZNI",
"text":"",
"mid":"zqOUvDluT",
"date":"2013-04-06 03:05:58"
},
{
"kids":[],
"uid":"2919730992",
"parent":"zmGlOhWNG",
"text":"",
"mid":"zqOQfbDcV",
"date":"2013-04-06 02:55:26"
},
{
"kids":[],
"uid":"2803952592",
"parent":"zmGlOhWNG",
"text":"",
"mid":"zqOQeAZWr",
"date":"2013-04-06 02:55:26"
},
{
"kids":[],
"uid":"2920619792",
"parent":"zoiv9tWlQ",
"text":"",
"mid":"zqd8Qrjzy",
"date":"2013-04-02 02:56:53"
},
{
"kids":[],
"uid":"2919406494",
"parent":"zoiv9tWlQ",
"text":"",
"mid":"zq9EpfI82",
"date":"2013-04-01 18:03:41"
},
{
"kids":[],
"uid":"2790113880",
"parent":"zoiv9tWlQ",
"text":"",
"mid":"zq9EpfI56",
"date":"2013-04-01 18:03:37"
},
{
"kids":[],
"uid":"2803192644",
"parent":"zmGlOhWNG",
"text":"",
"mid":"zq3O78c7r",
"date":"2013-04-01 03:11:06"
},
{
"kids":[],
"uid":"2804713944",
"parent":"zmF7r2ZNI",
"text":"",
"mid":"zq34igmhh",
"date":"2013-04-01 01:18:12"
},
{
"kids":[],
"uid":"1777515470",
"parent":"zmF7r2ZNI",
"text":"",
"mid":"zpZjkCgiV",
"date":"2013-03-31 15:44:18"
},
{
"kids":[],
"uid":"2810204052",
"parent":"zmF7r2ZNI",
"text":"",
"mid":"zpZjkAW0f",
"date":"2013-03-31 15:44:17"
},
{
"kids":[],
"uid":"2789930044",
"parent":"zmGlOhWNG",
"text":"",
"mid":"zpTUyERmi",
"date":"2013-03-31 01:59:30"
},
{
"kids":[],
"uid":"1583895367",
"parent":"zmGlOhWNG",
"text":"",
"mid":"zpTUymrcF",
"date":"2013-03-31 01:59:30"
},
{
"kids":[],
"uid":"2323669175",
"parent":"",
"text":"有点逗了呢～",
"mid":"zpR7fo9Dh",
"date":"2013-03-30 18:52:32"
},
{
"kids":[],
"uid":"2920348850",
"parent":"zmGlOhWNG",
"text":"",
"mid":"zpn4eqVqA",
"date":"2013-03-27 14:22:40"
},
{
"kids":[],
"uid":"1589729017",
"parent":"zoiv9tWlQ",
"text":"",
"mid":"zpdyT4JSO",
"date":"2013-03-26 14:10:44"
},
{
"kids":[],
"uid":"1728048494",
"parent":"zmFcXgN9K",
"text":"",
"mid":"zp9eFncLd",
"date":"2013-03-26 03:09:57"
},
{
"kids":[],
"uid":"2789859544",
"parent":"zmFcXgN9K",
"text":"",
"mid":"zp9eFlY0t",
"date":"2013-03-26 03:09:57"
},
{
"kids":[],
"uid":"1583117852",
"parent":"zmGlOhWNG",
"text":"",
"mid":"zp8IRfIe3",
"date":"2013-03-26 01:51:34"
},
{
"kids":[],
"uid":"2804792662",
"parent":"zmGlOhWNG",
"text":"",
"mid":"zp8IQFhUM",
"date":"2013-03-26 01:51:34"
},
{
"kids":[],
"uid":"2919308060",
"parent":"zoiv9tWlQ",
"text":"",
"mid":"zp6p4gUnE",
"date":"2013-03-25 19:57:20"
},
{
"kids":[],
"uid":"2808364720",
"parent":"zoiv9tWlQ",
"text":"",
"mid":"zp6p4gUki",
"date":"2013-03-25 19:57:19"
},
{
"kids":[],
"uid":"2920311054",
"parent":"zmFcXgN9K",
"text":"",
"mid":"zoPdIkRqE",
"date":"2013-03-24 00:12:37"
},
{
"kids":[],
"uid":"1725887481",
"parent":"zmFcXgN9K",
"text":"",
"mid":"zoPdIjGYK",
"date":"2013-03-24 00:12:40"
},
{
"kids":[],
"uid":"2803350410",
"parent":"zmHbIvfVZ",
"text":"",
"mid":"zoKCJo3Bb",
"date":"2013-03-23 12:30:34"
},
{
"kids":[],
"uid":"2920278272",
"parent":"zmHbIvfVZ",
"text":"",
"mid":"zoKCJnfAl",
"date":"2013-03-23 12:30:34"
},
{
"kids":[
"zsaZMaNbt",
"zs6hjiTVK",
"zs6hjgZrL",
"zr7StDdQV",
"zqXLgBdUu",
"zqXLgBdSb",
"zqd8Qrjzy",
"zq9EpfI82",
"zq9EpfI56",
"zpdyT4JSO",
"zp6p4gUnE",
"zp6p4gUki"
],
"uid":"1822551981",
"parent":"zoisataNU",
"text":"西方的法治和东方的人治的混合体,各位打算玩轮的请注意了,要抢头功,还能争取政府宽大",
"mid":"zoiv9tWlQ",
"date":"2013-03-20 12:54:58"
},
{
"kids":[
"zoiv9tWlQ"
],
"uid":"2920192484",
"parent":"znhkiC9FI",
"text":"",
"mid":"zoisataNU",
"date":"2013-03-20 12:47:39"
},
{
"kids":[],
"uid":"2804196860",
"parent":"zmGlOhWNG",
"text":"",
"mid":"zofhNkhne",
"date":"2013-03-20 04:43:50"
},
{
"kids":[],
"uid":"2805402774",
"parent":"znhkiC9FI",
"text":"",
"mid":"zo5lF147r",
"date":"2013-03-19 03:25:52"
},
{
"kids":[],
"uid":"3214111522",
"parent":"",
"text":"此子就应该毙了，李双江这个人真是糊涂的要死，早晚有一天李天一这个王八蛋会把他老子气死，早死早好，无法无天，也难怪，李天一有今天的行为，李双江死了算了，",
"mid":"zo3AApluv",
"date":"2013-03-18 22:57:07"
},
{
"kids":[],
"uid":"2809717362",
"parent":"zmFcXgN9K",
"text":"",
"mid":"znWF7hzzx",
"date":"2013-03-18 05:19:06"
},
{
"kids":[],
"uid":"2919460470",
"parent":"zmKkIy1D3",
"text":"",
"mid":"znMzO84uJ",
"date":"2013-03-17 03:38:33"
},
{
"kids":[],
"uid":"2756153703",
"parent":"",
"text":"这样的律师要活活的送进火葬去烧，枪毙的不行。[怒]",
"mid":"znGSammpP",
"date":"2013-03-16 13:07:18"
},
{
"kids":[],
"uid":"2920052894",
"parent":"zmKkIy1D3",
"text":"",
"mid":"znCckyqVh",
"date":"2013-03-16 01:13:15"
},
{
"kids":[],
"uid":"1824336615",
"parent":"",
"text":"",
"mid":"znB3e8pva",
"date":"2013-03-15 22:18:04"
},
{
"kids":[],
"uid":"2188509402",
"parent":"",
"text":"谨记呀！同学们[偷笑]",
"mid":"znxQxnZRx",
"date":"2013-03-15 14:08:33"
},
{
"kids":[],
"uid":"2454879294",
"parent":"",
"text":"法律本身就没有公正一说",
"mid":"znxpjcTFX",
"date":"2013-03-15 13:01:28"
},
{
"kids":[],
"uid":"1217235477",
"parent":"zmGbl9sNE",
"text":"永远争第一！",
"mid":"znwnEm8QJ",
"date":"2013-03-15 10:24:38"
},
{
"kids":[],
"uid":"jcnine",
"parent":"",
"text":"轮奸要第一个上。",
"mid":"znoRgCEqz",
"date":"2013-03-14 15:15:37"
},
{
"kids":[],
"uid":"1748730850",
"parent":"",
"text":"",
"mid":"znoDFj4Z5",
"date":"2013-03-14 14:42:08"
},
{
"kids":[],
"uid":"1878923825",
"parent":"",
"text":"给力的转发 所谓王法不过是维护一些人的工具而已 我们也只能是叹为观止 哈哈 想开了就好了",
"mid":"znmlxasF0",
"date":"2013-03-14 08:51:57"
},
{
"kids":[],
"uid":"2805242250",
"parent":"zmGlOhWNG",
"text":"",
"mid":"znkmEbv5e",
"date":"2013-03-14 03:49:13"
},
{
"kids":[],
"uid":"2804817372",
"parent":"znhkiC9FI",
"text":"",
"mid":"znjB4zjY1",
"date":"2013-03-14 01:52:00"
},
{
"kids":[],
"uid":"2598625011",
"parent":"",
"text":"转发微博。",
"mid":"znhxnc5NE",
"date":"2013-03-13 20:37:21"
},
{
"kids":[
"zqXBbCR5U",
"zoisataNU",
"zo5lF147r",
"znjB4zjY1"
],
"uid":"1136723785",
"parent":"",
"text":"",
"mid":"znhkiC9FI",
"date":"2013-03-13 20:05:11"
},
{
"kids":[],
"uid":"2808311962",
"parent":"zmGlOhWNG",
"text":"",
"mid":"znbJTEdYJ",
"date":"2013-03-13 05:51:46"
},
{
"kids":[],
"uid":"wuzhiqiangbj",
"parent":"",
"text":"强大的律师团！！！",
"mid":"zn3M36fkW",
"date":"2013-03-12 09:35:06"
},
{
"kids":[],
"uid":"2919595952",
"parent":"",
"text":"",
"mid":"zn1dW8joQ",
"date":"2013-03-12 03:05:34"
},
{
"kids":[],
"uid":"2805542382",
"parent":"zmKuLqNJH",
"text":"",
"mid":"zn15Ri0Xg",
"date":"2013-03-12 02:45:40"
},
{
"kids":[],
"uid":"2806070597",
"parent":"",
"text":"擦…",
"mid":"zn0397meh",
"date":"2013-03-12 00:06:14"
},
{
"kids":[
"zr81Mrl01",
"zr1rYEsou",
"zr1rYEsmk"
],
"uid":"2724112457",
"parent":"",
"text":"",
"mid":"zmYsguPxm",
"date":"2013-03-11 20:02:36"
},
{
"kids":[],
"uid":"2565781170",
"parent":"",
"text":"[采访]",
"mid":"zmXkYDi4X",
"date":"2013-03-11 17:11:56"
},
{
"kids":[],
"uid":"2659479093",
"parent":"",
"text":"",
"mid":"zmWSarLUG",
"date":"2013-03-11 16:00:57"
},
{
"kids":[],
"uid":"2116344825",
"parent":"",
"text":"我操！！！",
"mid":"zmVuukJ8q",
"date":"2013-03-11 12:29:52"
},
{
"kids":[],
"uid":"1599673962",
"parent":"",
"text":"这个狗屁校长 收了不少钱吧 去死",
"mid":"zmVtUhBKJ",
"date":"2013-03-11 12:28:26"
},
{
"kids":[],
"uid":"1807452500",
"parent":"",
"text":"王法何在？？？",
"mid":"zmUHosHEl",
"date":"2013-03-11 10:28:54"
},
{
"kids":[],
"uid":"1779296823",
"parent":"",
"text":"",
"mid":"zmUCZ9Lns",
"date":"2013-03-11 10:18:03"
},
{
"kids":[],
"uid":"2868326562",
"parent":"",
"text":"有钱还真能使鬼推磨呢……",
"mid":"zmTNplM0q",
"date":"2013-03-11 08:10:58"
},
{
"kids":[],
"uid":"1722488797",
"parent":"zmKkIy1D3",
"text":"",
"mid":"zmRzkkxZf",
"date":"2013-03-11 02:30:48"
},
{
"kids":[],
"uid":"2809874302",
"parent":"zmKuLqNJH",
"text":"",
"mid":"zmQQU36FB",
"date":"2013-03-11 00:41:18"
},
{
"kids":[],
"uid":"1973677897",
"parent":"",
"text":"长知识了，原来第一个上的不构成轮奸。[怒骂][怒骂][怒骂]",
"mid":"zmQE1ES1c",
"date":"2013-03-11 00:09:35"
},
{
"kids":[],
"uid":"1758664985",
"parent":"",
"text":"",
"mid":"zmQph5Lo3",
"date":"2013-03-10 23:33:15"
},
{
"kids":[],
"uid":"2787427032",
"parent":"",
"text":"[哈哈][阴险] 这个 金典呀 转 空间去啦",
"mid":"zmQopAfWa",
"date":"2013-03-10 23:31:10"
},
{
"kids":[],
"uid":"2475255733",
"parent":"",
"text":"",
"mid":"zmQa5Ec17",
"date":"2013-03-10 22:55:53"
},
{
"kids":[],
"uid":"2475255733",
"parent":"",
"text":"明白了，，轮奸第一个上 就会变成强奸了。。去你妈的。[怒骂]",
"mid":"zmQa3hsHw",
"date":"2013-03-10 22:55:44"
},
{
"kids":[],
"uid":"2484243097",
"parent":"",
"text":"唉！[打哈气]",
"mid":"zmPM7m6g5",
"date":"2013-03-10 21:56:49"
},
{
"kids":[],
"uid":"auqdhtay",
"parent":"",
"text":"[怒]",
"mid":"zmPvniQgw",
"date":"2013-03-10 21:15:34"
},
{
"kids":[],
"uid":"2352667274",
"parent":"zmOZ7FVAE",
"text":"李双江的职务好撤掉了！[怒][怒][怒][怒]",
"mid":"zmPvdwFQg",
"date":"2013-03-10 21:15:11"
},
{
"kids":[],
"uid":"1929580204",
"parent":"zmOZ7FVAE",
"text":"",
"mid":"zmPfnD9nb",
"date":"2013-03-10 20:36:10"
},
{
"kids":[],
"uid":"3191670474",
"parent":"zmOZ7FVAE",
"text":"艹，不是人的话都是在这些人摸狗样的嘴吐出来的",
"mid":"zmPcXcWZe",
"date":"2013-03-10 20:30:11"
},
{
"kids":[],
"uid":"2306902523",
"parent":"zmOZ7FVAE",
"text":"无法无天",
"mid":"zmPcCe3Qq",
"date":"2013-03-10 20:29:18"
},
{
"kids":[
"zmPvdwFQg",
"zmPfnD9nb",
"zmPcXcWZe",
"zmPcCe3Qq"
],
"uid":"515679558",
"parent":"",
"text":"无语！",
"mid":"zmOZ7FVAE",
"date":"2013-03-10 19:56:06"
},
{
"kids":[],
"uid":"minhaa",
"parent":"",
"text":"想骂人！！！！！",
"mid":"zmOTxlCoy",
"date":"2013-03-10 19:42:21"
},
{
"kids":[],
"uid":"2929449267",
"parent":"",
"text":"把中国狱中在押犯去奸它妈和它老婆都第一个上。挺小鱼儿一下。",
"mid":"zmO8j1MCn",
"date":"2013-03-10 17:45:59"
},
{
"kids":[],
"uid":"209774888",
"parent":"",
"text":"",
"mid":"zmNwR3MKV",
"date":"2013-03-10 16:13:42"
},
{
"kids":[],
"uid":"zhangyu6669",
"parent":"",
"text":"…",
"mid":"zmNaJ4Gdd",
"date":"2013-03-10 15:19:12"
},
{
"kids":[],
"uid":"734527879",
"parent":"",
"text":"",
"mid":"zmMKxCrt4",
"date":"2013-03-10 14:14:41"
},
{
"kids":[],
"uid":"1710363807",
"parent":"",
"text":"有才，但是这事放在普通百姓中这种说法成立吗？",
"mid":"zmMlcfpq6",
"date":"2013-03-10 13:12:15"
},
{
"kids":[],
"uid":"13im",
"parent":"",
"text":"太扯蛋啦。有钱能使人变鬼！",
"mid":"zmLxRCx4v",
"date":"2013-03-10 11:10:42"
},
{
"kids":[],
"uid":"wuyufans",
"parent":"",
"text":"没天理[怒]不解释！",
"mid":"zmLxG5fKy",
"date":"2013-03-10 11:10:15"
},
{
"kids":[],
"uid":"2683308907",
"parent":"",
"text":"这个话题有点搞得人心惶惶，和谐的社会不该有这个二代普及教育。其实谁也不清楚是他第一还是他跌第一有势。",
"mid":"zmLgZ0RC0",
"date":"2013-03-10 10:29:07"
},
{
"kids":[],
"uid":"2723109951",
"parent":"",
"text":"[吃惊]",
"mid":"zmKTnFw3V",
"date":"2013-03-10 09:30:58"
},
{
"kids":[],
"uid":"2029063962",
"parent":"",
"text":"",
"mid":"zmKPLnDPD",
"date":"2013-03-10 09:22:03"
},
{
"kids":[],
"uid":"hanbaovip888888",
"parent":"",
"text":"",
"mid":"zmKLUEWZv",
"date":"2013-03-10 09:12:35"
},
{
"kids":[],
"uid":"pekostyle",
"parent":"zmGi20v6L",
"text":"Lz！！！！这种人渣还要共同努力啊！到底有没有良心啊！自己没有女儿啊！！！",
"mid":"zmKGwbS1o",
"date":"2013-03-10 08:59:17"
},
{
"kids":[
"zn15Ri0Xg",
"zmQQU36FB"
],
"uid":"2704525833",
"parent":"",
"text":"記住了",
"mid":"zmKuLqNJH",
"date":"2013-03-10 08:30:20"
},
{
"kids":[
"znMzO84uJ",
"znCckyqVh",
"zmRzkkxZf"
],
"uid":"2505010797",
"parent":"",
"text":"中国的法制就是这样 哎",
"mid":"zmKkIy1D3",
"date":"2013-03-10 08:05:35"
},
{
"kids":[],
"uid":"miaojm",
"parent":"zmDSCzaME",
"text":"唉",
"mid":"zmK0J0nEq",
"date":"2013-03-10 07:16:19"
},
{
"kids":[],
"uid":"jiang2130078240",
"parent":"",
"text":"老来得子，娇生冠养，从小不学无术、桀骜不驯、嚣张跋扈，古语说的好，养儿不教父之过。",
"mid":"zmIcI4bBS",
"date":"2013-03-10 02:40:21"
},
{
"kids":[],
"uid":"2039813944",
"parent":"",
"text":"",
"mid":"zmHShiv51",
"date":"2013-03-10 01:50:01"
},
{
"kids":[],
"uid":"1400719027",
"parent":"",
"text":"这是哪位律师？真tmd有创新性。。。预祝你们家娘们儿都tmd被轮奸。。。",
"mid":"zmHJ20lgx",
"date":"2013-03-10 01:27:14"
},
{
"kids":[],
"uid":"huchsh",
"parent":"",
"text":"[怒]",
"mid":"zmHEPpqsf",
"date":"2013-03-10 01:16:53"
},
{
"kids":[],
"uid":"1419916985",
"parent":"",
"text":"这也行@猫猫公主爱yoyo [怒]@michelle有个玥玥宝贝",
"mid":"zmHn99aOu",
"date":"2013-03-10 00:33:19"
},
{
"kids":[],
"uid":"2400126685",
"parent":"",
"text":"无语了，拼爹的年代。",
"mid":"zmHmBrzUi",
"date":"2013-03-10 00:31:59"
},
{
"kids":[
"zoKCJo3Bb",
"zoKCJnfAl"
],
"uid":"2816992500",
"parent":"",
"text":"悲哀",
"mid":"zmHbIvfVZ",
"date":"2013-03-10 00:05:10"
},
{
"kids":[],
"uid":"1848187822",
"parent":"",
"text":"拿人钱财，于人消灾，各行各业均都如此@斯伟江",
"mid":"zmH13wqba",
"date":"2013-03-09 23:38:54"
},
{
"kids":[],
"uid":"1990310313",
"parent":"",
"text":"",
"mid":"zmH13uIMm",
"date":"2013-03-09 23:38:51"
},
{
"kids":[],
"uid":"2175107423",
"parent":"",
"text":"",
"mid":"zmGUU1pP1",
"date":"2013-03-09 23:23:43"
},
{
"kids":[],
"uid":"2186524637",
"parent":"",
"text":"回复@瑜姐的破折号:怎么唱起来了？",
"mid":"zmGQ5fu1p",
"date":"2013-03-09 23:11:50"
},
{
"kids":[],
"uid":"2153141671",
"parent":"",
"text":"王法与天良？？",
"mid":"zmGQ46FIA",
"date":"2013-03-09 23:11:49"
},
{
"kids":[],
"uid":"3022145227",
"parent":"zmDrYvsd4",
"text":"李天一76律师团？！无语...",
"mid":"zmGHOiBe3",
"date":"2013-03-09 22:51:29"
},
{
"kids":[],
"uid":"2450415464",
"parent":"",
"text":"[怒]",
"mid":"zmGEB8blM",
"date":"2013-03-09 22:43:35"
},
{
"kids":[],
"uid":"2145156723",
"parent":"",
"text":"王法与天理在中国是不存在的····[怒]",
"mid":"zmGzDduAx",
"date":"2013-03-09 22:31:20"
},
{
"kids":[],
"uid":"2832117943",
"parent":"",
"text":"",
"mid":"zmGxVrDHI",
"date":"2013-03-09 22:27:06"
},
{
"kids":[],
"uid":"leiqi1982",
"parent":"",
"text":"[鄙视]这样也能逃过……中国的奥利弗·奎恩你在哪？！收了他～[怒骂]",
"mid":"zmGtTuvTK",
"date":"2013-03-09 22:17:13"
},
{
"kids":[],
"uid":"1761613685",
"parent":"",
"text":"",
"mid":"zmGtlvbUr",
"date":"2013-03-09 22:15:49"
},
{
"kids":[],
"uid":"2461598432",
"parent":"",
"text":"智商捉鸡。。。“轮奸”本身就不是一个罪名，只属于强奸罪的范畴，不过对量刑有重要意义。。。",
"mid":"zmGrLlIn7",
"date":"2013-03-09 22:11:57"
},
{
"kids":[],
"uid":"1412006007",
"parent":"",
"text":"无语了。拼爹的年代！[哼]",
"mid":"zmGmscuNL",
"date":"2013-03-09 21:58:53"
},
{
"kids":[
"zqXwhh2Rg",
"zqOQfbDcV",
"zqOQeAZWr",
"zq3O78c7r",
"zpTUyERmi",
"zpTUymrcF",
"zpn4eqVqA",
"zp8IRfIe3",
"zp8IQFhUM",
"zofhNkhne",
"znkmEbv5e",
"znbJTEdYJ"
],
"uid":"2033935602",
"parent":"",
"text":"",
"mid":"zmGlOhWNG",
"date":"2013-03-09 21:57:17"
},
{
"kids":[
"zmKGwbS1o"
],
"uid":"panda1013vs1021",
"parent":"",
"text":"劳资可以骂人不？可以爆粗口不！泥马都应该把这些畜生么拿去阉了！然后五马分尸啊！！！！！！！！！[怒][怒][怒][怒][怒]",
"mid":"zmGi20v6L",
"date":"2013-03-09 21:47:56"
},
{
"kids":[
"znwnEm8QJ"
],
"uid":"2495082540",
"parent":"",
"text":"越抹越黑",
"mid":"zmGbl9sNE",
"date":"2013-03-09 21:31:29"
},
{
"kids":[],
"uid":"ljnova",
"parent":"zmFZ04zt9",
"text":"",
"mid":"zmG9lADyj",
"date":"2013-03-09 21:26:32"
},
{
"kids":[],
"uid":"2828905025",
"parent":"",
"text":"权为王法，钱为天良",
"mid":"zmG0d8X9k",
"date":"2013-03-09 21:04:03"
},
{
"kids":[
"zmG9lADyj"
],
"uid":"1734267293",
"parent":"",
"text":"",
"mid":"zmFZ04zt9",
"date":"2013-03-09 21:01:03"
},
{
"kids":[],
"uid":"2760058727",
"parent":"",
"text":"还能说什么？",
"mid":"zmFYUrvWB",
"date":"2013-03-09 21:00:52"
},
{
"kids":[],
"uid":"1064412337",
"parent":"",
"text":"[神马]",
"mid":"zmFV92eHW",
"date":"2013-03-09 20:51:35"
},
{
"kids":[],
"uid":"2605101200",
"parent":"",
"text":"转发微博。",
"mid":"zmFUui99N",
"date":"2013-03-09 20:49:58"
},
{
"kids":[],
"uid":"2436385570",
"parent":"",
"text":"扯淡",
"mid":"zmFNN52Py",
"date":"2013-03-09 20:33:27"
},
{
"kids":[],
"uid":"xhfandy",
"parent":"",
"text":"@法律大学张爱国 第一次见识这样的无耻之谈，您太有才了。。。",
"mid":"zmFGu8vCp",
"date":"2013-03-09 20:15:28"
},
{
"kids":[],
"uid":"1799238951",
"parent":"",
"text":"[神马]",
"mid":"zmFEj62wD",
"date":"2013-03-09 20:10:05"
},
{
"kids":[],
"uid":"2186524637",
"parent":"",
"text":"回复@水中草眼镜:[晕][晕][晕]这可不是什么好事！",
"mid":"zmFDLlCLF",
"date":"2013-03-09 20:08:45"
},
{
"kids":[],
"uid":"1952062363",
"parent":"",
"text":"[鄙视][鄙视]",
"mid":"zmFDDFe6w",
"date":"2013-03-09 20:08:27"
},
{
"kids":[],
"uid":"2036902324",
"parent":"",
"text":"人渣，让他去死！！！",
"mid":"zmFCWyaDb",
"date":"2013-03-09 20:06:44"
},
{
"kids":[],
"uid":"ericfara",
"parent":"",
"text":"",
"mid":"zmFyzzI6t",
"date":"2013-03-09 19:55:58"
},
{
"kids":[],
"uid":"3170716074",
"parent":"",
"text":"",
"mid":"zmFvKnzXP",
"date":"2013-03-09 19:49:02"
},
{
"kids":[],
"uid":"2354802942",
"parent":"",
"text":"",
"mid":"zmFtncMIb",
"date":"2013-03-09 19:43:08"
},
{
"kids":[],
"uid":"2501698405",
"parent":"",
"text":"@吴瑜Candy 那以前被判轮奸的[吃惊][吃惊][吃惊]要排队翻案了[阴险][阴险][阴险]全国各地的轮奸犯们[话筒]你们的福利来了。。。“政府要大赦了”！[挖鼻屎][挖鼻屎][挖鼻屎]",
"mid":"zmFqlxCRv",
"date":"2013-03-09 19:35:43"
},
{
"kids":[],
"uid":"2256635234",
"parent":"",
"text":"律师最叻咪就礼横节曲咯[哼]",
"mid":"zmFnxdLve",
"date":"2013-03-09 19:28:45"
},
{
"kids":[],
"uid":"1923270130",
"parent":"",
"text":"无法无天了",
"mid":"zmFhq6sXF",
"date":"2013-03-09 19:13:42"
},
{
"kids":[],
"uid":"2650358913",
"parent":"",
"text":"这个其实有点关注过度了!",
"mid":"zmFgtCcXa",
"date":"2013-03-09 19:11:24"
},
{
"kids":[
"zp9eFncLd",
"zp9eFlY0t",
"zoPdIkRqE",
"zoPdIjGYK",
"znWF7hzzx"
],
"uid":"2809722814",
"parent":"",
"text":"[心]",
"mid":"zmFcXgN9K",
"date":"2013-03-09 19:02:42"
},
{
"kids":[],
"uid":"2775711437",
"parent":"",
"text":"[吃惊]真没天理",
"mid":"zmFb2a6du",
"date":"2013-03-09 18:57:57"
},
{
"kids":[
"zqYqooYhZ",
"zqOUvDlxk",
"zqOUvDluT",
"zq34igmhh",
"zpZjkCgiV",
"zpZjkAW0f"
],
"uid":"3189764272",
"parent":"",
"text":"真是无天理",
"mid":"zmF7r2ZNI",
"date":"2013-03-09 18:49:07"
},
{
"kids":[],
"uid":"2584948870",
"parent":"",
"text":"没天理的！！！",
"mid":"zmF70qnFM",
"date":"2013-03-09 18:48:04"
},
{
"kids":[],
"uid":"1762452965",
"parent":"",
"text":"真叫人气愤",
"mid":"zmF6t5siO",
"date":"2013-03-09 18:46:44"
},
{
"kids":[],
"uid":"2635617794",
"parent":"",
"text":"把这些律师全砍了！！！",
"mid":"zmF3x2HNU",
"date":"2013-03-09 18:39:28"
},
{
"kids":[],
"uid":"2159686222",
"parent":"",
"text":"[衰][衰][衰]还在是拼爹的时代，人家爹是将军。",
"mid":"zmF0Ji59g",
"date":"2013-03-09 18:32:34"
},
{
"kids":[],
"uid":"halfapplez46",
"parent":"",
"text":"原来如此 值得发展",
"mid":"zmEUF8aBP",
"date":"2013-03-09 18:17:39"
},
{
"kids":[],
"uid":"2685481861",
"parent":"",
"text":"见怪不怪，这社会黑暗惯了",
"mid":"zmESYyidY",
"date":"2013-03-09 18:13:30"
},
{
"kids":[],
"uid":"hanfushuai",
"parent":"",
"text":"",
"mid":"zmEKL6bn6",
"date":"2013-03-09 17:53:15"
},
{
"kids":[],
"uid":"1797061687",
"parent":"",
"text":"好牛逼的律师团，这就是所谓有钱人的中国法律。 。",
"mid":"zmEKmixDw",
"date":"2013-03-09 17:52:15"
},
{
"kids":[],
"uid":"1911224053",
"parent":"zmErVkOPP",
"text":"真相永远掌握在有钱人手上",
"mid":"zmEGz6SDc",
"date":"2013-03-09 17:42:56"
},
{
"kids":[],
"uid":"2673196333",
"parent":"",
"text":"[衰]",
"mid":"zmEFya1MS",
"date":"2013-03-09 17:40:25"
},
{
"kids":[],
"uid":"1870324291",
"parent":"",
"text":"这就是当下的法制社会[怒][怒][怒]",
"mid":"zmEFhgp6n",
"date":"2013-03-09 17:39:44"
},
{
"kids":[],
"uid":"1951120223",
"parent":"",
"text":"76人律师团，你以为是梦之队呢开玩笑",
"mid":"zmEFg86eA",
"date":"2013-03-09 17:39:39"
},
{
"kids":[],
"uid":"1821355645",
"parent":"",
"text":"无语",
"mid":"zmEDCq5xQ",
"date":"2013-03-09 17:35:37"
},
{
"kids":[],
"uid":"2060174873",
"parent":"",
"text":"",
"mid":"zmEBX2i6D",
"date":"2013-03-09 17:31:31"
},
{
"kids":[],
"uid":"2186524637",
"parent":"",
"text":"",
"mid":"zmEBVirAH",
"date":"2013-03-09 17:31:28"
},
{
"kids":[],
"uid":"1906353391",
"parent":"",
"text":"好像已经辟谣，说是不实消息",
"mid":"zmEzhyNin",
"date":"2013-03-09 17:24:58"
},
{
"kids":[],
"uid":"ly0820",
"parent":"",
"text":"这样也成？子不教，谁之过[浮云]",
"mid":"zmEyd39I0",
"date":"2013-03-09 17:22:19"
},
{
"kids":[],
"uid":"1896953427",
"parent":"",
"text":"我擦，第一名有好处~~~",
"mid":"zmEwJaC6q",
"date":"2013-03-09 17:18:42"
},
{
"kids":[],
"uid":"bzmengzi",
"parent":"",
"text":"",
"mid":"zmEsu9OBF",
"date":"2013-03-09 17:08:13"
},
{
"kids":[
"zmEGz6SDc"
],
"uid":"1869556130",
"parent":"",
"text":"恩 那也可以这样理解了：李天一提起裤子以后欢天喜地的看着他的几个哥们儿当着他的面轮番给他带了几顶绿帽子，绿巨人般过硬的心理素质啊",
"mid":"zmErVkOPP",
"date":"2013-03-09 17:06:51"
},
{
"kids":[],
"uid":"2070313101",
"parent":"",
"text":"我去",
"mid":"zmErV13ns",
"date":"2013-03-09 17:06:49"
},
{
"kids":[],
"uid":"2684546447",
"parent":"",
"text":"轮奸要第一个上。哈哈[哈哈]以后团伙密谋抢压款车，记得第一个拿钱，你就不是团伙作案，只是盗窃。",
"mid":"zmEr47Q2f",
"date":"2013-03-09 17:04:42"
},
{
"kids":[],
"uid":"2344969231",
"parent":"",
"text":"中国法律的“伟大”之处。中国律师的“伟大”之处。一个金钱至上的年代。有钱就能办事的年代。那76个人渣组成的团，一定小心你们的女儿。[怒]",
"mid":"zmEpECLoU",
"date":"2013-03-09 17:01:14"
},
{
"kids":[],
"uid":"xiongzhend",
"parent":"",
"text":"",
"mid":"zmEmmsJ0z",
"date":"2013-03-09 16:53:07"
},
{
"kids":[],
"uid":"2117643064",
"parent":"",
"text":"[怒][怒] 法律大不多他老子啊！都怕他爹的！真他爹的",
"mid":"zmEl9rF0r",
"date":"2013-03-09 16:50:10"
},
{
"kids":[],
"uid":"2126784113",
"parent":"",
"text":"真是操了蛋",
"mid":"zmEkemBGm",
"date":"2013-03-09 16:47:53"
},
{
"kids":[],
"uid":"2052021513",
"parent":"",
"text":"刑法中貌似没有轮奸罪，轮奸只是强奸罪从重处罚的情节之一，更与参与的先后没关系，这是一个整体行为，如何能割裂？请不要再糊弄国民了！",
"mid":"zmEjVuFxq",
"date":"2013-03-09 16:47:09"
},
{
"kids":[],
"uid":"2126784113",
"parent":"",
"text":"",
"mid":"zmEjLqGtC",
"date":"2013-03-09 16:46:45"
},
{
"kids":[],
"uid":"2210870280",
"parent":"",
"text":"亲们，太黑暗鸟。法律是对付无权、无势、无钱的老百姓！黑啊黑啊黑！！！",
"mid":"zmEj38fbk",
"date":"2013-03-09 16:44:59"
},
{
"kids":[],
"uid":"2186524637",
"parent":"",
"text":"@王莉 @王元成 @王刚 @王幼薇 @韦柳春 @王守初 @王波 @魏丽惠 @王瑛 @谢子龙 @徐秀玉 @向惠玲 @余自甦 @尤全喜 @叶文智 @于文 @俞学文 @于汝民 @杨耀忠 @阳国秀 @张蓓蓓 @赵丰 @周森 @赵家军 @钟发平 @张国安 @周家贵 @张晓山 @周文舟 @赵玫 @张琼 @周健 @1982525797",
"mid":"zmEggz26T",
"date":"2013-03-09 16:38:07"
},
{
"kids":[],
"uid":"2186524637",
"parent":"",
"text":"@晶生瑜杰同在 @潮汕人陈泽涛 @1995的天蝎座帅哥 @Yoni224 @心属吴瑜 @西安-王岩-广东 @巧巧部落格 @祉萱米唐 @左心房偏右 @小罗rogers @爱永无止境 @娅Sophia @T-PARKER9--若流风凭阑 @蒋金铃_爱笑的女孩",
"mid":"zmEfFCzSj",
"date":"2013-03-09 16:36:40"
},
{
"kids":[],
"uid":"beker",
"parent":"zmDwu3kZB",
"text":"額",
"mid":"zmEeonMZ2",
"date":"2013-03-09 16:33:31"
},
{
"kids":[],
"uid":"1919395564",
"parent":"",
"text":"",
"mid":"zmEdEB9le",
"date":"2013-03-09 16:31:42"
},
{
"kids":[],
"uid":"2949065850",
"parent":"",
"text":"诶",
"mid":"zmEcB399g",
"date":"2013-03-09 16:29:04"
},
{
"kids":[],
"uid":"youlinparis",
"parent":"zmDrotlp9",
"text":"良心都让够吃了@甘元春律师@薛荣民律师 你们才是真正为民请命为民服务的真正的律师！这位张爱国教授的名字好讽刺！李双江这么包庇袒护纵容溺爱自己的孽子，只会让李天一越来越狂妄目无法纪，后果很可怕！想对李天一说，如果有一天你父亲不在人世了，谁来救你？！ @人民日报",
"mid":"zmEaPoMEh",
"date":"2013-03-09 16:24:42"
},
{
"kids":[],
"uid":"wozz",
"parent":"",
"text":"",
"mid":"zmEazp0aW",
"date":"2013-03-09 16:24:04"
},
{
"kids":[],
"uid":"2648983481",
"parent":"",
"text":"谁让人家李天一有个那么牛掰的爹呢！现在是拼爹的年代。哎！很难改变呀！",
"mid":"zmEac7zcC",
"date":"2013-03-09 16:23:08"
},
{
"kids":[],
"uid":"3179659404",
"parent":"",
"text":"为什么不说他是老大，团队老大不是重罚？",
"mid":"zmEaaA8rz",
"date":"2013-03-09 16:23:05"
},
{
"kids":[],
"uid":"2264114434",
"parent":"",
"text":"轮奸要第一个上",
"mid":"zmE7Y5XAi",
"date":"2013-03-09 16:17:40"
},
{
"kids":[],
"uid":"207232388",
"parent":"",
"text":"[吃惊]",
"mid":"zmE7Hy2mW",
"date":"2013-03-09 16:17:01"
},
{
"kids":[],
"uid":"1851555130",
"parent":"",
"text":"怎么有钱就可以无法无天！！！！[抓狂][抓狂][抓狂][泪][泪][抓狂][抓狂]",
"mid":"zmE6TjNPF",
"date":"2013-03-09 16:15:02"
},
{
"kids":[],
"uid":"1052276931",
"parent":"",
"text":"",
"mid":"zmE5UpEAg",
"date":"2013-03-09 16:12:35"
},
{
"kids":[],
"uid":"2114001810",
"parent":"",
"text":"突然想到：要是李天一是一女的，然后被轮奸了，它妈是否还会出来说给犯错的年轻人一个改过的机会、那些狗一样的律师又会怎么打这场官司，哦！不对，估计轮奸它的那群早被它爸那“红色力量”明里暗里整死了，哪还有机会出庭",
"mid":"zmE5CqAdf",
"date":"2013-03-09 16:11:53"
},
{
"kids":[],
"uid":"1814126801",
"parent":"",
"text":"",
"mid":"zmE5twHm5",
"date":"2013-03-09 16:11:33"
},
{
"kids":[],
"uid":"1843707145",
"parent":"zmDrR6rhC",
"text":"呵呵呵，好好笑",
"mid":"zmE4pCbeL",
"date":"2013-03-09 16:08:57"
},
{
"kids":[],
"uid":"2401306985",
"parent":"",
"text":"[汗][汗][汗]",
"mid":"zmE4jrB50",
"date":"2013-03-09 16:08:41"
},
{
"kids":[],
"uid":"2186524637",
"parent":"",
"text":"2，3，4，5表示压力很大[汗]",
"mid":"zmE3laH9e",
"date":"2013-03-09 16:06:17"
},
{
"kids":[],
"uid":"1787664150",
"parent":"",
"text":"是段子吗？！虽不知是不是这个荒唐的理由，但确实只判了强奸 〜哎",
"mid":"zmE3eEp2S",
"date":"2013-03-09 16:06:02"
},
{
"kids":[],
"uid":"2186524637",
"parent":"",
"text":"@Aom_SusharManaying_李海娜 @艾尘elcia李馨 @爱美社微博 @安然黎云秀 @曾玉 @崔菊 @大嘴韩乔生 @EdwardTsuei崔以达 @方文山 @福布斯中文网 @GDTV薛姗姗 @高玥烁 @广东工业大学学生会 @海海新闻榜 @华南农业大学学生会 @华闻周刊 @黄贯中 @黄菡微博 @黄磊微博 @徽农 @蛟龙深潜 @九变微博",
"mid":"zmE2W3ECS",
"date":"2013-03-09 16:05:16"
},
{
"kids":[],
"uid":"2627212180",
"parent":"",
"text":"@伊能靜 @吴瑜Candy @O舒华健身器材O @",
"mid":"zmE2cvgZX",
"date":"2013-03-09 16:03:27"
},
{
"kids":[],
"uid":"1043447472",
"parent":"",
"text":"转发微博。",
"mid":"zmE0xalge",
"date":"2013-03-09 15:59:21"
},
{
"kids":[],
"uid":"2663716395",
"parent":"",
"text":"真操蛋",
"mid":"zmE0l3pju",
"date":"2013-03-09 15:58:52"
},
{
"kids":[],
"uid":"2109121413",
"parent":"",
"text":"轮奸要第一个上！",
"mid":"zmDZYwNek",
"date":"2013-03-09 15:57:59"
},
{
"kids":[],
"uid":"2186524637",
"parent":"zmDYpiZZ5",
"text":"你还得有请得起76人队的后台[酷]",
"mid":"zmDZYhYK0",
"date":"2013-03-09 15:57:59"
},
{
"kids":[],
"uid":"2278831182",
"parent":"",
"text":"草他妈的律师。！",
"mid":"zmDZeqjJ5",
"date":"2013-03-09 15:56:08"
},
{
"kids":[],
"uid":"2774075337",
"parent":"",
"text":"轮奸要第一个上……卧槽[哼][哼]",
"mid":"zmDYAyZ3G",
"date":"2013-03-09 15:54:36"
},
{
"kids":[
"zmDZYhYK0"
],
"uid":"1880475422",
"parent":"",
"text":"今后轮奸一定要第一个上[挖鼻屎]",
"mid":"zmDYpiZZ5",
"date":"2013-03-09 15:54:07"
},
{
"kids":[],
"uid":"2606746643",
"parent":"zmDWFuo8x",
"text":"",
"mid":"zmDXJ5jsk",
"date":"2013-03-09 15:52:27"
},
{
"kids":[],
"uid":"2186524637",
"parent":"",
"text":"回复@蓝深蓝深蓝:尼玛的你去中国网上看，正儿八经新闻！",
"mid":"zmDXoDYP3",
"date":"2013-03-09 15:51:39"
},
{
"kids":[],
"uid":"2186524637",
"parent":"",
"text":"其它4个到底是什么身份啊？",
"mid":"zmDWXcUSO",
"date":"2013-03-09 15:50:33"
},
{
"kids":[
"zmDXJ5jsk"
],
"uid":"2186524637",
"parent":"zmDW6A9zN",
"text":"万一你上了后面没有接着来人上呢？",
"mid":"zmDWFuo8x",
"date":"2013-03-09 15:49:50"
},
{
"kids":[],
"uid":"2186524637",
"parent":"zmDVhto8S",
"text":"法律是公平的，但是律师得有输赢",
"mid":"zmDWcxqwZ",
"date":"2013-03-09 15:48:42"
},
{
"kids":[
"zmDWFuo8x"
],
"uid":"2606746643",
"parent":"",
"text":"以后如果看到漂亮的女孩子了要大胆一点第一个上她，这才是天理！",
"mid":"zmDW6A9zN",
"date":"2013-03-09 15:48:26"
},
{
"kids":[
"zmDWcxqwZ"
],
"uid":"zxc19850325",
"parent":"",
"text":"这叫什么啊，还有没有王法了，什么叫第一个不叫强奸，那要杀人了是不是第一人捅死人的也不算死邢，我一直以为法律是公平的但如果真判的不公平我觉得我们还能相信谁呢？我希望法律要公平公正不然受苦的会是老百姓，谁还会相信法律呢？",
"mid":"zmDVhto8S",
"date":"2013-03-09 15:46:23"
},
{
"kids":[],
"uid":"2186524637",
"parent":"",
"text":"至于找76个人吗？@迟小么 @丁力 @妲西 @邓达 @刘静 @刘晓东 @乐嘉 @李建中 @刘洁羽 @李子勋 @马丽 @孙浩 @史珍珍 @王俊翔 @卫宣利 @王子夜 @王春雨 @小晨 @熊玲 @杨沫 @张薇薇 @赵煜华 @茱莉 @zhufangqing @庄篱 @紫罗兰",
"mid":"zmDUNkWn3",
"date":"2013-03-09 15:45:13"
},
{
"kids":[],
"uid":"niuniudebobobobo",
"parent":"",
"text":"[浮云][神马]",
"mid":"zmDUslvue",
"date":"2013-03-09 15:44:24"
},
{
"kids":[],
"uid":"2186524637",
"parent":"",
"text":"@安格斯 @安竹 @毕金仪 @陈志林 @陈鹏 @催眠师李悠然 @曹义霞 @陈灿锐 @陈弘瑾 @陈本志 @陈维维 @陈学明 @邸晓兰 @邓文彬 @杜晗绮 @蝶衣君 @丁小云 @妲西 @道子与哈金 @杜婷 @得学催眠格桑泽仁 @冯丽华 @付强 @傅莉 @富渊 @高琼 @Glenn Alexander @郭玉新 @高清玲 @格桑泽仁 @谷金玉 @顾修全 @郭映麟",
"mid":"zmDTQfZ5i",
"date":"2013-03-09 15:42:51"
},
{
"kids":[],
"uid":"2186524637",
"parent":"",
"text":"76人队完胜啊！@洪新 @胡谢骅 @贺双慧 @胡大一 @黄文仁 @何小波 @黄志勇 @JasonLee @金颖 @金灿 @凯文安全感 @李豫成 @卢悦卢悦 @乐顺利 @雷明 @林青云 @李秀玲 @刘强 @李兴艳 @刘涛 @刘民康 @梁士才 @刘霞瑞 @鲁春晓 @梦鹿 @马宏言 @孟庆义 @迈客 @马梦璐 @马璐林 @潘鸣 @彭飞 @曲伟杰 @千年炙恋",
"mid":"zmDSYunqQ",
"date":"2013-03-09 15:40:45"
},
{
"kids":[],
"uid":"2140297260",
"parent":"",
"text":"",
"mid":"zmDSQcBWm",
"date":"2013-03-09 15:40:25"
},
{
"kids":[],
"uid":"2186524637",
"parent":"",
"text":"中国网上有新闻了！@孙健升 @苏敏 @单中谦 @姝然 @舒嫣 @宋春平 @孙敏 @尚利华 @史文雅 @田秀丽 @誊蜜蜜 @谭美伶 @同心堂国学心理研究院 @王彦博 @武雅学 @韦志中 @王斌 @王忠萍 @武志红 @王朝琴 @汪卫东 @王娜 @王晓燕 @王春雨 @武文 @文博 @夏东豪 @小鱼 @心理咨询师栾静媛 @心理师浩然 @心理学培训",
"mid":"zmDSCBwnG",
"date":"2013-03-09 15:39:53"
},
{
"kids":[
"zmK0J0nEq"
],
"uid":"2023481644",
"parent":"",
"text":"这才是中国的法律[闭嘴]",
"mid":"zmDSCzaME",
"date":"2013-03-09 15:39:53"
},
{
"kids":[],
"uid":"2646181247",
"parent":"",
"text":"有钱能使鬼推磨！无耻！",
"mid":"zmDQxd8Av",
"date":"2013-03-09 15:34:45"
},
{
"kids":[],
"uid":"2115307174",
"parent":"",
"text":"",
"mid":"zmDQtlUY7",
"date":"2013-03-09 15:34:34"
},
{
"kids":[],
"uid":"1911571943",
"parent":"zmDrotlp9",
"text":"",
"mid":"zmDQ3Bh1f",
"date":"2013-03-09 15:33:34"
},
{
"kids":[],
"uid":"2281871375",
"parent":"",
"text":"太搞笑了吧 什么逻辑呀 [怒][怒][怒]",
"mid":"zmDMdaClz",
"date":"2013-03-09 15:24:05"
},
{
"kids":[],
"uid":"2504477961",
"parent":"",
"text":"@河北公安网 @徐昕",
"mid":"zmDLRA6up",
"date":"2013-03-09 15:23:14"
},
{
"kids":[],
"uid":"1336344460",
"parent":"",
"text":"真是搞笑",
"mid":"zmDLg40Wk",
"date":"2013-03-09 15:21:44"
},
{
"kids":[],
"uid":"1691336977",
"parent":"",
"text":"这个世界太不公平了，如果他爹不是明星会结果一定不是这样，那杀人如果捅第一刀就不算杀人吗。",
"mid":"zmDK7ceBF",
"date":"2013-03-09 15:18:53"
},
{
"kids":[],
"uid":"1829592922",
"parent":"",
"text":"转发微博。",
"mid":"zmDItdgwy",
"date":"2013-03-09 15:14:51"
},
{
"kids":[],
"uid":"2483139857",
"parent":"",
"text":"要不要这么贱啊！！！无语～～～",
"mid":"zmDGwFmIh",
"date":"2013-03-09 15:10:05"
},
{
"kids":[],
"uid":"2765410500",
"parent":"",
"text":"李爽江是个鸟，上梁不正，下梁歪。",
"mid":"zmDG2uAhv",
"date":"2013-03-09 15:08:52"
},
{
"kids":[],
"uid":"3212053603",
"parent":"",
"text":"",
"mid":"zmDG0pXhC",
"date":"2013-03-09 15:08:47"
},
{
"kids":[],
"uid":"3097335623",
"parent":"",
"text":"他们比轮奸犯更可恶！",
"mid":"zmDFN8LdH",
"date":"2013-03-09 15:08:16"
},
{
"kids":[],
"uid":"512365321",
"parent":"",
"text":"[吃惊]律师好狠",
"mid":"zmDFKbr2M",
"date":"2013-03-09 15:08:09"
},
{
"kids":[],
"uid":"2592008572",
"parent":"",
"text":"记住轮奸要第一个上",
"mid":"zmDEV68WS",
"date":"2013-03-09 15:06:07"
},
{
"kids":[],
"uid":"2706509157",
"parent":"",
"text":"[汗]",
"mid":"zmDCXlkPu",
"date":"2013-03-09 15:01:15"
},
{
"kids":[],
"uid":"2216008623",
"parent":"zmDrotlp9",
"text":"",
"mid":"zmDC71Yiy",
"date":"2013-03-09 14:59:11"
},
{
"kids":[],
"uid":"2265885872",
"parent":"",
"text":"",
"mid":"zmDB5euHC",
"date":"2013-03-09 14:56:39"
},
{
"kids":[],
"uid":"2399751001",
"parent":"",
"text":"",
"mid":"zmDB1jU7Q",
"date":"2013-03-09 14:56:29"
},
{
"kids":[],
"uid":"2669227121",
"parent":"",
"text":"都是什么世道",
"mid":"zmDAz1RAp",
"date":"2013-03-09 14:55:21"
},
{
"kids":[],
"uid":"1844853561",
"parent":"",
"text":"太TMD扯淡了。他一次又一次得挑战我们大众的忍耐底线！把他们一家都搞臭！",
"mid":"zmDAj4lt6",
"date":"2013-03-09 14:54:45"
},
{
"kids":[],
"uid":"2370193534",
"parent":"",
"text":"有钱、有势！能使鬼推磨！[衰]操蛋的律师！[怒][怒骂][怒骂][怒骂][怒骂]",
"mid":"zmDyD3ZzB",
"date":"2013-03-09 14:50:37"
},
{
"kids":[],
"uid":"2051975732",
"parent":"",
"text":"",
"mid":"zmDxYft9z",
"date":"2013-03-09 14:49:00"
},
{
"kids":[],
"uid":"yangxuefengcool",
"parent":"",
"text":"好狗血",
"mid":"zmDxtfaCI",
"date":"2013-03-09 14:47:46"
},
{
"kids":[],
"uid":"2467358184",
"parent":"",
"text":"太讽刺了",
"mid":"zmDxs2DBt",
"date":"2013-03-09 14:47:43"
},
{
"kids":[
"zmEeonMZ2"
],
"uid":"rhythmsensation",
"parent":"",
"text":"[衰]尼玛，真的受教了",
"mid":"zmDwu3kZB",
"date":"2013-03-09 14:45:18"
},
{
"kids":[],
"uid":"1944130581",
"parent":"zmDsijxUT",
"text":"",
"mid":"zmDwjEQaB",
"date":"2013-03-09 14:44:55"
},
{
"kids":[],
"uid":"2281808141",
"parent":"",
"text":"",
"mid":"zmDwfwFRF",
"date":"2013-03-09 14:44:45"
},
{
"kids":[],
"uid":"1947823623",
"parent":"",
"text":"吊爆了~~",
"mid":"zmDvOD9m9",
"date":"2013-03-09 14:43:42"
},
{
"kids":[],
"uid":"jiangshuo8813",
"parent":"",
"text":"",
"mid":"zmDv5bnVD",
"date":"2013-03-09 14:41:51"
},
{
"kids":[],
"uid":"2203174021",
"parent":"",
"text":"轮奸要第一个[衰]",
"mid":"zmDtRdd3Q",
"date":"2013-03-09 14:38:52"
},
{
"kids":[],
"uid":"1954360483",
"parent":"",
"text":"一群混蛋律师",
"mid":"zmDtN52G4",
"date":"2013-03-09 14:38:42"
},
{
"kids":[],
"uid":"1109039574",
"parent":"",
"text":"无语",
"mid":"zmDtiCy4V",
"date":"2013-03-09 14:37:28"
},
{
"kids":[],
"uid":"1415654107",
"parent":"",
"text":"",
"mid":"zmDswvZbk",
"date":"2013-03-09 14:35:34"
},
{
"kids":[
"zmDwjEQaB"
],
"uid":"sc168",
"parent":"",
"text":"",
"mid":"zmDsijxUT",
"date":"2013-03-09 14:35:00"
},
{
"kids":[],
"uid":"518123572",
"parent":"",
"text":"[黑线][黑线][黑线]",
"mid":"zmDs9rxIE",
"date":"2013-03-09 14:34:38"
},
{
"kids":[
"zmGHOiBe3"
],
"uid":"panweikangweibo",
"parent":"",
"text":"[泪][泪][泪][泪]",
"mid":"zmDrYvsd4",
"date":"2013-03-09 14:34:14"
},
{
"kids":[
"zmE4pCbeL"
],
"uid":"1954846652",
"parent":"",
"text":"这些人还不是成了他日后重犯的帮凶吗！真tmd黑",
"mid":"zmDrR6rhC",
"date":"2013-03-09 14:33:57"
},
{
"kids":[],
"uid":"1765642502",
"parent":"",
"text":"坑爹",
"mid":"zmDryeT0u",
"date":"2013-03-09 14:33:11"
},
{
"kids":[
"zmEaPoMEh",
"zmDQ3Bh1f",
"zmDC71Yiy"
],
"uid":"jiuselianhua",
"parent":"",
"text":"@薛蛮子 老师请关注！@甘元春律师@薛荣民律师 你们才是真正为民请命为民服务的真正的律师！这位张爱国教授的名字好讽刺！李双江这么包庇袒护纵容溺爱自己的孽子，只会让李天一越来越狂妄目无法纪，后果很可怕！想对李天一说，如果有一天你父亲不在人世了，谁来救你？！ @人民日报",
"mid":"zmDrotlp9",
"date":"2013-03-09 14:32:46"
},
{
"kids":[],
"uid":"2460577447",
"parent":"",
"text":"别钻法律的空子，这类人要给予重判，否则还会出现第二个受害者！！！",
"mid":"zmDrdun9N",
"date":"2013-03-09 14:32:21"
},
{
"kids":[],
"uid":"1635305297",
"parent":"",
"text":"我去，我去，真恶心啊。",
"mid":"zmDr0cD2K",
"date":"2013-03-09 14:31:50"
},
{
"kids":[],
"uid":"1873636221",
"parent":"",
"text":"[吃惊][吃惊][吃惊]",
"mid":"zmDqAwHIJ",
"date":"2013-03-09 14:30:49"
},
{
"kids":[],
"uid":"1867116977",
"parent":"",
"text":"转发微博。",
"mid":"zmDqczntK",
"date":"2013-03-09 14:29:52"
},
{
"kids":[],
"uid":"2605784341",
"parent":"",
"text":"。。。",
"mid":"zmDpKdpfY",
"date":"2013-03-09 14:28:43"
},
{
"kids":[],
"uid":"bebekwok",
"parent":"",
"text":"不得好死李天一！",
"mid":"zmDpombg4",
"date":"2013-03-09 14:27:50"
},
{
"kids":[],
"uid":"dongzheng1968",
"parent":"",
"text":"",
"mid":"zmDparmIs",
"date":"2013-03-09 14:27:19"
},
{
"kids":[],
"uid":"1923138141",
"parent":"",
"text":"",
"mid":"zmDp9gwz6",
"date":"2013-03-09 14:27:16"
},
{
"kids":[],
"uid":"libashanxiwobo",
"parent":"",
"text":"可恶[怒]人渣[怒]",
"mid":"zmDp06WJs",
"date":"2013-03-09 14:26:54"
},
{
"kids":[],
"uid":"2409812502",
"parent":"",
"text":"社会的悲哀！",
"mid":"zmDoWiP8B",
"date":"2013-03-09 14:26:45"
},
{
"kids":[],
"uid":"kagaol",
"parent":"",
"text":"First~~~",
"mid":"zmDoUeJFw",
"date":"2013-03-09 14:26:40"
},
{
"kids":[],
"uid":"wuxiaonate",
"parent":"",
"text":"我朝威武",
"mid":"zmDoSpOif",
"date":"2013-03-09 14:26:35"
},
{
"kids":[],
"uid":"daishiy",
"parent":"",
"text":"看看中国这法律[吐]",
"mid":"zmDoHwoWm",
"date":"2013-03-09 14:26:07"
},
{
"kids":[],
"uid":"2883107205",
"parent":"",
"text":"这个校长以前可能轮奸了某女子。",
"mid":"zmDovErBa",
"date":"2013-03-09 14:25:41"
},
{
"kids":[],
"uid":"1133840294",
"parent":"",
"text":"",
"mid":"zmDojy4DX",
"date":"2013-03-09 14:25:12"
},
{
"kids":[],
"uid":"2471819381",
"parent":"",
"text":"[鄙视]",
"mid":"zmDnHqlGh",
"date":"2013-03-09 14:23:41"
},
{
"kids":[],
"uid":"2445566321",
"parent":"",
"text":"这也太过分了！！！",
"mid":"zmDnzdx38",
"date":"2013-03-09 14:23:20"
},
{
"kids":[],
"uid":"2823072030",
"parent":"",
"text":"无耻的中国法律。",
"mid":"zmDnrwnbJ",
"date":"2013-03-09 14:23:04"
},
{
"kids":[],
"uid":"2299687207",
"parent":"",
"text":"",
"mid":"zmDni1HRm",
"date":"2013-03-09 14:22:40"
},
{
"kids":[],
"uid":"2865273282",
"parent":"",
"text":"法克",
"mid":"zmDn99JnW",
"date":"2013-03-09 14:22:19"
},
{
"kids":[],
"uid":"2876057010",
"parent":"",
"text":"真TM恶心 一群没有良知的人渣",
"mid":"zmDn3iuJO",
"date":"2013-03-09 14:22:06"
},
{
"kids":[],
"uid":"geyc",
"parent":"",
"text":"记住啊！轮奸要第一个上[怒]。",
"mid":"zmDmV28h2",
"date":"2013-03-09 14:21:44"
},
{
"kids":[],
"uid":"presidentjay",
"parent":"",
"text":"=。= 这都可以啊",
"mid":"zmDmpD0YS",
"date":"2013-03-09 14:20:30"
},
{
"kids":[],
"uid":"319278777",
"parent":"",
"text":"第一个上的难道就不犯法了吗！强奸比轮奸判罚更厉害！拉出去毙了得了！",
"mid":"zmDmotNRM",
"date":"2013-03-09 14:20:30"
},
{
"kids":[],
"uid":"1289657322",
"parent":"",
"text":"",
"mid":"zmDm8eJzQ",
"date":"2013-03-09 14:19:49"
}
]