[
{
"kids":[],
"uid":"2127536622",
"parent":"",
"text":"@小泳如-",
"mid":"z9Qews0qC",
"date":"2012-12-15 11:12:52"
},
{
"kids":[],
"uid":"2734793645",
"parent":"",
"text":"",
"mid":"z5JeQ8Zdv",
"date":"2012-11-18 10:03:10"
},
{
"kids":[],
"uid":"1588499341",
"parent":"z3YnZAlMo",
"text":"",
"mid":"z4YPxaBBx",
"date":"2012-11-13 11:54:29"
},
{
"kids":[],
"uid":"1583980645",
"parent":"",
"text":"",
"mid":"z4UZ4cFy9",
"date":"2012-11-13 02:06:59"
},
{
"kids":[],
"uid":"2805576902",
"parent":"",
"text":"",
"mid":"z4UZ4cFxH",
"date":"2012-11-13 02:06:59"
},
{
"kids":[],
"uid":"2810276322",
"parent":"",
"text":"",
"mid":"z4S3lFOne",
"date":"2012-11-12 18:39:17"
},
{
"kids":[],
"uid":"2920181200",
"parent":"",
"text":"",
"mid":"z4S3lFOlC",
"date":"2012-11-12 18:39:18"
},
{
"kids":[],
"uid":"2919761730",
"parent":"z3YnZAlMo",
"text":"",
"mid":"z4S1uaugs",
"date":"2012-11-12 18:34:43"
},
{
"kids":[],
"uid":"1583404531",
"parent":"z3YnZAlMo",
"text":"",
"mid":"z4S1u9ofX",
"date":"2012-11-12 18:34:40"
},
{
"kids":[],
"uid":"2809015174",
"parent":"z44IZxL3i",
"text":"",
"mid":"z4PQS02SZ",
"date":"2012-11-12 13:03:01"
},
{
"kids":[],
"uid":"2804203164",
"parent":"z44IZxL3i",
"text":"",
"mid":"z4PQRFhKd",
"date":"2012-11-12 13:03:01"
},
{
"kids":[],
"uid":"2789915600",
"parent":"",
"text":"",
"mid":"z4KVm4YL6",
"date":"2012-11-12 00:30:23"
},
{
"kids":[],
"uid":"2919257690",
"parent":"z483roRWO",
"text":"",
"mid":"z4J3gb8tJ",
"date":"2012-11-11 19:44:21"
},
{
"kids":[],
"uid":"2804986072",
"parent":"z483roRWO",
"text":"",
"mid":"z4J3fzuLG",
"date":"2012-11-11 19:44:19"
},
{
"kids":[],
"uid":"2789956792",
"parent":"z3ZoN1agZ",
"text":"",
"mid":"z4EWZDmE6",
"date":"2012-11-11 09:17:55"
},
{
"kids":[],
"uid":"1582782300",
"parent":"z3ZoN1agZ",
"text":"",
"mid":"z4EWZlLtZ",
"date":"2012-11-11 09:17:54"
},
{
"kids":[],
"uid":"1589014172",
"parent":"",
"text":"",
"mid":"z4xUouMZS",
"date":"2012-11-10 15:22:18"
},
{
"kids":[],
"uid":"2803533012",
"parent":"z3ZoN1agZ",
"text":"",
"mid":"z4xAiqLUT",
"date":"2012-11-10 14:32:45"
},
{
"kids":[],
"uid":"2919442814",
"parent":"z3ZoN1agZ",
"text":"",
"mid":"z4xAiqLSN",
"date":"2012-11-10 14:32:45"
},
{
"kids":[],
"uid":"2803409262",
"parent":"z47CGfgDn",
"text":"",
"mid":"z4vVNzgG1",
"date":"2012-11-10 10:20:16"
},
{
"kids":[],
"uid":"2920572832",
"parent":"z47CGfgDn",
"text":"",
"mid":"z4vVNydQS",
"date":"2012-11-10 10:20:15"
},
{
"kids":[],
"uid":"2920139380",
"parent":"z47CGfgDn",
"text":"",
"mid":"z4tTKp7Ql",
"date":"2012-11-10 05:09:43"
},
{
"kids":[],
"uid":"2920114764",
"parent":"z47CGfgDn",
"text":"",
"mid":"z4tTKoar4",
"date":"2012-11-10 05:09:42"
},
{
"kids":[],
"uid":"2790133520",
"parent":"",
"text":"",
"mid":"z4tLqtUAF",
"date":"2012-11-10 04:49:12"
},
{
"kids":[],
"uid":"2810464542",
"parent":"",
"text":"",
"mid":"z4tLqsUV3",
"date":"2012-11-10 04:49:13"
},
{
"kids":[],
"uid":"1777870312",
"parent":"",
"text":"",
"mid":"z4oKrARNR",
"date":"2012-11-09 16:03:04"
},
{
"kids":[],
"uid":"2809769004",
"parent":"",
"text":"",
"mid":"z4oKrkAgK",
"date":"2012-11-09 16:03:01"
},
{
"kids":[],
"uid":"2803186552",
"parent":"z3ZoN1agZ",
"text":"",
"mid":"z4g3B0kQb",
"date":"2012-11-08 17:55:31"
},
{
"kids":[],
"uid":"2807820794",
"parent":"z461CplUH",
"text":"",
"mid":"z4fXeeHXt",
"date":"2012-11-08 17:39:48"
},
{
"kids":[],
"uid":"2808988324",
"parent":"z461CplUH",
"text":"",
"mid":"z4fXdBGnR",
"date":"2012-11-08 17:39:47"
},
{
"kids":[],
"uid":"1358294410",
"parent":"z4fAy0OIp",
"text":"哇塞，太猛了@何小佩xp @健怡2010 @刘凤莹 @许淡娜 @王小霞女侠 @小小丽不是大力 @姚kevins @诸國流浪者 努力点啊[哈哈]",
"mid":"z4fGsmGmT",
"date":"2012-11-08 16:58:28"
},
{
"kids":[
"z4fGsmGmT"
],
"uid":"2461988447",
"parent":"",
"text":"你要结婚？",
"mid":"z4fAy0OIp",
"date":"2012-11-08 16:43:55"
},
{
"kids":[],
"uid":"2314207110",
"parent":"",
"text":"有滴甘个事，[吃惊][吃惊][吃惊]",
"mid":"z4eIQow2C",
"date":"2012-11-08 14:31:40"
},
{
"kids":[],
"uid":"1281092935",
"parent":"",
"text":"好像很值的样子啊",
"mid":"z4eIGEdy2",
"date":"2012-11-08 14:31:16"
},
{
"kids":[],
"uid":"2975841545",
"parent":"z4dju047q",
"text":"那我们都好去嫁了吧[偷笑][偷笑][偷笑]",
"mid":"z4euafh8z",
"date":"2012-11-08 13:55:28"
},
{
"kids":[
"z4euafh8z"
],
"uid":"2856901770",
"parent":"",
"text":"从此又多了一个赚钱的职业[偷笑][偷笑]@湘发_陈 @雪若薇 @小露寳寶 @谁能包容林睿的个性 @H-伟东 @李婕宁愿逞强到最后 @余奇艳 @y余冰 @张广煜GY @凉凉凉朵朵 @GFF4奋斗 @心声泪痕520520 @早安丶晚安丶心语 @浪漫的小尤",
"mid":"z4dju047q",
"date":"2012-11-08 10:56:25"
},
{
"kids":[],
"uid":"2950461761",
"parent":"",
"text":"好开心[馋嘴][馋嘴]",
"mid":"z4c9chRrm",
"date":"2012-11-08 07:58:20"
},
{
"kids":[],
"uid":"jujech",
"parent":"",
"text":"求少数女友",
"mid":"z4bXAbSUU",
"date":"2012-11-08 07:29:42"
},
{
"kids":[],
"uid":"1726452693",
"parent":"",
"text":"",
"mid":"z4bEvjj7d",
"date":"2012-11-08 06:42:43"
},
{
"kids":[],
"uid":"2920227480",
"parent":"",
"text":"",
"mid":"z4bzlyCOj",
"date":"2012-11-08 06:30:00"
},
{
"kids":[],
"uid":"1583122095",
"parent":"",
"text":"",
"mid":"z4bzlyCNU",
"date":"2012-11-08 06:30:01"
},
{
"kids":[],
"uid":"2789954300",
"parent":"",
"text":"",
"mid":"z4anEo434",
"date":"2012-11-08 03:28:27"
},
{
"kids":[],
"uid":"2789779494",
"parent":"",
"text":"",
"mid":"z4a0H0L0A",
"date":"2012-11-08 02:31:53"
},
{
"kids":[],
"uid":"1777923280",
"parent":"",
"text":"",
"mid":"z4a0H0rsr",
"date":"2012-11-08 02:31:53"
},
{
"kids":[],
"uid":"xiehaoxiehaoxiehao",
"parent":"",
"text":"[害羞]好省钱",
"mid":"z49iRFiWB",
"date":"2012-11-08 00:43:52"
},
{
"kids":[],
"uid":"1793732612",
"parent":"z48ItyxfD",
"text":"边有甘好啊~@Troy文",
"mid":"z48Ma1hBk",
"date":"2012-11-07 23:23:19"
},
{
"kids":[
"z48Ma1hBk"
],
"uid":"1890034315",
"parent":"",
"text":"哈哈　慢慢来喇　急不来的",
"mid":"z48ItyxfD",
"date":"2012-11-07 23:14:16"
},
{
"kids":[],
"uid":"2919849482",
"parent":"",
"text":"",
"mid":"z48s798Ay",
"date":"2012-11-07 22:33:54"
},
{
"kids":[],
"uid":"2789643854",
"parent":"",
"text":"",
"mid":"z48f97QH1",
"date":"2012-11-07 22:01:58"
},
{
"kids":[],
"uid":"2170545467",
"parent":"z485C7mrr",
"text":"",
"mid":"z489Fz1Sq",
"date":"2012-11-07 21:48:31"
},
{
"kids":[],
"uid":"2804932854",
"parent":"",
"text":"",
"mid":"z485C7mt5",
"date":"2012-11-07 21:38:32"
},
{
"kids":[
"z489Fz1Sq"
],
"uid":"2920315324",
"parent":"",
"text":"",
"mid":"z485C7mrr",
"date":"2012-11-07 21:38:29"
},
{
"kids":[
"z4J3gb8tJ",
"z4J3fzuLG"
],
"uid":"2989165415",
"parent":"",
"text":"找个男人结了吧",
"mid":"z483roRWO",
"date":"2012-11-07 21:33:10"
},
{
"kids":[],
"uid":"2803421880",
"parent":"",
"text":"",
"mid":"z47Zp6gNo",
"date":"2012-11-07 21:23:10"
},
{
"kids":[],
"uid":"2919337304",
"parent":"z47CGfgDn",
"text":"",
"mid":"z47LfbkAu",
"date":"2012-11-07 20:48:18"
},
{
"kids":[
"z4vVNzgG1",
"z4vVNydQS",
"z4tTKp7Ql",
"z4tTKoar4",
"z47LfbkAu"
],
"uid":"1744921142",
"parent":"",
"text":"[做鬼脸]",
"mid":"z47CGfgDn",
"date":"2012-11-07 20:27:14"
},
{
"kids":[],
"uid":"2456119585",
"parent":"z45FS5Pq5",
"text":"[吃惊][吃惊][吃惊]赶紧赶紧去找个嫁了，[鼓掌][鼓掌][鼓掌]，单身的娃太亏了！",
"mid":"z47BCiv1G",
"date":"2012-11-07 20:24:34"
},
{
"kids":[],
"uid":"2790065754",
"parent":"",
"text":"",
"mid":"z47y0jSyr",
"date":"2012-11-07 20:15:41"
},
{
"kids":[],
"uid":"1582570415",
"parent":"",
"text":"",
"mid":"z47y02hht",
"date":"2012-11-07 20:15:40"
},
{
"kids":[],
"uid":"208883678",
"parent":"",
"text":"@Sunny--晴宝贝 我們結婚吧，還加學分哦！！政策優待大學生啊",
"mid":"z47ma2z3b",
"date":"2012-11-07 19:46:32"
},
{
"kids":[],
"uid":"1841890900",
"parent":"",
"text":"甘緊要",
"mid":"z47inpJEe",
"date":"2012-11-07 19:37:14"
},
{
"kids":[],
"uid":"274171155",
"parent":"",
"text":"我们结婚吧[爱你]",
"mid":"z479LaAsV",
"date":"2012-11-07 19:15:59"
},
{
"kids":[],
"uid":"2536580912",
"parent":"",
"text":"[花心][花心]真的还是假的。现在颁布这个新法了？",
"mid":"z475JbUWC",
"date":"2012-11-07 19:06:03"
},
{
"kids":[],
"uid":"2790134344",
"parent":"",
"text":"",
"mid":"z470i0ts2",
"date":"2012-11-07 18:52:39"
},
{
"kids":[],
"uid":"2919328862",
"parent":"",
"text":"",
"mid":"z470hqnEw",
"date":"2012-11-07 18:52:38"
},
{
"kids":[],
"uid":"2253139584",
"parent":"",
"text":"[哈哈][哈哈][哈哈]",
"mid":"z46ZOdMfG",
"date":"2012-11-07 18:51:28"
},
{
"kids":[],
"uid":"dododododoing",
"parent":"",
"text":"有没有人要我哈哈哈",
"mid":"z46WjjDaI",
"date":"2012-11-07 18:42:51"
},
{
"kids":[],
"uid":"2269108951",
"parent":"z44EwnrId",
"text":"好消息！",
"mid":"z46SvsiWR",
"date":"2012-11-07 18:33:29"
},
{
"kids":[],
"uid":"zwn157",
"parent":"",
"text":"",
"mid":"z46Qv7UFE",
"date":"2012-11-07 18:28:30"
},
{
"kids":[],
"uid":"2951792925",
"parent":"",
"text":"可靠么？",
"mid":"z46PthLjZ",
"date":"2012-11-07 18:26:00"
},
{
"kids":[],
"uid":"2188591303",
"parent":"",
"text":"翠银准备跟谁结婚啊？",
"mid":"z46GOllQY",
"date":"2012-11-07 18:04:41"
},
{
"kids":[],
"uid":"1900526011",
"parent":"",
"text":"系有呢政策我都马上结婚，同领广即！",
"mid":"z46G1iYPD",
"date":"2012-11-07 18:02:43"
},
{
"kids":[],
"uid":"iceeeeeeeeeee",
"parent":"",
"text":"有没有人要我!!",
"mid":"z46u6fqS5",
"date":"2012-11-07 17:33:20"
},
{
"kids":[],
"uid":"judylo",
"parent":"",
"text":"乜叫跨民族结婚啊..?",
"mid":"z46qfuJrg",
"date":"2012-11-07 17:23:51"
},
{
"kids":[],
"uid":"3065476121",
"parent":"z469SdXCg",
"text":"你们懂得…",
"mid":"z46plDz0B",
"date":"2012-11-07 17:21:39"
},
{
"kids":[
"z46plDz0B"
],
"uid":"2970325222",
"parent":"z44QBuzKx",
"text":"[花心][花心][花心]离婚证算不算",
"mid":"z469SdXCg",
"date":"2012-11-07 16:43:31"
},
{
"kids":[],
"uid":"1582793777",
"parent":"",
"text":"",
"mid":"z469O2MDm",
"date":"2012-11-07 16:43:18"
},
{
"kids":[],
"uid":"1581802487",
"parent":"",
"text":"",
"mid":"z469Nt3bj",
"date":"2012-11-07 16:43:20"
},
{
"kids":[],
"uid":"2790077914",
"parent":"z3ZHq5jO9",
"text":"",
"mid":"z467nlWMN",
"date":"2012-11-07 16:37:22"
},
{
"kids":[],
"uid":"2789642980",
"parent":"z3ZHq5jO9",
"text":"",
"mid":"z467nlWKI",
"date":"2012-11-07 16:37:19"
},
{
"kids":[],
"uid":"2803268650",
"parent":"z461CplUH",
"text":"",
"mid":"z465TrGnF",
"date":"2012-11-07 16:33:42"
},
{
"kids":[],
"uid":"2803762852",
"parent":"z461CplUH",
"text":"",
"mid":"z465TqQyU",
"date":"2012-11-07 16:33:43"
},
{
"kids":[
"z4fXeeHXt",
"z4fXdBGnR",
"z465TrGnF",
"z465TqQyU"
],
"uid":"joyyellow",
"parent":"",
"text":"学费少一万哦！南国商承认此资格证吗？",
"mid":"z461CplUH",
"date":"2012-11-07 16:23:11"
},
{
"kids":[],
"uid":"1258811501",
"parent":"",
"text":"@红会人_丹柔 @",
"mid":"z45S6CQDo",
"date":"2012-11-07 15:59:46"
},
{
"kids":[],
"uid":"1875044737",
"parent":"z45GehfK2",
"text":"",
"mid":"z45IUjP0u",
"date":"2012-11-07 15:37:03"
},
{
"kids":[],
"uid":"2640651650",
"parent":"",
"text":"学费减半喔。。。",
"mid":"z45HVqcDH",
"date":"2012-11-07 15:34:38"
},
{
"kids":[],
"uid":"rong520ting",
"parent":"",
"text":"呃……无语了！",
"mid":"z45GNqcgE",
"date":"2012-11-07 15:31:53"
},
{
"kids":[
"z45IUjP0u"
],
"uid":"1756563491",
"parent":"z43BfmrYz",
"text":"",
"mid":"z45GehfK2",
"date":"2012-11-07 15:30:29"
},
{
"kids":[],
"uid":"jdccat",
"parent":"",
"text":"[挖鼻屎][挖鼻屎][挖鼻屎]",
"mid":"z45GefEmN",
"date":"2012-11-07 15:30:27"
},
{
"kids":[
"z47BCiv1G"
],
"uid":"1921025715",
"parent":"",
"text":"[鼓掌][鼓掌][鼓掌]",
"mid":"z45FS5Pq5",
"date":"2012-11-07 15:29:34"
},
{
"kids":[],
"uid":"2920310052",
"parent":"",
"text":"",
"mid":"z45Fakk1e",
"date":"2012-11-07 15:27:49"
},
{
"kids":[],
"uid":"1582838160",
"parent":"",
"text":"",
"mid":"z45Fa2IRK",
"date":"2012-11-07 15:27:50"
},
{
"kids":[],
"uid":"2809151200",
"parent":"z3ZoN1agZ",
"text":"",
"mid":"z45zAjYpD",
"date":"2012-11-07 15:14:07"
},
{
"kids":[],
"uid":"2134965227",
"parent":"",
"text":"@罗文静静 静姐快让啦！！！学费减半",
"mid":"z45udkdF4",
"date":"2012-11-07 15:00:52"
},
{
"kids":[],
"uid":"2193525070",
"parent":"",
"text":"",
"mid":"z45sDbddM",
"date":"2012-11-07 14:57:00"
},
{
"kids":[],
"uid":"2082731091",
"parent":"",
"text":"找个异族啪啪啪[挖鼻屎]",
"mid":"z45s0eObo",
"date":"2012-11-07 14:55:24"
},
{
"kids":[],
"uid":"1897511772",
"parent":"",
"text":"@招財進寶容大人",
"mid":"z45qMyk4q",
"date":"2012-11-07 14:52:26"
},
{
"kids":[],
"uid":"1954400827",
"parent":"",
"text":"@yawa羅 @我爱小na娜娜 @Gu菇娘 @TTT_ting @钱小钱的春天 @黄锦浩 @Lu_陈俊陆 赶紧的，有学分和减学费哦！[哈哈][哈哈][哈哈]",
"mid":"z45pCtNbq",
"date":"2012-11-07 14:49:32"
},
{
"kids":[],
"uid":"2282248132",
"parent":"",
"text":"看~我看见的就是这个~~@lemon花茶__白白 @_子夜不眠 @_桃子酱",
"mid":"z45j9t1YF",
"date":"2012-11-07 14:33:39"
},
{
"kids":[],
"uid":"2944564077",
"parent":"z44adoaxi",
"text":"",
"mid":"z45higv7f",
"date":"2012-11-07 14:29:02"
},
{
"kids":[],
"uid":"2351682523",
"parent":"z44k1dkqN",
"text":"大家都结婚去吧…学费减半呀",
"mid":"z45dHrFdK",
"date":"2012-11-07 14:20:12"
},
{
"kids":[],
"uid":"2804636344",
"parent":"",
"text":"",
"mid":"z45dyxH77",
"date":"2012-11-07 14:19:51"
},
{
"kids":[],
"uid":"2507529674",
"parent":"z44adoaxi",
"text":"",
"mid":"z45d02mJW",
"date":"2012-11-07 14:18:26"
},
{
"kids":[],
"uid":"2642570217",
"parent":"",
"text":"@BboyHit_彭宇轩 @style_kai海能 识做啦",
"mid":"z45aMiSuy",
"date":"2012-11-07 14:13:00"
},
{
"kids":[],
"uid":"2658582021",
"parent":"z44Id9zoP",
"text":"既解决学费，又够得学分，这个值得推崇[鼓掌][鼓掌][鼓掌]",
"mid":"z459HddHu",
"date":"2012-11-07 14:10:20"
},
{
"kids":[],
"uid":"1085404825",
"parent":"",
"text":"",
"mid":"z456c2s2Q",
"date":"2012-11-07 14:01:42"
},
{
"kids":[],
"uid":"2278872721",
"parent":"z44Ot5HVy",
"text":"@冼洗洗 @懒羊羊丫丫海燕 去吧[哈哈]",
"mid":"z455T6qkh",
"date":"2012-11-07 14:00:57"
},
{
"kids":[],
"uid":"1812976043",
"parent":"",
"text":"唔多信喔",
"mid":"z4534tVj7",
"date":"2012-11-07 13:54:00"
},
{
"kids":[],
"uid":"1969229501",
"parent":"",
"text":"@YYYYY-方",
"mid":"z44XaosBL",
"date":"2012-11-07 13:39:26"
},
{
"kids":[],
"uid":"panyujiacheng",
"parent":"",
"text":"[哈哈][哈哈]",
"mid":"z44Sn8h8p",
"date":"2012-11-07 13:27:39"
},
{
"kids":[],
"uid":"sjsunshine",
"parent":"z42Ltqk04",
"text":"右边，你结婚时记得通知声阿[偷笑]",
"mid":"z44Ryg4kr",
"date":"2012-11-07 13:25:38"
},
{
"kids":[
"z469SdXCg"
],
"uid":"2624775457",
"parent":"",
"text":"@嘿嘿pp1994 你之前说的就是这个了吧，扶额",
"mid":"z44QBuzKx",
"date":"2012-11-07 13:23:18"
},
{
"kids":[],
"uid":"2201100432",
"parent":"z44PNxO7U",
"text":"哈哈，有就好拉[嘻嘻]",
"mid":"z44Q5zsGB",
"date":"2012-11-07 13:22:00"
},
{
"kids":[
"z44Q5zsGB"
],
"uid":"1795012002",
"parent":"z44l5FGUX",
"text":"你想跟谁结婚？[偷笑]",
"mid":"z44PNxO7U",
"date":"2012-11-07 13:21:19"
},
{
"kids":[
"z455T6qkh"
],
"uid":"627244325",
"parent":"",
"text":"最重要是学费减半。",
"mid":"z44Ot5HVy",
"date":"2012-11-07 13:18:02"
},
{
"kids":[],
"uid":"2614232324",
"parent":"z44Id9zoP",
"text":"我还有机会",
"mid":"z44NLBIHL",
"date":"2012-11-07 13:16:18"
},
{
"kids":[],
"uid":"2089845735",
"parent":"z44C3BVBX",
"text":"[衰][衰]甘就无办法了",
"mid":"z44L8fhlX",
"date":"2012-11-07 13:09:48"
},
{
"kids":[],
"uid":"533412363",
"parent":"z44Id9zoP",
"text":"[哈哈][哈哈]",
"mid":"z44JkvyD5",
"date":"2012-11-07 13:05:21"
},
{
"kids":[],
"uid":"2055576953",
"parent":"z44Id9zoP",
"text":"？？？？？",
"mid":"z44J6lEPN",
"date":"2012-11-07 13:04:49"
},
{
"kids":[
"z4PQS02SZ",
"z4PQRFhKd"
],
"uid":"2763481741",
"parent":"z42Gr6RpV",
"text":"@kiki-谭紫欣超爱艾薇儿  @旭光远扬 @黄曼真 @Leung-嘉欣 　你们懂的! [偷笑]",
"mid":"z44IZxL3i",
"date":"2012-11-07 13:04:32"
},
{
"kids":[
"z459HddHu",
"z44NLBIHL",
"z44JkvyD5",
"z44J6lEPN"
],
"uid":"2395771081",
"parent":"",
"text":"结婚证是国家级证书，加3个学分现在大学期间结婚，学费减半；跨民族结婚，生一个孩子奖励一万 Are you got to kidding me？",
"mid":"z44Id9zoP",
"date":"2012-11-07 13:02:35"
},
{
"kids":[],
"uid":"678450359",
"parent":"z44C3BVBX",
"text":"有冇返还啊[偷笑]",
"mid":"z44GLyRkl",
"date":"2012-11-07 12:59:03"
},
{
"kids":[],
"uid":"2257788482",
"parent":"z44EYtON9",
"text":"@邓海塔Z @叫我啟炜师兄 你们俩再也不用受到别人的歧视了，赶紧的去领了那证吧   记得请我们喝喜酒啊",
"mid":"z44GImw9p",
"date":"2012-11-07 12:58:55"
},
{
"kids":[],
"uid":"2362211853",
"parent":"z44EYtON9",
"text":"没看懂，求解释@kiwi傻颖颖 @Wings_Ryon @Xu廣平",
"mid":"z44FU83rS",
"date":"2012-11-07 12:56:55"
},
{
"kids":[],
"uid":"1994300115",
"parent":"",
"text":"@水瓶的丫头 有这个想法么？",
"mid":"z44Fc5H7F",
"date":"2012-11-07 12:55:12"
},
{
"kids":[
"z44GImw9p",
"z44FU83rS"
],
"uid":"1141967634",
"parent":"z44l5FGUX",
"text":"基友可以结婚拿证的么[思考][思考]@呉-贵鑫鑫鑫 @叫我啟炜师兄",
"mid":"z44EYtON9",
"date":"2012-11-07 12:54:38"
},
{
"kids":[
"z46SvsiWR"
],
"uid":"Arlly1993",
"parent":"z43iUhhBK",
"text":"跨民族哦。。。[阴险][阴险][阴险]@Bboy_section_doNewstyle",
"mid":"z44EwnrId",
"date":"2012-11-07 12:53:32"
},
{
"kids":[],
"uid":"2318720824",
"parent":"",
"text":"@Y-晓云@最流云   [鼓掌][鼓掌][鼓掌]",
"mid":"z44Dm3iAb",
"date":"2012-11-07 12:50:38"
},
{
"kids":[],
"uid":"taxilan",
"parent":"",
"text":"学费减半比较吸引！@二师兄等待中 你生个足球队出来就赚十来万了[哈哈]",
"mid":"z44CMfrOz",
"date":"2012-11-07 12:49:14"
},
{
"kids":[
"z44L8fhlX",
"z44GLyRkl"
],
"uid":"kkkayz",
"parent":"",
"text":"师姐最后一年学费都交左了[泪]",
"mid":"z44C3BVBX",
"date":"2012-11-07 12:47:28"
},
{
"kids":[],
"uid":"2438984950",
"parent":"",
"text":"",
"mid":"z44vkEw0h",
"date":"2012-11-07 12:30:54"
},
{
"kids":[],
"uid":"2034754823",
"parent":"",
"text":"真的假的？@浓浓Angela 你们赶紧的。",
"mid":"z44tm41Of",
"date":"2012-11-07 12:26:00"
},
{
"kids":[],
"uid":"2271318124",
"parent":"",
"text":"卧槽，赶紧领个去。有人陪我去不[害羞][哈哈]",
"mid":"z44sWjQX9",
"date":"2012-11-07 12:24:59"
},
{
"kids":[],
"uid":"2532104470",
"parent":"z44owaOTm",
"text":"@鸿云堂主人 阿福啊～这个很适合你啊～你一句话，我们会发动组织帮你的！！ [给力][给力][围观][围观][围观]@花花姑娘很斯文 @鲁大珊-小瘦子 @疯人院里的菲菲 @小双107 @外心人-唐倩 @M-明明-M",
"mid":"z44sz0nNY",
"date":"2012-11-07 12:24:04"
},
{
"kids":[],
"uid":"2500292377",
"parent":"z42wUmQzs",
"text":"[偷笑]怎么爽，你们几个人赶紧啊，到时我们又可以去玩咯。@邱zhichan @海饰冰之緈 @余慧-Seny",
"mid":"z44qHdivP",
"date":"2012-11-07 12:19:27"
},
{
"kids":[
"z44sz0nNY"
],
"uid":"609361230",
"parent":"z44k1dkqN",
"text":"有谁想合作的 、、、、一毕业就离婚[偷笑][哈哈]",
"mid":"z44owaOTm",
"date":"2012-11-07 12:14:04"
},
{
"kids":[],
"uid":"1951587694",
"parent":"",
"text":"",
"mid":"z44nKxGOP",
"date":"2012-11-07 12:12:14"
},
{
"kids":[],
"uid":"2136175127",
"parent":"z43wZrOGF",
"text":"@叶嘉明额 @ @Pavi-Ho何佩怡 @梁蒂興即係梁帝兴 @陈思华c @阿鸡_秀霞 @科中一届无底帮-柴哥撑郎多 @科中一届无底帮___JK浚 @郑智杰不懂爱情懂亲情",
"mid":"z44nEEnnS",
"date":"2012-11-07 12:11:59"
},
{
"kids":[],
"uid":"2955134215",
"parent":"",
"text":"真的吗？[花心][花心][花心]",
"mid":"z44lJzxGw",
"date":"2012-11-07 12:07:13"
},
{
"kids":[
"z44PNxO7U",
"z44EYtON9"
],
"uid":"2201100432",
"parent":"",
"text":"卧槽，亲，我们结婚吧[抱抱]",
"mid":"z44l5FGUX",
"date":"2012-11-07 12:05:40"
},
{
"kids":[
"z45dHrFdK",
"z44owaOTm"
],
"uid":"1951128801",
"parent":"",
"text":"哇 cool[哈哈]",
"mid":"z44k1dkqN",
"date":"2012-11-07 12:02:59"
},
{
"kids":[],
"uid":"2710646265",
"parent":"",
"text":"",
"mid":"z44gq6pbk",
"date":"2012-11-07 11:54:09"
},
{
"kids":[],
"uid":"2033398361",
"parent":"",
"text":"@钟燊燊燊-Beloved 看到你老婆的话没[哼]",
"mid":"z44crClhE",
"date":"2012-11-07 11:44:20"
},
{
"kids":[
"z45higv7f",
"z45d02mJW"
],
"uid":"2881779984",
"parent":"z442A1mRn",
"text":"如果是，那我们结婚吧。",
"mid":"z44adoaxi",
"date":"2012-11-07 11:38:52"
},
{
"kids":[],
"uid":"jspuxiang",
"parent":"",
"text":"[黑线]",
"mid":"z44aaqPit",
"date":"2012-11-07 11:38:45"
},
{
"kids":[],
"uid":"lovedbfish",
"parent":"z447rDW7C",
"text":"你们有没有非汉族的？",
"mid":"z4495jsC7",
"date":"2012-11-07 11:36:05"
},
{
"kids":[
"z4495jsC7"
],
"uid":"2722464422",
"parent":"z445MxDrM",
"text":"两全其美啊，人也娶到，学费也减了",
"mid":"z447rDW7C",
"date":"2012-11-07 11:32:03"
},
{
"kids":[],
"uid":"2476184633",
"parent":"z42HihoOm",
"text":"你想吗？？",
"mid":"z44641DUD",
"date":"2012-11-07 11:28:38"
},
{
"kids":[
"z447rDW7C"
],
"uid":"337527272",
"parent":"",
"text":"海兵，洁雯满18了啦[moc转发][moc转发]",
"mid":"z445MxDrM",
"date":"2012-11-07 11:27:58"
},
{
"kids":[],
"uid":"2409962387",
"parent":"z444kpQJ1",
"text":"good[鼓掌]",
"mid":"z44505t4O",
"date":"2012-11-07 11:26:01"
},
{
"kids":[
"z44505t4O"
],
"uid":"337527272",
"parent":"z440YFBR2",
"text":"先结婚，再离婚，再结婚，那学费不就免费了啦[江南style][江南style]",
"mid":"z444kpQJ1",
"date":"2012-11-07 11:24:22"
},
{
"kids":[],
"uid":"2789933090",
"parent":"z3YnZAlMo",
"text":"",
"mid":"z442QwFqS",
"date":"2012-11-07 11:20:42"
},
{
"kids":[
"z44adoaxi"
],
"uid":"2498834140",
"parent":"",
"text":"真的假的？",
"mid":"z442A1mRn",
"date":"2012-11-07 11:20:03"
},
{
"kids":[
"z444kpQJ1"
],
"uid":"2409962387",
"parent":"z440iqetw",
"text":"[酷]学费减半啊~~~~",
"mid":"z440YFBR2",
"date":"2012-11-07 11:16:07"
},
{
"kids":[
"z440YFBR2"
],
"uid":"2722464422",
"parent":"z3Yu8sQI6",
"text":"@chenye_烨 @所有烂Gay的主角_小明 @说好要勤奋的雯蚊 @LAI小猫咪熙春茶 @Mr发荣 @周修坚 @L你比夏天更遥远 快找一个结了再说，学费先减了一半，再离婚",
"mid":"z440iqetw",
"date":"2012-11-07 11:14:26"
},
{
"kids":[],
"uid":"akki",
"parent":"z3ZWgwyb7",
"text":"@ALINA_麗娜 哈哈",
"mid":"z43ZVnPnM",
"date":"2012-11-07 11:13:29"
},
{
"kids":[],
"uid":"1826440870",
"parent":"z43lzclj2",
"text":"[思考]什么叫跨民族？真的？",
"mid":"z43WU4zEL",
"date":"2012-11-07 11:06:03"
},
{
"kids":[],
"uid":"2953557155",
"parent":"",
"text":"我的神，怎么办啊。。。 呵呵[嘻嘻][嘻嘻]",
"mid":"z43PpxYLy",
"date":"2012-11-07 10:47:37"
},
{
"kids":[],
"uid":"1766789372",
"parent":"",
"text":"[笑哈哈][笑哈哈]@小无敌bbbi 你快找个男人嫁吧！！！[江南style]",
"mid":"z43FRFjDY",
"date":"2012-11-07 10:24:05"
},
{
"kids":[],
"uid":"1704075323",
"parent":"",
"text":"",
"mid":"z43BIAQeW",
"date":"2012-11-07 10:13:53"
},
{
"kids":[
"z45GehfK2"
],
"uid":"atomsuper",
"parent":"z43wZrOGF",
"text":"@--victortia 要大学结婚的家伙~(@小黑明-moonmoonmoon 不负责任的家伙)",
"mid":"z43BfmrYz",
"date":"2012-11-07 10:12:42"
},
{
"kids":[],
"uid":"2661869434",
"parent":"z43lzclj2",
"text":"亲，我们结婚吧！嘻嘻…@乱_lRm",
"mid":"z43xMwzZQ",
"date":"2012-11-07 10:04:11"
},
{
"kids":[
"z44nEEnnS",
"z43BfmrYz"
],
"uid":"1912246900",
"parent":"z42Ltqk04",
"text":"关我屁事啊",
"mid":"z43wZrOGF",
"date":"2012-11-07 10:02:14"
},
{
"kids":[
"z43WU4zEL",
"z43xMwzZQ"
],
"uid":"yigongzp",
"parent":"",
"text":"真的吗？",
"mid":"z43lzclj2",
"date":"2012-11-07 09:34:05"
},
{
"kids":[
"z44EwnrId"
],
"uid":"2644980491",
"parent":"z3ZqLkdYG",
"text":"是真的[偷笑][偷笑]，急求答案",
"mid":"z43iUhhBK",
"date":"2012-11-07 09:27:32"
},
{
"kids":[],
"uid":"yanxiaoheiself",
"parent":"z3ZVeFcSO",
"text":".......18~~~我是18的时候咋没这个政策呢！不然早结婚了！",
"mid":"z43dulnYC",
"date":"2012-11-07 09:14:11"
},
{
"kids":[],
"uid":"jianyane",
"parent":"",
"text":"亲，我们结婚吧。@黄婷婷more @SeReneL",
"mid":"z43aoe7Dl",
"date":"2012-11-07 09:06:33"
},
{
"kids":[],
"uid":"1952653723",
"parent":"z434YfvK6",
"text":"亲，我们结婚吧",
"mid":"z437kft92",
"date":"2012-11-07 08:58:59"
},
{
"kids":[],
"uid":"gmjm",
"parent":"",
"text":"我不相信[吃惊]",
"mid":"z436N7zcX",
"date":"2012-11-07 08:57:41"
},
{
"kids":[],
"uid":"2919335234",
"parent":"",
"text":"",
"mid":"z43502TaE",
"date":"2012-11-07 08:53:16"
},
{
"kids":[],
"uid":"2920380672",
"parent":"",
"text":"",
"mid":"z43501ZMM",
"date":"2012-11-07 08:53:16"
},
{
"kids":[
"z437kft92"
],
"uid":"2281013305",
"parent":"",
"text":"尼瑪！！！這很不科學好嗎！[泪]",
"mid":"z434YfvK6",
"date":"2012-11-07 08:53:11"
},
{
"kids":[],
"uid":"2457692995",
"parent":"z431nu2GY",
"text":"",
"mid":"z4338e7D3",
"date":"2012-11-07 08:48:39"
},
{
"kids":[
"z4338e7D3"
],
"uid":"2457692995",
"parent":"",
"text":"亲 我们结婚吧[哈哈][哈哈][哈哈]",
"mid":"z431nu2GY",
"date":"2012-11-07 08:44:21"
},
{
"kids":[],
"uid":"2038989914",
"parent":"",
"text":"@_曾小媚c 靠，我们结婚吧",
"mid":"z42RWmpNr",
"date":"2012-11-07 08:21:06"
},
{
"kids":[],
"uid":"2803978680",
"parent":"",
"text":"",
"mid":"z42QcvQgI",
"date":"2012-11-07 08:16:48"
},
{
"kids":[],
"uid":"2919577522",
"parent":"",
"text":"",
"mid":"z42Qcef6w",
"date":"2012-11-07 08:16:47"
},
{
"kids":[],
"uid":"2790125412",
"parent":"z42EGDwgX",
"text":"",
"mid":"z42Q08jhp",
"date":"2012-11-07 08:16:18"
},
{
"kids":[],
"uid":"2804189714",
"parent":"z42EGDwgX",
"text":"",
"mid":"z42Q08jg8",
"date":"2012-11-07 08:16:18"
},
{
"kids":[],
"uid":"2038881683",
"parent":"",
"text":"@灰機團_珊珊 加学分喔",
"mid":"z42PD7Cr3",
"date":"2012-11-07 08:15:24"
},
{
"kids":[
"z44Ryg4kr",
"z43wZrOGF"
],
"uid":"1998170821",
"parent":"z42HihoOm",
"text":"@_梁炜煜 @科中一届无底帮___JK浚 @Catherine汤嘉雯 @zeRo就叫乔峰爱韦德 @Sam_鄧南屾 @姚至辉中意鯊魚仔 @GTR胡嘉辉-91st @big_head_头 @东一直叫东 @Mr-涂____",
"mid":"z42Ltqk04",
"date":"2012-11-07 08:05:10"
},
{
"kids":[],
"uid":"2089845735",
"parent":"z3ZVeFcSO",
"text":"[偷笑][偷笑]师姐，最后一年抓紧时间啊",
"mid":"z42KT2KKn",
"date":"2012-11-07 08:03:43"
},
{
"kids":[],
"uid":"1727843495",
"parent":"",
"text":"",
"mid":"z42IXmAdI",
"date":"2012-11-07 07:58:58"
},
{
"kids":[],
"uid":"2722630025",
"parent":"z3ZNKvjGJ",
"text":"这么好？不错、不错",
"mid":"z42HX1DBh",
"date":"2012-11-07 07:56:29"
},
{
"kids":[
"z44641DUD",
"z42Ltqk04"
],
"uid":"1998170821",
"parent":"z3ZHTCgGo",
"text":"[偷笑][偷笑]@要独立啦--娜娜",
"mid":"z42HihoOm",
"date":"2012-11-07 07:54:52"
},
{
"kids":[
"z44IZxL3i"
],
"uid":"512307928",
"parent":"",
"text":"really？",
"mid":"z42Gr6RpV",
"date":"2012-11-07 07:52:45"
},
{
"kids":[
"z42Q08jhp",
"z42Q08jg8"
],
"uid":"2452362702",
"parent":"",
"text":"亲，我们啥时候结婚呀",
"mid":"z42EGDwgX",
"date":"2012-11-07 07:48:26"
},
{
"kids":[],
"uid":"2559790557",
"parent":"",
"text":"呀哈哈~~我们结婚吧！~",
"mid":"z42EsrFUD",
"date":"2012-11-07 07:47:53"
},
{
"kids":[],
"uid":"missyoukun",
"parent":"z3Zkn3WQ4",
"text":"趁早嫁了吧[鼓掌][鼓掌][鼓掌][太开心][太开心][太开心]",
"mid":"z42Ac0g2X",
"date":"2012-11-07 07:37:22"
},
{
"kids":[],
"uid":"2155692310",
"parent":"z3ZHTCgGo",
"text":"",
"mid":"z42y28jYa",
"date":"2012-11-07 07:32:03"
},
{
"kids":[
"z44qHdivP"
],
"uid":"2311872547",
"parent":"",
"text":"@CZ伟健 还有这样的事。还能减学费？申请助学肯定没问题，哈哈@Cai-Y淳 @壹碌沐--Jason @陈shuijing-crystal @文晓彤做个开心的吃货就好了 @刘燕P1ng- @小鬼婷婷Ting @曹冬冬_ 亲，有空去结个婚吧",
"mid":"z42wUmQzs",
"date":"2012-11-07 07:29:17"
},
{
"kids":[],
"uid":"2919298174",
"parent":"",
"text":"",
"mid":"z42lkl7uO",
"date":"2012-11-07 07:00:45"
},
{
"kids":[],
"uid":"2919827740",
"parent":"",
"text":"",
"mid":"z42lkk19E",
"date":"2012-11-07 07:00:44"
},
{
"kids":[],
"uid":"2790121800",
"parent":"z3YmE0anr",
"text":"",
"mid":"z41vJjDEw",
"date":"2012-11-07 04:53:38"
},
{
"kids":[],
"uid":"2920434884",
"parent":"",
"text":"",
"mid":"z40RHcOBT",
"date":"2012-11-07 03:15:00"
},
{
"kids":[],
"uid":"2166737612",
"parent":"",
"text":"@QQ蠢猪笨蛋 、",
"mid":"z40p9fo1n",
"date":"2012-11-07 02:04:40"
},
{
"kids":[],
"uid":"jacky030",
"parent":"z3ZDRlAZw",
"text":"@六一兒童婕 @@心善行美-黄毓莹-",
"mid":"z40jzw2ov",
"date":"2012-11-07 01:50:56"
},
{
"kids":[],
"uid":"1996949744",
"parent":"z3ZzHF8nR",
"text":"@WYL丶力",
"mid":"z406XkRPp",
"date":"2012-11-07 01:19:50"
},
{
"kids":[],
"uid":"2879190734",
"parent":"",
"text":"[花心]有这等好事……@Gzer狼峰_Rand @要改变-o-汪勇_Bobo",
"mid":"z3ZYL7k4A",
"date":"2012-11-07 00:59:37"
},
{
"kids":[],
"uid":"eveschao",
"parent":"z3Zs41wl3",
"text":"",
"mid":"z3ZWYxe2H",
"date":"2012-11-07 00:55:15"
},
{
"kids":[
"z43ZVnPnM"
],
"uid":"92zhanglongxin",
"parent":"",
"text":"这么爽？真的假的",
"mid":"z3ZWgwyb7",
"date":"2012-11-07 00:53:31"
},
{
"kids":[
"z43dulnYC",
"z42KT2KKn"
],
"uid":"kkkayz",
"parent":"",
"text":"真的假的?结婚都加学分?仲要免学费?[吃惊]",
"mid":"z3ZVeFcSO",
"date":"2012-11-07 00:51:00"
},
{
"kids":[],
"uid":"sizlent",
"parent":"",
"text":"这个…那个…",
"mid":"z3ZQDzs9v",
"date":"2012-11-07 00:39:39"
},
{
"kids":[],
"uid":"206160125",
"parent":"z3Zs2f1Ox",
"text":"@朴元依诺 @zengfu欣-Golf 你们赶紧吧，我要喜糖[花心]",
"mid":"z3ZPPAMm8",
"date":"2012-11-07 00:37:36"
},
{
"kids":[
"z42HX1DBh"
],
"uid":"1845097692",
"parent":"",
"text":"不是吧！！！！",
"mid":"z3ZNKvjGJ",
"date":"2012-11-07 00:32:32"
},
{
"kids":[],
"uid":"2830680294",
"parent":"z3ZF4F0py",
"text":"@Guo_zhen_Angelia",
"mid":"z3ZNgm1Kr",
"date":"2012-11-07 00:31:16"
},
{
"kids":[],
"uid":"2217190575",
"parent":"z3ZugfcdX",
"text":"[吃惊]",
"mid":"z3ZLNC4TO",
"date":"2012-11-07 00:27:45"
},
{
"kids":[
"z42HihoOm",
"z42y28jYa"
],
"uid":"2146953387",
"parent":"",
"text":"大学结婚，学费减半？真的假的？",
"mid":"z3ZHTCgGo",
"date":"2012-11-07 00:18:04"
},
{
"kids":[
"z467nlWMN",
"z467nlWKI"
],
"uid":"2949856961",
"parent":"z3ZnDuDLW",
"text":"",
"mid":"z3ZHq5jO9",
"date":"2012-11-07 00:16:56"
},
{
"kids":[],
"uid":"gujian0707",
"parent":"",
"text":"岩你啊！@列德权",
"mid":"z3ZF5ARkj",
"date":"2012-11-07 00:11:11"
},
{
"kids":[
"z3ZNgm1Kr"
],
"uid":"1937271705",
"parent":"",
"text":"惊吓。",
"mid":"z3ZF4F0py",
"date":"2012-11-07 00:11:10"
},
{
"kids":[],
"uid":"2373280914",
"parent":"z3ZzaAfJS",
"text":"[花心][花心][花心]这个真心不错@所罗门_CJX 和你家蛋蛋去。@hearttouch罂 @Orochi_邓金同 也别落后。",
"mid":"z3ZETagiQ",
"date":"2012-11-07 00:10:42"
},
{
"kids":[
"z40jzw2ov"
],
"uid":"zengguod",
"parent":"z3ZugfcdX",
"text":"确定？",
"mid":"z3ZDRlAZw",
"date":"2012-11-07 00:08:06"
},
{
"kids":[],
"uid":"1856999092",
"parent":"",
"text":"是不是真的啊？？求证求证~",
"mid":"z3ZzZFVyN",
"date":"2012-11-06 23:58:40"
},
{
"kids":[],
"uid":"2794486620",
"parent":"",
"text":"我要生一百个！[花心][花心]",
"mid":"z3ZzPDV8n",
"date":"2012-11-06 23:58:15"
},
{
"kids":[
"z406XkRPp"
],
"uid":"1922479833",
"parent":"z3ZogcHEa",
"text":"我要跨民族！！马上结婚去！",
"mid":"z3ZzHF8nR",
"date":"2012-11-06 23:57:55"
},
{
"kids":[
"z3ZETagiQ"
],
"uid":"2303892774",
"parent":"",
"text":"@所罗门_CJX 赶紧的，和你家蛋蛋结婚去10000块噢！！！[鼓掌][鼓掌][鼓掌][哈哈][哈哈]",
"mid":"z3ZzaAfJS",
"date":"2012-11-06 23:56:37"
},
{
"kids":[],
"uid":"2303892774",
"parent":"",
"text":"年满18可以结婚了！！！情侣们，还等什么？？？",
"mid":"z3ZynwGZO",
"date":"2012-11-06 23:54:40"
},
{
"kids":[],
"uid":"52131416",
"parent":"",
"text":"这么不靠谱儿。。。",
"mid":"z3Zykxtya",
"date":"2012-11-06 23:54:30"
},
{
"kids":[],
"uid":"1882843203",
"parent":"z3ZrNtjRl",
"text":"学费全免，水电费减半[哈哈]",
"mid":"z3Zy1mPtk",
"date":"2012-11-06 23:53:47"
},
{
"kids":[
"z3ZLNC4TO",
"z3ZDRlAZw"
],
"uid":"iamfeiji",
"parent":"z3ZpZbWW4",
"text":"@GZer--C朗日日share @GZer-MOON仔愛share",
"mid":"z3ZugfcdX",
"date":"2012-11-06 23:44:31"
},
{
"kids":[
"z3ZWYxe2H"
],
"uid":"2768411735",
"parent":"",
"text":"有这事[奥特曼][奥特曼][奥特曼][奥特曼]",
"mid":"z3Zs41wl3",
"date":"2012-11-06 23:39:05"
},
{
"kids":[
"z3ZPPAMm8"
],
"uid":"caizexia520",
"parent":"",
"text":"亲，赶紧去领个证啊。还能加3分。。。。[给力]",
"mid":"z3Zs2f1Ox",
"date":"2012-11-06 23:39:00"
},
{
"kids":[
"z3Zy1mPtk"
],
"uid":"1885291700",
"parent":"z3Zi9709S",
"text":"[做鬼脸]体来大家都心急了[偷笑]，呵呵可以组团的吗？[酷]到时会不会更多优惠[哈哈][鼓掌]",
"mid":"z3ZrNtjRl",
"date":"2012-11-06 23:38:27"
},
{
"kids":[
"z43iUhhBK"
],
"uid":"2677046461",
"parent":"",
"text":"急求真相！",
"mid":"z3ZqLkdYG",
"date":"2012-11-06 23:35:53"
},
{
"kids":[
"z3ZugfcdX"
],
"uid":"iamfeiji",
"parent":"",
"text":"@羅J_--YU @yjr如-毕业了 @高中毕业的_CXH @Luzee @-StayReal- @学会承受孤独的蔡嘉欣 @大炮帮_豪 ...@埋你两个吧@生人勿近_桀哥 @0o啊曾o0",
"mid":"z3ZpZbWW4",
"date":"2012-11-06 23:33:58"
},
{
"kids":[
"z4EWZDmE6",
"z4EWZlLtZ",
"z4xAiqLUT",
"z4xAiqLSN",
"z4g3B0kQb",
"z45zAjYpD"
],
"uid":"2095155313",
"parent":"",
"text":"@Elailing 我们要抓紧了",
"mid":"z3ZoN1agZ",
"date":"2012-11-06 23:31:02"
},
{
"kids":[
"z3ZzHF8nR"
],
"uid":"2197443973",
"parent":"",
"text":"@-蹦蹦跳跳打滚儿 @Ang_花月夜 @ZY_瑶 @幸福-何美美 [哈哈][哈哈][哈哈]",
"mid":"z3ZogcHEa",
"date":"2012-11-06 23:29:44"
},
{
"kids":[],
"uid":"gedaxin",
"parent":"z3ZmZAfbW",
"text":"给我生一个呗？",
"mid":"z3Zofisah",
"date":"2012-11-06 23:29:42"
},
{
"kids":[
"z3ZHq5jO9"
],
"uid":"2891637605",
"parent":"",
"text":"不是吧？！！！擦，，一万耶@喔颜智",
"mid":"z3ZnDuDLW",
"date":"2012-11-06 23:28:11"
},
{
"kids":[],
"uid":"2516424922",
"parent":"z3Yu95UYe",
"text":"",
"mid":"z3ZnB9KWD",
"date":"2012-11-06 23:28:06"
},
{
"kids":[],
"uid":"2959629400",
"parent":"z3ZdGwtMB",
"text":"还可以结了之后离了，然后又结。哇，学分不用愁了。",
"mid":"z3Zn70dK3",
"date":"2012-11-06 23:26:51"
},
{
"kids":[
"z3Zofisah"
],
"uid":"1978034902",
"parent":"z3ZdGwtMB",
"text":"@Da金金金 [嘻嘻][奥特曼][偷笑][good][耶][",
"mid":"z3ZmZAfbW",
"date":"2012-11-06 23:26:37"
},
{
"kids":[],
"uid":"1890724567",
"parent":"z3Zi9709S",
"text":"二话不说去结婚！[爱你]",
"mid":"z3ZkRfbmg",
"date":"2012-11-06 23:21:21"
},
{
"kids":[
"z42Ac0g2X"
],
"uid":"rainsue",
"parent":"",
"text":"金俊秀快来找我~~!![太开心]我要跨民族结婚~!",
"mid":"z3Zkn3WQ4",
"date":"2012-11-06 23:20:08"
},
{
"kids":[],
"uid":"2678643203",
"parent":"",
"text":"假的— —",
"mid":"z3Zir8cZg",
"date":"2012-11-06 23:15:23"
},
{
"kids":[
"z3ZrNtjRl",
"z3ZkRfbmg"
],
"uid":"1882843203",
"parent":"",
"text":"看来要加快脚步[偷笑]",
"mid":"z3Zi9709S",
"date":"2012-11-06 23:14:41"
},
{
"kids":[
"z3Zn70dK3",
"z3ZmZAfbW"
],
"uid":"1781580344",
"parent":"z3ZaO3E8w",
"text":"[哈哈][哈哈][哈哈]@lucky-嘉怡 哈哈，今次真系可以系25岁之前生四个细路兼且有学分，有钱，仲学费减半！[哈哈][哈哈]都同你讲时代变化快嘎啦！我第一个仔要叫陈B，第二个女女要叫陈C，第三四个以此类推[偷笑]",
"mid":"z3ZdGwtMB",
"date":"2012-11-06 23:03:41"
},
{
"kids":[
"z3ZdGwtMB"
],
"uid":"2943298755",
"parent":"",
"text":"亲，我们可以去领证了。[偷笑][偷笑][偷笑]@Basin亨亨亨",
"mid":"z3ZaO3E8w",
"date":"2012-11-06 22:56:35"
},
{
"kids":[],
"uid":"1886686392",
"parent":"",
"text":"",
"mid":"z3Zae05Vf",
"date":"2012-11-06 22:55:09"
},
{
"kids":[],
"uid":"fingersmiley",
"parent":"z3YNucygi",
"text":"社会千变万化",
"mid":"z3Z7j9gbX",
"date":"2012-11-06 22:47:57"
},
{
"kids":[],
"uid":"2269487124",
"parent":"z3YjUn7tp",
"text":"",
"mid":"z3Z7cjiXj",
"date":"2012-11-06 22:47:42"
},
{
"kids":[],
"uid":"2347128505",
"parent":"",
"text":"那就绝交吧，等这机会等好久了[阴险][偷笑]",
"mid":"z3Z1H3yiC",
"date":"2012-11-06 22:34:08"
},
{
"kids":[],
"uid":"2134965227",
"parent":"",
"text":"@罗文静静",
"mid":"z3YXS4zOG",
"date":"2012-11-06 22:24:43"
},
{
"kids":[],
"uid":"2347128505",
"parent":"",
"text":"如果不给红包，你说她会不会和我们绝交[偷笑]",
"mid":"z3YXbegM4",
"date":"2012-11-06 22:22:58"
},
{
"kids":[],
"uid":"2618622100",
"parent":"",
"text":"[思考]你看@叫我龙哥-0-",
"mid":"z3YSZv6f8",
"date":"2012-11-06 22:12:42"
},
{
"kids":[],
"uid":"2513396413",
"parent":"",
"text":"@陈玉扬 你把握机会啊[哈哈]@小佩8023 @Unique-Sunrise @小宁lvy @艺艺艺霖 @树---丫[偷笑]你们看着办",
"mid":"z3YSZduRU",
"date":"2012-11-06 22:12:41"
},
{
"kids":[],
"uid":"2347128505",
"parent":"",
"text":"你们先验证下吧[花心][花心]",
"mid":"z3YRZqXGq",
"date":"2012-11-06 22:10:14"
},
{
"kids":[],
"uid":"2105585262",
"parent":"",
"text":"假的吧?",
"mid":"z3YQo8bCY",
"date":"2012-11-06 22:06:17"
},
{
"kids":[],
"uid":"1637214672",
"parent":"",
"text":"抓紧时间吖！！愿意嫁给我吗？@雨-不停歇",
"mid":"z3YOxa0aT",
"date":"2012-11-06 22:01:43"
},
{
"kids":[
"z3Z7j9gbX"
],
"uid":"2188909690",
"parent":"",
"text":"结婚",
"mid":"z3YNucygi",
"date":"2012-11-06 21:59:08"
},
{
"kids":[],
"uid":"1561925573",
"parent":"",
"text":"结婚吧",
"mid":"z3YMDzStL",
"date":"2012-11-06 21:57:02"
},
{
"kids":[],
"uid":"2870732897",
"parent":"",
"text":"@昊峪开始认真学习 @为之坚持的谢文贤 @LiuDerKuai @伢杰_outside @蜂子锴",
"mid":"z3YMlA9Ym",
"date":"2012-11-06 21:56:20"
},
{
"kids":[],
"uid":"supergoku",
"parent":"z3YmE0anr",
"text":"= =妈的求妹子！",
"mid":"z3YLVzCuu",
"date":"2012-11-06 21:55:19"
},
{
"kids":[],
"uid":"vaevictis",
"parent":"z3YGNBiyP",
"text":"哈哈，速度结婚去吧",
"mid":"z3YItCbXp",
"date":"2012-11-06 21:46:45"
},
{
"kids":[
"z3YItCbXp"
],
"uid":"208528555",
"parent":"z3YugqB38",
"text":"[吃惊][吃惊]真的么？",
"mid":"z3YGNBiyP",
"date":"2012-11-06 21:42:40"
},
{
"kids":[],
"uid":"2117425082",
"parent":"",
"text":"有没有搞错!现在才公布,让我们快毕业的情何以堪阿!",
"mid":"z3YEw5GDR",
"date":"2012-11-06 21:37:02"
},
{
"kids":[],
"uid":"2117425082",
"parent":"",
"text":"转发微博。",
"mid":"z3YE2wEe7",
"date":"2012-11-06 21:35:51"
},
{
"kids":[],
"uid":"1637579874",
"parent":"",
"text":"",
"mid":"z3YCWwSYV",
"date":"2012-11-06 21:33:10"
},
{
"kids":[],
"uid":"2313350242",
"parent":"z3YmWzvHt",
"text":"光棍节找个人结了哈哈，还能加学分，大三学费就有着落了……不过，离婚了扣分不？[偷笑]",
"mid":"z3YCGB9gV",
"date":"2012-11-06 21:32:32"
},
{
"kids":[],
"uid":"1987981001",
"parent":"",
"text":"[嘻嘻][嘻嘻]你们办了吧！！@灰劳 @lm_雷梅",
"mid":"z3YC8kgV2",
"date":"2012-11-06 21:31:07"
},
{
"kids":[],
"uid":"boyssq",
"parent":"",
"text":"有多少 人知道！！",
"mid":"z3YAH6bdW",
"date":"2012-11-06 21:27:34"
},
{
"kids":[],
"uid":"cr7cr",
"parent":"",
"text":"[衰][衰]@mongcy想翻火星",
"mid":"z3YxYmSXs",
"date":"2012-11-06 21:20:55"
},
{
"kids":[],
"uid":"2258225400",
"parent":"",
"text":"@EGGTARTQUEEN_Judy",
"mid":"z3YxUtsPE",
"date":"2012-11-06 21:20:43"
},
{
"kids":[],
"uid":"1772875373",
"parent":"",
"text":"安琪@多多的邹安琪 要不我地又去结婚噶~~~[嘻嘻][哈哈]",
"mid":"z3YvQy7Jr",
"date":"2012-11-06 21:15:41"
},
{
"kids":[],
"uid":"meijjjjjjjj",
"parent":"",
"text":"really?但据我所知，是没得加学分滴…[困]",
"mid":"z3YvwcSpI",
"date":"2012-11-06 21:14:52"
},
{
"kids":[],
"uid":"1872450493",
"parent":"",
"text":"那么好的。。。。。找个不是汉族的。。哈哈",
"mid":"z3Yvj9Kuy",
"date":"2012-11-06 21:14:18"
},
{
"kids":[
"z3YGNBiyP"
],
"uid":"vaevictis",
"parent":"",
"text":"不是吧？怎么可能？",
"mid":"z3YugqB38",
"date":"2012-11-06 21:11:47"
},
{
"kids":[
"z3ZnB9KWD"
],
"uid":"206378788",
"parent":"",
"text":"打从毛爷爷那年代就已经，是18岁允许结婚啦。。后面什么22，20的只是单位对职工的晚婚晚育政策。还有什么跨民族的。。没法证实。",
"mid":"z3Yu95UYe",
"date":"2012-11-06 21:11:26"
},
{
"kids":[
"z440iqetw"
],
"uid":"2447426127",
"parent":"",
"text":"那结婚再离婚，那不就可以多拿一个证啦，可以多加3分[哈哈][偷笑]",
"mid":"z3Yu8sQI6",
"date":"2012-11-06 21:11:28"
},
{
"kids":[],
"uid":"1837000312",
"parent":"z3Yir3Yq2",
"text":"@Single_小慷 喂，加3分，学费减半",
"mid":"z3Yrsa9VS",
"date":"2012-11-06 21:04:48"
},
{
"kids":[],
"uid":"1697228025",
"parent":"",
"text":"真的假的？",
"mid":"z3Yrf9Vg6",
"date":"2012-11-06 21:04:20"
},
{
"kids":[],
"uid":"2397407857",
"parent":"",
"text":"@Pisces--丘會恩 [飞个吻]",
"mid":"z3Yp9nKgY",
"date":"2012-11-06 20:59:11"
},
{
"kids":[],
"uid":"2632868761",
"parent":"",
"text":"什么鸟啊？？？？？？[哈哈]",
"mid":"z3YoysPx9",
"date":"2012-11-06 20:57:44"
},
{
"kids":[
"z4YPxaBBx",
"z4S1uaugs",
"z4S1u9ofX",
"z442QwFqS"
],
"uid":"2048639395",
"parent":"",
"text":"真的假的啊",
"mid":"z3YnZAlMo",
"date":"2012-11-06 20:56:16"
},
{
"kids":[],
"uid":"238045694",
"parent":"",
"text":"轉發微博",
"mid":"z3YnwDEXs",
"date":"2012-11-06 20:55:09"
},
{
"kids":[],
"uid":"2653220481",
"parent":"z3Yhftyhb",
"text":"@JY_99_鋭賢 ，别白高兴了，本法院已经发函去全国人大法制委员会求证，2012年并未对婚姻法进行修正，所谓18岁可结婚纯属谣言，因此，根据婚姻法第六条“结婚年龄，男不得早于二十二周岁，女不得早于二十周岁。晚婚晚育应予鼓励。”，你还是再等两年吧，学习委员应该还可以等的[嘻嘻]",
"mid":"z3Ynuyx1Q",
"date":"2012-11-06 20:55:02"
},
{
"kids":[
"z3YCGB9gV"
],
"uid":"paigu0520",
"parent":"",
"text":"亲，结婚吧！[嘻嘻][哈哈]@小seven呐 @四把剪刀 @狼影-海武 @蔡海明同学 @社联十五载叶-芯 @五丶竹 @-Vec- @黎丰色女亭 @思静不贰 @a大大大大大 @关注了不会怀孕 @哈喽做好自己_Cw辉 @phoenix星恋 @tracy穗茵 @LBJ-阿俊",
"mid":"z3YmWzvHt",
"date":"2012-11-06 20:53:45"
},
{
"kids":[
"z41vJjDEw",
"z3YLVzCuu"
],
"uid":"2836600950",
"parent":"",
"text":"听日即刻去[花心]",
"mid":"z3YmE0anr",
"date":"2012-11-06 20:53:00"
},
{
"kids":[],
"uid":"2016953585",
"parent":"",
"text":"真的吗？赶紧拍拖去",
"mid":"z3YmgE6q6",
"date":"2012-11-06 20:52:03"
},
{
"kids":[],
"uid":"jialing2012",
"parent":"",
"text":"晕",
"mid":"z3YkOdv70",
"date":"2012-11-06 20:48:26"
},
{
"kids":[],
"uid":"2125834205",
"parent":"",
"text":"不会是真的吧！！",
"mid":"z3YktdtmV",
"date":"2012-11-06 20:47:39"
},
{
"kids":[],
"uid":"2090903461",
"parent":"",
"text":"亲，我们可以结婚了吗",
"mid":"z3YknD7k7",
"date":"2012-11-06 20:47:26"
},
{
"kids":[],
"uid":"2449763990",
"parent":"",
"text":"[moc转发][moc转发][moc转发]走过路过千万没错 学分哇[花心][花心][花心]",
"mid":"z3YkjuVl3",
"date":"2012-11-06 20:47:16"
},
{
"kids":[
"z3Z7cjiXj"
],
"uid":"bearp",
"parent":"",
"text":"有可能吗？请问哪个国家！！",
"mid":"z3YjUn7tp",
"date":"2012-11-06 20:46:16"
},
{
"kids":[],
"uid":"2108476714",
"parent":"z3Yir3Yq2",
"text":"不信",
"mid":"z3YiR63on",
"date":"2012-11-06 20:43:38"
},
{
"kids":[],
"uid":"1866220952",
"parent":"",
"text":"系五系架[挖鼻屎]",
"mid":"z3Yiyb8ag",
"date":"2012-11-06 20:42:54"
},
{
"kids":[
"z3Yrsa9VS",
"z3YiR63on"
],
"uid":"2355801731",
"parent":"",
"text":"@Txiao寶_ @Silly_伟权 @-劉璐萍- @-楚jun- @吴健文M @吴昌晃 @全世界晚晚晚安-邝杰 @也許是简詩怡種解藥 @Sunnyyoung咩 @super-cowcow @stitch_in_start @_____kzh @惠玲KC @Vicky_包包 @跌落坑渠臭哼哼--_-- @欧烨楷_森 @吾系阿雞",
"mid":"z3Yir3Yq2",
"date":"2012-11-06 20:42:35"
},
{
"kids":[],
"uid":"1757802685",
"parent":"",
"text":"还有分加？？？",
"mid":"z3YhCf2R5",
"date":"2012-11-06 20:40:38"
},
{
"kids":[
"z3Ynuyx1Q"
],
"uid":"209993598",
"parent":"",
"text":"@志超真系柠檬沈",
"mid":"z3Yhftyhb",
"date":"2012-11-06 20:39:40"
},
{
"kids":[],
"uid":"2749247707",
"parent":"",
"text":"不是吧……(¯(∞)¯)",
"mid":"z3YhatGb8",
"date":"2012-11-06 20:39:31"
},
{
"kids":[],
"uid":"2349082600",
"parent":"",
"text":"",
"mid":"z3Yh2uThU",
"date":"2012-11-06 20:39:12"
},
{
"kids":[],
"uid":"233449480",
"parent":"",
"text":"@-L-e-M-o-n- 肥see",
"mid":"z3YgTArY7",
"date":"2012-11-06 20:38:51"
}
]