[
{
"kids":[],
"uid":"1822165724",
"parent":"zAuINAMWh",
"text":"",
"mid":"A1I2rfm54",
"date":"2013-07-25 22:22:58"
},
{
"kids":[],
"uid":"3043887452",
"parent":"zAwik19w9",
"text":"",
"mid":"zEUsPoxYF",
"date":"2013-07-07 18:58:29"
},
{
"kids":[],
"uid":"2790017630",
"parent":"zAvEkuOzs",
"text":"",
"mid":"zEoiS7jxX",
"date":"2013-07-04 09:06:03"
},
{
"kids":[],
"uid":"1582960464",
"parent":"zAvEkuOzs",
"text":"",
"mid":"zEfkLdjOD",
"date":"2013-07-03 10:15:59"
},
{
"kids":[],
"uid":"3044559282",
"parent":"zAvEkuOzs",
"text":"",
"mid":"zEenl1GuG",
"date":"2013-07-03 07:49:34"
},
{
"kids":[],
"uid":"3044162030",
"parent":"zAAH3xdIz",
"text":"",
"mid":"zDzofuDQA",
"date":"2013-06-28 23:29:14"
},
{
"kids":[],
"uid":"2920449014",
"parent":"zAvEkuOzs",
"text":"",
"mid":"zDvqvDpcs",
"date":"2013-06-28 13:23:49"
},
{
"kids":[],
"uid":"2920112602",
"parent":"zAvEkuOzs",
"text":"",
"mid":"zDuAkAKYI",
"date":"2013-06-28 11:15:15"
},
{
"kids":[],
"uid":"3044113754",
"parent":"zAvEkuOzs",
"text":"",
"mid":"zDh5h2KFr",
"date":"2013-06-27 00:53:01"
},
{
"kids":[],
"uid":"2804723192",
"parent":"zAvEkuOzs",
"text":"",
"mid":"zCphZ3gSO",
"date":"2013-06-21 07:56:01"
},
{
"kids":[],
"uid":"2920187910",
"parent":"zAvEkuOzs",
"text":"",
"mid":"zCiexzdt1",
"date":"2013-06-20 13:58:19"
},
{
"kids":[],
"uid":"3044651744",
"parent":"zAvEkuOzs",
"text":"",
"mid":"zCfF1cmgI",
"date":"2013-06-20 07:25:17"
},
{
"kids":[],
"uid":"zhurek",
"parent":"zC15xFRRO",
"text":"有码",
"mid":"zC1bAEF6Y",
"date":"2013-06-18 18:34:19"
},
{
"kids":[
"zC1bAEF6Y"
],
"uid":"ii666",
"parent":"zBYPVwv7t",
"text":"",
"mid":"zC15xFRRO",
"date":"2013-06-18 18:19:27"
},
{
"kids":[
"zC1bAEF6Y",
"zC15xFRRO"
],
"uid":"1937650815",
"parent":"zBOvOiEN6",
"text":"觞",
"mid":"zBYPVwv7t",
"date":"2013-06-18 12:35:30"
},
{
"kids":[],
"uid":"aidazhemall",
"parent":"zAAQXfxGF",
"text":"#我在推荐#如果你也觉得这条博文精彩，点击链接我们一起接力推荐吧！http:",
"mid":"zBOw5q8oQ",
"date":"2013-06-17 10:19:07"
},
{
"kids":[
"zC1bAEF6Y",
"zC15xFRRO",
"zBYPVwv7t"
],
"uid":"ii666",
"parent":"zAAQXfxGF",
"text":"#我在推荐#如果你也觉得这条博文精彩，点击链接我们一起接力推荐吧！http:",
"mid":"zBOvOiEN6",
"date":"2013-06-17 10:18:27"
},
{
"kids":[],
"uid":"ii666",
"parent":"zAwHmuHXX",
"text":"#我在推荐#如果你也觉得这条博文精彩，点击链接我们一起接力推荐吧！http:",
"mid":"zBOvGiWVU",
"date":"2013-06-17 10:18:07"
},
{
"kids":[],
"uid":"ii666",
"parent":"zAwEzlH5P",
"text":"#我在推荐#如果你也觉得这条博文精彩，点击链接我们一起接力推荐吧！http:",
"mid":"zBOvAFS2n",
"date":"2013-06-17 10:17:55"
},
{
"kids":[],
"uid":"2789916060",
"parent":"zAvXU7Ki4",
"text":"",
"mid":"zBBUjvO2R",
"date":"2013-06-16 02:13:07"
},
{
"kids":[],
"uid":"2919659684",
"parent":"zAvEkuOzs",
"text":"",
"mid":"zBvE0B8jr",
"date":"2013-06-15 10:16:26"
},
{
"kids":[],
"uid":"2920088994",
"parent":"zAvEkuOzs",
"text":"",
"mid":"zBvBTqHOj",
"date":"2013-06-15 10:11:14"
},
{
"kids":[],
"uid":"1776529192",
"parent":"zACQHqmXX",
"text":"",
"mid":"zBuyLvewJ",
"date":"2013-06-15 07:30:47"
},
{
"kids":[],
"uid":"3479251774",
"parent":"zBh7bFWPH",
"text":"",
"mid":"zBpDObAeo",
"date":"2013-06-14 18:59:28"
},
{
"kids":[],
"uid":"2920130202",
"parent":"zAAH3xdIz",
"text":"",
"mid":"zBmpgrll7",
"date":"2013-06-14 10:45:25"
},
{
"kids":[],
"uid":"2920307230",
"parent":"",
"text":"",
"mid":"zBlYfzYWl",
"date":"2013-06-14 09:38:50"
},
{
"kids":[],
"uid":"2303695355",
"parent":"zBlIy0AVV",
"text":"",
"mid":"zBlJao7Qy",
"date":"2013-06-14 09:01:42"
},
{
"kids":[
"zBlJao7Qy"
],
"uid":"2087395043",
"parent":"",
"text":"牛逼~",
"mid":"zBlIy0AVV",
"date":"2013-06-14 09:00:10"
},
{
"kids":[],
"uid":"3043904624",
"parent":"",
"text":"",
"mid":"zBlcByD0Q",
"date":"2013-06-14 07:41:30"
},
{
"kids":[],
"uid":"3045139110",
"parent":"zAAH3xdIz",
"text":"",
"mid":"zBlc7pwOp",
"date":"2013-06-14 07:40:17"
},
{
"kids":[],
"uid":"3044350452",
"parent":"zAvEkuOzs",
"text":"",
"mid":"zBjH0p9MZ",
"date":"2013-06-14 03:50:53"
},
{
"kids":[],
"uid":"3479251774",
"parent":"zBh7bFWPH",
"text":"",
"mid":"zBhAjoAWy",
"date":"2013-06-13 22:28:54"
},
{
"kids":[],
"uid":"aidazhemall",
"parent":"zBh7bFWPH",
"text":"",
"mid":"zBhyRBNhT",
"date":"2013-06-13 22:25:18"
},
{
"kids":[
"zBpDObAeo",
"zBhAjoAWy",
"zBhyRBNhT"
],
"uid":"ii666",
"parent":"zBc0ucYdj",
"text":"",
"mid":"zBh7bFWPH",
"date":"2013-06-13 21:17:06"
},
{
"kids":[],
"uid":"carbonpen",
"parent":"",
"text":"[哈哈][哈哈]",
"mid":"zBdxT7wW4",
"date":"2013-06-13 12:11:57"
},
{
"kids":[],
"uid":"3044960370",
"parent":"zACQHqmXX",
"text":"",
"mid":"zBd4Q5g5w",
"date":"2013-06-13 11:00:20"
},
{
"kids":[
"zBpDObAeo",
"zBhAjoAWy",
"zBhyRBNhT",
"zBh7bFWPH"
],
"uid":"ii666",
"parent":"zAAQXfxGF",
"text":"",
"mid":"zBc0ucYdj",
"date":"2013-06-13 08:16:54"
},
{
"kids":[],
"uid":"2790024874",
"parent":"zACQHqmXX",
"text":"",
"mid":"zBbznrv5S",
"date":"2013-06-13 07:10:07"
},
{
"kids":[],
"uid":"2920455690",
"parent":"",
"text":"",
"mid":"zB4UHp672",
"date":"2013-06-12 14:13:25"
},
{
"kids":[],
"uid":"3044990580",
"parent":"",
"text":"",
"mid":"zB2rsqi6h",
"date":"2013-06-12 07:55:53"
},
{
"kids":[],
"uid":"1776409553",
"parent":"zAtYSi5Bx",
"text":"",
"mid":"zATRoAWQK",
"date":"2013-06-11 10:05:03"
},
{
"kids":[],
"uid":"1583171434",
"parent":"zAvXU7Ki4",
"text":"",
"mid":"zATQL09rp",
"date":"2013-06-11 10:03:28"
},
{
"kids":[],
"uid":"ii666",
"parent":"",
"text":"[偷笑]",
"mid":"zATJPnkiN",
"date":"2013-06-11 09:46:25"
},
{
"kids":[],
"uid":"3045165600",
"parent":"",
"text":"",
"mid":"zATzYzgoc",
"date":"2013-06-11 09:22:09"
},
{
"kids":[],
"uid":"1583573363",
"parent":"zAtYSi5Bx",
"text":"",
"mid":"zATq7d9u2",
"date":"2013-06-11 08:57:50"
},
{
"kids":[],
"uid":"3045204502",
"parent":"",
"text":"",
"mid":"zAT3TBHED",
"date":"2013-06-11 08:03:07"
},
{
"kids":[],
"uid":"2809618954",
"parent":"",
"text":"",
"mid":"zASYZf4x1",
"date":"2013-06-11 07:51:01"
},
{
"kids":[],
"uid":"3043461132",
"parent":"",
"text":"",
"mid":"zASYehIab",
"date":"2013-06-11 07:49:09"
},
{
"kids":[],
"uid":"2607737495",
"parent":"",
"text":"#女城管遭人肉# 恶有恶报。 详情:http:",
"mid":"zALTilld8",
"date":"2013-06-10 13:47:46"
},
{
"kids":[],
"uid":"2810671600",
"parent":"zAvXU7Ki4",
"text":"",
"mid":"zALwDgtLk",
"date":"2013-06-10 12:51:57"
},
{
"kids":[],
"uid":"3043772014",
"parent":"zAvXU7Ki4",
"text":"",
"mid":"zAKJ6eslu",
"date":"2013-06-10 10:49:54"
},
{
"kids":[],
"uid":"2919761504",
"parent":"zACQHqmXX",
"text":"",
"mid":"zAKvVtYo2",
"date":"2013-06-10 10:17:26"
},
{
"kids":[],
"uid":"2810749574",
"parent":"zAvUWgI6j",
"text":"",
"mid":"zAKtpbo39",
"date":"2013-06-10 10:11:14"
},
{
"kids":[],
"uid":"3045055250",
"parent":"zAApeDUYd",
"text":"",
"mid":"zAKlMEcIN",
"date":"2013-06-10 09:52:27"
},
{
"kids":[],
"uid":"3045264722",
"parent":"zAvUWgI6j",
"text":"",
"mid":"zAKgh6wwU",
"date":"2013-06-10 09:38:53"
},
{
"kids":[],
"uid":"3045033754",
"parent":"zACQHqmXX",
"text":"",
"mid":"zAJZP45v9",
"date":"2013-06-10 08:58:19"
},
{
"kids":[],
"uid":"2678950833",
"parent":"",
"text":"果真是个臭表子啊，还有啥脸活啊，去死吧 来自话题#延安女城管被人肉# http:",
"mid":"zAJlK0LYw",
"date":"2013-06-10 07:19:36"
},
{
"kids":[],
"uid":"2701508752",
"parent":"",
"text":"",
"mid":"zAJ1KFlcA",
"date":"2013-06-10 06:30:22"
},
{
"kids":[],
"uid":"fuckmagic",
"parent":"",
"text":"女城管，你好。",
"mid":"zAGmD6I5G",
"date":"2013-06-09 23:43:31"
},
{
"kids":[],
"uid":"3213288474",
"parent":"",
"text":"",
"mid":"zAFndkUQz",
"date":"2013-06-09 21:12:13"
},
{
"kids":[],
"uid":"1900225295",
"parent":"",
"text":"婊子  太贱了  看她打人时嚣张的气焰 就知道定是个骚货 来自话题#延安女城管被人肉# http:",
"mid":"zAEsN2Nkc",
"date":"2013-06-09 18:53:12"
},
{
"kids":[],
"uid":"1900225295",
"parent":"",
"text":"#延安女城管被人肉# 网爆延安打人女城管艳照 详情:http:",
"mid":"zAEs0j7xd",
"date":"2013-06-09 18:51:16"
},
{
"kids":[],
"uid":"bflw",
"parent":"zADbC0tWw",
"text":"",
"mid":"zADc2zY92",
"date":"2013-06-09 15:39:12"
},
{
"kids":[
"zADc2zY92"
],
"uid":"1697106372",
"parent":"",
"text":"[挖鼻屎]马赛克又多了。@vincent潮信",
"mid":"zADbC0tWw",
"date":"2013-06-09 15:38:09"
},
{
"kids":[],
"uid":"2256299423",
"parent":"",
"text":"让她红一把，转！",
"mid":"zAD0lthjT",
"date":"2013-06-09 15:10:25"
},
{
"kids":[
"zBuyLvewJ",
"zBd4Q5g5w",
"zBbznrv5S",
"zAKvVtYo2",
"zAJZP45v9"
],
"uid":"3319817341",
"parent":"",
"text":"人才",
"mid":"zACQHqmXX",
"date":"2013-06-09 14:46:39"
},
{
"kids":[],
"uid":"2720432525",
"parent":"",
"text":"顶",
"mid":"zACQFlgyQ",
"date":"2013-06-09 14:46:33"
},
{
"kids":[],
"uid":"67486153",
"parent":"",
"text":"",
"mid":"zACPAwpEP",
"date":"2013-06-09 14:43:52"
},
{
"kids":[],
"uid":"3044996574",
"parent":"zAApeDUYd",
"text":"",
"mid":"zACMRusoF",
"date":"2013-06-09 14:37:12"
},
{
"kids":[],
"uid":"shevano7",
"parent":"",
"text":"#延安女城管# 有料到 @闷痘先生 @杰仔TR 详情:http:",
"mid":"zACsRn9gb",
"date":"2013-06-09 13:47:55"
},
{
"kids":[],
"uid":"3192356133",
"parent":"",
"text":"",
"mid":"zACi9DffG",
"date":"2013-06-09 13:21:32"
},
{
"kids":[],
"uid":"2478255483",
"parent":"zABYWgcKX",
"text":"",
"mid":"zAC5hh29J",
"date":"2013-06-09 12:49:47"
},
{
"kids":[
"zAC5hh29J"
],
"uid":"516826784",
"parent":"",
"text":"#延安女城管# 转发微博 话题详情:http:",
"mid":"zABYWgcKX",
"date":"2013-06-09 12:34:12"
},
{
"kids":[],
"uid":"3267982884",
"parent":"",
"text":"人肉的伟大",
"mid":"zABUBjCcj",
"date":"2013-06-09 12:23:31"
},
{
"kids":[],
"uid":"2803445150",
"parent":"zAAH3xdIz",
"text":"",
"mid":"zABOmvX4h",
"date":"2013-06-09 12:08:08"
},
{
"kids":[],
"uid":"1581823700",
"parent":"zAApeDUYd",
"text":"",
"mid":"zABKVcM5F",
"date":"2013-06-09 11:59:40"
},
{
"kids":[],
"uid":"2246104675",
"parent":"",
"text":"这样的素质太给中国人长脸了",
"mid":"zABHza2da",
"date":"2013-06-09 11:51:24"
},
{
"kids":[],
"uid":"1274754424",
"parent":"",
"text":"图中女优我恰好看到过……好巧 来自话题#延安女城管# http:",
"mid":"zABCx9lpa",
"date":"2013-06-09 11:39:00"
},
{
"kids":[],
"uid":"1892841057",
"parent":"",
"text":"外勤 内勤 都做得很好，人才",
"mid":"zABzxhRq9",
"date":"2013-06-09 11:31:37"
},
{
"kids":[],
"uid":"1881137631",
"parent":"",
"text":"#延安女城管# 既然不是舅舅，那就是有干爹[思考] 详情:http:",
"mid":"zABxfrkVF",
"date":"2013-06-09 11:26:00"
},
{
"kids":[],
"uid":"3226369625",
"parent":"",
"text":"#延安女城管# 转发微博 话题详情:http:",
"mid":"zABrK8uey",
"date":"2013-06-09 11:12:25"
},
{
"kids":[],
"uid":"2834671010",
"parent":"",
"text":"太恐怖了 来自话题#延安女城管# http:",
"mid":"zABqIkKJY",
"date":"2013-06-09 11:09:52"
},
{
"kids":[],
"uid":"3319651895",
"parent":"",
"text":"白天是人，晚上是？？？",
"mid":"zABnXeQzf",
"date":"2013-06-09 11:03:04"
},
{
"kids":[],
"uid":"1842982143",
"parent":"",
"text":"这不就是那个女人吗 来自话题#延安女城管# http:",
"mid":"zABmCceNw",
"date":"2013-06-09 10:59:47"
},
{
"kids":[],
"uid":"2427537874",
"parent":"",
"text":"#延安女城管# 原来如此 详情:http:",
"mid":"zABmdnytL",
"date":"2013-06-09 10:58:48"
},
{
"kids":[],
"uid":"2919365740",
"parent":"",
"text":"",
"mid":"zABijm5sQ",
"date":"2013-06-09 10:49:10"
},
{
"kids":[],
"uid":"2189838724",
"parent":"",
"text":"真滴假滴，我滴神！ 来自话题#延安女城管被人肉# http:",
"mid":"zABhxwGYo",
"date":"2013-06-09 10:47:17"
},
{
"kids":[],
"uid":"1347523391",
"parent":"zAvEkuOzs",
"text":"",
"mid":"zABg6eDG2",
"date":"2013-06-09 10:43:44"
},
{
"kids":[],
"uid":"jsedu114",
"parent":"",
"text":"[哈哈]求证！",
"mid":"zABbeivwf",
"date":"2013-06-09 10:31:43"
},
{
"kids":[],
"uid":"2154693624",
"parent":"",
"text":"@小媛子妞妞",
"mid":"zAB96txbD",
"date":"2013-06-09 10:26:30"
},
{
"kids":[],
"uid":"2183492294",
"parent":"",
"text":"#延安女城管# 真是位为人民服务的好城管啊！ 详情:http:",
"mid":"zAB8SA3We",
"date":"2013-06-09 10:25:56"
},
{
"kids":[],
"uid":"3213288474",
"parent":"zAAWU2XTg",
"text":"",
"mid":"zAB50npwL",
"date":"2013-06-09 10:16:23"
},
{
"kids":[],
"uid":"1916155915",
"parent":"",
"text":"[哈哈] 来自话题#延安女城管# http:",
"mid":"zAB3WbctT",
"date":"2013-06-09 10:13:45"
},
{
"kids":[],
"uid":"1579410565",
"parent":"",
"text":"#延安女城管# 转发微博 话题详情:http:",
"mid":"zAB0Y6wh7",
"date":"2013-06-09 10:06:27"
},
{
"kids":[
"zAB50npwL"
],
"uid":"nnyinlei",
"parent":"",
"text":"#延安女城管# 转发，不说话！ 详情:http:",
"mid":"zAAWU2XTg",
"date":"2013-06-09 09:56:25"
},
{
"kids":[],
"uid":"1602688120",
"parent":"",
"text":"#延安女城管# 转发微博 话题详情:http:",
"mid":"zAAWKzB0p",
"date":"2013-06-09 09:56:02"
},
{
"kids":[],
"uid":"3043907934",
"parent":"zAuOHqLen",
"text":"",
"mid":"zAATa3tvt",
"date":"2013-06-09 09:47:12"
},
{
"kids":[
"zC1bAEF6Y",
"zC15xFRRO",
"zBYPVwv7t",
"zBOw5q8oQ",
"zBOvOiEN6",
"zBpDObAeo",
"zBhAjoAWy",
"zBhyRBNhT",
"zBh7bFWPH",
"zBc0ucYdj"
],
"uid":"ii666",
"parent":"zAwHmuHXX",
"text":"",
"mid":"zAAQXfxGF",
"date":"2013-06-09 09:41:45"
},
{
"kids":[],
"uid":"2802674677",
"parent":"",
"text":"这个厉害 来自话题#延安女城管# http:",
"mid":"zAANp6i34",
"date":"2013-06-09 09:33:02"
},
{
"kids":[],
"uid":"3043853752",
"parent":"zAuOHqLen",
"text":"",
"mid":"zAAIK7krW",
"date":"2013-06-09 09:21:34"
},
{
"kids":[],
"uid":"2636207825",
"parent":"",
"text":"#延安女城管# 转发微博 话题详情:http:",
"mid":"zAAHx5aDm",
"date":"2013-06-09 09:18:34"
},
{
"kids":[
"zDzofuDQA",
"zBmpgrll7",
"zBlc7pwOp",
"zABOmvX4h"
],
"uid":"2797426687",
"parent":"",
"text":"",
"mid":"zAAH3xdIz",
"date":"2013-06-09 09:17:24"
},
{
"kids":[],
"uid":"3296680701",
"parent":"",
"text":"这样得人，，，",
"mid":"zAAFUixeU",
"date":"2013-06-09 09:14:33"
},
{
"kids":[],
"uid":"salenzoie",
"parent":"",
"text":"#延安女城管# 万能的互联网啊 详情:http:",
"mid":"zAAy7tGtK",
"date":"2013-06-09 08:55:23"
},
{
"kids":[],
"uid":"3454895790",
"parent":"",
"text":"[鼓掌][鼓掌][鼓掌]叫你丫的激怒人民！",
"mid":"zAAxik66x",
"date":"2013-06-09 08:53:21"
},
{
"kids":[],
"uid":"2180381153",
"parent":"",
"text":"#延安女城管# 转发微博 话题详情:http:",
"mid":"zAArMrjps",
"date":"2013-06-09 08:39:46"
},
{
"kids":[],
"uid":"jimzx123",
"parent":"",
"text":"#延安女城管# 真牛掰啊，这就是激怒社会的下场么...... 详情:http:",
"mid":"zAAq1FLEn",
"date":"2013-06-09 08:35:25"
},
{
"kids":[
"zAKlMEcIN",
"zACMRusoF",
"zABKVcM5F"
],
"uid":"1802074782",
"parent":"",
"text":"",
"mid":"zAApeDUYd",
"date":"2013-06-09 08:33:30"
},
{
"kids":[],
"uid":"2919644662",
"parent":"zAvb9tyTu",
"text":"",
"mid":"zAAnqlR38",
"date":"2013-06-09 08:29:02"
},
{
"kids":[],
"uid":"2654358841",
"parent":"",
"text":"",
"mid":"zAAkb8dwq",
"date":"2013-06-09 08:21:02"
},
{
"kids":[],
"uid":"2956944385",
"parent":"",
"text":"",
"mid":"zAA9gcvT7",
"date":"2013-06-09 07:54:07"
},
{
"kids":[],
"uid":"1411336521",
"parent":"",
"text":"@沙仔坪",
"mid":"zAA58iGyv",
"date":"2013-06-09 07:43:57"
},
{
"kids":[],
"uid":"1986522425",
"parent":"",
"text":"",
"mid":"zAzVctBkv",
"date":"2013-06-09 07:19:30"
},
{
"kids":[],
"uid":"2553832925",
"parent":"",
"text":"这家伙又火了，看来人家晚上的生意不错吗？",
"mid":"zAzS6nfCf",
"date":"2013-06-09 07:11:51"
},
{
"kids":[],
"uid":"2919929220",
"parent":"",
"text":"",
"mid":"zAzRTnxOC",
"date":"2013-06-09 07:11:21"
},
{
"kids":[],
"uid":"903723643",
"parent":"",
"text":"",
"mid":"zAzLtEvOk",
"date":"2013-06-09 06:55:33"
},
{
"kids":[],
"uid":"1898592055",
"parent":"",
"text":"#延安女城管# 转发微博 话题详情:http:",
"mid":"zAyCbEo4s",
"date":"2013-06-09 03:59:54"
},
{
"kids":[],
"uid":"thinkee",
"parent":"",
"text":"穿了制服反而不好看了",
"mid":"zAxFkE0F5",
"date":"2013-06-09 01:34:55"
},
{
"kids":[],
"uid":"208088789",
"parent":"",
"text":"#延安女城管# 转发微博 话题详情:http:",
"mid":"zAxyaywJS",
"date":"2013-06-09 01:17:16"
},
{
"kids":[],
"uid":"2069335551",
"parent":"",
"text":"",
"mid":"zAxpdBVFT",
"date":"2013-06-09 00:55:13"
},
{
"kids":[],
"uid":"3392481530",
"parent":"",
"text":"轉發微博",
"mid":"zAxjMrrul",
"date":"2013-06-09 00:41:49"
},
{
"kids":[],
"uid":"3136161761",
"parent":"",
"text":"",
"mid":"zAx8BcclW",
"date":"2013-06-09 00:14:16"
},
{
"kids":[],
"uid":"2988474104",
"parent":"zAwHmuHXX",
"text":"",
"mid":"zAx6SzXIH",
"date":"2013-06-09 00:09:59"
},
{
"kids":[],
"uid":"wghhuazi",
"parent":"",
"text":"#延安女城管# 转发微博 话题详情:http:",
"mid":"zAwZKw4a6",
"date":"2013-06-08 23:52:29"
},
{
"kids":[],
"uid":"234582911",
"parent":"zAwmqDNek",
"text":"求真相",
"mid":"zAwMF4qE2",
"date":"2013-06-08 23:20:13"
},
{
"kids":[],
"uid":"2013988737",
"parent":"zAus4rn7l",
"text":"牛逼",
"mid":"zAwHT2bax",
"date":"2013-06-08 23:08:25"
},
{
"kids":[
"zC1bAEF6Y",
"zC15xFRRO",
"zBYPVwv7t",
"zBOw5q8oQ",
"zBOvOiEN6",
"zBOvGiWVU",
"zBpDObAeo",
"zBhAjoAWy",
"zBhyRBNhT",
"zBh7bFWPH",
"zBc0ucYdj",
"zAAQXfxGF",
"zAx6SzXIH"
],
"uid":"ii666",
"parent":"zAwEzlH5P",
"text":"原来当城管这么爽啊",
"mid":"zAwHmuHXX",
"date":"2013-06-08 23:07:09"
},
{
"kids":[],
"uid":"ii666",
"parent":"zAwEzlH5P",
"text":"",
"mid":"zAwEKhS7l",
"date":"2013-06-08 23:00:43"
},
{
"kids":[
"zC1bAEF6Y",
"zC15xFRRO",
"zBYPVwv7t",
"zBOw5q8oQ",
"zBOvOiEN6",
"zBOvGiWVU",
"zBOvAFS2n",
"zBpDObAeo",
"zBhAjoAWy",
"zBhyRBNhT",
"zBh7bFWPH",
"zBc0ucYdj",
"zAAQXfxGF",
"zAx6SzXIH",
"zAwHmuHXX",
"zAwEKhS7l"
],
"uid":"ii666",
"parent":"",
"text":"看到了吧，这就是天朝",
"mid":"zAwEzlH5P",
"date":"2013-06-08 23:00:14"
},
{
"kids":[],
"uid":"2092229975",
"parent":"",
"text":"",
"mid":"zAwAs4t8v",
"date":"2013-06-08 22:50:08"
},
{
"kids":[],
"uid":"277009484",
"parent":"",
"text":"#延安女城管# 人在做天在看，不是不报时候未到！ 详情:http:",
"mid":"zAwxFcvfs",
"date":"2013-06-08 22:43:16"
},
{
"kids":[],
"uid":"273333050",
"parent":"",
"text":"",
"mid":"zAwtZDIzv",
"date":"2013-06-08 22:34:12"
},
{
"kids":[],
"uid":"1903302295",
"parent":"",
"text":"爽  太好了！",
"mid":"zAwrb14VP",
"date":"2013-06-08 22:27:16"
},
{
"kids":[],
"uid":"3430442272",
"parent":"",
"text":"千刀万剐",
"mid":"zAwqY0O9v",
"date":"2013-06-08 22:26:44"
},
{
"kids":[],
"uid":"3490371232",
"parent":"",
"text":"",
"mid":"zAwqLxYYS",
"date":"2013-06-08 22:26:17"
},
{
"kids":[],
"uid":"1903302295",
"parent":"",
"text":"",
"mid":"zAwoX1Ov1",
"date":"2013-06-08 22:21:46"
},
{
"kids":[],
"uid":"lateez",
"parent":"zAvXU7Ki4",
"text":"",
"mid":"zAwnl6FBO",
"date":"2013-06-08 22:17:48"
},
{
"kids":[
"zAwMF4qE2"
],
"uid":"3092659470",
"parent":"",
"text":"@大连_小白杨",
"mid":"zAwmqDNek",
"date":"2013-06-08 22:15:36"
},
{
"kids":[],
"uid":"3196900334",
"parent":"",
"text":"",
"mid":"zAwlZeyBx",
"date":"2013-06-08 22:14:30"
},
{
"kids":[],
"uid":"3196900334",
"parent":"",
"text":"",
"mid":"zAwlQ4apo",
"date":"2013-06-08 22:14:06"
},
{
"kids":[
"zEUsPoxYF"
],
"uid":"2291579600",
"parent":"",
"text":"",
"mid":"zAwik19w9",
"date":"2013-06-08 22:05:27"
},
{
"kids":[],
"uid":"1700942135",
"parent":"zAw6PymYy",
"text":"",
"mid":"zAwhauD8r",
"date":"2013-06-08 22:02:37"
},
{
"kids":[],
"uid":"2278968394",
"parent":"",
"text":"难怪她能当那么吊的临时工，原来被局长潜规则了",
"mid":"zAwez9CMB",
"date":"2013-06-08 21:56:13"
},
{
"kids":[],
"uid":"2667547943",
"parent":"",
"text":"#延安女城管# 转发微博 话题详情:http:",
"mid":"zAwdxkiLQ",
"date":"2013-06-08 21:53:41"
},
{
"kids":[],
"uid":"wkh123",
"parent":"",
"text":"#延安女城管# 转发微博 话题详情:http:",
"mid":"zAwcpfKH4",
"date":"2013-06-08 21:50:50"
},
{
"kids":[],
"uid":"3445201400",
"parent":"zAw6PymYy",
"text":"",
"mid":"zAwaSqCJ5",
"date":"2013-06-08 21:47:08"
},
{
"kids":[],
"uid":"2656765843",
"parent":"",
"text":"做人太恶，报应。",
"mid":"zAwaGC1qK",
"date":"2013-06-08 21:46:38"
},
{
"kids":[],
"uid":"chenkai0405",
"parent":"zAvXU7Ki4",
"text":"哇操！真的？",
"mid":"zAw8Uo2SB",
"date":"2013-06-08 21:42:15"
},
{
"kids":[],
"uid":"2728575451",
"parent":"zAvvorUTW",
"text":"",
"mid":"zAw8waRmZ",
"date":"2013-06-08 21:41:17"
},
{
"kids":[],
"uid":"1914918864",
"parent":"zAv0sqMpW",
"text":"[挖鼻屎]",
"mid":"zAw7CEAjZ",
"date":"2013-06-08 21:39:04"
},
{
"kids":[
"zAwhauD8r",
"zAwaSqCJ5"
],
"uid":"1007502484",
"parent":"zAvZHtxs3",
"text":"",
"mid":"zAw6PymYy",
"date":"2013-06-08 21:37:10"
},
{
"kids":[],
"uid":"1491657647",
"parent":"",
"text":"",
"mid":"zAw4gyyYb",
"date":"2013-06-08 21:30:47"
},
{
"kids":[],
"uid":"1865368385",
"parent":"",
"text":"",
"mid":"zAw1zjZlv",
"date":"2013-06-08 21:24:10"
},
{
"kids":[],
"uid":"2454050980",
"parent":"zAus4rn7l",
"text":"",
"mid":"zAw12wFb0",
"date":"2013-06-08 21:22:54"
},
{
"kids":[
"zAwhauD8r",
"zAwaSqCJ5",
"zAw6PymYy"
],
"uid":"1861622832",
"parent":"",
"text":"黄衣女城管。。白天也穿得像只咯咯达，果然[偷乐]所以说千万别得罪网友哦 来自话题#延安女城管# http:",
"mid":"zAvZHtxs3",
"date":"2013-06-08 21:19:36"
},
{
"kids":[],
"uid":"2696470093",
"parent":"",
"text":"高手，厉害",
"mid":"zAvYUs7Mg",
"date":"2013-06-08 21:17:37"
},
{
"kids":[
"zBBUjvO2R",
"zATQL09rp",
"zALwDgtLk",
"zAKJ6eslu",
"zAwnl6FBO",
"zAw8Uo2SB"
],
"uid":"1657050297",
"parent":"",
"text":"",
"mid":"zAvXU7Ki4",
"date":"2013-06-08 21:15:10"
},
{
"kids":[],
"uid":"2310228194",
"parent":"",
"text":"",
"mid":"zAvXcmi4O",
"date":"2013-06-08 21:13:24"
},
{
"kids":[],
"uid":"2327758227",
"parent":"",
"text":"越是辟谣我越觉得是真的！！@作家草军书",
"mid":"zAvWbqfPp",
"date":"2013-06-08 21:10:55"
},
{
"kids":[
"zAKtpbo39",
"zAKgh6wwU"
],
"uid":"3193904717",
"parent":"",
"text":"我去，群众的力量真利害！这也能人肉出来。哈哈哈！",
"mid":"zAvUWgI6j",
"date":"2013-06-08 21:07:52"
},
{
"kids":[],
"uid":"pan1225",
"parent":"",
"text":"果然不是一般人",
"mid":"zAvR44IHw",
"date":"2013-06-08 20:58:17"
},
{
"kids":[],
"uid":"2737105117",
"parent":"",
"text":"",
"mid":"zAvQuh9oc",
"date":"2013-06-08 20:56:53"
},
{
"kids":[],
"uid":"1953896713",
"parent":"",
"text":"惊了",
"mid":"zAvPminc3",
"date":"2013-06-08 20:54:07"
},
{
"kids":[],
"uid":"3224368554",
"parent":"zAvtGlDlr",
"text":"",
"mid":"zAvMwtCdm",
"date":"2013-06-08 20:47:08"
},
{
"kids":[],
"uid":"2642113055",
"parent":"",
"text":"有道理，功夫真好，哈哈，",
"mid":"zAvL4DW7O",
"date":"2013-06-08 20:43:32"
},
{
"kids":[],
"uid":"2728263871",
"parent":"zAv1llXZQ",
"text":"",
"mid":"zAvKbn7Xf",
"date":"2013-06-08 20:41:23"
},
{
"kids":[],
"uid":"3180887157",
"parent":"",
"text":"",
"mid":"zAvJTD3q1",
"date":"2013-06-08 20:40:38"
},
{
"kids":[],
"uid":"ajin400",
"parent":"",
"text":"",
"mid":"zAvGX3KVz",
"date":"2013-06-08 20:33:24"
},
{
"kids":[],
"uid":"2191282854",
"parent":"",
"text":"@张洲",
"mid":"zAvEQqUVb",
"date":"2013-06-08 20:28:13"
},
{
"kids":[],
"uid":"547741828",
"parent":"",
"text":"#延安女城管# [挖鼻屎]好恶心的女人哦 @徐徐徐徐徐Cd 达令我可是只爱你一只的唷 厚厚[抱抱] 详情:http:",
"mid":"zAvErzlJQ",
"date":"2013-06-08 20:27:13"
},
{
"kids":[
"zEoiS7jxX",
"zEfkLdjOD",
"zEenl1GuG",
"zDvqvDpcs",
"zDuAkAKYI",
"zDh5h2KFr",
"zCphZ3gSO",
"zCiexzdt1",
"zCfF1cmgI",
"zBvE0B8jr",
"zBvBTqHOj",
"zBjH0p9MZ",
"zABg6eDG2"
],
"uid":"2642268407",
"parent":"",
"text":"转发微博。",
"mid":"zAvEkuOzs",
"date":"2013-06-08 20:26:55"
},
{
"kids":[],
"uid":"baiqiongbi",
"parent":"zAv6i85fq",
"text":"求种",
"mid":"zAvDNEMjT",
"date":"2013-06-08 20:25:37"
},
{
"kids":[],
"uid":"3259071894",
"parent":"",
"text":"我表示非常佩服那位破解相册密码的那位大哥",
"mid":"zAvDCtN0g",
"date":"2013-06-08 20:25:09"
},
{
"kids":[],
"uid":"3387336314",
"parent":"",
"text":"屁服",
"mid":"zAvCq1oSN",
"date":"2013-06-08 20:22:14"
},
{
"kids":[],
"uid":"1275491751",
"parent":"",
"text":"这回红了",
"mid":"zAvB17jFw",
"date":"2013-06-08 20:18:46"
},
{
"kids":[],
"uid":"2174225917",
"parent":"",
"text":"",
"mid":"zAvAMlxjT",
"date":"2013-06-08 20:18:11"
},
{
"kids":[],
"uid":"1024738112",
"parent":"",
"text":"",
"mid":"zAvA2zNrh",
"date":"2013-06-08 20:16:21"
},
{
"kids":[],
"uid":"sarah520jj",
"parent":"zAuYj9CxZ",
"text":"十万城管收复台湾…看来这口号不假…",
"mid":"zAvzrAMvS",
"date":"2013-06-08 20:14:53"
},
{
"kids":[],
"uid":"2128852893",
"parent":"zAv06i27c",
"text":"太有才了。。。",
"mid":"zAvwYfJrG",
"date":"2013-06-08 20:08:47"
},
{
"kids":[],
"uid":"1981zyz",
"parent":"",
"text":"#延安女城管# 转发微博 话题详情:http:",
"mid":"zAvwKoWB1",
"date":"2013-06-08 20:08:14"
},
{
"kids":[
"zAw8waRmZ"
],
"uid":"2607411513",
"parent":"zAuyme6ob",
"text":"",
"mid":"zAvvorUTW",
"date":"2013-06-08 20:04:56"
},
{
"kids":[],
"uid":"2859159754",
"parent":"zAvtGlDlr",
"text":"",
"mid":"zAvusgO4D",
"date":"2013-06-08 20:02:37"
},
{
"kids":[
"zAvMwtCdm",
"zAvusgO4D"
],
"uid":"3211586695",
"parent":"",
"text":"#延安女城管# 转发微博 话题详情:http:",
"mid":"zAvtGlDlr",
"date":"2013-06-08 20:00:43"
},
{
"kids":[],
"uid":"2441257402",
"parent":"",
"text":"",
"mid":"zAvrIEqls",
"date":"2013-06-08 19:55:51"
},
{
"kids":[],
"uid":"721412332",
"parent":"",
"text":"我也觉得。",
"mid":"zAvqqeU1S",
"date":"2013-06-08 19:52:40"
},
{
"kids":[],
"uid":"2779421205",
"parent":"",
"text":"我也觉得。",
"mid":"zAvq6rK72",
"date":"2013-06-08 19:51:52"
},
{
"kids":[],
"uid":"542836301",
"parent":"",
"text":"",
"mid":"zAvptqnL3",
"date":"2013-06-08 19:50:21"
},
{
"kids":[],
"uid":"1158912581",
"parent":"",
"text":"#延安女城管# 转发微博 话题详情:http:",
"mid":"zAvlV2G8m",
"date":"2013-06-08 19:41:35"
},
{
"kids":[],
"uid":"3335329482",
"parent":"",
"text":"我也觉得。",
"mid":"zAvlU7ezR",
"date":"2013-06-08 19:41:33"
},
{
"kids":[],
"uid":"1028420020",
"parent":"",
"text":"让转不",
"mid":"zAvkPmQjY",
"date":"2013-06-08 19:38:55"
},
{
"kids":[],
"uid":"2060560803",
"parent":"",
"text":"我也觉得。",
"mid":"zAvjmAuSH",
"date":"2013-06-08 19:35:18"
},
{
"kids":[],
"uid":"2696488220",
"parent":"",
"text":"",
"mid":"zAvi10XZl",
"date":"2013-06-08 19:31:58"
},
{
"kids":[],
"uid":"2615124157",
"parent":"zAv1llXZQ",
"text":"共产裤裆！",
"mid":"zAvdlpJKK",
"date":"2013-06-08 19:20:27"
},
{
"kids":[],
"uid":"1452209117",
"parent":"",
"text":"[围观] 来自话题#延安女城管# http:",
"mid":"zAvd6D6iV",
"date":"2013-06-08 19:19:50"
},
{
"kids":[],
"uid":"2792974955",
"parent":"",
"text":"",
"mid":"zAvbt17Ih",
"date":"2013-06-08 19:15:50"
},
{
"kids":[],
"uid":"3233303272",
"parent":"",
"text":"",
"mid":"zAvbd4BZb",
"date":"2013-06-08 19:15:12"
},
{
"kids":[
"zAAnqlR38"
],
"uid":"3277385974",
"parent":"",
"text":"",
"mid":"zAvb9tyTu",
"date":"2013-06-08 19:15:04"
},
{
"kids":[],
"uid":"2797286125",
"parent":"zAv7E0ZTZ",
"text":"",
"mid":"zAvaP5mQ8",
"date":"2013-06-08 19:14:12"
},
{
"kids":[],
"uid":"hubinatbj",
"parent":"zAv7E0ZTZ",
"text":"",
"mid":"zAvaMtCbw",
"date":"2013-06-08 19:14:07"
},
{
"kids":[],
"uid":"3517638543",
"parent":"",
"text":"#延安女城管# 转发微博 话题详情:http:",
"mid":"zAva5gZFQ",
"date":"2013-06-08 19:12:26"
},
{
"kids":[],
"uid":"2798906275",
"parent":"",
"text":"哎！国家啊社会啊领导啊",
"mid":"zAv9SiT2W",
"date":"2013-06-08 19:11:55"
},
{
"kids":[],
"uid":"wujiahui3368",
"parent":"zAv6i85fq",
"text":"完全暴露……",
"mid":"zAv9oaPdM",
"date":"2013-06-08 19:10:41"
},
{
"kids":[],
"uid":"2475332120",
"parent":"",
"text":"如果真是那女的照片，该暴，刚看了视频，太可恶了",
"mid":"zAv96rRHT",
"date":"2013-06-08 19:10:00"
},
{
"kids":[],
"uid":"526782696",
"parent":"",
"text":"人民群众力量大！",
"mid":"zAv8Orh21",
"date":"2013-06-08 19:09:16"
},
{
"kids":[],
"uid":"1281041672",
"parent":"",
"text":"",
"mid":"zAv8OnVpc",
"date":"2013-06-08 19:09:18"
},
{
"kids":[],
"uid":"2656403451",
"parent":"zAv2ScvIq",
"text":"马赛克太多了。。。",
"mid":"zAv8feYIt",
"date":"2013-06-08 19:07:54"
},
{
"kids":[],
"uid":"lotuslandhostel",
"parent":"",
"text":"",
"mid":"zAv7SuDvu",
"date":"2013-06-08 19:06:58"
},
{
"kids":[
"zAvaP5mQ8",
"zAvaMtCbw"
],
"uid":"folkvalley",
"parent":"zAv6i85fq",
"text":"求哪里能下载原版",
"mid":"zAv7E0ZTZ",
"date":"2013-06-08 19:06:25"
},
{
"kids":[],
"uid":"637012147",
"parent":"",
"text":"我也觉得。",
"mid":"zAv6o1b0u",
"date":"2013-06-08 19:03:16"
},
{
"kids":[
"zAvDNEMjT",
"zAvaP5mQ8",
"zAvaMtCbw",
"zAv9oaPdM",
"zAv7E0ZTZ"
],
"uid":"cnbfans",
"parent":"zAv47lW1j",
"text":"你这不是暴露了下载那文件了...[嘻嘻]",
"mid":"zAv6i85fq",
"date":"2013-06-08 19:03:04"
},
{
"kids":[],
"uid":"2545375465",
"parent":"zAv1llXZQ",
"text":"",
"mid":"zAv5xoTHK",
"date":"2013-06-08 19:01:12"
},
{
"kids":[],
"uid":"3302624161",
"parent":"",
"text":"",
"mid":"zAv52ogpA",
"date":"2013-06-08 18:59:57"
},
{
"kids":[],
"uid":"huangzuobin",
"parent":"",
"text":"不是同一人吧",
"mid":"zAv4TdAy8",
"date":"2013-06-08 18:59:39"
},
{
"kids":[],
"uid":"3211007831",
"parent":"",
"text":"#延安女城管# 转发微博 话题详情:http:",
"mid":"zAv4fDoNi",
"date":"2013-06-08 18:58:03"
},
{
"kids":[],
"uid":"2972964505",
"parent":"",
"text":"风流少妇，上了领导的床了吧！",
"mid":"zAv4bdBpM",
"date":"2013-06-08 18:57:52"
},
{
"kids":[
"zAvDNEMjT",
"zAvaP5mQ8",
"zAvaMtCbw",
"zAv9oaPdM",
"zAv7E0ZTZ",
"zAv6i85fq"
],
"uid":"fbicia007",
"parent":"zAus4rn7l",
"text":"都说了这个是假的了，不要以讹传讹！下载的文件中，有175M共83张照片，有868M共41分钟的视频。根据这些照片的E X IF信息，照片拍摄于20 0 7年10月27日，照片中的日历、电脑桌面等也是韩语",
"mid":"zAv47lW1j",
"date":"2013-06-08 18:57:44"
},
{
"kids":[],
"uid":"3146950194",
"parent":"",
"text":"干嘛要花纳税人的钱成立这么一个欺压纳税人的组织",
"mid":"zAv3nwN5b",
"date":"2013-06-08 18:55:53"
},
{
"kids":[
"zAv8feYIt"
],
"uid":"2731248821",
"parent":"",
"text":"#延安女城管# 转发微博 话题详情:http:",
"mid":"zAv2ScvIq",
"date":"2013-06-08 18:54:40"
},
{
"kids":[],
"uid":"2609622607",
"parent":"zAv0sqMpW",
"text":"",
"mid":"zAv2d7XRu",
"date":"2013-06-08 18:53:05"
},
{
"kids":[],
"uid":"3174958661",
"parent":"",
"text":"",
"mid":"zAv1E2iAt",
"date":"2013-06-08 18:51:36"
},
{
"kids":[
"zAvKbn7Xf",
"zAvdlpJKK",
"zAv5xoTHK"
],
"uid":"712073331",
"parent":"zAumGe4cM",
"text":"不火对不起这活和制服呀[偷笑]",
"mid":"zAv1llXZQ",
"date":"2013-06-08 18:50:52"
},
{
"kids":[],
"uid":"longwei668",
"parent":"",
"text":"#延安女城管被人肉# 原来是妓者，难怪这么屌！ 详情:http:",
"mid":"zAv14fuHT",
"date":"2013-06-08 18:50:11"
},
{
"kids":[],
"uid":"517827764",
"parent":"zAumGe4cM",
"text":"我也觉得。",
"mid":"zAv0yBYMo",
"date":"2013-06-08 18:48:59"
},
{
"kids":[
"zAw7CEAjZ",
"zAv2d7XRu"
],
"uid":"234437389",
"parent":"zAuz1hFxU",
"text":"难怪她老公脾气不好，原来她在吃野货，[嘻嘻][嘻嘻]看清楚了，她老公的体型可不象哦！",
"mid":"zAv0sqMpW",
"date":"2013-06-08 18:48:41"
},
{
"kids":[],
"uid":"58847yangyang",
"parent":"",
"text":"",
"mid":"zAv0bxhRI",
"date":"2013-06-08 18:48:03"
},
{
"kids":[
"zAvwYfJrG"
],
"uid":"316368555",
"parent":"",
"text":"艳照都出来了，还装什么纯洁，继续让领导操得了，别要死要活的。你爽了，人家也爽了，就他妈苦了让你们这群逼欺负的群众们。",
"mid":"zAv06i27c",
"date":"2013-06-08 18:47:51"
},
{
"kids":[
"zAvzrAMvS"
],
"uid":"2374839724",
"parent":"",
"text":"微薄好强大。@扭曲的小肥肉 @迷失妖妖____ @用西瓜撞人",
"mid":"zAuYj9CxZ",
"date":"2013-06-08 18:43:25"
},
{
"kids":[],
"uid":"2416914015",
"parent":"",
"text":"#延安女城管# 挖槽~ 这都搜出来了 详情:http:",
"mid":"zAuXnxRot",
"date":"2013-06-08 18:41:08"
},
{
"kids":[],
"uid":"lvyezhu",
"parent":"",
"text":"[吃惊]",
"mid":"zAuX4Ab1x",
"date":"2013-06-08 18:40:23"
},
{
"kids":[],
"uid":"1842304820",
"parent":"",
"text":"",
"mid":"zAuVjibbB",
"date":"2013-06-08 18:36:01"
},
{
"kids":[],
"uid":"2364285225",
"parent":"zAus4rn7l",
"text":"@籿錵",
"mid":"zAuVgCrpg",
"date":"2013-06-08 18:35:54"
},
{
"kids":[],
"uid":"3151658224",
"parent":"zAuyme6ob",
"text":"",
"mid":"zAuTr9Sxu",
"date":"2013-06-08 18:31:25"
},
{
"kids":[],
"uid":"1842828745",
"parent":"",
"text":"垃圾",
"mid":"zAuSKAU2x",
"date":"2013-06-08 18:29:42"
},
{
"kids":[],
"uid":"3277084622",
"parent":"",
"text":"",
"mid":"zAuRUB8oo",
"date":"2013-06-08 18:27:40"
},
{
"kids":[],
"uid":"2642607860",
"parent":"",
"text":"真美",
"mid":"zAuRDb7KF",
"date":"2013-06-08 18:26:56"
},
{
"kids":[],
"uid":"3284623645",
"parent":"",
"text":"",
"mid":"zAuRxgra5",
"date":"2013-06-08 18:26:42"
},
{
"kids":[],
"uid":"1605738755",
"parent":"",
"text":"相册被破解。搞笑了点吧。。。",
"mid":"zAuR37Osx",
"date":"2013-06-08 18:25:32"
},
{
"kids":[],
"uid":"2280181901",
"parent":"",
"text":"暴叼",
"mid":"zAuQO4BVB",
"date":"2013-06-08 18:24:55"
},
{
"kids":[],
"uid":"631678717",
"parent":"zAufpCjtf",
"text":"",
"mid":"zAuPYiw24",
"date":"2013-06-08 18:22:53"
},
{
"kids":[],
"uid":"3250913655",
"parent":"",
"text":"喽啰嗦",
"mid":"zAuPFqqeC",
"date":"2013-06-08 18:22:08"
},
{
"kids":[],
"uid":"michelleygmer",
"parent":"zAujmxhM4",
"text":"火",
"mid":"zAuP3iAKd",
"date":"2013-06-08 18:20:37"
},
{
"kids":[
"zAATa3tvt",
"zAAIK7krW"
],
"uid":"3452373052",
"parent":"",
"text":"",
"mid":"zAuOHqLen",
"date":"2013-06-08 18:19:44"
},
{
"kids":[],
"uid":"2163505194",
"parent":"zAumGe4cM",
"text":"草榴去收",
"mid":"zAuNzngNv",
"date":"2013-06-08 18:16:55"
},
{
"kids":[],
"uid":"2006523085",
"parent":"",
"text":"火了！",
"mid":"zAuNmn7lF",
"date":"2013-06-08 18:16:27"
},
{
"kids":[],
"uid":"1732052012",
"parent":"",
"text":"有故事的人！这回傻了吧！:O",
"mid":"zAuMYchjf",
"date":"2013-06-08 18:15:28"
},
{
"kids":[],
"uid":"1020726212",
"parent":"",
"text":"垃圾，污染空气。。。",
"mid":"zAuMm5Xoz",
"date":"2013-06-08 18:13:58"
},
{
"kids":[],
"uid":"3173055750",
"parent":"zAuyme6ob",
"text":"这个东西太坏了",
"mid":"zAuM5vCML",
"date":"2013-06-08 18:13:19"
},
{
"kids":[],
"uid":"2009675753",
"parent":"zAuyAn8Qk",
"text":"真的有艳照啊！[汗]",
"mid":"zAuJTzR0N",
"date":"2013-06-08 18:07:52"
},
{
"kids":[
"A1I2rfm54"
],
"uid":"1822165724",
"parent":"",
"text":"",
"mid":"zAuINAMWh",
"date":"2013-06-08 18:05:13"
},
{
"kids":[],
"uid":"glw205",
"parent":"zAuHpjwKX",
"text":"真的假的？延安真是爆大了！",
"mid":"zAuIJcJex",
"date":"2013-06-08 18:05:02"
},
{
"kids":[],
"uid":"1171758604",
"parent":"",
"text":"跟郭美美有的一拼。",
"mid":"zAuIuq1ng",
"date":"2013-06-08 18:04:27"
},
{
"kids":[],
"uid":"1750982100",
"parent":"",
"text":"假的吧！",
"mid":"zAuHNhaOw",
"date":"2013-06-08 18:02:43"
},
{
"kids":[
"zAuIJcJex"
],
"uid":"716681123",
"parent":"zAuzSr27q",
"text":"",
"mid":"zAuHpjwKX",
"date":"2013-06-08 18:01:47"
},
{
"kids":[],
"uid":"3261056000",
"parent":"",
"text":"",
"mid":"zAuH8dzqy",
"date":"2013-06-08 18:01:06"
},
{
"kids":[],
"uid":"1865954807",
"parent":"zAuCRpuFa",
"text":"流氓[哈哈]",
"mid":"zAuFR1l1S",
"date":"2013-06-08 17:57:57"
},
{
"kids":[],
"uid":"1880461362",
"parent":"",
"text":"真牛",
"mid":"zAuFjjJ6Z",
"date":"2013-06-08 17:56:37"
},
{
"kids":[],
"uid":"1580845594",
"parent":"",
"text":"",
"mid":"zAuDx5BVX",
"date":"2013-06-08 17:52:14"
},
{
"kids":[
"zAuFR1l1S"
],
"uid":"hhdf",
"parent":"zAubK5wVI",
"text":"求无码大图",
"mid":"zAuCRpuFa",
"date":"2013-06-08 17:50:34"
},
{
"kids":[],
"uid":"3131969102",
"parent":"zAuwmlOd4",
"text":"人肉太厉害了[馋嘴]",
"mid":"zAuCdhbGN",
"date":"2013-06-08 17:48:59"
},
{
"kids":[],
"uid":"3340680622",
"parent":"",
"text":"",
"mid":"zAuAwBhZr",
"date":"2013-06-08 17:44:48"
},
{
"kids":[],
"uid":"2315464054",
"parent":"zAux6cKhj",
"text":"",
"mid":"zAuAlnChq",
"date":"2013-06-08 17:44:21"
},
{
"kids":[],
"uid":"2109282502",
"parent":"",
"text":"",
"mid":"zAuAkvqmX",
"date":"2013-06-08 17:44:18"
},
{
"kids":[
"zAuIJcJex",
"zAuHpjwKX"
],
"uid":"716681123",
"parent":"zAuz1hFxU",
"text":"",
"mid":"zAuzSr27q",
"date":"2013-06-08 17:43:14"
},
{
"kids":[],
"uid":"2957919980",
"parent":"",
"text":"难得一见",
"mid":"zAuzEhd5h",
"date":"2013-06-08 17:42:40"
},
{
"kids":[
"zAw7CEAjZ",
"zAv2d7XRu",
"zAv0sqMpW",
"zAuIJcJex",
"zAuHpjwKX",
"zAuzSr27q"
],
"uid":"678143736",
"parent":"",
"text":"[吃惊][鄙视][偷笑][挖鼻屎][哈哈]",
"mid":"zAuz1hFxU",
"date":"2013-06-08 17:41:07"
},
{
"kids":[],
"uid":"1956310481",
"parent":"zAux6cKhj",
"text":"",
"mid":"zAuyKqRNO",
"date":"2013-06-08 17:40:26"
},
{
"kids":[
"zAuJTzR0N"
],
"uid":"51687097",
"parent":"zAuuCyapw",
"text":"逆天啦！~",
"mid":"zAuyAn8Qk",
"date":"2013-06-08 17:40:03"
},
{
"kids":[
"zAw8waRmZ",
"zAvvorUTW",
"zAuTr9Sxu",
"zAuM5vCML"
],
"uid":"jat8888",
"parent":"",
"text":"#延安女城管# 。。。。。 详情:http:",
"mid":"zAuyme6ob",
"date":"2013-06-08 17:39:28"
},
{
"kids":[],
"uid":"1845605284",
"parent":"",
"text":"",
"mid":"zAuyevKBD",
"date":"2013-06-08 17:39:09"
},
{
"kids":[],
"uid":"345382512",
"parent":"zAus4rn7l",
"text":"",
"mid":"zAuydBLa1",
"date":"2013-06-08 17:39:09"
},
{
"kids":[],
"uid":"abangsoft",
"parent":"zAuwmlOd4",
"text":"以前有高级黑，这属于高级挺么？",
"mid":"zAuxPFxMo",
"date":"2013-06-08 17:38:14"
},
{
"kids":[
"zAuAlnChq",
"zAuyKqRNO"
],
"uid":"1805199194",
"parent":"zAus4rn7l",
"text":"吊",
"mid":"zAux6cKhj",
"date":"2013-06-08 17:36:23"
},
{
"kids":[],
"uid":"2269356101",
"parent":"zAurTcDpH",
"text":"",
"mid":"zAuwXjfyp",
"date":"2013-06-08 17:36:02"
},
{
"kids":[
"zAuCdhbGN",
"zAuxPFxMo"
],
"uid":"241387571",
"parent":"",
"text":"#延安女城管# [衰]白天打人，晚上吃人。 详情:http:",
"mid":"zAuwmlOd4",
"date":"2013-06-08 17:34:34"
},
{
"kids":[],
"uid":"2269356101",
"parent":"zAurTcDpH",
"text":"城管的同志们辛苦了！。。。。为人民服务！",
"mid":"zAuve22uS",
"date":"2013-06-08 17:31:46"
},
{
"kids":[],
"uid":"1925173930",
"parent":"",
"text":"[哈哈]网友是强大的",
"mid":"zAuvdbVZH",
"date":"2013-06-08 17:31:44"
},
{
"kids":[],
"uid":"1759055927",
"parent":"zAus4rn7l",
"text":"",
"mid":"zAuuV8ju2",
"date":"2013-06-08 17:31:01"
},
{
"kids":[
"zAuJTzR0N",
"zAuyAn8Qk"
],
"uid":"leon12163868",
"parent":"zAus4rn7l",
"text":"这是要逆天啊[嘻嘻]",
"mid":"zAuuCyapw",
"date":"2013-06-08 17:30:17"
},
{
"kids":[],
"uid":"adammong1",
"parent":"",
"text":"牛！",
"mid":"zAuuyEzoz",
"date":"2013-06-08 17:30:07"
},
{
"kids":[],
"uid":"bonbonwedding",
"parent":"",
"text":"[衰][衰][衰]这。。。。",
"mid":"zAutQEi8k",
"date":"2013-06-08 17:28:23"
},
{
"kids":[],
"uid":"3247852150",
"parent":"",
"text":"#延安女城管# 转发微博 话题详情:http:",
"mid":"zAutLmsfI",
"date":"2013-06-08 17:28:09"
},
{
"kids":[],
"uid":"oulianghong",
"parent":"",
"text":"#延安女城管# 诶。 有时候 也应该考虑一下 当事人的感受。 虽然此城管女 是蛮横执法 让民公不满。 但是 这样公然 将其个人隐私如此公布，不等于比她更加无理？ 泄恨虽然有，但是 方法可是要注意一下哦 详情:http:",
"mid":"zAus8hXvv",
"date":"2013-06-08 17:24:09"
},
{
"kids":[
"zAwHT2bax",
"zAw12wFb0",
"zAvDNEMjT",
"zAvaP5mQ8",
"zAvaMtCbw",
"zAv9oaPdM",
"zAv7E0ZTZ",
"zAv6i85fq",
"zAv47lW1j",
"zAuVgCrpg",
"zAuJTzR0N",
"zAuAlnChq",
"zAuyKqRNO",
"zAuyAn8Qk",
"zAuydBLa1",
"zAux6cKhj",
"zAuuV8ju2",
"zAuuCyapw"
],
"uid":"cnbfans",
"parent":"zAujmxhM4",
"text":"牛！",
"mid":"zAus4rn7l",
"date":"2013-06-08 17:24:00"
},
{
"kids":[
"zAuwXjfyp",
"zAuve22uS"
],
"uid":"2441366327",
"parent":"",
"text":"",
"mid":"zAurTcDpH",
"date":"2013-06-08 17:23:32"
},
{
"kids":[],
"uid":"1187915712",
"parent":"",
"text":"[吃惊][吃惊][吃惊]伤不起，伤不起！！！",
"mid":"zAuqEFVbG",
"date":"2013-06-08 17:20:29"
},
{
"kids":[],
"uid":"2646376887",
"parent":"",
"text":"肉肉不少",
"mid":"zAuqoanqU",
"date":"2013-06-08 17:19:51"
},
{
"kids":[],
"uid":"1759713321",
"parent":"",
"text":"",
"mid":"zAupQ8s4Z",
"date":"2013-06-08 17:18:30"
},
{
"kids":[],
"uid":"2571086913",
"parent":"",
"text":"我们的朋友叫网友：谁敢欺负我们，网友就叫他灭亡！[威武]",
"mid":"zAuprknjZ",
"date":"2013-06-08 17:17:31"
},
{
"kids":[],
"uid":"2708719850",
"parent":"",
"text":"要火",
"mid":"zAup4h7RS",
"date":"2013-06-08 17:16:36"
},
{
"kids":[],
"uid":"mio77",
"parent":"zAumGe4cM",
"text":"",
"mid":"zAunQBUyf",
"date":"2013-06-08 17:13:36"
},
{
"kids":[
"zAvKbn7Xf",
"zAvdlpJKK",
"zAv5xoTHK",
"zAv1llXZQ",
"zAv0yBYMo",
"zAuNzngNv",
"zAunQBUyf"
],
"uid":"517827764",
"parent":"zAujmxhM4",
"text":"要火",
"mid":"zAumGe4cM",
"date":"2013-06-08 17:10:41"
},
{
"kids":[],
"uid":"2819186002",
"parent":"",
"text":"人肉太厉害了 此女要火呀",
"mid":"zAulTsmJ3",
"date":"2013-06-08 17:08:47"
},
{
"kids":[],
"uid":"2211460777",
"parent":"",
"text":"",
"mid":"zAulz6es5",
"date":"2013-06-08 17:07:59"
},
{
"kids":[],
"uid":"208251117",
"parent":"",
"text":"呃..虽然她很讨厌，但图不是她的就不是她的",
"mid":"zAukRDzaI",
"date":"2013-06-08 17:06:13"
},
{
"kids":[],
"uid":"sjtm",
"parent":"zAufO8Di3",
"text":"网友太牛了[哈哈]",
"mid":"zAujStnn7",
"date":"2013-06-08 17:03:50"
},
{
"kids":[],
"uid":"2709390902",
"parent":"zAuhLxuJz",
"text":"性服生活万年长",
"mid":"zAujFbCGe",
"date":"2013-06-08 17:03:17"
},
{
"kids":[
"zAwHT2bax",
"zAw12wFb0",
"zAvKbn7Xf",
"zAvDNEMjT",
"zAvdlpJKK",
"zAvaP5mQ8",
"zAvaMtCbw",
"zAv9oaPdM",
"zAv7E0ZTZ",
"zAv6i85fq",
"zAv5xoTHK",
"zAv47lW1j",
"zAv1llXZQ",
"zAv0yBYMo",
"zAuVgCrpg",
"zAuP3iAKd",
"zAuNzngNv",
"zAuJTzR0N",
"zAuAlnChq",
"zAuyKqRNO",
"zAuyAn8Qk",
"zAuydBLa1",
"zAux6cKhj",
"zAuuV8ju2",
"zAuuCyapw",
"zAus4rn7l",
"zAunQBUyf",
"zAumGe4cM"
],
"uid":"316583335",
"parent":"zAufO8Di3",
"text":"我草 这个牛了[哈哈]",
"mid":"zAujmxhM4",
"date":"2013-06-08 17:02:32"
},
{
"kids":[],
"uid":"3286342875",
"parent":"",
"text":"历害",
"mid":"zAuiV7f0f",
"date":"2013-06-08 17:01:25"
},
{
"kids":[
"zAujFbCGe"
],
"uid":"2081162865",
"parent":"zAufpCjtf",
"text":"这个女人挺肥，口教训练吃香肠和谐特色！此博肯定不保！",
"mid":"zAuhLxuJz",
"date":"2013-06-08 16:58:34"
},
{
"kids":[],
"uid":"2747281243",
"parent":"",
"text":"",
"mid":"zAug2D8Vg",
"date":"2013-06-08 16:54:23"
},
{
"kids":[],
"uid":"3214461615",
"parent":"zAufpCjtf",
"text":"",
"mid":"zAufZoccZ",
"date":"2013-06-08 16:54:13"
},
{
"kids":[],
"uid":"2343219583",
"parent":"",
"text":"哇靠。",
"mid":"zAufX1e6T",
"date":"2013-06-08 16:54:09"
},
{
"kids":[
"zAwHT2bax",
"zAw12wFb0",
"zAvKbn7Xf",
"zAvDNEMjT",
"zAvdlpJKK",
"zAvaP5mQ8",
"zAvaMtCbw",
"zAv9oaPdM",
"zAv7E0ZTZ",
"zAv6i85fq",
"zAv5xoTHK",
"zAv47lW1j",
"zAv1llXZQ",
"zAv0yBYMo",
"zAuVgCrpg",
"zAuP3iAKd",
"zAuNzngNv",
"zAuJTzR0N",
"zAuAlnChq",
"zAuyKqRNO",
"zAuyAn8Qk",
"zAuydBLa1",
"zAux6cKhj",
"zAuuV8ju2",
"zAuuCyapw",
"zAus4rn7l",
"zAunQBUyf",
"zAumGe4cM",
"zAujStnn7",
"zAujmxhM4"
],
"uid":"712073331",
"parent":"zAu6aktAA",
"text":"要火我擦",
"mid":"zAufO8Di3",
"date":"2013-06-08 16:53:45"
},
{
"kids":[
"zAuPYiw24",
"zAujFbCGe",
"zAuhLxuJz",
"zAufZoccZ"
],
"uid":"heai727604050710fn",
"parent":"zAu8ugWfp",
"text":"",
"mid":"zAufpCjtf",
"date":"2013-06-08 16:52:47"
},
{
"kids":[],
"uid":"cdjhwin",
"parent":"zAubFlIIt",
"text":"网友相当强大，不过看点不多",
"mid":"zAueR2xBC",
"date":"2013-06-08 16:51:24"
},
{
"kids":[],
"uid":"VChinaDream",
"parent":"",
"text":"媒体监督",
"mid":"zAudt4Wsm",
"date":"2013-06-08 16:48:01"
},
{
"kids":[
"zAuFR1l1S",
"zAuCRpuFa"
],
"uid":"xynbnbjx",
"parent":"zAu6aktAA",
"text":"让你撒泼打滚 让你欺负人 让你干坏事 不过业务还挺熟练",
"mid":"zAubK5wVI",
"date":"2013-06-08 16:43:46"
},
{
"kids":[
"zAueR2xBC"
],
"uid":"3092659470",
"parent":"",
"text":"",
"mid":"zAubFlIIt",
"date":"2013-06-08 16:43:35"
},
{
"kids":[],
"uid":"1110778481",
"parent":"zAu6aktAA",
"text":"厉害",
"mid":"zAuanxat0",
"date":"2013-06-08 16:40:25"
},
{
"kids":[],
"uid":"3256959360",
"parent":"",
"text":"荡啊",
"mid":"zAua2BGlm",
"date":"2013-06-08 16:39:36"
},
{
"kids":[],
"uid":"1955384894",
"parent":"zAu6aktAA",
"text":"",
"mid":"zAu9bo3g2",
"date":"2013-06-08 16:37:26"
},
{
"kids":[
"zAuPYiw24",
"zAujFbCGe",
"zAuhLxuJz",
"zAufZoccZ",
"zAufpCjtf"
],
"uid":"2646678770",
"parent":"zAu6aktAA",
"text":"",
"mid":"zAu8ugWfp",
"date":"2013-06-08 16:35:45"
},
{
"kids":[],
"uid":"weijf82711",
"parent":"zAu5u7XPj",
"text":"回复@尚籍:这放远郊县算个头牌得~~~哈哈，怎么也比干灰耗子强啊~~~哎，还让人把生殖器给翻出来了~~~何苦呢，估摸着可能是人家单位里的慰安妇吧？",
"mid":"zAu7xasfd",
"date":"2013-06-08 16:33:24"
},
{
"kids":[],
"uid":"weijf82711",
"parent":"zAu6aktAA",
"text":"[偷笑]城管真会挑临时工哈~~~这家伙内外兼修啊~~~哈哈哈哈",
"mid":"zAu6Li2d8",
"date":"2013-06-08 16:31:30"
},
{
"kids":[
"zAwHT2bax",
"zAw12wFb0",
"zAvKbn7Xf",
"zAvDNEMjT",
"zAvdlpJKK",
"zAvaP5mQ8",
"zAvaMtCbw",
"zAv9oaPdM",
"zAv7E0ZTZ",
"zAv6i85fq",
"zAv5xoTHK",
"zAv47lW1j",
"zAv1llXZQ",
"zAv0yBYMo",
"zAuVgCrpg",
"zAuPYiw24",
"zAuP3iAKd",
"zAuNzngNv",
"zAuJTzR0N",
"zAuFR1l1S",
"zAuCRpuFa",
"zAuAlnChq",
"zAuyKqRNO",
"zAuyAn8Qk",
"zAuydBLa1",
"zAux6cKhj",
"zAuuV8ju2",
"zAuuCyapw",
"zAus4rn7l",
"zAunQBUyf",
"zAumGe4cM",
"zAujStnn7",
"zAujFbCGe",
"zAujmxhM4",
"zAuhLxuJz",
"zAufZoccZ",
"zAufO8Di3",
"zAufpCjtf",
"zAubK5wVI",
"zAuanxat0",
"zAu9bo3g2",
"zAu8ugWfp",
"zAu6Li2d8"
],
"uid":"712073331",
"parent":"zAu5u7XPj",
"text":"人肉太厉害了佩服[good]",
"mid":"zAu6aktAA",
"date":"2013-06-08 16:30:00"
},
{
"kids":[
"zAwHT2bax",
"zAw12wFb0",
"zAvKbn7Xf",
"zAvDNEMjT",
"zAvdlpJKK",
"zAvaP5mQ8",
"zAvaMtCbw",
"zAv9oaPdM",
"zAv7E0ZTZ",
"zAv6i85fq",
"zAv5xoTHK",
"zAv47lW1j",
"zAv1llXZQ",
"zAv0yBYMo",
"zAuVgCrpg",
"zAuPYiw24",
"zAuP3iAKd",
"zAuNzngNv",
"zAuJTzR0N",
"zAuFR1l1S",
"zAuCRpuFa",
"zAuAlnChq",
"zAuyKqRNO",
"zAuyAn8Qk",
"zAuydBLa1",
"zAux6cKhj",
"zAuuV8ju2",
"zAuuCyapw",
"zAus4rn7l",
"zAunQBUyf",
"zAumGe4cM",
"zAujStnn7",
"zAujFbCGe",
"zAujmxhM4",
"zAuhLxuJz",
"zAufZoccZ",
"zAufO8Di3",
"zAufpCjtf",
"zAubK5wVI",
"zAuanxat0",
"zAu9bo3g2",
"zAu8ugWfp",
"zAu7xasfd",
"zAu6Li2d8",
"zAu6aktAA"
],
"uid":"weijf82711",
"parent":"",
"text":"好家伙~~~在*党领导下，现在的公务员都好激情啊~~~@尚籍 对不？！",
"mid":"zAu5u7XPj",
"date":"2013-06-08 16:28:21"
},
{
"kids":[
"zATRoAWQK",
"zATq7d9u2"
],
"uid":"3168782754",
"parent":"",
"text":"可恶",
"mid":"zAtYSi5Bx",
"date":"2013-06-08 16:12:04"
},
{
"kids":[],
"uid":"aymitblog",
"parent":"",
"text":"#延安女城管# 这组照片，早就在论坛上看过了。哈哈哈 自拍板块的 详情:http:",
"mid":"zAtWpu78k",
"date":"2013-06-08 16:05:58"
},
{
"kids":[],
"uid":"2356021891",
"parent":"",
"text":"#延安女城管# 转发微博 话题详情:http:",
"mid":"zAtVu9w7n",
"date":"2013-06-08 16:03:43"
}
]