[
{
"kids":[],
"uid":"1549300221",
"parent":"zvVckvtlP",
"text":"最近总听到这样的事，世道好坏。@我的小苡",
"mid":"A4VEclEzc",
"date":"2013-08-16 02:32:37"
},
{
"kids":[],
"uid":"wilburnwu",
"parent":"zw6PT7i0S",
"text":"@Lily_微笑着等待",
"mid":"zwIObpI3I",
"date":"2013-05-14 22:35:43"
},
{
"kids":[],
"uid":"1853494691",
"parent":"zwqf0xQvD",
"text":"",
"mid":"zwvo7vxZc",
"date":"2013-05-13 12:25:48"
},
{
"kids":[],
"uid":"2177051974",
"parent":"zwkIeaf7d",
"text":"警方不是辟谣说是假的了嘛",
"mid":"zwtGBldV9",
"date":"2013-05-13 08:05:49"
},
{
"kids":[
"zwvo7vxZc"
],
"uid":"hoverworld",
"parent":"zwhRu9qNW",
"text":"这种人该杀！",
"mid":"zwqf0xQvD",
"date":"2013-05-12 23:19:37"
},
{
"kids":[],
"uid":"saki1124",
"parent":"zvXCB75bD",
"text":"妈呀！[吃惊]",
"mid":"zwn8Vlv6W",
"date":"2013-05-12 15:26:23"
},
{
"kids":[
"zwtGBldV9"
],
"uid":"2035081760",
"parent":"zwgJgBDdf",
"text":"@沁愉她爹",
"mid":"zwkIeaf7d",
"date":"2013-05-12 09:15:07"
},
{
"kids":[],
"uid":"niuboyi",
"parent":"zwkybiQ6c",
"text":"",
"mid":"zwkAoDKjk",
"date":"2013-05-12 08:55:50"
},
{
"kids":[],
"uid":"2006417101",
"parent":"zwkw0xe7n",
"text":"神经质外婆[汗]",
"mid":"zwkzSb86w",
"date":"2013-05-12 08:54:32"
},
{
"kids":[
"zwkAoDKjk"
],
"uid":"ecoee",
"parent":"zwkw0xe7n",
"text":"",
"mid":"zwkybiQ6c",
"date":"2013-05-12 08:50:20"
},
{
"kids":[],
"uid":"shsfgl",
"parent":"zwkw0xe7n",
"text":"谣传要付法律责任的",
"mid":"zwkxv0vza",
"date":"2013-05-12 08:48:41"
},
{
"kids":[
"zwkzSb86w",
"zwkybiQ6c",
"zwkxv0vza"
],
"uid":"lingvo",
"parent":"zwifFrVzQ",
"text":"可怕的是谣传，110都去上门调查了，是假的。真相是路人挥手差点碰到那个外婆的脸，外婆回家对女儿讲后被女儿上网编成这样了 http:",
"mid":"zwkw0xe7n",
"date":"2013-05-12 08:45:01"
},
{
"kids":[],
"uid":"1758376043",
"parent":"zwifFrVzQ",
"text":"什么世道!!",
"mid":"zwjtzd60Z",
"date":"2013-05-12 06:06:14"
},
{
"kids":[],
"uid":"2195973702",
"parent":"zwhRu9qNW",
"text":"NND",
"mid":"zwjdJymis",
"date":"2013-05-12 05:27:15"
},
{
"kids":[
"zwkw0xe7n",
"zwjtzd60Z"
],
"uid":"1861765721",
"parent":"zwhRu9qNW",
"text":"太可怕了",
"mid":"zwifFrVzQ",
"date":"2013-05-12 02:59:16"
},
{
"kids":[
"zwqf0xQvD",
"zwjdJymis",
"zwifFrVzQ"
],
"uid":"1401730062",
"parent":"zw6RxF0bh",
"text":"今晚刚从那里走，同样路线，好险呀！[汗]",
"mid":"zwhRu9qNW",
"date":"2013-05-12 01:59:41"
},
{
"kids":[],
"uid":"1920734770",
"parent":"zwgTZeE2i",
"text":"已经辟谣啦",
"mid":"zwh0pwU0t",
"date":"2013-05-11 23:48:56"
},
{
"kids":[
"zwh0pwU0t"
],
"uid":"styleoftong",
"parent":"zwgJgBDdf",
"text":"[汗][汗][汗][汗]",
"mid":"zwgTZeE2i",
"date":"2013-05-11 23:33:06"
},
{
"kids":[
"zwkIeaf7d",
"zwgTZeE2i"
],
"uid":"2392450462",
"parent":"",
"text":"@机身后的红圈 @Nono阿爷",
"mid":"zwgJgBDdf",
"date":"2013-05-11 23:06:41"
},
{
"kids":[],
"uid":"3298002481",
"parent":"",
"text":"真的[吃惊][吃惊][吃惊]",
"mid":"zwgv6blWH",
"date":"2013-05-11 22:31:48"
},
{
"kids":[],
"uid":"snowsirius",
"parent":"",
"text":"",
"mid":"zwbVqbjSw",
"date":"2013-05-11 10:52:54"
},
{
"kids":[],
"uid":"3043285430",
"parent":"zw6PT7i0S",
"text":"@臭蛋的妈妈0420",
"mid":"zwaNK7ciO",
"date":"2013-05-11 08:01:14"
},
{
"kids":[],
"uid":"gottliebtuns",
"parent":"zw7tqcHAq",
"text":"光天化日啊！",
"mid":"zw7z20qZN",
"date":"2013-05-10 23:46:42"
},
{
"kids":[
"zw7z20qZN"
],
"uid":"1996270595",
"parent":"zw6RxF0bh",
"text":"",
"mid":"zw7tqcHAq",
"date":"2013-05-10 23:32:56"
},
{
"kids":[],
"uid":"1882183440",
"parent":"zw6R1bKzy",
"text":"@我是钥匙圈 太可怕了",
"mid":"zw7fRzy0t",
"date":"2013-05-10 22:59:29"
},
{
"kids":[],
"uid":"2196910107",
"parent":"zw6R1bKzy",
"text":"太嚣张了，见一个杀一个",
"mid":"zw6ZZxlGn",
"date":"2013-05-10 22:20:27"
},
{
"kids":[],
"uid":"diovasa",
"parent":"",
"text":"真的假的?抓住了要活杀剥皮抽筋",
"mid":"zw6SalnWC",
"date":"2013-05-10 22:01:09"
},
{
"kids":[
"zwhRu9qNW",
"zw7tqcHAq"
],
"uid":"yaobin123",
"parent":"zw6R1bKzy",
"text":"[吃惊][吃惊]",
"mid":"zw6RxF0bh",
"date":"2013-05-10 21:59:37"
},
{
"kids":[
"zw7fRzy0t",
"zw6ZZxlGn",
"zw6RxF0bh"
],
"uid":"2001168971",
"parent":"",
"text":"出门接小孩要带防身具，谁拐你小孩你就跟谁拼命",
"mid":"zw6R1bKzy",
"date":"2013-05-10 21:58:16"
},
{
"kids":[
"zwIObpI3I",
"zwaNK7ciO"
],
"uid":"fieldxie",
"parent":"zw62VcIq1",
"text":"@能小唐",
"mid":"zw6PT7i0S",
"date":"2013-05-10 21:55:33"
},
{
"kids":[],
"uid":"1730027604",
"parent":"zw0iJ2ju0",
"text":"@65号馋猫",
"mid":"zw6cB6wAL",
"date":"2013-05-10 20:18:42"
},
{
"kids":[
"zw6PT7i0S"
],
"uid":"1901535783",
"parent":"zvUOInJw4",
"text":"回复@华山派Zober:做了爸爸是不同[做鬼脸]",
"mid":"zw62VcIq1",
"date":"2013-05-10 19:54:53"
},
{
"kids":[],
"uid":"nianyg",
"parent":"zw1jK2yZo",
"text":"[生病]",
"mid":"zw3VYiraV",
"date":"2013-05-10 14:32:16"
},
{
"kids":[],
"uid":"2121550042",
"parent":"zvVcasBlQ",
"text":"",
"mid":"zw3KedRnr",
"date":"2013-05-10 14:03:20"
},
{
"kids":[],
"uid":"1727928544",
"parent":"zvSnzFQgK",
"text":"要死啊！！@警民直通车-上海 @警民直通车_杨浦 @陈士渠",
"mid":"zw36obdUI",
"date":"2013-05-10 12:25:11"
},
{
"kids":[],
"uid":"1919038877",
"parent":"zw2gtFGJ1",
"text":"[怒]",
"mid":"zw2lipJPO",
"date":"2013-05-10 10:29:09"
},
{
"kids":[],
"uid":"1882304422",
"parent":"zw2gtFGJ1",
"text":"",
"mid":"zw2i5xL6b",
"date":"2013-05-10 10:21:17"
},
{
"kids":[],
"uid":"casperpei",
"parent":"zw1mf9NEj",
"text":"",
"mid":"zw2hmkZr2",
"date":"2013-05-10 10:19:29"
},
{
"kids":[
"zw2lipJPO",
"zw2i5xL6b"
],
"uid":"MBAyanjiaolian",
"parent":"",
"text":"转发",
"mid":"zw2gtFGJ1",
"date":"2013-05-10 10:17:19"
},
{
"kids":[],
"uid":"1871739114",
"parent":"",
"text":"@L-sushi-Y",
"mid":"zw21u4gCI",
"date":"2013-05-10 09:40:21"
},
{
"kids":[],
"uid":"2679785140",
"parent":"zvX1bsIIc",
"text":"传统说要有根,现实说要养老,政府说要独生,有困难的说买一个",
"mid":"zw21pAzHH",
"date":"2013-05-10 09:40:11"
},
{
"kids":[],
"uid":"1871739114",
"parent":"",
"text":"",
"mid":"zw21pkrJg",
"date":"2013-05-10 09:40:10"
},
{
"kids":[],
"uid":"1904393662",
"parent":"zvTjQmty5",
"text":"外婆万岁！",
"mid":"zw20QrJW7",
"date":"2013-05-10 09:38:48"
},
{
"kids":[],
"uid":"2536678580",
"parent":"zw1jK2yZo",
"text":"上海也变不安全啦[吃惊]？",
"mid":"zw1QEqa9P",
"date":"2013-05-10 09:13:40"
},
{
"kids":[],
"uid":"2287823101",
"parent":"zw1jK2yZo",
"text":"[怒]",
"mid":"zw1r8DFhc",
"date":"2013-05-10 08:10:49"
},
{
"kids":[
"zw2hmkZr2"
],
"uid":"176553434",
"parent":"",
"text":"报警了吗？你没中招不代表别人不会中招",
"mid":"zw1mf9NEj",
"date":"2013-05-10 07:58:45"
},
{
"kids":[
"zw3VYiraV",
"zw1QEqa9P",
"zw1r8DFhc"
],
"uid":"enzoo",
"parent":"zvZcb0x70",
"text":"黄兴路国权路[吃惊]",
"mid":"zw1jK2yZo",
"date":"2013-05-10 07:52:36"
},
{
"kids":[],
"uid":"2182114973",
"parent":"zvXwgo0Fg",
"text":"[怒]",
"mid":"zw17pkcIt",
"date":"2013-05-10 07:22:13"
},
{
"kids":[],
"uid":"3214744330",
"parent":"zvSnzFQgK",
"text":"@上海发布  还没辟谣么",
"mid":"zw11uAt9X",
"date":"2013-05-10 07:07:39"
},
{
"kids":[
"zw6cB6wAL"
],
"uid":"1039000047",
"parent":"zvSMkdYP7",
"text":"我日，抓住凌迟",
"mid":"zw0iJ2ju0",
"date":"2013-05-10 05:17:21"
},
{
"kids":[
"zw1jK2yZo"
],
"uid":"1875312422",
"parent":"",
"text":"",
"mid":"zvZcb0x70",
"date":"2013-05-10 02:28:28"
},
{
"kids":[],
"uid":"1584115027",
"parent":"zvWQ4osWt",
"text":"这么恐怖。。。要两个人接孩子!",
"mid":"zvYRhzy8G",
"date":"2013-05-10 01:37:00"
},
{
"kids":[],
"uid":"auntiefanny",
"parent":"zvXF7E1KD",
"text":"要死快了[怒]",
"mid":"zvYfWFlgZ",
"date":"2013-05-10 00:05:01"
},
{
"kids":[],
"uid":"1065293144",
"parent":"zvW49x0Kf",
"text":"",
"mid":"zvY7sEb9o",
"date":"2013-05-09 23:44:06"
},
{
"kids":[],
"uid":"jpch",
"parent":"zvSgZiKDz",
"text":"",
"mid":"zvY4OneKV",
"date":"2013-05-09 23:37:32"
},
{
"kids":[],
"uid":"2543530982",
"parent":"zvStf1Jqj",
"text":"@davis-彬",
"mid":"zvY3FrnkX",
"date":"2013-05-09 23:34:46"
},
{
"kids":[],
"uid":"2200384010",
"parent":"zvSyxBvmv",
"text":"太猖狂了[怒骂]",
"mid":"zvY2J0vjg",
"date":"2013-05-09 23:32:26"
},
{
"kids":[],
"uid":"1486989953",
"parent":"",
"text":"不会吧！！[吃惊]",
"mid":"zvXQX6q1K",
"date":"2013-05-09 23:03:25"
},
{
"kids":[],
"uid":"1596793427",
"parent":"",
"text":"@莎兰德丽",
"mid":"zvXNEDpCz",
"date":"2013-05-09 22:55:17"
},
{
"kids":[],
"uid":"1854835583",
"parent":"zvVD6gCdz",
"text":"[怒]",
"mid":"zvXLbzJ5n",
"date":"2013-05-09 22:49:11"
},
{
"kids":[],
"uid":"2190343964",
"parent":"",
"text":"[汗]",
"mid":"zvXGRhfOz",
"date":"2013-05-09 22:38:33"
},
{
"kids":[
"zvYfWFlgZ"
],
"uid":"2268352162",
"parent":"zvXCB75bD",
"text":"大家当心点了",
"mid":"zvXF7E1KD",
"date":"2013-05-09 22:34:18"
},
{
"kids":[
"zwn8Vlv6W",
"zvXF7E1KD"
],
"uid":"yolandlailai",
"parent":"zvUuXvzwt",
"text":"现在嘎哈宁啦[衰]",
"mid":"zvXCB75bD",
"date":"2013-05-09 22:28:04"
},
{
"kids":[
"zw17pkcIt"
],
"uid":"1811437607",
"parent":"zvWpK5qK4",
"text":"[怒]",
"mid":"zvXwgo0Fg",
"date":"2013-05-09 22:12:26"
},
{
"kids":[],
"uid":"2095364973",
"parent":"",
"text":"介尼玛中国还有一方净土不？",
"mid":"zvXs4B8mb",
"date":"2013-05-09 22:02:08"
},
{
"kids":[],
"uid":"1925376345",
"parent":"zvStf1Jqj",
"text":"",
"mid":"zvXmjFgin",
"date":"2013-05-09 21:47:57"
},
{
"kids":[],
"uid":"1817843887",
"parent":"zvX4096A7",
"text":"[怒][抓狂][怒][抓狂][怒]",
"mid":"zvXgW5y6d",
"date":"2013-05-09 21:34:40"
},
{
"kids":[],
"uid":"2310614097",
"parent":"zvTQ54AAJ",
"text":"这么热闹的地方也敢下手，真是无法无天了[怒][愤怒]",
"mid":"zvX5zlRxS",
"date":"2013-05-09 21:06:42"
},
{
"kids":[
"zvXgW5y6d"
],
"uid":"1405843865",
"parent":"zvWOD8n0v",
"text":"又会有人出来辟谣说没这种迷药。/@揭幕式庄:",
"mid":"zvX4096A7",
"date":"2013-05-09 21:02:49"
},
{
"kids":[],
"uid":"2548983370",
"parent":"zvWYFsbMS",
"text":"要注意安全!",
"mid":"zvX29rG15",
"date":"2013-05-09 20:58:18"
},
{
"kids":[],
"uid":"1465837307",
"parent":"zvSgz4d52",
"text":"[话筒]大家注意",
"mid":"zvX1Bbznx",
"date":"2013-05-09 20:56:52"
},
{
"kids":[
"zw21pAzHH"
],
"uid":"1418027247",
"parent":"zvWQ4osWt",
"text":"你这是肉食者思维啊，我朝家庭年收入不足万的起码数亿吧",
"mid":"zvX1bsIIc",
"date":"2013-05-09 20:55:54"
},
{
"kids":[
"zvX29rG15"
],
"uid":"2653040294",
"parent":"",
"text":"转发：家长们注意，人贩子已经越来越不讲究技术含量了！",
"mid":"zvWYFsbMS",
"date":"2013-05-09 20:49:43"
},
{
"kids":[],
"uid":"2104872445",
"parent":"zvWBvlL0y",
"text":"",
"mid":"zvWUSeM6L",
"date":"2013-05-09 20:40:19"
},
{
"kids":[],
"uid":"1768191207",
"parent":"",
"text":"畜生怎么不死绝呢！！",
"mid":"zvWTWlEcm",
"date":"2013-05-09 20:38:04"
},
{
"kids":[],
"uid":"2154794624",
"parent":"zvWEenVPF",
"text":"[怒][怒]娘的，杀无赦",
"mid":"zvWReazXK",
"date":"2013-05-09 20:31:22"
},
{
"kids":[
"zvYRhzy8G",
"zvX1bsIIc"
],
"uid":"1845839054",
"parent":"zvWpK5qK4",
"text":"怎么就有那么多人要买孩子呢，泥马生不出做个试管也没多少钱[怒]",
"mid":"zvWQ4osWt",
"date":"2013-05-09 20:28:29"
},
{
"kids":[],
"uid":"miaojm",
"parent":"zvW49x0Kf",
"text":"@cwaar",
"mid":"zvWQ1r7FU",
"date":"2013-05-09 20:28:22"
},
{
"kids":[
"zvX4096A7"
],
"uid":"1746260950",
"parent":"zvWBvlL0y",
"text":"",
"mid":"zvWOD8n0v",
"date":"2013-05-09 20:24:56"
},
{
"kids":[],
"uid":"1968565355",
"parent":"",
"text":"[衰]",
"mid":"zvWJDaOU8",
"date":"2013-05-09 20:12:38"
},
{
"kids":[
"zvWReazXK"
],
"uid":"1990572095",
"parent":"zvWBvlL0y",
"text":"离家好近啊，出行要小心@无欲则刚都有人抢",
"mid":"zvWEenVPF",
"date":"2013-05-09 19:59:18"
},
{
"kids":[],
"uid":"nimafuyun",
"parent":"zvShz7MX1",
"text":"",
"mid":"zvWDJBuPD",
"date":"2013-05-09 19:58:05"
},
{
"kids":[
"zvWUSeM6L",
"zvWOD8n0v",
"zvWEenVPF"
],
"uid":"wangjunfd",
"parent":"",
"text":"@平安上海 你管不？",
"mid":"zvWBvlL0y",
"date":"2013-05-09 19:52:38"
},
{
"kids":[],
"uid":"2069097122",
"parent":"zvTG9gnq3",
"text":"",
"mid":"zvWxdqvjj",
"date":"2013-05-09 19:42:04"
},
{
"kids":[
"zvXwgo0Fg",
"zvWQ4osWt"
],
"uid":"1612599651",
"parent":"zvTqcyN8C",
"text":"[衰][衰]这么恐怖",
"mid":"zvWpK5qK4",
"date":"2013-05-09 19:23:39"
},
{
"kids":[],
"uid":"1662171697",
"parent":"zvVD6gCdz",
"text":"[怒]",
"mid":"zvWmRkVdB",
"date":"2013-05-09 19:16:32"
},
{
"kids":[],
"uid":"1879100282",
"parent":"zvVD6gCdz",
"text":"[吃惊]",
"mid":"zvWaKd4vc",
"date":"2013-05-09 18:46:41"
},
{
"kids":[],
"uid":"penghuang77",
"parent":"zvW49x0Kf",
"text":"[吃惊]",
"mid":"zvW6VaD1s",
"date":"2013-05-09 18:37:17"
},
{
"kids":[],
"uid":"1981087033",
"parent":"zvSj1v71Q",
"text":"着了魔了[汗][怒]",
"mid":"zvW5BE59U",
"date":"2013-05-09 18:34:03"
},
{
"kids":[
"zvY7sEb9o",
"zvWQ1r7FU",
"zvW6VaD1s"
],
"uid":"1937547281",
"parent":"zvVqlzV5r",
"text":"@太阳费奥娜 @黄奕澐的爷爷",
"mid":"zvW49x0Kf",
"date":"2013-05-09 18:30:28"
},
{
"kids":[],
"uid":"2276744550",
"parent":"zvVNi4Oo3",
"text":"@爱在锅台前",
"mid":"zvW2tu25L",
"date":"2013-05-09 18:26:20"
},
{
"kids":[],
"uid":"1752574104",
"parent":"zvSgPxwtZ",
"text":"",
"mid":"zvW0zA2Z4",
"date":"2013-05-09 18:21:39"
},
{
"kids":[],
"uid":"3230604192",
"parent":"zvVNi4Oo3",
"text":"这个太吓人啦！请大家注意哦！@济宁微博报",
"mid":"zvVZs7tQw",
"date":"2013-05-09 18:18:52"
},
{
"kids":[],
"uid":"1400768742",
"parent":"zvVKkwL3o",
"text":"就在家边上嘛[怒]",
"mid":"zvVYVCWmf",
"date":"2013-05-09 18:17:37"
},
{
"kids":[],
"uid":"1905883357",
"parent":"zvVD6gCdz",
"text":"什么世道[怒]",
"mid":"zvVRvwd8H",
"date":"2013-05-09 17:59:18"
},
{
"kids":[],
"uid":"1144517880",
"parent":"",
"text":"抓起来枪毙",
"mid":"zvVQCAisO",
"date":"2013-05-09 17:57:07"
},
{
"kids":[
"zvW2tu25L",
"zvVZs7tQw"
],
"uid":"2125689522",
"parent":"",
"text":"@茹果艾11",
"mid":"zvVNi4Oo3",
"date":"2013-05-09 17:48:55"
},
{
"kids":[
"zvVYVCWmf"
],
"uid":"2118751601",
"parent":"zvVD6gCdz",
"text":"[怒]",
"mid":"zvVKkwL3o",
"date":"2013-05-09 17:41:38"
},
{
"kids":[],
"uid":"1414849255",
"parent":"zvV9SkkuH",
"text":"一家就这一个命根儿，千万要注意",
"mid":"zvVJEit2U",
"date":"2013-05-09 17:39:55"
},
{
"kids":[],
"uid":"nancymarshall",
"parent":"zvVEb3RKj",
"text":"畜生，人渣，再怎么小孩是无辜",
"mid":"zvVFPipoE",
"date":"2013-05-09 17:30:32"
},
{
"kids":[
"zvVFPipoE"
],
"uid":"jeffery1205",
"parent":"zvVD6gCdz",
"text":"@警民直通车-上海",
"mid":"zvVEb3RKj",
"date":"2013-05-09 17:26:28"
},
{
"kids":[],
"uid":"1937848471",
"parent":"zvUOInJw4",
"text":"@Claire上班YoYo下班",
"mid":"zvVDnaXog",
"date":"2013-05-09 17:24:27"
},
{
"kids":[
"zvXLbzJ5n",
"zvWmRkVdB",
"zvWaKd4vc",
"zvVRvwd8H",
"zvVKkwL3o",
"zvVEb3RKj"
],
"uid":"shiyan329",
"parent":"zvV23qlJS",
"text":"[怒]",
"mid":"zvVD6gCdz",
"date":"2013-05-09 17:23:47"
},
{
"kids":[],
"uid":"2466789194",
"parent":"zvUUdjDCB",
"text":"@蜜斯WINNIE豆 @西西_xue 这个社会太吓人",
"mid":"zvVCU9HQI",
"date":"2013-05-09 17:23:20"
},
{
"kids":[],
"uid":"1009464504",
"parent":"zvVqlzV5r",
"text":"",
"mid":"zvVCtzWNj",
"date":"2013-05-09 17:22:16"
},
{
"kids":[],
"uid":"214226112",
"parent":"",
"text":"",
"mid":"zvVxF7Srm",
"date":"2013-05-09 17:10:25"
},
{
"kids":[
"zvW49x0Kf",
"zvVCtzWNj"
],
"uid":"1438882600",
"parent":"zvV2YsWg8",
"text":"噶吓人[抓狂]",
"mid":"zvVqlzV5r",
"date":"2013-05-09 16:52:25"
},
{
"kids":[],
"uid":"1902235714",
"parent":"zvSs2BcMF",
"text":"看好女儿",
"mid":"zvVktbCH6",
"date":"2013-05-09 16:37:54"
},
{
"kids":[],
"uid":"2096434777",
"parent":"zvV9SkkuH",
"text":"@super听海",
"mid":"zvVfmassP",
"date":"2013-05-09 16:25:19"
},
{
"kids":[
"A4VEclEzc"
],
"uid":"2879659210",
"parent":"zvV6Kw5Ch",
"text":"太可怕了",
"mid":"zvVckvtlP",
"date":"2013-05-09 16:17:50"
},
{
"kids":[
"zw3KedRnr"
],
"uid":"1931181440",
"parent":"zvSQIBNaO",
"text":"[怒]",
"mid":"zvVcasBlQ",
"date":"2013-05-09 16:17:27"
},
{
"kids":[
"zvVJEit2U",
"zvVfmassP"
],
"uid":"2594427280",
"parent":"",
"text":"@cdiyq @7月宝贝张芮嘉 @别人都叫我小桥 @陈黎明q @邓德春 @费怀义 @坏脾气Maggie @力菡妈妈",
"mid":"zvV9SkkuH",
"date":"2013-05-09 16:11:49"
},
{
"kids":[
"zvVckvtlP"
],
"uid":"songyunyi2010",
"parent":"zvUOInJw4",
"text":"[吃惊]",
"mid":"zvV6Kw5Ch",
"date":"2013-05-09 16:04:06"
},
{
"kids":[
"zvVqlzV5r"
],
"uid":"kandyxu",
"parent":"zvSkcepRv",
"text":"黄兴路[吃惊][吃惊][吃惊][吃惊][吃惊]",
"mid":"zvV2YsWg8",
"date":"2013-05-09 15:54:49"
},
{
"kids":[
"zvVD6gCdz"
],
"uid":"1937329253",
"parent":"zvUOInJw4",
"text":"这个社会怎么了? 这些人渣该杀[怒]",
"mid":"zvV23qlJS",
"date":"2013-05-09 15:52:33"
},
{
"kids":[],
"uid":"yangdayu29",
"parent":"zvT3Nukka",
"text":"什么世道！好好人不做，做畜生",
"mid":"zvV0gCXBj",
"date":"2013-05-09 15:48:07"
},
{
"kids":[],
"uid":"2258020513",
"parent":"zvUUdjDCB",
"text":"上海的治安[怒]",
"mid":"zvUXZ5Vzg",
"date":"2013-05-09 15:42:31"
},
{
"kids":[
"zvVCU9HQI",
"zvUXZ5Vzg"
],
"uid":"1442687793",
"parent":"zvU1JBIaH",
"text":"干嘛不报警啊？抓到直接去打靶",
"mid":"zvUUdjDCB",
"date":"2013-05-09 15:33:14"
},
{
"kids":[],
"uid":"1999604905",
"parent":"zvUuXvzwt",
"text":"",
"mid":"zvUTYyRRS",
"date":"2013-05-09 15:32:39"
},
{
"kids":[],
"uid":"1938587123",
"parent":"zvUOInJw4",
"text":"什么世道啊！",
"mid":"zvURits4I",
"date":"2013-05-09 15:26:03"
},
{
"kids":[
"zw62VcIq1",
"zvVDnaXog",
"zvV6Kw5Ch",
"zvV23qlJS",
"zvURits4I"
],
"uid":"1901535783",
"parent":"zvSkcepRv",
"text":"[吃惊][愤怒]",
"mid":"zvUOInJw4",
"date":"2013-05-09 15:19:41"
},
{
"kids":[],
"uid":"2742447961",
"parent":"zvTBqaVgd",
"text":"得当心啊",
"mid":"zvUMQfahc",
"date":"2013-05-09 15:15:03"
},
{
"kids":[
"zvXCB75bD",
"zvUTYyRRS"
],
"uid":"1412925085",
"parent":"zvUfigNio",
"text":"离我家好近，要回家普及教育一下。",
"mid":"zvUuXvzwt",
"date":"2013-05-09 14:31:00"
},
{
"kids":[],
"uid":"1765077730",
"parent":"zvTKC9gzy",
"text":"那么恐怖，那么近[怒]",
"mid":"zvUsOh6Ig",
"date":"2013-05-09 14:25:44"
},
{
"kids":[],
"uid":"catherineminyin",
"parent":"zvTvelpDY",
"text":"@myzhutou_2012",
"mid":"zvUnedLEu",
"date":"2013-05-09 14:11:57"
},
{
"kids":[],
"uid":"2182464823",
"parent":"zvSmTrwL3",
"text":"什么世道啊[泪][泪][泪]",
"mid":"zvUgOd8pM",
"date":"2013-05-09 13:56:08"
},
{
"kids":[
"zvUuXvzwt"
],
"uid":"1417198034",
"parent":"zvTNZFzsI",
"text":"人贩子为什么越来越猖獗？！[怒]抓住就应该斩立决！",
"mid":"zvUfigNio",
"date":"2013-05-09 13:52:23"
},
{
"kids":[],
"uid":"lengwenxia",
"parent":"",
"text":"光天化日之下能这样做 魔都不安全啦 大家注意呀",
"mid":"zvUfhmygk",
"date":"2013-05-09 13:52:22"
},
{
"kids":[],
"uid":"1899058543",
"parent":"",
"text":"都要小心了'",
"mid":"zvU3ZEbUv",
"date":"2013-05-09 13:24:35"
},
{
"kids":[
"zvUUdjDCB"
],
"uid":"xinhonghao",
"parent":"zvTqcyN8C",
"text":"我靠 抓了直接枪毙！！！",
"mid":"zvU1JBIaH",
"date":"2013-05-09 13:18:59"
},
{
"kids":[],
"uid":"1738124134",
"parent":"zvTVIFsWl",
"text":"[吃惊]",
"mid":"zvTWTlJkl",
"date":"2013-05-09 13:07:05"
},
{
"kids":[
"zvTWTlJkl"
],
"uid":"turingantoo",
"parent":"zvTsIzznh",
"text":"[衰][衰][吃惊][吃惊][吃惊]",
"mid":"zvTVIFsWl",
"date":"2013-05-09 13:04:13"
},
{
"kids":[],
"uid":"maymaima",
"parent":"zvSj1v71Q",
"text":"",
"mid":"zvTSX1DMB",
"date":"2013-05-09 12:57:22"
},
{
"kids":[],
"uid":"1868730045",
"parent":"zvTKC9gzy",
"text":"[怒]",
"mid":"zvTRbklyI",
"date":"2013-05-09 12:53:00"
},
{
"kids":[],
"uid":"2830119204",
"parent":"zvTNwpFeJ",
"text":"太恐怖了",
"mid":"zvTQHdR5V",
"date":"2013-05-09 12:51:49"
},
{
"kids":[
"zvX5zlRxS"
],
"uid":"2655002003",
"parent":"",
"text":"@无赖的猪-谷小雨麻麻 @做你的男人一号 @草叶上的小蚂蚁 @花花宝妈 @灰灰妈20101210 @空不出来时间的Polo",
"mid":"zvTQ54AAJ",
"date":"2013-05-09 12:50:16"
},
{
"kids":[],
"uid":"2920059140",
"parent":"zvSiQz2JD",
"text":"",
"mid":"zvTPF73Fg",
"date":"2013-05-09 12:49:16"
},
{
"kids":[],
"uid":"1685374334",
"parent":"zvTKC9gzy",
"text":"@六七六七 @慵懒滴波斯猫",
"mid":"zvTPk720C",
"date":"2013-05-09 12:48:26"
},
{
"kids":[],
"uid":"annieqiu",
"parent":"zvTKC9gzy",
"text":"",
"mid":"zvTOh6cQe",
"date":"2013-05-09 12:45:50"
},
{
"kids":[
"zvUfigNio"
],
"uid":"2028375331",
"parent":"zvSnzFQgK",
"text":"这些个人贩子该拉去凌迟",
"mid":"zvTNZFzsI",
"date":"2013-05-09 12:45:10"
},
{
"kids":[
"zvTQHdR5V"
],
"uid":"1911957753",
"parent":"zvTzk7YYk",
"text":"疯狂…",
"mid":"zvTNwpFeJ",
"date":"2013-05-09 12:44:00"
},
{
"kids":[],
"uid":"1927887812",
"parent":"zvTwIg3e3",
"text":"靠，真可怕",
"mid":"zvTMRCGoR",
"date":"2013-05-09 12:42:22"
},
{
"kids":[],
"uid":"1998955785",
"parent":"zvSyYwFG4",
"text":"抓起来就枪毙了[怒]",
"mid":"zvTMczOWt",
"date":"2013-05-09 12:40:45"
},
{
"kids":[
"zvUsOh6Ig",
"zvTRbklyI",
"zvTPk720C",
"zvTOh6cQe"
],
"uid":"2644021563",
"parent":"",
"text":"@昊昊爸爸壬辰 吓人伐",
"mid":"zvTKC9gzy",
"date":"2013-05-09 12:36:49"
},
{
"kids":[],
"uid":"1893630954",
"parent":"zvSYiahmD",
"text":"@平儿_nick @鸡丝然面 @chenuonuo @垂钓江上舟",
"mid":"zvTKzwy7K",
"date":"2013-05-09 12:36:42"
},
{
"kids":[],
"uid":"1439537802",
"parent":"",
"text":"@我家有个小清新",
"mid":"zvTIz80Zf",
"date":"2013-05-09 12:31:47"
},
{
"kids":[
"zvWxdqvjj"
],
"uid":"itspolly",
"parent":"",
"text":"轉發微博",
"mid":"zvTG9gnq3",
"date":"2013-05-09 12:25:49"
},
{
"kids":[],
"uid":"2485826317",
"parent":"",
"text":"",
"mid":"zvTENE0m8",
"date":"2013-05-09 12:22:31"
},
{
"kids":[],
"uid":"3024671213",
"parent":"zvTA1jE60",
"text":"有儿子孙子的要当心啊",
"mid":"zvTC6rhzd",
"date":"2013-05-09 12:15:52"
},
{
"kids":[
"zvUMQfahc"
],
"uid":"1879366353",
"parent":"zvSzYx7uw",
"text":"大白天的就这样，真可怕!",
"mid":"zvTBqaVgd",
"date":"2013-05-09 12:14:11"
},
{
"kids":[
"zvTC6rhzd"
],
"uid":"1464213752",
"parent":"",
"text":"",
"mid":"zvTA1jE60",
"date":"2013-05-09 12:10:44"
},
{
"kids":[],
"uid":"2958457053",
"parent":"zvT5kkmgO",
"text":"",
"mid":"zvTzEfIfz",
"date":"2013-05-09 12:09:50"
},
{
"kids":[],
"uid":"2735058822",
"parent":"zvSUn0Sdo",
"text":"",
"mid":"zvTzsreFu",
"date":"2013-05-09 12:09:20"
},
{
"kids":[
"zvTNwpFeJ"
],
"uid":"2793848607",
"parent":"zvSHlEyYJ",
"text":"大家小心！",
"mid":"zvTzk7YYk",
"date":"2013-05-09 12:09:00"
},
{
"kids":[],
"uid":"3390258902",
"parent":"",
"text":"",
"mid":"zvTx6sR1F",
"date":"2013-05-09 12:03:32"
},
{
"kids":[
"zvTMRCGoR"
],
"uid":"2647688330",
"parent":"",
"text":"把硬盘全部赶出上海滩",
"mid":"zvTwIg3e3",
"date":"2013-05-09 12:02:35"
},
{
"kids":[
"zvUnedLEu"
],
"uid":"quanjuehui",
"parent":"zvTqcyN8C",
"text":"[怒]都明抢啊！",
"mid":"zvTvelpDY",
"date":"2013-05-09 11:58:56"
},
{
"kids":[],
"uid":"2622664064",
"parent":"",
"text":"",
"mid":"zvTtqBsrh",
"date":"2013-05-09 11:54:30"
},
{
"kids":[
"zvTVIFsWl"
],
"uid":"1779900825",
"parent":"zvSJtvhGk",
"text":"......简直就是我家的活动范围",
"mid":"zvTsIzznh",
"date":"2013-05-09 11:52:45"
},
{
"kids":[],
"uid":"2148335460",
"parent":"",
"text":"可恶的人贩子[怒][怒][怒]",
"mid":"zvTshpnVX",
"date":"2013-05-09 11:51:39"
},
{
"kids":[
"zvWpK5qK4",
"zvU1JBIaH",
"zvTvelpDY"
],
"uid":"2014407745",
"parent":"zvTcTiMgH",
"text":"太恐怖了！！以后上马路要带刀了么",
"mid":"zvTqcyN8C",
"date":"2013-05-09 11:46:34"
},
{
"kids":[],
"uid":"pigzss",
"parent":"zvT0gd9QF",
"text":"",
"mid":"zvToD3Pz0",
"date":"2013-05-09 11:42:40"
},
{
"kids":[],
"uid":"1863783072",
"parent":"",
"text":"[怒][怒]",
"mid":"zvTn2nqf5",
"date":"2013-05-09 11:38:45"
},
{
"kids":[],
"uid":"2675587081",
"parent":"",
"text":"[衰][衰][衰]靠！大白天的!太猖狂了！",
"mid":"zvTmkkMDb",
"date":"2013-05-09 11:37:00"
},
{
"kids":[],
"uid":"2932895905",
"parent":"zvSh8ebgI",
"text":"",
"mid":"zvTmbsNnN",
"date":"2013-05-09 11:36:39"
},
{
"kids":[],
"uid":"noteethwoo",
"parent":"zvSnzFQgK",
"text":"光天化日，人贩子越来越猖狂了",
"mid":"zvTlE3N9F",
"date":"2013-05-09 11:35:19"
},
{
"kids":[
"zw20QrJW7"
],
"uid":"1773174444",
"parent":"zvThNzOZR",
"text":"@MR-Squid @CiciChen1104",
"mid":"zvTjQmty5",
"date":"2013-05-09 11:30:53"
},
{
"kids":[
"zvTjQmty5"
],
"uid":"1702935774",
"parent":"",
"text":"[吃惊]",
"mid":"zvThNzOZR",
"date":"2013-05-09 11:25:50"
},
{
"kids":[],
"uid":"2827543442",
"parent":"",
"text":"唉！ 真心不知道说啥好了[衰]",
"mid":"zvTgqxEkh",
"date":"2013-05-09 11:22:26"
},
{
"kids":[],
"uid":"2735194034",
"parent":"",
"text":"yp",
"mid":"zvTfCjj2t",
"date":"2013-05-09 11:20:28"
},
{
"kids":[
"zvTqcyN8C"
],
"uid":"1748114061",
"parent":"zvShopP1u",
"text":"[衰][衰][衰][衰]好恐怖啊",
"mid":"zvTcTiMgH",
"date":"2013-05-09 11:13:44"
},
{
"kids":[],
"uid":"janet1220",
"parent":"zvSZCkz0H",
"text":"太恐怖了[吃惊]",
"mid":"zvT9j5ra4",
"date":"2013-05-09 11:04:54"
},
{
"kids":[],
"uid":"2143994411",
"parent":"zvSYiahmD",
"text":"我靠",
"mid":"zvT9bDjlF",
"date":"2013-05-09 11:04:37"
},
{
"kids":[],
"uid":"bjsy6017",
"parent":"",
"text":"",
"mid":"zvT99zF93",
"date":"2013-05-09 11:04:34"
},
{
"kids":[],
"uid":"1490887993",
"parent":"",
"text":"",
"mid":"zvT5u49h3",
"date":"2013-05-09 10:55:29"
},
{
"kids":[
"zvTzEfIfz"
],
"uid":"1994933337",
"parent":"zvSV6sPUB",
"text":"[怒][怒][怒]",
"mid":"zvT5kkmgO",
"date":"2013-05-09 10:55:06"
},
{
"kids":[],
"uid":"2827543442",
"parent":"",
"text":"妈呀！",
"mid":"zvT5az5A7",
"date":"2013-05-09 10:54:44"
},
{
"kids":[],
"uid":"2374997004",
"parent":"zvT3Nukka",
"text":"MB我单位门口啊，别让我碰到，老子弄死它！[愤怒]",
"mid":"zvT4ybbqH",
"date":"2013-05-09 10:53:12"
},
{
"kids":[],
"uid":"1439080984",
"parent":"zvSYiahmD",
"text":"",
"mid":"zvT3QrFb6",
"date":"2013-05-09 10:51:28"
},
{
"kids":[],
"uid":"qiqibrian",
"parent":"zvSKUqUwH",
"text":"这条路几乎每周都路过！！！[汗][汗]",
"mid":"zvT3Q96rM",
"date":"2013-05-09 10:51:27"
},
{
"kids":[
"zvV0gCXBj",
"zvT4ybbqH"
],
"uid":"1930805157",
"parent":"zvSG7bWPZ",
"text":"真心吓人",
"mid":"zvT3Nukka",
"date":"2013-05-09 10:51:20"
},
{
"kids":[
"zvToD3Pz0"
],
"uid":"iris357",
"parent":"zvSs2BcMF",
"text":"天呐，每天都有危险的事情发生",
"mid":"zvT0gd9QF",
"date":"2013-05-09 10:42:36"
},
{
"kids":[
"zvT9j5ra4"
],
"uid":"2583231367",
"parent":"",
"text":"[话筒]",
"mid":"zvSZCkz0H",
"date":"2013-05-09 10:41:02"
},
{
"kids":[],
"uid":"2395147360",
"parent":"",
"text":"买表！都是TMD畜生！",
"mid":"zvSZjEHhc",
"date":"2013-05-09 10:40:18"
},
{
"kids":[],
"uid":"1885877422",
"parent":"",
"text":"",
"mid":"zvSYO4QNP",
"date":"2013-05-09 10:39:03"
},
{
"kids":[],
"uid":"1402664521",
"parent":"",
"text":"",
"mid":"zvSYEBdEi",
"date":"2013-05-09 10:38:39"
},
{
"kids":[
"zvTKzwy7K",
"zvT9bDjlF",
"zvT3QrFb6"
],
"uid":"1439869812",
"parent":"zvSlQ7K2F",
"text":"@原味沙茶 @Billcheng @Michelle_Wang @皮皮张的麦田守望 @幸福尐笨貓",
"mid":"zvSYiahmD",
"date":"2013-05-09 10:37:47"
},
{
"kids":[],
"uid":"2008914297",
"parent":"zvSUn0Sdo",
"text":"```",
"mid":"zvSWWfKt9",
"date":"2013-05-09 10:34:27"
},
{
"kids":[
"zvT5kkmgO"
],
"uid":"518156713",
"parent":"zvSA4tcZl",
"text":"",
"mid":"zvSV6sPUB",
"date":"2013-05-09 10:29:55"
},
{
"kids":[
"zvTzsreFu",
"zvSWWfKt9"
],
"uid":"2237435433",
"parent":"",
"text":"[怒][怒]",
"mid":"zvSUn0Sdo",
"date":"2013-05-09 10:28:06"
},
{
"kids":[],
"uid":"2097787823",
"parent":"",
"text":"",
"mid":"zvSQRuVgO",
"date":"2013-05-09 10:19:29"
},
{
"kids":[
"zvVcasBlQ"
],
"uid":"2354097937",
"parent":"zvSqwm0ca",
"text":"太恐怖了，天朝已经不是人待的地方了[怒]@方方枪 @格桑梅朵盛开 @米妈-小水呀呀 @勤俭节约1008914012 @NB的菊花蛋蛋奶-Estienneyeye @sugar1023 @谈谈Dad @狮子座盈盈 @小白1931181440 @小宝在长大@小小teresa @YogaMay",
"mid":"zvSQIBNaO",
"date":"2013-05-09 10:19:08"
},
{
"kids":[],
"uid":"2344829113",
"parent":"zvSG7bWPZ",
"text":"太可怕了!",
"mid":"zvSOenrmE",
"date":"2013-05-09 10:13:01"
},
{
"kids":[],
"uid":"1957618670",
"parent":"",
"text":"@K麗姐",
"mid":"zvSNxeq1R",
"date":"2013-05-09 10:11:17"
},
{
"kids":[
"zw0iJ2ju0"
],
"uid":"renzhegang",
"parent":"zvSHlEyYJ",
"text":"就对着老人和孩子下手  牵引带这时也没用 人贩子就应拉出去直接枪毙",
"mid":"zvSMkdYP7",
"date":"2013-05-09 10:08:18"
},
{
"kids":[
"zvT3Q96rM"
],
"uid":"togetherforever66",
"parent":"",
"text":"真的假的，好可怕啊@66夫妇 @QIQI_BRIAN @miss蜗牛 @宋晓佳佳宝 @妮妮MAOMAO @盈盈浅笑Irene",
"mid":"zvSKUqUwH",
"date":"2013-05-09 10:04:49"
},
{
"kids":[
"zvTsIzznh"
],
"uid":"2110829940",
"parent":"",
"text":"[衰][衰][吃惊][吃惊][吃惊]",
"mid":"zvSJtvhGk",
"date":"2013-05-09 10:01:17"
},
{
"kids":[],
"uid":"2062152391",
"parent":"",
"text":"什么世道啊！！[抓狂]",
"mid":"zvSIXhWHT",
"date":"2013-05-09 09:59:59"
},
{
"kids":[],
"uid":"2792998947",
"parent":"zvSkiEqAO",
"text":"好可怕",
"mid":"zvSHG5IOI",
"date":"2013-05-09 09:56:51"
},
{
"kids":[
"zvTzk7YYk",
"zvSMkdYP7"
],
"uid":"cheryltang",
"parent":"zvShciUfx",
"text":"[怒]",
"mid":"zvSHlEyYJ",
"date":"2013-05-09 09:56:02"
},
{
"kids":[],
"uid":"2589447424",
"parent":"",
"text":"",
"mid":"zvSH8pnLc",
"date":"2013-05-09 09:55:31"
},
{
"kids":[],
"uid":"1975377247",
"parent":"",
"text":"",
"mid":"zvSH7dpTx",
"date":"2013-05-09 09:55:28"
},
{
"kids":[],
"uid":"1767891662",
"parent":"",
"text":"",
"mid":"zvSGUekpl",
"date":"2013-05-09 09:54:57"
},
{
"kids":[],
"uid":"viviyu0803",
"parent":"zvSFImo3e",
"text":"这种事情也有的啊 五册那。。",
"mid":"zvSGzem0q",
"date":"2013-05-09 09:54:06"
},
{
"kids":[
"zvT3Nukka",
"zvSOenrmE"
],
"uid":"2207930963",
"parent":"",
"text":"以后是不是要两人以上接送小盆友[怒]@库什外",
"mid":"zvSG7bWPZ",
"date":"2013-05-09 09:53:00"
},
{
"kids":[],
"uid":"1602592951",
"parent":"",
"text":"现在人贩子胆子太大了！",
"mid":"zvSG55vKW",
"date":"2013-05-09 09:52:54"
},
{
"kids":[],
"uid":"2014650511",
"parent":"zvSkcepRv",
"text":"@吴天赋_ @周天天爱馒头 @孙二黑 @kimi米豆",
"mid":"zvSFS5HIx",
"date":"2013-05-09 09:52:24"
},
{
"kids":[
"zvSGzem0q"
],
"uid":"2037471487",
"parent":"zvSBlnq0J",
"text":"上海最近也乱嘛龟你要当心阿",
"mid":"zvSFImo3e",
"date":"2013-05-09 09:52:00"
},
{
"kids":[],
"uid":"1711175005",
"parent":"",
"text":"",
"mid":"zvSF77Aze",
"date":"2013-05-09 09:50:32"
},
{
"kids":[],
"uid":"xiaobaozi0703",
"parent":"",
"text":"妈妈们小心啊",
"mid":"zvSEzaYy1",
"date":"2013-05-09 09:49:10"
},
{
"kids":[],
"uid":"2460438914",
"parent":"zvSAxaZHN",
"text":"@宣克炅 ，你可以做点事了，不要一直咋电视上作秀。@警民直通车-杨浦",
"mid":"zvSE181j8",
"date":"2013-05-09 09:47:50"
},
{
"kids":[],
"uid":"1803849340",
"parent":"",
"text":"警惕！",
"mid":"zvSBzhQFV",
"date":"2013-05-09 09:41:47"
},
{
"kids":[
"zvSFImo3e"
],
"uid":"2151918424",
"parent":"",
"text":"我家门口！",
"mid":"zvSBlnq0J",
"date":"2013-05-09 09:41:15"
},
{
"kids":[],
"uid":"2521151654",
"parent":"",
"text":"",
"mid":"zvSAQ452s",
"date":"2013-05-09 09:39:59"
},
{
"kids":[
"zvSE181j8"
],
"uid":"1752377682",
"parent":"",
"text":"要死了，上海已经彻底沦陷，各位在外，一定要小心，防狼喷雾随身携带，防止有人袭击",
"mid":"zvSAxaZHN",
"date":"2013-05-09 09:39:16"
},
{
"kids":[],
"uid":"1868768412",
"parent":"zvSlHfKWK",
"text":"[吃惊]",
"mid":"zvSAg1GsI",
"date":"2013-05-09 09:38:35"
},
{
"kids":[],
"uid":"1726583665",
"parent":"zvSgUkKGz",
"text":"[怒]",
"mid":"zvSAbhQXX",
"date":"2013-05-09 09:38:23"
},
{
"kids":[
"zvSV6sPUB"
],
"uid":"2790960603",
"parent":"",
"text":"",
"mid":"zvSA4tcZl",
"date":"2013-05-09 09:38:07"
},
{
"kids":[
"zvTBqaVgd"
],
"uid":"1578390554",
"parent":"zvSpnmSoU",
"text":"[汗]就在我家附近，太可怕了",
"mid":"zvSzYx7uw",
"date":"2013-05-09 09:37:53"
},
{
"kids":[],
"uid":"mozabbg16",
"parent":"",
"text":"你要报警的！",
"mid":"zvSzQAtVV",
"date":"2013-05-09 09:37:33"
},
{
"kids":[],
"uid":"2386927684",
"parent":"zvSktkgYW",
"text":"",
"mid":"zvSzmpSLL",
"date":"2013-05-09 09:36:22"
},
{
"kids":[
"zvTMczOWt"
],
"uid":"amingshenshen",
"parent":"",
"text":"转",
"mid":"zvSyYwFG4",
"date":"2013-05-09 09:35:24"
},
{
"kids":[],
"uid":"2463564050",
"parent":"",
"text":"@圣诞小冬瓜  这个外婆思路清爽的",
"mid":"zvSyJ9dQA",
"date":"2013-05-09 09:34:48"
},
{
"kids":[
"zvY2J0vjg"
],
"uid":"wwx150603",
"parent":"zvStfkK1z",
"text":"[怒]",
"mid":"zvSyxBvmv",
"date":"2013-05-09 09:34:20"
},
{
"kids":[],
"uid":"2267636862",
"parent":"zvSlpytM9",
"text":"死不绝的！！",
"mid":"zvSyifkCi",
"date":"2013-05-09 09:33:43"
},
{
"kids":[],
"uid":"2804502324",
"parent":"",
"text":"",
"mid":"zvSxH2Z0T",
"date":"2013-05-09 09:32:14"
},
{
"kids":[],
"uid":"1806195570",
"parent":"zvSs2BcMF",
"text":"天啊 这是什么社会！",
"mid":"zvSwTmm0X",
"date":"2013-05-09 09:30:16"
},
{
"kids":[],
"uid":"1874698142",
"parent":"zvSlQ7K2F",
"text":"[怒]",
"mid":"zvSvT4JAa",
"date":"2013-05-09 09:27:47"
},
{
"kids":[],
"uid":"2651997243",
"parent":"",
"text":"太可怕了[怒]",
"mid":"zvSve19U2",
"date":"2013-05-09 09:26:10"
},
{
"kids":[],
"uid":"smileangel1110",
"parent":"zvSqBl9QO",
"text":"",
"mid":"zvSutij9C",
"date":"2013-05-09 09:24:19"
},
{
"kids":[],
"uid":"panda98028",
"parent":"",
"text":"[吃惊]",
"mid":"zvSun5lyV",
"date":"2013-05-09 09:24:03"
},
{
"kids":[],
"uid":"1912352011",
"parent":"",
"text":"@暖暖坊老公 注意了！",
"mid":"zvSuaCYSB",
"date":"2013-05-09 09:23:35"
},
{
"kids":[],
"uid":"2104274941",
"parent":"",
"text":"[怒][怒]",
"mid":"zvStUr0Fy",
"date":"2013-05-09 09:22:55"
},
{
"kids":[],
"uid":"iloveyouzinuo",
"parent":"",
"text":"觉得好像是假的",
"mid":"zvStpnzq4",
"date":"2013-05-09 09:21:42"
},
{
"kids":[
"zvSyxBvmv"
],
"uid":"1806185192",
"parent":"",
"text":"",
"mid":"zvStfkK1z",
"date":"2013-05-09 09:21:17"
},
{
"kids":[],
"uid":"1447756211",
"parent":"",
"text":"@zjx爱开心小喵 学习一下",
"mid":"zvStfkJYX",
"date":"2013-05-09 09:21:17"
},
{
"kids":[
"zvY3FrnkX",
"zvXmjFgin"
],
"uid":"1971242607",
"parent":"",
"text":"",
"mid":"zvStf1Jqj",
"date":"2013-05-09 09:21:16"
},
{
"kids":[],
"uid":"2465003600",
"parent":"",
"text":"人贩子就应该直接枪毙！[怒][怒骂]",
"mid":"zvSteruYa",
"date":"2013-05-09 09:21:16"
},
{
"kids":[],
"uid":"lanmaotutu6aus",
"parent":"",
"text":"好可怕。国权路黄兴路都是热闹的地方了",
"mid":"zvSsUnkEp",
"date":"2013-05-09 09:20:27"
},
{
"kids":[],
"uid":"537212327",
"parent":"zvSixmCMc",
"text":"哦册那！不是人！个种BY杀千刀都便宜它们！",
"mid":"zvSsEolhT",
"date":"2013-05-09 09:19:50"
},
{
"kids":[],
"uid":"1265723054",
"parent":"",
"text":"太恐怖！！人贩子该枪毙[怒]",
"mid":"zvSsz7UFU",
"date":"2013-05-09 09:19:36"
},
{
"kids":[],
"uid":"millin",
"parent":"",
"text":"",
"mid":"zvSsletod",
"date":"2013-05-09 09:19:03"
},
{
"kids":[
"zvVktbCH6",
"zvT0gd9QF",
"zvSwTmm0X"
],
"uid":"2144534362",
"parent":"zvSqBl9QO",
"text":"家长们注意啊",
"mid":"zvSs2BcMF",
"date":"2013-05-09 09:18:20"
},
{
"kids":[],
"uid":"1431169855",
"parent":"",
"text":"",
"mid":"zvSryqcL1",
"date":"2013-05-09 09:17:08"
},
{
"kids":[],
"uid":"1496840397",
"parent":"",
"text":"@船头尺23 @心晴的时候雨也是晴",
"mid":"zvSruzDfC",
"date":"2013-05-09 09:16:59"
},
{
"kids":[],
"uid":"2678145183",
"parent":"",
"text":"光天化日的 太可怕了[怒]，必须转",
"mid":"zvSrq9ymo",
"date":"2013-05-09 09:16:48"
},
{
"kids":[
"zvSutij9C",
"zvSs2BcMF"
],
"uid":"beibei1201",
"parent":"",
"text":"吓人哦@安吉拉爱彪哥",
"mid":"zvSqBl9QO",
"date":"2013-05-09 09:14:46"
},
{
"kids":[],
"uid":"nnzzonline",
"parent":"",
"text":"",
"mid":"zvSqBl9Qd",
"date":"2013-05-09 09:14:47"
},
{
"kids":[
"zvSQIBNaO"
],
"uid":"2199780913",
"parent":"",
"text":"我CN，阿是以后上街要带电棍啊，为什么人贩子不枪毙啊@彦宝贝的妈妈 @雨萌萌mom @诺娃超 @岳豪妈 @我爱玫瑰7839 @谈谈mom @Swalla56",
"mid":"zvSqwm0ca",
"date":"2013-05-09 09:14:35"
},
{
"kids":[
"zvSzYx7uw"
],
"uid":"1942666751",
"parent":"",
"text":"@玲珑小团子 @冉宝的有求必应麻麻",
"mid":"zvSpnmSoU",
"date":"2013-05-09 09:11:46"
},
{
"kids":[],
"uid":"2010177532",
"parent":"",
"text":"大家都注意一下！绝子绝孙的人口贩子！[怒][怒][怒][怒][怒][怒][怒][怒][怒][怒]",
"mid":"zvSpiEsRO",
"date":"2013-05-09 09:11:35"
},
{
"kids":[],
"uid":"1739250434",
"parent":"",
"text":"当爹妈的注意了",
"mid":"zvSo8zTvU",
"date":"2013-05-09 09:08:43"
},
{
"kids":[],
"uid":"1013345180",
"parent":"",
"text":"[愤怒]",
"mid":"zvSnIjbkL",
"date":"2013-05-09 09:07:40"
},
{
"kids":[],
"uid":"2317259725",
"parent":"",
"text":"@瑾児宝贝",
"mid":"zvSnCneqh",
"date":"2013-05-09 09:07:26"
},
{
"kids":[
"zw36obdUI",
"zw11uAt9X",
"zvTNZFzsI",
"zvTlE3N9F"
],
"uid":"1743788953",
"parent":"zvSkwBIFO",
"text":"",
"mid":"zvSnzFQgK",
"date":"2013-05-09 09:07:19"
},
{
"kids":[
"zvUgOd8pM"
],
"uid":"1268126845",
"parent":"",
"text":"@安静的芒小果 @SH奇奇妙妙 @楚楚云云",
"mid":"zvSmTrwL3",
"date":"2013-05-09 09:05:38"
},
{
"kids":[],
"uid":"hohuilijoyce",
"parent":"",
"text":"路上应该有探头的,事后应报警",
"mid":"zvSmj77Jt",
"date":"2013-05-09 09:04:11"
},
{
"kids":[],
"uid":"1910673787",
"parent":"",
"text":"",
"mid":"zvSm9Dtrm",
"date":"2013-05-09 09:03:50"
},
{
"kids":[
"zvSYiahmD",
"zvSvT4JAa"
],
"uid":"2055930834",
"parent":"",
"text":"[吃惊]",
"mid":"zvSlQ7K2F",
"date":"2013-05-09 09:03:03"
},
{
"kids":[],
"uid":"1809111710",
"parent":"",
"text":"t太猖狂了",
"mid":"zvSlJjQhF",
"date":"2013-05-09 09:02:47"
},
{
"kids":[
"zvSAg1GsI"
],
"uid":"jeansunflower",
"parent":"",
"text":"@impress83 @皮皮妈_Yvonne",
"mid":"zvSlHfKWK",
"date":"2013-05-09 09:02:42"
},
{
"kids":[
"zvSyifkCi"
],
"uid":"1960006357",
"parent":"",
"text":"MB人贩子千刀万剐[怒]",
"mid":"zvSlpytM9",
"date":"2013-05-09 09:02:00"
},
{
"kids":[],
"uid":"208884346",
"parent":"",
"text":"",
"mid":"zvSlfe1nu",
"date":"2013-05-09 09:01:35"
},
{
"kids":[],
"uid":"1744192755",
"parent":"",
"text":"",
"mid":"zvSl88vex",
"date":"2013-05-09 09:01:18"
},
{
"kids":[],
"uid":"3557003",
"parent":"",
"text":"现在人贩子那么猖獗了[怒]MB人贩子死全家[怒][怒][怒][怒][怒][怒]",
"mid":"zvSkUf48g",
"date":"2013-05-09 09:00:45"
},
{
"kids":[],
"uid":"2092077474",
"parent":"",
"text":"[衰]",
"mid":"zvSkK9CRm",
"date":"2013-05-09 09:00:21"
},
{
"kids":[],
"uid":"2712082940",
"parent":"",
"text":"这么嚣张了",
"mid":"zvSkGkqKv",
"date":"2013-05-09 09:00:12"
},
{
"kids":[
"zvSnzFQgK"
],
"uid":"1731767117",
"parent":"",
"text":"恐怖的上海 哪里都不安全",
"mid":"zvSkwBIFO",
"date":"2013-05-09 08:59:49"
},
{
"kids":[
"zvSzmpSLL"
],
"uid":"2313558892",
"parent":"",
"text":"[话筒]",
"mid":"zvSktkgYW",
"date":"2013-05-09 08:59:41"
},
{
"kids":[],
"uid":"1925970005",
"parent":"",
"text":"我擦！这种人怎么出门不被车压成八段？[怒][怒][怒][怒]@喜欢和老公一起吃蒜泥的小妮子 @凤凰有些热",
"mid":"zvSks83kO",
"date":"2013-05-09 08:59:38"
},
{
"kids":[
"zvSHG5IOI"
],
"uid":"207171356",
"parent":"",
"text":"",
"mid":"zvSkiEqAO",
"date":"2013-05-09 08:59:15"
},
{
"kids":[
"zvV2YsWg8",
"zvUOInJw4",
"zvSFS5HIx"
],
"uid":"1984147597",
"parent":"",
"text":"大家提高警惕[话筒][话筒][话筒]@海滴的小屋 @simonedidi @Kandy_MissX @卡卡舞冥想中 @HOQS @Cleo张少华 @可乐罐Jessie",
"mid":"zvSkcepRv",
"date":"2013-05-09 08:58:59"
},
{
"kids":[],
"uid":"evrico",
"parent":"",
"text":"哈牢牢额麼！！！！@Jessica篟 @0o潔潔o0 @小时侯可靓啦",
"mid":"zvSjUa6eW",
"date":"2013-05-09 08:58:17"
},
{
"kids":[],
"uid":"2100503467",
"parent":"",
"text":"",
"mid":"zvSjk7eeW",
"date":"2013-05-09 08:56:50"
},
{
"kids":[],
"uid":"2028695707",
"parent":"",
"text":"必须转",
"mid":"zvSji2S7H",
"date":"2013-05-09 08:56:46"
},
{
"kids":[],
"uid":"xggzzx",
"parent":"",
"text":"",
"mid":"zvSj2pj1A",
"date":"2013-05-09 08:56:09"
},
{
"kids":[
"zvW5BE59U",
"zvTSX1DMB"
],
"uid":"xueyunlele",
"parent":"",
"text":"我靠，光天化日的，太嚣张了！！[怒]@上海杨浦",
"mid":"zvSj1v71Q",
"date":"2013-05-09 08:56:06"
},
{
"kids":[
"zvTPF73Fg"
],
"uid":"512306315",
"parent":"",
"text":"这年头。。。",
"mid":"zvSiQz2JD",
"date":"2013-05-09 08:55:41"
},
{
"kids":[],
"uid":"2137937453",
"parent":"",
"text":"拐卖小孩子的抓住都统统枪毙，买的也枪毙！",
"mid":"zvSiMbyrO",
"date":"2013-05-09 08:55:29"
},
{
"kids":[],
"uid":"704091110",
"parent":"",
"text":"",
"mid":"zvSiFnDKT",
"date":"2013-05-09 08:55:13"
},
{
"kids":[],
"uid":"no21sky",
"parent":"",
"text":"",
"mid":"zvSiFnDCr",
"date":"2013-05-09 08:55:13"
},
{
"kids":[],
"uid":"1657520161",
"parent":"zvSh8ebgI",
"text":"@装出真温柔_糖妈丁丁 @乔栗子 @叶颖-清清是个虫宝宝",
"mid":"zvSiCoVmO",
"date":"2013-05-09 08:55:07"
},
{
"kids":[
"zvSsEolhT"
],
"uid":"1871559321",
"parent":"",
"text":"人贩子杀千刀",
"mid":"zvSixmCMc",
"date":"2013-05-09 08:54:53"
},
{
"kids":[],
"uid":"2232931580",
"parent":"",
"text":"枪毙！",
"mid":"zvSirqBCt",
"date":"2013-05-09 08:54:40"
},
{
"kids":[],
"uid":"1520846102",
"parent":"",
"text":"@不要炒",
"mid":"zvSiknjk4",
"date":"2013-05-09 08:54:24"
},
{
"kids":[],
"uid":"vcym7",
"parent":"",
"text":"",
"mid":"zvSibutZb",
"date":"2013-05-09 08:54:02"
},
{
"kids":[],
"uid":"2250373581",
"parent":"",
"text":"@xrhein",
"mid":"zvSi4FdMf",
"date":"2013-05-09 08:53:47"
},
{
"kids":[],
"uid":"1736354383",
"parent":"",
"text":"可恶的人贩子！！[怒]",
"mid":"zvShYukfE",
"date":"2013-05-09 08:53:32"
},
{
"kids":[],
"uid":"1922352040",
"parent":"",
"text":"好吓人@小肉包的妈妈",
"mid":"zvShOsgwl",
"date":"2013-05-09 08:53:07"
},
{
"kids":[],
"uid":"1959350463",
"parent":"",
"text":"太可怕太可怕！！",
"mid":"zvShEEUps",
"date":"2013-05-09 08:52:45"
},
{
"kids":[
"zvWDJBuPD"
],
"uid":"1400742467",
"parent":"",
"text":"骗子升级为技术劫持",
"mid":"zvShz7MX1",
"date":"2013-05-09 08:52:30"
},
{
"kids":[
"zvTcTiMgH"
],
"uid":"puddingkon",
"parent":"",
"text":"[吃惊][怒]人贩子，抓一个杀一个",
"mid":"zvShopP1u",
"date":"2013-05-09 08:52:06"
},
{
"kids":[],
"uid":"1733867862",
"parent":"",
"text":"太可怕了，上海也开始不安全了啊。",
"mid":"zvShluyTx",
"date":"2013-05-09 08:51:58"
},
{
"kids":[
"zvSHlEyYJ"
],
"uid":"2652906332",
"parent":"",
"text":"带小孩难道要像带小狗，牵引带不离手？！[怒]",
"mid":"zvShciUfx",
"date":"2013-05-09 08:51:36"
},
{
"kids":[
"zvTmbsNnN",
"zvSiCoVmO"
],
"uid":"ddouadele",
"parent":"",
"text":"天阿@李萃花 @Tiger_MTL @G_GDP",
"mid":"zvSh8ebgI",
"date":"2013-05-09 08:51:27"
},
{
"kids":[],
"uid":"1382572720",
"parent":"",
"text":"什么时候开始上海变的那么不安全",
"mid":"zvSh680lY",
"date":"2013-05-09 08:51:22"
},
{
"kids":[
"zvY4OneKV"
],
"uid":"1958119352",
"parent":"",
"text":"@Reika榴莲忘返",
"mid":"zvSgZiKDz",
"date":"2013-05-09 08:51:06"
},
{
"kids":[
"zvSAbhQXX"
],
"uid":"joymusical",
"parent":"",
"text":"贼胆越来越大了[怒]",
"mid":"zvSgUkKGz",
"date":"2013-05-09 08:50:54"
},
{
"kids":[],
"uid":"1866183375",
"parent":"",
"text":"",
"mid":"zvSgRk0B1",
"date":"2013-05-09 08:50:46"
},
{
"kids":[
"zvW0zA2Z4"
],
"uid":"2516920643",
"parent":"",
"text":"艹，死YP",
"mid":"zvSgPxwtZ",
"date":"2013-05-09 08:50:42"
},
{
"kids":[],
"uid":"evaqianchao",
"parent":"",
"text":"@sky小阿头 @家有二妮 @爱美丽的洁洁",
"mid":"zvSgNfeVu",
"date":"2013-05-09 08:50:37"
},
{
"kids":[],
"uid":"2086381035",
"parent":"",
"text":"[星星眼][星星眼][星星眼]",
"mid":"zvSgMlZIH",
"date":"2013-05-09 08:50:35"
},
{
"kids":[],
"uid":"2458367610",
"parent":"",
"text":"可怕！[怒]",
"mid":"zvSgAeJWD",
"date":"2013-05-09 08:50:05"
},
{
"kids":[
"zvX1Bbznx"
],
"uid":"danielandme",
"parent":"",
"text":"太可怕了！[怒][怒][怒]",
"mid":"zvSgz4d52",
"date":"2013-05-09 08:50:03"
},
{
"kids":[],
"uid":"1431194632",
"parent":"",
"text":"",
"mid":"zvSgm0FY4",
"date":"2013-05-09 08:49:31"
},
{
"kids":[],
"uid":"712808567",
"parent":"",
"text":"",
"mid":"zvSgekDlw",
"date":"2013-05-09 08:49:14"
}
]