[
{
"kids":[],
"uid":"329648686",
"parent":"zmfgZxcaA",
"text":"@id刚刚好 你的目标好明确！要脸不？",
"mid":"A6n1ifc1Z",
"date":"2013-08-25 14:03:58"
},
{
"kids":[],
"uid":"rediamond",
"parent":"",
"text":"这个是真的么[馋嘴]",
"mid":"zvoHu5kBz",
"date":"2013-05-06 05:33:57"
},
{
"kids":[],
"uid":"2789928232",
"parent":"znmyFf5vB",
"text":"",
"mid":"zq8GpBaUu",
"date":"2013-04-01 15:35:52"
},
{
"kids":[],
"uid":"2803497872",
"parent":"znmyFf5vB",
"text":"",
"mid":"zq8GphUvW",
"date":"2013-04-01 15:35:52"
},
{
"kids":[],
"uid":"2839514870",
"parent":"zmeCgguMD",
"text":"系唔系咖？去翻次都好喔，f u c k",
"mid":"zpHXTpCZE",
"date":"2013-03-29 19:34:44"
},
{
"kids":[],
"uid":"tywsw",
"parent":"",
"text":"",
"mid":"zpwuq5iE1",
"date":"2013-03-28 14:21:56"
},
{
"kids":[],
"uid":"2803514644",
"parent":"zmmxqvoXG",
"text":"",
"mid":"zoHZEfk4n",
"date":"2013-03-23 05:48:47"
},
{
"kids":[],
"uid":"2919545954",
"parent":"zmmxqvoXG",
"text":"",
"mid":"zoHZEdXGo",
"date":"2013-03-23 05:48:47"
},
{
"kids":[],
"uid":"2176193214",
"parent":"",
"text":"我什么都不想说 @辣手摧花儿 @叫我唐胜丰 @刘特权在娱乐 @倒霉的Plus-",
"mid":"znufK2HD1",
"date":"2013-03-15 04:59:40"
},
{
"kids":[],
"uid":"2920063340",
"parent":"zmiEd3JJE",
"text":"",
"mid":"zntYR4SCC",
"date":"2013-03-15 04:18:04"
},
{
"kids":[],
"uid":"2137068877",
"parent":"",
"text":"",
"mid":"znqWTs6Jz",
"date":"2013-03-14 20:35:01"
},
{
"kids":[
"zq8GpBaUu",
"zq8GphUvW"
],
"uid":"3198893371",
"parent":"zmeMxC92v",
"text":"我也要抓奶",
"mid":"znmyFf5vB",
"date":"2013-03-14 09:24:19"
},
{
"kids":[],
"uid":"2808253244",
"parent":"zmiEd3JJE",
"text":"",
"mid":"znltpwPjZ",
"date":"2013-03-14 06:38:38"
},
{
"kids":[],
"uid":"2654532205",
"parent":"",
"text":"",
"mid":"znjqFyR7z",
"date":"2013-03-14 01:26:23"
},
{
"kids":[],
"uid":"3285829367",
"parent":"zmd8RjaHg",
"text":"不知道是不是真的",
"mid":"zmP3MD3XD",
"date":"2013-03-10 20:07:37"
},
{
"kids":[],
"uid":"2789925950",
"parent":"zme0NpkV8",
"text":"",
"mid":"zmHstan65",
"date":"2013-03-10 00:46:25"
},
{
"kids":[],
"uid":"1475482085",
"parent":"",
"text":"",
"mid":"zmGSnoVum",
"date":"2013-03-09 23:17:31"
},
{
"kids":[],
"uid":"2919502172",
"parent":"zmiEd3JJE",
"text":"",
"mid":"zmAOipNqt",
"date":"2013-03-09 07:50:58"
},
{
"kids":[],
"uid":"2789780862",
"parent":"zme0NpkV8",
"text":"",
"mid":"zmA71CpF1",
"date":"2013-03-09 06:04:23"
},
{
"kids":[],
"uid":"1949615664",
"parent":"",
"text":"这个好玩！",
"mid":"zmxC2gsE5",
"date":"2013-03-08 23:42:32"
},
{
"kids":[],
"uid":"chenklove",
"parent":"zmog9vf6E",
"text":"你想参加吗？",
"mid":"zmwzqxII3",
"date":"2013-03-08 21:03:20"
},
{
"kids":[],
"uid":"1986835060",
"parent":"zmuGie78m",
"text":"估计能抓进去不少~全特么因为耍流氓被告性骚扰[偷笑]",
"mid":"zmuWxgEw3",
"date":"2013-03-08 16:54:48"
},
{
"kids":[
"zmuWxgEw3"
],
"uid":"iamyuguo",
"parent":"zmfi37I7m",
"text":"",
"mid":"zmuGie78m",
"date":"2013-03-08 16:14:47"
},
{
"kids":[],
"uid":"1696249264",
"parent":"zmjPr0Aq1",
"text":"呀，有个叫猫老臭的@寂-半-人-猫 [哈哈]",
"mid":"zmuvM8p5q",
"date":"2013-03-08 15:48:50"
},
{
"kids":[],
"uid":"2919572102",
"parent":"zmi3G7pjq",
"text":"",
"mid":"zmrF0z0XV",
"date":"2013-03-08 08:33:22"
},
{
"kids":[],
"uid":"1583726395",
"parent":"zmi9pgXCx",
"text":"",
"mid":"zmrlXvGGA",
"date":"2013-03-08 07:46:27"
},
{
"kids":[],
"uid":"2919841834",
"parent":"zmiWxtbHr",
"text":"",
"mid":"zmqYwfYpU",
"date":"2013-03-08 06:48:42"
},
{
"kids":[],
"uid":"2803501290",
"parent":"zmeF4iHOz",
"text":"",
"mid":"zmq4AF3oW",
"date":"2013-03-08 04:30:55"
},
{
"kids":[],
"uid":"2809964922",
"parent":"zmiUPa7JF",
"text":"",
"mid":"zmpFW6q7A",
"date":"2013-03-08 03:30:09"
},
{
"kids":[],
"uid":"2919882152",
"parent":"zmitlD0zy",
"text":"",
"mid":"zmpzvtFHe",
"date":"2013-03-08 03:14:20"
},
{
"kids":[],
"uid":"2920274284",
"parent":"",
"text":"",
"mid":"zmp2mjaxt",
"date":"2013-03-08 01:52:39"
},
{
"kids":[
"zmwzqxII3"
],
"uid":"1632126005",
"parent":"zmmxqvoXG",
"text":"擦！",
"mid":"zmog9vf6E",
"date":"2013-03-07 23:53:51"
},
{
"kids":[],
"uid":"2049897725",
"parent":"zmkEMBqs1",
"text":"也带上我啊！",
"mid":"zmo9rDzSN",
"date":"2013-03-07 23:37:23"
},
{
"kids":[],
"uid":"2049897725",
"parent":"zmkEMBqs1",
"text":"也带上我啊",
"mid":"zmo9cD6IA",
"date":"2013-03-07 23:36:46"
},
{
"kids":[],
"uid":"2815399601",
"parent":"zml8xlR7c",
"text":"@覃冶槐 @ 要去吗？[偷笑]",
"mid":"zmnF8kz4V",
"date":"2013-03-07 22:22:42"
},
{
"kids":[],
"uid":"1582572443",
"parent":"",
"text":"",
"mid":"zmnEvlzk0",
"date":"2013-03-07 22:21:06"
},
{
"kids":[],
"uid":"xieluzhi",
"parent":"",
"text":"我勒个去……",
"mid":"zmnA3Duow",
"date":"2013-03-07 22:10:09"
},
{
"kids":[],
"uid":"1582572443",
"parent":"",
"text":"",
"mid":"zmnxp3cCo",
"date":"2013-03-07 22:03:39"
},
{
"kids":[],
"uid":"lmz8848",
"parent":"",
"text":"老谣了，还好意思传？",
"mid":"zmn5taef1",
"date":"2013-03-07 20:54:50"
},
{
"kids":[],
"uid":"2820686492",
"parent":"zmlmehQMB",
"text":"",
"mid":"zmmZm4fdR",
"date":"2013-03-07 20:39:45"
},
{
"kids":[],
"uid":"1903236223",
"parent":"zmlmehQMB",
"text":"",
"mid":"zmmYjkMV7",
"date":"2013-03-07 20:37:11"
},
{
"kids":[],
"uid":"2865016112",
"parent":"zmlmehQMB",
"text":"",
"mid":"zmmRnnGUU",
"date":"2013-03-07 20:20:08"
},
{
"kids":[],
"uid":"1581683623",
"parent":"zmlmehQMB",
"text":"奶奶的...",
"mid":"zmmxShDA4",
"date":"2013-03-07 19:32:03"
},
{
"kids":[
"zoHZEfk4n",
"zoHZEdXGo",
"zmog9vf6E"
],
"uid":"2565532047",
"parent":"zmiCxDuRG",
"text":"@-BMW-M3- @合肥市包河区旅游 @安徽Ben_胡 @小小小小小小糊涂 @白人黑脸 @郭德纲 @钉钩",
"mid":"zmmxqvoXG",
"date":"2013-03-07 19:30:57"
},
{
"kids":[],
"uid":"1996722031",
"parent":"",
"text":"还有这样的事？？？？",
"mid":"zmmbAdNg0",
"date":"2013-03-07 18:37:08"
},
{
"kids":[],
"uid":"1795746565",
"parent":"zmliDtTET",
"text":"",
"mid":"zmmbkkiqT",
"date":"2013-03-07 18:36:31"
},
{
"kids":[],
"uid":"1862745470",
"parent":"",
"text":"",
"mid":"zmm0vcqkv",
"date":"2013-03-07 18:09:51"
},
{
"kids":[],
"uid":"2831159422",
"parent":"",
"text":"",
"mid":"zmlSzddUJ",
"date":"2013-03-07 17:50:18"
},
{
"kids":[],
"uid":"2187293954",
"parent":"",
"text":"甘果三日千奇唔好去云南",
"mid":"zmlSjxm11",
"date":"2013-03-07 17:49:42"
},
{
"kids":[],
"uid":"xiachunkun",
"parent":"zmlmehQMB",
"text":"",
"mid":"zmlRD1FF1",
"date":"2013-03-07 17:47:58"
},
{
"kids":[],
"uid":"1204206364",
"parent":"zmisi1ieF",
"text":"看你们乃点出息",
"mid":"zmlzM7hpU",
"date":"2013-03-07 17:03:59"
},
{
"kids":[],
"uid":"1917023400",
"parent":"",
"text":"可以有[花心]@朱煜明 @尹栎NL @寻影如思 @田小乙哥 @曹京mojo @孙振涛",
"mid":"zmlx5pPh0",
"date":"2013-03-07 16:57:23"
},
{
"kids":[],
"uid":"2840321860",
"parent":"zmlgejgZ9",
"text":"[围观][威武]",
"mid":"zmlsrm83Y",
"date":"2013-03-07 16:45:54"
},
{
"kids":[],
"uid":"1892799263",
"parent":"zmlmehQMB",
"text":"我靠，我要去",
"mid":"zmlsqrFgr",
"date":"2013-03-07 16:45:54"
},
{
"kids":[],
"uid":"monkeyaisheep",
"parent":"",
"text":"[晕]",
"mid":"zmloLe3Ej",
"date":"2013-03-07 16:36:50"
},
{
"kids":[],
"uid":"yumaoke",
"parent":"zmlmehQMB",
"text":"额，貌似图片配错了，因为摸奶节只能摸一只，另外一只是留给未来老公的",
"mid":"zmln3bKmx",
"date":"2013-03-07 16:32:35"
},
{
"kids":[
"zmmZm4fdR",
"zmmYjkMV7",
"zmmRnnGUU",
"zmmxShDA4",
"zmlRD1FF1",
"zmlsqrFgr",
"zmln3bKmx"
],
"uid":"laolvsculpturestudio",
"parent":"zmkZO371T",
"text":"泰国的节日么",
"mid":"zmlmehQMB",
"date":"2013-03-07 16:30:39"
},
{
"kids":[],
"uid":"1762898473",
"parent":"",
"text":"[哈哈]",
"mid":"zmllTk3ZB",
"date":"2013-03-07 16:29:48"
},
{
"kids":[],
"uid":"1893291264",
"parent":"zml8xlR7c",
"text":"",
"mid":"zmllsbCfS",
"date":"2013-03-07 16:28:43"
},
{
"kids":[
"zmmbkkiqT"
],
"uid":"3192827085",
"parent":"",
"text":"嘿嘿",
"mid":"zmliDtTET",
"date":"2013-03-07 16:21:47"
},
{
"kids":[],
"uid":"2644895661",
"parent":"",
"text":"不过还是奉劝，心怀鬼胎的人：看好你的手。",
"mid":"zmli3anWK",
"date":"2013-03-07 16:20:19"
},
{
"kids":[
"zmlsrm83Y"
],
"uid":"2686157954",
"parent":"",
"text":"长见识了。[江南style]",
"mid":"zmlgejgZ9",
"date":"2013-03-07 16:15:51"
},
{
"kids":[],
"uid":"210109646",
"parent":"",
"text":"",
"mid":"zmlemcsgm",
"date":"2013-03-07 16:11:14"
},
{
"kids":[],
"uid":"2157485044",
"parent":"zmkTN7OmC",
"text":"有无 竹笋型 啊 ！！！又 或者 吊钟型 都 得 ！！！[亲亲][亲亲][哈哈][哈哈]",
"mid":"zmlbxdr0u",
"date":"2013-03-07 16:04:18"
},
{
"kids":[],
"uid":"congyuankun",
"parent":"zmiMRCXRN",
"text":"带上我！！",
"mid":"zml9qiGoy",
"date":"2013-03-07 15:59:04"
},
{
"kids":[],
"uid":"2814016251",
"parent":"",
"text":"7月14日、15日与16日有空去一下。",
"mid":"zml9qiGns",
"date":"2013-03-07 15:59:05"
},
{
"kids":[
"zmnF8kz4V",
"zmllsbCfS"
],
"uid":"2903151497",
"parent":"",
"text":"不丹王国：拜JB为神物![哈哈]摸摸奶算啥![哈哈][威武]",
"mid":"zml8xlR7c",
"date":"2013-03-07 15:56:53"
},
{
"kids":[],
"uid":"2159628963",
"parent":"zmkIyFeZB",
"text":"哈哈！猥亵也有合法地！",
"mid":"zml7hEihb",
"date":"2013-03-07 15:53:50"
},
{
"kids":[],
"uid":"2676996905",
"parent":"zml4N9uF0",
"text":"那赶紧去那开展丰胸业务[嘻嘻]",
"mid":"zml6lsLqd",
"date":"2013-03-07 15:51:30"
},
{
"kids":[
"zml6lsLqd"
],
"uid":"2876127394",
"parent":"",
"text":"还有这等好事？",
"mid":"zml4N9uF0",
"date":"2013-03-07 15:47:39"
},
{
"kids":[],
"uid":"2787173692",
"parent":"zmjbt1z6Z",
"text":"我笑了，董董，俊俊@董小小贱 @付小俊Style      马哥@马灿文小盆友 彝族摸奶节”是在网络上有人恶意炒作的一个云南楚雄的所谓节日。大致传言是：“时间为每年阴历的7月14、15、16三天，摸奶节期间男人以摸到奶为吉祥，女子们以被摸奶为吉利，节日起源于隋朝年间。”后经当地证实纯属虚构。",
"mid":"zml245TrS",
"date":"2013-03-07 15:40:57"
},
{
"kids":[],
"uid":"274577443",
"parent":"zmkZO371T",
"text":"",
"mid":"zml0EAfhq",
"date":"2013-03-07 15:37:29"
},
{
"kids":[],
"uid":"1943915460",
"parent":"zmkU6j6iY",
"text":"unbelievable",
"mid":"zml0bp72a",
"date":"2013-03-07 15:36:17"
},
{
"kids":[
"zmlmehQMB",
"zml0EAfhq"
],
"uid":"lapaon",
"parent":"zmkU6j6iY",
"text":"",
"mid":"zmkZO371T",
"date":"2013-03-07 15:35:23"
},
{
"kids":[
"zml0bp72a",
"zmkZO371T"
],
"uid":"2516920643",
"parent":"zmkKdtcxG",
"text":"",
"mid":"zmkU6j6iY",
"date":"2013-03-07 15:21:19"
},
{
"kids":[
"zmlbxdr0u"
],
"uid":"1682132785",
"parent":"zmkBqC82i",
"text":"别高兴太早，男同胞都去云南自然僧多粥少，到时姑娘无得摸，只能放条母牛让你摸[哈哈]",
"mid":"zmkTN7OmC",
"date":"2013-03-07 15:20:34"
},
{
"kids":[],
"uid":"1071830675",
"parent":"zmkIyFeZB",
"text":"怎么像人妖[偷笑][偷笑]",
"mid":"zmkO6CCKE",
"date":"2013-03-07 15:06:34"
},
{
"kids":[],
"uid":"2403734714",
"parent":"",
"text":"太开放",
"mid":"zmkO365jz",
"date":"2013-03-07 15:06:24"
},
{
"kids":[],
"uid":"2249065715",
"parent":"",
"text":"@大大大_大磊磊 @小祥会变优秀 @小峥最近很颓废 [花心][花心][花心][花心]",
"mid":"zmkKyqYMT",
"date":"2013-03-07 14:57:48"
},
{
"kids":[
"zmkU6j6iY"
],
"uid":"2261976902",
"parent":"",
"text":"",
"mid":"zmkKdtcxG",
"date":"2013-03-07 14:56:58"
},
{
"kids":[
"zml7hEihb",
"zmkO6CCKE"
],
"uid":"2615345631",
"parent":"zmkHps1IM",
"text":"",
"mid":"zmkIyFeZB",
"date":"2013-03-07 14:52:52"
},
{
"kids":[
"zmkIyFeZB"
],
"uid":"2451740251",
"parent":"",
"text":"来回的路费你报吗？",
"mid":"zmkHps1IM",
"date":"2013-03-07 14:50:04"
},
{
"kids":[],
"uid":"dreamersiliu",
"parent":"zmkvDg2mn",
"text":"",
"mid":"zmkH3hfkW",
"date":"2013-03-07 14:49:09"
},
{
"kids":[],
"uid":"enziming",
"parent":"zmhWTBsRB",
"text":"[挖鼻屎][挖鼻屎][挖鼻屎][挖鼻屎][挖鼻屎]",
"mid":"zmkFSAgrv",
"date":"2013-03-07 14:46:17"
},
{
"kids":[
"zmo9rDzSN",
"zmo9cD6IA"
],
"uid":"1918239827",
"parent":"zmkAW80aO",
"text":"卧槽，带上我啊，我也去好运下",
"mid":"zmkEMBqs1",
"date":"2013-03-07 14:43:35"
},
{
"kids":[
"zmkTN7OmC"
],
"uid":"2657740727",
"parent":"zmj3P1ECK",
"text":"[哈哈]@白云车仔佬2:甘大个仔依加先知有D甘既好野，我顶。",
"mid":"zmkBqC82i",
"date":"2013-03-07 14:35:19"
},
{
"kids":[
"zmkEMBqs1"
],
"uid":"2150814402",
"parent":"zme9BrHv7",
"text":"这更坚定了我要去云南的心啊",
"mid":"zmkAW80aO",
"date":"2013-03-07 14:34:05"
},
{
"kids":[
"zmkH3hfkW"
],
"uid":"1914052820",
"parent":"zmkuGrAnu",
"text":"节操都没了",
"mid":"zmkvDg2mn",
"date":"2013-03-07 14:21:03"
},
{
"kids":[
"zmkvDg2mn"
],
"uid":"1962189297",
"parent":"zmkg5nmB6",
"text":"",
"mid":"zmkuGrAnu",
"date":"2013-03-07 14:18:43"
},
{
"kids":[],
"uid":"2603617714",
"parent":"",
"text":"实在爽",
"mid":"zmkkMspjD",
"date":"2013-03-07 13:54:19"
},
{
"kids":[],
"uid":"2328075671",
"parent":"zmjnbAKvS",
"text":"我過幾日就去",
"mid":"zmkkdxp6U",
"date":"2013-03-07 13:52:55"
},
{
"kids":[],
"uid":"529617892",
"parent":"",
"text":"儿子上不了飞机！我先去当当样！",
"mid":"zmkgOBOHk",
"date":"2013-03-07 13:44:33"
},
{
"kids":[
"zmkuGrAnu"
],
"uid":"2172930680",
"parent":"zmjfouaye",
"text":"这是个爷们也说不定",
"mid":"zmkg5nmB6",
"date":"2013-03-07 13:42:44"
},
{
"kids":[],
"uid":"1854020431",
"parent":"",
"text":"真的假的",
"mid":"zmkbK9Ga8",
"date":"2013-03-07 13:32:01"
},
{
"kids":[],
"uid":"2254181314",
"parent":"zmiAg4NOs",
"text":"[汗]",
"mid":"zmkaInw6b",
"date":"2013-03-07 13:29:31"
},
{
"kids":[],
"uid":"1690994904",
"parent":"",
"text":"",
"mid":"zmk9s3sBB",
"date":"2013-03-07 13:26:23"
},
{
"kids":[],
"uid":"1303067442",
"parent":"zmix2AETX",
"text":"",
"mid":"zmk8cAHZp",
"date":"2013-03-07 13:23:20"
},
{
"kids":[],
"uid":"2768282607",
"parent":"zmjYAmlrU",
"text":"这个女的像人妖",
"mid":"zmk6UwN43",
"date":"2013-03-07 13:20:08"
},
{
"kids":[],
"uid":"funnytong",
"parent":"zmiCIyH5L",
"text":"我都想报名啊。入团啊。",
"mid":"zmjZB0BTV",
"date":"2013-03-07 13:02:05"
},
{
"kids":[],
"uid":"2054574251",
"parent":"zmiyMuADK",
"text":"这呛是泰国的啊  云南个毛~",
"mid":"zmjZ8A7CC",
"date":"2013-03-07 13:00:59"
},
{
"kids":[],
"uid":"1757074423",
"parent":"zmjWx16cI",
"text":"这得是多少男人的欢乐啊……比如我小弟………[偷笑]",
"mid":"zmjZ5mXIK",
"date":"2013-03-07 13:00:52"
},
{
"kids":[
"zmk6UwN43"
],
"uid":"1831000480",
"parent":"zmj55kA8w",
"text":"@我组撒，那么远我又不可能去",
"mid":"zmjYAmlrU",
"date":"2013-03-07 12:59:36"
},
{
"kids":[],
"uid":"liang334289",
"parent":"zmjMGsZrL",
"text":"",
"mid":"zmjXXj3sK",
"date":"2013-03-07 12:58:04"
},
{
"kids":[],
"uid":"2013312741",
"parent":"zmjMGsZrL",
"text":"支持",
"mid":"zmjXIxsXC",
"date":"2013-03-07 12:57:31"
},
{
"kids":[],
"uid":"2426204613",
"parent":"",
"text":"我请你。",
"mid":"zmjX2zFUj",
"date":"2013-03-07 12:55:48"
},
{
"kids":[],
"uid":"2230750674",
"parent":"",
"text":"",
"mid":"zmjWJ5Fkz",
"date":"2013-03-07 12:55:03"
},
{
"kids":[
"zmjZ5mXIK"
],
"uid":"1815269793",
"parent":"",
"text":"[花心]",
"mid":"zmjWx16cI",
"date":"2013-03-07 12:54:32"
},
{
"kids":[],
"uid":"3199033130",
"parent":"zmdXWF8wx",
"text":"[围观][哈哈]",
"mid":"zmjVXtM7S",
"date":"2013-03-07 12:53:09"
},
{
"kids":[],
"uid":"barny2010",
"parent":"",
"text":"大量流传“摸奶节​”的说法，可能源于双柏县一个镇的旅游策划活动。据说有一次，该县下面某镇以一天几百元的酬劳，专门请来一批青年女子，在“鬼节”当天按“摸奶节”的风俗吸引游客。“其实，这与曾经存在的‘摸奶’根本不是一回事”。根据其介绍，后来该事件由于过火，被当地上级领导严厉批评。",
"mid":"zmjVG3QJg",
"date":"2013-03-07 12:52:27"
},
{
"kids":[],
"uid":"1959926061",
"parent":"zmiDz9STa",
"text":"",
"mid":"zmjU0DY0T",
"date":"2013-03-07 12:48:21"
},
{
"kids":[],
"uid":"2300791042",
"parent":"zmiNx37cI",
"text":"@肥头大耳招财猫 @非衣骏彳懒猫 灵伐",
"mid":"zmjTzcQWD",
"date":"2013-03-07 12:47:14"
},
{
"kids":[
"zmuvM8p5q"
],
"uid":"1410039883",
"parent":"zmjOuux8x",
"text":"[偷笑]",
"mid":"zmjPr0Aq1",
"date":"2013-03-07 12:37:05"
},
{
"kids":[],
"uid":"2104643354",
"parent":"",
"text":"这个可以有![偷笑][偷笑]",
"mid":"zmjPokQSS",
"date":"2013-03-07 12:36:58"
},
{
"kids":[],
"uid":"1804656237",
"parent":"",
"text":"→ →",
"mid":"zmjPhwdv4",
"date":"2013-03-07 12:36:41"
},
{
"kids":[],
"uid":"cm1111111",
"parent":"zmjEE1FFp",
"text":"@女壮士_wang_one_noe 离你们那儿近么。。下次叫赵赛带我们去",
"mid":"zmjOWwhDh",
"date":"2013-03-07 12:35:53"
},
{
"kids":[],
"uid":"1821636711",
"parent":"",
"text":"右边摸过",
"mid":"zmjOLiCdI",
"date":"2013-03-07 12:35:26"
},
{
"kids":[
"zmjPr0Aq1"
],
"uid":"427207444",
"parent":"zmjMGsZrL",
"text":"这个节日很棒啊！好向往[花心]",
"mid":"zmjOuux8x",
"date":"2013-03-07 12:34:45"
},
{
"kids":[
"zmjXXj3sK",
"zmjXIxsXC",
"zmjOuux8x"
],
"uid":"2426204613",
"parent":"",
"text":"@BMW纳尼玛 @7in丶海明 @1骑绝尘888 @寂-半-人-猫 @塞上骄子     咱几个组团一起呗[偷笑][偷笑]",
"mid":"zmjMGsZrL",
"date":"2013-03-07 12:30:17"
},
{
"kids":[],
"uid":"2102171835",
"parent":"",
"text":"你@我干嘛，想去就自己去呗，不过算好时间。",
"mid":"zmjMGdGAg",
"date":"2013-03-07 12:30:15"
},
{
"kids":[],
"uid":"2471122480",
"parent":"zmiiiD1yU",
"text":"云南是个好地方",
"mid":"zmjLtppLa",
"date":"2013-03-07 12:27:20"
},
{
"kids":[],
"uid":"2235591601",
"parent":"",
"text":"我长这么大，这还真的第一次听说。",
"mid":"zmjLlcc7J",
"date":"2013-03-07 12:27:00"
},
{
"kids":[],
"uid":"2943247821",
"parent":"zmiNVi2AP",
"text":"很无语吧…………[衰][衰]",
"mid":"zmjKtnY4X",
"date":"2013-03-07 12:24:51"
},
{
"kids":[],
"uid":"239753123",
"parent":"",
"text":"[噓]",
"mid":"zmjG9ltNM",
"date":"2013-03-07 12:14:11"
},
{
"kids":[],
"uid":"3189651905",
"parent":"",
"text":"摸也不用脱光了摸吧。",
"mid":"zmjFQtN7Q",
"date":"2013-03-07 12:13:27"
},
{
"kids":[],
"uid":"239753123",
"parent":"zmjEV75Sx",
"text":"我说出来的也是你的心声对伐，哈哈哈",
"mid":"zmjFEBnAs",
"date":"2013-03-07 12:12:59"
},
{
"kids":[],
"uid":"3166191647",
"parent":"zmiEGADmA",
"text":"今年组团去吧",
"mid":"zmjFp0YBo",
"date":"2013-03-07 12:12:20"
},
{
"kids":[
"zmjFEBnAs"
],
"uid":"ketty2413",
"parent":"zmjDaEL2B",
"text":"@一筒姐姐__徐太太 弄哈粗鲁！！[偷笑]",
"mid":"zmjEV75Sx",
"date":"2013-03-07 12:11:10"
},
{
"kids":[
"zmjOWwhDh"
],
"uid":"517205672",
"parent":"",
"text":"这尼玛下回必须按到点克阿。",
"mid":"zmjEE1FFp",
"date":"2013-03-07 12:10:30"
},
{
"kids":[
"zmjEV75Sx"
],
"uid":"239753123",
"parent":"zmjwxF8ic",
"text":"原来云南这么开放！！！我要找个有摸卵节的地方！！！",
"mid":"zmjDaEL2B",
"date":"2013-03-07 12:06:53"
},
{
"kids":[],
"uid":"2154101575",
"parent":"zmhX063JU",
"text":"如此有益身心健康的节日必须推广全国有木有[害羞]@捅你揸",
"mid":"zmjBC4eBI",
"date":"2013-03-07 12:03:02"
},
{
"kids":[],
"uid":"hmjz7767",
"parent":"",
"text":"[花心][花心][花心]",
"mid":"zmjBr9rTE",
"date":"2013-03-07 12:02:36"
},
{
"kids":[],
"uid":"2083379234",
"parent":"",
"text":"",
"mid":"zmjzfuOfy",
"date":"2013-03-07 11:57:11"
},
{
"kids":[],
"uid":"1103589930",
"parent":"",
"text":"",
"mid":"zmjz58dXi",
"date":"2013-03-07 11:56:48"
},
{
"kids":[],
"uid":"87577294",
"parent":"zmeMxC92v",
"text":"",
"mid":"zmjyyBDTM",
"date":"2013-03-07 11:55:30"
},
{
"kids":[],
"uid":"zzmz94",
"parent":"zmjke7EvL",
"text":"扩散[汗]",
"mid":"zmjywhZ9z",
"date":"2013-03-07 11:55:24"
},
{
"kids":[],
"uid":"1921028533",
"parent":"zmdKNqngR",
"text":"",
"mid":"zmjxao5Zu",
"date":"2013-03-07 11:52:05"
},
{
"kids":[
"zmjDaEL2B"
],
"uid":"2211407221",
"parent":"zmiZUrrug",
"text":"摸奶子[思考][思考]",
"mid":"zmjwxF8ic",
"date":"2013-03-07 11:50:31"
},
{
"kids":[],
"uid":"ssuwulan",
"parent":"zmjuMixK6",
"text":"我带去摸个够。",
"mid":"zmjwqyQLu",
"date":"2013-03-07 11:50:15"
},
{
"kids":[
"zmjwqyQLu"
],
"uid":"2491512387",
"parent":"zmiEGADmA",
"text":"/走吧.现在定票/@双月传说:真的假的？我去过那，怎么不知道啊?@宸宸de老爸 @文文的哥们 @涛声衣旧已久 @大耳朵开出租 @肖南-青岛",
"mid":"zmjuMixK6",
"date":"2013-03-07 11:46:12"
},
{
"kids":[],
"uid":"2557517144",
"parent":"",
"text":"禽兽，放开那女孩，让我来。",
"mid":"zmjpr3IKp",
"date":"2013-03-07 11:33:02"
},
{
"kids":[],
"uid":"1960049193",
"parent":"zmeDS9aaB",
"text":"[吃惊]",
"mid":"zmjpg8GFi",
"date":"2013-03-07 11:32:36"
},
{
"kids":[],
"uid":"2617615404",
"parent":"zmiUPa7JF",
"text":"敢不敢组个团？什么时候开始！！！？？？",
"mid":"zmjoo6WEz",
"date":"2013-03-07 11:30:26"
},
{
"kids":[
"zmkkdxp6U"
],
"uid":"2254363803",
"parent":"",
"text":"唔使估啦。今年我们去见证下[钱]@憨叮 @卍诚-Savage",
"mid":"zmjnbAKvS",
"date":"2013-03-07 11:27:30"
},
{
"kids":[
"zmjywhZ9z"
],
"uid":"3289628477",
"parent":"zmiC9FmcA",
"text":"@西落君-一到晚上就犯困 [汗]",
"mid":"zmjke7EvL",
"date":"2013-03-07 11:20:12"
},
{
"kids":[],
"uid":"2867675140",
"parent":"zmiMRCXRN",
"text":"我去攒路费！",
"mid":"zmjj1je9l",
"date":"2013-03-07 11:17:13"
},
{
"kids":[],
"uid":"2612521172",
"parent":"zmjfouaye",
"text":"个叫派弄去侦察一下啦",
"mid":"zmjg0jtFD",
"date":"2013-03-07 11:09:48"
},
{
"kids":[
"zmkg5nmB6",
"zmjg0jtFD"
],
"uid":"kikijiang531",
"parent":"zmj5lxaKY",
"text":"既然@我，我就来普及一下，据我了解，这个节是真实存在的，但是他们只能摸单边，而不能同时摸，不然就是大不敬，楼主配的图明显误导，而且一看就知道是泰国美女。",
"mid":"zmjfouaye",
"date":"2013-03-07 11:08:16"
},
{
"kids":[],
"uid":"yeziqingchen",
"parent":"zmiXBELWe",
"text":"啊~噗~~~肿么会有这种节的存在？！",
"mid":"zmjdR3Hqj",
"date":"2013-03-07 11:04:29"
},
{
"kids":[
"zml245TrS"
],
"uid":"mschaoren",
"parent":"",
"text":"“彝族摸奶节”是在网络上有人恶意炒作的一个云南楚雄的所谓节日。大致传言是：“时间为每年阴历的7月14、15、16三天，摸奶节期间男人以摸到奶为吉祥，女子们以被摸奶为吉利，节日起源于隋朝年间。”后经当地证实纯属虚构。        原来如此。纯属虚构 那么发微博那个最好不要给彝族的人杀了••••",
"mid":"zmjbt1z6Z",
"date":"2013-03-07 10:58:36"
},
{
"kids":[],
"uid":"cxf13938245604",
"parent":"zmiJ4bS45",
"text":"",
"mid":"zmj9bqoNa",
"date":"2013-03-07 10:53:00"
},
{
"kids":[],
"uid":"1688625941",
"parent":"",
"text":"这个就打消了我5000炮的顾虑....@王嘉林_ [抓狂]",
"mid":"zmj5u8vae",
"date":"2013-03-07 10:43:53"
},
{
"kids":[
"zmjfouaye"
],
"uid":"2612521172",
"parent":"zmj55kA8w",
"text":"@kiki_蒋",
"mid":"zmj5lxaKY",
"date":"2013-03-07 10:43:31"
},
{
"kids":[],
"uid":"1965021387",
"parent":"",
"text":"我要去云南旅游，千万别让老婆知道！",
"mid":"zmj5eubW3",
"date":"2013-03-07 10:43:16"
},
{
"kids":[],
"uid":"1968041653",
"parent":"zmiV5F0cf",
"text":"[花心]",
"mid":"zmj5ajvEI",
"date":"2013-03-07 10:43:07"
},
{
"kids":[
"zmjYAmlrU",
"zmj5lxaKY"
],
"uid":"2612521172",
"parent":"zmiJtAB6B",
"text":"@小胖蟹13_Rex @高192cm的泡泡 @big潴頭",
"mid":"zmj55kA8w",
"date":"2013-03-07 10:42:55"
},
{
"kids":[
"zmkBqC82i"
],
"uid":"1195961352",
"parent":"zmiFMeXR1",
"text":"甘大个仔依加先知有D甘既好野，我顶。",
"mid":"zmj3P1ECK",
"date":"2013-03-07 10:39:45"
},
{
"kids":[],
"uid":"1775656423",
"parent":"zmfAiwXqG",
"text":"",
"mid":"zmj1OzR8R",
"date":"2013-03-07 10:34:52"
},
{
"kids":[],
"uid":"2611723662",
"parent":"",
"text":"奇葩的节日",
"mid":"zmiZWccqi",
"date":"2013-03-07 10:30:12"
},
{
"kids":[
"zmjwxF8ic"
],
"uid":"2409042052",
"parent":"zmiJtAB6B",
"text":"@譕s恏小苧 @Max骏1983 @沈__小饼 @坚强的小排骨Tokey",
"mid":"zmiZUrrug",
"date":"2013-03-07 10:30:09"
},
{
"kids":[],
"uid":"2713707927",
"parent":"",
"text":"哈哈！这个节日好！抓紧去看看吧！",
"mid":"zmiYzoLpN",
"date":"2013-03-07 10:26:51"
},
{
"kids":[],
"uid":"2495600217",
"parent":"",
"text":"大家都去旅游吧",
"mid":"zmiYvwQF9",
"date":"2013-03-07 10:26:42"
},
{
"kids":[],
"uid":"2753469571",
"parent":"zmiORtY7J",
"text":"我要去云南@",
"mid":"zmiY2BFji",
"date":"2013-03-07 10:25:31"
},
{
"kids":[],
"uid":"2713707927",
"parent":"",
"text":"[心]",
"mid":"zmiY0v8Jh",
"date":"2013-03-07 10:25:27"
},
{
"kids":[
"zmjdR3Hqj"
],
"uid":"2341604211",
"parent":"zmiWLEbaz",
"text":"博主应该去写小说，太会YY了",
"mid":"zmiXBELWe",
"date":"2013-03-07 10:24:28"
},
{
"kids":[
"zmiXBELWe"
],
"uid":"1769569001",
"parent":"",
"text":"求个时间地点，有人组团么~~",
"mid":"zmiWLEbaz",
"date":"2013-03-07 10:22:23"
},
{
"kids":[
"zmqYwfYpU"
],
"uid":"2950954063",
"parent":"zmhX063JU",
"text":"哇！[花心][花心]这样也行啊",
"mid":"zmiWxtbHr",
"date":"2013-03-07 10:21:51"
},
{
"kids":[],
"uid":"2453785942",
"parent":"zmiAehwjb",
"text":"这个节.....[嘻嘻]",
"mid":"zmiWomyTD",
"date":"2013-03-07 10:21:28"
},
{
"kids":[],
"uid":"21317191",
"parent":"zmeFukGak",
"text":"存疑！很多地方风俗，以现代文明视角，显然属于“劣习”，必然逐步消亡，我不太相信这类风俗还存在。另外，附照看上去像泰国摸人妖的照片，这类照片我的朋友们就有很多。",
"mid":"zmiVV7fpK",
"date":"2013-03-07 10:20:18"
},
{
"kids":[
"zmj5ajvEI"
],
"uid":"2285722684",
"parent":"",
"text":"[花心]",
"mid":"zmiV5F0cf",
"date":"2013-03-07 10:18:17"
},
{
"kids":[
"zmpFW6q7A",
"zmjoo6WEz"
],
"uid":"2987948952",
"parent":"zmhX063JU",
"text":"额，，，这地还是好，，，",
"mid":"zmiUPa7JF",
"date":"2013-03-07 10:17:37"
},
{
"kids":[],
"uid":"2382516591",
"parent":"zmiOwdsTq",
"text":"我了个去。。。。",
"mid":"zmiTQxm28",
"date":"2013-03-07 10:15:12"
},
{
"kids":[],
"uid":"2519699727",
"parent":"zmhWTBsRB",
"text":"",
"mid":"zmiSZDwgP",
"date":"2013-03-07 10:13:08"
},
{
"kids":[],
"uid":"zqxlvwjw",
"parent":"zmiHvekbB",
"text":"这明显是人妖~~~",
"mid":"zmiSAvzAf",
"date":"2013-03-07 10:12:07"
},
{
"kids":[],
"uid":"2069031784",
"parent":"zmiOwdsTq",
"text":"离得很近，到时愿身先士卒，直捣黄龙，",
"mid":"zmiRzyUUL",
"date":"2013-03-07 10:09:36"
},
{
"kids":[],
"uid":"1677326810",
"parent":"",
"text":"我勒个去",
"mid":"zmiPN7MNa",
"date":"2013-03-07 10:05:12"
},
{
"kids":[
"zmiY2BFji"
],
"uid":"nickgs",
"parent":"zmiMRCXRN",
"text":"",
"mid":"zmiORtY7J",
"date":"2013-03-07 10:02:55"
},
{
"kids":[
"zmiTQxm28",
"zmiRzyUUL"
],
"uid":"2743378992",
"parent":"",
"text":"我勒个去。。不再犹豫。",
"mid":"zmiOwdsTq",
"date":"2013-03-07 10:02:03"
},
{
"kids":[],
"uid":"fandongliu",
"parent":"zmiMRCXRN",
"text":"好多年前看过一本叫做《青春艳曲》的小说，里面就提到这个似乎，还有一个名堂，叫“摸奶弄”，哈哈哈",
"mid":"zmiO1a0G6",
"date":"2013-03-07 10:00:51"
},
{
"kids":[
"zmjKtnY4X"
],
"uid":"1855763582",
"parent":"",
"text":"@宋_蛇仔 @韦QB @小家杰思密达 @叶叶叶清安 @",
"mid":"zmiNVi2AP",
"date":"2013-03-07 10:00:37"
},
{
"kids":[],
"uid":"2617298460",
"parent":"",
"text":"记得日期你去吧",
"mid":"zmiNPCiL8",
"date":"2013-03-07 10:00:24"
},
{
"kids":[
"zmjTzcQWD"
],
"uid":"1580490113",
"parent":"zmhXcxShu",
"text":"[抓狂]@无敌霸王腿 @王晓辉_Joshua轩",
"mid":"zmiNx37cI",
"date":"2013-03-07 09:59:38"
},
{
"kids":[],
"uid":"2803434754",
"parent":"zmi2f8B9y",
"text":"",
"mid":"zmiNkiZsA",
"date":"2013-03-07 09:59:09"
},
{
"kids":[
"zml9qiGoy",
"zmjj1je9l",
"zmiORtY7J",
"zmiO1a0G6"
],
"uid":"2954319960",
"parent":"zmixWuYEg",
"text":"@千幻冰云 @泛东流 走起！！",
"mid":"zmiMRCXRN",
"date":"2013-03-07 09:58:00"
},
{
"kids":[],
"uid":"3203845961",
"parent":"zmianw4Yv",
"text":"",
"mid":"zmiLFsSCz",
"date":"2013-03-07 09:55:04"
},
{
"kids":[],
"uid":"2185264561",
"parent":"",
"text":"@Manchester斯 @likaile__ 是不是很想去啊！[围观]",
"mid":"zmiLyoeXE",
"date":"2013-03-07 09:54:46"
},
{
"kids":[],
"uid":"2165327200",
"parent":"",
"text":"午飯不想吃了",
"mid":"zmiKptV2q",
"date":"2013-03-07 09:51:58"
},
{
"kids":[],
"uid":"ahu186",
"parent":"",
"text":"男人给男人定的合法流氓节",
"mid":"zmiKmzgXV",
"date":"2013-03-07 09:51:50"
},
{
"kids":[],
"uid":"joice2se7en",
"parent":"",
"text":"噶吓人啊@叮当喵姬 @大脸猫与蓝皮鼠喵咪咪 @笑笑_Mm苹 @北鼻向向是肉圆子",
"mid":"zmiK5pcZ5",
"date":"2013-03-07 09:51:10"
},
{
"kids":[
"zmj55kA8w",
"zmiZUrrug"
],
"uid":"1935732585",
"parent":"zmiHvekbB",
"text":"[汗][睡觉][吃惊][思考][偷笑][挖鼻屎]",
"mid":"zmiJtAB6B",
"date":"2013-03-07 09:49:39"
},
{
"kids":[
"zmj9bqoNa"
],
"uid":"338408086",
"parent":"",
"text":"这个可以有[哈哈][嘻嘻]也可以摸[给力]",
"mid":"zmiJ4bS45",
"date":"2013-03-07 09:48:39"
},
{
"kids":[],
"uid":"2165327200",
"parent":"zmiIizcmY",
"text":"額 你是說你也被這樣摸過啊 那人得多大的勇氣 [思考]",
"mid":"zmiJ02IKG",
"date":"2013-03-07 09:48:29"
},
{
"kids":[],
"uid":"lizhemiracle",
"parent":"",
"text":"……",
"mid":"zmiIDfnZ7",
"date":"2013-03-07 09:47:35"
},
{
"kids":[],
"uid":"2395241920",
"parent":"",
"text":"",
"mid":"zmiIsjjWC",
"date":"2013-03-07 09:47:08"
},
{
"kids":[],
"uid":"2356612802",
"parent":"zmhCZAOTx",
"text":"[吃惊]",
"mid":"zmiIrpeSz",
"date":"2013-03-07 09:47:07"
},
{
"kids":[
"zmiJ02IKG"
],
"uid":"206222648",
"parent":"",
"text":"而且这图上被摸的照片，貌似我也有，哈哈，我确定这是东方公主号",
"mid":"zmiIizcmY",
"date":"2013-03-07 09:46:45"
},
{
"kids":[],
"uid":"2727649881",
"parent":"",
"text":"还有这节[汗][汗]@丁佳峰Ivan",
"mid":"zmiI5fvK2",
"date":"2013-03-07 09:46:14"
},
{
"kids":[],
"uid":"3213442140",
"parent":"",
"text":"这是怎么了呢？？？",
"mid":"zmiHZmNfJ",
"date":"2013-03-07 09:46:00"
},
{
"kids":[
"zmiSAvzAf",
"zmiJtAB6B"
],
"uid":"2211407221",
"parent":"",
"text":"[吃惊][吃惊][吃惊][吃惊][汗][汗][汗]",
"mid":"zmiHvekbB",
"date":"2013-03-07 09:44:48"
},
{
"kids":[],
"uid":"3265663025",
"parent":"",
"text":"男士的福音再次降临",
"mid":"zmiGqqg0R",
"date":"2013-03-07 09:42:08"
},
{
"kids":[],
"uid":"910615111",
"parent":"",
"text":"我想表达我很虚伪。。。",
"mid":"zmiFXsDa5",
"date":"2013-03-07 09:41:00"
},
{
"kids":[
"zmj3P1ECK"
],
"uid":"2002123763",
"parent":"",
"text":"广东先行一步，[花心][花心]云南惠民政策多看呢！[嘻嘻][嘻嘻][嘻嘻][哈哈]",
"mid":"zmiFMeXR1",
"date":"2013-03-07 09:40:33"
},
{
"kids":[],
"uid":"1843372591",
"parent":"",
"text":"订机票吗？@DENG_JI聰 @Dream-梦味以求 @硬_男 @嘛嘛o地 @",
"mid":"zmiFn7U8w",
"date":"2013-03-07 09:39:32"
},
{
"kids":[],
"uid":"2165327200",
"parent":"zmiEDDiHP",
"text":"嗯 他很危險 求當保鑣",
"mid":"zmiFi6uCS",
"date":"2013-03-07 09:39:20"
},
{
"kids":[],
"uid":"206222648",
"parent":"zmiE9vFzu",
"text":"另外说一下，这照片是在泰国东方公主号上拍的，那里摸是要钱的，而且摸的还是有小JJ的！",
"mid":"zmiFgmeSu",
"date":"2013-03-07 09:39:17"
},
{
"kids":[
"zmjFp0YBo",
"zmjuMixK6"
],
"uid":"zixuan091114",
"parent":"zmiwgsK5h",
"text":"真的假的？我去过那，怎么不知道啊?@宸宸de老爸 @文文的哥们 @涛声衣旧已久 @大耳朵开出租 @肖南-青岛",
"mid":"zmiEGADmA",
"date":"2013-03-07 09:37:52"
},
{
"kids":[
"zmiFi6uCS"
],
"uid":"206222648",
"parent":"zmiE9vFzu",
"text":"我估计他这次不是那我们凑数，是要我们保护他，不被揍！",
"mid":"zmiEDDiHP",
"date":"2013-03-07 09:37:44"
},
{
"kids":[],
"uid":"ericisnice",
"parent":"zmiE9vFzu",
"text":"求凑数！[偷笑]",
"mid":"zmiEBzd0o",
"date":"2013-03-07 09:37:39"
},
{
"kids":[
"zntYR4SCC",
"znltpwPjZ",
"zmAOipNqt"
],
"uid":"1796740062",
"parent":"",
"text":"有空一定去云南",
"mid":"zmiEd3JJE",
"date":"2013-03-07 09:36:41"
},
{
"kids":[
"zmiFgmeSu",
"zmiEDDiHP",
"zmiEBzd0o"
],
"uid":"2165327200",
"parent":"",
"text":"你確定這次不是拿我們仨湊數的 ?",
"mid":"zmiE9vFzu",
"date":"2013-03-07 09:36:32"
},
{
"kids":[],
"uid":"2565634177",
"parent":"",
"text":"不是吧[吃惊]，还有这样的节日？？[汗]",
"mid":"zmiDSkn7G",
"date":"2013-03-07 09:35:52"
},
{
"kids":[],
"uid":"1210038942",
"parent":"zmi0S3IUh",
"text":"晕[偷笑]",
"mid":"zmiDQghWs",
"date":"2013-03-07 09:35:47"
},
{
"kids":[
"zmjU0DY0T"
],
"uid":"wujiang091189",
"parent":"zmduJkE5G",
"text":"[花心]",
"mid":"zmiDz9STa",
"date":"2013-03-07 09:35:05"
},
{
"kids":[],
"uid":"910615111",
"parent":"zmeMObgaR",
"text":"一群。。。[神马][弱]",
"mid":"zmiDbvgCf",
"date":"2013-03-07 09:34:09"
},
{
"kids":[
"zmjZB0BTV"
],
"uid":"1859686344",
"parent":"zmcIM7sCn",
"text":"@肥仔化身 @怪兽志狼 @Just_浩 @再见了小王子 组队么？？",
"mid":"zmiCIyH5L",
"date":"2013-03-07 09:33:01"
},
{
"kids":[
"zmmxqvoXG"
],
"uid":"2812644282",
"parent":"zmhMd7GYU",
"text":"好节好节[哈哈][哈哈][哈哈][哈哈]",
"mid":"zmiCxDuRG",
"date":"2013-03-07 09:32:35"
},
{
"kids":[
"zmjke7EvL"
],
"uid":"ahpubbs",
"parent":"",
"text":"[偷笑]",
"mid":"zmiC9FmcA",
"date":"2013-03-07 09:31:37"
},
{
"kids":[],
"uid":"526456881",
"parent":"",
"text":"天下之大，无奇不有！奇葩的摸奶节~！[阴险]",
"mid":"zmiBVwcdX",
"date":"2013-03-07 09:31:05"
},
{
"kids":[],
"uid":"2683290343",
"parent":"",
"text":"用人妖图片来搏这个已经不是新闻的新闻有意义吗？",
"mid":"zmiBzkDiw",
"date":"2013-03-07 09:30:10"
},
{
"kids":[
"zmkaInw6b"
],
"uid":"3180428257",
"parent":"",
"text":"这样都行~~[吃惊]",
"mid":"zmiAg4NOs",
"date":"2013-03-07 09:26:57"
},
{
"kids":[
"zmiWomyTD"
],
"uid":"ding447397158",
"parent":"zmiyMuADK",
"text":"",
"mid":"zmiAehwjb",
"date":"2013-03-07 09:26:52"
},
{
"kids":[
"zmjZ8A7CC",
"zmiAehwjb"
],
"uid":"2033327815",
"parent":"",
"text":"这也可以？不会摸了以后就留下来当女婿了吧？",
"mid":"zmiyMuADK",
"date":"2013-03-07 09:23:17"
},
{
"kids":[
"zmiMRCXRN"
],
"uid":"472534844",
"parent":"zmhX063JU",
"text":"当地政府很会做旅游营销",
"mid":"zmixWuYEg",
"date":"2013-03-07 09:21:14"
},
{
"kids":[],
"uid":"2193356410",
"parent":"",
"text":"@jessia想旅游 @快乐程子快乐 [偷笑][花心][花心]",
"mid":"zmixUqT05",
"date":"2013-03-07 09:21:10"
},
{
"kids":[],
"uid":"2663078813",
"parent":"zmisi1ieF",
"text":"独客你先去考察下[嘻嘻][嘻嘻][嘻嘻][嘻嘻][嘻嘻][哈哈]",
"mid":"zmixsk8Hy",
"date":"2013-03-07 09:20:03"
},
{
"kids":[],
"uid":"zhouxihao",
"parent":"zmis6wipw",
"text":"日子准么！旅游去",
"mid":"zmixazoFJ",
"date":"2013-03-07 09:19:21"
},
{
"kids":[
"zmk8cAHZp"
],
"uid":"2002123763",
"parent":"zmisi1ieF",
"text":"经有奸部门批准，所有男性出租车司机明天放假一起去云南！[嘻嘻][嘻嘻][嘻嘻][嘻嘻][嘻嘻][嘻嘻][哈哈]",
"mid":"zmix2AETX",
"date":"2013-03-07 09:19:02"
},
{
"kids":[
"zmiEGADmA"
],
"uid":"2451740251",
"parent":"zmirEag2m",
"text":"回复@独客1988:那你去吧",
"mid":"zmiwgsK5h",
"date":"2013-03-07 09:17:07"
},
{
"kids":[],
"uid":"1994968105",
"parent":"",
"text":"五系挂，应该假噶！",
"mid":"zmivg5C5e",
"date":"2013-03-07 09:14:37"
},
{
"kids":[
"zmpzvtFHe"
],
"uid":"zzgzw",
"parent":"zmisi1ieF",
"text":"亲，七月去云南游吧[馋嘴]",
"mid":"zmitlD0zy",
"date":"2013-03-07 09:09:56"
},
{
"kids":[],
"uid":"2368605244",
"parent":"",
"text":"@tom020263",
"mid":"zmit039Eu",
"date":"2013-03-07 09:09:05"
},
{
"kids":[],
"uid":"3186229424",
"parent":"",
"text":"这样也行····",
"mid":"zmiss47dl",
"date":"2013-03-07 09:07:43"
},
{
"kids":[],
"uid":"2294813877",
"parent":"zmhXKwSRb",
"text":"明年我就想去了！[爱你][爱你][爱你][花心][花心][花心]",
"mid":"zmisoxTiO",
"date":"2013-03-07 09:07:35"
},
{
"kids":[],
"uid":"1867583085",
"parent":"zmianw4Yv",
"text":"[花心]",
"mid":"zmisn2HHs",
"date":"2013-03-07 09:07:31"
},
{
"kids":[
"zmlzM7hpU",
"zmixsk8Hy",
"zmix2AETX",
"zmitlD0zy"
],
"uid":"2451740251",
"parent":"zmirEag2m",
"text":"让@独客1988 去探个究竟[偷笑]",
"mid":"zmisi1ieF",
"date":"2013-03-07 09:07:19"
},
{
"kids":[
"zmixazoFJ"
],
"uid":"1952893143",
"parent":"zmeTlkk6O",
"text":"谁说没有男人节",
"mid":"zmis6wipw",
"date":"2013-03-07 09:06:52"
},
{
"kids":[
"zmiwgsK5h",
"zmisi1ieF"
],
"uid":"2023187273",
"parent":"zmilPkxMy",
"text":"[哈哈]的假的？",
"mid":"zmirEag2m",
"date":"2013-03-07 09:05:43"
},
{
"kids":[],
"uid":"2451740251",
"parent":"zmhY5soQw",
"text":"回复@八步天空:不过去了赶上了也别错过啊[偷笑]",
"mid":"zmiqMjLC3",
"date":"2013-03-07 09:03:35"
},
{
"kids":[],
"uid":"3210321301",
"parent":"",
"text":"",
"mid":"zmipaaYYp",
"date":"2013-03-07 08:59:36"
},
{
"kids":[],
"uid":"rnlingyu",
"parent":"zmhX063JU",
"text":"期待去一次[哈哈]",
"mid":"zmip7cUOn",
"date":"2013-03-07 08:59:29"
},
{
"kids":[],
"uid":"2615985421",
"parent":"zmhXKwSRb",
"text":"",
"mid":"zmip5raBD",
"date":"2013-03-07 08:59:26"
},
{
"kids":[],
"uid":"scorpio113",
"parent":"",
"text":"组个团一定爆满！",
"mid":"zmioOi7aF",
"date":"2013-03-07 08:58:45"
},
{
"kids":[],
"uid":"2459198297",
"parent":"zmfLSigPc",
"text":"[花心]",
"mid":"zmiotAPq6",
"date":"2013-03-07 08:57:56"
},
{
"kids":[],
"uid":"dihuangjunwang",
"parent":"zmhX063JU",
"text":"",
"mid":"zminLhngG",
"date":"2013-03-07 08:56:09"
},
{
"kids":[],
"uid":"2216099441",
"parent":"zmhX063JU",
"text":"我擦得嘞 真的假的",
"mid":"zminEud5F",
"date":"2013-03-07 08:55:53"
},
{
"kids":[],
"uid":"3172658443",
"parent":"zmhX063JU",
"text":"霸道哥前半句我虎躯一震，后半句我立马萎了。",
"mid":"zminoyV5g",
"date":"2013-03-07 08:55:16"
},
{
"kids":[],
"uid":"3002743703",
"parent":"",
"text":"哈哈[可爱]",
"mid":"zminbyKkB",
"date":"2013-03-07 08:54:45"
},
{
"kids":[],
"uid":"2451740251",
"parent":"zmhY5soQw",
"text":"回复@独客1988:就看你一人兴奋不已，你去",
"mid":"zmimWtOMh",
"date":"2013-03-07 08:54:08"
},
{
"kids":[],
"uid":"shibayitai",
"parent":"zmikyoBcG",
"text":"@戚小七7",
"mid":"zmim5xNjr",
"date":"2013-03-07 08:52:03"
},
{
"kids":[],
"uid":"1769306133",
"parent":"zmibfAIoN",
"text":"。。会不会拉着要咱们负责！",
"mid":"zmilVuYpf",
"date":"2013-03-07 08:51:39"
},
{
"kids":[
"zmirEag2m"
],
"uid":"2451740251",
"parent":"zmhY5soQw",
"text":"回复@独客1988:你想的挺周到啊",
"mid":"zmilPkxMy",
"date":"2013-03-07 08:51:24"
},
{
"kids":[],
"uid":"537190120",
"parent":"zmhY5soQw",
"text":"回复@八步天空:谁去赶紧和八哥联系@沙-枣-枣 @吴忠阿贵 @的哥雪狐 @的士668  @吴忠的哥0007  你三就别去了，哈哈哈@碧海輕輈 @欣怡_梦醒了 @宁夏交通广播-陈红 [嘻嘻][嘻嘻]",
"mid":"zmileDXNP",
"date":"2013-03-07 08:49:57"
},
{
"kids":[
"zmim5xNjr"
],
"uid":"2883975010",
"parent":"",
"text":"[生病]",
"mid":"zmikyoBcG",
"date":"2013-03-07 08:48:16"
},
{
"kids":[],
"uid":"1824669945",
"parent":"zmie1zQCK",
"text":"神奇的传统",
"mid":"zmikoEtDR",
"date":"2013-03-07 08:47:52"
},
{
"kids":[],
"uid":"deliangw",
"parent":"zmiiiD1yU",
"text":"[黑线]",
"mid":"zmijDnHIV",
"date":"2013-03-07 08:46:00"
},
{
"kids":[],
"uid":"537190120",
"parent":"zmhY5soQw",
"text":"回复@八步天空:你们几个和八哥一起去？",
"mid":"zmijlEsyK",
"date":"2013-03-07 08:45:19"
},
{
"kids":[],
"uid":"superwangshichao",
"parent":"zmi83CpYa",
"text":"不会是人妖吧[晕]",
"mid":"zmij8mIaJ",
"date":"2013-03-07 08:44:46"
},
{
"kids":[],
"uid":"2919321694",
"parent":"zmi9pgXCx",
"text":"",
"mid":"zmiiWxpoS",
"date":"2013-03-07 08:44:17"
},
{
"kids":[
"zmjLtppLa",
"zmijDnHIV"
],
"uid":"marsatsh",
"parent":"zmidO1bKx",
"text":"组队去啊",
"mid":"zmiiiD1yU",
"date":"2013-03-07 08:42:42"
},
{
"kids":[],
"uid":"2511589733",
"parent":"zmi5viIwH",
"text":"[衰][酷][花心]是这样吗？@Max灬李华东 @会飞的猪八戒摔倒了 你们去吧！",
"mid":"zmihf6vZG",
"date":"2013-03-07 08:40:06"
},
{
"kids":[],
"uid":"2272146841",
"parent":"zmic0k2iH",
"text":"潘老板最爱",
"mid":"zmigZp1IB",
"date":"2013-03-07 08:39:29"
},
{
"kids":[],
"uid":"1852665730",
"parent":"zmhX063JU",
"text":"",
"mid":"zmigSkvpQ",
"date":"2013-03-07 08:39:12"
},
{
"kids":[],
"uid":"2002849891",
"parent":"",
"text":"@Yaphetis @致命的王lcy @红星一东 [嘻嘻][酷][花心]",
"mid":"zmiei8XcQ",
"date":"2013-03-07 08:32:50"
},
{
"kids":[
"zmikoEtDR"
],
"uid":"1168426772",
"parent":"zmianw4Yv",
"text":"这个旅游项目不错！",
"mid":"zmie1zQCK",
"date":"2013-03-07 08:32:11"
},
{
"kids":[
"zmiiiD1yU"
],
"uid":"2451740251",
"parent":"zmhY5soQw",
"text":"哇，转发量老高了",
"mid":"zmidO1bKx",
"date":"2013-03-07 08:31:38"
},
{
"kids":[],
"uid":"2919889964",
"parent":"zmecG639d",
"text":"",
"mid":"zmidIF3zY",
"date":"2013-03-07 08:31:26"
},
{
"kids":[
"zmigZp1IB"
],
"uid":"fabinyu",
"parent":"zmibfAIoN",
"text":"这个真的可以有。[哈哈]",
"mid":"zmic0k2iH",
"date":"2013-03-07 08:27:12"
},
{
"kids":[],
"uid":"277698922",
"parent":"zmhX063JU",
"text":"[话筒]",
"mid":"zmibyfFQt",
"date":"2013-03-07 08:26:05"
},
{
"kids":[
"zmilVuYpf",
"zmic0k2iH"
],
"uid":"270104444",
"parent":"zmhX063JU",
"text":"@老衲法号郭怒 对你胃口",
"mid":"zmibfAIoN",
"date":"2013-03-07 08:25:21"
},
{
"kids":[
"zmiLFsSCz",
"zmisn2HHs",
"zmie1zQCK"
],
"uid":"1836766380",
"parent":"",
"text":"@卡卡是兔子 @傅柯然bon_courage @loco想好好生活 [熊猫][熊猫][熊猫]",
"mid":"zmianw4Yv",
"date":"2013-03-07 08:23:11"
},
{
"kids":[
"zmrlXvGGA",
"zmiiWxpoS"
],
"uid":"2410910777",
"parent":"",
"text":"[太阳][太阳][太阳]@EabinCheung @sefree",
"mid":"zmi9pgXCx",
"date":"2013-03-07 08:20:47"
},
{
"kids":[],
"uid":"2898539647",
"parent":"zmi0S3IUh",
"text":"[汗][汗][汗][汗][汗][汗][汗][吃惊][吃惊][吃惊][吃惊][吃惊][吃惊][吃惊][吃惊][吃惊][吃惊][吃惊][吃惊][吃惊][吃惊][吃惊][吃惊]",
"mid":"zmi8QFEl0",
"date":"2013-03-07 08:19:26"
},
{
"kids":[],
"uid":"maliang19880207",
"parent":"zmf20wQq7",
"text":"这个图片里的女的明明是个人妖",
"mid":"zmi8GEZHK",
"date":"2013-03-07 08:19:02"
},
{
"kids":[],
"uid":"234830212",
"parent":"",
"text":"这～呵呵又有不少男人想去了～[偷笑][偷笑]",
"mid":"zmi8mxRXe",
"date":"2013-03-07 08:18:13"
},
{
"kids":[
"zmij8mIaJ"
],
"uid":"1606625780",
"parent":"zmhMG3wJf",
"text":"[嘻嘻]这个可以有",
"mid":"zmi83CpYa",
"date":"2013-03-07 08:17:28"
},
{
"kids":[],
"uid":"daohemaoyi",
"parent":"",
"text":"[花心]一定要去",
"mid":"zmi5CFOt9",
"date":"2013-03-07 08:11:28"
},
{
"kids":[
"zmihf6vZG"
],
"uid":"2169039114",
"parent":"zmi0S3IUh",
"text":"[馋嘴][馋嘴]",
"mid":"zmi5viIwH",
"date":"2013-03-07 08:11:10"
},
{
"kids":[],
"uid":"2990505480",
"parent":"zmdCdz77G",
"text":"摸摸更健康？",
"mid":"zmi5pE0Nh",
"date":"2013-03-07 08:10:58"
},
{
"kids":[],
"uid":"3185052692",
"parent":"zmhLiEZh7",
"text":"沙漠里的湖",
"mid":"zmi4t7DUI",
"date":"2013-03-07 08:08:38"
},
{
"kids":[
"zmrF0z0XV"
],
"uid":"1302874473",
"parent":"zmhX063JU",
"text":"你个已婚人士就算哒咯",
"mid":"zmi3G7pjq",
"date":"2013-03-07 08:06:41"
},
{
"kids":[],
"uid":"2808189350",
"parent":"zmeF4iHOz",
"text":"",
"mid":"zmi3gEs3d",
"date":"2013-03-07 08:05:41"
},
{
"kids":[
"zmiNkiZsA"
],
"uid":"2052134474",
"parent":"",
"text":"好基友@大海_M 我们是不是这个时间去比较好呢？",
"mid":"zmi2f8B9y",
"date":"2013-03-07 08:03:09"
},
{
"kids":[],
"uid":"2437630730",
"parent":"",
"text":"集体去吧",
"mid":"zmi2cd5hh",
"date":"2013-03-07 08:03:01"
},
{
"kids":[],
"uid":"2341027817",
"parent":"",
"text":"真有此节？",
"mid":"zmi1NDZ2f",
"date":"2013-03-07 08:02:04"
},
{
"kids":[
"zmiDQghWs",
"zmi8QFEl0",
"zmi5viIwH"
],
"uid":"2672994151",
"parent":"zmhQ8BYKW",
"text":"从没听说过有这个节日！[偷笑][偷笑]",
"mid":"zmi0S3IUh",
"date":"2013-03-07 07:59:45"
},
{
"kids":[],
"uid":"1831504777",
"parent":"",
"text":"",
"mid":"zmi0IivT9",
"date":"2013-03-07 07:59:23"
},
{
"kids":[],
"uid":"2724836705",
"parent":"",
"text":"鬼节一定要去云南旅游→_→",
"mid":"zmhZjp6Xn",
"date":"2013-03-07 07:55:56"
},
{
"kids":[],
"uid":"1893479921",
"parent":"",
"text":"[吃惊]甘都有。",
"mid":"zmhYm4Rmz",
"date":"2013-03-07 07:53:34"
},
{
"kids":[
"zmiqMjLC3",
"zmimWtOMh",
"zmilPkxMy",
"zmileDXNP",
"zmijlEsyK",
"zmidO1bKx"
],
"uid":"537190120",
"parent":"zmhLiEZh7",
"text":"回复@八步天空:亲们，说说八哥干么去@的士668 @的哥雪狐 @欣怡_梦醒了 @碧海輕輈 @宁夏交通广播-陈红 @吴忠阿贵 @沙-枣-枣",
"mid":"zmhY5soQw",
"date":"2013-03-07 07:52:55"
},
{
"kids":[
"zmisoxTiO",
"zmip5raBD"
],
"uid":"2275596157",
"parent":"zmhV7pK0g",
"text":"",
"mid":"zmhXKwSRb",
"date":"2013-03-07 07:52:05"
},
{
"kids":[],
"uid":"1440453820",
"parent":"zmeBuFvrw",
"text":"",
"mid":"zmhXdoqgB",
"date":"2013-03-07 07:50:45"
},
{
"kids":[
"zmiNx37cI"
],
"uid":"dw68",
"parent":"zmhVF6CHJ",
"text":"回复@惊君:呵呵！其实与早点滩热气包子无异",
"mid":"zmhXcxShu",
"date":"2013-03-07 07:50:44"
},
{
"kids":[],
"uid":"1787607404",
"parent":"zmf0y5ckk",
"text":"扯蛋吧!",
"mid":"zmhXb5qUf",
"date":"2013-03-07 07:50:40"
},
{
"kids":[
"zmjBC4eBI",
"zmiWxtbHr",
"zmiUPa7JF",
"zmixWuYEg",
"zmip7cUOn",
"zminLhngG",
"zminEud5F",
"zminoyV5g",
"zmigSkvpQ",
"zmibyfFQt",
"zmibfAIoN",
"zmi3G7pjq"
],
"uid":"1756855687",
"parent":"zmfmkbDcs",
"text":"恨不得一脚踹死那个戴眼镜的，取而代之……",
"mid":"zmhX063JU",
"date":"2013-03-07 07:50:14"
},
{
"kids":[
"zmkFSAgrv",
"zmiSZDwgP"
],
"uid":"206856792",
"parent":"",
"text":"@Erick_CC [汗][汗][汗]",
"mid":"zmhWTBsRB",
"date":"2013-03-07 07:49:58"
},
{
"kids":[
"zmhXcxShu"
],
"uid":"dw68",
"parent":"zmhV7pK0g",
"text":"兄弟，这个节要冒点风险",
"mid":"zmhVF6CHJ",
"date":"2013-03-07 07:46:56"
},
{
"kids":[
"zmhXKwSRb",
"zmhVF6CHJ"
],
"uid":"1946037397",
"parent":"zmhS2dJu1",
"text":"我不想去桂林，因为我现在没有钱，等我赚够了钱，我想去云南",
"mid":"zmhV7pK0g",
"date":"2013-03-07 07:45:36"
},
{
"kids":[],
"uid":"1695936203",
"parent":"zmhLiEZh7",
"text":"对于外表开放，内心保守的我来说，还是找一个看对眼的女子约好地方，在没有旁人的时候慢慢的....[哈哈]",
"mid":"zmhUpnoE4",
"date":"2013-03-07 07:43:50"
},
{
"kids":[],
"uid":"2018530185",
"parent":"",
"text":"在北京的云南彝族姑娘应该把这个优良传统传承下去[嘻嘻][哈哈]",
"mid":"zmhSDrEK6",
"date":"2013-03-07 07:39:29"
},
{
"kids":[],
"uid":"2099224131",
"parent":"zmf20wQq7",
"text":"[书呆子]",
"mid":"zmhSjCIKK",
"date":"2013-03-07 07:38:41"
},
{
"kids":[
"zmhV7pK0g"
],
"uid":"dw68",
"parent":"zmhPPq9Dm",
"text":"回复@野狼教练:春安！",
"mid":"zmhS2dJu1",
"date":"2013-03-07 07:38:00"
},
{
"kids":[
"zmi0S3IUh"
],
"uid":"3178561455",
"parent":"zmhMd7GYU",
"text":"@海磊补胎",
"mid":"zmhQ8BYKW",
"date":"2013-03-07 07:33:20"
},
{
"kids":[
"zmhS2dJu1"
],
"uid":"dw68",
"parent":"zmetOlBRK",
"text":"呵呵",
"mid":"zmhPPq9Dm",
"date":"2013-03-07 07:32:34"
},
{
"kids":[
"zmi83CpYa"
],
"uid":"zzqdentist",
"parent":"",
"text":"这应该是泰国",
"mid":"zmhMG3wJf",
"date":"2013-03-07 07:24:47"
},
{
"kids":[
"zmiCxDuRG",
"zmhQ8BYKW"
],
"uid":"2541391771",
"parent":"",
"text":"不可能吧",
"mid":"zmhMd7GYU",
"date":"2013-03-07 07:23:38"
},
{
"kids":[],
"uid":"1782465863",
"parent":"zmdHMp358",
"text":"",
"mid":"zmhLJzc2V",
"date":"2013-03-07 07:22:29"
},
{
"kids":[
"zmi4t7DUI",
"zmhY5soQw",
"zmhUpnoE4"
],
"uid":"537190120",
"parent":"zmf0y5ckk",
"text":"哇塞，本狂",
"mid":"zmhLiEZh7",
"date":"2013-03-07 07:21:25"
},
{
"kids":[],
"uid":"3296030277",
"parent":"",
"text":"",
"mid":"zmhKEcaBR",
"date":"2013-03-07 07:19:48"
},
{
"kids":[],
"uid":"1714075074",
"parent":"zmeDS9aaB",
"text":"当地幸福感全国第一。",
"mid":"zmhJQ0vY0",
"date":"2013-03-07 07:17:48"
},
{
"kids":[],
"uid":"2455922887",
"parent":"zmf0y5ckk",
"text":"",
"mid":"zmhGCvM5A",
"date":"2013-03-07 07:09:53"
},
{
"kids":[],
"uid":"1160042624",
"parent":"",
"text":"",
"mid":"zmhG6AShu",
"date":"2013-03-07 07:08:36"
},
{
"kids":[
"zmiIrpeSz"
],
"uid":"1069803440",
"parent":"zmfmkbDcs",
"text":"",
"mid":"zmhCZAOTx",
"date":"2013-03-07 07:00:57"
},
{
"kids":[],
"uid":"3011838235",
"parent":"zmeqS4oT1",
"text":"回复@人见人爱彩色哥:鄙视。[酷]",
"mid":"zmhrwFBH7",
"date":"2013-03-07 06:32:42"
},
{
"kids":[],
"uid":"1348138621",
"parent":"",
"text":"这下男同胞们可以组团去了",
"mid":"zmhmh3gDs",
"date":"2013-03-07 06:19:45"
},
{
"kids":[],
"uid":"3193921333",
"parent":"",
"text":"不可能是真的吧!",
"mid":"zmhbvuFpg",
"date":"2013-03-07 05:53:14"
},
{
"kids":[],
"uid":"joanna991611",
"parent":"zmf20wQq7",
"text":"",
"mid":"zmh230ktv",
"date":"2013-03-07 05:29:55"
},
{
"kids":[],
"uid":"3209953973",
"parent":"zmfksDUPG",
"text":"",
"mid":"zmh1WcsbV",
"date":"2013-03-07 05:29:38"
},
{
"kids":[],
"uid":"1440496935",
"parent":"zmezCyvYz",
"text":"",
"mid":"zmgc7yYvL",
"date":"2013-03-07 03:21:59"
},
{
"kids":[],
"uid":"1437527205",
"parent":"zme8w6U0d",
"text":"",
"mid":"zmg2PEk0S",
"date":"2013-03-07 02:59:07"
},
{
"kids":[
"zmiotAPq6"
],
"uid":"3097753381",
"parent":"zmfksDUPG",
"text":"[阴险]想去试试",
"mid":"zmfLSigPc",
"date":"2013-03-07 02:17:20"
},
{
"kids":[
"zmj1OzR8R"
],
"uid":"2790016324",
"parent":"",
"text":"",
"mid":"zmfAiwXqG",
"date":"2013-03-07 01:48:49"
},
{
"kids":[],
"uid":"2042289235",
"parent":"zmf20wQq7",
"text":"这……什么赶脚？？",
"mid":"zmfr0nVz6",
"date":"2013-03-07 01:25:55"
},
{
"kids":[],
"uid":"1133799215",
"parent":"",
"text":"嗯，组团去摸。",
"mid":"zmfocB7XM",
"date":"2013-03-07 01:19:01"
},
{
"kids":[],
"uid":"1900277163",
"parent":"",
"text":"",
"mid":"zmfnO5L68",
"date":"2013-03-07 01:18:02"
},
{
"kids":[],
"uid":"2029403524",
"parent":"zmf20wQq7",
"text":"",
"mid":"zmfnzD4mr",
"date":"2013-03-07 01:17:28"
},
{
"kids":[
"zmhX063JU",
"zmhCZAOTx"
],
"uid":"274244779",
"parent":"",
"text":"给个地址",
"mid":"zmfmkbDcs",
"date":"2013-03-07 01:14:23"
},
{
"kids":[],
"uid":"2804831250",
"parent":"zmeow5uk4",
"text":"",
"mid":"zmfkNj7Tr",
"date":"2013-03-07 01:10:37"
},
{
"kids":[],
"uid":"lovehome281",
"parent":"",
"text":"图片好灿烂@买个西瓜给你HA得头 是有这个节么，求解答",
"mid":"zmfkCFJwh",
"date":"2013-03-07 01:10:12"
},
{
"kids":[
"zmh1WcsbV",
"zmfLSigPc"
],
"uid":"32476083",
"parent":"zmeUxajHA",
"text":"[花心][花心]",
"mid":"zmfksDUPG",
"date":"2013-03-07 01:09:48"
},
{
"kids":[
"zmuGie78m"
],
"uid":"yinshiqian",
"parent":"",
"text":"明年那旅游准更火啊[花心]",
"mid":"zmfi37I7m",
"date":"2013-03-07 01:03:50"
},
{
"kids":[
"A6n1ifc1Z"
],
"uid":"1417530811",
"parent":"",
"text":"[嘻嘻]今年有的目标了",
"mid":"zmfgZxcaA",
"date":"2013-03-07 01:01:15"
},
{
"kids":[],
"uid":"wilsonjia",
"parent":"",
"text":"[汗]",
"mid":"zmffaFfuv",
"date":"2013-03-07 00:56:43"
},
{
"kids":[],
"uid":"1708613013",
"parent":"",
"text":"……这个习俗好哇！[嘻嘻][哈哈]@杂技演员杨敏 @xu暢85 @MrZhouWen @DJ劉東傑 @真实姓名万君豪",
"mid":"zmfcibVoJ",
"date":"2013-03-07 00:49:40"
},
{
"kids":[],
"uid":"2094864192",
"parent":"zmf20wQq7",
"text":"居然有咁样的节日？",
"mid":"zmf92FEJe",
"date":"2013-03-07 00:41:40"
},
{
"kids":[],
"uid":"1800762332",
"parent":"zmeP2rWeM",
"text":"[吃惊]",
"mid":"zmf844X1S",
"date":"2013-03-07 00:39:14"
},
{
"kids":[],
"uid":"1909954502",
"parent":"zmf561LZT",
"text":"回复@VSON-威:云南人不厚道啊[哈哈]",
"mid":"zmf7NxVJ4",
"date":"2013-03-07 00:38:35"
},
{
"kids":[],
"uid":"3101414507",
"parent":"zmf0y5ckk",
"text":"旅游商机啊",
"mid":"zmf6RCkin",
"date":"2013-03-07 00:36:19"
},
{
"kids":[],
"uid":"2943701583",
"parent":"zmeMObgaR",
"text":"我要过摸奶节[嘻嘻]",
"mid":"zmf6stDnU",
"date":"2013-03-07 00:35:18"
},
{
"kids":[],
"uid":"2126652934",
"parent":"zmf20wQq7",
"text":"老板你就留在云南过节吧！！！[馋嘴][馋嘴][馋嘴]@小柒小小姐",
"mid":"zmf5imnJp",
"date":"2013-03-07 00:32:25"
},
{
"kids":[
"zmf7NxVJ4"
],
"uid":"1909954502",
"parent":"zmf20wQq7",
"text":"回复@毒舌王盼盼:你妹，坑爹了",
"mid":"zmf561LZT",
"date":"2013-03-07 00:31:54"
},
{
"kids":[],
"uid":"2108316791",
"parent":"",
"text":"摸奶节",
"mid":"zmf4IltY2",
"date":"2013-03-07 00:31:00"
},
{
"kids":[],
"uid":"jman4",
"parent":"zmesNoTcQ",
"text":"云南是个好地方啊",
"mid":"zmf4zc5qE",
"date":"2013-03-07 00:30:35"
},
{
"kids":[],
"uid":"1909954502",
"parent":"zmf20wQq7",
"text":"我要去云南[酷]",
"mid":"zmf3YyIgL",
"date":"2013-03-07 00:29:09"
},
{
"kids":[],
"uid":"zhaoyuelun",
"parent":"zmeXum4W5",
"text":"I LIKE",
"mid":"zmf22xwzU",
"date":"2013-03-07 00:24:23"
},
{
"kids":[
"zmi8GEZHK",
"zmhSjCIKK",
"zmh230ktv",
"zmfr0nVz6",
"zmfnzD4mr",
"zmf92FEJe",
"zmf5imnJp",
"zmf561LZT",
"zmf3YyIgL"
],
"uid":"toofun",
"parent":"",
"text":"po主，我看你也老大不小了，不知道你女儿的胸部发育如何，是否打算派她去参加这个节日？好吧～其实我想说的是，不带这么黑云南的，@微博辟谣 不禁言15天？？？",
"mid":"zmf20wQq7",
"date":"2013-03-07 00:24:18"
},
{
"kids":[],
"uid":"2940189767",
"parent":"",
"text":"确定不是泰国？@Leoleoleoli @蓝调91 @首望者-Asia董 @",
"mid":"zmf17f3r2",
"date":"2013-03-07 00:22:08"
},
{
"kids":[
"zmhXb5qUf",
"zmhLiEZh7",
"zmhGCvM5A",
"zmf6RCkin"
],
"uid":"2451740251",
"parent":"zmeP2rWeM",
"text":"真敢摸吗？[偷笑]",
"mid":"zmf0y5ckk",
"date":"2013-03-07 00:20:44"
},
{
"kids":[],
"uid":"1588437953",
"parent":"zmdgn1rmx",
"text":"",
"mid":"zmeYwty9w",
"date":"2013-03-07 00:15:45"
},
{
"kids":[
"zmf22xwzU"
],
"uid":"2298282173",
"parent":"zmez6DjjO",
"text":"谁还有空看脸啊[挖鼻屎]",
"mid":"zmeXum4W5",
"date":"2013-03-07 00:13:10"
},
{
"kids":[],
"uid":"2748833787",
"parent":"",
"text":"回复@影视-小房:就是你勾引的，哈哈，，，你要是不去了就和我说，我就去找你，，刚刚手机没电了，在楼下呆着，刚刚回宿舍换的电板",
"mid":"zmeVjBVTY",
"date":"2013-03-07 00:07:50"
},
{
"kids":[],
"uid":"2181099595",
"parent":"",
"text":"",
"mid":"zmeV8ogQC",
"date":"2013-03-07 00:07:24"
},
{
"kids":[
"zmfksDUPG"
],
"uid":"xdnw92",
"parent":"",
"text":"[奥特曼][花心][晕]",
"mid":"zmeUxajHA",
"date":"2013-03-07 00:05:53"
},
{
"kids":[],
"uid":"1769949460",
"parent":"",
"text":"好霸气！",
"mid":"zmeUjfP7l",
"date":"2013-03-07 00:05:22"
},
{
"kids":[],
"uid":"2181340010",
"parent":"zmetOlBRK",
"text":"[威武]的节日啊",
"mid":"zmeTx9FUR",
"date":"2013-03-07 00:03:27"
},
{
"kids":[
"zmis6wipw"
],
"uid":"ttaaoo696",
"parent":"zmeFukGak",
"text":"",
"mid":"zmeTlkk6O",
"date":"2013-03-07 00:02:59"
},
{
"kids":[],
"uid":"2259902741",
"parent":"",
"text":"今年就决定克这里了！",
"mid":"zmeQyrqKb",
"date":"2013-03-06 23:56:08"
},
{
"kids":[],
"uid":"jn7758",
"parent":"zmeGfBL81",
"text":"[哈哈][哈哈][哈哈][哈哈][哈哈]",
"mid":"zmePAtJlZ",
"date":"2013-03-06 23:53:43"
},
{
"kids":[],
"uid":"1846393364",
"parent":"",
"text":"",
"mid":"zmePjAgV6",
"date":"2013-03-06 23:53:01"
},
{
"kids":[
"zmf844X1S",
"zmf0y5ckk"
],
"uid":"qiyt72",
"parent":"",
"text":"",
"mid":"zmeP2rWeM",
"date":"2013-03-06 23:52:24"
},
{
"kids":[],
"uid":"zzjiehun",
"parent":"",
"text":"新浪应该甄别一下尽快删除这条微薄。",
"mid":"zmeOA75eV",
"date":"2013-03-06 23:51:15"
},
{
"kids":[],
"uid":"guomingqiao",
"parent":"zmeib6j6t",
"text":"组团去吧",
"mid":"zmeNEd6F5",
"date":"2013-03-06 23:48:55"
},
{
"kids":[],
"uid":"10271206",
"parent":"zmeG6awcC",
"text":"你可以是鼻祖。",
"mid":"zmeMWb0yQ",
"date":"2013-03-06 23:47:11"
},
{
"kids":[
"zmiDbvgCf",
"zmf6stDnU"
],
"uid":"2676763243",
"parent":"",
"text":"我决定去旅游！！",
"mid":"zmeMObgaR",
"date":"2013-03-06 23:46:51"
},
{
"kids":[
"znmyFf5vB",
"zmjyyBDTM"
],
"uid":"2807204525",
"parent":"zmeKM2HMY",
"text":"不要被抓@dfzs朱卫峰 @江湖之春 @登赢桥 @爱建湖网 @城南小女警--vivian吴 @串场河畔听潮声 @大丰之声网",
"mid":"zmeMxC92v",
"date":"2013-03-06 23:46:13"
},
{
"kids":[
"zmeMxC92v"
],
"uid":"1167246613",
"parent":"",
"text":"@那些年你都不在",
"mid":"zmeKM2HMY",
"date":"2013-03-06 23:41:50"
},
{
"kids":[],
"uid":"1953115310",
"parent":"zmerzqPn1",
"text":"[疑问]第一次听说 感觉很不尊重女性",
"mid":"zmeI1eoGR",
"date":"2013-03-06 23:35:05"
},
{
"kids":[],
"uid":"1967931361",
"parent":"zmeC4sy7z",
"text":"回复@E网-猎人:真的，不信你仔细对比一下。",
"mid":"zmeHE8SY1",
"date":"2013-03-06 23:34:10"
},
{
"kids":[],
"uid":"1967931361",
"parent":"zmeC4sy7z",
"text":"回复@roVer-:还可以有什么节呢？",
"mid":"zmeHuoNfS",
"date":"2013-03-06 23:33:47"
},
{
"kids":[],
"uid":"1776784087",
"parent":"zmeo0sYeT",
"text":"“彝族摸奶节”是在网络上有人恶意炒作的一个云南楚雄的所谓节日。大致传言是：“时间为每年阴历的7月14、15、16三天，摸奶节期间男人以摸到奶为吉祥，女子们以被摸奶为吉利，节日起源于隋朝年间。”后经当地证实纯属虚构。!",
"mid":"zmeHfB1sL",
"date":"2013-03-06 23:33:12"
},
{
"kids":[],
"uid":"zhaoguoguang",
"parent":"",
"text":"要不再去一趟？@arviy @起程911 @桂-少",
"mid":"zmeGk0VRh",
"date":"2013-03-06 23:30:54"
},
{
"kids":[
"zmePAtJlZ"
],
"uid":"2890175473",
"parent":"",
"text":"慈溪有这节日我当时一定来慈溪",
"mid":"zmeGfBL81",
"date":"2013-03-06 23:30:44"
},
{
"kids":[
"zmeMWb0yQ"
],
"uid":"27238090",
"parent":"",
"text":"我不想成为鼻祖",
"mid":"zmeG6awcC",
"date":"2013-03-06 23:30:20"
},
{
"kids":[],
"uid":"2140574081",
"parent":"",
"text":"但是可信程度好像不大！！",
"mid":"zmeFLaeVo",
"date":"2013-03-06 23:29:28"
},
{
"kids":[],
"uid":"2140574081",
"parent":"",
"text":"色狼们，组团去了！！！",
"mid":"zmeFz3faG",
"date":"2013-03-06 23:28:59"
},
{
"kids":[
"zmiVV7fpK",
"zmeTlkk6O"
],
"uid":"1659493215",
"parent":"",
"text":"还有这等好事[嘻嘻]",
"mid":"zmeFukGak",
"date":"2013-03-06 23:28:48"
},
{
"kids":[
"zmq4AF3oW",
"zmi3gEs3d"
],
"uid":"2499706623",
"parent":"",
"text":"一定要去这里看看",
"mid":"zmeF4iHOz",
"date":"2013-03-06 23:27:46"
},
{
"kids":[],
"uid":"ymyyue",
"parent":"",
"text":"劳资很少在微博爆粗口，但是这次真忍不住了，这尼玛都哪年的图了，还好意思发上来，劳资草！",
"mid":"zmeElnApc",
"date":"2013-03-06 23:25:59"
},
{
"kids":[],
"uid":"1650752641",
"parent":"zmeDiotQw",
"text":"[偷笑]",
"mid":"zmeDVm8qi",
"date":"2013-03-06 23:25:00"
},
{
"kids":[
"zmjpg8GFi",
"zmhJQ0vY0"
],
"uid":"canaanbrothers",
"parent":"zmezCyvYz",
"text":"那台词怎么说的？“其实爱对了人，XX节每天都过”",
"mid":"zmeDS9aaB",
"date":"2013-03-06 23:24:52"
},
{
"kids":[],
"uid":"1044994773",
"parent":"zme4ADav2",
"text":"",
"mid":"zmeDAp4Ln",
"date":"2013-03-06 23:24:10"
},
{
"kids":[
"zmeDVm8qi"
],
"uid":"1075591211",
"parent":"zmeBOspVJ",
"text":"现在正式接受报名组团！",
"mid":"zmeDiotQw",
"date":"2013-03-06 23:23:23"
},
{
"kids":[],
"uid":"201216664",
"parent":"zmeC4sy7z",
"text":"@光头罗伟忠 老罗，这是真的假的，求解！",
"mid":"zmeDg17Cw",
"date":"2013-03-06 23:23:19"
},
{
"kids":[],
"uid":"asir525",
"parent":"zmev9p2yc",
"text":"可信度不高啊 希望有当地人出来证实……",
"mid":"zmeCrabZZ",
"date":"2013-03-06 23:21:19"
},
{
"kids":[
"zpHXTpCZE"
],
"uid":"738656738",
"parent":"",
"text":"靠，居然还有这样的节，我们还不知道了，真让我大开眼界了。长知识懂吗？学着点。分享给你的朋友们！看看。",
"mid":"zmeCgguMD",
"date":"2013-03-06 23:20:54"
},
{
"kids":[
"zmeHE8SY1",
"zmeHuoNfS",
"zmeDg17Cw"
],
"uid":"1967931361",
"parent":"",
"text":"上次你摸她，这次让她来扯你如何？@优太老于 负责拍照。",
"mid":"zmeC4sy7z",
"date":"2013-03-06 23:20:23"
},
{
"kids":[
"zmeDiotQw"
],
"uid":"1650752641",
"parent":"zme5lACMO",
"text":"咋还有这种风俗的我去···",
"mid":"zmeBOspVJ",
"date":"2013-03-06 23:19:45"
},
{
"kids":[
"zmhXdoqgB"
],
"uid":"1563560392",
"parent":"zmetkuIn2",
"text":"可以组团去[哈哈]",
"mid":"zmeBuFvrw",
"date":"2013-03-06 23:19:02"
},
{
"kids":[
"zmgc7yYvL",
"zmeDS9aaB"
],
"uid":"2200506011",
"parent":"zmevX2xby",
"text":"擦！[汗]",
"mid":"zmezCyvYz",
"date":"2013-03-06 23:14:22"
},
{
"kids":[],
"uid":"2309248585",
"parent":"zmevX2xby",
"text":"[哈哈]",
"mid":"zmezBnEXi",
"date":"2013-03-06 23:14:18"
},
{
"kids":[
"zmeXum4W5"
],
"uid":"1725721122",
"parent":"",
"text":"这女的长的好怪异@boen0710",
"mid":"zmez6DjjO",
"date":"2013-03-06 23:13:07"
},
{
"kids":[],
"uid":"bmzeng",
"parent":"zme29hynu",
"text":"回复@岭东牧歌:天！难怪这么豪迈！人妖呀兄弟们！",
"mid":"zmeyo30iF",
"date":"2013-03-06 23:11:19"
},
{
"kids":[],
"uid":"1786938930",
"parent":"",
"text":"这个!不解释！",
"mid":"zmexA5Nn9",
"date":"2013-03-06 23:09:22"
},
{
"kids":[],
"uid":"3172015151",
"parent":"zmetPeQYN",
"text":"到时间我也去求幸福！[花心][花心][花心][花心][花心]",
"mid":"zmexhurNs",
"date":"2013-03-06 23:08:37"
},
{
"kids":[],
"uid":"1952137464",
"parent":"",
"text":"现在还有么",
"mid":"zmexhcf73",
"date":"2013-03-06 23:08:36"
},
{
"kids":[],
"uid":"zhipianren",
"parent":"",
"text":"造谣生事！！",
"mid":"zmewhFydK",
"date":"2013-03-06 23:06:11"
},
{
"kids":[],
"uid":"2003203877",
"parent":"",
"text":"。。。",
"mid":"zmew5iWgs",
"date":"2013-03-06 23:05:41"
},
{
"kids":[
"zmezCyvYz",
"zmezBnEXi"
],
"uid":"2986635984",
"parent":"",
"text":"@慈溪定杰 @饼宝zhao @慈溪赌神 @慈溪二货 @慈溪小小松 @慈溪杰帅 @慈溪小鱼儿 有谁感兴趣的今年一起去，摸遍全地区，扫荡去",
"mid":"zmevX2xby",
"date":"2013-03-06 23:05:21"
},
{
"kids":[
"zmeCrabZZ"
],
"uid":"zhouzhongqiang",
"parent":"zmesNoTcQ",
"text":"[酷]",
"mid":"zmev9p2yc",
"date":"2013-03-06 23:03:21"
},
{
"kids":[],
"uid":"27238090",
"parent":"",
"text":"这种节日为何不来慈溪大帝国@慈溪赌王 @慈溪炮王",
"mid":"zmeuzkVqB",
"date":"2013-03-06 23:01:57"
},
{
"kids":[],
"uid":"podan3000",
"parent":"",
"text":"今年请假去！",
"mid":"zmeujmbDd",
"date":"2013-03-06 23:01:19"
},
{
"kids":[],
"uid":"2041132204",
"parent":"zmeskbLD1",
"text":"回复@小小保佑你:晕 我以为真有了",
"mid":"zmetPy5Ag",
"date":"2013-03-06 23:00:07"
},
{
"kids":[
"zmexhurNs"
],
"uid":"gdzhwym",
"parent":"zmesI89Ze",
"text":"求幸福。。。",
"mid":"zmetPeQYN",
"date":"2013-03-06 23:00:04"
},
{
"kids":[
"zmhPPq9Dm",
"zmeTx9FUR"
],
"uid":"2031200225",
"parent":"",
"text":"这个节不错！",
"mid":"zmetOlBRK",
"date":"2013-03-06 23:00:05"
},
{
"kids":[],
"uid":"cao1zhan",
"parent":"",
"text":"有这样的节日？[吃惊]这一手让我想起了某云南的童鞋",
"mid":"zmetOkrvW",
"date":"2013-03-06 23:00:06"
},
{
"kids":[],
"uid":"1967931361",
"parent":"zmet0FtVZ",
"text":"他是中国人",
"mid":"zmetNtcHp",
"date":"2013-03-06 22:59:59"
},
{
"kids":[
"zmeBuFvrw"
],
"uid":"lzxyouth",
"parent":"",
"text":"谁为摸奶而游?",
"mid":"zmetkuIn2",
"date":"2013-03-06 22:58:54"
},
{
"kids":[
"zmetNtcHp"
],
"uid":"ymqy488",
"parent":"",
"text":"明显是泰国人妖的照片，鄙视",
"mid":"zmet0FtVZ",
"date":"2013-03-06 22:58:04"
},
{
"kids":[],
"uid":"mdnh",
"parent":"",
"text":"照片上这女的到是长得靠谱",
"mid":"zmesV6252",
"date":"2013-03-06 22:57:51"
},
{
"kids":[],
"uid":"yanhai19890910",
"parent":"zmesxc0Rz",
"text":"你摊上事了，你摊上大事了！",
"mid":"zmesPsYwb",
"date":"2013-03-06 22:57:40"
},
{
"kids":[
"zmf4zc5qE",
"zmev9p2yc"
],
"uid":"512090345",
"parent":"",
"text":"知道什么时候该去哪儿玩儿了吗？",
"mid":"zmesNoTcQ",
"date":"2013-03-06 22:57:33"
},
{
"kids":[
"zmetPeQYN"
],
"uid":"ancryguo",
"parent":"zmeskbLD1",
"text":"很好的节日哦",
"mid":"zmesI89Ze",
"date":"2013-03-06 22:57:22"
},
{
"kids":[
"zmesPsYwb"
],
"uid":"1967931361",
"parent":"",
"text":"下次#扯蛋节#，你再来一张！！！",
"mid":"zmesxc0Rz",
"date":"2013-03-06 22:56:53"
},
{
"kids":[
"zmetPy5Ag",
"zmesI89Ze"
],
"uid":"2041132204",
"parent":"zmerg0N7A",
"text":"回复@野兽派的学者:性福的节日",
"mid":"zmeskbLD1",
"date":"2013-03-06 22:56:24"
},
{
"kids":[],
"uid":"1967931361",
"parent":"",
"text":"哈哈",
"mid":"zmerOxiYt",
"date":"2013-03-06 22:55:10"
},
{
"kids":[
"zmeI1eoGR"
],
"uid":"2011731964",
"parent":"zme8ZksKT",
"text":"这是真的么？这也太那个了吧？？？！！！",
"mid":"zmerzqPn1",
"date":"2013-03-06 22:54:33"
},
{
"kids":[
"zmeskbLD1"
],
"uid":"2041132204",
"parent":"",
"text":"还有这种节？[晕]",
"mid":"zmerg0N7A",
"date":"2013-03-06 22:53:45"
},
{
"kids":[
"zmhrwFBH7"
],
"uid":"3011838235",
"parent":"zmeb0kEwH",
"text":"其实你心里找不到好痒痒[哼]",
"mid":"zmeqS4oT1",
"date":"2013-03-06 22:52:50"
},
{
"kids":[],
"uid":"2856830970",
"parent":"zmeaYyarp",
"text":"@兔聋帮阿丹 @听说名字不能起得太长",
"mid":"zmepkyiKQ",
"date":"2013-03-06 22:49:02"
},
{
"kids":[],
"uid":"2963208057",
"parent":"",
"text":"[偷笑]照片明明泰国摸人妖！微博里排行2的还挺多！[鄙视]",
"mid":"zmep96bWH",
"date":"2013-03-06 22:48:32"
},
{
"kids":[],
"uid":"deisler222",
"parent":"zmelc7Gps",
"text":"@溪边坐流水 像谁",
"mid":"zmeoOlIaI",
"date":"2013-03-06 22:47:46"
},
{
"kids":[],
"uid":"2794584424",
"parent":"zme4A3XMD",
"text":"bcg",
"mid":"zmeowBJuV",
"date":"2013-03-06 22:47:02"
},
{
"kids":[
"zmfkNj7Tr"
],
"uid":"2884573035",
"parent":"zmeo0sYeT",
"text":"到时去云南去![偷笑][偷笑]",
"mid":"zmeow5uk4",
"date":"2013-03-06 22:47:03"
},
{
"kids":[],
"uid":"yanhai19890910",
"parent":"zmemf93RW",
"text":"有这事？该人肉了",
"mid":"zmeo7uEjD",
"date":"2013-03-06 22:46:03"
},
{
"kids":[
"zmeHfB1sL",
"zmeow5uk4"
],
"uid":"2996742202",
"parent":"",
"text":"@洒家不是kuma @JerryElric @老戴在此 到时组队未",
"mid":"zmeo0sYeT",
"date":"2013-03-06 22:45:46"
},
{
"kids":[],
"uid":"20839609",
"parent":"zmelc7Gps",
"text":"我天，做梦去。@Deep_Sky胡",
"mid":"zmenZvTY6",
"date":"2013-03-06 22:45:46"
},
{
"kids":[],
"uid":"1620992914",
"parent":"",
"text":"",
"mid":"zmenwALuj",
"date":"2013-03-06 22:44:37"
},
{
"kids":[],
"uid":"7c84bbl4",
"parent":"zmemf93RW",
"text":"还有这么神奇的节日[吃惊] ，估计男人都不止心动了！[嘻嘻]",
"mid":"zmenvr2ej",
"date":"2013-03-06 22:44:31"
},
{
"kids":[],
"uid":"1738782090",
"parent":"",
"text":"那必须的啊，俺得验证下是不是真事[爱你]",
"mid":"zmengD2kE",
"date":"2013-03-06 22:43:55"
},
{
"kids":[],
"uid":"allenjin831230",
"parent":"zmdZyim9M",
"text":"[酷][嘻嘻]",
"mid":"zmemGkoXM",
"date":"2013-03-06 22:42:30"
},
{
"kids":[
"zmeo7uEjD",
"zmenvr2ej"
],
"uid":"1967931361",
"parent":"",
"text":"照片上这男的是你吗？@刘坤宏",
"mid":"zmemf93RW",
"date":"2013-03-06 22:41:26"
},
{
"kids":[],
"uid":"1738782090",
"parent":"",
"text":"哈哈，去感受下",
"mid":"zmelSkwyV",
"date":"2013-03-06 22:40:28"
},
{
"kids":[],
"uid":"3155207535",
"parent":"",
"text":"真的假的[嘻嘻]@丶安东尼丶 @糖果猪猪2012",
"mid":"zmelp6sme",
"date":"2013-03-06 22:39:18"
},
{
"kids":[
"zmeoOlIaI",
"zmenZvTY6"
],
"uid":"2273808690",
"parent":"",
"text":"这都有…………",
"mid":"zmelc7Gps",
"date":"2013-03-06 22:38:49"
},
{
"kids":[],
"uid":"1914274327",
"parent":"zmehn9rjD",
"text":"不错不错[馋嘴]",
"mid":"zmel2DZmU",
"date":"2013-03-06 22:38:26"
},
{
"kids":[],
"uid":"1277706645",
"parent":"",
"text":"喜欢的算着时间去吧。哈哈，那几天不工作了，去吉祥吧。",
"mid":"zmekk2zhU",
"date":"2013-03-06 22:36:42"
},
{
"kids":[],
"uid":"234529088",
"parent":"",
"text":"男同胞们，福利来啦[花心]",
"mid":"zmejE3DHb",
"date":"2013-03-06 22:35:02"
},
{
"kids":[],
"uid":"2576281367",
"parent":"",
"text":"不是吧",
"mid":"zmejb5YW6",
"date":"2013-03-06 22:33:52"
},
{
"kids":[],
"uid":"2536498854",
"parent":"",
"text":"。。。尼玛。。。这节又不是长期的。。。",
"mid":"zmej64z75",
"date":"2013-03-06 22:33:41"
},
{
"kids":[
"zmeNEd6F5"
],
"uid":"1905101477",
"parent":"",
"text":"男同胞的好福利啊！哈哈哈~~",
"mid":"zmeib6j6t",
"date":"2013-03-06 22:31:25"
},
{
"kids":[],
"uid":"1738782090",
"parent":"",
"text":"惊艳了",
"mid":"zmehReqPp",
"date":"2013-03-06 22:30:37"
},
{
"kids":[],
"uid":"2536498854",
"parent":"",
"text":"",
"mid":"zmehzvEAt",
"date":"2013-03-06 22:29:55"
},
{
"kids":[
"zmel2DZmU"
],
"uid":"2760609961",
"parent":"",
"text":"@三少416 @老年人的马甲 @Mr_傅先生",
"mid":"zmehn9rjD",
"date":"2013-03-06 22:29:24"
},
{
"kids":[],
"uid":"1614629552",
"parent":"",
"text":"目测为泰国人妖",
"mid":"zmeg6vCdW",
"date":"2013-03-06 22:26:19"
},
{
"kids":[],
"uid":"3074189253",
"parent":"",
"text":"切'",
"mid":"zmefZqowt",
"date":"2013-03-06 22:26:02"
},
{
"kids":[],
"uid":"2288337534",
"parent":"",
"text":"隔靴搔痒，有意思吗？",
"mid":"zmefVhWio",
"date":"2013-03-06 22:25:52"
},
{
"kids":[],
"uid":"2141568007",
"parent":"zme4ADav2",
"text":"这个不是说是假的吗？[黑线]",
"mid":"zmef0yrOC",
"date":"2013-03-06 22:23:36"
},
{
"kids":[],
"uid":"yingzifangwyman1987",
"parent":"",
"text":"摸摸更好运！[哈哈]",
"mid":"zmedEBQrx",
"date":"2013-03-06 22:20:17"
},
{
"kids":[],
"uid":"1994697972",
"parent":"zmeb0kEwH",
"text":"@黑黒小马哥 求证",
"mid":"zmecV8Ikk",
"date":"2013-03-06 22:18:28"
},
{
"kids":[
"zmidIF3zY"
],
"uid":"2943627517",
"parent":"zme4ADav2",
"text":"这个可以有[花心][花心]就是不知道真假[嘻嘻][嘻嘻]@Baby-don-t-go @-周东雄",
"mid":"zmecG639d",
"date":"2013-03-06 22:17:52"
},
{
"kids":[],
"uid":"1851533790",
"parent":"",
"text":"@DJ劲风 峰哥，怎么看怎么像你啊[哈哈][哈哈]@DJ程帅 帅姐，你么昂看？[阴险]",
"mid":"zmecuvpF9",
"date":"2013-03-06 22:17:23"
},
{
"kids":[],
"uid":"yingzifangwyman1987",
"parent":"",
"text":"@杜子建 老师，组团去吧[害羞]",
"mid":"zmebYiPnc",
"date":"2013-03-06 22:16:08"
},
{
"kids":[],
"uid":"ndrechina",
"parent":"",
"text":"大家组团去吧@魏特好老贼忒儿 @红星闪闪06 @京城小邵耶",
"mid":"zmebIE9MV",
"date":"2013-03-06 22:15:31"
},
{
"kids":[
"zmeqS4oT1",
"zmecV8Ikk"
],
"uid":"3181080890",
"parent":"",
"text":"这开放的让我无言。",
"mid":"zmeb0kEwH",
"date":"2013-03-06 22:13:41"
},
{
"kids":[
"zmepkyiKQ"
],
"uid":"xiaobingxingfuing",
"parent":"zme1XtuPl",
"text":"造谣者死[怒][怒][怒]",
"mid":"zmeaYyarp",
"date":"2013-03-06 22:13:42"
},
{
"kids":[],
"uid":"2794868641",
"parent":"",
"text":"这是泰国人妖吧！[汗]",
"mid":"zme9NyCo4",
"date":"2013-03-06 22:10:46"
},
{
"kids":[
"zmkAW80aO"
],
"uid":"1918239827",
"parent":"",
"text":"。。。。。",
"mid":"zme9BrHv7",
"date":"2013-03-06 22:10:17"
},
{
"kids":[],
"uid":"2375609045",
"parent":"zme8Aeu4y",
"text":"@jason_jee @买买提PIERO @yan地盘",
"mid":"zme9AyswP",
"date":"2013-03-06 22:10:16"
},
{
"kids":[],
"uid":"527699789",
"parent":"",
"text":"女的不能去，要不然惨遭毒手",
"mid":"zme97Dtyz",
"date":"2013-03-06 22:09:07"
},
{
"kids":[
"zmerzqPn1"
],
"uid":"2422760633",
"parent":"zme5lACMO",
"text":"一定要想办法在七月十四那天去这个地方。",
"mid":"zme8ZksKT",
"date":"2013-03-06 22:08:47"
},
{
"kids":[
"zme9AyswP"
],
"uid":"337933380",
"parent":"",
"text":"好 哈哈",
"mid":"zme8Aeu4y",
"date":"2013-03-06 22:07:47"
},
{
"kids":[
"zmg2PEk0S"
],
"uid":"2803117410",
"parent":"zme0KrZCX",
"text":"羡慕死了",
"mid":"zme8w6U0d",
"date":"2013-03-06 22:07:35"
},
{
"kids":[],
"uid":"2295421024",
"parent":"zme5lACMO",
"text":"",
"mid":"zme7D8l6X",
"date":"2013-03-06 22:05:24"
},
{
"kids":[],
"uid":"1912259057",
"parent":"zme1XtuPl",
"text":"怎么什么乱七八糟的节日都有的？算不算陋习？",
"mid":"zme7donPY",
"date":"2013-03-06 22:04:25"
},
{
"kids":[],
"uid":"2480385580",
"parent":"zme4OcHFf",
"text":"这个有意思",
"mid":"zme6Pay4w",
"date":"2013-03-06 22:03:27"
},
{
"kids":[],
"uid":"2692094971",
"parent":"",
"text":"",
"mid":"zme5oySRk",
"date":"2013-03-06 21:59:54"
},
{
"kids":[
"zmeBOspVJ",
"zme8ZksKT",
"zme7D8l6X"
],
"uid":"1075591211",
"parent":"zme4ADav2",
"text":"组织一个摸乳团，你来当团长！[哈哈]",
"mid":"zme5lACMO",
"date":"2013-03-06 21:59:49"
},
{
"kids":[],
"uid":"wudaku",
"parent":"",
"text":"@萝卜丝丝丝____ [眼泪][眼泪][眼泪]还是去云南玩吧，要一起去吗？",
"mid":"zme5fokHO",
"date":"2013-03-06 21:59:35"
},
{
"kids":[
"zme6Pay4w"
],
"uid":"337933380",
"parent":"",
"text":"[挤眼][挤眼] 7月14日 谁给我摸摸",
"mid":"zme4OcHFf",
"date":"2013-03-06 21:58:29"
},
{
"kids":[
"zmeDAp4Ln",
"zmef0yrOC",
"zmecG639d",
"zme5lACMO"
],
"uid":"hauhan",
"parent":"",
"text":"宁可信其有！[偷笑]",
"mid":"zme4ADav2",
"date":"2013-03-06 21:57:54"
},
{
"kids":[
"zmeowBJuV"
],
"uid":"2951215201",
"parent":"",
"text":"真的假的，还有这事？",
"mid":"zme4A3XMD",
"date":"2013-03-06 21:57:51"
},
{
"kids":[],
"uid":"2714067843",
"parent":"",
"text":"",
"mid":"zme38uOoH",
"date":"2013-03-06 21:54:22"
},
{
"kids":[],
"uid":"hauhan",
"parent":"zme0KrZCX",
"text":"就这么定了，7月14云南见！[偷笑]",
"mid":"zme2I9QVQ",
"date":"2013-03-06 21:53:16"
},
{
"kids":[],
"uid":"2586586175",
"parent":"",
"text":"抓咪咪。好奇怪啊",
"mid":"zme2EDPTJ",
"date":"2013-03-06 21:53:09"
},
{
"kids":[],
"uid":"1942795387",
"parent":"",
"text":"@小核桃Eason",
"mid":"zme2g8g6A",
"date":"2013-03-06 21:52:11"
},
{
"kids":[
"zmeyo30iF"
],
"uid":"bmzeng",
"parent":"zmdZyim9M",
"text":"[晕]",
"mid":"zme29hynu",
"date":"2013-03-06 21:51:56"
},
{
"kids":[
"zmeaYyarp",
"zme7donPY"
],
"uid":"208585899",
"parent":"zme0KrZCX",
"text":"鬼才信",
"mid":"zme1XtuPl",
"date":"2013-03-06 21:51:24"
},
{
"kids":[
"zmHstan65",
"zmA71CpF1"
],
"uid":"willsan",
"parent":"zmdhGzDeP",
"text":"我了个去...@Just_脆皮",
"mid":"zme0NpkV8",
"date":"2013-03-06 21:48:36"
},
{
"kids":[
"zme8w6U0d",
"zme2I9QVQ",
"zme1XtuPl"
],
"uid":"nb00920",
"parent":"",
"text":"这个可以哟@抱抱1981",
"mid":"zme0KrZCX",
"date":"2013-03-06 21:48:26"
},
{
"kids":[
"zmemGkoXM",
"zme29hynu"
],
"uid":"1916341357",
"parent":"zmdNQvBMm",
"text":"这个不错 农历7月份得过去[哈哈]@青鱼A @allenjin831230 @浙江周勇 @獨行南京:是不是真的？我雲南去了無數回了，我咋不知道？",
"mid":"zmdZyim9M",
"date":"2013-03-06 21:45:28"
},
{
"kids":[],
"uid":"exceed007",
"parent":"zmdNQvBMm",
"text":"[花心]",
"mid":"zmdZ1v51n",
"date":"2013-03-06 21:44:12"
},
{
"kids":[
"zmjVXtM7S"
],
"uid":"clcc99",
"parent":"zmdUnEz4i",
"text":"[汗]",
"mid":"zmdXWF8wx",
"date":"2013-03-06 21:41:34"
},
{
"kids":[],
"uid":"277173399",
"parent":"zmdUnEz4i",
"text":"网上盛传鄂家镇摸奶节一说，经相关调查，为捏造事实，扭曲民俗，当地政府辟谣称不存在所谓的“摸奶节”，申遗是无稽之谈。鄂家镇政府工作人员苏小姐则告诉记者，所谓的“摸奶节”出现完全是被一些文人扭曲的，现在鄂家镇有“摸奶节”是谣传，至于“摸奶节”还要申遗的说法则是无稽之谈。@点子面对面:",
"mid":"zmdXEDzbx",
"date":"2013-03-06 21:40:51"
},
{
"kids":[
"zmdXWF8wx",
"zmdXEDzbx"
],
"uid":"528522346",
"parent":"zmdHrnIeL",
"text":"[哈哈]",
"mid":"zmdUnEz4i",
"date":"2013-03-06 21:32:48"
},
{
"kids":[],
"uid":"shanyexianren",
"parent":"zmditjzVl",
"text":"",
"mid":"zmdTLeKVx",
"date":"2013-03-06 21:31:16"
},
{
"kids":[],
"uid":"dorathyliu2010",
"parent":"zmdxSkmmw",
"text":"假新闻吧",
"mid":"zmdSj8jUe",
"date":"2013-03-06 21:27:41"
},
{
"kids":[
"zmdZyim9M",
"zmdZ1v51n"
],
"uid":"1314365000",
"parent":"zmdniDP49",
"text":"是不是真的？我雲南去了無數回了，我咋不知道？",
"mid":"zmdNQvBMm",
"date":"2013-03-06 21:16:42"
},
{
"kids":[],
"uid":"3187163314",
"parent":"zmdCdz77G",
"text":"",
"mid":"zmdLZBQ0u",
"date":"2013-03-06 21:12:08"
},
{
"kids":[
"zmjxao5Zu"
],
"uid":"1053040290",
"parent":"",
"text":"我去~~~他摸的难道不是人妖吗？？！！！！",
"mid":"zmdKNqngR",
"date":"2013-03-06 21:09:11"
},
{
"kids":[],
"uid":"3204687887",
"parent":"",
"text":"碉堡了",
"mid":"zmdKuwJpD",
"date":"2013-03-06 21:08:24"
},
{
"kids":[],
"uid":"2676583235",
"parent":"",
"text":"哈哈'下次肯定要去！[鼓掌]",
"mid":"zmdK61Rf8",
"date":"2013-03-06 21:07:27"
},
{
"kids":[
"zmhLJzc2V"
],
"uid":"shuxiongmami",
"parent":"",
"text":"[晕]世界之大无奇不有，真的么？",
"mid":"zmdHMp358",
"date":"2013-03-06 21:01:42"
},
{
"kids":[],
"uid":"nanami2012",
"parent":"zmdkl8EUw",
"text":"@风中楠竹: [哈哈]听说过。",
"mid":"zmdHM3UGs",
"date":"2013-03-06 21:01:42"
},
{
"kids":[
"zmdUnEz4i"
],
"uid":"277173399",
"parent":"zmdFE1yRp",
"text":"“彝族摸奶节”是在网络上有人恶意炒作的一个云南楚雄的所谓节日。大致传言是：“时间为每年阴历的7月14、15、16三天，摸奶节期间男人以摸到奶为吉祥，女子们以被摸奶为吉利，节日起源于隋朝年间。”后经当地证实纯属虚构。",
"mid":"zmdHrnIeL",
"date":"2013-03-06 21:00:55"
},
{
"kids":[],
"uid":"1996758783",
"parent":"zmdEA6IcM",
"text":"第二天什么日子啊？！敢去？",
"mid":"zmdFZi9ty",
"date":"2013-03-06 20:57:19"
},
{
"kids":[
"zmdHrnIeL"
],
"uid":"sirlizhenhai",
"parent":"zmdCdz77G",
"text":"",
"mid":"zmdFE1yRp",
"date":"2013-03-06 20:56:27"
},
{
"kids":[
"zmdFZi9ty"
],
"uid":"2251569953",
"parent":"",
"text":"7月份去云南[花心][花心]",
"mid":"zmdEA6IcM",
"date":"2013-03-06 20:53:51"
},
{
"kids":[
"zmi5pE0Nh",
"zmdLZBQ0u",
"zmdFE1yRp"
],
"uid":"517332456",
"parent":"",
"text":"摸摸更吉祥？[可爱] @温州草根新闻",
"mid":"zmdCdz77G",
"date":"2013-03-06 20:48:03"
},
{
"kids":[],
"uid":"1836725574",
"parent":"zmdkl8EUw",
"text":"这，这风俗够劲爆。[偷笑]",
"mid":"zmdC4nBX3",
"date":"2013-03-06 20:47:40"
},
{
"kids":[],
"uid":"2589362880",
"parent":"",
"text":"",
"mid":"zmdyN4LM6",
"date":"2013-03-06 20:39:37"
},
{
"kids":[
"zmdSj8jUe"
],
"uid":"1831485457",
"parent":"",
"text":"@噹噹妈妈咪 经供参考！",
"mid":"zmdxSkmmw",
"date":"2013-03-06 20:37:19"
},
{
"kids":[],
"uid":"datang1978",
"parent":"zmddGnpZf",
"text":"",
"mid":"zmdxbbK1Z",
"date":"2013-03-06 20:35:37"
},
{
"kids":[],
"uid":"1881907560",
"parent":"zmdjPfKBQ",
"text":"@八云的小屋 ，pls去吧",
"mid":"zmdwXD5rR",
"date":"2013-03-06 20:35:06"
},
{
"kids":[],
"uid":"sunxiangsx",
"parent":"zmdjPfKBQ",
"text":"哇塞",
"mid":"zmduQ60Op",
"date":"2013-03-06 20:29:49"
},
{
"kids":[
"zmiDz9STa"
],
"uid":"pf8968",
"parent":"zmdqgapnl",
"text":"同志们，你们心动了吗？@魏笑天-润众 @士十士十仕 @-尐茳-",
"mid":"zmduJkE5G",
"date":"2013-03-06 20:29:36"
},
{
"kids":[],
"uid":"1727549555",
"parent":"",
"text":"[吃惊][吃惊][吃惊] 真的还是假的？",
"mid":"zmdupww8i",
"date":"2013-03-06 20:28:48"
},
{
"kids":[],
"uid":"suny91123",
"parent":"zmdkl8EUw",
"text":"[悲伤]",
"mid":"zmdtDCKqC",
"date":"2013-03-06 20:26:53"
},
{
"kids":[],
"uid":"2152140931",
"parent":"zmdfu4qzt",
"text":"这可从来没听说过",
"mid":"zmdqZ5H5G",
"date":"2013-03-06 20:20:19"
},
{
"kids":[],
"uid":"hanson1260",
"parent":"",
"text":"@豆帅 @牛栏山下的鱼 @老虎288 @武坚扛把子",
"mid":"zmdqFiT18",
"date":"2013-03-06 20:19:35"
},
{
"kids":[
"zmduJkE5G"
],
"uid":"yzmsmj",
"parent":"",
"text":"真的假的？？？这三天应该-是鄂家镇的旅游旺季吧[哈哈]",
"mid":"zmdqgapnl",
"date":"2013-03-06 20:18:35"
},
{
"kids":[],
"uid":"2462473067",
"parent":"zmdcN5U2n",
"text":"毫无PS痕迹。。@一个象春天一个象冬天 @小小警察Mr曹",
"mid":"zmdpUjx67",
"date":"2013-03-06 20:17:42"
},
{
"kids":[
"zmdNQvBMm"
],
"uid":"315965557",
"parent":"zmdgOvT52",
"text":"这事找@金陵-张伟@花满南京 @独行南京 三位老总放点血我萝卜圈一起去[偷笑]",
"mid":"zmdniDP49",
"date":"2013-03-06 20:11:18"
},
{
"kids":[],
"uid":"fenghuochoumian",
"parent":"zmdkl8EUw",
"text":"在“摸奶节”的3天以内，当地的女人所穿的上衣只会遮住一边乳房，没遮住的另一边乳房，只要是参加节日的人都可以摸，至于遮住的另一边乳房是为自己将来的老公所保留",
"mid":"zmdmXDbl7",
"date":"2013-03-06 20:10:28"
},
{
"kids":[],
"uid":"1972974197",
"parent":"",
"text":"不得，惊艳啊？@扬州杨 @sudafen媛 @酱紫紫 @流氓兔拍拍",
"mid":"zmdlumYdX",
"date":"2013-03-06 20:06:49"
},
{
"kids":[],
"uid":"1424743673",
"parent":"zmdj6k1eb",
"text":"这个春天有去处了[偷笑]",
"mid":"zmdkmjv9O",
"date":"2013-03-06 20:04:04"
},
{
"kids":[
"zmdHM3UGs",
"zmdC4nBX3",
"zmdtDCKqC",
"zmdmXDbl7"
],
"uid":"3180366121",
"parent":"zmdigi1Wy",
"text":"只是转发，没确认，不过短短时间回应者众，说明市场需求！ [偷笑]",
"mid":"zmdkl8EUw",
"date":"2013-03-06 20:04:00"
},
{
"kids":[],
"uid":"345837659",
"parent":"zmdj6k1eb",
"text":"成都有什么好的啊[花心]",
"mid":"zmdjTnVR4",
"date":"2013-03-06 20:02:54"
},
{
"kids":[
"zmdwXD5rR",
"zmduQ60Op"
],
"uid":"1959021455",
"parent":"zmdekf5ul",
"text":"",
"mid":"zmdjPfKBQ",
"date":"2013-03-06 20:02:44"
},
{
"kids":[
"zmdkmjv9O",
"zmdjTnVR4"
],
"uid":"piziyin87",
"parent":"zmdhF7bvt",
"text":"还是去成都吧[花心]",
"mid":"zmdj6k1eb",
"date":"2013-03-06 20:00:56"
},
{
"kids":[
"zmdTLeKVx"
],
"uid":"2902793693",
"parent":"zmdeDru82",
"text":"几时去呀?预埋我啊.[花心][花心]",
"mid":"zmditjzVl",
"date":"2013-03-06 19:59:24"
},
{
"kids":[
"zmdkl8EUw"
],
"uid":"jmjt6688",
"parent":"",
"text":"[哈哈]听说过。",
"mid":"zmdigi1Wy",
"date":"2013-03-06 19:58:53"
},
{
"kids":[
"zme0NpkV8"
],
"uid":"573442242",
"parent":"zmdfu4qzt",
"text":"[衰]",
"mid":"zmdhGzDeP",
"date":"2013-03-06 19:57:25"
},
{
"kids":[
"zmdj6k1eb"
],
"uid":"joehill",
"parent":"zmdgW8Z9a",
"text":"这个很早很早以前就辟谣了",
"mid":"zmdhF7bvt",
"date":"2013-03-06 19:57:24"
},
{
"kids":[],
"uid":"1662816901",
"parent":"zmdeDru82",
"text":"还有这样的节日，真是闻所未闻。[花心]",
"mid":"zmdhyxMBK",
"date":"2013-03-06 19:57:08"
},
{
"kids":[
"zmdhF7bvt"
],
"uid":"piziyin87",
"parent":"",
"text":"哎妈，建议全国推广[花心][花心]",
"mid":"zmdgW8Z9a",
"date":"2013-03-06 19:55:37"
},
{
"kids":[
"zmdniDP49"
],
"uid":"2548701890",
"parent":"zmddGnpZf",
"text":"我大萝卜圈的组团去[花心][花心]/@金陵酒徒仓氏:[花心][花心]",
"mid":"zmdgOvT52",
"date":"2013-03-06 19:55:17"
},
{
"kids":[],
"uid":"1895642313",
"parent":"zmddGnpZf",
"text":"",
"mid":"zmdgxCxzE",
"date":"2013-03-06 19:54:39"
},
{
"kids":[
"zmeYwty9w"
],
"uid":"2150956892",
"parent":"zmddGnpZf",
"text":"一定得去",
"mid":"zmdgn1rmx",
"date":"2013-03-06 19:54:13"
},
{
"kids":[],
"uid":"yzhwyuyang",
"parent":"zmdcN5U2n",
"text":"",
"mid":"zmdg3ctQr",
"date":"2013-03-06 19:53:26"
},
{
"kids":[
"zmdqZ5H5G",
"zmdhGzDeP"
],
"uid":"2793013090",
"parent":"",
"text":"骗人的，一看背景就知道！",
"mid":"zmdfu4qzt",
"date":"2013-03-06 19:52:02"
},
{
"kids":[],
"uid":"xinlingdalaoshu",
"parent":"zmdekf5ul",
"text":"这图应该是泰国人妖吧~",
"mid":"zmdfhBFgV",
"date":"2013-03-06 19:51:32"
},
{
"kids":[],
"uid":"2402627410",
"parent":"zmdbCqKjR",
"text":"摸了嘛跟你要钱[哈哈]",
"mid":"zmdf165QH",
"date":"2013-03-06 19:50:53"
},
{
"kids":[],
"uid":"2110475337",
"parent":"zmdcN5U2n",
"text":"这条线开通绝对火爆…[哈哈]",
"mid":"zmdeQcgAY",
"date":"2013-03-06 19:50:27"
},
{
"kids":[
"zmditjzVl",
"zmdhyxMBK"
],
"uid":"1007083801",
"parent":"zmddGnpZf",
"text":"哦真的",
"mid":"zmdeDru82",
"date":"2013-03-06 19:49:56"
},
{
"kids":[],
"uid":"hkz0515",
"parent":"",
"text":"@高邮人在扬州",
"mid":"zmdep12Uo",
"date":"2013-03-06 19:49:21"
},
{
"kids":[],
"uid":"2577840173",
"parent":"zmdcN5U2n",
"text":"@伤心小溅007 @邵杨天 @无欲者则钢",
"mid":"zmdemCUIY",
"date":"2013-03-06 19:49:17"
},
{
"kids":[
"zmdjPfKBQ",
"zmdfhBFgV"
],
"uid":"fenghuochoumian",
"parent":"zmdbCqKjR",
"text":"呵呵，老帖新说啊",
"mid":"zmdekf5ul",
"date":"2013-03-06 19:49:10"
},
{
"kids":[],
"uid":"2014196340",
"parent":"zmdc6hHgk",
"text":"这三天去这个点去旅游的男人应该很多",
"mid":"zmddYp1Qb",
"date":"2013-03-06 19:48:19"
},
{
"kids":[],
"uid":"345837659",
"parent":"",
"text":"这个可以报名参加哦！[哈哈]",
"mid":"zmddKv05J",
"date":"2013-03-06 19:47:46"
},
{
"kids":[
"zmdxbbK1Z",
"zmdgOvT52",
"zmdgxCxzE",
"zmdgn1rmx",
"zmdeDru82"
],
"uid":"315965557",
"parent":"zmdcN5U2n",
"text":"[花心][花心]",
"mid":"zmddGnpZf",
"date":"2013-03-06 19:47:34"
},
{
"kids":[
"zmdpUjx67",
"zmdg3ctQr",
"zmdeQcgAY",
"zmdemCUIY",
"zmddGnpZf"
],
"uid":"1891390232",
"parent":"zmd9UA4JP",
"text":"我觉得你们凤凰岛旅行社成立第一条线就应该开这个",
"mid":"zmdcN5U2n",
"date":"2013-03-06 19:45:24"
},
{
"kids":[
"zmddYp1Qb"
],
"uid":"345837659",
"parent":"zmdbCqKjR",
"text":"谁有空 一起飞云南啊[哈哈]",
"mid":"zmdc6hHgk",
"date":"2013-03-06 19:43:38"
},
{
"kids":[
"zmdf165QH",
"zmdekf5ul",
"zmdc6hHgk"
],
"uid":"hkz0515",
"parent":"zmdb8hwB6",
"text":"乖乖隆的冬",
"mid":"zmdbCqKjR",
"date":"2013-03-06 19:42:30"
},
{
"kids":[
"zmdbCqKjR"
],
"uid":"2949231287",
"parent":"zmd9UA4JP",
"text":"飞云南？@扬州数字电视黄海忠 @段浩笨笨不难过 @扬州张旋",
"mid":"zmdb8hwB6",
"date":"2013-03-06 19:41:19"
},
{
"kids":[
"zmdcN5U2n",
"zmdb8hwB6"
],
"uid":"3180366121",
"parent":"zmd8RjaHg",
"text":"真的假的？准备成行！[花心]",
"mid":"zmd9UA4JP",
"date":"2013-03-06 19:38:19"
},
{
"kids":[
"zmP3MD3XD",
"zmd9UA4JP"
],
"uid":"3185267463",
"parent":"zmcItsdBq",
"text":"果然精彩！[做鬼脸]",
"mid":"zmd8RjaHg",
"date":"2013-03-06 19:35:43"
},
{
"kids":[],
"uid":"2082091021",
"parent":"",
"text":"",
"mid":"zmcJUp8wv",
"date":"2013-03-06 18:34:13"
},
{
"kids":[
"zmiCIyH5L"
],
"uid":"2597639832",
"parent":"",
"text":"@我系南少",
"mid":"zmcIM7sCn",
"date":"2013-03-06 18:31:26"
},
{
"kids":[
"zmd8RjaHg"
],
"uid":"1100885923",
"parent":"",
"text":"@毛书田 @凤凰岛旅行社 @JARongr龙行天下",
"mid":"zmcItsdBq",
"date":"2013-03-06 18:30:43"
},
{
"kids":[],
"uid":"2000659035",
"parent":"",
"text":"@Ballack1 可以去了",
"mid":"zmcI0t6yQ",
"date":"2013-03-06 18:29:34"
}
]