[
{
"kids":[],
"uid":"2097579575",
"parent":"zsfIzoAUe",
"text":"",
"mid":"zEzZsnyCr",
"date":"2013-07-05 14:51:11"
},
{
"kids":[],
"uid":"1868394320",
"parent":"",
"text":"谁还想开光！",
"mid":"zyYb6xsIP",
"date":"2013-05-29 17:23:58"
},
{
"kids":[],
"uid":"skycolor6",
"parent":"",
"text":"标准的和尚吃荤腥！晕，这时代真乱哦！",
"mid":"zwPCshAbc",
"date":"2013-05-15 15:56:03"
},
{
"kids":[],
"uid":"3043959422",
"parent":"zshKEmOGL",
"text":"",
"mid":"zv83pxuu9",
"date":"2013-05-04 11:11:18"
},
{
"kids":[],
"uid":"1583751217",
"parent":"zshKEmOGL",
"text":"",
"mid":"zv83pwy7j",
"date":"2013-05-04 11:11:16"
},
{
"kids":[],
"uid":"putixiong",
"parent":"ztLvhioUj",
"text":"[弱]上图是杨澜专访释永信大和尚时的合影，下图是某南方旅游区寺院假和尚，野外嫖妓偷拍照片，如此恶意捏造假新闻，蓄意诽谤释永信大和尚，，如此恶业，不担心因果报应吗？因果循环丝毫不爽！！",
"mid":"ztLxW8ope",
"date":"2013-04-25 12:03:01"
},
{
"kids":[],
"uid":"1827435001",
"parent":"",
"text":"",
"mid":"ztLxM4Jka",
"date":"2013-04-25 12:02:35"
},
{
"kids":[
"ztLxW8ope"
],
"uid":"gxjz",
"parent":"ztLc6cgBG",
"text":"这年头好乱",
"mid":"ztLvhioUj",
"date":"2013-04-25 11:56:26"
},
{
"kids":[
"ztLvhioUj"
],
"uid":"notbear",
"parent":"",
"text":"求链接",
"mid":"ztLc6cgBG",
"date":"2013-04-25 11:09:12"
},
{
"kids":[],
"uid":"liuwenzhuang007",
"parent":"zsdOAyqd8",
"text":"。。这。。？佛门？？还是禽兽？",
"mid":"zsKKK93v3",
"date":"2013-04-18 20:11:28"
},
{
"kids":[],
"uid":"1878731314",
"parent":"",
"text":"末法时期",
"mid":"zsi9tz4oK",
"date":"2013-04-15 19:22:47"
},
{
"kids":[],
"uid":"101025423",
"parent":"zshKEmOGL",
"text":"卧槽",
"mid":"zshP369kq",
"date":"2013-04-15 18:32:28"
},
{
"kids":[
"zv83pxuu9",
"zv83pwy7j",
"zshP369kq"
],
"uid":"2656194251",
"parent":"zsfnjwZoa",
"text":"",
"mid":"zshKEmOGL",
"date":"2013-04-15 18:21:38"
},
{
"kids":[],
"uid":"2038234272",
"parent":"",
"text":"原来 这就叫做开光啊？",
"mid":"zsgKFddUj",
"date":"2013-04-15 15:48:56"
},
{
"kids":[],
"uid":"2406969152",
"parent":"zsfB2fsc4",
"text":"真噁心",
"mid":"zsgbs5JLI",
"date":"2013-04-15 14:22:10"
},
{
"kids":[],
"uid":"2175341283",
"parent":"",
"text":"",
"mid":"zsg6BgQiL",
"date":"2013-04-15 14:10:13"
},
{
"kids":[],
"uid":"2453653504",
"parent":"",
"text":"",
"mid":"zsg2j5aD0",
"date":"2013-04-15 13:59:36"
},
{
"kids":[
"zEzZsnyCr"
],
"uid":"shouxi1",
"parent":"",
"text":"看得我也想出家了",
"mid":"zsfIzoAUe",
"date":"2013-04-15 13:10:59"
},
{
"kids":[
"zsgbs5JLI"
],
"uid":"1675179927",
"parent":"",
"text":"",
"mid":"zsfB2fsc4",
"date":"2013-04-15 12:52:26"
},
{
"kids":[],
"uid":"3118043191",
"parent":"",
"text":"",
"mid":"zsfpRAhJR",
"date":"2013-04-15 12:24:56"
},
{
"kids":[
"zshKEmOGL"
],
"uid":"2507928434",
"parent":"",
"text":"",
"mid":"zsfnjwZoa",
"date":"2013-04-15 12:18:39"
},
{
"kids":[],
"uid":"1685023641",
"parent":"",
"text":"",
"mid":"zsflfjyaM",
"date":"2013-04-15 12:13:32"
},
{
"kids":[],
"uid":"1713802637",
"parent":"",
"text":"",
"mid":"zsfcK8GQC",
"date":"2013-04-15 11:52:34"
},
{
"kids":[],
"uid":"1901794127",
"parent":"",
"text":"高难度 很轻松嘛",
"mid":"zsf5ixY7w",
"date":"2013-04-15 11:34:16"
},
{
"kids":[],
"uid":"2366176124",
"parent":"zsdSV6OGu",
"text":"",
"mid":"zseIh5Zy8",
"date":"2013-04-15 10:37:32"
},
{
"kids":[],
"uid":"masonbear",
"parent":"",
"text":"太可怕了",
"mid":"zsetpFtsI",
"date":"2013-04-15 10:00:56"
},
{
"kids":[],
"uid":"312240444",
"parent":"",
"text":"",
"mid":"zseivk9y5",
"date":"2013-04-15 09:34:02"
},
{
"kids":[],
"uid":"luobenmantou",
"parent":"",
"text":"15一次，20找5块@申小武 昨天才说了今天就看到了哈哈",
"mid":"zsehh5JZo",
"date":"2013-04-15 09:31:01"
},
{
"kids":[],
"uid":"helpmepleaseok",
"parent":"",
"text":": 求开光[哈哈][哈哈]",
"mid":"zsebM4IHA",
"date":"2013-04-15 09:17:28"
},
{
"kids":[],
"uid":"1905234321",
"parent":"",
"text":"",
"mid":"zse6IgKBp",
"date":"2013-04-15 09:04:59"
},
{
"kids":[],
"uid":"2853390037",
"parent":"",
"text":"",
"mid":"zsdV98xzV",
"date":"2013-04-15 08:36:30"
},
{
"kids":[],
"uid":"2680549607",
"parent":"zsdPqviie",
"text":"高难度动作",
"mid":"zsdUKC59k",
"date":"2013-04-15 08:35:32"
},
{
"kids":[
"zseIh5Zy8"
],
"uid":"xiongwei2012",
"parent":"",
"text":"杨澜也被你们嘿",
"mid":"zsdSV6OGu",
"date":"2013-04-15 08:31:00"
},
{
"kids":[],
"uid":"1893999164",
"parent":"",
"text":"",
"mid":"zsdSHhm1o",
"date":"2013-04-15 08:30:28"
},
{
"kids":[],
"uid":"2306197712",
"parent":"",
"text":"奇怪 民眾可以容忍政黨公款吃喝嫖賭、嫖竊幼女，居然不允許和尚解決生理需要？！",
"mid":"zsdSqFrgn",
"date":"2013-04-15 08:29:49"
},
{
"kids":[
"zsdUKC59k"
],
"uid":"1436341473",
"parent":"",
"text":"擦…每天都有劲爆的消息",
"mid":"zsdPqviie",
"date":"2013-04-15 08:22:25"
},
{
"kids":[
"zsKKK93v3"
],
"uid":"woody2bear",
"parent":"zrGNDm4OW",
"text":"",
"mid":"zsdOAyqd8",
"date":"2013-04-15 08:20:21"
},
{
"kids":[],
"uid":"2730162623",
"parent":"",
"text":"杨澜大姐漂亮多了[哈哈]",
"mid":"zsbets51H",
"date":"2013-04-15 01:45:53"
},
{
"kids":[],
"uid":"2917030413",
"parent":"zs7OmhdDW",
"text":"和尚[good]真没话说！/@南瓜8说话: 哎呦，又见到你了，杨澜大姐[哈哈]",
"mid":"zs864ErXI",
"date":"2013-04-14 17:46:55"
},
{
"kids":[],
"uid":"3043062344",
"parent":"zs7H9uE34",
"text":"",
"mid":"zs81OsjSD",
"date":"2013-04-14 17:36:26"
},
{
"kids":[],
"uid":"3145724574",
"parent":"",
"text":"",
"mid":"zs7Px2uY3",
"date":"2013-04-14 17:06:09"
},
{
"kids":[
"zs864ErXI"
],
"uid":"278447746",
"parent":"zs7DDbkWJ",
"text":"",
"mid":"zs7OmhdDW",
"date":"2013-04-14 17:03:18"
},
{
"kids":[],
"uid":"2402702061",
"parent":"zs7DDbkWJ",
"text":"[阴险]",
"mid":"zs7MbzR2c",
"date":"2013-04-14 16:57:56"
},
{
"kids":[
"zs81OsjSD"
],
"uid":"3086560070",
"parent":"",
"text":"",
"mid":"zs7H9uE34",
"date":"2013-04-14 16:45:33"
},
{
"kids":[],
"uid":"hfhuairen",
"parent":"zs7DDbkWJ",
"text":"佛家戒律之一：与女居士保持一丈远的距离",
"mid":"zs7GTyhby",
"date":"2013-04-14 16:44:56"
},
{
"kids":[],
"uid":"1979369377",
"parent":"zs7DDbkWJ",
"text":"",
"mid":"zs7Gvjoni",
"date":"2013-04-14 16:43:56"
},
{
"kids":[],
"uid":"2479139441",
"parent":"",
"text":"实际行动",
"mid":"zs7ENffbz",
"date":"2013-04-14 16:39:44"
},
{
"kids":[
"zs7OmhdDW",
"zs7MbzR2c",
"zs7GTyhby",
"zs7Gvjoni"
],
"uid":"3213320840",
"parent":"",
"text":"短发哦[吃惊]",
"mid":"zs7DDbkWJ",
"date":"2013-04-14 16:36:52"
},
{
"kids":[],
"uid":"1218830061",
"parent":"",
"text":"[哈哈]",
"mid":"zrRASExaj",
"date":"2013-04-12 23:46:10"
},
{
"kids":[],
"uid":"2535147451",
"parent":"zrofMkC2u",
"text":"若让咱网友们给开光，那才叫普渡众生！",
"mid":"zrH8zrjRO",
"date":"2013-04-11 21:08:53"
},
{
"kids":[
"zsdOAyqd8"
],
"uid":"2012836185",
"parent":"",
"text":"求链接。",
"mid":"zrGNDm4OW",
"date":"2013-04-11 20:17:21"
},
{
"kids":[],
"uid":"2316963111",
"parent":"zrljn0o77",
"text":"",
"mid":"zrFAbo8cE",
"date":"2013-04-11 17:11:29"
},
{
"kids":[],
"uid":"2855044561",
"parent":"zro6K4P6U",
"text":"",
"mid":"zryoxsy65",
"date":"2013-04-10 22:53:34"
},
{
"kids":[],
"uid":"2165827385",
"parent":"",
"text":"",
"mid":"zrtL33ZSp",
"date":"2013-04-10 11:05:15"
},
{
"kids":[],
"uid":"1777667620",
"parent":"zromUqdrT",
"text":"",
"mid":"zrrWVAB8O",
"date":"2013-04-10 06:29:03"
},
{
"kids":[],
"uid":"karater",
"parent":"zrogqyJ4P",
"text":"",
"mid":"zroQjyS5q",
"date":"2013-04-09 22:34:31"
},
{
"kids":[],
"uid":"1841068603",
"parent":"zrogqyJ4P",
"text":"",
"mid":"zrorS0LZj",
"date":"2013-04-09 21:34:16"
},
{
"kids":[
"zrrWVAB8O"
],
"uid":"zhongxiazhichenxi",
"parent":"",
"text":"",
"mid":"zromUqdrT",
"date":"2013-04-09 21:22:02"
},
{
"kids":[],
"uid":"2618241805",
"parent":"zrogqyJ4P",
"text":"@琳欣童 原来如此!难怪如此多人争着当和尚， 特别是所谓得道的",
"mid":"zrolNgfwA",
"date":"2013-04-09 21:19:17"
},
{
"kids":[],
"uid":"1909173547",
"parent":"zro7vn3f7",
"text":"",
"mid":"zroj7sMJG",
"date":"2013-04-09 21:12:43"
},
{
"kids":[],
"uid":"1855603713",
"parent":"zrogqyJ4P",
"text":"好像",
"mid":"zroj1hD8a",
"date":"2013-04-09 21:12:28"
},
{
"kids":[],
"uid":"3285131914",
"parent":"zrogqyJ4P",
"text":"",
"mid":"zroizvgmI",
"date":"2013-04-09 21:11:21"
},
{
"kids":[
"zroQjyS5q",
"zrorS0LZj",
"zrolNgfwA",
"zroj1hD8a",
"zroizvgmI"
],
"uid":"emcocn",
"parent":"zro6K4P6U",
"text":"",
"mid":"zrogqyJ4P",
"date":"2013-04-09 21:06:05"
},
{
"kids":[
"zrH8zrjRO"
],
"uid":"2059622247",
"parent":"zro6K4P6U",
"text":"杨澜开光后漂亮啦[哈哈]",
"mid":"zrofMkC2u",
"date":"2013-04-09 21:04:28"
},
{
"kids":[],
"uid":"2576313073",
"parent":"zro7vn3f7",
"text":"",
"mid":"zrodRigX6",
"date":"2013-04-09 20:59:46"
},
{
"kids":[],
"uid":"1001733181",
"parent":"zro6K4P6U",
"text":"",
"mid":"zrocBfezN",
"date":"2013-04-09 20:56:40"
},
{
"kids":[],
"uid":"jiangsuxingjin",
"parent":"",
"text":"回复@陈迪拜V:[哈哈]阿弥陀佛",
"mid":"zro9Dqdaz",
"date":"2013-04-09 20:49:22"
},
{
"kids":[],
"uid":"1834229695",
"parent":"zro6K4P6U",
"text":"",
"mid":"zro8t5tS7",
"date":"2013-04-09 20:46:27"
},
{
"kids":[
"zroj7sMJG",
"zrodRigX6"
],
"uid":"2362186001",
"parent":"zro6K4P6U",
"text":"",
"mid":"zro7vn3f7",
"date":"2013-04-09 20:44:05"
},
{
"kids":[
"zryoxsy65",
"zrogqyJ4P",
"zrofMkC2u",
"zrocBfezN",
"zro8t5tS7",
"zro7vn3f7"
],
"uid":"207170707",
"parent":"zrljn0o77",
"text":"",
"mid":"zro6K4P6U",
"date":"2013-04-09 20:42:15"
},
{
"kids":[],
"uid":"2332781707",
"parent":"zrnKvARrv",
"text":"",
"mid":"zrnVmaLLV",
"date":"2013-04-09 20:14:09"
},
{
"kids":[],
"uid":"3184995802",
"parent":"",
"text":"",
"mid":"zrnKVmrek",
"date":"2013-04-09 19:48:29"
},
{
"kids":[
"zrnVmaLLV"
],
"uid":"1967171897",
"parent":"zrn7p7mf8",
"text":"",
"mid":"zrnKvARrv",
"date":"2013-04-09 19:47:26"
},
{
"kids":[],
"uid":"2078994741",
"parent":"",
"text":"",
"mid":"zrnFx7xPq",
"date":"2013-04-09 19:35:10"
},
{
"kids":[],
"uid":"2708447311",
"parent":"zrmB4tJ9B",
"text":"[可怜]",
"mid":"zrnErsF7K",
"date":"2013-04-09 19:32:29"
},
{
"kids":[],
"uid":"2722383373",
"parent":"",
"text":"",
"mid":"zrnmooBtC",
"date":"2013-04-09 18:48:03"
},
{
"kids":[],
"uid":"1843247123",
"parent":"zrmZJ4hU6",
"text":"",
"mid":"zrnewzvYc",
"date":"2013-04-09 18:28:40"
},
{
"kids":[
"zrnKvARrv"
],
"uid":"eylsion",
"parent":"zrkX1FhJj",
"text":"[哈哈]身材不错",
"mid":"zrn7p7mf8",
"date":"2013-04-09 18:11:06"
},
{
"kids":[
"zrnewzvYc"
],
"uid":"2587793615",
"parent":"",
"text":"最近尼姑，和尚很火",
"mid":"zrmZJ4hU6",
"date":"2013-04-09 17:52:11"
},
{
"kids":[],
"uid":"1413140210",
"parent":"zrmKc2WNf",
"text":"",
"mid":"zrmRimHjG",
"date":"2013-04-09 17:31:25"
},
{
"kids":[],
"uid":"2201292094",
"parent":"zrmB4tJ9B",
"text":"",
"mid":"zrmLVAGuI",
"date":"2013-04-09 17:18:13"
},
{
"kids":[],
"uid":"2166085815",
"parent":"zrmHmxUJU",
"text":"",
"mid":"zrmLQ1qLW",
"date":"2013-04-09 17:17:59"
},
{
"kids":[],
"uid":"1934839697",
"parent":"zrmKc2WNf",
"text":"",
"mid":"zrmLxFPuX",
"date":"2013-04-09 17:17:15"
},
{
"kids":[],
"uid":"1104426027",
"parent":"zrmB4tJ9B",
"text":"",
"mid":"zrmKIhjFs",
"date":"2013-04-09 17:15:12"
},
{
"kids":[],
"uid":"1882228595",
"parent":"zrmle1GJ9",
"text":"",
"mid":"zrmKFjYL5",
"date":"2013-04-09 17:15:05"
},
{
"kids":[
"zrmRimHjG",
"zrmLxFPuX"
],
"uid":"1835320935",
"parent":"zrmHmxUJU",
"text":"没有信仰和敬畏，人只是生理进化的高级动物",
"mid":"zrmKc2WNf",
"date":"2013-04-09 17:13:56"
},
{
"kids":[
"zrmLQ1qLW",
"zrmKc2WNf"
],
"uid":"2830533582",
"parent":"",
"text":"在中国还有什么是不可能的？",
"mid":"zrmHmxUJU",
"date":"2013-04-09 17:06:56"
},
{
"kids":[],
"uid":"2686408013",
"parent":"",
"text":"[哈哈]野鸡卫士",
"mid":"zrmGvFCIG",
"date":"2013-04-09 17:04:51"
},
{
"kids":[],
"uid":"2953754700",
"parent":"",
"text":"说什么好呢",
"mid":"zrmDNcIKz",
"date":"2013-04-09 16:58:08"
},
{
"kids":[
"zrnErsF7K",
"zrmLVAGuI",
"zrmKIhjFs"
],
"uid":"2329514235",
"parent":"zrmAtfKTj",
"text":"",
"mid":"zrmB4tJ9B",
"date":"2013-04-09 16:51:26"
},
{
"kids":[
"zrmB4tJ9B"
],
"uid":"1712097064",
"parent":"",
"text":"",
"mid":"zrmAtfKTj",
"date":"2013-04-09 16:49:59"
},
{
"kids":[],
"uid":"2130803577",
"parent":"",
"text":"最好有个录像……期待",
"mid":"zrmm6CrcW",
"date":"2013-04-09 16:14:36"
},
{
"kids":[
"zrmKFjYL5"
],
"uid":"2100611027",
"parent":"",
"text":"野战",
"mid":"zrmle1GJ9",
"date":"2013-04-09 16:12:25"
},
{
"kids":[],
"uid":"1928454217",
"parent":"",
"text":"",
"mid":"zrmkvCkN0",
"date":"2013-04-09 16:10:40"
},
{
"kids":[],
"uid":"shiguangyisui",
"parent":"",
"text":"",
"mid":"zrmiTrGyN",
"date":"2013-04-09 16:06:39"
},
{
"kids":[],
"uid":"2106795472",
"parent":"",
"text":"",
"mid":"zrmeQAJLT",
"date":"2013-04-09 15:56:43"
},
{
"kids":[],
"uid":"3227153405",
"parent":"zrm434gdB",
"text":"",
"mid":"zrmep7Zso",
"date":"2013-04-09 15:55:38"
},
{
"kids":[],
"uid":"1793839287",
"parent":"zrl2HDVHc",
"text":"",
"mid":"zrm5ekvNo",
"date":"2013-04-09 15:32:59"
},
{
"kids":[
"zrmep7Zso"
],
"uid":"1264791800",
"parent":"zrkX1FhJj",
"text":"[偷笑]",
"mid":"zrm434gdB",
"date":"2013-04-09 15:30:05"
},
{
"kids":[],
"uid":"234845380",
"parent":"zrkX1FhJj",
"text":"",
"mid":"zrlXKnhBN",
"date":"2013-04-09 15:14:35"
},
{
"kids":[
"zrFAbo8cE",
"zro6K4P6U"
],
"uid":"3175202801",
"parent":"zrl2HDVHc",
"text":"",
"mid":"zrljn0o77",
"date":"2013-04-09 13:35:06"
},
{
"kids":[],
"uid":"treytse",
"parent":"zrkYGhP8l",
"text":"",
"mid":"zrld9Czgt",
"date":"2013-04-09 13:19:48"
},
{
"kids":[],
"uid":"207478901",
"parent":"",
"text":"[哈哈]",
"mid":"zrl89nFQg",
"date":"2013-04-09 13:07:27"
},
{
"kids":[],
"uid":"2741726323",
"parent":"zrl2HDVHc",
"text":"假和尚",
"mid":"zrl4L1Fnn",
"date":"2013-04-09 12:59:06"
},
{
"kids":[],
"uid":"wuhq2012",
"parent":"zrl2HDVHc",
"text":"",
"mid":"zrl3FkRAk",
"date":"2013-04-09 12:56:25"
},
{
"kids":[
"zrm5ekvNo",
"zrljn0o77",
"zrl4L1Fnn",
"zrl3FkRAk"
],
"uid":"207170707",
"parent":"zrkX1FhJj",
"text":"",
"mid":"zrl2HDVHc",
"date":"2013-04-09 12:54:03"
},
{
"kids":[],
"uid":"imyfim",
"parent":"zrkX1FhJj",
"text":"和尚是野战部队的",
"mid":"zrkZushR9",
"date":"2013-04-09 12:46:08"
},
{
"kids":[
"zrld9Czgt"
],
"uid":"2694323244",
"parent":"zrkX1FhJj",
"text":"",
"mid":"zrkYGhP8l",
"date":"2013-04-09 12:44:06"
},
{
"kids":[
"zrn7p7mf8",
"zrm434gdB",
"zrlXKnhBN",
"zrl2HDVHc",
"zrkZushR9",
"zrkYGhP8l"
],
"uid":"2442533005",
"parent":"zrkUtiMdl",
"text":"好像是一个人，这样的和尚？",
"mid":"zrkX1FhJj",
"date":"2013-04-09 12:40:03"
},
{
"kids":[
"zrkX1FhJj"
],
"uid":"1820479597",
"parent":"zrkSNAxAK",
"text":"",
"mid":"zrkUtiMdl",
"date":"2013-04-09 12:33:46"
},
{
"kids":[],
"uid":"2057365522",
"parent":"zrkSNAxAK",
"text":"[哼]",
"mid":"zrkTwe4O9",
"date":"2013-04-09 12:31:24"
},
{
"kids":[
"zrkUtiMdl",
"zrkTwe4O9"
],
"uid":"ngbsh",
"parent":"",
"text":"哎呦，又见到你了，杨澜大姐[哈哈]",
"mid":"zrkSNAxAK",
"date":"2013-04-09 12:29:39"
},
{
"kids":[],
"uid":"weiwei88111",
"parent":"",
"text":"【贞尚短评】寺庙僧人是腐败重要制造传递者，他们过着清净舒坦的日子，光明正大的享受物质奢糜生活，纯贞高尚的我建议习主席将开支严格管控，用到实处，大家看到图片中的和尚和禽兽有何区别，简直是借信仰做腐败@人民日报 @央视新闻 @新华视点 @政府微博助理 @冯雪松 @孔二狗 @薛蛮子 @任志强",
"mid":"zpxclk7ZP",
"date":"2013-03-28 16:10:10"
}
]