[
{
"kids":[],
"uid":"2540764943",
"parent":"zqmFoiai8",
"text":"哪里不实？",
"mid":"zqp8C5SQ7",
"date":"2013-04-03 09:29:17"
},
{
"kids":[
"zqp8C5SQ7"
],
"uid":"2683790480",
"parent":"zoGiFakez",
"text":"",
"mid":"zqmFoiai8",
"date":"2013-04-03 03:11:48"
},
{
"kids":[],
"uid":"1440669960",
"parent":"zq0VPE2hT",
"text":"",
"mid":"zqeo8q3MK",
"date":"2013-04-02 06:07:19"
},
{
"kids":[],
"uid":"2919394664",
"parent":"zq0VPE2hT",
"text":"",
"mid":"zqauU6Wu1",
"date":"2013-04-01 20:13:00"
},
{
"kids":[],
"uid":"1560962235",
"parent":"zq0VPE2hT",
"text":"",
"mid":"zqauU6Wrl",
"date":"2013-04-01 20:13:00"
},
{
"kids":[
"zqeo8q3MK",
"zqauU6Wu1",
"zqauU6Wrl"
],
"uid":"2650074791",
"parent":"",
"text":"",
"mid":"zq0VPE2hT",
"date":"2013-03-31 19:51:53"
},
{
"kids":[],
"uid":"2804921990",
"parent":"zoF1nEOhv",
"text":"",
"mid":"zpTXj9ARc",
"date":"2013-03-31 02:06:17"
},
{
"kids":[],
"uid":"2919677172",
"parent":"zoF1nEOhv",
"text":"",
"mid":"zpPYOA1is",
"date":"2013-03-30 15:59:01"
},
{
"kids":[],
"uid":"2919842432",
"parent":"zoF1nEOhv",
"text":"",
"mid":"zpPYOiq84",
"date":"2013-03-30 15:59:00"
},
{
"kids":[],
"uid":"2312606161",
"parent":"",
"text":"好久了，也不知道现在怎么样了 冤曲的妈妈",
"mid":"zpDSADDu3",
"date":"2013-03-29 09:10:43"
},
{
"kids":[],
"uid":"3001895917",
"parent":"",
"text":"",
"mid":"zpqFDDo2b",
"date":"2013-03-27 23:33:06"
},
{
"kids":[],
"uid":"bijiazu",
"parent":"zoJ67zfdw",
"text":"呵呵",
"mid":"zpehyqaW5",
"date":"2013-03-26 16:00:46"
},
{
"kids":[],
"uid":"2789945442",
"parent":"",
"text":"",
"mid":"zp8HK6Mb4",
"date":"2013-03-26 01:48:50"
},
{
"kids":[],
"uid":"2804354482",
"parent":"",
"text":"",
"mid":"zp8HJv8sG",
"date":"2013-03-26 01:48:49"
},
{
"kids":[],
"uid":"1840333815",
"parent":"zoF0DgUxa",
"text":"",
"mid":"zp7bGgEAr",
"date":"2013-03-25 21:57:05"
},
{
"kids":[],
"uid":"2987960654",
"parent":"",
"text":"",
"mid":"zp6LeiLB1",
"date":"2013-03-25 20:51:56"
},
{
"kids":[],
"uid":"1582772103",
"parent":"zoF1nEOhv",
"text":"",
"mid":"zp4S6zYn1",
"date":"2013-03-25 16:03:23"
},
{
"kids":[],
"uid":"2920465062",
"parent":"zoF1nEOhv",
"text":"",
"mid":"zp4S6zYk2",
"date":"2013-03-25 16:03:23"
},
{
"kids":[],
"uid":"1574630447",
"parent":"zoJ4356Mm",
"text":"",
"mid":"zoXSq0i5a",
"date":"2013-03-24 22:14:54"
},
{
"kids":[],
"uid":"1581900437",
"parent":"zoJ4356Mm",
"text":"",
"mid":"zoXSpFfdp",
"date":"2013-03-24 22:14:53"
},
{
"kids":[],
"uid":"2896540870",
"parent":"",
"text":"又是河南。",
"mid":"zoXFznQXZ",
"date":"2013-03-24 21:43:15"
},
{
"kids":[],
"uid":"2738328955",
"parent":"zoF0DgUxa",
"text":"",
"mid":"zoXyYDNJ5",
"date":"2013-03-24 21:27:01"
},
{
"kids":[],
"uid":"2710151260",
"parent":"",
"text":"不转对不起伤心的老人。",
"mid":"zoWrC7llf",
"date":"2013-03-24 18:36:06"
},
{
"kids":[],
"uid":"2987960654",
"parent":"",
"text":"",
"mid":"zoWmc6MnC",
"date":"2013-03-24 18:22:46"
},
{
"kids":[],
"uid":"mtsave",
"parent":"zoF0DgUxa",
"text":"",
"mid":"zoW4OrasV",
"date":"2013-03-24 17:39:58"
},
{
"kids":[],
"uid":"1670158092",
"parent":"zoER8iVFu",
"text":"",
"mid":"zoVX1CpB7",
"date":"2013-03-24 17:20:44"
},
{
"kids":[],
"uid":"luojingbocupl",
"parent":"zoF0DgUxa",
"text":"",
"mid":"zoUYic856",
"date":"2013-03-24 14:51:08"
},
{
"kids":[],
"uid":"3218541067",
"parent":"",
"text":"闪了吧，假的，我们社会主义社会怎么会出现这样冤屈",
"mid":"zoUz1u3nv",
"date":"2013-03-24 13:48:54"
},
{
"kids":[],
"uid":"2153302690",
"parent":"",
"text":"@理真1960",
"mid":"zoUaz3ubi",
"date":"2013-03-24 12:48:38"
},
{
"kids":[],
"uid":"2207960147",
"parent":"zoGg7FrpD",
"text":"",
"mid":"zoTLU6Kfu",
"date":"2013-03-24 11:47:52"
},
{
"kids":[],
"uid":"1703850824",
"parent":"",
"text":"疯了。。",
"mid":"zoT7x1AF5",
"date":"2013-03-24 10:08:25"
},
{
"kids":[],
"uid":"2933986025",
"parent":"zoSY53ZAp",
"text":"中国 ，咋办？？？",
"mid":"zoT3DBHjR",
"date":"2013-03-24 09:58:50"
},
{
"kids":[
"zoT3DBHjR"
],
"uid":"wa181818",
"parent":"",
"text":"",
"mid":"zoSY53ZAp",
"date":"2013-03-24 09:45:09"
},
{
"kids":[],
"uid":"1553977860",
"parent":"zoGDf75kF",
"text":"",
"mid":"zoRB0d584",
"date":"2013-03-24 06:15:31"
},
{
"kids":[],
"uid":"2803320794",
"parent":"zoGDf75kF",
"text":"",
"mid":"zoRAZCWUy",
"date":"2013-03-24 06:15:31"
},
{
"kids":[],
"uid":"3010217243",
"parent":"",
"text":"",
"mid":"zoP0E5zhb",
"date":"2013-03-23 23:40:28"
},
{
"kids":[],
"uid":"1255140025",
"parent":"",
"text":"因家庭矛盾，孙某（女）之弟被岳父黄某（退休工人）杀害，黄某被判无期徒刑，孙某提出申诉被省高院驳回。在法官向孙某送达法律文书时，孙某情绪激动，带亲友辱骂殴打法官并当街脱光衣服登上警车顶，后被警方带离。http:",
"mid":"zoOz17haD",
"date":"2013-03-23 22:32:24"
},
{
"kids":[],
"uid":"1820005085",
"parent":"",
"text":"",
"mid":"zoOsZjSbt",
"date":"2013-03-23 22:17:34"
},
{
"kids":[],
"uid":"1417363032",
"parent":"",
"text":"",
"mid":"zoNZmh7Gy",
"date":"2013-03-23 21:04:32"
},
{
"kids":[],
"uid":"2987960654",
"parent":"",
"text":"",
"mid":"zoNZg49GN",
"date":"2013-03-23 21:04:15"
},
{
"kids":[],
"uid":"1852284015",
"parent":"zoK3qo9j2",
"text":"",
"mid":"zoNYS7bKH",
"date":"2013-03-23 21:03:19"
},
{
"kids":[],
"uid":"3175271380",
"parent":"",
"text":"[怒]",
"mid":"zoNTbBrih",
"date":"2013-03-23 20:49:21"
},
{
"kids":[],
"uid":"nanyangtangshengwu",
"parent":"",
"text":"羞耻的环境，大家也就以羞耻对待",
"mid":"zoNP09yJ3",
"date":"2013-03-23 20:39:02"
},
{
"kids":[],
"uid":"2987960654",
"parent":"",
"text":"",
"mid":"zoNcY6THS",
"date":"2013-03-23 19:05:18"
},
{
"kids":[],
"uid":"2720922892",
"parent":"zoESloCk2",
"text":"[泪][泪][泪]",
"mid":"zoN4y1VE5",
"date":"2013-03-23 18:44:35"
},
{
"kids":[],
"uid":"2056373077",
"parent":"zoK3gDIRD",
"text":"哎！",
"mid":"zoMKNrJxU",
"date":"2013-03-23 17:55:56"
},
{
"kids":[],
"uid":"1000341303",
"parent":"",
"text":"",
"mid":"zoMFLbina",
"date":"2013-03-23 17:43:30"
},
{
"kids":[],
"uid":"2045014703",
"parent":"zoK3qo9j2",
"text":"",
"mid":"zoMyo2jzA",
"date":"2013-03-23 17:25:21"
},
{
"kids":[],
"uid":"3153617224",
"parent":"zoFHZ1WL3",
"text":"[泪][泪]",
"mid":"zoMtUfEKk",
"date":"2013-03-23 17:14:19"
},
{
"kids":[],
"uid":"2385855784",
"parent":"zoK3qo9j2",
"text":"",
"mid":"zoLUYkLyM",
"date":"2013-03-23 15:48:14"
},
{
"kids":[],
"uid":"thanatosandhypnos",
"parent":"zoGiN949e",
"text":"中国就缺赤裸裸的真相，当婊子还要立牌坊",
"mid":"zoLURuf8c",
"date":"2013-03-23 15:47:59"
},
{
"kids":[],
"uid":"1599687474",
"parent":"",
"text":"",
"mid":"zoLJiluwa",
"date":"2013-03-23 15:19:29"
},
{
"kids":[],
"uid":"2968139657",
"parent":"zoG28mk6L",
"text":"",
"mid":"zoLIv2TqK",
"date":"2013-03-23 15:17:32"
},
{
"kids":[],
"uid":"1871532744",
"parent":"zoImMfIUA",
"text":"",
"mid":"zoLfF0YrC",
"date":"2013-03-23 14:06:28"
},
{
"kids":[],
"uid":"2191048345",
"parent":"zoK7hsCxK",
"text":"羞的为何是国家？国家和政权不可一概而论",
"mid":"zoL9SvmbA",
"date":"2013-03-23 13:52:14"
},
{
"kids":[],
"uid":"2808184000",
"parent":"",
"text":"",
"mid":"zoL2RgKUb",
"date":"2013-03-23 13:34:54"
},
{
"kids":[],
"uid":"2808420302",
"parent":"",
"text":"",
"mid":"zoL2QF7bx",
"date":"2013-03-23 13:34:54"
},
{
"kids":[],
"uid":"2619481535",
"parent":"",
"text":"",
"mid":"zoKTNggqx",
"date":"2013-03-23 13:12:34"
},
{
"kids":[],
"uid":"1902768164",
"parent":"zoK3qo9j2",
"text":"",
"mid":"zoKBz06jG",
"date":"2013-03-23 12:27:40"
},
{
"kids":[],
"uid":"3172653874",
"parent":"",
"text":"",
"mid":"zoKqOn2Ub",
"date":"2013-03-23 12:01:12"
},
{
"kids":[],
"uid":"2629221632",
"parent":"",
"text":"",
"mid":"zoKqFbBCE",
"date":"2013-03-23 12:00:50"
},
{
"kids":[],
"uid":"2909302831",
"parent":"zoESloCk2",
"text":"",
"mid":"zoKqBnWPk",
"date":"2013-03-23 12:00:41"
},
{
"kids":[],
"uid":"1059791944",
"parent":"",
"text":"这个时代，真的是无屈不有，古人云：500年必有王者兴，怎不不出一个包青天啊！管他虚实，先扩散······",
"mid":"zoKqa9RbU",
"date":"2013-03-23 11:59:37"
},
{
"kids":[],
"uid":"friendistea",
"parent":"zoK4ToedP",
"text":"",
"mid":"zoKnLz2oQ",
"date":"2013-03-23 11:53:41"
},
{
"kids":[],
"uid":"1194212394",
"parent":"zoGiqEDWi",
"text":"",
"mid":"zoKnajV9V",
"date":"2013-03-23 11:52:12"
},
{
"kids":[],
"uid":"2750960501",
"parent":"",
"text":"",
"mid":"zoKmum5H2",
"date":"2013-03-23 11:50:32"
},
{
"kids":[],
"uid":"2619491857",
"parent":"",
"text":"",
"mid":"zoKlCyWwT",
"date":"2013-03-23 11:48:25"
},
{
"kids":[],
"uid":"3179715533",
"parent":"zoK3qo9j2",
"text":"法？他们能把“法”字念成三点水去。",
"mid":"zoKgCznxy",
"date":"2013-03-23 11:36:06"
},
{
"kids":[],
"uid":"2439603172",
"parent":"zoK3qo9j2",
"text":"",
"mid":"zoKf8osOT",
"date":"2013-03-23 11:32:26"
},
{
"kids":[],
"uid":"2917358282",
"parent":"zoK3qo9j2",
"text":"",
"mid":"zoKeV9GZo",
"date":"2013-03-23 11:31:53"
},
{
"kids":[],
"uid":"2045112884",
"parent":"zoK3qo9j2",
"text":"",
"mid":"zoKeJjHNs",
"date":"2013-03-23 11:31:25"
},
{
"kids":[],
"uid":"2735923294",
"parent":"zoK3qo9j2",
"text":"",
"mid":"zoKelCIZl",
"date":"2013-03-23 11:30:30"
},
{
"kids":[],
"uid":"1745409694",
"parent":"zoK3qo9j2",
"text":"",
"mid":"zoKcLhYki",
"date":"2013-03-23 11:26:35"
},
{
"kids":[],
"uid":"3051917143",
"parent":"zoK3qo9j2",
"text":"",
"mid":"zoKbsiJlJ",
"date":"2013-03-23 11:23:22"
},
{
"kids":[],
"uid":"zhaomq",
"parent":"zoK3qo9j2",
"text":"转给第一夫人",
"mid":"zoKbm6ser",
"date":"2013-03-23 11:23:07"
},
{
"kids":[],
"uid":"2006046981",
"parent":"",
"text":"",
"mid":"zoKa89MpH",
"date":"2013-03-23 11:20:05"
},
{
"kids":[],
"uid":"1841513565",
"parent":"zoK3qo9j2",
"text":"到了展示舆论力量的时候了！",
"mid":"zoK9Fv3pl",
"date":"2013-03-23 11:18:58"
},
{
"kids":[],
"uid":"1493363797",
"parent":"zoK3qo9j2",
"text":"",
"mid":"zoK9dF7oi",
"date":"2013-03-23 11:17:52"
},
{
"kids":[],
"uid":"2716581291",
"parent":"zoK3qo9j2",
"text":"",
"mid":"zoK90p7fH",
"date":"2013-03-23 11:17:20"
},
{
"kids":[],
"uid":"2718794981",
"parent":"",
"text":"",
"mid":"zoK8Hej7Z",
"date":"2013-03-23 11:16:34"
},
{
"kids":[],
"uid":"1495308454",
"parent":"zoK3qo9j2",
"text":"",
"mid":"zoK8Ar6X1",
"date":"2013-03-23 11:16:18"
},
{
"kids":[],
"uid":"haifengchuifu",
"parent":"zoK3qo9j2",
"text":"",
"mid":"zoK8spml9",
"date":"2013-03-23 11:15:58"
},
{
"kids":[],
"uid":"2977904935",
"parent":"zoK3qo9j2",
"text":"这有多么绝望才会这么做啊？",
"mid":"zoK81eaQZ",
"date":"2013-03-23 11:14:54"
},
{
"kids":[],
"uid":"1914059871",
"parent":"zoK4ToedP",
"text":"",
"mid":"zoK7tf513",
"date":"2013-03-23 11:13:32"
},
{
"kids":[
"zoL9SvmbA"
],
"uid":"1151084062",
"parent":"zoK3qo9j2",
"text":"",
"mid":"zoK7hsCxK",
"date":"2013-03-23 11:13:05"
},
{
"kids":[],
"uid":"3022041183",
"parent":"",
"text":"看到这一幕，俺作为中国人感到羞愧难当！因为这种事情实实在在地发生在我们中国！",
"mid":"zoK6KlFxR",
"date":"2013-03-23 11:11:46"
},
{
"kids":[],
"uid":"2256244290",
"parent":"",
"text":"",
"mid":"zoK61aYxa",
"date":"2013-03-23 11:09:58"
},
{
"kids":[],
"uid":"2319597952",
"parent":"zoK3qo9j2",
"text":"",
"mid":"zoK5Qb4a1",
"date":"2013-03-23 11:09:33"
},
{
"kids":[],
"uid":"3178669323",
"parent":"zoK3qo9j2",
"text":"",
"mid":"zoK5JqXqg",
"date":"2013-03-23 11:09:15"
},
{
"kids":[],
"uid":"3169730537",
"parent":"zoK3qo9j2",
"text":"此体制下，每级政府都是小皇帝",
"mid":"zoK5jsUOY",
"date":"2013-03-23 11:08:12"
},
{
"kids":[],
"uid":"2741101307",
"parent":"zoK3qo9j2",
"text":"",
"mid":"zoK5ixk5C",
"date":"2013-03-23 11:08:11"
},
{
"kids":[],
"uid":"1980605385",
"parent":"zoK3qo9j2",
"text":"",
"mid":"zoK4UhtkC",
"date":"2013-03-23 11:07:14"
},
{
"kids":[],
"uid":"zhsniyt",
"parent":"",
"text":"这有多么绝望才会这么做啊？",
"mid":"zoK4ToedT",
"date":"2013-03-23 11:07:11"
},
{
"kids":[
"zoKnLz2oQ",
"zoK7tf513"
],
"uid":"1714506991",
"parent":"",
"text":"苍天啊 脱的不是自己的衣服 是扒下了这国家最后的遮羞布",
"mid":"zoK4ToedP",
"date":"2013-03-23 11:07:12"
},
{
"kids":[],
"uid":"2880383414",
"parent":"zoK3qo9j2",
"text":"",
"mid":"zoK4zBdUc",
"date":"2013-03-23 11:06:24"
},
{
"kids":[],
"uid":"2468662985",
"parent":"zoK3qo9j2",
"text":"",
"mid":"zoK4wkzSy",
"date":"2013-03-23 11:06:17"
},
{
"kids":[
"zoNYS7bKH",
"zoMyo2jzA",
"zoLUYkLyM",
"zoKBz06jG",
"zoKgCznxy",
"zoKf8osOT",
"zoKeV9GZo",
"zoKeJjHNs",
"zoKelCIZl",
"zoKcLhYki",
"zoKbsiJlJ",
"zoKbm6ser",
"zoK9Fv3pl",
"zoK9dF7oi",
"zoK90p7fH",
"zoK8Ar6X1",
"zoK8spml9",
"zoK81eaQZ",
"zoK7hsCxK",
"zoK5Qb4a1",
"zoK5JqXqg",
"zoK5jsUOY",
"zoK5ixk5C",
"zoK4UhtkC",
"zoK4zBdUc",
"zoK4wkzSy"
],
"uid":"318783777",
"parent":"zoK2IC5Hk",
"text":"",
"mid":"zoK3qo9j2",
"date":"2013-03-23 11:03:35"
},
{
"kids":[
"zoMKNrJxU"
],
"uid":"339140888",
"parent":"",
"text":"",
"mid":"zoK3gDIRD",
"date":"2013-03-23 11:03:12"
},
{
"kids":[
"zoK3qo9j2"
],
"uid":"2189925027",
"parent":"",
"text":"羞的不是这个女人，是法院，是国家！",
"mid":"zoK2IC5Hk",
"date":"2013-03-23 11:01:49"
},
{
"kids":[],
"uid":"2789921764",
"parent":"",
"text":"",
"mid":"zoK2mbPBC",
"date":"2013-03-23 11:00:57"
},
{
"kids":[],
"uid":"1440462124",
"parent":"",
"text":"",
"mid":"zoK2mbPxl",
"date":"2013-03-23 11:00:57"
},
{
"kids":[],
"uid":"3225724240",
"parent":"",
"text":"",
"mid":"zoK1fkpLS",
"date":"2013-03-23 10:58:12"
},
{
"kids":[],
"uid":"2592951813",
"parent":"",
"text":"",
"mid":"zoJWh9SPN",
"date":"2013-03-23 10:45:58"
},
{
"kids":[],
"uid":"cqvoice",
"parent":"",
"text":"心在颤抖[泪][怒骂][怒][怒][怒]",
"mid":"zoJV3co4a",
"date":"2013-03-23 10:42:57"
},
{
"kids":[],
"uid":"1773230537",
"parent":"zoIZHgufY",
"text":"[悲伤]",
"mid":"zoJQwts3p",
"date":"2013-03-23 10:31:48"
},
{
"kids":[],
"uid":"1414768057",
"parent":"",
"text":"",
"mid":"zoJQlfbY6",
"date":"2013-03-23 10:31:20"
},
{
"kids":[],
"uid":"2211861101",
"parent":"",
"text":"",
"mid":"zoJQ505Sl",
"date":"2013-03-23 10:30:41"
},
{
"kids":[],
"uid":"1454254151",
"parent":"zoFEL2iR2",
"text":"",
"mid":"zoJQ2mHAe",
"date":"2013-03-23 10:30:36"
},
{
"kids":[],
"uid":"2722892921",
"parent":"",
"text":"法院车顶裸女大喊‘冤’，丢啦谁的脸！。",
"mid":"zoJN8nQ3y",
"date":"2013-03-23 10:23:27"
},
{
"kids":[],
"uid":"1016290141",
"parent":"",
"text":"苍天啊，一个母亲脱光了，另一个母亲穿得再得体又有什么意义！",
"mid":"zoJM06o3f",
"date":"2013-03-23 10:20:39"
},
{
"kids":[],
"uid":"2781027243",
"parent":"",
"text":"群魔乱舞，百姓遭殃，瞒上欺下，祸国殃民。",
"mid":"zoJKSiPwU",
"date":"2013-03-23 10:17:51"
},
{
"kids":[],
"uid":"2625042857",
"parent":"",
"text":"",
"mid":"zoJKJaTxC",
"date":"2013-03-23 10:17:31"
},
{
"kids":[],
"uid":"2233536903",
"parent":"",
"text":"",
"mid":"zoJHhfsZz",
"date":"2013-03-23 10:09:00"
},
{
"kids":[],
"uid":"1972032035",
"parent":"",
"text":"",
"mid":"zoJH4e1xe",
"date":"2013-03-23 10:08:30"
},
{
"kids":[],
"uid":"2627975117",
"parent":"",
"text":"",
"mid":"zoJC4wV7M",
"date":"2013-03-23 09:56:11"
},
{
"kids":[],
"uid":"1666890517",
"parent":"zoJz1afjz",
"text":"",
"mid":"zoJzM7T92",
"date":"2013-03-23 09:50:32"
},
{
"kids":[
"zoJzM7T92"
],
"uid":"uc47942671",
"parent":"",
"text":"[泪]",
"mid":"zoJz1afjz",
"date":"2013-03-23 09:48:39"
},
{
"kids":[],
"uid":"bluven1983",
"parent":"",
"text":"",
"mid":"zoJrsbP0T",
"date":"2013-03-23 09:30:02"
},
{
"kids":[],
"uid":"1402074930",
"parent":"zoFBseP1B",
"text":"又是河南的",
"mid":"zoJrcy2Jy",
"date":"2013-03-23 09:29:24"
},
{
"kids":[],
"uid":"1778966007",
"parent":"",
"text":"[怒][泪]",
"mid":"zoJqDDCK3",
"date":"2013-03-23 09:28:01"
},
{
"kids":[],
"uid":"2610637634",
"parent":"zoIBthJe1",
"text":"",
"mid":"zoJon32Ge",
"date":"2013-03-23 09:22:26"
},
{
"kids":[],
"uid":"2794051293",
"parent":"",
"text":"",
"mid":"zoJnBqeuC",
"date":"2013-03-23 09:20:34"
},
{
"kids":[],
"uid":"2538183047",
"parent":"",
"text":"",
"mid":"zoJkL2B9Q",
"date":"2013-03-23 09:13:31"
},
{
"kids":[],
"uid":"2839774010",
"parent":"",
"text":"[可怜]",
"mid":"zoJjEbemO",
"date":"2013-03-23 09:10:47"
},
{
"kids":[],
"uid":"1665653934",
"parent":"",
"text":"",
"mid":"zoJhmjTga",
"date":"2013-03-23 09:05:10"
},
{
"kids":[],
"uid":"1092099003",
"parent":"",
"text":"",
"mid":"zoJcnxEpt",
"date":"2013-03-23 08:52:53"
},
{
"kids":[],
"uid":"2462690134",
"parent":"zoJ3KoYY7",
"text":"意思是：这是原始社会吗",
"mid":"zoJ9HwxFZ",
"date":"2013-03-23 08:46:18"
},
{
"kids":[],
"uid":"3173971932",
"parent":"",
"text":"",
"mid":"zoJ7C6ga2",
"date":"2013-03-23 08:41:09"
},
{
"kids":[],
"uid":"2375531462",
"parent":"",
"text":"",
"mid":"zoJ7fCQoC",
"date":"2013-03-23 08:40:16"
},
{
"kids":[
"zpehyqaW5"
],
"uid":"2341839472",
"parent":"zoGhvF5Ps",
"text":"我们洛阳20号那天多冷啊!唉!",
"mid":"zoJ67zfdw",
"date":"2013-03-23 08:37:29"
},
{
"kids":[],
"uid":"2883906582",
"parent":"",
"text":"",
"mid":"zoJ5gnodv",
"date":"2013-03-23 08:35:21"
},
{
"kids":[],
"uid":"3022627765",
"parent":"",
"text":"",
"mid":"zoJ4YlOY2",
"date":"2013-03-23 08:34:38"
},
{
"kids":[],
"uid":"huangxu1968",
"parent":"",
"text":"",
"mid":"zoJ4PtPQp",
"date":"2013-03-23 08:34:17"
},
{
"kids":[],
"uid":"1622970332",
"parent":"",
"text":"看到的都来转发吧…我们还能做些什么呢",
"mid":"zoJ4d5p52",
"date":"2013-03-23 08:32:46"
},
{
"kids":[
"zoXSq0i5a",
"zoXSpFfdp"
],
"uid":"3191497333",
"parent":"",
"text":"转发是最大的力量",
"mid":"zoJ4356Mm",
"date":"2013-03-23 08:32:22"
},
{
"kids":[],
"uid":"2850612582",
"parent":"",
"text":"",
"mid":"zoJ3OitbM",
"date":"2013-03-23 08:31:46"
},
{
"kids":[
"zoJ9HwxFZ"
],
"uid":"1957468912",
"parent":"",
"text":"如果我们的市民都要靠这样维护自身的权力的话，不能不说这是中国司法的悲哀呀！！！",
"mid":"zoJ3KoYY7",
"date":"2013-03-23 08:31:38"
},
{
"kids":[],
"uid":"1900101195",
"parent":"zoFEH9P3w",
"text":"",
"mid":"zoJ2VC8fC",
"date":"2013-03-23 08:29:37"
},
{
"kids":[],
"uid":"2935712154",
"parent":"",
"text":"这就是中国梦吗？石试问当局，百姓恶梦何时了？",
"mid":"zoJ1Ye2Mo",
"date":"2013-03-23 08:27:14"
},
{
"kids":[],
"uid":"578527733",
"parent":"",
"text":"",
"mid":"zoIZRzrjI",
"date":"2013-03-23 08:22:03"
},
{
"kids":[],
"uid":"1958010503",
"parent":"",
"text":"转发微博。",
"mid":"zoIZI8g3d",
"date":"2013-03-23 08:21:41"
},
{
"kids":[
"zoJQwts3p"
],
"uid":"574912277",
"parent":"",
"text":"",
"mid":"zoIZHgufY",
"date":"2013-03-23 08:21:38"
},
{
"kids":[],
"uid":"wananforever",
"parent":"zoFEH9P3w",
"text":"求真相",
"mid":"zoIZlolXQ",
"date":"2013-03-23 08:20:47"
},
{
"kids":[],
"uid":"2268316001",
"parent":"zoFEL2iR2",
"text":"",
"mid":"zoIVvd5Y0",
"date":"2013-03-23 08:11:18"
},
{
"kids":[],
"uid":"2304369532",
"parent":"zoGhvF5Ps",
"text":"",
"mid":"zoIUDrt0w",
"date":"2013-03-23 08:09:11"
},
{
"kids":[],
"uid":"2538648933",
"parent":"",
"text":"",
"mid":"zoITZgaDm",
"date":"2013-03-23 08:07:35"
},
{
"kids":[],
"uid":"1012064562",
"parent":"",
"text":"当网友是SB啊，前面是弟弟后面母親，TMD",
"mid":"zoIT7vQjQ",
"date":"2013-03-23 08:05:26"
},
{
"kids":[],
"uid":"1835950965",
"parent":"zoG28mk6L",
"text":"",
"mid":"zoIRX4HKu",
"date":"2013-03-23 08:02:34"
},
{
"kids":[],
"uid":"1979031890",
"parent":"",
"text":"",
"mid":"zoIPGpWhg",
"date":"2013-03-23 07:56:58"
},
{
"kids":[],
"uid":"1682256674",
"parent":"zoGRXfbpq",
"text":"无条件转发，第一次因为自己是洛阳人而感到羞耻。",
"mid":"zoIHmdzGq",
"date":"2013-03-23 07:36:28"
},
{
"kids":[],
"uid":"1198920755",
"parent":"",
"text":"",
"mid":"zoIGv01xV",
"date":"2013-03-23 07:34:21"
},
{
"kids":[],
"uid":"2392421007",
"parent":"zoG28mk6L",
"text":"当政者已经没有脸或者不要脸了！他们会脸红？他们连最起码的羞耻心都丧失了！",
"mid":"zoIG5hkUv",
"date":"2013-03-23 07:33:20"
},
{
"kids":[],
"uid":"2963793207",
"parent":"",
"text":"",
"mid":"zoIERomhE",
"date":"2013-03-23 07:30:19"
},
{
"kids":[
"zoJon32Ge"
],
"uid":"1484608765",
"parent":"",
"text":"",
"mid":"zoIBthJe1",
"date":"2013-03-23 07:21:57"
},
{
"kids":[],
"uid":"2591343425",
"parent":"",
"text":"法律耻辱，社会蒙羞。",
"mid":"zoIyl7z8A",
"date":"2013-03-23 07:14:15"
},
{
"kids":[],
"uid":"2650066362",
"parent":"",
"text":"",
"mid":"zoIyfekYO",
"date":"2013-03-23 07:14:01"
},
{
"kids":[],
"uid":"2268505750",
"parent":"",
"text":"",
"mid":"zoIrtmqST",
"date":"2013-03-23 06:57:20"
},
{
"kids":[
"zoLfF0YrC"
],
"uid":"1866572361",
"parent":"",
"text":"@洛下松聲",
"mid":"zoImMfIUA",
"date":"2013-03-23 06:45:46"
},
{
"kids":[],
"uid":"2512879423",
"parent":"zoIiEpc1C",
"text":"",
"mid":"zoIl77SX8",
"date":"2013-03-23 06:41:39"
},
{
"kids":[],
"uid":"3058524242",
"parent":"",
"text":"",
"mid":"zoIjtchPl",
"date":"2013-03-23 06:37:37"
},
{
"kids":[
"zoIl77SX8"
],
"uid":"2353394247",
"parent":"",
"text":"当尊严遭遇流氓",
"mid":"zoIiEpc1C",
"date":"2013-03-23 06:35:35"
},
{
"kids":[],
"uid":"2882538507",
"parent":"zoHEdod6i",
"text":"",
"mid":"zoIeebotB",
"date":"2013-03-23 06:24:41"
},
{
"kids":[],
"uid":"fuckbaidu2010",
"parent":"",
"text":"",
"mid":"zoIde6IvN",
"date":"2013-03-23 06:22:13"
},
{
"kids":[],
"uid":"1960521063",
"parent":"zoESloCk2",
"text":"",
"mid":"zoI7UEBHg",
"date":"2013-03-23 06:09:09"
},
{
"kids":[],
"uid":"2675725781",
"parent":"zoESloCk2",
"text":"难道没有地方讲理了吗？",
"mid":"zoHXCobqo",
"date":"2013-03-23 05:43:47"
},
{
"kids":[],
"uid":"1956404841",
"parent":"",
"text":"",
"mid":"zoHP1j4hw",
"date":"2013-03-23 05:22:36"
},
{
"kids":[],
"uid":"2106108682",
"parent":"",
"text":"",
"mid":"zoHOzdkj8",
"date":"2013-03-23 05:21:28"
},
{
"kids":[],
"uid":"3185057582",
"parent":"zoFEL2iR2",
"text":"",
"mid":"zoHOhd8LL",
"date":"2013-03-23 05:20:46"
},
{
"kids":[
"zoIeebotB"
],
"uid":"3016909251",
"parent":"",
"text":"",
"mid":"zoHEdod6i",
"date":"2013-03-23 04:55:59"
},
{
"kids":[],
"uid":"2692837323",
"parent":"",
"text":"",
"mid":"zoH4yw4IN",
"date":"2013-03-23 03:28:07"
},
{
"kids":[],
"uid":"2811917715",
"parent":"zoGiqEDWi",
"text":"",
"mid":"zoH213msP",
"date":"2013-03-23 03:21:52"
},
{
"kids":[],
"uid":"yangguangdeyouyu",
"parent":"zoGiFakez",
"text":"悲哀，这个民族的",
"mid":"zoH0s9fym",
"date":"2013-03-23 03:18:00"
},
{
"kids":[],
"uid":"woyao88888888",
"parent":"zoFEH9P3w",
"text":"",
"mid":"zoH0pdxtq",
"date":"2013-03-23 03:17:54"
},
{
"kids":[],
"uid":"1421431143",
"parent":"zoGaFkQYi",
"text":"",
"mid":"zoGXZ6KvX",
"date":"2013-03-23 03:11:56"
},
{
"kids":[],
"uid":"1848524353",
"parent":"",
"text":"",
"mid":"zoGUi3aYF",
"date":"2013-03-23 03:02:50"
},
{
"kids":[],
"uid":"2778614771",
"parent":"zoGrCEOW5",
"text":"伟大祖国醒悟吧！",
"mid":"zoGTQjhwz",
"date":"2013-03-23 03:01:44"
},
{
"kids":[],
"uid":"2894970853",
"parent":"zoESloCk2",
"text":"无奈之举，可怜的老百性",
"mid":"zoGSA0r8h",
"date":"2013-03-23 02:58:37"
},
{
"kids":[],
"uid":"2265704010",
"parent":"",
"text":"",
"mid":"zoGSm7Bqf",
"date":"2013-03-23 02:58:03"
},
{
"kids":[
"zoIHmdzGq"
],
"uid":"2351099361",
"parent":"",
"text":"转吧",
"mid":"zoGRXfbpq",
"date":"2013-03-23 02:57:05"
},
{
"kids":[],
"uid":"1719744463",
"parent":"",
"text":"",
"mid":"zoGRH3adu",
"date":"2013-03-23 02:56:26"
},
{
"kids":[],
"uid":"1808775902",
"parent":"",
"text":"[怒]",
"mid":"zoGJyCNgv",
"date":"2013-03-23 02:36:24"
},
{
"kids":[],
"uid":"2032391755",
"parent":"",
"text":"",
"mid":"zoGDL0TTF",
"date":"2013-03-23 02:22:06"
},
{
"kids":[
"zoRB0d584",
"zoRAZCWUy"
],
"uid":"2659771567",
"parent":"",
"text":"",
"mid":"zoGDf75kF",
"date":"2013-03-23 02:20:50"
},
{
"kids":[],
"uid":"2204083817",
"parent":"",
"text":"",
"mid":"zoGCZreCk",
"date":"2013-03-23 02:20:13"
},
{
"kids":[],
"uid":"3098939001",
"parent":"",
"text":"@李承鹏 @薛蛮子 @光头王凯 @黄渤 @V字的力量 @留几手 @宋祖德",
"mid":"zoGz7cEtF",
"date":"2013-03-23 02:10:40"
},
{
"kids":[],
"uid":"1263716864",
"parent":"zoFEH9P3w",
"text":"期待真相！",
"mid":"zoGyhtITV",
"date":"2013-03-23 02:08:37"
},
{
"kids":[],
"uid":"3098939001",
"parent":"",
"text":"",
"mid":"zoGy60aTs",
"date":"2013-03-23 02:08:09"
},
{
"kids":[],
"uid":"2288460935",
"parent":"",
"text":"独杈统治的社会。/@E-magazine:这就是司法的耻辱",
"mid":"zoGxGhvFK",
"date":"2013-03-23 02:07:08"
},
{
"kids":[],
"uid":"2948231533",
"parent":"zoGrCEOW5",
"text":"国耻！",
"mid":"zoGxvjKTk",
"date":"2013-03-23 02:06:42"
},
{
"kids":[],
"uid":"heboss",
"parent":"zoGiqEDWi",
"text":"此太平盛世乎？。。。。。。",
"mid":"zoGwdetaU",
"date":"2013-03-23 02:03:31"
},
{
"kids":[],
"uid":"2754683995",
"parent":"zoGrCEOW5",
"text":"",
"mid":"zoGuU0erU",
"date":"2013-03-23 02:00:16"
},
{
"kids":[],
"uid":"207079805",
"parent":"zoGn02dl0",
"text":"怎么会这样？[泪]",
"mid":"zoGt29juz",
"date":"2013-03-23 01:55:41"
},
{
"kids":[],
"uid":"2490736077",
"parent":"zoFEL2iR2",
"text":"",
"mid":"zoGswyf94",
"date":"2013-03-23 01:54:26"
},
{
"kids":[],
"uid":"3041138572",
"parent":"",
"text":"",
"mid":"zoGsofDdg",
"date":"2013-03-23 01:54:06"
},
{
"kids":[
"zoGTQjhwz",
"zoGxvjKTk",
"zoGuU0erU"
],
"uid":"2319230777",
"parent":"",
"text":"她这样做到底羞辱了谁？没有天大的冤屈谁会这样！除非有病。",
"mid":"zoGrCEOW5",
"date":"2013-03-23 01:52:13"
},
{
"kids":[],
"uid":"1569912817",
"parent":"",
"text":"",
"mid":"zoGr96Ht3",
"date":"2013-03-23 01:51:02"
},
{
"kids":[],
"uid":"1005645372",
"parent":"",
"text":"",
"mid":"zoGr4oc2F",
"date":"2013-03-23 01:50:50"
},
{
"kids":[],
"uid":"1892860371",
"parent":"zoFEL2iR2",
"text":"这是有多大的冤屈。",
"mid":"zoGnWgZn2",
"date":"2013-03-23 01:43:07"
},
{
"kids":[],
"uid":"731641230",
"parent":"",
"text":"[怒]对国内的贪官污吏简直是无语了",
"mid":"zoGnjfUnN",
"date":"2013-03-23 01:41:35"
},
{
"kids":[],
"uid":"2556695074",
"parent":"",
"text":"",
"mid":"zoGn1vWV5",
"date":"2013-03-23 01:40:53"
},
{
"kids":[
"zoGt29juz"
],
"uid":"2017592277",
"parent":"",
"text":"世界的不公民众的无奈，希望有能力帮助她的领导同志给点关注与支持[汗]",
"mid":"zoGn02dl0",
"date":"2013-03-23 01:40:49"
},
{
"kids":[],
"uid":"wangshizilin",
"parent":"",
"text":"国家在你向俄罗斯买废铜烂铁的时候，给你国民穿上些。尊严的衣服吧。",
"mid":"zoGlkDZdm",
"date":"2013-03-23 01:36:43"
},
{
"kids":[],
"uid":"1404081783",
"parent":"",
"text":"",
"mid":"zoGk7gbGl",
"date":"2013-03-23 01:33:43"
},
{
"kids":[],
"uid":"2563101471",
"parent":"",
"text":"[泪]",
"mid":"zoGjUiGS9",
"date":"2013-03-23 01:33:12"
},
{
"kids":[],
"uid":"1888273163",
"parent":"",
"text":"",
"mid":"zoGj91cq6",
"date":"2013-03-23 01:31:19"
},
{
"kids":[
"zoLURuf8c"
],
"uid":"1863415247",
"parent":"",
"text":"可悲可哀[话筒]",
"mid":"zoGiN949e",
"date":"2013-03-23 01:30:27"
},
{
"kids":[
"zqmFoiai8",
"zoH0s9fym"
],
"uid":"2683790480",
"parent":"",
"text":"政府部门面红吗？",
"mid":"zoGiFakez",
"date":"2013-03-23 01:30:08"
},
{
"kids":[],
"uid":"3098794451",
"parent":"",
"text":"司法的底裤就这么被扒了",
"mid":"zoGiCtWWS",
"date":"2013-03-23 01:30:02"
},
{
"kids":[],
"uid":"1182122065",
"parent":"",
"text":"一声叹息。",
"mid":"zoGiy4bf5",
"date":"2013-03-23 01:29:51"
},
{
"kids":[
"zoKnajV9V",
"zoH213msP",
"zoGwdetaU"
],
"uid":"2775711215",
"parent":"zoG28mk6L",
"text":"",
"mid":"zoGiqEDWi",
"date":"2013-03-23 01:29:34"
},
{
"kids":[],
"uid":"3194091734",
"parent":"",
"text":"奇耻大辱!国之不幸，天庭震怒!",
"mid":"zoGia8BJR",
"date":"2013-03-23 01:28:54"
},
{
"kids":[],
"uid":"3093500747",
"parent":"zoGgAhK2Z",
"text":"",
"mid":"zoGhI2iTG",
"date":"2013-03-23 01:27:47"
},
{
"kids":[
"zoJ67zfdw",
"zoIUDrt0w"
],
"uid":"2776519880",
"parent":"",
"text":"",
"mid":"zoGhvF5Ps",
"date":"2013-03-23 01:27:18"
},
{
"kids":[],
"uid":"1103811937",
"parent":"",
"text":"杨佳大侠，抽空回来带走一个吧",
"mid":"zoGh2np8r",
"date":"2013-03-23 01:26:08"
},
{
"kids":[],
"uid":"3netnonstop",
"parent":"",
"text":"额",
"mid":"zoGgU5MTw",
"date":"2013-03-23 01:25:48"
},
{
"kids":[],
"uid":"571822114",
"parent":"",
"text":"我们是人民吗？",
"mid":"zoGgOsJI0",
"date":"2013-03-23 01:25:35"
},
{
"kids":[
"zoGhI2iTG"
],
"uid":"1906419277",
"parent":"",
"text":"",
"mid":"zoGgAhK2Z",
"date":"2013-03-23 01:25:00"
},
{
"kids":[
"zoTLU6Kfu"
],
"uid":"2048822312",
"parent":"",
"text":"",
"mid":"zoGg7FrpD",
"date":"2013-03-23 01:23:53"
},
{
"kids":[],
"uid":"1790683613",
"parent":"zoG2JCoqP",
"text":"[转发]",
"mid":"zoGfclOvh",
"date":"2013-03-23 01:21:35"
},
{
"kids":[],
"uid":"1618908641",
"parent":"",
"text":"",
"mid":"zoGeVcJt0",
"date":"2013-03-23 01:20:54"
},
{
"kids":[],
"uid":"2332339200",
"parent":"",
"text":"",
"mid":"zoGeUiUgl",
"date":"2013-03-23 01:20:53"
},
{
"kids":[],
"uid":"2330950374",
"parent":"",
"text":"",
"mid":"zoGe7xMWi",
"date":"2013-03-23 01:18:57"
},
{
"kids":[],
"uid":"2401833083",
"parent":"zoFEL2iR2",
"text":"",
"mid":"zoGbyi2ba",
"date":"2013-03-23 01:12:37"
},
{
"kids":[
"zoGXZ6KvX"
],
"uid":"1965824972",
"parent":"zoG2JCoqP",
"text":"",
"mid":"zoGaFkQYi",
"date":"2013-03-23 01:10:26"
},
{
"kids":[],
"uid":"laishunshuo",
"parent":"",
"text":"",
"mid":"zoG6liS4w",
"date":"2013-03-23 00:59:47"
},
{
"kids":[],
"uid":"2346226130",
"parent":"zoG5owmic",
"text":"根本没脸，何来脸红",
"mid":"zoG6fEzgk",
"date":"2013-03-23 00:59:33"
},
{
"kids":[],
"uid":"2948806571",
"parent":"",
"text":"可怜，转吧。",
"mid":"zoG5M8Yg8",
"date":"2013-03-23 00:58:23"
},
{
"kids":[],
"uid":"1946130901",
"parent":"zoEUkzdxd",
"text":"[泪]",
"mid":"zoG5IyKMt",
"date":"2013-03-23 00:58:15"
},
{
"kids":[
"zoG6fEzgk"
],
"uid":"1823514781",
"parent":"",
"text":"",
"mid":"zoG5owmic",
"date":"2013-03-23 00:57:25"
},
{
"kids":[],
"uid":"2987960654",
"parent":"zoFEL2iR2",
"text":"",
"mid":"zoG53ucbZ",
"date":"2013-03-23 00:56:36"
},
{
"kids":[],
"uid":"sjaq",
"parent":"",
"text":"",
"mid":"zoG4shs3S",
"date":"2013-03-23 00:55:05"
},
{
"kids":[],
"uid":"2821418612",
"parent":"zoG2JCoqP",
"text":"",
"mid":"zoG3W4Snd",
"date":"2013-03-23 00:53:50"
},
{
"kids":[
"zoGfclOvh",
"zoGaFkQYi",
"zoG3W4Snd"
],
"uid":"2776519880",
"parent":"zoG28mk6L",
"text":"",
"mid":"zoG2JCoqP",
"date":"2013-03-23 00:50:52"
},
{
"kids":[
"zoLIv2TqK",
"zoIRX4HKu",
"zoIG5hkUv",
"zoGiqEDWi",
"zoG2JCoqP"
],
"uid":"572277522",
"parent":"",
"text":"看吧！这就是我们被逼无奈的百姓！当政者不觉得脸红吗？！",
"mid":"zoG28mk6L",
"date":"2013-03-23 00:49:25"
},
{
"kids":[],
"uid":"2763039495",
"parent":"",
"text":"看到了吧，国人是多么的无助！",
"mid":"zoG1Karh3",
"date":"2013-03-23 00:48:24"
},
{
"kids":[],
"uid":"1936528717",
"parent":"zoFEH9P3w",
"text":"",
"mid":"zoG1ykoI8",
"date":"2013-03-23 00:47:58"
},
{
"kids":[],
"uid":"2239547112",
"parent":"zoFEH9P3w",
"text":"",
"mid":"zoG1gB5qO",
"date":"2013-03-23 00:47:15"
},
{
"kids":[],
"uid":"2382615460",
"parent":"zoESloCk2",
"text":"",
"mid":"zoFYS0sWF",
"date":"2013-03-23 00:41:22"
},
{
"kids":[],
"uid":"1879407050",
"parent":"",
"text":"",
"mid":"zoFYjn87Y",
"date":"2013-03-23 00:39:59"
},
{
"kids":[],
"uid":"1070073182",
"parent":"",
"text":"",
"mid":"zoFY2eMUi",
"date":"2013-03-23 00:39:18"
},
{
"kids":[],
"uid":"2142689203",
"parent":"zoFEH9P3w",
"text":"",
"mid":"zoFWcbHYY",
"date":"2013-03-23 00:34:43"
},
{
"kids":[],
"uid":"2161174923",
"parent":"",
"text":"",
"mid":"zoFUYeMht",
"date":"2013-03-23 00:31:43"
},
{
"kids":[],
"uid":"1217285947",
"parent":"zoFEL2iR2",
"text":"天朝有多少窦娥 谁能告诉我",
"mid":"zoFUn1XCB",
"date":"2013-03-23 00:30:17"
},
{
"kids":[],
"uid":"2175840574",
"parent":"",
"text":"绝望的人们，绝望的中国",
"mid":"zoFUamjMV",
"date":"2013-03-23 00:29:44"
},
{
"kids":[],
"uid":"1736826122",
"parent":"",
"text":"",
"mid":"zoFTPmcwO",
"date":"2013-03-23 00:28:57"
},
{
"kids":[],
"uid":"freeether",
"parent":"",
"text":"",
"mid":"zoFSncoCr",
"date":"2013-03-23 00:25:18"
},
{
"kids":[],
"uid":"2028613093",
"parent":"",
"text":"得有多绝望啊",
"mid":"zoFS0azEb",
"date":"2013-03-23 00:24:27"
},
{
"kids":[],
"uid":"3217503472",
"parent":"zoFEH9P3w",
"text":"",
"mid":"zoFRxcTep",
"date":"2013-03-23 00:23:18"
},
{
"kids":[],
"uid":"2299510092",
"parent":"",
"text":"",
"mid":"zoFQ8lUbj",
"date":"2013-03-23 00:19:50"
},
{
"kids":[],
"uid":"2651128283",
"parent":"",
"text":"百姓活的苦啊",
"mid":"zoFQ3ksXz",
"date":"2013-03-23 00:19:36"
},
{
"kids":[],
"uid":"1791678414",
"parent":"zoFEL2iR2",
"text":"",
"mid":"zoFPl0KsF",
"date":"2013-03-23 00:17:53"
},
{
"kids":[],
"uid":"2859041984",
"parent":"zoFEL2iR2",
"text":"",
"mid":"zoFOP5BEP",
"date":"2013-03-23 00:16:37"
},
{
"kids":[],
"uid":"brendalili",
"parent":"zoFlPzpdA",
"text":"评论里有真相",
"mid":"zoFODhvKv",
"date":"2013-03-23 00:16:09"
},
{
"kids":[],
"uid":"2449358060",
"parent":"zoFEH9P3w",
"text":"期待真相",
"mid":"zoFNxArdR",
"date":"2013-03-23 00:13:26"
},
{
"kids":[],
"uid":"2358684831",
"parent":"zoFEL2iR2",
"text":"",
"mid":"zoFNifPj2",
"date":"2013-03-23 00:12:51"
},
{
"kids":[],
"uid":"2056544220",
"parent":"zoFEL2iR2",
"text":"绝望",
"mid":"zoFLNpr27",
"date":"2013-03-23 00:09:10"
},
{
"kids":[],
"uid":"1867517012",
"parent":"zoFEL2iR2",
"text":"",
"mid":"zoFLeyWPo",
"date":"2013-03-23 00:07:47"
},
{
"kids":[],
"uid":"2711715074",
"parent":"zoFEL2iR2",
"text":"看看身边，或许可以想象她不是疯子。",
"mid":"zoFKEtVEX",
"date":"2013-03-23 00:06:21"
},
{
"kids":[],
"uid":"2244070263",
"parent":"zoFEL2iR2",
"text":"",
"mid":"zoFKuaEG2",
"date":"2013-03-23 00:05:56"
},
{
"kids":[],
"uid":"1864837727",
"parent":"",
"text":"@",
"mid":"zoFJgxxER",
"date":"2013-03-23 00:02:56"
},
{
"kids":[],
"uid":"1765098445",
"parent":"",
"text":"",
"mid":"zoFJ5hFv8",
"date":"2013-03-23 00:02:29"
},
{
"kids":[],
"uid":"2795128171",
"parent":"zoFEL2iR2",
"text":"",
"mid":"zoFIQfseJ",
"date":"2013-03-23 00:01:50"
},
{
"kids":[],
"uid":"1882282084",
"parent":"zoFEH9P3w",
"text":"",
"mid":"zoFIJpwpu",
"date":"2013-03-23 00:01:38"
},
{
"kids":[],
"uid":"2613446675",
"parent":"zoFEL2iR2",
"text":"百姓只能[话筒][话筒][话筒]",
"mid":"zoFIFhlLR",
"date":"2013-03-23 00:01:27"
},
{
"kids":[],
"uid":"2403573854",
"parent":"zoFEL2iR2",
"text":"",
"mid":"zoFIu3G8e",
"date":"2013-03-23 00:00:58"
},
{
"kids":[],
"uid":"dida2010",
"parent":"zoFEH9P3w",
"text":"？？？",
"mid":"zoFImnGpf",
"date":"2013-03-23 00:00:42"
},
{
"kids":[],
"uid":"2298507083",
"parent":"",
"text":"",
"mid":"zoFIihFMi",
"date":"2013-03-23 00:00:30"
},
{
"kids":[
"zoMtUfEKk"
],
"uid":"2395108444",
"parent":"zoFEL2iR2",
"text":"",
"mid":"zoFHZ1WL3",
"date":"2013-03-22 23:59:47"
},
{
"kids":[],
"uid":"1072945523",
"parent":"",
"text":"还让不让人活啊",
"mid":"zoFHYrrXI",
"date":"2013-03-22 23:59:45"
},
{
"kids":[],
"uid":"2527426291",
"parent":"zoFEL2iR2",
"text":"@格瑞Gary 看到此新闻了吗？洛阳又出名了，。",
"mid":"zoFHJoK64",
"date":"2013-03-22 23:59:08"
},
{
"kids":[],
"uid":"2745225387",
"parent":"zoFEL2iR2",
"text":"",
"mid":"zoFHJ7yuA",
"date":"2013-03-22 23:59:09"
},
{
"kids":[],
"uid":"2401208712",
"parent":"zoFEL2iR2",
"text":"",
"mid":"zoFHCy9Wk",
"date":"2013-03-22 23:58:53"
},
{
"kids":[],
"uid":"234087651",
"parent":"zoFEL2iR2",
"text":"怎么到处都出线这个呀！社会怎么了",
"mid":"zoFHiv091",
"date":"2013-03-22 23:58:03"
},
{
"kids":[],
"uid":"207666909",
"parent":"zoFEL2iR2",
"text":"",
"mid":"zoFHeD4vs",
"date":"2013-03-22 23:57:55"
},
{
"kids":[],
"uid":"1463516773",
"parent":"",
"text":"",
"mid":"zoFH6Ekri",
"date":"2013-03-22 23:57:36"
},
{
"kids":[],
"uid":"1685043713",
"parent":"zoFEL2iR2",
"text":"这是得把老百姓逼成什么样啊",
"mid":"zoFGO3yqg",
"date":"2013-03-22 23:56:51"
},
{
"kids":[],
"uid":"2661516523",
"parent":"",
"text":"",
"mid":"zoFGa9Q6T",
"date":"2013-03-22 23:55:17"
},
{
"kids":[],
"uid":"love72507639051",
"parent":"zoFEL2iR2",
"text":"",
"mid":"zoFG646vL",
"date":"2013-03-22 23:55:07"
},
{
"kids":[],
"uid":"2805484213",
"parent":"zoFEL2iR2",
"text":"",
"mid":"zoFFRf1x4",
"date":"2013-03-22 23:54:29"
},
{
"kids":[],
"uid":"2837827812",
"parent":"zoFEH9P3w",
"text":"[泪]",
"mid":"zoFFLmFGX",
"date":"2013-03-22 23:54:14"
},
{
"kids":[],
"uid":"2953685021",
"parent":"",
"text":"",
"mid":"zoFFArCYf",
"date":"2013-03-22 23:53:53"
},
{
"kids":[],
"uid":"3200209451",
"parent":"zoFEL2iR2",
"text":"[抓狂]",
"mid":"zoFFyDxik",
"date":"2013-03-22 23:53:48"
},
{
"kids":[],
"uid":"2828538205",
"parent":"",
"text":"",
"mid":"zoFFwB25W",
"date":"2013-03-22 23:53:42"
},
{
"kids":[],
"uid":"2610354731",
"parent":"zoFvjCddn",
"text":"",
"mid":"zoFF5nETt",
"date":"2013-03-22 23:52:38"
},
{
"kids":[
"zoJQ2mHAe",
"zoIVvd5Y0",
"zoHOhd8LL",
"zoGswyf94",
"zoGnWgZn2",
"zoGbyi2ba",
"zoG53ucbZ",
"zoFUn1XCB",
"zoFPl0KsF",
"zoFOP5BEP",
"zoFNifPj2",
"zoFLNpr27",
"zoFLeyWPo",
"zoFKEtVEX",
"zoFKuaEG2",
"zoFIQfseJ",
"zoFIFhlLR",
"zoFIu3G8e",
"zoFHZ1WL3",
"zoFHJoK64",
"zoFHJ7yuA",
"zoFHCy9Wk",
"zoFHiv091",
"zoFHeD4vs",
"zoFGO3yqg",
"zoFG646vL",
"zoFFRf1x4",
"zoFFyDxik"
],
"uid":"318783777",
"parent":"",
"text":"多少人没有这样的勇气。冤屈有多么大啊！",
"mid":"zoFEL2iR2",
"date":"2013-03-22 23:51:47"
},
{
"kids":[
"zoJ2VC8fC",
"zoIZlolXQ",
"zoH0pdxtq",
"zoGyhtITV",
"zoG1ykoI8",
"zoG1gB5qO",
"zoFWcbHYY",
"zoFRxcTep",
"zoFNxArdR",
"zoFIJpwpu",
"zoFImnGpf",
"zoFFLmFGX"
],
"uid":"1499098964",
"parent":"zoFkD8Xzv",
"text":"[泪]",
"mid":"zoFEH9P3w",
"date":"2013-03-22 23:51:41"
},
{
"kids":[],
"uid":"2859041984",
"parent":"",
"text":"",
"mid":"zoFEoymVM",
"date":"2013-03-22 23:50:56"
},
{
"kids":[],
"uid":"2766379401",
"parent":"zoFgt940N",
"text":"心里难受",
"mid":"zoFD73aPy",
"date":"2013-03-22 23:47:46"
},
{
"kids":[],
"uid":"2833292273",
"parent":"zoESloCk2",
"text":"",
"mid":"zoFCj9JBg",
"date":"2013-03-22 23:45:48"
},
{
"kids":[],
"uid":"2363084802",
"parent":"",
"text":"中国人要都能这样反击。国家会走得更好些",
"mid":"zoFBRBnE1",
"date":"2013-03-22 23:44:42"
},
{
"kids":[
"zoJrcy2Jy"
],
"uid":"shenyunhui",
"parent":"zoESloCk2",
"text":"",
"mid":"zoFBseP1B",
"date":"2013-03-22 23:43:39"
},
{
"kids":[],
"uid":"2610590400",
"parent":"zoEUkzdxd",
"text":"再一次击穿我们的底线",
"mid":"zoFBacejf",
"date":"2013-03-22 23:42:59"
},
{
"kids":[],
"uid":"lujm02",
"parent":"zoEUkzdxd",
"text":"",
"mid":"zoFAHv3LH",
"date":"2013-03-22 23:41:49"
},
{
"kids":[],
"uid":"2604546263",
"parent":"",
"text":"",
"mid":"zoFzurpdU",
"date":"2013-03-22 23:38:50"
},
{
"kids":[],
"uid":"1849312737",
"parent":"zoF1DjNXG",
"text":"哎！！",
"mid":"zoFyXlzpb",
"date":"2013-03-22 23:37:32"
},
{
"kids":[],
"uid":"712370878",
"parent":"",
"text":"",
"mid":"zoFxe6pHi",
"date":"2013-03-22 23:33:13"
},
{
"kids":[],
"uid":"1793242544",
"parent":"",
"text":"[怒]",
"mid":"zoFwsvwGX",
"date":"2013-03-22 23:31:21"
},
{
"kids":[],
"uid":"81831190",
"parent":"zoFaSxhLV",
"text":"",
"mid":"zoFwitMss",
"date":"2013-03-22 23:30:59"
},
{
"kids":[],
"uid":"1769789405",
"parent":"zoFn2kpfn",
"text":"",
"mid":"zoFvEyWC4",
"date":"2013-03-22 23:29:24"
},
{
"kids":[
"zoFF5nETt"
],
"uid":"3051915863",
"parent":"",
"text":"",
"mid":"zoFvjCddn",
"date":"2013-03-22 23:28:34"
},
{
"kids":[],
"uid":"1716380302",
"parent":"zoFn2kpfn",
"text":"",
"mid":"zoFvcvCEz",
"date":"2013-03-22 23:28:16"
},
{
"kids":[],
"uid":"2424076570",
"parent":"zoEUkzdxd",
"text":"",
"mid":"zoFuHtROd",
"date":"2013-03-22 23:27:00"
},
{
"kids":[],
"uid":"2901916311",
"parent":"zoFmjbp8o",
"text":"",
"mid":"zoFuwARin",
"date":"2013-03-22 23:26:37"
},
{
"kids":[],
"uid":"jackliu678",
"parent":"zoFmjbp8o",
"text":"在中国这个男尊女卑的社会里，大妈如此形象说出自己的声音，可想而知是受到了多少冤屈，多少无奈和痛苦~~~",
"mid":"zoFut1fS5",
"date":"2013-03-22 23:26:28"
},
{
"kids":[],
"uid":"2905236985",
"parent":"",
"text":"",
"mid":"zoFu7qHdZ",
"date":"2013-03-22 23:25:38"
},
{
"kids":[],
"uid":"LOVEjackson08",
"parent":"zoF5uD70g",
"text":"",
"mid":"zoFsz7yxc",
"date":"2013-03-22 23:21:47"
},
{
"kids":[],
"uid":"1092976771",
"parent":"",
"text":"",
"mid":"zoFssAbjR",
"date":"2013-03-22 23:21:30"
},
{
"kids":[],
"uid":"beijinglvning",
"parent":"",
"text":"情何以堪",
"mid":"zoFqZ1W4h",
"date":"2013-03-22 23:17:52"
},
{
"kids":[],
"uid":"2000526703",
"parent":"",
"text":"",
"mid":"zoFqm0msM",
"date":"2013-03-22 23:16:18"
},
{
"kids":[],
"uid":"2485750550",
"parent":"zoFmjbp8o",
"text":"",
"mid":"zoFq667Nz",
"date":"2013-03-22 23:15:41"
},
{
"kids":[],
"uid":"aicuimomo",
"parent":"",
"text":"",
"mid":"zoFq3obvi",
"date":"2013-03-22 23:15:37"
},
{
"kids":[],
"uid":"taoshengyijiu2011",
"parent":"",
"text":"",
"mid":"zoFq13wvC",
"date":"2013-03-22 23:15:30"
},
{
"kids":[],
"uid":"2426408527",
"parent":"",
"text":"相信围观也是一种力量，转发也能推动文明的车轮",
"mid":"zoFpPvHAJ",
"date":"2013-03-22 23:14:59"
},
{
"kids":[],
"uid":"1697610470",
"parent":"",
"text":"",
"mid":"zoFpJA6wo",
"date":"2013-03-22 23:14:46"
},
{
"kids":[],
"uid":"1588692323",
"parent":"",
"text":"",
"mid":"zoFpbzXgT",
"date":"2013-03-22 23:13:25"
},
{
"kids":[],
"uid":"3190202927",
"parent":"",
"text":"",
"mid":"zoFpb0KDD",
"date":"2013-03-22 23:13:25"
},
{
"kids":[],
"uid":"2206047554",
"parent":"zoFmjbp8o",
"text":"",
"mid":"zoFoLDnoY",
"date":"2013-03-22 23:12:25"
},
{
"kids":[],
"uid":"1985827637",
"parent":"",
"text":"[泪] 有多么绝望才一个母亲如此",
"mid":"zoFoLj6ZX",
"date":"2013-03-22 23:12:26"
},
{
"kids":[],
"uid":"marsinsh",
"parent":"",
"text":"[泪]",
"mid":"zoFoi69P3",
"date":"2013-03-22 23:11:15"
},
{
"kids":[],
"uid":"2175102284",
"parent":"",
"text":"",
"mid":"zoFnFocbu",
"date":"2013-03-22 23:09:40"
},
{
"kids":[],
"uid":"2694179001",
"parent":"",
"text":"真相啊",
"mid":"zoFnEa4Bm",
"date":"2013-03-22 23:09:38"
},
{
"kids":[],
"uid":"2569494253",
"parent":"zoFmjbp8o",
"text":"",
"mid":"zoFnwbk8d",
"date":"2013-03-22 23:09:21"
},
{
"kids":[],
"uid":"1650105847",
"parent":"",
"text":"",
"mid":"zoFnnAVI9",
"date":"2013-03-22 23:08:59"
},
{
"kids":[],
"uid":"2992720813",
"parent":"zoESloCk2",
"text":"法治的悲哀",
"mid":"zoFnklZQ2",
"date":"2013-03-22 23:08:50"
},
{
"kids":[],
"uid":"1775977135",
"parent":"zoFmjbp8o",
"text":"",
"mid":"zoFnhrLTl",
"date":"2013-03-22 23:08:46"
},
{
"kids":[],
"uid":"2237422014",
"parent":"zoEWpq2xC",
"text":"这就天朝  木有办法",
"mid":"zoFna1yDj",
"date":"2013-03-22 23:08:29"
},
{
"kids":[
"zoFvEyWC4",
"zoFvcvCEz"
],
"uid":"1412424605",
"parent":"zoFhD1syy",
"text":"生活对一部分人太残酷了",
"mid":"zoFn2kpfn",
"date":"2013-03-22 23:08:10"
},
{
"kids":[],
"uid":"1401049910",
"parent":"",
"text":"谁之丑",
"mid":"zoFmW9b8k",
"date":"2013-03-22 23:07:56"
},
{
"kids":[],
"uid":"1995787275",
"parent":"",
"text":"",
"mid":"zoFmJbVCq",
"date":"2013-03-22 23:07:19"
},
{
"kids":[],
"uid":"2032783555",
"parent":"",
"text":"",
"mid":"zoFmyesTy",
"date":"2013-03-22 23:06:58"
},
{
"kids":[],
"uid":"2732903605",
"parent":"",
"text":"",
"mid":"zoFmqvLHV",
"date":"2013-03-22 23:06:39"
},
{
"kids":[],
"uid":"3118463421",
"parent":"",
"text":"洛阳，多事之城",
"mid":"zoFmjt0HJ",
"date":"2013-03-22 23:06:23"
},
{
"kids":[
"zoFuwARin",
"zoFut1fS5",
"zoFq667Nz",
"zoFoLDnoY",
"zoFnwbk8d",
"zoFnhrLTl"
],
"uid":"210107859",
"parent":"zoFbjpVfG",
"text":"",
"mid":"zoFmjbp8o",
"date":"2013-03-22 23:06:21"
},
{
"kids":[],
"uid":"2258205492",
"parent":"",
"text":"",
"mid":"zoFm74orG",
"date":"2013-03-22 23:05:53"
},
{
"kids":[
"zoFODhvKv"
],
"uid":"2001419314",
"parent":"zoF39gC9Q",
"text":"求真相啊",
"mid":"zoFlPzpdA",
"date":"2013-03-22 23:05:11"
},
{
"kids":[],
"uid":"1890727752",
"parent":"",
"text":"",
"mid":"zoFlibXkv",
"date":"2013-03-22 23:03:52"
},
{
"kids":[],
"uid":"2703295667",
"parent":"zoFkD8Xzv",
"text":"情以何堪",
"mid":"zoFlczVf8",
"date":"2013-03-22 23:03:38"
},
{
"kids":[],
"uid":"2297594122",
"parent":"",
"text":"",
"mid":"zoFl3qk92",
"date":"2013-03-22 23:03:17"
},
{
"kids":[],
"uid":"1963129913",
"parent":"zoESloCk2",
"text":"",
"mid":"zoFkTE3zQ",
"date":"2013-03-22 23:02:53"
},
{
"kids":[
"zoFEH9P3w",
"zoFlczVf8"
],
"uid":"577581122",
"parent":"",
"text":"期待真相",
"mid":"zoFkD8Xzv",
"date":"2013-03-22 23:02:14"
},
{
"kids":[],
"uid":"209267872",
"parent":"",
"text":"",
"mid":"zoFk11655",
"date":"2013-03-22 23:00:43"
},
{
"kids":[],
"uid":"2087488231",
"parent":"",
"text":"",
"mid":"zoFjNqtm5",
"date":"2013-03-22 23:00:09"
},
{
"kids":[],
"uid":"linyibin",
"parent":"zoF1DjNXG",
"text":"",
"mid":"zoFjMxdH9",
"date":"2013-03-22 23:00:09"
},
{
"kids":[],
"uid":"2938900813",
"parent":"",
"text":"",
"mid":"zoFiHr9wR",
"date":"2013-03-22 22:57:29"
},
{
"kids":[],
"uid":"2761547580",
"parent":"",
"text":"",
"mid":"zoFiHczlj",
"date":"2013-03-22 22:57:28"
},
{
"kids":[],
"uid":"1405720683",
"parent":"",
"text":"",
"mid":"zoFiEuPLd",
"date":"2013-03-22 22:57:23"
},
{
"kids":[],
"uid":"2910393505",
"parent":"",
"text":"",
"mid":"zoFivCPPz",
"date":"2013-03-22 22:57:01"
},
{
"kids":[],
"uid":"2659647511",
"parent":"",
"text":"",
"mid":"zoFiv3Df6",
"date":"2013-03-22 22:56:58"
},
{
"kids":[],
"uid":"2273033832",
"parent":"",
"text":"肖霍洛夫《静静的顿河》中农民活不下去喊苍天的场景再现。",
"mid":"zoFifEjNz",
"date":"2013-03-22 22:56:22"
},
{
"kids":[],
"uid":"2860463100",
"parent":"",
"text":"有些中国梦就如此艰难!有些权力没在人民手中!不能让我们的人民如此屈辱!",
"mid":"zoFi038Wy",
"date":"2013-03-22 22:55:41"
},
{
"kids":[],
"uid":"wujinjun",
"parent":"",
"text":"",
"mid":"zoFhIC7Og",
"date":"2013-03-22 22:55:01"
},
{
"kids":[
"zoFn2kpfn"
],
"uid":"1729077630",
"parent":"",
"text":"同感",
"mid":"zoFhD1syy",
"date":"2013-03-22 22:54:50"
},
{
"kids":[],
"uid":"1141908513",
"parent":"zoFguCvqO",
"text":"",
"mid":"zoFhviK0J",
"date":"2013-03-22 22:54:28"
},
{
"kids":[],
"uid":"2176076074",
"parent":"",
"text":"谁的耻辱",
"mid":"zoFh3e5Hu",
"date":"2013-03-22 22:53:26"
},
{
"kids":[],
"uid":"1376370714",
"parent":"zoFfYoTM0",
"text":"岳父小舅子杀女婿的家务事，被拿出来说官员犯事，还一群人捡到宝一样的起哄。造谣可耻。",
"mid":"zoFh3cfGS",
"date":"2013-03-22 22:53:23"
},
{
"kids":[],
"uid":"lcja",
"parent":"zoESloCk2",
"text":"帮帮她吧！",
"mid":"zoFgWa40z",
"date":"2013-03-22 22:53:06"
},
{
"kids":[],
"uid":"2813318945",
"parent":"",
"text":"这还是国家么？",
"mid":"zoFgVdv9y",
"date":"2013-03-22 22:53:02"
},
{
"kids":[],
"uid":"2916947051",
"parent":"",
"text":"",
"mid":"zoFgBaZeR",
"date":"2013-03-22 22:52:18"
},
{
"kids":[
"zoFhviK0J"
],
"uid":"1173274601",
"parent":"",
"text":"",
"mid":"zoFguCvqO",
"date":"2013-03-22 22:52:02"
},
{
"kids":[
"zoFD73aPy"
],
"uid":"1424743673",
"parent":"",
"text":"让人成＂鬼＂的＂旧社会＂！",
"mid":"zoFgt940N",
"date":"2013-03-22 22:51:59"
},
{
"kids":[],
"uid":"1076315063",
"parent":"",
"text":"",
"mid":"zoFgh28pA",
"date":"2013-03-22 22:51:30"
},
{
"kids":[],
"uid":"2371232905",
"parent":"",
"text":"",
"mid":"zoFg8sJEG",
"date":"2013-03-22 22:51:11"
},
{
"kids":[
"zoFh3cfGS"
],
"uid":"2218691893",
"parent":"zoFcraCzh",
"text":"不知该信谁了？想起来当年在企业工作时，一女职工为了分房在总务科长办公室当众撒尿的事了。",
"mid":"zoFfYoTM0",
"date":"2013-03-22 22:50:43"
},
{
"kids":[],
"uid":"2566064853",
"parent":"",
"text":"严查到底，给她交代！",
"mid":"zoFfR3SCC",
"date":"2013-03-22 22:50:26"
},
{
"kids":[],
"uid":"2814568211",
"parent":"zoF1mtXlJ",
"text":"",
"mid":"zoFfkfCmP",
"date":"2013-03-22 22:49:09"
},
{
"kids":[],
"uid":"2770822575",
"parent":"",
"text":"[衰]",
"mid":"zoFfjlnUj",
"date":"2013-03-22 22:49:05"
},
{
"kids":[],
"uid":"sqyjsm",
"parent":"zoESloCk2",
"text":"",
"mid":"zoFf4zIb9",
"date":"2013-03-22 22:48:33"
},
{
"kids":[],
"uid":"3208925535",
"parent":"",
"text":"",
"mid":"zoFeSbaXS",
"date":"2013-03-22 22:48:03"
},
{
"kids":[],
"uid":"thejove",
"parent":"",
"text":"如果国中有裸体的母亲，另一个母亲穿着再得体，又怎样呢？",
"mid":"zoFeGFTtS",
"date":"2013-03-22 22:47:34"
},
{
"kids":[],
"uid":"1419271013",
"parent":"zoESloCk2",
"text":"",
"mid":"zoFe1AZKz",
"date":"2013-03-22 22:45:56"
},
{
"kids":[],
"uid":"2000458805",
"parent":"",
"text":"",
"mid":"zoFdJxeIJ",
"date":"2013-03-22 22:45:14"
},
{
"kids":[],
"uid":"201222593",
"parent":"",
"text":"",
"mid":"zoFdAmEWw",
"date":"2013-03-22 22:44:53"
},
{
"kids":[],
"uid":"2931469313",
"parent":"",
"text":"2会开了有屁用？",
"mid":"zoFdqjON7",
"date":"2013-03-22 22:44:28"
},
{
"kids":[],
"uid":"2928219661",
"parent":"zoFcztueE",
"text":"",
"mid":"zoFdnoLdM",
"date":"2013-03-22 22:44:21"
},
{
"kids":[],
"uid":"cangtianbaineizhang",
"parent":"zoESloCk2",
"text":"苍天白内障！",
"mid":"zoFdjy9YL",
"date":"2013-03-22 22:44:13"
},
{
"kids":[],
"uid":"1934687197",
"parent":"",
"text":"[泪]",
"mid":"zoFdjvUqf",
"date":"2013-03-22 22:44:11"
},
{
"kids":[],
"uid":"stevengu123",
"parent":"zoESloCk2",
"text":"",
"mid":"zoFdb1OTn",
"date":"2013-03-22 22:43:51"
},
{
"kids":[],
"uid":"1029958311",
"parent":"",
"text":"",
"mid":"zoFdanhAd",
"date":"2013-03-22 22:43:49"
},
{
"kids":[],
"uid":"2061730043",
"parent":"zoESloCk2",
"text":"",
"mid":"zoFcWsTfU",
"date":"2013-03-22 22:43:18"
},
{
"kids":[
"zoFdnoLdM"
],
"uid":"3033051647",
"parent":"",
"text":"转发微博。",
"mid":"zoFcztueE",
"date":"2013-03-22 22:42:24"
},
{
"kids":[],
"uid":"2742564702",
"parent":"",
"text":"",
"mid":"zoFcs5HUx",
"date":"2013-03-22 22:42:04"
},
{
"kids":[
"zoFfYoTM0"
],
"uid":"1376370714",
"parent":"",
"text":"据说该女子弟弟被法院人员杀害，造谣，造谣可耻。",
"mid":"zoFcraCzh",
"date":"2013-03-22 22:42:03"
},
{
"kids":[],
"uid":"1798402592",
"parent":"",
"text":"",
"mid":"zoFc9aJ9a",
"date":"2013-03-22 22:41:20"
},
{
"kids":[],
"uid":"2822436465",
"parent":"",
"text":"",
"mid":"zoFc8xnS3",
"date":"2013-03-22 22:41:18"
},
{
"kids":[],
"uid":"1877410765",
"parent":"",
"text":"肯定被警察或者什么公务人员以精神有问题送到精神病院那种跑也跑不出来的地方。。。是我太阴暗了么？我觉得现在公众对ZF的信任程度一直在挑战下限。。。",
"mid":"zoFbWrpSV",
"date":"2013-03-22 22:40:49"
},
{
"kids":[],
"uid":"1432243392",
"parent":"",
"text":"亡，百姓苦，兴，百姓苦。",
"mid":"zoFbLvkxE",
"date":"2013-03-22 22:40:24"
},
{
"kids":[],
"uid":"1655193521",
"parent":"",
"text":"政权腐败没人治！一定会垮台！",
"mid":"zoFbvxOWp",
"date":"2013-03-22 22:39:46"
},
{
"kids":[
"zoFmjbp8o"
],
"uid":"2277885687",
"parent":"zoERfoqNe",
"text":"勇敢的大妈！支持你！！",
"mid":"zoFbjpVfG",
"date":"2013-03-22 22:39:15"
},
{
"kids":[],
"uid":"jiaoyinti",
"parent":"",
"text":"",
"mid":"zoFba1IIO",
"date":"2013-03-22 22:38:54"
},
{
"kids":[],
"uid":"haoku",
"parent":"",
"text":"个体对于集体的漠视又能怎么样呢 想想要是自己需要说话却张不开嘴的时候，呵呵",
"mid":"zoFaWmTXK",
"date":"2013-03-22 22:38:21"
},
{
"kids":[
"zoFwitMss"
],
"uid":"1464770147",
"parent":"",
"text":"中国这样的事真多，悲哀呀",
"mid":"zoFaSxhLV",
"date":"2013-03-22 22:38:10"
},
{
"kids":[],
"uid":"2613923264",
"parent":"",
"text":"",
"mid":"zoFaRltPL",
"date":"2013-03-22 22:38:06"
},
{
"kids":[],
"uid":"1758390717",
"parent":"",
"text":"",
"mid":"zoFay92yw",
"date":"2013-03-22 22:37:21"
},
{
"kids":[],
"uid":"2729502577",
"parent":"",
"text":"",
"mid":"zoFawF6SX",
"date":"2013-03-22 22:37:18"
},
{
"kids":[],
"uid":"1103943437",
"parent":"zoESloCk2",
"text":"真的要把一个母亲逼成这样？狗官们你们没母亲吗？",
"mid":"zoFah4q9V",
"date":"2013-03-22 22:36:42"
},
{
"kids":[],
"uid":"1655193521",
"parent":"",
"text":"这是冤曲、逼迫、失望、愤恨、交织在一起没法啊！",
"mid":"zoFaff9Li",
"date":"2013-03-22 22:36:37"
},
{
"kids":[],
"uid":"1477637753",
"parent":"zoESloCk2",
"text":"",
"mid":"zoFa16OiG",
"date":"2013-03-22 22:36:05"
},
{
"kids":[],
"uid":"2315379553",
"parent":"",
"text":"",
"mid":"zoF9G6jbN",
"date":"2013-03-22 22:35:15"
},
{
"kids":[],
"uid":"2816613232",
"parent":"zoERfoqNe",
"text":"",
"mid":"zoF9z2bic",
"date":"2013-03-22 22:34:58"
},
{
"kids":[],
"uid":"2562596230",
"parent":"",
"text":"[书呆子]",
"mid":"zoF9w465z",
"date":"2013-03-22 22:34:50"
},
{
"kids":[],
"uid":"2080170163",
"parent":"",
"text":"",
"mid":"zoF9sduYc",
"date":"2013-03-22 22:34:42"
},
{
"kids":[],
"uid":"1429728407",
"parent":"zoF1DjNXG",
"text":"",
"mid":"zoF9sbWkW",
"date":"2013-03-22 22:34:40"
},
{
"kids":[],
"uid":"2807796804",
"parent":"",
"text":"",
"mid":"zoF9ooJuq",
"date":"2013-03-22 22:34:30"
},
{
"kids":[],
"uid":"2518855464",
"parent":"",
"text":"",
"mid":"zoF8V9gbd",
"date":"2013-03-22 22:33:23"
},
{
"kids":[],
"uid":"3044979883",
"parent":"zoEUK0lPK",
"text":"",
"mid":"zoF8LFysi",
"date":"2013-03-22 22:32:59"
},
{
"kids":[],
"uid":"520585999",
"parent":"",
"text":"[吃惊]",
"mid":"zoF8Gjqzc",
"date":"2013-03-22 22:32:46"
},
{
"kids":[],
"uid":"2144555633",
"parent":"zoESloCk2",
"text":"默哀",
"mid":"zoF7PbIbg",
"date":"2013-03-22 22:30:39"
},
{
"kids":[],
"uid":"liudengpan",
"parent":"",
"text":"党啊，人民的公仆[泪]",
"mid":"zoF7koExy",
"date":"2013-03-22 22:29:29"
},
{
"kids":[],
"uid":"2496838805",
"parent":"zoESloCk2",
"text":"",
"mid":"zoF7knICL",
"date":"2013-03-22 22:29:28"
},
{
"kids":[],
"uid":"zhangliang101",
"parent":"",
"text":"[围观]",
"mid":"zoF6HncdO",
"date":"2013-03-22 22:27:55"
},
{
"kids":[],
"uid":"1148840933",
"parent":"",
"text":"",
"mid":"zoF6ra7oh",
"date":"2013-03-22 22:27:16"
},
{
"kids":[],
"uid":"2681816633",
"parent":"zoESloCk2",
"text":"",
"mid":"zoF6jvgPk",
"date":"2013-03-22 22:26:57"
},
{
"kids":[],
"uid":"2665950261",
"parent":"",
"text":"",
"mid":"zoF6hraxl",
"date":"2013-03-22 22:26:53"
},
{
"kids":[],
"uid":"2279451227",
"parent":"zoF2790BK",
"text":"",
"mid":"zoF6ggjDK",
"date":"2013-03-22 22:26:46"
},
{
"kids":[],
"uid":"3075579617",
"parent":"zoESloCk2",
"text":"转发关注！如何体现公平正义？百姓在看你们作答！",
"mid":"zoF67l6LZ",
"date":"2013-03-22 22:26:26"
},
{
"kids":[],
"uid":"2938354271",
"parent":"zoESloCk2",
"text":"哎，，，，",
"mid":"zoF5PkrbU",
"date":"2013-03-22 22:25:47"
},
{
"kids":[],
"uid":"2774820963",
"parent":"",
"text":"洛阳法院必有故事！",
"mid":"zoF5Ki5Qf",
"date":"2013-03-22 22:25:33"
},
{
"kids":[
"zoFsz7yxc"
],
"uid":"1248619815",
"parent":"zoERfoqNe",
"text":"",
"mid":"zoF5uD70g",
"date":"2013-03-22 22:24:58"
},
{
"kids":[],
"uid":"1237979833",
"parent":"zoF1DjNXG",
"text":"",
"mid":"zoF5kkAfh",
"date":"2013-03-22 22:24:31"
},
{
"kids":[],
"uid":"2442931961",
"parent":"",
"text":"最高法院院长应该从毛主席铜像前听到了什么……",
"mid":"zoF5ivgal",
"date":"2013-03-22 22:24:28"
},
{
"kids":[],
"uid":"chengshuangkun",
"parent":"",
"text":"",
"mid":"zoF5hEPTR",
"date":"2013-03-22 22:24:25"
},
{
"kids":[],
"uid":"2811712637",
"parent":"zoESloCk2",
"text":"",
"mid":"zoF5e6oO8",
"date":"2013-03-22 22:24:14"
},
{
"kids":[],
"uid":"zhiqiuyiye2011",
"parent":"",
"text":"轉發微博",
"mid":"zoF56pfkN",
"date":"2013-03-22 22:23:59"
},
{
"kids":[],
"uid":"2657662334",
"parent":"zoESloCk2",
"text":"关注关心",
"mid":"zoF4W4NLX",
"date":"2013-03-22 22:23:34"
},
{
"kids":[],
"uid":"3150316465",
"parent":"zoESloCk2",
"text":"",
"mid":"zoF4RFq1B",
"date":"2013-03-22 22:23:24"
},
{
"kids":[],
"uid":"1966779093",
"parent":"zoEUIfOVn",
"text":"",
"mid":"zoF4sgyBM",
"date":"2013-03-22 22:22:22"
},
{
"kids":[],
"uid":"2243875767",
"parent":"zoESloCk2",
"text":"哎！",
"mid":"zoF4hyu0y",
"date":"2013-03-22 22:21:58"
},
{
"kids":[],
"uid":"dreamhlin",
"parent":"zoESloCk2",
"text":"",
"mid":"zoF3XsNZv",
"date":"2013-03-22 22:21:10"
},
{
"kids":[],
"uid":"2089755051",
"parent":"zoESloCk2",
"text":"",
"mid":"zoF3gCOOf",
"date":"2013-03-22 22:19:29"
},
{
"kids":[
"zoFlPzpdA"
],
"uid":"2123483351",
"parent":"zoF0ObLcu",
"text":"",
"mid":"zoF39gC9Q",
"date":"2013-03-22 22:19:09"
},
{
"kids":[],
"uid":"2423408857",
"parent":"",
"text":"buxiangshuohua",
"mid":"zoF2YC8jH",
"date":"2013-03-22 22:18:42"
},
{
"kids":[],
"uid":"2348345707",
"parent":"zoESloCk2",
"text":"",
"mid":"zoF2F7ccn",
"date":"2013-03-22 22:17:57"
},
{
"kids":[],
"uid":"271983322",
"parent":"",
"text":"",
"mid":"zoF2caqDd",
"date":"2013-03-22 22:16:50"
},
{
"kids":[
"zoF6ggjDK"
],
"uid":"1190920797",
"parent":"zoESloCk2",
"text":"我们这个国家究竟还有没有希望？我要打个问号！",
"mid":"zoF2790BK",
"date":"2013-03-22 22:16:38"
},
{
"kids":[],
"uid":"2793521125",
"parent":"",
"text":"党啊，党啊，千万别让中国在你手里毁了，大清是憋屈，民国是战乱，可那是外患啊，外患！",
"mid":"zoF1XmSeK",
"date":"2013-03-22 22:16:13"
},
{
"kids":[],
"uid":"2272453720",
"parent":"zoESloCk2",
"text":"不管真假，转一下，为了一个母亲",
"mid":"zoF1WcVy9",
"date":"2013-03-22 22:16:11"
},
{
"kids":[],
"uid":"2447794392",
"parent":"zoESloCk2",
"text":"",
"mid":"zoF1Usg45",
"date":"2013-03-22 22:16:08"
},
{
"kids":[],
"uid":"2286980373",
"parent":"zoESloCk2",
"text":"",
"mid":"zoF1JbRhY",
"date":"2013-03-22 22:15:40"
},
{
"kids":[
"zoFyXlzpb",
"zoFjMxdH9",
"zoF9sbWkW",
"zoF5kkAfh"
],
"uid":"bolisz",
"parent":"",
"text":"我说: 够了，不要再谈梦想了！谈谈最基本的社会公平与对人的尊严的最基本的尊重吧！",
"mid":"zoF1DjNXG",
"date":"2013-03-22 22:15:23"
},
{
"kids":[],
"uid":"2307170961",
"parent":"zoESloCk2",
"text":"",
"mid":"zoF1Di5Ra",
"date":"2013-03-22 22:15:26"
},
{
"kids":[
"zpTXj9ARc",
"zpPYOA1is",
"zpPYOiq84",
"zp4S6zYn1",
"zp4S6zYk2"
],
"uid":"3126522407",
"parent":"",
"text":"",
"mid":"zoF1nEOhv",
"date":"2013-03-22 22:14:46"
},
{
"kids":[
"zoFfkfCmP"
],
"uid":"83533987",
"parent":"",
"text":"人民的声音只用这样才能被听见，可悲的中国底层人民，我们是狗啊",
"mid":"zoF1mtXlJ",
"date":"2013-03-22 22:14:45"
},
{
"kids":[],
"uid":"2378782964",
"parent":"",
"text":"被逼无奈",
"mid":"zoF1fkWNz",
"date":"2013-03-22 22:14:29"
},
{
"kids":[],
"uid":"3193380911",
"parent":"",
"text":"[怒][怒][怒][怒]",
"mid":"zoF18zrN4",
"date":"2013-03-22 22:14:12"
},
{
"kids":[],
"uid":"2108727110",
"parent":"",
"text":"",
"mid":"zoF0P30PS",
"date":"2013-03-22 22:13:24"
},
{
"kids":[
"zoF39gC9Q"
],
"uid":"2316878537",
"parent":"",
"text":"不公啊",
"mid":"zoF0ObLcu",
"date":"2013-03-22 22:13:25"
},
{
"kids":[
"zp7bGgEAr",
"zoXyYDNJ5",
"zoW4OrasV",
"zoUYic856"
],
"uid":"lilymain",
"parent":"zoEUkzdxd",
"text":"哎，心酸",
"mid":"zoF0DgUxa",
"date":"2013-03-22 22:12:54"
},
{
"kids":[],
"uid":"smally1984",
"parent":"",
"text":"下午转了这事，被删了！",
"mid":"zoF0szcSU",
"date":"2013-03-22 22:12:33"
},
{
"kids":[],
"uid":"2349924427",
"parent":"zoEUXln9B",
"text":"[怒骂]",
"mid":"zoF0lc6ar",
"date":"2013-03-22 22:12:16"
},
{
"kids":[],
"uid":"2160358165",
"parent":"",
"text":"吏制国家的悲哀...",
"mid":"zoF0fDdwg",
"date":"2013-03-22 22:12:01"
},
{
"kids":[],
"uid":"aiyumufeng",
"parent":"zoESloCk2",
"text":"古时遇到奇冤难打的官司，往往信奉“要想官司赢，除非死个人”，这样一般都能达到伸冤的目的，可如今，百姓的生命竟不如封建时代。",
"mid":"zoF08uDc6",
"date":"2013-03-22 22:11:44"
},
{
"kids":[],
"uid":"234506319",
"parent":"zoEUkzdxd",
"text":"老百姓不懂营销，就非要通过这么极端的方式才能引起社会的关注，无奈啊",
"mid":"zoEZvefZ3",
"date":"2013-03-22 22:10:09"
},
{
"kids":[],
"uid":"3065370713",
"parent":"zoESloCk2",
"text":"",
"mid":"zoEZtsPaV",
"date":"2013-03-22 22:10:03"
},
{
"kids":[],
"uid":"2055522915",
"parent":"",
"text":"司法何时公正，百姓不在乏苦",
"mid":"zoEZr5ei3",
"date":"2013-03-22 22:10:02"
},
{
"kids":[],
"uid":"1589164247",
"parent":"",
"text":"",
"mid":"zoEZneEJe",
"date":"2013-03-22 22:09:52"
},
{
"kids":[],
"uid":"2794587473",
"parent":"zoEUj9Et5",
"text":"[草泥马]",
"mid":"zoEZky2Pw",
"date":"2013-03-22 22:09:45"
},
{
"kids":[],
"uid":"1111415122",
"parent":"zoESloCk2",
"text":"",
"mid":"zoEZb9wOp",
"date":"2013-03-22 22:09:23"
},
{
"kids":[],
"uid":"3178486292",
"parent":"",
"text":"",
"mid":"zoEZ15y3b",
"date":"2013-03-22 22:08:59"
},
{
"kids":[],
"uid":"sevenmild",
"parent":"zoEXY3aHX",
"text":"",
"mid":"zoEYWl4zv",
"date":"2013-03-22 22:08:46"
},
{
"kids":[],
"uid":"3168508442",
"parent":"zoEXUv4wz",
"text":"",
"mid":"zoEYOFBw7",
"date":"2013-03-22 22:08:30"
},
{
"kids":[],
"uid":"2506958207",
"parent":"",
"text":"真的？！",
"mid":"zoEYMzPZA",
"date":"2013-03-22 22:08:26"
},
{
"kids":[],
"uid":"3183862942",
"parent":"",
"text":"中国母亲豁出去了！呐喊吧，让天下的人知道，您的冤屈！",
"mid":"zoEYFelhV",
"date":"2013-03-22 22:08:04"
},
{
"kids":[],
"uid":"3189139950",
"parent":"",
"text":"",
"mid":"zoEYtoWGQ",
"date":"2013-03-22 22:07:39"
},
{
"kids":[],
"uid":"seagullisflying",
"parent":"zoESloCk2",
"text":"事情到底是怎么回事？",
"mid":"zoEYphQhv",
"date":"2013-03-22 22:07:29"
},
{
"kids":[],
"uid":"3289717243",
"parent":"",
"text":"邪政当道的中国式含冤。",
"mid":"zoEYmzuTp",
"date":"2013-03-22 22:07:23"
},
{
"kids":[],
"uid":"1199018920",
"parent":"zoESloCk2",
"text":"",
"mid":"zoEYmhTBy",
"date":"2013-03-22 22:07:22"
},
{
"kids":[],
"uid":"3014278913",
"parent":"",
"text":"默默转发。",
"mid":"zoEYj5xw1",
"date":"2013-03-22 22:07:13"
},
{
"kids":[],
"uid":"3244860745",
"parent":"",
"text":"是时候整顿整顿政府官员内部了",
"mid":"zoEY4x2c6",
"date":"2013-03-22 22:06:37"
},
{
"kids":[
"zoEYWl4zv"
],
"uid":"1980782027",
"parent":"zoESloCk2",
"text":"老百姓没有尊严，还谈什么民族复兴，永远是梦。",
"mid":"zoEXY3aHX",
"date":"2013-03-22 22:06:23"
},
{
"kids":[
"zoEYOFBw7"
],
"uid":"2791674273",
"parent":"zoESloCk2",
"text":"[吃惊]",
"mid":"zoEXUv4wz",
"date":"2013-03-22 22:06:14"
},
{
"kids":[],
"uid":"1008451655",
"parent":"zoESQFVl4",
"text":"",
"mid":"zoEXt1qdO",
"date":"2013-03-22 22:05:10"
},
{
"kids":[],
"uid":"1879407050",
"parent":"zoESloCk2",
"text":"",
"mid":"zoEXdlwB0",
"date":"2013-03-22 22:04:33"
},
{
"kids":[],
"uid":"2801299167",
"parent":"",
"text":"妈妈一样年纪的阿姨，你到底有多大冤情。祝你平安[拳头][拳头][拳头]",
"mid":"zoEX6zAmP",
"date":"2013-03-22 22:04:17"
},
{
"kids":[],
"uid":"2508854851",
"parent":"zoER8iVFu",
"text":"",
"mid":"zoEX4dTCq",
"date":"2013-03-22 22:04:08"
},
{
"kids":[],
"uid":"2750964843",
"parent":"zoESloCk2",
"text":"没用！中国人是麻木的",
"mid":"zoEWTyybu",
"date":"2013-03-22 22:03:44"
},
{
"kids":[],
"uid":"2742336463",
"parent":"zoESloCk2",
"text":"",
"mid":"zoEWHcRGK",
"date":"2013-03-22 22:03:15"
},
{
"kids":[],
"uid":"3256124830",
"parent":"zoEUs1OEL",
"text":"",
"mid":"zoEWEuiu5",
"date":"2013-03-22 22:03:08"
},
{
"kids":[
"zoFna1yDj"
],
"uid":"1047023445",
"parent":"zoESloCk2",
"text":"",
"mid":"zoEWpq2xC",
"date":"2013-03-22 22:02:30"
},
{
"kids":[],
"uid":"3206077333",
"parent":"",
"text":"",
"mid":"zoEWa52U6",
"date":"2013-03-22 22:01:57"
},
{
"kids":[],
"uid":"1669440430",
"parent":"zoESloCk2",
"text":"这才是出中共的丑！",
"mid":"zoEW8ALnu",
"date":"2013-03-22 22:01:53"
},
{
"kids":[],
"uid":"3156991327",
"parent":"",
"text":"好伟大的母亲。你一定有天大的委屈。[围观]",
"mid":"zoEW79tod",
"date":"2013-03-22 22:01:50"
},
{
"kids":[],
"uid":"3022982215",
"parent":"zoESloCk2",
"text":"老濕你怎麼看。@袁腾飞",
"mid":"zoEW52LLf",
"date":"2013-03-22 22:01:45"
},
{
"kids":[],
"uid":"3154021804",
"parent":"zoEUkzdxd",
"text":"",
"mid":"zoEW02KXQ",
"date":"2013-03-22 22:01:33"
},
{
"kids":[],
"uid":"2412930650",
"parent":"",
"text":"出路在哪里  活路在哪里",
"mid":"zoEW02ddV",
"date":"2013-03-22 22:01:30"
},
{
"kids":[],
"uid":"1818289693",
"parent":"",
"text":"总有害群之马这个我们不否认，但是别不给老百姓留活路啊，都够能容忍的了",
"mid":"zoEVXmtUW",
"date":"2013-03-22 22:01:26"
},
{
"kids":[],
"uid":"2897646653",
"parent":"",
"text":"",
"mid":"zoEVQgYzn",
"date":"2013-03-22 22:01:07"
},
{
"kids":[],
"uid":"zhangsifeng",
"parent":"zoESloCk2",
"text":"绝望",
"mid":"zoEVP68iv",
"date":"2013-03-22 22:01:08"
},
{
"kids":[],
"uid":"3029009093",
"parent":"zoEUkzdxd",
"text":"社會之悲哀！[汗][汗]",
"mid":"zoEVKnQXV",
"date":"2013-03-22 22:00:53"
},
{
"kids":[],
"uid":"2956984061",
"parent":"zoESloCk2",
"text":"",
"mid":"zoEVEby2U",
"date":"2013-03-22 22:00:40"
},
{
"kids":[],
"uid":"525954123",
"parent":"zoESloCk2",
"text":"",
"mid":"zoEVD0Hrc",
"date":"2013-03-22 22:00:38"
},
{
"kids":[],
"uid":"3256124830",
"parent":"",
"text":"",
"mid":"zoEVBuk63",
"date":"2013-03-22 22:00:34"
},
{
"kids":[],
"uid":"2645489403",
"parent":"zoESloCk2",
"text":"",
"mid":"zoEVywZw1",
"date":"2013-03-22 22:00:28"
},
{
"kids":[],
"uid":"2825664500",
"parent":"",
"text":"[泪][怒]",
"mid":"zoEVxm98K",
"date":"2013-03-22 22:00:25"
},
{
"kids":[],
"uid":"1652102610",
"parent":"zoESloCk2",
"text":"",
"mid":"zoEVmrrjs",
"date":"2013-03-22 21:59:59"
},
{
"kids":[],
"uid":"2407159295",
"parent":"",
"text":"只转不评。",
"mid":"zoEVk3wod",
"date":"2013-03-22 21:59:50"
},
{
"kids":[],
"uid":"3062287903",
"parent":"",
"text":"这，还是人民的国家吗？",
"mid":"zoEVhpZdL",
"date":"2013-03-22 21:59:43"
},
{
"kids":[],
"uid":"2460861043",
"parent":"",
"text":"中国法律是制裁劳动者的工具。",
"mid":"zoEVgdNKG",
"date":"2013-03-22 21:59:45"
},
{
"kids":[],
"uid":"1423959565",
"parent":"zoESloCk2",
"text":"",
"mid":"zoEUXAztr",
"date":"2013-03-22 21:59:00"
},
{
"kids":[
"zoF0lc6ar"
],
"uid":"2202294627",
"parent":"zoETib8EN",
"text":"[怒骂]",
"mid":"zoEUXln9B",
"date":"2013-03-22 21:58:59"
},
{
"kids":[],
"uid":"2430025733",
"parent":"",
"text":"",
"mid":"zoEUPkdJA",
"date":"2013-03-22 21:58:39"
},
{
"kids":[
"zoF8LFysi"
],
"uid":"2725398991",
"parent":"",
"text":"",
"mid":"zoEUK0lPK",
"date":"2013-03-22 21:58:24"
},
{
"kids":[],
"uid":"nanxueruge",
"parent":"zoESloCk2",
"text":"[泪]",
"mid":"zoEUJqFI3",
"date":"2013-03-22 21:58:26"
},
{
"kids":[],
"uid":"duozi319",
"parent":"",
"text":"[吃惊]",
"mid":"zoEUIwjDh",
"date":"2013-03-22 21:58:24"
},
{
"kids":[
"zoF4sgyBM"
],
"uid":"wzcglt",
"parent":"zoESloCk2",
"text":"【20日，洛阳一名约50岁裸女站在一辆法院的车上大喊“苍天啊”，引发市民围观与。据说该女子弟弟被法院人员杀害，上诉多年，但是多部门一直推诿扯皮。无奈之下，只好出此下策。】------、点！“该有多大的绝望、有多大的冤屈才能让一个母亲不顾尊严、不顾羞耻而这样做！",
"mid":"zoEUIfOVn",
"date":"2013-03-22 21:58:23"
},
{
"kids":[],
"uid":"2686837104",
"parent":"",
"text":"",
"mid":"zoEUIeIq6",
"date":"2013-03-22 21:58:22"
},
{
"kids":[],
"uid":"2921470633",
"parent":"zoESloCk2",
"text":"",
"mid":"zoEUCBEvU",
"date":"2013-03-22 21:58:10"
},
{
"kids":[],
"uid":"2908761105",
"parent":"",
"text":"该有多大的绝望、有多大的冤屈才能让一个母亲不顾尊严、不顾羞耻而这样做！",
"mid":"zoEUyvIUt",
"date":"2013-03-22 21:57:59"
},
{
"kids":[
"zoEWEuiu5"
],
"uid":"2682231120",
"parent":"",
"text":"关注",
"mid":"zoEUs1OEL",
"date":"2013-03-22 21:57:41"
},
{
"kids":[],
"uid":"2665184217",
"parent":"",
"text":"讨法何时休？",
"mid":"zoEUn1sY5",
"date":"2013-03-22 21:57:31"
},
{
"kids":[
"zoG5IyKMt",
"zoFBacejf",
"zoFAHv3LH",
"zoFuHtROd",
"zoF0DgUxa",
"zoEZvefZ3",
"zoEW02KXQ",
"zoEVKnQXV"
],
"uid":"2107178752",
"parent":"zoESloCk2",
"text":"",
"mid":"zoEUkzdxd",
"date":"2013-03-22 21:57:28"
},
{
"kids":[],
"uid":"2811436533",
"parent":"zoESloCk2",
"text":"有一天人民没有活路了。那你们也就活到头了。",
"mid":"zoEUjrg0Z",
"date":"2013-03-22 21:57:24"
},
{
"kids":[],
"uid":"2970253980",
"parent":"",
"text":"",
"mid":"zoEUjrfZP",
"date":"2013-03-22 21:57:24"
},
{
"kids":[
"zoEZky2Pw"
],
"uid":"3182458947",
"parent":"",
"text":"司法不公，执法不力，什么时候才有所转变，法律成为儿戏，制订法律又有何用。",
"mid":"zoEUj9Et5",
"date":"2013-03-22 21:57:22"
},
{
"kids":[],
"uid":"2150635390",
"parent":"zoESloCk2",
"text":"",
"mid":"zoEUgr2KT",
"date":"2013-03-22 21:57:14"
},
{
"kids":[],
"uid":"3094312981",
"parent":"",
"text":"有多大的冤屈才能让一个母亲不顾尊严、不顾羞耻而这样做！”",
"mid":"zoEUgbo7v",
"date":"2013-03-22 21:57:16"
},
{
"kids":[],
"uid":"2586417024",
"parent":"zoESloCk2",
"text":"一个强大的国家要让他的子民有尊严的活着@杂谈五味: 这有多么绝望才会这么做啊",
"mid":"zoEUdeX28",
"date":"2013-03-22 21:57:09"
},
{
"kids":[],
"uid":"2827643395",
"parent":"zoESloCk2",
"text":"",
"mid":"zoEU45imu",
"date":"2013-03-22 21:56:46"
},
{
"kids":[],
"uid":"szwuzh",
"parent":"",
"text":"",
"mid":"zoEU1oJD0",
"date":"2013-03-22 21:56:41"
},
{
"kids":[],
"uid":"lgwoo",
"parent":"",
"text":"大天朝的父母官们！为什么不来问问呢？？？",
"mid":"zoEU0eHmR",
"date":"2013-03-22 21:56:37"
},
{
"kids":[],
"uid":"1786240675",
"parent":"",
"text":"",
"mid":"zoETYpsyk",
"date":"2013-03-22 21:56:33"
},
{
"kids":[],
"uid":"1014175332",
"parent":"",
"text":"悲",
"mid":"zoETWEV2o",
"date":"2013-03-22 21:56:29"
},
{
"kids":[],
"uid":"2362412322",
"parent":"zoESloCk2",
"text":"[吃驚]",
"mid":"zoETPiy8o",
"date":"2013-03-22 21:56:09"
},
{
"kids":[],
"uid":"1694186427",
"parent":"zoESloCk2",
"text":"",
"mid":"zoETGa7QW",
"date":"2013-03-22 21:55:50"
},
{
"kids":[],
"uid":"3147729373",
"parent":"zoESloCk2",
"text":"",
"mid":"zoETE48o3",
"date":"2013-03-22 21:55:44"
},
{
"kids":[],
"uid":"1400759370",
"parent":"zoESloCk2",
"text":"[泪]",
"mid":"zoETC02YN",
"date":"2013-03-22 21:55:37"
},
{
"kids":[],
"uid":"2381416813",
"parent":"zoESloCk2",
"text":"",
"mid":"zoETzDMuJ",
"date":"2013-03-22 21:55:33"
},
{
"kids":[],
"uid":"1868057891",
"parent":"",
"text":"",
"mid":"zoETzmb3n",
"date":"2013-03-22 21:55:34"
},
{
"kids":[],
"uid":"hapimama",
"parent":"",
"text":"",
"mid":"zoETvtKgK",
"date":"2013-03-22 21:55:25"
},
{
"kids":[],
"uid":"hainan1981",
"parent":"",
"text":"什么叫悲愤，这就是！",
"mid":"zoETt8DSw",
"date":"2013-03-22 21:55:20"
},
{
"kids":[],
"uid":"2913061500",
"parent":"",
"text":"",
"mid":"zoEToFQdd",
"date":"2013-03-22 21:55:07"
},
{
"kids":[
"zoEUXln9B"
],
"uid":"2367584293",
"parent":"zoESloCk2",
"text":"[怒骂]",
"mid":"zoETib8EN",
"date":"2013-03-22 21:54:50"
},
{
"kids":[],
"uid":"1694186427",
"parent":"",
"text":"",
"mid":"zoETgoEv3",
"date":"2013-03-22 21:54:46"
},
{
"kids":[],
"uid":"2972484077",
"parent":"zoESloCk2",
"text":"",
"mid":"zoETeD0oG",
"date":"2013-03-22 21:54:45"
},
{
"kids":[],
"uid":"1900590701",
"parent":"zoESloCk2",
"text":"悲 催的人生@杂谈五味:这有多么绝望才会这么做啊？",
"mid":"zoET6Dq2Y",
"date":"2013-03-22 21:54:23"
},
{
"kids":[],
"uid":"h2oo2",
"parent":"zoESloCk2",
"text":"",
"mid":"zoET64dxC",
"date":"2013-03-22 21:54:24"
},
{
"kids":[],
"uid":"2565877891",
"parent":"",
"text":"",
"mid":"zoET40Y2Z",
"date":"2013-03-22 21:54:15"
},
{
"kids":[],
"uid":"2091189002",
"parent":"zoESloCk2",
"text":"",
"mid":"zoET0tDui",
"date":"2013-03-22 21:54:11"
},
{
"kids":[],
"uid":"2827385775",
"parent":"zoESloCk2",
"text":"是真的吗，求辟谣啊啊！[哭]",
"mid":"zoESXuFgH",
"date":"2013-03-22 21:54:00"
},
{
"kids":[],
"uid":"2680012977",
"parent":"zoESloCk2",
"text":"转",
"mid":"zoESVaqM0",
"date":"2013-03-22 21:53:58"
},
{
"kids":[
"zoEXt1qdO"
],
"uid":"2369153015",
"parent":"zoERfoqNe",
"text":"奇景，中国特色。",
"mid":"zoESQFVl4",
"date":"2013-03-22 21:53:48"
},
{
"kids":[],
"uid":"1619767151",
"parent":"",
"text":"有说是市委书记的弟弟杀害了他儿子，求真想！",
"mid":"zoESL68M7",
"date":"2013-03-22 21:53:33"
},
{
"kids":[],
"uid":"1937274994",
"parent":"",
"text":"大家转一转，支持一下这位大妈吧",
"mid":"zoESIqpzZ",
"date":"2013-03-22 21:53:26"
},
{
"kids":[],
"uid":"1751661403",
"parent":"",
"text":"悲哀",
"mid":"zoESIbr1y",
"date":"2013-03-22 21:53:27"
},
{
"kids":[],
"uid":"2492977292",
"parent":"zoESloCk2",
"text":"",
"mid":"zoESCx57s",
"date":"2013-03-22 21:53:12"
},
{
"kids":[],
"uid":"yuqinpei",
"parent":"zoESloCk2",
"text":"",
"mid":"zoESCx4Uj",
"date":"2013-03-22 21:53:10"
},
{
"kids":[],
"uid":"xq198973",
"parent":"",
"text":"",
"mid":"zoESAqPus",
"date":"2013-03-22 21:53:06"
},
{
"kids":[],
"uid":"1049874804",
"parent":"zoESloCk2",
"text":"",
"mid":"zoESz1MyN",
"date":"2013-03-22 21:53:02"
},
{
"kids":[],
"uid":"1228566472",
"parent":"zoESloCk2",
"text":"",
"mid":"zoESwDDQ4",
"date":"2013-03-22 21:52:57"
},
{
"kids":[],
"uid":"2644642023",
"parent":"",
"text":"",
"mid":"zoESv9V7S",
"date":"2013-03-22 21:52:54"
},
{
"kids":[],
"uid":"jcxm",
"parent":"",
"text":"",
"mid":"zoESoDzuR",
"date":"2013-03-22 21:52:41"
},
{
"kids":[
"zoN4y1VE5",
"zoKqBnWPk",
"zoI7UEBHg",
"zoHXCobqo",
"zoGSA0r8h",
"zoFYS0sWF",
"zoFCj9JBg",
"zoFBseP1B",
"zoFnklZQ2",
"zoFkTE3zQ",
"zoFgWa40z",
"zoFf4zIb9",
"zoFe1AZKz",
"zoFdjy9YL",
"zoFdb1OTn",
"zoFcWsTfU",
"zoFah4q9V",
"zoFa16OiG",
"zoF7PbIbg",
"zoF7knICL",
"zoF6jvgPk",
"zoF67l6LZ",
"zoF5PkrbU",
"zoF5e6oO8",
"zoF4W4NLX",
"zoF4RFq1B",
"zoF4hyu0y",
"zoF3XsNZv",
"zoF3gCOOf",
"zoF2F7ccn",
"zoF2790BK",
"zoF1WcVy9",
"zoF1Usg45",
"zoF1JbRhY",
"zoF1Di5Ra",
"zoF08uDc6",
"zoEZtsPaV",
"zoEZb9wOp",
"zoEYphQhv",
"zoEYmhTBy",
"zoEXY3aHX",
"zoEXUv4wz",
"zoEXdlwB0",
"zoEWTyybu",
"zoEWHcRGK",
"zoEWpq2xC",
"zoEW8ALnu",
"zoEW52LLf",
"zoEVP68iv",
"zoEVEby2U",
"zoEVD0Hrc",
"zoEVywZw1",
"zoEVmrrjs",
"zoEUXAztr",
"zoEUJqFI3",
"zoEUIfOVn",
"zoEUCBEvU",
"zoEUkzdxd",
"zoEUjrg0Z",
"zoEUgr2KT",
"zoEUdeX28",
"zoEU45imu",
"zoETPiy8o",
"zoETGa7QW",
"zoETE48o3",
"zoETC02YN",
"zoETzDMuJ",
"zoETib8EN",
"zoETeD0oG",
"zoET6Dq2Y",
"zoET64dxC",
"zoET0tDui",
"zoESXuFgH",
"zoESVaqM0",
"zoESCx57s",
"zoESCx4Uj",
"zoESz1MyN",
"zoESwDDQ4"
],
"uid":"2692988203",
"parent":"",
"text":"这有多么绝望才会这么做啊？",
"mid":"zoESloCk2",
"date":"2013-03-22 21:52:30"
},
{
"kids":[],
"uid":"2872297135",
"parent":"",
"text":"",
"mid":"zoESbBlur",
"date":"2013-03-22 21:52:08"
},
{
"kids":[],
"uid":"1940669797",
"parent":"zoEPA0FQa",
"text":"",
"mid":"zoESbBlnJ",
"date":"2013-03-22 21:52:10"
},
{
"kids":[],
"uid":"2068119697",
"parent":"zoER8iVFu",
"text":"官扯蛋！",
"mid":"zoERMfJEO",
"date":"2013-03-22 21:51:08"
},
{
"kids":[],
"uid":"1307534442",
"parent":"zoENyqfM1",
"text":"国人应有的一种精神！@高新江1112: 转发微博",
"mid":"zoERt2ZMk",
"date":"2013-03-22 21:50:20"
},
{
"kids":[
"zoFbjpVfG",
"zoF9z2bic",
"zoF5uD70g",
"zoESQFVl4"
],
"uid":"210107859",
"parent":"",
"text":"",
"mid":"zoERfoqNe",
"date":"2013-03-22 21:49:50"
},
{
"kids":[
"zoVX1CpB7",
"zoEX4dTCq",
"zoERMfJEO"
],
"uid":"1763094262",
"parent":"zoENyqfM1",
"text":"",
"mid":"zoER8iVFu",
"date":"2013-03-22 21:49:33"
},
{
"kids":[],
"uid":"2291108397",
"parent":"",
"text":"转发微博。",
"mid":"zoER27usj",
"date":"2013-03-22 21:49:19"
},
{
"kids":[],
"uid":"1692589900",
"parent":"",
"text":"",
"mid":"zoEQZ9l0m",
"date":"2013-03-22 21:49:12"
},
{
"kids":[],
"uid":"1850385232",
"parent":"",
"text":"",
"mid":"zoEQMsHjl",
"date":"2013-03-22 21:48:40"
},
{
"kids":[],
"uid":"2660352287",
"parent":"",
"text":"听说北京三月下雪了，，千古冤情",
"mid":"zoEQljclx",
"date":"2013-03-22 21:47:34"
},
{
"kids":[],
"uid":"2339032874",
"parent":"",
"text":"",
"mid":"zoEQ50vDc",
"date":"2013-03-22 21:46:55"
},
{
"kids":[],
"uid":"2894508747",
"parent":"",
"text":"转发微博。",
"mid":"zoEQ19W59",
"date":"2013-03-22 21:46:49"
},
{
"kids":[],
"uid":"2201198103",
"parent":"",
"text":"[吃惊][吃惊]",
"mid":"zoEPPDjI7",
"date":"2013-03-22 21:46:22"
},
{
"kids":[
"zoESbBlnJ"
],
"uid":"2123854831",
"parent":"",
"text":"",
"mid":"zoEPA0FQa",
"date":"2013-03-22 21:45:43"
},
{
"kids":[],
"uid":"xiedeyun",
"parent":"zoENyqfM1",
"text":"",
"mid":"zoEOWpqV9",
"date":"2013-03-22 21:44:09"
},
{
"kids":[],
"uid":"3216971447",
"parent":"",
"text":"",
"mid":"zoEOFgcH6",
"date":"2013-03-22 21:43:29"
},
{
"kids":[],
"uid":"1582273305",
"parent":"",
"text":"唉，转",
"mid":"zoEOavfOA",
"date":"2013-03-22 21:42:15"
},
{
"kids":[],
"uid":"2884131301",
"parent":"",
"text":"",
"mid":"zoENzjvaE",
"date":"2013-03-22 21:40:44"
},
{
"kids":[
"zoERt2ZMk",
"zoER8iVFu",
"zoEOWpqV9"
],
"uid":"1846302841",
"parent":"",
"text":"",
"mid":"zoENyqfM1",
"date":"2013-03-22 21:40:45"
},
{
"kids":[],
"uid":"2102754744",
"parent":"",
"text":"",
"mid":"zoENvuiA8",
"date":"2013-03-22 21:40:38"
},
{
"kids":[],
"uid":"1831581072",
"parent":"",
"text":"天大的冤屈！",
"mid":"zoENolagg",
"date":"2013-03-22 21:40:22"
},
{
"kids":[],
"uid":"1413229163",
"parent":"",
"text":"再转",
"mid":"zoEMWBsx7",
"date":"2013-03-22 21:39:15"
},
{
"kids":[],
"uid":"1862748272",
"parent":"",
"text":"",
"mid":"zoEMPvUby",
"date":"2013-03-22 21:38:57"
}
]