[
{
"kids":[],
"uid":"xiguameilang",
"parent":"",
"text":"",
"mid":"AFtONjXwM",
"date":"2014-04-13 11:43:02"
},
{
"kids":[],
"uid":"lishinin",
"parent":"",
"text":"啊哈哈哈哈哈哈哈哈哈哈箱子掉了么？！",
"mid":"As4Zso0p5",
"date":"2014-01-15 08:36:42"
},
{
"kids":[],
"uid":"2316671965",
"parent":"",
"text":"",
"mid":"AojTO9QRo",
"date":"2013-12-21 15:12:46"
},
{
"kids":[],
"uid":"plutolittrell",
"parent":"",
"text":"这是真的吗？",
"mid":"AflHNjGUw",
"date":"2013-10-23 15:15:56"
},
{
"kids":[],
"uid":"plutolittrell",
"parent":"",
"text":"[汗]",
"mid":"AflH7mlzs",
"date":"2013-10-23 15:14:16"
},
{
"kids":[],
"uid":"3513008412",
"parent":"",
"text":"",
"mid":"AefJOBWwA",
"date":"2013-10-16 10:14:08"
},
{
"kids":[],
"uid":"2808792572",
"parent":"",
"text":"",
"mid":"AeakWsqgA",
"date":"2013-10-15 20:29:06"
},
{
"kids":[],
"uid":"3444271760",
"parent":"",
"text":"",
"mid":"Ae9nUcDP8",
"date":"2013-10-15 18:03:41"
},
{
"kids":[],
"uid":"1766663097",
"parent":"",
"text":"[汗]",
"mid":"yDnxFCcXl",
"date":"2012-09-24 18:35:11"
},
{
"kids":[],
"uid":"1766663097",
"parent":"",
"text":"[汗]",
"mid":"yDmZH3ZLS",
"date":"2012-09-24 17:11:28"
},
{
"kids":[],
"uid":"2802692642",
"parent":"",
"text":"",
"mid":"yDdvRnbyB",
"date":"2012-09-23 17:03:13"
},
{
"kids":[],
"uid":"1579884057",
"parent":"",
"text":"",
"mid":"yDdvR5Am7",
"date":"2012-09-23 17:03:12"
},
{
"kids":[],
"uid":"1794774350",
"parent":"",
"text":"",
"mid":"yDdm7Cfkz",
"date":"2012-09-23 16:39:15"
},
{
"kids":[],
"uid":"2299364031",
"parent":"yCXHO8v6S",
"text":"国内航 空迟早要把特服搬上航天",
"mid":"yDbebz0pm",
"date":"2012-09-23 11:14:13"
},
{
"kids":[],
"uid":"belonghwang",
"parent":"",
"text":"妈呀。。。[汗][汗][汗]",
"mid":"yD7Z2Cpwl",
"date":"2012-09-23 02:58:39"
},
{
"kids":[],
"uid":"2744680877",
"parent":"",
"text":"我的天，国外的航空公司真异类！",
"mid":"yD69hw7qu",
"date":"2012-09-22 22:18:24"
},
{
"kids":[],
"uid":"2912115891",
"parent":"",
"text":"菊花残。。。",
"mid":"yD5KuomIH",
"date":"2012-09-22 21:17:16"
},
{
"kids":[],
"uid":"1985320025",
"parent":"",
"text":"暴汗",
"mid":"yD5pzbOcb",
"date":"2012-09-22 20:25:47"
},
{
"kids":[],
"uid":"1916512564",
"parent":"",
"text":"空姐有特殊服务不•••",
"mid":"yD5mD9NDQ",
"date":"2012-09-22 20:18:32"
},
{
"kids":[],
"uid":"1950043117",
"parent":"",
"text":"……",
"mid":"yD2n9bonu",
"date":"2012-09-22 12:41:34"
},
{
"kids":[],
"uid":"2295613465",
"parent":"",
"text":"[吃惊]",
"mid":"yD1xzDIKg",
"date":"2012-09-22 10:34:29"
},
{
"kids":[],
"uid":"lyhdhfoever",
"parent":"",
"text":"[哼]",
"mid":"yD0GOxCDX",
"date":"2012-09-22 08:24:32"
},
{
"kids":[
"yDbebz0pm"
],
"uid":"2299364031",
"parent":"",
"text":"@markchen201088 哈亿思，给explain下",
"mid":"yCXHO8v6S",
"date":"2012-09-22 00:48:44"
},
{
"kids":[],
"uid":"2696352082",
"parent":"",
"text":"",
"mid":"yCWlKy8hG",
"date":"2012-09-21 21:21:39"
},
{
"kids":[],
"uid":"2113959935",
"parent":"",
"text":"转发微博。",
"mid":"yCWkQ8K7x",
"date":"2012-09-21 21:19:22"
},
{
"kids":[],
"uid":"1826958642",
"parent":"",
"text":"",
"mid":"yCWd2EcXf",
"date":"2012-09-21 21:00:12"
},
{
"kids":[],
"uid":"freshchina",
"parent":"",
"text":"这世道怎么了？",
"mid":"yCVqN8Jou",
"date":"2012-09-21 19:01:18"
},
{
"kids":[],
"uid":"2881359652",
"parent":"",
"text":"[怒]",
"mid":"yCVnZEVGB",
"date":"2012-09-21 18:54:24"
},
{
"kids":[],
"uid":"2473510815",
"parent":"",
"text":"",
"mid":"yCV7BtVRm",
"date":"2012-09-21 18:14:04"
},
{
"kids":[],
"uid":"lingelf",
"parent":"",
"text":"手滑·",
"mid":"yCV61FJXR",
"date":"2012-09-21 18:10:10"
},
{
"kids":[],
"uid":"zhufengdennis",
"parent":"yCUy6DiA7",
"text":"fuck British。。。",
"mid":"yCV1W92pY",
"date":"2012-09-21 18:00:05"
},
{
"kids":[],
"uid":"1563270043",
"parent":"",
"text":"这个要火啊@不认真先生",
"mid":"yCUVZ3zHw",
"date":"2012-09-21 17:45:24"
},
{
"kids":[],
"uid":"1931693253",
"parent":"",
"text":"节操碎了一地，我了个去",
"mid":"yCUN1fECD",
"date":"2012-09-21 17:23:19"
},
{
"kids":[],
"uid":"2761806257",
"parent":"yCUIg3Ajr",
"text":"这个.....",
"mid":"yCUMubhOe",
"date":"2012-09-21 17:21:59"
},
{
"kids":[],
"uid":"hhkuching13",
"parent":"",
"text":"[黑线]我看懂我不是好小孩",
"mid":"yCUMu9aHJ",
"date":"2012-09-21 17:22:01"
},
{
"kids":[],
"uid":"2625218765",
"parent":"yCUFFBzzq",
"text":"",
"mid":"yCULxkJVm",
"date":"2012-09-21 17:19:38"
},
{
"kids":[],
"uid":"1750532963",
"parent":"yCUFFBzzq",
"text":"我们国家什么时候能有自己的大飞机机呢[汗]",
"mid":"yCUJJnd8E",
"date":"2012-09-21 17:15:13"
},
{
"kids":[],
"uid":"pekingym",
"parent":"",
"text":"太有爱了",
"mid":"yCUJ9zscm",
"date":"2012-09-21 17:13:49"
},
{
"kids":[],
"uid":"2165313452",
"parent":"",
"text":"2333333333333",
"mid":"yCUIhw2dz",
"date":"2012-09-21 17:11:40"
},
{
"kids":[
"yCUMubhOe"
],
"uid":"1789413653",
"parent":"",
"text":"[黑线]",
"mid":"yCUIg3Ajr",
"date":"2012-09-21 17:11:36"
},
{
"kids":[],
"uid":"1586293231",
"parent":"",
"text":"说好的节操呢",
"mid":"yCUHi2gHt",
"date":"2012-09-21 17:09:11"
},
{
"kids":[],
"uid":"2623081175",
"parent":"",
"text":"@客走他乡的苦逼",
"mid":"yCUGK5Q1I",
"date":"2012-09-21 17:07:52"
},
{
"kids":[],
"uid":"2018594503",
"parent":"",
"text":"Oh,NO!爱尔兰瑞安航空公司今天公布的新LOGO，节操掉了一地... [吃惊]",
"mid":"yCUGBdOJq",
"date":"2012-09-21 17:07:31"
},
{
"kids":[],
"uid":"99samalikujiang",
"parent":"",
"text":"@尚小猫Kann 我觉得你会比较感兴趣~",
"mid":"yCUG8zkzn",
"date":"2012-09-21 17:06:23"
},
{
"kids":[],
"uid":"sgy19821107",
"parent":"",
"text":"",
"mid":"yCUG6skUY",
"date":"2012-09-21 17:06:19"
},
{
"kids":[],
"uid":"liangyan0927",
"parent":"",
"text":"节操飞天上下不来了。。",
"mid":"yCUFH4zXh",
"date":"2012-09-21 17:05:17"
},
{
"kids":[
"yCULxkJVm",
"yCUJJnd8E"
],
"uid":"1987talent",
"parent":"yCUz1n1kD",
"text":"你问我干嘛我是出了名的洁身自好一身正气，完全看不懂啊",
"mid":"yCUFFBzzq",
"date":"2012-09-21 17:05:14"
},
{
"kids":[],
"uid":"1915403007",
"parent":"",
"text":"。。。",
"mid":"yCUE4AI9U",
"date":"2012-09-21 17:01:18"
},
{
"kids":[],
"uid":"208284843",
"parent":"",
"text":"[哈哈]",
"mid":"yCUDA97Ag",
"date":"2012-09-21 17:00:05"
},
{
"kids":[],
"uid":"2376095460",
"parent":"",
"text":"没法捡了！",
"mid":"yCUDb4oH0",
"date":"2012-09-21 16:59:05"
},
{
"kids":[],
"uid":"2104459344",
"parent":"",
"text":"[嘻嘻]你喜欢的菜@请叫我朱惢惢",
"mid":"yCUDa9HSs",
"date":"2012-09-21 16:59:03"
},
{
"kids":[],
"uid":"niki1012",
"parent":"yCUC9uIaM",
"text":"",
"mid":"yCUCD6Veh",
"date":"2012-09-21 16:57:40"
},
{
"kids":[],
"uid":"2041280415",
"parent":"",
"text":"",
"mid":"yCUCv89e8",
"date":"2012-09-21 16:57:25"
},
{
"kids":[],
"uid":"2318661252",
"parent":"",
"text":"节操何在",
"mid":"yCUCqFUWf",
"date":"2012-09-21 16:57:15"
},
{
"kids":[],
"uid":"1975629661",
"parent":"",
"text":"求团购！！！[哈哈]",
"mid":"yCUCl5h8p",
"date":"2012-09-21 16:57:01"
},
{
"kids":[
"yCUCD6Veh"
],
"uid":"franciscazzn",
"parent":"yCUytFCwQ",
"text":"",
"mid":"yCUC9uIaM",
"date":"2012-09-21 16:56:34"
},
{
"kids":[],
"uid":"1826462897",
"parent":"",
"text":"爱尔兰瑞安航空公司今天公布的新LOGO，节操掉了一地……",
"mid":"yCUAJutgk",
"date":"2012-09-21 16:53:03"
},
{
"kids":[],
"uid":"618638311",
"parent":"yCUrn6gC2",
"text":"回复@Jms-H-掌柜:虽然搜微博能看到带着英文说明的截图，但是去google一搜就知道了，最早是出自于一个ihateryanair.org的网站，应该是不满该公司的人员恶搞的，而且当时是2010年。",
"mid":"yCUAAyhED",
"date":"2012-09-21 16:52:42"
},
{
"kids":[],
"uid":"qianqian5828",
"parent":"",
"text":"这logo",
"mid":"yCUAtsNkv",
"date":"2012-09-21 16:52:26"
},
{
"kids":[],
"uid":"2258987040",
"parent":"",
"text":"碎了一地的节操啊",
"mid":"yCUA8gkqM",
"date":"2012-09-21 16:51:36"
},
{
"kids":[],
"uid":"1914571585",
"parent":"",
"text":"邪恶了！！[害羞][害羞]",
"mid":"yCUA18M2l",
"date":"2012-09-21 16:51:18"
},
{
"kids":[],
"uid":"dariada",
"parent":"",
"text":"[害羞]",
"mid":"yCUzZmi95",
"date":"2012-09-21 16:51:14"
},
{
"kids":[],
"uid":"1420309591",
"parent":"",
"text":"[衰][衰][衰]",
"mid":"yCUzXghiP",
"date":"2012-09-21 16:51:09"
},
{
"kids":[],
"uid":"1627493487",
"parent":"",
"text":"节操掉了一地…",
"mid":"yCUzWoY1z",
"date":"2012-09-21 16:51:06"
},
{
"kids":[],
"uid":"hellace",
"parent":"",
"text":"",
"mid":"yCUzdcju1",
"date":"2012-09-21 16:49:19"
},
{
"kids":[],
"uid":"lesliezou",
"parent":"",
"text":"节操啊",
"mid":"yCUz8cBSz",
"date":"2012-09-21 16:49:08"
},
{
"kids":[
"yCUFFBzzq"
],
"uid":"raymii",
"parent":"yCUypA0jw",
"text":"是呢~[哈哈]好难懂啊，看不明白~@乌卡卡87 @1987talent @会魔法的骑士",
"mid":"yCUz1n1kD",
"date":"2012-09-21 16:48:49"
},
{
"kids":[],
"uid":"1751469851",
"parent":"",
"text":"这个的LOGO的寓意是神马。。。",
"mid":"yCUyAew7Z",
"date":"2012-09-21 16:47:44"
},
{
"kids":[
"yCUC9uIaM"
],
"uid":"208088613",
"parent":"",
"text":"",
"mid":"yCUytFCwQ",
"date":"2012-09-21 16:47:28"
},
{
"kids":[
"yCUz1n1kD"
],
"uid":"1887394314",
"parent":"yCUtm2Tch",
"text":"会不会是我们太邪恶呢？我们应该思想很正派的呀！",
"mid":"yCUypA0jw",
"date":"2012-09-21 16:47:21"
},
{
"kids":[],
"uid":"1948795491",
"parent":"",
"text":"",
"mid":"yCUym0748",
"date":"2012-09-21 16:47:12"
},
{
"kids":[
"yCV1W92pY"
],
"uid":"1924691902",
"parent":"",
"text":"求解释。。。",
"mid":"yCUy6DiA7",
"date":"2012-09-21 16:46:35"
},
{
"kids":[],
"uid":"2653654491",
"parent":"",
"text":"",
"mid":"yCUy3nKwP",
"date":"2012-09-21 16:46:28"
},
{
"kids":[],
"uid":"yasa084",
"parent":"",
"text":"",
"mid":"yCUy124fm",
"date":"2012-09-21 16:46:22"
},
{
"kids":[],
"uid":"1970900407",
"parent":"yCUvvkD1p",
"text":"[吃惊]",
"mid":"yCUxV9MMl",
"date":"2012-09-21 16:46:08"
},
{
"kids":[],
"uid":"1932770203",
"parent":"yCUx84cDx",
"text":"[偷笑]@夜空飞行ty @monga-memoir",
"mid":"yCUxEgIIy",
"date":"2012-09-21 16:45:28"
},
{
"kids":[],
"uid":"daguali",
"parent":"",
"text":"节操掉了一浴缸",
"mid":"yCUxj2oB7",
"date":"2012-09-21 16:44:36"
},
{
"kids":[
"yCUxEgIIy"
],
"uid":"1750345317",
"parent":"",
"text":"cool",
"mid":"yCUx84cDx",
"date":"2012-09-21 16:44:11"
},
{
"kids":[
"yCUxV9MMl"
],
"uid":"2305129083",
"parent":"",
"text":"",
"mid":"yCUvvkD1p",
"date":"2012-09-21 16:40:11"
},
{
"kids":[],
"uid":"2529328464",
"parent":"",
"text":"",
"mid":"yCUvjcUxg",
"date":"2012-09-21 16:39:42"
},
{
"kids":[],
"uid":"pangjiangjj",
"parent":"",
"text":"",
"mid":"yCUvi2OBZ",
"date":"2012-09-21 16:39:39"
},
{
"kids":[],
"uid":"1798115123",
"parent":"",
"text":"",
"mid":"yCUtAxlk4",
"date":"2012-09-21 16:35:28"
},
{
"kids":[
"yCUypA0jw"
],
"uid":"raymii",
"parent":"yCUsTDIE4",
"text":"我实在想不出这个图能有另外的什么意思。。",
"mid":"yCUtm2Tch",
"date":"2012-09-21 16:34:52"
},
{
"kids":[],
"uid":"1408049545",
"parent":"",
"text":"搞机啊。",
"mid":"yCUthj5gK",
"date":"2012-09-21 16:34:39"
},
{
"kids":[],
"uid":"2087136312",
"parent":"",
"text":"我更想知道他原本是想表达什么的。。。。。。[嘻嘻]",
"mid":"yCUtaexOx",
"date":"2012-09-21 16:34:23"
},
{
"kids":[
"yCUtm2Tch"
],
"uid":"1887394314",
"parent":"yCUmpsTIt",
"text":"@tation_挺顺 这个牛B",
"mid":"yCUsTDIE4",
"date":"2012-09-21 16:33:46"
},
{
"kids":[],
"uid":"1489896342",
"parent":"",
"text":"[鼓掌]",
"mid":"yCUsJjjil",
"date":"2012-09-21 16:33:21"
},
{
"kids":[],
"uid":"1221424752",
"parent":"",
"text":"卧槽",
"mid":"yCUrzgcxs",
"date":"2012-09-21 16:30:26"
},
{
"kids":[],
"uid":"2378253313",
"parent":"",
"text":"好LOGO",
"mid":"yCUrw1gaT",
"date":"2012-09-21 16:30:21"
},
{
"kids":[
"yCUAAyhED"
],
"uid":"618638311",
"parent":"",
"text":"刚去瑞安航空的官网看了下，没有发现新Logo，也没有看到相关新闻，网址前面的ICON也还是原图……",
"mid":"yCUrn6gC2",
"date":"2012-09-21 16:29:59"
},
{
"kids":[],
"uid":"2439277045",
"parent":"",
"text":"",
"mid":"yCUr4cg2F",
"date":"2012-09-21 16:29:15"
},
{
"kids":[],
"uid":"whisper1018",
"parent":"",
"text":"[汗]",
"mid":"yCUpEpvdq",
"date":"2012-09-21 16:25:44"
},
{
"kids":[],
"uid":"334974741",
"parent":"",
"text":"这个可以有。",
"mid":"yCUpwcAmF",
"date":"2012-09-21 16:25:26"
},
{
"kids":[],
"uid":"1936003254",
"parent":"",
"text":"你看到什么了吗？[汗]",
"mid":"yCUpm8Sip",
"date":"2012-09-21 16:25:02"
},
{
"kids":[],
"uid":"1730686354",
"parent":"",
"text":"",
"mid":"yCUp5xgXm",
"date":"2012-09-21 16:24:21"
},
{
"kids":[],
"uid":"2blamian",
"parent":"",
"text":"",
"mid":"yCUoRDTSJ",
"date":"2012-09-21 16:23:50"
},
{
"kids":[],
"uid":"AkakoWee",
"parent":"",
"text":"“ 一个俯下身子的天使 之所以有两个人是为 了表达俯下来这个动态的动作 天使拿走你的行李表示会给你安全送到 一 路有天使陪伴 安心而舒适 也预示了如天使 般的空航人员服务 加上竖琴般的翅膀表现 出文艺而复古的感觉 无疑是艺术价值很高的一个图案 ”有人这样解释",
"mid":"yCUoDw1Pc",
"date":"2012-09-21 16:23:15"
},
{
"kids":[],
"uid":"1852594673",
"parent":"",
"text":"",
"mid":"yCUnToTrm",
"date":"2012-09-21 16:21:27"
},
{
"kids":[],
"uid":"TamashiHei",
"parent":"",
"text":"",
"mid":"yCUnQtEKY",
"date":"2012-09-21 16:21:19"
},
{
"kids":[],
"uid":"serena8686",
"parent":"",
"text":"噗！！！！",
"mid":"yCUnIdhmv",
"date":"2012-09-21 16:20:59"
},
{
"kids":[],
"uid":"mimiyako",
"parent":"",
"text":"。。。哈哈哈哈哈哈哈",
"mid":"yCUnxgiJP",
"date":"2012-09-21 16:20:34"
},
{
"kids":[],
"uid":"wazgs",
"parent":"",
"text":"要不要这么邪恶啊",
"mid":"yCUntqAbd",
"date":"2012-09-21 16:20:22"
},
{
"kids":[
"yCUsTDIE4"
],
"uid":"raymii",
"parent":"yCUmd7KLH",
"text":"厄。。。。。",
"mid":"yCUmpsTIt",
"date":"2012-09-21 16:17:46"
},
{
"kids":[
"yCUmpsTIt"
],
"uid":"2213070772",
"parent":"",
"text":"",
"mid":"yCUmd7KLH",
"date":"2012-09-21 16:17:16"
},
{
"kids":[],
"uid":"1823830271",
"parent":"",
"text":"",
"mid":"yCUjE6Dv1",
"date":"2012-09-21 16:10:58"
},
{
"kids":[],
"uid":"2043779605",
"parent":"",
"text":"[酷]",
"mid":"yCUjeqqlp",
"date":"2012-09-21 16:09:57"
},
{
"kids":[],
"uid":"kazumasa",
"parent":"",
"text":"愛爾蘭航空原來是這樣的[偷笑]",
"mid":"yCUcTrhOh",
"date":"2012-09-21 15:54:19"
},
{
"kids":[],
"uid":"2143971310",
"parent":"",
"text":"到处都是基友",
"mid":"yCU6sc55K",
"date":"2012-09-21 15:38:28"
},
{
"kids":[],
"uid":"2187997582",
"parent":"",
"text":"掉了一地~~~~~~~~",
"mid":"yCU3qAeDh",
"date":"2012-09-21 15:31:02"
},
{
"kids":[],
"uid":"socutecat",
"parent":"",
"text":"转发微博。",
"mid":"yCTVWCMDm",
"date":"2012-09-21 15:12:35"
},
{
"kids":[],
"uid":"208085271",
"parent":"yCTRngzdn",
"text":"[带感]",
"mid":"yCTUUc6Pg",
"date":"2012-09-21 15:10:01"
},
{
"kids":[
"yCTUUc6Pg"
],
"uid":"1746507812",
"parent":"yCTL5cE7F",
"text":"[阴险]",
"mid":"yCTRngzdn",
"date":"2012-09-21 15:01:18"
},
{
"kids":[],
"uid":"2669940784",
"parent":"yCTE5s42R",
"text":"。。。。。。。。。这木节操了咩？。。。。@Crazy严 @梦梦lovext @目前對自己智商很捉急的瞳君",
"mid":"yCTMttLSd",
"date":"2012-09-21 14:49:13"
},
{
"kids":[],
"uid":"2048956340",
"parent":"yCTHf43IV",
"text":"",
"mid":"yCTMlflcG",
"date":"2012-09-21 14:48:54"
},
{
"kids":[],
"uid":"jiushizhangdeshuai",
"parent":"",
"text":"这…难道真的没有看错？这完全没有节操吧",
"mid":"yCTLr5XnE",
"date":"2012-09-21 14:46:41"
},
{
"kids":[
"yCTRngzdn"
],
"uid":"80moyugutou",
"parent":"",
"text":"哈哈'围观'[威武][威武][威武]",
"mid":"yCTL5cE7F",
"date":"2012-09-21 14:45:47"
},
{
"kids":[],
"uid":"2812290442",
"parent":"yCTEuwau2",
"text":"哈哈哈好邪恶",
"mid":"yCTJ3kXTR",
"date":"2012-09-21 14:40:48"
},
{
"kids":[],
"uid":"qibeier",
"parent":"",
"text":"哪个脑残设计师？",
"mid":"yCTI54SwX",
"date":"2012-09-21 14:38:25"
},
{
"kids":[],
"uid":"1577975994",
"parent":"",
"text":"@穷游网",
"mid":"yCTHCFlu6",
"date":"2012-09-21 14:37:19"
},
{
"kids":[
"yCTMlflcG"
],
"uid":"sanctumofgary",
"parent":"",
"text":"",
"mid":"yCTHf43IV",
"date":"2012-09-21 14:36:20"
},
{
"kids":[],
"uid":"1904813587",
"parent":"",
"text":"不能这样呀！都不敢坐啊",
"mid":"yCTHdyjWo",
"date":"2012-09-21 14:36:17"
},
{
"kids":[],
"uid":"beautyuan520",
"parent":"",
"text":"",
"mid":"yCTH19PnP",
"date":"2012-09-21 14:35:48"
},
{
"kids":[],
"uid":"lub222",
"parent":"",
"text":"[囧]",
"mid":"yCTGOs0JD",
"date":"2012-09-21 14:35:18"
},
{
"kids":[],
"uid":"2021277337",
"parent":"",
"text":"[酷]",
"mid":"yCTFQu15d",
"date":"2012-09-21 14:32:55"
},
{
"kids":[],
"uid":"1803871711",
"parent":"",
"text":"这也太搞了吧",
"mid":"yCTEKv9Ia",
"date":"2012-09-21 14:30:12"
},
{
"kids":[],
"uid":"1907441477",
"parent":"",
"text":"@wutong74",
"mid":"yCTEA9DK5",
"date":"2012-09-21 14:29:47"
},
{
"kids":[
"yCTJ3kXTR"
],
"uid":"2903280953",
"parent":"",
"text":"",
"mid":"yCTEuwau2",
"date":"2012-09-21 14:29:34"
},
{
"kids":[],
"uid":"2056483682",
"parent":"",
"text":"",
"mid":"yCTE7c3c7",
"date":"2012-09-21 14:28:39"
},
{
"kids":[
"yCTMttLSd"
],
"uid":"1869997555",
"parent":"",
"text":"",
"mid":"yCTE5s42R",
"date":"2012-09-21 14:28:34"
},
{
"kids":[],
"uid":"hjie810smile",
"parent":"",
"text":"我了个擦！",
"mid":"yCTDefSdH",
"date":"2012-09-21 14:26:27"
},
{
"kids":[],
"uid":"fakeit",
"parent":"",
"text":"@超REN同学爱高跟鞋 @丘小君A @小乌鸦求爱姐身体健康",
"mid":"yCTCSpibW",
"date":"2012-09-21 14:25:36"
},
{
"kids":[],
"uid":"2554763680",
"parent":"",
"text":"好吧，你贏了[酷]",
"mid":"yCTCNnRzu",
"date":"2012-09-21 14:25:24"
},
{
"kids":[],
"uid":"popo229",
"parent":"",
"text":"[汗]",
"mid":"yCTCN4CiI",
"date":"2012-09-21 14:25:23"
},
{
"kids":[],
"uid":"vampireduke",
"parent":"yCTBZpk7g",
"text":"不是已经辟谣了吗，原po你什么意思",
"mid":"yCTCjuWMW",
"date":"2012-09-21 14:24:12"
},
{
"kids":[],
"uid":"317778577",
"parent":"",
"text":"",
"mid":"yCTC6dddS",
"date":"2012-09-21 14:23:41"
},
{
"kids":[
"yCTCjuWMW"
],
"uid":"abyssevil",
"parent":"",
"text":"=- =",
"mid":"yCTBZpk7g",
"date":"2012-09-21 14:23:26"
},
{
"kids":[],
"uid":"nnitt",
"parent":"",
"text":"无节操可言的。。。",
"mid":"yCTBPmvRL",
"date":"2012-09-21 14:23:01"
},
{
"kids":[],
"uid":"byjill",
"parent":"",
"text":"",
"mid":"yCTBHoWqV",
"date":"2012-09-21 14:22:42"
}
]