[
{
"kids":[],
"uid":"frankrobo",
"parent":"",
"text":"",
"mid":"zrebS7nck",
"date":"2013-04-08 19:27:24"
},
{
"kids":[],
"uid":"3091719465",
"parent":"zr953h8b3",
"text":"",
"mid":"zr9YQfa8s",
"date":"2013-04-08 08:44:19"
},
{
"kids":[
"zr9YQfa8s"
],
"uid":"1304071184",
"parent":"",
"text":"",
"mid":"zr953h8b3",
"date":"2013-04-08 06:26:52"
},
{
"kids":[],
"uid":"1059580132",
"parent":"",
"text":"难怪的。",
"mid":"zr7PxDDm0",
"date":"2013-04-08 03:15:54"
},
{
"kids":[],
"uid":"3163794374",
"parent":"zqKuf0xQN",
"text":"回复@太子病的小刺猬:哦，知道了，人家不懂嘛……[呵呵]",
"mid":"zr0mehFeg",
"date":"2013-04-07 08:14:27"
},
{
"kids":[],
"uid":"1777934370",
"parent":"zqKpOarsl",
"text":"",
"mid":"zqZ1QFFdG",
"date":"2013-04-07 04:51:31"
},
{
"kids":[],
"uid":"2920430104",
"parent":"zqKpOarsl",
"text":"",
"mid":"zqZ1QF4WP",
"date":"2013-04-07 04:51:30"
},
{
"kids":[],
"uid":"2919680370",
"parent":"zqLrTD1lG",
"text":"",
"mid":"zqXycmEA6",
"date":"2013-04-07 01:05:42"
},
{
"kids":[],
"uid":"2609228357",
"parent":"",
"text":"",
"mid":"zqVdieMYt",
"date":"2013-04-06 19:08:42"
},
{
"kids":[],
"uid":"2614174157",
"parent":"",
"text":"",
"mid":"zqU9s1YQi",
"date":"2013-04-06 16:26:30"
},
{
"kids":[],
"uid":"1407035284",
"parent":"zqKuAgo5o",
"text":"",
"mid":"zqTVZz9ig",
"date":"2013-04-06 15:53:22"
},
{
"kids":[],
"uid":"1832385097",
"parent":"zqKxXuyG9",
"text":"",
"mid":"zqTcxrbnS",
"date":"2013-04-06 14:01:22"
},
{
"kids":[],
"uid":"2130717307",
"parent":"",
"text":"海带，大海带，板蓝根...[哈哈]",
"mid":"zqShxEuxU",
"date":"2013-04-06 11:40:55"
},
{
"kids":[],
"uid":"2398221002",
"parent":"zqNkV9Jek",
"text":"",
"mid":"zqSb5izTh",
"date":"2013-04-06 11:25:02"
},
{
"kids":[],
"uid":"3122551833",
"parent":"",
"text":"",
"mid":"zqREV0PNY",
"date":"2013-04-06 10:05:45"
},
{
"kids":[],
"uid":"2937240655",
"parent":"zqLUBnJBr",
"text":"",
"mid":"zqQQifh3A",
"date":"2013-04-06 08:01:04"
},
{
"kids":[],
"uid":"yayahobo",
"parent":"zqQuXDXHk",
"text":"",
"mid":"zqQCtnE52",
"date":"2013-04-06 07:27:00"
},
{
"kids":[],
"uid":"2057100753",
"parent":"zqQuXDXHk",
"text":"",
"mid":"zqQx3ljlm",
"date":"2013-04-06 07:13:39"
},
{
"kids":[
"zqQCtnE52",
"zqQx3ljlm"
],
"uid":"234519699",
"parent":"",
"text":"",
"mid":"zqQuXDXHk",
"date":"2013-04-06 07:08:30"
},
{
"kids":[],
"uid":"2709048780",
"parent":"",
"text":"",
"mid":"zqQ4qk8sP",
"date":"2013-04-06 06:03:08"
},
{
"kids":[],
"uid":"2789898582",
"parent":"zqKpOarsl",
"text":"",
"mid":"zqPOCaSP3",
"date":"2013-04-06 05:24:10"
},
{
"kids":[],
"uid":"xiapusmallboy",
"parent":"",
"text":"回复@DS显摆:这样啊！但是病死的会拿去做吗？",
"mid":"zqP2Lt4dE",
"date":"2013-04-06 03:26:17"
},
{
"kids":[],
"uid":"2310571000",
"parent":"zqOutmAuN",
"text":"",
"mid":"zqOFG7JJv",
"date":"2013-04-06 02:29:25"
},
{
"kids":[],
"uid":"3056814733",
"parent":"zqOutmAuN",
"text":"？？？？",
"mid":"zqOxhsKvK",
"date":"2013-04-06 02:08:43"
},
{
"kids":[
"zqOFG7JJv",
"zqOxhsKvK"
],
"uid":"2742356994",
"parent":"",
"text":"",
"mid":"zqOutmAuN",
"date":"2013-04-06 02:01:48"
},
{
"kids":[],
"uid":"2171272601",
"parent":"",
"text":"",
"mid":"zqOqK3KTZ",
"date":"2013-04-06 01:52:37"
},
{
"kids":[],
"uid":"1821682807",
"parent":"zqKwVCyZc",
"text":"[吃惊][吃惊][吃惊][吃惊][吃惊][吃惊][吃惊][吃惊]",
"mid":"zqNUV45Di",
"date":"2013-04-06 00:34:13"
},
{
"kids":[],
"uid":"2811992364",
"parent":"zqKuAgo5o",
"text":"",
"mid":"zqNSj7UHF",
"date":"2013-04-06 00:27:44"
},
{
"kids":[],
"uid":"guangruth",
"parent":"",
"text":"",
"mid":"zqNQ0Etpj",
"date":"2013-04-06 00:22:05"
},
{
"kids":[],
"uid":"1497346127",
"parent":"",
"text":"",
"mid":"zqNKKtu6R",
"date":"2013-04-06 00:09:07"
},
{
"kids":[],
"uid":"51hypnosis",
"parent":"",
"text":"",
"mid":"zqNKD5pce",
"date":"2013-04-06 00:08:52"
},
{
"kids":[],
"uid":"2644176612",
"parent":"",
"text":"",
"mid":"zqNH6odr7",
"date":"2013-04-06 00:00:11"
},
{
"kids":[],
"uid":"2688102184",
"parent":"zqKuAgo5o",
"text":"",
"mid":"zqNGj5WGj",
"date":"2013-04-05 23:58:13"
},
{
"kids":[],
"uid":"2244095241",
"parent":"zqLUBnJBr",
"text":"",
"mid":"zqNCP39KP",
"date":"2013-04-05 23:49:37"
},
{
"kids":[],
"uid":"yhd229771265",
"parent":"zqKIglZoN",
"text":"",
"mid":"zqNB9A78e",
"date":"2013-04-05 23:45:33"
},
{
"kids":[],
"uid":"yadongzhong",
"parent":"",
"text":"为啥公的变饲料呢",
"mid":"zqNyNmuNw",
"date":"2013-04-05 23:39:43"
},
{
"kids":[],
"uid":"sheismysin99",
"parent":"",
"text":"",
"mid":"zqNyNlsoQ",
"date":"2013-04-05 23:39:41"
},
{
"kids":[],
"uid":"ronaldojacky",
"parent":"zqNkV9Jek",
"text":"那就请专家解释一下吧。",
"mid":"zqNpgn6qE",
"date":"2013-04-05 23:16:13"
},
{
"kids":[],
"uid":"zhoucuiyu",
"parent":"",
"text":"哎！",
"mid":"zqNmc58zj",
"date":"2013-04-05 23:08:37"
},
{
"kids":[],
"uid":"liangyi1984",
"parent":"zqM3a7fyW",
"text":"",
"mid":"zqNlYv97o",
"date":"2013-04-05 23:08:07"
},
{
"kids":[],
"uid":"0206truetrue",
"parent":"zqLhndCkc",
"text":"",
"mid":"zqNlSxvR9",
"date":"2013-04-05 23:07:51"
},
{
"kids":[
"zqSb5izTh",
"zqNpgn6qE"
],
"uid":"snowindgy",
"parent":"",
"text":"TM你们家“资本主义国家”是用漂到河里病死的猪肉当饲料是吧？",
"mid":"zqNkV9Jek",
"date":"2013-04-05 23:05:32"
},
{
"kids":[],
"uid":"2187842373",
"parent":"zqMd4qeSc",
"text":"",
"mid":"zqNkPf4dd",
"date":"2013-04-05 23:05:17"
},
{
"kids":[],
"uid":"109281230",
"parent":"zqN5klM5o",
"text":"回复@DS显摆:我靠！现在动不动就搞人身攻击真是够了！转个微博就引来这种易怒人士'你们都吃耗子药了么？",
"mid":"zqNehyxYf",
"date":"2013-04-05 22:49:11"
},
{
"kids":[],
"uid":"61162782",
"parent":"",
"text":"唉…让你留意到家长",
"mid":"zqNdB2EIX",
"date":"2013-04-05 22:47:27"
},
{
"kids":[],
"uid":"3281874081",
"parent":"",
"text":"脑子不转",
"mid":"zqNcWcixf",
"date":"2013-04-05 22:45:52"
},
{
"kids":[],
"uid":"1653573923",
"parent":"",
"text":"",
"mid":"zqNb8wbNr",
"date":"2013-04-05 22:41:26"
},
{
"kids":[
"zqNehyxYf"
],
"uid":"109281230",
"parent":"zqN4tp2Lf",
"text":"不是说上海扑杀禽类么？",
"mid":"zqN5klM5o",
"date":"2013-04-05 22:27:07"
},
{
"kids":[
"zqN5klM5o"
],
"uid":"snowindgy",
"parent":"zqN3G46pr",
"text":"总觉得这次禽流感和之前漂死猪有某种联系",
"mid":"zqN4tp2Lf",
"date":"2013-04-05 22:24:58"
},
{
"kids":[],
"uid":"3291057935",
"parent":"",
"text":"",
"mid":"zqN3SehlR",
"date":"2013-04-05 22:23:31"
},
{
"kids":[
"zqN4tp2Lf"
],
"uid":"1422932970",
"parent":"zqMd4qeSc",
"text":"没有接触过素食的人，也许不会知道自己吃的动物尸体，它们吃的饲料都是怎么来的吧？不仅是死尸，还有动物生下来的子女，马上被择出性别，公的粉碎成饲料。",
"mid":"zqN3G46pr",
"date":"2013-04-05 22:23:00"
},
{
"kids":[],
"uid":"thanatosandhypnos",
"parent":"zqM9T5zr1",
"text":"[圍觀]",
"mid":"zqMYirMdK",
"date":"2013-04-05 22:09:48"
},
{
"kids":[],
"uid":"utopia01",
"parent":"",
"text":"",
"mid":"zqMVkmvNo",
"date":"2013-04-05 22:02:29"
},
{
"kids":[],
"uid":"52149988",
"parent":"zqKuAgo5o",
"text":"@花栗米妮 @李承鹏: 作为一个文科傻蛋基本想不通这些问题：黄浦江的死猪和现在的禽流感有没有关系？为何目前病发主要集中在死猪的流域？死猪被当成饲料喂给鸡鸭是怎样的证据链？算了，在政府都不知道原因的情况下，我还是去思考板蓝根和张召忠吧。",
"mid":"zqMUvwHge",
"date":"2013-04-05 22:00:25"
},
{
"kids":[],
"uid":"xiaodong99",
"parent":"zqM3a7fyW",
"text":"找到根源了",
"mid":"zqMUiwx0k",
"date":"2013-04-05 21:59:57"
},
{
"kids":[],
"uid":"1737494624",
"parent":"zqMH6kqKd",
"text":"",
"mid":"zqMUdf1z5",
"date":"2013-04-05 21:59:44"
},
{
"kids":[],
"uid":"1366961073",
"parent":"",
"text":"",
"mid":"zqMSrjRQo",
"date":"2013-04-05 21:55:21"
},
{
"kids":[],
"uid":"2399415277",
"parent":"zqKUqa1zd",
"text":"@Amusedriver: 板蓝根！[偷笑]",
"mid":"zqMQGhsmt",
"date":"2013-04-05 21:50:58"
},
{
"kids":[],
"uid":"shaliwa0625",
"parent":"zqMkptwYq",
"text":"",
"mid":"zqMPdxVgs",
"date":"2013-04-05 21:47:25"
},
{
"kids":[],
"uid":"1667528643",
"parent":"zqML3zT0Q",
"text":"",
"mid":"zqMNFdhBK",
"date":"2013-04-05 21:43:36"
},
{
"kids":[],
"uid":"1774319575",
"parent":"",
"text":"[衰]",
"mid":"zqMMOjnTo",
"date":"2013-04-05 21:41:27"
},
{
"kids":[],
"uid":"1429986215",
"parent":"",
"text":"",
"mid":"zqMLtCOgd",
"date":"2013-04-05 21:38:10"
},
{
"kids":[],
"uid":"1940629193",
"parent":"zqLUBnJBr",
"text":"@李承鹏: 作为一个文科傻蛋基本想不通这些问题：黄浦江的死猪和现在的禽流感有没有关系？为何目前病发主要集中在死猪的流域？死猪被当成饲料喂给鸡鸭是怎样的证据链？算了，在政府都不知道原因的情况下，我还是去思考板蓝根和张召忠吧。",
"mid":"zqMLeemlH",
"date":"2013-04-05 21:37:37"
},
{
"kids":[
"zqMNFdhBK"
],
"uid":"2370202937",
"parent":"",
"text":"",
"mid":"zqML3zT0Q",
"date":"2013-04-05 21:37:08"
},
{
"kids":[],
"uid":"1219538603",
"parent":"",
"text":"",
"mid":"zqMKWcMJ0",
"date":"2013-04-05 21:36:53"
},
{
"kids":[],
"uid":"1821220253",
"parent":"zqLUBnJBr",
"text":"",
"mid":"zqMI7ftSk",
"date":"2013-04-05 21:29:54"
},
{
"kids":[],
"uid":"norman79",
"parent":"",
"text":"",
"mid":"zqMI5sZF0",
"date":"2013-04-05 21:29:50"
},
{
"kids":[
"zqMUdf1z5"
],
"uid":"1723838942",
"parent":"zqMkptwYq",
"text":"微博被删除了",
"mid":"zqMH6kqKd",
"date":"2013-04-05 21:27:26"
},
{
"kids":[],
"uid":"2155248604",
"parent":"",
"text":"",
"mid":"zqMH1AClm",
"date":"2013-04-05 21:27:12"
},
{
"kids":[],
"uid":"1957402980",
"parent":"zqMhxD0me",
"text":"吃素吧好歹农药想起来不那么恶心",
"mid":"zqMCKeTS9",
"date":"2013-04-05 21:16:43"
},
{
"kids":[],
"uid":"2514649702",
"parent":"zqLUBnJBr",
"text":"",
"mid":"zqMCjFNJo",
"date":"2013-04-05 21:15:36"
},
{
"kids":[],
"uid":"2786793484",
"parent":"",
"text":"日",
"mid":"zqMChhfuS",
"date":"2013-04-05 21:15:33"
},
{
"kids":[],
"uid":"1884167161",
"parent":"zqMmNvA8J",
"text":"[怒][怒][怒][怒]",
"mid":"zqMBzwX2X",
"date":"2013-04-05 21:13:50"
},
{
"kids":[],
"uid":"2137109877",
"parent":"",
"text":"不会吧，吃了周黑鸭，应该是安全的吧！",
"mid":"zqMAS6Hhs",
"date":"2013-04-05 21:12:03"
},
{
"kids":[],
"uid":"2158497651",
"parent":"",
"text":"",
"mid":"zqMAsFA4i",
"date":"2013-04-05 21:11:04"
},
{
"kids":[],
"uid":"1435669594",
"parent":"zqKuAgo5o",
"text":"",
"mid":"zqMyQwEO1",
"date":"2013-04-05 21:07:04"
},
{
"kids":[],
"uid":"1663826635",
"parent":"zqMth5Qpg",
"text":"[衰]",
"mid":"zqMydz4lM",
"date":"2013-04-05 21:05:33"
},
{
"kids":[],
"uid":"1358409923",
"parent":"zqMkptwYq",
"text":"",
"mid":"zqMvRgCM2",
"date":"2013-04-05 20:59:43"
},
{
"kids":[],
"uid":"2319795047",
"parent":"",
"text":"求砖家辟谣！[怒][怒][怒]",
"mid":"zqMvPcxA1",
"date":"2013-04-05 20:59:39"
},
{
"kids":[],
"uid":"1498799015",
"parent":"",
"text":"",
"mid":"zqMvIFwVW",
"date":"2013-04-05 20:59:24"
},
{
"kids":[],
"uid":"1456336913",
"parent":"",
"text":"[怒]这种断子绝孙的人就该枪毙！",
"mid":"zqMtV2Ivy",
"date":"2013-04-05 20:54:54"
},
{
"kids":[
"zqMydz4lM"
],
"uid":"amyliushuang",
"parent":"zqMkptwYq",
"text":"",
"mid":"zqMth5Qpg",
"date":"2013-04-05 20:53:21"
},
{
"kids":[],
"uid":"2341770451",
"parent":"",
"text":"猪要是得禽流感或禽得了猪流感 人得的是哪种？",
"mid":"zqMssyL95",
"date":"2013-04-05 20:51:21"
},
{
"kids":[],
"uid":"talastone",
"parent":"zqM3a7fyW",
"text":"",
"mid":"zqMq9gc16",
"date":"2013-04-05 20:45:38"
},
{
"kids":[],
"uid":"2689433911",
"parent":"zqLUBnJBr",
"text":"",
"mid":"zqMpqmak8",
"date":"2013-04-05 20:43:49"
},
{
"kids":[
"zqMBzwX2X"
],
"uid":"2678734483",
"parent":"",
"text":"",
"mid":"zqMmNvA8J",
"date":"2013-04-05 20:37:25"
},
{
"kids":[],
"uid":"1430605923",
"parent":"zqLUBnJBr",
"text":"",
"mid":"zqMmFwQ2v",
"date":"2013-04-05 20:37:06"
},
{
"kids":[],
"uid":"2317933080",
"parent":"zqLUBnJBr",
"text":"",
"mid":"zqMmC185y",
"date":"2013-04-05 20:36:55"
},
{
"kids":[],
"uid":"xinjingcha318",
"parent":"zqMkptwYq",
"text":"好像也没听到查到些什么？到底有没有在查啊？诶…",
"mid":"zqMmxiAJA",
"date":"2013-04-05 20:36:46"
},
{
"kids":[],
"uid":"2533930181",
"parent":"",
"text":"把良心冷冻起来的中国奸商",
"mid":"zqMmopkIP",
"date":"2013-04-05 20:36:22"
},
{
"kids":[],
"uid":"1779478927",
"parent":"zqKt1DMk5",
"text":"",
"mid":"zqMm41ftW",
"date":"2013-04-05 20:35:36"
},
{
"kids":[],
"uid":"1169616095",
"parent":"",
"text":"",
"mid":"zqMltmsAY",
"date":"2013-04-05 20:34:09"
},
{
"kids":[
"zqMPdxVgs",
"zqMH6kqKd",
"zqMvRgCM2",
"zqMth5Qpg",
"zqMmxiAJA"
],
"uid":"guoxuebo",
"parent":"",
"text":"今年猪是风光的很那，然后才是猪脑子的管理者，江河里漂了一两万头死猪，愣说水是干净的，达标的。这死猪就是碰不得怪不得，猪神啊！",
"mid":"zqMkptwYq",
"date":"2013-04-05 20:31:32"
},
{
"kids":[],
"uid":"706053458",
"parent":"zqLUBnJBr",
"text":"",
"mid":"zqMite3pk",
"date":"2013-04-05 20:26:41"
},
{
"kids":[],
"uid":"1445688802",
"parent":"",
"text":"猪死了，鸽子鸡鸭吃了死猪饲料染病又被赐死，又多了多少冤魂",
"mid":"zqMhN0ooi",
"date":"2013-04-05 20:25:02"
},
{
"kids":[
"zqMCKeTS9"
],
"uid":"208082846",
"parent":"zqLLSDKgx",
"text":"嗯，我觉得，人类还是吃各种药丸生存吧。",
"mid":"zqMhxD0me",
"date":"2013-04-05 20:24:29"
},
{
"kids":[],
"uid":"3122670761",
"parent":"zqM3a7fyW",
"text":"",
"mid":"zqMh0e4Gl",
"date":"2013-04-05 20:23:05"
},
{
"kids":[],
"uid":"1845793774",
"parent":"zqMd4qeSc",
"text":"[怒]",
"mid":"zqMgse8ev",
"date":"2013-04-05 20:21:46"
},
{
"kids":[],
"uid":"1449254453",
"parent":"zqLUBnJBr",
"text":"它们有特供！",
"mid":"zqMg4AoEe",
"date":"2013-04-05 20:20:49"
},
{
"kids":[],
"uid":"2287886344",
"parent":"",
"text":"外地的东西真不能吃啊，支持本土",
"mid":"zqMfRCke3",
"date":"2013-04-05 20:20:19"
},
{
"kids":[],
"uid":"2100886602",
"parent":"zqLUBnJBr",
"text":"",
"mid":"zqMfRiDL8",
"date":"2013-04-05 20:20:17"
},
{
"kids":[],
"uid":"1970135447",
"parent":"zqKwRuoAl",
"text":"",
"mid":"zqMfnrLdk",
"date":"2013-04-05 20:19:08"
},
{
"kids":[],
"uid":"1403184422",
"parent":"",
"text":"[怒]",
"mid":"zqMf8nwo4",
"date":"2013-04-05 20:18:31"
},
{
"kids":[],
"uid":"2532405337",
"parent":"zqMd4qeSc",
"text":"",
"mid":"zqMenF0sX",
"date":"2013-04-05 20:16:40"
},
{
"kids":[],
"uid":"1864370580",
"parent":"zqM5ml1zZ",
"text":"",
"mid":"zqMebAybZ",
"date":"2013-04-05 20:16:12"
},
{
"kids":[],
"uid":"2075164214",
"parent":"zqM5h2E79",
"text":"[抓狂][抓狂][抓狂]",
"mid":"zqMebk3nS",
"date":"2013-04-05 20:16:10"
},
{
"kids":[],
"uid":"1053143057",
"parent":"",
"text":"转了回去看看",
"mid":"zqMe4aZt4",
"date":"2013-04-05 20:15:54"
},
{
"kids":[],
"uid":"asmliyi",
"parent":"",
"text":"",
"mid":"zqMd5lyX2",
"date":"2013-04-05 20:13:28"
},
{
"kids":[
"zqNkPf4dd",
"zqN3G46pr",
"zqMgse8ev",
"zqMenF0sX"
],
"uid":"zhangdandanzhang",
"parent":"",
"text":"",
"mid":"zqMd4qeSc",
"date":"2013-04-05 20:13:24"
},
{
"kids":[],
"uid":"sunnyhk",
"parent":"zqMcz7QnZ",
"text":"感染源来了",
"mid":"zqMcWaPh3",
"date":"2013-04-05 20:13:06"
},
{
"kids":[
"zqMcWaPh3"
],
"uid":"renzedrama",
"parent":"",
"text":"",
"mid":"zqMcz7QnZ",
"date":"2013-04-05 20:12:09"
},
{
"kids":[
"zqMYirMdK"
],
"uid":"mimiyoung",
"parent":"",
"text":"[吃惊][吃惊][吃惊]",
"mid":"zqM9T5zr1",
"date":"2013-04-05 20:05:35"
},
{
"kids":[],
"uid":"1824586234",
"parent":"zqLUBnJBr",
"text":"奇葩",
"mid":"zqM8XsIHl",
"date":"2013-04-05 20:03:19"
},
{
"kids":[],
"uid":"jianpuchina",
"parent":"zqLUBnJBr",
"text":"我理科生也想不通",
"mid":"zqM8McWwJ",
"date":"2013-04-05 20:02:50"
},
{
"kids":[],
"uid":"2488723224",
"parent":"",
"text":"",
"mid":"zqM7F30Zn",
"date":"2013-04-05 20:00:07"
},
{
"kids":[],
"uid":"1911216833",
"parent":"zqLUBnJBr",
"text":"",
"mid":"zqM6FASBx",
"date":"2013-04-05 19:57:39"
},
{
"kids":[
"zqMebAybZ"
],
"uid":"fanyuntao1984",
"parent":"zqKuAgo5o",
"text":"",
"mid":"zqM5ml1zZ",
"date":"2013-04-05 19:54:27"
},
{
"kids":[
"zqMebk3nS"
],
"uid":"1705488194",
"parent":"zqLH9uJmG",
"text":"缺德、缺良心，天理不容！！！",
"mid":"zqM5h2E79",
"date":"2013-04-05 19:54:15"
},
{
"kids":[],
"uid":"2561152523",
"parent":"zqLUBnJBr",
"text":"如同艾滋病是性开放的报应一样，无节制追求舌尖上的享受也必遭报应。当然，对发病源的控制是执政能力问题。/@杂谈五味: /@思想汇聚人生: @李承鹏: 作为一个文科傻蛋基本想不通这些问题：黄浦江的死猪和现在的禽流感有没有关系？为何目前病发主要集中在死猪流域？死猪被当成饲料喂鸡鸭是怎样的证据链？",
"mid":"zqM4Jkzkq",
"date":"2013-04-05 19:52:54"
},
{
"kids":[],
"uid":"2265817980",
"parent":"zqLUBnJBr",
"text":"",
"mid":"zqM4GDOQC",
"date":"2013-04-05 19:52:48"
},
{
"kids":[],
"uid":"3166106297",
"parent":"",
"text":"惊人内幕！",
"mid":"zqM4oDhjV",
"date":"2013-04-05 19:52:03"
},
{
"kids":[],
"uid":"2821190902",
"parent":"",
"text":"",
"mid":"zqM4eCces",
"date":"2013-04-05 19:51:42"
},
{
"kids":[],
"uid":"ufochen007",
"parent":"",
"text":"[怒]",
"mid":"zqM3xusyQ",
"date":"2013-04-05 19:49:58"
},
{
"kids":[
"zqNlYv97o",
"zqMUiwx0k",
"zqMq9gc16",
"zqMh0e4Gl"
],
"uid":"jixiangsanbao",
"parent":"zqLUBnJBr",
"text":"产业链有利也有弊！",
"mid":"zqM3a7fyW",
"date":"2013-04-05 19:49:01"
},
{
"kids":[],
"uid":"2554914252",
"parent":"zqLUBnJBr",
"text":"",
"mid":"zqM2GyQml",
"date":"2013-04-05 19:47:51"
},
{
"kids":[],
"uid":"1502524731",
"parent":"zqLUBnJBr",
"text":"",
"mid":"zqM2kqwen",
"date":"2013-04-05 19:46:59"
},
{
"kids":[],
"uid":"1402906107",
"parent":"zqLUBnJBr",
"text":"转起",
"mid":"zqM2dhGW2",
"date":"2013-04-05 19:46:40"
},
{
"kids":[],
"uid":"3193381234",
"parent":"",
"text":"",
"mid":"zqM0TaLbo",
"date":"2013-04-05 19:43:27"
},
{
"kids":[],
"uid":"flyfanwang",
"parent":"",
"text":"",
"mid":"zqLZBDSAu",
"date":"2013-04-05 19:40:17"
},
{
"kids":[],
"uid":"3100437213",
"parent":"zqLUBnJBr",
"text":"",
"mid":"zqLZcwOsi",
"date":"2013-04-05 19:39:17"
},
{
"kids":[],
"uid":"2524478942",
"parent":"",
"text":"[怒][怒][怒][怒]",
"mid":"zqLYkdh6z",
"date":"2013-04-05 19:37:06"
},
{
"kids":[],
"uid":"1228115943",
"parent":"",
"text":"",
"mid":"zqLXN4H3g",
"date":"2013-04-05 19:35:48"
},
{
"kids":[],
"uid":"2746174943",
"parent":"",
"text":"",
"mid":"zqLXL3Moe",
"date":"2013-04-05 19:35:41"
},
{
"kids":[],
"uid":"2657909102",
"parent":"zqLUBnJBr",
"text":"",
"mid":"zqLXI4nQ8",
"date":"2013-04-05 19:35:33"
},
{
"kids":[],
"uid":"321650909",
"parent":"zqLUBnJBr",
"text":"",
"mid":"zqLXDB4iu",
"date":"2013-04-05 19:35:26"
},
{
"kids":[],
"uid":"330465230",
"parent":"zqLUBnJBr",
"text":"",
"mid":"zqLXhrkhG",
"date":"2013-04-05 19:34:33"
},
{
"kids":[],
"uid":"3202820700",
"parent":"zqLUBnJBr",
"text":"",
"mid":"zqLWI3OUQ",
"date":"2013-04-05 19:33:08"
},
{
"kids":[],
"uid":"1761428290",
"parent":"zqLUBnJBr",
"text":"[怒][愤怒]",
"mid":"zqLWsnfMR",
"date":"2013-04-05 19:32:31"
},
{
"kids":[],
"uid":"2139882734",
"parent":"zqLUBnJBr",
"text":"",
"mid":"zqLWqyyW8",
"date":"2013-04-05 19:32:27"
},
{
"kids":[],
"uid":"17273001",
"parent":"zqLUBnJBr",
"text":"原来如此，难怪猪回得禽流感呢",
"mid":"zqLWn225M",
"date":"2013-04-05 19:32:17"
},
{
"kids":[],
"uid":"1958348977",
"parent":"zqLUBnJBr",
"text":"[围观]",
"mid":"zqLW6biY9",
"date":"2013-04-05 19:31:38"
},
{
"kids":[],
"uid":"shadowline",
"parent":"zqLUBnJBr",
"text":"",
"mid":"zqLVLw0m0",
"date":"2013-04-05 19:30:49"
},
{
"kids":[],
"uid":"2181236140",
"parent":"zqLUBnJBr",
"text":"",
"mid":"zqLVw8alC",
"date":"2013-04-05 19:30:09"
},
{
"kids":[],
"uid":"2565733030",
"parent":"zqLRI3zVa",
"text":"",
"mid":"zqLV17zZ0",
"date":"2013-04-05 19:28:55"
},
{
"kids":[],
"uid":"2274872494",
"parent":"zqLUBnJBr",
"text":"+1",
"mid":"zqLUM5Eo6",
"date":"2013-04-05 19:28:21"
},
{
"kids":[
"zqQQifh3A",
"zqNCP39KP",
"zqMLeemlH",
"zqMI7ftSk",
"zqMCjFNJo",
"zqMpqmak8",
"zqMmFwQ2v",
"zqMmC185y",
"zqMite3pk",
"zqMg4AoEe",
"zqMfRiDL8",
"zqM8XsIHl",
"zqM8McWwJ",
"zqM6FASBx",
"zqM4Jkzkq",
"zqM4GDOQC",
"zqM3a7fyW",
"zqM2GyQml",
"zqM2kqwen",
"zqM2dhGW2",
"zqLZcwOsi",
"zqLXI4nQ8",
"zqLXDB4iu",
"zqLXhrkhG",
"zqLWI3OUQ",
"zqLWsnfMR",
"zqLWqyyW8",
"zqLWn225M",
"zqLW6biY9",
"zqLVLw0m0",
"zqLVw8alC",
"zqLUM5Eo6"
],
"uid":"2692988203",
"parent":"",
"text":"",
"mid":"zqLUBnJBr",
"date":"2013-04-05 19:27:55"
},
{
"kids":[],
"uid":"1960750155",
"parent":"zqLSJgGRa",
"text":"报应循环~！",
"mid":"zqLTAscA5",
"date":"2013-04-05 19:25:25"
},
{
"kids":[
"zqLTAscA5"
],
"uid":"2186195903",
"parent":"",
"text":"人祸最可怕！",
"mid":"zqLSJgGRa",
"date":"2013-04-05 19:23:21"
},
{
"kids":[],
"uid":"2211340363",
"parent":"",
"text":"[吃惊]",
"mid":"zqLS2snvL",
"date":"2013-04-05 19:21:39"
},
{
"kids":[
"zqLV17zZ0"
],
"uid":"2209699603",
"parent":"",
"text":"",
"mid":"zqLRI3zVa",
"date":"2013-04-05 19:20:50"
},
{
"kids":[],
"uid":"sisterorange",
"parent":"zqK6Fc7KR",
"text":"",
"mid":"zqLRCqwwN",
"date":"2013-04-05 19:20:33"
},
{
"kids":[],
"uid":"laotangcar",
"parent":"",
"text":"[话筒]",
"mid":"zqLRthzBk",
"date":"2013-04-05 19:20:14"
},
{
"kids":[],
"uid":"2278214560",
"parent":"",
"text":"[吃惊]",
"mid":"zqLQdyZJp",
"date":"2013-04-05 19:17:08"
},
{
"kids":[],
"uid":"zhufengstone",
"parent":"",
"text":"",
"mid":"zqLPb7jBu",
"date":"2013-04-05 19:14:33"
},
{
"kids":[],
"uid":"2946676403",
"parent":"zqKuAgo5o",
"text":"",
"mid":"zqLO14Wmi",
"date":"2013-04-05 19:11:41"
},
{
"kids":[],
"uid":"1105988880",
"parent":"",
"text":"靠@十万蝉声",
"mid":"zqLNUx4OM",
"date":"2013-04-05 19:11:28"
},
{
"kids":[],
"uid":"2618962925",
"parent":"zqKbsqGJ5",
"text":"[吃惊]，",
"mid":"zqLMruN2s",
"date":"2013-04-05 19:07:49"
},
{
"kids":[
"zqMhxD0me"
],
"uid":"1648120493",
"parent":"zqLH9uJmG",
"text":"。。。这。。我感情上真接受不了。。。",
"mid":"zqLLSDKgx",
"date":"2013-04-05 19:06:25"
},
{
"kids":[],
"uid":"1855807777",
"parent":"zqKuAgo5o",
"text":"",
"mid":"zqLKyfWkH",
"date":"2013-04-05 19:03:09"
},
{
"kids":[],
"uid":"1076836902",
"parent":"",
"text":"不能吧。。。？",
"mid":"zqLHdoCcw",
"date":"2013-04-05 18:54:59"
},
{
"kids":[
"zqM5h2E79",
"zqLLSDKgx"
],
"uid":"2269328054",
"parent":"",
"text":"死猪被加工成饲料的事儿不清楚，但是几乎所有同时养猪养鸡鸭的，猪粪必定是鸡鸭最好的饲料。这些死猪，不管因什么病而死，死前的粪便必定是喂饱了鸡鸭的。",
"mid":"zqLH9uJmG",
"date":"2013-04-05 18:54:49"
},
{
"kids":[],
"uid":"3249744425",
"parent":"zqKuAgo5o",
"text":"",
"mid":"zqLGl3doq",
"date":"2013-04-05 18:52:48"
},
{
"kids":[],
"uid":"335686803",
"parent":"zqKKui6Yu",
"text":"",
"mid":"zqLFA17Gn",
"date":"2013-04-05 18:50:53"
},
{
"kids":[],
"uid":"512363050",
"parent":"zqLE8c1b7",
"text":"",
"mid":"zqLEldtKh",
"date":"2013-04-05 18:47:53"
},
{
"kids":[
"zqLEldtKh"
],
"uid":"2074320352",
"parent":"zqLs8q1ci",
"text":"",
"mid":"zqLE8c1b7",
"date":"2013-04-05 18:47:19"
},
{
"kids":[],
"uid":"2074563784",
"parent":"zqKO1ikMj",
"text":"",
"mid":"zqLAlxqzT",
"date":"2013-04-05 18:38:00"
},
{
"kids":[],
"uid":"momlovedante",
"parent":"zqLxlof1v",
"text":"真可恶",
"mid":"zqLAbuBte",
"date":"2013-04-05 18:37:39"
},
{
"kids":[],
"uid":"1930575643",
"parent":"",
"text":"",
"mid":"zqLyFxBHQ",
"date":"2013-04-05 18:33:55"
},
{
"kids":[
"zqLAbuBte"
],
"uid":"1707876683",
"parent":"zqLv0kZ0n",
"text":"",
"mid":"zqLxlof1v",
"date":"2013-04-05 18:30:39"
},
{
"kids":[],
"uid":"2183778430",
"parent":"",
"text":"[围观][闭嘴][怒骂][疑问]",
"mid":"zqLx6lUtE",
"date":"2013-04-05 18:30:03"
},
{
"kids":[],
"uid":"1149071350",
"parent":"zqLji3fKZ",
"text":"",
"mid":"zqLwyCSpG",
"date":"2013-04-05 18:28:43"
},
{
"kids":[],
"uid":"1563745644",
"parent":"",
"text":"",
"mid":"zqLwi5ST4",
"date":"2013-04-05 18:28:03"
},
{
"kids":[],
"uid":"1927192895",
"parent":"",
"text":"这消息令人惊悚啊！",
"mid":"zqLw0EWwD",
"date":"2013-04-05 18:27:22"
},
{
"kids":[],
"uid":"1001585673",
"parent":"",
"text":"死猪喂鸡鸭，触目惊心",
"mid":"zqLvvBOm3",
"date":"2013-04-05 18:26:08"
},
{
"kids":[
"zqLxlof1v"
],
"uid":"2268558704",
"parent":"",
"text":"",
"mid":"zqLv0kZ0n",
"date":"2013-04-05 18:24:52"
},
{
"kids":[],
"uid":"2976247792",
"parent":"zqKtjnNG2",
"text":"",
"mid":"zqLuSBmtY",
"date":"2013-04-05 18:24:35"
},
{
"kids":[],
"uid":"1710891697",
"parent":"",
"text":"",
"mid":"zqLui0ttF",
"date":"2013-04-05 18:23:07"
},
{
"kids":[],
"uid":"2557376431",
"parent":"",
"text":"",
"mid":"zqLtbaR8a",
"date":"2013-04-05 18:20:23"
},
{
"kids":[
"zqLE8c1b7"
],
"uid":"3072115797",
"parent":"",
"text":"[给力][给力][围观]",
"mid":"zqLs8q1ci",
"date":"2013-04-05 18:17:49"
},
{
"kids":[],
"uid":"2930807413",
"parent":"",
"text":"",
"mid":"zqLs6DaEY",
"date":"2013-04-05 18:17:45"
},
{
"kids":[
"zqXycmEA6"
],
"uid":"2126130321",
"parent":"",
"text":"",
"mid":"zqLrTD1lG",
"date":"2013-04-05 18:17:14"
},
{
"kids":[],
"uid":"2991798134",
"parent":"",
"text":"",
"mid":"zqLpLfPg3",
"date":"2013-04-05 18:11:58"
},
{
"kids":[],
"uid":"2401480633",
"parent":"",
"text":"",
"mid":"zqLpbecmt",
"date":"2013-04-05 18:10:32"
},
{
"kids":[],
"uid":"1637261305",
"parent":"",
"text":"看热闹不闲事大的经过…",
"mid":"zqLkLCK3y",
"date":"2013-04-05 17:59:38"
},
{
"kids":[
"zqLwyCSpG"
],
"uid":"wulijii",
"parent":"",
"text":"",
"mid":"zqLji3fKZ",
"date":"2013-04-05 17:55:58"
},
{
"kids":[],
"uid":"1943265763",
"parent":"",
"text":"",
"mid":"zqLhG8pM3",
"date":"2013-04-05 17:52:03"
},
{
"kids":[
"zqNlSxvR9"
],
"uid":"2012493674",
"parent":"",
"text":"素食者飘过～：不新鲜，疯牛病也是给牛吃牛才出现的，疯狂的是要吃动物食品的我们。",
"mid":"zqLhndCkc",
"date":"2013-04-05 17:51:18"
},
{
"kids":[],
"uid":"3037256620",
"parent":"zqKGfBpfu",
"text":"不是吧！什么也不敢吃了！@你想抓里 @琳琳3187735012",
"mid":"zqLhhBmF1",
"date":"2013-04-05 17:51:02"
},
{
"kids":[],
"uid":"1596504121",
"parent":"",
"text":"真的假的[吃惊][吃惊]",
"mid":"zqLeLyOcK",
"date":"2013-04-05 17:44:50"
},
{
"kids":[],
"uid":"1647614944",
"parent":"zqKuAgo5o",
"text":"死猪喂鸡鸭，死鸡鸭喂猪，伟哉",
"mid":"zqLeCaycF",
"date":"2013-04-05 17:44:28"
},
{
"kids":[],
"uid":"1081186682",
"parent":"zqKCT33mY",
"text":"",
"mid":"zqLcysX7C",
"date":"2013-04-05 17:39:26"
},
{
"kids":[],
"uid":"1130874481",
"parent":"zqKu70aAc",
"text":"人类伟大进化史上的转折，靠身体与病毒的生抗完成物竞天择",
"mid":"zqLcaxiJU",
"date":"2013-04-05 17:38:28"
},
{
"kids":[],
"uid":"3105891467",
"parent":"",
"text":"",
"mid":"zqLaExQy1",
"date":"2013-04-05 17:34:45"
},
{
"kids":[],
"uid":"piaoliupingjiang412",
"parent":"zqKuAgo5o",
"text":"",
"mid":"zqL9rg2ru",
"date":"2013-04-05 17:31:43"
},
{
"kids":[],
"uid":"1896525253",
"parent":"",
"text":"",
"mid":"zqL9a6TdV",
"date":"2013-04-05 17:31:01"
},
{
"kids":[],
"uid":"2467654727",
"parent":"",
"text":"鸡鸭都不敢碰了",
"mid":"zqL8AiPYl",
"date":"2013-04-05 17:29:38"
},
{
"kids":[],
"uid":"1989891044",
"parent":"",
"text":"",
"mid":"zqL8bv3Oo",
"date":"2013-04-05 17:28:40"
},
{
"kids":[],
"uid":"kwmf",
"parent":"zqKuAgo5o",
"text":"可怕啊！死要钱！",
"mid":"zqL85h89x",
"date":"2013-04-05 17:28:26"
},
{
"kids":[],
"uid":"2918559461",
"parent":"zqKuAgo5o",
"text":"",
"mid":"zqL7Wrn2s",
"date":"2013-04-05 17:28:03"
},
{
"kids":[],
"uid":"1344528154",
"parent":"",
"text":"",
"mid":"zqL7H3jBp",
"date":"2013-04-05 17:27:27"
},
{
"kids":[],
"uid":"2306584325",
"parent":"",
"text":"",
"mid":"zqL6Ff6ED",
"date":"2013-04-05 17:24:55"
},
{
"kids":[],
"uid":"1900062194",
"parent":"",
"text":"怪不得怪不得[怒骂][怒骂]",
"mid":"zqL6Dck7F",
"date":"2013-04-05 17:24:50"
},
{
"kids":[],
"uid":"1821576150",
"parent":"zqKmwyWf0",
"text":"求辟谣！",
"mid":"zqL5T72UY",
"date":"2013-04-05 17:23:00"
},
{
"kids":[],
"uid":"2128976317",
"parent":"",
"text":"",
"mid":"zqL4v7jJt",
"date":"2013-04-05 17:19:33"
},
{
"kids":[],
"uid":"longzijiang",
"parent":"",
"text":"",
"mid":"zqL4t1nv9",
"date":"2013-04-05 17:19:30"
},
{
"kids":[],
"uid":"2020649892",
"parent":"zqKuAgo5o",
"text":"",
"mid":"zqL1XjweY",
"date":"2013-04-05 17:13:17"
},
{
"kids":[],
"uid":"simonwu8hotmail",
"parent":"",
"text":"",
"mid":"zqL1r6PQA",
"date":"2013-04-05 17:12:02"
},
{
"kids":[],
"uid":"fox78",
"parent":"zqKmwyWf0",
"text":"建议所有的养殖场安装高清监控录像",
"mid":"zqKZRgcg5",
"date":"2013-04-05 17:08:09"
},
{
"kids":[],
"uid":"2770931267",
"parent":"zqKCT33mY",
"text":"",
"mid":"zqKXZruQq",
"date":"2013-04-05 17:03:33"
},
{
"kids":[],
"uid":"1778640191",
"parent":"",
"text":"[吃惊]",
"mid":"zqKXlx7Wl",
"date":"2013-04-05 17:01:56"
},
{
"kids":[],
"uid":"1809230603",
"parent":"",
"text":"",
"mid":"zqKVy9yPj",
"date":"2013-04-05 16:57:33"
},
{
"kids":[],
"uid":"3123762362",
"parent":"",
"text":"",
"mid":"zqKVvwGvl",
"date":"2013-04-05 16:57:26"
},
{
"kids":[],
"uid":"1300319537",
"parent":"zqKuAgo5o",
"text":"真他妈可怕，还好我不吃肉",
"mid":"zqKVp1Gvz",
"date":"2013-04-05 16:57:08"
},
{
"kids":[],
"uid":"2161628255",
"parent":"zqKCT33mY",
"text":"",
"mid":"zqKVjEwZH",
"date":"2013-04-05 16:56:55"
},
{
"kids":[],
"uid":"exceedg",
"parent":"zqKmz04TB",
"text":"犹太人相当有创意",
"mid":"zqKV15nJq",
"date":"2013-04-05 16:56:11"
},
{
"kids":[
"zqMQGhsmt"
],
"uid":"2528221080",
"parent":"zqKuAgo5o",
"text":"板蓝根！[偷笑]",
"mid":"zqKUqa1zd",
"date":"2013-04-05 16:54:42"
},
{
"kids":[],
"uid":"2306733045",
"parent":"zqKQ16Vzj",
"text":"",
"mid":"zqKSQhL5M",
"date":"2013-04-05 16:50:52"
},
{
"kids":[],
"uid":"2462103240",
"parent":"",
"text":"",
"mid":"zqKSk9cK7",
"date":"2013-04-05 16:49:35"
},
{
"kids":[],
"uid":"windspring",
"parent":"",
"text":"第一图最下郎朗新年音乐会门票？这消息什么时候的？我也没看到上面有提到猪。看者擦亮眼睛",
"mid":"zqKRLgOpQ",
"date":"2013-04-05 16:48:10"
},
{
"kids":[],
"uid":"2035171271",
"parent":"zqKsIoUr0",
"text":"[怒][怒][怒]",
"mid":"zqKRJt6Kh",
"date":"2013-04-05 16:48:05"
},
{
"kids":[],
"uid":"2846436785",
"parent":"zqKuAgo5o",
"text":"可是板蓝根和张将军同样敏感词",
"mid":"zqKQFin8V",
"date":"2013-04-05 16:45:30"
},
{
"kids":[],
"uid":"1448903655",
"parent":"",
"text":"罪孽啊！又要花血本抗戰了。",
"mid":"zqKQu4Fd3",
"date":"2013-04-05 16:45:03"
},
{
"kids":[],
"uid":"2117671641",
"parent":"",
"text":"",
"mid":"zqKQm78Hi",
"date":"2013-04-05 16:44:43"
},
{
"kids":[
"zqKSQhL5M"
],
"uid":"2914810092",
"parent":"zqKcsubUS",
"text":"",
"mid":"zqKQ16Vzj",
"date":"2013-04-05 16:43:52"
},
{
"kids":[],
"uid":"2097590243",
"parent":"",
"text":"[吃惊]",
"mid":"zqKPWEHEN",
"date":"2013-04-05 16:43:44"
},
{
"kids":[],
"uid":"appchang",
"parent":"zqKIglZoN",
"text":"",
"mid":"zqKPcwww3",
"date":"2013-04-05 16:41:53"
},
{
"kids":[],
"uid":"2972397875",
"parent":"",
"text":"",
"mid":"zqKP9hB2A",
"date":"2013-04-05 16:41:45"
},
{
"kids":[],
"uid":"3048433911",
"parent":"",
"text":"",
"mid":"zqKOQpSDH",
"date":"2013-04-05 16:41:01"
},
{
"kids":[
"zqLAlxqzT"
],
"uid":"uc85087858",
"parent":"",
"text":"",
"mid":"zqKO1ikMj",
"date":"2013-04-05 16:38:58"
},
{
"kids":[],
"uid":"1667226061",
"parent":"",
"text":"这尼玛 哎。。。",
"mid":"zqKO0EUad",
"date":"2013-04-05 16:38:56"
},
{
"kids":[],
"uid":"1861031554",
"parent":"zqKCrxioW",
"text":"[怒][怒][怒][怒]",
"mid":"zqKNTjzgy",
"date":"2013-04-05 16:38:40"
},
{
"kids":[],
"uid":"1536147682",
"parent":"",
"text":"",
"mid":"zqKNLj4Ek",
"date":"2013-04-05 16:38:20"
},
{
"kids":[],
"uid":"2714083511",
"parent":"",
"text":"",
"mid":"zqKNaF7dk",
"date":"2013-04-05 16:36:54"
},
{
"kids":[],
"uid":"1686098647",
"parent":"",
"text":"",
"mid":"zqKMU8rAv",
"date":"2013-04-05 16:36:12"
},
{
"kids":[],
"uid":"1395170065",
"parent":"",
"text":"",
"mid":"zqKMf371V",
"date":"2013-04-05 16:34:33"
},
{
"kids":[],
"uid":"3060416383",
"parent":"",
"text":"",
"mid":"zqKLqh0HI",
"date":"2013-04-05 16:32:35"
},
{
"kids":[],
"uid":"1723105674",
"parent":"",
"text":"[黑线]",
"mid":"zqKLh3MJo",
"date":"2013-04-05 16:32:13"
},
{
"kids":[],
"uid":"1973913110",
"parent":"",
"text":"[吃惊]",
"mid":"zqKL68xGZ",
"date":"2013-04-05 16:31:44"
},
{
"kids":[],
"uid":"1653938571",
"parent":"",
"text":"",
"mid":"zqKKZ333j",
"date":"2013-04-05 16:31:30"
},
{
"kids":[
"zqLFA17Gn"
],
"uid":"3107660895",
"parent":"",
"text":"",
"mid":"zqKKui6Yu",
"date":"2013-04-05 16:30:16"
},
{
"kids":[],
"uid":"2135045041",
"parent":"",
"text":"",
"mid":"zqKKncCfA",
"date":"2013-04-05 16:29:58"
},
{
"kids":[],
"uid":"3179023452",
"parent":"zqKuAgo5o",
"text":"啊！啊！危险了，曝光了，可以预见专家要出来了",
"mid":"zqKJPx7t0",
"date":"2013-04-05 16:28:38"
},
{
"kids":[],
"uid":"2261138561",
"parent":"zqKF0sT10",
"text":"我勒个去",
"mid":"zqKJuyeRN",
"date":"2013-04-05 16:27:48"
},
{
"kids":[],
"uid":"1210760043",
"parent":"zqKuAgo5o",
"text":"",
"mid":"zqKJ4fvqm",
"date":"2013-04-05 16:26:45"
},
{
"kids":[],
"uid":"2937780025",
"parent":"",
"text":"",
"mid":"zqKIWgLHP",
"date":"2013-04-05 16:26:27"
},
{
"kids":[],
"uid":"2612819587",
"parent":"",
"text":"这世道？？没救了[黑线][黑线]",
"mid":"zqKIJBjzC",
"date":"2013-04-05 16:25:57"
},
{
"kids":[],
"uid":"2538183047",
"parent":"zqKDgD8zD",
"text":"[话筒]",
"mid":"zqKIDmOEZ",
"date":"2013-04-05 16:25:43"
},
{
"kids":[],
"uid":"1875998687",
"parent":"zqKuAgo5o",
"text":"",
"mid":"zqKIlCRzZ",
"date":"2013-04-05 16:25:01"
},
{
"kids":[
"zqNB9A78e",
"zqKPcwww3"
],
"uid":"htvaluer",
"parent":"",
"text":"问题开始暴露了，是有人作孽呀。",
"mid":"zqKIglZoN",
"date":"2013-04-05 16:24:48"
},
{
"kids":[],
"uid":"mengmeng615",
"parent":"zqKHT0Z6H",
"text":"[怒][怒][汗]",
"mid":"zqKI8BRCC",
"date":"2013-04-05 16:24:29"
},
{
"kids":[],
"uid":"1638864731",
"parent":"",
"text":"[吃惊][衰][衰]",
"mid":"zqKI6AJHH",
"date":"2013-04-05 16:24:24"
},
{
"kids":[],
"uid":"2317970121",
"parent":"",
"text":"",
"mid":"zqKHXFND1",
"date":"2013-04-05 16:24:04"
},
{
"kids":[
"zqKI8BRCC"
],
"uid":"1371554881",
"parent":"zqKuAgo5o",
"text":"回复@书画怡情之岳笑岳坏:人什么毒都吃，何况猪乎！认命吧，吃点不一定靠谱的板蓝根吧[泪]",
"mid":"zqKHT0Z6H",
"date":"2013-04-05 16:23:51"
},
{
"kids":[],
"uid":"zhoujingshan2003",
"parent":"",
"text":"",
"mid":"zqKHC7Itw",
"date":"2013-04-05 16:23:10"
},
{
"kids":[],
"uid":"1721921734",
"parent":"zqKuAgo5o",
"text":"",
"mid":"zqKHvkGeC",
"date":"2013-04-05 16:22:56"
},
{
"kids":[],
"uid":"1778443395",
"parent":"zqKuAgo5o",
"text":"",
"mid":"zqKHk8X8D",
"date":"2013-04-05 16:22:29"
},
{
"kids":[],
"uid":"2401578272",
"parent":"",
"text":"尼玛的中国梦",
"mid":"zqKHhsQz0",
"date":"2013-04-05 16:22:22"
},
{
"kids":[],
"uid":"mrzdhuan",
"parent":"zqKuAgo5o",
"text":"[猪头]",
"mid":"zqKHbeb94",
"date":"2013-04-05 16:22:06"
},
{
"kids":[],
"uid":"1559780124",
"parent":"",
"text":"",
"mid":"zqKH2EFeq",
"date":"2013-04-05 16:21:48"
},
{
"kids":[],
"uid":"aa158598",
"parent":"",
"text":"多少人吃过还不知道呢，何况是动物！",
"mid":"zqKGX70tj",
"date":"2013-04-05 16:21:33"
},
{
"kids":[],
"uid":"2275703833",
"parent":"",
"text":"[吃惊][吃惊]",
"mid":"zqKGq16GE",
"date":"2013-04-05 16:20:15"
},
{
"kids":[],
"uid":"moonpiemao",
"parent":"",
"text":"这些新病毒等于都是“聪慧的”商人们制造出来的，感觉保护伞公司弱爆了",
"mid":"zqKGiyJrK",
"date":"2013-04-05 16:19:58"
},
{
"kids":[
"zqLhhBmF1"
],
"uid":"3193463777",
"parent":"zqKBOwHCN",
"text":"原来是这样传播的[怒]@安东007 @薛蛮子 @主持人张明 @两个人3037256620 宝康之家",
"mid":"zqKGfBpfu",
"date":"2013-04-05 16:19:49"
},
{
"kids":[],
"uid":"jacke68",
"parent":"zqKDqnsb7",
"text":"可怕的人祸",
"mid":"zqKFWrKj8",
"date":"2013-04-05 16:19:03"
},
{
"kids":[],
"uid":"2230980784",
"parent":"",
"text":"死鴨子是否與死豬有關？",
"mid":"zqKFSxz6S",
"date":"2013-04-05 16:18:53"
},
{
"kids":[],
"uid":"2954165601",
"parent":"",
"text":"[吃惊]",
"mid":"zqKFPB7fF",
"date":"2013-04-05 16:18:49"
},
{
"kids":[],
"uid":"1980190223",
"parent":"zqKuAgo5o",
"text":"",
"mid":"zqKFMno11",
"date":"2013-04-05 16:18:41"
},
{
"kids":[],
"uid":"1978360813",
"parent":"zqKw2DGiW",
"text":"没什么关联",
"mid":"zqKFo7v3K",
"date":"2013-04-05 16:17:41"
},
{
"kids":[],
"uid":"2102608687",
"parent":"zqKCT33mY",
"text":"看看吧，视频",
"mid":"zqKFml171",
"date":"2013-04-05 16:17:39"
},
{
"kids":[],
"uid":"230489012",
"parent":"",
"text":"",
"mid":"zqKFhEgoc",
"date":"2013-04-05 16:17:28"
},
{
"kids":[],
"uid":"2091179073",
"parent":"",
"text":"利益在作祟,亚洲犹太人的称呼不是白给的。所以亚洲国家讨厌中国人，因为从不走正路，骗骗骗！！真tm可耻啊。",
"mid":"zqKFdwv1X",
"date":"2013-04-05 16:17:17"
},
{
"kids":[
"zqKJuyeRN"
],
"uid":"1787507394",
"parent":"",
"text":"",
"mid":"zqKF0sT10",
"date":"2013-04-05 16:16:47"
},
{
"kids":[],
"uid":"2154415120",
"parent":"zqKmtBC1d",
"text":"真的假的他妈的",
"mid":"zqKEWnHrZ",
"date":"2013-04-05 16:16:37"
},
{
"kids":[],
"uid":"menghuifalanxi",
"parent":"",
"text":"",
"mid":"zqKEw3UW2",
"date":"2013-04-05 16:15:34"
},
{
"kids":[],
"uid":"1907878723",
"parent":"zqKuAgo5o",
"text":"",
"mid":"zqKEjmgnP",
"date":"2013-04-05 16:15:02"
},
{
"kids":[],
"uid":"212343499",
"parent":"",
"text":"",
"mid":"zqKEicg85",
"date":"2013-04-05 16:15:01"
},
{
"kids":[],
"uid":"2901916311",
"parent":"",
"text":"",
"mid":"zqKEh2XhH",
"date":"2013-04-05 16:14:55"
},
{
"kids":[],
"uid":"stone0524",
"parent":"zqKCT33mY",
"text":"",
"mid":"zqKE87HQS",
"date":"2013-04-05 16:14:37"
},
{
"kids":[],
"uid":"577339509",
"parent":"zqKCT33mY",
"text":"",
"mid":"zqKDNrk0c",
"date":"2013-04-05 16:13:47"
},
{
"kids":[],
"uid":"335841234",
"parent":"zqKuAgo5o",
"text":"",
"mid":"zqKDL4JLI",
"date":"2013-04-05 16:13:40"
},
{
"kids":[],
"uid":"2244906677",
"parent":"",
"text":"鸡糞餵豬或死豬餵鸡，都不属正常蓄养方式，都属於无本營利的惡毒投机，NND，就不怕生了兒子缺屁眼??",
"mid":"zqKDE08WR",
"date":"2013-04-05 16:13:23"
},
{
"kids":[],
"uid":"1935061197",
"parent":"",
"text":"",
"mid":"zqKDCcL7o",
"date":"2013-04-05 16:13:21"
},
{
"kids":[
"zqKFWrKj8"
],
"uid":"yangchengping9",
"parent":"",
"text":"",
"mid":"zqKDqnsb7",
"date":"2013-04-05 16:12:53"
},
{
"kids":[],
"uid":"2188912984",
"parent":"zqKCT33mY",
"text":"",
"mid":"zqKDpudab",
"date":"2013-04-05 16:12:50"
},
{
"kids":[],
"uid":"2477398685",
"parent":"",
"text":"",
"mid":"zqKDjB4kw",
"date":"2013-04-05 16:12:35"
},
{
"kids":[
"zqKIDmOEZ"
],
"uid":"3086560070",
"parent":"zqKCT33mY",
"text":"[话筒]",
"mid":"zqKDgD8zD",
"date":"2013-04-05 16:12:30"
},
{
"kids":[],
"uid":"nuptmomo",
"parent":"zqKuAgo5o",
"text":"",
"mid":"zqKDfsips",
"date":"2013-04-05 16:12:27"
},
{
"kids":[],
"uid":"happypigxingge",
"parent":"",
"text":"",
"mid":"zqKDehsc7",
"date":"2013-04-05 16:12:24"
},
{
"kids":[],
"uid":"2812780987",
"parent":"",
"text":"",
"mid":"zqKD63f5n",
"date":"2013-04-05 16:12:04"
},
{
"kids":[],
"uid":"wushuiyaya",
"parent":"zqKuAgo5o",
"text":"-----------",
"mid":"zqKD1y05s",
"date":"2013-04-05 16:11:54"
},
{
"kids":[],
"uid":"3179372671",
"parent":"",
"text":"太有才了，素食的鸡们知道后，会不会恶心？",
"mid":"zqKCTBMkQ",
"date":"2013-04-05 16:11:34"
},
{
"kids":[
"zqLcysX7C",
"zqKXZruQq",
"zqKVjEwZH",
"zqKFml171",
"zqKE87HQS",
"zqKDNrk0c",
"zqKDpudab",
"zqKDgD8zD"
],
"uid":"213160123",
"parent":"",
"text":"",
"mid":"zqKCT33mY",
"date":"2013-04-05 16:11:31"
},
{
"kids":[],
"uid":"2983167594",
"parent":"zqK3CmcoQ",
"text":"萧山每次上新闻总是好事不断。",
"mid":"zqKCRyaiX",
"date":"2013-04-05 16:11:30"
},
{
"kids":[],
"uid":"2497453127",
"parent":"",
"text":"[汗]",
"mid":"zqKCRgz6a",
"date":"2013-04-05 16:11:29"
},
{
"kids":[],
"uid":"1371284493",
"parent":"",
"text":"",
"mid":"zqKCGBAin",
"date":"2013-04-05 16:11:03"
},
{
"kids":[
"zqKNTjzgy"
],
"uid":"1931381381",
"parent":"",
"text":"[怒]",
"mid":"zqKCrxioW",
"date":"2013-04-05 16:10:28"
},
{
"kids":[],
"uid":"1926098101",
"parent":"zqKtBpq9R",
"text":"",
"mid":"zqKCdmK5U",
"date":"2013-04-05 16:09:52"
},
{
"kids":[
"zqKGfBpfu"
],
"uid":"2716024850",
"parent":"",
"text":"",
"mid":"zqKBOwHCN",
"date":"2013-04-05 16:08:53"
},
{
"kids":[],
"uid":"2263261585",
"parent":"",
"text":"[怒]",
"mid":"zqKBI4qNI",
"date":"2013-04-05 16:08:39"
},
{
"kids":[],
"uid":"2168079180",
"parent":"zqKuYdp3o",
"text":"恶性循环！ZF永远只会隐瞒及事闹大后的处理，为什么永远都不会有相关的法律与制度让这种问题发生的可能降到最小？死猪处理为什么不是进人口就是进家禽的口？而死猪源头的政府人员却没有为此下台？",
"mid":"zqKBh7Z3d",
"date":"2013-04-05 16:07:34"
},
{
"kids":[],
"uid":"2691272040",
"parent":"",
"text":"",
"mid":"zqKBgeK2S",
"date":"2013-04-05 16:07:33"
},
{
"kids":[],
"uid":"yanya333kkk",
"parent":"",
"text":"",
"mid":"zqKBa1yWm",
"date":"2013-04-05 16:07:16"
},
{
"kids":[],
"uid":"3181521820",
"parent":"zqKuAgo5o",
"text":"",
"mid":"zqKAMq4vL",
"date":"2013-04-05 16:06:22"
},
{
"kids":[],
"uid":"1883702514",
"parent":"",
"text":"",
"mid":"zqKAltq0Q",
"date":"2013-04-05 16:05:18"
},
{
"kids":[],
"uid":"3193217060",
"parent":"",
"text":"[怒][怒][怒] 挣钱不要命",
"mid":"zqKzZ48bZ",
"date":"2013-04-05 16:04:24"
},
{
"kids":[],
"uid":"ndy1313",
"parent":"zqKuAgo5o",
"text":"李承鹏: 作为一个文科傻蛋基本想不通这些问题：黄浦江的死猪和现在的禽流感有没有关系？为何目前病发主要集中在死猪的流域？死猪被当成饲料喂给鸡鸭是怎样的证据链？算了，在政府都不知道原因的情况下，我还是去思考板蓝根和张召忠吧。",
"mid":"zqKzw8XP9",
"date":"2013-04-05 16:03:15"
},
{
"kids":[],
"uid":"tangjunpeng614",
"parent":"zqKuAgo5o",
"text":"有什么论据？？？记者乱报导算不算造谣？！",
"mid":"zqKzlr6JK",
"date":"2013-04-05 16:02:50"
},
{
"kids":[],
"uid":"2915487421",
"parent":"",
"text":"不要造谣噢，要被搭进去的噢！！！",
"mid":"zqKzk0lXy",
"date":"2013-04-05 16:02:46"
},
{
"kids":[],
"uid":"2041562104",
"parent":"zqKuAgo5o",
"text":"",
"mid":"zqKz6qbDG",
"date":"2013-04-05 16:02:14"
},
{
"kids":[],
"uid":"2062128073",
"parent":"",
"text":"",
"mid":"zqKz0taCC",
"date":"2013-04-05 16:02:01"
},
{
"kids":[],
"uid":"2364376091",
"parent":"zqKuAgo5o",
"text":"",
"mid":"zqKyFbJNw",
"date":"2013-04-05 16:01:09"
},
{
"kids":[],
"uid":"10280106",
"parent":"zqKuAgo5o",
"text":"一声叹息！",
"mid":"zqKyq8szr",
"date":"2013-04-05 16:00:33"
},
{
"kids":[],
"uid":"1256773244",
"parent":"",
"text":"",
"mid":"zqKynb8nB",
"date":"2013-04-05 16:00:26"
},
{
"kids":[],
"uid":"1223927337",
"parent":"",
"text":"所謂自作孽，不可活。",
"mid":"zqKylqgdH",
"date":"2013-04-05 16:00:22"
},
{
"kids":[],
"uid":"1730860673",
"parent":"zqKuAgo5o",
"text":"[吃惊][闭嘴]",
"mid":"zqKybEZXj",
"date":"2013-04-05 15:59:58"
},
{
"kids":[],
"uid":"3124655333",
"parent":"",
"text":"回来了，不是不报，时候到了",
"mid":"zqKy2enPG",
"date":"2013-04-05 15:59:35"
},
{
"kids":[
"zqTcxrbnS"
],
"uid":"1770459094",
"parent":"",
"text":"[怒][怒][怒][怒][怒][怒][怒]",
"mid":"zqKxXuyG9",
"date":"2013-04-05 15:59:25"
},
{
"kids":[],
"uid":"1960814325",
"parent":"zqKuAgo5o",
"text":"反正我是搞不懂，除了zf没人能在一天内搞懂，并排除可能",
"mid":"zqKxN743a",
"date":"2013-04-05 15:59:00"
},
{
"kids":[],
"uid":"2672799721",
"parent":"",
"text":"",
"mid":"zqKxJjwn2",
"date":"2013-04-05 15:58:50"
},
{
"kids":[],
"uid":"kkzfy",
"parent":"",
"text":"",
"mid":"zqKxI6CiN",
"date":"2013-04-05 15:58:47"
},
{
"kids":[],
"uid":"2692258631",
"parent":"zqKuAgo5o",
"text":"",
"mid":"zqKxEi5Tj",
"date":"2013-04-05 15:58:37"
},
{
"kids":[],
"uid":"2424160720",
"parent":"",
"text":"",
"mid":"zqKxDoQKA",
"date":"2013-04-05 15:58:36"
},
{
"kids":[],
"uid":"yuanqia711",
"parent":"zqKuAgo5o",
"text":"",
"mid":"zqKxDmO5W",
"date":"2013-04-05 15:58:37"
},
{
"kids":[],
"uid":"2357133472",
"parent":"zqKuAgo5o",
"text":"怎么还没被删帖",
"mid":"zqKxks0Il",
"date":"2013-04-05 15:57:52"
},
{
"kids":[],
"uid":"3180096985",
"parent":"",
"text":"[bm吃惊]",
"mid":"zqKxhtIJe",
"date":"2013-04-05 15:57:45"
},
{
"kids":[],
"uid":"3215155243",
"parent":"",
"text":"为什么过去没有这种事情。[思考]",
"mid":"zqKxdlycp",
"date":"2013-04-05 15:57:35"
},
{
"kids":[],
"uid":"3178696822",
"parent":"",
"text":"[怒]",
"mid":"zqKx5EpIn",
"date":"2013-04-05 15:57:16"
},
{
"kids":[],
"uid":"3233058024",
"parent":"",
"text":"继续下去，像疯牛病那样的新型朊病毒都可能出现～",
"mid":"zqKx3jHlc",
"date":"2013-04-05 15:57:10"
},
{
"kids":[],
"uid":"2045778221",
"parent":"zqKuAgo5o",
"text":"@上海东方明灯",
"mid":"zqKx3184q",
"date":"2013-04-05 15:57:10"
},
{
"kids":[
"zqNUV45Di"
],
"uid":"1879400310",
"parent":"zqKuAgo5o",
"text":"看来我之前的担忧成了现实。@阿拉斯加猪小妹 @郑昊知 @攀量",
"mid":"zqKwVCyZc",
"date":"2013-04-05 15:56:52"
},
{
"kids":[],
"uid":"2111918842",
"parent":"",
"text":"",
"mid":"zqKwVnX8P",
"date":"2013-04-05 15:56:50"
},
{
"kids":[
"zqMfnrLdk"
],
"uid":"xmxmwj",
"parent":"zqKu70aAc",
"text":"",
"mid":"zqKwRuoAl",
"date":"2013-04-05 15:56:42"
},
{
"kids":[],
"uid":"1963560115",
"parent":"",
"text":"",
"mid":"zqKwPqjpx",
"date":"2013-04-05 15:56:36"
},
{
"kids":[],
"uid":"2540187460",
"parent":"",
"text":"",
"mid":"zqKwKnVKt",
"date":"2013-04-05 15:56:26"
},
{
"kids":[],
"uid":"1654815550",
"parent":"",
"text":"",
"mid":"zqKwBgw1F",
"date":"2013-04-05 15:56:03"
},
{
"kids":[],
"uid":"Elfurs",
"parent":"",
"text":"",
"mid":"zqKwnn4VS",
"date":"2013-04-05 15:55:31"
},
{
"kids":[],
"uid":"3179715533",
"parent":"",
"text":"靠！！",
"mid":"zqKwf5BoS",
"date":"2013-04-05 15:55:09"
},
{
"kids":[],
"uid":"2276548275",
"parent":"",
"text":"[衰]",
"mid":"zqKwdDyR7",
"date":"2013-04-05 15:55:08"
},
{
"kids":[
"zqKFo7v3K"
],
"uid":"2045778221",
"parent":"zqKuAgo5o",
"text":"",
"mid":"zqKw2DGiW",
"date":"2013-04-05 15:54:42"
},
{
"kids":[],
"uid":"1358894645",
"parent":"",
"text":"",
"mid":"zqKvP7qbD",
"date":"2013-04-05 15:54:07"
},
{
"kids":[],
"uid":"1765867097",
"parent":"",
"text":"我之前就有过类似怀疑，更怀疑死鸡死禽做成饲料添加剂也是促成大批猪死亡的原因。总之前阵子死猪时间和禽流感之间应该有相互关联•••",
"mid":"zqKvNjVHr",
"date":"2013-04-05 15:54:05"
},
{
"kids":[],
"uid":"2249174013",
"parent":"",
"text":"",
"mid":"zqKvKC7L8",
"date":"2013-04-05 15:53:59"
},
{
"kids":[],
"uid":"1840380975",
"parent":"",
"text":"",
"mid":"zqKvKnAYH",
"date":"2013-04-05 15:53:57"
},
{
"kids":[],
"uid":"1892056175",
"parent":"zqKuAgo5o",
"text":"死猪和h7的关系吗",
"mid":"zqKvBeDFe",
"date":"2013-04-05 15:53:36"
},
{
"kids":[],
"uid":"1143185117",
"parent":"",
"text":"还是人在做孽。",
"mid":"zqKvkFti3",
"date":"2013-04-05 15:52:55"
},
{
"kids":[],
"uid":"1811005470",
"parent":"zqKuAgo5o",
"text":"",
"mid":"zqKvfBwfl",
"date":"2013-04-05 15:52:44"
},
{
"kids":[],
"uid":"1007203493",
"parent":"",
"text":"",
"mid":"zqKveaW9K",
"date":"2013-04-05 15:52:40"
},
{
"kids":[],
"uid":"1900247714",
"parent":"",
"text":"",
"mid":"zqKv97Fra",
"date":"2013-04-05 15:52:28"
},
{
"kids":[],
"uid":"1085105170",
"parent":"",
"text":"",
"mid":"zqKv8eqqn",
"date":"2013-04-05 15:52:27"
},
{
"kids":[
"zqKBh7Z3d"
],
"uid":"1894526740",
"parent":"",
"text":"那。。。。泡过死猪的水[吃惊]",
"mid":"zqKuYdp3o",
"date":"2013-04-05 15:52:03"
},
{
"kids":[],
"uid":"jonihu",
"parent":"zqKuAgo5o",
"text":"",
"mid":"zqKuP3N5Z",
"date":"2013-04-05 15:51:41"
},
{
"kids":[],
"uid":"hongdadadada",
"parent":"",
"text":"",
"mid":"zqKuGrE4l",
"date":"2013-04-05 15:51:21"
},
{
"kids":[],
"uid":"1159610720",
"parent":"",
"text":"",
"mid":"zqKuCktiZ",
"date":"2013-04-05 15:51:11"
},
{
"kids":[],
"uid":"2969253734",
"parent":"",
"text":"",
"mid":"zqKuCjtFa",
"date":"2013-04-05 15:51:10"
},
{
"kids":[
"zqTVZz9ig",
"zqNSj7UHF",
"zqNGj5WGj",
"zqMUvwHge",
"zqMyQwEO1",
"zqM5ml1zZ",
"zqLO14Wmi",
"zqLKyfWkH",
"zqLGl3doq",
"zqLeCaycF",
"zqL9rg2ru",
"zqL85h89x",
"zqL7Wrn2s",
"zqL1XjweY",
"zqKVp1Gvz",
"zqKUqa1zd",
"zqKQFin8V",
"zqKJPx7t0",
"zqKJ4fvqm",
"zqKIlCRzZ",
"zqKHT0Z6H",
"zqKHvkGeC",
"zqKHk8X8D",
"zqKHbeb94",
"zqKFMno11",
"zqKEjmgnP",
"zqKDL4JLI",
"zqKDfsips",
"zqKD1y05s",
"zqKAMq4vL",
"zqKzw8XP9",
"zqKzlr6JK",
"zqKz6qbDG",
"zqKyFbJNw",
"zqKyq8szr",
"zqKybEZXj",
"zqKxN743a",
"zqKxEi5Tj",
"zqKxDmO5W",
"zqKxks0Il",
"zqKx3184q",
"zqKwVCyZc",
"zqKw2DGiW",
"zqKvBeDFe",
"zqKvfBwfl",
"zqKuP3N5Z"
],
"uid":"1987987811",
"parent":"",
"text":"",
"mid":"zqKuAgo5o",
"date":"2013-04-05 15:51:04"
},
{
"kids":[],
"uid":"206664577",
"parent":"zqKqkoRlG",
"text":"请各大媒体人先百度一下病毒传播的方式及机制再来愤怒也不迟。一般看到艾特袁裕来薛蛮子左小祖咒任志强袁腾飞米瑞蓉李开复纪许光的微博我就呵呵一下。",
"mid":"zqKuzm9sw",
"date":"2013-04-05 15:51:05"
},
{
"kids":[
"zr0mehFeg"
],
"uid":"3163794374",
"parent":"",
"text":"这是真的吗?我还听他们说什么把敷不出小鸡小鸭的蛋经加工后拿到市场上卖？真的假的？[思考][雪人]",
"mid":"zqKuf0xQN",
"date":"2013-04-05 15:50:13"
},
{
"kids":[],
"uid":"2462440047",
"parent":"",
"text":"",
"mid":"zqKuc3cSW",
"date":"2013-04-05 15:50:06"
},
{
"kids":[],
"uid":"2621248671",
"parent":"",
"text":"病毒！社会肌体中了H7N9.",
"mid":"zqKuaC0V2",
"date":"2013-04-05 15:50:04"
},
{
"kids":[
"zqLcaxiJU",
"zqKwRuoAl"
],
"uid":"1807514434",
"parent":"",
"text":"这么多病，罪魁祸首还是人类，经济飞速发展，人类不断挑战自然规律！",
"mid":"zqKu70aAc",
"date":"2013-04-05 15:49:55"
},
{
"kids":[],
"uid":"2168561882",
"parent":"",
"text":"",
"mid":"zqKu42Qrc",
"date":"2013-04-05 15:49:49"
},
{
"kids":[],
"uid":"2898003847",
"parent":"",
"text":"",
"mid":"zqKu2gmqd",
"date":"2013-04-05 15:49:45"
},
{
"kids":[],
"uid":"527897949",
"parent":"",
"text":"",
"mid":"zqKtM2i7j",
"date":"2013-04-05 15:49:06"
},
{
"kids":[],
"uid":"3024749261",
"parent":"",
"text":"[怒][怒][怒]",
"mid":"zqKtH1oic",
"date":"2013-04-05 15:48:54"
},
{
"kids":[],
"uid":"2199158724",
"parent":"",
"text":"我去〜",
"mid":"zqKtCg4f1",
"date":"2013-04-05 15:48:41"
},
{
"kids":[
"zqKCdmK5U"
],
"uid":"1530561565",
"parent":"",
"text":"",
"mid":"zqKtBpq9R",
"date":"2013-04-05 15:48:39"
},
{
"kids":[],
"uid":"1674155050",
"parent":"",
"text":"太可怕了",
"mid":"zqKtsxpB5",
"date":"2013-04-05 15:48:20"
},
{
"kids":[],
"uid":"2711668292",
"parent":"",
"text":"",
"mid":"zqKtqqLjK",
"date":"2013-04-05 15:48:15"
},
{
"kids":[],
"uid":"cynthiahbs",
"parent":"zqKqhaHen",
"text":"[吃惊]",
"mid":"zqKtmDrte",
"date":"2013-04-05 15:48:04"
},
{
"kids":[],
"uid":"1959878097",
"parent":"",
"text":"以前英国人把死牛骨加工成饲料，给牛吃。结果有了疯牛病。。。",
"mid":"zqKtjovt2",
"date":"2013-04-05 15:47:56"
},
{
"kids":[
"zqLuSBmtY"
],
"uid":"3189420384",
"parent":"",
"text":"[晕]转！！",
"mid":"zqKtjnNG2",
"date":"2013-04-05 15:47:56"
},
{
"kids":[],
"uid":"1750127057",
"parent":"",
"text":"",
"mid":"zqKtfd6av",
"date":"2013-04-05 15:47:47"
},
{
"kids":[],
"uid":"2967786097",
"parent":"",
"text":"",
"mid":"zqKt41UGw",
"date":"2013-04-05 15:47:20"
},
{
"kids":[
"zqMm41ftW"
],
"uid":"haikoufengqingyang",
"parent":"",
"text":"",
"mid":"zqKt1DMk5",
"date":"2013-04-05 15:47:15"
},
{
"kids":[],
"uid":"1958873854",
"parent":"",
"text":"耸人听闻的内幕层层挖来，人类为恶行买单",
"mid":"zqKsT6wHm",
"date":"2013-04-05 15:46:53"
},
{
"kids":[
"zqKRJt6Kh"
],
"uid":"2002693623",
"parent":"zqK9pFmVo",
"text":"",
"mid":"zqKsIoUr0",
"date":"2013-04-05 15:46:30"
},
{
"kids":[],
"uid":"dar777",
"parent":"zqKs9f2nl",
"text":"",
"mid":"zqKsGkPjk",
"date":"2013-04-05 15:46:25"
},
{
"kids":[],
"uid":"125552888",
"parent":"",
"text":"",
"mid":"zqKswi0qo",
"date":"2013-04-05 15:46:02"
},
{
"kids":[],
"uid":"3075982023",
"parent":"",
"text":"",
"mid":"zqKsrycbg",
"date":"2013-04-05 15:45:50"
},
{
"kids":[],
"uid":"hntvmedia",
"parent":"",
"text":"不是吧？@TV哇哇   鸽子还是猪？",
"mid":"zqKsmzPWS",
"date":"2013-04-05 15:45:36"
},
{
"kids":[],
"uid":"liaojianwen123",
"parent":"",
"text":"",
"mid":"zqKsbj7HF",
"date":"2013-04-05 15:45:12"
},
{
"kids":[],
"uid":"tigermouse",
"parent":"",
"text":"你害我，我害你。过去是刀枪棍棒，现在是毒水毒空气毒食品。",
"mid":"zqKsb2xIb",
"date":"2013-04-05 15:45:10"
},
{
"kids":[
"zqKsGkPjk"
],
"uid":"1959507243",
"parent":"",
"text":"政府有几千亿美元无偿援助给别国,却不愿为国内百姓的病死猪掏钱挖坑!这是什么国家?!",
"mid":"zqKs9f2nl",
"date":"2013-04-05 15:45:05"
},
{
"kids":[],
"uid":"molafeier",
"parent":"",
"text":"昭忠将军没准儿正在研究把死猪上升到生化武器的战略高度问题呢！",
"mid":"zqKs7tzFX",
"date":"2013-04-05 15:45:00"
},
{
"kids":[],
"uid":"1216350267",
"parent":"",
"text":"[话筒]",
"mid":"zqKrTzak3",
"date":"2013-04-05 15:44:27"
},
{
"kids":[],
"uid":"1187948451",
"parent":"",
"text":"",
"mid":"zqKrBg0v4",
"date":"2013-04-05 15:43:43"
},
{
"kids":[],
"uid":"fanhongyu1991",
"parent":"",
"text":"",
"mid":"zqKrxprlB",
"date":"2013-04-05 15:43:36"
},
{
"kids":[],
"uid":"2889720087",
"parent":"",
"text":"@風兩剌猬",
"mid":"zqKrso1Wm",
"date":"2013-04-05 15:43:24"
},
{
"kids":[],
"uid":"3171491460",
"parent":"",
"text":"",
"mid":"zqKrqkYpz",
"date":"2013-04-05 15:43:19"
},
{
"kids":[],
"uid":"1237640850",
"parent":"",
"text":"",
"mid":"zqKrp96sr",
"date":"2013-04-05 15:43:16"
},
{
"kids":[],
"uid":"2568510880",
"parent":"",
"text":"",
"mid":"zqKrlA8sc",
"date":"2013-04-05 15:43:07"
},
{
"kids":[],
"uid":"2994683843",
"parent":"",
"text":"",
"mid":"zqKrkqk15",
"date":"2013-04-05 15:43:05"
},
{
"kids":[],
"uid":"2972012440",
"parent":"",
"text":"",
"mid":"zqKrg1Bjm",
"date":"2013-04-05 15:42:54"
},
{
"kids":[],
"uid":"1395775803",
"parent":"",
"text":"",
"mid":"zqKrdjNBY",
"date":"2013-04-05 15:42:48"
},
{
"kids":[],
"uid":"1218999473",
"parent":"",
"text":"",
"mid":"zqKqY06lp",
"date":"2013-04-05 15:42:11"
},
{
"kids":[],
"uid":"2062429593",
"parent":"zqKmtBC1d",
"text":"",
"mid":"zqKqSn3aE",
"date":"2013-04-05 15:41:58"
},
{
"kids":[],
"uid":"2679311422",
"parent":"",
"text":"",
"mid":"zqKqEcYhc",
"date":"2013-04-05 15:41:22"
},
{
"kids":[],
"uid":"1925003110",
"parent":"",
"text":"[吃惊][吃惊][吃惊][吃惊][吃惊]",
"mid":"zqKquaSYZ",
"date":"2013-04-05 15:40:58"
},
{
"kids":[],
"uid":"emmaus3",
"parent":"zqKnCyhHY",
"text":"勤劳智慧的养猪专业户们为食物链的增长做出了不朽的贡献！木有人告诉他们死猪该如何处理吗？",
"mid":"zqKqu8cWw",
"date":"2013-04-05 15:40:59"
},
{
"kids":[],
"uid":"1863415247",
"parent":"",
"text":"",
"mid":"zqKqqhDJX",
"date":"2013-04-05 15:40:50"
},
{
"kids":[],
"uid":"songshaofu",
"parent":"",
"text":"",
"mid":"zqKqqhDFn",
"date":"2013-04-05 15:40:51"
},
{
"kids":[
"zqKuzm9sw"
],
"uid":"liuyu001",
"parent":"",
"text":"病毒传播链[汗]——出奇的愤怒！",
"mid":"zqKqkoRlG",
"date":"2013-04-05 15:40:34"
},
{
"kids":[],
"uid":"2298565475",
"parent":"zqKmwyWf0",
"text":"人类自残",
"mid":"zqKqjeMTw",
"date":"2013-04-05 15:40:32"
},
{
"kids":[],
"uid":"2704384394",
"parent":"",
"text":"不会吧。。。。",
"mid":"zqKqhaHhu",
"date":"2013-04-05 15:40:28"
},
{
"kids":[
"zqKtmDrte"
],
"uid":"1655641975",
"parent":"",
"text":"饲料算不错了，不直接食用。熟食不知吃了多少了！恐怖！想不吃都难。@徐昕 @般若的微博 @石述思 [怒][怒][怒]",
"mid":"zqKqhaHen",
"date":"2013-04-05 15:40:28"
},
{
"kids":[],
"uid":"2768255605",
"parent":"",
"text":"",
"mid":"zqKqdjleb",
"date":"2013-04-05 15:40:19"
},
{
"kids":[],
"uid":"2890246454",
"parent":"",
"text":"[怒]",
"mid":"zqKq9amKT",
"date":"2013-04-05 15:40:10"
},
{
"kids":[],
"uid":"yuzhuotongxing",
"parent":"",
"text":"求辟谣",
"mid":"zqKq8hUmm",
"date":"2013-04-05 15:40:07"
},
{
"kids":[],
"uid":"inho",
"parent":"",
"text":"早点离开这个国度或彻底改变这个国度!没有一个让人安心的消息",
"mid":"zqKq6uDMG",
"date":"2013-04-05 15:40:04"
},
{
"kids":[],
"uid":"bobosh",
"parent":"",
"text":"",
"mid":"zqKpWaXAE",
"date":"2013-04-05 15:39:37"
},
{
"kids":[
"zqZ1QFFdG",
"zqZ1QF4WP",
"zqPOCaSP3"
],
"uid":"zhangjiang88",
"parent":"",
"text":"",
"mid":"zqKpOarsl",
"date":"2013-04-05 15:39:19"
},
{
"kids":[],
"uid":"3090788624",
"parent":"",
"text":"[怒]现在的人越来越缺乏道德观念，悲哀o。",
"mid":"zqKpN1lFU",
"date":"2013-04-05 15:39:17"
},
{
"kids":[],
"uid":"apureflame",
"parent":"",
"text":"死猪用途广啊 可以做成火腿肠 还能变饲料 再不行投江做猪肉汤 壮哉我大中华 把节约精神发挥到了极致",
"mid":"zqKpKBtsc",
"date":"2013-04-05 15:39:11"
},
{
"kids":[],
"uid":"2173864957",
"parent":"",
"text":"",
"mid":"zqKpHE9bK",
"date":"2013-04-05 15:39:05"
},
{
"kids":[],
"uid":"234524128",
"parent":"",
"text":"",
"mid":"zqKpGtj3c",
"date":"2013-04-05 15:39:02"
},
{
"kids":[],
"uid":"2662637461",
"parent":"",
"text":"拿着纳税人的钱却不能监管，还恬不知耻的说：全程监管不可能，都是让养殖户自律。能拿钱不能管事，还不如养头猪。",
"mid":"zqKptcBMW",
"date":"2013-04-05 15:38:31"
},
{
"kids":[],
"uid":"818880926",
"parent":"",
"text":"[怒]",
"mid":"zqKprqKqN",
"date":"2013-04-05 15:38:24"
},
{
"kids":[],
"uid":"gagachia",
"parent":"zqKmwyWf0",
"text":"我们都在吃什么....",
"mid":"zqKpqfhAl",
"date":"2013-04-05 15:38:23"
},
{
"kids":[],
"uid":"2513187485",
"parent":"",
"text":"",
"mid":"zqKphEUiF",
"date":"2013-04-05 15:38:02"
},
{
"kids":[],
"uid":"2354741830",
"parent":"",
"text":"[吃惊]",
"mid":"zqKpc4its",
"date":"2013-04-05 15:37:48"
},
{
"kids":[],
"uid":"1966519063",
"parent":"",
"text":"[汗]",
"mid":"zqKpbtdiy",
"date":"2013-04-05 15:37:47"
},
{
"kids":[],
"uid":"2204287860",
"parent":"",
"text":"",
"mid":"zqKpa0Lzh",
"date":"2013-04-05 15:37:42"
},
{
"kids":[],
"uid":"1915423183",
"parent":"",
"text":"",
"mid":"zqKp6rMP5",
"date":"2013-04-05 15:37:36"
},
{
"kids":[],
"uid":"1218231510",
"parent":"",
"text":"",
"mid":"zqKoZ36aG",
"date":"2013-04-05 15:37:17"
},
{
"kids":[],
"uid":"weil1992",
"parent":"",
"text":"",
"mid":"zqKoVfZnw",
"date":"2013-04-05 15:37:08"
},
{
"kids":[],
"uid":"1098337977",
"parent":"",
"text":"真让人不能吃肉了。越来越明白我一个朋友长住中国以后，声称他是素食主义者，而其实在美国他根本不是。",
"mid":"zqKoysdJD",
"date":"2013-04-05 15:36:15"
},
{
"kids":[],
"uid":"2813693443",
"parent":"",
"text":"\"人性\"[愤怒][愤怒][愤怒]忒##H7N9禽流感#可怕了！",
"mid":"zqKox26e9",
"date":"2013-04-05 15:36:12"
},
{
"kids":[],
"uid":"sdmwq",
"parent":"zqKmtBC1d",
"text":"无耻!太无耻!做中囯梦的去哪了?办实事的去哪了?",
"mid":"zqKott7tR",
"date":"2013-04-05 15:36:03"
},
{
"kids":[],
"uid":"2637160590",
"parent":"",
"text":"越听越可怕!",
"mid":"zqKorod7i",
"date":"2013-04-05 15:35:58"
},
{
"kids":[],
"uid":"2324689530",
"parent":"",
"text":"@虞姬夫君",
"mid":"zqKohmaSQ",
"date":"2013-04-05 15:35:32"
},
{
"kids":[],
"uid":"2208700653",
"parent":"",
"text":"",
"mid":"zqKobpg0n",
"date":"2013-04-05 15:35:19"
},
{
"kids":[],
"uid":"cathy010923",
"parent":"",
"text":"胡说八道",
"mid":"zqKo8uay4",
"date":"2013-04-05 15:35:13"
},
{
"kids":[],
"uid":"shenjunwei",
"parent":"",
"text":"艹你妈！",
"mid":"zqKo6EnTp",
"date":"2013-04-05 15:35:08"
},
{
"kids":[],
"uid":"2391431434",
"parent":"",
"text":"",
"mid":"zqKnJEDxD",
"date":"2013-04-05 15:34:12"
},
{
"kids":[],
"uid":"hbeswy",
"parent":"",
"text":"这尼玛，，，",
"mid":"zqKnG4T7m",
"date":"2013-04-05 15:34:03"
},
{
"kids":[
"zqKqu8cWw"
],
"uid":"xtimeline",
"parent":"",
"text":"#实时热点推荐# 热度: 72.0°",
"mid":"zqKnCyhHY",
"date":"2013-04-05 15:33:57"
},
{
"kids":[],
"uid":"3305019951",
"parent":"",
"text":"",
"mid":"zqKnzgZEd",
"date":"2013-04-05 15:33:47"
},
{
"kids":[],
"uid":"1788840061",
"parent":"",
"text":"",
"mid":"zqKnv9Tyf",
"date":"2013-04-05 15:33:37"
},
{
"kids":[],
"uid":"2354457442",
"parent":"",
"text":"TMD,受谁指示，这样害人？[怒]",
"mid":"zqKnuxbq1",
"date":"2013-04-05 15:33:37"
},
{
"kids":[],
"uid":"1068189722",
"parent":"",
"text":"我们在链子的这一头[衰][抓狂][生病]",
"mid":"zqKntpvOr",
"date":"2013-04-05 15:33:33"
},
{
"kids":[],
"uid":"lixiaoqin1980",
"parent":"",
"text":"[衰]",
"mid":"zqKnnba2z",
"date":"2013-04-05 15:33:21"
},
{
"kids":[],
"uid":"2605743294",
"parent":"",
"text":"",
"mid":"zqKnmyrOw",
"date":"2013-04-05 15:33:17"
},
{
"kids":[],
"uid":"2302510115",
"parent":"",
"text":"",
"mid":"zqKn10mCV",
"date":"2013-04-05 15:32:26"
},
{
"kids":[],
"uid":"1789297005",
"parent":"",
"text":"",
"mid":"zqKmZeXgV",
"date":"2013-04-05 15:32:23"
},
{
"kids":[],
"uid":"206531567",
"parent":"",
"text":"恐怖袭击啊",
"mid":"zqKmV9Scs",
"date":"2013-04-05 15:32:13"
},
{
"kids":[],
"uid":"2503631727",
"parent":"",
"text":"",
"mid":"zqKmNb71C",
"date":"2013-04-05 15:31:54"
},
{
"kids":[],
"uid":"1749678351",
"parent":"",
"text":"难道我会说游戏规则出了错？",
"mid":"zqKmNb6XT",
"date":"2013-04-05 15:31:54"
},
{
"kids":[],
"uid":"molafeier",
"parent":"zqKmwyWf0",
"text":"[怒]",
"mid":"zqKmMwpse",
"date":"2013-04-05 15:31:53"
},
{
"kids":[],
"uid":"1656215813",
"parent":"",
"text":"",
"mid":"zqKmGj4Vc",
"date":"2013-04-05 15:31:36"
},
{
"kids":[
"zqKV15nJq"
],
"uid":"xxinjudy",
"parent":"",
"text":"",
"mid":"zqKmz04TB",
"date":"2013-04-05 15:31:19"
},
{
"kids":[
"zqL5T72UY",
"zqKZRgcg5",
"zqKqjeMTw",
"zqKpqfhAl",
"zqKmMwpse"
],
"uid":"1584773361",
"parent":"",
"text":"这个世界太疯狂了![怒]",
"mid":"zqKmwyWf0",
"date":"2013-04-05 15:31:14"
},
{
"kids":[],
"uid":"1956268332",
"parent":"",
"text":"",
"mid":"zqKmwxRe8",
"date":"2013-04-05 15:31:12"
},
{
"kids":[],
"uid":"2968067091",
"parent":"",
"text":"",
"mid":"zqKmuvTwm",
"date":"2013-04-05 15:31:10"
},
{
"kids":[
"zqKEWnHrZ",
"zqKqSn3aE",
"zqKott7tR"
],
"uid":"333537520",
"parent":"",
"text":"继续隐瞒……[怒]",
"mid":"zqKmtBC1d",
"date":"2013-04-05 15:31:07"
},
{
"kids":[],
"uid":"1936045855",
"parent":"",
"text":"",
"mid":"zqKmmdr8X",
"date":"2013-04-05 15:30:48"
},
{
"kids":[],
"uid":"xcl896",
"parent":"",
"text":"",
"mid":"zqKml5MFF",
"date":"2013-04-05 15:30:45"
},
{
"kids":[],
"uid":"3193469695",
"parent":"",
"text":"",
"mid":"zqKkRc4Ms",
"date":"2013-04-05 15:27:07"
},
{
"kids":[],
"uid":"1768027152",
"parent":"",
"text":"",
"mid":"zqKkNiQX6",
"date":"2013-04-05 15:26:59"
},
{
"kids":[],
"uid":"3113300317",
"parent":"",
"text":"[抓狂]",
"mid":"zqKkzasrq",
"date":"2013-04-05 15:26:24"
},
{
"kids":[],
"uid":"2159034103",
"parent":"",
"text":"真可怕！",
"mid":"zqKk5302o",
"date":"2013-04-05 15:25:12"
},
{
"kids":[],
"uid":"2953640583",
"parent":"",
"text":"",
"mid":"zqKjEnt5v",
"date":"2013-04-05 15:24:10"
},
{
"kids":[],
"uid":"warsmoke",
"parent":"",
"text":"得重新认知食物链了！",
"mid":"zqKjeFTkZ",
"date":"2013-04-05 15:23:07"
},
{
"kids":[],
"uid":"2486481381",
"parent":"",
"text":"",
"mid":"zqKiz2aU5",
"date":"2013-04-05 15:21:28"
},
{
"kids":[],
"uid":"1934071287",
"parent":"",
"text":"",
"mid":"zqKhb2wNB",
"date":"2013-04-05 15:18:04"
},
{
"kids":[],
"uid":"2845703981",
"parent":"",
"text":"",
"mid":"zqKgOj7uT",
"date":"2013-04-05 15:17:09"
},
{
"kids":[],
"uid":"yelling",
"parent":"",
"text":"really？？？",
"mid":"zqKg0CgkE",
"date":"2013-04-05 15:15:11"
},
{
"kids":[],
"uid":"2261626975",
"parent":"",
"text":"自己人害自己人！[衰]",
"mid":"zqKfuqSkg",
"date":"2013-04-05 15:13:54"
},
{
"kids":[],
"uid":"1862791313",
"parent":"",
"text":"",
"mid":"zqKeoczkT",
"date":"2013-04-05 15:11:10"
},
{
"kids":[],
"uid":"2100801897",
"parent":"",
"text":"",
"mid":"zqKekDAsg",
"date":"2013-04-05 15:11:02"
},
{
"kids":[],
"uid":"1165864420",
"parent":"",
"text":"人类都是自己害自己。",
"mid":"zqKef0tGI",
"date":"2013-04-05 15:10:50"
},
{
"kids":[],
"uid":"109station",
"parent":"",
"text":"[怒]",
"mid":"zqKdZo4MI",
"date":"2013-04-05 15:10:13"
},
{
"kids":[],
"uid":"3038690055",
"parent":"zqKcsubUS",
"text":"",
"mid":"zqKdNxGhx",
"date":"2013-04-05 15:09:43"
},
{
"kids":[],
"uid":"zxfvip",
"parent":"",
"text":"鸭去了哪里？",
"mid":"zqKdKhy2o",
"date":"2013-04-05 15:09:37"
},
{
"kids":[],
"uid":"2681254075",
"parent":"",
"text":"产业链条变异h1n1演变H7N9.",
"mid":"zqKdC02cj",
"date":"2013-04-05 15:09:18"
},
{
"kids":[],
"uid":"57692103",
"parent":"",
"text":"",
"mid":"zqKcR0QTu",
"date":"2013-04-05 15:07:23"
},
{
"kids":[
"zqKQ16Vzj",
"zqKdNxGhx"
],
"uid":"wang37463278",
"parent":"",
"text":"",
"mid":"zqKcsubUS",
"date":"2013-04-05 15:06:27"
},
{
"kids":[],
"uid":"1662153672",
"parent":"",
"text":"每次吃完猪骨头鸡骨头倒进泔脚桶。就会想到，泔脚拉去喂猪，不是猪在吃猪吗？油〜〜〜",
"mid":"zqKclrKpe",
"date":"2013-04-05 15:06:08"
},
{
"kids":[],
"uid":"1945688223",
"parent":"",
"text":"",
"mid":"zqKbWAlNM",
"date":"2013-04-05 15:05:09"
},
{
"kids":[],
"uid":"1920878604",
"parent":"",
"text":"說句不好聽的話，十幾億國民都在玩自掘墳墓的遊戲。",
"mid":"zqKbOCmim",
"date":"2013-04-05 15:04:50"
},
{
"kids":[],
"uid":"2472119784",
"parent":"",
"text":"这帮人，啊！没有良心",
"mid":"zqKbLowmw",
"date":"2013-04-05 15:04:41"
},
{
"kids":[],
"uid":"2028201387",
"parent":"",
"text":"",
"mid":"zqKbBAgKo",
"date":"2013-04-05 15:04:20"
},
{
"kids":[],
"uid":"1864240715",
"parent":"",
"text":"",
"mid":"zqKbxcnM5",
"date":"2013-04-05 15:04:10"
},
{
"kids":[
"zqLMruN2s"
],
"uid":"2478810261",
"parent":"",
"text":"[吃惊]",
"mid":"zqKbsqGJ5",
"date":"2013-04-05 15:03:59"
},
{
"kids":[],
"uid":"539501299",
"parent":"",
"text":"连环反应",
"mid":"zqKbd4RbL",
"date":"2013-04-05 15:03:21"
},
{
"kids":[],
"uid":"1102873694",
"parent":"",
"text":"",
"mid":"zqKbbCTAN",
"date":"2013-04-05 15:03:17"
},
{
"kids":[],
"uid":"1349416151",
"parent":"",
"text":"可怕的产业链.",
"mid":"zqKbbjA29",
"date":"2013-04-05 15:03:16"
},
{
"kids":[],
"uid":"1849019594",
"parent":"",
"text":"",
"mid":"zqKbbineF",
"date":"2013-04-05 15:03:18"
},
{
"kids":[],
"uid":"3204007711",
"parent":"",
"text":"",
"mid":"zqKaQ36fe",
"date":"2013-04-05 15:02:27"
},
{
"kids":[],
"uid":"2589520853",
"parent":"",
"text":"真省！！！！",
"mid":"zqKaG1T6T",
"date":"2013-04-05 15:02:03"
},
{
"kids":[],
"uid":"2804564380",
"parent":"",
"text":"",
"mid":"zqKav30rh",
"date":"2013-04-05 15:01:35"
},
{
"kids":[],
"uid":"2833709403",
"parent":"",
"text":"[围观]",
"mid":"zqKanDtjl",
"date":"2013-04-05 15:01:19"
},
{
"kids":[],
"uid":"ashinnet",
"parent":"",
"text":"",
"mid":"zqKa02whX",
"date":"2013-04-05 15:00:22"
},
{
"kids":[],
"uid":"477617293",
"parent":"",
"text":"[吃惊]",
"mid":"zqK9Y0Zjs",
"date":"2013-04-05 15:00:17"
},
{
"kids":[],
"uid":"3204756833",
"parent":"",
"text":"",
"mid":"zqK9P6soX",
"date":"2013-04-05 14:59:56"
},
{
"kids":[],
"uid":"2038358505",
"parent":"",
"text":"@楚天都市报 @大案CASE @东方今报 真的假的?[吃惊][吃惊][吃惊][吃惊]",
"mid":"zqK9D2256",
"date":"2013-04-05 14:59:28"
},
{
"kids":[],
"uid":"2853778122",
"parent":"",
"text":"",
"mid":"zqK9CnUHf",
"date":"2013-04-05 14:59:27"
},
{
"kids":[
"zqKsIoUr0"
],
"uid":"xueshuqianyan",
"parent":"",
"text":"",
"mid":"zqK9pFmVo",
"date":"2013-04-05 14:58:56"
},
{
"kids":[],
"uid":"2551704842",
"parent":"",
"text":"",
"mid":"zqK9msRMv",
"date":"2013-04-05 14:58:49"
},
{
"kids":[],
"uid":"1944248123",
"parent":"",
"text":"人祸",
"mid":"zqK99p48D",
"date":"2013-04-05 14:58:18"
},
{
"kids":[],
"uid":"3206868324",
"parent":"",
"text":"",
"mid":"zqK8U3ehj",
"date":"2013-04-05 14:57:40"
},
{
"kids":[],
"uid":"2926598522",
"parent":"zqK3CmcoQ",
"text":"",
"mid":"zqK8FgAW8",
"date":"2013-04-05 14:57:05"
},
{
"kids":[],
"uid":"2285643775",
"parent":"",
"text":"各行各业都在不遗余力地在埋葬社会，何解？",
"mid":"zqK8w8fAD",
"date":"2013-04-05 14:56:44"
},
{
"kids":[],
"uid":"jiangjuanye",
"parent":"",
"text":"[汗]",
"mid":"zqK8vvn9F",
"date":"2013-04-05 14:56:43"
},
{
"kids":[],
"uid":"1726918870",
"parent":"",
"text":"[吃驚]",
"mid":"zqK88soQ7",
"date":"2013-04-05 14:55:48"
},
{
"kids":[],
"uid":"2135100522",
"parent":"",
"text":"完了！",
"mid":"zqK84E3Bb",
"date":"2013-04-05 14:55:39"
},
{
"kids":[],
"uid":"2856609161",
"parent":"",
"text":"造孽啊",
"mid":"zqK82yZo8",
"date":"2013-04-05 14:55:34"
},
{
"kids":[],
"uid":"2565733030",
"parent":"",
"text":"",
"mid":"zqK7z21IY",
"date":"2013-04-05 14:54:22"
},
{
"kids":[],
"uid":"3004510401",
"parent":"",
"text":"",
"mid":"zqK6L8EH4",
"date":"2013-04-05 14:52:23"
},
{
"kids":[
"zqLRCqwwN"
],
"uid":"2119376507",
"parent":"",
"text":"这是根源？",
"mid":"zqK6Fc7KR",
"date":"2013-04-05 14:52:10"
},
{
"kids":[],
"uid":"yejianbb",
"parent":"",
"text":"",
"mid":"zqK5YEqEk",
"date":"2013-04-05 14:50:29"
},
{
"kids":[],
"uid":"1460598982",
"parent":"",
"text":"",
"mid":"zqK5A8W2q",
"date":"2013-04-05 14:49:30"
},
{
"kids":[],
"uid":"1975502151",
"parent":"",
"text":"",
"mid":"zqK5t3gAo",
"date":"2013-04-05 14:49:11"
},
{
"kids":[],
"uid":"2827829297",
"parent":"",
"text":"",
"mid":"zqK5k9Qix",
"date":"2013-04-05 14:48:52"
},
{
"kids":[],
"uid":"2802085581",
"parent":"",
"text":"转",
"mid":"zqK530fLK",
"date":"2013-04-05 14:48:09"
},
{
"kids":[],
"uid":"1925075893",
"parent":"",
"text":"这是自已人害自已人呀！",
"mid":"zqK4V2NaT",
"date":"2013-04-05 14:47:52"
},
{
"kids":[],
"uid":"chengdubai",
"parent":"",
"text":"这个应该是真的哦！",
"mid":"zqK4Uc7ig",
"date":"2013-04-05 14:47:48"
},
{
"kids":[],
"uid":"2828614183",
"parent":"",
"text":"",
"mid":"zqK4OvdIk",
"date":"2013-04-05 14:47:36"
},
{
"kids":[],
"uid":"2783788145",
"parent":"",
"text":"",
"mid":"zqK4LhzCn",
"date":"2013-04-05 14:47:29"
},
{
"kids":[],
"uid":"3169730537",
"parent":"",
"text":"",
"mid":"zqK4vk6n8",
"date":"2013-04-05 14:46:48"
},
{
"kids":[],
"uid":"2358909843",
"parent":"",
"text":"",
"mid":"zqK49rYPG",
"date":"2013-04-05 14:45:58"
},
{
"kids":[
"zqKCRyaiX",
"zqK8FgAW8"
],
"uid":"809045674",
"parent":"",
"text":"[吃惊]",
"mid":"zqK3CmcoQ",
"date":"2013-04-05 14:44:39"
},
{
"kids":[],
"uid":"2732953613",
"parent":"",
"text":"",
"mid":"zqK38vlev",
"date":"2013-04-05 14:43:27"
}
]