[
{
"kids":[],
"uid":"3695515382",
"parent":"AiDNltIxk",
"text":"",
"mid":"AiE5sFJCx",
"date":"2013-11-14 07:34:35"
},
{
"kids":[],
"uid":"lljj1954",
"parent":"AiDNltIxk",
"text":"",
"mid":"AiDXt7BK1",
"date":"2013-11-14 07:14:54"
},
{
"kids":[
"AiE5sFJCx",
"AiDXt7BK1"
],
"uid":"2971676875",
"parent":"AiDCnhk8s",
"text":"",
"mid":"AiDNltIxk",
"date":"2013-11-14 06:49:58"
},
{
"kids":[
"AiE5sFJCx",
"AiDXt7BK1",
"AiDNltIxk"
],
"uid":"1670232545",
"parent":"",
"text":"是假消息，你拿出证据推翻它，是最好的伸张正义、尊重事实的手段···········",
"mid":"AiDCnhk8s",
"date":"2013-11-14 06:22:56"
},
{
"kids":[],
"uid":"1616555084",
"parent":"AiBgkeEbx",
"text":"灭口？某党的一贯手法！",
"mid":"AiBklD2Yg",
"date":"2013-11-14 00:33:02"
},
{
"kids":[
"AiBklD2Yg"
],
"uid":"1826945111",
"parent":"AixES6PgF",
"text":"",
"mid":"AiBgkeEbx",
"date":"2013-11-14 00:23:07"
},
{
"kids":[
"AiBklD2Yg",
"AiBgkeEbx"
],
"uid":"1644499207",
"parent":"zjD5L9xyu",
"text":"",
"mid":"AixES6PgF",
"date":"2013-11-13 15:12:36"
},
{
"kids":[],
"uid":"2909344873",
"parent":"",
"text":"",
"mid":"zkutea0pv",
"date":"2013-02-23 12:01:59"
},
{
"kids":[],
"uid":"gzhuangchao5999",
"parent":"",
"text":"怎么处理的。",
"mid":"zkoJx10BL",
"date":"2013-02-22 21:25:40"
},
{
"kids":[],
"uid":"2809425710",
"parent":"",
"text":"",
"mid":"zke2fD9mM",
"date":"2013-02-21 18:11:33"
},
{
"kids":[],
"uid":"1956994680",
"parent":"zjkkLsFlr",
"text":"",
"mid":"zkc2vbFC9",
"date":"2013-02-21 13:06:40"
},
{
"kids":[],
"uid":"1241860814",
"parent":"",
"text":"",
"mid":"zk88yel5d",
"date":"2013-02-21 03:10:37"
},
{
"kids":[],
"uid":"2919343904",
"parent":"",
"text":"",
"mid":"zjZJfB9rA",
"date":"2013-02-20 05:46:19"
},
{
"kids":[],
"uid":"2823522695",
"parent":"",
"text":"",
"mid":"zjWGqfR1a",
"date":"2013-02-19 22:01:06"
},
{
"kids":[],
"uid":"2840321860",
"parent":"",
"text":"[给力]",
"mid":"zjSxEjcIE",
"date":"2013-02-19 11:28:29"
},
{
"kids":[],
"uid":"2919370060",
"parent":"",
"text":"",
"mid":"zjSdGb3Vl",
"date":"2013-02-19 10:39:18"
},
{
"kids":[],
"uid":"1841614554",
"parent":"zjRVOoLyA",
"text":"",
"mid":"zjS6acemV",
"date":"2013-02-19 10:20:48"
},
{
"kids":[],
"uid":"515456595",
"parent":"zjRXizh6Z",
"text":"啊？求辟谣！",
"mid":"zjS1qrQ6X",
"date":"2013-02-19 10:09:06"
},
{
"kids":[
"zjS1qrQ6X"
],
"uid":"2127222222",
"parent":"zjRVOoLyA",
"text":"",
"mid":"zjRXizh6Z",
"date":"2013-02-19 09:58:55"
},
{
"kids":[
"zjS6acemV",
"zjRXizh6Z"
],
"uid":"1653133371",
"parent":"",
"text":"[吃惊]",
"mid":"zjRVOoLyA",
"date":"2013-02-19 09:55:15"
},
{
"kids":[],
"uid":"3157422302",
"parent":"",
"text":"百姓的話都是造謠！因為人民都是精神病，該吃藥啦！[偷笑]",
"mid":"zjR1Q8qVX",
"date":"2013-02-19 07:37:23"
},
{
"kids":[],
"uid":"1337052720",
"parent":"zjD5L9xyu",
"text":"",
"mid":"zjD7U65kK",
"date":"2013-02-17 20:13:52"
},
{
"kids":[
"AiBklD2Yg",
"AiBgkeEbx",
"AixES6PgF",
"zjD7U65kK"
],
"uid":"2757319071",
"parent":"",
"text":"",
"mid":"zjD5L9xyu",
"date":"2013-02-17 20:08:35"
},
{
"kids":[],
"uid":"1583211475",
"parent":"zjiR4u9Jw",
"text":"",
"mid":"zjAYvgwni",
"date":"2013-02-17 14:45:13"
},
{
"kids":[],
"uid":"3040166833",
"parent":"zjctK15Bn",
"text":"",
"mid":"zjyqe1MHi",
"date":"2013-02-17 08:15:16"
},
{
"kids":[],
"uid":"2919351812",
"parent":"zjgim1W6Z",
"text":"",
"mid":"zjvsPrrl7",
"date":"2013-02-17 00:43:23"
},
{
"kids":[],
"uid":"2480664251",
"parent":"zjjzBh8Ld",
"text":"",
"mid":"zjvpkffHo",
"date":"2013-02-17 00:34:49"
},
{
"kids":[],
"uid":"1887982197",
"parent":"zjkV3172H",
"text":"吴戈:我不谈这个案这个人，我只觉得新浪微博社区管理中心的管理越来越接近于在创建中国第一个公开的文字狱，虽然处罚不重，但其指控和诉讼过程，堪称向中国政府法治看齐，一丘之貉。它对法治常识本身就薄弱的中国公民，将是一次大规模的现实愚民。",
"mid":"zjsbDbEeg",
"date":"2013-02-16 16:22:48"
},
{
"kids":[],
"uid":"2625371144",
"parent":"",
"text":"",
"mid":"zjr6sxuPD",
"date":"2013-02-16 13:37:19"
},
{
"kids":[],
"uid":"lygmstar",
"parent":"",
"text":"",
"mid":"zjqO1uzwA",
"date":"2013-02-16 12:51:56"
},
{
"kids":[],
"uid":"chinawanghongyun",
"parent":"zjktfb0a9",
"text":"真的假的？",
"mid":"zjq7HzHo0",
"date":"2013-02-16 11:07:39"
},
{
"kids":[],
"uid":"2789764704",
"parent":"zjhbzzDyc",
"text":"",
"mid":"zjq5x74UO",
"date":"2013-02-16 11:02:19"
},
{
"kids":[],
"uid":"2708577267",
"parent":"zjpJXoOry",
"text":"",
"mid":"zjpPV8iSF",
"date":"2013-02-16 10:23:49"
},
{
"kids":[
"zjpPV8iSF"
],
"uid":"630712398",
"parent":"",
"text":"是真是假,总有点空穴来风,丁记也发表点什么?",
"mid":"zjpJXoOry",
"date":"2013-02-16 10:09:10"
},
{
"kids":[],
"uid":"2919565752",
"parent":"zjgim1W6Z",
"text":"",
"mid":"zjpIN0I92",
"date":"2013-02-16 10:06:17"
},
{
"kids":[],
"uid":"1975328104",
"parent":"zjkV3172H",
"text":"",
"mid":"zjpwBrOXw",
"date":"2013-02-16 09:36:16"
},
{
"kids":[],
"uid":"1806963397",
"parent":"zjkxBcpr7",
"text":"",
"mid":"zjp4Rn2y1",
"date":"2013-02-16 08:27:55"
},
{
"kids":[],
"uid":"1409151737",
"parent":"",
"text":"求真相!",
"mid":"zjoYMktBh",
"date":"2013-02-16 08:12:56"
},
{
"kids":[],
"uid":"1079637157",
"parent":"zjkV3172H",
"text":"请评论我发明了世界第一支实用拐弯步枪，是真的，还是假的？我出6万元演示费！！！！！！！！",
"mid":"zjoEWbGBo",
"date":"2013-02-16 07:24:03"
},
{
"kids":[],
"uid":"2545195900",
"parent":"zjhoh4jNB",
"text":"",
"mid":"zjoktE7Xc",
"date":"2013-02-16 06:33:39"
},
{
"kids":[],
"uid":"shenhaolei",
"parent":"zjkV3172H",
"text":"我不谈这个案这个人，我只想赞颂一下我们的政府我们的党",
"mid":"zjnKUnUGi",
"date":"2013-02-16 05:06:01"
},
{
"kids":[],
"uid":"1694788361",
"parent":"zjkV3172H",
"text":"早死早好",
"mid":"zjnr347KB",
"date":"2013-02-16 04:17:05"
},
{
"kids":[],
"uid":"2790064310",
"parent":"zjkYWpTBl",
"text":"",
"mid":"zjn26b1NM",
"date":"2013-02-16 03:15:37"
},
{
"kids":[],
"uid":"2436905415",
"parent":"zjh6ugsU0",
"text":"",
"mid":"zjmW4DSDA",
"date":"2013-02-16 03:00:47"
},
{
"kids":[],
"uid":"2824057970",
"parent":"",
"text":"",
"mid":"zjmDNd6NS",
"date":"2013-02-16 02:15:44"
},
{
"kids":[],
"uid":"1714219422",
"parent":"",
"text":"[围观]",
"mid":"zjmaq6jWe",
"date":"2013-02-16 01:03:22"
},
{
"kids":[],
"uid":"3176436330",
"parent":"zjkV3172H",
"text":"",
"mid":"zjlY5AOhT",
"date":"2013-02-16 00:33:01"
},
{
"kids":[],
"uid":"402050447",
"parent":"zjkV3172H",
"text":"防民之口甚于防川",
"mid":"zjlHuaqtB",
"date":"2013-02-15 23:52:02"
},
{
"kids":[],
"uid":"3169490510",
"parent":"zjkV3172H",
"text":"",
"mid":"zjlw0hahY",
"date":"2013-02-15 23:23:46"
},
{
"kids":[],
"uid":"3172021941",
"parent":"zjkV3172H",
"text":"",
"mid":"zjlt12D4u",
"date":"2013-02-15 23:16:26"
},
{
"kids":[],
"uid":"1880843565",
"parent":"zjkV3172H",
"text":"",
"mid":"zjlr5BvRq",
"date":"2013-02-15 23:11:40"
},
{
"kids":[],
"uid":"3181860182",
"parent":"",
"text":"",
"mid":"zjliOkmSW",
"date":"2013-02-15 22:51:18"
},
{
"kids":[],
"uid":"3168825974",
"parent":"zjkV3172H",
"text":"",
"mid":"zjliirgLZ",
"date":"2013-02-15 22:50:02"
},
{
"kids":[],
"uid":"3217326963",
"parent":"zjkV3172H",
"text":"",
"mid":"zjlfbcqNU",
"date":"2013-02-15 22:42:21"
},
{
"kids":[],
"uid":"3264660503",
"parent":"",
"text":"",
"mid":"zjl9eoyhD",
"date":"2013-02-15 22:27:41"
},
{
"kids":[],
"uid":"3146393115",
"parent":"zjkV3172H",
"text":"我不谈这个案这个人，我只觉得新浪微博社区管理中心的管理越来越接近于在创建中国第一个公开的文字狱，虽然处罚不重，但其指控和诉讼过程，堪称向中国政府法治看齐，一丘之貉。它对法治常识本身就薄弱的中国公民，将是一次大规模的现实愚民。",
"mid":"zjl8T8F8o",
"date":"2013-02-15 22:26:51"
},
{
"kids":[],
"uid":"2023617857",
"parent":"zjkV3172H",
"text":"",
"mid":"zjl7o6VQB",
"date":"2013-02-15 22:23:07"
},
{
"kids":[],
"uid":"3025009091",
"parent":"zjkV3172H",
"text":"",
"mid":"zjl6qDOuW",
"date":"2013-02-15 22:20:46"
},
{
"kids":[],
"uid":"2322835111",
"parent":"zjkV3172H",
"text":"",
"mid":"zjl66gyB4",
"date":"2013-02-15 22:19:57"
},
{
"kids":[],
"uid":"1763820632",
"parent":"zjl35yJbN",
"text":"",
"mid":"zjl4SjI16",
"date":"2013-02-15 22:16:57"
},
{
"kids":[
"zjl4SjI16"
],
"uid":"shoushilv",
"parent":"",
"text":"",
"mid":"zjl35yJbN",
"date":"2013-02-15 22:12:34"
},
{
"kids":[],
"uid":"2816899357",
"parent":"zjkV3172H",
"text":"",
"mid":"zjl2lqdbx",
"date":"2013-02-15 22:10:42"
},
{
"kids":[],
"uid":"3177252530",
"parent":"zjkV3172H",
"text":"",
"mid":"zjl21C9tY",
"date":"2013-02-15 22:09:55"
},
{
"kids":[],
"uid":"1972866037",
"parent":"zjkV3172H",
"text":"在断送自己前程",
"mid":"zjl1Z1HZC",
"date":"2013-02-15 22:09:48"
},
{
"kids":[],
"uid":"2499290683",
"parent":"zjkV3172H",
"text":"",
"mid":"zjl1OBuVh",
"date":"2013-02-15 22:09:23"
},
{
"kids":[],
"uid":"1033714204",
"parent":"zjkV3172H",
"text":"该人看起来面善，但命太薄。",
"mid":"zjl19hpx8",
"date":"2013-02-15 22:07:46"
},
{
"kids":[],
"uid":"2617635374",
"parent":"",
"text":"",
"mid":"zjl0Q4vWZ",
"date":"2013-02-15 22:06:57"
},
{
"kids":[],
"uid":"2919002545",
"parent":"zjkV3172H",
"text":"",
"mid":"zjl0OzTLN",
"date":"2013-02-15 22:06:58"
},
{
"kids":[],
"uid":"2112452600",
"parent":"zjkV3172H",
"text":"",
"mid":"zjkZrdHQC",
"date":"2013-02-15 22:03:34"
},
{
"kids":[
"zjn26b1NM"
],
"uid":"3190158691",
"parent":"zjkV3172H",
"text":"",
"mid":"zjkYWpTBl",
"date":"2013-02-15 22:02:21"
},
{
"kids":[],
"uid":"3235782887",
"parent":"zjkV3172H",
"text":"转发微博。",
"mid":"zjkYx5l5q",
"date":"2013-02-15 22:01:17"
},
{
"kids":[],
"uid":"1407293823",
"parent":"zjkV3172H",
"text":"",
"mid":"zjkXC0IJ8",
"date":"2013-02-15 21:59:02"
},
{
"kids":[],
"uid":"3122458350",
"parent":"zjkV3172H",
"text":"",
"mid":"zjkX4lSMR",
"date":"2013-02-15 21:57:44"
},
{
"kids":[],
"uid":"3189907270",
"parent":"zjkV3172H",
"text":"没错！！我刚刚就表达了对国家和党未来的有所忧虑的评论，就给我屏蔽了。。。",
"mid":"zjkWRCStp",
"date":"2013-02-15 21:57:14"
},
{
"kids":[],
"uid":"2L87",
"parent":"zjkV3172H",
"text":"文字狱+1",
"mid":"zjkWRBNYe",
"date":"2013-02-15 21:57:13"
},
{
"kids":[],
"uid":"3191423644",
"parent":"",
"text":"愚民被愚而乐之。",
"mid":"zjkWO6j9o",
"date":"2013-02-15 21:57:05"
},
{
"kids":[],
"uid":"2947948893",
"parent":"zjkV3172H",
"text":":我不谈这个案这个人，我只觉得新浪微博社区管理中心的管理越来越接近于在创建中国第一个公开的文字狱，虽然处罚不重，但其指控和诉讼过程，堪称向中国政府法治看齐，一丘之貉。它对法治常识本身就薄弱的中国公民，将是一次大规模的现实愚民。",
"mid":"zjkWhj6Uk",
"date":"2013-02-15 21:55:45"
},
{
"kids":[],
"uid":"1272258481",
"parent":"zjkV3172H",
"text":"@记者丁锐: 「求辟谣：常务副市长陈尸护城河」原铁岭市常务副市长清华才子袁卫亮尸沉沈阳护城河！当地有关 部门及个别领导正在全力以赴不惜代价不择手段组织在各大论坛贴吧博客删帖，仅此一 贴，即创昨日中国删帖经济历史最高，个别管理单笔收入超过10万元，现在关于袁卫亮死讯99%以上都打不开，",
"mid":"zjkW4x01U",
"date":"2013-02-15 21:55:16"
},
{
"kids":[
"zjsbDbEeg",
"zjpwBrOXw",
"zjoEWbGBo",
"zjnKUnUGi",
"zjnr347KB",
"zjlY5AOhT",
"zjlHuaqtB",
"zjlw0hahY",
"zjlt12D4u",
"zjlr5BvRq",
"zjliirgLZ",
"zjlfbcqNU",
"zjl8T8F8o",
"zjl7o6VQB",
"zjl6qDOuW",
"zjl66gyB4",
"zjl2lqdbx",
"zjl21C9tY",
"zjl1Z1HZC",
"zjl1OBuVh",
"zjl19hpx8",
"zjl0OzTLN",
"zjkZrdHQC",
"zjkYWpTBl",
"zjkYx5l5q",
"zjkXC0IJ8",
"zjkX4lSMR",
"zjkWRCStp",
"zjkWRBNYe",
"zjkWhj6Uk",
"zjkW4x01U"
],
"uid":"2318028647",
"parent":"zjiQweorA",
"text":"我不谈这个案这个人，我只觉得新浪微博社区管理中心的管理越来越接近于在创建中国第一个公开的文字狱，虽然处罚不重，但其指控和诉讼过程，堪称向中国政府法治看齐，一丘之貉。它对法治常识本身就薄弱的中国公民，将是一次大规模的现实愚民。",
"mid":"zjkV3172H",
"date":"2013-02-15 21:52:45"
},
{
"kids":[],
"uid":"1847571003",
"parent":"",
"text":"接力",
"mid":"zjkyt2UZy",
"date":"2013-02-15 20:57:07"
},
{
"kids":[
"zjp4Rn2y1"
],
"uid":"1980739733",
"parent":"zjivJhXd7",
"text":"",
"mid":"zjkxBcpr7",
"date":"2013-02-15 20:54:58"
},
{
"kids":[
"zjq7HzHo0"
],
"uid":"1684434644",
"parent":"zjgkSADZC",
"text":"",
"mid":"zjktfb0a9",
"date":"2013-02-15 20:44:16"
},
{
"kids":[],
"uid":"1872035365",
"parent":"",
"text":"",
"mid":"zjksP9dPS",
"date":"2013-02-15 20:43:13"
},
{
"kids":[],
"uid":"1720330260",
"parent":"",
"text":"",
"mid":"zjkoDEMPt",
"date":"2013-02-15 20:32:54"
},
{
"kids":[
"zkc2vbFC9"
],
"uid":"2878224167",
"parent":"",
"text":"",
"mid":"zjkkLsFlr",
"date":"2013-02-15 20:23:23"
},
{
"kids":[],
"uid":"2166565332",
"parent":"",
"text":"",
"mid":"zjkilE1Jz",
"date":"2013-02-15 20:17:26"
},
{
"kids":[],
"uid":"1772761561",
"parent":"",
"text":"",
"mid":"zjkaRpQ3t",
"date":"2013-02-15 19:58:58"
},
{
"kids":[],
"uid":"1487131480",
"parent":"zjfUAmWWs",
"text":"法制不健，人人无安。",
"mid":"zjk7828R6",
"date":"2013-02-15 19:49:44"
},
{
"kids":[],
"uid":"1951254823",
"parent":"",
"text":"",
"mid":"zjk0knoQ9",
"date":"2013-02-15 19:33:01"
},
{
"kids":[],
"uid":"1999486717",
"parent":"zjjQEeO93",
"text":"新浪出面辟谣了！看来这事是真的了！[怒]",
"mid":"zjjWIoGn3",
"date":"2013-02-15 19:24:07"
},
{
"kids":[],
"uid":"2990040825",
"parent":"zjiLwxLuh",
"text":"围观",
"mid":"zjjTRo2Yu",
"date":"2013-02-15 19:17:02"
},
{
"kids":[],
"uid":"1400277332",
"parent":"",
"text":"",
"mid":"zjjT2zpuF",
"date":"2013-02-15 19:15:03"
},
{
"kids":[],
"uid":"2104036663",
"parent":"zjjzBh8Ld",
"text":"",
"mid":"zjjRRilOz",
"date":"2013-02-15 19:12:09"
},
{
"kids":[
"zjjWIoGn3"
],
"uid":"3095929051",
"parent":"",
"text":"真假给个说法。",
"mid":"zjjQEeO93",
"date":"2013-02-15 19:09:11"
},
{
"kids":[],
"uid":"hzycl",
"parent":"zjjG91x9J",
"text":"求辟谣",
"mid":"zjjPu81T7",
"date":"2013-02-15 19:06:18"
},
{
"kids":[],
"uid":"2597693101",
"parent":"zjh1g7lxc",
"text":"",
"mid":"zjjP8y4mH",
"date":"2013-02-15 19:05:27"
},
{
"kids":[],
"uid":"3095929051",
"parent":"zjjG91x9J",
"text":"",
"mid":"zjjNW5CXR",
"date":"2013-02-15 19:02:29"
},
{
"kids":[],
"uid":"1640748801",
"parent":"zjhpKmTRI",
"text":"众位贪官长出一口气",
"mid":"zjjMpvFxP",
"date":"2013-02-15 18:58:44"
},
{
"kids":[],
"uid":"2512776931",
"parent":"zjjI8aWQK",
"text":"我倒希望恢复肉刑，用篾条抽他们的臭嘴！打成悟能的样子才解气。",
"mid":"zjjJc6twu",
"date":"2013-02-15 18:50:47"
},
{
"kids":[
"zjjJc6twu"
],
"uid":"2474974065",
"parent":"zjjHuhhLG",
"text":"[赞]新浪微博也就这点权利，要不趁教养没取消~教养他一年吧！",
"mid":"zjjI8aWQK",
"date":"2013-02-15 18:48:08"
},
{
"kids":[
"zjjI8aWQK"
],
"uid":"2512776931",
"parent":"zjjGG4Lb3",
"text":"对制造谣言惑众者惩罚太轻！",
"mid":"zjjHuhhLG",
"date":"2013-02-15 18:46:36"
},
{
"kids":[],
"uid":"1698250425",
"parent":"",
"text":"",
"mid":"zjjGL4C9l",
"date":"2013-02-15 18:44:48"
},
{
"kids":[
"zjjHuhhLG"
],
"uid":"2474974065",
"parent":"",
"text":"能不能讲点记者的职业道德！[鄙视]",
"mid":"zjjGG4Lb3",
"date":"2013-02-15 18:44:37"
},
{
"kids":[],
"uid":"1971815123",
"parent":"",
"text":"",
"mid":"zjjGzyt6Z",
"date":"2013-02-15 18:44:20"
},
{
"kids":[],
"uid":"2810213044",
"parent":"",
"text":"早知今日，何必当初，做人要厚道，不至于此",
"mid":"zjjGudUoX",
"date":"2013-02-15 18:44:05"
},
{
"kids":[
"zjjPu81T7",
"zjjNW5CXR"
],
"uid":"2757319071",
"parent":"zjj0ErUWr",
"text":"",
"mid":"zjjG91x9J",
"date":"2013-02-15 18:43:17"
},
{
"kids":[],
"uid":"laikankan",
"parent":"",
"text":"",
"mid":"zjjF4blOP",
"date":"2013-02-15 18:40:36"
},
{
"kids":[],
"uid":"xiaojing0408",
"parent":"zjjzBh8Ld",
"text":"",
"mid":"zjjD44AW2",
"date":"2013-02-15 18:35:41"
},
{
"kids":[],
"uid":"uc85087858",
"parent":"zjjzBh8Ld",
"text":"",
"mid":"zjjASq90Z",
"date":"2013-02-15 18:30:18"
},
{
"kids":[],
"uid":"1423477077",
"parent":"",
"text":"",
"mid":"zjjAdn7hh",
"date":"2013-02-15 18:28:41"
},
{
"kids":[
"zjvpkffHo",
"zjjRRilOz",
"zjjD44AW2",
"zjjASq90Z"
],
"uid":"2036033817",
"parent":"",
"text":"@诗人秦汉:",
"mid":"zjjzBh8Ld",
"date":"2013-02-15 18:27:10"
},
{
"kids":[],
"uid":"cmyhdodo",
"parent":"",
"text":"",
"mid":"zjjw5udGl",
"date":"2013-02-15 18:18:31"
},
{
"kids":[],
"uid":"1706203713",
"parent":"",
"text":"",
"mid":"zjjuVEBEX",
"date":"2013-02-15 18:15:40"
},
{
"kids":[],
"uid":"206200101",
"parent":"",
"text":"",
"mid":"zjjuJ0Y81",
"date":"2013-02-15 18:15:09"
},
{
"kids":[],
"uid":"2891286364",
"parent":"",
"text":"[汗]",
"mid":"zjju8m3Q5",
"date":"2013-02-15 18:13:42"
},
{
"kids":[],
"uid":"1601919660",
"parent":"zjiDC2h76",
"text":"",
"mid":"zjjmP3MAn",
"date":"2013-02-15 17:55:40"
},
{
"kids":[],
"uid":"317999865",
"parent":"",
"text":"",
"mid":"zjjh7lmTv",
"date":"2013-02-15 17:41:38"
},
{
"kids":[],
"uid":"2835710717",
"parent":"zjijQ2XGe",
"text":"",
"mid":"zjjfG6Spj",
"date":"2013-02-15 17:38:04"
},
{
"kids":[],
"uid":"1339052174",
"parent":"zjiQweorA",
"text":"等删帖。",
"mid":"zjj8QCPsn",
"date":"2013-02-15 17:21:16"
},
{
"kids":[],
"uid":"1815483684",
"parent":"",
"text":"",
"mid":"zjj7TghRW",
"date":"2013-02-15 17:18:54"
},
{
"kids":[],
"uid":"yiguiwang74635",
"parent":"",
"text":"不必大惊小怪",
"mid":"zjj68eUrU",
"date":"2013-02-15 17:14:34"
},
{
"kids":[],
"uid":"2072429122",
"parent":"",
"text":"",
"mid":"zjj5Tbekg",
"date":"2013-02-15 17:13:56"
},
{
"kids":[],
"uid":"1235892305",
"parent":"",
"text":"",
"mid":"zjj30FgBT",
"date":"2013-02-15 17:06:53"
},
{
"kids":[],
"uid":"3122670761",
"parent":"zjiFcoA77",
"text":"",
"mid":"zjj2zdK3D",
"date":"2013-02-15 17:05:46"
},
{
"kids":[
"zjjG91x9J"
],
"uid":"2681669443",
"parent":"zjivbBAxo",
"text":"",
"mid":"zjj0ErUWr",
"date":"2013-02-15 17:01:04"
},
{
"kids":[],
"uid":"1946852273",
"parent":"",
"text":"转起",
"mid":"zjj0az4oi",
"date":"2013-02-15 16:59:53"
},
{
"kids":[],
"uid":"2578806427",
"parent":"zjiM32fSq",
"text":"[钟]",
"mid":"zjj09pY5W",
"date":"2013-02-15 16:59:48"
},
{
"kids":[],
"uid":"815948698",
"parent":"zjiQcEPWO",
"text":"",
"mid":"zjiY63RGT",
"date":"2013-02-15 16:54:45"
},
{
"kids":[],
"uid":"2276811970",
"parent":"zjh2Skq1Z",
"text":"",
"mid":"zjiTCimY8",
"date":"2013-02-15 16:43:43"
},
{
"kids":[],
"uid":"272339936",
"parent":"",
"text":"",
"mid":"zjiSoBObg",
"date":"2013-02-15 16:40:43"
},
{
"kids":[],
"uid":"272339936",
"parent":"zjiPsBzrE",
"text":"",
"mid":"zjiRTz9RF",
"date":"2013-02-15 16:39:29"
},
{
"kids":[],
"uid":"1967387043",
"parent":"zjiQweorA",
"text":"",
"mid":"zjiRCbOmq",
"date":"2013-02-15 16:38:48"
},
{
"kids":[],
"uid":"3058637714",
"parent":"zjiPsBzrE",
"text":"",
"mid":"zjiRjetz2",
"date":"2013-02-15 16:38:03"
},
{
"kids":[
"zjAYvgwni"
],
"uid":"1916252707",
"parent":"zjiQweorA",
"text":"举啥啊!让本人出来见下不就行了吗?",
"mid":"zjiR4u9Jw",
"date":"2013-02-15 16:37:28"
},
{
"kids":[
"zjkV3172H",
"zjj8QCPsn",
"zjiRCbOmq",
"zjiR4u9Jw"
],
"uid":"1922749731",
"parent":"zjiFWwTnj",
"text":"这得有一年了吧，还在举证？",
"mid":"zjiQweorA",
"date":"2013-02-15 16:36:06"
},
{
"kids":[
"zjiY63RGT"
],
"uid":"719841222",
"parent":"",
"text":"[衰]",
"mid":"zjiQcEPWO",
"date":"2013-02-15 16:35:18"
},
{
"kids":[
"zjiRTz9RF",
"zjiRjetz2"
],
"uid":"2161686470",
"parent":"",
"text":"",
"mid":"zjiPsBzrE",
"date":"2013-02-15 16:33:29"
},
{
"kids":[],
"uid":"lezeham",
"parent":"zjiDr5zHT",
"text":"五毛大丰收啊，五毛也是中国特产吧。",
"mid":"zjiP6a5K7",
"date":"2013-02-15 16:32:34"
},
{
"kids":[],
"uid":"2610936891",
"parent":"zjhrEwLYg",
"text":"?",
"mid":"zjiOSgi9u",
"date":"2013-02-15 16:32:03"
},
{
"kids":[
"zjj09pY5W"
],
"uid":"2017134894",
"parent":"",
"text":"",
"mid":"zjiM32fSq",
"date":"2013-02-15 16:25:05"
},
{
"kids":[],
"uid":"1064804175",
"parent":"zjgUt4rRB",
"text":"",
"mid":"zjiLLjovU",
"date":"2013-02-15 16:24:23"
},
{
"kids":[
"zjjTRo2Yu"
],
"uid":"1416867173",
"parent":"",
"text":"",
"mid":"zjiLwxLuh",
"date":"2013-02-15 16:23:48"
},
{
"kids":[],
"uid":"ShawnParker",
"parent":"",
"text":"",
"mid":"zjiLfmuvs",
"date":"2013-02-15 16:23:06"
},
{
"kids":[],
"uid":"beilu519",
"parent":"zjiwiqmuh",
"text":"",
"mid":"zjiL0ih9i",
"date":"2013-02-15 16:22:32"
},
{
"kids":[],
"uid":"2335894323",
"parent":"",
"text":"",
"mid":"zjiJgcTMS",
"date":"2013-02-15 16:18:13"
},
{
"kids":[],
"uid":"3176915592",
"parent":"zjfUAmWWs",
"text":"",
"mid":"zjiHo29tH",
"date":"2013-02-15 16:13:37"
},
{
"kids":[],
"uid":"yuanlairulai",
"parent":"",
"text":"[吃惊]",
"mid":"zjiGuwb1Y",
"date":"2013-02-15 16:11:24"
},
{
"kids":[],
"uid":"hubinatbj",
"parent":"zjiFWwTnj",
"text":"",
"mid":"zjiG8DbIX",
"date":"2013-02-15 16:10:30"
},
{
"kids":[
"zjiQweorA",
"zjiG8DbIX"
],
"uid":"1916252707",
"parent":"",
"text":"这样的提示显得很民主。",
"mid":"zjiFWwTnj",
"date":"2013-02-15 16:10:03"
},
{
"kids":[],
"uid":"2109343591",
"parent":"zjg20sZQI",
"text":"",
"mid":"zjiFDzHmk",
"date":"2013-02-15 16:09:18"
},
{
"kids":[
"zjj2zdK3D"
],
"uid":"baiyiding",
"parent":"zjiwiqmuh",
"text":"",
"mid":"zjiFcoA77",
"date":"2013-02-15 16:08:13"
},
{
"kids":[
"zjjmP3MAn"
],
"uid":"hougecekong",
"parent":"",
"text":"",
"mid":"zjiDC2h76",
"date":"2013-02-15 16:04:16"
},
{
"kids":[
"zjiP6a5K7"
],
"uid":"1463229443",
"parent":"zjhAxE5PE",
"text":"真的假的?",
"mid":"zjiDr5zHT",
"date":"2013-02-15 16:03:52"
},
{
"kids":[],
"uid":"2914022657",
"parent":"",
"text":"新浪居然这么坚守",
"mid":"zjiDagYlh",
"date":"2013-02-15 16:03:12"
},
{
"kids":[],
"uid":"1653426180",
"parent":"zjiB3DxbH",
"text":"新浪提示v5",
"mid":"zjiD7gK1d",
"date":"2013-02-15 16:03:05"
},
{
"kids":[],
"uid":"2212588360",
"parent":"zjiwiqmuh",
"text":"",
"mid":"zjiBWCjDW",
"date":"2013-02-15 16:00:12"
},
{
"kids":[],
"uid":"2669813595",
"parent":"zjicuDek3",
"text":"",
"mid":"zjiBV7i6g",
"date":"2013-02-15 16:00:08"
},
{
"kids":[],
"uid":"hougecekong",
"parent":"zjivlBcsr",
"text":"",
"mid":"zjiBI81zD",
"date":"2013-02-15 15:59:37"
},
{
"kids":[],
"uid":"2357428275",
"parent":"zjivlBcsr",
"text":"",
"mid":"zjiBll0XY",
"date":"2013-02-15 15:58:44"
},
{
"kids":[
"zjiD7gK1d"
],
"uid":"zoukang118",
"parent":"",
"text":"",
"mid":"zjiB3DxbH",
"date":"2013-02-15 15:58:01"
},
{
"kids":[],
"uid":"2204647274",
"parent":"",
"text":"哦哦哦[哈哈]",
"mid":"zjiB32EVg",
"date":"2013-02-15 15:57:58"
},
{
"kids":[],
"uid":"portuguesa",
"parent":"",
"text":"应该是挂了，这事没人敢开玩笑。",
"mid":"zjizz7GSE",
"date":"2013-02-15 15:54:20"
},
{
"kids":[],
"uid":"1972368781",
"parent":"zjimLbET2",
"text":"",
"mid":"zjiz517FP",
"date":"2013-02-15 15:53:06"
},
{
"kids":[],
"uid":"tuilizhishen",
"parent":"zjivJhXd7",
"text":"沈阳的护城河在哪？我怎么不知道？",
"mid":"zjiz4Fdpv",
"date":"2013-02-15 15:53:08"
},
{
"kids":[],
"uid":"1902169232",
"parent":"",
"text":"",
"mid":"zjixCAQSZ",
"date":"2013-02-15 15:49:31"
},
{
"kids":[],
"uid":"2706054813",
"parent":"",
"text":"哈哈，是勃起！",
"mid":"zjixvvj5i",
"date":"2013-02-15 15:49:16"
},
{
"kids":[],
"uid":"2519707332",
"parent":"zjitp4aDZ",
"text":"",
"mid":"zjixltvGe",
"date":"2013-02-15 15:48:50"
},
{
"kids":[],
"uid":"1790215963",
"parent":"zjivJhXd7",
"text":"这消息多少年前的了",
"mid":"zjiwjAsXt",
"date":"2013-02-15 15:46:20"
},
{
"kids":[
"zjiL0ih9i",
"zjiFcoA77",
"zjiBWCjDW"
],
"uid":"chuyu0858",
"parent":"zjivJhXd7",
"text":"[吃惊]",
"mid":"zjiwiqmuh",
"date":"2013-02-15 15:46:17"
},
{
"kids":[],
"uid":"1179395164",
"parent":"zjivbBAxo",
"text":"问题很严重啊!哈!求真相[衰][汗][疑问]",
"mid":"zjiweicgf",
"date":"2013-02-15 15:46:07"
},
{
"kids":[],
"uid":"zhanwuwang",
"parent":"zjivbBAxo",
"text":"2011年的事？不是都结案了吗？",
"mid":"zjivYmhL4",
"date":"2013-02-15 15:45:29"
},
{
"kids":[
"zjkxBcpr7",
"zjiz4Fdpv",
"zjiwjAsXt",
"zjiwiqmuh"
],
"uid":"bhqishi",
"parent":"",
"text":"",
"mid":"zjivJhXd7",
"date":"2013-02-15 15:44:51"
},
{
"kids":[
"zjiBI81zD",
"zjiBll0XY"
],
"uid":"2366838724",
"parent":"",
"text":"",
"mid":"zjivlBcsr",
"date":"2013-02-15 15:43:57"
},
{
"kids":[
"zjj0ErUWr",
"zjiweicgf",
"zjivYmhL4"
],
"uid":"1012515785",
"parent":"zjiuHrDSA",
"text":"",
"mid":"zjivbBAxo",
"date":"2013-02-15 15:43:33"
},
{
"kids":[
"zjivbBAxo"
],
"uid":"zhanwuwang",
"parent":"zjimLbET2",
"text":"[织]",
"mid":"zjiuHrDSA",
"date":"2013-02-15 15:42:21"
},
{
"kids":[],
"uid":"1015863433",
"parent":"",
"text":"[偷笑][偷笑][偷笑]",
"mid":"zjitqeiUU",
"date":"2013-02-15 15:39:12"
},
{
"kids":[
"zjixltvGe"
],
"uid":"1415919235",
"parent":"",
"text":"",
"mid":"zjitp4aDZ",
"date":"2013-02-15 15:39:08"
},
{
"kids":[],
"uid":"1494904532",
"parent":"",
"text":"回复@毕啸南:百度一下其中几个关键词，就明白了。",
"mid":"zjiqN8jfA",
"date":"2013-02-15 15:32:41"
},
{
"kids":[],
"uid":"1067699024",
"parent":"",
"text":"",
"mid":"zjioWbbsE",
"date":"2013-02-15 15:28:09"
},
{
"kids":[],
"uid":"3109261177",
"parent":"",
"text":"",
"mid":"zjiok6X5H",
"date":"2013-02-15 15:26:38"
},
{
"kids":[],
"uid":"2682998803",
"parent":"zjhAPo2zU",
"text":"[晕][围观]",
"mid":"zjinNgvPc",
"date":"2013-02-15 15:25:21"
},
{
"kids":[],
"uid":"1494904532",
"parent":"",
"text":"这个不是旧闻吧？2011年就有，怎么又提起来了？",
"mid":"zjinEnTtq",
"date":"2013-02-15 15:24:58"
},
{
"kids":[],
"uid":"2432103077",
"parent":"",
"text":"",
"mid":"zjin7Btsy",
"date":"2013-02-15 15:23:42"
},
{
"kids":[
"zjiz517FP",
"zjiuHrDSA"
],
"uid":"2757319071",
"parent":"",
"text":"",
"mid":"zjimLbET2",
"date":"2013-02-15 15:22:47"
},
{
"kids":[],
"uid":"2183041765",
"parent":"zjhiifpiI",
"text":"",
"mid":"zjil5oWKF",
"date":"2013-02-15 15:18:40"
},
{
"kids":[],
"uid":"2495628672",
"parent":"zjijQ2XGe",
"text":"",
"mid":"zjikCvGK0",
"date":"2013-02-15 15:17:29"
},
{
"kids":[],
"uid":"2908312170",
"parent":"",
"text":"加密则传真",
"mid":"zjikg4c4I",
"date":"2013-02-15 15:16:36"
},
{
"kids":[
"zjjfG6Spj",
"zjikCvGK0"
],
"uid":"276769651",
"parent":"",
"text":"",
"mid":"zjijQ2XGe",
"date":"2013-02-15 15:15:35"
},
{
"kids":[],
"uid":"2909853467",
"parent":"",
"text":"",
"mid":"zjiiC49Sf",
"date":"2013-02-15 15:12:34"
},
{
"kids":[],
"uid":"1620368060",
"parent":"zjicuDek3",
"text":"",
"mid":"zjiiAzRQ4",
"date":"2013-02-15 15:12:31"
},
{
"kids":[],
"uid":"2420921763",
"parent":"",
"text":"[围观]",
"mid":"zjiigcDNI",
"date":"2013-02-15 15:11:40"
},
{
"kids":[],
"uid":"2004343915",
"parent":"zjifqFFYC",
"text":"求证[疑问]下一个就是某省长和厅长了[挖鼻屎]",
"mid":"zjigNcMDQ",
"date":"2013-02-15 15:08:05"
},
{
"kids":[],
"uid":"1458115312",
"parent":"zji4Ri1zx",
"text":"@渤海论坛官博 求辟谣",
"mid":"zjigJDOOx",
"date":"2013-02-15 15:07:56"
},
{
"kids":[],
"uid":"1586808120",
"parent":"",
"text":"",
"mid":"zjiglqYXr",
"date":"2013-02-15 15:06:57"
},
{
"kids":[
"zjigNcMDQ"
],
"uid":"1806963397",
"parent":"",
"text":"",
"mid":"zjifqFFYC",
"date":"2013-02-15 15:04:43"
},
{
"kids":[
"zjiBV7i6g",
"zjiiAzRQ4"
],
"uid":"1851978981",
"parent":"zji875hrU",
"text":"",
"mid":"zjicuDek3",
"date":"2013-02-15 14:57:29"
},
{
"kids":[],
"uid":"1951809505",
"parent":"zjh3hpM4v",
"text":"",
"mid":"zjicduVNZ",
"date":"2013-02-15 14:56:49"
},
{
"kids":[],
"uid":"1448219752",
"parent":"zjhd2zxoC",
"text":"",
"mid":"zji8nE7iW",
"date":"2013-02-15 14:47:23"
},
{
"kids":[],
"uid":"3179623514",
"parent":"zjhiHDj4h",
"text":"",
"mid":"zji8jcaVn",
"date":"2013-02-15 14:47:11"
},
{
"kids":[
"zjicuDek3"
],
"uid":"1803458227",
"parent":"zjgLf1WfS",
"text":"",
"mid":"zji875hrU",
"date":"2013-02-15 14:46:41"
},
{
"kids":[],
"uid":"2267627754",
"parent":"zjhSX9Jgd",
"text":"",
"mid":"zji86wYqm",
"date":"2013-02-15 14:46:41"
},
{
"kids":[],
"uid":"1158525257",
"parent":"",
"text":"",
"mid":"zji64m7yZ",
"date":"2013-02-15 14:41:38"
},
{
"kids":[
"zjigJDOOx"
],
"uid":"2815972722",
"parent":"",
"text":"转发微博。",
"mid":"zji4Ri1zx",
"date":"2013-02-15 14:38:39"
},
{
"kids":[],
"uid":"2313311883",
"parent":"",
"text":"",
"mid":"zji3evRav",
"date":"2013-02-15 14:34:41"
},
{
"kids":[],
"uid":"2970253980",
"parent":"zjhQmqBdm",
"text":"",
"mid":"zjhW51UIk",
"date":"2013-02-15 14:17:03"
},
{
"kids":[],
"uid":"1991894135",
"parent":"",
"text":"",
"mid":"zjhVPA8uz",
"date":"2013-02-15 14:16:26"
},
{
"kids":[],
"uid":"1843038850",
"parent":"zjhxUzj72",
"text":"",
"mid":"zjhVx0Qxw",
"date":"2013-02-15 14:15:42"
},
{
"kids":[],
"uid":"2687829815",
"parent":"",
"text":"",
"mid":"zjhVuCITG",
"date":"2013-02-15 14:15:37"
},
{
"kids":[
"zji86wYqm"
],
"uid":"3144919390",
"parent":"",
"text":"",
"mid":"zjhSX9Jgd",
"date":"2013-02-15 14:09:19"
},
{
"kids":[],
"uid":"3085447535",
"parent":"zjgpPmxID",
"text":"公开本正常，昏官自扰之。有删帖的必要吗？查清原委公之于众不就行了吗？删帖反倒是心虚作祟吧？",
"mid":"zjhRua7tr",
"date":"2013-02-15 14:05:44"
},
{
"kids":[],
"uid":"538571678",
"parent":"zjhQmqBdm",
"text":"又是一根葱[蜡烛][蜡烛]",
"mid":"zjhReuB4x",
"date":"2013-02-15 14:05:06"
},
{
"kids":[],
"uid":"2760573781",
"parent":"zjhQmqBdm",
"text":"",
"mid":"zjhQPlRfH",
"date":"2013-02-15 14:04:07"
},
{
"kids":[
"zjhW51UIk",
"zjhReuB4x",
"zjhQPlRfH"
],
"uid":"2785494305",
"parent":"zjhFgb4cr",
"text":"",
"mid":"zjhQmqBdm",
"date":"2013-02-15 14:02:56"
},
{
"kids":[],
"uid":"2210088274",
"parent":"",
"text":"",
"mid":"zjhIktwnB",
"date":"2013-02-15 13:43:11"
},
{
"kids":[],
"uid":"2242633455",
"parent":"",
"text":"咋回事？",
"mid":"zjhI5qwbK",
"date":"2013-02-15 13:42:34"
},
{
"kids":[],
"uid":"1483640521",
"parent":"zjhFgb4cr",
"text":"？？？",
"mid":"zjhG3yw0H",
"date":"2013-02-15 13:37:35"
},
{
"kids":[],
"uid":"2825471742",
"parent":"zjhFgb4cr",
"text":"",
"mid":"zjhFxDl0E",
"date":"2013-02-15 13:36:18"
},
{
"kids":[
"zjhQmqBdm",
"zjhG3yw0H",
"zjhFxDl0E"
],
"uid":"3013011683",
"parent":"zjhxUzj72",
"text":"[疑问]",
"mid":"zjhFgb4cr",
"date":"2013-02-15 13:35:35"
},
{
"kids":[],
"uid":"1794990592",
"parent":"",
"text":"",
"mid":"zjhFbrgaT",
"date":"2013-02-15 13:35:25"
},
{
"kids":[],
"uid":"1410359020",
"parent":"",
"text":"？",
"mid":"zjhEC2OIC",
"date":"2013-02-15 13:34:00"
},
{
"kids":[],
"uid":"1221133812",
"parent":"",
"text":"[围观]",
"mid":"zjhE68yf7",
"date":"2013-02-15 13:32:43"
},
{
"kids":[],
"uid":"2718009691",
"parent":"",
"text":"",
"mid":"zjhCefBAU",
"date":"2013-02-15 13:28:09"
},
{
"kids":[],
"uid":"2210013951",
"parent":"",
"text":"",
"mid":"zjhBjwudf",
"date":"2013-02-15 13:25:54"
},
{
"kids":[
"zjinNgvPc"
],
"uid":"576873300",
"parent":"",
"text":"",
"mid":"zjhAPo2zU",
"date":"2013-02-15 13:24:41"
},
{
"kids":[],
"uid":"2105816605",
"parent":"",
"text":"[围观]",
"mid":"zjhAMaPc3",
"date":"2013-02-15 13:24:34"
},
{
"kids":[
"zjiDr5zHT"
],
"uid":"2803558702",
"parent":"zjapO6bsf",
"text":"",
"mid":"zjhAxE5PE",
"date":"2013-02-15 13:24:00"
},
{
"kids":[],
"uid":"2642659605",
"parent":"",
"text":"",
"mid":"zjhzTrBRN",
"date":"2013-02-15 13:22:24"
},
{
"kids":[],
"uid":"1927628660",
"parent":"zjh41e5pw",
"text":"",
"mid":"zjhz3tvDF",
"date":"2013-02-15 13:20:18"
},
{
"kids":[],
"uid":"1598162815",
"parent":"",
"text":"[挖鼻屎]有这种可能？",
"mid":"zjhyWEnD2",
"date":"2013-02-15 13:20:04"
},
{
"kids":[],
"uid":"2789784123",
"parent":"",
"text":"",
"mid":"zjhyQdpDr",
"date":"2013-02-15 13:19:48"
},
{
"kids":[],
"uid":"2637570743",
"parent":"zjgfU7Ey1",
"text":"",
"mid":"zjhyE3DhW",
"date":"2013-02-15 13:19:17"
},
{
"kids":[],
"uid":"2707595847",
"parent":"zjhxZ0WM2",
"text":"",
"mid":"zjhyDd9TP",
"date":"2013-02-15 13:19:17"
},
{
"kids":[],
"uid":"3081512087",
"parent":"",
"text":"",
"mid":"zjhyB93HH",
"date":"2013-02-15 13:19:11"
},
{
"kids":[],
"uid":"1463170697",
"parent":"zjgUbm8B4",
"text":"[话筒][吃惊]",
"mid":"zjhyekXfl",
"date":"2013-02-15 13:18:16"
},
{
"kids":[],
"uid":"2954383704",
"parent":"zjhxZ0WM2",
"text":"",
"mid":"zjhy87v2N",
"date":"2013-02-15 13:18:03"
},
{
"kids":[
"zjhyDd9TP",
"zjhy87v2N"
],
"uid":"2759706723",
"parent":"",
"text":"",
"mid":"zjhxZ0WM2",
"date":"2013-02-15 13:17:40"
},
{
"kids":[
"zjhVx0Qxw",
"zjhFgb4cr"
],
"uid":"703045699",
"parent":"",
"text":"?",
"mid":"zjhxUzj72",
"date":"2013-02-15 13:17:31"
},
{
"kids":[],
"uid":"2316403833",
"parent":"",
"text":"大过年的添堵",
"mid":"zjhxzwQXm",
"date":"2013-02-15 13:16:41"
},
{
"kids":[],
"uid":"2251438030",
"parent":"",
"text":"转发求证",
"mid":"zjhuUsB8V",
"date":"2013-02-15 13:10:06"
},
{
"kids":[
"zjiOSgi9u"
],
"uid":"2662327553",
"parent":"zjhp197Sn",
"text":"",
"mid":"zjhrEwLYg",
"date":"2013-02-15 13:02:06"
},
{
"kids":[],
"uid":"1445133181",
"parent":"zjh5Tl0N3",
"text":"",
"mid":"zjhrwy2DP",
"date":"2013-02-15 13:01:46"
},
{
"kids":[
"zjjMpvFxP"
],
"uid":"2509957975",
"parent":"zjh4OhunG",
"text":"",
"mid":"zjhpKmTRI",
"date":"2013-02-15 12:57:23"
},
{
"kids":[],
"uid":"1959877532",
"parent":"zjgLh62Ad",
"text":"",
"mid":"zjhpvhzhA",
"date":"2013-02-15 12:56:46"
},
{
"kids":[],
"uid":"2206115142",
"parent":"",
"text":"",
"mid":"zjhpotG8L",
"date":"2013-02-15 12:56:32"
},
{
"kids":[
"zjhrEwLYg"
],
"uid":"273833334",
"parent":"zjhommerB",
"text":"[放鞭炮]",
"mid":"zjhp197Sn",
"date":"2013-02-15 12:55:34"
},
{
"kids":[],
"uid":"1854860385",
"parent":"zjbWw73to",
"text":"什么时候的事",
"mid":"zjhoRFvUz",
"date":"2013-02-15 12:55:14"
},
{
"kids":[],
"uid":"1401311550",
"parent":"zjhdIfGj4",
"text":"那不好意思了，您再掏几万吧。",
"mid":"zjhoMnBIp",
"date":"2013-02-15 12:55:02"
},
{
"kids":[],
"uid":"2859338634",
"parent":"zjhoh4jNB",
"text":"",
"mid":"zjhoJpbkG",
"date":"2013-02-15 12:54:54"
},
{
"kids":[
"zjhp197Sn"
],
"uid":"3169414857",
"parent":"",
"text":"永无真象！",
"mid":"zjhommerB",
"date":"2013-02-15 12:53:58"
},
{
"kids":[
"zjoktE7Xc",
"zjhoJpbkG"
],
"uid":"577448795",
"parent":"",
"text":"",
"mid":"zjhoh4jNB",
"date":"2013-02-15 12:53:46"
},
{
"kids":[],
"uid":"2759706723",
"parent":"",
"text":"",
"mid":"zjhnMD6n3",
"date":"2013-02-15 12:52:33"
},
{
"kids":[],
"uid":"1497350305",
"parent":"",
"text":"",
"mid":"zjhmXbPwB",
"date":"2013-02-15 12:50:31"
},
{
"kids":[],
"uid":"2989976277",
"parent":"zjhgLnjwc",
"text":"",
"mid":"zjhlLkesI",
"date":"2013-02-15 12:47:35"
},
{
"kids":[],
"uid":"1835950965",
"parent":"",
"text":"",
"mid":"zjhkxF7SI",
"date":"2013-02-15 12:44:35"
},
{
"kids":[],
"uid":"songaliwula",
"parent":"zjhdJqwvZ",
"text":"",
"mid":"zjhks5znf",
"date":"2013-02-15 12:44:21"
},
{
"kids":[],
"uid":"317752555",
"parent":"zjh3hpM4v",
"text":"",
"mid":"zjhjcCTbH",
"date":"2013-02-15 12:41:17"
},
{
"kids":[],
"uid":"1656895351",
"parent":"zjawvharQ",
"text":"",
"mid":"zjhiLaaJO",
"date":"2013-02-15 12:40:11"
},
{
"kids":[
"zji8jcaVn"
],
"uid":"2965031387",
"parent":"zjhgLnjwc",
"text":"求真相！",
"mid":"zjhiHDj4h",
"date":"2013-02-15 12:40:02"
},
{
"kids":[
"zjil5oWKF"
],
"uid":"1729503601",
"parent":"zjhhl7xqc",
"text":"[围观][围观][围观]",
"mid":"zjhiifpiI",
"date":"2013-02-15 12:39:00"
},
{
"kids":[],
"uid":"711137957",
"parent":"zjfUAmWWs",
"text":"",
"mid":"zjhi41AGX",
"date":"2013-02-15 12:38:27"
},
{
"kids":[
"zjhiifpiI"
],
"uid":"1452538591",
"parent":"",
"text":"",
"mid":"zjhhl7xqc",
"date":"2013-02-15 12:36:41"
},
{
"kids":[
"zjhlLkesI",
"zjhiHDj4h"
],
"uid":"jlspfh",
"parent":"zjhfv3HUF",
"text":"狗咬狗的杰作",
"mid":"zjhgLnjwc",
"date":"2013-02-15 12:35:15"
},
{
"kids":[
"zjhgLnjwc"
],
"uid":"1783040911",
"parent":"",
"text":"",
"mid":"zjhfv3HUF",
"date":"2013-02-15 12:32:09"
},
{
"kids":[],
"uid":"2689958563",
"parent":"zjh3hpM4v",
"text":"",
"mid":"zjheebOh0",
"date":"2013-02-15 12:29:01"
},
{
"kids":[
"zjhks5znf"
],
"uid":"songaliwula",
"parent":"",
"text":"",
"mid":"zjhdJqwvZ",
"date":"2013-02-15 12:27:48"
},
{
"kids":[
"zjhoMnBIp"
],
"uid":"2648476497",
"parent":"zjh67eouk",
"text":"习书记看到了！",
"mid":"zjhdIfGj4",
"date":"2013-02-15 12:27:43"
},
{
"kids":[],
"uid":"wenzhousjh",
"parent":"",
"text":"副市长也是人，也可以有善终以外的其他死法。封锁消息，就画蛇添足了。",
"mid":"zjhd7inFc",
"date":"2013-02-15 12:26:17"
},
{
"kids":[
"zji8nE7iW"
],
"uid":"2572715217",
"parent":"zjhbM2p3q",
"text":"",
"mid":"zjhd2zxoC",
"date":"2013-02-15 12:26:06"
},
{
"kids":[],
"uid":"1157101282",
"parent":"zjh6ugsU0",
"text":"",
"mid":"zjhccyYCF",
"date":"2013-02-15 12:24:02"
},
{
"kids":[
"zjhd2zxoC"
],
"uid":"3107660895",
"parent":"",
"text":"",
"mid":"zjhbM2p3q",
"date":"2013-02-15 12:22:57"
},
{
"kids":[],
"uid":"lorrywolf",
"parent":"zjfUAmWWs",
"text":"",
"mid":"zjhbB3qYf",
"date":"2013-02-15 12:22:31"
},
{
"kids":[
"zjq5x74UO"
],
"uid":"2104338930",
"parent":"zjhabAwHD",
"text":"",
"mid":"zjhbzzDyc",
"date":"2013-02-15 12:22:28"
},
{
"kids":[],
"uid":"dlkq",
"parent":"",
"text":"",
"mid":"zjhbj0WgE",
"date":"2013-02-15 12:21:48"
},
{
"kids":[
"zjhbzzDyc"
],
"uid":"2535503531",
"parent":"zjh3hpM4v",
"text":"",
"mid":"zjhabAwHD",
"date":"2013-02-15 12:19:03"
},
{
"kids":[],
"uid":"206434678",
"parent":"",
"text":"",
"mid":"zjh9SnG6O",
"date":"2013-02-15 12:18:17"
},
{
"kids":[],
"uid":"1112111292",
"parent":"",
"text":"@袁腾飞 @任志强 @潘石屹 @郎咸平 @闾丘露薇",
"mid":"zjh9uqyJy",
"date":"2013-02-15 12:17:21"
},
{
"kids":[],
"uid":"2273171010",
"parent":"",
"text":"",
"mid":"zjh8vhluU",
"date":"2013-02-15 12:14:55"
},
{
"kids":[],
"uid":"2663120881",
"parent":"",
"text":"[话筒]",
"mid":"zjh7j6aZx",
"date":"2013-02-15 12:11:58"
},
{
"kids":[
"zjmW4DSDA",
"zjhccyYCF"
],
"uid":"2436905415",
"parent":"zjh533WRW",
"text":"",
"mid":"zjh6ugsU0",
"date":"2013-02-15 12:09:58"
},
{
"kids":[
"zjhdIfGj4"
],
"uid":"ysoei",
"parent":"zjh5Tl0N3",
"text":"",
"mid":"zjh67eouk",
"date":"2013-02-15 12:09:00"
},
{
"kids":[
"zjhrwy2DP",
"zjh67eouk"
],
"uid":"2413734693",
"parent":"zjh533WRW",
"text":"",
"mid":"zjh5Tl0N3",
"date":"2013-02-15 12:08:28"
},
{
"kids":[],
"uid":"2152206684",
"parent":"zjh2Skq1Z",
"text":"",
"mid":"zjh5D5WFq",
"date":"2013-02-15 12:07:49"
},
{
"kids":[],
"uid":"1216350267",
"parent":"",
"text":"",
"mid":"zjh5zw6tv",
"date":"2013-02-15 12:07:42"
},
{
"kids":[],
"uid":"leonlyha",
"parent":"zjgZvolsD",
"text":"[围观]",
"mid":"zjh5zw6sE",
"date":"2013-02-15 12:07:41"
},
{
"kids":[
"zjh6ugsU0",
"zjh5Tl0N3"
],
"uid":"2392504700",
"parent":"zjh08nFkf",
"text":"",
"mid":"zjh533WRW",
"date":"2013-02-15 12:06:23"
},
{
"kids":[
"zjhpKmTRI"
],
"uid":"336115222",
"parent":"zjh3hpM4v",
"text":"[围观]",
"mid":"zjh4OhunG",
"date":"2013-02-15 12:05:49"
},
{
"kids":[],
"uid":"2420015617",
"parent":"",
"text":"",
"mid":"zjh4MuQa0",
"date":"2013-02-15 12:05:44"
},
{
"kids":[],
"uid":"1112111292",
"parent":"",
"text":"",
"mid":"zjh4D1HAh",
"date":"2013-02-15 12:05:22"
},
{
"kids":[],
"uid":"2702580294",
"parent":"",
"text":"",
"mid":"zjh4yBsz4",
"date":"2013-02-15 12:05:12"
},
{
"kids":[
"zjhz3tvDF"
],
"uid":"2583586111",
"parent":"zjh3hpM4v",
"text":"",
"mid":"zjh41e5pw",
"date":"2013-02-15 12:03:52"
},
{
"kids":[],
"uid":"678807149",
"parent":"",
"text":"留着看看～～～",
"mid":"zjh3TwX8d",
"date":"2013-02-15 12:03:33"
},
{
"kids":[
"zjicduVNZ",
"zjhjcCTbH",
"zjheebOh0",
"zjhabAwHD",
"zjh4OhunG",
"zjh41e5pw"
],
"uid":"1999726491",
"parent":"zjgYThadT",
"text":"",
"mid":"zjh3hpM4v",
"date":"2013-02-15 12:02:03"
},
{
"kids":[],
"uid":"1747087497",
"parent":"",
"text":"",
"mid":"zjh398ARs",
"date":"2013-02-15 12:01:41"
},
{
"kids":[
"zjiTCimY8",
"zjh5D5WFq"
],
"uid":"208083776",
"parent":"",
"text":"[围观]",
"mid":"zjh2Skq1Z",
"date":"2013-02-15 12:01:02"
},
{
"kids":[],
"uid":"2216756875",
"parent":"",
"text":"",
"mid":"zjh2Rravt",
"date":"2013-02-15 12:00:59"
},
{
"kids":[],
"uid":"1699315932",
"parent":"",
"text":"求解",
"mid":"zjh2P2XXe",
"date":"2013-02-15 12:00:56"
},
{
"kids":[],
"uid":"3080186021",
"parent":"",
"text":"",
"mid":"zjh2HpmRL",
"date":"2013-02-15 12:00:37"
},
{
"kids":[],
"uid":"2722621411",
"parent":"zjgim1W6Z",
"text":"09年的事了",
"mid":"zjh25wfTq",
"date":"2013-02-15 11:59:07"
},
{
"kids":[],
"uid":"2825648430",
"parent":"",
"text":"",
"mid":"zjh1J7XAU",
"date":"2013-02-15 11:58:13"
},
{
"kids":[
"zjjP8y4mH"
],
"uid":"samxtdw888",
"parent":"",
"text":"",
"mid":"zjh1g7lxc",
"date":"2013-02-15 11:57:04"
},
{
"kids":[],
"uid":"kidaska",
"parent":"zjgLf1WfS",
"text":"[思考]",
"mid":"zjh09ibuc",
"date":"2013-02-15 11:54:20"
},
{
"kids":[
"zjh533WRW"
],
"uid":"335899919",
"parent":"zjgYruoPx",
"text":"[围观]",
"mid":"zjh08nFkf",
"date":"2013-02-15 11:54:18"
},
{
"kids":[],
"uid":"2476433275",
"parent":"",
"text":"",
"mid":"zjgZZdhi9",
"date":"2013-02-15 11:53:56"
},
{
"kids":[],
"uid":"1910291943",
"parent":"",
"text":"@扫地戴口罩DH",
"mid":"zjgZWxylD",
"date":"2013-02-15 11:53:48"
},
{
"kids":[
"zjh5zw6sE"
],
"uid":"2556407821",
"parent":"",
"text":"",
"mid":"zjgZvolsD",
"date":"2013-02-15 11:52:45"
},
{
"kids":[],
"uid":"206782508",
"parent":"zjgYruoPx",
"text":"[吃惊]",
"mid":"zjgZ8B5oq",
"date":"2013-02-15 11:51:51"
},
{
"kids":[],
"uid":"2543431574",
"parent":"zjgTmsVHd",
"text":"",
"mid":"zjgYVAWNf",
"date":"2013-02-15 11:51:20"
},
{
"kids":[
"zjh3hpM4v"
],
"uid":"2583586111",
"parent":"zjgYruoPx",
"text":"",
"mid":"zjgYThadT",
"date":"2013-02-15 11:51:15"
},
{
"kids":[
"zjh08nFkf",
"zjgZ8B5oq",
"zjgYThadT"
],
"uid":"2392504700",
"parent":"zjgPBEYSM",
"text":"",
"mid":"zjgYruoPx",
"date":"2013-02-15 11:50:08"
},
{
"kids":[],
"uid":"1008185617",
"parent":"",
"text":"",
"mid":"zjgYp9b0g",
"date":"2013-02-15 11:50:02"
},
{
"kids":[],
"uid":"1866741333",
"parent":"zjgPBEYSM",
"text":"还是清华才子？可惜了。",
"mid":"zjgXBtPQm",
"date":"2013-02-15 11:48:02"
},
{
"kids":[],
"uid":"2300426417",
"parent":"zjgPBEYSM",
"text":"",
"mid":"zjgX730Bo",
"date":"2013-02-15 11:46:50"
},
{
"kids":[],
"uid":"wangbaiming",
"parent":"",
"text":"[话筒]传言来自信息的封闭。求证！",
"mid":"zjgX5gwDK",
"date":"2013-02-15 11:46:45"
},
{
"kids":[],
"uid":"1943732647",
"parent":"",
"text":"",
"mid":"zjgWMDl2H",
"date":"2013-02-15 11:46:03"
},
{
"kids":[],
"uid":"2127328337",
"parent":"",
"text":"",
"mid":"zjgWKiqKH",
"date":"2013-02-15 11:45:57"
},
{
"kids":[],
"uid":"2216526753",
"parent":"zjgPBEYSM",
"text":"[围观]",
"mid":"zjgWc1Ovu",
"date":"2013-02-15 11:44:34"
},
{
"kids":[],
"uid":"zhongtina",
"parent":"",
"text":"",
"mid":"zjgV916pP",
"date":"2013-02-15 11:41:58"
},
{
"kids":[
"zjiLLjovU"
],
"uid":"tinalawyer",
"parent":"",
"text":"",
"mid":"zjgUt4rRB",
"date":"2013-02-15 11:40:20"
},
{
"kids":[
"zjhyekXfl"
],
"uid":"2706054813",
"parent":"zjgTq1Twy",
"text":"",
"mid":"zjgUbm8B4",
"date":"2013-02-15 11:39:37"
},
{
"kids":[],
"uid":"1405730133",
"parent":"zjgPBEYSM",
"text":"冤魂~",
"mid":"zjgTYBWVo",
"date":"2013-02-15 11:39:08"
},
{
"kids":[
"zjgUbm8B4"
],
"uid":"2358607575",
"parent":"",
"text":"回复@江南烟雨剑:精神病因说是老道微妙之托辞？",
"mid":"zjgTq1Twy",
"date":"2013-02-15 11:37:45"
},
{
"kids":[
"zjgYVAWNf"
],
"uid":"311168711",
"parent":"zjgSVzpit",
"text":"",
"mid":"zjgTmsVHd",
"date":"2013-02-15 11:37:37"
},
{
"kids":[
"zjgTmsVHd"
],
"uid":"PKVIP168",
"parent":"zjgPBEYSM",
"text":"[围观][围观][围观][话筒][话筒][围观][围观][围观][围观][围观]",
"mid":"zjgSVzpit",
"date":"2013-02-15 11:36:33"
},
{
"kids":[],
"uid":"1912298741",
"parent":"",
"text":"",
"mid":"zjgSqyONA",
"date":"2013-02-15 11:35:18"
},
{
"kids":[],
"uid":"2082527383",
"parent":"zjgOq5ujp",
"text":"",
"mid":"zjgRQvIU3",
"date":"2013-02-15 11:33:53"
},
{
"kids":[],
"uid":"2210789972",
"parent":"zjgLf1WfS",
"text":"",
"mid":"zjgRF0sWP",
"date":"2013-02-15 11:33:26"
},
{
"kids":[],
"uid":"2166340660",
"parent":"",
"text":"",
"mid":"zjgRe6WIA",
"date":"2013-02-15 11:32:21"
},
{
"kids":[],
"uid":"1887823783",
"parent":"zjgPyFIkp",
"text":"",
"mid":"zjgQDudOj",
"date":"2013-02-15 11:30:53"
},
{
"kids":[],
"uid":"1077345614",
"parent":"",
"text":"",
"mid":"zjgQz38UM",
"date":"2013-02-15 11:30:44"
},
{
"kids":[],
"uid":"2559295290",
"parent":"",
"text":"一抓一大串啊，真是摊上大事了！",
"mid":"zjgPRlGNs",
"date":"2013-02-15 11:28:59"
},
{
"kids":[],
"uid":"1908834795",
"parent":"zjgMX5e2n",
"text":"又是抑郁症。",
"mid":"zjgPCwhtr",
"date":"2013-02-15 11:28:24"
},
{
"kids":[
"zjgYruoPx",
"zjgXBtPQm",
"zjgX730Bo",
"zjgWc1Ovu",
"zjgTYBWVo",
"zjgSVzpit"
],
"uid":"2516363782",
"parent":"zjgLf1WfS",
"text":"[围观]",
"mid":"zjgPBEYSM",
"date":"2013-02-15 11:28:22"
},
{
"kids":[
"zjgQDudOj"
],
"uid":"3015257993",
"parent":"",
"text":"",
"mid":"zjgPyFIkp",
"date":"2013-02-15 11:28:16"
},
{
"kids":[],
"uid":"hh6812",
"parent":"",
"text":"[围观]",
"mid":"zjgPwlW3Q",
"date":"2013-02-15 11:28:09"
},
{
"kids":[],
"uid":"2155270757",
"parent":"",
"text":"",
"mid":"zjgPkeecE",
"date":"2013-02-15 11:27:40"
},
{
"kids":[],
"uid":"3092835571",
"parent":"",
"text":"应该叫丢卒保车，小苍蝇不死，大老虎难保！",
"mid":"zjgPglSCR",
"date":"2013-02-15 11:27:30"
},
{
"kids":[],
"uid":"vincentto0729",
"parent":"zjgCKcmbB",
"text":"",
"mid":"zjgP91cqf",
"date":"2013-02-15 11:27:11"
},
{
"kids":[],
"uid":"3092835571",
"parent":"",
"text":"",
"mid":"zjgOw3mn9",
"date":"2013-02-15 11:25:39"
},
{
"kids":[
"zjgRQvIU3"
],
"uid":"2358607575",
"parent":"",
"text":"伴君如伴虎，此案有可能是政治谋杀？只有铁岭人知情？",
"mid":"zjgOq5ujp",
"date":"2013-02-15 11:25:25"
},
{
"kids":[],
"uid":"jameslin",
"parent":"",
"text":"",
"mid":"zjgOllGcT",
"date":"2013-02-15 11:25:16"
},
{
"kids":[],
"uid":"534578628",
"parent":"",
"text":"[怒]",
"mid":"zjgNgytYa",
"date":"2013-02-15 11:22:35"
},
{
"kids":[
"zjgPCwhtr"
],
"uid":"1892893585",
"parent":"",
"text":"",
"mid":"zjgMX5e2n",
"date":"2013-02-15 11:21:49"
},
{
"kids":[],
"uid":"2284297133",
"parent":"zjgLf1WfS",
"text":"",
"mid":"zjgMIiuCz",
"date":"2013-02-15 11:21:14"
},
{
"kids":[],
"uid":"3214471603",
"parent":"zjgiNsvXK",
"text":"",
"mid":"zjgM3cI36",
"date":"2013-02-15 11:19:36"
},
{
"kids":[],
"uid":"1432299027",
"parent":"zjgLf1WfS",
"text":"",
"mid":"zjgLYbWgr",
"date":"2013-02-15 11:19:23"
},
{
"kids":[],
"uid":"bjlifeng",
"parent":"",
"text":"太厉害了",
"mid":"zjgLOarjR",
"date":"2013-02-15 11:19:00"
},
{
"kids":[
"zjhpvhzhA"
],
"uid":"2037157327",
"parent":"zjgDe0JNM",
"text":"",
"mid":"zjgLh62Ad",
"date":"2013-02-15 11:17:40"
},
{
"kids":[
"zji875hrU",
"zjh09ibuc",
"zjgRF0sWP",
"zjgPBEYSM",
"zjgMIiuCz",
"zjgLYbWgr"
],
"uid":"315887999",
"parent":"",
"text":"小苍蝇不死，大老虎难保！",
"mid":"zjgLf1WfS",
"date":"2013-02-15 11:17:35"
},
{
"kids":[],
"uid":"1283299450",
"parent":"zjgDjzhKd",
"text":"",
"mid":"zjgJZyHb1",
"date":"2013-02-15 11:14:32"
},
{
"kids":[],
"uid":"1590460920",
"parent":"zjgFvc7EZ",
"text":"",
"mid":"zjgFPhKI1",
"date":"2013-02-15 11:04:15"
},
{
"kids":[
"zjgFPhKI1"
],
"uid":"2729767175",
"parent":"",
"text":"",
"mid":"zjgFvc7EZ",
"date":"2013-02-15 11:03:28"
},
{
"kids":[],
"uid":"1966509032",
"parent":"zjgxzvEEd",
"text":"",
"mid":"zjgEuyKbz",
"date":"2013-02-15 11:00:59"
},
{
"kids":[],
"uid":"2077611467",
"parent":"",
"text":"铁岭很有名啊。",
"mid":"zjgDBjeS2",
"date":"2013-02-15 10:58:46"
},
{
"kids":[
"zjgJZyHb1"
],
"uid":"1341713955",
"parent":"zjgvX2uyO",
"text":"",
"mid":"zjgDjzhKd",
"date":"2013-02-15 10:58:05"
},
{
"kids":[
"zjgLh62Ad"
],
"uid":"2313750513",
"parent":"zjgxzvEEd",
"text":"摊上事了，摊上大事了",
"mid":"zjgDe0JNM",
"date":"2013-02-15 10:57:51"
},
{
"kids":[
"zjgP91cqf"
],
"uid":"1794579413",
"parent":"",
"text":"",
"mid":"zjgCKcmbB",
"date":"2013-02-15 10:56:39"
},
{
"kids":[],
"uid":"2599636371",
"parent":"zjghQ4Sxb",
"text":"",
"mid":"zjgytkG6U",
"date":"2013-02-15 10:46:09"
},
{
"kids":[
"zjgEuyKbz",
"zjgDe0JNM"
],
"uid":"2090374014",
"parent":"",
"text":"",
"mid":"zjgxzvEEd",
"date":"2013-02-15 10:43:54"
},
{
"kids":[],
"uid":"1293415762",
"parent":"zjfUAmWWs",
"text":"",
"mid":"zjgwp8ruE",
"date":"2013-02-15 10:41:03"
},
{
"kids":[
"zjgDjzhKd"
],
"uid":"2090154305",
"parent":"zjg7RCrdS",
"text":"？？？",
"mid":"zjgvX2uyO",
"date":"2013-02-15 10:39:56"
},
{
"kids":[],
"uid":"1760268811",
"parent":"zjfUAmWWs",
"text":"",
"mid":"zjgq73MUf",
"date":"2013-02-15 10:25:32"
},
{
"kids":[
"zjhRua7tr"
],
"uid":"2744204535",
"parent":"",
"text":"转发微博。",
"mid":"zjgpPmxID",
"date":"2013-02-15 10:24:51"
},
{
"kids":[],
"uid":"2796705770",
"parent":"zjfSR83Lj",
"text":"",
"mid":"zjgomlZAu",
"date":"2013-02-15 10:21:14"
},
{
"kids":[
"zjktfb0a9"
],
"uid":"dreamsfans",
"parent":"zjgdfvpYl",
"text":"",
"mid":"zjgkSADZC",
"date":"2013-02-15 10:12:40"
},
{
"kids":[],
"uid":"2036439221",
"parent":"zjgi5s3fj",
"text":"",
"mid":"zjgj3rldZ",
"date":"2013-02-15 10:08:10"
},
{
"kids":[
"zjgM3cI36"
],
"uid":"2676875461",
"parent":"",
"text":"",
"mid":"zjgiNsvXK",
"date":"2013-02-15 10:07:32"
},
{
"kids":[],
"uid":"coolsky818",
"parent":"",
"text":"这么回事？",
"mid":"zjgio5eWD",
"date":"2013-02-15 10:06:31"
},
{
"kids":[
"zjvsPrrl7",
"zjpIN0I92",
"zjh25wfTq"
],
"uid":"1454930471",
"parent":"zjbI1eLhb",
"text":"",
"mid":"zjgim1W6Z",
"date":"2013-02-15 10:06:25"
},
{
"kids":[
"zjgj3rldZ"
],
"uid":"1739454991",
"parent":"zjfWriWah",
"text":"",
"mid":"zjgi5s3fj",
"date":"2013-02-15 10:05:47"
},
{
"kids":[
"zjgytkG6U"
],
"uid":"1688380720",
"parent":"",
"text":"",
"mid":"zjghQ4Sxb",
"date":"2013-02-15 10:05:10"
},
{
"kids":[
"zjhyE3DhW"
],
"uid":"1876834365",
"parent":"zjg7RCrdS",
"text":"",
"mid":"zjgfU7Ey1",
"date":"2013-02-15 10:00:24"
},
{
"kids":[],
"uid":"1404175027",
"parent":"",
"text":"",
"mid":"zjgdndQyi",
"date":"2013-02-15 09:54:09"
},
{
"kids":[
"zjgkSADZC"
],
"uid":"1684434644",
"parent":"",
"text":"",
"mid":"zjgdfvpYl",
"date":"2013-02-15 09:53:52"
},
{
"kids":[],
"uid":"2720973243",
"parent":"zjbYV4Waq",
"text":"",
"mid":"zjgby6zaQ",
"date":"2013-02-15 09:49:39"
},
{
"kids":[],
"uid":"victoriage",
"parent":"zjg4Txur0",
"text":"呵呵",
"mid":"zjgaXos3u",
"date":"2013-02-15 09:48:13"
},
{
"kids":[],
"uid":"2023092051",
"parent":"zjg75rewN",
"text":"",
"mid":"zjgaMsoEu",
"date":"2013-02-15 09:47:47"
},
{
"kids":[],
"uid":"1426114941",
"parent":"",
"text":"什么情况？",
"mid":"zjgaA2Dzm",
"date":"2013-02-15 09:47:16"
},
{
"kids":[],
"uid":"1568081647",
"parent":"zjfKz04JV",
"text":"",
"mid":"zjgaofxFB",
"date":"2013-02-15 09:46:48"
},
{
"kids":[],
"uid":"476525900",
"parent":"",
"text":"",
"mid":"zjg9pDH1J",
"date":"2013-02-15 09:44:24"
},
{
"kids":[],
"uid":"leehuohuo",
"parent":"zjbly1UOw",
"text":"估计是被“血滴子”干掉了！君要臣死，臣不得不死！",
"mid":"zjg9fAJjq",
"date":"2013-02-15 09:44:00"
},
{
"kids":[
"zjgvX2uyO",
"zjgfU7Ey1"
],
"uid":"1873791475",
"parent":"",
"text":"",
"mid":"zjg7RCrdS",
"date":"2013-02-15 09:40:36"
},
{
"kids":[],
"uid":"1102271334",
"parent":"",
"text":"",
"mid":"zjg7QqmwL",
"date":"2013-02-15 09:40:33"
},
{
"kids":[],
"uid":"londy99",
"parent":"",
"text":"关注真相",
"mid":"zjg7HzCNK",
"date":"2013-02-15 09:40:11"
},
{
"kids":[
"zjgaMsoEu"
],
"uid":"2735152400",
"parent":"",
"text":"",
"mid":"zjg75rewN",
"date":"2013-02-15 09:38:41"
},
{
"kids":[],
"uid":"2919323780",
"parent":"zjbNlAKib",
"text":"",
"mid":"zjg735yhm",
"date":"2013-02-15 09:38:34"
},
{
"kids":[
"zjgaXos3u"
],
"uid":"1418287510",
"parent":"zjfUAmWWs",
"text":"只转不评！",
"mid":"zjg4Txur0",
"date":"2013-02-15 09:33:17"
},
{
"kids":[],
"uid":"1959360880",
"parent":"zjg20sZQI",
"text":"",
"mid":"zjg43xJn2",
"date":"2013-02-15 09:31:12"
},
{
"kids":[],
"uid":"2538550193",
"parent":"zjcHcdLiz",
"text":"什么时候的事？",
"mid":"zjg3IvRMP",
"date":"2013-02-15 09:30:22"
},
{
"kids":[
"zjiFDzHmk",
"zjg43xJn2"
],
"uid":"2910462592",
"parent":"",
"text":"",
"mid":"zjg20sZQI",
"date":"2013-02-15 09:26:10"
},
{
"kids":[],
"uid":"gogo0417",
"parent":"zjfUAmWWs",
"text":"",
"mid":"zjg20rPDN",
"date":"2013-02-15 09:26:10"
},
{
"kids":[],
"uid":"1713847712",
"parent":"",
"text":"",
"mid":"zjg0tknxK",
"date":"2013-02-15 09:22:23"
},
{
"kids":[],
"uid":"1750084932",
"parent":"",
"text":"",
"mid":"zjfZqjemr",
"date":"2013-02-15 09:19:47"
},
{
"kids":[],
"uid":"2181236140",
"parent":"",
"text":"",
"mid":"zjfZakDTB",
"date":"2013-02-15 09:19:10"
},
{
"kids":[],
"uid":"2130907283",
"parent":"zjfUAmWWs",
"text":"[围观]",
"mid":"zjfZ1sFUt",
"date":"2013-02-15 09:18:49"
},
{
"kids":[],
"uid":"208686371",
"parent":"zjfUAmWWs",
"text":"",
"mid":"zjfYwr0D5",
"date":"2013-02-15 09:17:35"
},
{
"kids":[
"zjgi5s3fj"
],
"uid":"imeipu",
"parent":"",
"text":"",
"mid":"zjfWriWah",
"date":"2013-02-15 09:12:27"
},
{
"kids":[],
"uid":"1722672810",
"parent":"zjfVdoqt2",
"text":"",
"mid":"zjfWaut7b",
"date":"2013-02-15 09:11:47"
},
{
"kids":[
"zjfWaut7b"
],
"uid":"2627827191",
"parent":"",
"text":"",
"mid":"zjfVdoqt2",
"date":"2013-02-15 09:09:25"
},
{
"kids":[
"zjk7828R6",
"zjiHo29tH",
"zjhi41AGX",
"zjhbB3qYf",
"zjgwp8ruE",
"zjgq73MUf",
"zjg4Txur0",
"zjg20rPDN",
"zjfZ1sFUt",
"zjfYwr0D5"
],
"uid":"630712398",
"parent":"zjfSR83Lj",
"text":"",
"mid":"zjfUAmWWs",
"date":"2013-02-15 09:07:53"
},
{
"kids":[
"zjgomlZAu",
"zjfUAmWWs"
],
"uid":"2833863741",
"parent":"zjfOTfqhu",
"text":"",
"mid":"zjfSR83Lj",
"date":"2013-02-15 09:03:37"
},
{
"kids":[
"zjfSR83Lj"
],
"uid":"532344891",
"parent":"zjcHcdLiz",
"text":"[吃惊]",
"mid":"zjfOTfqhu",
"date":"2013-02-15 08:53:50"
},
{
"kids":[],
"uid":"2479671597",
"parent":"zjf4VxgvE",
"text":"[吃惊][吃惊]求证???",
"mid":"zjfMopR9w",
"date":"2013-02-15 08:47:41"
},
{
"kids":[
"zjgaofxFB"
],
"uid":"2670316600",
"parent":"zjbdpB8nB",
"text":"",
"mid":"zjfKz04JV",
"date":"2013-02-15 08:43:10"
},
{
"kids":[],
"uid":"2263501230",
"parent":"",
"text":"",
"mid":"zjfCC6Jgl",
"date":"2013-02-15 08:23:36"
},
{
"kids":[],
"uid":"2707727637",
"parent":"",
"text":"",
"mid":"zjfBcBvAU",
"date":"2013-02-15 08:20:07"
},
{
"kids":[],
"uid":"2450482764",
"parent":"zjb5VEo8w",
"text":"",
"mid":"zjfvnwuvR",
"date":"2013-02-15 08:05:47"
},
{
"kids":[],
"uid":"1867177451",
"parent":"",
"text":"",
"mid":"zjfgAAtFJ",
"date":"2013-02-15 07:29:21"
},
{
"kids":[],
"uid":"2722892921",
"parent":"",
"text":"死因不明，删帖胆虚。",
"mid":"zjfeu08GQ",
"date":"2013-02-15 07:24:09"
},
{
"kids":[],
"uid":"2741694343",
"parent":"zjbnB6ajj",
"text":"",
"mid":"zjf996pLM",
"date":"2013-02-15 07:11:00"
},
{
"kids":[],
"uid":"2405741555",
"parent":"",
"text":"如果死了，只有两种可能：1、自杀； 2、抢劫杀人。",
"mid":"zjf7Ueyq8",
"date":"2013-02-15 07:07:56"
},
{
"kids":[],
"uid":"3221250047",
"parent":"zjf4VxgvE",
"text":"",
"mid":"zjf5rttxJ",
"date":"2013-02-15 07:01:53"
},
{
"kids":[
"zjfMopR9w",
"zjf5rttxJ"
],
"uid":"2665812601",
"parent":"zjbVhBxvb",
"text":"",
"mid":"zjf4VxgvE",
"date":"2013-02-15 07:00:36"
},
{
"kids":[],
"uid":"1776617640",
"parent":"",
"text":"",
"mid":"zjeNOp4h0",
"date":"2013-02-15 06:18:27"
},
{
"kids":[],
"uid":"2789817712",
"parent":"zjbu5dTqq",
"text":"",
"mid":"zjeggrt1L",
"date":"2013-02-15 04:55:48"
},
{
"kids":[],
"uid":"2490179674",
"parent":"",
"text":"",
"mid":"zjdEDwfNZ",
"date":"2013-02-15 03:23:06"
},
{
"kids":[],
"uid":"3027946000",
"parent":"",
"text":"官场如战场",
"mid":"zjdb7Byun",
"date":"2013-02-15 02:10:23"
},
{
"kids":[],
"uid":"1570028742",
"parent":"zjcold7Bp",
"text":"[疑问]",
"mid":"zjcTXy5ui",
"date":"2013-02-15 01:28:05"
},
{
"kids":[],
"uid":"1941673352",
"parent":"zjcN6hgXy",
"text":"回复@宁-无为:有官就有有权。权是世界上最有价值的财富。",
"mid":"zjcQbd65D",
"date":"2013-02-15 01:18:46"
},
{
"kids":[],
"uid":"depbass53",
"parent":"zjcHcdLiz",
"text":"有时候封锁也是为了破案吧[思考]",
"mid":"zjcOKef6e",
"date":"2013-02-15 01:15:14"
},
{
"kids":[],
"uid":"2324323210",
"parent":"",
"text":"",
"mid":"zjcOz3doQ",
"date":"2013-02-15 01:14:48"
},
{
"kids":[],
"uid":"1959082901",
"parent":"zjcN6hgXy",
"text":"何必为官？",
"mid":"zjcOhAK3c",
"date":"2013-02-15 01:14:07"
},
{
"kids":[
"zjcQbd65D",
"zjcOhAK3c"
],
"uid":"1941673352",
"parent":"zjcHcdLiz",
"text":"",
"mid":"zjcN6hgXy",
"date":"2013-02-15 01:11:11"
},
{
"kids":[
"zjg3IvRMP",
"zjfOTfqhu",
"zjcOKef6e",
"zjcN6hgXy"
],
"uid":"2742356994",
"parent":"",
"text":"[吃惊][吃惊]",
"mid":"zjcHcdLiz",
"date":"2013-02-15 00:56:38"
},
{
"kids":[],
"uid":"3198219427",
"parent":"",
"text":"",
"mid":"zjcFM7v8s",
"date":"2013-02-15 00:53:10"
},
{
"kids":[
"zjyqe1MHi"
],
"uid":"tundie",
"parent":"zjcold7Bp",
"text":"",
"mid":"zjctK15Bn",
"date":"2013-02-15 00:23:28"
},
{
"kids":[
"zjcTXy5ui",
"zjctK15Bn"
],
"uid":"1727337632",
"parent":"zjclyDf5I",
"text":"别转了！看评论都说博主是晕蛋！！",
"mid":"zjcold7Bp",
"date":"2013-02-15 00:10:11"
},
{
"kids":[],
"uid":"2059637433",
"parent":"",
"text":"",
"mid":"zjcnGqaIU",
"date":"2013-02-15 00:08:35"
},
{
"kids":[],
"uid":"2069339021",
"parent":"zjbF8u6Cb",
"text":"[疑问]",
"mid":"zjcme0qY9",
"date":"2013-02-15 00:04:58"
},
{
"kids":[
"zjcold7Bp"
],
"uid":"2342377973",
"parent":"zjc2ayzwp",
"text":"[晕]",
"mid":"zjclyDf5I",
"date":"2013-02-15 00:03:21"
},
{
"kids":[],
"uid":"1921175514",
"parent":"",
"text":"",
"mid":"zjcep6sJn",
"date":"2013-02-14 23:45:39"
},
{
"kids":[],
"uid":"1450862317",
"parent":"",
"text":"",
"mid":"zjccicUEA",
"date":"2013-02-14 23:40:31"
},
{
"kids":[],
"uid":"sdwqls",
"parent":"zjbYnoj4r",
"text":"",
"mid":"zjca85TcS",
"date":"2013-02-14 23:35:08"
},
{
"kids":[],
"uid":"shunjiantiantang",
"parent":"",
"text":"！！！！我希望这条新闻是假的！！！！请问 我们是生活在雾里看花这样一个处处其实是沟壑表面是平原的年代吗！！！这是谁的悲哀！！这事儿又该赖谁去！！！",
"mid":"zjc9PrMaa",
"date":"2013-02-14 23:34:26"
},
{
"kids":[],
"uid":"2692947903",
"parent":"zjbTeeHR4",
"text":"11年的一个老帖http:",
"mid":"zjc84qm7k",
"date":"2013-02-14 23:30:06"
},
{
"kids":[],
"uid":"3147288367",
"parent":"",
"text":"求辟谣",
"mid":"zjc30AFfx",
"date":"2013-02-14 23:17:40"
},
{
"kids":[],
"uid":"1824394892",
"parent":"",
"text":"",
"mid":"zjc2jsKjg",
"date":"2013-02-14 23:15:53"
},
{
"kids":[
"zjclyDf5I"
],
"uid":"1727337632",
"parent":"",
"text":"政界就不能阳光点吗？",
"mid":"zjc2ayzwp",
"date":"2013-02-14 23:15:34"
},
{
"kids":[],
"uid":"1335881011",
"parent":"",
"text":"支持老丁，转",
"mid":"zjc23wixE",
"date":"2013-02-14 23:15:18"
},
{
"kids":[],
"uid":"2209013942",
"parent":"",
"text":"",
"mid":"zjc1ukVap",
"date":"2013-02-14 23:13:54"
},
{
"kids":[
"zjgby6zaQ"
],
"uid":"539695671",
"parent":"",
"text":"删帖经济",
"mid":"zjbYV4Waq",
"date":"2013-02-14 23:07:33"
},
{
"kids":[
"zjca85TcS"
],
"uid":"hnysw",
"parent":"zjbXyA0Em",
"text":"",
"mid":"zjbYnoj4r",
"date":"2013-02-14 23:06:13"
},
{
"kids":[
"zjbYnoj4r"
],
"uid":"518778994",
"parent":"zjbv47WV0",
"text":"[吃惊]",
"mid":"zjbXyA0Em",
"date":"2013-02-14 23:04:13"
},
{
"kids":[
"zjhoRFvUz"
],
"uid":"1694280885",
"parent":"",
"text":"转发微博。",
"mid":"zjbWw73to",
"date":"2013-02-14 23:01:39"
},
{
"kids":[],
"uid":"1819865714",
"parent":"zjbF8u6Cb",
"text":"",
"mid":"zjbVQbiou",
"date":"2013-02-14 22:59:59"
},
{
"kids":[
"zjf4VxgvE"
],
"uid":"3171439225",
"parent":"",
"text":"",
"mid":"zjbVhBxvb",
"date":"2013-02-14 22:58:37"
},
{
"kids":[],
"uid":"1793948831",
"parent":"",
"text":"",
"mid":"zjbTwfnEN",
"date":"2013-02-14 22:54:16"
},
{
"kids":[
"zjc84qm7k"
],
"uid":"2695197610",
"parent":"",
"text":"",
"mid":"zjbTeeHR4",
"date":"2013-02-14 22:53:32"
},
{
"kids":[],
"uid":"2898440965",
"parent":"zjalLdZH9",
"text":"什么情况?",
"mid":"zjbT7rZQG",
"date":"2013-02-14 22:53:15"
},
{
"kids":[],
"uid":"1879266741",
"parent":"zjbQEEU0b",
"text":"",
"mid":"zjbSJc50S",
"date":"2013-02-14 22:52:19"
},
{
"kids":[],
"uid":"1084710877",
"parent":"",
"text":"",
"mid":"zjbShphkR",
"date":"2013-02-14 22:51:10"
},
{
"kids":[],
"uid":"2620124513",
"parent":"",
"text":"",
"mid":"zjbR1rMyA",
"date":"2013-02-14 22:48:08"
},
{
"kids":[
"zjbSJc50S"
],
"uid":"deadwalker",
"parent":"",
"text":"",
"mid":"zjbQEEU0b",
"date":"2013-02-14 22:47:13"
},
{
"kids":[],
"uid":"1350065325",
"parent":"",
"text":"顶起！",
"mid":"zjbPSehjC",
"date":"2013-02-14 22:45:16"
},
{
"kids":[],
"uid":"2737016123",
"parent":"",
"text":"",
"mid":"zjbPOEg3k",
"date":"2013-02-14 22:45:10"
},
{
"kids":[],
"uid":"1662816901",
"parent":"",
"text":"[吃惊][围观]",
"mid":"zjbOSsseL",
"date":"2013-02-14 22:42:49"
},
{
"kids":[],
"uid":"2568280954",
"parent":"zjbI1eLhb",
"text":"",
"mid":"zjbNth5MJ",
"date":"2013-02-14 22:39:19"
},
{
"kids":[],
"uid":"337039333",
"parent":"zjbF8u6Cb",
"text":"",
"mid":"zjbNmbAJS",
"date":"2013-02-14 22:39:05"
},
{
"kids":[
"zjg735yhm"
],
"uid":"1943994792",
"parent":"zjbpbtRuV",
"text":"",
"mid":"zjbNlAKib",
"date":"2013-02-14 22:39:04"
},
{
"kids":[],
"uid":"1694031502",
"parent":"zjapo7Zsn",
"text":"",
"mid":"zjbN329Dl",
"date":"2013-02-14 22:38:18"
},
{
"kids":[],
"uid":"1950813287",
"parent":"zjbC28xOL",
"text":"求事实！！！",
"mid":"zjbMVBt1O",
"date":"2013-02-14 22:38:02"
},
{
"kids":[],
"uid":"3208126555",
"parent":"",
"text":"真的假的！",
"mid":"zjbKHDqd2",
"date":"2013-02-14 22:32:32"
},
{
"kids":[],
"uid":"1408166584",
"parent":"zjbD4evgd",
"text":"",
"mid":"zjbKt9N7g",
"date":"2013-02-14 22:31:58"
},
{
"kids":[],
"uid":"522370789",
"parent":"zjbsl5yoN",
"text":"最近见识不少上蹿下跳的所谓媒体人，自以为胡乱一炒就能扬名立万了，其实就是个臭傻逼。就当看猴子表演吧。",
"mid":"zjbIXa4jk",
"date":"2013-02-14 22:28:14"
},
{
"kids":[
"zjgim1W6Z",
"zjbNth5MJ"
],
"uid":"2722621411",
"parent":"",
"text":"",
"mid":"zjbI1eLhb",
"date":"2013-02-14 22:25:52"
},
{
"kids":[],
"uid":"2653248073",
"parent":"",
"text":"",
"mid":"zjbHG1q9U",
"date":"2013-02-14 22:25:02"
},
{
"kids":[],
"uid":"2624199017",
"parent":"",
"text":"",
"mid":"zjbGKDfQF",
"date":"2013-02-14 22:22:47"
},
{
"kids":[],
"uid":"2915428983",
"parent":"",
"text":"这些年铁岭那嘎达还真出了些人物，可谓是人才辈出啊",
"mid":"zjbGbehNX",
"date":"2013-02-14 22:21:22"
},
{
"kids":[],
"uid":"1727646481",
"parent":"zjbF8u6Cb",
"text":"",
"mid":"zjbFPkj4d",
"date":"2013-02-14 22:20:30"
},
{
"kids":[
"zjcme0qY9",
"zjbVQbiou",
"zjbNmbAJS",
"zjbFPkj4d"
],
"uid":"338707077",
"parent":"",
"text":"[疑问][围观]",
"mid":"zjbF8u6Cb",
"date":"2013-02-14 22:18:49"
},
{
"kids":[],
"uid":"1855042530",
"parent":"",
"text":"",
"mid":"zjbEolUmb",
"date":"2013-02-14 22:16:59"
},
{
"kids":[],
"uid":"2874883444",
"parent":"",
"text":"",
"mid":"zjbE8u0bl",
"date":"2013-02-14 22:16:21"
},
{
"kids":[],
"uid":"1909636845",
"parent":"zjawvharQ",
"text":"额。",
"mid":"zjbE40nRH",
"date":"2013-02-14 22:16:12"
},
{
"kids":[],
"uid":"3007767371",
"parent":"",
"text":"",
"mid":"zjbDwhbKZ",
"date":"2013-02-14 22:14:51"
},
{
"kids":[
"zjbKt9N7g"
],
"uid":"1834101887",
"parent":"",
"text":"",
"mid":"zjbD4evgd",
"date":"2013-02-14 22:13:41"
},
{
"kids":[
"zjbMVBt1O"
],
"uid":"1406474891",
"parent":"zjaZfpgtZ",
"text":"确认？",
"mid":"zjbC28xOL",
"date":"2013-02-14 22:11:11"
},
{
"kids":[],
"uid":"2070046353",
"parent":"",
"text":"",
"mid":"zjbBruW87",
"date":"2013-02-14 22:09:42"
},
{
"kids":[],
"uid":"1746662134",
"parent":"",
"text":"",
"mid":"zjbBqhiEF",
"date":"2013-02-14 22:09:42"
},
{
"kids":[],
"uid":"1887867004",
"parent":"",
"text":"@李开复 @薛蛮子",
"mid":"zjbBp6sie",
"date":"2013-02-14 22:09:38"
},
{
"kids":[],
"uid":"1680837570",
"parent":"",
"text":"",
"mid":"zjbArFH69",
"date":"2013-02-14 22:07:17"
},
{
"kids":[],
"uid":"2341440755",
"parent":"zjbmVFQep",
"text":"",
"mid":"zjbAbsh3l",
"date":"2013-02-14 22:06:37"
},
{
"kids":[],
"uid":"3177281765",
"parent":"",
"text":"[害羞]",
"mid":"zjbAbbEfa",
"date":"2013-02-14 22:06:36"
},
{
"kids":[],
"uid":"2708433467",
"parent":"",
"text":"",
"mid":"zjbzWFCXq",
"date":"2013-02-14 22:06:03"
},
{
"kids":[],
"uid":"2163257814",
"parent":"",
"text":"",
"mid":"zjbzddaDj",
"date":"2013-02-14 22:04:11"
},
{
"kids":[],
"uid":"lygmstar",
"parent":"",
"text":"",
"mid":"zjbz6EYYE",
"date":"2013-02-14 22:03:58"
},
{
"kids":[],
"uid":"1746106392",
"parent":"",
"text":"",
"mid":"zjbyStYCh",
"date":"2013-02-14 22:03:22"
},
{
"kids":[],
"uid":"1918373391",
"parent":"",
"text":"辟谣 删帖的都是真的",
"mid":"zjbyJ4toV",
"date":"2013-02-14 22:03:02"
},
{
"kids":[],
"uid":"wyw1963",
"parent":"zjaU270A4",
"text":"",
"mid":"zjbyE1ngS",
"date":"2013-02-14 22:02:49"
},
{
"kids":[],
"uid":"2178359377",
"parent":"",
"text":"官方早有说服，抑郁症啊",
"mid":"zjbyAsp7H",
"date":"2013-02-14 22:02:42"
},
{
"kids":[],
"uid":"275919135",
"parent":"",
"text":"",
"mid":"zjbyxwASy",
"date":"2013-02-14 22:02:32"
},
{
"kids":[],
"uid":"2725823981",
"parent":"",
"text":"",
"mid":"zjbxZxl2w",
"date":"2013-02-14 22:01:13"
},
{
"kids":[],
"uid":"47514258",
"parent":"",
"text":"[疑问]",
"mid":"zjbxYkDmV",
"date":"2013-02-14 22:01:11"
},
{
"kids":[],
"uid":"2638962162",
"parent":"zjbmVFQep",
"text":"[疑问]",
"mid":"zjbwS5qFH",
"date":"2013-02-14 21:58:28"
},
{
"kids":[
"zjbXyA0Em"
],
"uid":"hnysw",
"parent":"",
"text":"只转发不评论",
"mid":"zjbv47WV0",
"date":"2013-02-14 21:54:00"
},
{
"kids":[
"zjeggrt1L"
],
"uid":"2703179643",
"parent":"",
"text":"",
"mid":"zjbu5dTqq",
"date":"2013-02-14 21:51:36"
},
{
"kids":[],
"uid":"2570632462",
"parent":"",
"text":"求真相！",
"mid":"zjbu4CfGZ",
"date":"2013-02-14 21:51:35"
},
{
"kids":[],
"uid":"2310957783",
"parent":"",
"text":"",
"mid":"zjbtt6F3b",
"date":"2013-02-14 21:50:05"
},
{
"kids":[],
"uid":"2293057141",
"parent":"zjbm104Vb",
"text":"[疑问]",
"mid":"zjbtm38tt",
"date":"2013-02-14 21:49:47"
},
{
"kids":[],
"uid":"2936398684",
"parent":"",
"text":"转发微博。",
"mid":"zjbt63FPH",
"date":"2013-02-14 21:49:10"
},
{
"kids":[
"zjbIXa4jk"
],
"uid":"izeiss",
"parent":"zjb8oq3Vc",
"text":"这位记者太丢人啦！",
"mid":"zjbsl5yoN",
"date":"2013-02-14 21:47:17"
},
{
"kids":[],
"uid":"1922390612",
"parent":"zjbbvEL57",
"text":"删个毛线啊，老规矩：抑郁症，跳河自杀[挖鼻屎]",
"mid":"zjbsdoUXG",
"date":"2013-02-14 21:46:58"
},
{
"kids":[],
"uid":"2774958082",
"parent":"",
"text":"",
"mid":"zjbs1z6e8",
"date":"2013-02-14 21:46:29"
},
{
"kids":[],
"uid":"1923462474",
"parent":"zjaXAzzhH",
"text":"",
"mid":"zjbrLmcNg",
"date":"2013-02-14 21:45:53"
},
{
"kids":[],
"uid":"1140270934",
"parent":"",
"text":"[汗]",
"mid":"zjbrvnTJM",
"date":"2013-02-14 21:45:12"
},
{
"kids":[],
"uid":"2008618047",
"parent":"",
"text":"",
"mid":"zjbr6vx10",
"date":"2013-02-14 21:44:16"
},
{
"kids":[],
"uid":"zcicezw",
"parent":"",
"text":"凤凰网上有消息啊，2012年2月14日，沈阳天气已回暖。沉睡了一个冬天的浑河，逐渐解冻。5个月前，时任辽宁省农村信用社联合社主任的袁卫亮，在这条河里溺亡，年仅47岁。如今，重新化开的水面上，成群的野鸭游水嬉戏，袁意外死亡背后的真相，迟迟未能浮现。",
"mid":"zjbqF2Maj",
"date":"2013-02-14 21:43:08"
},
{
"kids":[],
"uid":"1102457865",
"parent":"",
"text":"不敢面对公众的专家应立即消失！",
"mid":"zjbqC6XLL",
"date":"2013-02-14 21:43:00"
},
{
"kids":[],
"uid":"1717836052",
"parent":"",
"text":"",
"mid":"zjbqc6EdY",
"date":"2013-02-14 21:42:00"
},
{
"kids":[
"zjbNlAKib"
],
"uid":"1715921287",
"parent":"",
"text":"",
"mid":"zjbpbtRuV",
"date":"2013-02-14 21:39:32"
},
{
"kids":[],
"uid":"1275572825",
"parent":"",
"text":"",
"mid":"zjboVc4Al",
"date":"2013-02-14 21:38:53"
},
{
"kids":[],
"uid":"1275226027",
"parent":"",
"text":"",
"mid":"zjbom3EUZ",
"date":"2013-02-14 21:37:26"
},
{
"kids":[],
"uid":"2304778987",
"parent":"",
"text":"",
"mid":"zjbohzY8t",
"date":"2013-02-14 21:37:17"
},
{
"kids":[],
"uid":"1197002470",
"parent":"zjbiO60xB",
"text":"",
"mid":"zjbnTnCeF",
"date":"2013-02-14 21:36:22"
},
{
"kids":[],
"uid":"2709647593",
"parent":"zjbm104Vb",
"text":"",
"mid":"zjbnLnoYk",
"date":"2013-02-14 21:36:02"
},
{
"kids":[
"zjf996pLM"
],
"uid":"234889173",
"parent":"",
"text":"[吃惊]",
"mid":"zjbnB6ajj",
"date":"2013-02-14 21:35:34"
},
{
"kids":[],
"uid":"212982567",
"parent":"",
"text":"吃惊！",
"mid":"zjbnjC4nH",
"date":"2013-02-14 21:34:56"
},
{
"kids":[
"zjbAbsh3l",
"zjbwS5qFH"
],
"uid":"2095592872",
"parent":"",
"text":"咋回事？留个记号",
"mid":"zjbmVFQep",
"date":"2013-02-14 21:33:57"
},
{
"kids":[],
"uid":"2460861043",
"parent":"zjblrtTnM",
"text":"",
"mid":"zjbmOCSpQ",
"date":"2013-02-14 21:33:42"
},
{
"kids":[
"zjbtm38tt",
"zjbnLnoYk"
],
"uid":"2873317897",
"parent":"",
"text":"好端端的一名党和国家千辛万苦培养出来的干部，怎么会这样不明不白说走就走了呢？",
"mid":"zjbm104Vb",
"date":"2013-02-14 21:31:42"
},
{
"kids":[
"zjg9fAJjq"
],
"uid":"huluwangyang",
"parent":"",
"text":"",
"mid":"zjbly1UOw",
"date":"2013-02-14 21:30:32"
},
{
"kids":[
"zjbmOCSpQ"
],
"uid":"2649019574",
"parent":"",
"text":"",
"mid":"zjblrtTnM",
"date":"2013-02-14 21:30:18"
},
{
"kids":[],
"uid":"2826958355",
"parent":"zjbaMs3aH",
"text":"[围观]",
"mid":"zjbkVkgf5",
"date":"2013-02-14 21:29:00"
},
{
"kids":[
"zjbnTnCeF"
],
"uid":"1774924855",
"parent":"zjbhKdGT9",
"text":"[吃惊]",
"mid":"zjbiO60xB",
"date":"2013-02-14 21:23:49"
},
{
"kids":[
"zjbiO60xB"
],
"uid":"1036168240",
"parent":"",
"text":"转",
"mid":"zjbhKdGT9",
"date":"2013-02-14 21:21:10"
},
{
"kids":[],
"uid":"3097577365",
"parent":"zjb5VEo8w",
"text":"",
"mid":"zjbg4eawb",
"date":"2013-02-14 21:17:02"
},
{
"kids":[],
"uid":"stephen998",
"parent":"zjaWzl2cD",
"text":"老贴了，2011年9月天涯上就有了，翻出来添乱？http:",
"mid":"zjbfte6wS",
"date":"2013-02-14 21:15:36"
},
{
"kids":[],
"uid":"3184942765",
"parent":"",
"text":"。。。",
"mid":"zjbdLtnw5",
"date":"2013-02-14 21:11:24"
},
{
"kids":[
"zjfKz04JV"
],
"uid":"1568081647",
"parent":"zjaZTgOXA",
"text":"",
"mid":"zjbdpB8nB",
"date":"2013-02-14 21:10:29"
},
{
"kids":[],
"uid":"prophetyl",
"parent":"zjazatY7X",
"text":"",
"mid":"zjbcypqyz",
"date":"2013-02-14 21:08:25"
},
{
"kids":[],
"uid":"1794496344",
"parent":"zjb5VEo8w",
"text":"[围观][围观][围观]",
"mid":"zjbcr3oq9",
"date":"2013-02-14 21:08:06"
},
{
"kids":[
"zjbsdoUXG"
],
"uid":"2419494994",
"parent":"zjbaMs3aH",
"text":"啥意思？说点啥？",
"mid":"zjbbvEL57",
"date":"2013-02-14 21:05:50"
},
{
"kids":[],
"uid":"2007358691",
"parent":"",
"text":"",
"mid":"zjbbvor9p",
"date":"2013-02-14 21:05:50"
},
{
"kids":[],
"uid":"1450872907",
"parent":"zjbaMerv2",
"text":"没真相！",
"mid":"zjbbqo1x5",
"date":"2013-02-14 21:05:36"
},
{
"kids":[
"zjbkVkgf5",
"zjbbvEL57"
],
"uid":"2642793321",
"parent":"zjb8oq3Vc",
"text":"丁记者这样做太不负责任！[怒骂]",
"mid":"zjbaMs3aH",
"date":"2013-02-14 21:04:03"
},
{
"kids":[
"zjbbqo1x5"
],
"uid":"1018930723",
"parent":"zjb6voIkY",
"text":"求真相！",
"mid":"zjbaMerv2",
"date":"2013-02-14 21:04:02"
},
{
"kids":[],
"uid":"3055625971",
"parent":"zjb2Tr6YO",
"text":"咋骗900万，深感罪孽深重，自行了断，就不麻烦组织了。留下的一堆“十万个为什么”，无人敢问无人敢审。",
"mid":"zjb90gUkQ",
"date":"2013-02-14 20:59:41"
},
{
"kids":[],
"uid":"2413066393",
"parent":"",
"text":"",
"mid":"zjb8unU4r",
"date":"2013-02-14 20:58:25"
},
{
"kids":[
"zjbsl5yoN",
"zjbaMs3aH"
],
"uid":"sujia",
"parent":"",
"text":"丁记者最近急于爆出猛料，其实这个是旧闻来的，请看南周去年报道：http:",
"mid":"zjb8oq3Vc",
"date":"2013-02-14 20:58:10"
},
{
"kids":[],
"uid":"2348934063",
"parent":"",
"text":"",
"mid":"zjb8gsyc5",
"date":"2013-02-14 20:57:50"
},
{
"kids":[
"zjbaMerv2"
],
"uid":"2632813982",
"parent":"",
"text":"",
"mid":"zjb6voIkY",
"date":"2013-02-14 20:53:28"
},
{
"kids":[],
"uid":"1978334973",
"parent":"zjaVlmPdS",
"text":"",
"mid":"zjb6ssAwq",
"date":"2013-02-14 20:53:23"
},
{
"kids":[],
"uid":"3057919383",
"parent":"",
"text":"",
"mid":"zjb6qovlb",
"date":"2013-02-14 20:53:17"
},
{
"kids":[],
"uid":"1616993893",
"parent":"",
"text":"为啥呢?",
"mid":"zjb5YDXzc",
"date":"2013-02-14 20:52:11"
},
{
"kids":[
"zjfvnwuvR",
"zjbg4eawb",
"zjbcr3oq9"
],
"uid":"sichuanzengying",
"parent":"",
"text":"这谣有那么难辟吗?",
"mid":"zjb5VEo8w",
"date":"2013-02-14 20:52:07"
},
{
"kids":[],
"uid":"1954995465",
"parent":"zjaU270A4",
"text":"",
"mid":"zjb4S4lsl",
"date":"2013-02-14 20:49:27"
},
{
"kids":[],
"uid":"1658823251",
"parent":"",
"text":"我c！",
"mid":"zjb4F5njW",
"date":"2013-02-14 20:48:55"
},
{
"kids":[],
"uid":"1694507233",
"parent":"",
"text":"",
"mid":"zjb35wRIa",
"date":"2013-02-14 20:45:06"
},
{
"kids":[
"zjb90gUkQ"
],
"uid":"lingbo76",
"parent":"",
"text":"",
"mid":"zjb2Tr6YO",
"date":"2013-02-14 20:44:34"
},
{
"kids":[],
"uid":"2644895661",
"parent":"",
"text":"",
"mid":"zjb1Hyntf",
"date":"2013-02-14 20:41:39"
},
{
"kids":[],
"uid":"1366291615",
"parent":"",
"text":"",
"mid":"zjb1Dp4wb",
"date":"2013-02-14 20:41:30"
},
{
"kids":[],
"uid":"1843032647",
"parent":"zjamxo0aa",
"text":"",
"mid":"zjb0DmLaL",
"date":"2013-02-14 20:39:00"
},
{
"kids":[
"zjbdpB8nB"
],
"uid":"1841337761",
"parent":"",
"text":"",
"mid":"zjaZTgOXA",
"date":"2013-02-14 20:37:13"
},
{
"kids":[],
"uid":"3244068405",
"parent":"zjaxsnfER",
"text":"？？？",
"mid":"zjaZDC3yG",
"date":"2013-02-14 20:36:36"
},
{
"kids":[],
"uid":"319888790",
"parent":"zjaWO6ewK",
"text":"",
"mid":"zjaZppXjA",
"date":"2013-02-14 20:35:59"
},
{
"kids":[
"zjbC28xOL"
],
"uid":"1850711623",
"parent":"zjatOkrk2",
"text":"",
"mid":"zjaZfpgtZ",
"date":"2013-02-14 20:35:38"
},
{
"kids":[],
"uid":"1932039077",
"parent":"zjaXAzzhH",
"text":"",
"mid":"zjaZ4saD9",
"date":"2013-02-14 20:35:09"
},
{
"kids":[],
"uid":"201212598",
"parent":"",
"text":"",
"mid":"zjaYS5RVe",
"date":"2013-02-14 20:34:42"
},
{
"kids":[],
"uid":"2798338387",
"parent":"",
"text":"中国大城市的副市长出事了",
"mid":"zjaYLwgOP",
"date":"2013-02-14 20:34:27"
},
{
"kids":[],
"uid":"lichunlin0309",
"parent":"",
"text":"",
"mid":"zjaYCnMKL",
"date":"2013-02-14 20:34:05"
},
{
"kids":[],
"uid":"1420788924",
"parent":"",
"text":"",
"mid":"zjaYc4NeA",
"date":"2013-02-14 20:33:02"
},
{
"kids":[],
"uid":"2149200103",
"parent":"zjaUYn15V",
"text":"",
"mid":"zjaYaijgz",
"date":"2013-02-14 20:32:57"
},
{
"kids":[],
"uid":"2935712154",
"parent":"",
"text":"[哈哈][鼓掌]",
"mid":"zjaXIgJPO",
"date":"2013-02-14 20:31:52"
},
{
"kids":[],
"uid":"1465098365",
"parent":"zjaWzl2cD",
"text":"",
"mid":"zjaXFycyb",
"date":"2013-02-14 20:31:46"
},
{
"kids":[
"zjbrLmcNg",
"zjaZ4saD9"
],
"uid":"272112268",
"parent":"",
"text":"",
"mid":"zjaXAzzhH",
"date":"2013-02-14 20:31:32"
},
{
"kids":[],
"uid":"2609343117",
"parent":"",
"text":"",
"mid":"zjaXtrimx",
"date":"2013-02-14 20:31:17"
},
{
"kids":[],
"uid":"2327061427",
"parent":"zjaU270A4",
"text":"",
"mid":"zjaXqcmVi",
"date":"2013-02-14 20:31:09"
},
{
"kids":[],
"uid":"2387448274",
"parent":"",
"text":"",
"mid":"zjaXpDsze",
"date":"2013-02-14 20:31:07"
},
{
"kids":[],
"uid":"2681960947",
"parent":"",
"text":"",
"mid":"zjaXp1wFZ",
"date":"2013-02-14 20:31:04"
},
{
"kids":[],
"uid":"2008122533",
"parent":"",
"text":"",
"mid":"zjaX3qZSb",
"date":"2013-02-14 20:30:11"
},
{
"kids":[
"zjaZppXjA"
],
"uid":"825744848",
"parent":"zjaWzl2cD",
"text":"",
"mid":"zjaWO6ewK",
"date":"2013-02-14 20:29:37"
},
{
"kids":[
"zjbfte6wS",
"zjaXFycyb",
"zjaWO6ewK"
],
"uid":"gusanmyth",
"parent":"",
"text":"",
"mid":"zjaWzl2cD",
"date":"2013-02-14 20:29:02"
},
{
"kids":[
"zjb6ssAwq"
],
"uid":"523402040",
"parent":"zjaUYn15V",
"text":"[吃惊]",
"mid":"zjaVlmPdS",
"date":"2013-02-14 20:26:00"
},
{
"kids":[],
"uid":"631678717",
"parent":"",
"text":"",
"mid":"zjaVftdH1",
"date":"2013-02-14 20:25:46"
},
{
"kids":[
"zjaYaijgz",
"zjaVlmPdS"
],
"uid":"2550360660",
"parent":"zjaU270A4",
"text":"这个也删除？",
"mid":"zjaUYn15V",
"date":"2013-02-14 20:25:02"
},
{
"kids":[],
"uid":"2661706373",
"parent":"",
"text":"",
"mid":"zjaUVpFY2",
"date":"2013-02-14 20:24:58"
},
{
"kids":[],
"uid":"1900179735",
"parent":"",
"text":"",
"mid":"zjaUS8E0R",
"date":"2013-02-14 20:24:49"
},
{
"kids":[
"zjbyE1ngS",
"zjb4S4lsl",
"zjaXqcmVi",
"zjaUYn15V"
],
"uid":"2642793321",
"parent":"",
"text":"铁岭市政府回应一下？",
"mid":"zjaU270A4",
"date":"2013-02-14 20:22:47"
},
{
"kids":[],
"uid":"llpsuiyi",
"parent":"zjawvharQ",
"text":"",
"mid":"zjaSLvuh8",
"date":"2013-02-14 20:19:40"
},
{
"kids":[],
"uid":"2665890251",
"parent":"",
"text":"qqq",
"mid":"zjaSmF1l4",
"date":"2013-02-14 20:18:42"
},
{
"kids":[],
"uid":"1823651052",
"parent":"",
"text":"",
"mid":"zjaMXBEUG",
"date":"2013-02-14 20:05:22"
},
{
"kids":[],
"uid":"1915883185",
"parent":"",
"text":"[闭嘴]",
"mid":"zjaMX2BFJ",
"date":"2013-02-14 20:05:20"
},
{
"kids":[],
"uid":"1866408535",
"parent":"",
"text":"[吃惊] 真假啊？",
"mid":"zjaMHlEBM",
"date":"2013-02-14 20:04:43"
},
{
"kids":[],
"uid":"2259751992",
"parent":"",
"text":"",
"mid":"zjaMwpAOJ",
"date":"2013-02-14 20:04:17"
},
{
"kids":[],
"uid":"daoguangli",
"parent":"",
"text":"真的假的",
"mid":"zjaIikHJs",
"date":"2013-02-14 19:53:51"
},
{
"kids":[],
"uid":"2943690433",
"parent":"zjatOkrk2",
"text":"有内幕",
"mid":"zjaGb8g39",
"date":"2013-02-14 19:48:40"
},
{
"kids":[],
"uid":"2172538533",
"parent":"zjamxo0aa",
"text":"",
"mid":"zjaG15r7Y",
"date":"2013-02-14 19:48:13"
},
{
"kids":[],
"uid":"2741785815",
"parent":"zjazYFwzJ",
"text":"",
"mid":"zjaFBDviI",
"date":"2013-02-14 19:47:15"
},
{
"kids":[],
"uid":"zz7c",
"parent":"",
"text":"[din推撞]",
"mid":"zjaE7dDfs",
"date":"2013-02-14 19:43:31"
},
{
"kids":[],
"uid":"2820776695",
"parent":"",
"text":"",
"mid":"zjaCWsbuY",
"date":"2013-02-14 19:40:39"
},
{
"kids":[],
"uid":"3072765735",
"parent":"",
"text":"",
"mid":"zjaCil5df",
"date":"2013-02-14 19:39:02"
},
{
"kids":[],
"uid":"577338168",
"parent":"",
"text":"当今中国官场之腐败已经赛晚清矣。",
"mid":"zjaAR4fid",
"date":"2013-02-14 19:35:33"
},
{
"kids":[],
"uid":"1721873753",
"parent":"",
"text":"",
"mid":"zjaAm2xq1",
"date":"2013-02-14 19:34:18"
},
{
"kids":[
"zjaFBDviI"
],
"uid":"1933486225",
"parent":"",
"text":"[围观]",
"mid":"zjazYFwzJ",
"date":"2013-02-14 19:33:22"
},
{
"kids":[],
"uid":"1951693904",
"parent":"zjaxsnfER",
"text":"",
"mid":"zjazWllvG",
"date":"2013-02-14 19:33:16"
},
{
"kids":[],
"uid":"1733025335",
"parent":"",
"text":"？",
"mid":"zjazmfYdR",
"date":"2013-02-14 19:31:51"
},
{
"kids":[
"zjbcypqyz"
],
"uid":"1037110552",
"parent":"",
"text":"转发微博。",
"mid":"zjazatY7X",
"date":"2013-02-14 19:31:23"
},
{
"kids":[],
"uid":"2914810092",
"parent":"zjamxo0aa",
"text":"",
"mid":"zjayCrDIM",
"date":"2013-02-14 19:30:02"
},
{
"kids":[],
"uid":"2248722863",
"parent":"",
"text":"",
"mid":"zjaywwZl5",
"date":"2013-02-14 19:29:48"
},
{
"kids":[],
"uid":"1036142211",
"parent":"zjawvharQ",
"text":"都什么人啊，都八百年前事了，还当新闻说呢",
"mid":"zjayqmzJY",
"date":"2013-02-14 19:29:32"
},
{
"kids":[],
"uid":"chuanmeixiaoyue",
"parent":"zjatOkrk2",
"text":"[疑问]",
"mid":"zjay5nGWs",
"date":"2013-02-14 19:28:43"
},
{
"kids":[],
"uid":"2349962805",
"parent":"",
"text":"",
"mid":"zjaxVEH30",
"date":"2013-02-14 19:28:18"
},
{
"kids":[
"zjaZDC3yG",
"zjazWllvG"
],
"uid":"2870998071",
"parent":"zjapo7Zsn",
"text":"",
"mid":"zjaxsnfER",
"date":"2013-02-14 19:27:11"
},
{
"kids":[],
"uid":"akdhz",
"parent":"zjatOkrk2",
"text":"",
"mid":"zjawLeDOh",
"date":"2013-02-14 19:25:25"
},
{
"kids":[],
"uid":"1636214615",
"parent":"zjatOkrk2",
"text":"",
"mid":"zjawJ9Q8Y",
"date":"2013-02-14 19:25:22"
},
{
"kids":[
"zjhiLaaJO",
"zjbE40nRH",
"zjaSLvuh8",
"zjayqmzJY"
],
"uid":"337605678",
"parent":"",
"text":"",
"mid":"zjawvharQ",
"date":"2013-02-14 19:24:48"
},
{
"kids":[],
"uid":"702347237",
"parent":"",
"text":"",
"mid":"zjauXeJap",
"date":"2013-02-14 19:20:58"
},
{
"kids":[],
"uid":"old5ren",
"parent":"",
"text":"",
"mid":"zjauElnib",
"date":"2013-02-14 19:20:12"
},
{
"kids":[],
"uid":"1848390141",
"parent":"",
"text":"新闻？旧闻？",
"mid":"zjauE1DDa",
"date":"2013-02-14 19:20:14"
},
{
"kids":[],
"uid":"1976460311",
"parent":"",
"text":"好久不上微博，打开还是这样的事，晃如昨日。",
"mid":"zjaue4q2W",
"date":"2013-02-14 19:19:11"
},
{
"kids":[
"zjaZfpgtZ",
"zjaGb8g39",
"zjay5nGWs",
"zjawLeDOh",
"zjawJ9Q8Y"
],
"uid":"919730309",
"parent":"zjamxo0aa",
"text":"？？？",
"mid":"zjatOkrk2",
"date":"2013-02-14 19:18:11"
},
{
"kids":[],
"uid":"210109125",
"parent":"zjapo7Zsn",
"text":"",
"mid":"zjatI6psK",
"date":"2013-02-14 19:17:54"
},
{
"kids":[],
"uid":"n41e123",
"parent":"",
"text":"",
"mid":"zjasRvXim",
"date":"2013-02-14 19:15:50"
},
{
"kids":[],
"uid":"2681700845",
"parent":"",
"text":"冤枉啊!",
"mid":"zjas6ewpd",
"date":"2013-02-14 19:13:58"
},
{
"kids":[],
"uid":"cnwanggy",
"parent":"",
"text":"",
"mid":"zjarVisAn",
"date":"2013-02-14 19:13:29"
},
{
"kids":[],
"uid":"2060624955",
"parent":"",
"text":"[吃惊]",
"mid":"zjarKE0bX",
"date":"2013-02-14 19:13:06"
},
{
"kids":[],
"uid":"1915809087",
"parent":"",
"text":"传是赵氏黑社会集团所为！求证。",
"mid":"zjarF6Uo8",
"date":"2013-02-14 19:12:53"
},
{
"kids":[],
"uid":"3225045215",
"parent":"zjamxo0aa",
"text":"",
"mid":"zjaru7kGX",
"date":"2013-02-14 19:12:26"
},
{
"kids":[],
"uid":"624024446",
"parent":"",
"text":"",
"mid":"zjargwbUc",
"date":"2013-02-14 19:11:55"
},
{
"kids":[],
"uid":"forallenews",
"parent":"",
"text":"",
"mid":"zjar3vp30",
"date":"2013-02-14 19:11:24"
},
{
"kids":[],
"uid":"2978325973",
"parent":"",
"text":"",
"mid":"zjaqPC1cr",
"date":"2013-02-14 19:10:50"
},
{
"kids":[],
"uid":"1849068030",
"parent":"",
"text":"一团迷雾[浮云]",
"mid":"zjaqMEH25",
"date":"2013-02-14 19:10:43"
},
{
"kids":[],
"uid":"2575044027",
"parent":"",
"text":"",
"mid":"zjaqH7mhZ",
"date":"2013-02-14 19:10:28"
},
{
"kids":[],
"uid":"2627405713",
"parent":"",
"text":"围观",
"mid":"zjapWofeo",
"date":"2013-02-14 19:08:39"
},
{
"kids":[
"zjhAxE5PE"
],
"uid":"1581387791",
"parent":"",
"text":"转发不为别的，只求真相",
"mid":"zjapO6bsf",
"date":"2013-02-14 19:08:17"
},
{
"kids":[
"zjbN329Dl",
"zjaxsnfER",
"zjatI6psK"
],
"uid":"1777287711",
"parent":"zjal7niYX",
"text":"",
"mid":"zjapo7Zsn",
"date":"2013-02-14 19:07:15"
},
{
"kids":[],
"uid":"549210505",
"parent":"zjal7niYX",
"text":"",
"mid":"zjap4hRqh",
"date":"2013-02-14 19:06:29"
},
{
"kids":[],
"uid":"1986013375",
"parent":"",
"text":"",
"mid":"zjap371fv",
"date":"2013-02-14 19:06:25"
},
{
"kids":[],
"uid":"tjfwb",
"parent":"",
"text":"",
"mid":"zjaoHeTTP",
"date":"2013-02-14 19:05:35"
},
{
"kids":[],
"uid":"2575044027",
"parent":"",
"text":"",
"mid":"zjaoel2Hh",
"date":"2013-02-14 19:04:27"
},
{
"kids":[],
"uid":"2622351147",
"parent":"",
"text":"没什么惋惜。绝对不干净！",
"mid":"zjao9zbnM",
"date":"2013-02-14 19:04:14"
},
{
"kids":[],
"uid":"1670232545",
"parent":"",
"text":"",
"mid":"zjanZuF9M",
"date":"2013-02-14 19:03:51"
},
{
"kids":[],
"uid":"yaokefeng",
"parent":"",
"text":"转发求证",
"mid":"zjanVmuKI",
"date":"2013-02-14 19:03:41"
},
{
"kids":[],
"uid":"1415293523",
"parent":"",
"text":"",
"mid":"zjancdjiE",
"date":"2013-02-14 19:01:51"
},
{
"kids":[
"zjb0DmLaL",
"zjaG15r7Y",
"zjayCrDIM",
"zjatOkrk2",
"zjaru7kGX"
],
"uid":"panhongqi",
"parent":"",
"text":"大城市铁岭",
"mid":"zjamxo0aa",
"date":"2013-02-14 19:00:15"
},
{
"kids":[],
"uid":"1659843354",
"parent":"",
"text":"'",
"mid":"zjamd0LqQ",
"date":"2013-02-14 18:59:27"
},
{
"kids":[
"zjbT7rZQG"
],
"uid":"jupengv",
"parent":"",
"text":"",
"mid":"zjalLdZH9",
"date":"2013-02-14 18:58:21"
},
{
"kids":[],
"uid":"1212564982",
"parent":"",
"text":"",
"mid":"zjalBvStU",
"date":"2013-02-14 18:57:58"
},
{
"kids":[],
"uid":"2633791057",
"parent":"",
"text":"搞政治也是危险滴。",
"mid":"zjalz75NJ",
"date":"2013-02-14 18:57:52"
},
{
"kids":[],
"uid":"2247703465",
"parent":"",
"text":"",
"mid":"zjalunQPc",
"date":"2013-02-14 18:57:40"
},
{
"kids":[],
"uid":"2050949403",
"parent":"",
"text":"",
"mid":"zjalobBgu",
"date":"2013-02-14 18:57:27"
},
{
"kids":[
"zjapo7Zsn",
"zjap4hRqh"
],
"uid":"536810678",
"parent":"",
"text":"求证",
"mid":"zjal7niYX",
"date":"2013-02-14 18:56:44"
}
]