[
{
"kids":[],
"uid":"1778649377",
"parent":"yCLumc0z7",
"text":"",
"mid":"zljJi95v3",
"date":"2013-02-28 22:31:39"
},
{
"kids":[],
"uid":"1801426350",
"parent":"yCLumc0z7",
"text":"",
"mid":"zljJi95th",
"date":"2013-02-28 22:31:38"
},
{
"kids":[],
"uid":"jprl",
"parent":"yCLumc0z7",
"text":"",
"mid":"zljJhxrH7",
"date":"2013-02-28 22:31:38"
},
{
"kids":[],
"uid":"1718687977",
"parent":"yCLumc0z7",
"text":"",
"mid":"zljJhxrFU",
"date":"2013-02-28 22:31:38"
},
{
"kids":[],
"uid":"1726912771",
"parent":"yCLumc0z7",
"text":"",
"mid":"zljJhgXkK",
"date":"2013-02-28 22:31:37"
},
{
"kids":[],
"uid":"1705745962",
"parent":"yCLumc0z7",
"text":"",
"mid":"zljJhfQu6",
"date":"2013-02-28 22:31:37"
},
{
"kids":[],
"uid":"1802727452",
"parent":"yCLumc0z7",
"text":"",
"mid":"zljJhfQsk",
"date":"2013-02-28 22:31:37"
},
{
"kids":[],
"uid":"1728461885",
"parent":"yCLumc0z7",
"text":"",
"mid":"zljJgFjuv",
"date":"2013-02-28 22:31:35"
},
{
"kids":[],
"uid":"1727432944",
"parent":"yCLumc0z7",
"text":"",
"mid":"zljJgEcFv",
"date":"2013-02-28 22:31:37"
},
{
"kids":[],
"uid":"1707914104",
"parent":"yCLumc0z7",
"text":"",
"mid":"zljJgEcC7",
"date":"2013-02-28 22:31:36"
},
{
"kids":[],
"uid":"1779493087",
"parent":"yCLumc0z7",
"text":"",
"mid":"zljJgmBoj",
"date":"2013-02-28 22:31:35"
},
{
"kids":[],
"uid":"2640178673",
"parent":"",
"text":"混蛋",
"mid":"yFVxUD4yb",
"date":"2012-10-11 12:49:46"
},
{
"kids":[],
"uid":"1440486674",
"parent":"yEMCv7pED",
"text":"",
"mid":"yF4SU1tA0",
"date":"2012-10-05 22:45:54"
},
{
"kids":[],
"uid":"2804549832",
"parent":"yEMCv7pED",
"text":"",
"mid":"yEWQdcvPP",
"date":"2012-10-05 02:17:18"
},
{
"kids":[],
"uid":"2807868952",
"parent":"yCqyj9Kyv",
"text":"",
"mid":"yEUS9mbXY",
"date":"2012-10-04 21:16:35"
},
{
"kids":[],
"uid":"1778386165",
"parent":"yCqyj9Kyv",
"text":"",
"mid":"yEUS9mbQ1",
"date":"2012-10-04 21:16:35"
},
{
"kids":[],
"uid":"2919279772",
"parent":"yEMCv7pED",
"text":"",
"mid":"yEUIKmsZW",
"date":"2012-10-04 20:53:24"
},
{
"kids":[],
"uid":"2808375470",
"parent":"yEMCv7pED",
"text":"",
"mid":"yEUIKmsTZ",
"date":"2012-10-04 20:53:22"
},
{
"kids":[],
"uid":"2919410452",
"parent":"yCqyj9Kyv",
"text":"",
"mid":"yEMFvzb3S",
"date":"2012-10-04 00:23:25"
},
{
"kids":[],
"uid":"2920167502",
"parent":"yCqyj9Kyv",
"text":"",
"mid":"yEMFvzaVO",
"date":"2012-10-04 00:23:29"
},
{
"kids":[
"yF4SU1tA0",
"yEWQdcvPP",
"yEUIKmsZW",
"yEUIKmsTZ"
],
"uid":"2670320143",
"parent":"",
"text":"",
"mid":"yEMCv7pED",
"date":"2012-10-04 00:16:03"
},
{
"kids":[],
"uid":"2804369534",
"parent":"yCqyj9Kyv",
"text":"",
"mid":"yEtKewBbH",
"date":"2012-10-02 00:12:52"
},
{
"kids":[],
"uid":"2238569483",
"parent":"yCquZbbZC",
"text":"",
"mid":"yEiCFwrL7",
"date":"2012-09-30 19:54:04"
},
{
"kids":[],
"uid":"2920028010",
"parent":"yCqyj9Kyv",
"text":"",
"mid":"yEhbPhP9E",
"date":"2012-09-30 16:15:10"
},
{
"kids":[],
"uid":"1440501033",
"parent":"yCqyj9Kyv",
"text":"",
"mid":"yDZ0oh3VT",
"date":"2012-09-28 17:57:32"
},
{
"kids":[],
"uid":"2808573252",
"parent":"yCqyj9Kyv",
"text":"",
"mid":"yDZ0ogjkB",
"date":"2012-09-28 17:57:34"
},
{
"kids":[],
"uid":"2919331304",
"parent":"",
"text":"",
"mid":"yDSluk6I2",
"date":"2012-09-28 01:00:19"
},
{
"kids":[],
"uid":"2920050610",
"parent":"",
"text":"",
"mid":"yDSlu1ObZ",
"date":"2012-09-28 01:00:18"
},
{
"kids":[],
"uid":"2803051910",
"parent":"yCqyj9Kyv",
"text":"",
"mid":"yDM4B4zo3",
"date":"2012-09-27 09:02:12"
},
{
"kids":[],
"uid":"2919849314",
"parent":"yCqyj9Kyv",
"text":"",
"mid":"yDM4B2SWh",
"date":"2012-09-27 09:02:12"
},
{
"kids":[],
"uid":"2809168554",
"parent":"",
"text":"",
"mid":"yDCYHCrrv",
"date":"2012-09-26 09:52:59"
},
{
"kids":[],
"uid":"1588292512",
"parent":"",
"text":"",
"mid":"yDCYHABFk",
"date":"2012-09-26 09:52:58"
},
{
"kids":[],
"uid":"2789852002",
"parent":"yCqyj9Kyv",
"text":"",
"mid":"yDxkT5Vvv",
"date":"2012-09-25 19:31:09"
},
{
"kids":[],
"uid":"2919610890",
"parent":"yCqyj9Kyv",
"text":"",
"mid":"yDukBcrbd",
"date":"2012-09-25 11:52:11"
},
{
"kids":[],
"uid":"2804663262",
"parent":"",
"text":"",
"mid":"yDthogWjD",
"date":"2012-09-25 09:11:32"
},
{
"kids":[],
"uid":"2920541842",
"parent":"",
"text":"",
"mid":"yDthnE4oy",
"date":"2012-09-25 09:11:31"
},
{
"kids":[],
"uid":"2919360494",
"parent":"yCqV7no9C",
"text":"",
"mid":"yD96ZyWZO",
"date":"2012-09-23 05:51:00"
},
{
"kids":[],
"uid":"2789811034",
"parent":"yCqV7no9C",
"text":"",
"mid":"yD96ZyoYt",
"date":"2012-09-23 05:51:00"
},
{
"kids":[],
"uid":"2881498442",
"parent":"",
"text":"",
"mid":"yD1kceTWJ",
"date":"2012-09-22 10:01:33"
},
{
"kids":[],
"uid":"1439595423",
"parent":"yCqyj9Kyv",
"text":"",
"mid":"yCYAwofCN",
"date":"2012-09-22 03:03:31"
},
{
"kids":[],
"uid":"2919595224",
"parent":"yCqyj9Kyv",
"text":"",
"mid":"yCYAw7Z25",
"date":"2012-09-22 03:03:31"
},
{
"kids":[],
"uid":"2920323114",
"parent":"yCqyj9Kyv",
"text":"",
"mid":"yCX1A6PUN",
"date":"2012-09-21 23:04:39"
},
{
"kids":[],
"uid":"1437566755",
"parent":"yCqyj9Kyv",
"text":"",
"mid":"yCX1A5WQN",
"date":"2012-09-21 23:04:42"
},
{
"kids":[
"zljJi95v3",
"zljJi95th",
"zljJhxrH7",
"zljJhxrFU",
"zljJhgXkK",
"zljJhfQu6",
"zljJhfQsk",
"zljJgFjuv",
"zljJgEcFv",
"zljJgEcC7",
"zljJgmBoj"
],
"uid":"2941859737",
"parent":"yCrXW4tUT",
"text":"狗日的",
"mid":"yCLumc0z7",
"date":"2012-09-20 17:42:36"
},
{
"kids":[],
"uid":"528001244",
"parent":"yCs2I9J9A",
"text":"车",
"mid":"yCL0Wp0TG",
"date":"2012-09-20 16:30:10"
},
{
"kids":[],
"uid":"1748488125",
"parent":"yCsRb9r5c",
"text":"人渣狗……",
"mid":"yCKOG5m0U",
"date":"2012-09-20 15:59:55"
},
{
"kids":[],
"uid":"2698738287",
"parent":"",
"text":"",
"mid":"yCE5ozfwm",
"date":"2012-09-19 22:51:54"
},
{
"kids":[],
"uid":"2644984893",
"parent":"",
"text":"比我见到就打西死距地",
"mid":"yCC9auJ6F",
"date":"2012-09-19 17:55:43"
},
{
"kids":[],
"uid":"1968728161",
"parent":"",
"text":"這都行？你媽日的的",
"mid":"yCBrAxW8K",
"date":"2012-09-19 16:08:20"
},
{
"kids":[],
"uid":"2349739612",
"parent":"",
"text":"",
"mid":"yCBeO2fWY",
"date":"2012-09-19 15:36:48"
},
{
"kids":[],
"uid":"1971853902",
"parent":"",
"text":"",
"mid":"yCAsieHfA",
"date":"2012-09-19 13:37:20"
},
{
"kids":[],
"uid":"2417618981",
"parent":"yCz1yso2S",
"text":"",
"mid":"yCAhdbuSN",
"date":"2012-09-19 13:10:02"
},
{
"kids":[],
"uid":"2530182154",
"parent":"",
"text":"",
"mid":"yCA4y5RqB",
"date":"2012-09-19 12:38:50"
},
{
"kids":[],
"uid":"2276214517",
"parent":"",
"text":"居然是这样…[怒][怒][怒][怒]太可恶了！@DJ林颐 @成龙 @何炅 @谢娜 @张根硕",
"mid":"yCA1VhwPC",
"date":"2012-09-19 12:32:22"
},
{
"kids":[],
"uid":"2537980271",
"parent":"",
"text":"日本人真贱啊",
"mid":"yCzUP09ZW",
"date":"2012-09-19 12:14:51"
},
{
"kids":[],
"uid":"2657610714",
"parent":"yCyVoCHo0",
"text":"",
"mid":"yCznq8oBp",
"date":"2012-09-19 10:52:35"
},
{
"kids":[],
"uid":"1601309915",
"parent":"yCzbHx5l4",
"text":"不管真的假的，理性一点总归是好事……我们不会放过这些猥琐的狗日的",
"mid":"yCzdDvgFr",
"date":"2012-09-19 10:28:28"
},
{
"kids":[],
"uid":"2380420655",
"parent":"",
"text":"[鼓掌]",
"mid":"yCzcw5uCJ",
"date":"2012-09-19 10:25:41"
},
{
"kids":[],
"uid":"272244523",
"parent":"yCyTIE3jI",
"text":"[吃惊][吃惊][吃惊][吃惊][怒骂][怒骂][怒骂][怒骂]",
"mid":"yCzcchlBx",
"date":"2012-09-19 10:24:55"
},
{
"kids":[
"yCzdDvgFr"
],
"uid":"2169197463",
"parent":"yCzaCu9Qx",
"text":"假的，中国愤青造谣[鄙视]",
"mid":"yCzbHx5l4",
"date":"2012-09-19 10:23:42"
},
{
"kids":[
"yCzbHx5l4"
],
"uid":"1819735774",
"parent":"yCyVoCHo0",
"text":"挖~剧情天天有高潮[晕][怒]",
"mid":"yCzaCu9Qx",
"date":"2012-09-19 10:21:03"
},
{
"kids":[],
"uid":"winlower",
"parent":"yCz1yso2S",
"text":"长得很日。。本[右哼哼]",
"mid":"yCz9sD1xH",
"date":"2012-09-19 10:18:12"
},
{
"kids":[],
"uid":"1914179515",
"parent":"",
"text":"这不是日本的那个杀人犯吗？杀了洋妞女朋友的[挖鼻屎]什么时候变间谍了[思考]",
"mid":"yCz59fYl4",
"date":"2012-09-19 10:07:33"
},
{
"kids":[],
"uid":"2365209504",
"parent":"",
"text":"大家不要被间谍利用了。",
"mid":"yCz4Y3vMF",
"date":"2012-09-19 10:07:06"
},
{
"kids":[
"yCAhdbuSN",
"yCz9sD1xH"
],
"uid":"panyina999",
"parent":"yCyVoCHo0",
"text":"卧槽！",
"mid":"yCz1yso2S",
"date":"2012-09-19 09:58:43"
},
{
"kids":[],
"uid":"2089212495",
"parent":"yCyWTbe7n",
"text":"",
"mid":"yCyXBaSiE",
"date":"2012-09-19 09:48:58"
},
{
"kids":[
"yCyXBaSiE"
],
"uid":"737234994",
"parent":"yCyVoCHo0",
"text":"扩",
"mid":"yCyWTbe7n",
"date":"2012-09-19 09:47:13"
},
{
"kids":[],
"uid":"1936011497",
"parent":"",
"text":"转发微博。",
"mid":"yCyWxyAl0",
"date":"2012-09-19 09:46:22"
},
{
"kids":[
"yCznq8oBp",
"yCzaCu9Qx",
"yCz1yso2S",
"yCyWTbe7n"
],
"uid":"2317307574",
"parent":"yCyTIE3jI",
"text":"粪青们看清楚了！",
"mid":"yCyVoCHo0",
"date":"2012-09-19 09:43:33"
},
{
"kids":[],
"uid":"2898067271",
"parent":"yCyTIE3jI",
"text":"",
"mid":"yCyUtkShl",
"date":"2012-09-19 09:41:16"
},
{
"kids":[
"yCzcchlBx",
"yCyVoCHo0",
"yCyUtkShl"
],
"uid":"2613373233",
"parent":"yCsd1iipT",
"text":"哇靠！这是不是真的哦？抓到日本间谍看日本怎么说哟u？",
"mid":"yCyTIE3jI",
"date":"2012-09-19 09:39:25"
},
{
"kids":[],
"uid":"1437539331",
"parent":"",
"text":"",
"mid":"yCy3yaBAx",
"date":"2012-09-19 07:30:53"
},
{
"kids":[],
"uid":"2919303894",
"parent":"",
"text":"",
"mid":"yCy3yaBA4",
"date":"2012-09-19 07:30:52"
},
{
"kids":[],
"uid":"636784876",
"parent":"",
"text":"草泥马狗日的！",
"mid":"yCxRbolXS",
"date":"2012-09-19 07:00:25"
},
{
"kids":[],
"uid":"2768744833",
"parent":"yCuEQdU8d",
"text":"",
"mid":"yCwCQvrIJ",
"date":"2012-09-19 03:52:21"
},
{
"kids":[],
"uid":"2790012972",
"parent":"yCqV7no9C",
"text":"",
"mid":"yCvRI4INO",
"date":"2012-09-19 01:56:13"
},
{
"kids":[],
"uid":"2920337962",
"parent":"yCqV7no9C",
"text":"",
"mid":"yCvRI3GRB",
"date":"2012-09-19 01:56:13"
},
{
"kids":[],
"uid":"2496558232",
"parent":"",
"text":"看吧！！！",
"mid":"yCvvQ3kxw",
"date":"2012-09-19 01:02:20"
},
{
"kids":[],
"uid":"2804028730",
"parent":"yCqV7no9C",
"text":"",
"mid":"yCv6nwbY1",
"date":"2012-09-18 23:59:37"
},
{
"kids":[],
"uid":"1589457860",
"parent":"yCqV7no9C",
"text":"",
"mid":"yCv6neAP7",
"date":"2012-09-18 23:59:37"
},
{
"kids":[],
"uid":"2370119670",
"parent":"",
"text":"[怒][怒][怒][怒][怒][怒][怒][怒][怒]",
"mid":"yCv4olJOF",
"date":"2012-09-18 23:54:43"
},
{
"kids":[],
"uid":"wainaoe703",
"parent":"yCqyj9Kyv",
"text":"",
"mid":"yCuVM4DDq",
"date":"2012-09-18 23:33:29"
},
{
"kids":[],
"uid":"2920331884",
"parent":"yCqyj9Kyv",
"text":"",
"mid":"yCuVM3nD4",
"date":"2012-09-18 23:33:27"
},
{
"kids":[],
"uid":"2638204314",
"parent":"yCrQZy3L7",
"text":"原来是日本人在破坏！！",
"mid":"yCuO10nw2",
"date":"2012-09-18 23:14:22"
},
{
"kids":[
"yCwCQvrIJ"
],
"uid":"2078377125",
"parent":"",
"text":"怎么感觉他们还木有进化成人啊?虽然老师说不能以貌取人,但他们的长相和行为真心让人倒胃口!",
"mid":"yCuEQdU8d",
"date":"2012-09-18 22:51:47"
},
{
"kids":[],
"uid":"ouqianwen",
"parent":"",
"text":"",
"mid":"yCuBv3pHv",
"date":"2012-09-18 22:43:32"
},
{
"kids":[],
"uid":"2166479547",
"parent":"",
"text":"求证",
"mid":"yCuBsmhrZ",
"date":"2012-09-18 22:43:25"
},
{
"kids":[],
"uid":"2551336851",
"parent":"",
"text":"同感",
"mid":"yCuB02wEn",
"date":"2012-09-18 22:42:18"
},
{
"kids":[],
"uid":"1780170645",
"parent":"",
"text":"转发微博。",
"mid":"yCuAxEWfb",
"date":"2012-09-18 22:41:12"
},
{
"kids":[],
"uid":"min0703",
"parent":"yCtbaqp9F",
"text":"[惊恐][惊恐][惊恐]请不要发09年的东西好吗？",
"mid":"yCuAgwsBM",
"date":"2012-09-18 22:40:30"
},
{
"kids":[],
"uid":"2159091870",
"parent":"",
"text":"[吃惊]",
"mid":"yCuqImu0d",
"date":"2012-09-18 22:16:57"
},
{
"kids":[],
"uid":"2001008715",
"parent":"",
"text":"他妈的，砸他鸡蛋，踹死他！！！五马分尸，泼硫酸！",
"mid":"yCupv2APQ",
"date":"2012-09-18 22:13:55"
},
{
"kids":[],
"uid":"2254942804",
"parent":"",
"text":"该死的小日本鬼子",
"mid":"yCuhHByX5",
"date":"2012-09-18 21:54:46"
},
{
"kids":[],
"uid":"2847433227",
"parent":"yCtjpjpgq",
"text":"太姦詐了他們！果然是狗日的！嚴重鄙視他們！大家愛國要理智！[给力]",
"mid":"yCuhrlqsf",
"date":"2012-09-18 21:54:07"
},
{
"kids":[],
"uid":"208645607",
"parent":"yCqIYu993",
"text":"草泥马",
"mid":"yCugqDv00",
"date":"2012-09-18 21:51:38"
},
{
"kids":[],
"uid":"1045091614",
"parent":"",
"text":"[怒][怒][怒][怒][怒]",
"mid":"yCuaefVYk",
"date":"2012-09-18 21:36:18"
},
{
"kids":[],
"uid":"2231588550",
"parent":"yCrQkbK6N",
"text":"少扑母，枪毙掉[酷]",
"mid":"yCu5MgN05",
"date":"2012-09-18 21:25:23"
},
{
"kids":[],
"uid":"cherishiris",
"parent":"",
"text":"",
"mid":"yCtS53cwW",
"date":"2012-09-18 20:51:38"
},
{
"kids":[],
"uid":"2447619202",
"parent":"",
"text":"一看就像日本人啦",
"mid":"yCtRVywhU",
"date":"2012-09-18 20:51:17"
},
{
"kids":[],
"uid":"1141889561",
"parent":"",
"text":"[围观]",
"mid":"yCtExwd5M",
"date":"2012-09-18 20:18:15"
},
{
"kids":[],
"uid":"aw4224",
"parent":"",
"text":"转发微博。",
"mid":"yCtCRf0YH",
"date":"2012-09-18 20:14:08"
},
{
"kids":[],
"uid":"2451619511",
"parent":"",
"text":"干死日本鬼子[怒][弱]",
"mid":"yCtCOwMsy",
"date":"2012-09-18 20:14:01"
},
{
"kids":[],
"uid":"1946850202",
"parent":"",
"text":"@刘旭涛KELL 第二个像谁。。。。",
"mid":"yCtC4ucbb",
"date":"2012-09-18 20:12:10"
},
{
"kids":[],
"uid":"1925753385",
"parent":"",
"text":"贱人",
"mid":"yCtBqAjaD",
"date":"2012-09-18 20:10:34"
},
{
"kids":[],
"uid":"2354364193",
"parent":"",
"text":"有禁个事？",
"mid":"yCtBf37zi",
"date":"2012-09-18 20:10:09"
},
{
"kids":[],
"uid":"313389000",
"parent":"",
"text":"要不要抓去泰国当鸭？",
"mid":"yCtzE3sCW",
"date":"2012-09-18 20:06:13"
},
{
"kids":[],
"uid":"2381423130",
"parent":"yCqpx8jOy",
"text":"[怒]",
"mid":"yCtwWbS8n",
"date":"2012-09-18 19:59:33"
},
{
"kids":[],
"uid":"2431237001",
"parent":"",
"text":"转发微博。",
"mid":"yCtmB17Dr",
"date":"2012-09-18 19:34:03"
},
{
"kids":[],
"uid":"2260170755",
"parent":"yCtaXp6cz",
"text":"",
"mid":"yCtlAlN9c",
"date":"2012-09-18 19:31:35"
},
{
"kids":[],
"uid":"2279595053",
"parent":"yCtjpjpgq",
"text":"",
"mid":"yCtlkplv5",
"date":"2012-09-18 19:30:57"
},
{
"kids":[
"yCuhrlqsf",
"yCtlkplv5"
],
"uid":"huahualn",
"parent":"",
"text":"我们中方坚决派出凤姐轮女干他们",
"mid":"yCtjpjpgq",
"date":"2012-09-18 19:26:13"
},
{
"kids":[],
"uid":"2523527041",
"parent":"yCt6peAqL",
"text":"",
"mid":"yCthWBLJk",
"date":"2012-09-18 19:22:34"
},
{
"kids":[],
"uid":"1653623345",
"parent":"yCsU8BhTn",
"text":"",
"mid":"yCthi7pXL",
"date":"2012-09-18 19:21:01"
},
{
"kids":[],
"uid":"2737433741",
"parent":"",
"text":"",
"mid":"yCtg2mlux",
"date":"2012-09-18 19:17:56"
},
{
"kids":[],
"uid":"2022523497",
"parent":"",
"text":"不是吧…[吃惊]",
"mid":"yCtfP7iQQ",
"date":"2012-09-18 19:17:22"
},
{
"kids":[],
"uid":"1899381407",
"parent":"",
"text":"檫，小日本，够贱！！！",
"mid":"yCtdenfeY",
"date":"2012-09-18 19:10:57"
},
{
"kids":[],
"uid":"2616552624",
"parent":"",
"text":"抓得好。。[good][good]@请输入用户名",
"mid":"yCtcUwjjl",
"date":"2012-09-18 19:10:13"
},
{
"kids":[],
"uid":"2675365613",
"parent":"yCrN2iMeK",
"text":"",
"mid":"yCtcCyAbH",
"date":"2012-09-18 19:09:31"
},
{
"kids":[],
"uid":"452865989heng",
"parent":"",
"text":"哎，人家偷着乐……",
"mid":"yCtbRguJ8",
"date":"2012-09-18 19:07:34"
},
{
"kids":[
"yCuAgwsBM"
],
"uid":"1808335727",
"parent":"",
"text":"理智'",
"mid":"yCtbaqp9F",
"date":"2012-09-18 19:05:53"
},
{
"kids":[
"yCtlAlN9c"
],
"uid":"1875900813",
"parent":"yCrtWxZjv",
"text":"打、砸、抢、烧，这不是人做出来的",
"mid":"yCtaXp6cz",
"date":"2012-09-18 19:05:23"
},
{
"kids":[],
"uid":"venushuangky",
"parent":"",
"text":"混球！人渣！败类！卑鄙！无耻！你&%*&#的日本屎球！！！",
"mid":"yCtat01h0",
"date":"2012-09-18 19:04:11"
},
{
"kids":[],
"uid":"2319040207",
"parent":"",
"text":"",
"mid":"yCt9Hp04X",
"date":"2012-09-18 19:02:17"
},
{
"kids":[],
"uid":"2384420647",
"parent":"",
"text":"理性爱国，不要盲目跟风，让日本鬼子有机可乘",
"mid":"yCt9ycAM1",
"date":"2012-09-18 19:01:56"
},
{
"kids":[],
"uid":"Cchanjim",
"parent":"",
"text":"干他妹的   人渣",
"mid":"yCt86r2IG",
"date":"2012-09-18 18:58:21"
},
{
"kids":[],
"uid":"1786624657",
"parent":"",
"text":"长得真吓人~[挖鼻屎]",
"mid":"yCt82AsB9",
"date":"2012-09-18 18:58:13"
},
{
"kids":[],
"uid":"2185762685",
"parent":"",
"text":"[弱]",
"mid":"yCt72fbZ9",
"date":"2012-09-18 18:55:45"
},
{
"kids":[
"yCthWBLJk"
],
"uid":"2413080225",
"parent":"yCs2I9J9A",
"text":"",
"mid":"yCt6peAqL",
"date":"2012-09-18 18:54:11"
},
{
"kids":[],
"uid":"cqw5203344",
"parent":"",
"text":"",
"mid":"yCt69fWx9",
"date":"2012-09-18 18:53:33"
},
{
"kids":[],
"uid":"baobei521314",
"parent":"",
"text":"真是可恶…",
"mid":"yCt4Txsya",
"date":"2012-09-18 18:50:29"
},
{
"kids":[],
"uid":"2420723144",
"parent":"",
"text":"操日本！该死D日本！[怒][怒][怒][蜡烛] 日本[蜡烛][弱]",
"mid":"yCt1YqaIQ",
"date":"2012-09-18 18:43:16"
},
{
"kids":[],
"uid":"raphaelsky",
"parent":"yCsXmo4Gp",
"text":"这是假消息，图中此人名为市桥达也，现年30岁，日本人，涉嫌谋杀一英国籍女子后整形潜逃而震惊世界，希望大家理性查证消息来源，不要被蒙蔽。",
"mid":"yCt1g48ME",
"date":"2012-09-18 18:41:30"
},
{
"kids":[],
"uid":"lujun616917",
"parent":"yCsVmgMqS",
"text":"有木有觉得这两个日本人好丑！[偷笑][怒骂]@罗嬥嬥得瑟死了 @万人瑞的颠倒世界",
"mid":"yCsYACKRH",
"date":"2012-09-18 18:34:54"
},
{
"kids":[],
"uid":"2419684942",
"parent":"",
"text":"",
"mid":"yCsXFAxYB",
"date":"2012-09-18 18:32:41"
},
{
"kids":[],
"uid":"2096172981",
"parent":"yCrnLgcTK",
"text":"照片好猥琐",
"mid":"yCsXFhPPq",
"date":"2012-09-18 18:32:39"
},
{
"kids":[
"yCt1g48ME"
],
"uid":"1904348123",
"parent":"",
"text":"",
"mid":"yCsXmo4Gp",
"date":"2012-09-18 18:31:53"
},
{
"kids":[],
"uid":"1860792934",
"parent":"",
"text":"我都話架啦！廣州人，無再示威游行了~傷害嘅都係自己人啊",
"mid":"yCsWH1NgG",
"date":"2012-09-18 18:30:15"
},
{
"kids":[],
"uid":"1748456077",
"parent":"",
"text":"这个是陈伟杰",
"mid":"yCsVHgQQW",
"date":"2012-09-18 18:27:47"
},
{
"kids":[],
"uid":"jiwq",
"parent":"",
"text":"著名日本留学生发回辟谣贴！",
"mid":"yCsVrhowB",
"date":"2012-09-18 18:27:10"
},
{
"kids":[
"yCsYACKRH"
],
"uid":"lujun616917",
"parent":"",
"text":"[吃惊][衰][怒骂]@罗嬥嬥得瑟死了 @captain_1549",
"mid":"yCsVmgMqS",
"date":"2012-09-18 18:26:55"
},
{
"kids":[
"yCthi7pXL"
],
"uid":"2381224257",
"parent":"",
"text":"有待考证",
"mid":"yCsU8BhTn",
"date":"2012-09-18 18:23:58"
},
{
"kids":[],
"uid":"2197740043",
"parent":"",
"text":"果断扩散，楼主是何居心",
"mid":"yCsTUssuO",
"date":"2012-09-18 18:23:25"
},
{
"kids":[],
"uid":"2694859103",
"parent":"",
"text":"[怒]拖出来，砍他，烧他[闭嘴]",
"mid":"yCsTBugSV",
"date":"2012-09-18 18:22:39"
},
{
"kids":[
"yCKOG5m0U"
],
"uid":"vhsh",
"parent":"yCsLkvEYk",
"text":"死奸狗",
"mid":"yCsRb9r5c",
"date":"2012-09-18 18:16:40"
},
{
"kids":[],
"uid":"2861549620",
"parent":"",
"text":"",
"mid":"yCsPpc55Q",
"date":"2012-09-18 18:12:18"
},
{
"kids":[],
"uid":"2381085471",
"parent":"",
"text":"sha B还真不少",
"mid":"yCsPe0ANU",
"date":"2012-09-18 18:11:51"
},
{
"kids":[],
"uid":"1797058122",
"parent":"",
"text":"睇距地噶死人样就知系日本鬼子啦~~~日本真系衰！！",
"mid":"yCsP5p4l8",
"date":"2012-09-18 18:11:31"
},
{
"kids":[],
"uid":"1737637084",
"parent":"",
"text":"",
"mid":"yCsOFDoOu",
"date":"2012-09-18 18:10:28"
},
{
"kids":[],
"uid":"2636692454",
"parent":"",
"text":"强烈要求人肉发帖人，这种人就是唯恐天下不乱",
"mid":"yCsNzqmXz",
"date":"2012-09-18 18:07:47"
},
{
"kids":[],
"uid":"1670476811",
"parent":"",
"text":"",
"mid":"yCsNlvym6",
"date":"2012-09-18 18:07:12"
},
{
"kids":[],
"uid":"2687529713",
"parent":"yCsJXrSdu",
"text":"",
"mid":"yCsLLq5YV",
"date":"2012-09-18 18:03:20"
},
{
"kids":[],
"uid":"2404797514",
"parent":"",
"text":"谨记…小日本",
"mid":"yCsLpyVEy",
"date":"2012-09-18 18:02:28"
},
{
"kids":[
"yCsRb9r5c"
],
"uid":"2832511262",
"parent":"",
"text":"典型日本男人，龌龊！",
"mid":"yCsLkvEYk",
"date":"2012-09-18 18:02:16"
},
{
"kids":[],
"uid":"2353220211",
"parent":"",
"text":"日本畜生！避免盲从，理性爱国！",
"mid":"yCsL7xj0p",
"date":"2012-09-18 18:01:46"
},
{
"kids":[
"yCsLLq5YV"
],
"uid":"vickishanshan",
"parent":"yCsGDdm3F",
"text":"",
"mid":"yCsJXrSdu",
"date":"2012-09-18 17:58:53"
},
{
"kids":[],
"uid":"2495872982",
"parent":"",
"text":"",
"mid":"yCsIR9P9E",
"date":"2012-09-18 17:56:10"
},
{
"kids":[],
"uid":"2042186961",
"parent":"",
"text":"[怒][怒]",
"mid":"yCsH3dL1y",
"date":"2012-09-18 17:51:40"
},
{
"kids":[
"yCsJXrSdu"
],
"uid":"1782051421",
"parent":"",
"text":"日本男的爱修眉，典型啊！[吐]。",
"mid":"yCsGDdm3F",
"date":"2012-09-18 17:50:41"
},
{
"kids":[],
"uid":"523761233",
"parent":"",
"text":"",
"mid":"yCsGAeTu3",
"date":"2012-09-18 17:50:33"
},
{
"kids":[],
"uid":"2316975541",
"parent":"yCrH5sWs8",
"text":"用我的高跟踹他都觉得浪费了，直接叫阿凤姐去收都其",
"mid":"yCsGr415l",
"date":"2012-09-18 17:50:12"
},
{
"kids":[],
"uid":"yuemeizheng",
"parent":"yCrlwq3hx",
"text":"[怒骂][怒骂][怒骂]",
"mid":"yCsFEA0TA",
"date":"2012-09-18 17:48:17"
},
{
"kids":[],
"uid":"misoutiantian",
"parent":"yCswqyIVj",
"text":"日本鬼子，你们也太奸诈了吧。你们去死吧，",
"mid":"yCsEb1xpA",
"date":"2012-09-18 17:44:38"
},
{
"kids":[],
"uid":"2880526554",
"parent":"",
"text":"[怒]你们想怎么破坏广州？",
"mid":"yCszYFH5K",
"date":"2012-09-18 17:34:17"
},
{
"kids":[],
"uid":"1779601753",
"parent":"",
"text":"打八",
"mid":"yCszyoNxy",
"date":"2012-09-18 17:33:15"
},
{
"kids":[],
"uid":"1976840973",
"parent":"yCrSM4Wvj",
"text":"",
"mid":"yCszqq1DY",
"date":"2012-09-18 17:32:56"
},
{
"kids":[],
"uid":"1770453872",
"parent":"",
"text":"[怒][怒][怒][怒]",
"mid":"yCsyMu8tD",
"date":"2012-09-18 17:31:20"
},
{
"kids":[],
"uid":"1960551681",
"parent":"yCrKnplnY",
"text":"",
"mid":"yCsx81zYv",
"date":"2012-09-18 17:27:16"
},
{
"kids":[],
"uid":"2145640741",
"parent":"",
"text":"",
"mid":"yCswxBSBq",
"date":"2012-09-18 17:25:50"
},
{
"kids":[
"yCsEb1xpA"
],
"uid":"2285867420",
"parent":"yCrtohcdF",
"text":"@baby-丹灶MISS服饰店 @Amy--Leung 境外的人在搞鬼!",
"mid":"yCswqyIVj",
"date":"2012-09-18 17:25:33"
},
{
"kids":[],
"uid":"2739473324",
"parent":"yCsgof8fp",
"text":"别忘了还有间谍。日本间谍不是吃素的。",
"mid":"yCswa1XMM",
"date":"2012-09-18 17:24:53"
},
{
"kids":[],
"uid":"noney",
"parent":"",
"text":"",
"mid":"yCssV6j3S",
"date":"2012-09-18 17:16:54"
},
{
"kids":[],
"uid":"2078908185",
"parent":"yCsd1iipT",
"text":"",
"mid":"yCsrYy44D",
"date":"2012-09-18 17:14:34"
},
{
"kids":[],
"uid":"ajahy",
"parent":"",
"text":"[怒骂][怒骂][怒骂]",
"mid":"yCsrIjZEQ",
"date":"2012-09-18 17:13:56"
},
{
"kids":[],
"uid":"millicentbao",
"parent":"yCshxronx",
"text":"唔系啊嘛[衰]",
"mid":"yCsoUyyht",
"date":"2012-09-18 17:07:02"
},
{
"kids":[],
"uid":"1846887877",
"parent":"",
"text":"[抓狂]",
"mid":"yCskIwycd",
"date":"2012-09-18 16:56:42"
},
{
"kids":[],
"uid":"2505541280",
"parent":"yCrpTFGup",
"text":"",
"mid":"yCsk89F9X",
"date":"2012-09-18 16:55:14"
},
{
"kids":[],
"uid":"2924188221",
"parent":"yCsgof8fp",
"text":"[鄙视][鄙视][鄙视][鄙视]",
"mid":"yCsjVbqSr",
"date":"2012-09-18 16:54:43"
},
{
"kids":[],
"uid":"2995781352",
"parent":"",
"text":"日本人没好日",
"mid":"yCsiezbpr",
"date":"2012-09-18 16:50:35"
},
{
"kids":[
"yCsoUyyht"
],
"uid":"2258235872",
"parent":"yCqRpcePy",
"text":"[吐]",
"mid":"yCshxronx",
"date":"2012-09-18 16:48:50"
},
{
"kids":[],
"uid":"1895500571",
"parent":"",
"text":"忒无耻的日本鬼子[怒骂]",
"mid":"yCshby73X",
"date":"2012-09-18 16:47:57"
},
{
"kids":[
"yCswa1XMM",
"yCsjVbqSr"
],
"uid":"2880997070",
"parent":"",
"text":"尼玛",
"mid":"yCsgof8fp",
"date":"2012-09-18 16:46:00"
},
{
"kids":[],
"uid":"1998686537",
"parent":"",
"text":"所以大家别盲目爱国，砸的都是自己的东西啊",
"mid":"yCsfn0zhR",
"date":"2012-09-18 16:43:29"
},
{
"kids":[],
"uid":"1941371157",
"parent":"yCs5Qjw82",
"text":"",
"mid":"yCsde1bVJ",
"date":"2012-09-18 16:38:14"
},
{
"kids":[],
"uid":"2090899120",
"parent":"",
"text":"依妈块鸡勒",
"mid":"yCsd4xwzp",
"date":"2012-09-18 16:37:52"
},
{
"kids":[
"yCyTIE3jI",
"yCsrYy44D"
],
"uid":"2187512232",
"parent":"",
"text":"[怒骂]",
"mid":"yCsd1iipT",
"date":"2012-09-18 16:37:43"
},
{
"kids":[],
"uid":"1880620703",
"parent":"yCrFpvNMs",
"text":"间谍",
"mid":"yCscTkPCZ",
"date":"2012-09-18 16:37:25"
},
{
"kids":[],
"uid":"2690676903",
"parent":"yCrH5sWs8",
"text":"",
"mid":"yCscdFyFv",
"date":"2012-09-18 16:35:46"
},
{
"kids":[],
"uid":"2184215264",
"parent":"",
"text":"[怒]",
"mid":"yCsaCDP8K",
"date":"2012-09-18 16:31:50"
},
{
"kids":[],
"uid":"2007279390",
"parent":"",
"text":"日本仔你系犀利啊。。。@黄伟轩丨 @大腳__He @何qing权 @介个歪_其实有点抖S @-L-H-星 @kingkany @辉丶唔错喔 @w燕玲玲 @微风之旅 @这里的蛋不要钱",
"mid":"yCs9wpppD",
"date":"2012-09-18 16:29:08"
},
{
"kids":[],
"uid":"fatduan",
"parent":"",
"text":"重点在于“盲目的跟随着”，中国有句老话叫一个巴掌拍不响",
"mid":"yCs9opxrN",
"date":"2012-09-18 16:28:46"
},
{
"kids":[],
"uid":"1822829364",
"parent":"",
"text":"",
"mid":"yCs8MBRcA",
"date":"2012-09-18 16:27:16"
},
{
"kids":[],
"uid":"2260380134",
"parent":"",
"text":"你妹的，死日本鬼子",
"mid":"yCs6Y3ieV",
"date":"2012-09-18 16:22:47"
},
{
"kids":[
"yCsde1bVJ"
],
"uid":"1811305574",
"parent":"",
"text":"这是虚假信息~~别被骗了[围观]",
"mid":"yCs5Qjw82",
"date":"2012-09-18 16:20:03"
},
{
"kids":[],
"uid":"ting520jackyxue",
"parent":"yCrBTo9B5",
"text":"狗日的小日本",
"mid":"yCs4UmxbC",
"date":"2012-09-18 16:17:45"
},
{
"kids":[
"yCL0Wp0TG",
"yCt6peAqL"
],
"uid":"2735716014",
"parent":"",
"text":"",
"mid":"yCs2I9J9A",
"date":"2012-09-18 16:12:21"
},
{
"kids":[],
"uid":"2311006890",
"parent":"yCrpTFGup",
"text":"[怒骂]！！！",
"mid":"yCs2acBa6",
"date":"2012-09-18 16:10:58"
},
{
"kids":[],
"uid":"nightdazzle",
"parent":"",
"text":"[熊猫]",
"mid":"yCs1Fro7K",
"date":"2012-09-18 16:09:46"
},
{
"kids":[],
"uid":"sunshime",
"parent":"",
"text":"AV男猪脚?",
"mid":"yCs03hqk8",
"date":"2012-09-18 16:05:47"
},
{
"kids":[],
"uid":"2459166054",
"parent":"",
"text":"",
"mid":"yCrZ1aA0G",
"date":"2012-09-18 16:03:14"
},
{
"kids":[
"yCLumc0z7"
],
"uid":"2152267387",
"parent":"",
"text":"",
"mid":"yCrXW4tUT",
"date":"2012-09-18 16:00:34"
},
{
"kids":[],
"uid":"2178535997",
"parent":"",
"text":"狗日的[愤怒][愤怒][愤怒][怒][怒]",
"mid":"yCrXBpanS",
"date":"2012-09-18 15:59:44"
},
{
"kids":[],
"uid":"1858993095",
"parent":"",
"text":"顶～[怒][怒][怒][怒]",
"mid":"yCrXdbeUW",
"date":"2012-09-18 15:58:47"
},
{
"kids":[],
"uid":"2lrl",
"parent":"",
"text":"[怒]",
"mid":"yCrWL5P0w",
"date":"2012-09-18 15:57:41"
},
{
"kids":[],
"uid":"2116846173",
"parent":"yCrHfzg7J",
"text":"去死",
"mid":"yCrUqj1R9",
"date":"2012-09-18 15:51:55"
},
{
"kids":[],
"uid":"2400465965",
"parent":"yCrTiwM2X",
"text":"",
"mid":"yCrUh9p9w",
"date":"2012-09-18 15:51:33"
},
{
"kids":[
"yCrUh9p9w"
],
"uid":"2142503553",
"parent":"yCrQa89uc",
"text":"不是这两个人，官方微博澄清了，大家谨慎！",
"mid":"yCrTiwM2X",
"date":"2012-09-18 15:49:07"
},
{
"kids":[],
"uid":"2120275963",
"parent":"",
"text":"",
"mid":"yCrT97doy",
"date":"2012-09-18 15:48:45"
},
{
"kids":[
"yCszqq1DY"
],
"uid":"asonwin",
"parent":"yCrQdE7mx",
"text":"日本间谍[怒]",
"mid":"yCrSM4Wvj",
"date":"2012-09-18 15:47:50"
},
{
"kids":[],
"uid":"2433782653",
"parent":"",
"text":"你家里生得你智商低就不要学赚风险钱嘛！",
"mid":"yCrSlqMI5",
"date":"2012-09-18 15:46:48"
},
{
"kids":[
"yCuO10nw2"
],
"uid":"guositingstella",
"parent":"",
"text":"[怒]",
"mid":"yCrQZy3L7",
"date":"2012-09-18 15:43:25"
},
{
"kids":[],
"uid":"andoxmak",
"parent":"",
"text":"",
"mid":"yCrQQFiCg",
"date":"2012-09-18 15:43:08"
},
{
"kids":[
"yCu5MgN05"
],
"uid":"1905372191",
"parent":"",
"text":"太艹蛋了“”",
"mid":"yCrQkbK6N",
"date":"2012-09-18 15:41:47"
},
{
"kids":[
"yCrSM4Wvj"
],
"uid":"zjj03",
"parent":"yCrhjdepF",
"text":"",
"mid":"yCrQdE7mx",
"date":"2012-09-18 15:41:35"
},
{
"kids":[
"yCrTiwM2X"
],
"uid":"2400465965",
"parent":"",
"text":"",
"mid":"yCrQa89uc",
"date":"2012-09-18 15:41:23"
},
{
"kids":[],
"uid":"1731688073",
"parent":"",
"text":"都唔知道系咪嘅",
"mid":"yCrP1v9bz",
"date":"2012-09-18 15:38:37"
},
{
"kids":[],
"uid":"2144633842",
"parent":"",
"text":"[挖鼻屎]汉奸，我又发，你吹吖，死日本狗",
"mid":"yCrOIxUFI",
"date":"2012-09-18 15:37:52"
},
{
"kids":[],
"uid":"577771822",
"parent":"yCryJwvXL",
"text":"最近TVB有一套电视剧 叫 造谣者！！！",
"mid":"yCrO7m8Yv",
"date":"2012-09-18 15:36:22"
},
{
"kids":[
"yCtcCyAbH"
],
"uid":"1854706223",
"parent":"",
"text":"文明卫国。[给力][给力][给力][给力][给力]",
"mid":"yCrN2iMeK",
"date":"2012-09-18 15:33:43"
},
{
"kids":[],
"uid":"jandy999",
"parent":"yCrEs6iac",
"text":"如果喺假，也不排除有此等非法滋事之徒！",
"mid":"yCrMYrxHQ",
"date":"2012-09-18 15:33:34"
},
{
"kids":[],
"uid":"2568007270",
"parent":"",
"text":"攘外必先安内。",
"mid":"yCrMauOX9",
"date":"2012-09-18 15:31:35"
},
{
"kids":[],
"uid":"1801428681",
"parent":"yCqwlp88x",
"text":"假的啦",
"mid":"yCrLQp5AU",
"date":"2012-09-18 15:30:45"
},
{
"kids":[],
"uid":"2568007270",
"parent":"",
"text":"",
"mid":"yCrLFbnpu",
"date":"2012-09-18 15:30:20"
},
{
"kids":[],
"uid":"1774793880",
"parent":"yCrH5sWs8",
"text":"原来如此，毙了@親親蝎子:大家快转发",
"mid":"yCrLia0Ja",
"date":"2012-09-18 15:29:23"
},
{
"kids":[],
"uid":"2119130763",
"parent":"yCr39ye6w",
"text":"转发微博。",
"mid":"yCrL4ya0F",
"date":"2012-09-18 15:28:53"
},
{
"kids":[],
"uid":"2180675837",
"parent":"",
"text":"[怒]原来真有这样的事啊",
"mid":"yCrKI68kH",
"date":"2012-09-18 15:27:59"
},
{
"kids":[
"yCsx81zYv"
],
"uid":"1960551681",
"parent":"",
"text":"鼎～两个扑街萝卜头！！够胆死系广东搞搞震！捉距地去上洗脑课，逼距地系24小时内体48小时既AV，再卖去泰国啦！！！！",
"mid":"yCrKnplnY",
"date":"2012-09-18 15:27:08"
},
{
"kids":[],
"uid":"chane4",
"parent":"",
"text":"这是很多年前的罪犯相片，要辟谣啊大家！！",
"mid":"yCrIrqGdj",
"date":"2012-09-18 15:22:24"
},
{
"kids":[
"yCrUqj1R9"
],
"uid":"2693452820",
"parent":"",
"text":"在料想之内",
"mid":"yCrHfzg7J",
"date":"2012-09-18 15:19:28"
},
{
"kids":[],
"uid":"2102528947",
"parent":"",
"text":"泥垢!!! PO主目的何在??? 雖然不知道PO主是真不知道還是假不知道,這人只不過是日本通緝犯,而且早已經被抓了... 能不要再造謠嗎!!!",
"mid":"yCrHe6Ogm",
"date":"2012-09-18 15:19:23"
},
{
"kids":[
"yCsGr415l",
"yCscdFyFv",
"yCrLia0Ja"
],
"uid":"1774817074",
"parent":"",
"text":"大家快转发",
"mid":"yCrH5sWs8",
"date":"2012-09-18 15:19:04"
},
{
"kids":[],
"uid":"1895080410",
"parent":"",
"text":"请前面各位自行百度＂杀人犯市桥达逃亡两年整容＂",
"mid":"yCrGiaO6d",
"date":"2012-09-18 15:17:04"
},
{
"kids":[],
"uid":"2344783427",
"parent":"yCrtohcdF",
"text":"见到呢两条鸠头要狠狠咁钟距地一镬。[奥特曼][奥特曼][奥特曼][奥特曼]",
"mid":"yCrG1kuJj",
"date":"2012-09-18 15:16:26"
},
{
"kids":[
"yCscTkPCZ"
],
"uid":"1767004633",
"parent":"",
"text":"是有这样的可能",
"mid":"yCrFpvNMs",
"date":"2012-09-18 15:14:56"
},
{
"kids":[
"yCrMYrxHQ"
],
"uid":"tachi1617",
"parent":"yCryjeupn",
"text":"我可以舉報嘛=A=原PO造謠够了...這傢伙早就被抓了orz只是個變態殺人狂而已orz|||||",
"mid":"yCrEs6iac",
"date":"2012-09-18 15:12:32"
},
{
"kids":[],
"uid":"foreverlovegou",
"parent":"",
"text":"转发微博。",
"mid":"yCrDuqV7N",
"date":"2012-09-18 15:10:12"
},
{
"kids":[],
"uid":"2847831745",
"parent":"",
"text":"",
"mid":"yCrD2mplz",
"date":"2012-09-18 15:09:04"
},
{
"kids":[],
"uid":"1954513393",
"parent":"",
"text":"",
"mid":"yCrCxkyRp",
"date":"2012-09-18 15:07:51"
},
{
"kids":[],
"uid":"1259006005",
"parent":"",
"text":"",
"mid":"yCrC5v2K7",
"date":"2012-09-18 15:06:45"
},
{
"kids":[],
"uid":"2098598992",
"parent":"",
"text":"",
"mid":"yCrBXhhlk",
"date":"2012-09-18 15:06:25"
},
{
"kids":[
"yCs4UmxbC"
],
"uid":"1982568427",
"parent":"",
"text":"哎。猖狂啊！",
"mid":"yCrBTo9B5",
"date":"2012-09-18 15:06:16"
},
{
"kids":[],
"uid":"2302524367",
"parent":"yCqhRo7ZU",
"text":"[国旗][国旗]",
"mid":"yCrAYo4V5",
"date":"2012-09-18 15:04:00"
},
{
"kids":[],
"uid":"2263554155",
"parent":"",
"text":"他妹的，死日本鬼，中国人要理智点，理性爱国，别让小日本钻空子了，求扩散吖，扩散……",
"mid":"yCrA6AMp2",
"date":"2012-09-18 15:01:50"
},
{
"kids":[],
"uid":"lguoh",
"parent":"yCrf41Ks5",
"text":"由衷的说一句狗日。。",
"mid":"yCrzq51tw",
"date":"2012-09-18 15:00:10"
},
{
"kids":[
"yCrO7m8Yv"
],
"uid":"1807886577",
"parent":"",
"text":"",
"mid":"yCryJwvXL",
"date":"2012-09-18 14:58:30"
},
{
"kids":[
"yCrEs6iac"
],
"uid":"jandy999",
"parent":"yCrwyb8yn",
"text":"大家睇清楚幕后喺咩人搞鬼了，要打要杀过日本随你想点就点，但不要再胡乱暴乱了，鬼子们在暗地里笑呢！中国同胞要理智吖！[围观]",
"mid":"yCryjeupn",
"date":"2012-09-18 14:57:24"
},
{
"kids":[],
"uid":"2348253564",
"parent":"",
"text":"日本,人小,心还真大",
"mid":"yCrxx4eKE",
"date":"2012-09-18 14:55:31"
},
{
"kids":[
"yCryjeupn"
],
"uid":"1866166917",
"parent":"yCqOcArJ1",
"text":"不是吧，有甘嘎事…",
"mid":"yCrwyb8yn",
"date":"2012-09-18 14:53:06"
},
{
"kids":[],
"uid":"1115777242",
"parent":"",
"text":"可恨的间谍，",
"mid":"yCrvqrAWW",
"date":"2012-09-18 14:50:20"
},
{
"kids":[
"yCtaXp6cz"
],
"uid":"1824318890",
"parent":"yCrp9gNRe",
"text":"",
"mid":"yCrtWxZjv",
"date":"2012-09-18 14:46:41"
},
{
"kids":[],
"uid":"1115777242",
"parent":"",
"text":"",
"mid":"yCrtuaCy1",
"date":"2012-09-18 14:45:33"
},
{
"kids":[
"yCswqyIVj",
"yCrG1kuJj"
],
"uid":"1780304255",
"parent":"yCrhjdepF",
"text":"[怒]",
"mid":"yCrtohcdF",
"date":"2012-09-18 14:45:17"
},
{
"kids":[],
"uid":"diguaw",
"parent":"",
"text":"",
"mid":"yCrqmjpye",
"date":"2012-09-18 14:37:51"
},
{
"kids":[
"yCsk89F9X",
"yCs2acBa6"
],
"uid":"ryan234515201",
"parent":"yCr0XlS2q",
"text":"",
"mid":"yCrpTFGup",
"date":"2012-09-18 14:36:43"
},
{
"kids":[],
"uid":"1961557997",
"parent":"",
"text":"",
"mid":"yCrpB4QnR",
"date":"2012-09-18 14:35:58"
},
{
"kids":[
"yCrtWxZjv"
],
"uid":"201240003",
"parent":"yCrjezIMQ",
"text":"大家看清楚啊",
"mid":"yCrp9gNRe",
"date":"2012-09-18 14:34:52"
},
{
"kids":[],
"uid":"2328643441",
"parent":"yCqXEfvHK",
"text":"尼玛[哼][哼]",
"mid":"yCrp5rm65",
"date":"2012-09-18 14:34:43"
},
{
"kids":[],
"uid":"1931684870",
"parent":"",
"text":"日本人的这些人必须都全部去吃屎[怒]",
"mid":"yCrnOfgTi",
"date":"2012-09-18 14:31:34"
},
{
"kids":[
"yCsXFhPPq"
],
"uid":"2266125067",
"parent":"",
"text":"",
"mid":"yCrnLgcTK",
"date":"2012-09-18 14:31:25"
},
{
"kids":[],
"uid":"1898069865",
"parent":"yCrlwq3hx",
"text":"好奸啊",
"mid":"yCrnsEEIH",
"date":"2012-09-18 14:30:42"
},
{
"kids":[],
"uid":"1899471067",
"parent":"yCrbUmek5",
"text":"还真有间谍",
"mid":"yCrmf0nlE",
"date":"2012-09-18 14:27:40"
},
{
"kids":[],
"uid":"2876842733",
"parent":"yCrjGEell",
"text":"",
"mid":"yCrlCAyAo",
"date":"2012-09-18 14:26:11"
},
{
"kids":[
"yCsFEA0TA",
"yCrnsEEIH"
],
"uid":"2241786487",
"parent":"",
"text":"长的真样衰，[吐][吐]",
"mid":"yCrlwq3hx",
"date":"2012-09-18 14:25:56"
},
{
"kids":[],
"uid":"1961742607",
"parent":"",
"text":"",
"mid":"yCrkMjU9R",
"date":"2012-09-18 14:24:06"
},
{
"kids":[],
"uid":"linefun",
"parent":"yCraAyg1t",
"text":"生成咁 一睇就知喺 日本人啦",
"mid":"yCrkAcWD9",
"date":"2012-09-18 14:23:37"
},
{
"kids":[],
"uid":"2838257992",
"parent":"",
"text":"",
"mid":"yCrkdryP1",
"date":"2012-09-18 14:22:41"
},
{
"kids":[
"yCrlCAyAo"
],
"uid":"2111115551",
"parent":"",
"text":"",
"mid":"yCrjGEell",
"date":"2012-09-18 14:21:23"
},
{
"kids":[
"yCrp9gNRe"
],
"uid":"1847885404",
"parent":"",
"text":"[国旗]同胞们要看清楚点啊，理性爱国",
"mid":"yCrjezIMQ",
"date":"2012-09-18 14:20:18"
},
{
"kids":[],
"uid":"2832671127",
"parent":"yCr3gn1i5",
"text":"",
"mid":"yCrip8SRh",
"date":"2012-09-18 14:18:13"
},
{
"kids":[],
"uid":"2628948303",
"parent":"",
"text":"哟是！索斯嘚！",
"mid":"yCrhQjb55",
"date":"2012-09-18 14:16:51"
},
{
"kids":[],
"uid":"1771755952",
"parent":"",
"text":"靠你们这些神经病",
"mid":"yCrhMaZtG",
"date":"2012-09-18 14:16:42"
},
{
"kids":[
"yCrQdE7mx",
"yCrtohcdF"
],
"uid":"2882230424",
"parent":"",
"text":"我勒个去啊！[挖鼻屎]",
"mid":"yCrhjdepF",
"date":"2012-09-18 14:15:33"
},
{
"kids":[],
"uid":"2089613727",
"parent":"",
"text":"死日本滚出中国",
"mid":"yCrggdi2F",
"date":"2012-09-18 14:12:58"
},
{
"kids":[],
"uid":"1847368361",
"parent":"",
"text":"[黑线]",
"mid":"yCrgckHiV",
"date":"2012-09-18 14:12:49"
},
{
"kids":[],
"uid":"2148465180",
"parent":"",
"text":"",
"mid":"yCrg7ARLI",
"date":"2012-09-18 14:12:38"
},
{
"kids":[
"yCrzq51tw"
],
"uid":"2610711005",
"parent":"",
"text":"小日本奸诈无耻",
"mid":"yCrf41Ks5",
"date":"2012-09-18 14:10:01"
},
{
"kids":[],
"uid":"fangyuexu",
"parent":"yCqO71sDH",
"text":"天朝这招真漂亮，那以后只要出现打砸抢的，就是间谍了",
"mid":"yCrecgoB7",
"date":"2012-09-18 14:07:51"
},
{
"kids":[],
"uid":"1994381215",
"parent":"",
"text":"斩了",
"mid":"yCrdtl5Nb",
"date":"2012-09-18 14:06:06"
},
{
"kids":[],
"uid":"1835786594",
"parent":"",
"text":"",
"mid":"yCrcT0d6J",
"date":"2012-09-18 14:04:39"
},
{
"kids":[],
"uid":"qianqian0105",
"parent":"",
"text":"死日本仔！专门搞搞震！[哼][怒]",
"mid":"yCrcv2lQJ",
"date":"2012-09-18 14:03:40"
},
{
"kids":[
"yCrmf0nlE"
],
"uid":"1799038667",
"parent":"yCraAyg1t",
"text":"虽然我想说是有背后势力操控。。。但这2个日本人以前新闻中见过，不可能是学生",
"mid":"yCrbUmek5",
"date":"2012-09-18 14:02:14"
},
{
"kids":[],
"uid":"2687266413",
"parent":"",
"text":"",
"mid":"yCrbyxRyw",
"date":"2012-09-18 14:01:21"
},
{
"kids":[],
"uid":"2054665735",
"parent":"",
"text":"悲剧，",
"mid":"yCraFhkF4",
"date":"2012-09-18 13:59:11"
},
{
"kids":[
"yCrkAcWD9",
"yCrbUmek5"
],
"uid":"1762720605",
"parent":"",
"text":"",
"mid":"yCraAyg1t",
"date":"2012-09-18 13:59:00"
},
{
"kids":[],
"uid":"1846089204",
"parent":"yCqHq9tVa",
"text":"",
"mid":"yCr8XsgP3",
"date":"2012-09-18 13:54:59"
},
{
"kids":[],
"uid":"gzljd",
"parent":"yCqXEfvHK",
"text":"小日本找死",
"mid":"yCr8zy2gG",
"date":"2012-09-18 13:54:02"
},
{
"kids":[],
"uid":"1977712680",
"parent":"",
"text":"小心",
"mid":"yCr6N3Flf",
"date":"2012-09-18 13:49:36"
},
{
"kids":[],
"uid":"1781551701",
"parent":"",
"text":"[国旗]",
"mid":"yCr6A3sQk",
"date":"2012-09-18 13:49:07"
},
{
"kids":[],
"uid":"miko6",
"parent":"",
"text":"間諜間諜！兩個樣都差唔多噶！",
"mid":"yCr6bvvUs",
"date":"2012-09-18 13:48:09"
},
{
"kids":[],
"uid":"1785300062",
"parent":"yCr57zmB1",
"text":"",
"mid":"yCr69s39J",
"date":"2012-09-18 13:48:04"
},
{
"kids":[],
"uid":"1884684103",
"parent":"yCr1nFt6u",
"text":"[哼]冷静点啦，看看一些国人变成什么样了，中国鬼子吗",
"mid":"yCr5bbW4K",
"date":"2012-09-18 13:45:39"
},
{
"kids":[
"yCr69s39J"
],
"uid":"kaiqikaiqi",
"parent":"",
"text":"睇样都似日本人[汗]",
"mid":"yCr57zmB1",
"date":"2012-09-18 13:45:32"
},
{
"kids":[],
"uid":"2989579032",
"parent":"",
"text":"[怒]也只有小鬼子会做这么恶心的事情！！强烈谴责！！",
"mid":"yCr4ZmzId",
"date":"2012-09-18 13:45:10"
},
{
"kids":[],
"uid":"2863976640",
"parent":"",
"text":"我操 你 们日本的祖宗。。。吗 B",
"mid":"yCr4PBj9C",
"date":"2012-09-18 13:44:50"
},
{
"kids":[],
"uid":"2527594265",
"parent":"yCr39ye6w",
"text":"长的那么欠揍",
"mid":"yCr4IcbP2",
"date":"2012-09-18 13:44:32"
},
{
"kids":[],
"uid":"2100678192",
"parent":"",
"text":"有鬼子~~！！！",
"mid":"yCr4eEd4W",
"date":"2012-09-18 13:43:21"
},
{
"kids":[
"yCrip8SRh"
],
"uid":"2848381712",
"parent":"",
"text":"",
"mid":"yCr3gn1i5",
"date":"2012-09-18 13:40:55"
},
{
"kids":[
"yCrL4ya0F",
"yCr4IcbP2"
],
"uid":"1672801337",
"parent":"",
"text":"瞧他长得内猥琐样儿[怒]",
"mid":"yCr39ye6w",
"date":"2012-09-18 13:40:41"
},
{
"kids":[],
"uid":"dduk",
"parent":"",
"text":"",
"mid":"yCr2QmC0P",
"date":"2012-09-18 13:39:53"
},
{
"kids":[],
"uid":"luobinhai1967051",
"parent":"",
"text":"好讨厌啊",
"mid":"yCr2jg6nO",
"date":"2012-09-18 13:38:35"
},
{
"kids":[],
"uid":"1751857130",
"parent":"yCqOcArJ1",
"text":"",
"mid":"yCr25FVyL",
"date":"2012-09-18 13:38:04"
},
{
"kids":[
"yCr5bbW4K"
],
"uid":"2430433034",
"parent":"yCq0cCUg7",
"text":"同胞们，爱国需理性啊",
"mid":"yCr1nFt6u",
"date":"2012-09-18 13:36:19"
},
{
"kids":[
"yCrpTFGup"
],
"uid":"512379760",
"parent":"",
"text":"",
"mid":"yCr0XlS2q",
"date":"2012-09-18 13:35:15"
},
{
"kids":[],
"uid":"LIXIAODONGNO",
"parent":"",
"text":"",
"mid":"yCr0R9AqY",
"date":"2012-09-18 13:35:00"
},
{
"kids":[],
"uid":"2431498224",
"parent":"",
"text":"看看吧",
"mid":"yCr0N1p3O",
"date":"2012-09-18 13:34:51"
},
{
"kids":[],
"uid":"2235671925",
"parent":"yCqEAjGU3",
"text":"汉奸，最近少出门",
"mid":"yCr0fCYIZ",
"date":"2012-09-18 13:33:31"
},
{
"kids":[],
"uid":"1939608353",
"parent":"yCqHUzKbJ",
"text":"[围观]",
"mid":"yCr0erFQd",
"date":"2012-09-18 13:33:29"
},
{
"kids":[],
"uid":"2314400521",
"parent":"",
"text":"",
"mid":"yCqYadaR4",
"date":"2012-09-18 13:28:23"
},
{
"kids":[],
"uid":"2161522305",
"parent":"",
"text":"可信度太低了！",
"mid":"yCqXT5axi",
"date":"2012-09-18 13:27:42"
},
{
"kids":[
"yCrp5rm65",
"yCr8zy2gG"
],
"uid":"349423460",
"parent":"",
"text":"[怒][怒]",
"mid":"yCqXEfvHK",
"date":"2012-09-18 13:27:05"
},
{
"kids":[],
"uid":"2615767455",
"parent":"",
"text":"[怒]",
"mid":"yCqX2tL4J",
"date":"2012-09-18 13:25:37"
},
{
"kids":[],
"uid":"1912749712",
"parent":"",
"text":"太恐怖了。",
"mid":"yCqVGgaYN",
"date":"2012-09-18 13:22:16"
},
{
"kids":[],
"uid":"1821070065",
"parent":"yCqREy9V2",
"text":"果真？？？？",
"mid":"yCqVwtblA",
"date":"2012-09-18 13:21:53"
},
{
"kids":[
"yD96ZyWZO",
"yD96ZyoYt",
"yCvRI4INO",
"yCvRI3GRB",
"yCv6nwbY1",
"yCv6neAP7"
],
"uid":"2173014401",
"parent":"",
"text":"",
"mid":"yCqV7no9C",
"date":"2012-09-18 13:20:54"
},
{
"kids":[],
"uid":"1813279161",
"parent":"yCqQBeYZD",
"text":"别中奸计",
"mid":"yCqUR9E1Q",
"date":"2012-09-18 13:20:14"
},
{
"kids":[],
"uid":"2173014401",
"parent":"",
"text":"不是真的吧？",
"mid":"yCqUQeYV4",
"date":"2012-09-18 13:20:12"
},
{
"kids":[],
"uid":"2262460203",
"parent":"",
"text":"@人物007 @張梓华-- @恆昌 @D-wah @大爱hl520 @军鼠 @Smail_校C @塞单车 @UU_Cheung @张坚华 @ZhangHuahua_",
"mid":"yCqUb8Z6X",
"date":"2012-09-18 13:18:33"
},
{
"kids":[],
"uid":"2264661210",
"parent":"",
"text":"文明爱国",
"mid":"yCqSOnsMs",
"date":"2012-09-18 13:15:12"
},
{
"kids":[],
"uid":"2824395044",
"parent":"",
"text":"",
"mid":"yCqSO4uII",
"date":"2012-09-18 13:15:09"
},
{
"kids":[],
"uid":"thomasjiang",
"parent":"",
"text":"@广州网警 求真实！",
"mid":"yCqSECbky",
"date":"2012-09-18 13:14:47"
},
{
"kids":[
"yCqVwtblA"
],
"uid":"2716100961",
"parent":"yCqO71sDH",
"text":"察，要是当时知道那是日本的人最好还是当场大打他们一顿，日本人一百年来从来没有悔过。",
"mid":"yCqREy9V2",
"date":"2012-09-18 13:12:21"
},
{
"kids":[
"yCshxronx"
],
"uid":"2547140310",
"parent":"yCqHjlw9z",
"text":"",
"mid":"yCqRpcePy",
"date":"2012-09-18 13:11:44"
},
{
"kids":[],
"uid":"2329938923",
"parent":"",
"text":"",
"mid":"yCqR9ctaX",
"date":"2012-09-18 13:11:06"
},
{
"kids":[],
"uid":"mayiris",
"parent":"yCqJJ8VSn",
"text":"假的。",
"mid":"yCqR81CZm",
"date":"2012-09-18 13:11:01"
},
{
"kids":[
"yCqUR9E1Q"
],
"uid":"2014835634",
"parent":"",
"text":"看起来比我还奸",
"mid":"yCqQBeYZD",
"date":"2012-09-18 13:09:44"
},
{
"kids":[],
"uid":"2626831811",
"parent":"yCqHitoN2",
"text":"",
"mid":"yCqPP3uz1",
"date":"2012-09-18 13:07:48"
},
{
"kids":[],
"uid":"2157081552",
"parent":"",
"text":"mana\\\\不可思议",
"mid":"yCqPhpUlG",
"date":"2012-09-18 13:06:28"
},
{
"kids":[
"yCrwyb8yn",
"yCr25FVyL"
],
"uid":"bebewen",
"parent":"",
"text":"拉去枪毙[手枪][骷髅]",
"mid":"yCqOcArJ1",
"date":"2012-09-18 13:03:50"
},
{
"kids":[
"yCrecgoB7",
"yCqREy9V2"
],
"uid":"316668321",
"parent":"",
"text":"可恶",
"mid":"yCqO71sDH",
"date":"2012-09-18 13:03:37"
},
{
"kids":[],
"uid":"2361552685",
"parent":"",
"text":"求证！",
"mid":"yCqNSeJXG",
"date":"2012-09-18 13:03:02"
},
{
"kids":[],
"uid":"641228307xp",
"parent":"",
"text":"",
"mid":"yCqNwnK7B",
"date":"2012-09-18 13:02:10"
},
{
"kids":[],
"uid":"1945321564",
"parent":"",
"text":"一睇个衰样都知系日本狗啦[弱]",
"mid":"yCqMB4RWA",
"date":"2012-09-18 12:59:52"
},
{
"kids":[],
"uid":"2041125042",
"parent":"",
"text":"",
"mid":"yCqMm0xkc",
"date":"2012-09-18 12:59:15"
},
{
"kids":[],
"uid":"1936102820",
"parent":"",
"text":"小日本鬼子！你妈比的！狗改不了吃屎！",
"mid":"yCqLYDnMV",
"date":"2012-09-18 12:58:22"
},
{
"kids":[],
"uid":"2798633973",
"parent":"",
"text":"愤怒[怒]",
"mid":"yCqKY0gQq",
"date":"2012-09-18 12:55:50"
},
{
"kids":[],
"uid":"2438233682",
"parent":"yCqtCpxhT",
"text":"讨厌的日本鬼[怒][怒]",
"mid":"yCqKTy8se",
"date":"2012-09-18 12:55:42"
},
{
"kids":[],
"uid":"1774041950",
"parent":"yCq7a429p",
"text":"滚出去日本狗",
"mid":"yCqKEtIdb",
"date":"2012-09-18 12:55:05"
},
{
"kids":[],
"uid":"2549757192",
"parent":"",
"text":"什么，我靠，好贱",
"mid":"yCqK7CLpt",
"date":"2012-09-18 12:53:48"
},
{
"kids":[],
"uid":"2259462911",
"parent":"yCqHq9tVa",
"text":"可以去死了…这两只…",
"mid":"yCqK5AeD3",
"date":"2012-09-18 12:53:43"
},
{
"kids":[],
"uid":"2498847905",
"parent":"",
"text":"",
"mid":"yCqK2Bmjb",
"date":"2012-09-18 12:53:37"
},
{
"kids":[],
"uid":"2103883587",
"parent":"",
"text":"就知道~~",
"mid":"yCqJSjogF",
"date":"2012-09-18 12:53:09"
},
{
"kids":[],
"uid":"2349202773",
"parent":"yCqHq9tVa",
"text":"",
"mid":"yCqJR66HE",
"date":"2012-09-18 12:53:09"
},
{
"kids":[
"yCqR81CZm"
],
"uid":"suolei2011",
"parent":"",
"text":"见到小日本，碰到一个杀一个。。。",
"mid":"yCqJJ8VSn",
"date":"2012-09-18 12:52:49"
},
{
"kids":[],
"uid":"1884956640",
"parent":"",
"text":"[怒]无耻",
"mid":"yCqJr85xi",
"date":"2012-09-18 12:52:04"
},
{
"kids":[
"yCugqDv00"
],
"uid":"doubring",
"parent":"yCqt1ax4C",
"text":"卑鄙龌龊",
"mid":"yCqIYu993",
"date":"2012-09-18 12:50:57"
},
{
"kids":[],
"uid":"linqu2010",
"parent":"yCpYJBkOi",
"text":"日本人贱货！！！",
"mid":"yCqIR4jCU",
"date":"2012-09-18 12:50:40"
},
{
"kids":[
"yCr0erFQd"
],
"uid":"ifuckingloveyou",
"parent":"yCqHjlw9z",
"text":"叼距驴子hi！",
"mid":"yCqHUzKbJ",
"date":"2012-09-18 12:48:21"
},
{
"kids":[],
"uid":"changge7",
"parent":"",
"text":"",
"mid":"yCqHL8vfW",
"date":"2012-09-18 12:47:57"
},
{
"kids":[
"yCr8XsgP3",
"yCqK5AeD3",
"yCqJR66HE"
],
"uid":"2319897122",
"parent":"",
"text":"",
"mid":"yCqHq9tVa",
"date":"2012-09-18 12:47:08"
},
{
"kids":[
"yCqRpcePy",
"yCqHUzKbJ"
],
"uid":"hujuntao",
"parent":"",
"text":"",
"mid":"yCqHjlw9z",
"date":"2012-09-18 12:46:52"
},
{
"kids":[
"yCqPP3uz1"
],
"uid":"2395636280",
"parent":"",
"text":"[怒][怒]",
"mid":"yCqHitoN2",
"date":"2012-09-18 12:46:51"
},
{
"kids":[],
"uid":"huanggengsen",
"parent":"",
"text":"宰了这两个王八蛋!",
"mid":"yCqGfpdyf",
"date":"2012-09-18 12:44:15"
},
{
"kids":[],
"uid":"2173433787",
"parent":"",
"text":"小日本走到哪都是一个 贱 字",
"mid":"yCqGa85CN",
"date":"2012-09-18 12:44:01"
},
{
"kids":[
"yCr0fCYIZ"
],
"uid":"2771591312",
"parent":"",
"text":"[怒]混蛋",
"mid":"yCqEAjGU3",
"date":"2012-09-18 12:40:09"
},
{
"kids":[],
"uid":"2190484241",
"parent":"",
"text":"",
"mid":"yCqEqzup0",
"date":"2012-09-18 12:39:45"
},
{
"kids":[],
"uid":"1947407403",
"parent":"yCqv9xb3h",
"text":"",
"mid":"yCqDkjssT",
"date":"2012-09-18 12:37:02"
},
{
"kids":[],
"uid":"2586971544",
"parent":"",
"text":"",
"mid":"yCqDazeIA",
"date":"2012-09-18 12:36:40"
},
{
"kids":[],
"uid":"2371612751",
"parent":"",
"text":"真假很难说啊 总之要理智",
"mid":"yCqBcehYZ",
"date":"2012-09-18 12:31:45"
},
{
"kids":[],
"uid":"2164559234",
"parent":"",
"text":"[怒]日本就这德行？死贱不改、怪不得叫日本狗、原来是狗改不了吃屎、贱",
"mid":"yCqB3ESy8",
"date":"2012-09-18 12:31:27"
},
{
"kids":[],
"uid":"2737954654",
"parent":"yCqwg65W2",
"text":"",
"mid":"yCqA2FeQe",
"date":"2012-09-18 12:28:58"
},
{
"kids":[],
"uid":"1764562362",
"parent":"",
"text":"@南门卢聪",
"mid":"yCqzhq6Nx",
"date":"2012-09-18 12:27:05"
},
{
"kids":[
"yEUS9mbXY",
"yEUS9mbQ1",
"yEMFvzb3S",
"yEMFvzaVO",
"yEtKewBbH",
"yEhbPhP9E",
"yDZ0oh3VT",
"yDZ0ogjkB",
"yDM4B4zo3",
"yDM4B2SWh",
"yDxkT5Vvv",
"yDukBcrbd",
"yCYAwofCN",
"yCYAw7Z25",
"yCX1A6PUN",
"yCX1A5WQN",
"yCuVM4DDq",
"yCuVM3nD4"
],
"uid":"2428381091",
"parent":"",
"text":"长得就是个日本狗的样，[怒]",
"mid":"yCqyj9Kyv",
"date":"2012-09-18 12:24:40"
},
{
"kids":[],
"uid":"1948829167",
"parent":"",
"text":"抓到必须处以绞刑",
"mid":"yCqwxfqkW",
"date":"2012-09-18 12:20:19"
},
{
"kids":[
"yCrLQp5AU"
],
"uid":"2371612751",
"parent":"yCqhRo7ZU",
"text":"理智爱国，不让小日本忽悠",
"mid":"yCqwlp88x",
"date":"2012-09-18 12:19:51"
},
{
"kids":[
"yCqA2FeQe"
],
"uid":"2118479733",
"parent":"",
"text":"阴险的小日本",
"mid":"yCqwg65W2",
"date":"2012-09-18 12:19:38"
},
{
"kids":[
"yCqDkjssT"
],
"uid":"2780819697",
"parent":"",
"text":"",
"mid":"yCqv9xb3h",
"date":"2012-09-18 12:16:55"
},
{
"kids":[],
"uid":"2679279473",
"parent":"",
"text":"",
"mid":"yCqv33idk",
"date":"2012-09-18 12:16:39"
},
{
"kids":[
"yEiCFwrL7"
],
"uid":"2819084905",
"parent":"",
"text":"",
"mid":"yCquZbbZC",
"date":"2012-09-18 12:16:30"
},
{
"kids":[],
"uid":"2270772730",
"parent":"",
"text":"",
"mid":"yCqutA6Qs",
"date":"2012-09-18 12:15:15"
},
{
"kids":[],
"uid":"2168543730",
"parent":"",
"text":"[怒]",
"mid":"yCqu4s30H",
"date":"2012-09-18 12:14:15"
},
{
"kids":[
"yCqKTy8se"
],
"uid":"autunm",
"parent":"",
"text":"[怒][怒]日本鬼！！！贱人！！！[怒]",
"mid":"yCqtCpxhT",
"date":"2012-09-18 12:13:07"
},
{
"kids":[],
"uid":"1673801147",
"parent":"",
"text":"求扩散！大家要注意不要被暴力分子煽动，呼吁正能量！",
"mid":"yCqtrsxxX",
"date":"2012-09-18 12:12:41"
},
{
"kids":[
"yCqIYu993"
],
"uid":"applepie88",
"parent":"yCqozsNZF",
"text":"无耻，卑鄙",
"mid":"yCqt1ax4C",
"date":"2012-09-18 12:11:39"
},
{
"kids":[],
"uid":"314395557",
"parent":"yCqgicTGS",
"text":"原来是谣言[生病]",
"mid":"yCqsQeqtM",
"date":"2012-09-18 12:11:13"
},
{
"kids":[],
"uid":"1807992020",
"parent":"",
"text":"中山没有游行。。。",
"mid":"yCqqwkUK2",
"date":"2012-09-18 12:05:30"
},
{
"kids":[
"yCtwWbS8n"
],
"uid":"wxuedan",
"parent":"yCqozsNZF",
"text":"[怒]",
"mid":"yCqpx8jOy",
"date":"2012-09-18 12:03:04"
},
{
"kids":[],
"uid":"wuwangxuchi",
"parent":"yCqozsNZF",
"text":"",
"mid":"yCqpbxOGa",
"date":"2012-09-18 12:02:14"
},
{
"kids":[],
"uid":"bdaisy",
"parent":"",
"text":"",
"mid":"yCqoV4ecu",
"date":"2012-09-18 12:01:33"
},
{
"kids":[
"yCqt1ax4C",
"yCqpx8jOy",
"yCqpbxOGa"
],
"uid":"338283839",
"parent":"",
"text":"！！！理性爱国！！！",
"mid":"yCqozsNZF",
"date":"2012-09-18 12:00:41"
},
{
"kids":[],
"uid":"2512599587",
"parent":"",
"text":"这是什么情况",
"mid":"yCqo4a969",
"date":"2012-09-18 11:59:25"
},
{
"kids":[],
"uid":"2355150285",
"parent":"",
"text":"[围观]日本间谍!",
"mid":"yCqnGdP74",
"date":"2012-09-18 11:58:30"
},
{
"kids":[],
"uid":"niaorenk",
"parent":"",
"text":"这个是谣言，已经辟谣了…",
"mid":"yCqmK13sw",
"date":"2012-09-18 11:56:11"
},
{
"kids":[],
"uid":"1797679567",
"parent":"",
"text":"中国人干不出这种………",
"mid":"yCqmoqqGO",
"date":"2012-09-18 11:55:20"
},
{
"kids":[],
"uid":"2426136544",
"parent":"",
"text":"[鄙视][鄙视][鄙视]",
"mid":"yCqmcjt78",
"date":"2012-09-18 11:54:50"
},
{
"kids":[],
"uid":"1891215924",
"parent":"",
"text":"[怒]",
"mid":"yCqmawYMU",
"date":"2012-09-18 11:54:47"
},
{
"kids":[],
"uid":"311198999",
"parent":"",
"text":"你智商有问题吗？假新闻随便造吗？这是日本的杀人犯，不是你那上街砸车的野爹，也不是强奸了你祖母的野爷爷~",
"mid":"yCqlKxilh",
"date":"2012-09-18 11:53:45"
},
{
"kids":[],
"uid":"523489928",
"parent":"",
"text":"",
"mid":"yCqkNqeBA",
"date":"2012-09-18 11:51:24"
},
{
"kids":[],
"uid":"206781292",
"parent":"yCqjHsXUm",
"text":"",
"mid":"yCqkIoynK",
"date":"2012-09-18 11:51:12"
},
{
"kids":[],
"uid":"2570471054",
"parent":"",
"text":"",
"mid":"yCqkyFkUg",
"date":"2012-09-18 11:50:49"
},
{
"kids":[],
"uid":"1343935781",
"parent":"",
"text":"",
"mid":"yCqkohf3e",
"date":"2012-09-18 11:50:24"
},
{
"kids":[
"yCqkIoynK"
],
"uid":"2335822154",
"parent":"",
"text":"草他老目的",
"mid":"yCqjHsXUm",
"date":"2012-09-18 11:48:41"
},
{
"kids":[],
"uid":"2681673067",
"parent":"",
"text":"",
"mid":"yCqi6uu0p",
"date":"2012-09-18 11:44:44"
},
{
"kids":[],
"uid":"208275656",
"parent":"",
"text":"早就在猜了，果然还是真的[弱]",
"mid":"yCqhWrC04",
"date":"2012-09-18 11:44:22"
},
{
"kids":[
"yCrAYo4V5",
"yCqwlp88x"
],
"uid":"2808538905",
"parent":"",
"text":"大家不要被小日本牵着鼻子走，我们理性爱国",
"mid":"yCqhRo7ZU",
"date":"2012-09-18 11:44:10"
},
{
"kids":[
"yCqsQeqtM"
],
"uid":"1849882843",
"parent":"",
"text":"都说现在日本人最痛快咯~~",
"mid":"yCqgicTGS",
"date":"2012-09-18 11:40:19"
},
{
"kids":[],
"uid":"2053141785",
"parent":"",
"text":"",
"mid":"yCqg36LkW",
"date":"2012-09-18 11:39:43"
},
{
"kids":[],
"uid":"1549357981",
"parent":"",
"text":"枪毙！",
"mid":"yCqe6hLHd",
"date":"2012-09-18 11:34:52"
},
{
"kids":[],
"uid":"2110554540",
"parent":"",
"text":"",
"mid":"yCqbbaa6X",
"date":"2012-09-18 11:27:42"
},
{
"kids":[],
"uid":"meiziing",
"parent":"",
"text":"这俩小日本长得好像[思考]",
"mid":"yCq9WAPaG",
"date":"2012-09-18 11:24:40"
},
{
"kids":[],
"uid":"2546245755",
"parent":"",
"text":"狗日的",
"mid":"yCq9g3Dl6",
"date":"2012-09-18 11:22:57"
},
{
"kids":[],
"uid":"2531703174",
"parent":"",
"text":"國民看看、是狗賊在作祟@小妖喵喵Cherry @siley圣 @大爱Nichkhun的沈-小四",
"mid":"yCq83zZG9",
"date":"2012-09-18 11:20:01"
},
{
"kids":[
"yCqKEtIdb"
],
"uid":"2679020337",
"parent":"yCpYGDVKo",
"text":"007[抓狂][抓狂]",
"mid":"yCq7a429p",
"date":"2012-09-18 11:17:48"
},
{
"kids":[],
"uid":"2385899213",
"parent":"",
"text":"",
"mid":"yCq5X17Rz",
"date":"2012-09-18 11:14:48"
},
{
"kids":[],
"uid":"2015274245",
"parent":"",
"text":"[黑线]",
"mid":"yCq5Qtokk",
"date":"2012-09-18 11:14:34"
},
{
"kids":[],
"uid":"1851514441",
"parent":"",
"text":"[生病]还好那天我们俩没正式参加游行@lydia鱼鱼鱼",
"mid":"yCq5AvPrz",
"date":"2012-09-18 11:13:56"
},
{
"kids":[],
"uid":"jcj9226",
"parent":"yCpRfFU92",
"text":"[弱][怒]操操操。。。。。",
"mid":"yCq57y3oA",
"date":"2012-09-18 11:12:47"
},
{
"kids":[],
"uid":"2363035157",
"parent":"",
"text":"",
"mid":"yCq3AFH7q",
"date":"2012-09-18 11:08:59"
},
{
"kids":[],
"uid":"2624832852",
"parent":"",
"text":"",
"mid":"yCq3puE3u",
"date":"2012-09-18 11:08:34"
},
{
"kids":[],
"uid":"2479415285",
"parent":"yCpYGDVKo",
"text":"",
"mid":"yCq0phjlS",
"date":"2012-09-18 11:01:10"
},
{
"kids":[
"yCr1nFt6u"
],
"uid":"birddian",
"parent":"",
"text":"尼玛小日本你们还能再猥琐点吗[怒]",
"mid":"yCq0cCUg7",
"date":"2012-09-18 11:00:38"
},
{
"kids":[],
"uid":"2093621267",
"parent":"",
"text":"真的？？？？？？",
"mid":"yCq0afZC7",
"date":"2012-09-18 11:00:33"
},
{
"kids":[],
"uid":"2166067080",
"parent":"",
"text":"需要理性",
"mid":"yCpYWAoj8",
"date":"2012-09-18 10:57:34"
},
{
"kids":[
"yCqIR4jCU"
],
"uid":"kuets",
"parent":"",
"text":"图片粗糙，怀疑真实性！",
"mid":"yCpYJBkOi",
"date":"2012-09-18 10:57:03"
},
{
"kids":[
"yCq7a429p",
"yCq0phjlS"
],
"uid":"52925628",
"parent":"",
"text":"尼玛间谍。。。",
"mid":"yCpYGDVKo",
"date":"2012-09-18 10:56:56"
},
{
"kids":[],
"uid":"orientalchow",
"parent":"",
"text":"",
"mid":"yCpY8lJDt",
"date":"2012-09-18 10:55:34"
},
{
"kids":[],
"uid":"2534776120",
"parent":"",
"text":"到底是变态的民族，我们单纯的中国公民怎么玩的过他们呢～～",
"mid":"yCpY7rMcx",
"date":"2012-09-18 10:55:30"
},
{
"kids":[],
"uid":"z2d9",
"parent":"",
"text":"拉来让口水淹死他们",
"mid":"yCpTpf0aR",
"date":"2012-09-18 10:43:55"
},
{
"kids":[
"yCq57y3oA"
],
"uid":"1076227850",
"parent":"yCpPenLRa",
"text":"拉出去毙了，TMD[怒]",
"mid":"yCpRfFU92",
"date":"2012-09-18 10:38:37"
},
{
"kids":[
"yCpRfFU92"
],
"uid":"zhaoyansheng1230",
"parent":"",
"text":"操他妈的日本鬼子。。",
"mid":"yCpPenLRa",
"date":"2012-09-18 10:33:37"
},
{
"kids":[],
"uid":"5impleme",
"parent":"",
"text":"[鄙視]",
"mid":"yCpP43itJ",
"date":"2012-09-18 10:33:12"
},
{
"kids":[],
"uid":"336216888",
"parent":"",
"text":"别忘了还有间谍。日本间谍不是吃素的。",
"mid":"yCpwF9KCm",
"date":"2012-09-18 09:47:52"
}
]